PDB,atom_number,Chain ID,Residue ID,Residue Name,atom_name,Radius_7A_N_Count,Radius_7A_CA_C_Count,Radius_7A_O_Count,Radius_7A_S_Count,Radius_8A_N_Count,Radius_8A_CA_C_Count,Radius_8A_O_Count,Radius_8A_S_Count,Radius_9A_N_Count,Radius_9A_CA_C_Count,Radius_9A_O_Count,Radius_9A_S_Count,Radius_10A_N_Count,Radius_10A_CA_C_Count,Radius_10A_O_Count,Radius_10A_S_Count,Radius_11A_N_Count,Radius_11A_CA_C_Count,Radius_11A_O_Count,Radius_11A_S_Count
3ERQ,1,A,1,LEU,N,5,11,4,0,8,20,5,0,12,37,8,0,15,46,11,0,18,61,15,0
3ERQ,2,A,1,LEU,CA,8,17,5,0,9,34,7,0,14,42,11,0,19,56,13,0,20,72,17,0
3ERQ,3,A,1,LEU,C,5,16,4,0,11,24,7,0,14,39,10,0,16,52,13,0,20,74,16,0
3ERQ,4,A,1,LEU,O,4,14,4,0,7,18,5,0,10,28,8,0,14,43,10,0,17,59,16,0
3ERQ,5,A,1,LEU,H,3,11,5,0,8,24,6,0,12,37,9,0,15,48,9,0,20,61,17,0
3ERQ,6,A,1,LEU,H,5,12,4,0,7,24,5,0,12,40,8,0,15,50,11,0,17,62,15,1
3ERQ,7,A,1,LEU,H,3,9,2,0,5,14,5,0,11,29,5,0,14,40,10,0,16,50,12,0
3ERQ,8,A,1,LEU,H,7,15,5,0,10,27,6,0,12,39,10,0,19,50,12,0,20,66,18,0
3ERQ,9,A,1,LEU,C,8,26,8,0,12,41,9,0,17,56,13,0,21,70,17,0,26,92,23,1
3ERQ,10,A,1,LEU,C,9,30,8,0,12,40,9,0,17,54,15,0,23,75,20,0,26,94,23,1
3ERQ,11,A,1,LEU,C,9,34,8,0,13,48,11,0,19,71,17,1,27,89,22,1,31,118,28,1
3ERQ,12,A,1,LEU,C,7,24,8,0,12,34,11,0,19,52,13,0,21,68,20,0,28,91,24,0
3ERQ,13,A,1,LEU,H,10,28,7,0,14,46,11,0,20,64,12,0,23,79,21,0,26,100,24,1
3ERQ,14,A,1,LEU,H,8,30,6,0,13,44,10,0,17,59,13,0,21,74,14,1,26,98,26,1
3ERQ,15,A,1,LEU,H,8,23,7,0,9,36,9,0,15,49,12,0,20,66,18,0,24,87,23,1
3ERQ,16,A,1,LEU,H,9,38,9,0,15,50,13,0,18,64,19,1,25,87,23,1,34,115,27,1
3ERQ,17,A,1,LEU,H,10,34,8,0,16,59,12,0,23,80,20,1,29,100,26,1,34,123,31,1
3ERQ,18,A,1,LEU,H,10,33,8,0,12,48,10,1,17,69,18,1,24,91,22,1,33,119,28,1
3ERQ,19,A,1,LEU,H,9,22,9,0,12,39,12,0,16,52,16,0,24,67,19,0,27,89,25,0
3ERQ,20,A,1,LEU,H,5,17,6,0,10,31,10,0,16,40,13,0,20,58,16,0,23,77,22,0
3ERQ,21,A,1,LEU,H,7,24,9,0,14,39,12,0,20,56,15,0,25,82,20,0,27,98,25,0
3ERQ,22,A,2,HIS,N,5,20,7,0,9,26,8,0,12,45,13,0,16,63,15,0,18,80,17,0
3ERQ,23,A,2,HIS,CA,5,21,7,0,7,27,8,0,12,37,12,0,15,57,16,0,20,76,17,0
3ERQ,24,A,2,HIS,C,5,25,9,0,10,38,12,0,12,49,14,0,18,67,16,0,23,90,20,0
3ERQ,25,A,2,HIS,O,8,31,10,0,11,41,11,0,14,61,15,0,19,77,18,0,24,101,22,0
3ERQ,26,A,2,HIS,HN,7,23,8,0,10,35,10,0,15,53,13,0,17,73,15,0,23,87,21,0
3ERQ,27,A,2,HIS,H,4,17,6,0,6,25,7,0,9,35,12,0,14,54,14,0,20,67,16,0
3ERQ,28,A,2,HIS,C,3,15,4,0,5,21,7,0,8,27,10,0,14,39,12,0,17,60,15,0
3ERQ,29,A,2,HIS,C,4,11,5,0,6,22,7,0,9,30,10,0,14,41,11,0,16,62,15,0
3ERQ,30,A,2,HIS,N,3,7,4,0,5,14,5,0,7,25,7,0,12,36,11,0,14,46,11,0
3ERQ,31,A,2,HIS,C,5,14,6,0,10,27,8,0,12,37,9,0,12,51,12,0,15,68,16,0
3ERQ,32,A,2,HIS,C,3,7,4,0,6,10,5,0,8,23,6,0,11,38,9,0,13,52,11,0
3ERQ,33,A,2,HIS,N,4,9,4,0,7,20,6,0,10,32,8,0,12,49,10,0,14,60,12,0
3ERQ,34,A,2,HIS,H,3,10,3,0,3,19,5,0,7,22,8,0,11,31,10,0,15,47,14,0
3ERQ,35,A,2,HIS,H,3,13,4,0,3,19,6,0,8,24,10,0,10,39,12,0,16,54,14,0
3ERQ,36,A,2,HIS,HN,2,4,3,0,4,9,4,0,6,16,6,0,8,29,7,0,13,40,11,0
3ERQ,37,A,2,HIS,H,7,21,7,0,11,32,9,0,12,46,11,0,13,62,16,0,19,75,18,0
3ERQ,38,A,2,HIS,H,2,4,3,0,5,7,4,0,8,14,5,0,8,28,7,0,13,43,10,0
3ERQ,39,A,2,HIS,HN,6,10,3,0,7,22,6,0,10,36,7,0,12,48,11,0,13,63,12,0
3ERQ,40,A,3,LYS,N,9,25,10,0,9,37,14,0,14,50,14,0,19,69,16,0,23,89,20,0
3ERQ,41,A,3,LYS,CA,8,30,12,0,10,43,15,0,17,59,17,0,19,79,18,0,24,100,22,0
3ERQ,42,A,3,LYS,C,8,30,8,0,11,38,15,0,14,54,16,0,19,75,18,0,24,96,20,0
3ERQ,43,A,3,LYS,O,7,25,7,0,10,32,10,0,12,42,14,0,16,58,16,0,18,82,19,0
3ERQ,44,A,3,LYS,HN,6,21,8,0,9,31,10,0,11,43,14,0,16,59,16,0,21,74,18,0
3ERQ,45,A,3,LYS,H,9,35,13,0,11,53,16,0,19,71,18,0,20,92,20,0,26,115,26,1
3ERQ,46,A,3,LYS,C,7,30,9,0,11,41,13,0,16,57,18,0,21,80,21,0,26,101,24,1
3ERQ,47,A,3,LYS,C,6,26,10,0,10,42,13,0,18,61,18,0,23,87,21,1,27,101,26,1
3ERQ,48,A,3,LYS,C,5,24,8,0,10,35,12,0,16,56,16,0,22,70,20,1,24,96,22,1
3ERQ,49,A,3,LYS,C,3,20,7,0,12,38,12,0,16,51,15,1,19,70,21,1,23,95,23,1
3ERQ,50,A,3,LYS,N,3,16,5,0,7,26,8,0,14,42,14,1,17,59,19,1,19,79,23,1
3ERQ,51,A,3,LYS,H,8,30,9,0,11,48,14,0,16,60,20,0,21,86,22,0,27,106,25,1
3ERQ,52,A,3,LYS,H,6,25,7,0,9,35,10,0,13,47,16,0,18,62,20,0,24,90,23,0
3ERQ,53,A,3,LYS,H,7,28,11,0,11,44,12,0,17,63,17,0,21,80,19,1,27,105,24,1
3ERQ,54,A,3,LYS,H,8,31,11,0,14,50,15,0,18,74,18,1,25,94,25,1,30,116,27,1
3ERQ,55,A,3,LYS,H,6,22,8,0,10,34,14,0,15,56,19,0,19,77,19,1,25,93,26,1
3ERQ,56,A,3,LYS,H,3,17,6,0,6,29,9,0,13,38,12,0,20,61,19,0,22,78,21,1
3ERQ,57,A,3,LYS,H,4,22,7,0,7,39,10,0,16,53,15,1,19,67,16,1,24,90,24,1
3ERQ,58,A,3,LYS,H,6,32,9,0,13,43,14,1,19,59,17,1,19,86,23,1,28,107,24,1
3ERQ,59,A,3,LYS,HN,1,14,5,0,6,27,6,0,10,39,11,1,15,55,17,1,20,74,22,1
3ERQ,60,A,3,LYS,HN,3,18,6,0,7,27,8,0,14,46,15,1,17,61,19,1,23,82,24,1
3ERQ,61,A,3,LYS,HN,1,13,5,0,4,20,6,0,11,35,9,0,15,54,16,1,18,67,21,1
3ERQ,62,A,4,GLU,N,9,33,8,0,11,47,10,0,16,66,15,0,22,88,16,0,27,108,21,0
3ERQ,63,A,4,GLU,CA,6,32,5,0,12,44,8,0,15,61,11,0,20,79,18,0,25,103,19,0
3ERQ,64,A,4,GLU,C,6,30,7,0,10,45,10,0,17,64,13,0,19,93,17,0,28,113,22,0
3ERQ,65,A,4,GLU,O,6,32,9,0,11,47,12,0,18,82,14,0,25,106,20,0,32,119,24,1
3ERQ,66,A,4,GLU,HN,9,36,9,0,11,52,13,0,18,77,16,0,24,100,20,0,30,117,23,0
3ERQ,67,A,4,GLU,H,6,25,4,0,10,39,7,0,15,50,9,0,17,65,15,0,22,87,19,0
3ERQ,68,A,4,GLU,C,9,35,4,0,13,51,6,0,15,62,12,0,18,77,16,0,25,99,20,1
3ERQ,69,A,4,GLU,C,11,31,4,0,13,46,6,0,14,62,8,0,16,70,16,0,20,89,19,1
3ERQ,70,A,4,GLU,C,10,29,4,0,12,42,5,0,15,56,6,0,15,65,12,0,20,81,18,1
3ERQ,71,A,4,GLU,O,7,22,4,0,11,39,4,0,14,50,6,0,16,61,8,1,18,71,16,1
3ERQ,72,A,4,GLU,O,10,29,4,0,11,38,6,0,14,53,8,0,16,69,12,0,21,83,16,1
3ERQ,73,A,4,GLU,H,8,30,4,0,12,44,4,0,16,57,9,0,18,65,14,0,21,89,17,1
3ERQ,74,A,4,GLU,H,9,39,4,0,13,56,8,0,16,66,12,0,22,88,17,1,28,115,25,1
3ERQ,75,A,4,GLU,H,12,32,6,0,12,49,7,0,14,62,11,0,18,84,16,0,25,99,20,1
3ERQ,76,A,4,GLU,H,10,23,4,0,12,36,4,0,13,53,7,0,16,64,14,0,18,80,17,0
3ERQ,77,A,5,PRO,N,5,24,6,0,9,40,11,0,13,56,13,0,18,77,17,0,24,103,19,0
3ERQ,78,A,5,PRO,CA,7,26,7,0,10,42,9,0,12,59,16,0,18,78,18,0,24,101,22,1
3ERQ,79,A,5,PRO,C,8,33,6,0,10,49,10,0,12,68,14,0,20,82,20,1,26,108,25,2
3ERQ,80,A,5,PRO,O,8,35,7,0,9,49,11,0,14,63,14,1,19,83,18,2,25,110,24,2
3ERQ,81,A,5,PRO,H,6,28,8,0,10,41,12,0,14,56,15,0,18,83,18,0,26,109,23,0
3ERQ,82,A,5,PRO,C,5,13,5,0,8,36,7,0,11,48,11,0,16,61,17,0,18,78,18,1
3ERQ,83,A,5,PRO,C,3,11,5,0,6,27,7,0,12,44,9,0,14,59,14,0,18,73,18,1
3ERQ,84,A,5,PRO,C,3,16,5,0,7,35,7,0,12,47,11,0,16,62,14,0,20,81,18,0
3ERQ,85,A,5,PRO,H,5,14,4,0,7,27,7,0,9,41,11,0,13,54,16,0,19,73,18,0
3ERQ,86,A,5,PRO,H,4,10,4,0,8,32,5,0,11,50,12,0,14,59,16,1,17,73,20,1
3ERQ,87,A,5,PRO,H,2,5,2,0,3,14,5,0,9,33,8,0,13,49,11,0,14,62,16,1
3ERQ,88,A,5,PRO,H,4,19,5,0,8,28,8,0,9,43,10,0,16,57,15,1,18,75,19,1
3ERQ,89,A,5,PRO,H,4,10,5,0,7,27,9,0,11,43,11,0,15,59,12,0,19,70,16,0
3ERQ,90,A,5,PRO,H,5,16,5,0,7,35,7,0,13,47,10,0,17,61,13,0,20,78,16,0
3ERQ,91,A,6,ALA,N,10,36,7,0,10,53,10,0,15,72,15,1,20,91,21,1,26,121,30,2
3ERQ,92,A,6,ALA,CA,9,41,7,0,13,54,10,1,16,71,15,1,20,104,22,2,28,129,28,2
3ERQ,93,A,6,ALA,C,8,36,7,0,12,47,11,1,15,67,16,1,20,100,19,1,29,128,29,2
3ERQ,94,A,6,ALA,O,8,36,8,0,12,47,11,0,16,71,15,1,22,96,22,1,30,129,31,1
3ERQ,95,A,6,ALA,HN,8,35,8,0,11,49,11,0,15,69,14,0,21,92,21,1,26,122,29,1
3ERQ,96,A,6,ALA,H,9,37,8,1,12,53,9,1,17,72,16,1,18,92,20,2,25,116,25,2
3ERQ,97,A,6,ALA,C,11,46,9,0,14,61,13,0,18,86,18,2,23,117,21,2,33,148,36,2
3ERQ,98,A,6,ALA,H,10,45,11,0,14,68,14,2,21,93,15,2,24,119,23,2,33,148,34,2
3ERQ,99,A,6,ALA,H,10,48,9,0,14,62,15,0,16,91,17,0,25,127,24,2,36,157,37,2
3ERQ,100,A,6,ALA,H,9,49,9,0,14,65,12,1,18,86,19,2,26,115,24,2,33,145,33,2
3ERQ,101,A,7,THR,N,8,29,6,1,13,46,10,1,15,65,15,1,19,92,22,1,27,116,25,2
3ERQ,102,A,7,THR,CA,7,28,6,1,8,40,8,1,15,56,16,1,21,84,20,1,26,113,25,1
3ERQ,103,A,7,THR,C,8,31,6,1,10,43,9,1,14,66,17,1,21,95,21,1,30,121,25,1
3ERQ,104,A,7,THR,O,8,34,7,1,11,50,12,1,18,75,15,1,23,101,22,1,29,127,26,2
3ERQ,105,A,7,THR,HN,7,31,8,1,12,48,10,1,17,66,14,1,19,91,21,2,22,118,24,2
3ERQ,106,A,7,THR,H,6,26,6,0,9,40,11,1,14,57,15,1,19,79,21,1,28,113,25,1
3ERQ,107,A,7,THR,C,5,22,3,1,7,34,7,1,12,44,12,1,16,67,16,1,22,92,23,1
3ERQ,108,A,7,THR,OH,5,20,4,1,8,35,8,1,12,46,11,1,16,63,16,1,19,88,21,1
3ERQ,109,A,7,THR,C,3,12,5,1,6,24,6,1,11,39,8,1,13,58,16,1,18,72,19,1
3ERQ,110,A,7,THR,H,4,19,3,1,7,30,9,1,9,40,11,1,15,60,15,1,23,85,22,1
3ERQ,111,A,7,THR,HO,4,18,4,1,6,24,7,1,11,39,11,1,13,55,13,1,18,75,19,1
3ERQ,112,A,7,THR,H,3,9,3,1,6,16,6,1,7,33,7,1,13,49,13,1,16,62,17,1
3ERQ,113,A,7,THR,H,4,14,5,1,9,28,5,1,11,43,10,1,15,59,15,1,19,79,20,1
3ERQ,114,A,7,THR,H,4,15,5,0,7,23,7,1,9,37,8,1,13,56,12,1,18,74,20,1
3ERQ,115,A,8,LEU,N,7,28,7,0,11,42,10,1,15,63,17,1,20,82,21,1,32,112,27,1
3ERQ,116,A,8,LEU,CA,8,33,8,0,10,46,10,0,14,64,14,1,21,83,25,1,30,117,28,1
3ERQ,117,A,8,LEU,C,7,27,7,0,8,42,9,1,13,58,12,1,19,74,18,1,27,98,27,1
3ERQ,118,A,8,LEU,O,5,21,4,0,6,33,8,1,9,46,11,1,16,64,17,1,25,83,20,1
3ERQ,119,A,8,LEU,HN,5,27,8,0,9,42,11,0,17,53,15,1,19,81,22,1,25,104,28,1
3ERQ,120,A,8,LEU,H,8,40,9,0,12,51,10,0,18,70,12,1,24,98,26,1,31,132,31,1
3ERQ,121,A,8,LEU,C,7,32,8,0,13,49,11,0,16,66,19,0,22,81,24,1,30,115,29,1
3ERQ,122,A,8,LEU,C,7,39,8,0,12,49,14,0,17,64,17,0,20,85,23,0,30,111,31,1
3ERQ,123,A,8,LEU,C,9,41,9,0,13,55,14,0,17,73,19,0,23,104,27,0,34,132,33,0
3ERQ,124,A,8,LEU,C,6,24,11,0,12,52,14,0,17,63,17,0,22,85,25,0,27,103,32,0
3ERQ,125,A,8,LEU,H,5,27,8,0,11,41,9,0,15,60,17,0,18,73,24,1,25,93,27,1
3ERQ,126,A,8,LEU,H,8,34,8,0,14,50,13,0,17,70,21,0,26,93,27,0,29,124,31,1
3ERQ,127,A,8,LEU,H,6,32,6,0,12,46,11,0,14,60,15,0,20,80,20,0,29,100,27,1
3ERQ,128,A,8,LEU,H,10,37,11,0,11,56,13,0,19,72,21,0,24,103,25,0,32,134,34,0
3ERQ,129,A,8,LEU,H,8,37,8,0,15,53,15,0,19,85,22,0,28,113,28,0,37,140,37,1
3ERQ,130,A,8,LEU,H,10,40,7,0,12,54,14,0,14,81,17,0,28,106,25,0,35,136,32,1
3ERQ,131,A,8,LEU,H,7,26,10,0,12,43,14,0,17,66,17,0,23,81,24,0,26,101,28,0
3ERQ,132,A,8,LEU,H,7,22,9,0,7,38,13,0,16,61,17,0,21,75,19,0,24,94,30,0
3ERQ,133,A,8,LEU,H,7,29,13,0,10,50,15,0,17,71,18,0,26,89,28,0,30,108,33,1
3ERQ,134,A,9,ILE,N,7,28,7,0,9,45,10,0,16,63,13,1,20,81,17,1,23,100,25,1
3ERQ,135,A,9,ILE,CA,6,27,5,0,10,37,8,0,14,53,12,1,18,73,14,1,20,88,18,1
3ERQ,136,A,9,ILE,C,7,28,4,0,9,37,8,0,13,51,10,0,16,71,15,1,22,88,21,1
3ERQ,137,A,9,ILE,O,6,19,5,0,9,30,6,0,10,42,10,0,13,60,13,0,20,76,17,1
3ERQ,138,A,9,ILE,HN,8,32,8,0,12,52,10,0,17,69,14,1,21,90,17,1,24,111,26,1
3ERQ,139,A,9,ILE,H,5,24,5,0,9,32,5,1,11,42,9,1,15,63,13,1,19,77,17,1
3ERQ,140,A,9,ILE,C,8,27,6,0,11,42,9,1,15,54,10,1,18,69,12,1,20,88,19,1
3ERQ,141,A,9,ILE,C,10,32,8,1,10,40,10,1,13,54,12,1,17,67,13,1,21,86,18,2
3ERQ,142,A,9,ILE,C,5,21,5,0,10,34,6,0,12,46,11,1,16,59,11,1,18,72,16,1
3ERQ,143,A,9,ILE,C,9,27,8,1,12,41,10,1,13,53,12,1,17,70,15,2,22,82,17,2
3ERQ,144,A,9,ILE,H,8,31,7,0,12,50,10,0,17,62,11,1,18,77,15,1,21,95,19,2
3ERQ,145,A,9,ILE,H,9,32,8,1,10,46,11,1,14,57,13,1,19,74,14,1,22,94,20,2
3ERQ,146,A,9,ILE,H,6,26,6,1,10,33,8,1,12,44,11,1,15,59,13,1,20,75,14,1
3ERQ,147,A,9,ILE,H,7,21,4,0,9,33,8,0,11,44,10,1,17,56,11,1,18,69,15,1
3ERQ,148,A,9,ILE,H,4,18,4,0,8,28,5,0,10,39,7,1,14,48,11,1,16,64,13,1
3ERQ,149,A,9,ILE,H,7,19,4,0,9,33,7,0,12,45,8,0,15,57,13,1,18,69,15,1
3ERQ,150,A,9,ILE,H,9,29,9,1,13,37,10,1,14,55,13,1,18,66,15,2,19,83,17,2
3ERQ,151,A,9,ILE,H,6,24,7,1,11,30,10,1,12,43,12,1,15,62,13,1,20,72,16,2
3ERQ,152,A,9,ILE,H,9,30,8,1,12,48,12,1,15,63,13,2,18,76,15,2,22,89,21,2
3ERQ,153,A,10,LYS,N,6,32,6,0,9,40,10,0,13,57,11,0,18,81,18,0,22,97,23,1
3ERQ,154,A,10,LYS,CA,5,30,6,0,9,44,9,0,13,55,15,0,18,73,18,0,23,91,21,0
3ERQ,155,A,10,LYS,C,7,36,8,0,11,52,11,0,17,65,18,0,21,82,20,0,28,105,27,0
3ERQ,156,A,10,LYS,O,8,37,6,0,11,52,13,0,16,73,17,0,22,93,23,0,26,114,25,0
3ERQ,157,A,10,LYS,HN,9,36,8,0,12,44,9,0,16,65,13,0,19,87,22,0,23,108,24,1
3ERQ,158,A,10,LYS,H,4,26,5,0,8,45,9,0,13,56,13,0,17,64,18,0,23,83,20,0
3ERQ,159,A,10,LYS,C,6,25,5,0,8,35,8,0,10,44,11,0,15,63,14,0,19,77,20,0
3ERQ,160,A,10,LYS,C,5,17,4,0,7,33,6,0,9,41,8,0,12,49,12,0,14,66,19,0
3ERQ,161,A,10,LYS,C,2,12,2,0,6,21,5,0,7,31,5,0,9,41,9,0,11,53,13,0
3ERQ,162,A,10,LYS,C,3,3,2,0,3,11,4,0,5,22,5,0,7,30,6,0,9,43,11,0
3ERQ,163,A,10,LYS,N,2,1,3,0,2,8,3,0,4,17,5,0,6,28,7,0,7,37,8,0
3ERQ,164,A,10,LYS,H,6,26,4,0,8,34,8,0,9,49,11,0,16,61,17,0,19,81,21,0
3ERQ,165,A,10,LYS,H,6,22,4,0,6,29,5,0,10,39,10,0,13,53,12,0,18,73,16,0
3ERQ,166,A,10,LYS,H,4,14,4,0,5,28,6,0,8,40,8,0,12,48,11,0,15,58,17,0
3ERQ,167,A,10,LYS,H,4,18,5,0,6,34,7,0,10,44,12,0,13,60,14,0,18,73,20,0
3ERQ,168,A,10,LYS,H,2,13,3,0,6,20,5,0,7,31,6,0,9,45,10,0,10,56,15,0
3ERQ,169,A,10,LYS,H,3,12,2,0,5,18,4,0,6,27,6,0,8,36,8,0,10,50,12,0
3ERQ,170,A,10,LYS,H,3,5,4,0,3,12,4,0,4,21,5,0,7,29,7,0,9,48,11,0
3ERQ,171,A,10,LYS,H,1,1,2,0,3,7,3,0,4,18,4,0,7,23,5,0,7,34,8,0
3ERQ,172,A,10,LYS,HN,1,0,1,0,2,3,3,0,3,10,4,0,5,20,5,0,7,29,7,0
3ERQ,173,A,10,LYS,HN,1,2,2,0,2,7,3,0,5,18,5,0,6,29,7,0,8,35,7,0
3ERQ,174,A,10,LYS,HN,2,4,3,0,3,10,4,0,4,17,5,0,5,28,7,0,8,40,8,0
3ERQ,175,A,11,ALA,N,9,41,9,0,11,55,14,0,17,65,16,0,25,86,23,0,28,105,28,0
3ERQ,176,A,11,ALA,CA,7,41,11,0,16,61,13,0,20,75,19,0,25,97,26,0,29,118,30,0
3ERQ,177,A,11,ALA,C,8,36,8,0,10,51,13,0,20,68,17,0,23,84,22,0,27,111,28,0
3ERQ,178,A,11,ALA,O,8,28,6,0,9,45,12,0,17,58,15,0,20,76,19,0,24,95,25,0
3ERQ,179,A,11,ALA,HN,9,36,8,0,11,51,14,0,14,62,14,0,22,79,19,0,27,96,28,0
3ERQ,180,A,11,ALA,H,8,43,11,0,17,64,14,0,22,82,20,0,26,109,27,0,30,127,30,0
3ERQ,181,A,11,ALA,C,11,41,9,0,16,58,16,0,22,74,20,0,24,92,27,0,26,119,30,1
3ERQ,182,A,11,ALA,H,12,45,9,0,18,58,17,0,21,76,21,0,24,97,28,0,27,131,30,1
3ERQ,183,A,11,ALA,H,8,39,9,0,15,52,13,0,20,70,19,0,24,82,25,0,25,107,30,0
3ERQ,184,A,11,ALA,H,12,41,12,0,16,57,17,0,22,75,23,0,25,102,26,0,27,123,30,1
3ERQ,185,A,12,ILE,N,8,29,9,0,10,49,14,0,18,62,17,0,24,85,20,0,30,113,31,0
3ERQ,186,A,12,ILE,CA,6,24,6,0,10,41,10,0,14,52,16,0,22,76,20,0,27,105,26,0
3ERQ,187,A,12,ILE,C,6,21,7,0,11,38,8,0,14,52,16,0,18,79,23,0,30,106,30,0
3ERQ,188,A,12,ILE,O,4,18,7,0,11,36,7,0,13,51,13,0,18,69,25,0,23,94,29,0
3ERQ,189,A,12,ILE,HN,9,32,10,0,12,52,13,0,19,70,19,0,24,95,22,0,31,127,32,0
3ERQ,190,A,12,ILE,H,6,20,6,0,9,33,9,0,11,46,12,0,17,65,17,0,24,87,25,0
3ERQ,191,A,12,ILE,C,6,25,8,0,9,36,10,0,13,50,13,0,22,75,19,0,27,103,26,0
3ERQ,192,A,12,ILE,C,6,29,9,0,11,37,10,0,16,51,13,0,20,76,17,0,24,97,23,0
3ERQ,193,A,12,ILE,C,6,15,6,0,7,27,9,0,10,41,12,0,19,60,17,0,26,87,22,0
3ERQ,194,A,12,ILE,C,8,29,10,0,11,39,12,0,17,57,14,0,23,78,18,0,26,101,27,0
3ERQ,195,A,12,ILE,H,7,27,9,0,10,44,12,0,17,54,17,0,22,86,21,0,30,112,29,0
3ERQ,196,A,12,ILE,H,8,31,9,0,12,44,11,0,16,60,14,0,20,81,20,0,24,105,23,0
3ERQ,197,A,12,ILE,H,5,28,7,0,11,34,9,0,13,42,12,0,19,60,15,0,21,89,20,0
3ERQ,198,A,12,ILE,H,4,14,7,0,8,26,11,0,12,44,12,0,18,62,18,0,25,78,20,0
3ERQ,199,A,12,ILE,H,4,15,6,0,6,25,6,0,8,35,9,0,15,51,13,0,21,77,21,0
3ERQ,200,A,12,ILE,H,5,13,5,0,7,24,10,0,9,48,14,0,17,65,18,0,28,89,27,0
3ERQ,201,A,12,ILE,H,10,26,8,0,12,40,10,0,16,60,14,0,22,76,18,0,26,93,25,1
3ERQ,202,A,12,ILE,H,6,24,8,0,12,35,12,0,15,46,13,0,22,68,18,0,24,92,26,0
3ERQ,203,A,12,ILE,H,9,34,12,0,14,46,12,0,19,68,15,0,23,87,20,0,28,110,29,0
3ERQ,204,A,13,ASP,N,8,26,7,0,11,43,13,0,13,63,17,0,26,95,24,0,36,123,30,0
3ERQ,205,A,13,ASP,CA,8,30,8,0,11,48,14,0,18,72,21,0,25,97,26,0,33,121,31,0
3ERQ,206,A,13,ASP,C,9,35,11,0,13,57,15,0,20,77,25,0,28,111,28,0,36,146,34,0
3ERQ,207,A,13,ASP,O,11,40,9,0,14,56,18,0,19,78,22,0,30,112,29,0,37,158,37,1
3ERQ,208,A,13,ASP,HN,9,30,9,0,11,43,13,0,17,66,17,0,27,99,23,0,35,133,32,0
3ERQ,209,A,13,ASP,H,8,32,8,0,15,53,12,0,18,73,19,0,23,90,27,0,30,113,32,0
3ERQ,210,A,13,ASP,C,6,28,11,0,10,47,16,0,18,62,19,0,26,87,26,0,31,120,31,0
3ERQ,211,A,13,ASP,C,7,25,9,0,10,42,16,0,18,61,18,0,28,87,22,0,33,119,33,0
3ERQ,212,A,13,ASP,O,7,27,10,0,14,50,16,0,22,72,19,0,27,95,26,0,33,124,35,0
3ERQ,213,A,13,ASP,O,6,24,8,0,10,33,13,0,16,57,16,0,24,74,22,0,30,108,31,0
3ERQ,214,A,13,ASP,H,6,26,7,0,9,41,14,0,15,57,18,0,25,78,21,0,28,110,29,0
3ERQ,215,A,13,ASP,H,7,35,13,0,15,49,17,0,19,67,21,0,25,95,29,0,30,121,36,0
3ERQ,216,A,14,GLY,N,11,37,15,0,16,65,22,0,22,93,27,0,28,119,33,0,39,144,39,0
3ERQ,217,A,14,GLY,CA,11,37,14,0,16,66,20,0,24,97,28,0,31,132,35,0,44,160,47,1
3ERQ,218,A,14,GLY,C,8,39,12,0,18,61,21,0,24,101,29,0,37,130,38,0,45,161,45,1
3ERQ,219,A,14,GLY,O,9,45,11,0,20,72,20,0,27,102,29,1,40,137,43,1,46,167,48,1
3ERQ,220,A,14,GLY,HN,13,41,16,0,18,60,21,0,20,87,26,0,27,112,31,0,35,141,42,0
3ERQ,221,A,14,GLY,H,10,42,17,0,15,67,21,0,22,99,25,0,32,132,34,1,42,162,44,1
3ERQ,222,A,14,GLY,H,11,38,16,0,17,72,22,0,26,100,28,0,31,127,40,0,39,157,44,1
3ERQ,223,A,15,ASP,N,10,37,11,0,16,59,19,0,25,84,24,0,37,118,35,0,45,152,42,0
3ERQ,224,A,15,ASP,CA,11,40,11,0,17,57,16,0,26,87,27,0,35,118,33,0,42,157,43,0
3ERQ,225,A,15,ASP,C,10,35,8,0,18,54,14,0,23,84,23,0,33,116,32,0,42,149,39,0
3ERQ,226,A,15,ASP,O,12,34,11,0,20,58,16,0,27,85,20,0,32,120,31,0,39,151,42,0
3ERQ,227,A,15,ASP,HN,12,36,13,0,16,59,19,0,21,82,24,0,35,110,30,0,40,149,41,0
3ERQ,228,A,15,ASP,H,12,44,9,0,17,59,17,0,27,90,26,0,39,121,36,0,47,176,45,2
3ERQ,229,A,15,ASP,C,9,39,14,0,16,56,19,0,24,81,25,0,33,114,33,0,45,154,39,0
3ERQ,230,A,15,ASP,C,11,37,14,0,16,50,17,0,23,75,20,0,27,104,30,0,36,131,38,0
3ERQ,231,A,15,ASP,O,11,33,14,0,17,47,16,0,19,67,19,0,25,94,28,0,33,127,36,0
3ERQ,232,A,15,ASP,O,10,32,13,0,14,54,17,0,21,71,22,0,29,100,30,0,38,132,39,0
3ERQ,233,A,15,ASP,H,10,40,11,0,17,62,22,0,25,84,27,0,34,120,33,0,45,156,42,0
3ERQ,234,A,15,ASP,H,12,38,11,0,17,56,19,0,22,79,27,0,35,119,30,0,44,159,39,0
3ERQ,235,A,16,THR,N,12,39,11,0,16,48,14,0,22,76,25,0,32,109,33,0,41,143,38,0
3ERQ,236,A,16,THR,CA,14,43,12,0,15,55,16,0,21,71,19,0,30,104,30,0,37,139,36,0
3ERQ,237,A,16,THR,C,11,45,11,0,15,58,16,0,19,82,20,0,26,103,23,0,36,142,36,0
3ERQ,238,A,16,THR,O,10,34,11,0,13,57,15,0,20,78,19,0,25,102,23,0,38,139,36,0
3ERQ,239,A,16,THR,HN,9,37,10,0,15,52,20,0,22,72,24,0,28,104,29,0,36,141,39,0
3ERQ,240,A,16,THR,H,14,47,13,0,19,59,16,0,24,77,22,0,27,110,30,0,37,143,39,0
3ERQ,241,A,16,THR,C,12,39,11,0,17,47,16,0,20,61,21,0,25,82,28,0,33,126,33,0
3ERQ,242,A,16,THR,OH,11,29,9,0,13,45,14,0,18,57,17,0,24,75,25,0,30,114,34,0
3ERQ,243,A,16,THR,C,13,34,11,0,15,44,17,0,20,58,22,0,23,88,28,0,35,118,33,0
3ERQ,244,A,16,THR,H,12,38,9,0,17,52,15,0,21,64,21,0,25,88,25,0,30,116,31,0
3ERQ,245,A,16,THR,HO,9,27,10,0,13,42,14,0,19,60,20,0,24,84,27,0,32,116,31,0
3ERQ,246,A,16,THR,H,11,30,7,0,15,40,14,0,18,54,20,0,23,80,28,0,31,106,30,0
3ERQ,247,A,16,THR,H,12,30,10,0,15,43,18,0,18,63,21,0,25,86,27,0,32,123,37,0
3ERQ,248,A,16,THR,H,11,32,12,0,17,48,16,0,21,65,22,0,27,94,27,0,34,132,35,0
3ERQ,249,A,17,VAL,N,12,42,12,0,14,69,16,0,21,85,20,0,29,113,25,0,39,142,35,1
3ERQ,250,A,17,VAL,CA,11,45,10,0,15,70,14,0,19,94,20,0,28,117,25,0,38,148,35,1
3ERQ,251,A,17,VAL,C,11,45,8,0,15,68,14,0,19,93,19,0,24,121,25,1,35,146,35,1
3ERQ,252,A,17,VAL,O,12,42,9,0,15,70,11,0,19,97,17,1,28,128,29,1,41,155,38,1
3ERQ,253,A,17,VAL,HN,11,47,11,0,15,67,15,0,23,84,20,0,31,113,26,0,37,144,36,1
3ERQ,254,A,17,VAL,H,9,45,10,0,15,65,15,0,17,85,20,0,23,111,25,0,35,138,31,0
3ERQ,255,A,17,VAL,C,10,45,10,0,16,76,12,0,22,97,22,0,29,131,34,0,43,170,39,1
3ERQ,256,A,17,VAL,C,10,47,8,0,15,69,15,0,21,99,23,0,30,133,32,0,42,162,44,1
3ERQ,257,A,17,VAL,C,10,47,10,0,16,67,13,0,22,99,23,0,33,130,36,1,41,166,40,1
3ERQ,258,A,17,VAL,H,9,45,7,0,15,74,14,0,22,102,23,0,37,137,34,0,46,168,41,2
3ERQ,259,A,17,VAL,H,10,43,7,0,14,67,15,0,26,104,22,0,34,136,37,1,41,168,45,1
3ERQ,260,A,17,VAL,H,12,43,8,0,14,67,15,0,22,96,21,0,27,125,29,0,39,147,40,1
3ERQ,261,A,17,VAL,H,10,50,7,0,15,68,13,0,20,99,19,0,29,126,29,0,40,159,42,1
3ERQ,262,A,17,VAL,H,11,39,8,0,18,74,15,0,24,98,23,1,31,142,37,1,43,173,44,1
3ERQ,263,A,17,VAL,H,12,49,8,0,15,65,15,0,22,97,27,0,33,123,30,1,43,168,42,1
3ERQ,264,A,17,VAL,H,10,43,12,0,17,65,15,0,22,92,21,0,29,126,31,1,37,154,40,1
3ERQ,265,A,18,LYS,N,11,48,9,0,15,59,12,0,15,80,17,0,23,106,23,1,30,133,31,1
3ERQ,266,A,18,LYS,CA,11,48,9,0,13,59,12,0,18,74,15,1,19,101,20,1,25,121,27,2
3ERQ,267,A,18,LYS,C,12,48,8,0,15,61,13,0,16,81,15,1,20,100,18,2,26,124,28,2
3ERQ,268,A,18,LYS,O,12,38,7,0,14,61,11,0,15,80,16,0,20,96,19,1,26,117,27,2
3ERQ,269,A,18,LYS,HN,11,46,8,0,15,58,14,0,15,73,16,0,22,102,23,0,29,128,29,1
3ERQ,270,A,18,LYS,H,10,46,9,0,14,60,11,1,18,82,17,1,22,100,23,1,27,129,26,2
3ERQ,271,A,18,LYS,C,10,39,8,0,11,54,12,0,16,66,14,0,19,79,18,1,22,104,21,2
3ERQ,272,A,18,LYS,C,8,28,7,0,11,48,11,0,14,63,13,0,18,80,15,1,22,92,18,2
3ERQ,273,A,18,LYS,C,5,25,6,0,10,33,7,0,12,49,13,0,15,67,14,0,21,77,16,2
3ERQ,274,A,18,LYS,C,5,19,3,0,7,29,6,0,8,39,8,0,13,53,11,1,16,72,17,2
3ERQ,275,A,18,LYS,N,1,9,0,0,5,22,4,0,7,29,6,0,11,40,9,0,14,52,13,1
3ERQ,276,A,18,LYS,H,10,37,7,0,11,51,11,0,15,62,13,0,18,73,17,0,20,99,21,2
3ERQ,277,A,18,LYS,H,9,36,7,0,12,49,10,0,15,63,14,0,19,82,20,0,25,99,22,1
3ERQ,278,A,18,LYS,H,8,30,6,0,9,45,10,0,15,66,14,1,18,81,17,1,23,99,22,2
3ERQ,279,A,18,LYS,H,8,32,8,0,12,48,10,0,14,63,13,1,17,76,16,2,21,97,20,2
3ERQ,280,A,18,LYS,H,6,24,4,0,9,34,7,0,12,46,11,0,15,62,14,0,16,71,16,1
3ERQ,281,A,18,LYS,H,4,23,4,0,9,31,7,0,11,44,10,0,13,63,15,0,21,78,18,1
3ERQ,282,A,18,LYS,H,4,17,3,0,7,27,5,0,8,36,9,0,12,47,12,1,18,75,19,2
3ERQ,283,A,18,LYS,H,7,18,4,0,7,32,6,0,10,40,9,1,15,55,13,1,17,73,18,2
3ERQ,284,A,18,LYS,HN,1,10,0,0,5,16,3,0,7,28,6,0,8,37,8,0,13,49,12,1
3ERQ,285,A,18,LYS,HN,1,10,0,0,4,20,3,0,8,28,5,0,10,41,9,0,12,52,11,0
3ERQ,286,A,18,LYS,HN,1,7,0,0,3,15,2,0,5,25,5,0,8,34,8,0,12,44,11,0
3ERQ,287,A,19,LYS,N,12,50,11,0,14,67,13,1,19,84,15,2,21,106,18,2,28,132,25,2
3ERQ,288,A,19,LYS,CA,11,51,10,0,14,66,13,2,17,86,15,2,23,105,21,2,26,127,25,2
3ERQ,289,A,19,LYS,C,11,48,10,1,16,66,13,2,17,80,15,2,19,97,19,2,26,118,24,2
3ERQ,290,A,19,LYS,O,11,44,9,2,15,61,12,2,17,78,18,2,20,92,20,2,24,112,23,2
3ERQ,291,A,19,LYS,HN,11,49,10,1,14,65,13,1,18,85,16,2,22,111,18,2,28,131,26,2
3ERQ,292,A,19,LYS,H,9,45,10,0,14,58,11,1,16,80,15,1,21,100,21,2,26,118,24,2
3ERQ,293,A,19,LYS,C,11,52,9,0,13,72,15,1,19,95,18,2,25,117,23,2,34,146,30,2
3ERQ,294,A,19,LYS,C,11,53,8,0,15,71,14,0,19,96,20,1,28,121,29,2,37,158,36,2
3ERQ,295,A,19,LYS,C,11,46,8,0,17,71,15,0,20,97,23,1,31,136,31,1,40,169,36,2
3ERQ,296,A,19,LYS,C,10,47,8,0,14,67,15,0,26,101,27,0,34,141,31,1,45,182,43,2
3ERQ,297,A,19,LYS,N,5,42,8,0,16,70,18,0,29,105,22,0,36,142,32,1,41,188,45,1
3ERQ,298,A,19,LYS,H,8,45,9,0,15,69,13,1,20,90,18,2,23,115,23,2,31,138,28,2
3ERQ,299,A,19,LYS,H,10,52,9,1,15,70,14,1,20,97,19,2,28,121,25,2,34,149,33,2
3ERQ,300,A,19,LYS,H,11,48,8,0,13,74,12,0,19,99,18,1,28,126,29,1,37,159,38,2
3ERQ,301,A,19,LYS,H,9,48,8,0,14,70,14,0,19,91,18,0,24,114,29,2,36,155,37,2
3ERQ,302,A,19,LYS,H,10,48,10,0,15,66,14,0,20,94,20,0,29,122,28,2,41,165,38,2
3ERQ,303,A,19,LYS,H,9,51,9,0,17,69,17,1,24,104,23,1,31,138,31,1,40,173,36,2
3ERQ,304,A,19,LYS,H,7,47,8,0,17,69,17,0,23,94,22,0,34,139,35,0,46,183,45,2
3ERQ,305,A,19,LYS,H,9,47,9,0,16,68,16,0,22,100,26,0,36,140,32,0,46,190,45,3
3ERQ,306,A,19,LYS,HN,7,48,12,0,12,71,17,0,30,102,23,0,37,145,35,0,43,196,43,3
3ERQ,307,A,19,LYS,HN,7,43,10,0,18,69,18,0,26,105,24,1,35,145,34,1,43,190,45,1
3ERQ,308,A,19,LYS,HN,5,38,8,0,14,72,14,0,24,106,22,0,35,141,32,1,41,180,44,1
3ERQ,309,A,20,MET,N,10,44,9,0,15,61,13,1,17,76,15,1,20,93,19,1,25,114,21,1
3ERQ,310,A,20,MET,CA,11,41,11,0,12,52,12,1,15,70,15,1,19,84,19,1,22,102,19,1
3ERQ,311,A,20,MET,C,11,40,10,0,11,56,12,1,14,73,15,1,20,95,17,1,24,109,22,1
3ERQ,312,A,20,MET,O,11,35,6,0,12,57,13,0,16,76,15,1,20,93,17,1,24,111,23,1
3ERQ,313,A,20,MET,HN,9,40,8,0,14,57,12,0,16,77,15,1,23,96,19,1,23,114,23,1
3ERQ,314,A,20,MET,H,9,41,9,0,12,54,13,1,18,68,14,1,18,81,17,1,21,96,19,1
3ERQ,315,A,20,MET,C,10,33,7,0,11,44,12,0,12,57,14,0,17,72,16,1,20,90,18,1
3ERQ,316,A,20,MET,C,7,27,6,0,12,37,11,0,12,48,13,0,14,64,14,1,17,76,16,1
3ERQ,317,A,20,MET,S,6,17,5,0,7,28,7,0,12,35,11,0,12,47,13,0,14,60,14,0
3ERQ,318,A,20,MET,C,4,13,3,0,7,27,7,0,11,34,9,0,13,44,13,0,14,55,14,0
3ERQ,319,A,20,MET,H,10,26,7,0,11,39,11,0,12,58,13,0,17,73,16,1,21,88,18,1
3ERQ,320,A,20,MET,H,9,29,7,0,11,42,11,0,13,54,14,0,16,68,16,1,18,79,17,1
3ERQ,321,A,20,MET,H,8,22,8,0,10,36,9,0,12,49,13,1,14,60,13,1,16,71,15,1
3ERQ,322,A,20,MET,H,6,29,7,0,11,37,10,0,12,51,12,0,13,61,13,1,15,77,16,1
3ERQ,323,A,20,MET,H,2,10,2,0,4,17,5,0,8,27,9,0,12,35,11,0,13,46,13,0
3ERQ,324,A,20,MET,H,4,20,5,0,9,28,7,0,13,38,11,0,13,47,13,0,16,57,15,0
3ERQ,325,A,20,MET,H,4,16,3,0,7,23,8,0,11,34,9,0,12,44,12,0,15,53,14,1
3ERQ,326,A,21,TYR,N,9,41,10,2,10,52,11,2,15,68,15,2,19,86,18,2,25,102,21,2
3ERQ,327,A,21,TYR,CA,8,36,8,2,10,57,11,2,14,69,15,2,21,87,21,2,25,99,22,2
3ERQ,328,A,21,TYR,C,8,27,6,2,11,46,11,2,12,61,13,2,17,67,15,2,21,88,20,2
3ERQ,329,A,21,TYR,O,7,28,8,2,10,37,9,2,13,50,11,2,14,66,13,2,21,82,18,2
3ERQ,330,A,21,TYR,HN,8,37,9,2,11,49,11,2,14,65,14,2,20,81,16,2,22,96,20,2
3ERQ,331,A,21,TYR,H,7,38,8,2,11,52,12,2,14,72,14,2,21,83,20,2,24,100,22,2
3ERQ,332,A,21,TYR,C,9,43,7,1,13,57,12,2,19,79,18,2,25,94,22,2,31,120,30,2
3ERQ,333,A,21,TYR,C,7,34,7,1,12,58,11,1,18,69,15,1,24,93,22,2,29,115,29,2
3ERQ,334,A,21,TYR,C,8,36,8,1,12,48,10,1,16,71,15,1,25,89,23,2,29,115,27,2
3ERQ,335,A,21,TYR,C,5,28,5,1,9,48,10,1,17,71,14,1,25,87,20,2,28,105,28,2
3ERQ,336,A,21,TYR,C,6,33,5,1,12,42,8,1,16,60,11,1,21,88,20,1,32,104,25,1
3ERQ,337,A,21,TYR,C,3,24,5,1,7,42,7,1,17,62,13,1,24,82,19,1,29,98,26,2
3ERQ,338,A,21,TYR,C,5,26,3,1,9,40,7,1,14,61,10,1,22,77,18,1,30,96,28,1
3ERQ,339,A,21,TYR,OH,5,23,2,1,9,32,7,1,12,50,9,1,19,67,15,1,25,90,24,1
3ERQ,340,A,21,TYR,H,10,41,8,1,12,58,12,2,16,79,18,2,24,96,23,2,30,126,28,2
3ERQ,341,A,21,TYR,H,10,42,8,1,13,62,14,1,21,83,19,2,26,106,24,2,34,131,32,2
3ERQ,342,A,21,TYR,H,8,32,7,1,12,50,12,1,15,71,16,1,23,89,21,2,32,114,28,2
3ERQ,343,A,21,TYR,H,6,32,7,1,10,47,8,1,16,69,15,1,23,87,22,2,30,107,25,2
3ERQ,344,A,21,TYR,H,8,31,5,0,13,43,9,1,14,57,12,1,19,77,19,1,27,99,23,1
3ERQ,345,A,21,TYR,H,4,24,3,1,7,41,6,1,12,53,12,1,22,73,19,1,29,94,23,1
3ERQ,346,A,21,TYR,HO,5,22,2,1,5,30,4,1,12,42,8,1,19,64,14,1,23,83,22,1
3ERQ,347,A,22,LYS,N,5,24,5,1,8,35,8,2,10,57,13,2,14,67,16,2,16,80,16,2
3ERQ,348,A,22,LYS,CA,3,19,5,0,8,27,6,2,9,43,10,2,11,57,13,2,14,66,15,2
3ERQ,349,A,22,LYS,C,5,20,5,1,6,23,6,1,9,31,9,2,10,50,10,2,11,62,14,2
3ERQ,350,A,22,LYS,O,5,16,4,0,5,22,5,1,7,26,8,2,9,37,9,2,10,53,11,2
3ERQ,351,A,22,LYS,HN,7,28,6,0,7,40,9,2,11,56,12,2,15,71,16,2,17,82,18,2
3ERQ,352,A,22,LYS,H,3,18,5,0,5,27,6,1,9,34,7,2,9,49,13,2,13,60,15,2
3ERQ,353,A,22,LYS,C,3,15,5,0,4,24,6,1,8,38,8,2,11,53,11,2,14,65,15,2
3ERQ,354,A,22,LYS,C,3,16,3,0,6,27,6,1,7,38,8,1,14,51,9,2,16,66,14,2
3ERQ,355,A,22,LYS,C,2,13,4,0,5,20,4,1,8,35,7,1,11,52,9,1,15,59,13,1
3ERQ,356,A,22,LYS,C,1,15,4,0,7,22,4,0,8,33,6,1,12,49,10,1,15,62,11,1
3ERQ,357,A,22,LYS,N,3,13,2,0,4,20,3,0,7,30,6,0,10,40,8,1,15,61,12,1
3ERQ,358,A,22,LYS,H,3,14,2,0,4,17,6,0,5,24,7,1,9,41,9,2,11,55,11,2
3ERQ,359,A,22,LYS,H,3,17,5,1,5,25,7,1,10,42,10,2,11,57,11,2,14,69,15,2
3ERQ,360,A,22,LYS,H,5,21,5,0,7,33,7,1,9,48,9,1,15,59,12,2,18,82,18,2
3ERQ,361,A,22,LYS,H,3,16,3,0,5,22,5,0,7,31,8,0,10,43,10,2,15,56,13,2
3ERQ,362,A,22,LYS,H,1,9,3,0,3,14,4,0,7,25,4,1,10,37,8,1,12,53,10,1
3ERQ,363,A,22,LYS,H,2,14,3,1,5,22,4,1,7,44,7,1,11,54,9,1,17,70,15,1
3ERQ,364,A,22,LYS,H,3,21,5,0,8,30,6,0,10,42,9,1,15,54,10,1,17,73,16,1
3ERQ,365,A,22,LYS,H,1,13,3,0,5,20,4,0,8,28,6,0,11,39,9,1,15,53,10,1
3ERQ,366,A,22,LYS,HN,4,11,2,0,4,19,2,0,7,31,8,0,9,42,8,0,15,53,9,1
3ERQ,367,A,22,LYS,HN,3,11,2,0,4,15,3,0,5,25,4,0,9,33,6,1,12,50,10,1
3ERQ,368,A,22,LYS,HN,4,15,2,0,4,29,4,0,7,37,7,1,11,50,10,1,18,66,15,1
3ERQ,369,A,23,GLY,N,5,21,5,1,7,31,7,1,10,43,9,2,11,52,11,2,13,66,13,2
3ERQ,370,A,23,GLY,CA,5,18,5,1,6,25,6,1,8,38,8,1,9,48,9,2,12,54,11,2
3ERQ,371,A,23,GLY,C,6,21,6,1,7,27,7,1,8,32,8,2,10,47,10,2,13,56,11,2
3ERQ,372,A,23,GLY,O,5,20,5,1,7,22,7,1,7,29,7,1,8,36,8,2,10,51,10,2
3ERQ,373,A,23,GLY,HN,5,22,5,1,8,36,6,1,11,47,10,2,12,55,12,2,14,71,15,2
3ERQ,374,A,23,GLY,H,6,16,4,1,7,22,6,1,9,36,9,1,9,48,10,1,14,55,12,2
3ERQ,375,A,23,GLY,H,5,16,4,1,5,20,5,1,6,27,8,1,8,39,8,1,10,50,9,2
3ERQ,376,A,24,GLN,N,6,23,6,1,6,29,6,2,8,38,9,2,10,49,9,2,14,64,12,2
3ERQ,377,A,24,GLN,CA,6,23,6,1,6,29,7,2,8,37,7,2,10,48,9,2,12,63,11,2
3ERQ,378,A,24,GLN,C,6,27,7,2,8,35,8,2,10,51,9,2,12,63,12,2,17,74,15,2
3ERQ,379,A,24,GLN,O,7,32,7,2,9,44,8,2,12,60,10,2,15,71,14,2,19,82,15,2
3ERQ,380,A,24,GLN,HN,6,27,6,2,6,34,7,2,9,43,9,2,11,53,10,2,14,75,13,2
3ERQ,381,A,24,GLN,H,6,18,5,1,6,23,6,1,6,31,7,2,9,41,8,2,11,57,10,2
3ERQ,382,A,24,GLN,C,5,22,5,1,6,28,6,2,7,35,7,2,8,42,7,2,12,57,11,2
3ERQ,383,A,24,GLN,C,4,13,4,0,5,25,4,2,6,30,6,2,6,34,7,2,9,40,8,2
3ERQ,384,A,24,GLN,C,2,8,4,0,5,13,4,0,5,22,5,2,6,29,6,2,7,35,7,2
3ERQ,385,A,24,GLN,O,1,7,4,0,3,12,4,0,5,19,5,2,6,27,5,2,8,34,8,2
3ERQ,386,A,24,GLN,N,2,5,3,0,2,12,4,0,5,13,4,1,5,23,5,2,6,28,6,2
3ERQ,387,A,24,GLN,H,5,18,5,1,7,28,6,2,7,34,7,2,9,44,9,2,11,60,11,2
3ERQ,388,A,24,GLN,H,5,24,5,1,6,33,7,2,8,38,7,2,9,49,11,2,14,69,11,2
3ERQ,389,A,24,GLN,H,3,11,4,0,5,22,4,1,5,29,5,2,7,33,7,2,8,38,8,2
3ERQ,390,A,24,GLN,H,4,13,4,0,5,24,4,2,6,28,6,2,7,34,6,2,8,40,8,2
3ERQ,391,A,24,GLN,HN,2,5,3,0,3,10,4,0,4,15,4,1,5,24,4,2,6,31,6,2
3ERQ,392,A,24,GLN,HN,1,4,2,0,2,6,4,0,2,13,4,1,5,16,4,1,5,24,5,2
3ERQ,393,A,25,PRO,N,8,26,8,1,10,34,8,2,11,44,10,2,14,56,14,2,17,70,16,2
3ERQ,394,A,25,PRO,CA,7,31,7,2,11,41,10,2,15,48,12,2,16,65,16,2,19,85,18,2
3ERQ,395,A,25,PRO,C,7,32,6,1,10,42,10,2,14,57,13,2,18,70,14,2,21,89,21,2
3ERQ,396,A,25,PRO,O,6,19,6,1,9,38,8,1,13,49,11,2,15,64,13,2,19,79,17,2
3ERQ,397,A,25,PRO,H,8,34,9,2,13,46,9,2,16,58,14,2,17,75,18,2,20,88,19,2
3ERQ,398,A,25,PRO,C,7,25,5,1,9,31,8,1,12,41,9,2,15,53,16,2,17,71,16,2
3ERQ,399,A,25,PRO,C,5,19,4,0,8,26,6,1,9,34,9,2,12,40,12,2,14,52,15,2
3ERQ,400,A,25,PRO,C,5,18,5,1,9,28,8,1,10,34,8,2,11,42,10,2,15,55,13,2
3ERQ,401,A,25,PRO,H,6,24,5,1,8,30,9,1,12,39,11,2,16,52,15,2,16,69,16,2
3ERQ,402,A,25,PRO,H,6,23,5,0,9,32,6,1,12,42,12,2,13,56,15,2,20,74,17,2
3ERQ,403,A,25,PRO,H,4,12,4,0,6,21,5,1,8,27,6,1,10,35,9,2,13,43,14,2
3ERQ,404,A,25,PRO,H,5,12,5,0,8,22,6,1,8,32,7,2,12,42,11,2,16,54,13,2
3ERQ,405,A,25,PRO,H,6,17,5,1,7,25,6,1,10,30,8,1,11,38,10,2,13,55,11,2
3ERQ,406,A,25,PRO,H,4,14,5,0,7,23,6,2,10,30,8,2,10,40,8,2,11,48,12,2
3ERQ,407,A,26,MET,N,9,35,8,0,11,50,12,0,17,67,14,1,21,86,18,1,24,102,23,1
3ERQ,408,A,26,MET,CA,8,39,8,0,11,54,12,0,16,68,15,0,22,90,19,1,27,113,25,1
3ERQ,409,A,26,MET,C,8,36,8,0,13,55,12,0,17,72,14,0,22,101,20,0,31,128,29,1
3ERQ,410,A,26,MET,O,11,41,8,0,15,60,13,0,19,82,15,0,26,109,21,1,30,136,31,1
3ERQ,411,A,26,MET,HN,10,37,9,0,13,52,11,1,18,73,15,1,21,91,21,1,25,108,22,1
3ERQ,412,A,26,MET,H,8,30,5,0,11,47,10,0,13,61,14,0,21,77,20,0,25,102,23,1
3ERQ,413,A,26,MET,C,8,38,7,0,11,59,12,0,16,74,17,0,22,96,19,1,28,119,24,1
3ERQ,414,A,26,MET,C,7,34,9,0,11,58,11,0,16,77,15,0,21,104,22,0,32,128,27,1
3ERQ,415,A,26,MET,S,4,31,9,0,12,54,9,0,15,78,14,0,24,94,21,0,32,120,30,0
3ERQ,416,A,26,MET,C,6,38,7,0,12,51,10,0,17,71,16,0,24,101,26,0,35,122,33,0
3ERQ,417,A,26,MET,H,9,40,7,0,12,64,11,0,17,78,18,1,23,101,20,1,29,127,27,1
3ERQ,418,A,26,MET,H,8,32,7,0,10,54,10,0,13,71,16,0,18,84,18,1,25,108,21,1
3ERQ,419,A,26,MET,H,7,31,8,0,10,49,11,0,16,71,15,0,21,99,22,0,27,121,24,0
3ERQ,420,A,26,MET,H,8,37,11,0,12,63,12,0,19,85,16,0,22,112,23,0,35,141,36,0
3ERQ,421,A,26,MET,H,4,32,6,0,12,50,8,0,17,63,14,0,25,95,25,0,29,119,32,0
3ERQ,422,A,26,MET,H,7,34,6,0,11,49,11,0,14,69,19,0,25,92,19,0,35,119,29,0
3ERQ,423,A,26,MET,H,7,41,6,0,12,54,11,0,18,82,17,0,30,104,26,0,36,135,36,0
3ERQ,424,A,27,THR,N,9,37,8,1,12,51,11,1,17,68,15,1,24,94,21,1,32,123,25,1
3ERQ,425,A,27,THR,CA,8,43,9,1,12,52,12,1,20,69,17,1,27,97,20,1,31,130,30,1
3ERQ,426,A,27,THR,C,11,41,8,1,13,53,15,1,19,79,19,1,28,108,24,1,34,143,30,1
3ERQ,427,A,27,THR,O,10,35,9,1,16,55,14,1,20,80,18,1,27,107,22,1,33,131,31,1
3ERQ,428,A,27,THR,HN,7,34,7,1,12,44,11,1,16,64,13,1,22,84,20,1,28,115,23,1
3ERQ,429,A,27,THR,H,8,42,10,0,15,58,11,1,22,76,16,1,25,97,23,1,31,133,31,1
3ERQ,430,A,27,THR,C,9,32,6,0,12,46,13,1,17,65,16,1,25,84,19,1,30,110,25,1
3ERQ,431,A,27,THR,OH,7,24,6,0,10,37,10,0,17,61,12,1,22,82,18,1,26,97,23,1
3ERQ,432,A,27,THR,C,10,31,6,0,13,47,15,0,20,66,19,1,25,88,22,1,31,114,28,1
3ERQ,433,A,27,THR,H,9,28,9,0,11,44,11,1,17,60,16,1,22,81,19,1,29,107,24,1
3ERQ,434,A,27,THR,HO,6,20,6,0,10,34,8,0,13,50,13,1,20,67,15,1,26,90,22,1
3ERQ,435,A,27,THR,H,9,26,6,0,13,40,13,0,18,56,17,0,24,81,22,1,28,106,25,1
3ERQ,436,A,27,THR,H,10,31,7,0,14,51,11,0,21,71,22,0,26,95,22,1,31,111,29,1
3ERQ,437,A,27,THR,H,10,35,9,0,17,48,14,0,20,69,18,1,26,96,24,1,33,117,30,1
3ERQ,438,A,28,PHE,N,13,40,11,1,14,56,13,1,18,79,18,1,34,115,26,1,39,154,34,1
3ERQ,439,A,28,PHE,CA,13,45,9,1,15,65,15,1,22,84,19,1,30,120,28,1,40,154,40,1
3ERQ,440,A,28,PHE,C,14,42,9,0,19,64,16,0,27,80,22,1,30,112,28,1,38,145,38,1
3ERQ,441,A,28,PHE,O,13,44,9,0,21,62,18,0,25,84,23,0,30,104,28,1,36,144,37,1
3ERQ,442,A,28,PHE,HN,10,42,10,0,15,53,12,1,21,80,16,1,31,117,28,1,39,151,37,1
3ERQ,443,A,28,PHE,H,12,41,11,1,16,67,15,1,23,88,19,1,29,114,28,1,38,145,37,1
3ERQ,444,A,28,PHE,C,11,47,7,0,15,67,14,1,21,88,22,1,34,131,31,1,44,176,39,1
3ERQ,445,A,28,PHE,C,11,49,8,1,17,67,14,1,21,93,23,1,31,125,32,1,45,174,37,1
3ERQ,446,A,28,PHE,C,11,42,6,1,14,65,15,1,24,94,25,1,32,131,28,1,42,171,35,1
3ERQ,447,A,28,PHE,C,9,42,10,1,17,73,14,1,22,100,19,1,34,125,32,1,45,165,41,1
3ERQ,448,A,28,PHE,C,10,42,10,1,16,67,16,1,24,86,23,1,32,132,27,1,40,166,35,2
3ERQ,449,A,28,PHE,C,8,41,8,1,14,65,14,1,25,96,23,1,35,129,30,1,42,166,40,1
3ERQ,450,A,28,PHE,C,11,43,9,1,15,57,20,1,24,94,25,1,34,125,28,1,40,162,38,1
3ERQ,451,A,28,PHE,H,13,50,8,0,15,70,14,1,24,93,21,1,33,125,30,1,47,172,40,1
3ERQ,452,A,28,PHE,H,11,42,9,0,14,68,11,1,24,86,19,1,35,137,32,1,44,180,43,1
3ERQ,453,A,28,PHE,H,10,38,7,1,14,66,13,1,23,100,22,1,32,130,27,1,39,156,36,2
3ERQ,454,A,28,PHE,H,10,44,11,1,16,73,14,1,24,107,20,1,33,126,29,1,44,161,45,1
3ERQ,455,A,28,PHE,H,10,43,11,1,16,64,13,1,22,92,20,1,29,124,28,2,37,155,35,2
3ERQ,456,A,28,PHE,H,9,43,11,1,15,65,14,1,26,89,22,1,35,123,31,1,41,158,42,1
3ERQ,457,A,28,PHE,H,10,40,10,1,15,60,15,1,26,90,25,1,33,121,28,1,39,149,32,2
3ERQ,458,A,29,ARG,N,14,46,13,0,16,63,16,0,22,88,21,1,29,111,31,1,36,153,36,1
3ERQ,459,A,29,ARG,CA,12,44,11,0,16,57,17,0,22,77,23,0,30,119,27,0,35,155,42,1
3ERQ,460,A,29,ARG,C,13,44,10,0,18,62,17,0,23,83,21,0,28,123,32,0,40,177,45,2
3ERQ,461,A,29,ARG,O,11,42,10,0,17,58,16,0,22,94,22,0,30,128,32,1,39,170,42,2
3ERQ,462,A,29,ARG,HN,13,45,12,0,17,65,16,0,24,89,19,1,30,113,29,1,37,154,36,1
3ERQ,463,A,29,ARG,H,12,39,12,0,15,54,16,0,23,81,23,0,29,113,28,0,33,155,41,1
3ERQ,464,A,29,ARG,C,12,36,9,0,14,52,16,0,21,77,22,0,27,109,32,0,35,152,39,1
3ERQ,465,A,29,ARG,C,7,31,9,0,16,53,15,0,19,76,25,0,28,106,34,0,34,145,39,0
3ERQ,466,A,29,ARG,C,7,26,10,0,13,49,17,0,19,76,22,0,23,100,29,0,33,132,37,0
3ERQ,467,A,29,ARG,N,10,28,12,0,11,41,16,0,14,67,22,0,25,95,29,0,29,129,34,0
3ERQ,468,A,29,ARG,C,11,30,11,0,12,47,19,0,16,66,24,0,23,95,28,0,31,130,36,0
3ERQ,469,A,29,ARG,N,11,35,11,0,14,53,20,0,17,76,25,0,25,103,31,0,36,145,38,0
3ERQ,470,A,29,ARG,N,9,31,12,0,14,43,16,0,16,60,22,0,20,90,28,0,25,119,34,0
3ERQ,471,A,29,ARG,H,12,35,11,0,13,56,14,0,24,79,24,0,28,110,30,1,32,151,39,1
3ERQ,472,A,29,ARG,H,11,33,9,0,15,48,15,0,20,75,22,0,26,108,28,0,33,137,37,1
3ERQ,473,A,29,ARG,H,10,38,10,0,16,57,16,0,21,75,23,0,29,110,33,0,36,152,42,0
3ERQ,474,A,29,ARG,H,7,32,9,0,14,51,12,0,20,76,22,0,25,101,34,0,32,136,37,0
3ERQ,475,A,29,ARG,H,7,21,12,0,9,45,16,0,17,72,21,0,26,97,28,0,31,125,36,0
3ERQ,476,A,29,ARG,H,8,26,13,0,14,51,19,0,19,81,25,0,24,108,30,0,33,139,38,0
3ERQ,477,A,29,ARG,HN,8,24,11,0,10,37,14,0,13,59,21,0,22,90,27,0,31,116,32,0
3ERQ,478,A,29,ARG,HN,12,35,9,0,13,57,19,0,20,77,25,0,27,113,33,0,35,150,39,0
3ERQ,479,A,29,ARG,HN,11,39,12,0,13,55,17,0,19,76,25,0,26,109,31,0,34,146,36,1
3ERQ,480,A,29,ARG,HN,6,25,11,0,12,35,14,0,16,54,21,0,19,85,26,0,24,107,33,0
3ERQ,481,A,29,ARG,HN,8,34,13,0,14,44,16,0,19,64,21,0,21,91,28,0,26,120,33,0
3ERQ,482,A,30,LEU,N,15,41,11,0,23,62,17,0,25,91,23,0,31,122,33,1,41,165,41,1
3ERQ,483,A,30,LEU,CA,14,45,10,0,19,64,16,0,25,93,24,1,29,129,32,1,42,175,42,1
3ERQ,484,A,30,LEU,C,12,42,10,0,16,65,17,0,25,88,24,1,30,130,33,1,43,182,41,1
3ERQ,485,A,30,LEU,O,10,38,10,0,19,62,17,0,25,89,23,0,31,127,30,1,40,163,44,1
3ERQ,486,A,30,LEU,HN,12,33,13,0,24,62,16,0,27,92,23,0,32,126,33,0,40,153,45,1
3ERQ,487,A,30,LEU,H,14,45,9,0,18,71,15,0,24,92,22,1,33,138,31,1,42,184,43,1
3ERQ,488,A,30,LEU,C,15,43,12,0,20,70,17,1,25,95,25,1,31,128,30,1,42,179,45,2
3ERQ,489,A,30,LEU,C,13,44,10,0,18,68,18,1,26,95,23,1,34,137,31,2,42,190,45,2
3ERQ,490,A,30,LEU,C,13,47,13,0,18,63,17,0,25,92,22,0,37,139,31,2,46,184,43,2
3ERQ,491,A,30,LEU,C,9,42,9,0,19,66,18,2,27,101,22,2,36,142,35,2,43,182,44,2
3ERQ,492,A,30,LEU,H,16,45,11,0,18,68,15,1,24,102,24,1,31,131,33,1,42,176,45,2
3ERQ,493,A,30,LEU,H,14,42,12,0,20,64,18,0,23,93,25,1,36,127,33,1,43,176,45,2
3ERQ,494,A,30,LEU,H,14,43,11,1,17,70,16,1,25,102,24,1,33,143,30,2,42,182,42,2
3ERQ,495,A,30,LEU,H,10,42,11,0,17,61,17,0,24,97,23,1,37,142,35,2,49,194,40,2
3ERQ,496,A,30,LEU,H,13,41,12,0,18,61,17,0,26,96,24,0,38,130,33,1,43,175,46,2
3ERQ,497,A,30,LEU,H,13,44,9,0,16,66,16,0,26,99,24,0,35,137,31,1,44,177,39,2
3ERQ,498,A,30,LEU,H,11,40,10,0,18,67,15,2,26,102,27,2,38,144,33,2,46,191,44,2
3ERQ,499,A,30,LEU,H,12,41,10,1,19,70,16,2,28,99,26,2,33,142,34,2,46,183,44,2
3ERQ,500,A,30,LEU,H,10,40,12,0,20,66,18,0,29,102,26,2,37,138,36,2,47,183,49,2
3ERQ,501,A,31,LEU,N,11,46,9,0,14,60,15,1,20,87,22,1,36,134,31,1,47,193,47,1
3ERQ,502,A,31,LEU,CA,7,42,10,0,16,60,15,1,25,91,20,1,33,137,33,1,49,187,45,1
3ERQ,503,A,31,LEU,C,8,38,9,0,16,65,14,1,25,104,19,1,34,134,34,1,45,179,47,1
3ERQ,504,A,31,LEU,O,10,38,9,1,14,62,14,1,25,104,20,1,38,141,34,1,46,183,46,1
3ERQ,505,A,31,LEU,HN,10,47,10,0,13,64,14,1,23,92,23,1,33,141,33,1,47,188,43,1
3ERQ,506,A,31,LEU,H,11,46,10,0,15,61,14,0,23,91,21,0,33,136,32,1,47,172,46,1
3ERQ,507,A,31,LEU,C,10,40,11,0,16,62,16,1,27,96,26,1,33,134,30,1,47,189,45,1
3ERQ,508,A,31,LEU,C,10,39,11,0,16,57,19,0,26,99,26,1,34,143,34,1,46,176,43,1
3ERQ,509,A,31,LEU,C,11,41,13,0,19,63,20,0,24,98,24,1,32,137,35,1,46,169,41,1
3ERQ,510,A,31,LEU,C,11,35,9,0,18,65,19,0,27,100,27,0,36,134,33,1,44,168,39,1
3ERQ,511,A,31,LEU,H,10,39,12,0,18,66,18,1,26,97,26,1,35,133,35,1,44,180,44,1
3ERQ,512,A,31,LEU,H,8,40,9,1,18,68,18,1,23,98,25,1,33,139,32,1,43,187,42,1
3ERQ,513,A,31,LEU,H,9,42,11,0,17,61,16,0,25,97,29,0,36,139,33,1,49,179,40,1
3ERQ,514,A,31,LEU,H,13,41,14,0,18,67,18,0,23,94,25,0,33,131,32,1,41,167,42,1
3ERQ,515,A,31,LEU,H,12,42,11,0,15,65,20,0,25,92,28,1,32,132,32,1,41,165,40,1
3ERQ,516,A,31,LEU,H,11,42,14,0,17,65,18,1,23,100,24,1,34,131,33,1,44,171,41,1
3ERQ,517,A,31,LEU,H,10,37,13,0,17,64,19,0,27,90,24,0,32,130,33,0,42,156,37,1
3ERQ,518,A,31,LEU,H,11,36,11,0,17,63,17,0,25,97,25,0,36,127,32,0,45,163,41,1
3ERQ,519,A,31,LEU,H,12,41,13,0,18,58,17,0,24,103,27,0,35,128,35,1,40,158,40,1
3ERQ,520,A,32,LEU,N,10,40,8,0,16,73,12,0,23,102,21,1,31,127,32,1,44,154,47,1
3ERQ,521,A,32,LEU,CA,9,42,8,0,14,66,14,0,28,99,22,1,33,131,33,1,42,153,41,1
3ERQ,522,A,32,LEU,C,10,42,8,0,13,62,12,0,25,91,23,1,31,130,31,1,42,160,39,1
3ERQ,523,A,32,LEU,O,10,40,8,0,18,65,16,0,24,88,22,1,33,120,32,1,40,155,42,1
3ERQ,524,A,32,LEU,HN,11,41,8,0,16,70,11,0,22,97,19,0,32,118,36,1,44,152,42,1
3ERQ,525,A,32,LEU,H,10,39,8,0,14,65,12,0,23,91,20,0,32,121,28,1,38,143,36,1
3ERQ,526,A,32,LEU,C,9,49,10,0,18,68,18,1,29,95,23,1,36,126,31,1,43,160,45,1
3ERQ,527,A,32,LEU,C,11,47,11,0,15,67,17,0,29,92,25,1,35,125,32,1,41,151,38,1
3ERQ,528,A,32,LEU,C,10,45,12,0,19,66,15,1,25,92,26,1,33,116,31,1,40,143,41,1
3ERQ,529,A,32,LEU,C,12,42,13,0,18,67,17,0,25,83,23,0,32,110,27,1,37,135,34,1
3ERQ,530,A,32,LEU,H,10,50,13,0,19,69,16,0,24,90,24,1,34,124,32,1,46,157,40,1
3ERQ,531,A,32,LEU,H,8,48,10,1,19,69,16,1,28,100,22,1,37,132,35,1,46,178,45,1
3ERQ,532,A,32,LEU,H,10,48,10,0,16,67,18,1,25,93,25,1,38,123,34,1,41,164,41,1
3ERQ,533,A,32,LEU,H,8,44,13,0,16,58,16,1,26,85,22,1,31,112,31,1,40,143,39,1
3ERQ,534,A,32,LEU,H,12,40,12,0,19,67,15,0,23,87,22,1,31,110,29,1,38,131,35,1
3ERQ,535,A,32,LEU,H,12,45,9,1,18,72,19,1,25,94,23,1,32,115,34,1,43,152,44,1
3ERQ,536,A,32,LEU,H,11,45,12,0,17,58,18,0,20,82,20,0,32,108,25,1,37,134,36,1
3ERQ,537,A,32,LEU,H,10,42,11,0,16,60,17,0,22,86,23,0,31,108,27,0,38,132,34,1
3ERQ,538,A,32,LEU,H,12,41,12,0,17,62,16,0,24,83,21,0,27,101,27,0,37,133,31,1
3ERQ,539,A,33,VAL,N,14,46,9,0,15,67,18,0,20,91,22,1,31,123,31,1,43,159,40,1
3ERQ,540,A,33,VAL,CA,12,46,12,0,18,67,17,0,21,89,25,0,29,112,31,1,40,155,37,1
3ERQ,541,A,33,VAL,C,12,41,13,0,17,62,18,0,20,83,22,0,24,104,28,0,36,135,35,1
3ERQ,542,A,33,VAL,O,12,37,13,0,15,58,16,0,19,75,21,0,27,101,29,0,31,131,35,0
3ERQ,543,A,33,VAL,HN,13,45,10,0,14,67,17,0,22,87,21,0,28,117,29,1,43,157,40,1
3ERQ,544,A,33,VAL,H,11,45,12,0,16,64,16,0,23,85,25,0,31,114,31,1,36,152,39,1
3ERQ,545,A,33,VAL,C,15,51,13,0,19,72,21,0,23,92,27,1,31,120,32,1,40,170,42,1
3ERQ,546,A,33,VAL,C,13,50,11,0,19,70,17,1,26,99,29,1,32,136,35,1,46,172,40,1
3ERQ,547,A,33,VAL,C,15,43,14,0,19,66,20,0,27,93,25,1,32,126,36,1,39,164,43,1
3ERQ,548,A,33,VAL,H,15,50,14,0,20,67,22,0,24,93,25,0,32,124,33,1,40,166,43,1
3ERQ,549,A,33,VAL,H,14,46,11,1,18,71,20,1,25,97,28,1,33,141,35,1,46,179,44,2
3ERQ,550,A,33,VAL,H,11,44,9,1,18,73,16,1,29,105,26,1,32,139,35,1,49,178,44,1
3ERQ,551,A,33,VAL,H,13,46,13,0,20,64,18,1,24,99,27,1,39,143,38,1,46,179,45,1
3ERQ,552,A,33,VAL,H,15,42,12,0,21,60,21,0,26,102,28,1,32,134,36,1,40,170,44,2
3ERQ,553,A,33,VAL,H,12,43,13,0,19,62,20,0,23,87,27,0,33,119,33,1,39,158,41,1
3ERQ,554,A,33,VAL,H,11,39,14,0,18,65,16,0,25,101,23,1,31,131,34,1,39,164,46,1
3ERQ,555,A,34,ASP,N,12,37,12,0,16,58,16,0,18,81,20,0,26,103,27,0,35,135,34,0
3ERQ,556,A,34,ASP,CA,12,33,12,0,14,54,17,0,19,75,20,0,25,98,26,0,33,127,36,0
3ERQ,557,A,34,ASP,C,12,33,9,0,13,55,17,0,20,80,23,0,27,107,33,0,37,134,38,0
3ERQ,558,A,34,ASP,O,9,36,9,0,14,55,17,0,18,75,23,0,27,108,30,0,37,138,41,0
3ERQ,559,A,34,ASP,HN,11,36,11,0,14,56,15,0,21,87,21,0,27,109,29,0,34,133,35,0
3ERQ,560,A,34,ASP,H,9,36,12,0,17,55,18,0,21,74,22,0,25,101,27,0,35,125,38,0
3ERQ,561,A,34,ASP,C,10,35,9,0,12,46,15,0,15,60,19,0,23,81,23,0,26,115,29,0
3ERQ,562,A,34,ASP,C,10,27,8,0,11,45,13,0,15,54,17,0,22,72,23,0,25,94,26,0
3ERQ,563,A,34,ASP,O,7,27,9,0,11,43,15,0,18,60,20,0,23,76,22,0,29,100,31,0
3ERQ,564,A,34,ASP,O,6,20,8,0,10,37,12,0,12,48,14,0,18,59,19,0,24,79,24,0
3ERQ,565,A,34,ASP,H,9,33,9,0,13,44,13,0,15,56,17,0,18,80,22,0,26,110,30,0
3ERQ,566,A,34,ASP,H,9,32,10,0,12,42,12,0,18,61,19,0,21,79,22,0,28,114,26,0
3ERQ,567,A,35,THR,N,11,38,13,0,14,54,17,0,21,82,29,0,28,111,33,0,42,141,42,0
3ERQ,568,A,35,THR,CA,8,38,15,0,15,58,23,0,21,81,29,0,32,116,36,0,42,157,44,0
3ERQ,569,A,35,THR,C,10,34,15,0,13,59,21,0,21,79,27,0,29,103,33,0,36,138,41,0
3ERQ,570,A,35,THR,O,8,30,13,0,12,47,20,0,20,69,25,0,27,94,29,0,34,129,40,0
3ERQ,571,A,35,THR,HN,12,31,15,0,13,58,18,0,21,83,28,0,30,109,35,0,39,135,43,0
3ERQ,572,A,35,THR,H,7,39,15,0,15,59,21,0,25,80,25,0,32,118,39,0,44,159,47,0
3ERQ,573,A,35,THR,C,10,41,14,0,16,62,23,0,26,87,31,0,32,128,36,0,44,160,47,0
3ERQ,574,A,35,THR,OH,11,40,17,0,17,57,21,0,22,83,31,0,32,118,37,0,39,154,45,0
3ERQ,575,A,35,THR,C,11,41,16,0,18,70,21,0,26,92,30,0,37,131,41,0,45,169,51,1
3ERQ,576,A,35,THR,H,11,42,13,0,17,64,22,0,24,97,31,0,32,128,38,0,40,158,48,0
3ERQ,577,A,35,THR,HO,11,38,17,0,16,56,20,0,24,82,30,0,29,116,36,0,34,143,42,0
3ERQ,578,A,35,THR,H,11,44,13,0,20,69,22,0,28,98,32,0,35,128,42,1,46,174,49,1
3ERQ,579,A,35,THR,H,12,40,16,0,20,64,21,0,26,98,32,0,37,124,41,0,45,163,49,1
3ERQ,580,A,35,THR,H,11,42,13,0,18,69,22,0,28,97,30,0,40,132,41,0,45,170,51,1
3ERQ,581,A,36,PRO,N,8,36,15,0,17,55,19,0,21,80,26,0,25,104,34,0,36,129,39,0
3ERQ,582,A,36,PRO,CA,7,31,15,0,15,51,18,0,20,75,25,0,24,93,31,0,28,113,36,0
3ERQ,583,A,36,PRO,C,10,30,16,0,13,50,21,0,19,66,25,0,26,87,29,0,27,110,36,0
3ERQ,584,A,36,PRO,O,13,39,18,0,14,57,24,0,21,76,27,0,25,94,32,0,29,120,37,0
3ERQ,585,A,36,PRO,H,6,25,14,0,12,38,18,0,19,58,20,0,24,83,28,0,26,107,33,0
3ERQ,586,A,36,PRO,C,8,33,12,0,12,52,17,0,19,75,20,0,21,94,32,0,25,107,37,0
3ERQ,587,A,36,PRO,C,10,39,10,0,16,63,16,0,20,79,26,0,25,99,34,0,31,124,39,0
3ERQ,588,A,36,PRO,C,11,37,13,0,18,61,20,0,20,90,27,0,28,111,38,0,37,138,42,0
3ERQ,589,A,36,PRO,H,7,31,11,0,10,43,17,0,16,63,21,0,20,83,26,0,24,101,32,0
3ERQ,590,A,36,PRO,H,10,36,13,0,13,54,18,0,18,79,24,0,22,96,31,0,26,105,36,0
3ERQ,591,A,36,PRO,H,10,40,9,0,14,56,17,0,19,73,23,0,26,96,33,0,30,125,40,0
3ERQ,592,A,36,PRO,H,11,44,11,0,15,62,16,0,19,79,27,0,25,100,32,0,32,125,37,0
3ERQ,593,A,36,PRO,H,9,38,12,0,15,62,19,0,22,92,27,0,32,121,36,0,39,145,46,0
3ERQ,594,A,36,PRO,H,13,40,13,0,17,65,21,0,20,94,28,0,29,113,38,0,36,139,42,0
3ERQ,595,A,37,GLU,N,7,26,12,0,12,39,19,0,15,57,19,0,22,72,24,0,26,98,29,0
3ERQ,596,A,37,GLU,CA,8,26,12,0,11,38,17,0,15,57,19,0,20,65,25,0,24,85,29,0
3ERQ,597,A,37,GLU,C,8,30,12,0,12,43,14,0,16,54,19,0,17,66,25,0,20,83,28,0
3ERQ,598,A,37,GLU,O,9,31,11,0,13,43,13,0,14,52,18,0,16,67,24,0,18,80,28,0
3ERQ,599,A,37,GLU,HN,7,24,12,0,10,34,17,0,13,45,19,0,20,70,19,0,24,88,26,0
3ERQ,600,A,37,GLU,H,8,29,13,0,12,43,16,0,18,61,22,0,22,71,27,0,26,89,30,0
3ERQ,601,A,37,GLU,C,5,18,10,0,8,29,15,0,11,36,16,0,18,54,19,0,22,69,24,0
3ERQ,602,A,37,GLU,C,5,13,10,0,6,27,13,0,13,32,16,0,17,51,18,0,21,70,24,0
3ERQ,603,A,37,GLU,C,4,14,11,0,10,29,12,0,16,45,17,0,21,57,24,0,23,83,25,0
3ERQ,604,A,37,GLU,O,7,15,11,0,12,33,11,0,15,49,18,0,20,61,23,0,25,84,28,0
3ERQ,605,A,37,GLU,O,5,18,11,0,10,28,13,0,14,43,15,0,19,62,22,0,25,90,27,0
3ERQ,606,A,37,GLU,H,5,18,7,0,5,25,14,0,11,34,15,0,17,55,18,0,19,67,25,0
3ERQ,607,A,37,GLU,H,5,17,8,0,7,22,11,0,9,33,16,0,12,48,18,0,18,61,20,0
3ERQ,608,A,37,GLU,H,4,8,6,0,5,18,10,0,9,29,14,0,14,41,16,0,19,57,21,0
3ERQ,609,A,37,GLU,H,4,14,8,0,7,26,13,0,10,34,17,0,17,50,20,0,23,69,22,0
3ERQ,610,A,38,PHE,N,8,26,12,0,10,39,16,0,16,47,21,0,18,58,26,0,19,72,30,0
3ERQ,611,A,38,PHE,CA,6,28,9,0,12,38,17,0,15,47,19,0,17,57,24,0,19,65,28,0
3ERQ,612,A,38,PHE,C,7,23,7,0,10,31,13,0,13,39,16,0,15,52,18,0,17,60,25,0
3ERQ,613,A,38,PHE,O,9,24,8,0,10,29,11,0,12,42,14,0,14,52,19,0,15,62,24,0
3ERQ,614,A,38,PHE,HN,8,24,13,0,10,35,15,0,13,45,21,0,18,58,26,0,22,68,32,0
3ERQ,615,A,38,PHE,H,12,32,9,0,14,45,18,0,16,54,23,0,17,61,27,0,20,77,31,0
3ERQ,616,A,38,PHE,C,5,20,9,0,10,31,11,0,14,41,19,0,17,52,22,0,19,66,27,0
3ERQ,617,A,38,PHE,C,4,18,7,0,9,26,9,0,13,38,15,0,15,53,23,0,19,63,25,0
3ERQ,618,A,38,PHE,C,6,15,5,0,11,30,11,0,12,41,17,0,19,59,21,0,22,70,28,0
3ERQ,619,A,38,PHE,C,3,13,4,0,6,18,8,0,8,27,10,0,14,42,14,0,16,52,24,0
3ERQ,620,A,38,PHE,C,5,12,3,0,9,23,9,0,12,38,15,0,15,50,19,0,21,66,21,0
3ERQ,621,A,38,PHE,C,2,10,2,0,5,13,6,0,8,21,9,0,14,36,12,0,15,49,19,0
3ERQ,622,A,38,PHE,C,3,9,2,0,6,14,5,0,8,26,11,0,15,40,15,0,16,52,21,0
3ERQ,623,A,38,PHE,H,5,17,8,0,8,26,10,0,9,33,14,0,16,46,19,0,18,57,25,0
3ERQ,624,A,38,PHE,H,8,24,9,0,9,33,13,0,15,44,19,0,18,60,27,0,22,76,29,0
3ERQ,625,A,38,PHE,H,9,22,7,0,11,31,14,0,17,53,18,0,22,68,27,0,23,87,30,0
3ERQ,626,A,38,PHE,H,4,10,3,0,5,17,5,0,7,23,9,0,12,35,14,0,15,47,19,0
3ERQ,627,A,38,PHE,H,5,15,3,0,9,26,9,0,12,38,15,0,17,48,19,0,21,68,22,0
3ERQ,628,A,38,PHE,H,2,6,0,0,3,13,6,0,6,15,6,0,9,24,9,0,15,38,13,0
3ERQ,629,A,38,PHE,H,2,7,2,0,4,11,3,0,9,20,7,0,10,35,13,0,16,45,18,0
3ERQ,630,A,39,ASN,N,6,24,7,0,7,31,9,0,8,38,14,0,12,45,16,0,13,59,18,0
3ERQ,631,A,39,ASN,CA,6,22,5,0,7,29,8,0,7,34,10,0,9,41,14,0,11,48,15,0
3ERQ,632,A,39,ASN,C,7,23,6,0,7,33,8,0,8,36,11,0,9,41,13,0,11,50,16,0
3ERQ,633,A,39,ASN,O,3,15,5,0,7,24,6,0,7,35,7,0,8,38,11,0,10,44,13,0
3ERQ,634,A,39,ASN,HN,6,24,7,0,6,29,9,0,8,37,13,0,11,44,17,0,14,54,20,0
3ERQ,635,A,39,ASN,H,5,22,3,0,7,26,7,0,7,34,10,0,9,39,12,0,11,48,16,0
3ERQ,636,A,39,ASN,C,3,14,4,0,4,21,5,0,6,29,7,0,7,32,10,0,8,40,14,0
3ERQ,637,A,39,ASN,C,3,14,5,0,4,17,6,0,6,27,8,0,8,31,11,0,8,39,13,0
3ERQ,638,A,39,ASN,O,3,16,6,0,4,20,8,0,6,27,8,0,8,37,12,0,8,40,15,0
3ERQ,639,A,39,ASN,N,2,11,5,0,4,13,5,0,4,18,7,0,5,28,9,0,8,32,11,0
3ERQ,640,A,39,ASN,H,2,14,3,0,4,20,4,0,6,25,7,0,6,30,9,0,8,38,12,0
3ERQ,641,A,39,ASN,H,2,11,3,0,3,16,4,0,6,23,5,0,7,31,9,0,7,35,10,0
3ERQ,642,A,39,ASN,HN,1,8,3,0,3,12,5,0,4,16,5,0,5,26,8,0,7,30,9,0
3ERQ,643,A,39,ASN,HN,2,10,4,0,4,13,5,0,4,17,7,0,5,24,9,0,8,31,10,0
3ERQ,644,A,40,GLU,N,8,26,6,0,9,35,9,0,9,40,12,0,11,48,13,0,15,61,18,0
3ERQ,645,A,40,GLU,CA,9,24,6,0,9,34,9,0,9,40,12,0,12,52,13,0,15,66,18,0
3ERQ,646,A,40,GLU,C,9,28,9,0,9,39,9,0,12,51,11,0,13,61,15,0,16,73,20,0
3ERQ,647,A,40,GLU,O,9,34,9,0,11,46,10,0,13,57,12,0,13,63,16,0,17,75,21,0
3ERQ,648,A,40,GLU,HN,9,31,8,0,9,37,12,0,10,44,13,0,14,55,15,0,14,71,21,0
3ERQ,649,A,40,GLU,H,7,19,5,0,9,28,6,0,9,37,10,0,10,45,12,0,13,55,13,0
3ERQ,650,A,40,GLU,C,8,25,7,0,9,30,11,0,9,41,12,0,13,55,17,0,17,75,20,0
3ERQ,651,A,40,GLU,C,7,19,9,0,8,25,9,0,9,32,12,0,10,43,15,0,11,60,18,0
3ERQ,652,A,40,GLU,C,6,17,8,0,7,23,11,0,9,31,13,0,11,42,15,0,14,57,19,0
3ERQ,653,A,40,GLU,O,7,21,10,0,9,27,13,0,11,36,16,0,14,52,18,0,20,73,21,0
3ERQ,654,A,40,GLU,O,6,12,7,0,6,18,10,0,7,24,11,0,10,34,13,0,12,47,17,0
3ERQ,655,A,40,GLU,H,8,24,7,0,9,32,9,0,10,41,12,0,12,56,17,0,18,71,21,0
3ERQ,656,A,40,GLU,H,9,27,11,0,9,36,11,0,12,46,16,0,15,67,19,0,20,84,24,0
3ERQ,657,A,40,GLU,H,7,19,8,0,8,26,9,0,9,30,11,0,10,40,15,0,12,54,20,0
3ERQ,658,A,40,GLU,H,5,15,6,0,8,20,9,0,8,27,9,0,9,36,13,0,11,48,16,0
3ERQ,659,A,41,LYS,N,6,25,9,0,9,35,11,0,10,44,13,0,12,61,16,0,15,68,22,0
3ERQ,660,A,41,LYS,CA,4,23,7,0,7,33,10,0,12,47,13,0,12,62,20,0,18,73,22,0
3ERQ,661,A,41,LYS,C,6,27,10,0,11,46,11,0,11,59,18,0,19,70,21,0,22,86,27,0
3ERQ,662,A,41,LYS,O,7,31,6,0,11,46,16,0,15,60,18,0,22,75,24,0,23,98,31,0
3ERQ,663,A,41,LYS,HN,5,21,6,0,9,31,10,0,9,38,11,0,12,53,15,0,13,66,20,0
3ERQ,664,A,41,LYS,H,5,24,7,0,7,34,10,0,11,44,13,0,12,60,16,0,13,70,21,0
3ERQ,665,A,41,LYS,C,3,18,4,0,4,23,9,0,8,37,13,0,13,49,18,0,16,65,21,0
3ERQ,666,A,41,LYS,C,2,12,5,0,4,22,7,0,6,36,12,0,13,48,16,0,17,65,20,0
3ERQ,667,A,41,LYS,C,1,9,2,0,3,15,7,0,5,26,9,0,8,37,10,0,12,49,16,0
3ERQ,668,A,41,LYS,C,1,8,2,0,1,15,6,0,4,22,9,0,7,32,9,0,10,44,15,0
3ERQ,669,A,41,LYS,N,0,6,1,0,1,9,3,0,2,15,6,0,4,21,8,0,7,30,10,0
3ERQ,670,A,41,LYS,H,3,16,1,0,4,28,8,0,7,37,13,0,14,50,17,0,17,70,21,0
3ERQ,671,A,41,LYS,H,3,13,2,0,3,19,5,0,5,29,9,0,11,42,15,0,15,53,17,0
3ERQ,672,A,41,LYS,H,2,13,4,0,4,22,6,0,6,32,10,0,10,48,15,0,16,58,20,0
3ERQ,673,A,41,LYS,H,3,18,5,0,5,29,8,0,10,42,13,0,14,59,18,0,18,69,23,0
3ERQ,674,A,41,LYS,H,1,9,2,0,2,16,5,0,6,26,8,0,7,36,11,0,12,48,16,0
3ERQ,675,A,41,LYS,H,1,9,1,0,1,10,3,0,3,18,8,0,6,31,9,0,10,43,13,0
3ERQ,676,A,41,LYS,H,1,9,2,0,1,13,6,0,3,21,8,0,9,34,10,0,11,45,14,0
3ERQ,677,A,41,LYS,H,1,11,3,0,3,18,7,0,6,24,9,0,7,36,13,0,11,47,14,0
3ERQ,678,A,41,LYS,HN,0,4,0,0,1,7,3,0,1,13,4,0,3,19,8,0,6,26,9,0
3ERQ,679,A,41,LYS,HN,0,5,2,0,1,8,3,0,3,15,4,0,5,20,8,0,6,29,11,0
3ERQ,680,A,41,LYS,HN,0,4,0,0,1,6,2,0,1,10,5,0,4,19,7,0,7,26,10,0
3ERQ,681,A,42,TYR,N,7,30,8,0,11,43,14,0,14,58,18,0,18,70,23,0,24,86,26,0
3ERQ,682,A,42,TYR,CA,8,40,11,0,13,51,14,0,17,62,19,0,21,76,23,0,26,97,30,0
3ERQ,683,A,42,TYR,C,9,39,11,0,14,59,16,0,19,73,18,0,21,88,28,0,27,107,35,0
3ERQ,684,A,42,TYR,O,9,41,13,0,17,58,15,0,19,77,20,0,24,100,29,0,29,114,37,0
3ERQ,685,A,42,TYR,HN,7,24,7,0,10,40,12,0,13,53,16,0,16,69,20,0,21,75,24,0
3ERQ,686,A,42,TYR,H,6,32,8,0,11,43,14,0,18,57,15,0,20,74,21,0,24,92,27,0
3ERQ,687,A,42,TYR,C,9,40,10,0,14,51,14,0,18,61,22,0,25,83,25,0,28,109,29,0
3ERQ,688,A,42,TYR,C,10,29,9,0,13,42,12,0,16,55,17,0,21,73,26,0,25,94,28,0
3ERQ,689,A,42,TYR,C,7,27,7,0,12,43,13,0,16,52,17,0,19,67,21,0,23,87,26,0
3ERQ,690,A,42,TYR,C,7,24,10,0,10,40,12,0,15,54,17,0,20,74,20,0,23,89,27,0
3ERQ,691,A,42,TYR,C,7,21,9,0,10,33,12,0,13,49,16,0,17,61,17,0,20,73,22,0
3ERQ,692,A,42,TYR,C,6,26,10,0,8,30,12,0,10,45,15,0,18,60,15,0,22,78,22,0
3ERQ,693,A,42,TYR,C,6,24,10,0,8,29,12,0,10,42,14,0,16,58,15,0,20,72,19,0
3ERQ,694,A,42,TYR,OH,6,19,8,0,7,26,12,0,9,35,13,0,12,47,14,0,17,62,17,0
3ERQ,695,A,42,TYR,H,11,39,11,0,14,52,17,0,19,61,23,0,26,95,24,0,32,123,34,0
3ERQ,696,A,42,TYR,H,9,39,11,0,14,51,15,0,22,67,22,0,24,88,26,0,29,112,33,0
3ERQ,697,A,42,TYR,H,8,32,7,0,11,43,13,0,16,51,15,0,19,70,22,0,23,93,26,0
3ERQ,698,A,42,TYR,H,6,23,8,0,10,37,11,0,18,57,16,0,21,77,24,0,25,88,28,0
3ERQ,699,A,42,TYR,H,4,17,7,0,8,26,12,0,12,42,13,0,14,59,17,0,18,68,22,0
3ERQ,700,A,42,TYR,H,6,22,8,0,8,26,11,0,11,40,13,0,14,59,15,0,20,73,20,0
3ERQ,701,A,42,TYR,HO,6,19,9,0,7,32,11,0,8,39,13,0,13,49,15,0,17,65,17,0
3ERQ,702,A,43,GLY,N,11,46,12,0,11,64,15,0,17,77,19,0,22,91,25,0,26,104,33,0
3ERQ,703,A,43,GLY,CA,12,49,14,0,14,67,17,0,17,78,24,0,22,93,30,0,24,109,33,0
3ERQ,704,A,43,GLY,C,13,46,11,0,14,59,15,0,17,79,23,0,21,90,28,0,25,112,33,0
3ERQ,705,A,43,GLY,O,12,47,10,0,17,63,17,0,19,76,24,0,22,99,30,0,28,117,37,0
3ERQ,706,A,43,GLY,HN,11,44,11,0,11,60,15,0,14,72,17,0,19,82,23,0,23,95,29,0
3ERQ,707,A,43,GLY,H,13,49,13,0,15,70,19,0,18,84,28,0,23,104,31,0,27,119,36,0
3ERQ,708,A,43,GLY,H,11,49,12,0,12,61,19,0,16,71,22,0,19,83,29,0,22,101,32,0
3ERQ,709,A,44,PRO,N,10,37,11,0,13,48,13,0,14,65,17,0,17,80,24,0,24,89,29,0
3ERQ,710,A,44,PRO,CA,8,27,11,0,11,38,12,0,14,54,15,0,17,74,21,0,19,95,26,0
3ERQ,711,A,44,PRO,C,7,28,8,0,10,39,12,0,15,56,15,0,19,81,19,0,23,97,26,0
3ERQ,712,A,44,PRO,O,7,24,8,0,10,38,11,0,14,57,15,0,19,78,21,0,24,99,25,0
3ERQ,713,A,44,PRO,H,7,27,11,0,11,38,11,0,15,55,15,0,19,74,22,0,22,90,27,0
3ERQ,714,A,44,PRO,C,6,24,7,0,10,33,9,0,11,44,13,0,14,59,15,0,17,75,20,0
3ERQ,715,A,44,PRO,C,9,26,7,0,10,35,11,0,11,48,13,0,15,60,15,0,16,72,22,0
3ERQ,716,A,44,PRO,C,9,33,10,0,12,46,11,0,13,57,14,0,15,70,18,0,18,81,26,0
3ERQ,717,A,44,PRO,H,5,22,6,0,8,25,8,0,11,34,11,0,13,50,15,0,18,69,17,0
3ERQ,718,A,44,PRO,H,6,21,7,0,8,32,9,0,11,43,12,0,14,59,15,0,17,75,17,0
3ERQ,719,A,44,PRO,H,8,22,7,0,10,35,10,0,11,46,13,0,15,56,16,0,16,66,23,0
3ERQ,720,A,44,PRO,H,6,22,8,0,9,30,9,0,10,42,12,0,12,54,13,0,16,60,15,0
3ERQ,721,A,44,PRO,H,10,36,10,0,11,47,12,0,14,56,16,0,14,69,20,0,18,78,26,0
3ERQ,722,A,44,PRO,H,9,35,10,0,10,47,11,0,12,56,14,0,16,71,18,0,19,83,22,0
3ERQ,723,A,45,GLU,N,7,28,6,0,7,40,11,0,13,59,13,0,18,81,16,0,25,103,23,0
3ERQ,724,A,45,GLU,CA,7,27,6,0,9,36,7,0,12,54,13,0,18,84,18,0,26,108,22,0
3ERQ,725,A,45,GLU,C,7,31,7,0,12,47,10,0,15,71,17,0,22,99,20,0,30,118,28,0
3ERQ,726,A,45,GLU,O,7,31,7,0,12,46,9,0,15,69,16,0,19,94,22,0,31,115,28,1
3ERQ,727,A,45,GLU,HN,7,27,7,0,8,45,11,0,14,59,13,0,18,80,15,0,23,93,22,0
3ERQ,728,A,45,GLU,H,6,25,6,0,8,32,7,0,12,50,10,0,13,74,15,0,24,100,22,0
3ERQ,729,A,45,GLU,C,8,29,5,0,8,36,6,0,10,50,13,0,17,69,17,0,20,102,22,0
3ERQ,730,A,45,GLU,C,6,29,4,0,10,40,9,0,12,54,13,0,17,73,18,0,23,98,21,0
3ERQ,731,A,45,GLU,C,4,26,6,0,8,35,6,0,13,49,12,0,15,68,16,0,23,87,18,0
3ERQ,732,A,45,GLU,O,6,25,7,0,8,42,8,0,15,62,13,0,18,72,15,0,21,85,20,0
3ERQ,733,A,45,GLU,O,4,21,3,0,5,30,6,0,11,35,8,0,13,55,12,0,15,73,17,0
3ERQ,734,A,45,GLU,H,6,22,4,0,8,31,6,0,9,40,7,0,12,53,14,0,19,84,18,0
3ERQ,735,A,45,GLU,H,7,27,5,0,10,37,8,0,12,51,11,0,16,73,18,0,23,103,23,0
3ERQ,736,A,45,GLU,H,5,26,4,0,11,34,9,0,11,56,12,0,18,69,17,0,21,94,22,0
3ERQ,737,A,45,GLU,H,7,32,8,0,11,48,12,0,15,68,16,0,21,91,19,0,26,106,28,0
3ERQ,738,A,46,ALA,N,9,41,10,0,14,57,18,0,18,84,22,0,26,110,26,0,32,124,36,0
3ERQ,739,A,46,ALA,CA,11,47,12,0,15,67,16,0,20,88,26,0,29,110,32,0,34,142,43,1
3ERQ,740,A,46,ALA,C,10,45,12,0,15,63,14,0,22,85,23,0,25,109,35,0,35,149,41,1
3ERQ,741,A,46,ALA,O,9,43,11,0,14,57,13,0,20,86,21,1,26,121,32,1,37,146,40,1
3ERQ,742,A,46,ALA,HN,9,42,11,0,15,64,16,0,21,85,22,0,25,107,26,0,30,127,36,0
3ERQ,743,A,46,ALA,H,10,46,11,0,16,66,16,0,21,84,24,0,27,111,31,1,35,143,41,1
3ERQ,744,A,46,ALA,C,14,49,11,0,16,74,20,0,24,95,27,0,29,120,36,0,34,155,45,0
3ERQ,745,A,46,ALA,H,13,51,13,0,16,69,18,0,25,94,31,0,28,130,42,0,41,158,45,1
3ERQ,746,A,46,ALA,H,15,47,14,0,16,73,20,0,22,94,29,0,29,119,36,0,33,144,46,0
3ERQ,747,A,46,ALA,H,12,48,12,0,17,69,21,0,23,96,27,0,30,122,37,0,34,149,47,0
3ERQ,748,A,47,SER,N,11,43,13,0,13,66,18,0,20,81,24,0,24,107,30,0,31,136,38,0
3ERQ,749,A,47,SER,CA,10,38,12,0,14,58,17,0,18,85,23,0,24,104,28,0,29,131,36,0
3ERQ,750,A,47,SER,C,10,37,10,0,14,53,15,0,18,74,18,0,21,102,24,0,29,121,34,1
3ERQ,751,A,47,SER,O,11,35,12,0,16,46,14,0,18,73,18,0,21,105,24,1,26,131,34,1
3ERQ,752,A,47,SER,HN,12,45,13,0,15,66,20,0,18,80,23,0,25,104,29,0,28,126,38,0
3ERQ,753,A,47,SER,H,12,39,15,0,15,62,18,0,22,88,25,0,24,114,27,0,30,134,37,1
3ERQ,754,A,47,SER,C,11,37,13,0,14,54,17,0,19,70,19,0,24,92,27,0,25,115,33,0
3ERQ,755,A,47,SER,OH,10,37,13,0,17,56,19,0,20,78,24,0,24,99,28,0,26,117,36,0
3ERQ,756,A,47,SER,H,11,39,10,0,14,50,16,0,17,62,20,0,21,88,27,0,26,111,32,0
3ERQ,757,A,47,SER,H,11,34,10,0,13,50,16,0,18,66,21,0,22,85,26,0,25,105,31,0
3ERQ,758,A,47,SER,HO,9,34,11,0,16,48,16,0,19,72,23,0,24,89,28,0,25,109,35,0
3ERQ,759,A,48,ALA,N,9,32,8,0,12,49,13,0,15,68,17,0,18,89,23,0,25,109,26,1
3ERQ,760,A,48,ALA,CA,8,26,9,0,11,42,9,0,13,62,16,0,19,80,20,0,22,96,26,1
3ERQ,761,A,48,ALA,C,8,31,7,0,11,44,10,0,15,62,15,1,20,84,20,1,24,100,28,1
3ERQ,762,A,48,ALA,O,8,31,8,0,12,45,10,0,15,61,16,1,19,75,19,1,22,99,24,1
3ERQ,763,A,48,ALA,HN,9,35,9,0,12,49,12,0,15,64,19,0,18,83,23,0,26,104,29,0
3ERQ,764,A,48,ALA,H,9,25,8,0,12,43,13,0,16,57,15,0,18,79,20,0,21,97,26,1
3ERQ,765,A,48,ALA,C,7,26,6,0,9,39,9,0,11,52,12,0,14,67,18,0,19,82,22,0
3ERQ,766,A,48,ALA,H,7,23,5,0,9,31,7,0,11,42,11,0,13,60,17,0,18,76,19,0
3ERQ,767,A,48,ALA,H,8,25,7,0,8,38,9,0,12,52,12,0,13,63,14,0,18,87,22,0
3ERQ,768,A,48,ALA,H,9,20,5,0,9,34,7,0,11,49,12,0,14,63,18,0,18,77,20,0
3ERQ,769,A,49,PHE,N,8,32,9,0,9,42,12,0,13,59,14,1,20,82,23,1,28,108,31,1
3ERQ,770,A,49,PHE,CA,7,31,7,0,10,46,11,1,12,62,17,1,22,85,22,1,31,107,34,1
3ERQ,771,A,49,PHE,C,8,32,9,1,10,51,12,1,14,69,15,1,24,89,24,1,33,120,33,1
3ERQ,772,A,49,PHE,O,7,32,8,1,10,46,11,1,15,68,15,1,20,85,22,1,31,113,33,1
3ERQ,773,A,49,PHE,HN,8,31,9,0,10,48,12,0,15,64,15,1,20,84,24,1,30,118,32,1
3ERQ,774,A,49,PHE,H,7,27,8,0,10,39,8,1,12,54,15,1,19,77,22,1,28,94,27,1
3ERQ,775,A,49,PHE,C,9,32,6,1,11,50,14,1,19,68,19,1,24,89,24,1,31,116,32,1
3ERQ,776,A,49,PHE,C,8,34,8,1,14,52,12,1,20,65,20,1,25,85,27,1,30,114,31,1
3ERQ,777,A,49,PHE,C,5,23,7,1,12,42,10,1,19,57,15,1,22,74,25,1,26,103,29,1
3ERQ,778,A,49,PHE,C,6,33,8,1,17,53,15,1,22,72,19,1,25,95,26,1,29,129,32,1
3ERQ,779,A,49,PHE,C,4,19,5,1,10,36,8,1,16,58,13,1,22,76,22,1,28,104,26,1
3ERQ,780,A,49,PHE,C,7,28,9,1,15,51,13,1,21,73,20,1,24,92,25,1,31,127,33,2
3ERQ,781,A,49,PHE,C,6,25,4,1,11,40,12,1,19,59,17,1,24,88,23,1,29,109,32,1
3ERQ,782,A,49,PHE,H,10,36,10,0,13,50,14,1,20,75,20,1,28,103,27,1,34,132,36,1
3ERQ,783,A,49,PHE,H,7,27,5,0,11,49,15,1,17,66,21,1,23,84,22,1,31,115,29,1
3ERQ,784,A,49,PHE,H,3,22,5,0,13,42,7,1,15,54,14,1,20,70,23,1,26,93,28,1
3ERQ,785,A,49,PHE,H,10,38,9,1,18,58,13,1,22,78,20,1,26,105,28,1,35,137,38,1
3ERQ,786,A,49,PHE,H,4,13,3,1,8,27,7,1,14,47,10,1,20,69,18,1,27,91,26,1
3ERQ,787,A,49,PHE,H,10,33,8,1,14,49,14,1,20,75,22,1,26,105,28,2,34,127,30,2
3ERQ,788,A,49,PHE,H,6,22,6,1,10,36,9,1,15,60,16,1,23,78,22,1,29,103,31,1
3ERQ,789,A,50,THR,N,9,42,9,1,12,60,13,1,17,79,19,1,27,108,27,1,36,137,40,1
3ERQ,790,A,50,THR,CA,9,45,11,1,14,63,12,1,20,88,18,1,26,118,30,1,38,148,41,1
3ERQ,791,A,50,THR,C,9,44,9,1,14,62,14,1,19,86,21,1,26,110,24,1,31,137,38,1
3ERQ,792,A,50,THR,O,8,39,10,1,13,65,14,1,20,87,19,1,28,115,31,1,34,140,36,1
3ERQ,793,A,50,THR,HN,9,41,10,0,13,60,13,1,17,84,21,1,29,110,27,1,35,143,40,1
3ERQ,794,A,50,THR,H,8,45,10,1,13,64,12,1,22,89,18,1,27,125,32,1,40,151,41,1
3ERQ,795,A,50,THR,C,11,47,11,1,17,70,14,1,20,93,23,1,28,122,35,1,39,155,42,1
3ERQ,796,A,50,THR,OH,12,45,10,1,16,74,15,1,22,99,26,1,32,125,36,1,47,162,44,1
3ERQ,797,A,50,THR,C,13,46,11,0,18,72,16,1,22,94,25,1,29,132,33,1,42,163,42,1
3ERQ,798,A,50,THR,H,13,45,11,0,15,65,16,1,19,87,24,1,28,117,31,1,37,156,40,1
3ERQ,799,A,50,THR,HO,10,43,9,0,17,69,16,1,24,103,27,1,34,131,37,1,47,164,48,1
3ERQ,800,A,50,THR,H,9,43,8,0,18,72,19,1,24,93,23,1,31,130,36,1,43,171,47,1
3ERQ,801,A,50,THR,H,11,45,10,1,19,67,14,1,25,99,23,1,30,136,35,1,40,170,45,2
3ERQ,802,A,50,THR,H,14,47,11,0,17,72,18,1,21,97,23,1,30,127,30,1,38,159,41,1
3ERQ,803,A,51,LYS,N,12,41,11,0,14,58,17,1,17,73,21,1,20,100,23,1,28,123,29,1
3ERQ,804,A,51,LYS,CA,9,35,11,0,13,51,18,0,15,68,20,1,21,88,22,1,26,114,29,1
3ERQ,805,A,51,LYS,C,9,35,10,0,11,45,14,1,16,63,17,1,18,80,22,1,25,98,26,1
3ERQ,806,A,51,LYS,O,10,36,11,0,11,47,14,0,12,59,17,1,17,79,22,1,25,100,28,1
3ERQ,807,A,51,LYS,HN,10,37,11,0,14,58,16,0,18,74,21,1,19,101,24,1,28,128,30,1
3ERQ,808,A,51,LYS,H,11,37,13,0,13,52,18,0,18,68,19,1,24,96,24,1,27,121,31,1
3ERQ,809,A,51,LYS,C,10,29,10,0,13,43,14,0,14,60,20,0,20,79,22,1,25,100,25,1
3ERQ,810,A,51,LYS,C,8,21,8,0,11,41,12,0,14,53,18,0,16,69,20,0,24,86,24,1
3ERQ,811,A,51,LYS,C,4,15,6,0,10,28,11,0,13,43,15,0,17,63,20,0,20,82,23,0
3ERQ,812,A,51,LYS,C,2,11,5,0,6,21,6,0,10,32,12,0,14,47,17,0,16,68,19,0
3ERQ,813,A,51,LYS,N,2,8,4,0,5,16,6,0,7,26,8,0,11,38,11,0,16,60,19,0
3ERQ,814,A,51,LYS,H,8,27,12,0,13,43,14,0,15,56,19,0,19,78,22,1,24,97,23,1
3ERQ,815,A,51,LYS,H,12,27,11,0,12,45,15,0,16,68,21,0,22,84,23,0,24,108,26,1
3ERQ,816,A,51,LYS,H,8,24,7,0,12,45,14,0,15,54,18,0,20,69,21,0,24,90,26,0
3ERQ,817,A,51,LYS,H,9,21,9,0,9,34,11,0,13,47,17,0,18,61,19,0,20,79,22,1
3ERQ,818,A,51,LYS,H,3,12,5,0,7,21,10,0,11,40,14,0,17,60,16,0,20,80,22,0
3ERQ,819,A,51,LYS,H,6,16,8,0,8,32,11,0,13,46,15,0,17,70,19,0,22,85,24,0
3ERQ,820,A,51,LYS,H,3,11,4,0,6,24,8,0,12,36,12,0,14,52,17,0,18,68,21,0
3ERQ,821,A,51,LYS,H,1,6,5,0,5,15,5,0,8,27,9,0,14,41,15,0,15,58,18,0
3ERQ,822,A,51,LYS,HN,1,7,3,0,2,9,5,0,5,19,6,0,9,31,11,0,12,49,13,0
3ERQ,823,A,51,LYS,HN,1,5,4,0,4,14,6,0,7,25,7,0,10,42,11,0,17,58,18,0
3ERQ,824,A,51,LYS,HN,3,11,5,0,6,20,6,0,8,30,10,0,12,49,13,0,15,68,20,0
3ERQ,825,A,52,LYS,N,9,36,10,0,11,44,14,1,13,54,17,1,17,74,18,1,19,87,24,1
3ERQ,826,A,52,LYS,CA,8,31,11,0,10,39,12,1,11,49,14,1,13,62,18,1,18,80,21,1
3ERQ,827,A,52,LYS,C,9,27,10,1,9,45,12,1,10,53,14,1,14,67,18,1,18,88,26,1
3ERQ,828,A,52,LYS,O,8,28,10,1,9,34,12,1,10,52,15,1,13,63,17,1,18,83,23,1
3ERQ,829,A,52,LYS,HN,8,35,11,0,11,45,14,1,15,57,16,1,18,74,20,1,19,91,23,1
3ERQ,830,A,52,LYS,H,9,28,10,0,11,36,12,0,11,43,12,1,12,57,17,1,15,70,19,1
3ERQ,831,A,52,LYS,C,9,26,7,0,9,39,11,1,11,44,14,1,13,56,15,1,15,70,18,1
3ERQ,832,A,52,LYS,C,7,16,6,0,9,32,9,0,10,38,12,1,10,46,14,1,12,56,17,1
3ERQ,833,A,52,LYS,C,3,7,4,0,7,20,4,0,9,31,9,1,10,38,13,1,12,51,15,1
3ERQ,834,A,52,LYS,C,2,2,2,0,3,9,4,0,5,21,6,0,9,34,9,1,10,38,13,1
3ERQ,835,A,52,LYS,N,1,1,1,0,2,2,2,0,3,10,3,0,4,20,5,0,10,30,10,1
3ERQ,836,A,52,LYS,H,9,25,7,0,9,36,10,1,11,51,15,1,14,61,16,1,17,83,21,1
3ERQ,837,A,52,LYS,H,9,23,7,0,9,34,10,0,11,44,14,1,13,52,15,1,15,62,17,1
3ERQ,838,A,52,LYS,H,5,17,6,0,9,26,9,0,10,36,12,1,11,45,13,1,12,49,16,1
3ERQ,839,A,52,LYS,H,7,17,7,0,9,31,8,1,9,41,11,1,10,47,15,1,12,66,17,1
3ERQ,840,A,52,LYS,H,3,13,3,0,5,22,5,0,9,27,8,1,10,43,12,1,14,58,16,1
3ERQ,841,A,52,LYS,H,3,8,4,0,6,16,4,0,9,30,9,0,10,38,13,1,14,47,15,1
3ERQ,842,A,52,LYS,H,2,3,1,0,3,5,4,0,6,15,8,0,9,30,9,0,10,36,13,1
3ERQ,843,A,52,LYS,H,2,4,1,0,3,11,4,0,7,19,6,1,9,33,9,1,10,42,13,1
3ERQ,844,A,52,LYS,HN,1,1,1,0,1,2,1,0,2,4,3,0,4,14,5,0,7,24,7,0
3ERQ,845,A,52,LYS,HN,1,1,0,0,2,5,3,0,3,13,3,0,5,20,5,0,10,31,9,1
3ERQ,846,A,52,LYS,HN,1,1,0,0,1,2,2,0,3,8,3,0,4,16,4,0,9,29,9,0
3ERQ,847,A,53,MET,N,9,39,8,0,11,50,12,0,12,62,16,0,18,81,23,0,27,107,31,0
3ERQ,848,A,53,MET,CA,8,37,8,0,11,49,11,0,14,68,20,0,21,92,26,0,28,117,28,0
3ERQ,849,A,53,MET,C,9,35,10,0,12,50,15,0,15,76,22,0,25,98,26,0,31,127,33,0
3ERQ,850,A,53,MET,O,10,33,14,0,14,49,15,0,18,81,20,0,24,97,25,0,29,125,33,0
3ERQ,851,A,53,MET,HN,8,41,9,0,11,51,11,0,13,65,17,0,20,87,24,0,28,113,30,0
3ERQ,852,A,53,MET,H,8,34,9,0,12,49,12,0,14,64,17,0,21,84,24,0,25,108,28,0
3ERQ,853,A,53,MET,C,10,34,8,0,12,55,13,0,18,76,19,0,23,106,26,0,34,132,35,0
3ERQ,854,A,53,MET,C,9,38,9,0,16,57,13,0,19,81,19,0,25,107,28,0,31,130,32,1
3ERQ,855,A,53,MET,S,8,34,9,0,14,55,10,0,21,80,19,0,26,102,30,1,31,135,35,1
3ERQ,856,A,53,MET,C,10,29,7,0,13,55,13,0,16,75,20,1,23,97,25,1,31,127,33,1
3ERQ,857,A,53,MET,H,7,37,7,0,12,60,13,0,18,83,21,0,27,108,28,0,37,139,36,0
3ERQ,858,A,53,MET,H,6,33,6,0,12,49,14,0,17,69,17,0,23,96,24,0,31,121,33,0
3ERQ,859,A,53,MET,H,9,35,9,0,14,58,16,0,21,73,21,0,25,92,24,0,28,123,30,1
3ERQ,860,A,53,MET,H,12,37,11,0,15,62,12,0,20,90,23,0,27,111,29,0,32,138,34,1
3ERQ,861,A,53,MET,H,8,34,8,0,13,48,15,1,17,73,17,1,22,91,23,1,27,124,32,1
3ERQ,862,A,53,MET,H,9,26,7,0,12,43,13,0,15,66,19,0,22,93,25,1,30,114,31,1
3ERQ,863,A,53,MET,H,10,34,7,0,14,57,12,1,17,82,22,1,24,109,27,1,35,124,34,1
3ERQ,864,A,54,VAL,N,8,41,10,1,9,56,15,1,17,74,20,1,24,102,28,1,37,129,40,1
3ERQ,865,A,54,VAL,CA,7,41,10,1,13,55,14,1,21,75,21,1,25,103,35,1,35,134,39,1
3ERQ,866,A,54,VAL,C,7,33,10,0,13,49,15,0,18,69,21,1,21,90,28,1,29,116,33,1
3ERQ,867,A,54,VAL,O,9,34,9,0,15,47,16,0,18,70,24,1,21,88,27,1,28,112,32,1
3ERQ,868,A,54,VAL,HN,7,42,9,1,11,58,14,1,15,74,20,1,28,101,28,1,38,130,36,1
3ERQ,869,A,54,VAL,H,10,41,10,1,16,61,15,1,19,75,23,1,27,106,33,1,34,141,40,1
3ERQ,870,A,54,VAL,C,8,43,6,0,14,62,12,1,22,82,28,1,31,112,35,1,39,148,41,1
3ERQ,871,A,54,VAL,C,10,40,6,1,14,65,12,1,23,87,27,1,33,128,40,1,46,171,43,1
3ERQ,872,A,54,VAL,C,10,39,9,0,15,58,17,0,20,85,24,1,29,113,29,1,39,145,39,1
3ERQ,873,A,54,VAL,H,9,43,9,0,14,65,15,0,24,84,28,1,27,110,34,1,39,149,44,1
3ERQ,874,A,54,VAL,H,7,48,7,0,17,64,14,1,26,90,27,1,34,135,38,1,45,179,46,1
3ERQ,875,A,54,VAL,H,8,41,7,1,14,69,15,1,24,93,28,1,34,122,34,1,45,169,45,1
3ERQ,876,A,54,VAL,H,8,43,6,1,18,65,13,1,23,88,27,1,34,134,38,1,45,172,45,1
3ERQ,877,A,54,VAL,H,12,39,10,0,17,63,17,0,19,87,23,1,28,120,31,1,40,146,41,1
3ERQ,878,A,54,VAL,H,9,37,9,0,14,57,19,0,17,75,22,1,26,100,28,1,36,131,36,1
3ERQ,879,A,54,VAL,H,8,37,12,0,14,57,15,1,21,85,21,1,28,115,29,1,35,133,38,1
3ERQ,880,A,55,GLU,N,7,33,8,0,10,43,10,0,16,60,18,1,21,81,24,1,28,100,29,1
3ERQ,881,A,55,GLU,CA,6,27,8,0,10,36,8,0,13,48,13,0,18,68,20,1,22,87,24,1
3ERQ,882,A,55,GLU,C,7,22,7,0,7,32,9,0,10,44,12,0,15,59,17,1,19,76,22,1
3ERQ,883,A,55,GLU,O,5,18,7,0,8,27,9,0,9,36,12,0,14,54,14,0,18,66,20,1
3ERQ,884,A,55,GLU,HN,8,34,10,0,9,46,11,0,14,58,13,1,23,80,23,1,27,106,29,1
3ERQ,885,A,55,GLU,H,6,27,8,0,11,36,10,0,14,49,12,0,15,67,21,0,23,91,25,1
3ERQ,886,A,55,GLU,C,7,26,8,0,9,32,9,0,12,45,13,0,15,57,15,0,21,72,21,1
3ERQ,887,A,55,GLU,C,8,26,5,0,10,35,11,0,15,51,15,0,18,61,17,0,20,76,20,0
3ERQ,888,A,55,GLU,C,6,16,4,0,9,30,8,0,12,40,11,0,17,56,15,0,18,67,18,0
3ERQ,889,A,55,GLU,O,3,13,3,0,8,21,4,0,10,33,8,0,11,46,15,0,18,56,15,0
3ERQ,890,A,55,GLU,O,5,19,3,0,9,28,8,0,11,40,10,0,18,52,16,0,19,72,19,0
3ERQ,891,A,55,GLU,H,6,19,6,0,7,28,8,0,10,39,11,0,13,50,14,0,19,65,19,0
3ERQ,892,A,55,GLU,H,7,24,7,0,9,33,10,0,11,42,11,0,16,56,15,0,20,70,18,1
3ERQ,893,A,55,GLU,H,7,28,8,0,12,40,12,0,17,58,16,0,19,67,19,0,25,90,22,1
3ERQ,894,A,55,GLU,H,6,25,6,0,11,37,11,0,14,47,15,0,17,64,17,0,24,86,21,0
3ERQ,895,A,56,ASN,N,6,22,8,0,7,36,11,0,9,45,16,1,15,59,17,1,18,76,20,1
3ERQ,896,A,56,ASN,CA,6,19,8,0,7,31,10,0,9,43,15,0,12,52,16,1,14,67,18,1
3ERQ,897,A,56,ASN,C,7,23,8,0,8,37,11,0,10,46,13,1,14,56,17,1,19,72,20,1
3ERQ,898,A,56,ASN,O,7,20,7,0,7,29,11,0,11,41,12,0,15,53,17,1,16,66,18,1
3ERQ,899,A,56,ASN,HN,7,28,9,0,7,35,12,0,11,48,14,1,16,66,18,1,18,86,22,1
3ERQ,900,A,56,ASN,H,5,15,8,0,6,26,9,0,7,36,12,0,11,47,15,0,13,59,17,1
3ERQ,901,A,56,ASN,C,6,19,7,0,7,25,10,0,9,38,14,1,12,47,16,1,14,71,18,1
3ERQ,902,A,56,ASN,C,6,16,6,0,7,21,8,0,8,30,12,0,9,43,13,1,12,58,14,1
3ERQ,903,A,56,ASN,O,6,17,6,0,6,24,10,0,8,31,12,0,10,42,13,1,13,56,15,1
3ERQ,904,A,56,ASN,N,5,11,4,0,6,16,6,0,7,22,10,0,8,33,12,1,10,50,14,1
3ERQ,905,A,56,ASN,H,5,15,6,0,7,25,8,0,9,31,12,1,11,44,16,1,14,58,17,1
3ERQ,906,A,56,ASN,H,6,21,7,0,7,30,12,1,10,41,13,1,13,59,15,1,17,79,20,1
3ERQ,907,A,56,ASN,HN,3,8,2,0,6,14,4,0,7,20,9,0,7,29,12,1,11,47,14,1
3ERQ,908,A,56,ASN,HN,4,9,2,0,6,13,5,0,6,20,8,0,8,29,12,0,10,41,12,1
3ERQ,909,A,57,ALA,N,9,32,12,0,11,41,14,0,12,53,16,1,17,62,21,1,21,88,24,1
3ERQ,910,A,57,ALA,CA,8,30,12,0,11,43,14,0,15,52,17,1,17,71,19,1,23,92,28,1
3ERQ,911,A,57,ALA,C,7,26,9,0,9,37,12,0,14,47,16,0,16,64,19,0,20,81,25,1
3ERQ,912,A,57,ALA,O,7,28,8,0,10,38,14,0,13,52,16,0,16,61,20,0,21,78,23,1
3ERQ,913,A,57,ALA,HN,9,33,11,0,11,43,15,0,13,54,16,1,16,68,22,1,23,99,26,1
3ERQ,914,A,57,ALA,H,8,29,12,0,12,38,13,0,14,53,16,1,18,66,18,1,22,86,25,1
3ERQ,915,A,57,ALA,C,8,35,11,0,12,47,17,0,16,69,19,1,21,89,25,1,28,108,29,1
3ERQ,916,A,57,ALA,H,10,35,12,0,14,49,15,0,15,71,22,1,22,90,24,1,28,107,28,1
3ERQ,917,A,57,ALA,H,10,37,11,0,12,50,16,0,16,68,21,1,23,95,26,1,30,117,31,1
3ERQ,918,A,57,ALA,H,9,39,12,1,14,51,17,1,17,73,21,1,22,95,25,1,31,116,31,1
3ERQ,919,A,58,LYS,N,5,21,9,0,7,29,10,0,11,36,14,0,15,49,15,0,18,69,21,1
3ERQ,920,A,58,LYS,CA,4,14,7,0,5,24,7,0,9,30,13,0,13,43,15,0,16,56,18,0
3ERQ,921,A,58,LYS,C,4,17,7,0,5,25,10,0,11,36,13,0,14,46,15,0,16,62,21,0
3ERQ,922,A,58,LYS,O,3,12,5,0,4,20,9,0,9,32,10,0,13,45,16,0,14,56,18,0
3ERQ,923,A,58,LYS,HN,5,21,10,0,8,28,11,0,11,35,14,0,15,53,17,0,17,66,20,1
3ERQ,924,A,58,LYS,H,4,13,7,0,5,21,7,0,7,30,11,0,12,43,15,0,14,52,18,0
3ERQ,925,A,58,LYS,C,4,11,5,0,4,14,6,0,6,24,9,0,9,29,12,0,13,40,16,0
3ERQ,926,A,58,LYS,C,4,13,5,0,5,15,7,0,7,22,9,0,9,30,13,0,13,40,16,0
3ERQ,927,A,58,LYS,C,1,9,3,0,3,13,6,0,6,15,7,0,6,20,8,0,10,28,13,0
3ERQ,928,A,58,LYS,C,1,7,2,0,2,12,5,0,6,15,7,0,6,18,8,0,9,29,11,0
3ERQ,929,A,58,LYS,N,2,10,3,0,5,11,5,0,5,15,8,0,6,21,10,0,9,29,11,0
3ERQ,930,A,58,LYS,H,2,10,4,0,5,14,6,0,5,21,9,0,8,27,11,0,12,34,14,0
3ERQ,931,A,58,LYS,H,2,10,5,0,4,12,5,0,5,19,7,0,7,26,10,0,11,36,15,0
3ERQ,932,A,58,LYS,H,4,14,6,0,6,17,7,0,8,26,11,0,10,34,15,0,12,47,17,0
3ERQ,933,A,58,LYS,H,4,14,6,0,5,17,7,0,8,24,10,0,11,37,13,0,14,47,19,0
3ERQ,934,A,58,LYS,H,1,6,4,0,3,12,5,0,3,15,6,0,7,18,8,0,9,26,10,0
3ERQ,935,A,58,LYS,H,1,6,3,0,1,10,5,0,4,14,6,0,6,17,7,0,7,26,11,0
3ERQ,936,A,58,LYS,H,2,8,3,0,4,13,6,0,6,17,7,0,9,23,8,0,10,34,13,0
3ERQ,937,A,58,LYS,H,1,3,2,0,1,7,2,0,4,12,6,0,6,15,7,0,7,18,8,0
3ERQ,938,A,58,LYS,HN,2,8,2,0,4,10,4,0,5,14,6,0,5,20,10,0,10,26,12,0
3ERQ,939,A,58,LYS,HN,1,9,2,0,4,11,3,0,5,13,6,0,6,20,9,0,8,26,11,0
3ERQ,940,A,58,LYS,HN,5,11,4,0,5,14,6,0,6,20,10,0,9,28,11,0,10,35,15,0
3ERQ,941,A,59,LYS,N,6,22,8,0,8,29,13,0,13,42,15,0,16,54,17,0,18,74,23,0
3ERQ,942,A,59,LYS,CA,8,26,8,0,9,31,13,0,13,45,15,0,18,57,20,0,19,86,24,0
3ERQ,943,A,59,LYS,C,8,29,12,0,13,40,15,0,16,58,18,0,18,81,22,0,25,101,28,1
3ERQ,944,A,59,LYS,O,10,29,13,0,12,39,16,0,17,64,19,0,21,89,22,1,27,109,27,1
3ERQ,945,A,59,LYS,HN,8,23,10,0,9,32,14,0,13,42,16,0,16,60,19,0,20,79,23,1
3ERQ,946,A,59,LYS,H,5,22,7,0,11,35,9,0,13,44,16,0,16,54,20,0,19,75,22,0
3ERQ,947,A,59,LYS,C,6,23,9,0,8,28,11,0,10,38,14,0,15,50,18,0,20,71,22,0
3ERQ,948,A,59,LYS,C,6,19,7,0,9,33,12,0,12,43,13,0,15,56,19,0,18,68,22,0
3ERQ,949,A,59,LYS,C,5,16,6,0,7,27,9,0,11,43,15,0,14,51,17,0,17,66,19,0
3ERQ,950,A,59,LYS,C,4,9,4,0,6,23,9,0,12,39,13,0,15,49,17,0,17,65,18,0
3ERQ,951,A,59,LYS,N,3,10,3,0,6,20,6,0,12,37,12,0,15,45,15,0,16,63,19,0
3ERQ,952,A,59,LYS,H,7,25,10,0,9,31,12,0,11,35,17,0,14,52,18,0,22,79,22,0
3ERQ,953,A,59,LYS,H,5,18,6,0,6,24,11,0,8,31,12,0,12,41,14,0,16,54,20,0
3ERQ,954,A,59,LYS,H,5,17,5,0,8,27,9,0,11,40,14,0,15,51,15,0,16,61,21,0
3ERQ,955,A,59,LYS,H,7,23,8,0,10,39,13,0,14,52,15,0,17,64,19,0,19,81,25,0
3ERQ,956,A,59,LYS,H,6,19,9,0,8,32,11,0,13,45,16,0,16,58,16,0,20,69,22,0
3ERQ,957,A,59,LYS,H,4,16,6,0,6,18,8,0,8,31,10,0,12,44,15,0,15,55,18,0
3ERQ,958,A,59,LYS,H,2,5,3,0,6,15,5,0,8,31,10,0,13,42,14,0,16,54,17,0
3ERQ,959,A,59,LYS,H,4,12,5,0,9,25,10,0,12,45,13,0,16,56,17,0,17,71,19,0
3ERQ,960,A,59,LYS,HN,0,5,2,0,5,15,4,0,9,26,8,0,13,40,13,0,15,55,17,0
3ERQ,961,A,59,LYS,HN,5,15,4,0,10,27,9,0,14,40,13,0,16,56,18,0,17,73,22,0
3ERQ,962,A,59,LYS,HN,3,7,3,0,6,19,5,0,8,32,12,0,14,43,13,0,15,58,17,0
3ERQ,963,A,60,ILE,N,10,33,11,0,15,46,15,0,17,69,20,0,22,87,24,0,28,111,29,0
3ERQ,964,A,60,ILE,CA,10,37,11,0,15,57,17,0,21,78,22,0,27,103,27,0,32,131,31,1
3ERQ,965,A,60,ILE,C,10,35,9,0,16,56,16,0,19,76,22,0,26,104,25,0,33,134,32,0
3ERQ,966,A,60,ILE,O,10,33,9,0,12,50,15,0,16,70,19,0,24,97,23,0,28,122,30,0
3ERQ,967,A,60,ILE,HN,8,32,8,0,14,40,14,0,15,62,19,0,22,80,23,0,27,101,27,0
3ERQ,968,A,60,ILE,H,10,40,13,0,16,58,18,0,22,82,23,0,25,107,27,1,33,133,34,1
3ERQ,969,A,60,ILE,C,10,40,9,0,14,60,16,0,20,76,23,0,28,107,29,0,33,145,37,1
3ERQ,970,A,60,ILE,C,13,38,10,0,16,55,14,0,19,79,24,0,27,107,31,1,35,136,35,1
3ERQ,971,A,60,ILE,C,8,42,7,0,16,64,19,0,22,85,24,0,30,125,30,0,37,159,38,1
3ERQ,972,A,60,ILE,C,11,39,9,0,16,64,18,0,21,85,22,1,29,116,30,1,37,144,42,1
3ERQ,973,A,60,ILE,H,6,34,10,0,15,53,13,0,19,76,18,0,26,98,27,0,31,128,34,1
3ERQ,974,A,60,ILE,H,12,35,10,0,17,51,14,0,20,80,22,0,26,104,29,0,31,134,37,1
3ERQ,975,A,60,ILE,H,10,37,11,0,13,52,15,0,17,70,19,0,25,92,28,0,32,121,35,1
3ERQ,976,A,60,ILE,H,11,43,8,0,15,64,15,0,24,90,22,0,30,121,32,0,41,167,40,1
3ERQ,977,A,60,ILE,H,10,39,9,0,13,64,17,0,22,92,25,0,32,135,31,1,39,165,42,1
3ERQ,978,A,60,ILE,H,9,37,8,0,16,64,13,0,18,91,22,0,29,118,27,0,39,161,37,0
3ERQ,979,A,60,ILE,H,11,38,12,0,14,60,18,0,22,85,22,1,29,110,30,1,35,133,38,1
3ERQ,980,A,60,ILE,H,10,39,12,0,18,63,18,1,21,88,23,1,26,111,31,1,37,139,37,1
3ERQ,981,A,60,ILE,H,10,41,10,0,18,62,14,0,24,92,25,1,32,123,34,1,38,155,47,1
3ERQ,982,A,61,GLU,N,13,41,9,0,15,62,13,0,21,82,20,0,26,116,26,0,32,140,32,1
3ERQ,983,A,61,GLU,CA,10,50,10,0,15,61,11,0,20,79,19,0,23,110,27,0,31,142,32,1
3ERQ,984,A,61,GLU,C,10,44,10,0,15,69,14,0,19,98,20,0,27,123,25,1,35,158,34,1
3ERQ,985,A,61,GLU,O,10,47,9,0,16,68,14,0,24,103,20,1,26,133,28,1,39,167,39,2
3ERQ,986,A,61,GLU,HN,10,48,11,0,17,69,12,0,23,88,22,0,26,118,27,1,33,142,32,2
3ERQ,987,A,61,GLU,H,10,42,9,0,15,56,11,0,19,78,16,0,23,104,23,0,29,134,30,0
3ERQ,988,A,61,GLU,C,14,43,9,0,15,62,15,0,20,77,19,0,23,93,21,0,29,130,33,1
3ERQ,989,A,61,GLU,C,13,37,6,0,15,54,14,0,17,69,18,0,21,87,22,0,27,105,26,0
3ERQ,990,A,61,GLU,C,11,30,7,0,14,43,13,0,17,60,17,0,20,81,20,0,25,99,24,1
3ERQ,991,A,61,GLU,O,11,32,9,0,13,49,15,0,17,62,16,0,22,79,20,1,25,103,25,1
3ERQ,992,A,61,GLU,O,8,24,7,0,12,33,10,0,16,48,12,0,17,70,20,0,21,87,21,0
3ERQ,993,A,61,GLU,H,11,42,8,0,15,58,15,0,19,76,17,0,25,97,24,0,27,129,28,1
3ERQ,994,A,61,GLU,H,13,44,10,0,17,65,16,0,21,81,20,0,25,96,22,1,30,134,32,2
3ERQ,995,A,61,GLU,H,12,36,8,0,15,55,15,0,20,67,18,0,22,87,22,0,26,104,28,0
3ERQ,996,A,61,GLU,H,11,31,7,0,14,49,9,0,16,62,17,0,20,78,20,0,27,99,26,0
3ERQ,997,A,62,VAL,N,11,51,13,0,14,75,15,0,17,95,23,0,28,115,25,0,40,153,35,2
3ERQ,998,A,62,VAL,CA,11,55,10,0,12,78,18,0,18,90,23,0,29,125,28,1,43,174,35,2
3ERQ,999,A,62,VAL,C,10,52,11,0,14,74,18,0,19,96,21,0,27,121,26,1,37,157,33,2
3ERQ,1000,A,62,VAL,O,10,43,11,0,15,71,15,0,20,96,21,0,28,113,24,0,31,140,28,2
3ERQ,1001,A,62,VAL,HN,10,49,12,0,13,67,16,0,18,93,19,0,26,109,25,0,37,141,32,1
3ERQ,1002,A,62,VAL,H,11,52,8,0,13,77,16,0,19,102,25,0,31,140,30,2,43,178,41,2
3ERQ,1003,A,62,VAL,C,10,56,7,0,15,76,15,0,20,100,24,1,31,125,32,1,40,164,36,1
3ERQ,1004,A,62,VAL,C,10,52,9,0,17,74,15,1,23,99,24,1,30,126,32,1,40,165,36,1
3ERQ,1005,A,62,VAL,C,12,49,8,0,16,76,17,1,22,102,25,1,31,133,34,1,40,171,38,1
3ERQ,1006,A,62,VAL,H,6,50,12,0,15,72,13,0,19,96,21,1,29,116,30,1,36,146,36,1
3ERQ,1007,A,62,VAL,H,10,47,8,1,17,74,15,1,26,95,23,1,31,118,31,1,41,161,38,1
3ERQ,1008,A,62,VAL,H,9,50,7,0,15,76,14,1,23,100,26,1,34,140,34,1,41,176,40,2
3ERQ,1009,A,62,VAL,H,7,46,10,0,17,70,13,1,22,95,21,1,28,123,27,1,37,153,38,1
3ERQ,1010,A,62,VAL,H,9,49,10,1,17,71,14,1,26,101,23,1,32,132,29,1,40,169,39,2
3ERQ,1011,A,62,VAL,H,10,49,9,0,16,74,14,0,20,103,24,1,30,132,32,1,40,170,38,1
3ERQ,1012,A,62,VAL,H,9,47,9,0,18,76,18,1,25,111,23,1,33,138,33,1,39,182,41,2
3ERQ,1013,A,63,GLU,N,11,50,11,0,14,73,15,0,22,101,20,1,27,130,27,1,38,155,32,2
3ERQ,1014,A,63,GLU,CA,9,53,10,0,15,72,15,0,22,94,20,1,27,119,25,1,35,145,32,1
3ERQ,1015,A,63,GLU,C,11,49,9,0,15,75,13,0,21,96,20,1,30,128,26,1,42,155,33,2
3ERQ,1016,A,63,GLU,O,7,47,9,0,18,70,13,1,21,105,22,1,35,135,28,1,43,169,32,1
3ERQ,1017,A,63,GLU,HN,10,51,10,0,14,78,14,1,22,107,20,1,31,139,28,1,40,162,35,2
3ERQ,1018,A,63,GLU,H,11,51,10,0,18,64,14,0,21,87,18,0,26,110,22,1,31,138,28,1
3ERQ,1019,A,63,GLU,C,11,49,10,0,15,72,14,1,21,87,19,1,28,107,23,1,36,142,29,1
3ERQ,1020,A,63,GLU,C,11,44,6,0,15,65,14,1,20,81,17,1,25,95,20,1,32,126,27,1
3ERQ,1021,A,63,GLU,C,9,38,5,0,14,58,10,1,19,75,14,1,23,94,21,1,35,122,29,1
3ERQ,1022,A,63,GLU,O,10,40,5,1,14,61,12,1,18,80,16,1,26,103,25,1,36,139,29,1
3ERQ,1023,A,63,GLU,O,7,35,4,0,10,47,8,1,18,64,12,1,22,80,20,1,28,106,25,1
3ERQ,1024,A,63,GLU,H,12,56,8,1,15,73,13,1,20,92,19,1,32,116,24,1,38,157,34,1
3ERQ,1025,A,63,GLU,H,10,47,10,0,13,66,13,1,21,80,18,1,28,106,24,1,36,137,28,1
3ERQ,1026,A,63,GLU,H,12,36,6,0,15,59,10,0,18,74,17,1,23,89,19,1,28,112,24,1
3ERQ,1027,A,63,GLU,H,8,47,8,0,17,57,12,0,22,84,16,1,26,104,20,1,33,126,31,1
3ERQ,1028,A,64,PHE,N,12,42,10,0,16,63,17,0,20,86,22,0,29,113,27,0,40,143,31,2
3ERQ,1029,A,64,PHE,CA,9,38,14,0,17,60,16,0,24,90,23,0,30,112,27,0,38,141,31,2
3ERQ,1030,A,64,PHE,C,10,39,13,0,16,62,18,0,25,80,21,0,31,102,26,0,34,134,30,1
3ERQ,1031,A,64,PHE,O,11,37,12,0,15,56,15,0,23,77,19,0,28,98,24,0,34,120,30,1
3ERQ,1032,A,64,PHE,HN,12,43,11,0,15,57,16,0,21,78,20,0,25,108,24,0,34,133,31,2
3ERQ,1033,A,64,PHE,H,10,44,13,0,17,60,18,0,23,90,22,0,33,122,30,1,40,155,32,2
3ERQ,1034,A,64,PHE,C,10,31,10,0,16,55,16,0,21,80,20,0,26,105,25,1,33,126,29,1
3ERQ,1035,A,64,PHE,C,9,38,9,0,15,52,14,1,21,85,17,1,25,106,26,1,36,134,30,1
3ERQ,1036,A,64,PHE,C,10,31,8,0,13,49,10,1,20,75,17,1,27,107,24,1,34,133,31,1
3ERQ,1037,A,64,PHE,C,10,34,9,0,14,56,15,1,19,77,17,1,26,105,24,1,37,138,35,1
3ERQ,1038,A,64,PHE,C,10,37,7,1,14,49,12,1,20,74,16,1,26,102,23,1,38,137,33,1
3ERQ,1039,A,64,PHE,C,10,40,8,1,11,55,13,1,18,73,18,1,30,106,25,1,36,136,37,1
3ERQ,1040,A,64,PHE,C,9,38,7,1,13,53,10,1,18,70,20,1,29,100,27,1,38,137,33,1
3ERQ,1041,A,64,PHE,H,11,30,10,0,15,47,14,0,18,79,20,0,25,99,26,1,32,119,29,1
3ERQ,1042,A,64,PHE,H,9,28,8,0,17,53,13,0,22,75,21,0,24,96,23,1,29,120,28,1
3ERQ,1043,A,64,PHE,H,9,33,8,0,16,48,11,0,18,79,17,1,24,101,23,1,31,126,29,1
3ERQ,1044,A,64,PHE,H,13,35,9,0,15,59,15,1,18,80,20,1,29,106,24,1,34,131,37,1
3ERQ,1045,A,64,PHE,H,7,34,8,1,15,53,10,1,20,68,16,1,27,96,25,1,36,128,32,1
3ERQ,1046,A,64,PHE,H,8,40,6,1,14,54,14,1,18,74,19,1,28,103,28,1,36,128,37,1
3ERQ,1047,A,64,PHE,H,6,36,6,1,14,56,11,1,21,70,21,1,27,99,30,1,38,132,35,1
3ERQ,1048,A,65,ASP,N,11,49,9,0,19,64,16,0,22,81,17,0,33,105,22,0,35,134,32,1
3ERQ,1049,A,65,ASP,CA,10,42,9,0,20,64,12,0,22,80,18,0,29,95,23,0,35,117,28,1
3ERQ,1050,A,65,ASP,C,10,34,8,0,13,48,9,0,21,67,15,0,25,82,21,0,31,102,25,0
3ERQ,1051,A,65,ASP,O,10,31,8,0,12,50,9,0,21,63,12,0,23,85,19,0,28,105,26,0
3ERQ,1052,A,65,ASP,HN,13,47,10,0,16,64,14,0,21,83,19,0,29,108,24,0,38,136,33,1
3ERQ,1053,A,65,ASP,H,10,38,9,0,18,59,13,0,21,76,20,0,28,95,23,0,34,111,25,1
3ERQ,1054,A,65,ASP,C,11,42,9,0,14,64,15,0,25,85,21,0,32,98,26,0,33,127,32,1
3ERQ,1055,A,65,ASP,C,8,40,9,0,16,57,16,0,21,77,18,0,29,91,24,0,35,120,29,1
3ERQ,1056,A,65,ASP,O,8,33,8,0,13,50,14,0,18,62,16,0,25,82,20,0,32,107,24,1
3ERQ,1057,A,65,ASP,O,9,43,9,0,15,61,16,0,23,74,21,0,28,102,23,1,36,126,33,1
3ERQ,1058,A,65,ASP,H,10,41,9,0,14,64,14,0,22,85,19,0,31,100,26,0,35,124,33,1
3ERQ,1059,A,65,ASP,H,11,51,10,0,16,69,15,0,26,87,22,0,31,107,28,1,35,138,33,1
3ERQ,1060,A,66,LYS,N,9,23,8,0,13,39,12,0,16,55,15,0,20,74,22,0,27,93,24,0
3ERQ,1061,A,66,LYS,CA,6,17,7,0,11,26,9,0,14,41,13,0,15,55,16,0,24,83,22,0
3ERQ,1062,A,66,LYS,C,7,16,8,0,10,28,9,0,12,35,13,0,16,58,16,0,21,73,19,0
3ERQ,1063,A,66,LYS,O,6,12,6,0,9,20,9,0,10,27,9,0,16,38,13,0,17,59,17,0
3ERQ,1064,A,66,LYS,HN,7,27,7,0,13,35,12,0,16,52,18,0,22,76,20,0,30,96,23,0
3ERQ,1065,A,66,LYS,H,5,16,7,0,10,27,8,0,15,37,11,0,17,57,17,0,20,74,21,0
3ERQ,1066,A,66,LYS,C,3,15,7,0,8,22,8,0,12,31,11,0,15,48,13,0,20,62,20,0
3ERQ,1067,A,66,LYS,C,2,8,5,0,4,17,7,0,11,25,8,0,15,35,11,0,19,56,18,0
3ERQ,1068,A,66,LYS,C,2,11,5,0,4,16,6,0,8,24,10,0,14,38,13,0,21,55,18,0
3ERQ,1069,A,66,LYS,C,1,5,1,0,2,12,5,0,6,16,6,0,10,28,10,0,16,41,15,0
3ERQ,1070,A,66,LYS,N,1,6,1,0,1,12,2,0,4,13,6,0,8,21,9,0,14,37,15,0
3ERQ,1071,A,66,LYS,H,4,11,7,0,7,17,8,0,10,26,10,0,14,45,13,0,19,54,15,0
3ERQ,1072,A,66,LYS,H,6,19,8,0,8,24,10,0,10,35,14,0,18,50,15,0,22,69,20,0
3ERQ,1073,A,66,LYS,H,2,12,5,0,5,17,7,0,10,26,8,0,17,40,12,0,18,54,18,0
3ERQ,1074,A,66,LYS,H,1,4,3,0,2,10,6,0,6,18,8,0,12,28,9,0,18,41,13,0
3ERQ,1075,A,66,LYS,H,1,10,4,0,6,16,7,0,7,27,11,0,13,33,14,0,19,50,18,0
3ERQ,1076,A,66,LYS,H,3,14,5,0,6,18,8,0,10,33,12,0,18,52,17,0,22,62,21,0
3ERQ,1077,A,66,LYS,H,1,8,3,0,5,13,4,0,7,19,6,0,10,29,10,0,16,46,15,0
3ERQ,1078,A,66,LYS,H,0,2,1,0,2,6,2,0,4,13,5,0,7,20,8,0,12,31,12,0
3ERQ,1079,A,66,LYS,HN,1,3,0,0,1,8,2,0,2,12,2,0,6,19,7,0,10,27,10,0
3ERQ,1080,A,66,LYS,HN,1,5,1,0,1,10,1,0,3,14,6,0,7,19,10,0,13,34,13,0
3ERQ,1081,A,66,LYS,HN,1,8,1,0,2,12,3,0,5,15,8,0,10,26,11,0,14,44,15,0
3ERQ,1082,A,67,GLY,N,8,23,9,0,9,32,12,0,16,51,15,0,20,69,18,0,26,89,18,0
3ERQ,1083,A,67,GLY,CA,7,22,8,0,11,32,11,0,13,48,16,0,20,67,16,0,22,84,19,0
3ERQ,1084,A,67,GLY,C,10,23,7,0,10,37,11,0,14,45,15,0,18,64,15,0,21,81,20,0
3ERQ,1085,A,67,GLY,O,8,26,6,0,12,35,12,0,14,47,12,0,17,61,16,0,21,77,20,0
3ERQ,1086,A,67,GLY,HN,8,27,10,0,10,43,13,0,17,62,16,0,23,82,18,0,29,100,23,0
3ERQ,1087,A,67,GLY,H,6,19,7,0,9,25,10,0,12,38,13,0,16,55,16,0,22,71,16,0
3ERQ,1088,A,67,GLY,H,8,23,11,0,11,36,12,0,14,53,16,0,19,73,17,0,24,93,20,0
3ERQ,1089,A,68,GLN,N,7,19,7,0,10,29,8,0,13,47,13,0,17,60,16,0,21,76,21,0
3ERQ,1090,A,68,GLN,CA,5,17,7,0,10,30,8,0,11,46,10,0,17,59,17,0,21,70,20,0
3ERQ,1091,A,68,GLN,C,8,27,7,0,11,43,9,0,17,54,14,0,19,63,20,0,26,87,23,1
3ERQ,1092,A,68,GLN,O,10,34,9,0,11,45,11,0,18,60,19,0,23,76,22,0,29,105,25,1
3ERQ,1093,A,68,GLN,HN,7,15,6,0,8,25,7,0,13,43,13,0,15,58,15,0,20,72,18,0
3ERQ,1094,A,68,GLN,H,5,13,6,0,8,23,8,0,13,38,10,0,15,52,12,0,19,61,18,0
3ERQ,1095,A,68,GLN,C,5,14,4,0,8,24,9,0,12,38,11,0,15,58,15,0,22,73,18,0
3ERQ,1096,A,68,GLN,C,5,18,4,0,9,31,9,0,11,47,14,0,18,58,17,0,20,76,21,0
3ERQ,1097,A,68,GLN,C,5,17,3,0,6,29,8,0,10,40,10,0,15,52,17,0,23,75,19,0
3ERQ,1098,A,68,GLN,O,5,24,3,0,6,31,8,0,12,43,11,0,19,66,15,0,25,87,22,0
3ERQ,1099,A,68,GLN,N,5,12,2,0,5,21,5,0,7,31,9,0,12,44,12,0,17,63,17,0
3ERQ,1100,A,68,GLN,H,5,11,3,0,5,20,6,0,9,28,8,0,12,45,11,0,19,63,16,0
3ERQ,1101,A,68,GLN,H,4,17,5,0,7,23,7,0,10,35,12,0,17,56,13,0,20,73,17,0
3ERQ,1102,A,68,GLN,H,7,24,5,0,9,36,10,0,15,52,16,0,20,67,20,0,27,95,25,0
3ERQ,1103,A,68,GLN,H,7,18,4,0,9,32,8,0,12,44,13,0,15,55,18,0,19,76,20,0
3ERQ,1104,A,68,GLN,HN,5,10,3,0,5,16,4,0,6,27,7,0,11,38,11,0,14,55,14,0
3ERQ,1105,A,68,GLN,HN,4,10,2,0,6,17,3,0,7,30,8,0,12,41,9,0,17,55,14,0
3ERQ,1106,A,69,ARG,N,8,26,9,0,11,41,9,0,13,50,13,0,15,62,19,1,21,81,24,1
3ERQ,1107,A,69,ARG,CA,9,32,9,0,12,44,10,0,13,57,16,1,17,70,23,1,24,100,26,1
3ERQ,1108,A,69,ARG,C,8,31,8,0,10,46,11,1,15,60,16,1,21,80,20,1,27,106,27,1
3ERQ,1109,A,69,ARG,O,8,35,6,1,12,54,15,1,17,72,17,1,24,90,21,1,29,110,29,1
3ERQ,1110,A,69,ARG,HN,7,20,8,0,9,33,9,0,11,42,12,0,15,55,14,1,17,71,22,1
3ERQ,1111,A,69,ARG,H,10,39,8,0,12,47,12,0,14,61,18,1,19,86,23,1,26,115,29,1
3ERQ,1112,A,69,ARG,C,4,27,5,0,11,38,9,1,13,54,13,1,16,72,20,1,21,94,26,1
3ERQ,1113,A,69,ARG,C,7,22,6,0,9,38,10,0,12,51,13,1,16,72,19,1,20,95,23,1
3ERQ,1114,A,69,ARG,C,4,18,6,0,8,34,8,0,11,50,13,1,14,69,16,1,19,97,21,1
3ERQ,1115,A,69,ARG,N,4,16,6,0,8,27,9,0,11,48,12,0,15,74,14,1,18,95,21,1
3ERQ,1116,A,69,ARG,C,4,19,6,0,6,30,9,0,12,53,11,0,15,77,15,1,21,91,24,1
3ERQ,1117,A,69,ARG,N,4,23,6,0,7,34,9,0,11,52,12,1,18,74,16,1,21,96,22,1
3ERQ,1118,A,69,ARG,N,5,18,5,0,7,30,9,0,11,51,11,0,15,65,17,0,21,84,21,1
3ERQ,1119,A,69,ARG,H,7,28,7,1,9,42,11,1,13,62,14,1,17,81,21,1,24,107,29,1
3ERQ,1120,A,69,ARG,H,3,21,5,0,8,32,7,1,13,47,13,1,14,66,17,1,18,82,24,1
3ERQ,1121,A,69,ARG,H,5,21,6,0,8,30,9,0,12,45,12,0,15,61,17,1,17,85,21,1
3ERQ,1122,A,69,ARG,H,9,28,8,0,9,43,10,0,14,61,18,0,17,80,20,1,22,109,25,1
3ERQ,1123,A,69,ARG,H,4,19,7,0,7,40,8,1,12,57,15,1,16,79,15,1,23,102,25,1
3ERQ,1124,A,69,ARG,H,2,14,4,0,5,24,7,0,9,42,10,1,13,61,15,1,17,77,18,1
3ERQ,1125,A,69,ARG,HN,5,18,6,0,8,25,9,0,10,41,12,0,14,69,16,0,20,89,17,1
3ERQ,1126,A,69,ARG,HN,3,22,3,0,6,33,9,1,11,50,11,1,19,74,16,1,23,100,21,1
3ERQ,1127,A,69,ARG,HN,5,26,5,0,9,36,8,0,11,50,12,0,16,73,15,1,22,96,22,1
3ERQ,1128,A,69,ARG,HN,5,18,6,0,8,34,7,0,12,47,14,0,15,59,17,0,19,76,20,0
3ERQ,1129,A,69,ARG,HN,6,22,5,0,10,36,7,0,10,48,12,0,14,64,17,0,20,77,21,0
3ERQ,1130,A,70,THR,N,8,29,9,0,12,37,12,1,17,55,15,1,22,77,18,1,28,98,23,1
3ERQ,1131,A,70,THR,CA,9,29,10,0,12,38,12,1,15,56,16,1,21,76,17,1,26,98,21,1
3ERQ,1132,A,70,THR,C,11,27,10,0,12,38,13,0,15,49,16,1,18,70,17,1,25,99,19,1
3ERQ,1133,A,70,THR,O,11,26,7,0,11,34,11,0,13,44,14,0,17,61,17,1,21,88,19,1
3ERQ,1134,A,70,THR,HN,8,26,8,0,11,34,12,0,15,49,13,1,19,66,18,1,25,93,22,1
3ERQ,1135,A,70,THR,H,9,31,11,1,14,48,13,1,18,68,16,1,23,88,20,1,29,103,22,1
3ERQ,1136,A,70,THR,C,8,27,9,1,10,37,12,1,13,48,14,1,18,71,15,1,22,85,20,1
3ERQ,1137,A,70,THR,OH,8,21,7,0,10,31,8,1,10,39,14,1,14,48,14,1,20,69,17,1
3ERQ,1138,A,70,THR,C,6,24,7,1,8,40,9,1,13,53,13,1,19,71,17,1,23,89,21,1
3ERQ,1139,A,70,THR,H,8,25,10,1,10,37,13,1,14,52,13,1,17,70,16,1,20,82,19,1
3ERQ,1140,A,70,THR,HO,8,20,6,0,9,28,10,0,10,37,12,1,12,44,14,1,18,64,14,1
3ERQ,1141,A,70,THR,H,6,15,5,1,6,30,8,1,11,49,12,1,17,64,16,1,19,81,19,1
3ERQ,1142,A,70,THR,H,5,23,6,1,9,37,10,1,12,47,12,1,19,68,16,1,24,88,21,1
3ERQ,1143,A,70,THR,H,6,31,9,1,9,48,10,1,17,62,15,1,19,76,19,1,26,96,26,1
3ERQ,1144,A,71,ASP,N,10,31,9,0,13,40,11,0,16,54,12,0,19,75,15,1,24,98,17,1
3ERQ,1145,A,71,ASP,CA,10,32,7,0,12,41,9,0,16,50,12,0,18,65,14,0,23,89,17,1
3ERQ,1146,A,71,ASP,C,8,28,6,0,10,38,8,0,13,43,10,0,16,50,12,0,19,67,13,1
3ERQ,1147,A,71,ASP,O,7,24,6,0,10,35,7,0,11,41,10,0,16,47,10,0,18,62,12,1
3ERQ,1148,A,71,ASP,HN,11,33,10,0,12,43,12,0,18,59,12,1,20,77,14,1,23,96,19,1
3ERQ,1149,A,71,ASP,H,8,29,6,0,13,39,8,0,14,53,10,0,17,66,14,0,24,81,16,0
3ERQ,1150,A,71,ASP,C,10,35,7,0,14,46,10,0,17,56,12,0,23,74,15,0,25,95,20,1
3ERQ,1151,A,71,ASP,C,11,35,7,0,13,43,10,0,19,55,13,0,23,75,16,0,25,95,19,1
3ERQ,1152,A,71,ASP,O,10,33,8,0,12,44,9,0,15,53,12,0,21,64,13,1,24,84,17,1
3ERQ,1153,A,71,ASP,O,11,36,8,0,14,45,11,0,19,61,16,0,24,77,17,0,26,102,23,1
3ERQ,1154,A,71,ASP,H,10,35,7,0,16,48,12,0,20,68,13,0,24,90,19,0,28,104,23,1
3ERQ,1155,A,71,ASP,H,9,34,4,0,12,43,8,0,16,59,10,0,21,71,14,0,25,85,19,0
3ERQ,1156,A,72,LYS,N,7,23,7,0,8,31,8,0,11,37,10,0,13,45,12,0,16,55,14,0
3ERQ,1157,A,72,LYS,CA,5,17,6,0,7,25,8,0,8,31,8,0,10,35,9,0,12,45,12,0
3ERQ,1158,A,72,LYS,C,4,16,5,0,6,24,8,0,10,28,8,0,10,32,8,0,11,41,12,0
3ERQ,1159,A,72,LYS,O,4,15,4,0,6,18,6,0,7,24,8,0,10,27,8,0,10,32,9,0
3ERQ,1160,A,72,LYS,HN,7,22,7,0,8,30,7,0,11,41,10,0,14,50,11,0,16,61,14,0
3ERQ,1161,A,72,LYS,H,5,18,6,0,5,19,7,0,8,29,8,0,9,34,10,0,12,42,10,0
3ERQ,1162,A,72,LYS,C,4,13,5,0,6,16,6,0,7,24,7,0,9,34,8,0,10,44,9,0
3ERQ,1163,A,72,LYS,C,4,13,3,0,6,17,6,0,8,24,7,0,8,35,8,0,11,45,8,0
3ERQ,1164,A,72,LYS,C,1,12,1,0,2,13,4,0,6,16,6,0,8,23,6,0,8,38,7,0
3ERQ,1165,A,72,LYS,C,1,8,0,0,2,12,3,0,5,19,4,0,7,22,5,0,9,38,7,0
3ERQ,1166,A,72,LYS,N,0,6,0,0,1,6,0,0,2,13,1,0,2,20,4,0,7,24,5,0
3ERQ,1167,A,72,LYS,H,4,15,5,0,4,16,5,0,6,23,7,0,8,34,7,0,11,42,9,0
3ERQ,1168,A,72,LYS,H,2,13,2,0,4,15,6,0,6,17,6,0,7,26,8,0,9,34,8,0
3ERQ,1169,A,72,LYS,H,4,14,4,0,7,15,5,0,8,22,7,0,8,33,8,0,11,41,8,0
3ERQ,1170,A,72,LYS,H,4,14,4,0,8,20,6,0,8,34,7,0,10,44,8,0,14,56,11,0
3ERQ,1171,A,72,LYS,H,1,9,1,0,2,13,4,0,5,17,5,0,6,27,6,0,8,38,7,0
3ERQ,1172,A,72,LYS,H,1,9,0,0,1,13,2,0,4,13,5,0,6,18,6,0,8,28,7,0
3ERQ,1173,A,72,LYS,H,2,8,0,0,2,14,3,0,5,16,4,0,7,23,5,0,9,40,7,0
3ERQ,1174,A,72,LYS,H,2,9,1,0,2,18,3,0,5,21,4,0,7,32,6,0,10,43,7,0
3ERQ,1175,A,72,LYS,HN,0,6,0,0,1,6,0,0,2,10,0,0,3,19,3,0,5,23,5,0
3ERQ,1176,A,72,LYS,HN,0,4,0,0,0,6,0,0,1,13,0,0,2,19,4,0,7,25,4,0
3ERQ,1177,A,72,LYS,HN,0,6,0,0,1,6,0,0,1,9,0,0,2,14,3,0,7,20,5,0
3ERQ,1178,A,73,TYR,N,6,19,7,0,9,21,7,0,11,28,9,0,13,37,11,0,16,48,13,0
3ERQ,1179,A,73,TYR,CA,7,18,6,0,8,21,7,0,9,26,8,0,14,35,10,0,16,45,12,0
3ERQ,1180,A,73,TYR,C,7,18,6,0,8,23,8,0,10,29,8,0,14,42,11,0,16,49,14,1
3ERQ,1181,A,73,TYR,O,5,15,6,0,9,22,7,0,9,27,8,0,13,41,9,0,15,49,14,1
3ERQ,1182,A,73,TYR,HN,7,21,7,0,11,27,8,0,12,32,11,0,14,44,13,0,17,57,14,0
3ERQ,1183,A,73,TYR,H,6,17,5,0,7,18,6,0,9,21,7,0,9,25,8,0,13,36,10,0
3ERQ,1184,A,73,TYR,C,7,18,6,0,8,21,6,0,9,29,8,0,14,39,11,0,16,49,14,0
3ERQ,1185,A,73,TYR,C,7,17,4,0,8,18,6,0,8,23,6,0,11,31,9,0,16,44,12,0
3ERQ,1186,A,73,TYR,C,7,14,4,0,8,19,5,0,9,24,6,0,12,35,9,0,16,52,14,0
3ERQ,1187,A,73,TYR,C,6,11,3,0,7,16,4,0,8,17,5,0,8,23,6,0,10,28,8,0
3ERQ,1188,A,73,TYR,C,6,11,3,0,6,14,4,0,9,22,4,0,10,34,8,0,14,44,11,0
3ERQ,1189,A,73,TYR,C,5,7,3,0,6,12,4,0,7,16,4,0,8,17,5,0,9,25,6,0
3ERQ,1190,A,73,TYR,C,5,8,3,0,6,11,3,0,7,15,4,0,9,22,4,0,10,31,7,0
3ERQ,1191,A,73,TYR,OH,2,6,1,0,5,8,2,0,6,11,3,0,6,16,4,0,10,26,4,0
3ERQ,1192,A,73,TYR,H,6,15,5,0,7,20,7,0,9,27,7,0,13,38,10,0,15,46,13,0
3ERQ,1193,A,73,TYR,H,7,18,6,0,8,28,7,0,13,39,10,0,15,43,13,0,20,55,15,0
3ERQ,1194,A,73,TYR,H,8,19,4,0,9,24,6,0,12,32,8,0,16,49,13,0,18,60,19,0
3ERQ,1195,A,73,TYR,H,5,11,3,0,7,15,4,0,7,17,5,0,8,20,6,0,10,26,8,0
3ERQ,1196,A,73,TYR,H,5,11,3,0,7,16,4,0,10,25,4,0,11,37,7,0,14,47,13,0
3ERQ,1197,A,73,TYR,H,1,6,1,0,6,7,2,0,6,12,4,0,7,16,4,0,8,17,5,0
3ERQ,1198,A,73,TYR,HO,1,5,1,0,3,7,1,0,5,8,3,0,6,13,4,0,8,18,4,0
3ERQ,1199,A,74,GLY,N,6,24,7,0,9,29,8,0,11,42,11,0,14,52,11,1,17,64,16,1
3ERQ,1200,A,74,GLY,CA,6,20,8,0,8,32,9,0,12,44,10,1,15,52,13,1,16,70,17,1
3ERQ,1201,A,74,GLY,C,7,27,8,0,12,38,10,1,14,51,13,1,15,64,15,1,22,85,19,1
3ERQ,1202,A,74,GLY,O,7,25,6,1,12,34,11,1,14,48,13,1,15,71,16,1,21,87,20,1
3ERQ,1203,A,74,GLY,HN,7,24,7,0,8,33,10,0,11,42,11,0,16,53,12,1,16,62,15,1
3ERQ,1204,A,74,GLY,H,6,18,8,0,8,28,9,1,11,41,10,1,16,54,14,1,16,71,17,1
3ERQ,1205,A,74,GLY,H,5,17,6,0,7,27,8,0,9,38,10,1,14,47,12,1,16,59,14,1
3ERQ,1206,A,75,ARG,N,10,30,10,0,10,41,12,1,11,57,13,1,16,67,18,1,20,85,20,1
3ERQ,1207,A,75,ARG,CA,10,37,11,1,10,50,13,1,15,60,16,1,19,77,20,1,23,109,24,1
3ERQ,1208,A,75,ARG,C,10,45,12,1,12,52,13,1,14,61,17,1,22,88,21,1,26,119,23,1
3ERQ,1209,A,75,ARG,O,10,33,12,1,12,54,14,1,15,66,16,1,19,82,20,1,26,107,23,1
3ERQ,1210,A,75,ARG,HN,8,29,10,0,10,41,10,0,11,55,14,1,16,66,16,1,20,82,19,1
3ERQ,1211,A,75,ARG,H,8,32,10,1,11,47,14,1,16,61,17,1,20,82,18,1,25,111,26,1
3ERQ,1212,A,75,ARG,C,8,38,9,0,13,52,14,1,18,66,16,1,22,81,23,1,25,107,26,1
3ERQ,1213,A,75,ARG,C,7,28,8,0,11,44,12,0,15,61,16,1,19,76,21,1,23,92,26,1
3ERQ,1214,A,75,ARG,C,7,29,9,0,14,39,11,0,16,62,17,0,20,78,22,0,25,97,28,1
3ERQ,1215,A,75,ARG,N,8,31,8,0,13,41,12,0,15,55,16,0,19,78,26,0,22,96,29,1
3ERQ,1216,A,75,ARG,C,5,22,6,0,12,37,11,0,14,60,19,0,18,70,23,0,24,93,28,0
3ERQ,1217,A,75,ARG,N,5,20,5,0,8,30,13,0,14,51,18,0,17,72,23,0,25,92,28,0
3ERQ,1218,A,75,ARG,N,6,22,3,0,10,40,10,0,14,59,18,0,17,76,23,0,26,94,29,0
3ERQ,1219,A,75,ARG,H,9,38,11,0,15,56,14,1,20,71,19,1,22,99,25,1,26,119,29,1
3ERQ,1220,A,75,ARG,H,11,36,11,0,13,48,13,0,17,65,19,1,22,88,22,1,25,109,27,1
3ERQ,1221,A,75,ARG,H,8,28,9,0,9,39,9,0,12,52,14,0,17,67,16,1,21,81,23,1
3ERQ,1222,A,75,ARG,H,6,25,8,0,9,42,11,0,15,63,15,1,18,76,20,1,25,94,25,1
3ERQ,1223,A,75,ARG,H,6,25,6,0,9,36,11,0,16,48,17,0,18,72,20,0,24,91,25,1
3ERQ,1224,A,75,ARG,H,9,30,10,0,14,46,15,0,17,66,18,0,24,87,23,0,26,112,32,1
3ERQ,1225,A,75,ARG,HN,8,36,9,0,12,44,13,0,16,55,16,0,19,77,24,0,25,102,29,1
3ERQ,1226,A,75,ARG,HN,3,20,7,0,9,37,12,0,13,43,17,0,19,69,23,0,24,92,28,0
3ERQ,1227,A,75,ARG,HN,3,17,6,0,6,29,11,0,10,46,17,0,17,68,23,0,24,92,27,0
3ERQ,1228,A,75,ARG,HN,8,27,4,0,11,44,11,0,14,59,17,0,18,75,24,0,26,93,30,0
3ERQ,1229,A,75,ARG,HN,4,22,3,0,7,35,10,0,12,49,18,0,17,70,24,0,23,91,27,0
3ERQ,1230,A,76,GLY,N,10,46,12,1,15,56,14,1,20,76,18,1,26,112,22,1,36,133,27,1
3ERQ,1231,A,76,GLY,CA,9,50,11,1,12,62,15,1,19,82,17,1,31,116,24,1,40,139,31,1
3ERQ,1232,A,76,GLY,C,11,49,12,1,13,70,16,1,24,91,19,1,37,123,25,1,39,150,33,1
3ERQ,1233,A,76,GLY,O,11,51,11,1,16,72,16,1,26,94,19,1,34,128,27,1,41,156,36,1
3ERQ,1234,A,76,GLY,HN,11,41,11,1,15,56,15,1,21,86,18,1,27,110,23,1,31,140,30,1
3ERQ,1235,A,76,GLY,H,8,46,11,1,11,60,13,1,19,79,17,1,26,98,23,1,35,128,32,1
3ERQ,1236,A,76,GLY,H,8,48,8,1,12,67,14,1,21,87,18,1,32,120,25,1,42,147,35,1
3ERQ,1237,A,77,LEU,N,11,46,11,0,15,62,17,1,24,88,22,1,34,120,26,1,43,142,32,1
3ERQ,1238,A,77,LEU,CA,11,44,11,0,17,66,16,0,24,93,24,1,37,119,30,1,42,160,38,1
3ERQ,1239,A,77,LEU,C,11,49,10,0,17,75,16,0,25,96,26,1,32,123,33,1,43,159,40,2
3ERQ,1240,A,77,LEU,O,12,45,10,0,18,75,14,0,23,96,23,1,29,115,31,1,40,145,41,1
3ERQ,1241,A,77,LEU,HN,8,45,10,1,16,64,18,1,23,81,20,1,33,107,25,1,39,133,34,1
3ERQ,1242,A,77,LEU,H,10,36,10,0,19,62,16,0,25,93,21,1,33,127,31,1,43,164,41,1
3ERQ,1243,A,77,LEU,C,12,40,12,0,15,59,16,0,26,90,23,0,36,112,28,1,42,152,35,1
3ERQ,1244,A,77,LEU,C,12,36,11,0,17,52,14,0,25,76,21,0,31,116,27,1,39,147,34,1
3ERQ,1245,A,77,LEU,C,9,29,11,0,15,46,14,0,24,73,18,0,31,105,26,0,38,129,34,1
3ERQ,1246,A,77,LEU,C,14,37,11,0,19,51,18,0,26,78,20,0,32,127,28,0,39,154,37,1
3ERQ,1247,A,77,LEU,H,13,38,12,0,17,67,19,0,26,89,25,0,35,121,31,0,44,152,35,1
3ERQ,1248,A,77,LEU,H,9,41,11,0,16,60,16,0,22,79,23,0,32,105,28,1,39,139,32,1
3ERQ,1249,A,77,LEU,H,12,35,11,0,18,56,15,0,24,75,18,1,30,99,25,1,35,137,32,1
3ERQ,1250,A,77,LEU,H,8,28,11,0,15,46,13,0,22,70,16,0,27,93,23,0,36,120,32,0
3ERQ,1251,A,77,LEU,H,8,28,12,0,14,49,15,0,25,74,21,0,34,109,28,0,39,134,35,0
3ERQ,1252,A,77,LEU,H,9,28,11,0,13,42,13,0,19,69,18,0,30,94,24,0,36,124,30,1
3ERQ,1253,A,77,LEU,H,15,30,11,0,21,53,15,0,23,81,21,0,31,110,25,0,37,144,33,1
3ERQ,1254,A,77,LEU,H,14,35,13,0,20,56,16,0,26,79,21,0,32,127,28,0,40,161,37,1
3ERQ,1255,A,77,LEU,H,13,33,12,0,17,55,16,0,28,84,21,0,34,130,29,0,42,158,38,0
3ERQ,1256,A,78,ALA,N,12,55,9,0,17,75,16,0,20,98,25,0,34,128,31,2,43,180,42,2
3ERQ,1257,A,78,ALA,CA,10,58,11,0,15,79,18,0,23,97,26,1,32,132,31,2,46,193,40,2
3ERQ,1258,A,78,ALA,C,11,53,11,0,15,77,15,1,22,104,23,1,29,140,33,1,46,185,43,2
3ERQ,1259,A,78,ALA,O,10,47,9,0,16,73,13,1,23,110,21,1,28,142,32,1,42,181,44,1
3ERQ,1260,A,78,ALA,HN,11,52,10,0,17,75,14,0,23,99,24,0,30,140,33,2,44,180,43,2
3ERQ,1261,A,78,ALA,H,9,54,13,0,15,73,17,0,24,99,24,1,36,133,31,1,41,182,37,2
3ERQ,1262,A,78,ALA,C,12,50,10,0,15,76,13,0,22,105,26,1,29,135,32,2,42,186,39,2
3ERQ,1263,A,78,ALA,H,9,50,10,0,15,75,14,0,22,113,22,1,32,142,34,2,40,182,38,2
3ERQ,1264,A,78,ALA,H,13,56,9,0,15,70,15,0,19,103,22,1,32,148,30,2,47,189,42,2
3ERQ,1265,A,78,ALA,H,10,49,8,0,18,75,12,1,22,103,23,1,28,132,33,1,42,173,42,2
3ERQ,1266,A,79,TYR,N,11,50,11,1,14,68,15,1,20,106,20,1,33,134,31,1,45,173,39,1
3ERQ,1267,A,79,TYR,CA,11,46,10,1,16,69,14,1,22,104,21,1,31,135,30,1,39,175,41,1
3ERQ,1268,A,79,TYR,C,10,53,8,1,18,69,16,1,25,98,21,1,28,133,29,1,38,174,40,2
3ERQ,1269,A,79,TYR,O,8,42,9,1,17,80,16,1,23,102,20,1,29,134,27,1,38,170,40,1
3ERQ,1270,A,79,TYR,HN,10,46,12,1,12,69,17,1,24,100,21,1,36,140,27,1,46,170,41,1
3ERQ,1271,A,79,TYR,H,13,49,10,1,15,74,14,1,23,97,21,1,27,138,30,1,45,180,39,2
3ERQ,1272,A,79,TYR,C,12,41,9,1,17,71,12,1,21,101,23,1,33,135,30,1,38,160,38,1
3ERQ,1273,A,79,TYR,C,11,45,9,1,16,68,14,1,23,101,24,1,31,131,29,1,41,149,43,1
3ERQ,1274,A,79,TYR,C,12,43,9,1,18,73,17,1,22,98,23,1,30,122,32,1,41,165,42,1
3ERQ,1275,A,79,TYR,C,11,44,10,1,15,64,18,1,21,87,22,1,32,125,28,1,39,160,40,1
3ERQ,1276,A,79,TYR,C,12,41,11,1,16,67,16,1,24,92,23,1,32,125,33,1,40,159,43,1
3ERQ,1277,A,79,TYR,C,13,46,13,1,17,60,17,1,20,80,22,1,30,113,30,1,42,154,39,1
3ERQ,1278,A,79,TYR,C,11,46,12,1,16,63,16,1,23,83,24,1,30,120,29,1,38,158,41,1
3ERQ,1279,A,79,TYR,OH,11,41,11,0,16,57,19,1,23,79,26,1,29,111,29,1,39,142,41,1
3ERQ,1280,A,79,TYR,H,11,45,8,1,17,67,15,1,21,98,24,1,30,124,29,1,39,160,41,2
3ERQ,1281,A,79,TYR,H,10,44,9,1,17,64,13,1,23,103,20,1,30,125,32,1,40,157,37,1
3ERQ,1282,A,79,TYR,H,10,45,10,1,18,72,16,1,23,98,24,1,29,123,33,1,40,169,41,1
3ERQ,1283,A,79,TYR,H,9,40,10,1,14,62,15,1,22,90,22,1,33,124,28,1,41,160,40,1
3ERQ,1284,A,79,TYR,H,12,41,11,1,17,63,16,1,22,93,26,1,34,130,38,1,41,159,42,1
3ERQ,1285,A,79,TYR,H,9,41,13,0,19,56,16,1,20,78,20,1,28,105,29,1,41,143,36,1
3ERQ,1286,A,79,TYR,HO,11,41,13,0,17,54,18,1,21,78,24,1,30,106,31,1,37,136,35,1
3ERQ,1287,A,80,ILE,N,11,51,8,1,17,70,14,1,18,104,21,1,31,140,30,2,40,182,38,2
3ERQ,1288,A,80,ILE,CA,11,50,8,1,15,72,13,1,20,102,23,2,31,140,34,2,42,178,42,2
3ERQ,1289,A,80,ILE,C,12,50,9,1,15,73,16,2,23,97,21,2,28,128,31,2,35,173,40,2
3ERQ,1290,A,80,ILE,O,12,43,8,2,16,67,14,2,22,96,21,2,26,131,29,2,34,162,40,2
3ERQ,1291,A,80,ILE,HN,13,47,11,1,16,71,14,1,20,101,20,2,30,144,29,2,40,187,40,2
3ERQ,1292,A,80,ILE,H,10,47,10,0,13,74,12,1,21,106,23,1,33,136,33,2,40,181,43,2
3ERQ,1293,A,80,ILE,C,11,46,6,0,15,75,13,1,20,100,26,2,31,139,34,2,43,188,43,2
3ERQ,1294,A,80,ILE,C,13,48,9,0,16,73,14,1,23,104,22,1,30,141,34,2,47,195,45,3
3ERQ,1295,A,80,ILE,C,8,43,6,0,14,76,15,1,25,105,26,2,35,134,37,2,48,190,48,2
3ERQ,1296,A,80,ILE,C,12,44,11,0,17,72,13,0,23,107,22,1,31,151,34,2,43,191,44,3
3ERQ,1297,A,80,ILE,H,8,41,8,1,16,69,15,2,23,107,23,2,33,140,33,2,43,186,44,2
3ERQ,1298,A,80,ILE,H,12,46,9,0,18,64,14,0,22,107,25,1,33,145,35,2,49,194,45,3
3ERQ,1299,A,80,ILE,H,11,47,11,0,16,81,15,1,24,105,22,1,29,145,29,2,41,188,44,2
3ERQ,1300,A,80,ILE,H,9,42,6,0,14,75,15,1,26,105,24,1,40,132,35,2,49,186,50,2
3ERQ,1301,A,80,ILE,H,9,45,6,0,13,71,14,0,23,100,24,1,35,140,36,2,48,186,48,2
3ERQ,1302,A,80,ILE,H,8,49,8,0,15,69,15,1,22,101,19,2,35,139,37,2,47,173,46,2
3ERQ,1303,A,80,ILE,H,13,45,10,0,18,69,16,0,22,112,21,1,31,150,33,2,46,191,40,2
3ERQ,1304,A,80,ILE,H,11,42,10,0,16,75,14,0,22,109,22,1,32,150,31,2,42,184,42,2
3ERQ,1305,A,80,ILE,H,8,44,9,0,17,67,16,0,26,108,23,0,33,149,33,2,42,196,45,3
3ERQ,1306,A,81,TYR,N,12,45,11,1,16,69,18,2,19,88,23,2,29,120,28,2,38,156,38,2
3ERQ,1307,A,81,TYR,CA,11,45,12,0,14,58,17,2,20,83,21,2,27,107,28,2,35,136,33,2
3ERQ,1308,A,81,TYR,C,10,42,14,0,13,61,17,1,19,75,22,2,28,106,28,2,34,138,36,2
3ERQ,1309,A,81,TYR,O,11,44,12,0,16,66,19,1,22,85,22,1,28,111,30,2,33,144,37,2
3ERQ,1310,A,81,TYR,HN,13,42,12,0,15,63,18,1,21,95,22,2,29,122,28,2,36,158,39,2
3ERQ,1311,A,81,TYR,H,9,40,11,2,15,59,15,2,19,83,20,2,26,107,28,2,34,133,36,2
3ERQ,1312,A,81,TYR,C,11,38,12,0,14,56,16,1,19,72,20,2,27,99,27,2,32,120,31,2
3ERQ,1313,A,81,TYR,C,11,38,12,1,15,53,17,1,21,72,22,2,24,103,25,2,30,125,31,2
3ERQ,1314,A,81,TYR,C,8,29,11,1,13,47,14,1,20,66,18,2,24,92,25,2,25,116,31,2
3ERQ,1315,A,81,TYR,C,12,38,12,1,18,58,18,1,23,79,21,1,26,104,25,2,32,141,32,2
3ERQ,1316,A,81,TYR,C,9,29,9,1,13,46,13,1,19,69,17,1,25,89,23,2,28,114,30,2
3ERQ,1317,A,81,TYR,C,11,36,11,1,18,57,15,1,20,75,21,1,27,101,26,1,31,139,32,2
3ERQ,1318,A,81,TYR,C,9,30,10,1,16,51,15,1,21,76,19,1,25,98,25,1,30,125,33,2
3ERQ,1319,A,81,TYR,OH,7,33,7,1,12,50,13,1,20,75,19,1,26,95,25,1,31,120,32,1
3ERQ,1320,A,81,TYR,H,9,35,11,0,12,51,14,1,16,65,20,2,24,91,24,2,31,113,32,2
3ERQ,1321,A,81,TYR,H,13,41,11,0,15,60,16,0,20,72,21,1,25,99,25,2,34,119,31,2
3ERQ,1322,A,81,TYR,H,8,25,10,1,11,43,14,1,18,64,17,2,22,87,21,2,25,105,29,2
3ERQ,1323,A,81,TYR,H,13,42,13,1,18,59,20,1,23,82,21,1,28,113,25,1,32,147,34,2
3ERQ,1324,A,81,TYR,H,7,23,8,1,11,39,12,1,16,63,16,1,21,83,23,1,28,102,28,2
3ERQ,1325,A,81,TYR,H,10,40,11,1,16,60,16,1,23,78,19,1,26,109,26,1,35,147,34,1
3ERQ,1326,A,81,TYR,HO,8,33,6,1,14,51,15,1,20,76,20,1,26,97,25,1,31,130,32,1
3ERQ,1327,A,82,ALA,N,10,50,13,1,15,63,17,1,21,76,22,2,25,103,26,2,34,141,33,2
3ERQ,1328,A,82,ALA,CA,12,50,14,1,14,62,17,1,20,76,21,1,23,96,27,1,33,129,30,2
3ERQ,1329,A,82,ALA,C,11,40,12,1,13,59,17,1,18,71,19,1,22,83,24,1,25,95,28,2
3ERQ,1330,A,82,ALA,O,9,29,9,1,13,50,14,1,17,73,18,1,22,78,21,1,25,97,29,2
3ERQ,1331,A,82,ALA,HN,9,50,11,1,13,61,17,1,20,77,21,2,25,102,26,2,30,129,35,2
3ERQ,1332,A,82,ALA,H,10,46,14,1,14,62,18,1,19,78,22,1,25,103,27,1,30,126,31,2
3ERQ,1333,A,82,ALA,C,14,42,13,1,15,61,17,1,19,81,22,1,25,103,28,1,31,134,28,2
3ERQ,1334,A,82,ALA,H,13,38,12,1,15,55,16,1,18,76,23,1,23,97,26,1,29,123,29,1
3ERQ,1335,A,82,ALA,H,9,39,13,1,17,55,18,1,19,80,21,1,25,105,26,2,30,134,33,2
3ERQ,1336,A,82,ALA,H,13,42,13,1,17,62,18,1,21,91,23,1,26,115,28,1,31,146,32,2
3ERQ,1337,A,83,ASP,N,9,36,10,0,13,51,15,1,16,64,16,1,21,76,19,1,24,90,23,1
3ERQ,1338,A,83,ASP,CA,11,32,7,0,13,42,12,0,13,52,15,1,17,67,16,1,20,76,19,1
3ERQ,1339,A,83,ASP,C,8,26,7,0,12,39,7,0,15,54,14,1,15,65,15,1,19,74,16,1
3ERQ,1340,A,83,ASP,O,5,16,6,0,9,30,7,0,14,41,9,0,15,55,14,1,16,70,16,1
3ERQ,1341,A,83,ASP,HN,11,37,12,0,13,51,14,0,18,64,16,1,22,79,20,1,26,103,24,1
3ERQ,1342,A,83,ASP,H,9,31,8,0,12,40,11,0,13,46,13,0,16,61,16,1,20,75,19,1
3ERQ,1343,A,83,ASP,C,9,26,6,0,10,35,11,0,14,46,13,0,15,58,15,1,20,70,20,1
3ERQ,1344,A,83,ASP,C,8,22,7,0,10,35,9,0,13,48,15,0,18,58,16,1,19,66,19,1
3ERQ,1345,A,83,ASP,O,7,26,7,0,11,37,12,0,15,49,14,0,16,60,18,1,23,73,19,1
3ERQ,1346,A,83,ASP,O,7,18,6,0,10,31,9,0,13,43,12,0,16,53,16,1,18,62,18,1
3ERQ,1347,A,83,ASP,H,7,23,3,0,10,29,9,0,11,38,11,0,14,47,13,1,19,59,17,1
3ERQ,1348,A,83,ASP,H,8,25,7,0,9,36,9,0,15,48,12,1,19,58,17,1,20,69,19,1
3ERQ,1349,A,84,GLY,N,9,30,9,0,12,43,11,0,14,60,14,0,17,67,17,1,20,82,23,2
3ERQ,1350,A,84,GLY,CA,8,27,8,0,9,39,10,0,13,47,13,0,16,65,16,2,20,82,25,2
3ERQ,1351,A,84,GLY,C,7,29,8,0,9,35,10,0,10,51,13,2,16,62,18,2,23,88,22,2
3ERQ,1352,A,84,GLY,O,7,26,6,0,8,34,9,0,10,43,14,2,15,65,17,2,21,87,21,2
3ERQ,1353,A,84,GLY,HN,10,34,9,0,13,50,12,0,16,62,16,0,17,73,21,1,24,99,25,2
3ERQ,1354,A,84,GLY,H,8,28,7,0,9,42,10,0,13,49,13,0,18,70,19,2,22,83,24,2
3ERQ,1355,A,84,GLY,H,7,23,7,0,8,34,9,0,12,44,11,0,14,51,13,0,17,70,20,2
3ERQ,1356,A,85,LYS,N,7,24,8,0,7,32,11,1,11,51,14,2,17,68,20,2,23,91,23,2
3ERQ,1357,A,85,LYS,CA,6,26,7,1,9,35,9,2,11,47,15,2,13,69,20,2,22,93,24,2
3ERQ,1358,A,85,LYS,C,8,31,9,2,11,45,12,2,13,62,19,2,18,82,22,2,27,112,28,2
3ERQ,1359,A,85,LYS,O,8,33,9,2,12,51,15,2,15,73,18,2,22,92,26,2,28,122,31,2
3ERQ,1360,A,85,LYS,HN,6,24,10,1,8,34,12,1,13,56,14,1,19,72,21,2,22,93,25,2
3ERQ,1361,A,85,LYS,H,5,22,6,0,8,34,9,2,10,43,11,2,13,58,19,2,17,84,23,2
3ERQ,1362,A,85,LYS,C,5,22,4,1,7,32,10,1,9,45,14,2,16,60,19,2,20,87,25,2
3ERQ,1363,A,85,LYS,C,4,12,4,1,5,22,6,1,7,30,13,1,11,48,16,1,19,73,19,2
3ERQ,1364,A,85,LYS,C,3,10,4,1,5,14,4,1,6,26,9,1,9,40,15,1,16,58,19,2
3ERQ,1365,A,85,LYS,C,1,6,3,0,3,11,4,1,4,15,7,1,6,29,9,1,12,46,16,1
3ERQ,1366,A,85,LYS,N,1,5,3,0,3,8,4,0,4,10,5,1,4,17,8,1,8,34,13,1
3ERQ,1367,A,85,LYS,H,6,21,6,1,9,34,8,1,10,46,13,2,15,59,18,2,20,87,24,2
3ERQ,1368,A,85,LYS,H,5,24,7,1,7,34,11,1,13,49,15,2,19,70,24,2,23,104,27,2
3ERQ,1369,A,85,LYS,H,4,15,6,1,5,20,9,1,6,29,12,1,13,51,16,1,20,79,20,2
3ERQ,1370,A,85,LYS,H,4,12,4,0,5,21,4,1,8,26,11,1,8,41,14,1,14,57,18,2
3ERQ,1371,A,85,LYS,H,1,5,4,1,4,13,5,1,7,24,6,1,9,43,13,1,13,55,18,2
3ERQ,1372,A,85,LYS,H,2,10,4,1,6,19,6,1,8,32,11,1,14,52,18,1,17,72,21,2
3ERQ,1373,A,85,LYS,H,0,1,2,0,0,6,3,1,3,12,5,1,6,21,9,1,10,40,12,1
3ERQ,1374,A,85,LYS,H,2,8,3,0,4,11,6,1,4,21,8,1,8,32,11,1,16,49,15,1
3ERQ,1375,A,85,LYS,HN,0,1,2,0,1,5,3,0,3,8,4,0,4,11,5,1,4,21,9,1
3ERQ,1376,A,85,LYS,HN,2,7,3,0,3,9,5,0,4,10,5,1,4,22,9,1,10,40,14,1
3ERQ,1377,A,85,LYS,HN,1,3,3,0,3,7,3,0,4,11,5,1,4,19,8,1,8,27,13,1
3ERQ,1378,A,86,MET,N,8,37,10,1,12,49,13,1,15,63,18,1,18,92,22,1,26,122,26,1
3ERQ,1379,A,86,MET,CA,9,42,11,1,13,53,15,1,17,79,18,1,21,105,24,1,28,140,31,1
3ERQ,1380,A,86,MET,C,9,41,11,1,11,56,13,1,15,76,18,1,23,115,25,1,31,149,33,1
3ERQ,1381,A,86,MET,O,8,36,10,1,12,54,12,1,14,80,15,1,24,107,25,1,29,135,31,1
3ERQ,1382,A,86,MET,HN,8,32,7,1,12,44,13,1,15,57,16,1,19,79,21,1,23,111,25,1
3ERQ,1383,A,86,MET,H,9,40,11,1,14,58,14,1,19,82,21,1,23,114,27,1,30,140,31,1
3ERQ,1384,A,86,MET,C,10,40,11,0,14,57,14,1,16,78,20,1,24,109,23,1,28,136,29,1
3ERQ,1385,A,86,MET,C,11,43,9,0,13,61,17,0,18,89,20,1,27,117,24,1,33,153,33,1
3ERQ,1386,A,86,MET,S,10,42,11,0,13,68,16,0,23,97,19,0,29,119,27,1,34,154,36,1
3ERQ,1387,A,86,MET,C,10,44,7,0,15,54,15,0,16,78,19,0,25,105,25,0,35,148,32,1
3ERQ,1388,A,86,MET,H,8,37,9,0,12,53,12,1,18,81,18,1,21,105,23,1,31,133,29,1
3ERQ,1389,A,86,MET,H,11,41,8,0,13,55,15,0,16,73,18,1,22,94,24,1,28,124,27,1
3ERQ,1390,A,86,MET,H,12,47,11,0,14,67,16,0,18,91,21,1,26,118,24,1,35,152,35,1
3ERQ,1391,A,86,MET,H,10,46,9,0,14,64,15,1,17,93,22,1,29,122,25,1,33,157,35,1
3ERQ,1392,A,86,MET,H,9,41,7,0,13,57,13,0,18,74,23,0,24,105,25,0,35,146,31,0
3ERQ,1393,A,86,MET,H,7,38,11,0,14,52,14,0,17,67,16,0,24,94,23,1,31,141,29,1
3ERQ,1394,A,86,MET,H,10,42,8,0,13,56,12,0,17,73,19,0,25,108,24,0,34,137,34,1
3ERQ,1395,A,87,VAL,N,10,46,8,2,10,64,14,2,16,81,21,2,26,117,25,2,35,166,35,2
3ERQ,1396,A,87,VAL,CA,9,46,7,2,13,67,14,2,17,89,21,2,25,117,25,2,40,165,38,2
3ERQ,1397,A,87,VAL,C,9,42,8,2,12,66,11,2,19,96,20,2,27,131,29,2,42,170,40,2
3ERQ,1398,A,87,VAL,O,8,43,9,2,12,63,12,2,16,97,20,2,31,129,31,2,41,166,44,2
3ERQ,1399,A,87,VAL,HN,9,43,9,2,13,61,14,2,19,90,21,2,25,131,26,2,35,162,36,2
3ERQ,1400,A,87,VAL,H,8,44,10,2,14,63,13,2,17,88,18,2,25,118,25,2,35,153,37,2
3ERQ,1401,A,87,VAL,C,10,49,9,2,13,67,15,2,21,96,20,2,30,125,30,2,42,175,41,2
3ERQ,1402,A,87,VAL,C,11,45,9,1,15,69,13,1,23,91,26,2,29,128,32,2,47,174,41,2
3ERQ,1403,A,87,VAL,C,7,46,9,1,17,67,14,2,22,94,19,2,32,128,30,2,36,165,45,2
3ERQ,1404,A,87,VAL,H,10,39,10,2,15,71,13,2,23,98,21,2,31,141,32,2,44,179,43,2
3ERQ,1405,A,87,VAL,H,9,42,8,1,18,70,16,1,23,96,26,2,35,130,35,2,46,186,40,2
3ERQ,1406,A,87,VAL,H,9,43,9,1,14,65,15,1,21,90,21,2,30,123,28,2,43,174,39,2
3ERQ,1407,A,87,VAL,H,8,46,8,1,18,68,15,2,25,97,23,2,38,131,34,2,43,180,44,2
3ERQ,1408,A,87,VAL,H,8,44,9,1,16,65,14,1,26,95,21,2,34,138,32,2,45,174,45,2
3ERQ,1409,A,87,VAL,H,9,43,10,1,15,70,13,2,22,96,20,2,28,123,29,2,38,170,45,2
3ERQ,1410,A,87,VAL,H,10,42,9,1,15,64,13,1,23,96,21,2,27,121,30,2,37,151,40,2
3ERQ,1411,A,88,ASN,N,8,46,7,2,12,73,13,2,18,100,18,2,28,133,32,2,42,178,41,2
3ERQ,1412,A,88,ASN,CA,9,51,8,1,14,70,14,2,19,102,22,2,29,137,30,2,45,179,42,2
3ERQ,1413,A,88,ASN,C,8,43,8,1,13,67,15,2,22,100,21,2,33,142,28,2,43,176,39,2
3ERQ,1414,A,88,ASN,O,8,46,10,1,15,64,16,1,23,103,24,2,30,139,31,2,42,181,41,2
3ERQ,1415,A,88,ASN,HN,9,51,8,2,12,69,13,2,17,99,18,2,30,135,28,2,41,176,41,2
3ERQ,1416,A,88,ASN,H,9,48,10,1,17,73,14,2,22,97,23,2,33,141,32,2,43,186,42,2
3ERQ,1417,A,88,ASN,C,11,54,8,1,13,75,11,1,20,101,23,2,32,132,31,2,43,176,42,2
3ERQ,1418,A,88,ASN,C,10,52,8,1,14,74,15,1,21,101,19,1,30,134,30,2,44,187,45,2
3ERQ,1419,A,88,ASN,O,9,48,7,1,15,68,13,1,21,100,18,2,29,144,26,2,42,182,42,2
3ERQ,1420,A,88,ASN,N,10,49,8,1,11,72,13,1,21,97,22,1,33,145,30,1,44,193,45,2
3ERQ,1421,A,88,ASN,H,11,48,9,1,14,73,14,1,24,105,21,1,33,135,34,2,46,185,43,2
3ERQ,1422,A,88,ASN,H,10,57,10,1,16,79,12,1,21,103,20,1,28,128,31,2,42,169,39,2
3ERQ,1423,A,88,ASN,HN,9,45,9,1,11,67,12,1,23,93,23,1,37,153,31,1,45,193,44,1
3ERQ,1424,A,88,ASN,HN,10,48,7,1,13,73,14,1,21,105,19,1,34,141,31,1,41,190,39,2
3ERQ,1425,A,89,GLU,N,9,40,7,1,11,67,14,2,22,99,18,2,33,128,26,2,42,164,35,2
3ERQ,1426,A,89,GLU,CA,9,40,9,1,13,56,14,2,20,90,18,2,31,127,24,2,40,156,34,2
3ERQ,1427,A,89,GLU,C,8,40,8,1,15,56,12,2,18,78,16,2,27,118,24,2,40,160,34,2
3ERQ,1428,A,89,GLU,O,11,38,10,1,17,64,11,1,22,84,15,2,29,110,28,2,36,150,35,2
3ERQ,1429,A,89,GLU,HN,8,44,8,1,11,71,11,2,19,101,19,2,28,120,25,2,41,157,34,2
3ERQ,1430,A,89,GLU,H,11,43,10,1,14,61,15,1,23,92,21,2,34,130,25,2,42,159,37,2
3ERQ,1431,A,89,GLU,C,8,38,7,1,13,55,11,1,20,77,17,2,26,114,22,2,37,147,27,2
3ERQ,1432,A,89,GLU,C,9,36,6,1,15,46,10,1,17,68,17,1,27,101,21,2,35,137,25,2
3ERQ,1433,A,89,GLU,C,5,25,3,1,11,44,8,1,17,62,14,1,23,81,19,2,35,109,21,2
3ERQ,1434,A,89,GLU,O,3,20,2,1,10,39,8,1,16,62,12,1,23,82,17,2,32,107,24,2
3ERQ,1435,A,89,GLU,O,6,21,2,0,7,37,7,1,19,54,14,1,23,77,16,2,29,101,22,2
3ERQ,1436,A,89,GLU,H,8,34,8,1,10,56,10,2,20,78,15,2,23,106,20,2,36,136,26,2
3ERQ,1437,A,89,GLU,H,9,37,7,1,14,56,11,1,20,87,18,1,28,112,23,2,32,144,30,2
3ERQ,1438,A,89,GLU,H,10,38,6,1,15,51,12,1,21,70,16,1,28,98,22,1,35,138,27,2
3ERQ,1439,A,89,GLU,H,11,39,8,1,15,46,11,1,19,70,16,2,25,97,22,2,36,137,29,2
3ERQ,1440,A,90,ALA,N,8,41,9,2,9,59,12,2,18,78,17,2,24,115,24,2,35,151,32,2
3ERQ,1441,A,90,ALA,CA,9,42,9,1,11,53,11,2,16,77,18,2,22,100,24,2,32,134,30,2
3ERQ,1442,A,90,ALA,C,11,44,10,1,13,58,14,1,16,82,21,2,24,103,25,2,38,138,35,2
3ERQ,1443,A,90,ALA,O,10,42,9,1,13,56,14,1,18,71,17,1,23,103,25,2,35,133,35,2
3ERQ,1444,A,90,ALA,HN,7,40,10,2,10,58,11,2,15,87,16,2,22,119,23,2,36,143,35,2
3ERQ,1445,A,90,ALA,H,10,34,10,1,12,54,12,2,17,74,16,2,21,93,19,2,31,123,30,2
3ERQ,1446,A,90,ALA,C,9,43,7,1,9,52,12,2,16,72,17,2,24,102,22,2,32,132,31,2
3ERQ,1447,A,90,ALA,H,9,39,7,1,10,53,11,1,15,66,17,2,21,90,22,2,30,119,30,2
3ERQ,1448,A,90,ALA,H,8,37,7,1,11,59,11,2,18,81,19,2,24,106,25,2,29,142,34,2
3ERQ,1449,A,90,ALA,H,8,36,7,1,11,50,10,2,16,72,17,2,24,98,21,2,31,124,28,2
3ERQ,1450,A,91,LEU,N,11,45,8,1,12,64,15,1,16,85,22,2,29,109,29,2,40,148,39,2
3ERQ,1451,A,91,LEU,CA,9,46,11,1,13,64,15,1,20,90,22,1,30,118,31,2,39,154,44,2
3ERQ,1452,A,91,LEU,C,10,43,10,0,13,62,17,0,22,97,21,1,34,131,32,2,43,163,43,2
3ERQ,1453,A,91,LEU,O,9,40,10,0,14,63,15,0,24,94,23,0,34,129,28,1,43,166,44,2
3ERQ,1454,A,91,LEU,HN,8,43,7,1,14,67,15,2,15,88,22,2,30,117,30,2,43,157,39,2
3ERQ,1455,A,91,LEU,H,11,45,11,1,16,60,16,1,19,80,17,1,31,114,29,1,40,159,40,2
3ERQ,1456,A,91,LEU,C,12,50,9,0,15,72,16,1,24,93,23,1,34,119,36,2,44,165,45,2
3ERQ,1457,A,91,LEU,C,10,51,9,1,18,70,16,1,26,93,24,1,35,120,38,2,44,168,46,2
3ERQ,1458,A,91,LEU,C,10,49,9,0,19,71,19,1,27,96,28,2,37,135,39,2,47,174,45,2
3ERQ,1459,A,91,LEU,C,12,45,8,0,18,67,19,1,25,95,28,1,35,123,34,1,42,154,46,2
3ERQ,1460,A,91,LEU,H,12,49,12,0,17,74,14,0,23,93,26,1,34,132,39,2,44,170,47,2
3ERQ,1461,A,91,LEU,H,12,42,10,0,17,75,16,1,20,99,25,2,35,130,36,2,44,163,47,2
3ERQ,1462,A,91,LEU,H,9,50,10,1,15,66,13,1,24,92,22,2,32,120,33,2,41,157,46,2
3ERQ,1463,A,91,LEU,H,11,47,10,1,16,73,19,1,28,100,27,1,40,129,40,2,45,174,49,2
3ERQ,1464,A,91,LEU,H,10,50,11,0,21,67,21,0,28,98,30,1,35,133,41,2,47,170,46,2
3ERQ,1465,A,91,LEU,H,10,42,10,1,19,70,20,2,26,99,27,2,39,138,34,2,45,178,48,2
3ERQ,1466,A,91,LEU,H,12,44,12,1,15,63,14,1,26,96,28,1,33,124,33,1,40,156,46,1
3ERQ,1467,A,91,LEU,H,10,40,9,1,18,64,18,1,25,92,25,1,31,122,33,1,37,150,42,1
3ERQ,1468,A,91,LEU,H,11,45,11,0,20,72,21,0,26,97,28,1,35,126,37,1,45,159,49,1
3ERQ,1469,A,92,VAL,N,11,47,13,0,15,67,15,0,25,94,25,2,33,133,33,2,45,171,44,2
3ERQ,1470,A,92,VAL,CA,12,50,14,0,19,68,18,0,28,100,27,0,32,135,34,1,41,171,43,2
3ERQ,1471,A,92,VAL,C,15,44,11,0,21,69,21,0,26,100,27,0,35,129,31,0,42,163,42,2
3ERQ,1472,A,92,VAL,O,17,43,14,0,21,69,21,0,30,107,27,0,35,135,33,0,40,155,41,0
3ERQ,1473,A,92,VAL,HN,11,46,11,0,16,68,19,1,23,94,23,2,32,129,32,2,44,171,43,2
3ERQ,1474,A,92,VAL,H,12,47,15,0,17,77,19,0,29,100,23,0,35,140,31,0,44,169,47,2
3ERQ,1475,A,92,VAL,C,14,48,13,0,21,70,21,0,27,92,29,1,34,137,35,1,45,174,40,2
3ERQ,1476,A,92,VAL,C,17,46,16,0,22,69,18,0,28,97,29,0,35,132,35,1,43,162,38,1
3ERQ,1477,A,92,VAL,C,15,47,13,0,22,66,18,0,24,92,30,1,33,138,35,1,45,179,41,1
3ERQ,1478,A,92,VAL,H,14,48,13,0,19,67,19,1,28,93,30,1,35,129,32,1,40,167,40,2
3ERQ,1479,A,92,VAL,H,11,44,15,0,22,65,20,0,29,98,26,0,36,128,35,1,41,158,39,1
3ERQ,1480,A,92,VAL,H,13,46,14,0,24,72,20,0,25,101,26,0,36,127,33,0,47,154,38,1
3ERQ,1481,A,92,VAL,H,18,47,15,0,21,69,18,0,26,94,28,0,34,124,34,1,44,161,40,1
3ERQ,1482,A,92,VAL,H,14,46,12,0,19,65,21,1,29,101,29,1,35,134,33,1,45,178,42,1
3ERQ,1483,A,92,VAL,H,13,44,12,0,20,67,17,1,25,101,29,1,32,137,37,1,46,179,43,2
3ERQ,1484,A,92,VAL,H,14,47,12,0,19,71,19,0,23,95,27,0,34,136,36,1,47,178,42,1
3ERQ,1485,A,93,ARG,N,12,41,12,0,17,62,18,0,22,86,26,0,25,114,31,2,39,149,37,2
3ERQ,1486,A,93,ARG,CA,11,37,13,0,16,52,20,0,21,81,25,0,28,106,30,0,33,139,33,2
3ERQ,1487,A,93,ARG,C,9,33,12,0,17,54,19,0,20,76,22,0,27,105,31,0,32,128,36,1
3ERQ,1488,A,93,ARG,O,11,36,13,0,17,48,16,0,22,75,22,0,26,97,30,0,30,123,36,0
3ERQ,1489,A,93,ARG,HN,12,40,12,0,14,63,17,0,23,85,23,2,25,112,30,2,34,146,40,2
3ERQ,1490,A,93,ARG,H,13,38,13,0,17,53,20,0,23,81,27,0,28,109,31,0,35,144,36,1
3ERQ,1491,A,93,ARG,C,10,31,12,0,13,44,19,0,20,68,21,0,24,96,26,2,31,125,30,2
3ERQ,1492,A,93,ARG,C,9,28,10,0,11,38,15,0,15,57,21,0,22,75,24,0,29,111,27,2
3ERQ,1493,A,93,ARG,C,8,28,10,0,13,43,19,0,17,58,20,0,23,79,23,0,28,98,31,0
3ERQ,1494,A,93,ARG,N,7,17,8,0,9,32,13,0,15,50,19,0,19,65,20,0,25,82,27,0
3ERQ,1495,A,93,ARG,C,5,18,7,0,10,29,12,0,13,46,16,0,20,61,21,0,23,77,25,0
3ERQ,1496,A,93,ARG,N,7,24,8,0,12,34,14,0,15,46,19,0,22,64,22,0,24,86,27,0
3ERQ,1497,A,93,ARG,N,4,10,5,0,6,22,8,0,13,36,13,0,16,51,17,0,19,64,24,0
3ERQ,1498,A,93,ARG,H,9,29,12,0,11,41,14,0,17,70,20,1,24,100,22,2,26,121,30,2
3ERQ,1499,A,93,ARG,H,10,31,11,0,14,47,16,0,19,71,21,0,25,98,26,2,31,120,35,2
3ERQ,1500,A,93,ARG,H,7,25,10,0,11,41,12,0,15,50,19,0,20,71,25,0,30,104,27,1
3ERQ,1501,A,93,ARG,H,6,19,8,0,11,33,13,0,13,50,19,0,19,73,22,1,27,100,24,2
3ERQ,1502,A,93,ARG,H,8,27,12,0,13,47,16,0,18,61,21,0,24,79,24,0,27,97,31,0
3ERQ,1503,A,93,ARG,H,11,32,13,0,15,45,18,0,19,65,21,0,27,85,27,0,28,107,33,0
3ERQ,1504,A,93,ARG,HN,6,11,7,0,8,25,10,0,14,43,17,0,18,61,20,0,23,77,25,0
3ERQ,1505,A,93,ARG,HN,8,26,10,0,15,38,16,0,20,54,19,0,21,74,25,0,28,98,29,0
3ERQ,1506,A,93,ARG,HN,7,22,8,0,11,31,12,0,14,44,18,0,19,55,21,0,22,78,24,0
3ERQ,1507,A,93,ARG,HN,3,8,5,0,6,16,6,0,10,29,9,0,14,45,16,0,18,59,21,0
3ERQ,1508,A,93,ARG,HN,5,12,5,0,6,25,9,0,11,34,13,0,16,45,17,0,16,59,20,0
3ERQ,1509,A,94,GLN,N,11,37,8,0,16,59,16,0,23,75,20,0,27,99,25,1,36,133,38,1
3ERQ,1510,A,94,GLN,CA,11,37,9,0,15,52,14,0,18,71,19,0,27,95,24,1,32,126,34,1
3ERQ,1511,A,94,GLN,C,13,35,10,0,16,59,15,0,22,87,20,0,27,109,26,0,32,136,36,1
3ERQ,1512,A,94,GLN,O,10,34,8,0,15,54,13,0,19,84,19,0,24,110,26,0,34,130,32,0
3ERQ,1513,A,94,GLN,HN,11,41,10,0,14,58,13,0,21,71,20,1,26,105,28,1,38,143,37,2
3ERQ,1514,A,94,GLN,H,12,33,9,0,16,50,13,0,21,67,18,0,25,87,22,0,30,115,31,1
3ERQ,1515,A,94,GLN,C,8,37,6,0,11,44,10,0,17,62,17,1,22,85,24,1,32,120,28,1
3ERQ,1516,A,94,GLN,C,8,29,5,0,9,37,7,1,13,50,16,1,18,78,22,1,27,101,27,1
3ERQ,1517,A,94,GLN,C,6,23,4,0,10,32,6,0,13,44,11,1,14,58,18,1,25,85,24,1
3ERQ,1518,A,94,GLN,O,3,16,3,0,8,32,7,0,13,41,10,0,14,53,17,1,22,72,22,1
3ERQ,1519,A,94,GLN,N,6,16,3,0,9,26,7,0,11,39,9,1,12,60,16,1,21,81,21,1
3ERQ,1520,A,94,GLN,H,8,32,7,0,10,43,11,0,17,58,14,0,21,80,24,1,28,114,29,1
3ERQ,1521,A,94,GLN,H,8,36,7,0,10,50,13,0,19,68,17,1,24,96,21,1,32,133,32,1
3ERQ,1522,A,94,GLN,H,7,23,3,0,8,37,7,1,12,50,14,1,19,76,20,1,28,105,25,1
3ERQ,1523,A,94,GLN,H,8,27,5,0,10,39,10,1,13,61,14,1,20,78,23,1,28,104,27,1
3ERQ,1524,A,94,GLN,HN,7,18,4,0,8,25,8,0,11,46,11,1,13,68,16,1,25,85,21,1
3ERQ,1525,A,94,GLN,HN,3,13,3,0,6,18,4,0,10,31,9,0,12,51,11,1,17,69,19,1
3ERQ,1526,A,95,GLY,N,16,48,12,0,19,72,18,0,25,98,23,0,31,125,34,0,35,154,37,0
3ERQ,1527,A,95,GLY,CA,14,48,12,0,20,72,18,0,26,105,25,0,32,129,32,0,38,153,40,0
3ERQ,1528,A,95,GLY,C,12,49,12,0,15,74,16,0,24,105,24,0,29,126,33,0,40,157,40,0
3ERQ,1529,A,95,GLY,O,11,48,10,0,15,72,16,0,23,95,23,0,27,125,33,0,38,145,39,0
3ERQ,1530,A,95,GLY,HN,16,51,13,0,21,73,16,0,29,99,24,0,30,127,34,0,39,159,40,0
3ERQ,1531,A,95,GLY,H,15,54,12,0,20,76,18,0,27,104,27,0,33,132,32,0,38,159,39,0
3ERQ,1532,A,95,GLY,H,14,48,12,0,17,73,20,0,23,93,23,0,29,126,30,0,37,143,39,0
3ERQ,1533,A,96,LEU,N,11,42,10,0,16,76,15,0,22,99,23,0,32,125,32,0,41,153,41,0
3ERQ,1534,A,96,LEU,CA,14,44,12,0,17,72,15,0,23,98,26,0,31,127,33,0,41,156,44,0
3ERQ,1535,A,96,LEU,C,10,42,10,0,17,70,18,0,25,101,27,0,34,133,35,0,43,164,49,0
3ERQ,1536,A,96,LEU,O,10,40,11,0,18,65,18,0,27,96,27,0,35,127,41,0,42,170,48,0
3ERQ,1537,A,96,LEU,HN,11,44,9,0,15,70,16,0,23,97,23,0,33,128,31,0,43,163,41,1
3ERQ,1538,A,96,LEU,H,12,45,12,0,19,71,19,0,23,95,23,0,32,118,33,0,37,153,42,0
3ERQ,1539,A,96,LEU,C,10,49,10,0,18,71,16,0,27,93,27,0,29,122,33,0,35,149,40,1
3ERQ,1540,A,96,LEU,C,12,45,10,0,15,64,16,0,25,88,23,0,27,104,31,0,34,131,37,1
3ERQ,1541,A,96,LEU,C,10,34,10,0,15,55,15,0,20,81,22,0,27,101,29,1,33,126,32,1
3ERQ,1542,A,96,LEU,C,10,43,11,0,14,62,15,0,20,85,19,0,27,101,29,0,31,125,36,0
3ERQ,1543,A,96,LEU,H,13,47,10,0,20,69,17,0,23,94,28,0,30,125,34,0,37,152,43,1
3ERQ,1544,A,96,LEU,H,10,40,9,0,16,64,19,0,24,96,24,0,32,127,32,1,39,154,40,1
3ERQ,1545,A,96,LEU,H,9,45,11,0,15,64,16,0,22,79,19,0,29,107,30,0,33,135,37,1
3ERQ,1546,A,96,LEU,H,7,31,9,0,14,46,14,0,18,74,19,0,23,90,23,1,32,117,31,1
3ERQ,1547,A,96,LEU,H,10,39,13,0,14,58,17,0,21,79,21,0,28,103,30,1,32,129,34,1
3ERQ,1548,A,96,LEU,H,11,33,10,0,14,51,14,0,18,79,24,1,29,102,25,1,35,134,32,1
3ERQ,1549,A,96,LEU,H,9,33,10,0,13,52,15,0,20,76,17,0,25,96,26,0,28,113,31,0
3ERQ,1550,A,96,LEU,H,9,39,11,0,14,59,14,0,22,83,22,0,27,111,28,0,31,132,38,0
3ERQ,1551,A,96,LEU,H,11,39,12,0,15,68,15,0,20,82,25,0,27,97,29,0,33,129,35,0
3ERQ,1552,A,97,ALA,N,13,45,9,0,15,68,16,0,24,107,26,0,34,138,37,0,43,172,47,0
3ERQ,1553,A,97,ALA,CA,11,44,8,0,15,67,19,0,24,93,24,0,31,131,40,0,44,174,48,0
3ERQ,1554,A,97,ALA,C,11,48,9,0,17,69,16,0,18,93,26,0,32,126,35,0,44,162,40,0
3ERQ,1555,A,97,ALA,O,12,48,10,0,16,73,19,0,25,99,24,0,32,129,33,0,44,167,44,0
3ERQ,1556,A,97,ALA,HN,12,46,11,0,15,78,13,0,23,112,28,0,32,140,35,0,47,169,44,0
3ERQ,1557,A,97,ALA,H,8,46,11,0,16,62,17,0,24,88,28,0,32,123,38,0,43,172,49,0
3ERQ,1558,A,97,ALA,C,11,41,13,0,19,68,18,0,24,101,28,0,34,134,35,0,44,167,45,1
3ERQ,1559,A,97,ALA,H,11,43,12,0,17,66,22,0,24,94,27,0,34,127,32,0,39,165,46,1
3ERQ,1560,A,97,ALA,H,13,43,12,0,17,70,19,0,23,109,27,0,34,135,36,1,46,172,44,2
3ERQ,1561,A,97,ALA,H,10,45,12,0,19,65,19,0,25,99,28,0,37,136,37,0,44,174,47,2
3ERQ,1562,A,98,LYS,N,10,44,11,0,12,58,17,0,20,79,22,0,28,109,35,0,41,149,40,0
3ERQ,1563,A,98,LYS,CA,8,36,9,0,12,53,16,0,18,71,20,0,28,105,26,0,36,132,39,0
3ERQ,1564,A,98,LYS,C,7,33,8,0,12,49,15,0,22,76,20,0,27,108,26,0,40,140,39,0
3ERQ,1565,A,98,LYS,O,8,33,10,0,11,52,19,0,20,84,21,0,31,110,28,0,39,140,37,0
3ERQ,1566,A,98,LYS,HN,9,41,13,0,11,56,16,0,18,74,20,0,25,101,33,0,39,146,42,0
3ERQ,1567,A,98,LYS,H,8,41,10,0,14,51,13,0,21,81,23,0,27,106,28,0,38,139,36,0
3ERQ,1568,A,98,LYS,C,6,30,6,0,9,46,13,0,14,61,17,0,21,84,22,0,30,114,32,0
3ERQ,1569,A,98,LYS,C,6,26,6,0,11,45,11,0,14,57,16,0,20,77,23,0,28,109,32,0
3ERQ,1570,A,98,LYS,C,2,18,5,0,9,34,7,0,11,46,11,0,13,65,20,0,22,86,26,0
3ERQ,1571,A,98,LYS,C,1,14,3,0,6,27,7,0,11,42,14,0,13,57,17,0,19,92,27,0
3ERQ,1572,A,98,LYS,N,0,11,1,0,2,15,3,0,6,31,9,0,11,50,16,0,15,69,19,0
3ERQ,1573,A,98,LYS,H,6,26,5,0,10,41,9,0,15,60,17,0,24,83,19,0,27,103,28,0
3ERQ,1574,A,98,LYS,H,5,27,9,0,9,43,12,0,14,60,15,0,22,80,23,0,27,107,30,0
3ERQ,1575,A,98,LYS,H,6,30,8,0,10,44,11,0,15,63,20,0,18,87,26,0,28,116,33,0
3ERQ,1576,A,98,LYS,H,7,26,8,0,12,46,11,0,14,66,17,0,21,85,26,0,32,113,34,0
3ERQ,1577,A,98,LYS,H,3,16,6,0,6,27,6,0,11,43,9,0,14,61,16,0,21,81,25,0
3ERQ,1578,A,98,LYS,H,2,18,5,0,7,27,8,0,9,42,12,0,15,59,16,0,18,82,25,0
3ERQ,1579,A,98,LYS,H,1,21,3,0,8,29,11,0,10,48,15,0,16,69,21,0,22,97,28,0
3ERQ,1580,A,98,LYS,H,3,18,5,0,7,29,8,0,11,47,16,0,17,71,20,0,21,101,26,0
3ERQ,1581,A,98,LYS,HN,0,10,1,0,1,14,3,0,4,28,8,0,10,49,17,0,16,69,20,0
3ERQ,1582,A,98,LYS,HN,0,9,1,0,2,14,2,0,5,22,6,0,9,40,13,0,12,61,18,0
3ERQ,1583,A,98,LYS,HN,0,5,0,0,0,14,3,0,4,27,9,0,10,42,14,0,14,63,18,0
3ERQ,1584,A,99,VAL,N,6,35,9,0,15,51,11,0,22,78,21,0,30,107,28,0,42,141,35,0
3ERQ,1585,A,99,VAL,CA,9,38,9,0,15,55,13,0,20,73,18,0,29,100,28,0,38,135,36,0
3ERQ,1586,A,99,VAL,C,9,31,8,0,11,52,13,0,18,67,16,0,23,81,22,0,33,115,32,0
3ERQ,1587,A,99,VAL,O,9,22,7,0,10,42,11,0,14,64,14,0,21,77,20,0,27,93,27,0
3ERQ,1588,A,99,VAL,HN,11,35,9,0,16,53,12,0,22,70,17,0,27,109,25,0,39,131,38,0
3ERQ,1589,A,99,VAL,H,10,41,10,0,16,61,15,0,23,81,22,0,34,109,30,0,41,145,40,1
3ERQ,1590,A,99,VAL,C,11,35,10,0,15,54,11,0,23,74,22,0,27,96,28,0,41,130,33,0
3ERQ,1591,A,99,VAL,C,10,40,9,0,16,52,15,0,20,69,22,0,27,96,28,0,36,123,34,1
3ERQ,1592,A,99,VAL,C,12,43,10,0,20,58,18,0,25,83,24,0,33,110,26,0,41,149,38,1
3ERQ,1593,A,99,VAL,H,8,29,10,0,15,48,11,0,21,72,19,0,26,90,25,0,32,118,31,0
3ERQ,1594,A,99,VAL,H,11,36,11,0,15,49,14,0,22,71,20,0,28,97,27,0,33,118,32,1
3ERQ,1595,A,99,VAL,H,11,43,11,0,14,54,15,0,23,78,24,0,33,108,28,1,37,137,37,1
3ERQ,1596,A,99,VAL,H,9,35,10,0,14,46,13,0,19,64,19,0,24,91,25,0,35,117,32,0
3ERQ,1597,A,99,VAL,H,11,39,12,0,18,58,18,0,25,79,22,0,30,105,27,0,38,139,34,1
3ERQ,1598,A,99,VAL,H,15,38,11,0,18,59,17,0,28,90,23,0,34,114,30,0,38,147,37,1
3ERQ,1599,A,99,VAL,H,13,45,13,0,20,67,20,0,28,90,24,0,38,117,31,1,41,153,40,1
3ERQ,1600,A,100,ALA,N,9,36,7,0,12,54,14,0,15,69,17,0,25,87,23,0,33,119,30,0
3ERQ,1601,A,100,ALA,CA,9,33,7,0,13,43,11,0,14,57,15,0,18,84,22,0,27,100,25,0
3ERQ,1602,A,100,ALA,C,9,35,8,0,12,46,11,0,16,61,15,0,18,83,20,0,26,110,27,0
3ERQ,1603,A,100,ALA,O,9,38,8,0,12,51,13,0,17,73,16,0,22,100,25,0,34,125,32,0
3ERQ,1604,A,100,ALA,HN,9,37,8,0,12,57,14,0,19,74,20,0,25,101,23,0,37,134,35,0
3ERQ,1605,A,100,ALA,H,7,31,7,0,12,37,10,0,13,55,14,0,16,75,19,0,22,88,22,0
3ERQ,1606,A,100,ALA,C,8,30,8,0,12,41,10,0,15,55,15,0,19,73,19,0,24,101,24,0
3ERQ,1607,A,100,ALA,H,7,27,8,0,10,35,8,0,15,51,15,0,18,63,17,0,21,89,22,0
3ERQ,1608,A,100,ALA,H,10,35,8,0,11,45,14,0,17,59,16,0,22,79,20,0,26,120,31,0
3ERQ,1609,A,100,ALA,H,7,31,8,0,13,40,10,0,14,51,15,0,19,75,20,0,23,99,24,0
3ERQ,1610,A,101,TYR,N,7,27,7,0,10,35,10,0,15,48,14,0,18,61,17,0,25,88,23,0
3ERQ,1611,A,101,TYR,CA,6,25,5,0,8,34,11,0,13,48,13,0,19,66,15,0,25,89,24,0
3ERQ,1612,A,101,TYR,C,5,28,6,0,9,39,10,0,17,57,13,0,22,71,20,0,26,94,27,0
3ERQ,1613,A,101,TYR,O,7,33,7,0,11,43,9,0,17,64,17,0,24,85,22,0,30,108,29,0
3ERQ,1614,A,101,TYR,HN,6,21,7,0,10,32,8,0,12,43,12,0,17,52,16,0,20,74,22,0
3ERQ,1615,A,101,TYR,H,5,20,3,0,6,26,8,0,11,37,12,0,17,58,15,0,23,75,18,0
3ERQ,1616,A,101,TYR,C,9,28,6,0,10,41,11,0,14,55,14,0,20,72,18,0,30,98,27,0
3ERQ,1617,A,101,TYR,C,8,19,6,0,10,36,9,0,13,50,15,0,17,64,21,0,23,89,23,0
3ERQ,1618,A,101,TYR,C,5,14,4,0,10,22,6,0,10,36,10,0,16,58,18,0,22,77,22,0
3ERQ,1619,A,101,TYR,C,8,20,7,0,10,35,12,0,16,52,15,0,17,73,20,0,24,90,25,0
3ERQ,1620,A,101,TYR,C,4,10,4,0,7,16,4,0,11,27,12,0,14,49,15,0,19,72,21,0
3ERQ,1621,A,101,TYR,C,8,13,7,0,10,23,13,0,14,41,15,0,18,67,20,0,23,88,23,0
3ERQ,1622,A,101,TYR,C,4,10,4,0,9,16,8,0,11,30,14,0,16,48,16,0,21,84,21,0
3ERQ,1623,A,101,TYR,OH,4,7,4,0,6,14,9,0,10,21,12,0,16,41,17,0,20,73,19,0
3ERQ,1624,A,101,TYR,H,8,25,5,0,11,40,9,0,15,56,15,0,20,73,19,0,30,98,29,0
3ERQ,1625,A,101,TYR,H,10,35,7,0,10,45,11,0,16,62,16,0,22,81,21,0,30,111,33,0
3ERQ,1626,A,101,TYR,H,3,12,3,0,9,19,4,0,11,34,10,0,16,52,14,0,22,76,20,0
3ERQ,1627,A,101,TYR,H,9,26,11,0,13,38,12,0,15,57,17,0,20,76,21,0,27,103,27,0
3ERQ,1628,A,101,TYR,H,1,6,1,0,5,13,4,0,8,24,6,0,13,40,12,0,15,59,18,0
3ERQ,1629,A,101,TYR,H,7,14,10,0,11,26,13,0,15,46,16,0,20,67,22,0,25,92,28,0
3ERQ,1630,A,101,TYR,HO,4,10,6,0,7,15,10,0,11,28,14,0,16,46,17,0,20,69,19,0
3ERQ,1631,A,102,VAL,N,7,30,7,0,10,46,9,0,15,54,14,0,21,74,18,0,24,88,25,0
3ERQ,1632,A,102,VAL,CA,8,33,7,0,12,45,11,0,16,60,14,0,21,73,21,0,25,93,24,0
3ERQ,1633,A,102,VAL,C,7,28,6,0,10,42,9,0,14,49,12,0,17,62,17,0,21,79,22,0
3ERQ,1634,A,102,VAL,O,6,21,6,0,8,31,8,0,11,45,10,0,16,55,12,0,17,64,19,0
3ERQ,1635,A,102,VAL,HN,5,27,7,0,9,37,9,0,13,50,11,0,18,66,17,0,23,84,22,0
3ERQ,1636,A,102,VAL,H,10,35,9,0,15,50,12,0,18,65,18,0,22,83,23,0,28,105,25,0
3ERQ,1637,A,102,VAL,C,9,27,8,0,13,42,11,0,17,51,13,0,20,75,18,0,25,92,25,0
3ERQ,1638,A,102,VAL,C,8,25,8,0,15,40,12,0,18,58,16,0,22,76,18,0,25,91,25,0
3ERQ,1639,A,102,VAL,C,9,29,9,0,13,42,11,0,17,61,17,0,21,82,22,0,28,103,26,0
3ERQ,1640,A,102,VAL,H,8,21,7,0,9,37,9,0,14,47,13,0,17,62,15,0,23,81,21,0
3ERQ,1641,A,102,VAL,H,8,23,10,0,12,34,13,0,18,50,15,0,23,69,17,0,24,85,25,0
3ERQ,1642,A,102,VAL,H,11,27,11,0,16,42,15,0,18,71,18,0,24,86,20,0,25,100,25,0
3ERQ,1643,A,102,VAL,H,9,25,9,0,13,40,10,0,16,50,15,0,19,68,18,0,22,82,20,0
3ERQ,1644,A,102,VAL,H,7,27,7,0,14,35,11,0,17,55,18,0,22,82,23,0,26,98,26,0
3ERQ,1645,A,102,VAL,H,9,27,6,0,10,42,11,0,15,61,14,0,21,75,21,0,26,101,27,0
3ERQ,1646,A,102,VAL,H,12,35,10,0,14,49,15,0,20,69,19,0,25,95,23,0,30,117,32,0
3ERQ,1647,A,103,TYR,N,8,23,6,0,9,34,11,0,13,47,14,0,18,64,18,0,23,80,21,0
3ERQ,1648,A,103,TYR,CA,7,23,5,0,8,28,9,0,11,38,13,0,16,56,15,0,21,70,18,0
3ERQ,1649,A,103,TYR,C,7,22,6,0,9,28,10,0,13,38,13,0,16,53,15,0,21,73,21,0
3ERQ,1650,A,103,TYR,O,8,24,10,0,10,35,12,0,14,48,13,0,17,66,19,0,24,79,24,0
3ERQ,1651,A,103,TYR,HN,9,28,6,0,10,41,13,0,13,55,15,0,20,72,20,0,28,95,26,0
3ERQ,1652,A,103,TYR,H,4,18,4,0,8,23,6,0,9,31,11,0,13,43,13,0,18,63,15,0
3ERQ,1653,A,103,TYR,C,6,19,7,0,8,30,8,0,12,44,11,0,14,58,17,0,21,73,23,0
3ERQ,1654,A,103,TYR,C,6,17,4,0,8,28,7,0,10,41,9,0,13,57,12,0,22,74,21,0
3ERQ,1655,A,103,TYR,C,3,8,3,0,6,18,4,0,8,30,6,0,10,43,10,0,16,64,13,0
3ERQ,1656,A,103,TYR,C,5,19,5,0,8,33,6,0,11,48,9,0,20,65,17,0,29,87,26,0
3ERQ,1657,A,103,TYR,C,3,8,3,0,3,12,3,0,7,24,5,0,10,42,6,0,17,61,12,0
3ERQ,1658,A,103,TYR,C,3,14,4,0,6,27,5,0,14,46,10,0,20,67,16,0,27,83,24,0
3ERQ,1659,A,103,TYR,C,2,10,3,0,3,15,4,0,9,32,5,0,17,53,9,0,20,74,17,0
3ERQ,1660,A,103,TYR,OH,2,10,2,0,3,15,4,0,7,26,5,0,14,40,8,0,20,63,15,0
3ERQ,1661,A,103,TYR,H,5,15,7,0,8,28,8,0,11,36,9,0,14,52,15,0,19,67,19,0
3ERQ,1662,A,103,TYR,H,6,23,7,0,11,38,11,0,13,51,13,0,18,67,22,0,28,84,27,0
3ERQ,1663,A,103,TYR,H,3,7,2,0,6,15,5,0,7,26,5,0,9,35,10,0,14,52,12,0
3ERQ,1664,A,103,TYR,H,7,25,5,0,8,42,7,0,14,56,16,0,25,73,21,0,32,103,32,0
3ERQ,1665,A,103,TYR,H,2,7,2,0,3,8,3,0,6,19,3,0,9,31,5,0,10,47,8,0
3ERQ,1666,A,103,TYR,H,2,16,4,0,9,32,7,0,16,51,11,0,24,75,17,0,29,93,25,0
3ERQ,1667,A,103,TYR,HO,2,10,2,0,4,18,5,0,10,34,6,0,18,53,11,0,22,71,17,0
3ERQ,1668,A,104,LYS,N,6,21,6,0,7,26,8,0,10,31,11,0,11,43,16,0,16,61,17,0
3ERQ,1669,A,104,LYS,CA,5,16,5,0,7,21,9,0,9,29,10,0,11,42,13,0,16,54,18,0
3ERQ,1670,A,104,LYS,C,6,17,6,0,8,24,9,0,11,33,12,0,11,50,17,0,15,62,18,0
3ERQ,1671,A,104,LYS,O,7,14,6,0,9,23,11,0,10,36,11,0,13,47,16,0,15,62,18,0
3ERQ,1672,A,104,LYS,HN,4,20,5,0,7,23,6,0,8,30,9,0,12,37,12,0,14,54,17,0
3ERQ,1673,A,104,LYS,H,5,18,6,0,7,23,8,0,9,31,11,0,10,42,12,0,17,54,17,0
3ERQ,1674,A,104,LYS,C,4,9,4,0,5,15,5,0,6,22,7,0,10,30,10,0,11,40,14,0
3ERQ,1675,A,104,LYS,C,3,5,2,0,5,10,4,0,5,16,6,0,8,24,9,0,11,35,13,0
3ERQ,1676,A,104,LYS,C,3,6,2,0,5,11,5,0,5,15,7,0,6,23,8,0,9,34,14,0
3ERQ,1677,A,104,LYS,C,2,3,2,0,3,5,3,0,4,11,5,0,6,16,7,0,7,32,13,0
3ERQ,1678,A,104,LYS,N,2,1,1,0,2,5,3,0,5,10,5,0,6,16,8,0,7,27,12,0
3ERQ,1679,A,104,LYS,H,3,8,4,0,5,14,4,0,7,21,6,0,9,29,9,0,12,38,16,0
3ERQ,1680,A,104,LYS,H,4,9,3,0,5,15,4,0,6,19,6,0,7,28,10,0,10,34,11,0
3ERQ,1681,A,104,LYS,H,3,5,3,0,5,9,3,0,6,20,7,0,10,26,11,0,11,36,13,0
3ERQ,1682,A,104,LYS,H,1,2,1,0,3,6,3,0,5,11,4,0,5,17,6,0,8,25,9,0
3ERQ,1683,A,104,LYS,H,2,5,2,0,4,8,4,0,5,16,6,0,6,20,8,0,7,29,12,0
3ERQ,1684,A,104,LYS,H,5,9,5,0,6,13,7,0,6,20,8,0,8,31,13,0,13,44,15,0
3ERQ,1685,A,104,LYS,H,2,3,2,0,4,5,3,0,4,11,4,0,7,21,9,0,9,32,12,0
3ERQ,1686,A,104,LYS,H,1,0,1,0,2,3,2,0,3,5,3,0,5,12,6,0,6,15,7,0
3ERQ,1687,A,104,LYS,HN,1,1,1,0,2,3,1,0,4,7,5,0,5,13,5,0,6,22,12,0
3ERQ,1688,A,104,LYS,HN,1,1,1,0,2,4,3,0,4,9,4,0,6,17,9,0,6,23,10,0
3ERQ,1689,A,104,LYS,HN,2,3,2,0,5,7,5,0,5,14,7,0,6,24,12,0,12,38,14,0
3ERQ,1690,A,105,GLY,N,9,22,6,0,11,31,10,0,12,46,15,0,14,54,16,0,18,70,18,0
3ERQ,1691,A,105,GLY,CA,8,24,9,0,11,35,11,0,12,44,15,0,15,58,16,0,18,72,20,0
3ERQ,1692,A,105,GLY,C,9,26,11,0,12,40,12,0,14,57,15,0,19,73,19,0,23,94,22,0
3ERQ,1693,A,105,GLY,O,9,27,11,0,11,40,12,0,15,57,13,0,16,71,19,0,24,99,22,0
3ERQ,1694,A,105,GLY,HN,7,22,6,0,9,31,11,0,13,43,14,0,14,52,16,0,16,66,18,0
3ERQ,1695,A,105,GLY,H,8,23,9,0,11,29,10,0,11,39,13,0,15,48,16,0,17,66,18,0
3ERQ,1696,A,105,GLY,H,7,22,8,0,8,34,12,0,14,39,13,0,14,54,16,0,17,73,19,0
3ERQ,1697,A,106,ASN,N,9,30,11,0,10,49,13,0,15,67,15,0,18,85,18,0,25,100,26,0
3ERQ,1698,A,106,ASN,CA,10,34,12,0,13,56,13,0,17,79,19,0,22,99,24,0,31,114,30,0
3ERQ,1699,A,106,ASN,C,11,39,9,0,14,58,13,0,16,81,22,0,25,97,27,0,32,120,30,0
3ERQ,1700,A,106,ASN,O,10,40,10,0,14,58,15,0,18,86,21,0,26,103,28,0,34,128,31,1
3ERQ,1701,A,106,ASN,HN,9,27,9,0,11,45,14,0,14,64,15,0,18,78,19,0,21,94,24,0
3ERQ,1702,A,106,ASN,H,11,37,11,0,11,52,15,0,17,80,18,0,24,99,23,0,32,116,31,0
3ERQ,1703,A,106,ASN,C,10,38,11,0,15,60,15,0,20,81,22,0,26,106,27,0,31,127,32,0
3ERQ,1704,A,106,ASN,C,9,37,11,0,15,54,16,0,19,81,19,0,23,100,25,0,31,127,30,0
3ERQ,1705,A,106,ASN,O,7,32,11,0,13,55,14,0,19,74,19,0,24,92,22,0,30,116,27,0
3ERQ,1706,A,106,ASN,N,12,33,12,0,15,53,14,0,17,75,21,0,23,98,28,0,33,118,29,0
3ERQ,1707,A,106,ASN,H,11,45,10,0,17,64,18,0,23,89,23,0,28,113,30,0,35,143,37,1
3ERQ,1708,A,106,ASN,H,10,40,9,0,15,58,14,0,20,77,20,0,25,100,27,0,30,123,33,0
3ERQ,1709,A,106,ASN,HN,10,34,10,0,16,53,14,0,18,76,23,0,24,97,29,0,33,119,31,0
3ERQ,1710,A,106,ASN,HN,11,33,10,0,13,52,12,0,18,69,20,0,24,93,26,0,29,115,29,0
3ERQ,1711,A,107,ASN,N,10,37,10,0,13,56,14,0,16,71,18,0,22,93,25,0,32,113,30,0
3ERQ,1712,A,107,ASN,CA,7,38,12,0,12,51,14,0,18,72,18,0,24,92,21,0,33,117,29,1
3ERQ,1713,A,107,ASN,C,5,29,11,0,11,48,13,0,19,73,16,0,24,92,22,0,31,109,27,1
3ERQ,1714,A,107,ASN,O,5,27,11,0,8,40,12,0,20,67,16,0,23,87,19,0,31,103,25,1
3ERQ,1715,A,107,ASN,HN,10,34,9,0,12,54,13,0,16,70,17,0,19,79,20,0,29,107,28,0
3ERQ,1716,A,107,ASN,H,10,43,13,0,11,55,17,0,23,68,18,0,28,105,23,1,32,131,35,1
3ERQ,1717,A,107,ASN,C,8,33,11,0,11,45,15,0,16,63,17,0,25,83,18,0,29,103,21,0
3ERQ,1718,A,107,ASN,C,8,30,9,0,10,37,11,0,13,48,15,0,18,69,16,0,26,90,21,0
3ERQ,1719,A,107,ASN,O,8,24,8,0,8,34,11,0,13,48,14,0,16,67,16,0,23,81,19,0
3ERQ,1720,A,107,ASN,N,9,24,8,0,12,34,11,0,13,44,14,0,15,56,15,0,24,78,18,0
3ERQ,1721,A,107,ASN,H,8,32,9,0,11,44,12,0,16,61,17,0,19,81,18,0,28,102,23,0
3ERQ,1722,A,107,ASN,H,9,28,12,0,13,46,15,0,19,68,18,0,24,86,19,0,28,103,21,0
3ERQ,1723,A,107,ASN,HN,10,25,9,0,13,36,11,0,14,48,14,0,19,62,18,0,22,84,20,0
3ERQ,1724,A,107,ASN,HN,4,17,7,0,9,30,10,0,13,40,13,0,14,48,14,0,20,60,16,0
3ERQ,1725,A,108,THR,N,9,31,10,0,11,48,12,0,19,71,19,0,23,92,24,1,33,108,30,1
3ERQ,1726,A,108,THR,CA,8,27,7,0,11,40,11,0,16,63,17,0,22,84,21,1,28,102,27,1
3ERQ,1727,A,108,THR,C,8,28,8,0,9,43,9,0,13,59,16,1,17,80,21,1,27,104,27,1
3ERQ,1728,A,108,THR,O,8,25,7,0,9,39,10,0,11,51,14,0,16,65,17,1,21,94,23,1
3ERQ,1729,A,108,THR,HN,9,35,10,0,13,52,13,0,19,69,20,0,28,92,28,1,30,114,30,1
3ERQ,1730,A,108,THR,H,6,22,7,0,10,37,9,0,15,54,14,0,18,71,19,0,24,89,23,1
3ERQ,1731,A,108,THR,C,8,28,8,0,12,42,12,0,14,55,16,0,20,76,19,1,25,97,28,1
3ERQ,1732,A,108,THR,OH,10,30,7,0,12,40,12,0,13,50,15,0,18,65,19,0,24,89,23,1
3ERQ,1733,A,108,THR,C,7,21,6,0,9,37,8,0,14,47,12,0,17,67,17,1,20,88,22,1
3ERQ,1734,A,108,THR,H,8,32,10,0,11,48,13,0,17,65,16,1,23,85,24,1,29,106,29,1
3ERQ,1735,A,108,THR,HO,10,33,9,0,12,44,13,0,16,57,17,0,21,67,20,0,28,100,25,1
3ERQ,1736,A,108,THR,H,6,22,6,0,10,32,9,0,10,46,13,0,17,62,15,1,22,88,20,1
3ERQ,1737,A,108,THR,H,7,17,4,0,8,28,7,0,12,42,11,0,15,57,16,0,19,74,21,1
3ERQ,1738,A,108,THR,H,5,19,6,0,9,36,8,0,13,55,11,1,17,74,17,1,20,90,25,1
3ERQ,1739,A,109,HIS,N,7,36,7,0,7,50,10,1,14,65,17,1,19,89,25,1,30,115,31,1
3ERQ,1740,A,109,HIS,CA,6,37,5,1,8,46,12,1,11,66,17,1,18,89,21,1,25,117,33,1
3ERQ,1741,A,109,HIS,C,7,39,7,0,10,49,13,1,14,69,17,1,20,94,24,1,29,115,31,1
3ERQ,1742,A,109,HIS,O,7,38,6,1,12,54,13,1,15,78,19,1,21,98,25,1,30,116,32,1
3ERQ,1743,A,109,HIS,HN,5,36,8,0,10,55,11,1,14,73,19,1,23,97,28,1,33,123,34,1
3ERQ,1744,A,109,HIS,H,5,30,6,0,7,43,9,1,9,56,15,1,15,79,19,1,20,106,26,1
3ERQ,1745,A,109,HIS,C,5,35,6,1,9,55,11,1,11,76,19,1,21,101,28,1,31,125,34,1
3ERQ,1746,A,109,HIS,C,4,33,5,1,7,51,10,1,13,78,16,1,24,97,24,1,32,119,33,1
3ERQ,1747,A,109,HIS,N,3,26,3,1,6,42,7,1,9,62,12,1,17,81,19,1,29,105,28,1
3ERQ,1748,A,109,HIS,C,3,34,6,1,9,58,12,1,20,81,17,1,25,102,24,1,32,126,39,1
3ERQ,1749,A,109,HIS,C,2,27,3,1,5,40,8,1,9,58,11,1,18,80,20,1,24,106,26,1
3ERQ,1750,A,109,HIS,N,4,32,5,1,10,48,10,1,16,69,15,1,23,94,23,1,28,122,32,1
3ERQ,1751,A,109,HIS,H,5,39,7,1,8,51,11,1,14,74,18,1,21,100,27,1,28,124,30,1
3ERQ,1752,A,109,HIS,H,6,39,6,1,11,63,13,1,17,82,21,1,25,112,30,1,35,133,37,1
3ERQ,1753,A,109,HIS,HN,5,22,3,1,6,38,8,1,7,53,10,1,14,69,15,1,22,95,26,1
3ERQ,1754,A,109,HIS,H,5,42,11,1,13,62,13,1,23,88,16,1,27,116,29,1,34,139,40,1
3ERQ,1755,A,109,HIS,H,2,24,3,1,5,37,5,1,8,51,10,1,16,66,18,1,24,96,24,1
3ERQ,1756,A,109,HIS,HN,5,37,6,1,10,51,10,1,14,71,17,1,25,96,23,1,30,129,33,1
3ERQ,1757,A,110,GLU,N,9,40,9,0,12,54,11,0,15,64,14,1,24,88,20,1,32,114,27,1
3ERQ,1758,A,110,GLU,CA,10,42,8,0,15,53,11,0,20,67,15,1,26,90,19,1,29,113,29,1
3ERQ,1759,A,110,GLU,C,10,37,7,0,14,48,9,0,16,65,11,0,24,81,19,1,28,102,28,1
3ERQ,1760,A,110,GLU,O,11,36,8,0,14,52,9,0,20,71,14,0,24,91,23,1,30,103,30,1
3ERQ,1761,A,110,GLU,HN,8,35,8,0,12,50,10,0,15,65,15,1,21,83,21,1,32,108,24,1
3ERQ,1762,A,110,GLU,H,11,43,9,0,17,56,13,0,23,80,17,1,28,102,23,1,34,122,34,1
3ERQ,1763,A,110,GLU,C,11,36,7,0,13,48,10,0,19,61,17,0,25,80,20,0,29,106,24,1
3ERQ,1764,A,110,GLU,C,11,32,6,0,15,44,11,0,18,54,16,0,24,69,21,0,27,96,23,0
3ERQ,1765,A,110,GLU,C,7,22,5,0,14,33,10,0,17,50,15,0,23,62,18,0,25,87,23,0
3ERQ,1766,A,110,GLU,O,8,22,7,0,13,32,9,0,17,46,14,0,21,67,16,0,25,79,21,0
3ERQ,1767,A,110,GLU,O,7,20,3,0,11,30,9,0,18,45,14,0,22,59,18,0,24,76,22,0
3ERQ,1768,A,110,GLU,H,11,28,7,0,12,42,9,0,17,55,14,0,23,72,20,0,27,91,21,1
3ERQ,1769,A,110,GLU,H,11,35,9,0,16,51,13,0,21,69,18,0,26,88,22,0,30,108,24,1
3ERQ,1770,A,110,GLU,H,11,35,6,0,17,48,14,0,20,56,19,0,25,78,21,0,27,107,25,1
3ERQ,1771,A,110,GLU,H,10,33,5,0,13,39,9,0,15,48,14,0,21,64,19,0,27,89,23,0
3ERQ,1772,A,111,GLN,N,9,27,8,0,11,43,9,0,14,54,10,0,16,69,15,1,24,87,23,1
3ERQ,1773,A,111,GLN,CA,7,25,9,0,9,37,9,0,14,45,10,0,17,66,13,0,19,80,19,1
3ERQ,1774,A,111,GLN,C,7,28,6,0,10,37,10,0,13,50,11,0,17,69,13,1,21,82,20,1
3ERQ,1775,A,111,GLN,O,6,30,6,0,10,36,7,0,13,49,13,0,15,61,16,0,21,83,19,1
3ERQ,1776,A,111,GLN,HN,9,28,7,0,11,42,9,0,15,50,12,0,15,62,13,0,20,80,19,1
3ERQ,1777,A,111,GLN,H,7,23,8,0,10,34,10,0,14,52,10,0,16,62,14,0,20,79,20,0
3ERQ,1778,A,111,GLN,C,5,20,6,0,7,26,8,0,11,37,9,0,15,51,11,0,18,64,12,0
3ERQ,1779,A,111,GLN,C,4,12,6,0,8,22,7,0,11,34,10,0,14,44,10,0,17,55,11,0
3ERQ,1780,A,111,GLN,C,5,11,3,0,9,17,7,0,10,27,10,0,12,41,10,0,16,55,12,0
3ERQ,1781,A,111,GLN,O,6,10,4,0,9,17,6,0,11,32,9,0,12,40,10,0,15,56,16,0
3ERQ,1782,A,111,GLN,N,4,10,3,0,8,17,5,0,9,22,9,0,11,35,10,0,15,49,12,0
3ERQ,1783,A,111,GLN,H,5,17,4,0,6,25,8,0,9,31,10,0,15,42,10,0,16,60,12,0
3ERQ,1784,A,111,GLN,H,6,14,5,0,7,29,7,0,11,39,9,0,13,45,11,0,17,60,13,0
3ERQ,1785,A,111,GLN,H,2,9,3,0,7,15,6,0,9,24,8,0,12,38,10,0,15,48,10,0
3ERQ,1786,A,111,GLN,H,5,14,6,0,9,24,7,0,12,36,9,0,13,48,10,0,16,56,14,0
3ERQ,1787,A,111,GLN,HN,4,11,1,0,6,16,4,0,8,23,9,0,12,30,10,0,15,48,12,0
3ERQ,1788,A,111,GLN,HN,4,10,3,0,6,13,4,0,9,21,6,0,11,32,10,0,14,47,12,0
3ERQ,1789,A,112,LEU,N,9,29,7,0,10,42,10,0,14,54,13,1,19,68,16,1,24,89,21,1
3ERQ,1790,A,112,LEU,CA,8,32,8,0,10,42,10,1,14,52,13,1,18,72,17,1,25,98,22,1
3ERQ,1791,A,112,LEU,C,7,36,8,0,12,46,11,1,17,67,15,1,23,85,23,1,33,114,30,1
3ERQ,1792,A,112,LEU,O,7,35,10,0,11,50,10,1,19,63,15,1,24,87,22,1,32,104,31,1
3ERQ,1793,A,112,LEU,HN,8,29,7,0,11,43,10,0,14,56,13,1,19,73,17,1,23,90,23,1
3ERQ,1794,A,112,LEU,H,7,27,8,0,11,35,9,0,12,47,12,1,18,64,13,1,22,81,19,1
3ERQ,1795,A,112,LEU,C,9,27,7,1,10,36,7,1,14,53,12,1,16,73,17,1,23,95,23,1
3ERQ,1796,A,112,LEU,C,9,25,6,1,10,35,8,1,14,52,12,1,19,79,16,1,25,100,26,1
3ERQ,1797,A,112,LEU,C,5,23,4,0,9,32,8,1,13,40,11,1,16,60,13,1,25,88,19,1
3ERQ,1798,A,112,LEU,C,6,19,4,1,10,32,9,1,13,53,12,1,19,77,18,1,26,101,24,1
3ERQ,1799,A,112,LEU,H,8,28,7,1,11,46,8,1,13,65,14,1,19,82,22,1,28,106,27,1
3ERQ,1800,A,112,LEU,H,8,22,6,0,9,34,7,1,13,49,11,1,14,62,14,1,17,83,20,1
3ERQ,1801,A,112,LEU,H,8,29,7,1,12,42,10,1,16,63,13,1,22,86,21,1,30,114,27,1
3ERQ,1802,A,112,LEU,H,3,13,4,0,8,27,7,1,14,43,10,1,16,59,14,1,26,86,20,1
3ERQ,1803,A,112,LEU,H,3,14,4,0,7,27,6,0,11,36,9,1,14,46,12,1,19,71,17,1
3ERQ,1804,A,112,LEU,H,5,20,6,0,8,30,9,0,14,44,10,1,20,64,13,1,26,82,19,1
3ERQ,1805,A,112,LEU,H,5,20,3,1,9,31,7,1,15,54,14,1,18,78,18,1,27,103,24,1
3ERQ,1806,A,112,LEU,H,6,25,4,1,9,44,10,1,17,60,14,1,19,84,21,1,28,114,28,1
3ERQ,1807,A,112,LEU,H,4,15,3,1,6,24,7,1,12,44,10,1,15,64,14,1,22,89,20,1
3ERQ,1808,A,113,LEU,N,9,41,9,0,12,57,14,1,19,77,19,1,29,98,24,1,36,123,35,1
3ERQ,1809,A,113,LEU,CA,9,46,12,0,15,61,14,1,24,86,24,1,32,108,32,1,42,131,35,1
3ERQ,1810,A,113,LEU,C,11,42,11,0,16,62,16,0,22,82,21,1,32,102,30,1,40,130,35,1
3ERQ,1811,A,113,LEU,O,10,42,13,0,16,60,18,0,28,88,24,0,34,109,29,1,43,134,36,1
3ERQ,1812,A,113,LEU,HN,8,42,7,1,12,61,16,1,21,77,18,1,28,97,26,1,32,119,33,1
3ERQ,1813,A,113,LEU,H,11,42,12,1,13,63,13,1,23,83,24,1,34,109,30,1,41,133,33,1
3ERQ,1814,A,113,LEU,C,10,52,9,1,19,70,16,1,25,95,27,1,31,118,34,1,45,143,39,1
3ERQ,1815,A,113,LEU,C,10,52,9,1,20,69,14,1,24,97,27,1,34,130,38,1,42,151,42,1
3ERQ,1816,A,113,LEU,C,12,48,9,1,17,69,14,1,29,106,26,1,38,132,36,1,45,167,43,1
3ERQ,1817,A,113,LEU,C,11,42,11,1,19,67,14,1,24,90,21,1,28,125,32,1,39,148,42,1
3ERQ,1818,A,113,LEU,H,13,47,12,1,22,73,20,1,27,93,27,1,35,125,35,1,46,156,39,1
3ERQ,1819,A,113,LEU,H,13,45,9,0,17,70,18,1,27,90,25,1,34,115,33,1,38,140,40,1
3ERQ,1820,A,113,LEU,H,10,49,9,1,16,70,14,1,24,95,21,1,34,121,35,1,39,145,44,1
3ERQ,1821,A,113,LEU,H,9,48,8,1,19,70,15,1,27,99,25,1,36,141,36,1,45,173,47,1
3ERQ,1822,A,113,LEU,H,11,45,10,1,19,79,18,1,29,103,25,1,38,134,34,1,45,167,47,1
3ERQ,1823,A,113,LEU,H,9,46,9,1,16,68,14,1,33,109,27,1,39,132,34,1,44,162,44,1
3ERQ,1824,A,113,LEU,H,10,46,11,1,18,68,16,1,25,98,20,1,29,125,32,1,36,156,42,1
3ERQ,1825,A,113,LEU,H,11,40,8,1,16,62,13,1,22,85,19,1,28,110,27,1,35,140,38,1
3ERQ,1826,A,113,LEU,H,11,43,12,1,20,71,15,1,22,96,22,1,31,118,31,1,38,149,40,2
3ERQ,1827,A,114,ARG,N,9,41,10,0,10,55,14,0,16,69,24,0,23,89,27,1,31,121,29,1
3ERQ,1828,A,114,ARG,CA,8,37,11,0,12,46,12,0,15,60,19,0,23,86,24,0,28,109,31,1
3ERQ,1829,A,114,ARG,C,9,29,9,0,11,45,12,0,17,61,16,0,22,81,24,0,30,98,28,0
3ERQ,1830,A,114,ARG,O,8,28,10,0,13,38,11,0,17,61,15,0,22,81,22,0,28,97,28,0
3ERQ,1831,A,114,ARG,HN,9,38,8,0,11,51,15,0,14,68,21,0,23,88,26,1,30,109,29,1
3ERQ,1832,A,114,ARG,H,9,32,9,0,13,48,15,0,19,70,20,0,22,97,23,0,32,114,32,0
3ERQ,1833,A,114,ARG,C,8,32,10,0,11,41,13,0,13,53,15,0,15,68,20,0,25,98,25,0
3ERQ,1834,A,114,ARG,C,9,28,11,0,11,42,13,0,13,55,18,0,17,74,20,0,24,95,29,0
3ERQ,1835,A,114,ARG,C,4,20,7,0,9,28,11,0,13,44,14,0,14,64,19,0,21,78,22,0
3ERQ,1836,A,114,ARG,N,2,17,6,0,10,27,11,0,13,45,15,0,17,61,19,0,22,78,23,0
3ERQ,1837,A,114,ARG,C,2,16,7,0,5,25,10,0,11,41,14,0,16,56,17,0,22,78,24,0
3ERQ,1838,A,114,ARG,N,3,13,6,0,5,24,9,0,11,39,12,0,17,62,18,0,21,80,21,0
3ERQ,1839,A,114,ARG,N,2,14,6,0,7,22,10,0,9,38,14,0,15,52,19,0,22,78,20,0
3ERQ,1840,A,114,ARG,H,8,27,9,0,10,38,13,0,12,45,15,0,15,61,18,0,21,82,24,0
3ERQ,1841,A,114,ARG,H,9,27,9,0,9,39,11,0,12,49,15,0,16,63,18,0,21,83,24,0
3ERQ,1842,A,114,ARG,H,8,30,12,0,11,48,13,0,16,64,17,0,19,81,24,0,28,100,29,1
3ERQ,1843,A,114,ARG,H,10,26,11,0,12,49,15,0,12,59,18,0,19,78,21,0,27,102,27,0
3ERQ,1844,A,114,ARG,H,3,16,8,0,9,26,9,0,12,37,13,0,13,54,15,0,16,72,21,0
3ERQ,1845,A,114,ARG,H,6,16,6,0,7,27,9,0,12,38,13,0,15,59,17,0,18,71,22,0
3ERQ,1846,A,114,ARG,HN,4,19,4,0,9,31,13,0,12,44,15,0,21,58,21,0,22,77,23,0
3ERQ,1847,A,114,ARG,HN,3,12,6,0,8,28,9,0,11,46,13,0,16,69,18,0,22,82,23,0
3ERQ,1848,A,114,ARG,HN,3,13,4,0,3,21,10,0,8,36,11,0,14,56,16,0,22,77,19,0
3ERQ,1849,A,114,ARG,HN,3,18,6,0,9,27,9,0,9,42,14,0,16,50,19,0,20,77,23,0
3ERQ,1850,A,114,ARG,HN,4,14,5,0,4,22,10,0,9,35,12,0,12,49,15,0,20,73,20,0
3ERQ,1851,A,115,LYS,N,9,30,8,0,11,44,11,0,15,60,17,0,22,72,20,0,32,89,28,0
3ERQ,1852,A,115,LYS,CA,7,27,8,0,12,38,9,0,15,54,18,0,22,71,19,0,29,81,23,0
3ERQ,1853,A,115,LYS,C,10,30,8,0,12,43,14,0,18,61,18,0,27,74,21,0,31,96,27,0
3ERQ,1854,A,115,LYS,O,10,28,9,0,16,44,13,0,16,56,18,0,24,74,22,0,29,94,28,0
3ERQ,1855,A,115,LYS,HN,8,32,8,0,11,45,10,0,13,57,16,0,23,68,21,0,27,86,27,1
3ERQ,1856,A,115,LYS,H,8,23,8,0,12,34,10,0,15,43,13,0,21,67,19,0,25,79,22,0
3ERQ,1857,A,115,LYS,C,8,22,6,0,10,35,9,0,13,47,13,0,17,61,17,0,23,75,20,0
3ERQ,1858,A,115,LYS,C,8,18,6,0,9,27,8,0,14,38,11,0,16,48,14,0,20,63,19,0
3ERQ,1859,A,115,LYS,C,3,9,3,0,9,22,6,0,12,27,8,0,14,40,12,0,15,51,14,0
3ERQ,1860,A,115,LYS,C,2,3,2,0,4,12,4,0,9,19,6,0,13,30,8,0,15,42,13,0
3ERQ,1861,A,115,LYS,N,2,2,1,0,2,6,3,0,8,18,6,0,11,28,8,0,15,38,12,0
3ERQ,1862,A,115,LYS,H,8,24,8,0,9,38,9,0,14,53,14,0,20,66,17,0,25,78,21,1
3ERQ,1863,A,115,LYS,H,8,21,5,0,9,30,8,0,12,41,13,0,15,54,14,0,20,70,20,0
3ERQ,1864,A,115,LYS,H,7,19,7,0,12,29,9,0,13,40,12,0,18,55,17,0,19,70,20,0
3ERQ,1865,A,115,LYS,H,5,15,4,0,9,27,8,0,12,34,11,0,16,46,13,0,17,63,18,0
3ERQ,1866,A,115,LYS,H,2,8,3,0,6,15,3,0,11,26,7,0,12,35,12,0,15,45,13,0
3ERQ,1867,A,115,LYS,H,4,11,4,0,10,21,7,0,11,31,9,0,13,38,12,0,18,52,15,0
3ERQ,1868,A,115,LYS,H,1,3,0,0,3,4,3,0,6,15,5,0,10,25,6,0,14,34,10,0
3ERQ,1869,A,115,LYS,H,4,8,1,0,5,12,6,0,8,24,6,0,13,33,11,0,17,45,13,0
3ERQ,1870,A,115,LYS,HN,1,2,1,0,2,3,1,0,6,8,3,0,9,21,7,0,13,33,11,0
3ERQ,1871,A,115,LYS,HN,2,5,2,0,4,13,3,0,9,20,6,0,13,34,10,0,15,40,13,0
3ERQ,1872,A,115,LYS,HN,0,0,0,0,2,4,3,0,4,12,4,0,11,24,7,0,13,34,9,0
3ERQ,1873,A,116,ALA,N,11,42,11,0,13,56,17,0,21,63,19,0,31,80,24,0,34,112,29,1
3ERQ,1874,A,116,ALA,CA,12,47,11,0,19,57,17,0,23,70,24,0,29,96,26,0,37,123,32,1
3ERQ,1875,A,116,ALA,C,13,41,11,0,18,57,19,0,27,87,24,0,33,108,30,0,36,126,36,0
3ERQ,1876,A,116,ALA,O,16,40,12,0,19,64,20,0,28,88,25,0,33,110,30,0,36,124,34,0
3ERQ,1877,A,116,ALA,HN,8,46,12,0,13,57,13,0,22,67,19,0,28,82,24,1,36,110,31,1
3ERQ,1878,A,116,ALA,H,13,40,12,0,18,51,16,0,24,66,22,0,27,87,26,0,31,111,30,1
3ERQ,1879,A,116,ALA,C,13,47,13,0,18,59,17,0,24,78,24,1,30,103,30,1,39,132,33,1
3ERQ,1880,A,116,ALA,H,16,47,13,0,18,61,16,0,26,79,26,1,29,107,32,1,37,137,36,1
3ERQ,1881,A,116,ALA,H,14,46,14,0,17,64,19,0,25,85,25,1,33,113,29,1,43,141,35,1
3ERQ,1882,A,116,ALA,H,13,42,12,0,17,56,16,0,23,73,22,1,28,93,26,1,36,122,33,1
3ERQ,1883,A,117,GLU,N,12,39,11,0,18,63,16,0,29,88,20,0,34,110,30,0,41,133,31,0
3ERQ,1884,A,117,GLU,CA,13,44,11,0,19,58,13,0,25,85,23,0,35,116,28,0,42,136,33,0
3ERQ,1885,A,117,GLU,C,11,42,9,0,17,57,13,0,25,78,18,0,31,97,26,0,39,122,31,0
3ERQ,1886,A,117,GLU,O,11,38,10,0,19,54,13,0,25,80,19,0,31,98,26,0,36,120,31,0
3ERQ,1887,A,117,GLU,HN,10,41,11,0,17,63,15,0,25,80,24,0,36,108,24,0,39,135,33,1
3ERQ,1888,A,117,GLU,H,14,46,12,0,21,65,16,0,27,91,22,0,35,122,29,0,43,139,39,0
3ERQ,1889,A,117,GLU,C,12,44,8,0,17,59,16,0,22,77,19,0,31,103,25,0,43,139,32,0
3ERQ,1890,A,117,GLU,C,13,43,9,0,18,57,10,0,24,72,20,0,30,98,26,0,39,133,32,0
3ERQ,1891,A,117,GLU,C,8,36,7,0,15,50,9,0,22,63,12,0,27,85,25,0,33,117,30,0
3ERQ,1892,A,117,GLU,O,8,30,4,0,14,42,9,0,16,56,12,0,23,71,17,0,32,100,26,0
3ERQ,1893,A,117,GLU,O,8,30,6,0,13,47,9,0,22,72,13,0,27,90,24,0,34,116,29,0
3ERQ,1894,A,117,GLU,H,13,40,8,0,15,52,12,0,23,70,17,0,27,94,24,0,40,125,30,0
3ERQ,1895,A,117,GLU,H,15,38,10,0,18,60,16,0,25,85,20,0,33,115,26,0,39,139,36,0
3ERQ,1896,A,117,GLU,H,14,44,7,0,19,63,13,0,25,83,23,0,33,108,27,0,41,140,32,0
3ERQ,1897,A,117,GLU,H,10,42,8,0,15,53,12,0,23,73,16,0,32,97,26,0,37,124,32,0
3ERQ,1898,A,118,ALA,N,11,34,11,0,14,52,15,0,23,67,18,0,28,87,22,0,36,111,31,0
3ERQ,1899,A,118,ALA,CA,9,34,10,0,13,44,12,0,18,63,17,0,26,74,20,0,30,92,23,0
3ERQ,1900,A,118,ALA,C,10,33,8,0,15,46,14,0,19,58,17,0,23,75,19,0,28,90,25,0
3ERQ,1901,A,118,ALA,O,9,31,9,0,16,39,11,0,18,56,16,0,22,72,19,0,24,83,23,0
3ERQ,1902,A,118,ALA,HN,10,34,12,0,14,53,15,0,22,68,18,0,28,92,20,0,32,108,33,0
3ERQ,1903,A,118,ALA,H,9,30,9,0,12,43,12,0,14,57,15,0,26,72,18,0,31,92,23,0
3ERQ,1904,A,118,ALA,C,10,28,8,0,12,38,10,0,15,47,14,0,23,67,18,0,27,82,21,0
3ERQ,1905,A,118,ALA,H,8,27,6,0,12,35,9,0,13,39,13,0,19,54,16,0,25,74,19,0
3ERQ,1906,A,118,ALA,H,11,26,7,0,13,38,10,0,18,49,14,0,23,64,18,0,27,82,22,0
3ERQ,1907,A,118,ALA,H,9,26,8,0,10,38,11,0,16,46,13,0,22,65,16,0,26,83,20,0
3ERQ,1908,A,119,GLN,N,12,34,10,0,14,49,14,0,21,60,16,0,24,75,22,0,27,94,27,0
3ERQ,1909,A,119,GLN,CA,11,33,11,0,16,45,12,0,19,59,16,0,23,70,21,0,27,88,28,0
3ERQ,1910,A,119,GLN,C,14,37,12,0,17,53,14,0,20,66,18,0,26,81,27,0,30,93,28,0
3ERQ,1911,A,119,GLN,O,12,34,11,0,17,51,14,0,18,60,17,0,23,74,21,0,29,86,26,0
3ERQ,1912,A,119,GLN,HN,13,38,10,0,16,48,14,0,21,62,19,0,24,76,22,0,30,103,27,0
3ERQ,1913,A,119,GLN,H,11,26,10,0,12,39,11,0,18,49,13,0,21,66,17,0,23,79,24,0
3ERQ,1914,A,119,GLN,C,11,33,8,0,15,42,12,0,20,52,17,0,22,70,21,0,26,87,28,0
3ERQ,1915,A,119,GLN,C,10,28,7,0,13,34,9,0,15,40,14,0,19,55,17,0,23,74,23,0
3ERQ,1916,A,119,GLN,C,10,19,5,0,12,29,8,0,13,38,10,0,16,41,16,0,20,56,17,0
3ERQ,1917,A,119,GLN,O,9,18,6,0,12,29,8,0,13,35,11,0,14,42,12,0,18,52,16,0
3ERQ,1918,A,119,GLN,N,6,13,4,0,9,24,5,0,12,29,8,0,13,38,11,0,17,44,16,0
3ERQ,1919,A,119,GLN,H,11,31,8,0,14,39,11,0,19,49,14,0,20,63,21,0,24,83,24,0
3ERQ,1920,A,119,GLN,H,12,29,10,0,16,46,14,0,22,62,18,0,24,81,25,0,28,94,29,0
3ERQ,1921,A,119,GLN,H,8,23,6,0,14,31,10,0,15,41,13,0,18,56,17,0,25,73,22,0
3ERQ,1922,A,119,GLN,H,10,24,6,0,13,33,10,0,15,45,15,0,17,59,17,0,25,74,21,0
3ERQ,1923,A,119,GLN,HN,4,10,2,0,7,20,5,0,11,28,6,0,13,35,12,0,16,46,15,0
3ERQ,1924,A,119,GLN,HN,5,9,3,0,7,18,4,0,10,25,6,0,12,32,9,0,14,40,14,0
3ERQ,1925,A,120,ALA,N,17,48,12,0,18,64,17,0,25,78,26,0,30,92,28,0,37,116,31,0
3ERQ,1926,A,120,ALA,CA,15,50,15,0,20,66,20,0,29,85,27,0,32,103,29,0,35,117,33,0
3ERQ,1927,A,120,ALA,C,13,53,15,0,21,68,19,0,26,81,25,0,29,92,28,0,33,109,31,0
3ERQ,1928,A,120,ALA,O,14,46,15,0,17,66,19,0,24,79,23,0,29,90,28,0,30,103,32,0
3ERQ,1929,A,120,ALA,HN,15,48,13,0,20,64,21,0,24,78,25,0,34,98,29,0,38,127,32,0
3ERQ,1930,A,120,ALA,H,16,47,15,0,21,60,20,0,27,80,23,0,30,96,30,0,33,111,32,0
3ERQ,1931,A,120,ALA,C,17,56,14,0,23,74,24,0,28,96,29,0,35,113,34,0,37,131,35,0
3ERQ,1932,A,120,ALA,H,20,54,14,0,23,83,21,0,28,95,30,0,32,109,33,0,35,134,36,0
3ERQ,1933,A,120,ALA,H,17,51,16,0,23,75,21,0,30,99,28,0,35,118,33,0,38,134,37,0
3ERQ,1934,A,120,ALA,H,17,49,16,0,24,69,22,0,30,97,27,0,35,119,35,0,37,137,36,0
3ERQ,1935,A,121,LYS,N,12,46,12,0,16,62,20,0,24,75,24,0,29,87,26,0,32,105,30,0
3ERQ,1936,A,121,LYS,CA,10,41,9,0,14,50,15,0,17,66,22,0,24,78,26,0,30,95,28,0
3ERQ,1937,A,121,LYS,C,10,34,7,0,12,46,13,0,16,55,17,0,20,69,23,0,24,79,26,0
3ERQ,1938,A,121,LYS,O,8,31,8,0,12,41,9,0,13,49,14,0,17,61,20,0,21,72,25,0
3ERQ,1939,A,121,LYS,HN,11,45,13,0,18,62,20,0,23,74,23,0,30,91,26,0,33,111,31,0
3ERQ,1940,A,121,LYS,H,11,39,9,0,15,55,14,0,17,63,23,0,21,81,26,0,30,97,29,0
3ERQ,1941,A,121,LYS,C,9,31,8,0,12,41,13,0,14,58,19,0,21,79,23,0,31,97,27,0
3ERQ,1942,A,121,LYS,C,9,27,6,0,11,38,10,0,13,49,15,0,18,65,22,0,25,88,26,0
3ERQ,1943,A,121,LYS,C,3,19,5,0,8,26,7,0,12,38,12,0,17,60,16,0,23,83,24,0
3ERQ,1944,A,121,LYS,C,4,19,6,0,9,30,7,0,15,49,16,0,22,71,19,0,29,90,22,0
3ERQ,1945,A,121,LYS,N,3,15,4,0,6,27,6,0,11,43,10,0,19,58,16,0,27,75,18,0
3ERQ,1946,A,121,LYS,H,10,29,7,0,11,37,12,0,13,51,15,0,18,66,22,0,28,91,24,0
3ERQ,1947,A,121,LYS,H,8,27,9,0,13,44,14,0,18,72,21,0,27,90,25,0,32,107,28,0
3ERQ,1948,A,121,LYS,H,9,27,8,0,11,41,10,0,16,56,18,0,19,70,21,0,26,88,27,0
3ERQ,1949,A,121,LYS,H,6,23,6,0,11,37,7,0,13,44,13,0,14,55,18,0,17,72,22,0
3ERQ,1950,A,121,LYS,H,2,14,3,0,5,21,6,0,12,35,9,0,16,50,14,0,19,74,21,0
3ERQ,1951,A,121,LYS,H,3,18,4,0,7,25,6,0,11,32,10,0,14,52,14,0,21,71,19,0
3ERQ,1952,A,121,LYS,H,6,22,7,0,9,35,11,0,17,56,14,0,22,79,21,0,31,95,27,0
3ERQ,1953,A,121,LYS,H,5,24,5,0,9,39,11,0,16,56,18,0,25,82,20,0,31,98,28,0
3ERQ,1954,A,121,LYS,HN,5,20,5,0,7,37,8,0,16,46,13,0,18,62,15,0,27,78,24,0
3ERQ,1955,A,121,LYS,HN,3,14,3,0,5,24,5,0,10,40,8,0,15,50,14,0,25,69,18,0
3ERQ,1956,A,121,LYS,HN,3,13,4,0,5,22,5,0,10,37,9,0,18,50,13,0,21,65,17,0
3ERQ,1957,A,122,LYS,N,9,33,9,0,12,44,14,0,16,56,18,0,20,65,19,0,24,78,24,0
3ERQ,1958,A,122,LYS,CA,7,28,8,0,10,33,11,0,14,45,15,0,17,54,17,0,21,67,19,0
3ERQ,1959,A,122,LYS,C,7,23,8,0,9,33,11,0,12,42,14,0,18,51,15,0,20,64,17,0
3ERQ,1960,A,122,LYS,O,6,18,8,0,7,24,10,0,10,35,11,0,13,44,14,0,16,51,15,0
3ERQ,1961,A,122,LYS,HN,10,30,10,0,14,46,14,0,18,59,18,0,23,68,21,0,25,83,24,0
3ERQ,1962,A,122,LYS,H,6,20,7,0,8,31,9,0,11,39,12,0,16,50,15,0,18,59,18,0
3ERQ,1963,A,122,LYS,C,8,20,9,0,10,27,11,0,13,40,12,0,16,49,15,0,21,66,18,0
3ERQ,1964,A,122,LYS,C,6,17,5,0,8,21,8,0,10,27,11,0,13,37,11,0,17,51,15,0
3ERQ,1965,A,122,LYS,C,4,11,4,0,6,18,7,0,9,23,10,0,14,36,12,0,17,48,13,0
3ERQ,1966,A,122,LYS,C,5,11,4,0,6,16,6,0,8,26,10,0,15,37,11,0,17,47,13,0
3ERQ,1967,A,122,LYS,N,3,9,4,0,6,16,7,0,10,28,10,0,16,36,10,0,16,43,13,0
3ERQ,1968,A,122,LYS,H,9,20,9,0,12,28,11,0,13,43,12,0,15,54,17,0,21,68,19,0
3ERQ,1969,A,122,LYS,H,8,21,9,0,11,29,11,0,16,43,13,0,17,60,17,0,22,71,20,0
3ERQ,1970,A,122,LYS,H,4,11,4,0,7,21,8,0,8,26,9,0,11,31,11,0,15,44,14,0
3ERQ,1971,A,122,LYS,H,3,13,5,0,7,19,8,0,10,25,9,0,12,31,11,0,13,44,15,0
3ERQ,1972,A,122,LYS,H,3,8,3,0,4,11,5,0,7,19,7,0,11,26,11,0,14,37,12,0
3ERQ,1973,A,122,LYS,H,6,12,6,0,7,20,9,0,14,31,11,0,15,39,13,0,17,50,13,0
3ERQ,1974,A,122,LYS,H,5,14,5,0,7,19,7,0,10,30,10,0,15,44,13,0,18,58,15,0
3ERQ,1975,A,122,LYS,H,1,6,4,0,5,11,4,0,7,17,6,0,9,29,10,0,15,39,13,0
3ERQ,1976,A,122,LYS,HN,2,6,3,0,5,16,7,0,10,25,8,0,12,32,11,0,17,42,13,0
3ERQ,1977,A,122,LYS,HN,3,9,4,0,5,15,5,0,9,22,9,0,12,33,10,0,16,40,12,0
3ERQ,1978,A,122,LYS,HN,5,15,6,0,10,24,8,0,12,34,10,0,16,41,13,0,18,52,18,0
3ERQ,1979,A,123,GLU,N,8,30,8,0,12,39,12,0,18,51,12,0,20,61,15,0,26,75,19,0
3ERQ,1980,A,123,GLU,CA,7,26,6,0,10,36,11,0,17,46,13,0,20,58,15,0,24,74,20,0
3ERQ,1981,A,123,GLU,C,7,26,7,0,10,33,9,0,16,46,13,0,20,58,21,0,24,72,21,0
3ERQ,1982,A,123,GLU,O,6,23,7,0,9,30,7,0,13,41,11,0,17,52,18,0,21,65,21,0
3ERQ,1983,A,123,GLU,HN,9,36,10,0,15,47,12,0,20,55,15,0,24,70,17,0,27,82,22,0
3ERQ,1984,A,123,GLU,H,6,22,5,0,9,30,8,0,11,38,11,0,17,47,13,0,21,62,17,0
3ERQ,1985,A,123,GLU,C,8,24,8,0,13,36,12,0,16,48,15,0,23,63,17,0,25,74,19,0
3ERQ,1986,A,123,GLU,C,10,23,7,0,10,29,9,0,15,42,13,0,20,52,16,0,24,64,16,0
3ERQ,1987,A,123,GLU,C,10,20,5,0,12,31,9,0,13,40,14,0,21,53,15,0,22,59,17,0
3ERQ,1988,A,123,GLU,O,8,21,6,0,13,31,9,0,16,38,14,0,19,53,16,0,24,65,21,0
3ERQ,1989,A,123,GLU,O,7,18,5,0,11,25,8,0,15,37,11,0,18,49,15,0,23,58,17,0
3ERQ,1990,A,123,GLU,H,7,21,6,0,11,29,10,0,16,46,14,0,20,59,17,0,25,68,19,0
3ERQ,1991,A,123,GLU,H,10,30,11,0,15,41,15,0,22,60,16,0,25,72,20,0,27,83,23,0
3ERQ,1992,A,123,GLU,H,10,25,7,0,11,31,10,0,15,45,12,0,21,51,16,0,23,67,16,0
3ERQ,1993,A,123,GLU,H,7,19,4,0,10,24,8,0,11,33,9,0,16,43,13,0,21,55,16,0
3ERQ,1994,A,124,LYS,N,8,29,8,0,9,39,12,0,14,51,18,0,18,62,22,0,24,77,23,0
3ERQ,1995,A,124,LYS,CA,7,31,8,0,10,39,12,0,12,48,19,0,15,61,20,0,19,75,23,0
3ERQ,1996,A,124,LYS,C,10,33,11,0,12,42,15,0,14,51,18,0,16,68,21,0,21,80,24,0
3ERQ,1997,A,124,LYS,O,7,24,9,0,11,36,15,0,12,49,15,0,15,58,18,0,16,73,21,0
3ERQ,1998,A,124,LYS,HN,9,32,10,0,11,43,12,0,14,57,20,0,21,69,22,0,24,78,26,0
3ERQ,1999,A,124,LYS,H,9,33,11,0,10,41,11,0,12,52,17,0,16,64,21,0,18,77,23,0
3ERQ,2000,A,124,LYS,C,7,20,7,0,7,31,10,0,10,40,12,0,12,47,18,0,14,60,19,0
3ERQ,2001,A,124,LYS,C,5,16,8,0,7,25,9,0,9,33,11,0,10,42,13,0,12,57,18,0
3ERQ,2002,A,124,LYS,C,4,12,5,0,6,22,9,0,7,32,10,0,10,42,14,0,12,50,15,0
3ERQ,2003,A,124,LYS,C,5,15,5,0,6,24,7,0,9,34,11,0,11,46,13,0,14,52,15,0
3ERQ,2004,A,124,LYS,N,3,12,5,0,5,18,6,0,6,30,7,0,11,41,12,0,13,49,16,0
3ERQ,2005,A,124,LYS,H,5,18,9,0,8,26,9,0,10,37,13,0,12,47,16,0,13,57,19,0
3ERQ,2006,A,124,LYS,H,5,19,6,0,7,26,9,0,8,35,12,0,11,42,16,0,14,53,19,0
3ERQ,2007,A,124,LYS,H,6,19,10,0,8,28,10,0,9,36,11,0,10,50,14,0,13,58,18,0
3ERQ,2008,A,124,LYS,H,3,11,6,0,6,16,9,0,7,28,10,0,9,37,11,0,11,48,13,0
3ERQ,2009,A,124,LYS,H,4,8,4,0,4,13,6,0,6,22,9,0,7,33,11,0,10,44,13,0
3ERQ,2010,A,124,LYS,H,5,16,5,0,5,25,7,0,8,35,11,0,10,43,15,0,13,52,16,0
3ERQ,2011,A,124,LYS,H,6,21,5,0,7,32,10,0,11,42,13,0,14,52,14,0,15,60,21,0
3ERQ,2012,A,124,LYS,H,4,14,5,0,6,20,7,0,7,29,11,0,11,42,13,0,11,50,13,0
3ERQ,2013,A,124,LYS,HN,2,11,3,0,4,17,5,0,6,26,7,0,10,38,12,0,13,45,14,0
3ERQ,2014,A,124,LYS,HN,2,8,4,0,4,13,5,0,5,22,7,0,8,32,10,0,12,42,14,0
3ERQ,2015,A,124,LYS,HN,3,15,6,0,4,22,7,0,9,31,8,0,12,44,13,0,13,53,16,0
3ERQ,2016,A,125,LEU,N,12,37,13,0,16,44,19,0,17,62,22,0,23,79,24,0,26,94,27,0
3ERQ,2017,A,125,LEU,CA,12,33,11,0,15,51,16,0,18,66,21,0,22,81,25,0,25,99,27,0
3ERQ,2018,A,125,LEU,C,10,41,9,0,13,52,16,0,16,67,21,0,20,81,27,0,28,112,30,0
3ERQ,2019,A,125,LEU,O,10,44,12,0,15,59,18,0,18,78,22,0,24,96,29,0,31,116,33,0
3ERQ,2020,A,125,LEU,HN,12,41,13,0,17,47,19,0,20,67,22,0,25,87,25,0,29,100,30,0
3ERQ,2021,A,125,LEU,H,8,28,9,0,13,43,15,0,16,58,19,0,20,70,22,0,23,85,27,0
3ERQ,2022,A,125,LEU,C,14,32,13,0,17,48,18,0,22,74,22,0,25,91,26,0,27,109,28,0
3ERQ,2023,A,125,LEU,C,10,28,11,0,18,43,17,0,20,58,20,0,24,79,24,0,27,101,29,0
3ERQ,2024,A,125,LEU,C,13,30,11,0,17,38,15,0,21,61,20,0,26,80,25,0,29,101,27,0
3ERQ,2025,A,125,LEU,C,8,21,9,0,13,29,12,0,18,47,16,0,20,62,20,0,23,86,25,0
3ERQ,2026,A,125,LEU,H,13,32,12,0,17,51,16,0,21,72,22,0,24,95,26,0,28,120,30,0
3ERQ,2027,A,125,LEU,H,16,39,17,0,20,62,20,0,24,82,23,0,27,100,27,0,30,116,32,0
3ERQ,2028,A,125,LEU,H,10,30,11,0,17,44,16,0,21,58,21,0,24,73,23,0,26,95,27,0
3ERQ,2029,A,125,LEU,H,12,25,10,0,15,33,13,0,18,46,20,0,24,70,24,0,29,89,25,0
3ERQ,2030,A,125,LEU,H,12,27,14,0,15,39,15,0,22,53,18,0,25,81,24,0,28,104,27,0
3ERQ,2031,A,125,LEU,H,16,29,13,0,19,48,17,0,25,67,24,0,28,89,25,0,30,111,31,0
3ERQ,2032,A,125,LEU,H,8,17,9,0,10,24,10,0,15,36,13,0,19,51,19,0,22,73,22,0
3ERQ,2033,A,125,LEU,H,5,18,8,0,12,30,13,0,17,43,15,0,19,62,19,0,21,76,24,0
3ERQ,2034,A,125,LEU,H,7,20,8,0,11,29,12,0,18,47,16,0,19,66,19,0,23,87,27,0
3ERQ,2035,A,126,ASN,N,8,36,10,0,8,49,10,0,13,62,18,0,16,82,23,0,24,97,29,0
3ERQ,2036,A,126,ASN,CA,6,37,8,0,9,49,12,0,13,60,18,0,18,83,22,0,27,101,26,0
3ERQ,2037,A,126,ASN,C,7,36,8,0,10,50,11,0,12,67,17,0,19,82,20,0,26,103,27,0
3ERQ,2038,A,126,ASN,O,4,32,7,0,10,43,10,0,10,61,14,0,15,75,17,0,24,89,21,0
3ERQ,2039,A,126,ASN,HN,7,31,9,0,8,44,10,0,11,58,14,0,17,71,21,0,21,89,28,0
3ERQ,2040,A,126,ASN,H,5,30,8,0,8,44,11,0,10,57,14,0,16,70,19,0,20,86,24,0
3ERQ,2041,A,126,ASN,C,6,40,7,0,11,49,14,0,14,69,21,0,22,91,22,0,29,114,30,0
3ERQ,2042,A,126,ASN,C,5,32,5,0,9,44,12,0,14,60,20,0,15,84,23,0,28,106,26,0
3ERQ,2043,A,126,ASN,O,3,25,6,0,8,37,9,0,11,54,14,0,17,70,19,0,19,91,26,0
3ERQ,2044,A,126,ASN,N,5,27,5,0,9,45,12,0,14,65,18,0,22,86,23,0,26,109,28,0
3ERQ,2045,A,126,ASN,H,7,33,10,0,12,53,13,0,16,66,18,0,20,95,25,0,29,115,28,0
3ERQ,2046,A,126,ASN,H,9,38,8,0,11,59,17,0,18,75,22,0,22,105,25,0,32,131,33,0
3ERQ,2047,A,126,ASN,HN,7,32,7,0,10,52,13,0,17,76,19,0,24,97,24,0,31,119,32,0
3ERQ,2048,A,126,ASN,HN,5,22,5,0,7,39,9,0,11,56,17,0,19,78,20,0,26,102,29,0
3ERQ,2049,A,127,ILE,N,9,36,9,0,10,55,14,0,17,71,18,0,22,91,23,0,29,116,33,0
3ERQ,2050,A,127,ILE,CA,9,38,8,0,12,53,14,0,17,67,16,0,20,91,24,0,29,112,30,0
3ERQ,2051,A,127,ILE,C,6,32,7,0,12,44,12,0,14,67,14,0,21,76,21,0,25,100,27,0
3ERQ,2052,A,127,ILE,O,5,26,6,0,6,36,9,0,14,57,12,0,19,73,16,0,23,83,22,0
3ERQ,2053,A,127,ILE,HN,9,39,11,0,12,57,15,0,19,79,19,0,23,103,27,0,34,124,37,0
3ERQ,2054,A,127,ILE,H,7,35,8,0,13,50,12,0,16,60,15,0,19,81,21,0,24,105,29,0
3ERQ,2055,A,127,ILE,C,9,41,8,0,13,53,15,0,16,78,19,0,25,103,28,0,31,123,36,0
3ERQ,2056,A,127,ILE,C,11,44,8,0,15,60,13,0,19,78,20,0,26,103,28,0,33,126,38,0
3ERQ,2057,A,127,ILE,C,8,33,6,0,10,45,10,0,17,68,19,0,21,93,26,0,30,116,31,0
3ERQ,2058,A,127,ILE,C,10,43,10,0,16,60,14,0,21,84,21,0,27,110,32,0,35,142,41,0
3ERQ,2059,A,127,ILE,H,11,43,9,0,13,58,17,0,21,86,20,0,26,105,27,0,32,130,36,0
3ERQ,2060,A,127,ILE,H,11,39,9,0,15,62,12,0,21,86,22,0,28,103,30,0,32,129,36,0
3ERQ,2061,A,127,ILE,H,11,40,8,0,15,59,14,0,17,75,21,0,25,92,27,0,29,114,35,0
3ERQ,2062,A,127,ILE,H,7,30,7,0,12,45,10,0,17,73,19,0,25,97,26,0,29,117,34,0
3ERQ,2063,A,127,ILE,H,6,29,6,0,10,42,9,0,14,59,14,0,20,82,24,0,25,105,32,0
3ERQ,2064,A,127,ILE,H,8,26,6,0,12,47,11,0,15,64,19,0,20,86,23,0,30,110,29,0
3ERQ,2065,A,127,ILE,H,11,40,10,0,18,63,15,0,22,88,25,0,31,114,32,0,36,144,43,0
3ERQ,2066,A,127,ILE,H,8,40,8,0,14,54,14,0,20,79,20,0,24,104,31,0,36,134,44,0
3ERQ,2067,A,127,ILE,H,10,45,12,0,17,69,15,0,22,86,17,0,28,118,36,0,36,149,46,0
3ERQ,2068,A,128,TRP,N,7,31,8,0,10,47,11,0,16,60,17,0,19,77,22,0,25,95,28,0
3ERQ,2069,A,128,TRP,CA,6,30,9,0,10,40,10,0,15,54,15,0,17,64,21,0,22,85,26,0
3ERQ,2070,A,128,TRP,C,7,26,9,0,9,37,10,0,11,47,13,0,15,56,15,0,17,69,21,0
3ERQ,2071,A,128,TRP,O,7,23,9,0,9,33,10,0,9,43,12,0,13,51,15,0,15,65,19,0
3ERQ,2072,A,128,TRP,HN,9,34,10,0,10,49,14,0,17,65,20,0,20,85,25,0,29,103,31,0
3ERQ,2073,A,128,TRP,H,6,25,9,0,8,37,9,0,13,45,11,0,17,61,19,0,20,80,24,0
3ERQ,2074,A,128,TRP,C,9,33,10,0,12,44,14,0,15,58,21,0,21,76,24,0,25,89,26,0
3ERQ,2075,A,128,TRP,C,10,32,10,0,15,51,16,0,21,70,22,0,25,87,25,0,25,101,33,0
3ERQ,2076,A,128,TRP,C,11,38,14,0,20,65,19,0,25,82,23,0,25,99,32,0,30,114,37,0
3ERQ,2077,A,128,TRP,C,7,32,10,0,15,39,13,0,20,63,17,0,24,83,26,0,25,97,31,0
3ERQ,2078,A,128,TRP,N,14,40,13,0,22,58,18,0,23,79,23,0,26,105,32,0,35,126,37,0
3ERQ,2079,A,128,TRP,C,11,31,10,0,17,47,13,0,22,67,23,0,24,93,26,0,32,113,33,0
3ERQ,2080,A,128,TRP,C,5,17,7,0,9,36,11,0,17,46,14,0,20,63,21,0,23,86,27,0
3ERQ,2081,A,128,TRP,C,7,30,9,0,12,42,13,0,20,54,21,0,25,80,25,0,34,117,28,0
3ERQ,2082,A,128,TRP,C,3,16,4,0,7,27,9,0,12,36,14,0,18,60,18,0,22,79,25,0
3ERQ,2083,A,128,TRP,C,5,23,5,0,6,32,11,0,15,43,14,0,20,61,21,0,31,94,26,0
3ERQ,2084,A,128,TRP,H,9,31,9,0,11,39,13,0,14,55,18,0,18,67,22,0,24,82,25,0
3ERQ,2085,A,128,TRP,H,11,38,11,0,13,44,15,0,17,60,21,0,23,81,25,0,24,92,27,0
3ERQ,2086,A,128,TRP,H,14,42,15,0,20,66,20,0,23,87,24,0,26,100,31,0,30,113,35,0
3ERQ,2087,A,128,TRP,HN,15,47,13,0,20,62,20,0,25,81,27,0,29,110,32,0,38,138,37,0
3ERQ,2088,A,128,TRP,H,5,16,6,0,9,33,11,0,13,45,13,0,18,56,18,0,21,75,22,0
3ERQ,2089,A,128,TRP,H,8,38,9,0,13,44,15,0,21,61,21,0,27,89,25,0,35,120,34,0
3ERQ,2090,A,128,TRP,H,2,15,3,0,5,19,5,0,7,30,12,0,14,42,14,0,21,63,20,0
3ERQ,2091,A,128,TRP,H,4,17,6,0,5,28,7,0,11,38,13,0,18,55,19,0,28,82,24,0
3ERQ,2092,A,129,SER,N,6,28,6,0,7,38,10,0,11,52,11,0,15,61,13,0,19,74,17,0
3ERQ,2093,A,129,SER,CA,5,18,5,0,6,29,9,0,9,42,10,0,12,55,12,0,15,65,13,0
3ERQ,2094,A,129,SER,C,3,15,5,0,6,27,5,0,7,35,7,0,9,41,10,0,13,56,12,0
3ERQ,2095,A,129,SER,O,3,14,5,0,5,31,5,0,6,37,7,0,11,48,11,0,13,56,11,0
3ERQ,2096,A,129,SER,HN,5,28,6,0,7,40,8,0,11,51,12,0,16,66,12,0,19,78,20,0
3ERQ,2097,A,129,SER,H,6,16,5,0,6,22,8,0,8,37,9,0,12,52,11,0,13,59,13,0
3ERQ,2098,A,129,SER,C,5,22,6,0,6,29,8,0,10,41,10,0,13,53,12,0,15,62,13,0
3ERQ,2099,A,129,SER,OH,6,22,6,0,7,32,9,0,8,42,10,0,14,59,13,0,15,70,16,0
3ERQ,2100,A,129,SER,H,5,23,7,0,8,31,9,0,11,45,12,0,13,53,14,0,15,67,15,0
3ERQ,2101,A,129,SER,H,5,15,6,0,5,22,7,0,8,32,9,0,10,43,11,0,13,56,12,0
3ERQ,2102,A,129,SER,HO,6,25,7,0,6,33,10,0,9,46,11,0,14,60,12,0,17,75,20,0
3ERQ,2103,A,129,SER,O,3,10,4,0,5,19,5,0,6,28,6,0,7,36,7,0,10,45,11,0
