atom_number,atom_name,x,y,z,atom_type,bonds
1,N,-7.595723,-4.596157,-14.364774,231,"['2', '5', '6', '7']"
2,CA,-6.48015,-5.251528,-13.688215,8,"['1', '3', '8', '9']"
3,C,-6.886993,-6.652905,-13.202901,9,"['2', '4', '22']"
4,O,-8.071951,-6.988345,-13.105152,11,['3']
5,H,-7.467542,-3.60846,-14.550158,232,['1']
6,H,-8.447231,-4.668845,-13.817239,232,['1']
7,H,-7.814836,-5.014944,-15.258573,232,['1']
8,H,-5.669728,-5.370814,-14.445399,12,['2']
9,C,-5.980444,-4.397533,-12.486434,19,"['2', '10', '13', '14']"
10,C,-5.706311,-2.886626,-12.749419,21,"['9', '11', '12', '15']"
11,C,-5.074231,-2.255092,-11.482968,23,"['10', '16', '17', '18']"
12,C,-4.777847,-2.691404,-13.971333,23,"['10', '19', '20', '21']"
13,H,-5.042268,-4.867703,-12.101252,20,['9']
14,H,-6.719418,-4.489043,-11.652265,20,['9']
15,H,-6.673791,-2.363237,-12.953978,22,['10']
16,H,-4.887013,-1.167446,-11.631331,24,['11']
17,H,-4.095973,-2.720256,-11.221861,24,['11']
18,H,-5.734117,-2.348413,-10.590439,24,['11']
19,H,-4.528745,-1.611904,-14.108665,24,['12']
20,H,-5.229126,-3.023201,-14.930222,24,['12']
21,H,-3.813707,-3.237567,-13.852026,24,['12']
22,N,-5.880175,-7.488229,-12.843278,7,"['3', '23', '26']"
23,CA,-6.069362,-8.804214,-12.236961,8,"['22', '24', '27', '28']"
24,C,-4.996534,-8.992772,-11.158187,9,"['23', '25', '40']"
25,O,-3.932107,-8.373399,-11.224346,11,['24']
26,HN,-4.897301,-7.178768,-12.84273,10,['22']
27,H,-7.071359,-8.832362,-11.738056,12,['23']
28,C,-5.978082,-9.943944,-13.283654,106,"['23', '29', '34', '35']"
29,C,-4.619995,-10.144483,-13.892571,108,"['28', '30', '31']"
30,N,-4.306479,-9.782745,-15.182809,109,"['29', '32', '36']"
31,C,-3.459025,-10.657899,-13.355413,111,"['29', '33', '37']"
32,C,-3.012089,-10.042156,-15.440273,113,"['30', '33', '38']"
33,N,-2.486906,-10.573611,-14.322416,115,"['31', '32', '39']"
34,H,-6.73492,-9.785073,-14.088709,107,['28']
35,H,-6.276669,-10.908157,-12.811507,107,['28']
36,HN,-4.965769,-9.416452,-15.886827,110,['30']
37,H,-3.269106,-11.066359,-12.374779,112,['31']
38,H,-2.525253,-9.905398,-16.393757,114,['32']
39,HN,-1.509192,-10.872654,-14.203856,116,['33']
40,N,-5.315439,-9.856982,-10.169306,7,"['24', '41', '44']"
41,CA,-4.496676,-10.22754,-9.018967,8,"['40', '42', '45', '46']"
42,C,-3.716599,-11.514358,-9.373831,9,"['41', '43', '62']"
43,O,-4.267791,-12.392895,-10.042932,11,['42']
44,HN,-6.176758,-10.412913,-10.253164,10,['40']
45,H,-3.767063,-9.410313,-8.797389,12,['41']
46,C,-5.456722,-10.461407,-7.80045,182,"['41', '47', '51', '52']"
47,C,-6.24252,-9.188444,-7.363796,184,"['46', '48', '53', '54']"
48,C,-7.581684,-9.468087,-6.635024,186,"['47', '49', '55', '56']"
49,C,-8.354359,-8.209508,-6.167152,188,"['48', '50', '57', '58']"
50,N,-8.773459,-7.333044,-7.255,190,"['49', '59', '60', '61']"
51,H,-4.880643,-10.849816,-6.933251,183,['46']
52,H,-6.165452,-11.288701,-8.044881,183,['46']
53,H,-6.451502,-8.549082,-8.253819,185,['47']
54,H,-5.5889,-8.569148,-6.703576,185,['47']
55,H,-7.389238,-10.110982,-5.739811,187,['48']
56,H,-8.248683,-10.075615,-7.290798,187,['48']
57,H,-7.751336,-7.623739,-5.442843,189,['49']
58,H,-9.267927,-8.525335,-5.610432,189,['49']
59,HN,-9.534319,-6.715451,-6.973603,191,['50']
60,HN,-9.155543,-7.837637,-8.042333,191,['50']
61,HN,-8.016897,-6.762799,-7.645721,191,['50']
62,N,-2.421885,-11.60663,-8.960931,7,"['42', '63', '66']"
63,CA,-1.492217,-12.734053,-9.09999,8,"['62', '64', '67', '68']"
64,C,-0.99078,-13.126753,-7.688725,9,"['63', '65', '77']"
65,O,-0.873237,-12.267652,-6.812815,11,['64']
66,HN,-2.023636,-10.839001,-8.403355,10,['62']
67,H,-2.048502,-13.597816,-9.53962,12,['63']
68,C,-0.249095,-12.362834,-9.993075,153,"['63', '69', '73', '74']"
69,C,-0.609952,-11.812486,-11.393997,155,"['68', '70', '75', '76']"
70,C,0.470516,-11.661633,-12.444052,157,"['69', '71', '72']"
71,O,1.595769,-12.209304,-12.263668,158,['70']
72,O,0.218851,-10.994825,-13.488794,158,['70']
73,H,0.377145,-13.278148,-10.119419,154,['68']
74,H,0.39741,-11.629822,-9.457398,154,['68']
75,H,-1.09653,-10.819776,-11.268073,156,['69']
76,H,-1.376313,-12.499619,-11.821188,156,['69']
77,N,-0.669816,-14.427864,-7.430563,50,"['64', '78', '84']"
78,CA,-0.242694,-14.889295,-6.105664,51,"['77', '79', '81', '82']"
79,C,1.170364,-14.444196,-5.702352,52,"['78', '80', '91']"
80,O,2.100128,-14.450926,-6.515599,53,['79']
81,H,-0.968185,-14.54373,-5.324088,54,['78']
82,C,-0.30393,-16.431334,-6.245218,55,"['78', '83', '85', '86']"
83,C,0.102216,-16.635882,-7.707491,57,"['82', '84', '87', '88']"
84,C,-0.687531,-15.517956,-8.395699,59,"['77', '83', '89', '90']"
85,H,-1.34268,-16.804782,-6.075005,56,['82']
86,H,0.359367,-16.975232,-5.53691,56,['82']
87,H,-0.155288,-17.64506,-8.102446,58,['83']
88,H,1.199968,-16.476435,-7.837751,58,['83']
89,H,-1.736179,-15.844376,-8.596187,60,['84']
90,H,-0.222928,-15.254515,-9.37087,60,['84']
91,N,1.354578,-14.178865,-4.385643,7,"['79', '92', '95']"
92,CA,2.634166,-13.923298,-3.739016,8,"['91', '93', '96', '97']"
93,C,2.568931,-14.414856,-2.288284,9,"['92', '94', '101']"
94,O,1.488675,-14.616368,-1.735866,11,['93']
95,HN,0.556081,-14.161368,-3.730657,10,['91']
96,H,3.430298,-14.506422,-4.261611,12,['92']
97,C,2.95633,-12.411113,-3.786592,13,"['92', '98', '99', '100']"
98,H,3.940066,-12.193553,-3.31524,14,['97']
99,H,2.190059,-11.811732,-3.245731,14,['97']
100,H,3.007939,-12.042113,-4.835339,14,['97']
101,N,3.742142,-14.634537,-1.652834,7,"['93', '102', '105']"
102,CA,3.847974,-14.972944,-0.237108,8,"['101', '103', '106', '107']"
103,C,4.63894,-13.865912,0.463724,9,"['102', '104', '115']"
104,O,5.497401,-13.2022,-0.131808,11,['103']
105,HN,4.63464,-14.476305,-2.143412,10,['101']
106,H,2.825851,-14.987749,0.222031,12,['102']
107,C,4.496066,-16.366383,0.012099,37,"['102', '108', '109', '110']"
108,OH,5.812416,-16.383503,-0.529266,39,"['107', '111']"
109,C,3.70634,-17.500833,-0.668747,41,"['107', '112', '113', '114']"
110,H,4.553867,-16.533027,1.117867,38,['107']
111,HO,6.301276,-17.080462,-0.110269,40,['108']
112,H,4.073385,-18.504045,-0.355327,42,['109']
113,H,3.795335,-17.440251,-1.774848,42,['109']
114,H,2.61829,-17.452064,-0.435015,42,['109']
115,N,4.359422,-13.66658,1.775059,7,"['103', '116', '119']"
116,CA,5.108428,-12.729326,2.596284,8,"['115', '117', '120', '121']"
117,C,6.476777,-13.351194,2.902492,9,"['116', '118', '134']"
118,O,6.597716,-14.524975,3.283808,11,['117']
119,HN,3.682449,-14.26132,2.275002,10,['115']
120,H,5.250861,-11.793306,2.006755,12,['116']
121,C,4.356616,-12.386046,3.909179,19,"['116', '122', '125', '126']"
122,C,5.085031,-11.363108,4.839266,21,"['121', '123', '124', '127']"
123,C,5.155845,-9.948514,4.212381,23,"['122', '128', '129', '130']"
124,C,4.329321,-11.283385,6.182561,23,"['122', '131', '132', '133']"
125,H,4.197427,-13.339004,4.473331,20,['121']
126,H,3.332694,-12.009743,3.668788,20,['121']
127,H,6.12518,-11.708782,5.054582,22,['122']
128,H,5.527791,-9.19268,4.940613,24,['123']
129,H,4.16376,-9.58756,3.857337,24,['123']
130,H,5.851259,-9.906513,3.347498,24,['123']
131,H,4.8216,-10.576786,6.888189,24,['124']
132,H,4.301365,-12.279147,6.683814,24,['124']
133,H,3.275121,-10.95388,6.05626,24,['124']
134,N,7.525032,-12.505331,2.756415,7,"['117', '135', '138']"
135,CA,8.870764,-12.736945,3.239316,8,"['134', '136', '139', '140']"
136,C,9.05238,-11.96267,4.550541,9,"['135', '137', '153']"
137,O,9.315935,-12.568938,5.587402,11,['136']
138,HN,7.373837,-11.579565,2.329641,10,['134']
139,H,8.98057,-13.811479,3.52683,12,['135']
140,C,9.974589,-12.417192,2.166382,25,"['135', '141', '142', '144']"
141,C,9.783973,-13.346795,0.921836,27,"['140', '143', '145', '146']"
142,C,11.399557,-12.598211,2.758715,29,"['140', '147', '148', '149']"
143,C,10.718815,-13.014154,-0.251977,31,"['141', '150', '151', '152']"
144,H,9.855068,-11.353938,1.845448,26,['140']
145,H,8.732847,-13.268235,0.556829,28,['141']
146,H,9.915,-14.415385,1.213402,28,['141']
147,H,12.199908,-12.328927,2.036242,30,['142']
148,H,11.582748,-13.64432,3.092378,30,['142']
149,H,11.557352,-11.947375,3.646978,30,['142']
150,H,10.469787,-13.622124,-1.14887,32,['143']
151,H,11.782247,-13.2211,-0.004523,32,['143']
152,H,10.6361,-11.945376,-0.549231,32,['143']
153,N,8.918534,-10.609614,4.527994,7,"['136', '154', '157']"
154,CA,9.146676,-9.75493,5.692729,8,"['153', '155', '158', '159']"
155,C,8.451617,-8.39886,5.508453,9,"['154', '156', '175']"
156,O,8.468719,-7.825439,4.416915,11,['155']
157,HN,8.627208,-10.113582,3.669958,10,['153']
158,H,8.71213,-10.262764,6.590047,12,['154']
159,C,10.691145,-9.572945,5.855603,182,"['154', '160', '164', '165']"
160,C,11.179706,-8.940733,7.184223,184,"['159', '161', '166', '167']"
161,C,12.729711,-9.004483,7.282212,186,"['160', '162', '168', '169']"
162,C,13.368187,-8.653516,8.643707,188,"['161', '163', '170', '171']"
163,N,12.893598,-9.494512,9.732143,190,"['162', '172', '173', '174']"
164,H,11.078594,-8.974797,4.995446,183,['159']
165,H,11.165211,-10.580908,5.76117,183,['159']
166,H,10.703422,-9.482116,8.035137,185,['160']
167,H,10.831148,-7.881403,7.252294,185,['160']
168,H,13.166782,-8.325494,6.509895,187,['161']
169,H,13.079714,-10.027247,6.998314,187,['161']
170,H,13.22896,-7.582201,8.908721,189,['162']
171,H,14.469727,-8.805916,8.563522,189,['162']
172,HN,13.587314,-9.625342,10.469084,191,['163']
173,HN,12.716238,-10.451416,9.431012,191,['163']
174,HN,12.051592,-9.141878,10.173533,191,['163']
175,N,7.855857,-7.850333,6.594865,7,"['155', '176', '179']"
176,CA,7.285838,-6.502772,6.628421,8,"['175', '177', '180', '181']"
177,C,8.429961,-5.529863,6.942974,9,"['176', '178', '185']"
178,O,9.214994,-5.783547,7.860761,11,['177']
179,HN,7.915661,-8.323182,7.506188,10,['175']
180,H,6.843512,-6.256567,5.631211,12,['176']
181,C,6.190633,-6.40439,7.714489,13,"['176', '182', '183', '184']"
182,H,5.775551,-5.370701,7.760171,14,['181']
183,H,6.58612,-6.63286,8.729144,14,['181']
184,H,5.339612,-7.093984,7.514789,14,['181']
185,N,8.565499,-4.448783,6.131743,7,"['177', '186', '189']"
186,CA,9.651604,-3.475235,6.230601,8,"['185', '187', '190', '191']"
187,C,9.202521,-2.253205,7.043258,9,"['186', '188', '204']"
188,O,9.820471,-1.897091,8.051591,11,['187']
189,HN,7.832379,-4.214277,5.44464,10,['185']
190,H,10.495291,-3.918754,6.813653,12,['186']
191,C,10.205226,-3.08254,4.810859,25,"['186', '192', '193', '195']"
192,C,10.743369,-4.349897,4.063441,27,"['191', '194', '196', '197']"
193,C,11.321362,-2.0074,4.919468,29,"['191', '198', '199', '200']"
194,C,11.041079,-4.114286,2.574009,31,"['192', '201', '202', '203']"
195,H,9.357883,-2.651706,4.221858,26,['191']
196,H,9.991547,-5.170508,4.127944,28,['192']
197,H,11.653024,-4.741723,4.575468,28,['192']
198,H,11.67683,-1.672098,3.920555,30,['193']
199,H,12.197417,-2.351458,5.511462,30,['193']
200,H,10.932645,-1.084125,5.407285,30,['193']
201,H,11.313529,-5.062711,2.059195,32,['194']
202,H,11.875857,-3.395587,2.433179,32,['194']
203,H,10.148752,-3.695781,2.058128,32,['194']
204,N,8.120383,-1.589161,6.571209,7,"['187', '205', '208']"
205,CA,7.470002,-0.453005,7.217111,8,"['204', '206', '209', '210']"
206,C,6.001055,-0.440242,6.765468,9,"['205', '207', '216']"
207,O,5.393597,-1.502413,6.578905,11,['206']
208,HN,7.734095,-1.822595,5.641752,10,['204']
209,H,7.44366,-0.63889,8.313835,12,['205']
210,C,8.282222,0.836547,6.922396,137,"['205', '211', '214', '215']"
211,C,8.501766,1.086136,5.447004,139,"['210', '212', '213']"
212,O,7.523208,1.050711,4.671624,140,['211']
213,O,9.70175,1.248492,5.062342,140,['211']
214,H,9.263139,0.758046,7.444713,138,['210']
215,H,7.804649,1.739587,7.363225,138,['210']
216,N,5.354679,0.749614,6.739983,1,"['206', '217', '220']"
217,CA,3.979314,0.899981,6.356742,2,"['216', '218', '221', '222']"
218,C,3.671183,0.821846,4.869288,3,"['217', '219', '223']"
219,O,2.55834,0.420618,4.50876,5,['218']
220,HN,5.819496,1.614413,7.036583,4,['216']
221,H,3.369985,0.114821,6.857522,6,['217']
222,H,3.576278,1.861037,6.740222,6,['217']
223,N,4.618501,1.226951,3.980272,7,"['218', '224', '227']"
224,CA,4.396735,1.239871,2.538579,8,"['223', '225', '228', '229']"
225,C,5.419812,0.467807,1.698206,9,"['224', '226', '235']"
226,O,5.215316,0.326764,0.480147,11,['225']
227,HN,5.580123,1.460229,4.28561,10,['223']
228,H,3.468289,0.651687,2.344791,12,['224']
229,C,4.106552,2.677485,2.019008,137,"['224', '230', '233', '234']"
230,C,5.230125,3.689699,2.070088,139,"['229', '231', '232']"
231,O,6.401765,3.370732,1.782089,140,['230']
232,O,4.925532,4.885957,2.342911,140,['230']
233,H,3.239434,3.078422,2.589089,138,['229']
234,H,3.766575,2.61492,0.960539,138,['229']
235,N,6.463359,-0.144914,2.310526,7,"['225', '236', '239']"
236,CA,7.303324,-1.158256,1.702257,8,"['235', '237', '240', '241']"
237,C,7.182745,-2.467239,2.501125,9,"['236', '238', '249']"
238,O,7.075122,-2.506322,3.736247,11,['237']
239,HN,6.747693,0.100049,3.269812,10,['235']
240,H,6.88251,-1.366147,0.687471,12,['236']
241,C,8.794295,-0.760255,1.484384,37,"['236', '242', '243', '244']"
242,OH,9.536522,-0.647617,2.692855,39,"['241', '245']"
243,C,8.960495,0.560067,0.709248,41,"['241', '246', '247', '248']"
244,H,9.262672,-1.585842,0.89675,38,['241']
245,HO,9.20459,0.062769,3.228237,40,['242']
246,H,10.033647,0.819845,0.581989,42,['243']
247,H,8.468324,1.408075,1.241622,42,['243']
248,H,8.498162,0.469522,-0.297771,42,['243']
249,N,7.253471,-3.588003,1.742054,7,"['237', '250', '253']"
250,CA,7.148517,-4.959934,2.209832,8,"['249', '251', '254', '255']"
251,C,7.836708,-5.894873,1.206527,9,"['250', '252', '264']"
252,O,7.802789,-5.680993,-0.011255,11,['251']
253,HN,7.383127,-3.499685,0.722382,10,['249']
254,H,7.690596,-5.045786,3.183792,12,['250']
255,C,5.659812,-5.351029,2.420262,153,"['250', '256', '260', '261']"
256,C,4.741526,-5.119423,1.199241,155,"['255', '257', '262', '263']"
257,C,3.296802,-5.518986,1.446728,157,"['256', '258', '259']"
258,O,2.999321,-6.733972,1.339257,158,['257']
259,O,2.469058,-4.599369,1.758082,158,['257']
260,H,5.242397,-4.766886,3.276996,154,['255']
261,H,5.58388,-6.420525,2.725293,154,['255']
262,H,5.097432,-5.704629,0.320526,156,['256']
263,H,4.745343,-4.051657,0.893294,156,['256']
264,N,8.568206,-6.913284,1.718033,7,"['251', '265', '268']"
265,CA,9.297372,-7.90364,0.945787,8,"['264', '266', '269', '270']"
266,C,8.376238,-9.11512,0.752178,9,"['265', '267', '286']"
267,O,7.99663,-9.778534,1.730324,11,['266']
268,HN,8.512556,-7.117031,2.722692,10,['264']
269,H,9.53782,-7.453269,-0.047167,12,['265']
270,C,10.623009,-8.325452,1.663374,182,"['265', '271', '275', '276']"
271,C,11.706417,-8.860792,0.689063,184,"['270', '272', '277', '278']"
272,C,12.639008,-7.72749,0.194722,186,"['271', '273', '279', '280']"
273,C,13.620188,-8.145634,-0.924129,188,"['272', '274', '281', '282']"
274,N,14.514004,-7.052391,-1.283848,190,"['273', '283', '284', '285']"
275,H,10.384292,-9.10651,2.422552,183,['270']
276,H,11.028934,-7.477596,2.263788,183,['270']
277,H,11.217861,-9.379848,-0.168995,185,['271']
278,H,12.319245,-9.638554,1.204307,185,['271']
279,H,13.217088,-7.332042,1.064262,187,['272']
280,H,12.017975,-6.874613,-0.166843,187,['272']
281,H,13.06726,-8.463742,-1.836616,189,['273']
282,H,14.23902,-9.012596,-0.603063,189,['273']
283,HN,15.161905,-7.31655,-2.028339,191,['274']
284,HN,15.102285,-6.736514,-0.515345,191,['274']
285,HN,13.96373,-6.249262,-1.591551,191,['274']
286,N,8.036513,-9.423258,-0.520431,7,"['266', '287', '290']"
287,CA,7.167405,-10.508653,-0.946373,8,"['286', '288', '291', '292']"
288,C,7.907839,-11.365992,-1.979468,9,"['287', '289', '305']"
289,O,8.789758,-10.892169,-2.703902,11,['288']
290,HN,8.514922,-8.953942,-1.30246,10,['286']
291,H,6.91507,-11.153591,-0.069794,12,['287']
292,C,5.86887,-9.954624,-1.609829,19,"['287', '293', '296', '297']"
293,C,5.048739,-8.930154,-0.775104,21,"['292', '294', '295', '298']"
294,C,3.802126,-8.487435,-1.578286,23,"['293', '299', '300', '301']"
295,C,4.597147,-9.559779,0.559953,23,"['293', '302', '303', '304']"
296,H,5.214323,-10.819433,-1.872243,20,['292']
297,H,6.137299,-9.486253,-2.58497,20,['292']
298,H,5.677012,-8.028372,-0.567882,22,['293']
299,H,3.200476,-7.76083,-0.981133,24,['294']
300,H,3.128619,-9.33592,-1.833202,24,['294']
301,H,4.07914,-7.978506,-2.528678,24,['294']
302,H,3.930525,-8.863125,1.121319,24,['295']
303,H,5.462408,-9.758739,1.22407,24,['295']
304,H,4.036619,-10.510931,0.421264,24,['295']
305,N,7.518427,-12.656064,-2.082402,7,"['288', '306', '309']"
306,CA,7.954681,-13.581599,-3.10983,8,"['305', '307', '310', '311']"
307,C,6.858845,-13.586486,-4.18753,9,"['306', '308', '322']"
308,O,5.733451,-14.027201,-3.934199,11,['307']
309,HN,6.768548,-13.002227,-1.468547,10,['305']
310,H,8.918844,-13.216912,-3.535108,12,['306']
311,C,8.146406,-15.008381,-2.511776,175,"['306', '312', '315', '316']"
312,C,8.748053,-16.00911,-3.516641,177,"['311', '313', '317', '318']"
313,S,8.88706,-17.685154,-2.819039,179,"['312', '314']"
314,C,10.372454,-17.498992,-1.794708,180,"['313', '319', '320', '321']"
315,H,7.156745,-15.38046,-2.154722,176,['311']
316,H,8.785496,-14.95163,-1.603022,176,['311']
317,H,9.74314,-15.653867,-3.867052,178,['312']
318,H,8.098494,-16.055066,-4.419719,178,['312']
319,H,10.589296,-18.47026,-1.298815,181,['314']
320,H,10.206675,-16.724442,-1.01535,181,['314']
321,H,11.23876,-17.219666,-2.43313,181,['314']
322,N,7.18574,-13.093583,-5.406361,7,"['307', '323', '326']"
323,CA,6.330761,-13.037144,-6.59242,8,"['322', '324', '327', '328']"
324,C,7.070534,-13.748663,-7.727737,9,"['323', '325', '343']"
325,O,8.26888,-13.532146,-7.913727,11,['324']
326,HN,8.16825,-12.846717,-5.598678,10,['322']
327,H,5.374559,-13.581269,-6.389951,12,['323']
328,C,6.021982,-11.559313,-6.974132,70,"['323', '329', '336', '337']"
329,C,5.478516,-11.363213,-8.378164,72,"['328', '330', '331']"
330,C,4.170795,-11.767388,-8.680173,73,"['329', '332', '338']"
331,C,6.247465,-10.785596,-9.407711,73,"['329', '333', '339']"
332,C,3.664685,-11.618409,-9.969593,75,"['330', '334', '340']"
333,C,5.735472,-10.62465,-10.700587,75,"['331', '334', '341']"
334,C,4.435303,-11.049644,-10.992169,77,"['332', '333', '335']"
335,OH,3.941896,-10.924709,-12.25866,78,"['334', '342']"
336,H,6.941943,-10.938549,-6.869286,71,['328']
337,H,5.283949,-11.134269,-6.252864,71,['328']
338,H,3.519393,-12.20339,-7.905143,74,['330']
339,H,7.279541,-10.459201,-9.21019,74,['331']
340,H,2.643749,-11.961212,-10.184882,76,['332']
341,H,6.360128,-10.180492,-11.493204,76,['333']
342,HO,3.094445,-11.366664,-12.256003,79,['335']
343,N,6.353211,-14.64023,-8.461738,7,"['324', '344', '347']"
344,CA,6.886635,-15.505509,-9.506709,8,"['343', '345', '348', '349']"
345,C,8.194959,-16.187935,-9.064438,9,"['344', '346', '365']"
346,O,9.177925,-16.219202,-9.798955,11,['345']
347,HN,5.345604,-14.756634,-8.287254,10,['343']
348,H,6.180204,-16.359901,-9.645868,12,['344']
349,C,7.011604,-14.734896,-10.861392,182,"['344', '350', '354', '355']"
350,C,5.634802,-14.482114,-11.525237,184,"['349', '351', '356', '357']"
351,C,5.702481,-13.658138,-12.834703,186,"['350', '352', '358', '359']"
352,C,4.354526,-13.643271,-13.592939,188,"['351', '353', '360', '361']"
353,N,4.271582,-12.5368,-14.535182,190,"['352', '362', '363', '364']"
354,H,7.639352,-15.334527,-11.563834,183,['349']
355,H,7.564635,-13.77895,-10.700298,183,['349']
356,H,4.956251,-13.968449,-10.805253,185,['350']
357,H,5.16697,-15.471837,-11.744706,185,['350']
358,H,6.486693,-14.076352,-13.509854,187,['351']
359,H,6.030385,-12.620482,-12.595771,187,['351']
360,H,3.505283,-13.539662,-12.879654,189,['352']
361,H,4.203025,-14.596393,-14.143971,189,['352']
362,HN,3.39732,-12.512899,-15.056454,191,['353']
363,HN,4.995746,-12.542142,-15.240767,191,['353']
364,HN,4.327083,-11.653185,-14.0373,191,['353']
365,N,8.185147,-16.737695,-7.82009,1,"['345', '366', '369']"
366,CA,9.303397,-17.438444,-7.232944,2,"['365', '367', '370', '371']"
367,C,10.570922,-16.661266,-6.884074,3,"['366', '368', '372']"
368,O,11.632255,-17.267166,-6.69531,5,['367']
369,HN,7.319424,-16.76123,-7.260393,4,['365']
370,H,8.975546,-17.949764,-6.299252,6,['366']
371,H,9.612749,-18.262639,-7.917238,6,['366']
372,N,10.541151,-15.307348,-6.860689,7,"['367', '373', '376']"
373,CA,11.699279,-14.45124,-6.609265,8,"['372', '374', '377', '378']"
374,C,11.379101,-13.462507,-5.480903,9,"['373', '375', '389']"
375,O,10.234144,-13.026114,-5.349852,11,['374']
376,HN,9.668737,-14.780303,-7.008276,10,['372']
377,H,12.564745,-15.087225,-6.30511,12,['373']
378,C,12.051494,-13.642927,-7.895716,167,"['373', '379', '383', '384']"
379,C,12.534996,-14.494886,-9.095508,169,"['378', '380', '385', '386']"
380,C,13.978931,-14.976936,-8.959787,171,"['379', '381', '382']"
381,O,14.862372,-14.216544,-8.543944,172,['380']
382,N,14.213146,-16.254997,-9.326569,173,"['380', '387', '388']"
383,H,12.831373,-12.882055,-7.661357,168,['378']
384,H,11.146206,-13.066068,-8.205722,168,['378']
385,H,12.489132,-13.88072,-10.023479,170,['379']
386,H,11.831043,-15.342573,-9.270455,170,['379']
387,HN,13.459862,-16.872595,-9.654863,174,['382']
388,HN,15.165502,-16.639058,-9.232666,174,['382']
389,N,12.382259,-13.06166,-4.645514,50,"['374', '390', '396']"
390,CA,12.167438,-12.048348,-3.618636,51,"['389', '391', '393', '394']"
391,C,12.227007,-10.645038,-4.224092,52,"['390', '392', '403']"
392,O,13.161211,-10.308244,-4.948148,53,['391']
393,H,11.185007,-12.196287,-3.103273,54,['390']
394,C,13.330156,-12.300249,-2.636201,55,"['390', '395', '397', '398']"
395,C,14.470328,-12.704598,-3.570531,57,"['394', '396', '399', '400']"
396,C,13.753876,-13.55867,-4.626597,59,"['389', '395', '401', '402']"
397,H,13.090457,-13.130159,-1.934339,56,['394']
398,H,13.577132,-11.411544,-2.012213,56,['394']
399,H,15.286652,-13.237509,-3.035362,58,['395']
400,H,14.914259,-11.795284,-4.046097,58,['395']
401,H,13.782022,-14.636861,-4.343138,60,['396']
402,H,14.250154,-13.457023,-5.619884,60,['396']
403,N,11.224808,-9.79622,-3.900218,7,"['391', '404', '407']"
404,CA,11.145054,-8.408045,-4.305551,8,"['403', '405', '408', '409']"
405,C,10.702816,-7.548183,-3.11871,9,"['404', '406', '420']"
406,O,9.807737,-7.899175,-2.351743,11,['405']
407,HN,10.429692,-10.112649,-3.327802,10,['403']
408,H,12.159753,-8.061816,-4.625908,12,['404']
409,C,10.130165,-8.20855,-5.473703,175,"['404', '410', '413', '414']"
410,C,10.507795,-8.945733,-6.777842,177,"['409', '411', '415', '416']"
411,S,9.312904,-8.731351,-8.133462,179,"['410', '412']"
412,C,8.953492,-6.957082,-8.107386,180,"['411', '417', '418', '419']"
413,H,10.056997,-7.111555,-5.66924,176,['409']
414,H,9.117367,-8.526526,-5.132404,176,['409']
415,H,10.616027,-10.035672,-6.575642,178,['410']
416,H,11.510971,-8.594568,-7.112173,178,['410']
417,H,8.36891,-6.687979,-9.013448,181,['412']
418,H,9.901692,-6.374526,-8.09946,181,['412']
419,H,8.35071,-6.711461,-7.207076,181,['412']
420,N,11.306405,-6.344373,-3.010981,7,"['405', '421', '424']"
421,CA,10.7888,-5.240609,-2.232338,8,"['420', '422', '425', '426']"
422,C,9.662683,-4.65788,-3.097047,9,"['421', '423', '434']"
423,O,9.914467,-4.289219,-4.245272,11,['422']
424,HN,12.003516,-6.074928,-3.715647,10,['420']
425,H,10.387599,-5.604174,-1.255597,12,['421']
426,C,11.855794,-4.121115,-1.996903,37,"['421', '427', '428', '429']"
427,OH,13.019077,-4.68031,-1.37594,39,"['426', '430']"
428,C,11.311146,-3.026455,-1.055703,41,"['426', '431', '432', '433']"
429,H,12.152242,-3.687674,-2.983851,38,['426']
430,HO,13.663168,-3.97762,-1.374695,40,['427']
431,H,12.06884,-2.241175,-0.835773,42,['428']
432,H,10.973441,-3.444827,-0.083158,42,['428']
433,H,10.431725,-2.506354,-1.499056,42,['428']
434,N,8.441889,-4.531228,-2.546182,7,"['422', '435', '438']"
435,CA,7.315216,-3.829969,-3.135179,8,"['434', '436', '439', '440']"
436,C,7.129686,-2.515188,-2.371769,9,"['435', '437', '454']"
437,O,7.429148,-2.41872,-1.179698,11,['436']
438,HN,8.282923,-4.828991,-1.575467,10,['434']
439,H,7.545613,-3.571539,-4.196832,12,['435']
440,C,6.010731,-4.674168,-3.059021,61,"['435', '441', '447', '448']"
441,C,5.940831,-5.712409,-4.161471,63,"['440', '442', '443']"
442,C,6.521355,-6.984336,-4.016562,64,"['441', '444', '449']"
443,C,5.261803,-5.419154,-5.359329,64,"['441', '445', '450']"
444,C,6.391304,-7.947185,-5.02591,66,"['442', '446', '451']"
445,C,5.138259,-6.377544,-6.370086,66,"['443', '446', '452']"
446,C,5.701145,-7.645333,-6.203761,68,"['444', '445', '453']"
447,H,5.120966,-4.009321,-3.152716,62,['440']
448,H,5.902018,-5.159314,-2.059944,62,['440']
449,H,7.061736,-7.243377,-3.091479,65,['442']
450,H,4.794027,-4.431773,-5.505327,65,['443']
451,H,6.820517,-8.952564,-4.887831,67,['444']
452,H,4.58334,-6.135309,-7.289782,67,['445']
453,H,5.591755,-8.40708,-6.992011,69,['446']
454,N,6.606527,-1.492395,-3.085974,7,"['436', '455', '458']"
455,CA,6.176226,-0.189201,-2.611646,8,"['454', '456', '459', '460']"
456,C,4.712837,-0.027429,-3.050864,9,"['455', '457', '478']"
457,O,4.37648,-0.25964,-4.214124,11,['456']
458,HN,6.34648,-1.657055,-4.068534,10,['454']
459,H,6.233525,-0.182956,-1.495979,12,['455']
460,C,7.096113,0.920781,-3.206458,202,"['455', '461', '467', '468']"
461,C,6.712543,2.391873,-2.910915,204,"['460', '462', '469', '470']"
462,C,6.825283,2.784759,-1.419624,206,"['461', '463', '471', '472']"
463,N,6.54851,4.20185,-1.205447,208,"['462', '464', '473']"
464,C,5.337754,4.78312,-1.184994,210,"['463', '465', '466']"
465,N,4.228994,4.169331,-1.593052,211,"['464', '474', '475']"
466,N,5.248016,6.064603,-0.818467,211,"['464', '476', '477']"
467,H,7.119517,0.794653,-4.315713,203,['460']
468,H,8.142693,0.739028,-2.870268,203,['460']
469,H,5.686239,2.574092,-3.305452,205,['461']
470,H,7.375267,3.053275,-3.519044,205,['461']
471,H,7.855303,2.564662,-1.06173,207,['462']
472,H,6.161432,2.168951,-0.772673,207,['462']
473,HN,7.368767,4.748275,-0.910816,209,['463']
474,HN,4.228857,3.19197,-1.901864,212,['465']
475,HN,3.339093,4.682989,-1.628999,212,['465']
476,HN,6.045529,6.555465,-0.396562,212,['466']
477,HN,4.332597,6.535093,-0.852078,212,['466']
478,N,3.826195,0.329675,-2.092024,7,"['456', '479', '482']"
479,CA,2.388591,0.431882,-2.300348,8,"['478', '480', '483', '484']"
480,C,2.064968,1.609348,-3.237029,9,"['479', '481', '497']"
481,O,2.384456,2.765038,-2.946843,11,['480']
482,HN,4.15984,0.461273,-1.125325,10,['478']
483,H,2.036083,-0.508932,-2.790389,12,['479']
484,C,1.641555,0.617305,-0.943082,19,"['479', '485', '488', '489']"
485,C,1.809501,-0.523395,0.102502,21,"['484', '486', '487', '490']"
486,C,0.93036,-0.222159,1.33891,23,"['485', '491', '492', '493']"
487,C,1.41041,-1.896067,-0.475356,23,"['485', '494', '495', '496']"
488,H,0.557947,0.768713,-1.154604,20,['484']
489,H,1.98767,1.571304,-0.481817,20,['484']
490,H,2.877624,-0.574791,0.425429,22,['485']
491,H,1.094082,-0.981863,2.137804,24,['486']
492,H,-0.156589,-0.225435,1.099735,24,['486']
493,H,1.172921,0.763719,1.794916,24,['486']
494,H,1.482048,-2.695813,0.302127,24,['487']
495,H,2.09903,-2.206992,-1.290657,24,['487']
496,H,0.371965,-1.913504,-0.874915,24,['487']
497,N,1.407223,1.318991,-4.387057,7,"['480', '498', '501']"
498,CA,0.923757,2.316368,-5.333968,8,"['497', '499', '502', '503']"
499,C,-0.006602,3.337024,-4.656895,9,"['498', '500', '516']"
500,O,-0.884416,2.97576,-3.865127,11,['499']
501,HN,1.318759,0.334348,-4.671152,10,['497']
502,H,1.812515,2.877407,-5.710949,12,['498']
503,C,0.154737,1.662245,-6.529374,19,"['498', '504', '507', '508']"
504,C,1.055557,1.18644,-7.702367,21,"['503', '505', '506', '509']"
505,C,0.207931,0.365948,-8.706336,23,"['504', '510', '511', '512']"
506,C,1.682943,2.394685,-8.445885,23,"['504', '513', '514', '515']"
507,H,-0.590479,2.386525,-6.934997,20,['503']
508,H,-0.470365,0.821758,-6.142978,20,['503']
509,H,1.869617,0.538256,-7.299161,22,['504']
510,H,0.836058,-0.052353,-9.525709,24,['505']
511,H,-0.583598,0.990648,-9.180204,24,['505']
512,H,-0.307136,-0.492707,-8.22146,24,['505']
513,H,2.21111,2.077707,-9.374137,24,['506']
514,H,2.435829,2.928812,-7.825704,24,['506']
515,H,0.913466,3.141037,-8.752475,24,['506']
516,N,0.121957,4.615403,-5.105209,7,"['499', '517', '520']"
517,CA,-0.757221,5.741417,-4.845455,8,"['516', '518', '521', '522']"
518,C,-0.842372,6.270222,-3.406702,9,"['517', '519', '535']"
519,O,-1.722064,7.086406,-3.10249,11,['518']
520,HN,0.902885,4.85564,-5.73199,10,['516']
521,H,-0.348784,6.61691,-5.404576,12,['517']
522,C,-2.186626,5.429475,-5.368169,19,"['517', '523', '526', '527']"
523,C,-2.339531,5.085759,-6.871866,21,"['522', '524', '525', '528']"
524,C,-3.84694,4.952285,-7.201465,23,"['523', '529', '530', '531']"
525,C,-1.705021,6.189504,-7.744804,23,"['523', '532', '533', '534']"
526,H,-2.834722,6.302248,-5.116695,20,['522']
527,H,-2.580132,4.580435,-4.761481,20,['522']
528,H,-1.83881,4.112288,-7.090267,22,['523']
529,H,-4.000986,4.495602,-8.202635,24,['524']
530,H,-4.356908,5.939336,-7.195006,24,['524']
531,H,-4.380736,4.299033,-6.476657,24,['524']
532,H,-1.903934,6.022837,-8.823857,24,['525']
533,H,-0.597323,6.213878,-7.642891,24,['525']
534,H,-2.093881,7.196707,-7.486208,24,['525']
535,N,0.039029,5.815076,-2.489234,7,"['518', '536', '539']"
536,CA,0.000967,6.189248,-1.082865,8,"['535', '537', '540', '541']"
537,C,1.386196,6.646293,-0.621088,9,"['536', '538', '551']"
538,O,2.413026,6.336711,-1.248146,11,['537']
539,HN,0.857614,5.255185,-2.759952,10,['535']
540,H,-0.685176,7.063862,-0.947999,12,['536']
541,C,-0.53107,5.012238,-0.190972,15,"['536', '542', '543', '544']"
542,C,-1.896914,4.49736,-0.704545,17,"['541', '545', '546', '547']"
543,C,0.463132,3.829235,-0.115123,17,"['541', '548', '549', '550']"
544,H,-0.685705,5.414376,0.838832,16,['541']
545,H,-2.35258,3.769953,0.005369,18,['542']
546,H,-1.815579,3.997495,-1.696068,18,['542']
547,H,-2.617466,5.337579,-0.818679,18,['542']
548,H,0.081592,3.01188,0.537483,18,['543']
549,H,1.444728,4.135947,0.310063,18,['543']
550,H,0.661939,3.393048,-1.11937,18,['543']
551,N,1.432634,7.261583,0.580332,7,"['537', '552', '555']"
552,CA,2.654374,7.479369,1.335652,8,"['551', '553', '556', '557']"
553,C,2.312219,7.486791,2.826433,9,"['552', '554', '563']"
554,O,1.53835,8.327605,3.303379,11,['553']
555,HN,0.565617,7.624069,1.006952,10,['551']
556,H,3.345105,6.621352,1.136668,12,['552']
557,C,3.345389,8.797225,0.917605,137,"['552', '558', '561', '562']"
558,C,4.789586,8.964782,1.344976,139,"['557', '559', '560']"
559,O,5.429898,7.940499,1.701604,140,['558']
560,O,5.326361,10.091216,1.163872,140,['558']
561,H,2.760396,9.663698,1.303081,138,['557']
562,H,3.326554,8.891714,-0.191679,138,['557']
563,N,2.873798,6.509307,3.5715,7,"['553', '564', '567']"
564,CA,2.857495,6.450365,5.021768,8,"['563', '565', '568', '569']"
565,C,4.002797,7.345822,5.524663,9,"['564', '566', '577']"
566,O,5.055338,7.472802,4.866499,11,['565']
567,HN,3.448258,5.786045,3.11216,10,['563']
568,H,1.877498,6.846034,5.385634,12,['564']
569,C,3.036902,4.997901,5.564084,37,"['564', '570', '571', '572']"
570,OH,4.245823,4.450567,5.054051,39,"['569', '573']"
571,C,1.874371,4.079097,5.144927,41,"['569', '574', '575', '576']"
572,H,3.117953,5.03714,6.676938,38,['569']
573,HO,4.627612,3.887209,5.713024,40,['570']
574,H,2.026256,3.026685,5.463991,42,['571']
575,H,1.714159,4.068236,4.044783,42,['571']
576,H,0.929093,4.422802,5.622074,42,['571']
577,N,3.90789,7.866998,6.779463,50,"['565', '578', '584']"
578,CA,5.055671,8.487186,7.4213,51,"['577', '579', '581', '582']"
579,C,6.124308,7.417994,7.668183,52,"['578', '580', '591']"
580,O,5.791151,6.28729,8.029966,53,['579']
581,H,5.478398,9.290539,6.764513,54,['578']
582,C,4.52633,9.094671,8.736138,55,"['578', '583', '585', '586']"
583,C,3.08071,8.620169,8.882593,57,"['582', '584', '587', '588']"
584,C,2.760896,7.772699,7.654664,59,"['577', '583', '589', '590']"
585,H,4.583658,10.206851,8.700161,56,['582']
586,H,5.138589,8.778714,9.612172,56,['582']
587,H,2.389795,9.487291,8.980492,58,['583']
588,H,2.959503,8.016621,9.808033,58,['583']
589,H,1.835946,8.138239,7.156874,60,['584']
590,H,2.57137,6.718092,7.958326,60,['584']
591,N,7.409584,7.768739,7.420512,7,"['579', '592', '595']"
592,CA,8.545919,6.869403,7.612765,8,"['591', '593', '596', '597']"
593,C,8.677221,6.595291,9.118409,9,"['592', '594', '606']"
594,O,8.024518,7.239899,9.942883,11,['593']
595,HN,7.616596,8.735817,7.134113,10,['591']
596,H,8.29183,5.889771,7.132249,12,['592']
597,C,9.879016,7.411059,7.008305,153,"['592', '598', '602', '603']"
598,C,9.816036,7.919293,5.551544,155,"['597', '599', '604', '605']"
599,C,9.223527,6.963424,4.542539,157,"['598', '600', '601']"
600,O,9.967429,6.115209,3.986897,158,['599']
601,O,7.982159,7.030543,4.305403,158,['599']
602,H,10.631634,6.586867,7.044068,154,['597']
603,H,10.295129,8.220117,7.65526,154,['597']
604,H,10.843588,8.181449,5.207168,156,['598']
605,H,9.252735,8.880213,5.502219,156,['598']
606,N,9.477468,5.569921,9.503641,7,"['593', '607', '610']"
607,CA,9.434181,5.012758,10.851166,8,"['606', '608', '611', '612']"
608,C,9.81345,5.987224,11.977797,9,"['607', '609', '626']"
609,O,9.287718,5.878002,13.081893,11,['608']
610,HN,10.215072,5.221587,8.872021,10,['606']
611,H,8.362533,4.775279,11.070181,12,['607']
612,C,10.240912,3.688871,10.93656,61,"['607', '613', '619', '620']"
613,C,10.137256,3.017611,12.291225,63,"['612', '614', '615']"
614,C,9.006677,2.253323,12.638902,64,"['613', '616', '621']"
615,C,11.136716,3.22166,13.258048,64,"['613', '617', '622']"
616,C,8.874422,1.717078,13.925474,66,"['614', '618', '623']"
617,C,10.994579,2.699923,14.544986,66,"['615', '618', '624']"
618,C,9.868652,1.943488,14.878903,68,"['616', '617', '625']"
619,H,11.313264,3.878942,10.699028,62,['612']
620,H,9.883942,2.969456,10.162865,62,['612']
621,H,8.189524,2.101057,11.916203,65,['614']
622,H,12.017659,3.84474,13.034099,65,['615']
623,H,7.981615,1.135649,14.212071,67,['616']
624,H,11.766749,2.900685,15.30154,67,['617']
625,H,9.750781,1.540406,15.895717,69,['618']
626,N,10.68471,6.987512,11.703162,7,"['608', '627', '630']"
627,CA,11.049866,8.058004,12.630534,8,"['626', '628', '631', '632']"
628,C,10.075643,9.248951,12.671553,9,"['627', '629', '640']"
629,O,10.363062,10.234325,13.368972,11,['628']
630,HN,11.05259,7.11472,10.748141,10,['626']
631,H,11.074602,7.648614,13.668089,12,['627']
632,C,12.451929,8.62799,12.245754,147,"['627', '633', '636', '637']"
633,C,12.39198,9.353772,10.899281,149,"['632', '634', '635']"
634,O,12.00944,8.738918,9.902877,150,['633']
635,N,12.783923,10.6438,10.873701,151,"['633', '638', '639']"
636,H,13.224352,7.829555,12.176523,148,['632']
637,H,12.773112,9.343876,13.040832,148,['632']
638,HN,13.145223,11.099734,11.722853,152,['635']
639,HN,12.761094,11.142896,9.972806,152,['635']
640,N,8.995223,9.246893,11.859899,7,"['628', '641', '644']"
641,CA,8.016324,10.314096,11.700305,8,"['640', '642', '645', '646']"
642,C,6.744316,9.932388,12.460736,9,"['641', '643', '655']"
643,O,6.484227,8.755331,12.715445,11,['642']
644,HN,8.713683,8.382371,11.380069,10,['640']
645,H,8.410093,11.259295,12.142649,12,['641']
646,C,7.708728,10.528647,10.19287,153,"['641', '647', '651', '652']"
647,C,8.963721,10.855078,9.349815,155,"['646', '648', '653', '654']"
648,C,8.722587,11.060909,7.871825,157,"['647', '649', '650']"
649,O,7.593409,10.775095,7.380253,158,['648']
650,O,9.659058,11.501185,7.15722,158,['648']
651,H,6.962633,11.347609,10.061952,154,['646']
652,H,7.228691,9.610741,9.779082,154,['646']
653,H,9.71089,10.033673,9.439029,156,['647']
654,H,9.457589,11.773918,9.739007,156,['647']
655,N,5.971608,10.963228,12.891486,7,"['642', '656', '659']"
656,CA,4.783018,10.788121,13.719286,8,"['655', '657', '660', '661']"
657,C,3.718803,10.018848,12.916532,9,"['656', '658', '677']"
658,O,3.366446,10.426248,11.808537,11,['657']
659,HN,6.172136,11.916881,12.562886,10,['655']
660,H,5.088834,10.159886,14.594834,12,['656']
661,C,4.240014,12.156135,14.253596,182,"['656', '662', '666', '667']"
662,C,3.05975,11.966256,15.237212,184,"['661', '663', '668', '669']"
663,C,2.66128,13.201796,16.076655,186,"['662', '664', '670', '671']"
664,C,1.533927,12.921492,17.108751,188,"['663', '665', '672', '673']"
665,N,1.878029,11.895,18.092473,190,"['664', '674', '675', '676']"
666,H,3.932794,12.805333,13.39993,183,['661']
667,H,5.070829,12.678906,14.787204,183,['661']
668,H,3.348067,11.143778,15.931072,185,['662']
669,H,2.172269,11.590659,14.675579,185,['662']
670,H,2.326332,14.020665,15.396884,187,['663']
671,H,3.555322,13.604064,16.61064,187,['663']
672,H,0.607036,12.596692,16.580666,189,['664']
673,H,1.27301,13.866429,17.643056,189,['664']
674,HN,1.210328,11.800396,18.848902,191,['665']
675,HN,2.777267,12.039221,18.5393,191,['665']
676,HN,1.916638,10.96824,17.660415,191,['665']
677,N,3.21938,8.904086,13.515284,7,"['657', '678', '681']"
678,CA,2.315649,7.894059,12.980018,8,"['677', '679', '682', '683']"
679,C,3.000143,6.783738,12.163868,9,"['678', '680', '698']"
680,O,2.320768,5.869596,11.682878,11,['679']
681,HN,3.545623,8.656184,14.461819,10,['677']
682,H,1.933809,7.336838,13.865294,12,['678']
683,C,1.062067,8.434102,12.234519,70,"['678', '684', '691', '692']"
684,C,0.24121,9.350117,13.115266,72,"['683', '685', '686']"
685,C,-0.537757,8.826226,14.161054,73,"['684', '687', '693']"
686,C,0.266626,10.740333,12.928262,73,"['684', '688', '694']"
687,C,-1.244167,9.671478,15.02122,75,"['685', '689', '695']"
688,C,-0.446207,11.584186,13.781434,75,"['686', '689', '696']"
689,C,-1.189303,11.05764,14.845287,77,"['687', '688', '690']"
690,OH,-1.841678,11.868367,15.72066,78,"['689', '697']"
691,H,0.427406,7.581053,11.900283,71,['683']
692,H,1.373007,8.967559,11.30784,71,['683']
693,H,-0.583173,7.73739,14.330535,74,['685']
694,H,0.864002,11.182532,12.114715,74,['686']
695,H,-1.85121,9.235503,15.830162,76,['687']
696,H,-0.413689,12.673564,13.626101,76,['688']
697,HO,-1.87442,12.74324,15.338956,79,['690']
698,N,4.339473,6.855626,11.972401,1,"['679', '699', '702']"
699,CA,5.125447,5.904519,11.226471,2,"['698', '700', '703', '704']"
700,C,5.305268,4.537023,11.869035,3,"['699', '701', '705']"
701,O,5.174853,3.517967,11.184632,5,['700']
702,HN,4.909239,7.596297,12.399975,4,['698']
703,H,4.678485,5.755231,10.218448,6,['699']
704,H,6.135025,6.327673,11.031993,6,['699']
705,N,5.477907,4.45822,13.221433,50,"['700', '706', '712']"
706,CA,5.429032,3.174969,13.915368,51,"['705', '707', '709', '710']"
707,C,4.064209,2.5004,13.790252,52,"['706', '708', '719']"
708,O,3.972068,1.287337,13.583007,53,['707']
709,H,6.192432,2.481249,13.486256,54,['706']
710,C,5.771652,3.532093,15.379819,55,"['706', '711', '713', '714']"
711,C,6.741541,4.702605,15.19253,57,"['710', '712', '715', '716']"
712,C,6.043086,5.49184,14.080285,59,"['705', '711', '717', '718']"
713,H,6.236118,2.674957,15.924864,56,['710']
714,H,4.874018,3.865523,15.954784,56,['710']
715,H,7.749108,4.351767,14.864313,58,['711']
716,H,6.881897,5.307145,16.115245,58,['711']
717,H,6.769375,6.156546,13.557814,60,['712']
718,H,5.232031,6.130434,14.504688,60,['712']
719,N,2.982165,3.299059,13.94648,7,"['707', '720', '723']"
720,CA,1.593377,2.90189,13.852541,8,"['719', '721', '724', '725']"
721,C,1.252942,2.341057,12.466688,9,"['720', '722', '734']"
722,O,0.562013,1.323867,12.372153,11,['721']
723,HN,3.128524,4.283268,14.205509,10,['719']
724,H,1.438194,2.042917,14.550106,12,['720']
725,C,0.583208,4.037198,14.225054,153,"['720', '726', '730', '731']"
726,C,0.652029,4.615743,15.660685,155,"['725', '727', '732', '733']"
727,C,1.744261,5.613471,16.026765,157,"['726', '728', '729']"
728,O,2.725678,5.746715,15.246367,158,['727']
729,O,1.586874,6.297341,17.075768,158,['727']
730,H,-0.443351,3.619807,14.076828,154,['725']
731,H,0.665743,4.874932,13.492613,154,['725']
732,H,0.702574,3.774793,16.389891,156,['726']
733,H,-0.314016,5.131571,15.867753,156,['726']
734,N,1.745348,2.989077,11.380316,7,"['721', '735', '738']"
735,CA,1.583714,2.540082,10.005739,8,"['734', '736', '739', '740']"
736,C,2.303743,1.215487,9.748392,9,"['735', '737', '744']"
737,O,1.73011,0.299421,9.156817,11,['736']
738,HN,2.223667,3.892742,11.501141,10,['734']
739,H,0.501167,2.330729,9.826679,12,['735']
740,C,2.064671,3.602587,8.985983,13,"['735', '741', '742', '743']"
741,H,1.877103,3.261531,7.943886,14,['740']
742,H,3.15578,3.809623,9.087159,14,['740']
743,H,1.526504,4.569255,9.115656,14,['740']
744,N,3.567241,1.091914,10.220753,7,"['736', '745', '748']"
745,CA,4.364341,-0.113905,10.088464,8,"['744', '746', '749', '750']"
746,C,3.765955,-1.320982,10.815084,9,"['745', '747', '755']"
747,O,3.87096,-2.447844,10.318007,11,['746']
748,HN,4.043779,1.894463,10.656836,10,['744']
749,H,4.356028,-0.413554,9.014439,12,['745']
750,C,5.828595,0.10582,10.537693,33,"['745', '751', '752', '753']"
751,OH,6.388878,1.125947,9.72135,35,"['750', '754']"
752,H,6.436507,-0.819538,10.409337,34,['750']
753,H,5.874304,0.41189,11.609709,34,['750']
754,HO,7.155004,1.464953,10.16464,36,['751']
755,N,3.132704,-1.107966,11.995083,7,"['746', '756', '759']"
756,CA,2.42773,-2.138442,12.743362,8,"['755', '757', '760', '761']"
757,C,1.09199,-2.518902,12.098415,9,"['756', '758', '765']"
758,O,0.704702,-3.686888,12.111518,11,['757']
759,HN,3.178749,-0.182217,12.442117,10,['755']
760,H,3.042277,-3.072274,12.72763,12,['756']
761,C,2.19732,-1.730307,14.218046,13,"['756', '762', '763', '764']"
762,H,1.657752,-2.535293,14.768356,14,['761']
763,H,1.596864,-0.796819,14.31073,14,['761']
764,H,3.169031,-1.585404,14.744829,14,['761']
765,N,0.37871,-1.541234,11.485673,7,"['757', '766', '769']"
766,CA,-0.869561,-1.775196,10.778293,8,"['765', '767', '770', '771']"
767,C,-0.663211,-2.708742,9.585822,9,"['766', '768', '785']"
768,O,-1.385308,-3.705861,9.443539,11,['767']
769,HN,0.681885,-0.561017,11.543795,10,['765']
770,H,-1.556308,-2.312243,11.476694,12,['766']
771,C,-1.539724,-0.452155,10.327674,61,"['766', '772', '778', '779']"
772,C,-2.891706,-0.649704,9.673332,63,"['771', '773', '774']"
773,C,-4.066656,-0.622622,10.444495,64,"['772', '775', '780']"
774,C,-3.004661,-0.864399,8.287825,64,"['772', '776', '781']"
775,C,-5.319546,-0.783481,9.846275,66,"['773', '777', '782']"
776,C,-4.257785,-1.014892,7.687549,66,"['774', '777', '783']"
777,C,-5.417526,-0.963336,8.464821,68,"['775', '776', '784']"
778,H,-0.876748,0.09964,9.619246,62,['771']
779,H,-1.661023,0.221098,11.206197,62,['771']
780,H,-4.014604,-0.46549,11.533744,65,['773']
781,H,-2.106306,-0.912402,7.652196,65,['774']
782,H,-6.227965,-0.749361,10.468374,67,['775']
783,H,-4.323684,-1.168488,6.599601,67,['776']
784,H,-6.403085,-1.041455,7.98421,69,['777']
785,N,0.311586,-2.36618,8.706869,7,"['767', '786', '789']"
786,CA,0.66224,-3.138014,7.531404,8,"['785', '787', '790', '791']"
787,C,1.171144,-4.524283,7.913284,9,"['786', '788', '799']"
788,O,0.681289,-5.52031,7.386063,11,['787']
789,HN,0.827748,-1.482104,8.815705,10,['785']
790,H,-0.266986,-3.312076,6.936013,12,['786']
791,C,1.674961,-2.395413,6.610878,37,"['786', '792', '793', '794']"
792,OH,1.019054,-1.204809,6.186676,39,"['791', '795']"
793,C,2.048043,-3.199199,5.350792,41,"['791', '796', '797', '798']"
794,H,2.594535,-2.123385,7.184635,38,['791']
795,HO,1.631263,-0.674603,5.679623,40,['792']
796,H,2.625789,-2.58223,4.626495,42,['793']
797,H,1.156845,-3.588301,4.813224,42,['793']
798,H,2.685589,-4.077373,5.595427,42,['793']
799,N,2.12764,-4.594836,8.872513,7,"['787', '800', '803']"
800,CA,2.708043,-5.832658,9.370136,8,"['799', '801', '804', '805']"
801,C,1.657507,-6.812133,9.885117,9,"['800', '802', '821']"
802,O,1.655327,-7.975001,9.480263,11,['801']
803,HN,2.52455,-3.728499,9.261597,10,['799']
804,H,3.179334,-6.357087,8.503323,12,['800']
805,C,3.799092,-5.551372,10.438967,182,"['800', '806', '810', '811']"
806,C,4.352971,-6.796414,11.166407,184,"['805', '807', '812', '813']"
807,C,5.68699,-6.502086,11.889448,186,"['806', '808', '814', '815']"
808,C,6.012641,-7.41303,13.090556,188,"['807', '809', '816', '817']"
809,N,5.904788,-8.823235,12.778563,190,"['808', '818', '819', '820']"
810,H,3.40324,-4.844274,11.205982,183,['805']
811,H,4.636463,-5.009907,9.937342,183,['805']
812,H,4.492011,-7.63278,10.440871,185,['806']
813,H,3.582642,-7.147919,11.896894,185,['806']
814,H,5.699327,-5.45029,12.261709,187,['807']
815,H,6.518701,-6.553421,11.148102,187,['807']
816,H,5.339177,-7.191552,13.950013,189,['808']
817,H,7.049509,-7.200038,13.436383,189,['808']
818,HN,6.442445,-9.420152,13.395455,191,['809']
819,HN,6.1842,-9.081207,11.836995,191,['809']
820,HN,4.957177,-9.189029,12.787934,191,['809']
821,N,0.74392,-6.360315,10.778421,7,"['801', '822', '825']"
822,CA,-0.329654,-7.200537,11.282933,8,"['821', '823', '826', '827']"
823,C,-1.258111,-7.664327,10.151548,9,"['822', '824', '843']"
824,O,-1.703481,-8.810363,10.147612,11,['823']
825,HN,0.820441,-5.41255,11.172357,10,['821']
826,H,0.139761,-8.134577,11.68387,12,['822']
827,C,-1.143967,-6.516962,12.428097,182,"['822', '828', '832', '833']"
828,C,-2.191557,-7.44639,13.102145,184,"['827', '829', '834', '835']"
829,C,-3.330241,-6.67896,13.815733,186,"['828', '830', '836', '837']"
830,C,-4.585606,-7.56027,14.01139,188,"['829', '831', '838', '839']"
831,N,-5.708791,-6.801832,14.539519,190,"['830', '840', '841', '842']"
832,H,-1.635068,-5.606585,12.007401,183,['827']
833,H,-0.437374,-6.143551,13.209454,183,['827']
834,H,-1.674832,-8.148046,13.799483,185,['828']
835,H,-2.635157,-8.10162,12.315372,185,['828']
836,H,-3.607218,-5.783994,13.205867,187,['829']
837,H,-2.961064,-6.284409,14.792826,187,['829']
838,H,-4.375561,-8.410498,14.700295,189,['830']
839,H,-4.896988,-8.008459,13.039933,189,['830']
840,HN,-6.567944,-7.340463,14.55709,191,['831']
841,HN,-5.895184,-5.950436,14.02079,191,['831']
842,HN,-5.543751,-6.515722,15.505321,191,['831']
843,N,-1.595016,-6.77369,9.186264,7,"['823', '844', '847']"
844,CA,-2.491071,-7.09022,8.084988,8,"['843', '845', '848', '849']"
845,C,-1.946324,-8.151981,7.124202,9,"['844', '846', '860']"
846,O,-2.727482,-8.948698,6.607716,11,['845']
847,HN,-1.221856,-5.815546,9.205292,10,['843']
848,H,-3.39831,-7.577512,8.524098,12,['844']
849,C,-2.946691,-5.802987,7.326819,175,"['844', '850', '853', '854']"
850,C,-3.869521,-6.049339,6.114135,177,"['849', '851', '855', '856']"
851,S,-4.794745,-4.543612,5.68604,179,"['850', '852']"
852,C,-5.760294,-5.164946,4.288238,180,"['851', '857', '858', '859']"
853,H,-2.043116,-5.243045,6.984577,176,['849']
854,H,-3.457265,-5.138024,8.062616,176,['849']
855,H,-4.582025,-6.874207,6.344999,178,['850']
856,H,-3.26778,-6.402494,5.246405,178,['850']
857,H,-6.420418,-4.35251,3.915181,181,['852']
858,H,-6.377067,-6.031827,4.609703,181,['852']
859,H,-5.081819,-5.478511,3.465472,181,['852']
860,N,-0.621036,-8.137244,6.833086,7,"['845', '861', '864']"
861,CA,0.01032,-9.066515,5.910492,8,"['860', '862', '865', '866']"
862,C,0.481778,-10.37048,6.567171,9,"['861', '863', '876']"
863,O,0.375303,-11.423829,5.93599,11,['862']
864,HN,-0.007054,-7.413057,7.225176,10,['860']
865,H,-0.782488,-9.421548,5.202917,12,['861']
866,C,1.11724,-8.43185,4.995662,15,"['861', '867', '868', '869']"
867,C,0.510674,-7.279499,4.148007,17,"['866', '870', '871', '872']"
868,C,2.348842,-7.911372,5.772181,17,"['866', '873', '874', '875']"
869,H,1.461907,-9.228432,4.28927,16,['866']
870,H,1.241452,-6.903869,3.388752,18,['867']
871,H,0.202824,-6.406421,4.766144,18,['867']
872,H,-0.383845,-7.619539,3.579809,18,['867']
873,H,3.110703,-7.501309,5.0702,18,['868']
874,H,2.84511,-8.717374,6.354024,18,['868']
875,H,2.095979,-7.098783,6.483079,18,['868']
876,N,0.959173,-10.357005,7.840311,7,"['862', '877', '880']"
877,CA,1.296477,-11.558206,8.604099,8,"['876', '878', '881', '882']"
878,C,0.071929,-12.378403,9.019224,9,"['877', '879', '891']"
879,O,0.105996,-13.610159,8.99784,11,['878']
880,HN,1.100677,-9.459791,8.32137,10,['876']
881,H,1.85882,-12.249607,7.926492,12,['877']
882,C,2.159572,-11.287467,9.872718,153,"['877', '883', '887', '888']"
883,C,3.602829,-10.84207,9.569354,155,"['882', '884', '889', '890']"
884,C,4.499014,-10.631137,10.759449,157,"['883', '885', '886']"
885,O,4.053462,-10.727613,11.94171,158,['884']
886,O,5.708907,-10.305896,10.575605,158,['884']
887,H,2.206227,-12.229293,10.469605,154,['882']
888,H,1.654952,-10.534715,10.52558,154,['882']
889,H,3.584448,-9.900859,8.973633,156,['883']
890,H,4.088695,-11.613488,8.932407,156,['883']
891,N,-1.039138,-11.688381,9.371144,7,"['878', '892', '895']"
892,CA,-2.316991,-12.318121,9.665956,8,"['891', '893', '896', '897']"
893,C,-3.117473,-12.696165,8.412256,9,"['892', '894', '905']"
894,O,-4.251084,-13.169871,8.531232,11,['893']
895,HN,-0.991992,-10.677602,9.555301,10,['891']
896,H,-2.120396,-13.295776,10.168392,12,['892']
897,C,-3.202754,-11.465892,10.619876,147,"['892', '898', '901', '902']"
898,C,-2.604766,-11.294029,12.011994,149,"['897', '899', '900']"
899,O,-1.390718,-11.33457,12.202954,150,['898']
900,N,-3.486038,-11.193953,13.027944,151,"['898', '903', '904']"
901,H,-4.19428,-11.972523,10.696344,148,['897']
902,H,-3.41066,-10.463912,10.182227,148,['897']
903,HN,-4.491312,-11.331229,12.840576,152,['900']
904,HN,-3.126061,-11.123641,13.988588,152,['900']
905,N,-2.558628,-12.493059,7.192148,7,"['893', '906', '909']"
906,CA,-3.1794,-12.884393,5.944895,8,"['905', '907', '910', '911']"
907,C,-2.825814,-14.348892,5.653213,9,"['906', '908', '915']"
908,O,-1.667046,-14.791765,5.696708,11,['907']
909,HN,-1.594067,-12.158929,7.080642,10,['905']
910,H,-4.288814,-12.779047,6.059587,12,['906']
911,C,-2.714847,-11.998159,4.77191,13,"['906', '912', '913', '914']"
912,H,-3.284158,-12.228522,3.842925,14,['911']
913,H,-1.636582,-12.154415,4.562122,14,['911']
914,H,-2.85834,-10.91764,5.004226,14,['911']
915,N,-3.861543,-15.0895,5.230091,7,"['907', '916', '919']"
916,CA,-3.87454,-16.458833,4.749329,8,"['915', '917', '920', '921']"
917,C,-3.37182,-16.571341,3.298275,9,"['916', '918', '937']"
918,O,-2.775322,-17.596232,2.917812,11,['917']
919,HN,-4.735196,-14.576496,5.038414,10,['915']
920,H,-3.190696,-17.064395,5.388693,12,['916']
921,C,-5.343389,-16.958474,4.881552,182,"['916', '922', '926', '927']"
922,C,-5.776119,-18.349881,4.376997,184,"['921', '923', '928', '929']"
923,C,-7.293591,-18.414228,4.031601,186,"['922', '924', '930', '931']"
924,C,-8.261282,-17.682957,5.004394,188,"['923', '925', '932', '933']"
925,N,-9.100371,-18.586913,5.761357,190,"['924', '934', '935', '936']"
926,H,-5.973641,-16.20257,4.350445,183,['921']
927,H,-5.616568,-16.87408,5.963405,183,['921']
928,H,-5.502843,-19.126793,5.128111,185,['922']
929,H,-5.199128,-18.619331,3.459918,185,['922']
930,H,-7.58893,-19.482938,3.892613,187,['923']
931,H,-7.433076,-17.954064,3.024671,187,['923']
932,H,-8.926797,-16.980577,4.45176,189,['924']
933,H,-7.726206,-17.049514,5.743679,189,['924']
934,HN,-9.538961,-18.104715,6.539334,191,['925']
935,HN,-8.542156,-19.339606,6.159629,191,['925']
936,HN,-9.852855,-18.972958,5.197367,191,['925']
937,N,-3.651782,-15.529661,2.474587,7,"['917', '938', '941']"
938,CA,-3.379922,-15.36451,1.055023,8,"['937', '939', '942', '943']"
939,C,-2.972141,-13.903063,0.801376,9,"['938', '940', '959']"
940,O,-3.715364,-12.969964,1.12966,11,['939']
941,HN,-4.214395,-14.745903,2.84629,10,['937']
942,H,-2.553151,-16.046732,0.744293,12,['938']
943,C,-4.700715,-15.724891,0.301973,182,"['938', '944', '948', '949']"
944,C,-4.787119,-15.39755,-1.210364,184,"['943', '945', '950', '951']"
945,C,-6.207792,-15.693671,-1.744084,186,"['944', '946', '952', '953']"
946,C,-6.401466,-15.629964,-3.275491,188,"['945', '947', '954', '955']"
947,N,-7.813921,-15.454938,-3.595605,190,"['946', '956', '957', '958']"
948,H,-5.536506,-15.190833,0.818632,183,['943']
949,H,-4.904934,-16.814909,0.449984,183,['943']
950,H,-4.024281,-15.981595,-1.774525,185,['944']
951,H,-4.553978,-14.32039,-1.37999,185,['944']
952,H,-6.915443,-14.981645,-1.252131,187,['945']
953,H,-6.51569,-16.711656,-1.406922,187,['945']
954,H,-6.022809,-16.554883,-3.768506,189,['946']
955,H,-5.843762,-14.783643,-3.724711,189,['946']
956,HN,-8.02982,-15.439531,-4.591544,191,['947']
957,HN,-8.149113,-14.563588,-3.223015,191,['947']
958,HN,-8.38726,-16.1727,-3.163156,191,['947']
959,N,-1.796969,-13.6905,0.159109,7,"['939', '960', '963']"
960,CA,-1.330757,-12.389004,-0.31138,8,"['959', '961', '964', '965']"
961,C,-1.449883,-12.403536,-1.842188,9,"['960', '962', '978']"
962,O,-1.129383,-13.396219,-2.502616,11,['961']
963,HN,-1.246315,-14.478854,-0.210323,10,['959']
964,H,-1.998311,-11.589718,0.093933,12,['960']
965,C,0.145588,-12.079114,0.12549,25,"['960', '966', '967', '969']"
966,C,0.304107,-12.041895,1.6775,27,"['965', '968', '970', '971']"
967,C,0.652398,-10.746699,-0.495001,29,"['965', '972', '973', '974']"
968,C,-0.383908,-10.866595,2.391438,31,"['966', '975', '976', '977']"
969,H,0.789233,-12.907262,-0.262091,26,['965']
970,H,1.390035,-12.015738,1.931214,28,['966']
971,H,-0.068381,-12.996311,2.118963,28,['966']
972,H,1.650884,-10.455175,-0.100106,30,['967']
973,H,-0.040769,-9.899216,-0.294297,30,['967']
974,H,0.75809,-10.820378,-1.598934,30,['967']
975,H,-0.178113,-10.909167,3.483791,32,['968']
976,H,-1.488053,-10.88412,2.26281,32,['968']
977,H,-0.016961,-9.876362,2.043666,32,['968']
978,N,-1.934308,-11.280158,-2.41624,7,"['961', '979', '982']"
979,CA,-2.109361,-11.078387,-3.842345,8,"['978', '980', '983', '984']"
980,C,-1.47865,-9.738449,-4.227076,9,"['979', '981', '993']"
981,O,-1.668158,-8.722856,-3.548988,11,['980']
982,HN,-2.21164,-10.481706,-1.825001,10,['978']
983,H,-1.596618,-11.89893,-4.403753,12,['979']
984,C,-3.620533,-11.047316,-4.197631,153,"['979', '985', '989', '990']"
985,C,-4.420204,-12.2696,-3.704227,155,"['984', '986', '991', '992']"
986,C,-5.903157,-12.157072,-3.964093,157,"['985', '987', '988']"
987,O,-6.623257,-11.609622,-3.073048,158,['986']
988,O,-6.385224,-12.724999,-4.976809,158,['986']
989,H,-3.733096,-10.961498,-5.296606,154,['984']
990,H,-4.076947,-10.127283,-3.773549,154,['984']
991,H,-4.278708,-12.408336,-2.610282,156,['985']
992,H,-4.035015,-13.192947,-4.195993,156,['985']
993,N,-0.758681,-9.709697,-5.371459,7,"['980', '994', '997']"
994,CA,-0.231577,-8.506629,-5.997353,8,"['993', '995', '998', '999']"
995,C,-1.112549,-8.21063,-7.212876,9,"['994', '996', '1009']"
996,O,-1.506428,-9.109023,-7.963886,11,['995']
997,HN,-0.728545,-10.546537,-5.969371,10,['993']
998,H,-0.330205,-7.650796,-5.280506,12,['994']
999,C,1.28064,-8.594643,-6.412111,15,"['994', '1000', '1001', '1002']"
1000,C,2.156407,-8.971866,-5.194509,17,"['999', '1003', '1004', '1005']"
1001,C,1.576845,-9.587455,-7.562435,17,"['999', '1006', '1007', '1008']"
1002,H,1.585344,-7.571385,-6.750334,16,['999']
1003,H,3.239881,-8.987109,-5.447542,18,['1000']
1004,H,1.894032,-9.969023,-4.781656,18,['1000']
1005,H,2.036991,-8.238449,-4.370114,18,['1000']
1006,H,2.659149,-9.585514,-7.821915,18,['1001']
1007,H,1.030895,-9.309136,-8.490574,18,['1001']
1008,H,1.291363,-10.632287,-7.308412,18,['1001']
1009,N,-1.433134,-6.923043,-7.448302,7,"['995', '1010', '1013']"
1010,CA,-2.194451,-6.468008,-8.596581,8,"['1009', '1011', '1014', '1015']"
1011,C,-1.466188,-5.262309,-9.187432,9,"['1010', '1012', '1024']"
1012,O,-1.410986,-4.177241,-8.600468,11,['1011']
1013,HN,-1.250661,-6.202056,-6.734506,10,['1009']
1014,H,-2.251554,-7.283486,-9.360135,12,['1010']
1015,C,-3.62097,-6.094786,-8.127056,153,"['1010', '1016', '1020', '1021']"
1016,C,-4.593851,-5.713415,-9.254978,155,"['1015', '1017', '1022', '1023']"
1017,C,-5.935135,-5.266982,-8.725359,157,"['1016', '1018', '1019']"
1018,O,-6.0041,-4.160651,-8.121797,158,['1017']
1019,O,-6.939356,-6.018472,-8.84182,158,['1017']
1020,H,-3.532125,-5.236396,-7.423277,154,['1015']
1021,H,-4.055817,-6.938573,-7.539604,154,['1015']
1022,H,-4.75064,-6.572648,-9.938454,156,['1016']
1023,H,-4.162727,-4.890537,-9.869471,156,['1016']
1024,N,-0.81629,-5.483895,-10.350531,7,"['1011', '1025', '1028']"
1025,CA,-0.08984,-4.455021,-11.080286,8,"['1024', '1026', '1029', '1030']"
1026,C,-1.093497,-3.587899,-11.841575,9,"['1025', '1027', '1044']"
1027,O,-2.176523,-4.050751,-12.213879,11,['1026']
1028,HN,-0.926416,-6.387325,-10.827256,10,['1024']
1029,H,0.440327,-3.797467,-10.344252,12,['1025']
1030,C,0.928413,-5.071989,-12.079135,61,"['1025', '1031', '1037', '1038']"
1031,C,2.042065,-5.794412,-11.351006,63,"['1030', '1032', '1033']"
1032,C,2.001419,-7.182122,-11.136319,64,"['1031', '1034', '1039']"
1033,C,3.150225,-5.07559,-10.868683,64,"['1031', '1035', '1040']"
1034,C,3.047278,-7.82889,-10.471433,66,"['1032', '1036', '1041']"
1035,C,4.202667,-5.724125,-10.215681,66,"['1033', '1036', '1042']"
1036,C,4.157186,-7.107084,-10.024755,68,"['1034', '1035', '1043']"
1037,H,1.366151,-4.263629,-12.710206,62,['1030']
1038,H,0.407788,-5.75486,-12.786888,62,['1030']
1039,H,1.139578,-7.780212,-11.475043,65,['1032']
1040,H,3.205991,-3.982686,-10.99686,65,['1033']
1041,H,2.995437,-8.912776,-10.299073,67,['1034']
1042,H,5.065533,-5.135873,-9.862468,67,['1035']
1043,H,4.983909,-7.626109,-9.514792,69,['1036']
1044,N,-0.703445,-2.311161,-12.060095,7,"['1026', '1045', '1048']"
1045,CA,-1.47273,-1.3478,-12.842104,8,"['1044', '1046', '1049', '1050']"
1046,C,-0.942263,-1.375798,-14.291137,9,"['1045', '1047', '1056']"
1047,O,-0.028798,-2.13601,-14.607149,11,['1046']
1048,HN,0.258759,-2.016659,-11.844722,10,['1044']
1049,H,-2.524042,-1.712899,-12.896757,12,['1045']
1050,C,-1.463597,0.034391,-12.126956,137,"['1045', '1051', '1054', '1055']"
1051,C,-2.702908,0.870561,-12.353945,139,"['1050', '1052', '1053']"
1052,O,-3.409551,0.64167,-13.359726,140,['1051']
1053,O,-3.049659,1.709933,-11.465403,140,['1051']
1054,H,-0.558096,0.605717,-12.440926,138,['1050']
1055,H,-1.359629,-0.117887,-11.029087,138,['1050']
1056,N,-1.586261,-0.60009,-15.203956,7,"['1046', '1057', '1060']"
1057,CA,-1.295447,-0.542829,-16.633484,8,"['1056', '1058', '1061', '1062']"
1058,C,0.067051,0.066396,-17.0169,9,"['1057', '1059', '1078']"
1059,O,0.488031,-0.056773,-18.178488,11,['1058']
1060,HN,-2.331915,0.026857,-14.876293,10,['1056']
1061,H,-1.214315,-1.596964,-16.99481,12,['1057']
1062,C,-2.423237,0.211755,-17.428919,182,"['1057', '1063', '1067', '1068']"
1063,C,-3.243512,-0.688887,-18.386439,184,"['1062', '1064', '1069', '1070']"
1064,C,-4.598045,-1.122136,-17.789068,186,"['1063', '1065', '1071', '1072']"
1065,C,-5.40769,-2.010736,-18.7587,188,"['1064', '1066', '1073', '1074']"
1066,N,-6.762148,-2.2,-18.280508,190,"['1065', '1075', '1076', '1077']"
1067,H,-1.936375,1.000042,-18.057134,183,['1062']
1068,H,-3.079668,0.805511,-16.751274,183,['1062']
1069,H,-2.644383,-1.572522,-18.708595,185,['1063']
1070,H,-3.43823,-0.112711,-19.323749,185,['1063']
1071,H,-5.192016,-0.209509,-17.534221,187,['1064']
1072,H,-4.431088,-1.659873,-16.826707,187,['1064']
1073,H,-4.925001,-3.003623,-18.900249,189,['1065']
1074,H,-5.471632,-1.5527,-19.772573,189,['1065']
1075,HN,-7.309546,-2.828134,-18.868533,191,['1066']
1076,HN,-7.245139,-1.302278,-18.277095,191,['1066']
1077,HN,-6.829296,-2.54909,-17.333129,191,['1066']
1078,N,0.688846,0.859016,-16.116752,1,"['1058', '1079', '1082']"
1079,CA,1.990736,1.463208,-16.302074,2,"['1078', '1080', '1083', '1084']"
1080,C,3.145642,0.543954,-15.909551,3,"['1079', '1081', '1085']"
1081,O,3.033875,-0.691353,-15.885338,5,['1080']
1082,HN,0.25512,1.113944,-15.218549,4,['1078']
1083,H,2.129663,1.743831,-17.372441,6,['1079']
1084,H,2.043807,2.418536,-15.734315,6,['1079']
1085,N,4.321514,1.173006,-15.639806,7,"['1080', '1086', '1089']"
1086,CA,5.555651,0.513164,-15.229119,8,"['1085', '1087', '1090', '1091']"
1087,C,5.305351,-0.213059,-13.898459,9,"['1086', '1088', '1102']"
1088,O,4.751982,0.330753,-12.935099,11,['1087']
1089,HN,4.423922,2.146236,-15.959148,10,['1085']
1090,H,5.795263,-0.239391,-16.019733,12,['1086']
1091,C,6.773528,1.489403,-15.097103,167,"['1086', '1092', '1096', '1097']"
1092,C,6.854886,2.33597,-13.807141,169,"['1091', '1093', '1098', '1099']"
1093,C,7.784285,3.541856,-13.784945,171,"['1092', '1094', '1095']"
1094,O,7.380729,4.636739,-13.373321,172,['1093']
1095,N,9.042101,3.371709,-14.240963,173,"['1093', '1100', '1101']"
1096,H,6.76765,2.165266,-15.983185,168,['1091']
1097,H,7.714906,0.89652,-15.190203,168,['1091']
1098,H,7.175823,1.683348,-12.963215,170,['1092']
1099,H,5.836399,2.688898,-13.534133,170,['1092']
1100,HN,9.436496,2.445745,-14.46909,174,['1095']
1101,HN,9.65137,4.197608,-14.291025,174,['1095']
1102,N,5.7668,-1.484837,-13.847782,7,"['1087', '1103', '1106']"
1103,CA,5.669625,-2.401956,-12.732812,8,"['1102', '1104', '1107', '1108']"
1104,C,6.837243,-2.318511,-11.736008,9,"['1103', '1105', '1126']"
1105,O,6.753771,-2.933397,-10.66666,11,['1104']
1106,HN,6.298931,-1.844686,-14.649932,10,['1102']
1107,H,4.770859,-2.128153,-12.124694,12,['1103']
1108,C,5.510964,-3.874172,-13.246608,202,"['1103', '1109', '1115', '1116']"
1109,C,4.2612,-4.118985,-14.132302,204,"['1108', '1110', '1117', '1118']"
1110,C,4.016168,-5.604691,-14.4689,206,"['1109', '1111', '1119', '1120']"
1111,N,2.735717,-5.784947,-15.147101,208,"['1110', '1112', '1121']"
1112,C,1.900973,-6.833029,-15.013001,210,"['1111', '1113', '1114']"
1113,N,2.199224,-7.959895,-14.349104,211,"['1112', '1122', '1123']"
1114,N,0.725058,-6.756984,-15.647684,211,"['1112', '1124', '1125']"
1115,H,5.472757,-4.542718,-12.354986,203,['1108']
1116,H,6.440837,-4.166478,-13.791117,203,['1108']
1117,H,4.364144,-3.528035,-15.073778,205,['1109']
1118,H,3.375946,-3.689748,-13.607861,205,['1109']
1119,H,4.048388,-6.195248,-13.527066,207,['1110']
1120,H,4.840623,-5.976674,-15.119218,207,['1110']
1121,HN,2.470621,-4.998235,-15.760107,209,['1111']
1122,HN,3.096448,-8.045277,-13.854542,212,['1113']
1123,HN,1.53449,-8.747063,-14.293567,212,['1113']
1124,HN,0.473078,-5.912858,-16.177729,212,['1114']
1125,HN,0.018572,-7.50223,-15.586075,212,['1114']
1126,N,7.93243,-1.580858,-12.043802,7,"['1104', '1127', '1130']"
1127,CA,9.083604,-1.385841,-11.163691,8,"['1126', '1128', '1131', '1132']"
1128,C,9.50485,0.093233,-11.237852,9,"['1127', '1129', '1140']"
1129,O,9.276918,0.748052,-12.256797,11,['1128']
1130,HN,7.983509,-1.006593,-12.896125,10,['1126']
1131,H,8.765869,-1.584112,-10.110432,12,['1127']
1132,C,10.262238,-2.351159,-11.50598,37,"['1127', '1133', '1134', '1135']"
1133,OH,10.765032,-2.108855,-12.821068,39,"['1132', '1136']"
1134,C,9.872813,-3.844206,-11.458222,41,"['1132', '1137', '1138', '1139']"
1135,H,11.085556,-2.158652,-10.77276,38,['1132']
1136,HO,11.589615,-1.63158,-12.713746,40,['1133']
1137,H,10.760294,-4.495834,-11.619082,42,['1134']
1138,H,9.122083,-4.112734,-12.23567,42,['1134']
1139,H,9.444298,-4.110394,-10.466508,42,['1134']
1140,N,10.038274,0.646917,-10.116301,7,"['1128', '1141', '1144']"
1141,CA,10.4685,2.043357,-9.98868,8,"['1140', '1142', '1145', '1146']"
1142,C,11.987335,2.162629,-10.194822,9,"['1141', '1143', '1152']"
1143,O,12.694457,1.179814,-10.4208,11,['1142']
1144,HN,10.224838,0.056472,-9.291576,10,['1140']
1145,H,9.998747,2.632504,-10.815103,12,['1141']
1146,C,10.002694,2.629775,-8.622661,137,"['1141', '1147', '1150', '1151']"
1147,C,10.669454,2.135976,-7.356134,139,"['1146', '1148', '1149']"
1148,O,11.597974,1.293353,-7.427037,140,['1147']
1149,O,10.285674,2.615691,-6.252232,140,['1147']
1150,H,8.909134,2.447405,-8.51679,138,['1146']
1151,H,10.103511,3.740037,-8.641164,138,['1146']
1152,N,12.507709,3.415975,-10.068558,7,"['1142', '1153', '1156']"
1153,CA,13.920497,3.75619,-10.182131,8,"['1152', '1154', '1157', '1158']"
1154,C,14.860128,3.169831,-9.111016,9,"['1153', '1155', '1174']"
1155,O,16.075666,3.310676,-9.241139,11,['1154']
1156,HN,11.878099,4.211687,-9.902356,10,['1152']
1157,H,14.287624,3.279632,-11.127742,12,['1153']
1158,C,14.125505,5.301023,-10.334998,182,"['1153', '1159', '1163', '1164']"
1159,C,13.999265,6.162343,-9.050171,184,"['1158', '1160', '1165', '1166']"
1160,C,13.836866,7.67346,-9.365671,186,"['1159', '1161', '1167', '1168']"
1161,C,13.833562,8.590853,-8.120446,188,"['1160', '1162', '1169', '1170']"
1162,N,13.282217,9.91344,-8.39645,190,"['1161', '1171', '1172', '1173']"
1163,H,13.430902,5.678235,-11.124485,183,['1158']
1164,H,15.143138,5.468074,-10.765439,183,['1158']
1165,H,14.898695,5.994812,-8.410788,185,['1159']
1166,H,13.129979,5.818546,-8.441484,185,['1159']
1167,H,12.882873,7.81005,-9.930051,187,['1160']
1168,H,14.644711,8.013235,-10.058923,187,['1160']
1169,H,14.858759,8.713276,-7.70128,189,['1161']
1170,H,13.221589,8.128156,-7.312693,189,['1161']
1171,HN,12.842491,10.286679,-7.551646,191,['1162']
1172,HN,12.56473,9.895809,-9.116156,191,['1162']
1173,HN,13.990626,10.590302,-8.695876,191,['1162']
1174,N,14.332997,2.514608,-8.042066,7,"['1154', '1175', '1178']"
1175,CA,15.108905,1.835212,-7.010926,8,"['1174', '1176', '1179', '1180']"
1176,C,15.080772,0.300099,-7.091719,9,"['1175', '1177', '1195']"
1177,O,15.769775,-0.370547,-6.301822,11,['1176']
1178,HN,13.317932,2.366782,-7.942904,10,['1174']
1179,H,16.188331,2.101624,-7.132872,12,['1175']
1180,C,14.632188,2.259412,-5.586601,70,"['1175', '1181', '1188', '1189']"
1181,C,14.774923,3.749361,-5.362188,72,"['1180', '1182', '1183']"
1182,C,13.657675,4.600113,-5.350891,73,"['1181', '1184', '1190']"
1183,C,16.048245,4.308535,-5.156306,73,"['1181', '1185', '1191']"
1184,C,13.81271,5.975663,-5.152683,75,"['1182', '1186', '1192']"
1185,C,16.205618,5.686049,-4.977653,75,"['1183', '1186', '1193']"
1186,C,15.087345,6.528158,-4.981902,77,"['1184', '1185', '1187']"
1187,OH,15.209672,7.872997,-4.821879,78,"['1186', '1194']"
1188,H,15.221527,1.727039,-4.804384,71,['1180']
1189,H,13.572587,1.946861,-5.4296,71,['1180']
1190,H,12.644435,4.187258,-5.487604,74,['1182']
1191,H,16.940967,3.661193,-5.138917,74,['1183']
1192,H,12.924051,6.623112,-5.122533,76,['1184']
1193,H,17.214385,6.102792,-4.827721,76,['1185']
1194,HO,16.101205,8.137324,-4.633931,79,['1187']
1195,N,14.314591,-0.293714,-8.039108,1,"['1176', '1196', '1199']"
1196,CA,14.132419,-1.722587,-8.145414,2,"['1195', '1197', '1200', '1201']"
1197,C,13.089603,-2.325046,-7.209816,3,"['1196', '1198', '1202']"
1198,O,13.224801,-3.485429,-6.796318,5,['1197']
1199,HN,13.758818,0.24824,-8.71643,4,['1195']
1200,H,13.846237,-2.000867,-9.183788,6,['1196']
1201,H,15.096498,-2.248845,-7.959294,6,['1196']
1202,N,12.069994,-1.528674,-6.802085,7,"['1197', '1203', '1206']"
1203,CA,10.912397,-1.966112,-6.037564,8,"['1202', '1204', '1207', '1208']"
1204,C,9.767183,-2.206094,-7.031944,9,"['1203', '1205', '1226']"
1205,O,9.602436,-1.46318,-8.005786,11,['1204']
1206,HN,11.992075,-0.55864,-7.146915,10,['1202']
1207,H,11.160747,-2.931551,-5.535336,12,['1203']
1208,C,10.452497,-0.91758,-4.973511,202,"['1203', '1209', '1215', '1216']"
1209,C,11.561677,-0.505119,-3.974954,204,"['1208', '1210', '1217', '1218']"
1210,C,11.139787,0.569257,-2.946793,206,"['1209', '1211', '1219', '1220']"
1211,N,10.754464,1.818265,-3.586588,208,"['1210', '1212', '1221']"
1212,C,10.534748,3.005833,-3.012691,210,"['1211', '1213', '1214']"
1213,N,10.653224,3.213653,-1.697139,211,"['1212', '1222', '1223']"
1214,N,10.176701,4.02252,-3.807011,211,"['1212', '1224', '1225']"
1215,H,9.580047,-1.336914,-4.41623,203,['1208']
1216,H,10.051777,-0.028951,-5.518764,203,['1208']
1217,H,12.44419,-0.125766,-4.541287,205,['1209']
1218,H,11.924414,-1.406615,-3.432219,205,['1209']
1219,H,11.980543,0.750814,-2.236641,207,['1210']
1220,H,10.297678,0.184691,-2.327744,207,['1210']
1221,HN,10.677474,1.82304,-4.613833,209,['1211']
1222,HN,10.962484,2.455562,-1.07488,212,['1213']
1223,HN,10.522894,4.150643,-1.296448,212,['1213']
1224,HN,10.097585,3.827665,-4.820309,212,['1214']
1225,HN,10.021859,4.973067,-3.450596,212,['1214']
1226,N,8.949188,-3.249196,-6.766476,1,"['1204', '1227', '1230']"
1227,CA,7.721387,-3.54157,-7.468392,2,"['1226', '1228', '1231', '1232']"
1228,C,6.637959,-2.561762,-7.038089,3,"['1227', '1229', '1233']"
1229,O,6.428278,-2.344568,-5.84023,5,['1228']
1230,HN,9.084667,-3.794301,-5.904688,4,['1226']
1231,H,7.886535,-3.515374,-8.569516,6,['1227']
1232,H,7.3678,-4.566727,-7.223215,6,['1227']
1233,N,5.900116,-1.989095,-8.011925,7,"['1228', '1234', '1237']"
1234,CA,4.773487,-1.095965,-7.800553,8,"['1233', '1235', '1238', '1239']"
1235,C,3.505467,-1.91248,-8.049768,9,"['1234', '1236', '1252']"
1236,O,3.314583,-2.464087,-9.135936,11,['1235']
1237,HN,6.010004,-2.309569,-8.982642,10,['1233']
1238,H,4.770857,-0.730512,-6.743744,12,['1234']
1239,C,4.827677,0.106144,-8.789509,19,"['1234', '1240', '1243', '1244']"
1240,C,6.098048,0.998075,-8.681925,21,"['1239', '1241', '1242', '1245']"
1241,C,6.020819,2.11939,-9.749531,23,"['1240', '1246', '1247', '1248']"
1242,C,6.210301,1.62354,-7.268902,23,"['1240', '1249', '1250', '1251']"
1243,H,3.919212,0.730424,-8.632147,20,['1239']
1244,H,4.730541,-0.284854,-9.831408,20,['1239']
1245,H,7.010046,0.381186,-8.88141,22,['1240']
1246,H,6.941667,2.743443,-9.766418,24,['1241']
1247,H,5.161023,2.806426,-9.579621,24,['1241']
1248,H,5.903537,1.696639,-10.773445,24,['1241']
1249,H,7.078757,2.313432,-7.18459,24,['1242']
1250,H,6.355385,0.844452,-6.488287,24,['1242']
1251,H,5.302461,2.204153,-6.988994,24,['1242']
1252,N,2.627614,-2.008321,-7.025648,7,"['1235', '1253', '1256']"
1253,CA,1.389014,-2.766667,-7.091277,8,"['1252', '1254', '1257', '1258']"
1254,C,0.420613,-2.315124,-5.992358,9,"['1253', '1255', '1262']"
1255,O,0.775703,-1.579426,-5.06,11,['1254']
1256,HN,2.802278,-1.539864,-6.124248,10,['1252']
1257,H,0.897338,-2.57567,-8.077901,12,['1253']
1258,C,1.706329,-4.278504,-6.939608,13,"['1253', '1259', '1260', '1261']"
1259,H,0.787861,-4.899034,-7.020697,14,['1258']
1260,H,2.171185,-4.505124,-5.953014,14,['1258']
1261,H,2.402306,-4.625912,-7.736394,14,['1258']
1262,N,-0.834917,-2.798204,-6.109752,7,"['1254', '1263', '1266']"
1263,CA,-1.843949,-2.825591,-5.072086,8,"['1262', '1264', '1267', '1268']"
1264,C,-1.742508,-4.223039,-4.452167,9,"['1263', '1265', '1283']"
1265,O,-1.78308,-5.236871,-5.162974,11,['1264']
1266,HN,-1.094263,-3.324449,-6.955355,10,['1262']
1267,H,-1.606075,-2.058567,-4.300323,12,['1263']
1268,C,-3.272587,-2.577248,-5.627613,70,"['1263', '1269', '1276', '1277']"
1269,C,-3.354905,-1.33453,-6.490396,72,"['1268', '1270', '1271']"
1270,C,-3.49662,-0.061963,-5.911875,73,"['1269', '1272', '1278']"
1271,C,-3.357965,-1.434867,-7.892784,73,"['1269', '1273', '1279']"
1272,C,-3.639422,1.078404,-6.709478,75,"['1270', '1274', '1280']"
1273,C,-3.497575,-0.29527,-8.687077,75,"['1271', '1274', '1281']"
1274,C,-3.654469,0.968007,-8.10557,77,"['1272', '1273', '1275']"
1275,OH,-3.88248,2.06811,-8.874099,78,"['1274', '1282']"
1276,H,-3.997006,-2.488439,-4.785532,71,['1268']
1277,H,-3.614542,-3.454129,-6.220158,71,['1268']
1278,H,-3.511092,0.046914,-4.8155,74,['1270']
1279,H,-3.278486,-2.417154,-8.385409,74,['1271']
1280,H,-3.756443,2.061637,-6.2281,76,['1272']
1281,H,-3.523919,-0.395054,-9.781835,76,['1273']
1282,HO,-3.544682,1.899198,-9.754311,79,['1275']
1283,N,-1.501592,-4.277604,-3.125043,7,"['1264', '1284', '1287']"
1284,CA,-1.346165,-5.508646,-2.360905,8,"['1283', '1285', '1288', '1289']"
1285,C,-2.698491,-5.788691,-1.700553,9,"['1284', '1286', '1302']"
1286,O,-3.349784,-4.866635,-1.195774,11,['1285']
1287,HN,-1.573379,-3.421491,-2.554848,10,['1283']
1288,H,-1.096904,-6.354062,-3.048027,12,['1284']
1289,C,-0.207576,-5.372618,-1.287068,25,"['1284', '1290', '1291', '1293']"
1290,C,1.157569,-4.961273,-1.930491,27,"['1289', '1292', '1294', '1295']"
1291,C,-0.035574,-6.681737,-0.46993,29,"['1289', '1296', '1297', '1298']"
1292,C,1.68909,-5.890901,-3.028573,31,"['1290', '1299', '1300', '1301']"
1293,H,-0.508805,-4.561615,-0.576196,26,['1289']
1294,H,1.919681,-4.882074,-1.116361,28,['1290']
1295,H,1.072876,-3.93574,-2.354675,28,['1290']
1296,H,0.783049,-6.574992,0.285365,30,['1291']
1297,H,0.210306,-7.562671,-1.101125,30,['1291']
1298,H,-0.950168,-6.936154,0.108516,30,['1291']
1299,H,2.698963,-5.568945,-3.36896,32,['1292']
1300,H,1.026703,-5.913492,-3.920608,32,['1292']
1301,H,1.791144,-6.929737,-2.652111,32,['1292']
1302,N,-3.129302,-7.070605,-1.688308,7,"['1285', '1303', '1306']"
1303,CA,-4.329983,-7.546755,-1.029942,8,"['1302', '1304', '1307', '1308']"
1304,C,-3.951184,-8.657393,-0.042452,9,"['1303', '1305', '1323']"
1305,O,-3.105592,-9.515048,-0.323906,11,['1304']
1306,HN,-2.545259,-7.811252,-2.100039,10,['1302']
1307,H,-4.759573,-6.701044,-0.443506,12,['1303']
1308,C,-5.402175,-8.071684,-2.021134,70,"['1303', '1309', '1316', '1317']"
1309,C,-5.899705,-7.027504,-2.997718,72,"['1308', '1310', '1311']"
1310,C,-7.166949,-6.442827,-2.833526,73,"['1309', '1312', '1318']"
1311,C,-5.13746,-6.654273,-4.115888,73,"['1309', '1313', '1319']"
1312,C,-7.668128,-5.519685,-3.753805,75,"['1310', '1314', '1320']"
1313,C,-5.63318,-5.721109,-5.02753,75,"['1311', '1314', '1321']"
1314,C,-6.904258,-5.160428,-4.865921,77,"['1312', '1313', '1315']"
1315,OH,-7.433791,-4.320089,-5.789701,78,"['1314', '1322']"
1316,H,-6.270976,-8.467996,-1.44936,71,['1308']
1317,H,-5.014519,-8.94392,-2.584273,71,['1308']
1318,H,-7.796536,-6.717331,-1.975862,74,['1310']
1319,H,-4.142914,-7.095412,-4.293399,74,['1311']
1320,H,-8.677507,-5.099934,-3.611458,76,['1312']
1321,H,-5.02434,-5.435907,-5.892907,76,['1313']
1322,HO,-6.885674,-4.336796,-6.569895,79,['1315']
1323,N,-4.646213,-8.646164,1.117137,7,"['1304', '1324', '1327']"
1324,CA,-4.587231,-9.562053,2.239461,8,"['1323', '1325', '1328', '1329']"
1325,C,-5.980667,-10.18819,2.377197,9,"['1324', '1326', '1333']"
1326,O,-6.938696,-9.525926,2.783094,11,['1325']
1327,HN,-5.407394,-7.960385,1.218422,10,['1323']
1328,H,-3.817424,-10.350764,2.060295,12,['1324']
1329,C,-4.237943,-8.746617,3.510097,13,"['1324', '1330', '1331', '1332']"
1330,H,-4.270064,-9.376447,4.426118,14,['1329']
1331,H,-4.962768,-7.918024,3.669669,14,['1329']
1332,H,-3.217883,-8.303481,3.450579,14,['1329']
1333,N,-6.119009,-11.468251,1.94921,7,"['1325', '1334', '1337']"
1334,CA,-7.364019,-12.225581,1.883634,8,"['1333', '1335', '1338', '1339']"
1335,C,-8.499038,-11.46786,1.17344,9,"['1334', '1336', '1345']"
1336,O,-9.668446,-11.565856,1.563571,11,['1335']
1337,HN,-5.282023,-12.025322,1.725196,10,['1333']
1338,H,-7.172133,-13.124364,1.248474,12,['1334']
1339,C,-7.812817,-12.702537,3.292405,137,"['1334', '1340', '1343', '1344']"
1340,C,-6.725287,-13.33457,4.127081,139,"['1339', '1341', '1342']"
1341,O,-5.726478,-13.818754,3.561944,140,['1340']
1342,O,-6.875513,-13.359498,5.390528,140,['1340']
1343,H,-8.647634,-13.434358,3.187858,138,['1339']
1344,H,-8.229304,-11.826603,3.835933,138,['1339']
1345,N,-8.146205,-10.726772,0.093495,1,"['1335', '1346', '1349']"
1346,CA,-9.012677,-9.887978,-0.696254,2,"['1345', '1347', '1350', '1351']"
1347,C,-9.277801,-8.440021,-0.280214,3,"['1346', '1348', '1352']"
1348,O,-9.798973,-7.677463,-1.09568,5,['1347']
1349,HN,-7.182498,-10.76683,-0.269272,4,['1345']
1350,H,-8.604869,-9.841391,-1.731956,6,['1346']
1351,H,-10.009389,-10.373542,-0.806796,6,['1346']
1352,N,-8.877267,-7.984698,0.938641,7,"['1347', '1353', '1356']"
1353,CA,-8.908578,-6.564363,1.31866,8,"['1352', '1354', '1357', '1358']"
1354,C,-7.622705,-5.932593,0.778418,9,"['1353', '1355', '1374']"
1355,O,-6.536864,-6.499623,0.922403,11,['1354']
1356,HN,-8.354266,-8.596728,1.580896,10,['1352']
1357,H,-9.780053,-6.068182,0.823221,12,['1353']
1358,C,-8.924687,-6.316339,2.864129,182,"['1353', '1359', '1363', '1364']"
1359,C,-10.310564,-6.185649,3.539008,184,"['1358', '1360', '1365', '1366']"
1360,C,-10.181312,-5.810587,5.040765,186,"['1359', '1361', '1367', '1368']"
1361,C,-9.957941,-4.302467,5.334428,188,"['1360', '1362', '1369', '1370']"
1362,N,-11.158395,-3.61539,5.785756,190,"['1361', '1371', '1372', '1373']"
1363,H,-8.379344,-5.362929,3.059845,183,['1358']
1364,H,-8.31462,-7.107287,3.363371,183,['1358']
1365,H,-10.845271,-7.160235,3.437737,185,['1359']
1366,H,-10.943101,-5.442125,2.996118,185,['1359']
1367,H,-9.33602,-6.389307,5.483786,187,['1360']
1368,H,-11.080944,-6.176701,5.591055,187,['1360']
1369,H,-9.540472,-3.754478,4.460061,189,['1361']
1370,H,-9.20203,-4.198846,6.148807,189,['1361']
1371,HN,-10.91976,-2.696288,6.158324,191,['1362']
1372,HN,-11.607924,-4.140778,6.535569,191,['1362']
1373,HN,-11.85105,-3.435658,5.067,191,['1362']
1374,N,-7.706802,-4.714792,0.193785,7,"['1354', '1375', '1378']"
1375,CA,-6.527601,-4.006312,-0.293571,8,"['1374', '1376', '1379', '1380']"
1376,C,-5.864884,-3.315529,0.90989,9,"['1375', '1377', '1391']"
1377,O,-6.517038,-2.57606,1.650566,11,['1376']
1378,HN,-8.606574,-4.217861,0.141927,10,['1374']
1379,H,-5.824979,-4.756622,-0.73569,12,['1375']
1380,C,-6.907486,-2.942402,-1.36403,175,"['1375', '1381', '1384', '1385']"
1381,C,-5.682542,-2.506035,-2.19731,177,"['1380', '1382', '1386', '1387']"
1382,S,-5.935837,-0.939212,-3.06862,179,"['1381', '1383']"
1383,C,-7.446509,-1.286286,-3.998606,180,"['1382', '1388', '1389', '1390']"
1384,H,-7.386714,-2.073696,-0.855243,176,['1380']
1385,H,-7.680643,-3.362222,-2.048632,176,['1380']
1386,H,-5.424365,-3.312545,-2.921533,178,['1381']
1387,H,-4.785405,-2.404608,-1.546662,178,['1381']
1388,H,-7.63212,-0.456259,-4.71126,181,['1383']
1389,H,-8.312699,-1.371583,-3.307215,181,['1383']
1390,H,-7.332701,-2.233148,-4.568748,181,['1383']
1391,N,-4.533532,-3.511692,1.049032,7,"['1376', '1392', '1395']"
1392,CA,-3.670407,-2.918543,2.05518,8,"['1391', '1393', '1396', '1397']"
1393,C,-3.615026,-1.396438,1.878194,9,"['1392', '1394', '1407']"
1394,O,-3.79704,-0.642835,2.836393,11,['1393']
1395,HN,-4.046275,-4.078002,0.344747,10,['1391']
1396,H,-4.115354,-3.095538,3.062532,12,['1392']
1397,C,-2.227324,-3.542766,2.030302,15,"['1392', '1398', '1399', '1400']"
1398,C,-1.304751,-2.894898,3.095177,17,"['1397', '1401', '1402', '1403']"
1399,C,-2.261817,-5.072945,2.285635,17,"['1397', '1404', '1405', '1406']"
1400,H,-1.792604,-3.358567,1.015125,16,['1397']
1401,H,-0.275343,-3.320727,3.040514,18,['1398']
1402,H,-1.68297,-3.046718,4.131368,18,['1398']
1403,H,-1.196102,-1.79889,2.946369,18,['1398']
1404,H,-1.235715,-5.505505,2.222373,18,['1399']
1405,H,-2.882337,-5.623765,1.545544,18,['1399']
1406,H,-2.652357,-5.314893,3.297827,18,['1399']
1407,N,-3.374383,-0.946459,0.619506,7,"['1393', '1408', '1411']"
1408,CA,-3.254501,0.450767,0.232145,8,"['1407', '1409', '1412', '1413']"
1409,C,-4.459225,1.268928,0.713202,9,"['1408', '1410', '1421']"
1410,O,-4.295782,2.309166,1.357989,11,['1409']
1411,HN,-3.100468,-1.621809,-0.106646,10,['1407']
1412,H,-2.373306,0.870632,0.775876,12,['1408']
1413,C,-3.041703,0.672417,-1.299699,147,"['1408', '1414', '1417', '1418']"
1414,C,-2.077846,-0.269583,-2.016784,149,"['1413', '1415', '1416']"
1415,O,-2.105002,-1.485904,-1.795922,150,['1414']
1416,N,-1.300915,0.272219,-2.976084,151,"['1414', '1419', '1420']"
1417,H,-2.701651,1.72455,-1.444898,148,['1413']
1418,H,-4.010093,0.614034,-1.843782,148,['1413']
1419,HN,-1.309718,1.287135,-3.178033,152,['1416']
1420,HN,-0.67877,-0.349094,-3.510714,152,['1416']
1421,N,-5.695433,0.792311,0.385115,7,"['1409', '1422', '1425']"
1422,CA,-6.930973,1.440214,0.785231,8,"['1421', '1423', '1426', '1427']"
1423,C,-7.10936,1.424705,2.301315,9,"['1422', '1424', '1436']"
1424,O,-7.487674,2.445874,2.875034,11,['1423']
1425,HN,-5.795554,-0.031051,-0.222926,10,['1421']
1426,H,-6.856889,2.519977,0.513657,12,['1422']
1427,C,-8.202977,0.826136,0.127402,153,"['1422', '1428', '1432', '1433']"
1428,C,-9.4505,1.703383,0.373832,155,"['1427', '1429', '1434', '1435']"
1429,C,-10.779321,0.995986,0.485589,157,"['1428', '1430', '1431']"
1430,O,-10.822944,-0.062995,1.179376,158,['1429']
1431,O,-11.808372,1.594555,0.064779,158,['1429']
1432,H,-8.38417,-0.186307,0.565085,154,['1427']
1433,H,-8.080086,0.664173,-0.969281,154,['1427']
1434,H,-9.525626,2.499177,-0.399702,156,['1428']
1435,H,-9.364805,2.246764,1.342883,156,['1428']
1436,N,-6.852598,0.270649,2.961664,7,"['1423', '1437', '1440']"
1437,CA,-7.022891,0.102502,4.396378,8,"['1436', '1438', '1441', '1442']"
1438,C,-6.218563,1.115472,5.22638,9,"['1437', '1439', '1446']"
1439,O,-6.736698,1.672766,6.198402,11,['1438']
1440,HN,-6.569331,-0.569999,2.437273,10,['1436']
1441,H,-8.094549,0.315272,4.633605,12,['1437']
1442,C,-6.703418,-1.352955,4.813294,13,"['1437', '1443', '1444', '1445']"
1443,H,-6.910827,-1.528365,5.888577,14,['1442']
1444,H,-5.634355,-1.602396,4.62082,14,['1442']
1445,H,-7.319983,-2.077128,4.23415,14,['1442']
1446,N,-4.951667,1.390575,4.81843,7,"['1438', '1447', '1450']"
1447,CA,-4.080443,2.395406,5.418532,8,"['1446', '1448', '1451', '1452']"
1448,C,-4.643892,3.810379,5.292186,9,"['1447', '1449', '1465']"
1449,O,-4.679153,4.573418,6.263518,11,['1448']
1450,HN,-4.54534,0.848301,4.042698,10,['1446']
1451,H,-4.010612,2.196802,6.514802,12,['1447']
1452,C,-2.663526,2.398383,4.778751,19,"['1447', '1453', '1456', '1457']"
1453,C,-1.770661,1.203464,5.202167,21,"['1452', '1454', '1455', '1458']"
1454,C,-0.700095,0.980759,4.11127,23,"['1453', '1459', '1460', '1461']"
1455,C,-1.09579,1.504144,6.565044,23,"['1453', '1462', '1463', '1464']"
1456,H,-2.141548,3.350908,5.031757,20,['1452']
1457,H,-2.778019,2.425164,3.666517,20,['1452']
1458,H,-2.391121,0.27661,5.283126,22,['1453']
1459,H,-0.069073,0.095203,4.342757,24,['1454']
1460,H,-0.014146,1.849203,3.993287,24,['1454']
1461,H,-1.165692,0.782273,3.120146,24,['1454']
1462,H,-0.422291,0.671519,6.873731,24,['1455']
1463,H,-1.844168,1.633558,7.378061,24,['1455']
1464,H,-0.47409,2.426837,6.538219,24,['1455']
1465,N,-5.048144,4.183858,4.054178,7,"['1448', '1466', '1469']"
1466,CA,-5.609351,5.484725,3.739921,8,"['1465', '1467', '1470', '1471']"
1467,C,-6.897768,5.720909,4.538059,9,"['1466', '1468', '1481']"
1468,O,-7.104838,6.788553,5.117094,11,['1467']
1469,HN,-4.995439,3.517155,3.270065,10,['1465']
1470,H,-4.896093,6.270566,4.087521,12,['1466']
1471,C,-5.815504,5.647997,2.194291,15,"['1466', '1472', '1473', '1474']"
1472,C,-6.575306,6.942255,1.845363,17,"['1471', '1475', '1476', '1477']"
1473,C,-4.452957,5.679193,1.457505,17,"['1471', '1478', '1479', '1480']"
1474,H,-6.408598,4.769396,1.832631,16,['1471']
1475,H,-6.703819,7.062649,0.74667,18,['1472']
1476,H,-6.057995,7.848001,2.23449,18,['1472']
1477,H,-7.596704,6.929782,2.278651,18,['1472']
1478,H,-4.59186,5.758909,0.356411,18,['1473']
1479,H,-3.862621,4.753769,1.635223,18,['1473']
1480,H,-3.825135,6.542237,1.775411,18,['1473']
1481,N,-7.76252,4.681537,4.612475,7,"['1467', '1482', '1485']"
1482,CA,-9.027346,4.685275,5.312119,8,"['1481', '1483', '1486', '1487']"
1483,C,-8.906122,4.905376,6.820137,9,"['1482', '1484', '1505']"
1484,O,-9.8006,5.509917,7.415523,11,['1483']
1485,HN,-7.547009,3.817479,4.103611,10,['1481']
1486,H,-9.583312,5.580615,4.941341,12,['1482']
1487,C,-9.851297,3.393555,5.00797,202,"['1482', '1488', '1494', '1495']"
1488,C,-11.246777,3.313199,5.666399,204,"['1487', '1489', '1496', '1497']"
1489,C,-12.170687,4.469428,5.216451,206,"['1488', '1490', '1498', '1499']"
1490,N,-13.444468,4.406537,5.913326,208,"['1489', '1491', '1500']"
1491,C,-13.730905,4.919272,7.122907,210,"['1490', '1492', '1493']"
1492,N,-12.804122,5.475605,7.902525,211,"['1491', '1501', '1502']"
1493,N,-15.002418,4.874178,7.522873,211,"['1491', '1503', '1504']"
1494,H,-9.256145,2.506337,5.33637,203,['1487']
1495,H,-9.962632,3.260836,3.906103,203,['1487']
1496,H,-11.122543,3.313406,6.774725,205,['1488']
1497,H,-11.694983,2.329595,5.386585,205,['1488']
1498,H,-12.344953,4.403089,4.118315,207,['1489']
1499,H,-11.702362,5.464979,5.387197,207,['1489']
1500,HN,-14.209332,4.066164,5.308283,209,['1490']
1501,HN,-11.814835,5.528379,7.628591,212,['1492']
1502,HN,-13.073603,5.85938,8.82148,212,['1492']
1503,HN,-15.724892,4.410412,6.957139,212,['1493']
1504,HN,-15.291137,5.441553,8.3377,212,['1493']
1505,N,-7.826009,4.395349,7.466553,7,"['1483', '1506', '1509']"
1506,CA,-7.549793,4.625064,8.877185,8,"['1505', '1507', '1510', '1511']"
1507,C,-6.714272,5.887516,9.153398,9,"['1506', '1508', '1522']"
1508,O,-6.329466,6.133577,10.298097,11,['1507']
1509,HN,-7.130228,3.823569,6.965597,10,['1505']
1510,H,-8.518453,4.822339,9.39597,12,['1506']
1511,C,-6.874533,3.404651,9.5747,167,"['1506', '1512', '1516', '1517']"
1512,C,-7.679725,2.087943,9.526024,169,"['1511', '1513', '1518', '1519']"
1513,C,-8.994344,2.115069,10.293846,171,"['1512', '1514', '1515']"
1514,O,-9.020963,2.296927,11.514805,172,['1513']
1515,N,-10.099368,1.8441,9.566057,173,"['1513', '1520', '1521']"
1516,H,-6.694027,3.651746,10.650377,168,['1511']
1517,H,-5.866874,3.23416,9.12762,168,['1511']
1518,H,-7.064015,1.29634,10.006488,170,['1512']
1519,H,-7.813147,1.758727,8.470088,170,['1512']
1520,HN,-10.038412,1.665528,8.554963,174,['1515']
1521,HN,-11.01741,1.843262,10.035023,174,['1515']
1522,N,-6.388379,6.712972,8.128195,1,"['1507', '1523', '1526']"
1523,CA,-5.571894,7.894044,8.293901,2,"['1522', '1524', '1527', '1528']"
1524,C,-4.100394,7.656276,8.619144,3,"['1523', '1525', '1529']"
1525,O,-3.455285,8.509308,9.234667,5,['1524']
1526,HN,-6.696529,6.554323,7.159681,4,['1522']
1527,H,-5.609408,8.516827,7.37314,6,['1523']
1528,H,-5.987354,8.53194,9.107046,6,['1523']
1529,N,-3.550867,6.477325,8.232928,7,"['1524', '1530', '1533']"
1530,CA,-2.152589,6.10302,8.381733,8,"['1529', '1531', '1534', '1535']"
1531,C,-1.322096,6.294472,7.101884,9,"['1530', '1532', '1548']"
1532,O,-0.094345,6.173919,7.137657,11,['1531']
1533,HN,-4.115288,5.774835,7.73343,10,['1529']
1534,H,-1.665939,6.79549,9.110499,12,['1530']
1535,C,-2.033219,4.641559,8.909304,19,"['1530', '1536', '1539', '1540']"
1536,C,-2.64456,4.450015,10.331496,21,"['1535', '1537', '1538', '1541']"
1537,C,-2.717913,2.945468,10.679508,23,"['1536', '1542', '1543', '1544']"
1538,C,-1.801035,5.184892,11.404283,23,"['1536', '1545', '1546', '1547']"
1539,H,-0.958011,4.344414,8.911149,20,['1535']
1540,H,-2.52389,3.954857,8.17806,20,['1535']
1541,H,-3.686814,4.856158,10.345647,22,['1536']
1542,H,-3.212409,2.7811,11.663797,24,['1537']
1543,H,-1.707252,2.483146,10.732882,24,['1537']
1544,H,-3.309986,2.375263,9.928305,24,['1537']
1545,H,-2.204081,5.014104,12.428112,24,['1538']
1546,H,-1.798447,6.285692,11.248853,24,['1538']
1547,H,-0.737869,4.851443,11.406074,24,['1538']
1548,N,-1.963212,6.660812,5.966352,7,"['1531', '1549', '1552']"
1549,CA,-1.313934,7.056336,4.727483,8,"['1548', '1550', '1553', '1554']"
1550,C,-2.140223,8.167591,4.071577,9,"['1549', '1551', '1558']"
1551,O,-3.369141,8.178671,4.167616,11,['1550']
1552,HN,-2.989143,6.726578,5.917776,10,['1548']
1553,H,-0.294154,7.452574,4.954975,12,['1549']
1554,C,-1.218193,5.849311,3.767062,13,"['1549', '1555', '1556', '1557']"
1555,H,-0.693442,6.135879,2.831057,14,['1554']
1556,H,-2.224564,5.465214,3.483832,14,['1554']
1557,H,-0.651197,5.005749,4.214251,14,['1554']
1558,N,-1.44856,9.099093,3.37147,7,"['1550', '1559', '1562']"
1559,CA,-2.052858,10.091368,2.489888,8,"['1558', '1560', '1563', '1564']"
1560,C,-2.074643,9.480431,1.079182,9,"['1559', '1561', '1580']"
1561,O,-1.21881,8.653682,0.739968,11,['1560']
1562,HN,-0.428826,8.990244,3.266743,10,['1558']
1563,H,-3.108124,10.286685,2.805485,12,['1559']
1564,C,-1.237782,11.426384,2.445517,182,"['1559', '1565', '1569', '1570']"
1565,C,-1.000766,12.130724,3.808345,184,"['1564', '1566', '1571', '1572']"
1566,C,-0.065208,13.362811,3.670581,186,"['1565', '1567', '1573', '1574']"
1567,C,0.237697,14.101095,4.999097,188,"['1566', '1568', '1575', '1576']"
1568,N,1.45694,14.899778,4.923857,190,"['1567', '1577', '1578', '1579']"
1569,H,-1.766974,12.128639,1.754168,183,['1564']
1570,H,-0.254238,11.217422,1.958517,183,['1564']
1571,H,-0.547425,11.400888,4.520659,185,['1565']
1572,H,-1.978739,12.430149,4.252273,185,['1565']
1573,H,-0.504358,14.088258,2.944908,187,['1566']
1574,H,0.892621,13.021294,3.208652,187,['1566']
1575,H,0.37693,13.367142,5.826246,189,['1567']
1576,H,-0.613206,14.755989,5.297956,189,['1567']
1577,HN,1.714752,15.312789,5.816132,191,['1568']
1578,HN,1.476901,15.620124,4.209262,191,['1568']
1579,HN,2.233971,14.279808,4.697652,191,['1568']
1580,N,-3.004464,9.956623,0.21409,7,"['1560', '1581', '1584']"
1581,CA,-2.97147,9.675288,-1.218133,8,"['1580', '1582', '1585', '1586']"
1582,C,-1.868439,10.580307,-1.788649,9,"['1581', '1583', '1596']"
1583,O,-1.861044,11.794352,-1.547283,11,['1582']
1584,HN,-3.667544,10.692226,0.509964,10,['1580']
1585,H,-2.684206,8.604437,-1.367541,12,['1581']
1586,C,-4.350587,9.911234,-1.926469,15,"['1581', '1587', '1588', '1589']"
1587,C,-4.242398,9.659493,-3.454465,17,"['1586', '1590', '1591', '1592']"
1588,C,-5.41532,8.94795,-1.34345,17,"['1586', '1593', '1594', '1595']"
1589,H,-4.671428,10.967838,-1.740643,16,['1586']
1590,H,-5.226582,9.737658,-3.966818,18,['1587']
1591,H,-3.829432,8.64836,-3.677877,18,['1587']
1592,H,-3.570892,10.400455,-3.942002,18,['1587']
1593,H,-6.411495,9.094152,-1.815317,18,['1588']
1594,H,-5.547507,9.111107,-0.25201,18,['1588']
1595,H,-5.129854,7.881524,-1.482484,18,['1588']
1596,N,-0.879031,9.968639,-2.478698,7,"['1582', '1597', '1600']"
1597,CA,0.378715,10.569952,-2.901672,8,"['1596', '1598', '1601', '1602']"
1598,C,1.064397,9.683626,-3.948386,9,"['1597', '1599', '1606']"
1599,O,0.734442,8.509122,-4.097096,11,['1598']
1600,HN,-0.990615,8.984456,-2.758884,10,['1596']
1601,H,0.166588,11.558218,-3.375912,12,['1597']
1602,C,1.27823,10.741175,-1.653413,13,"['1597', '1603', '1604', '1605']"
1603,H,2.283319,11.149737,-1.900199,14,['1602']
1604,H,1.432347,9.770025,-1.132662,14,['1602']
1605,H,0.816082,11.437484,-0.917183,14,['1602']
1606,N,2.056352,10.260241,-4.67404,7,"['1598', '1607', '1610']"
1607,CA,2.788286,9.609953,-5.756457,8,"['1606', '1608', '1611', '1612']"
1608,C,1.864457,9.067422,-6.847426,9,"['1607', '1609', '1627']"
1609,O,1.996534,7.933901,-7.309906,11,['1608']
1610,HN,2.410654,11.186945,-4.402819,10,['1606']
1611,H,3.389576,10.3928,-6.279389,12,['1607']
1612,C,3.751606,8.506271,-5.240592,70,"['1607', '1613', '1620', '1621']"
1613,C,4.780152,9.111434,-4.31721,72,"['1612', '1614', '1615']"
1614,C,5.843064,9.881155,-4.819475,73,"['1613', '1616', '1622']"
1615,C,4.639958,8.977632,-2.930684,73,"['1613', '1617', '1623']"
1616,C,6.736335,10.519485,-3.953516,75,"['1614', '1618', '1624']"
1617,C,5.543825,9.60549,-2.077514,75,"['1615', '1618', '1625']"
1618,C,6.587048,10.39108,-2.569801,77,"['1616', '1617', '1619']"
1619,OH,7.419694,11.043672,-1.711618,78,"['1618', '1626']"
1620,H,4.259199,8.002839,-6.091454,71,['1612']
1621,H,3.170993,7.707097,-4.724048,71,['1612']
1622,H,5.964115,10.023094,-5.905637,74,['1614']
1623,H,3.801843,8.403104,-2.504678,74,['1615']
1624,H,7.544515,11.138469,-4.369195,76,['1616']
1625,H,5.425296,9.524025,-0.993669,76,['1617']
1626,HO,7.164223,10.861955,-0.811557,79,['1619']
1627,N,0.897756,9.916899,-7.264069,7,"['1608', '1628', '1631']"
1628,CA,0.007975,9.616461,-8.363627,8,"['1627', '1629', '1632', '1633']"
1629,C,0.7354,10.055666,-9.647275,9,"['1628', '1630', '1643']"
1630,O,1.189152,11.199977,-9.769954,11,['1629']
1631,HN,0.856853,10.886964,-6.929456,10,['1627']
1632,H,-0.166344,8.512363,-8.395447,12,['1628']
1633,C,-1.382389,10.324218,-8.221248,15,"['1628', '1634', '1635', '1636']"
1634,C,-2.360549,9.734002,-9.264528,17,"['1633', '1637', '1638', '1639']"
1635,C,-1.986295,10.139233,-6.801079,17,"['1633', '1640', '1641', '1642']"
1636,H,-1.255395,11.417527,-8.41793,16,['1633']
1637,H,-3.353797,10.226354,-9.197232,18,['1634']
1638,H,-2.524721,8.643583,-9.126745,18,['1634']
1639,H,-2.0095,9.89471,-10.307524,18,['1634']
1640,H,-3.043459,10.486756,-6.755898,18,['1635']
1641,H,-1.429313,10.721844,-6.034928,18,['1635']
1642,H,-1.977901,9.078035,-6.467997,18,['1635']
1643,N,0.825873,9.112454,-10.614011,7,"['1629', '1644', '1647']"
1644,CA,1.367112,9.278703,-11.956546,8,"['1643', '1645', '1648', '1649']"
1645,C,0.31258,8.710646,-12.910683,9,"['1644', '1646', '1664']"
1646,O,-0.295433,7.675554,-12.612782,11,['1645']
1647,HN,0.375472,8.196476,-10.474561,10,['1643']
1648,H,1.522225,10.364219,-12.169352,12,['1644']
1649,C,2.701739,8.503982,-12.134921,70,"['1644', '1650', '1657', '1658']"
1650,C,3.776691,8.930829,-11.157046,72,"['1649', '1651', '1652']"
1651,C,4.640225,9.99809,-11.461254,73,"['1650', '1653', '1659']"
1652,C,3.951164,8.256463,-9.936752,73,"['1650', '1654', '1660']"
1653,C,5.654479,10.380216,-10.57522,75,"['1651', '1655', '1661']"
1654,C,4.992312,8.605062,-9.072988,75,"['1652', '1655', '1662']"
1655,C,5.841597,9.672628,-9.383202,77,"['1653', '1654', '1656']"
1656,OH,6.875729,10.012662,-8.559268,78,"['1655', '1663']"
1657,H,3.089508,8.627982,-13.173589,71,['1649']
1658,H,2.5374,7.404705,-12.041178,71,['1649']
1659,H,4.553389,10.515263,-12.431583,74,['1651']
1660,H,3.311725,7.398691,-9.673119,74,['1652']
1661,H,6.340565,11.199084,-10.846279,76,['1653']
1662,H,5.160914,8.009481,-8.162652,76,['1654']
1663,HO,7.093563,9.238095,-8.047699,79,['1656']
1664,N,0.025739,9.437244,-14.022587,7,"['1645', '1665', '1668']"
1665,CA,-0.993506,9.004672,-14.97114,8,"['1664', '1666', '1669', '1670']"
1666,C,-0.485355,7.723183,-15.638687,9,"['1665', '1667', '1686']"
1667,O,0.684164,7.640155,-16.011198,11,['1666']
1668,HN,0.640436,10.205721,-14.313689,10,['1664']
1669,H,-1.897496,8.722006,-14.36909,12,['1665']
1670,C,-1.448062,10.083008,-15.9994,182,"['1665', '1671', '1675', '1676']"
1671,C,-0.408621,10.760298,-16.931823,184,"['1670', '1672', '1677', '1678']"
1672,C,-1.078182,11.406325,-18.189624,186,"['1671', '1673', '1679', '1680']"
1673,C,-0.465272,12.744874,-18.666909,188,"['1672', '1674', '1681', '1682']"
1674,N,-1.08449,13.279131,-19.874338,190,"['1673', '1683', '1684', '1685']"
1675,H,-2.008955,10.878394,-15.451953,183,['1670']
1676,H,-2.217173,9.585263,-16.640047,183,['1670']
1677,H,0.335746,9.998481,-17.275032,185,['1671']
1678,H,0.17722,11.514701,-16.359526,185,['1671']
1679,H,-2.160731,11.587957,-17.984443,187,['1672']
1680,H,-1.057101,10.663175,-19.023684,187,['1672']
1681,H,0.628691,12.657533,-18.855541,189,['1673']
1682,H,-0.587296,13.509962,-17.865229,189,['1673']
1683,HN,-0.982944,14.294162,-19.931263,191,['1674']
1684,HN,-2.085017,13.124211,-19.981932,191,['1674']
1685,HN,-0.68216,12.930427,-20.743914,191,['1674']
1686,N,-1.376583,6.712884,-15.727649,1,"['1666', '1687', '1690']"
1687,CA,-1.083749,5.3653,-16.160066,2,"['1686', '1688', '1691', '1692']"
1688,C,-0.866914,4.332058,-15.057032,3,"['1687', '1689', '1693']"
1689,O,-1.032296,3.133358,-15.284539,5,['1688']
1690,HN,-2.340855,6.828918,-15.377215,4,['1686']
1691,H,-1.915612,4.99279,-16.791425,6,['1687']
1692,H,-0.189537,5.353097,-16.824672,6,['1687']
1693,N,-0.592667,4.77834,-13.808375,7,"['1688', '1694', '1697']"
1694,CA,-0.534891,3.938205,-12.62019,8,"['1693', '1695', '1698', '1699']"
1695,C,-1.51849,4.43322,-11.555977,9,"['1694', '1696', '1707']"
1696,O,-1.203213,4.465471,-10.36285,11,['1695']
1697,HN,-0.481848,5.783728,-13.606111,10,['1693']
1698,H,-0.900186,2.913997,-12.873007,12,['1694']
1699,C,0.926203,3.846676,-12.080002,147,"['1694', '1700', '1703', '1704']"
1700,C,1.742411,2.722103,-12.701497,149,"['1699', '1701', '1702']"
1701,O,1.193138,1.836596,-13.359249,150,['1700']
1702,N,3.062053,2.713037,-12.420383,151,"['1700', '1705', '1706']"
1703,H,0.883826,3.653719,-10.985765,148,['1699']
1704,H,1.456021,4.821008,-12.196782,148,['1699']
1705,HN,3.507699,3.485042,-11.905895,152,['1702']
1706,HN,3.618817,1.91415,-12.763215,152,['1702']
1707,N,-2.725924,4.881492,-11.991949,7,"['1695', '1708', '1711']"
1708,CA,-3.721988,5.502715,-11.142416,8,"['1707', '1709', '1712', '1713']"
1709,C,-5.150694,4.966011,-11.30043,9,"['1708', '1710', '1721']"
1710,O,-6.103481,5.700417,-11.005315,11,['1709']
1711,HN,-2.977112,4.857608,-12.989719,10,['1707']
1712,H,-3.471599,5.284867,-10.080717,12,['1708']
1713,C,-3.638058,7.037307,-11.361023,147,"['1708', '1714', '1717', '1718']"
1714,C,-4.264944,7.558985,-12.646865,149,"['1713', '1715', '1716']"
1715,O,-3.944385,7.076245,-13.746689,150,['1714']
1716,N,-5.094321,8.615842,-12.51406,151,"['1714', '1719', '1720']"
1717,H,-2.583579,7.39602,-11.322549,148,['1713']
1718,H,-4.153494,7.524584,-10.501452,148,['1713']
1719,HN,-5.27185,8.999838,-11.569083,152,['1716']
1720,HN,-5.541869,9.049437,-13.330135,152,['1716']
1721,N,-5.336468,3.662973,-11.650379,7,"['1709', '1722', '1725']"
1722,CA,-6.645222,3.030491,-11.810298,8,"['1721', '1723', '1726', '1727']"
1723,C,-7.542222,3.197666,-10.583166,9,"['1722', '1724', '1735']"
1724,O,-8.670808,3.683377,-10.681853,11,['1723']
1725,HN,-4.522152,3.036134,-11.752619,10,['1721']
1726,H,-7.179268,3.559647,-12.635115,12,['1722']
1727,C,-6.569192,1.525116,-12.213472,37,"['1722', '1728', '1729', '1730']"
1728,OH,-6.058935,1.46388,-13.539264,39,"['1727', '1731']"
1729,C,-7.926501,0.792908,-12.252046,41,"['1727', '1732', '1733', '1734']"
1730,H,-5.859416,0.9972,-11.529675,38,['1727']
1731,HO,-5.148194,1.191532,-13.465403,40,['1728']
1732,H,-7.817767,-0.241844,-12.639143,42,['1729']
1733,H,-8.659152,1.326966,-12.899657,42,['1729']
1734,H,-8.388362,0.714761,-11.241739,42,['1729']
1735,N,-7.048857,2.798499,-9.384837,7,"['1723', '1736', '1739']"
1736,CA,-7.818885,2.878176,-8.151024,8,"['1735', '1737', '1740', '1741']"
1737,C,-7.774617,4.235635,-7.431813,9,"['1736', '1738', '1753']"
1738,O,-8.211652,4.315672,-6.280254,11,['1737']
1739,HN,-6.062546,2.507084,-9.30006,10,['1735']
1740,H,-8.902694,2.752246,-8.403338,12,['1736']
1741,C,-7.420386,1.748519,-7.156436,106,"['1736', '1742', '1747', '1748']"
1742,C,-7.692689,0.337058,-7.60575,108,"['1741', '1743', '1744']"
1743,N,-8.914923,-0.121702,-8.045051,109,"['1742', '1745', '1749']"
1744,C,-6.869543,-0.764529,-7.588964,111,"['1742', '1746', '1750']"
1745,C,-8.842872,-1.443652,-8.329206,113,"['1743', '1746', '1751']"
1746,N,-7.590286,-1.833166,-8.053266,115,"['1744', '1745', '1752']"
1747,H,-7.966887,1.897167,-6.197259,107,['1741']
1748,H,-6.340947,1.840717,-6.895663,107,['1741']
1749,HN,-9.800453,0.396587,-8.135346,110,['1743']
1750,H,-5.849886,-0.861225,-7.260187,112,['1744']
1751,H,-9.671049,-2.040766,-8.677792,114,['1745']
1752,HN,-7.2189,-2.790059,-8.147436,116,['1746']
1753,N,-7.280143,5.327203,-8.074243,7,"['1737', '1754', '1757']"
1754,CA,-7.130854,6.638808,-7.464469,8,"['1753', '1755', '1758', '1759']"
1755,C,-8.356327,7.133259,-6.704869,9,"['1754', '1756', '1768']"
1756,O,-8.23569,7.563906,-5.555221,11,['1755']
1757,HN,-6.996795,5.27561,-9.061341,10,['1753']
1758,H,-6.369856,6.528397,-6.652159,12,['1754']
1759,C,-6.590968,7.704512,-8.467721,153,"['1754', '1760', '1764', '1765']"
1760,C,-6.721424,9.168598,-7.997839,155,"['1759', '1761', '1766', '1767']"
1761,C,-5.999255,10.210939,-8.825573,157,"['1760', '1762', '1763']"
1762,O,-5.65077,9.930046,-10.007197,158,['1761']
1763,O,-5.720645,11.302355,-8.256076,158,['1761']
1764,H,-7.095283,7.611034,-9.459152,154,['1759']
1765,H,-5.514315,7.49087,-8.661475,154,['1759']
1766,H,-6.352149,9.251145,-6.949032,156,['1760']
1767,H,-7.80107,9.457287,-7.983828,156,['1760']
1768,N,-9.542123,7.118036,-7.358493,7,"['1755', '1769', '1772']"
1769,CA,-10.764149,7.646051,-6.774757,8,"['1768', '1770', '1773', '1774']"
1770,C,-11.352775,6.776581,-5.657653,9,"['1769', '1771', '1785']"
1771,O,-11.972041,7.31757,-4.741061,11,['1770']
1772,HN,-9.614214,6.705169,-8.298971,10,['1768']
1773,H,-10.503659,8.596214,-6.245323,12,['1769']
1774,C,-11.830319,7.980296,-7.853264,167,"['1769', '1775', '1779', '1780']"
1775,C,-11.362888,9.034735,-8.886122,169,"['1774', '1776', '1781', '1782']"
1776,C,-11.087713,10.423911,-8.325994,171,"['1775', '1777', '1778']"
1777,O,-9.939269,10.875528,-8.292013,172,['1776']
1778,N,-12.17747,11.148755,-8.000878,173,"['1776', '1783', '1784']"
1779,H,-12.769214,8.331026,-7.361238,168,['1774']
1780,H,-12.094867,7.03621,-8.387155,168,['1774']
1781,H,-12.122922,9.135615,-9.692987,170,['1775']
1782,H,-10.438016,8.694797,-9.405553,170,['1775']
1783,HN,-13.121364,10.734094,-8.009961,174,['1778']
1784,HN,-12.082392,12.128358,-7.696954,174,['1778']
1785,N,-11.075867,5.444845,-5.650119,7,"['1770', '1786', '1789']"
1786,CA,-11.373779,4.559838,-4.525358,8,"['1785', '1787', '1790', '1791']"
1787,C,-10.608254,5.026361,-3.280711,9,"['1786', '1788', '1804']"
1788,O,-11.183586,5.182186,-2.202589,11,['1787']
1789,HN,-10.561209,5.011111,-6.427236,10,['1785']
1790,H,-12.45831,4.656207,-4.278123,12,['1786']
1791,C,-11.038336,3.070232,-4.85226,19,"['1786', '1792', '1795', '1796']"
1792,C,-11.300148,2.050288,-3.694329,21,"['1791', '1793', '1794', '1797']"
1793,C,-12.817143,1.833064,-3.47507,23,"['1792', '1798', '1799', '1800']"
1794,C,-10.631662,0.69406,-4.040551,23,"['1792', '1801', '1802', '1803']"
1795,H,-9.958708,3.01441,-5.133881,20,['1791']
1796,H,-11.603189,2.751101,-5.76135,20,['1791']
1797,H,-10.845531,2.421429,-2.741803,22,['1792']
1798,H,-12.997356,1.111588,-2.643117,24,['1793']
1799,H,-13.334102,1.429529,-4.375154,24,['1793']
1800,H,-13.336274,2.770462,-3.177265,24,['1793']
1801,H,-10.799806,-0.053377,-3.230408,24,['1794']
1802,H,-9.530059,0.801797,-4.149127,24,['1794']
1803,H,-11.02662,0.249094,-4.981706,24,['1794']
1804,N,-9.283715,5.275948,-3.443139,7,"['1787', '1805', '1808']"
1805,CA,-8.410736,5.706021,-2.369475,8,"['1804', '1806', '1809', '1810']"
1806,C,-8.729106,7.120694,-1.877757,9,"['1805', '1807', '1823']"
1807,O,-8.671294,7.37101,-0.673584,11,['1806']
1808,HN,-8.849647,5.181232,-4.371718,10,['1804']
1809,H,-8.607026,5.049419,-1.48578,12,['1805']
1810,C,-6.906061,5.609537,-2.743897,19,"['1805', '1811', '1814', '1815']"
1811,C,-6.426568,4.23337,-3.291944,21,"['1810', '1812', '1813', '1816']"
1812,C,-4.895124,4.27935,-3.472696,23,"['1811', '1817', '1818', '1819']"
1813,C,-6.777682,3.070663,-2.344041,23,"['1811', '1820', '1821', '1822']"
1814,H,-6.312855,5.877928,-1.837326,20,['1810']
1815,H,-6.670258,6.40288,-3.495974,20,['1810']
1816,H,-6.898503,4.039825,-4.28574,22,['1811']
1817,H,-4.505147,3.357441,-3.959915,24,['1812']
1818,H,-4.352621,4.398109,-2.50723,24,['1812']
1819,H,-4.608464,5.141379,-4.11282,24,['1812']
1820,H,-6.394667,2.095291,-2.720065,24,['1813']
1821,H,-7.875773,2.946422,-2.217251,24,['1813']
1822,H,-6.335116,3.228684,-1.337412,24,['1813']
1823,N,-9.081914,8.067338,-2.784584,7,"['1806', '1824', '1827']"
1824,CA,-9.474701,9.418614,-2.416182,8,"['1823', '1825', '1828', '1829']"
1825,C,-10.797573,9.472056,-1.644174,9,"['1824', '1826', '1847']"
1826,O,-10.956689,10.331965,-0.777316,11,['1825']
1827,HN,-9.046636,7.854424,-3.789639,10,['1823']
1828,H,-8.729162,9.787688,-1.667712,12,['1824']
1829,C,-9.496305,10.427597,-3.602621,202,"['1824', '1830', '1836', '1837']"
1830,C,-8.099602,10.70697,-4.212205,204,"['1829', '1831', '1838', '1839']"
1831,C,-8.117513,11.902359,-5.190935,206,"['1830', '1832', '1840', '1841']"
1832,N,-6.802936,12.122215,-5.774133,208,"['1831', '1833', '1842']"
1833,C,-5.743858,12.790426,-5.29376,210,"['1832', '1834', '1835']"
1834,N,-5.735488,13.348623,-4.079342,211,"['1833', '1843', '1844']"
1835,N,-4.681581,12.917451,-6.098198,211,"['1833', '1845', '1846']"
1836,H,-9.92833,11.387227,-3.228224,203,['1829']
1837,H,-10.200852,10.071052,-4.39093,203,['1829']
1838,H,-7.731568,9.7923,-4.734673,205,['1830']
1839,H,-7.373723,10.904647,-3.3883,205,['1830']
1840,H,-8.480825,12.824854,-4.685351,207,['1831']
1841,H,-8.846599,11.703972,-6.011496,207,['1831']
1842,HN,-6.695471,11.771756,-6.736863,209,['1832']
1843,HN,-6.520786,13.211422,-3.432026,212,['1834']
1844,HN,-4.949166,13.933306,-3.759559,212,['1834']
1845,HN,-4.724814,12.469009,-7.032185,212,['1835']
1846,HN,-3.840463,13.428237,-5.797827,212,['1835']
1847,N,-11.734794,8.532251,-1.921056,7,"['1825', '1848', '1851']"
1848,CA,-12.954265,8.321928,-1.14835,8,"['1847', '1849', '1852', '1853']"
1849,C,-12.614118,7.905605,0.287542,9,"['1848', '1850', '1869']"
1850,O,-13.123854,8.492726,1.244455,11,['1849']
1851,HN,-11.627993,7.933847,-2.75205,10,['1847']
1852,H,-13.490599,9.297992,-1.063219,12,['1848']
1853,C,-13.870745,7.272811,-1.847431,182,"['1848', '1854', '1858', '1859']"
1854,C,-15.143772,6.841094,-1.08457,184,"['1853', '1855', '1860', '1861']"
1855,C,-16.245626,7.924934,-1.065317,186,"['1854', '1856', '1862', '1863']"
1856,C,-17.615847,7.414241,-0.570124,188,"['1855', '1857', '1864', '1865']"
1857,N,-18.172531,6.32735,-1.375114,190,"['1856', '1866', '1867', '1868']"
1858,H,-13.265654,6.35118,-2.034625,183,['1853']
1859,H,-14.145442,7.645706,-2.863186,183,['1853']
1860,H,-14.894665,6.535839,-0.040093,185,['1854']
1861,H,-15.520919,5.908379,-1.571942,185,['1854']
1862,H,-16.373166,8.357372,-2.087301,187,['1855']
1863,H,-15.919645,8.775334,-0.420433,187,['1855']
1864,H,-18.34565,8.257258,-0.565103,189,['1856']
1865,H,-17.553016,7.06701,0.486257,189,['1856']
1866,HN,-19.147065,6.151552,-1.145849,191,['1857']
1867,HN,-17.672542,5.447224,-1.242737,191,['1857']
1868,HN,-18.129152,6.534955,-2.36988,191,['1857']
1869,N,-11.714268,6.899317,0.42868,7,"['1849', '1870', '1873']"
1870,CA,-11.203185,6.41024,1.699895,8,"['1869', '1871', '1874', '1875']"
1871,C,-10.534236,7.510699,2.530981,9,"['1870', '1872', '1879']"
1872,O,-10.753301,7.6009,3.741536,11,['1871']
1873,HN,-11.387328,6.392402,-0.406907,10,['1869']
1874,H,-12.06808,6.055794,2.31061,12,['1870']
1875,C,-10.220371,5.235374,1.475945,13,"['1870', '1876', '1877', '1878']"
1876,H,-9.796057,4.864544,2.432236,14,['1875']
1877,H,-9.357656,5.534585,0.83847,14,['1875']
1878,H,-10.723148,4.374064,0.977428,14,['1875']
1879,N,-9.70936,8.361701,1.868247,7,"['1871', '1880', '1883']"
1880,CA,-8.994927,9.473443,2.467154,8,"['1879', '1881', '1884', '1885']"
1881,C,-9.963204,10.532632,2.991595,9,"['1880', '1882', '1894']"
1882,O,-9.760068,11.07706,4.078992,11,['1881']
1883,HN,-9.48947,8.174585,0.882651,10,['1879']
1884,H,-8.429326,9.084269,3.347897,12,['1880']
1885,C,-8.027759,10.159435,1.453611,153,"['1880', '1886', '1890', '1891']"
1886,C,-7.053985,11.129734,2.148105,155,"['1885', '1887', '1892', '1893']"
1887,C,-6.330141,12.062093,1.216579,157,"['1886', '1888', '1889']"
1888,O,-7.009664,13.0154,0.719034,158,['1887']
1889,O,-5.087324,11.908999,1.065831,158,['1887']
1890,H,-8.623825,10.714255,0.692347,154,['1885']
1891,H,-7.440729,9.406619,0.880802,154,['1885']
1892,H,-6.306854,10.558624,2.738413,156,['1886']
1893,H,-7.595715,11.767625,2.882884,156,['1886']
1894,N,-11.008031,10.849599,2.187814,7,"['1881', '1895', '1898']"
1895,CA,-12.046746,11.807344,2.503425,8,"['1894', '1896', '1899', '1900']"
1896,C,-12.799474,11.426331,3.773267,9,"['1895', '1897', '1904']"
1897,O,-13.097314,12.294783,4.596892,11,['1896']
1898,HN,-11.079628,10.421007,1.255982,10,['1894']
1899,H,-11.564811,12.792464,2.715944,12,['1895']
1900,C,-13.043383,11.965404,1.329698,13,"['1895', '1901', '1902', '1903']"
1901,H,-13.827182,12.718423,1.559373,14,['1900']
1902,H,-13.555663,11.00308,1.096558,14,['1900']
1903,H,-12.529587,12.301586,0.400793,14,['1900']
1904,N,-13.119831,10.118114,3.939269,7,"['1896', '1905', '1908']"
1905,CA,-13.822701,9.630712,5.108151,8,"['1904', '1906', '1909', '1910']"
1906,C,-12.929853,9.624763,6.357706,9,"['1905', '1907', '1921']"
1907,O,-13.406024,9.921394,7.454995,11,['1906']
1908,HN,-12.924536,9.428299,3.199506,10,['1904']
1909,H,-14.632904,10.365842,5.328493,12,['1905']
1910,C,-14.476512,8.245317,4.857438,167,"['1905', '1911', '1915', '1916']"
1911,C,-15.460507,7.8229,5.969615,169,"['1910', '1912', '1917', '1918']"
1912,C,-16.666756,8.74582,6.154836,171,"['1911', '1913', '1914']"
1913,O,-17.000077,9.5341,5.266496,172,['1912']
1914,N,-17.281803,8.645592,7.352781,173,"['1912', '1919', '1920']"
1915,H,-13.684681,7.469686,4.74009,168,['1910']
1916,H,-15.0337,8.265208,3.891425,168,['1910']
1917,H,-14.923179,7.74151,6.944302,170,['1911']
1918,H,-15.860306,6.806399,5.755156,170,['1911']
1919,HN,-16.93615,7.97049,8.051641,174,['1914']
1920,HN,-18.085268,9.254478,7.569137,174,['1914']
1921,N,-11.60335,9.370191,6.204456,7,"['1906', '1922', '1925']"
1922,CA,-10.614518,9.500733,7.271559,8,"['1921', '1923', '1926', '1927']"
1923,C,-10.403594,10.952528,7.73072,9,"['1922', '1924', '1931']"
1924,O,-10.170632,11.208475,8.918703,11,['1923']
1925,HN,-11.252818,9.00714,5.306369,10,['1921']
1926,H,-10.99858,8.952985,8.167364,12,['1922']
1927,C,-9.251798,8.895783,6.85977,13,"['1922', '1928', '1929', '1930']"
1928,H,-8.542241,8.888267,7.715708,14,['1927']
1929,H,-8.780463,9.467017,6.027609,14,['1927']
1930,H,-9.36172,7.842595,6.5195,14,['1927']
1931,N,-10.50093,11.925237,6.786343,7,"['1923', '1932', '1935']"
1932,CA,-10.450049,13.358302,7.047731,8,"['1931', '1933', '1936', '1937']"
1933,C,-11.704407,13.815785,7.813685,9,"['1932', '1934', '1953']"
1934,O,-11.596981,14.631626,8.730524,11,['1933']
1935,HN,-10.586504,11.656268,5.79822,10,['1931']
1936,H,-9.612478,13.53204,7.76512,12,['1932']
1937,C,-10.206769,14.207542,5.740869,182,"['1932', '1938', '1942', '1943']"
1938,C,-8.963593,15.137312,5.817467,184,"['1937', '1939', '1944', '1945']"
1939,C,-8.451264,15.756035,4.482857,186,"['1938', '1940', '1946', '1947']"
1940,C,-8.185273,14.727236,3.359136,188,"['1939', '1941', '1948', '1949']"
1941,N,-7.372523,15.216793,2.248001,190,"['1940', '1950', '1951', '1952']"
1942,H,-11.115442,14.806591,5.489623,183,['1937']
1943,H,-10.083593,13.506789,4.883742,183,['1937']
1944,H,-8.12354,14.55687,6.267236,185,['1938']
1945,H,-9.169769,15.960572,6.544453,185,['1938']
1946,H,-7.506538,16.308819,4.706083,187,['1939']
1947,H,-9.170272,16.532229,4.126326,187,['1939']
1948,H,-9.151716,14.367516,2.935477,189,['1940']
1949,H,-7.675722,13.832658,3.784129,189,['1940']
1950,HN,-7.268481,14.457012,1.572924,191,['1941']
1951,HN,-6.42349,15.465554,2.503248,191,['1941']
1952,HN,-7.772958,16.003185,1.74914,191,['1941']
1953,N,-12.881921,13.203687,7.498827,7,"['1933', '1954', '1957']"
1954,CA,-14.153115,13.344559,8.201572,8,"['1953', '1955', '1958', '1959']"
1955,C,-14.112517,12.80762,9.637964,9,"['1954', '1956', '1975']"
1956,O,-14.750555,13.386192,10.52643,11,['1955']
1957,HN,-12.919555,12.613762,6.657035,10,['1953']
1958,H,-14.367003,14.434827,8.310752,12,['1954']
1959,C,-15.341661,12.632826,7.458784,182,"['1954', '1960', '1964', '1965']"
1960,C,-16.338494,13.588244,6.769165,184,"['1959', '1961', '1966', '1967']"
1961,C,-15.74769,14.292076,5.523909,186,"['1960', '1962', '1968', '1969']"
1962,C,-16.542084,14.050644,4.223762,188,"['1961', '1963', '1970', '1971']"
1963,N,-16.006043,14.840791,3.124535,190,"['1962', '1972', '1973', '1974']"
1964,H,-15.929258,12.025463,8.19149,183,['1959']
1965,H,-14.97306,11.874101,6.734488,183,['1959']
1966,H,-16.716197,14.342332,7.501504,185,['1960']
1967,H,-17.247324,12.999515,6.487996,185,['1960']
1968,H,-14.692347,13.969961,5.357124,187,['1961']
1969,H,-15.68947,15.385868,5.733096,187,['1961']
1970,H,-17.61754,14.306856,4.351968,189,['1962']
1971,H,-16.492554,12.973326,3.941338,189,['1962']
1972,HN,-16.386703,14.528894,2.231221,191,['1963']
1973,HN,-14.997464,14.759848,3.054188,191,['1963']
1974,HN,-16.20554,15.838558,3.218264,191,['1963']
1975,N,-13.446493,11.650393,9.867701,7,"['1955', '1976', '1979']"
1976,CA,-13.325068,10.986489,11.157702,8,"['1975', '1977', '1980', '1981']"
1977,C,-12.171749,11.49125,12.040235,9,"['1976', '1978', '1990']"
1978,O,-12.137252,11.178901,13.2317,11,['1977']
1979,HN,-13.041729,11.136026,9.073768,10,['1975']
1980,H,-14.230037,11.21973,11.768143,12,['1976']
1981,C,-13.264934,9.437688,10.980726,153,"['1976', '1982', '1986', '1987']"
1982,C,-14.588068,8.820627,10.461226,155,"['1981', '1983', '1988', '1989']"
1983,C,-14.532548,7.361023,10.078196,157,"['1982', '1984', '1985']"
1984,O,-13.52393,6.664955,10.366092,158,['1983']
1985,O,-15.468815,6.858234,9.402856,158,['1983']
1986,H,-12.987463,8.951188,11.946211,154,['1981']
1987,H,-12.447816,9.177271,10.268078,154,['1981']
1988,H,-14.935574,9.379867,9.563134,156,['1982']
1989,H,-15.392933,8.935026,11.222334,156,['1982']
1990,N,-11.260983,12.341496,11.490103,7,"['1977', '1991', '1994']"
1991,CA,-10.097419,12.904054,12.164763,8,"['1990', '1992', '1995', '1996']"
1992,C,-9.151996,11.793298,12.655378,9,"['1991', '1993', '2012']"
1993,O,-8.682242,11.814482,13.795251,11,['1992']
1994,HN,-11.285491,12.55538,10.484579,10,['1990']
1995,H,-9.497455,13.463717,11.407805,12,['1991']
1996,C,-10.476229,13.880161,13.327892,182,"['1991', '1997', '2001', '2002']"
1997,C,-11.255905,15.15972,12.935172,184,"['1996', '1998', '2003', '2004']"
1998,C,-10.386582,16.284088,12.317223,186,"['1997', '1999', '2005', '2006']"
1999,C,-9.430872,17.018951,13.288752,188,"['1998', '2000', '2007', '2008']"
2000,N,-8.561074,18.002664,12.645108,190,"['1999', '2009', '2010', '2011']"
2001,H,-9.560591,14.163004,13.891715,183,['1996']
2002,H,-11.076899,13.308926,14.076069,183,['1996']
2003,H,-11.756927,15.559253,13.851236,185,['1997']
2004,H,-12.075874,14.879391,12.234365,185,['1997']
2005,H,-11.06478,17.042412,11.857507,187,['1998']
2006,H,-9.806733,15.851496,11.47502,187,['1998']
2007,H,-8.777956,16.302809,13.828362,189,['1999']
2008,H,-10.024241,17.543693,14.072682,189,['1999']
2009,HN,-7.999648,18.501701,13.328306,191,['2000']
2010,HN,-9.076023,18.687127,12.096834,191,['2000']
2011,HN,-7.880235,17.625373,11.987551,191,['2000']
2012,N,-8.941304,10.733195,11.835139,7,"['1992', '2013', '2016']"
2013,CA,-8.147346,9.582654,12.247989,8,"['2012', '2014', '2017', '2018']"
2014,C,-6.65811,9.89082,12.062564,9,"['2013', '2015', '2031']"
2015,O,-6.226484,10.272855,10.969814,11,['2014']
2016,HN,-9.276166,10.741316,10.860149,10,['2012']
2017,H,-8.33383,9.397532,13.335993,12,['2013']
2018,C,-8.502651,8.29529,11.452688,19,"['2013', '2019', '2022', '2023']"
2019,C,-9.978316,7.835855,11.589841,21,"['2018', '2020', '2021', '2024']"
2020,C,-10.20095,6.570069,10.729994,23,"['2019', '2025', '2026', '2027']"
2021,C,-10.355361,7.532403,13.061608,23,"['2019', '2028', '2029', '2030']"
2022,H,-7.822757,7.473682,11.786413,20,['2018']
2023,H,-8.256227,8.455243,10.376708,20,['2018']
2024,H,-10.635536,8.649524,11.206407,22,['2019']
2025,H,-11.269032,6.261726,10.745737,24,['2020']
2026,H,-9.613173,5.700672,11.100243,24,['2020']
2027,H,-9.939404,6.739049,9.660989,24,['2020']
2028,H,-11.383214,7.107249,13.139731,24,['2021']
2029,H,-10.354715,8.450168,13.691957,24,['2021']
2030,H,-9.662332,6.796817,13.52834,24,['2021']
2031,N,-5.867945,9.590118,13.122918,7,"['2014', '2032', '2035']"
2032,CA,-4.415661,9.578848,13.183452,8,"['2031', '2033', '2036', '2037']"
2033,C,-3.800565,10.828791,12.547171,9,"['2032', '2034', '2045']"
2034,O,-3.804349,11.893074,13.175662,11,['2033']
2035,HN,-6.313199,9.308101,14.009844,10,['2031']
2036,H,-4.139673,9.683979,14.261498,12,['2032']
2037,C,-3.877711,8.20843,12.70394,147,"['2032', '2038', '2041', '2042']"
2038,C,-4.362244,7.062684,13.59466,149,"['2037', '2039', '2040']"
2039,O,-4.118559,7.059557,14.798267,150,['2038']
2040,N,-5.100361,6.106424,12.993723,151,"['2038', '2043', '2044']"
2041,H,-2.765569,8.206146,12.750987,148,['2037']
2042,H,-4.144269,8.018976,11.638741,148,['2037']
2043,HN,-5.335197,6.166522,11.993515,152,['2040']
2044,HN,-5.455232,5.315404,13.546529,152,['2040']
2045,N,-3.279599,10.763989,11.290674,7,"['2033', '2046', '2049']"
2046,CA,-2.63218,11.877815,10.590323,8,"['2045', '2047', '2050', '2051']"
2047,C,-3.52425,13.132998,10.48609,9,"['2046', '2048', '2064']"
2048,O,-3.0129,14.260595,10.399269,11,['2047']
2049,HN,-3.465705,9.93265,10.712124,10,['2045']
2050,H,-1.756961,12.201635,11.204116,12,['2046']
2051,C,-2.092013,11.433286,9.170459,25,"['2046', '2052', '2053', '2055']"
2052,C,-0.929706,10.395243,9.323557,27,"['2051', '2054', '2056', '2057']"
2053,C,-1.584223,12.61606,8.301289,29,"['2051', '2058', '2059', '2060']"
2054,C,-0.556439,9.688463,8.007674,31,"['2052', '2061', '2062', '2063']"
2055,H,-2.948496,10.95288,8.629901,26,['2051']
2056,H,-1.229515,9.606117,10.051815,28,['2052']
2057,H,-0.024404,10.872702,9.765646,28,['2052']
2058,H,-1.219697,12.281882,7.306898,30,['2053']
2059,H,-0.759852,13.173099,8.800796,30,['2053']
2060,H,-2.398765,13.342887,8.091606,30,['2053']
2061,H,0.054085,8.783082,8.214405,32,['2054']
2062,H,0.037498,10.339032,7.328295,32,['2054']
2063,H,-1.460248,9.350361,7.45479,32,['2054']
2064,N,-4.867267,12.942684,10.420993,7,"['2047', '2065', '2068']"
2065,CA,-5.875076,13.976082,10.259391,8,"['2064', '2066', '2069', '2070']"
2066,C,-6.487416,14.517383,11.569207,9,"['2065', '2067', '2088']"
2067,O,-7.402601,15.358035,11.518113,11,['2066']
2068,HN,-5.250744,11.989568,10.500437,10,['2064']
2069,H,-5.390815,14.876154,9.808188,12,['2065']
2070,C,-6.990769,13.477522,9.287192,89,"['2065', '2071', '2080', '2081']"
2071,C,-6.446046,12.87681,7.989443,91,"['2070', '2072', '2073']"
2072,C,-6.547565,11.530971,7.624467,92,"['2071', '2074', '2082']"
2073,C,-5.773904,13.516947,6.96622,94,"['2071', '2075', '2076']"
2074,N,-5.973349,11.39501,6.384587,95,"['2072', '2075', '2083']"
2075,C,-5.498141,12.600976,5.972387,97,"['2073', '2074', '2077']"
2076,C,-5.389969,14.855338,6.840327,98,"['2073', '2078', '2084']"
2077,C,-4.857635,12.937526,4.784749,100,"['2075', '2079', '2085']"
2078,C,-4.728192,15.234458,5.650814,102,"['2076', '2079', '2086']"
2079,C,-4.472958,14.285815,4.629293,104,"['2077', '2078', '2087']"
2080,H,-7.670327,14.317735,9.023711,90,['2070']
2081,H,-7.628154,12.714348,9.794713,90,['2070']
2082,H,-6.994718,10.690486,8.177637,93,['2072']
2083,HN,-5.912003,10.513752,5.853622,96,['2074']
2084,H,-5.60496,15.598932,7.630064,99,['2076']
2085,H,-4.661626,12.192646,3.990436,101,['2077']
2086,H,-4.405025,16.284762,5.515817,103,['2078']
2087,H,-3.958169,14.59948,3.699953,105,['2079']
2088,N,-6.014007,14.044674,12.755835,7,"['2066', '2089', '2092']"
2089,CA,-6.430897,14.494129,14.079499,8,"['2088', '2090', '2093', '2094']"
2090,C,-5.816905,15.859174,14.381951,233,"['2089', '2091', '2099']"
2091,O,-4.60463,16.032452,14.057121,234,['2090']
2092,HN,-5.365817,13.246715,12.772073,10,['2088']
2093,H,-7.538244,14.637819,14.071158,12,['2089']
2094,C,-6.102115,13.477514,15.207444,33,"['2089', '2095', '2096', '2097']"
2095,OH,-4.700012,13.2755,15.342585,35,"['2094', '2098']"
2096,H,-6.601913,12.507189,15.010666,34,['2094']
2097,H,-6.494965,13.843064,16.187146,34,['2094']
2098,HO,-4.471602,12.526283,14.792007,36,['2095']
2099,O,-6.551744,16.748348,14.897189,234,['2090']
