atom_number,atom_name,x,y,z,atom_type,bonds,Multipole_Atoms,Dipole_Vector
1,N,-7.864333,-15.285718,-9.216007,231,"['2', '5', '6', '7']","2, 5, 6, 1","-0.050890, 0.069947, -0.140627"
2,CA,-7.06831,-15.736537,-8.067962,8,"['1', '3', '8', '9']","1, 3, 7, 3","0.153999, -0.319211, 0.146444"
3,C,-5.672283,-15.101781,-8.153439,9,"['2', '4', '25']","2, 4, 7","0.335286, 0.230459, 0.176150"
4,O,-5.028106,-15.158966,-9.204213,11,['3'],3,"-0.046384, -0.057531, 0.151468"
5,H,-8.733673,-15.79059,-9.339187,232,['1'],1,"-0.136633, 0.008851, -0.102940"
6,H,-7.342329,-15.391019,-10.081344,232,['1'],1,"0.087433, 0.081382, -0.200330"
7,H,-8.110899,-14.30422,-9.176809,232,['1'],1,"-0.132727, 0.247228, -0.262827"
8,H,-7.602411,-15.374176,-7.15855,12,['2'],2,"-0.125776, 0.089801, 0.344602"
9,C,-6.977119,-17.302907,-8.044843,182,"['2', '10', '14', '15']","2, 4, 9, 7","0.319728, -0.859528, 0.228185"
10,C,-6.842747,-18.00743,-6.657126,184,"['9', '11', '16', '17']","3, 5, 6, 8","-0.031271, -0.017160, 0.128701"
11,C,-5.671506,-17.530386,-5.771329,186,"['10', '12', '18', '19']","4, 6, 9, 8","0.265394, 0.276882, -0.284381"
12,C,-5.205762,-18.409406,-4.58087,188,"['11', '13', '20', '21']","5, 8, 9, 7","-0.082363, 0.080310, 0.201735"
13,N,-6.175631,-18.618552,-3.506973,190,"['12', '22', '23', '24']","6, 6, 8, 9","-0.023878, 0.067622, 0.170684"
14,H,-6.143522,-17.62761,-8.719016,183,['9'],3,"0.170004, -0.064474, -0.160641"
15,H,-7.893029,-17.723551,-8.525701,183,['9'],3,"0.060034, -0.101243, 0.065668"
16,H,-6.724281,-19.101655,-6.85422,185,['10'],4,"0.027576, -0.053726, 0.003587"
17,H,-7.803308,-17.89618,-6.096121,185,['10'],4,"-0.108052, 0.085744, 0.038780"
18,H,-5.895031,-16.50963,-5.379839,187,['11'],5,"0.094044, 0.106915, 0.117846"
19,H,-4.777094,-17.404217,-6.429909,187,['11'],5,"0.155525, 0.080952, 0.015136"
20,H,-4.302874,-17.937918,-4.121647,189,['12'],6,"0.079837, 0.014153, 0.095498"
21,H,-4.860413,-19.403089,-4.951809,189,['12'],6,"0.021144, -0.000993, 0.065854"
22,HN,-5.738033,-19.082191,-2.713282,191,['13'],8,"0.055697, 0.045701, 0.094493"
23,HN,-6.956397,-19.20022,-3.793242,191,['13'],8,"0.072723, 0.059124, 0.058313"
24,HN,-6.559321,-17.760952,-3.108877,191,['13'],8,"-0.064506, 0.118529, 0.187300"
25,N,-5.2243,-14.447968,-7.053588,7,"['3', '26', '29']","3, 6, 8","0.038320, 0.118190, 0.230997"
26,CA,-3.906556,-13.825908,-6.923264,8,"['25', '27', '30', '31']","7, 8, 9, 8","-0.252982, 0.575764, 0.001769"
27,C,-3.019595,-14.75276,-6.076582,9,"['26', '28', '44']","6, 9, 9","0.148618, 0.278884, -0.093498"
28,O,-3.511509,-15.649827,-5.393347,11,['27'],8,"0.168582, 0.160894, -0.053074"
29,HN,-5.741724,-14.503192,-6.164194,10,['25'],7,"-0.002434, -0.004305, 0.218741"
30,H,-3.432239,-13.719026,-7.930801,12,['26'],6,"0.128792, 0.034711, -0.346099"
31,C,-4.021569,-12.438455,-6.231736,19,"['26', '32', '35', '36']","6, 9, 10, 11","-0.014134, 0.393829, 0.167106"
32,C,-5.098804,-11.462466,-6.787978,21,"['31', '33', '34', '37']","8, 8, 9, 7","0.044390, 0.038384, -0.019939"
33,C,-4.971016,-10.083111,-6.087678,23,"['32', '38', '39', '40']","9, 6, 10, 11","-0.018551, 0.056738, 0.081618"
34,C,-4.952471,-11.290118,-8.317926,23,"['32', '41', '42', '43']","9, 8, 9, 8","0.054016, 0.047231, -0.025328"
35,H,-3.021203,-11.944296,-6.276441,20,['31'],8,"0.011134, 0.060144, 0.017284"
36,H,-4.214669,-12.598444,-5.141859,20,['31'],8,"0.042736, 0.095565, 0.193947"
37,H,-6.114358,-11.876372,-6.573303,22,['32'],9,"0.057736, 0.029485, -0.014296"
38,H,-5.73967,-9.366488,-6.452299,24,['33'],8,"-0.003758, -0.006160, -0.029849"
39,H,-3.977024,-9.61048,-6.25809,24,['33'],8,"0.013084, -0.013611, -0.018939"
40,H,-5.109412,-10.171968,-4.985373,24,['33'],8,"0.043807, -0.042580, 0.076597"
41,H,-5.653954,-10.5175,-8.706868,24,['34'],9,"-0.006836, 0.033400, 0.022549"
42,H,-5.175215,-12.225632,-8.874731,24,['34'],9,"0.032344, 0.044127, 0.003615"
43,H,-3.919915,-10.982663,-8.600531,24,['34'],9,"0.118242, 0.039892, 0.014698"
44,N,-1.686515,-14.536183,-6.126691,7,"['27', '45', '48']","8, 12, 7","0.047208, 0.168332, -0.026809"
45,CA,-0.692502,-15.284347,-5.360746,8,"['44', '46', '49', '50']","9, 13, 14, 15","-0.383526, -0.364356, -0.183987"
46,C,0.334878,-14.266461,-4.851832,9,"['45', '47', '62']","12, 12, 9","0.059470, -0.264729, 0.238862"
47,O,0.560108,-13.24265,-5.503069,11,['46'],13,"0.149271, -0.119730, 0.168082"
48,HN,-1.303138,-13.688564,-6.569695,10,['44'],9,"0.199819, 0.212142, 0.026882"
49,H,-1.186829,-15.761843,-4.476127,12,['45'],12,"-0.218712, -0.211699, 0.315153"
50,C,-0.009316,-16.376716,-6.229725,106,"['45', '51', '56', '57']","12, 7, 9, 16","0.180868, -0.232299, -0.253475"
51,C,0.781978,-15.854468,-7.411166,108,"['50', '52', '53']","15, 3, 5","0.194215, 0.081302, -0.105964"
52,N,0.185535,-15.263569,-8.501033,109,"['51', '54', '58']","7, 6, 9","0.200237, 0.029135, -0.041433"
53,C,2.130154,-15.699021,-7.567624,111,"['51', '55', '59']","7, 16, 16","0.185065, 0.141055, -0.195397"
54,C,1.124517,-14.724856,-9.299497,113,"['52', '55', '60']","3, 16, 6","0.338602, 0.035376, -0.031477"
55,N,2.31498,-14.965677,-8.70983,115,"['53', '54', '61']","5, 6, 8","0.336943, 0.175989, -0.108807"
56,H,-0.757125,-17.115649,-6.592483,107,['50'],15,"0.056351, 0.033046, 0.047178"
57,H,0.685541,-16.979166,-5.601117,107,['50'],15,"0.002453, -0.046113, -0.060931"
58,HN,-0.82775,-15.18442,-8.671877,110,['52'],3,"0.122784, -0.031498, 0.001293"
59,H,2.940581,-15.998,-6.908343,112,['53'],5,"-0.016685, -0.025886, -0.010931"
60,H,0.966038,-14.134585,-10.187609,114,['54'],6,"-0.052136, 0.107085, -0.022208"
61,HN,3.202061,-14.557231,-9.035968,116,['55'],16,"0.524612, 0.434309, -0.001315"
62,N,0.912848,-14.535275,-3.658886,7,"['46', '63', '66']","13, 17, 17","0.013513, -0.134167, 0.128554"
63,CA,1.939622,-13.714639,-3.025014,8,"['62', '64', '67', '68']","9, 17, 18, 17","-0.387644, 0.065798, 0.193244"
64,C,3.306427,-14.263159,-3.456235,9,"['63', '65', '84']","17, 18, 18","0.141890, 0.317658, 0.021501"
65,O,3.482163,-15.479106,-3.540784,11,['64'],17,"0.001724, 0.174176, -0.011229"
66,HN,0.775241,-15.458303,-3.224091,10,['62'],9,"0.036714, -0.151150, 0.063973"
67,H,1.849821,-12.657814,-3.381474,12,['63'],17,"0.025632, 0.392717, -0.175454"
68,C,1.802842,-13.783499,-1.47269,182,"['63', '69', '73', '74']","17, 18, 17, 18","0.069021, 0.036645, 0.182385"
69,C,0.500481,-13.131057,-0.939013,184,"['68', '70', '75', '76']","17, 8, 17, 18","0.080111, 0.025459, -0.132488"
70,C,0.350765,-13.255287,0.593177,186,"['69', '71', '77', '78']","18, 9, 17, 19","0.443921, -0.031186, -0.303581"
71,C,-1.065809,-12.951832,1.133047,188,"['70', '72', '79', '80']","8, 17, 20, 8","0.238518, 0.072597, 0.337790"
72,N,-1.085239,-12.858425,2.589703,190,"['71', '81', '82', '83']","9, 9, 17, 17","0.145114, -0.034164, 0.242419"
73,H,2.681561,-13.28154,-1.0126,183,['68'],17,"0.026434, -0.039835, 0.017881"
74,H,1.888,-14.84439,-1.133434,183,['68'],17,"0.094870, -0.028950, 0.035173"
75,H,-0.379432,-13.581364,-1.454322,185,['69'],18,"0.009531, 0.030215, -0.059601"
76,H,0.493719,-12.049057,-1.213785,185,['69'],18,"0.003356, 0.037906, 0.007956"
77,H,1.090518,-12.57322,1.077031,187,['70'],8,"0.193595, 0.018179, 0.079420"
78,H,0.646584,-14.283544,0.916697,187,['70'],8,"0.126702, -0.058893, 0.069844"
79,H,-1.758966,-13.768383,0.825615,189,['71'],9,"0.037664, 0.118708, 0.081752"
80,H,-1.475617,-12.009819,0.707669,189,['71'],9,"-0.026200, 0.049216, 0.061733"
81,HN,-1.950083,-13.192767,3.003599,191,['72'],17,"0.101079, 0.039962, 0.006283"
82,HN,-0.933242,-11.910359,2.925994,191,['72'],17,"-0.001163, 0.008174, 0.020074"
83,HN,-0.337034,-13.443554,2.969551,191,['72'],17,"0.316627, -0.299392, 0.184584"
84,N,4.276424,-13.359484,-3.733533,7,"['64', '85', '88']","17, 17, 21","-0.048835, 0.299856, -0.007771"
85,CA,5.637861,-13.666087,-4.149746,8,"['84', '86', '89', '90']","18, 18, 8, 9","-0.432283, -0.076125, -0.458623"
86,C,6.61107,-12.961027,-3.201942,9,"['85', '87', '99']","17, 17, 23","0.050610, -0.346125, -0.219051"
87,O,6.370944,-11.818932,-2.798802,11,['86'],18,"0.256456, -0.393644, -0.099215"
88,HN,4.09316,-12.351326,-3.637711,10,['84'],18,"-0.063216, 0.435141, -0.047443"
89,H,5.787642,-14.77116,-4.088056,12,['85'],17,"0.045482, -0.395600, 0.023066"
90,C,5.903126,-13.17293,-5.606245,153,"['85', '91', '95', '96']","17, 22, 24, 25","-0.160238, -0.162144, -0.440338"
91,C,4.859109,-13.707414,-6.602111,155,"['90', '92', '97', '98']","9, 22, 22, 22","0.161967, 0.293418, 0.583633"
92,C,5.325518,-13.829077,-8.03859,157,"['91', '93', '94']","22, 23, 22","-0.007952, 0.101411, 0.435714"
93,O,6.258612,-14.622096,-8.294805,158,['92'],22,"0.253004, 0.447388, 0.253519"
94,O,4.556387,-13.37378,-8.933703,158,['92'],22,"0.520595, 0.545748, 0.177036"
95,H,6.914198,-13.529238,-5.914595,154,['90'],9,"0.049820, -0.024405, 0.000295"
96,H,5.941029,-12.059303,-5.661784,154,['90'],9,"0.027956, 0.038199, 0.083708"
97,H,3.93327,-13.089393,-6.543737,156,['91'],22,"-0.090852, 0.055460, 0.101837"
98,H,4.578389,-14.73909,-6.292535,156,['91'],22,"-0.027924, -0.043356, 0.077861"
99,N,7.712957,-13.640876,-2.782409,50,"['86', '100', '106']","18, 22, 8","0.058190, -0.196631, -0.078264"
100,CA,8.666293,-13.033637,-1.866014,51,"['99', '101', '103', '104']","23, 23, 23, 22","-0.217322, -0.347252, 0.476043"
101,C,9.369489,-11.828158,-2.489694,52,"['100', '102', '113']","22, 22, 28","-0.019622, 0.058024, 0.288599"
102,O,9.641304,-11.791451,-3.688848,53,['101'],23,"-0.066940, -0.052483, 0.247151"
103,H,8.148516,-12.71327,-0.926295,54,['100'],22,"-0.191903, 0.105801, 0.315447"
104,C,9.662904,-14.177573,-1.575689,55,"['100', '105', '107', '108']","22, 23, 9, 26","0.451003, -0.349275, -0.029427"
105,C,9.693085,-14.927925,-2.9079,57,"['104', '106', '109', '110']","22, 8, 24, 25","0.254614, -0.140232, -0.097142"
106,C,8.213283,-14.899895,-3.312965,59,"['99', '105', '111', '112']","23, 23, 26, 27","0.299669, -0.248012, -0.159980"
107,H,9.272515,-14.837617,-0.764563,56,['104'],22,"-0.145113, -0.059111, 0.049561"
108,H,10.660708,-13.803889,-1.265021,56,['104'],22,"-0.120305, 0.080921, -0.094331"
109,H,10.090386,-15.963995,-2.84102,58,['105'],23,"-0.047405, -0.074840, -0.069344"
110,H,10.307304,-14.377141,-3.662718,58,['105'],23,"0.032871, 0.095335, -0.197584"
111,H,7.664476,-15.760711,-2.865385,60,['106'],8,"-0.033361, -0.052416, 0.004911"
112,H,8.11308,-14.979724,-4.419017,60,['106'],8,"0.008496, -0.038546, -0.091838"
113,N,9.720701,-10.855241,-1.624191,7,"['101', '114', '117']","23, 27, 8","-0.166299, -0.145426, 0.167368"
114,CA,10.507129,-9.682087,-1.955735,8,"['113', '115', '118', '119']","28, 24, 9, 26","-0.508036, -0.102550, -0.423369"
115,C,11.247331,-9.265852,-0.687313,9,"['114', '116', '123']","27, 25, 27","0.156423, 0.058249, -0.309248"
116,O,10.714615,-9.401513,0.408773,11,['115'],24,"0.162930, 0.016913, -0.103685"
117,HN,9.439617,-10.904713,-0.632133,10,['113'],28,"-0.076348, 0.067517, 0.319176"
118,H,11.25137,-9.9464,-2.745706,12,['114'],27,"0.240420, -0.084078, -0.268693"
119,C,9.5681,-8.554981,-2.443652,13,"['114', '120', '121', '122']","27, 24, 25, 26","-0.114660, 0.083076, -0.112435"
120,H,10.144971,-7.666081,-2.777132,14,['119'],26,"0.009513, -0.037103, 0.007073"
121,H,8.876075,-8.229924,-1.63462,14,['119'],26,"0.030948, -0.048812, 0.032145"
122,H,8.949252,-8.893446,-3.305528,14,['119'],26,"0.015158, -0.059417, 0.013132"
123,N,12.497153,-8.78449,-0.817333,7,"['115', '124', '127']","24, 28, 8","0.122176, -0.088569, -0.210339"
124,CA,13.292468,-8.295667,0.297687,8,"['123', '125', '128', '129']","27, 27, 9, 26","-0.250039, -0.623693, -0.040654"
125,C,13.214336,-6.769347,0.286018,9,"['124', '126', '137']","28, 29, 8","0.083063, -0.312860, 0.386472"
126,O,13.216441,-6.140013,-0.780517,11,['125'],27,"-0.036637, -0.143200, 0.557765"
127,HN,12.908874,-8.661283,-1.753386,10,['123'],27,"0.066327, 0.054795, -0.292876"
128,H,12.868034,-8.672823,1.263728,12,['124'],28,"-0.181277, -0.241398, 0.450784"
129,C,14.75834,-8.799381,0.170565,37,"['124', '130', '131', '132']","28, 29, 26, 27","0.479045, 0.099769, 0.430800"
130,OH,14.715126,-10.228574,0.191923,39,"['129', '133']","26, 28","-0.141346, 0.297909, -0.447808"
131,C,15.648803,-8.36118,1.342655,41,"['129', '134', '135', '136']","26, 27, 24, 25","0.268092, 0.230711, 0.213303"
132,H,15.197496,-8.461722,-0.799265,38,['129'],26,"-0.046641, -0.005266, -0.011370"
133,HO,14.537987,-10.50783,-0.707897,40,['130'],29,"-0.055337, -0.032533, -0.303723"
134,H,16.663318,-8.811398,1.278432,42,['131'],26,"-0.011747, 0.015083, 0.003563"
135,H,15.22001,-8.632824,2.333381,42,['131'],26,"-0.025054, 0.005508, 0.043685"
136,H,15.800635,-7.255682,1.351414,42,['131'],26,"0.068418, 0.132155, 0.073458"
137,N,13.144897,-6.123868,1.473817,7,"['125', '138', '141']","27, 9, 8","0.006471, -0.109769, 0.272296"
138,CA,13.165009,-4.665854,1.553501,8,"['137', '139', '142', '143']","8, 30, 9, 32","-0.375033, -0.302739, 0.469250"
139,C,14.559908,-4.180192,1.144301,9,"['138', '140', '156']","9, 31, 9","-0.106201, 0.040958, -0.019928"
140,O,15.562998,-4.706505,1.607843,11,['139'],30,"-0.035602, 0.049322, 0.070906"
141,HN,13.191997,-6.64803,2.359822,10,['137'],8,"0.040187, -0.112176, 0.174172"
142,H,12.413778,-4.271067,0.829542,12,['138'],9,"-0.210810, 0.082344, -0.199374"
143,C,12.828243,-4.149802,2.982148,19,"['138', '144', '147', '148']","9, 33, 8, 9","-0.050855, 0.122600, 0.246897"
144,C,12.859715,-2.592801,3.118013,21,"['143', '145', '146', '149']","32, 34, 35, 3","0.080673, -0.031825, 0.078278"
145,C,11.727974,-1.934808,2.290246,23,"['144', '150', '151', '152']","33, 5, 1, 4","0.060082, -0.053435, 0.063270"
146,C,12.714646,-2.198575,4.601773,23,"['144', '153', '154', '155']","33, 8, 9, 8","0.066707, -0.033470, 0.080070"
147,H,13.574652,-4.59036,3.689201,20,['143'],32,"0.091309, -0.015188, 0.031061"
148,H,11.837245,-4.54736,3.309813,20,['143'],32,"0.011060, -0.017012, 0.017630"
149,H,13.839603,-2.186943,2.766575,22,['144'],33,"0.037584, -0.009780, 0.003636"
150,H,11.608378,-0.856391,2.534293,24,['145'],34,"0.006551, -0.035779, 0.016092"
151,H,10.741309,-2.420377,2.459746,24,['145'],34,"0.021949, -0.010288, 0.005088"
152,H,11.941356,-1.98159,1.200764,24,['145'],34,"-0.003648, 0.028378, 0.009116"
153,H,12.69386,-1.093498,4.734195,24,['146'],35,"0.024068, -0.033636, 0.031551"
154,H,13.581257,-2.567526,5.197789,24,['146'],35,"0.117204, -0.032673, 0.046121"
155,H,11.795611,-2.617679,5.064123,24,['146'],35,"0.015181, -0.037318, 0.010593"
156,N,14.603016,-3.114527,0.306079,7,"['139', '157', '160']","30, 30, 9","-0.096097, -0.131900, -0.093110"
157,CA,15.79522,-2.322415,0.041862,8,"['156', '158', '161', '162']","9, 31, 8, 9","0.143794, -0.595516, -0.174178"
158,C,15.718074,-1.016869,0.849853,9,"['157', '159', '175']","30, 8, 8","-0.051428, -0.228925, -0.221113"
159,O,16.64389,-0.658083,1.580741,11,['158'],31,"-0.091203, -0.155084, -0.111836"
160,HN,13.740454,-2.783263,-0.149489,10,['156'],9,"-0.155294, 0.077208, -0.124201"
161,H,16.69216,-2.863588,0.435156,12,['157'],30,"0.349128, -0.198650, 0.198736"
162,C,16.016549,-2.05707,-1.492508,25,"['157', '163', '164', '166']","30, 32, 33, 35","0.141075, -0.286731, -0.213914"
163,C,16.294366,-3.401142,-2.242291,27,"['162', '165', '167', '168']","9, 34, 8, 9","-0.040988, -0.022909, 0.114669"
164,C,17.195524,-1.071463,-1.730834,29,"['162', '169', '170', '171']","9, 8, 9, 3","0.049483, -0.017879, 0.059569"
165,C,16.32184,-3.236455,-3.772317,31,"['163', '172', '173', '174']","32, 5, 1, 4","-0.025322, -0.052741, 0.083383"
166,H,15.080721,-1.601045,-1.899708,26,['162'],9,"-0.025263, 0.021268, 0.049377"
167,H,15.512169,-4.151789,-1.981788,28,['163'],32,"-0.009520, -0.044595, 0.031649"
168,H,17.255401,-3.84967,-1.890316,28,['163'],32,"0.068796, -0.046653, 0.055384"
169,H,17.345549,-0.830704,-2.804805,30,['164'],33,"0.017614, -0.011930, 0.039469"
170,H,18.154881,-1.483115,-1.342423,30,['164'],33,"0.043383, -0.027488, 0.021763"
171,H,17.030199,-0.097762,-1.220304,30,['164'],33,"0.010297, -0.022333, 0.012766"
172,H,16.441358,-4.21493,-4.284413,32,['165'],34,"-0.001912, 0.003040, 0.017042"
173,H,17.168707,-2.601167,-4.107071,32,['165'],34,"-0.036846, -0.029699, 0.040963"
174,H,15.381078,-2.782288,-4.153693,32,['165'],34,"-0.018195, -0.027453, 0.000935"
175,N,14.617811,-0.239454,0.680293,7,"['158', '176', '179']","31, 9, 12","-0.048476, -0.228596, -0.185908"
176,CA,14.431338,1.055469,1.313206,8,"['175', '177', '180', '181']","8, 8, 8, 9","0.679797, -0.346140, -0.254864"
177,C,12.945964,1.445416,1.320619,9,"['176', '178', '197']","9, 9, 9","0.253768, 0.016419, 0.274581"
178,O,12.259583,1.388223,0.295312,11,['177'],8,"0.227811, 0.066076, 0.374961"
179,HN,13.860458,-0.518354,0.035828,10,['175'],8,"-0.254368, -0.098100, -0.267978"
180,H,14.787588,0.991796,2.372247,12,['176'],9,"0.166081, -0.047112, 0.290156"
181,C,15.279717,2.116814,0.528385,182,"['176', '182', '186', '187']","9, 8, 8, 9","0.185123, 0.061765, -0.058038"
182,C,14.861891,3.583707,0.776625,184,"['181', '183', '188', '189']","9, 9, 8, 9","-0.060388, -0.168143, 0.049839"
183,C,15.923217,4.637674,0.4093,186,"['182', '184', '190', '191']","8, 36, 37, 38","0.218554, -0.349723, -0.106873"
184,C,15.36227,6.070667,0.249255,188,"['183', '185', '192', '193']","9, 9, 8, 9","-0.213438, 0.086515, 0.309898"
185,N,14.531384,6.571887,1.342797,190,"['184', '194', '195', '196']","36, 36, 9, 8","-0.216458, 0.125187, 0.151641"
186,H,15.208572,1.914001,-0.567795,183,['181'],9,"-0.023234, -0.045086, 0.031167"
187,H,16.355199,1.968528,0.792183,183,['181'],9,"0.025721, -0.078899, 0.043318"
188,H,14.590928,3.708535,1.851895,185,['182'],8,"-0.090560, 0.003054, 0.036625"
189,H,13.923583,3.768735,0.198326,185,['182'],8,"-0.027793, -0.026243, -0.005957"
190,H,16.414684,4.354429,-0.552029,187,['183'],9,"0.043576, -0.020818, -0.020869"
191,H,16.739863,4.624084,1.169885,187,['183'],9,"0.094142, -0.036569, 0.035864"
192,H,14.752379,6.125144,-0.683018,189,['184'],36,"-0.019521, 0.074576, 0.070963"
193,H,16.200926,6.788026,0.096662,189,['184'],36,"-0.103091, 0.095128, 0.026873"
194,HN,14.220755,7.513849,1.117814,191,['185'],9,"0.066727, 0.157639, -0.064594"
195,HN,15.009218,6.666283,2.232098,191,['185'],9,"-0.115866, 0.088637, -0.006017"
196,HN,13.703913,5.994886,1.509257,191,['185'],9,"-0.190347, -0.148089, 0.129875"
197,N,12.468288,1.984874,2.473469,7,"['177', '198', '201']","8, 8, 38","0.096318, -0.029805, 0.163370"
198,CA,11.204203,2.709694,2.557915,8,"['197', '199', '202', '203']","9, 9, 8, 9","-0.079530, -0.497285, 0.562375"
199,C,11.416969,4.109217,1.959645,9,"['198', '200', '207']","8, 37, 9","-0.399954, -0.147553, -0.055673"
200,O,12.442112,4.766433,2.220291,11,['199'],9,"-0.445174, -0.353192, 0.133331"
201,HN,13.037325,1.96562,3.330699,10,['197'],9,"0.077622, 0.001085, 0.122604"
202,H,10.440087,2.161689,1.953405,12,['198'],8,"-0.177521, -0.176134, -0.197535"
203,C,10.706867,2.838018,4.013992,13,"['198', '204', '205', '206']","8, 8, 9, 8","-0.200426, 0.030637, 0.324177"
204,H,9.745507,3.401168,4.060524,14,['203'],9,"-0.035954, 0.056721, 0.014854"
205,H,11.434884,3.389267,4.650577,14,['203'],9,"0.013169, 0.050607, 0.021373"
206,H,10.531554,1.84212,4.479767,14,['203'],9,"0.011635, -0.035947, -0.008164"
207,N,10.456764,4.541903,1.111341,7,"['199', '208', '211']","9, 1, 1","-0.138680, -0.064476, -0.162491"
208,CA,10.475207,5.814228,0.406562,8,"['207', '209', '212', '213']","9, 4, 4, 8","0.310916, -0.212527, -0.222735"
209,C,9.500379,6.78075,1.075976,9,"['208', '210', '226']","1, 39, 4","-0.299631, -0.243151, -0.205438"
210,O,9.929176,7.820469,1.587598,11,['209'],4,"-0.111036, -0.220827, -0.172654"
211,HN,9.579256,4.007403,0.996463,10,['207'],9,"-0.187934, -0.044349, -0.037114"
212,H,11.47011,6.305447,0.543358,12,['208'],1,"0.183339, 0.227360, 0.064397"
213,C,10.262273,5.595792,-1.131835,25,"['208', '214', '215', '217']","1, 9, 36, 8","0.135200, -0.015631, -0.336467"
214,C,11.552984,4.947035,-1.735556,27,"['213', '216', '218', '219']","8, 9, 9, 37","-0.183616, 0.001425, 0.028652"
215,C,9.92854,6.920108,-1.861121,29,"['213', '220', '221', '222']","8, 38, 40, 6","-0.115831, 0.129418, -0.086727"
216,C,11.385489,4.409561,-3.164947,31,"['214', '223', '224', '225']","9, 3, 5, 1","-0.050276, 0.075475, -0.051932"
217,H,9.408099,4.889673,-1.267871,26,['213'],8,"-0.139118, 0.009404, 0.042640"
218,H,11.882571,4.093579,-1.096408,28,['214'],9,"-0.026283, -0.019197, -0.007758"
219,H,12.389918,5.684002,-1.715958,28,['214'],9,"-0.043627, 0.001547, -0.053792"
220,H,9.761496,6.774578,-2.949303,30,['215'],36,"-0.002852, 0.032457, -0.034967"
221,H,10.736121,7.676104,-1.753125,30,['215'],36,"-0.004253, 0.020033, -0.069605"
222,H,8.98783,7.375561,-1.475171,30,['215'],36,"-0.091073, 0.011272, -0.021257"
223,H,12.344866,4.002193,-3.550225,32,['216'],9,"-0.065388, 0.039383, 0.029130"
224,H,11.063918,5.199173,-3.879911,32,['216'],9,"-0.037341, 0.116991, -0.079682"
225,H,10.634468,3.590096,-3.204609,32,['216'],9,"0.008504, 0.028654, 0.002263"
226,N,8.199314,6.42458,1.116192,7,"['209', '227', '230']","4, 1, 6","-0.237057, -0.212775, -0.118023"
227,CA,7.159878,7.162173,1.826046,8,"['226', '228', '231', '232']","4, 4, 41, 42","0.323635, 0.515381, -0.441076"
228,C,6.056799,6.175098,2.243896,9,"['227', '229', '238']","1, 40, 35","0.077596, 0.333883, -0.175028"
229,O,6.283322,4.966966,2.371695,11,['228'],4,"0.052773, 0.238406, -0.018150"
230,HN,7.83773,5.634866,0.556523,10,['226'],4,"-0.224889, -0.247757, -0.210401"
231,H,7.583955,7.566919,2.770361,12,['227'],1,"0.062762, 0.139533, 0.327383"
232,C,6.659952,8.322523,0.921324,137,"['227', '233', '236', '237']","1, 30, 33, 34","0.119272, 0.393865, 0.067381"
233,C,5.956438,7.937732,-0.364986,139,"['232', '234', '235']","42, 31, 32","0.057293, 0.316241, 0.051659"
234,O,5.679671,6.708554,-0.529264,140,['233'],30,"0.208088, 0.755662, 0.129244"
235,O,5.716337,8.829831,-1.189655,140,['233'],30,"-0.151263, 0.255673, -0.190480"
236,H,7.513756,8.987297,0.649821,138,['232'],42,"0.096401, 0.015685, 0.040070"
237,H,5.962046,8.981972,1.485073,138,['232'],42,"0.013417, 0.061629, 0.047610"
238,N,4.831864,6.708717,2.484045,1,"['228', '239', '242']","4, 41, 3","0.130531, 0.314377, -0.037883"
239,CA,3.653302,5.951732,2.788257,2,"['238', '240', '243', '244']","35, 42, 5, 6","0.428603, 0.493302, 0.468717"
240,C,3.259315,4.886916,1.78018,3,"['239', '241', '245']","41, 7, 16","0.163135, 0.861015, -0.161926"
241,O,3.071593,3.718216,2.186161,5,['240'],42,"-0.109809, 0.882483, -0.074400"
242,HN,4.728846,7.723488,2.612878,4,['238'],35,"0.071923, 0.203535, 0.034696"
243,H,3.761189,5.4811,3.790462,6,['239'],41,"-0.007928, -0.086054, 0.167849"
244,H,2.794773,6.651914,2.878061,6,['239'],41,"-0.222008, 0.142772, -0.019110"
245,N,3.045361,5.214926,0.483724,7,"['240', '246', '249']","42, 6, 45","-0.066795, 0.404192, -0.235138"
246,CA,2.539391,4.274775,-0.514163,8,"['245', '247', '250', '251']","16, 43, 43, 46","-0.796494, 0.387052, 0.034543"
247,C,3.557366,3.849098,-1.580755,9,"['246', '248', '257']","6, 44, 50","0.122923, 0.698365, 0.084680"
248,O,3.262305,2.931858,-2.36126,11,['247'],43,"0.329100, 0.491350, 0.289226"
249,HN,3.229196,6.169623,0.133791,10,['245'],16,"0.073170, 0.307393, -0.128180"
250,H,2.317802,3.308292,-0.012194,12,['246'],6,"-0.099431, -0.172567, 0.051174"
251,C,1.17501,4.74442,-1.07689,137,"['246', '252', '255', '256']","6, 46, 49, 50","-0.353175, -0.057482, 0.017471"
252,C,1.159704,6.061901,-1.828438,139,"['251', '253', '254']","46, 47, 48","0.051356, -0.029987, 0.133672"
253,O,2.1641,6.320161,-2.533437,140,['252'],46,"0.098112, 0.177128, -0.016611"
254,O,0.118537,6.775234,-1.740989,140,['252'],46,"0.301237, -0.176496, -0.175213"
255,H,0.443672,4.811932,-0.238479,138,['251'],46,"-0.002553, 0.002929, 0.099781"
256,H,0.771979,3.973611,-1.770985,138,['251'],46,"-0.033731, -0.053856, -0.034588"
257,N,4.820124,4.320649,-1.52809,7,"['247', '258', '261']","43, 51, 54","0.117430, 0.561879, 0.223448"
258,CA,5.930883,3.935853,-2.382629,8,"['257', '259', '262', '263']","50, 52, 54, 55","-0.687243, 0.296334, -0.120044"
259,C,7.06063,3.32947,-1.52304,9,"['258', '260', '271']","51, 53, 51","-0.191054, 0.011879, -0.432069"
260,O,7.511182,3.897101,-0.519734,11,['259'],52,"-0.254787, -0.164376, -0.247188"
261,HN,5.07375,5.103582,-0.904804,10,['257'],50,"0.238977, 0.625652, 0.273480"
262,H,5.575108,3.170735,-3.109993,12,['258'],51,"-0.123584, -0.269234, -0.344210"
263,C,6.420014,5.179719,-3.198386,37,"['258', '264', '265', '266']","51, 47, 48, 56","0.308940, 0.274295, -0.270858"
264,OH,5.327678,5.676165,-3.974583,39,"['263', '267']","55, 45","-0.070159, 0.067389, 0.332221"
265,C,7.534704,4.857082,-4.200775,41,"['263', '268', '269', '270']","55, 50, 57, 58","0.058197, 0.093112, -0.035510"
266,H,6.743978,5.976949,-2.485197,38,['263'],55,"-0.131624, 0.122029, 0.217451"
267,HO,4.815285,6.260003,-3.414884,40,['264'],47,"-0.097839, 0.098590, 0.171531"
268,H,7.823161,5.761666,-4.782058,42,['265'],48,"-0.027060, 0.038293, 0.013523"
269,H,7.212241,4.072047,-4.91844,42,['265'],48,"-0.031831, 0.001362, 0.045579"
270,H,8.450728,4.493742,-3.686662,42,['265'],48,"-0.046023, 0.042896, -0.021508"
271,N,7.564599,2.129885,-1.919384,7,"['259', '272', '275']","52, 53, 43","-0.227128, -0.036235, -0.251236"
272,CA,8.663047,1.394649,-1.282707,8,"['271', '273', '276', '277']","51, 59, 44, 54","-0.516573, 0.327433, 0.244415"
273,C,9.523053,0.73631,-2.377791,9,"['272', '274', '287']","53, 56, 53","0.207771, 0.108199, 0.408888"
274,O,8.998887,0.269291,-3.389811,11,['273'],59,"0.230861, 0.001936, 0.383478"
275,HN,7.225474,1.710114,-2.799503,10,['271'],51,"-0.140834, -0.129526, -0.360096"
276,H,9.318676,2.1212,-0.739689,12,['272'],53,"0.160493, 0.235157, 0.170631"
277,C,8.172545,0.305972,-0.250051,15,"['272', '278', '279', '280']","53, 47, 43, 60","-0.038551, -0.091431, 0.102259"
278,C,7.575722,0.954734,1.024748,17,"['277', '281', '282', '283']","54, 60, 49, 50","0.077053, 0.014721, -0.071484"
279,C,7.129044,-0.672144,-0.851877,17,"['277', '284', '285', '286']","54, 61, 58, 51","0.059594, 0.010900, -0.077411"
280,H,9.068074,-0.291598,0.063271,16,['277'],54,"0.016387, -0.011181, -0.002098"
281,H,7.154168,0.196686,1.724318,18,['278'],47,"0.039646, -0.004727, 0.024156"
282,H,6.781607,1.696281,0.791213,18,['278'],47,"0.144498, 0.095177, -0.047764"
283,H,8.356059,1.501551,1.597185,18,['278'],47,"-0.041900, 0.000188, 0.015487"
284,H,6.845648,-1.471322,-0.129523,18,['279'],43,"0.023809, -0.005222, -0.025825"
285,H,7.547411,-1.192062,-1.742401,18,['279'],43,"0.027336, 0.000875, -0.051229"
286,H,6.196651,-0.162736,-1.180907,18,['279'],43,"0.051071, 0.004502, -0.046294"
287,N,10.865981,0.677961,-2.196759,7,"['273', '288', '291']","59, 62, 48","0.112139, 0.162802, 0.250257"
288,CA,11.804784,0.013833,-3.102176,8,"['287', '289', '292', '293']","53, 48, 63, 54","-0.162880, 0.606971, -0.106940"
289,C,12.181688,-1.332356,-2.457577,9,"['288', '290', '309']","62, 56, 58","-0.120618, -0.087307, -0.453932"
290,O,12.66846,-1.3877,-1.318708,11,['289'],48,"-0.297878, 0.032370, -0.425928"
291,HN,11.277865,0.969148,-1.2988,10,['287'],53,"0.221756, 0.068986, 0.364100"
292,H,11.283037,-0.199001,-4.067707,12,['288'],62,"-0.213101, -0.132692, -0.349939"
293,C,13.034813,0.935725,-3.404163,182,"['288', '294', '298', '299']","62, 56, 58, 61","0.064390, 0.129216, -0.031332"
294,C,14.175083,0.3054,-4.254562,184,"['293', '295', '300', '301']","54, 64, 56, 48","-0.057219, -0.056119, 0.120091"
295,C,14.539768,1.001278,-5.600443,186,"['294', '296', '302', '303']","56, 58, 56, 54","-0.280121, -0.319902, 0.179088"
296,C,15.246734,2.373307,-5.466753,188,"['295', '297', '304', '305']","64, 51, 63, 48","0.186577, 0.108115, -0.459878"
297,N,15.840776,2.887059,-6.698668,190,"['296', '306', '307', '308']","58, 61, 52, 58","0.257429, 0.218420, -0.176868"
298,H,13.45757,1.288809,-2.432118,183,['293'],54,"-0.026809, -0.026347, 0.044917"
299,H,12.652764,1.85257,-3.910112,183,['293'],54,"-0.052235, -0.007293, 0.013148"
300,H,13.900332,-0.750634,-4.488851,185,['294'],56,"-0.006556, -0.060032, -0.014290"
301,H,15.089467,0.218538,-3.619224,185,['294'],56,"0.021862, -0.028140, 0.034949"
302,H,13.625274,1.104308,-6.235303,187,['295'],64,"-0.133339, 0.026858, -0.055531"
303,H,15.211591,0.306269,-6.161114,187,['295'],64,"-0.017924, -0.056162, 0.008436"
304,H,16.050794,2.336369,-4.695777,189,['296'],58,"-0.005969, 0.034130, -0.083681"
305,H,14.508789,3.132088,-5.118456,189,['296'],58,"0.065416, 0.032747, -0.078660"
306,HN,15.994161,3.892648,-6.598361,191,['297'],51,"0.119607, 0.381701, -0.032223"
307,HN,15.29939,2.759983,-7.547257,191,['297'],51,"0.113342, 0.048896, 0.033803"
308,HN,16.772376,2.521668,-6.893738,191,['297'],51,"0.305825, 0.079964, -0.164018"
309,N,11.915706,-2.438913,-3.193457,7,"['289', '310', '313']","48, 51, 67","-0.122939, -0.034459, -0.309270"
310,CA,12.096079,-3.83167,-2.796606,8,"['309', '311', '314', '315']","58, 65, 68, 67","-0.482646, 0.187927, 0.223247"
311,C,12.964497,-4.525495,-3.860641,9,"['310', '312', '328']","51, 66, 75","-0.003862, -0.260840, 0.381623"
312,O,13.044545,-4.062123,-5.001018,11,['311'],65,"-0.020650, -0.238158, 0.324185"
313,HN,11.683568,-2.339492,-4.194267,10,['309'],58,"-0.027602, -0.012181, -0.423708"
314,H,12.62825,-3.8873,-1.816593,12,['310'],51,"0.184925, -0.088760, 0.317133"
315,C,10.705562,-4.547995,-2.722383,19,"['310', '316', '319', '320']","51, 68, 67, 69","-0.212995, -0.103896, 0.100630"
316,C,9.571914,-3.817084,-1.939861,21,"['315', '317', '318', '321']","67, 67, 68, 70","0.014759, 0.022876, -0.030854"
317,C,8.250038,-4.615468,-2.054408,23,"['316', '322', '323', '324']","68, 71, 70, 72","-0.008843, -0.030475, -0.051525"
318,C,9.932884,-3.665701,-0.446527,23,"['316', '325', '326', '327']","68, 73, 74, 70","0.008211, -0.017853, -0.014912"
319,H,10.863971,-5.565521,-2.292038,20,['315'],67,"0.035105, -0.004145, 0.027164"
320,H,10.351251,-4.722577,-3.7676,20,['315'],67,"-0.012887, 0.008402, -0.017088"
321,H,9.403036,-2.802882,-2.380069,22,['316'],68,"0.026761, 0.004300, -0.026348"
322,H,7.419018,-4.112469,-1.511423,24,['317'],67,"0.041132, -0.013980, -0.014741"
323,H,8.336629,-5.646385,-1.643035,24,['317'],67,"0.001542, -0.008762, -0.006636"
324,H,7.924884,-4.709721,-3.114646,24,['317'],67,"-0.005280, 0.001577, -0.056815"
325,H,9.10117,-3.213005,0.139145,24,['318'],68,"0.019515, -0.019553, -0.011431"
326,H,10.811101,-3.000224,-0.314367,24,['318'],68,"0.006105, 0.026712, -0.012411"
327,H,10.177458,-4.641727,0.03107,24,['318'],68,"0.004371, -0.016943, -0.006367"
328,N,13.597482,-5.673979,-3.518414,7,"['311', '329', '332']","65, 76, 77","0.051385, -0.086982, 0.321353"
329,CA,14.284295,-6.540144,-4.461161,8,"['328', '330', '333', '334']","75, 76, 78, 78","0.368828, 0.528486, 0.347322"
330,C,13.330913,-7.711496,-4.729821,9,"['329', '331', '345']","76, 76, 86","0.173005, 0.280169, -0.382615"
331,O,13.034275,-8.519814,-3.838495,11,['330'],76,"0.003300, 0.348287, -0.376230"
332,HN,13.493632,-6.050535,-2.567726,10,['328'],75,"-0.074037, -0.117873, 0.501909"
333,H,14.448072,-5.964851,-5.405393,12,['329'],76,"0.028121, 0.219754, -0.428099"
334,C,15.657657,-7.059482,-3.939194,175,"['329', '335', '338', '339']","76, 78, 80, 81","0.255858, -0.082507, -0.026460"
335,C,16.437943,-7.770553,-5.068121,177,"['334', '336', '340', '341']","78, 78, 82, 83","-0.047423, 0.097404, 0.167394"
336,S,18.225025,-7.814238,-4.731997,179,"['335', '337']","78, 79","-0.044370, -0.725964, -0.917862"
337,C,18.437351,-9.605615,-4.653203,180,"['336', '342', '343', '344']","78, 81, 84, 85","0.075727, -0.140514, 0.047689"
338,H,15.524754,-7.743183,-3.069697,176,['334'],78,"-0.039116, -0.029348, 0.055178"
339,H,16.253121,-6.200085,-3.559605,176,['334'],78,"-0.015295, 0.038133, 0.073518"
340,H,16.294113,-7.224691,-6.027489,178,['335'],78,"0.006300, -0.010862, -0.074243"
341,H,16.025288,-8.789175,-5.246067,178,['335'],78,"0.019125, -0.015982, -0.000079"
342,H,19.47284,-9.826278,-4.324842,181,['337'],79,"0.086506, -0.016443, -0.013876"
343,H,18.295592,-10.04602,-5.663976,181,['337'],79,"0.043491, -0.025703, -0.037203"
344,H,17.721339,-10.060603,-3.933561,181,['337'],79,"0.003281, -0.058090, 0.021138"
345,N,12.800563,-7.770813,-5.969784,7,"['330', '346', '349']","76, 87, 90","0.069470, 0.291354, -0.221354"
346,CA,11.783998,-8.691293,-6.449291,8,"['345', '347', '350', '351']","86, 88, 91, 92","-0.105798, 0.613363, 0.427470"
347,C,12.308094,-9.364337,-7.718126,9,"['346', '348', '366']","87, 89","-0.159000, -0.126270, 0.158112"
348,O,12.767007,-8.683683,-8.634478,11,['347'],88,"-0.216706, -0.060552, 0.075341"
349,HN,13.225502,-7.21063,-6.724868,10,['345'],86,"0.264100, 0.208295, -0.343705"
350,H,11.577968,-9.46872,-5.672691,12,['346'],87,"-0.049299, -0.216074, 0.282473"
351,C,10.489509,-7.886072,-6.755818,70,"['346', '352', '359', '360']","87, 93, 100, 101","-0.189733, 0.114784, -0.005613"
352,C,9.498311,-8.640563,-7.616679,72,"['351', '353', '354']","92, 94, 95","0.046515, 0.014267, -0.014414"
353,C,8.838187,-9.777244,-7.122642,73,"['352', '355', '361']","93, 96, 102","0.000352, 0.003709, 0.058723"
354,C,9.257466,-8.246691,-8.945586,73,"['352', '356', '362']","93, 97, 103","0.133966, 0.084372, -0.081756"
355,C,7.984811,-10.517201,-7.946421,75,"['353', '357', '363']","94, 98, 104","0.041184, 0.008633, 0.082130"
356,C,8.393073,-8.976428,-9.765076,75,"['354', '357', '364']","95, 98, 105","0.087764, 0.083810, 0.020690"
357,C,7.764213,-10.1247,-9.271275,77,"['355', '356', '358']","96, 97, 99","0.091763, 0.049739, 0.032509"
358,OH,6.925095,-10.855988,-10.051645,78,"['357', '365']","98, 106","-0.044000, 0.020864, 0.084698"
359,H,10.76044,-6.944509,-7.290862,71,['351'],92,"0.046936, 0.004154, -0.036853"
360,H,9.987591,-7.572323,-5.811085,71,['351'],92,"0.033526, -0.014574, 0.006322"
361,H,9.004454,-10.112524,-6.084598,74,['353'],94,"-0.004910, -0.051314, 0.093292"
362,H,9.771413,-7.368309,-9.369376,74,['354'],95,"0.044542, 0.092477, -0.015442"
363,H,7.483312,-11.412688,-7.549001,76,['355'],96,"0.002788, -0.024903, 0.010896"
364,H,8.230073,-8.649442,-10.804745,76,['356'],97,"0.016990, 0.036835, 0.005722"
365,HO,6.361995,-10.287442,-10.557788,79,['358'],99,"-0.007331, 0.020423, 0.040538"
366,N,12.222187,-10.719545,-7.767948,7,"['347', '367', '370']",88,"-0.173010, -0.064488, 0.037878"
367,CA,12.694985,-11.545605,-8.870752,8,"['366', '368', '371', '372']",,"-0.545947, -0.087021, -0.127515"
368,C,14.174889,-11.262254,-9.217048,9,"['367', '369', '388']",,"-0.155307, -0.023402, 0.187643"
369,O,14.5962,-11.347696,-10.375334,11,['368'],,"0.032152, 0.208169, 0.313219"
370,HN,11.822504,-11.242504,-6.976638,10,['366'],,"-0.046958, -0.036161, 0.078712"
371,H,12.712906,-12.60565,-8.523256,12,['367'],,"0.060969, -0.436770, -0.012177"
372,C,11.739465,-11.413875,-10.105921,182,"['367', '373', '377', '378']",,"-0.038428, 0.099692, -0.255202"
373,C,10.510663,-12.357979,-10.057285,184,"['372', '374', '379', '380']",,"0.189293, 0.049156, 0.180980"
374,C,9.736507,-12.426991,-11.403683,186,"['373', '375', '381', '382']",,"0.372569, 0.275644, 0.307699"
375,C,8.740694,-13.610296,-11.463164,188,"['374', '376', '383', '384']",,"-0.048632, 0.078272, -0.174933"
376,N,8.07711,-13.759211,-12.751746,190,"['375', '385', '386', '387']",,"0.094553, -0.110357, -0.191107"
377,H,12.320724,-11.66593,-11.018891,183,['372'],,"0.096861, 0.023257, 0.003438"
378,H,11.435549,-10.351285,-10.261334,183,['372'],,"0.025364, 0.105085, -0.031067"
379,H,9.833389,-12.066052,-9.222748,185,['373'],,"-0.021328, 0.029997, 0.028503"
380,H,10.881319,-13.380266,-9.803191,185,['373'],,"0.101565, -0.046900, 0.006131"
381,H,10.467844,-12.522835,-12.242108,187,['374'],,"0.098148, 0.011102, -0.023090"
382,H,9.202634,-11.460376,-11.566105,187,['374'],,"0.011123, 0.076634, 0.053032"
383,H,7.947488,-13.477589,-10.688838,189,['375'],,"-0.083111, -0.024390, 0.030053"
384,H,9.254988,-14.570038,-11.22713,189,['375'],,"-0.054656, -0.007910, -0.025753"
385,HN,7.405351,-14.5186,-12.736571,191,['376'],,"0.085824, -0.000017, -0.044481"
386,HN,8.674603,-13.992511,-13.542233,191,['376'],,"0.021722, -0.113797, -0.410068"
387,HN,7.58119,-12.925438,-13.040883,191,['376'],,"0.077861, -0.102771, 0.002978"
388,N,14.985526,-10.97417,-8.167174,1,"['368', '389', '392']",,"0.077364, -0.128278, 0.210748"
389,CA,16.3726,-10.583799,-8.233018,2,"['388', '390', '393', '394']",,"0.015504, -0.509231, 0.052731"
390,C,16.71819,-9.136244,-8.560209,3,"['389', '391', '395']",,"-0.069757, -0.197308, -0.053307"
391,O,17.845719,-8.714414,-8.311285,5,['390'],,"-0.049980, -0.015607, -0.051293"
392,HN,14.660374,-11.108051,-7.20017,4,['388'],,"-0.048231, -0.026074, 0.081592"
393,H,16.865547,-10.819468,-7.265202,6,['389'],,"0.194538, -0.052612, 0.099385"
394,H,16.908603,-11.209834,-8.982932,6,['389'],,"0.128153, -0.093731, -0.126859"
395,N,15.775222,-8.338448,-9.119087,7,"['390', '396', '399']",,"-0.216624, -0.065746, -0.065411"
396,CA,16.031745,-6.962075,-9.520545,8,"['395', '397', '400', '401']",,"0.165869, -0.499764, -0.364615"
397,C,15.545645,-5.974102,-8.456252,9,"['396', '398', '412']",,"0.270311, -0.095427, -0.335634"
398,O,14.577783,-6.234466,-7.735578,11,['397'],,"0.256803, 0.147584, -0.313719"
399,HN,14.782658,-8.606768,-9.15263,10,['395'],,"-0.295521, -0.021650, 0.050841"
400,H,17.136802,-6.837438,-9.630342,12,['396'],,"0.460257, 0.028861, -0.062741"
401,C,15.326291,-6.638366,-10.876714,167,"['396', '402', '406', '407']",,"0.090253, -0.135947, -0.536864"
402,C,15.843549,-7.47921,-12.069324,169,"['401', '403', '408', '409']",,"-0.094326, -0.050177, -0.066495"
403,C,17.328827,-7.283956,-12.351166,171,"['402', '404', '405']",,"0.058711, -0.143209, -0.102935"
404,O,17.929309,-6.296729,-11.929786,172,['403'],,"0.026624, -0.088778, -0.105536"
405,N,17.925707,-8.27648,-13.044859,173,"['403', '410', '411']",,"0.027975, -0.107700, 0.076768"
406,H,15.472224,-5.559141,-11.120559,168,['401'],,"0.047506, -0.008999, 0.033588"
407,H,14.225455,-6.786419,-10.772045,168,['401'],,"0.039397, 0.004765, 0.041783"
408,H,15.295195,-7.1975,-12.998384,170,['402'],,"-0.016196, 0.000468, -0.094280"
409,H,15.631236,-8.559614,-11.889045,170,['402'],,"0.001962, -0.132654, -0.008464"
410,HN,17.402567,-9.124585,-13.30853,174,['405'],,"-0.046665, -0.094045, 0.024060"
411,HN,18.941689,-8.208744,-13.194135,174,['405'],,"0.038962, -0.025044, 0.055132"
412,N,16.169007,-4.765097,-8.358315,50,"['397', '413', '419']",,"0.212286, -0.064793, -0.152622"
413,CA,15.622569,-3.677539,-7.552333,51,"['412', '414', '416', '417']",,"0.382153, -0.281112, 0.516501"
414,C,14.500444,-2.981685,-8.328215,52,"['413', '415', '426']",,"0.001744, -0.066934, 0.293012"
415,O,14.670812,-2.585404,-9.48152,53,['414'],,"0.041965, -0.123698, 0.246364"
416,H,15.227512,-4.053849,-6.574851,54,['413'],,"-0.133281, -0.192708, 0.306680"
417,C,16.842215,-2.763187,-7.314808,55,"['413', '418', '420', '421']",,"0.372270, 0.386885, -0.130948"
418,C,17.6362,-2.92445,-8.612243,57,"['417', '419', '422', '423']",,"0.213145, 0.111580, -0.151269"
419,C,17.494088,-4.432416,-8.866226,59,"['412', '418', '424', '425']",,"0.306057, 0.166495, -0.240813"
420,H,17.442371,-3.133269,-6.451091,56,['417'],,"-0.020725, -0.068011, 0.028681"
421,H,16.553057,-1.714354,-7.090991,56,['417'],,"-0.058404, -0.101213, -0.015074"
422,H,18.700348,-2.608756,-8.547301,58,['418'],,"0.110286, -0.064122, -0.076726"
423,H,17.160445,-2.351208,-9.444547,58,['418'],,"-0.111222, 0.007187, -0.154968"
424,H,18.278332,-5.008546,-8.318823,60,['419'],,"0.057281, -0.090180, -0.005480"
425,H,17.615948,-4.664999,-9.950655,60,['419'],,"0.026197, -0.105856, -0.170275"
426,N,13.318517,-2.83255,-7.689714,7,"['414', '427', '430']",,"0.169556, -0.273402, 0.197707"
427,CA,12.121979,-2.263973,-8.280948,8,"['426', '428', '431', '432']",,"0.430275, -0.607509, -0.286136"
428,C,11.404294,-1.403475,-7.237791,9,"['427', '429', '443']",,"0.074295, -0.016124, -0.418408"
429,O,11.238501,-1.778806,-6.072146,11,['428'],,"-0.036835, 0.062226, -0.401937"
430,HN,13.203009,-3.146408,-6.716061,10,['426'],,"-0.048527, -0.173901, 0.355212"
431,H,12.417282,-1.614211,-9.143767,12,['427'],,"0.146475, 0.149268, -0.343475"
432,C,11.215274,-3.42891,-8.785217,175,"['427', '433', '436', '437']",,"-0.189059, -0.136187, -0.134473"
433,C,9.908917,-2.973683,-9.467478,177,"['432', '434', '438', '439']",,"0.171323, -0.060064, 0.059174"
434,S,8.870183,-4.378117,-9.988443,179,"['433', '435']",,"0.142268, 0.246415, -0.128927"
435,C,9.816605,-4.99395,-11.40443,180,"['434', '440', '441', '442']",,"-0.010416, 0.018717, -0.066396"
436,H,10.964693,-4.088561,-7.922421,176,['432'],,"0.018362, -0.038158, 0.062241"
437,H,11.804686,-4.056041,-9.493764,176,['432'],,"0.099291, -0.028844, 0.011555"
438,H,10.136556,-2.321229,-10.342273,178,['433'],,"0.014646, 0.027115, -0.056134"
439,H,9.316969,-2.343817,-8.766914,178,['433'],,"-0.044372, 0.055754, -0.010065"
440,H,9.225086,-5.782532,-11.918775,181,['435'],,"-0.022603, 0.027335, -0.028311"
441,H,10.780474,-5.427963,-11.061241,181,['435'],,"-0.002708, 0.001445, -0.027293"
442,H,10.011646,-4.165567,-12.119518,181,['435'],,"0.014055, 0.020109, -0.015819"
443,N,10.94227,-0.212489,-7.675706,7,"['428', '444', '447']",,"0.121546, 0.094314, -0.247088"
444,CA,10.071846,0.649958,-6.897419,8,"['443', '445', '448', '449']",,"0.519161, -0.108453, -0.055882"
445,C,8.647156,0.108077,-7.082378,9,"['444', '446', '457']",,"-0.019915, 0.101981, 0.405823"
446,O,8.257394,-0.226629,-8.201614,11,['445'],,"0.255843, 0.113138, 0.322984"
447,HN,11.06724,0.067659,-8.658152,10,['443'],,"-0.009392, 0.039807, -0.160602"
448,H,10.35612,0.602205,-5.818878,12,['444'],,"0.054954, -0.022959, 0.333733"
449,C,10.170275,2.12533,-7.382128,37,"['444', '450', '451', '452']",,"-0.273205, 0.524891, 0.220241"
450,OH,11.539695,2.521697,-7.303229,39,"['449', '453']",,"-0.121660, -0.037264, -0.100801"
451,C,9.376728,3.083722,-6.482783,41,"['449', '454', '455', '456']",,"-0.091976, 0.229579, 0.115629"
452,H,9.826673,2.192959,-8.444777,38,['449'],,"0.017484, -0.053299, -0.054464"
453,HO,11.703376,3.082827,-8.052344,40,['450'],,"-0.029303, -0.003241, -0.069275"
454,H,9.510197,4.145908,-6.789919,42,['451'],,"0.026804, 0.058592, 0.011811"
455,H,9.686035,3.007876,-5.416952,42,['451'],,"0.017802, 0.035331, -0.007921"
456,H,8.286545,2.866572,-6.528085,42,['451'],,"0.001872, 0.000278, 0.020454"
457,N,7.865006,0.026047,-5.988132,7,"['445', '458', '461']",,"0.085346, 0.027997, 0.279345"
458,CA,6.479463,-0.404214,-5.926111,8,"['457', '459', '462', '463']",,"0.395138, -0.435614, -0.044751"
459,C,5.631364,0.752587,-5.385199,9,"['458', '460', '477']",,"-0.182165, -0.326451, -0.264493"
460,O,6.060146,1.488066,-4.489104,11,['459'],,"-0.205431, -0.154226, -0.318464"
461,HN,8.218638,0.366222,-5.086419,10,['457'],,"0.105644, 0.071380, 0.402978"
462,H,6.119555,-0.653535,-6.95318,12,['458'],,"-0.239018, -0.138143, -0.431201"
463,C,6.324163,-1.630672,-4.978856,61,"['458', '464', '470', '471']",,"0.004640, -0.230868, 0.024499"
464,C,6.766824,-2.926702,-5.624597,63,"['463', '465', '466']",,"0.030661, 0.040911, -0.043447"
465,C,8.110404,-3.341056,-5.618246,64,"['464', '467', '472']",,"0.060388, 0.050415, -0.005284"
466,C,5.808414,-3.758983,-6.230434,64,"['464', '468', '473']",,"-0.031446, 0.007046, -0.021747"
467,C,8.480203,-4.561859,-6.195929,66,"['465', '469', '474']",,"-0.003938, 0.017703, -0.057898"
468,C,6.17682,-4.980157,-6.799416,66,"['466', '469', '475']",,"0.022576, -0.003596, 0.009830"
469,C,7.514103,-5.382845,-6.784964,68,"['467', '468', '476']",,"0.048109, -0.002066, -0.109252"
470,H,5.255319,-1.740241,-4.684648,62,['463'],,"0.015917, 0.015140, -0.036756"
471,H,6.880407,-1.473399,-4.026383,62,['463'],,"0.030356, 0.044281, -0.015004"
472,H,8.887585,-2.71258,-5.15394,65,['465'],,"0.061833, 0.064251, -0.025125"
473,H,4.748172,-3.459786,-6.257595,65,['466'],,"-0.013442, 0.089314, -0.059630"
474,H,9.53458,-4.879117,-6.183497,67,['467'],,"0.004032, 0.019772, -0.009030"
475,H,5.409617,-5.623225,-7.255397,67,['468'],,"-0.003850, -0.021861, -0.035813"
476,H,7.805287,-6.339765,-7.244661,69,['469'],,"0.044715, -0.022469, -0.061456"
477,N,4.381305,0.871005,-5.894588,7,"['459', '478', '481']",,"-0.070184, -0.157655, -0.263362"
478,CA,3.323659,1.770453,-5.455056,8,"['477', '479', '482', '483']",,"0.612744, 0.150149, -0.371888"
479,C,2.132506,0.895595,-5.027107,9,"['478', '480', '501']",,"0.091481, 0.270151, 0.171226"
480,O,1.716223,-0.020717,-5.740808,11,['479'],,"0.053623, 0.216800, 0.112309"
481,HN,4.049113,0.157305,-6.559925,10,['477'],,"-0.107143, -0.350093, -0.270186"
482,H,3.693959,2.338295,-4.566182,12,['478'],,"0.180698, 0.205704, 0.402345"
483,C,2.970624,2.777875,-6.589352,202,"['478', '484', '490', '491']",,"-0.041426, 0.164396, -0.083646"
484,C,1.7567,3.718142,-6.379884,204,"['483', '485', '492', '493']",,"-0.007084, -0.090654, -0.164465"
485,C,1.929725,4.779571,-5.26546,206,"['484', '486', '494', '495']",,"0.221022, -0.015744, 0.064123"
486,N,0.821018,5.74037,-5.29162,208,"['485', '487', '496']",,"-0.013468, -0.172614, 0.208849"
487,C,-0.394363,5.56827,-4.730152,210,"['486', '488', '489']",,"-0.278708, 0.082687, 0.208703"
488,N,-0.761207,4.373411,-4.273045,211,"['487', '497', '498']",,"-0.136827, -0.009709, 0.055627"
489,N,-1.268651,6.581857,-4.743952,211,"['487', '499', '500']",,"-0.225302, -0.047828, 0.175764"
490,H,2.779195,2.200299,-7.523508,203,['483'],,"-0.017731, -0.011681, -0.003252"
491,H,3.870904,3.396258,-6.812059,203,['483'],,"-0.029695, -0.036081, 0.015520"
492,H,0.842638,3.103028,-6.206523,205,['484'],,"-0.043140, 0.008489, -0.073471"
493,H,1.558631,4.241826,-7.347703,205,['484'],,"-0.066041, 0.030437, -0.049546"
494,H,2.889713,5.32504,-5.39843,207,['485'],,"0.211880, 0.020166, 0.087519"
495,H,2.016053,4.313728,-4.258466,207,['485'],,"0.154807, 0.046011, 0.207227"
496,HN,1.060258,6.655575,-5.695344,209,['486'],,"-0.108310, -0.027681, 0.098439"
497,HN,-0.132938,3.563648,-4.304683,212,['488'],,"-0.144453, 0.019721, 0.012360"
498,HN,-1.685655,4.252501,-3.844978,212,['488'],,"-0.255892, 0.120010, 0.128755"
499,HN,-0.96422,7.531092,-4.983806,212,['489'],,"-0.070023, -0.102564, 0.096021"
500,HN,-2.2397,6.467545,-4.407134,212,['489'],,"-0.376009, 0.077850, 0.095390"
501,N,1.632717,1.129459,-3.790551,7,"['479', '502', '505']",,"0.240823, 0.210916, 0.145824"
502,CA,0.599285,0.348527,-3.13364,8,"['501', '503', '506', '507']",,"0.521175, 0.163778, 0.195092"
503,C,-0.745381,0.597694,-3.817291,9,"['502', '504', '523']",,"0.129085, -0.243972, 0.004460"
504,O,-1.277218,1.705364,-3.792478,11,['503'],,"0.059870, -0.212628, -0.005152"
505,HN,2.026504,1.901973,-3.237141,10,['501'],,"0.278449, 0.302392, 0.259059"
506,H,0.859259,-0.734507,-3.241091,12,['502'],,"0.094450, -0.365285, -0.071394"
507,C,0.490654,0.703878,-1.615786,182,"['502', '508', '512', '513']",,"-0.119962, 0.054200, 0.117392"
508,C,1.729312,0.262756,-0.81022,184,"['507', '509', '514', '515']",,"-0.096438, -0.025315, -0.217741"
509,C,1.59674,0.52074,0.706624,186,"['508', '510', '516', '517']",,"-0.428479, -0.141818, -0.130469"
510,C,2.950555,0.43148,1.443154,188,"['509', '511', '518', '519']",,"0.104649, 0.409957, -0.115543"
511,N,3.844205,1.506201,1.049801,190,"['510', '520', '521', '522']",,"0.021406, 0.314157, 0.044027"
512,H,-0.421557,0.226096,-1.193526,183,['507'],,"-0.042367, -0.006531, -0.047565"
513,H,0.325158,1.801079,-1.504037,183,['507'],,"-0.069223, 0.051261, -0.037470"
514,H,2.612678,0.791861,-1.237961,185,['508'],,"-0.048643, 0.027997, -0.126930"
515,H,1.912422,-0.821878,-0.979834,185,['508'],,"0.007314, -0.018508, -0.011414"
516,H,0.882042,-0.21184,1.150094,187,['509'],,"-0.028003, -0.026746, 0.024193"
517,H,1.143653,1.525365,0.890455,187,['509'],,"-0.082132, 0.074866, 0.035597"
518,H,3.447738,-0.547022,1.257698,189,['510'],,"0.013226, 0.093023, 0.016767"
519,H,2.790804,0.519276,2.542503,189,['510'],,"0.071668, 0.080206, 0.047888"
520,HN,4.763148,1.440061,1.468379,191,['511'],,"-0.058928, 0.077154, 0.026839"
521,HN,3.442052,2.372078,1.406822,191,['511'],,"-0.118070, 0.454520, 0.250330"
522,HN,3.957982,1.630207,0.050099,191,['511'],,"-0.039321, 0.054901, 0.082434"
523,N,-1.318019,-0.46875,-4.417639,7,"['503', '524', '527']",,"0.224023, -0.162260, -0.100423"
524,CA,-2.624632,-0.448998,-5.048139,8,"['523', '525', '528', '529']",,"0.423904, -0.474961, -0.152797"
525,C,-3.723867,0.052937,-4.106012,9,"['524', '526', '542']",,"0.105760, 0.059545, -0.353476"
526,O,-3.792801,-0.330927,-2.932709,11,['525'],,"-0.201086, 0.258212, -0.340868"
527,HN,-0.762285,-1.326255,-4.537219,10,['523'],,"0.215964, -0.234561, -0.022188"
528,H,-2.564974,0.268697,-5.902403,12,['524'],,"0.084021, 0.236261, -0.236600"
529,C,-3.03685,-1.865351,-5.550193,19,"['524', '530', '533', '534']",,"-0.087918, -0.224562, -0.153786"
530,C,-2.433924,-2.247473,-6.92603,21,"['529', '531', '532', '535']",,"0.025202, 0.014054, -0.015123"
531,C,-2.709939,-3.746387,-7.192441,23,"['530', '536', '537', '538']",,"0.028226, -0.017714, -0.014876"
532,C,-3.064991,-1.383523,-8.048689,23,"['530', '539', '540', '541']",,"0.045107, -0.016051, -0.029012"
533,H,-4.150161,-1.930818,-5.613476,20,['529'],,"-0.014169, -0.015605, 0.016281"
534,H,-2.762496,-2.616519,-4.77085,20,['529'],,"-0.034399, -0.022609, 0.045146"
535,H,-1.3297,-2.081033,-6.911468,22,['530'],,"0.025758, -0.013572, -0.013410"
536,H,-2.262103,-4.080052,-8.15597,24,['531'],,"0.035070, 0.027837, -0.014700"
537,H,-3.799947,-3.969728,-7.228184,24,['531'],,"-0.001434, -0.006883, 0.015134"
538,H,-2.276111,-4.39224,-6.395801,24,['531'],,"-0.016958, -0.007046, 0.020033"
539,H,-2.804553,-1.772237,-9.058108,24,['532'],,"0.018402, -0.021737, -0.050926"
540,H,-2.698599,-0.332759,-8.021762,24,['532'],,"0.022837, 0.001800, -0.034876"
541,H,-4.17574,-1.345991,-7.983887,24,['532'],,"0.013135, 0.001982, 0.009966"
542,N,-4.678762,0.802824,-4.716452,7,"['525', '543', '546']",,"-0.077737, -0.002228, -0.189204"
543,CA,-5.944711,1.22563,-4.15486,8,"['542', '544', '547', '548']",,"-0.321794, -0.498184, -0.205929"
544,C,-5.871519,2.085466,-2.893023,9,"['543', '545', '561']",,"0.233863, -0.103487, -0.094767"
545,O,-6.867882,2.220062,-2.179525,11,['544'],,"0.184085, -0.159885, -0.059357"
546,HN,-4.541785,1.109151,-5.689691,10,['542'],,"0.024387, 0.042493, -0.072822"
547,H,-6.423752,1.915031,-4.88886,12,['543'],,"-0.216960, 0.249731, -0.172587"
548,C,-6.871434,-0.002608,-3.952235,19,"['543', '549', '552', '553']",,"-0.281529, -0.199993, 0.037811"
549,C,-7.397465,-0.637025,-5.26701,21,"['548', '550', '551', '554']",,"-0.021400, 0.064828, -0.033367"
550,C,-8.015516,-2.015731,-4.950726,23,"['549', '555', '556', '557']",,"0.036772, -0.000710, -0.050361"
551,C,-8.467706,0.267576,-5.92204,23,"['549', '558', '559', '560']",,"-0.079286, 0.045021, -0.010796"
552,H,-7.734678,0.304138,-3.315832,20,['548'],,"-0.000656, 0.110145, 0.071502"
553,H,-6.319003,-0.757437,-3.344944,20,['548'],,"0.031523, 0.022941, 0.032098"
554,H,-6.550361,-0.786244,-5.980729,22,['549'],,"-0.038087, -0.012261, -0.006242"
555,H,-8.366266,-2.517361,-5.876393,24,['550'],,"0.057452, 0.023476, -0.024675"
556,H,-8.879898,-1.936488,-4.260289,24,['550'],,"0.031059, 0.011425, -0.044683"
557,H,-7.279463,-2.702816,-4.485237,24,['550'],,"0.011691, -0.041668, -0.055233"
558,H,-8.905402,-0.221608,-6.820286,24,['551'],,"0.007170, -0.035069, -0.002912"
559,H,-8.047666,1.24118,-6.260152,24,['551'],,"-0.042898, 0.044192, -0.017328"
560,H,-9.312514,0.501216,-5.234389,24,['551'],,"-0.027304, 0.046673, 0.003720"
561,N,-4.724387,2.746806,-2.634166,7,"['544', '562', '565']",,"0.218606, -0.042249, -0.083644"
562,CA,-4.555246,3.666657,-1.523434,8,"['561', '563', '566', '567']",,"-0.222829, -0.471911, 0.133268"
563,C,-3.914796,4.945054,-2.064284,9,"['562', '564', '577']",,"-0.209318, 0.207399, 0.445476"
564,O,-3.186259,4.909972,-3.061491,11,['563'],,"-0.420551, 0.273602, 0.380634"
565,HN,-3.947312,2.779036,-3.308256,10,['561'],,"0.180693, 0.088557, -0.119731"
566,H,-5.561449,3.951657,-1.123985,12,['562'],,"-0.370769, 0.114514, 0.201842"
567,C,-3.727981,3.056272,-0.339597,15,"['562', '568', '569', '570']",,"0.068686, -0.089810, 0.142360"
568,C,-4.305407,1.686934,0.090106,17,"['567', '571', '572', '573']",,"-0.036761, 0.054125, -0.046474"
569,C,-2.226285,2.885261,-0.667267,17,"['567', '574', '575', '576']",,"-0.032208, 0.044971, -0.099934"
570,H,-3.823791,3.754042,0.527355,16,['567'],,"-0.003944, -0.001740, -0.016469"
571,H,-3.858131,1.340424,1.049628,18,['568'],,"-0.040963, 0.013699, 0.047907"
572,H,-4.135699,0.900074,-0.677905,18,['568'],,"-0.012790, 0.040371, -0.088359"
573,H,-5.404193,1.752512,0.24841,18,['568'],,"-0.015861, 0.019969, -0.009144"
574,H,-1.659677,2.449221,0.185336,18,['569'],,"-0.039999, 0.047879, -0.035220"
575,H,-1.748923,3.864329,-0.897614,18,['569'],,"0.017594, 0.048951, -0.037115"
576,H,-2.070982,2.234264,-1.555204,18,['569'],,"0.013910, 0.000234, -0.082149"
577,N,-4.122167,6.054682,-1.337336,7,"['563', '578', '581']",,"-0.143112, 0.112601, 0.135366"
578,CA,-3.463395,7.335634,-1.487747,8,"['577', '579', '582', '583']",,"-0.363504, 0.097471, -0.751357"
579,C,-3.088748,7.784266,-0.070024,9,"['578', '580', '589']",,"0.458800, -0.061818, -0.361108"
580,O,-3.968153,8.152175,0.730212,11,['579'],,"0.423578, 0.050918, -0.312194"
581,HN,-4.806185,6.027967,-0.567561,10,['577'],,"-0.336401, -0.004922, 0.206942"
582,H,-2.52498,7.221343,-2.08767,12,['578'],,"0.395123, -0.029651, -0.274675"
583,C,-4.41321,8.369251,-2.158907,137,"['578', '584', '587', '588']",,"-0.010031, 0.147394, 0.154584"
584,C,-4.683592,8.223818,-3.647937,139,"['583', '585', '586']",,"0.060803, 0.081619, 0.247188"
585,O,-3.92714,7.47138,-4.318162,140,['584'],,"-0.213995, 0.194476, 0.097286"
586,O,-5.657712,8.862579,-4.135637,140,['584'],,"0.021239, 0.026971, 0.137583"
587,H,-3.9653,9.383019,-2.020391,138,['583'],,"0.159178, 0.063770, 0.043820"
588,H,-5.389888,8.35995,-1.619909,138,['583'],,"0.016739, -0.094098, 0.119928"
589,N,-1.788198,7.681077,0.297782,7,"['579', '590', '593']",,"0.338228, -0.152471, -0.364186"
590,CA,-1.261115,8.292794,1.508862,8,"['589', '591', '594', '595']",,"-0.321520, -0.458068, -0.232910"
591,C,-1.01411,9.766609,1.189498,9,"['590', '592', '603']",,"-0.047867, -0.023857, 0.139007"
592,O,-0.745939,10.116156,0.043638,11,['591'],,"-0.073904, 0.026444, 0.016952"
593,HN,-1.081779,7.348369,-0.381361,10,['589'],,"0.394737, -0.127690, -0.413105"
594,H,-2.037322,8.217502,2.307064,12,['590'],,"-0.211702, -0.026055, 0.234747"
595,C,0.06749,7.677169,2.049134,37,"['590', '596', '597', '598']",,"0.031031, -0.321392, 0.192813"
596,OH,1.075976,7.661318,1.052587,39,"['595', '599']",,"-0.106292, 0.204785, -0.103551"
597,C,-0.149553,6.233926,2.531639,41,"['595', '600', '601', '602']",,"-0.085477, -0.030266, 0.023627"
598,H,0.435466,8.31184,2.892466,38,['595'],,"-0.033957, 0.111001, -0.063002"
599,HO,1.103976,8.516411,0.627822,40,['596'],,"-0.037958, 0.097425, -0.065896"
600,H,0.791608,5.747485,2.855242,42,['597'],,"-0.066944, 0.022596, -0.021637"
601,H,-0.609879,5.607116,1.738044,42,['597'],,"-0.000250, 0.083736, -0.037690"
602,H,-0.830426,6.236917,3.411645,42,['597'],,"-0.019657, 0.100967, 0.038205"
603,N,-0.929759,10.631334,2.231827,50,"['591', '604', '610']",,"-0.010976, -0.048794, 0.077900"
604,CA,-0.533029,12.009126,2.009564,51,"['603', '605', '607', '608']",,"-0.510668, 0.265154, -0.012841"
605,C,0.966723,12.053072,1.6916,52,"['604', '606', '617']",,"-0.230368, 0.241053, -0.111089"
606,O,1.765455,11.377051,2.343959,53,['605'],,"-0.198495, 0.109705, -0.175391"
607,H,-1.121302,12.438623,1.160365,54,['604'],,"-0.238557, 0.181787, -0.351501"
608,C,-0.906406,12.721785,3.332542,55,"['604', '609', '611', '612']",,"-0.239817, 0.454076, 0.390831"
609,C,-1.84172,11.727701,4.028203,57,"['608', '610', '613', '614']",,"0.009769, 0.246655, 0.234438"
610,C,-1.224869,10.392433,3.631622,59,"['603', '609', '615', '616']",,"-0.134236, 0.124827, 0.239553"
611,H,-1.409534,13.697206,3.163561,56,['608'],,"0.008509, 0.030886, -0.020249"
612,H,-0.005765,12.928536,3.950716,56,['608'],,"0.054413, 0.005354, -0.017511"
613,H,-2.880228,11.822568,3.633159,58,['609'],,"-0.045440, -0.016862, -0.025228"
614,H,-1.884065,11.879596,5.12754,58,['609'],,"0.015091, 0.024167, 0.064536"
615,H,-1.926586,9.555077,3.829524,60,['610'],,"0.021953, -0.095513, 0.038404"
616,H,-0.28685,10.185934,4.196719,60,['610'],,"0.059340, 0.000875, -0.002695"
617,N,1.343422,12.862392,0.669972,7,"['605', '618', '621']",,"-0.371889, -0.001135, -0.080139"
618,CA,2.720949,13.133303,0.244651,8,"['617', '619', '622', '623']",,"-0.597619, -0.125535, -0.609749"
619,C,3.434157,13.680292,1.498484,9,"['618', '620', '632']",,"-0.094891, -0.300246, -0.325965"
620,O,2.813475,14.335013,2.339111,11,['619'],,"0.031136, -0.226052, -0.226417"
621,HN,0.600869,13.387868,0.189023,10,['617'],,"-0.335537, 0.167622, -0.055202"
622,H,3.19031,12.171103,-0.077853,12,['618'],,"0.117654, -0.325404, -0.122391"
623,C,2.708563,14.198107,-0.91452,153,"['618', '624', '628', '629']",,"0.256823, 0.071466, -0.470811"
624,C,3.948108,14.279085,-1.834744,155,"['623', '625', '630', '631']",,"-0.387795, 0.356483, 0.454418"
625,C,3.949911,13.39766,-3.077457,157,"['624', '626', '627']",,"0.067950, 0.256271, 0.195074"
626,O,3.229109,13.738048,-4.073061,158,['625'],,"-0.033057, 0.066856, 0.633115"
627,O,4.674968,12.369493,-3.078606,158,['625'],,"-0.434572, 0.185534, 0.466199"
628,H,2.541854,15.198767,-0.456727,154,['623'],,"-0.128236, -0.002322, 0.029235"
629,H,1.819007,14.045206,-1.575584,154,['623'],,"-0.058778, -0.003727, -0.032669"
630,H,4.876328,14.063181,-1.253784,156,['624'],,"0.084889, 0.057168, -0.033553"
631,H,4.06905,15.330003,-2.19828,156,['624'],,"0.024732, 0.116920, -0.014065"
632,N,4.761843,13.445239,1.657714,7,"['619', '633', '636']",,"-0.023021, -0.274096, -0.112052"
633,CA,5.481454,13.808265,2.881879,8,"['632', '634', '637', '638']",,"0.055508, -0.565756, -0.160257"
634,C,5.302788,15.271109,3.327196,9,"['633', '635', '652']",,"-0.055104, -0.135168, -0.068776"
635,O,5.357565,15.559728,4.518534,11,['634'],,"0.049276, 0.019425, -0.074788"
636,HN,5.287482,12.967777,0.913282,10,['632'],,"0.045660, -0.058673, -0.116893"
637,H,5.031955,13.21397,3.715688,12,['633'],,"-0.172180, -0.132402, 0.298662"
638,C,6.995318,13.457822,2.79242,61,"['633', '639', '645', '646']",,"0.194846, -0.027374, 0.071169"
639,C,7.777798,13.660762,4.080074,63,"['638', '640', '641']",,"-0.147672, 0.159104, 0.079028"
640,C,7.82963,12.648349,5.058708,64,"['639', '642', '647']",,"0.009777, 0.127426, 0.021566"
641,C,8.466215,14.864565,4.329951,64,"['639', '643', '648']",,"-0.184196, 0.276278, 0.221608"
642,C,8.527406,12.8393,6.257967,66,"['640', '644', '649']",,"0.034289, 0.234122, 0.040962"
643,C,9.146788,15.06084,5.537533,66,"['641', '644', '650']",,"0.015178, 0.221935, 0.123713"
644,C,9.185798,14.047247,6.498677,68,"['642', '643', '651']",,"0.076091, 0.190443, 0.103746"
645,H,7.471423,14.067921,1.989124,62,['638'],,"-0.015085, 0.017154, -0.004416"
646,H,7.125852,12.396194,2.477191,62,['638'],,"0.001261, 0.023040, 0.004782"
647,H,7.283363,11.702816,4.909766,65,['640'],,"0.018187, 0.092006, 0.035988"
648,H,8.430786,15.696349,3.60701,65,['641'],,"-0.006252, 0.096880, 0.010831"
649,H,8.530157,12.059179,7.036888,67,['642'],,"-0.017931, 0.090835, 0.065072"
650,H,9.634643,16.026378,5.745546,67,['643'],,"0.015005, 0.121989, 0.055810"
651,H,9.709263,14.215283,7.453428,69,['644'],,"0.054344, 0.059329, 0.070534"
652,N,5.08003,16.212415,2.37717,7,"['634', '653', '656']",,"0.029056, -0.164740, -0.100202"
653,CA,4.955205,17.644748,2.622487,8,"['652', '654', '657', '658']",,"0.423248, 0.028034, -0.128341"
654,C,3.53125,18.139549,2.950291,9,"['653', '655', '666']",,"0.118877, -0.355002, 0.041617"
655,O,3.230174,19.343133,2.845346,11,['654'],,"-0.040180, -0.550223, 0.051962"
656,HN,4.92309,15.927473,1.401591,10,['652'],,"-0.032572, -0.099101, -0.086188"
657,H,5.556194,17.89463,3.534386,12,['653'],,"0.192640, 0.053011, 0.408745"
658,C,5.553009,18.425189,1.412388,147,"['653', '659', '662', '663']",,"0.014014, 0.196137, -0.135778"
659,C,6.982524,17.990364,1.107504,149,"['658', '660', '661']",,"-0.252553, -0.154356, -0.147259"
660,O,7.923162,18.341569,1.816274,150,['659'],,"-0.261286, -0.176770, -0.250104"
661,N,7.150354,17.183943,0.039075,151,"['659', '664', '665']",,"-0.022769, -0.030500, -0.260761"
662,H,5.573861,19.511624,1.651958,148,['658'],,"-0.063828, 0.017510, 0.003626"
663,H,4.900812,18.337439,0.512404,148,['658'],,"-0.045331, 0.028446, -0.046258"
664,HN,6.417244,17.0425,-0.664226,152,['661'],,"0.022646, 0.040008, -0.169933"
665,HN,8.098681,16.851514,-0.178267,152,['661'],,"-0.029996, -0.006553, -0.090440"
666,N,2.600339,17.238263,3.352482,7,"['654', '667', '670']",,"0.028712, -0.357908, 0.043663"
667,CA,1.220801,17.577424,3.698639,8,"['666', '668', '671', '672']",,"0.261668, 0.327480, -0.708770"
668,C,0.768789,16.731085,4.899318,9,"['667', '669', '681']",,"-0.182267, 0.250645, -0.234212"
669,O,1.524569,15.901145,5.416986,11,['668'],,"-0.078186, 0.330213, -0.124436"
670,HN,2.831713,16.245717,3.492788,10,['666'],,"0.063889, -0.301324, 0.038831"
671,H,1.198794,18.634965,4.06038,12,['667'],,"-0.015633, 0.344099, 0.113438"
672,C,0.340132,17.445437,2.429725,153,"['667', '673', '677', '678']",,"-0.153196, -0.341532, -0.527165"
673,C,-0.045119,16.015534,2.018808,155,"['672', '674', '679', '680']",,"0.240895, 0.312711, 0.475461"
674,C,-0.454255,15.820523,0.572742,157,"['673', '675', '676']",,"0.089723, 0.067052, 0.429975"
675,O,-0.92064,14.701351,0.238303,158,['674'],,"0.248200, 0.416805, 0.368776"
676,O,-0.338589,16.784562,-0.23209,158,['674'],,"0.471204, -0.286635, 0.189345"
677,H,0.886696,17.920728,1.579253,154,['672'],,"0.006285, 0.018838, -0.100501"
678,H,-0.589021,18.046745,2.528786,154,['672'],,"0.063271, 0.043133, -0.063125"
679,H,-0.89128,15.670333,2.654081,156,['673'],,"-0.008802, -0.030351, 0.092785"
680,H,0.795968,15.32028,2.233375,156,['673'],,"0.225266, -0.199514, 0.032240"
681,N,-0.427926,17.074923,5.446436,7,"['668', '682', '685']",,"-0.070944, 0.093864, -0.113540"
682,CA,-0.902064,16.63589,6.757711,8,"['681', '683', '686', '687']",,"-0.063996, 0.468841, -0.197762"
683,C,-1.049115,15.111539,6.799568,9,"['682', '684', '703']",,"0.038763, 0.066872, 0.138237"
684,O,-1.671538,14.516665,5.926012,11,['683'],,"0.063460, 0.084277, 0.041070"
685,HN,-1.094855,17.61817,4.88253,10,['681'],,"-0.089618, 0.017006, -0.104373"
686,H,-0.114353,16.932578,7.494967,12,['682'],,"0.245284, 0.104495, 0.232387"
687,C,-2.240789,17.340903,7.14244,182,"['682', '688', '692', '693']",,"-0.211559, -0.016427, 0.060256"
688,C,-2.579259,17.276363,8.651552,184,"['687', '689', '694', '695']",,"0.214207, -0.118563, -0.006163"
689,C,-3.862136,18.05739,9.019264,186,"['688', '690', '696', '697']",,"0.375776, -0.174112, -0.358343"
690,C,-4.138331,18.074658,10.539577,188,"['689', '691', '698', '699']",,"-0.198510, 0.161858, 0.024248"
691,N,-5.340334,18.834036,10.853534,190,"['690', '700', '701', '702']",,"-0.173239, -0.065634, 0.279269"
692,H,-3.067723,16.911232,6.525605,183,['687'],,"-0.062468, -0.041038, -0.143581"
693,H,-2.178167,18.415764,6.857669,183,['687'],,"-0.011378, -0.091101, 0.081652"
694,H,-1.718209,17.684493,9.234443,185,['688'],,"0.129229, -0.026662, 0.083913"
695,H,-2.673876,16.212407,8.969619,185,['688'],,"-0.001522, -0.098593, 0.039422"
696,H,-4.730526,17.60601,8.481185,187,['689'],,"0.001281, -0.041626, -0.083237"
697,H,-3.776004,19.107319,8.647554,187,['689'],,"0.049204, 0.045606, -0.055232"
698,H,-3.283348,18.515272,11.099227,189,['690'],,"0.011022, 0.032902, 0.100892"
699,H,-4.266734,17.03633,10.921688,189,['690'],,"-0.014899, 0.031672, 0.039929"
700,HN,-5.831958,18.47492,11.668962,191,['691'],,"-0.403166, -0.108170, 0.230437"
701,HN,-6.045447,18.774472,10.128428,191,['691'],,"-0.005764, -0.040285, 0.114886"
702,HN,-5.146088,19.811627,11.039116,191,['691'],,"0.005747, -0.128918, 0.073244"
703,N,-0.464568,14.492355,7.856725,7,"['683', '704', '707']",,"0.013601, 0.093938, 0.186801"
704,CA,-0.341607,13.061702,8.077289,8,"['703', '705', '708', '709']",,"-0.417061, 0.061678, 0.340779"
705,C,0.620948,12.326492,7.128595,9,"['704', '706', '724']",,"-0.047789, 0.363893, 0.025158"
706,O,0.687827,11.093789,7.173215,11,['705'],,"-0.209498, 0.404291, -0.091434"
707,HN,-0.02973,15.0561,8.601687,10,['703'],,"0.067056, 0.075253, 0.125113"
708,H,0.162762,12.94881,9.064652,12,['704'],,"0.310526, -0.046802, 0.372282"
709,C,-1.707393,12.319503,8.179105,70,"['704', '710', '717', '718']",,"-0.149381, -0.140832, 0.000595"
710,C,-2.560567,12.854166,9.309702,72,"['709', '711', '712']",,"0.114400, 0.012154, -0.078753"
711,C,-2.30313,12.492734,10.644423,73,"['710', '713', '719']",,"0.059945, 0.044923, 0.059361"
712,C,-3.627699,13.727286,9.047926,73,"['710', '714', '720']",,"0.052560, -0.041439, -0.020728"
713,C,-3.073934,13.014277,11.689925,75,"['711', '715', '721']",,"0.140137, 0.003479, 0.093710"
714,C,-4.407862,14.237657,10.088347,75,"['712', '715', '722']",,"-0.050321, -0.114743, 0.013370"
715,C,-4.124952,13.898644,11.418517,77,"['713', '714', '716']",,"-0.025715, -0.041384, 0.023057"
716,OH,-4.863292,14.405283,12.445147,78,"['715', '723']",,"-0.068572, -0.078502, -0.110472"
717,H,-1.53379,11.230093,8.334919,71,['709'],,"0.089025, -0.010739, -0.047921"
718,H,-2.25529,12.402485,7.212457,71,['709'],,"0.033362, 0.087125, -0.059869"
719,H,-1.478805,11.802027,10.888323,74,['711'],,"0.003351, -0.015058, 0.034227"
720,H,-3.85711,14.02558,8.011219,74,['712'],,"0.041957, 0.000257, -0.055255"
721,H,-2.856654,12.703627,12.726544,76,['713'],,"0.076548, -0.088998, 0.114226"
722,H,-5.253339,14.903356,9.851776,76,['714'],,"-0.055675, -0.086675, 0.007594"
723,HO,-5.740324,14.638004,12.162761,79,['716'],,"-0.170523, -0.054573, 0.003801"
724,N,1.402278,13.045137,6.285398,1,"['705', '725', '728']",,"-0.038054, 0.317682, -0.120416"
725,CA,2.382247,12.478101,5.386031,2,"['724', '726', '729', '730']",,"-0.666548, 0.022869, -0.233687"
726,C,3.658773,11.961362,6.037328,3,"['725', '727', '731']",,"-0.335329, 0.300357, -0.181181"
727,O,4.117194,10.859085,5.716697,5,['726'],,"-0.072319, 0.327248, -0.022207"
728,HN,1.357647,14.072262,6.240414,4,['724'],,"-0.010872, 0.329054, -0.050204"
729,H,1.929159,11.633177,4.819422,6,['725'],,"-0.019663, -0.200330, -0.210568"
730,H,2.656443,13.224853,4.607857,6,['725'],,"0.023825, 0.111320, -0.247046"
731,N,4.201697,12.668258,7.071521,50,"['726', '732', '738']",,"-0.009309, 0.265884, -0.006737"
732,CA,5.278359,12.10801,7.883739,51,"['731', '733', '735', '736']",,"0.394424, 0.389405, -0.132462"
733,C,4.8604,10.874758,8.678741,52,"['732', '734', '745']",,"-0.168620, 0.359580, -0.072717"
734,O,5.677574,9.975815,8.897404,53,['733'],,"-0.246050, 0.445342, -0.049221"
735,H,6.132594,11.814152,7.227368,54,['732'],,"0.248298, -0.084930, -0.252240"
736,C,5.674452,13.266961,8.821998,55,"['732', '737', '739', '740']",,"0.310637, 0.581651, 0.339732"
737,C,5.453443,14.472983,7.906182,57,"['736', '738', '741', '742']",,"0.184156, 0.257110, 0.128690"
738,C,4.11361,14.112915,7.255318,59,"['731', '737', '743', '744']",,"0.148395, 0.383146, 0.013507"
739,H,6.718442,13.201677,9.200758,56,['736'],,"-0.022857, 0.056762, -0.015966"
740,H,4.999656,13.323772,9.715059,56,['736'],,"-0.147270, -0.027522, 0.140470"
741,H,6.262492,14.557475,7.141716,58,['737'],,"0.077709, 0.073278, -0.149081"
742,H,5.436536,15.436025,8.461367,58,['737'],,"0.042674, 0.065409, -0.013252"
743,H,3.982937,14.672965,6.300822,60,['738'],,"0.017660, 0.087501, -0.131520"
744,H,3.259825,14.368501,7.924919,60,['738'],,"-0.083004, -0.070970, 0.037698"
745,N,3.595748,10.872356,9.165405,7,"['733', '746', '749']",,"-0.073611, 0.368395, -0.012848"
746,CA,2.980808,9.845486,9.983267,8,"['745', '747', '750', '751']",,"0.045239, 0.547184, 0.398964"
747,C,2.674934,8.576028,9.187594,9,"['746', '748', '760']",,"-0.085777, 0.338226, -0.107223"
748,O,2.93292,7.47381,9.675598,11,['747'],,"-0.152854, 0.341507, -0.050000"
749,HN,3.015483,11.711127,9.024067,10,['745'],,"-0.132996, 0.324265, 0.055788"
750,H,3.729549,9.521011,10.746591,12,['746'],,"0.210682, -0.146676, 0.178321"
751,C,1.70193,10.355258,10.725411,153,"['746', '752', '756', '757']",,"-0.080789, 0.407240, 0.377181"
752,C,1.972941,11.475692,11.764744,155,"['751', '753', '758', '759']",,"-0.417704, -0.614627, 0.100528"
753,C,2.551913,12.785769,11.270816,157,"['752', '754', '755']",,"-0.123317, -0.388631, 0.498080"
754,O,2.191817,13.224885,10.141489,158,['753'],,"-0.274549, -0.426820, 0.257502"
755,O,3.446685,13.383114,11.921333,158,['753'],,"-0.346908, -0.427019, 0.283443"
756,H,1.222789,9.494746,11.250281,154,['751'],,"-0.010957, -0.049869, -0.065392"
757,H,0.945787,10.703863,9.983146,154,['751'],,"0.005253, -0.026387, -0.063311"
758,H,2.646755,11.085259,12.560947,156,['752'],,"-0.001377, -0.047518, 0.134837"
759,H,1.020223,11.724372,12.292167,156,['752'],,"-0.114257, 0.038530, 0.152881"
760,N,2.167051,8.71724,7.936949,7,"['747', '761', '764']",,"-0.158165, 0.313818, -0.061397"
761,CA,1.940583,7.621915,7.008267,8,"['760', '762', '765', '766']",,"-0.698970, 0.308423, 0.027317"
762,C,3.256131,6.97739,6.575443,9,"['761', '763', '770']",,"-0.156275, 0.357148, 0.027836"
763,O,3.371677,5.747289,6.553282,11,['762'],,"-0.103590, 0.412027, -0.022460"
764,HN,1.870963,9.645029,7.607737,10,['760'],,"-0.182358, 0.342950, -0.106852"
765,H,1.368165,6.82197,7.535047,12,['761'],,"-0.100649, -0.280935, 0.139330"
766,C,1.159108,8.062476,5.748472,13,"['761', '767', '768', '769']",,"-0.287609, 0.094646, -0.217785"
767,H,0.984884,7.20017,5.067244,14,['766'],,"-0.034443, 0.015275, 0.006459"
768,H,1.704121,8.843276,5.168688,14,['766'],,"0.021538, 0.041300, 0.002307"
769,H,0.156657,8.476755,6.002396,14,['766'],,"-0.078056, 0.026556, -0.000921"
770,N,4.271936,7.812719,6.249097,7,"['762', '771', '774']",,"-0.090620, 0.363604, -0.109492"
771,CA,5.598058,7.351415,5.896604,8,"['770', '772', '775', '776']",,"-0.475521, 0.049737, -0.499508"
772,C,6.251709,6.571814,7.034351,9,"['771', '773', '781']",,"-0.113182, 0.237286, 0.080444"
773,O,6.779097,5.484045,6.802453,11,['772'],,"-0.082458, 0.453739, -0.002705"
774,HN,4.120822,8.831181,6.187801,10,['770'],,"-0.038071, 0.336584, -0.054121"
775,H,5.500027,6.603235,5.074923,12,['771'],,"0.051905, -0.261202, -0.258651"
776,C,6.525743,8.497221,5.432124,33,"['771', '777', '778', '779']",,"0.234215, 0.125642, -0.003431"
777,OH,6.047138,8.963679,4.177692,35,"['776', '780']",,"0.045622, 0.089533, 0.195641"
778,H,7.570831,8.130215,5.302989,34,['776'],,"0.060714, -0.072316, 0.009372"
779,H,6.536416,9.333161,6.170275,34,['776'],,"-0.036832, 0.002171, 0.040223"
780,HO,6.334235,9.863225,4.077592,36,['777'],,"-0.042155, 0.033536, 0.018248"
781,N,6.167488,7.084976,8.287198,7,"['772', '782', '785']",,"-0.043310, 0.330911, 0.061962"
782,CA,6.651055,6.406596,9.47913,8,"['781', '783', '786', '787']",,"0.322449, 0.599146, 0.098149"
783,C,5.97627,5.050532,9.706829,9,"['782', '784', '791']",,"-0.127386, 0.273844, -0.029361"
784,O,6.652257,4.076447,10.039225,11,['783'],,"-0.216944, 0.384106, 0.041696"
785,HN,5.799616,8.035281,8.429347,10,['781'],,"-0.084334, 0.331501, 0.070295"
786,H,7.73477,6.17814,9.332487,12,['782'],,"0.292229, -0.147550, -0.030627"
787,C,6.48977,7.282944,10.745384,13,"['782', '788', '789', '790']",,"0.020458, 0.154266, 0.264760"
788,H,6.86521,6.749771,11.648032,14,['787'],,"-0.011127, -0.041060, 0.000812"
789,H,5.420798,7.537511,10.928675,14,['787'],,"-0.045284, -0.025352, -0.046834"
790,H,7.055342,8.237852,10.656993,14,['787'],,"-0.009789, 0.012419, -0.043960"
791,N,4.639055,4.97311,9.498903,7,"['783', '792', '795']",,"-0.171832, 0.330238, 0.021102"
792,CA,3.841114,3.765735,9.656841,8,"['791', '793', '796', '797']",,"-0.162952, 0.589496, 0.425136"
793,C,4.294688,2.658829,8.708607,9,"['792', '794', '811']",,"-0.089962, 0.296520, -0.000687"
794,O,4.596784,1.545275,9.140947,11,['793'],,"-0.184197, 0.374603, -0.044013"
795,HN,4.110647,5.824695,9.266412,10,['791'],,"-0.181936, 0.268059, -0.024943"
796,H,4.011889,3.368945,10.687171,12,['792'],,"0.117149, -0.179196, 0.301464"
797,C,2.337161,4.082885,9.468743,61,"['792', '798', '804', '805']",,"-0.260351, 0.057740, 0.040014"
798,C,1.395537,2.917135,9.678827,63,"['797', '799', '800']",,"0.069002, 0.054167, 0.003058"
799,C,0.790752,2.708779,10.931999,64,"['798', '801', '806']",,"0.042290, 0.012368, 0.022777"
800,C,1.043939,2.070724,8.611464,64,"['798', '802', '807']",,"0.049271, -0.003848, -0.016973"
801,C,-0.153654,1.693551,11.106815,66,"['799', '803', '808']",,"0.018284, -0.005141, -0.026805"
802,C,0.09373,1.060764,8.785451,66,"['800', '803', '809']",,"0.016882, 0.032104, 0.025030"
803,C,-0.515453,0.881568,10.030811,68,"['801', '802', '810']",,"-0.051829, 0.020309, -0.002330"
804,H,2.149857,4.50346,8.451598,62,['797'],,"0.033862, 0.033889, -0.060494"
805,H,2.050838,4.895293,10.176204,62,['797'],,"0.017984, 0.051111, 0.014807"
806,H,1.030291,3.368527,11.782373,65,['799'],,"-0.009558, 0.075258, 0.050081"
807,H,1.492866,2.210561,7.614466,65,['800'],,"0.031326, 0.040347, -0.044447"
808,H,-0.648674,1.552221,12.080067,67,['801'],,"-0.081249, -0.017774, -0.034853"
809,H,-0.191198,0.429353,7.930163,67,['802'],,"-0.023607, 0.019953, 0.000171"
810,H,-1.294474,0.118605,10.174232,69,['803'],,"-0.071301, 0.041369, 0.021831"
811,N,4.363769,2.971965,7.392219,7,"['793', '812', '815']",,"-0.210757, 0.329847, -0.101119"
812,CA,4.850589,2.074369,6.361439,8,"['811', '813', '816', '817']",,"-0.556316, 0.051899, 0.238839"
813,C,6.282178,1.627509,6.613569,9,"['812', '814', '825']",,"-0.079829, 0.325368, 0.019702"
814,O,6.592628,0.445554,6.472468,11,['813'],,"-0.125164, 0.399267, 0.017057"
815,HN,4.069363,3.905788,7.072,10,['811'],,"-0.102577, 0.324490, -0.085092"
816,H,4.237555,1.141717,6.386014,12,['812'],,"-0.150198, -0.313592, -0.007459"
817,C,4.728794,2.711124,4.950201,37,"['812', '818', '819', '820']",,"0.084607, -0.006743, -0.529076"
818,OH,3.360753,2.577461,4.588954,39,"['817', '821']",,"0.046440, 0.176228, 0.029131"
819,C,5.555896,2.047597,3.833763,41,"['817', '822', '823', '824']",,"0.136178, 0.076074, 0.009003"
820,H,4.989013,3.798465,5.010656,38,['817'],,"0.031481, 0.050061, 0.027286"
821,HO,3.226553,3.170569,3.859758,40,['818'],,"-0.028340, 0.153773, -0.284024"
822,H,5.470445,2.649878,2.901185,42,['819'],,"0.084402, 0.230789, 0.103290"
823,H,5.257164,0.990741,3.65584,42,['819'],,"0.028556, 0.056930, 0.133989"
824,H,6.640296,2.049372,4.08046,42,['819'],,"0.020149, 0.030494, 0.011039"
825,N,7.170345,2.598767,6.922178,7,"['813', '826', '829']",,"-0.089372, 0.388181, -0.031134"
826,CA,8.577188,2.390227,7.195308,8,"['825', '827', '830', '831']",,"-0.083738, 0.403627, -0.436518"
827,C,8.774435,1.360737,8.304569,9,"['826', '828', '847']",,"-0.163643, 0.211791, 0.070467"
828,O,9.536956,0.412702,8.13933,11,['827'],,"-0.144374, 0.337905, 0.073330"
829,HN,6.863343,3.579775,6.925941,10,['825'],,"-0.077181, 0.414110, 0.001425"
830,H,9.041578,1.939886,6.286517,12,['826'],,"0.166360, -0.197355, -0.202395"
831,C,9.276201,3.740921,7.523109,182,"['826', '832', '836', '837']",,"0.127640, 0.234708, 0.004574"
832,C,10.787527,3.626355,7.781513,184,"['831', '833', '838', '839']",,"-0.077466, -0.197136, -0.023287"
833,C,11.483107,4.997095,7.913385,186,"['832', '834', '840', '841']",,"-0.270430, -0.032747, -0.195553"
834,C,13.021206,4.914596,7.928913,188,"['833', '835', '842', '843']",,"0.226652, -0.450763, 0.353416"
835,N,13.588767,4.170135,9.046433,190,"['834', '844', '845', '846']",,"0.083994, -0.437957, 0.132576"
836,H,8.784382,4.206569,8.410806,183,['831'],,"-0.060344, -0.011725, 0.023526"
837,H,9.098316,4.445407,6.673866,183,['831'],,"-0.068124, 0.043999, -0.022951"
838,H,11.257706,3.052223,6.949052,185,['832'],,"0.112304, -0.054594, 0.026258"
839,H,10.964434,3.015721,8.698597,185,['832'],,"0.047086, -0.086341, 0.029176"
840,H,11.119726,5.516576,8.831478,187,['833'],,"-0.038192, -0.031276, 0.019724"
841,H,11.183674,5.645652,7.05475,187,['833'],,"-0.043529, -0.025047, -0.075409"
842,H,13.456963,5.937377,7.94492,189,['834'],,"0.174418, -0.185094, 0.065821"
843,H,13.383375,4.433568,6.990278,189,['834'],,"0.061928, -0.179186, 0.106394"
844,HN,14.599595,4.166148,8.98599,191,['835'],,"-0.056039, 0.051654, -0.033741"
845,HN,13.316994,3.185499,9.007282,191,['835'],,"-0.019383, -0.596564, -0.117862"
846,HN,13.35141,4.551117,9.957477,191,['835'],,"0.078125, -0.024135, -0.012217"
847,N,8.045883,1.535135,9.431019,7,"['827', '848', '851']",,"-0.128142, 0.336771, 0.061818"
848,CA,8.033332,0.635505,10.569215,8,"['847', '849', '852', '853']",,"0.281834, 0.539480, 0.119533"
849,C,7.554913,-0.763626,10.177855,9,"['848', '850', '869']",,"-0.102248, 0.212461, -0.039939"
850,O,8.207472,-1.753367,10.504885,11,['849'],,"-0.188544, 0.238376, 0.017418"
851,HN,7.466108,2.379688,9.527876,10,['847'],,"-0.199105, 0.337566, 0.059721"
852,H,9.088211,0.501861,10.914294,12,['848'],,"0.354873, -0.139331, 0.103987"
853,C,7.174714,1.244453,11.717716,182,"['848', '854', '858', '859']",,"-0.024093, 0.169784, 0.096607"
854,C,7.137029,0.430099,13.028936,184,"['853', '855', '860', '861']",,"0.170892, -0.048471, -0.228671"
855,C,6.369037,1.181244,14.142501,186,"['854', '856', '862', '863']",,"0.357012, 0.076507, -0.499040"
856,C,5.84,0.238294,15.242838,188,"['855', '857', '864', '865']",,"-0.078531, 0.310775, 0.147536"
857,N,5.176858,0.987031,16.299712,190,"['856', '866', '867', '868']",,"0.037093, 0.107904, 0.227417"
858,H,6.134125,1.406908,11.343028,183,['853'],,"-0.025415, 0.016407, -0.071166"
859,H,7.578574,2.262833,11.940957,183,['853'],,"0.057928, 0.058754, -0.013678"
860,H,8.181307,0.23066,13.364473,185,['854'],,"0.075189, -0.012033, -0.022311"
861,H,6.681681,-0.567315,12.822623,185,['854'],,"0.014488, -0.051651, -0.046616"
862,H,5.505487,1.731745,13.697615,187,['855'],,"0.004834, 0.018090, -0.070992"
863,H,7.036363,1.963957,14.579941,187,['855'],,"0.101135, 0.096871, -0.013968"
864,H,6.667296,-0.35678,15.693811,189,['856'],,"-0.042633, 0.037428, 0.037480"
865,H,5.109414,-0.485721,14.811744,189,['856'],,"-0.012645, 0.025159, 0.068101"
866,HN,4.690833,0.374791,16.949321,191,['857'],,"-0.091772, -0.016105, -0.026958"
867,HN,4.485749,1.636853,15.938313,191,['857'],,"0.061740, -0.003892, 0.041456"
868,HN,5.857723,1.548666,16.815172,191,['857'],,"0.208358, 0.281797, 0.186005"
869,N,6.409796,-0.849914,9.451918,7,"['849', '870', '873']",,"-0.186743, 0.274787, 0.013559"
870,CA,5.844013,-2.100873,8.979033,8,"['869', '871', '874', '875']",,"-0.317674, 0.218139, 0.424446"
871,C,6.862057,-2.937137,8.198032,9,"['870', '872', '886']",,"-0.108427, 0.343743, -0.006800"
872,O,7.114004,-4.097078,8.538701,11,['871'],,"0.023513, 0.284420, -0.249666"
873,HN,5.889671,0.00476,9.212881,10,['869'],,"-0.155960, 0.281584, -0.053196"
874,H,5.620389,-2.716642,9.884547,12,['870'],,"-0.048523, -0.312309, 0.379387"
875,C,4.521937,-1.932664,8.150165,175,"['870', '876', '879', '880']",,"-0.188682, 0.059201, 0.044954"
876,C,3.280973,-1.537844,8.986472,177,"['875', '877', '881', '882']",,"0.176052, 0.013389, -0.123133"
877,S,2.707552,-2.969753,9.95421,179,"['876', '878']",,"-0.015543, 0.080460, 0.111041"
878,C,1.494672,-2.154396,11.021142,180,"['877', '883', '884', '885']",,"0.001772, 0.003241, -0.017075"
879,H,4.304575,-2.872384,7.589106,176,['875'],,"0.048549, -0.032389, -0.035805"
880,H,4.691346,-1.159259,7.362572,176,['875'],,"0.117295, 0.041872, -0.065357"
881,H,2.460355,-1.195429,8.31545,178,['876'],,"0.005973, 0.030285, 0.074750"
882,H,3.512834,-0.674496,9.649172,178,['876'],,"-0.012473, 0.099885, 0.009476"
883,H,1.056028,-2.908917,11.710923,181,['878'],,"0.004912, -0.012289, 0.011399"
884,H,0.687874,-1.704948,10.403638,181,['878'],,"0.010255, 0.035369, 0.002397"
885,H,1.995334,-1.361494,11.617775,181,['878'],,"-0.008239, 0.004001, -0.023242"
886,N,7.444129,-2.346448,7.124882,7,"['871', '887', '890']",,"-0.138101, 0.282285, -0.120857"
887,CA,8.3437,-3.033198,6.219002,8,"['886', '888', '891', '892']",,"-0.465206, -0.083204, -0.119373"
888,C,9.709316,-3.368951,6.834371,9,"['887', '889', '902']",,"-0.052150, 0.231265, 0.012957"
889,O,10.203101,-4.474892,6.633457,11,['888'],,"0.024396, 0.144887, 0.005717"
890,HN,7.265314,-1.354541,6.925402,10,['886'],,"-0.095993, 0.331434, -0.040477"
891,H,7.897038,-4.042263,6.039215,12,['887'],,"-0.048513, -0.376828, -0.048726"
892,C,8.491247,-2.370052,4.799959,15,"['887', '893', '894', '895']",,"0.040546, 0.019153, -0.109182"
893,C,7.107365,-2.254965,4.104196,17,"['892', '896', '897', '898']",,"0.054553, -0.010805, 0.126652"
894,C,9.157042,-0.971101,4.823606,17,"['892', '899', '900', '901']",,"0.019313, -0.016778, 0.083133"
895,H,9.129161,-3.052826,4.183174,16,['892'],,"0.005792, -0.020688, 0.034717"
896,H,7.207472,-1.913249,3.049855,18,['893'],,"0.012488, -0.022344, 0.050884"
897,H,6.431335,-1.54058,4.627574,18,['893'],,"0.010181, 0.037971, 0.058694"
898,H,6.592223,-3.241422,4.077591,18,['893'],,"0.024803, 0.005748, 0.015539"
899,H,9.298206,-0.567875,3.795876,18,['894'],,"0.003399, -0.033426, 0.041815"
900,H,10.165538,-1.007313,5.287556,18,['894'],,"0.023048, -0.011464, 0.028999"
901,H,8.568159,-0.223777,5.395498,18,['894'],,"-0.055688, 0.032193, 0.056895"
902,N,10.327651,-2.422916,7.586528,7,"['888', '903', '906']",,"-0.061275, 0.280450, -0.017155"
903,CA,11.629678,-2.577764,8.224996,8,"['902', '904', '907', '908']",,"0.148076, 0.437577, -0.355064"
904,C,11.666145,-3.544153,9.411466,9,"['903', '905', '917']",,"-0.138069, 0.166510, -0.085658"
905,O,12.730951,-4.068319,9.749953,11,['904'],,"-0.331880, -0.053656, -0.064890"
906,HN,9.861585,-1.522102,7.755407,10,['902'],,"-0.104205, 0.313605, 0.071581"
907,H,12.32844,-3.038542,7.48362,12,['903'],,"0.235462, -0.222334, -0.184481"
908,C,12.215845,-1.218688,8.713873,153,"['903', '909', '913', '914']",,"0.222410, 0.398053, -0.048564"
909,C,12.676368,-0.250079,7.603983,155,"['908', '910', '915', '916']",,"-0.275549, -0.762851, 0.099338"
910,C,13.115481,1.119631,8.067993,157,"['909', '911', '912']",,"-0.079875, -0.623244, -0.566649"
911,O,12.964862,1.473537,9.278626,158,['910'],,"-0.310067, -0.812438, -0.694849"
912,O,13.596508,1.944764,7.254055,158,['910'],,"0.139891, -0.421470, -0.415509"
913,H,13.082994,-1.428194,9.380661,154,['908'],,"0.012943, -0.092094, 0.086017"
914,H,11.462295,-0.715698,9.366348,154,['908'],,"-0.045183, 0.009436, 0.057725"
915,H,11.853632,-0.10482,6.86987,156,['909'],,"-0.127780, -0.020376, -0.048821"
916,H,13.522594,-0.710011,7.042467,156,['909'],,"0.098900, -0.115384, -0.088628"
917,N,10.5114,-3.739276,10.095898,7,"['904', '918', '921']",,"-0.065467, 0.287752, -0.010498"
918,CA,10.390556,-4.632789,11.239364,8,"['917', '919', '922', '923']",,"0.165506, 0.431258, 0.278663"
919,C,9.687172,-5.954476,10.88136,9,"['918', '920', '931']",,"0.056039, 0.352397, -0.162665"
920,O,9.458614,-6.824999,11.734862,11,['919'],,"-0.013320, 0.326436, -0.578566"
921,HN,9.664451,-3.193666,9.882637,10,['917'],,"-0.210579, 0.200404, -0.017811"
922,H,11.413778,-4.94144,11.571064,12,['918'],,"0.391931, -0.128995, 0.048924"
923,C,9.704002,-3.909417,12.434718,147,"['918', '924', '927', '928']",,"-0.281296, -0.002146, 0.214066"
924,C,10.358941,-2.591698,12.84653,149,"['923', '925', '926']",,"-0.297858, -0.153067, -0.009724"
925,O,11.415996,-2.196348,12.340233,150,['924'],,"-0.259901, -0.350847, -0.123713"
926,N,9.747019,-1.905542,13.835116,151,"['924', '929', '930']",,"-0.059555, 0.018093, 0.009718"
927,H,9.705673,-4.590016,13.317001,148,['923'],,"-0.026398, -0.044355, 0.007942"
928,H,8.628839,-3.729333,12.189505,148,['923'],,"-0.180567, -0.027689, -0.088955"
929,HN,8.934757,-2.302433,14.324419,152,['926'],,"-0.013821, -0.052748, 0.030602"
930,HN,10.147267,-1.002459,14.125012,152,['926'],,"0.032345, 0.026146, 0.037713"
931,N,9.353602,-6.181166,9.585465,7,"['919', '932', '935']",,"0.045703, 0.213814, -0.240819"
932,CA,8.841045,-7.451462,9.087787,8,"['931', '933', '936', '937']",,"-0.423229, 0.547416, -0.176030"
933,C,10.01011,-8.427141,8.952124,9,"['932', '934', '941']",,"-0.251395, -0.037737, 0.065294"
934,O,11.12081,-8.028479,8.60008,11,['933'],,"-0.275519, -0.010394, 0.095297"
935,HN,9.581349,-5.500435,8.850685,10,['931'],,"0.093420, 0.154068, -0.132520"
936,H,8.08735,-7.85369,9.809184,12,['932'],,"-0.194781, -0.105305, 0.267357"
937,C,8.212672,-7.264706,7.686023,13,"['932', '938', '939', '940']",,"-0.129081, 0.053327, -0.225263"
938,H,7.716083,-8.192529,7.326452,14,['937'],,"0.051856, 0.022354, 0.000665"
939,H,9.001136,-6.996489,6.944897,14,['937'],,"0.091881, 0.037918, -0.024290"
940,H,7.467841,-6.440448,7.680801,14,['937'],,"0.039487, 0.082873, 0.053045"
941,N,9.72933,-9.740606,9.146723,7,"['933', '942', '945']",,"-0.070063, 0.039870, 0.147046"
942,CA,10.672809,-10.804467,8.83489,8,"['941', '943', '946', '947']",,"0.399666, 0.331538, 0.425711"
943,C,10.379111,-11.519954,7.507006,9,"['942', '944', '963']",,"-0.000616, 0.158215, 0.161870"
944,O,11.230852,-12.240856,6.989149,11,['943'],,"-0.035278, 0.135645, 0.043026"
945,HN,8.794531,-10.03026,9.473709,10,['941'],,"-0.187282, -0.051605, 0.096999"
946,H,11.664981,-10.325231,8.628415,12,['942'],,"0.538588, 0.192695, -0.131499"
947,C,10.893429,-11.777134,10.0225,182,"['942', '948', '952', '953']",,"0.191498, 0.020132, 0.024227"
948,C,9.663326,-12.553625,10.539119,184,"['947', '949', '954', '955']",,"0.018023, 0.273423, -0.165487"
949,C,9.937535,-13.134628,11.943028,186,"['948', '950', '956', '957']",,"0.326192, 0.527479, -0.067221"
950,C,8.736322,-13.885447,12.543859,188,"['949', '951', '958', '959']",,"0.122522, -0.169327, -0.145376"
951,N,8.50267,-15.13262,11.835947,190,"['950', '960', '961', '962']",,"-0.008535, -0.115548, 0.030971"
952,H,11.331927,-11.174501,10.855034,183,['947'],,"0.014555, 0.039341, -0.051898"
953,H,11.700396,-12.493064,9.73461,183,['947'],,"0.056133, 0.058263, -0.063969"
954,H,9.375791,-13.326725,9.7889,185,['948'],,"0.018263, 0.116141, -0.019290"
955,H,8.785118,-11.868474,10.612058,185,['948'],,"-0.162989, 0.058049, -0.014559"
956,H,10.212209,-12.308379,12.640969,187,['949'],,"0.027761, 0.072254, 0.084427"
957,H,10.834579,-13.798923,11.910794,187,['949'],,"0.096700, 0.003746, 0.008731"
958,H,7.807715,-13.270606,12.534941,189,['950'],,"0.014925, -0.049741, -0.026121"
959,H,8.954116,-14.125533,13.61177,189,['950'],,"-0.027618, -0.044851, 0.064024"
960,HN,8.171041,-15.841547,12.487887,191,['951'],,"0.111977, -0.198379, 0.169631"
961,HN,9.384223,-15.505718,11.488386,191,['951'],,"0.107655, -0.010135, 0.076426"
962,HN,7.849954,-15.028261,11.060298,191,['951'],,"-0.001639, 0.042238, 0.008385"
963,N,9.184492,-11.304778,6.900224,7,"['943', '964', '967']",,"-0.079538, 0.089411, 0.272893"
964,CA,8.862451,-11.658517,5.525214,8,"['963', '965', '968', '969']",,"0.231966, -0.395157, 0.464233"
965,C,8.093613,-10.492725,4.876991,9,"['964', '966', '985']",,"0.366867, -0.135466, -0.187085"
966,O,7.022365,-10.098888,5.360786,11,['965'],,"0.400756, -0.059665, -0.334945"
967,HN,8.374809,-10.981456,7.448494,10,['963'],,"-0.234159, -0.013476, 0.214442"
968,H,9.810407,-11.821476,4.952341,12,['964'],,"0.357130, -0.086207, -0.134436"
969,C,7.971825,-12.940933,5.469179,182,"['964', '970', '974', '975']",,"-0.019453, -0.086375, -0.001857"
970,C,8.664166,-14.230033,5.966711,184,"['969', '971', '976', '977']",,"0.191315, 0.190751, -0.005365"
971,C,7.759624,-15.475444,5.811642,186,"['970', '972', '978', '979']",,"0.109284, 0.480664, -0.103089"
972,C,8.522974,-16.790476,6.067809,188,"['971', '973', '980', '981']",,"-0.332262, -0.365481, -0.158508"
973,N,7.700654,-17.964769,5.845885,190,"['972', '982', '983', '984']",,"-0.104859, -0.319914, -0.074893"
974,H,7.646361,-13.089597,4.411122,183,['969'],,"0.023919, 0.017608, 0.006227"
975,H,7.040574,-12.759144,6.057419,183,['969'],,"0.048362, 0.079684, 0.017289"
976,H,8.985479,-14.109782,7.027193,185,['970'],,"0.044569, 0.076448, 0.010809"
977,H,9.601031,-14.375899,5.377547,185,['970'],,"0.061653, 0.012967, -0.037216"
978,H,7.338596,-15.500771,4.777901,187,['971'],,"0.035269, 0.027273, -0.103931"
979,H,6.892047,-15.393183,6.50804,187,['971'],,"0.027378, 0.006246, -0.011283"
980,H,8.878304,-16.81879,7.123364,189,['972'],,"-0.027759, -0.080649, -0.097954"
981,H,9.428389,-16.870838,5.422365,189,['972'],,"-0.034958, -0.040630, -0.011349"
982,HN,8.069325,-18.739346,6.392322,191,['973'],,"0.026741, -0.293515, 0.154675"
983,HN,7.737086,-18.278735,4.876581,191,['973'],,"0.070874, -0.223120, -0.183006"
984,HN,6.735245,-17.838428,6.144991,191,['973'],,"-0.093968, -0.026094, 0.100364"
985,N,8.587726,-9.988744,3.716731,7,"['965', '986', '989']",,"0.229330, 0.048790, -0.128636"
986,CA,7.850526,-9.106324,2.815843,8,"['985', '987', '990', '991']",,"0.322798, 0.322464, 0.373739"
987,C,7.363777,-9.983399,1.647641,9,"['986', '988', '1004']",,"-0.097938, 0.354258, 0.120464"
988,O,8.090439,-10.838211,1.134431,11,['987'],,"-0.115004, 0.181235, 0.158655"
989,HN,9.478756,-10.329684,3.32732,10,['985'],,"0.147725, -0.049211, -0.122017"
990,H,6.962123,-8.695169,3.351805,12,['986'],,"-0.333937, 0.162978, 0.186315"
991,C,8.706566,-7.902706,2.278202,25,"['986', '992', '993', '995']",,"0.372528, 0.292450, 0.109120"
992,C,9.277407,-7.002759,3.412834,27,"['991', '994', '996', '997']",,"0.067904, -0.145686, -0.010697"
993,C,7.913197,-7.038238,1.257611,29,"['991', '998', '999', '1000']",,"0.049201, -0.057348, 0.026062"
994,C,8.21975,-6.249138,4.229162,31,"['992', '1001', '1002', '1003']",,"0.082458, -0.012519, 0.042812"
995,H,9.58372,-8.339691,1.746756,26,['991'],,"0.128529, -0.158902, -0.169087"
996,H,9.989458,-6.262873,2.975363,28,['992'],,"0.016759, -0.018909, 0.038866"
997,H,9.90298,-7.621171,4.099495,28,['992'],,"0.066865, -0.030596, 0.032300"
998,H,8.490549,-6.142864,0.937414,30,['993'],,"-0.003330, -0.009862, 0.011774"
999,H,6.939715,-6.687428,1.666816,30,['993'],,"0.003870, -0.013963, 0.021007"
1000,H,7.69022,-7.61214,0.331437,30,['993'],,"0.008664, -0.008362, 0.032985"
1001,H,8.71844,-5.689954,5.050334,32,['994'],,"0.129256, 0.010129, 0.065441"
1002,H,7.481114,-6.934391,4.698247,32,['994'],,"0.040693, 0.011407, -0.007279"
1003,H,7.661946,-5.507608,3.616844,32,['994'],,"0.039985, -0.047900, 0.011060"
1004,N,6.101362,-9.760193,1.217739,7,"['987', '1005', '1008']",,"-0.074709, 0.160019, 0.207692"
1005,CA,5.456912,-10.395629,0.083037,8,"['1004', '1006', '1009', '1010']",,"0.220507, -0.386824, 0.550629"
1006,C,4.774572,-9.316932,-0.772027,9,"['1005', '1007', '1019']",,"0.279979, -0.393759, -0.207473"
1007,O,4.123887,-8.40143,-0.252377,11,['1006'],,"0.241735, -0.309981, -0.370834"
1008,HN,5.529423,-9.042228,1.687409,10,['1004'],,"-0.191347, 0.243213, 0.221507"
1009,H,6.234894,-10.894401,-0.547138,12,['1005'],,"0.309888, -0.194949, -0.246955"
1010,C,4.39374,-11.435505,0.551521,153,"['1005', '1011', '1015', '1016']",,"0.063995, -0.406036, 0.256026"
1011,C,4.926696,-12.697539,1.268166,155,"['1010', '1012', '1017', '1018']",,"0.221343, 0.576449, -0.329383"
1012,C,3.859956,-13.633501,1.817356,157,"['1011', '1013', '1014']",,"0.432163, 0.147260, -0.164414"
1013,O,2.958903,-13.177492,2.582826,158,['1012'],,"0.680702, 0.456983, -0.316921"
1014,O,3.891519,-14.851381,1.505562,158,['1012'],,"0.441614, 0.399335, -0.338616"
1015,H,3.799034,-11.748373,-0.33316,154,['1010'],,"0.032905, 0.073152, -0.010184"
1016,H,3.675044,-10.93143,1.228204,154,['1010'],,"0.013953, 0.010476, -0.012995"
1017,H,5.579451,-12.408701,2.122175,156,['1011'],,"0.143917, 0.046364, 0.067091"
1018,H,5.575372,-13.270482,0.566933,156,['1011'],,"0.113773, 0.011888, -0.062187"
1019,N,4.863962,-9.443632,-2.116308,7,"['1006', '1020', '1023']",,"0.267512, -0.226389, -0.131200"
1020,CA,4.151894,-8.634955,-3.096076,8,"['1019', '1021', '1024', '1025']",,"0.558890, 0.234939, 0.303251"
1021,C,3.087701,-9.52265,-3.753375,9,"['1020', '1022', '1035']",,"0.011250, 0.432546, 0.087640"
1022,O,3.323854,-10.690751,-4.070427,11,['1021'],,"-0.117622, 0.421912, -0.056493"
1023,HN,5.356282,-10.253164,-2.517285,10,['1019'],,"0.206852, -0.389497, -0.154274"
1024,H,3.624269,-7.800147,-2.56791,12,['1020'],,"-0.160412, 0.271719, 0.214050"
1025,C,5.085963,-7.985868,-4.179356,15,"['1020', '1026', '1027', '1028']",,"0.207486, 0.140022, -0.118103"
1026,C,6.107335,-7.041736,-3.502961,17,"['1025', '1029', '1030', '1031']",,"0.042892, -0.004164, 0.003727"
1027,C,5.850933,-9.011093,-5.054399,17,"['1025', '1032', '1033', '1034']",,"0.027387, -0.033977, -0.027013"
1028,H,4.436351,-7.366524,-4.849139,16,['1025'],,"0.034805, -0.007240, 0.002958"
1029,H,6.712752,-6.49122,-4.257878,18,['1026'],,"0.021570, 0.035291, -0.047129"
1030,H,6.816758,-7.586965,-2.843096,18,['1026'],,"0.001964, -0.014970, -0.000455"
1031,H,5.601895,-6.275329,-2.878009,18,['1026'],,"0.029280, -0.001888, -0.019040"
1032,H,6.461163,-8.504074,-5.836346,18,['1027'],,"0.022636, -0.004185, -0.016383"
1033,H,5.150762,-9.688495,-5.591017,18,['1027'],,"-0.006751, -0.020001, 0.024889"
1034,H,6.540409,-9.65344,-4.461698,18,['1027'],,"0.017415, -0.032224, 0.004815"
1035,N,1.869448,-8.977649,-3.960252,7,"['1021', '1036', '1039']",,"0.011291, 0.206087, 0.182039"
1036,CA,0.758391,-9.635842,-4.628805,8,"['1035', '1037', '1040', '1041']",,"0.140715, -0.269152, 0.726346"
1037,C,0.274636,-8.709807,-5.748137,9,"['1036', '1038', '1050']",,"0.165183, -0.370937, 0.029761"
1038,O,-0.329971,-7.659086,-5.499808,11,['1037'],,"0.055140, -0.399227, -0.238779"
1039,HN,1.64074,-8.062795,-3.544094,10,['1035'],,"-0.111658, 0.284323, 0.285393"
1040,H,1.091491,-10.612981,-5.059337,12,['1036'],,"0.136367, -0.386202, -0.092495"
1041,C,-0.373251,-9.871766,-3.5911,153,"['1036', '1042', '1046', '1047']",,"-0.449091, -0.178184, 0.047079"
1042,C,-1.601819,-10.650916,-4.103986,155,"['1041', '1043', '1048', '1049']",,"0.624419, 0.071250, -0.105936"
1043,C,-2.822306,-10.577501,-3.20361,157,"['1042', '1044', '1045']",,"0.332690, -0.405661, -0.433456"
1044,O,-3.018159,-9.530101,-2.521995,158,['1043'],,"0.690713, -0.093645, -0.840368"
1045,O,-3.639417,-11.525644,-3.152691,158,['1043'],,"0.137735, -0.230350, -0.044536"
1046,H,-0.713155,-8.867167,-3.254405,154,['1041'],,"0.018122, 0.069939, -0.034427"
1047,H,0.031542,-10.386914,-2.688856,154,['1041'],,"0.069681, 0.053277, -0.010063"
1048,H,-1.335413,-11.719413,-4.266613,156,['1042'],,"0.090639, -0.103238, -0.068331"
1049,H,-1.915766,-10.251468,-5.094758,156,['1042'],,"-0.028235, 0.013646, -0.145901"
1050,N,0.590888,-9.070497,-7.013413,7,"['1037', '1051', '1054']",,"0.137643, -0.147124, -0.009249"
1051,CA,0.103323,-8.362516,-8.192584,8,"['1050', '1052', '1055', '1056']",,"0.508290, -0.048868, 0.004262"
1052,C,-1.366358,-8.740552,-8.401198,9,"['1051', '1053', '1070']",,"0.093985, 0.206463, -0.130193"
1053,O,-1.757024,-9.89552,-8.211701,11,['1052'],,"0.081024, 0.172932, -0.005679"
1054,HN,1.140786,-9.922664,-7.181633,10,['1050'],,"0.049503, -0.107603, 0.013497"
1055,H,0.159093,-7.26064,-7.996612,12,['1051'],,"0.039022, 0.383555, 0.113280"
1056,C,0.899199,-8.709417,-9.482102,61,"['1051', '1057', '1063', '1064']",,"0.208727, 0.142800, -0.185736"
1057,C,2.299642,-8.138005,-9.449059,63,"['1056', '1058', '1059']",,"0.082704, 0.156495, 0.028133"
1058,C,3.396702,-8.925233,-9.061602,64,"['1057', '1060', '1065']",,"0.075794, 0.063921, 0.028497"
1059,C,2.529791,-6.79758,-9.813438,64,"['1057', '1061', '1066']",,"-0.014408, 0.189267, -0.028831"
1060,C,4.68544,-8.384601,-9.042534,66,"['1058', '1062', '1067']",,"0.034913, 0.086089, 0.066398"
1061,C,3.82576,-6.272039,-9.835232,66,"['1059', '1062', '1068']",,"0.018100, 0.126558, -0.055652"
1062,C,4.908492,-7.069081,-9.456569,68,"['1060', '1061', '1069']",,"0.046928, 0.087284, -0.069172"
1063,H,0.37054,-8.293403,-10.370776,62,['1056'],,"-0.029714, 0.010406, 0.003191"
1064,H,0.934979,-9.809869,-9.638784,62,['1056'],,"-0.017173, 0.045055, 0.051434"
1065,H,3.259675,-9.97665,-8.756254,65,['1058'],,"0.077853, -0.027379, -0.019757"
1066,H,1.693464,-6.140651,-10.103309,65,['1059'],,"-0.030827, 0.172486, 0.059641"
1067,H,5.525434,-8.999709,-8.693482,67,['1060'],,"0.048178, -0.009187, 0.062081"
1068,H,3.987534,-5.22993,-10.154405,67,['1061'],,"-0.024674, 0.089381, -0.081418"
1069,H,5.92946,-6.654699,-9.464058,69,['1062'],,"0.067064, 0.046155, -0.019147"
1070,N,-2.17735,-7.737353,-8.808237,7,"['1052', '1071', '1074']",,"0.093854, 0.082189, -0.035458"
1071,CA,-3.590879,-7.914795,-9.115331,8,"['1070', '1072', '1075', '1076']",,"-0.018148, 0.357012, 0.670230"
1072,C,-3.72605,-8.251878,-10.609893,9,"['1071', '1073', '1082']",,"-0.322727, -0.046816, 0.241227"
1073,O,-2.761156,-8.239797,-11.38049,11,['1072'],,"-0.175567, 0.173482, 0.347590"
1074,HN,-1.780001,-6.825904,-9.074543,10,['1070'],,"0.053136, 0.106615, -0.051343"
1075,H,-3.96266,-8.804068,-8.554826,12,['1071'],,"-0.150220, -0.358031, 0.170573"
1076,C,-4.393232,-6.669154,-8.636731,137,"['1071', '1077', '1080', '1081']",,"0.463000, 0.312296, 0.012088"
1077,C,-5.882124,-6.793845,-8.42499,139,"['1076', '1078', '1079']",,"0.555847, 0.075419, -0.070127"
1078,O,-6.467563,-7.850886,-8.771318,140,['1077'],,"0.287429, 0.358182, 0.109530"
1079,O,-6.491063,-5.86763,-7.831454,140,['1077'],,"0.347224, 0.020975, -0.524911"
1080,H,-4.198452,-5.835552,-9.352269,138,['1076'],,"0.092262, 0.185069, -0.262328"
1081,H,-3.953106,-6.321541,-7.673926,138,['1076'],,"0.169723, 0.030531, 0.056896"
1082,N,-4.963386,-8.600086,-11.022822,7,"['1072', '1083', '1086']",,"-0.260630, -0.120476, 0.240858"
1083,CA,-5.387092,-8.946432,-12.363011,8,"['1082', '1084', '1087', '1088']",,"-0.118900, -0.394187, 0.301749"
1084,C,-5.253589,-7.840783,-13.414448,9,"['1083', '1085', '1104']",,"0.131194, 0.078205, 0.217418"
1085,O,-5.37161,-8.133847,-14.603605,11,['1084'],,"0.239731, 0.017551, 0.177178"
1086,HN,-5.707364,-8.620602,-10.316418,10,['1082'],,"-0.261875, 0.116557, 0.345559"
1087,H,-4.721826,-9.762406,-12.739115,12,['1083'],,"0.118516, -0.218807, -0.199980"
1088,C,-6.853059,-9.475384,-12.341806,182,"['1083', '1089', '1093', '1094']",,"-0.190502, -0.127259, -0.238226"
1089,C,-7.940094,-8.437882,-11.952786,184,"['1088', '1090', '1095', '1096']",,"0.124438, 0.025724, -0.016413"
1090,C,-9.326074,-9.107252,-11.855042,186,"['1089', '1091', '1097', '1098']",,"0.193334, -0.288754, -0.011209"
1091,C,-10.510887,-8.174757,-11.539882,188,"['1090', '1092', '1099', '1100']",,"-0.038625, 0.368892, -0.348843"
1092,N,-10.695232,-7.068659,-12.470746,190,"['1091', '1101', '1102', '1103']",,"-0.141620, 0.344556, -0.039164"
1093,H,-6.90349,-10.357025,-11.660386,183,['1088'],,"0.052593, 0.062236, -0.068290"
1094,H,-7.080588,-9.879548,-13.356534,183,['1088'],,"0.045120, -0.061378, -0.169721"
1095,H,-7.951536,-7.619334,-12.710809,185,['1089'],,"0.041111, 0.015178, 0.028681"
1096,H,-7.697816,-7.945328,-10.981393,185,['1089'],,"-0.004497, 0.046167, 0.078551"
1097,H,-9.298394,-9.898689,-11.070589,187,['1090'],,"-0.026637, 0.061348, -0.012950"
1098,H,-9.533523,-9.645864,-12.80911,187,['1090'],,"-0.027160, -0.060598, -0.166735"
1099,H,-10.424851,-7.756184,-10.511642,189,['1091'],,"-0.014441, 0.134458, -0.083431"
1100,H,-11.447985,-8.780072,-11.560691,189,['1091'],,"-0.006988, 0.112467, -0.128932"
1101,HN,-11.661447,-6.759032,-12.389888,191,['1092'],,"-0.317947, 0.022396, 0.051225"
1102,HN,-10.560114,-7.318402,-13.443101,191,['1092'],,"-0.071756, 0.036778, 0.115709"
1103,HN,-10.095932,-6.271969,-12.245023,191,['1092'],,"0.117008, 0.256113, 0.095555"
1104,N,-5.141305,-6.559358,-13.003408,1,"['1084', '1105', '1108']",,"0.085514, 0.097490, 0.229595"
1105,CA,-4.966689,-5.431941,-13.889449,2,"['1104', '1106', '1109', '1110']",,"-0.534489, -0.312469, 0.231074"
1106,C,-3.521299,-5.25452,-14.339011,3,"['1105', '1107', '1111']",,"-0.420159, 0.220329, -0.000116"
1107,O,-2.67711,-6.149878,-14.212306,5,['1106'],,"-0.275363, 0.234839, -0.049575"
1108,HN,-4.979634,-6.310667,-12.01959,4,['1104'],,"0.125953, 0.115302, 0.206237"
1109,H,-5.597048,-5.543377,-14.800845,6,['1105'],,"-0.090500, 0.008894, -0.208601"
1110,H,-5.321053,-4.505605,-13.387713,6,['1105'],,"-0.100333, 0.217023, -0.000806"
1111,N,-3.232565,-4.046184,-14.888996,7,"['1106', '1112', '1115']",,"-0.203179, 0.162110, -0.075597"
1112,CA,-1.908566,-3.653748,-15.359462,8,"['1111', '1113', '1116', '1117']",,"-0.519263, 0.120616, -0.364821"
1113,C,-0.951961,-3.57838,-14.167161,9,"['1112', '1114', '1128']",,"-0.045143, -0.056047, -0.309225"
1114,O,-1.266096,-2.998673,-13.123736,11,['1113'],,"0.247467, -0.131982, -0.237475"
1115,HN,-3.972307,-3.329872,-14.934025,10,['1111'],,"-0.216505, 0.128957, 0.028390"
1116,H,-1.539609,-4.448991,-16.054741,12,['1112'],,"0.057351, -0.208371, -0.204907"
1117,C,-1.919252,-2.298682,-16.116894,167,"['1112', '1118', '1122', '1123']",,"-0.013924, 0.223355, -0.524949"
1118,C,-2.696741,-2.375472,-17.454771,169,"['1117', '1119', '1124', '1125']",,"0.065432, -0.001622, -0.040380"
1119,C,-2.865184,-1.034714,-18.162193,171,"['1118', '1120', '1121']",,"-0.009189, -0.039036, -0.099398"
1120,O,-2.325817,-0.012581,-17.760245,172,['1119'],,"0.050040, -0.051187, -0.030633"
1121,N,-3.68734,-1.052972,-19.23551,173,"['1119', '1126', '1127']",,"-0.001327, -0.067511, -0.056288"
1122,H,-0.868032,-1.991249,-16.342445,168,['1117'],,"0.119994, 0.067150, -0.083577"
1123,H,-2.339921,-1.490201,-15.477043,168,['1117'],,"0.099428, 0.005450, -0.001677"
1124,H,-3.703861,-2.822798,-17.294216,170,['1118'],,"-0.063899, -0.073120, -0.060087"
1125,H,-2.1594,-3.054341,-18.158417,170,['1118'],,"0.003651, -0.069160, -0.127650"
1126,HN,-4.110301,-1.928945,-19.561971,174,['1121'],,"-0.008967, -0.065078, -0.026517"
1127,HN,-3.845071,-0.17169,-19.743643,174,['1121'],,"0.012943, -0.031125, -0.030195"
1128,N,0.21584,-4.259788,-14.301014,7,"['1113', '1129', '1132']",,"-0.060933, -0.098475, -0.084991"
1129,CA,1.152218,-4.486836,-13.21722,8,"['1128', '1130', '1133', '1134']",,"-0.207933, -0.319703, 0.104946"
1130,C,2.172455,-3.376621,-12.951246,9,"['1129', '1131', '1152']",,"-0.051048, 0.079671, -0.261912"
1131,O,2.854704,-3.449157,-11.926263,11,['1130'],,"0.000137, -0.092504, -0.456041"
1132,HN,0.520979,-4.577709,-15.231639,10,['1128'],,"0.034706, -0.000630, -0.113482"
1133,H,0.566728,-4.498283,-12.261515,12,['1129'],,"-0.184690, 0.084313, 0.396685"
1134,C,1.881228,-5.870307,-13.341574,202,"['1129', '1135', '1141', '1142']",,"0.116343, -0.108733, 0.118807"
1135,C,0.987104,-7.105961,-13.07537,204,"['1134', '1136', '1143', '1144']",,"0.156703, 0.187310, 0.131061"
1136,C,0.05432,-7.522593,-14.229097,206,"['1135', '1137', '1145', '1146']",,"-0.002295, 0.303766, -0.035073"
1137,N,-0.916505,-8.483019,-13.722138,208,"['1136', '1138', '1147']",,"0.010916, 0.189262, -0.017921"
1138,C,-0.835791,-9.816445,-13.718773,210,"['1137', '1139', '1140']",,"-0.069000, 0.097849, -0.057537"
1139,N,0.215328,-10.489157,-14.198804,211,"['1138', '1148', '1149']",,"-0.020949, 0.080883, -0.056111"
1140,N,-1.830911,-10.510358,-13.153731,211,"['1138', '1150', '1151']",,"-0.024893, 0.102774, -0.044556"
1141,H,2.696812,-5.885982,-12.576302,203,['1134'],,"0.065613, 0.070502, 0.075759"
1142,H,2.412141,-5.948073,-14.318034,203,['1134'],,"0.016756, 0.040224, 0.044678"
1143,H,0.391402,-6.90374,-12.154042,205,['1135'],,"-0.038182, 0.000003, 0.003120"
1144,H,1.652359,-7.96557,-12.81793,205,['1135'],,"0.025918, 0.007885, -0.002021"
1145,H,0.63391,-7.926656,-15.087126,207,['1136'],,"0.102685, 0.094789, -0.130408"
1146,H,-0.495594,-6.643745,-14.629573,207,['1136'],,"-0.179089, 0.207144, -0.029222"
1147,HN,-1.769906,-8.030818,-13.35512,209,['1137'],,"-0.218319, 0.087518, 0.108603"
1148,HN,1.07518,-9.980078,-14.438283,212,['1139'],,"0.149866, 0.110451, 0.020908"
1149,HN,0.184447,-11.508089,-14.323686,212,['1139'],,"-0.027423, 0.052211, -0.012330"
1150,HN,-2.548921,-9.983081,-12.636801,212,['1140'],,"0.037377, 0.180275, 0.057694"
1151,HN,-1.820775,-11.538272,-13.11843,212,['1140'],,"0.002988, 0.033482, -0.007738"
1152,N,2.295996,-2.347939,-13.821679,7,"['1130', '1153', '1156']",,"0.006916, 0.046764, -0.230816"
1153,CA,3.265611,-1.267301,-13.659475,8,"['1152', '1154', '1157', '1158']",,"0.020718, -0.442246, 0.185118"
1154,C,2.617213,0.036538,-14.143617,9,"['1153', '1155', '1166']",,"0.285509, 0.115576, 0.222733"
1155,O,1.903899,0.018546,-15.148482,11,['1154'],,"0.068818, 0.119226, 0.101394"
1156,HN,1.692386,-2.230862,-14.647589,10,['1152'],,"-0.102753, 0.118959, -0.191061"
1157,H,3.534165,-1.163992,-12.581872,12,['1153'],,"0.181900, 0.065970, 0.413937"
1158,C,4.549279,-1.566327,-14.500816,37,"['1153', '1159', '1160', '1161']",,"0.500839, 0.108926, -0.064877"
1159,OH,4.978928,-2.902589,-14.239407,39,"['1158', '1162']",,"-0.218820, 0.039221, -0.151274"
1160,C,5.732839,-0.645434,-14.166713,41,"['1158', '1163', '1164', '1165']",,"0.100927, 0.082361, 0.092423"
1161,H,4.291104,-1.490014,-15.587673,38,['1158'],,"-0.112585, -0.102851, -0.035915"
1162,HO,4.643746,-3.40368,-14.978379,40,['1159'],,"-0.132191, -0.069689, -0.319462"
1163,H,6.670449,-0.970705,-14.673201,42,['1160'],,"0.025699, -0.102238, 0.083531"
1164,H,5.945198,-0.648678,-13.077447,42,['1160'],,"-0.022531, -0.005911, 0.022773"
1165,H,5.517707,0.409559,-14.460835,42,['1160'],,"-0.103032, 0.066397, 0.017475"
1166,N,2.853469,1.172032,-13.435876,7,"['1154', '1167', '1170']",,"0.231004, -0.071390, 0.211776"
1167,CA,2.3712,2.488667,-13.856584,8,"['1166', '1168', '1171', '1172']",,"-0.252176, -0.256320, 0.698786"
1168,C,3.324976,3.04067,-14.925802,9,"['1167', '1169', '1178']",,"-0.312087, -0.015970, 0.155143"
1169,O,4.408789,2.501507,-15.171405,11,['1168'],,"-0.347385, 0.058169, 0.150035"
1170,HN,3.530416,1.165202,-12.65807,10,['1166'],,"0.276812, -0.041754, 0.280425"
1171,H,1.381763,2.350462,-14.359311,12,['1167'],,"-0.342340, -0.121476, -0.252284"
1172,C,2.190484,3.468328,-12.653503,137,"['1167', '1173', '1176', '1177']",,"-0.536911, -0.103536, -0.100805"
1173,C,3.401173,3.940206,-11.877184,139,"['1172', '1174', '1175']",,"-0.319971, -0.187929, -0.157592"
1174,O,4.549944,3.633285,-12.284806,140,['1173'],,"-0.272393, -0.041667, 0.053770"
1175,O,3.222091,4.674574,-10.861585,140,['1173'],,"-0.404825, -0.327964, -0.538097"
1176,H,1.484263,3.005338,-11.926822,138,['1172'],,"-0.115146, -0.112796, 0.021139"
1177,H,1.665785,4.384255,-13.013176,138,['1172'],,"-0.082374, 0.014225, -0.046536"
1178,N,2.92736,4.187792,-15.53973,7,"['1168', '1179', '1182']",,"-0.210886, -0.036728, -0.093409"
1179,CA,3.73378,4.956504,-16.479757,8,"['1178', '1180', '1183', '1184']",,"-0.373255, -0.257847, -0.389959"
1180,C,5.09394,5.474085,-15.967569,9,"['1179', '1181', '1200']",,"-0.122320, -0.191600, 0.162164"
1181,O,5.875295,5.993125,-16.774645,11,['1180'],,"-0.354960, -0.071795, 0.173877"
1182,HN,1.929201,4.43274,-15.505877,10,['1178'],,"-0.107538, -0.032293, -0.053372"
1183,H,4.026603,4.246978,-17.29479,12,['1179'],,"0.288198, -0.343735, -0.297894"
1184,C,2.929802,6.117228,-17.149947,182,"['1179', '1185', '1189', '1190']",,"0.036174, 0.010095, -0.195768"
1185,C,2.424732,7.251092,-16.224059,184,"['1184', '1186', '1191', '1192']",,"0.189882, -0.133863, 0.032259"
1186,C,1.694,8.353512,-17.034205,186,"['1185', '1187', '1193', '1194']",,"0.386538, -0.379552, -0.071623"
1187,C,0.880336,9.323633,-16.151841,188,"['1186', '1188', '1195', '1196']",,"-0.103648, 0.120365, -0.269286"
1188,N,-0.035459,10.133123,-16.943651,190,"['1187', '1197', '1198', '1199']",,"-0.078568, 0.134749, -0.176191"
1189,H,2.074346,5.672974,-17.716772,183,['1184'],,"-0.020505, -0.057378, -0.035092"
1190,H,3.589396,6.574126,-17.926058,183,['1184'],,"0.055682, 0.003390, 0.048883"
1191,H,3.285069,7.700212,-15.670856,185,['1185'],,"0.089857, 0.024117, 0.051704"
1192,H,1.747428,6.824268,-15.449112,185,['1185'],,"0.043083, 0.018121, -0.011054"
1193,H,1.014124,7.875472,-17.781207,187,['1186'],,"0.008468, -0.081497, -0.094983"
1194,H,2.439613,8.931484,-17.63541,187,['1186'],,"0.085486, 0.033350, -0.055108"
1195,H,1.568808,9.997775,-15.590756,189,['1187'],,"-0.025192, 0.044523, 0.011949"
1196,H,0.276997,8.775293,-15.394405,189,['1187'],,"-0.036223, 0.110417, -0.031908"
1197,HN,-0.287428,11.009165,-16.49723,191,['1188'],,"-0.029709, -0.022865, -0.044012"
1198,HN,-0.911438,9.658337,-17.125085,191,['1188'],,"0.004621, 0.080956, -0.039079"
1199,HN,0.329993,10.331073,-17.873095,191,['1188'],,"-0.037777, -0.050490, -0.332481"
1200,N,5.381176,5.391959,-14.64079,7,"['1180', '1201', '1204']",,"-0.174400, -0.005920, 0.175041"
1201,CA,6.624146,5.803703,-14.006426,8,"['1200', '1202', '1205', '1206']",,"-0.212651, 0.395226, 0.095337"
1202,C,7.553951,4.628517,-13.638792,9,"['1201', '1203', '1221']",,"-0.133288, 0.046257, -0.069530"
1203,O,8.55426,4.828099,-12.948322,11,['1202'],,"-0.104583, 0.021772, -0.072302"
1204,HN,4.783365,4.866572,-13.986484,10,['1200'],,"-0.094392, -0.194070, 0.252203"
1205,H,7.225286,6.40972,-14.727796,12,['1201'],,"0.228415, 0.154603, -0.252803"
1206,C,6.335454,6.6665,-12.737452,70,"['1201', '1207', '1214', '1215']",,"0.103364, 0.073962, 0.207349"
1207,C,5.536882,7.915275,-13.061055,72,"['1206', '1208', '1209']",,"0.141870, -0.202845, -0.140090"
1208,C,4.172262,8.001044,-12.739965,73,"['1207', '1210', '1216']",,"0.035612, -0.087888, -0.106796"
1209,C,6.156219,9.035919,-13.646526,73,"['1207', '1211', '1217']",,"0.030468, 0.014658, 0.078338"
1210,C,3.451783,9.171274,-12.993687,75,"['1208', '1212', '1218']",,"0.193079, 0.034983, 0.089947"
1211,C,5.429142,10.205431,-13.909216,75,"['1209', '1212', '1219']",,"0.056392, 0.059694, 0.025607"
1212,C,4.069537,10.281215,-13.580528,77,"['1210', '1211', '1213']",,"0.132628, 0.151953, 0.012242"
1213,OH,3.307153,11.393922,-13.780381,78,"['1212', '1220']",,"0.179762, 0.114812, -0.024956"
1214,H,7.300659,6.955748,-12.259734,71,['1206'],,"0.103112, -0.083608, -0.000595"
1215,H,5.801029,6.047417,-11.976468,71,['1206'],,"-0.032393, -0.093232, 0.012833"
1216,H,3.662214,7.152838,-12.253013,74,['1208'],,"0.040021, -0.105820, 0.063860"
1217,H,7.232464,9.008559,-13.886401,74,['1209'],,"0.062579, 0.008660, 0.078524"
1218,H,2.404298,9.249806,-12.667143,76,['1210'],,"0.180252, 0.128089, 0.124843"
1219,H,5.938555,11.073447,-14.357751,76,['1211'],,"0.014710, 0.045622, -0.000341"
1220,HO,3.822302,12.184554,-13.907034,79,['1213'],,"0.047528, 0.200257, 0.033673"
1221,N,7.256623,3.390149,-14.110251,1,"['1202', '1222', '1225']",,"-0.164113, 0.034766, -0.267369"
1222,CA,8.051112,2.211366,-13.853163,2,"['1221', '1223', '1226', '1227']",,"0.114452, 0.404001, -0.484623"
1223,C,7.936574,1.571149,-12.472237,3,"['1222', '1224', '1228']",,"-0.249707, 0.274243, -0.278667"
1224,O,8.792594,0.754627,-12.096804,5,['1223'],,"-0.368009, 0.239929, 0.148078"
1225,HN,6.398714,3.200374,-14.646067,4,['1221'],,"-0.254837, -0.012816, -0.097582"
1226,H,7.816346,1.427443,-14.605744,6,['1222'],,"0.027017, -0.141433, -0.090844"
1227,H,9.127521,2.450244,-14.01136,6,['1222'],,"0.186207, 0.040302, -0.005740"
1228,N,6.88619,1.930917,-11.686122,7,"['1223', '1229', '1232']",,"-0.259193, 0.269368, -0.098119"
1229,CA,6.607754,1.399609,-10.358364,8,"['1228', '1230', '1233', '1234']",,"0.264646, 0.475567, -0.099802"
1230,C,5.647974,0.208745,-10.501167,9,"['1229', '1231', '1252']",,"0.325690, 0.029309, 0.234882"
1231,O,4.607861,0.309862,-11.160402,11,['1230'],,"0.275834, -0.026609, 0.286681"
1232,HN,6.126516,2.52208,-12.061209,10,['1228'],,"-0.377117, 0.279472, -0.134750"
1233,H,7.569527,1.045021,-9.916428,12,['1229'],,"0.371712, -0.215079, 0.186071"
1234,C,5.953225,2.459342,-9.408076,202,"['1229', '1235', '1241', '1242']",,"-0.081405, 0.066508, 0.068762"
1235,C,6.762319,3.769876,-9.24567,204,"['1234', '1236', '1243', '1244']",,"0.149658, -0.200011, -0.256549"
1236,C,6.173901,4.766613,-8.217608,206,"['1235', '1237', '1245', '1246']",,"0.107344, -0.115931, -0.181633"
1237,N,4.859971,5.257116,-8.609461,208,"['1236', '1238', '1247']",,"0.059122, -0.034277, -0.120598"
1238,C,4.172999,6.261748,-8.046707,210,"['1237', '1239', '1240']",,"0.042232, 0.044187, -0.146120"
1239,N,4.519283,6.832706,-6.884015,211,"['1238', '1248', '1249']",,"0.115684, 0.023227, -0.052696"
1240,N,3.055241,6.653294,-8.674639,211,"['1238', '1250', '1251']",,"0.055584, -0.099861, -0.125121"
1241,H,5.792526,1.984911,-8.410963,203,['1234'],,"-0.017477, -0.000651, -0.039751"
1242,H,4.930614,2.687994,-9.795345,203,['1234'],,"-0.061526, -0.014932, -0.098489"
1243,H,6.841554,4.275264,-10.238869,205,['1235'],,"0.013344, 0.020003, -0.110118"
1244,H,7.809305,3.524579,-8.956759,205,['1235'],,"0.006320, 0.011842, -0.015620"
1245,H,6.872467,5.629348,-8.108077,207,['1236'],,"0.158726, 0.079908, -0.028617"
1246,H,6.118801,4.283424,-7.216188,207,['1236'],,"0.047256, -0.089956, 0.066233"
1247,HN,4.452435,4.884783,-9.48179,209,['1237'],,"-0.333450, -0.045230, -0.372008"
1248,HN,5.247125,6.418258,-6.284421,212,['1239'],,"0.012837, -0.016651, 0.102380"
1249,HN,4.070871,7.703066,-6.56896,212,['1239'],,"0.063374, 0.000621, -0.017207"
1250,HN,2.791651,6.150536,-9.540635,212,['1240'],,"0.083324, -0.261652, -0.184877"
1251,HN,2.478614,7.427213,-8.321677,212,['1240'],,"0.075575, -0.059448, -0.063363"
1252,N,5.987116,-0.932278,-9.857276,1,"['1230', '1253', '1256']",,"0.312190, -0.075790, 0.095562"
1253,CA,5.163115,-2.116751,-9.761444,2,"['1252', '1254', '1257', '1258']",,"0.608740, 0.141505, -0.325482"
1254,C,3.963827,-1.849785,-8.856662,3,"['1253', '1255', '1259']",,"0.020915, -0.210678, -0.505093"
1255,O,4.110108,-1.382891,-7.720313,5,['1254'],,"-0.121829, -0.269809, -0.352522"
1256,HN,6.842841,-0.965805,-9.288612,4,['1252'],,"0.288716, 0.113786, 0.202241"
1257,H,4.851842,-2.445786,-10.780512,6,['1253'],,"-0.054037, -0.097640, -0.232085"
1258,H,5.748728,-2.960172,-9.332048,6,['1253'],,"0.066091, -0.185804, 0.046174"
1259,N,2.745567,-2.144577,-9.357092,7,"['1254', '1260', '1263']",,"-0.060644, -0.032916, -0.292593"
1260,CA,1.47163,-1.953947,-8.688356,8,"['1259', '1261', '1264', '1265']",,"0.039126, 0.433331, -0.478498"
1261,C,1.07662,-3.283908,-8.0496,9,"['1260', '1262', '1278']",,"0.049954, 0.311599, 0.046517"
1262,O,0.794158,-4.270313,-8.733615,11,['1261'],,"0.058876, 0.203033, 0.094013"
1263,HN,2.683857,-2.649399,-10.248426,10,['1259'],,"0.016544, -0.204223, -0.360484"
1264,H,1.587279,-1.186359,-7.884536,12,['1260'],,"0.078251, 0.318158, 0.333940"
1265,C,0.390305,-1.488705,-9.708641,19,"['1260', '1266', '1269', '1270']",,"-0.124956, 0.160260, -0.174783"
1266,C,0.78032,-0.200052,-10.489076,21,"['1265', '1267', '1268', '1271']",,"0.080667, 0.026853, -0.007871"
1267,C,-0.337094,0.153012,-11.493014,23,"['1266', '1272', '1273', '1274']",,"0.033983, -0.011178, -0.027504"
1268,C,0.993746,0.981562,-9.512947,23,"['1266', '1275', '1276', '1277']",,"-0.004938, 0.028091, 0.022350"
1269,H,-0.56585,-1.325385,-9.163895,20,['1265'],,"0.029244, 0.008488, -0.027020"
1270,H,0.184678,-2.321126,-10.424023,20,['1265'],,"-0.013819, -0.059168, 0.001572"
1271,H,1.724459,-0.374299,-11.06235,22,['1266'],,"0.051846, 0.014233, 0.018495"
1272,H,-0.061038,1.0385,-12.108083,24,['1267'],,"-0.011775, -0.025855, -0.000678"
1273,H,-1.295736,0.38985,-10.979666,24,['1267'],,"0.036618, 0.018127, -0.005444"
1274,H,-0.530711,-0.683687,-12.202514,24,['1267'],,"0.005873, -0.065461, -0.013851"
1275,H,1.209251,1.932436,-10.045637,24,['1268'],,"0.004711, 0.002654, 0.040739"
1276,H,1.864836,0.797238,-8.848629,24,['1268'],,"0.001579, -0.015873, -0.013186"
1277,H,0.10984,1.169259,-8.861306,24,['1268'],,"-0.014048, 0.049563, 0.013376"
1278,N,1.088049,-3.321633,-6.696799,7,"['1261', '1279', '1282']",,"0.115899, 0.203304, -0.000439"
1279,CA,0.844142,-4.526709,-5.925329,8,"['1278', '1280', '1283', '1284']",,"0.506298, -0.097339, -0.640319"
1280,C,0.247893,-4.196765,-4.553895,9,"['1279', '1281', '1288']",,"-0.008643, -0.506563, -0.203709"
1281,O,0.228122,-3.046954,-4.092457,11,['1280'],,"0.138775, -0.450072, -0.059886"
1282,HN,1.282034,-2.473263,-6.144032,10,['1278'],,"0.038522, 0.214467, 0.123162"
1283,H,0.104493,-5.166885,-6.468948,12,['1279'],,"-0.224383, -0.210798, -0.203818"
1284,C,2.18954,-5.284529,-5.766769,13,"['1279', '1285', '1286', '1287']",,"0.231910, -0.152238, -0.072172"
1285,H,2.058505,-6.250909,-5.234695,14,['1284'],,"-0.014803, 0.019527, -0.024162"
1286,H,2.933303,-4.687441,-5.192002,14,['1284'],,"0.002286, 0.014712, -0.012669"
1287,H,2.638641,-5.520019,-6.759173,14,['1284'],,"-0.015640, 0.017257, -0.070126"
1288,N,-0.244897,-5.258166,-3.878693,7,"['1280', '1289', '1292']",,"-0.043359, -0.249590, -0.194675"
1289,CA,-0.613841,-5.282947,-2.478937,8,"['1288', '1290', '1293', '1294']",,"-0.477379, -0.055861, -0.373988"
1290,C,0.599155,-5.852243,-1.738229,9,"['1289', '1291', '1309']",,"-0.207841, 0.301489, 0.149984"
1291,O,1.103161,-6.932972,-2.065341,11,['1290'],,"-0.141820, 0.313380, 0.298403"
1292,HN,-0.27641,-6.176933,-4.342389,10,['1288'],,"-0.020984, -0.387144, -0.223398"
1293,H,-0.804789,-4.243461,-2.128955,12,['1289'],,"-0.045497, 0.323946, 0.112892"
1294,C,-1.876351,-6.142958,-2.224262,70,"['1289', '1295', '1302', '1303']",,"-0.243747, -0.117035, 0.068390"
1295,C,-3.040123,-5.743212,-3.10756,72,"['1294', '1296', '1297']",,"0.158332, 0.039466, -0.090231"
1296,C,-3.836559,-4.630844,-2.788436,73,"['1295', '1298', '1304']",,"0.057399, 0.083197, 0.024082"
1297,C,-3.413392,-6.54236,-4.202015,73,"['1295', '1299', '1305']",,"0.085294, -0.097027, -0.099000"
1298,C,-4.97518,-4.32393,-3.539172,75,"['1296', '1300', '1306']",,"0.103346, 0.015955, -0.063419"
1299,C,-4.561984,-6.246653,-4.937553,75,"['1297', '1300', '1307']",,"0.016898, 0.002540, -0.066600"
1300,C,-5.353885,-5.14114,-4.611207,77,"['1298', '1299', '1301']",,"-0.059749, 0.001223, -0.254217"
1301,OH,-6.522433,-4.901924,-5.265525,78,"['1300', '1308']",,"0.185343, 0.032782, -0.282844"
1302,H,-2.187384,-6.068652,-1.157459,71,['1294'],,"-0.031844, 0.015936, 0.015521"
1303,H,-1.652578,-7.21904,-2.388442,71,['1294'],,"-0.007334, -0.046607, -0.001203"
1304,H,-3.590385,-4.004691,-1.91606,74,['1296'],,"0.016627, 0.006802, 0.060876"
1305,H,-2.83894,-7.446526,-4.459464,74,['1297'],,"0.056463, -0.066381, 0.017956"
1306,H,-5.587517,-3.454064,-3.254099,76,['1298'],,"0.047223, 0.020867, -0.002416"
1307,H,-4.876696,-6.929054,-5.740075,76,['1299'],,"-0.042440, 0.007937, -0.039401"
1308,HO,-6.448616,-5.23502,-6.159041,79,['1301'],,"-0.019962, -0.146085, -0.477611"
1309,N,1.158369,-5.049239,-0.806248,7,"['1290', '1310', '1313']",,"-0.060037, 0.284660, 0.052650"
1310,CA,2.370679,-5.351924,-0.05914,8,"['1309', '1311', '1314', '1315']",,"0.010301, 0.289114, -0.486466"
1311,C,1.922838,-5.954889,1.273297,9,"['1310', '1312', '1328']",,"0.406292, -0.223713, -0.204453"
1312,O,1.037768,-5.398372,1.93069,11,['1311'],,"0.254279, -0.241765, -0.413325"
1313,HN,0.634687,-4.229503,-0.464801,10,['1309'],,"-0.221106, 0.240579, 0.155196"
1314,H,2.985376,-6.099572,-0.620259,12,['1310'],,"0.213598, -0.281805, -0.165940"
1315,C,3.225653,-4.053377,0.193409,25,"['1310', '1316', '1317', '1319']",,"0.210487, 0.267625, -0.178201"
1316,C,3.430558,-3.209995,-1.106856,27,"['1315', '1318', '1320', '1321']",,"-0.055372, -0.078799, 0.011996"
1317,C,4.597739,-4.407921,0.828062,29,"['1315', '1322', '1323', '1324']",,"0.051667, -0.074920, 0.045392"
1318,C,4.116204,-3.929728,-2.276826,31,"['1316', '1325', '1326', '1327']",,"0.042457, -0.014792, -0.047422"
1319,H,2.665359,-3.415711,0.924492,26,['1315'],,"-0.034427, -0.069419, 0.039783"
1320,H,4.00294,-2.282662,-0.868635,28,['1316'],,"0.008681, -0.017140, -0.048347"
1321,H,2.436811,-2.853982,-1.465542,28,['1316'],,"-0.009764, -0.035920, -0.034550"
1322,H,5.227751,-3.505607,0.993772,30,['1317'],,"0.011337, -0.030800, 0.003466"
1323,H,5.187243,-5.117276,0.204591,30,['1317'],,"0.028538, -0.033968, -0.004164"
1324,H,4.471714,-4.887923,1.824805,30,['1317'],,"0.009262, -0.027804, 0.021681"
1325,H,4.163276,-3.274704,-3.175013,32,['1318'],,"0.010680, -0.001661, -0.003078"
1326,H,3.574382,-4.852723,-2.578235,32,['1318'],,"-0.004402, 0.005291, -0.004514"
1327,H,5.16184,-4.211782,-2.029962,32,['1318'],,"0.023853, 0.002455, -0.006663"
1328,N,2.548524,-7.072214,1.700965,7,"['1311', '1329', '1332']",,"0.212219, -0.158313, -0.212810"
1329,CA,2.310732,-7.739812,2.965922,8,"['1328', '1330', '1333', '1334']",,"-0.304837, -0.082575, -0.432850"
1330,C,3.614963,-7.776755,3.767092,9,"['1329', '1331', '1349']",,"-0.319857, 0.019820, 0.235068"
1331,O,4.691564,-8.047817,3.228072,11,['1330'],,"-0.217676, 0.136939, 0.284873"
1332,HN,3.303955,-7.489529,1.139634,10,['1328'],,"0.314609, -0.239642, -0.287527"
1333,H,1.56219,-7.148624,3.542917,12,['1329'],,"-0.274342, 0.212416, 0.256810"
1334,C,1.792067,-9.190886,2.776581,70,"['1329', '1335', '1342', '1343']",,"-0.098790, -0.129713, -0.070072"
1335,C,0.461852,-9.261965,2.062369,72,"['1334', '1336', '1337']",,"0.101841, 0.123451, -0.121574"
1336,C,-0.722543,-9.461715,2.787248,73,"['1335', '1338', '1344']",,"0.004237, 0.282566, -0.058158"
1337,C,0.378741,-9.143811,0.666783,73,"['1335', '1339', '1345']",,"0.054235, 0.090433, -0.153065"
1338,C,-1.962108,-9.536392,2.153131,75,"['1336', '1340', '1346']",,"-0.033494, 0.157229, -0.123445"
1339,C,-0.86314,-9.198506,0.035432,75,"['1337', '1340', '1347']",,"-0.006447, 0.050631, -0.158990"
1340,C,-2.038329,-9.403665,0.766125,77,"['1338', '1339', '1341']",,"-0.220443, 0.030248, -0.348729"
1341,OH,-3.247143,-9.49029,0.16259,78,"['1340', '1348']",,"0.042330, -0.059926, -0.239927"
1342,H,1.705712,-9.690491,3.766592,71,['1334'],,"0.005234, 0.060728, -0.040997"
1343,H,2.537473,-9.784696,2.209734,71,['1334'],,"0.046199, 0.011943, -0.020991"
1344,H,-0.692778,-9.520271,3.882647,74,['1336'],,"-0.055965, -0.023033, 0.087340"
1345,H,1.280931,-8.983447,0.054139,74,['1337'],,"0.076818, 0.074257, -0.055781"
1346,H,-2.877057,-9.690368,2.748976,76,['1338'],,"-0.031068, -0.017656, 0.035564"
1347,H,-0.919291,-9.077269,-1.052346,76,['1339'],,"-0.089641, 0.001409, -0.103717"
1348,HO,-3.093633,-9.51849,-0.779233,79,['1341'],,"0.035585, -0.026978, -0.541270"
1349,N,3.47973,-7.570707,5.096082,7,"['1330', '1350', '1353']",,"-0.187008, 0.127571, 0.110046"
1350,CA,4.488595,-7.665073,6.13418,8,"['1349', '1351', '1354', '1355']",,"0.072733, 0.746831, -0.273065"
1351,C,4.005613,-8.750037,7.104856,9,"['1350', '1352', '1359']",,"0.425895, -0.001051, -0.187335"
1352,O,2.975985,-8.587712,7.76756,11,['1351'],,"0.370273, 0.084367, -0.035307"
1353,HN,2.534116,-7.437884,5.482438,10,['1349'],,"-0.404088, 0.032339, 0.133714"
1354,H,5.473778,-7.951711,5.691985,12,['1350'],,"0.348687, -0.119127, -0.172879"
1355,C,4.600261,-6.291565,6.843415,13,"['1350', '1356', '1357', '1358']",,"0.067253, 0.264239, 0.143368"
1356,H,5.27053,-6.342286,7.729312,14,['1355'],,"0.020645, 0.031401, 0.034011"
1357,H,3.612439,-5.930674,7.211322,14,['1355'],,"-0.034007, -0.041322, 0.043399"
1358,H,5.014398,-5.512722,6.162792,14,['1355'],,"0.002489, -0.026186, -0.005308"
1359,N,4.699088,-9.917016,7.121819,7,"['1351', '1360', '1363']",,"0.371091, 0.018099, -0.140288"
1360,CA,4.323108,-11.120465,7.853014,8,"['1359', '1361', '1364', '1365']",,"0.678286, 0.278504, 0.502971"
1361,C,2.857782,-11.528665,7.639013,9,"['1360', '1362', '1371']",,"0.312933, 0.080610, 0.036637"
1362,O,2.128572,-11.867631,8.572704,11,['1361'],,"0.145212, 0.078195, -0.067903"
1363,HN,5.567851,-10.006053,6.572466,10,['1359'],,"0.363228, -0.041275, -0.253762"
1364,H,4.899875,-11.970206,7.412098,12,['1360'],,"0.220666, -0.224127, -0.074724"
1365,C,4.683476,-10.994244,9.358447,137,"['1360', '1366', '1369', '1370']",,"-0.426456, 0.025261, 0.228601"
1366,C,6.151529,-11.069326,9.699762,139,"['1365', '1367', '1368']",,"-0.478819, 0.156576, 0.048506"
1367,O,6.925393,-11.609812,8.86815,140,['1366'],,"-0.228326, 0.398946, 0.028399"
1368,O,6.525042,-10.648831,10.824998,140,['1366'],,"0.063049, 0.160021, -0.079709"
1369,H,4.174954,-11.820629,9.914367,138,['1365'],,"-0.233730, -0.088704, 0.011059"
1370,H,4.24895,-10.053754,9.77088,138,['1365'],,"-0.160284, 0.071135, -0.057644"
1371,N,2.411767,-11.508698,6.357869,1,"['1361', '1372', '1375']",,"0.241733, -0.046806, -0.073466"
1372,CA,1.069761,-11.850196,5.954729,2,"['1371', '1373', '1376', '1377']",,"0.469657, -0.436481, 0.023733"
1373,C,-0.047901,-10.832404,6.1693,3,"['1372', '1374', '1378']",,"0.388209, -0.135753, 0.232290"
1374,O,-1.132525,-11.011997,5.598159,5,['1373'],,"0.466205, -0.059230, 0.212854"
1375,HN,3.031954,-11.221143,5.587891,4,['1371'],,"0.124971, 0.067629, -0.047955"
1376,H,1.074952,-12.115738,4.874439,6,['1372'],,"-0.036213, -0.088501, -0.163941"
1377,H,0.748566,-12.77872,6.482966,6,['1372'],,"-0.097944, -0.149770, 0.135638"
1378,N,0.210262,-9.723215,6.911765,7,"['1373', '1379', '1382']",,"0.281362, 0.066232, 0.214946"
1379,CA,-0.67372,-8.577874,7.131824,8,"['1378', '1380', '1383', '1384']",,"0.207379, -0.348319, 0.517983"
1380,C,-0.480332,-7.601505,5.963047,9,"['1379', '1381', '1400']",,"-0.255921, -0.049803, 0.169235"
1381,O,0.653103,-7.272628,5.612171,11,['1380'],,"-0.389740, 0.001934, 0.133373"
1382,HN,1.161222,-9.558443,7.272006,10,['1378'],,"0.334567, 0.100245, 0.104697"
1383,H,-1.736244,-8.920521,7.160379,12,['1379'],,"-0.290339, -0.100176, -0.000849"
1384,C,-0.291956,-7.848196,8.463035,182,"['1379', '1385', '1389', '1390']",,"0.104060, 0.199139, 0.260066"
1385,C,-0.334226,-8.739546,9.733623,184,"['1384', '1386', '1391', '1392']",,"0.163640, 0.048808, -0.070251"
1386,C,-1.774489,-8.933723,10.262152,186,"['1385', '1387', '1393', '1394']",,"0.041074, 0.390844, -0.196863"
1387,C,-1.87498,-9.710394,11.589282,188,"['1386', '1388', '1395', '1396']",,"0.048262, -0.360395, -0.082779"
1388,N,-1.715218,-11.151976,11.436507,190,"['1387', '1397', '1398', '1399']",,"-0.082375, -0.238074, 0.038252"
1389,H,-0.926342,-6.940257,8.600698,183,['1384'],,"0.024625, 0.026248, -0.007289"
1390,H,0.749429,-7.44827,8.353197,183,['1384'],,"0.145277, 0.032164, -0.038748"
1391,H,0.276253,-8.230981,10.522496,185,['1385'],,"0.055990, 0.034844, 0.042435"
1392,H,0.1808,-9.712996,9.552034,185,['1385'],,"0.066884, -0.000058, -0.053479"
1393,H,-2.413918,-9.423725,9.491726,187,['1386'],,"-0.044890, 0.011993, -0.024153"
1394,H,-2.225709,-7.926125,10.428858,187,['1386'],,"-0.048106, 0.053473, 0.003914"
1395,H,-2.866614,-9.521047,12.063225,189,['1387'],,"0.003064, -0.077448, 0.007350"
1396,H,-1.110885,-9.337661,12.314541,189,['1387'],,"0.040924, -0.037000, 0.053477"
1397,HN,-1.759179,-11.561635,12.366497,191,['1388'],,"0.080611, -0.048730, 0.256312"
1398,HN,-0.805846,-11.411259,11.070044,191,['1388'],,"-0.086602, -0.007981, 0.045842"
1399,HN,-2.428331,-11.605252,10.855516,191,['1388'],,"-0.141792, -0.200725, -0.112467"
1400,N,-1.575818,-7.148054,5.302516,7,"['1380', '1401', '1404']",,"-0.197047, -0.096478, -0.000173"
1401,CA,-1.473101,-6.26337,4.139524,8,"['1400', '1402', '1405', '1406']",,"-0.230818, -0.516480, -0.097700"
1402,C,-1.243051,-4.835702,4.65649,9,"['1401', '1403', '1417']",,"0.256736, -0.082698, -0.189245"
1403,O,-2.084027,-4.29038,5.371884,11,['1402'],,"0.186894, -0.253877, -0.074242"
1404,HN,-2.526005,-7.359705,5.636597,10,['1400'],,"-0.147840, -0.002748, 0.043003"
1405,H,-0.601353,-6.590419,3.519857,12,['1401'],,"0.323826, -0.092082, -0.236231"
1406,C,-2.775655,-6.2958,3.282292,175,"['1401', '1407', '1410', '1411']",,"-0.105497, 0.017094, -0.181881"
1407,C,-2.557615,-5.737708,1.858293,177,"['1406', '1408', '1412', '1413']",,"-0.027475, -0.167206, 0.198080"
1408,S,-4.090406,-5.225963,1.03285,179,"['1407', '1409']",,"-0.040633, -0.557060, 0.103036"
1409,C,-5.140596,-6.677884,1.256699,180,"['1408', '1414', '1415', '1416']",,"-0.022811, -0.108437, 0.077798"
1410,H,-3.570921,-5.729939,3.820368,176,['1406'],,"-0.075257, 0.042239, 0.140862"
1411,H,-3.15762,-7.338864,3.206568,176,['1406'],,"-0.015670, -0.095519, 0.032837"
1412,H,-2.033755,-6.502411,1.241041,178,['1407'],,"0.041694, -0.045897, -0.005250"
1413,H,-1.866985,-4.865425,1.884413,178,['1407'],,"0.036462, -0.026738, -0.074629"
1414,H,-6.06079,-6.549403,0.650662,181,['1409'],,"0.028396, -0.031614, 0.040494"
1415,H,-5.429214,-6.781536,2.326324,181,['1409'],,"-0.048285, -0.019251, 0.090125"
1416,H,-4.605578,-7.590483,0.914636,181,['1409'],,"0.045820, -0.117681, -0.020453"
1417,N,-0.129072,-4.198901,4.2255,7,"['1402', '1418', '1421']",,"0.311863, -0.234348, -0.063988"
1418,CA,0.243881,-2.838593,4.569004,8,"['1417', '1419', '1422', '1423']",,"0.313652, -0.406874, 0.307185"
1419,C,-0.756861,-1.828404,3.990379,9,"['1418', '1420', '1433']",,"0.144344, -0.236829, -0.077188"
1420,O,-1.038613,-0.813186,4.624067,11,['1419'],,"0.170174, -0.229089, -0.177908"
1421,HN,0.46708,-4.658281,3.52853,10,['1417'],,"0.179416, -0.189937, -0.329778"
1422,H,0.156551,-2.733529,5.678004,12,['1418'],,"-0.050400, 0.095246, 0.366922"
1423,C,1.72042,-2.462622,4.16876,15,"['1418', '1424', '1425', '1426']",,"0.230963, 0.057269, 0.084637"
1424,C,2.12147,-1.07969,4.756603,17,"['1423', '1427', '1428', '1429']",,"-0.046802, 0.045318, 0.056197"
1425,C,2.736688,-3.515035,4.687641,17,"['1423', '1430', '1431', '1432']",,"-0.000401, -0.032060, 0.052552"
1426,H,1.780936,-2.42176,3.052301,16,['1423'],,"-0.015141, -0.031245, 0.048784"
1427,H,3.171014,-0.800207,4.51368,18,['1424'],,"-0.004840, 0.003440, 0.044030"
1428,H,2.029901,-1.061389,5.865757,18,['1424'],,"-0.003321, 0.019236, 0.018726"
1429,H,1.47145,-0.259698,4.377356,18,['1424'],,"-0.055451, 0.048403, 0.056592"
1430,H,3.786276,-3.231431,4.445141,18,['1425'],,"0.019170, -0.004148, 0.013324"
1431,H,2.574987,-4.52033,4.240911,18,['1425'],,"0.024416, -0.013404, 0.022420"
1432,H,2.67473,-3.635478,5.793005,18,['1425'],,"-0.004774, -0.017558, 0.027256"
1433,N,-1.316382,-2.107358,2.78589,7,"['1419', '1434', '1437']",,"0.202316, -0.189733, -0.125982"
1434,CA,-2.335518,-1.283493,2.147211,8,"['1433', '1435', '1438', '1439']",,"0.251971, 0.040211, -0.238345"
1435,C,-3.575407,-1.141484,3.046844,9,"['1434', '1436', '1447']",,"0.045378, -0.180064, -0.075136"
1436,O,-4.04407,-0.027961,3.294748,11,['1435'],,"0.085970, -0.221162, -0.080221"
1437,HN,-0.900138,-2.833279,2.186739,10,['1433'],,"0.129182, -0.137829, -0.226541"
1438,H,-1.922719,-0.250924,2.041607,12,['1434'],,"0.061091, 0.373602, 0.066971"
1439,C,-2.7657,-1.79541,0.737459,147,"['1434', '1440', '1443', '1444']",,"-0.179305, 0.101400, -0.247183"
1440,C,-1.650204,-2.191634,-0.223489,149,"['1439', '1441', '1442']",,"-0.331402, 0.246030, -0.277282"
1441,O,-0.68795,-2.858112,0.176703,150,['1440'],,"-0.268014, 0.260305, -0.190823"
1442,N,-1.826867,-1.885328,-1.52482,151,"['1440', '1445', '1446']",,"-0.211023, 0.178022, -0.251519"
1443,H,-3.397672,-1.008079,0.265784,148,['1439'],,"-0.047513, 0.068756, -0.039637"
1444,H,-3.442969,-2.670888,0.830178,148,['1439'],,"-0.059827, -0.008103, 0.004587"
1445,HN,-2.64352,-1.341123,-1.854404,152,['1442'],,"-0.266077, 0.233167, -0.283918"
1446,HN,-1.116456,-2.189854,-2.204628,152,['1442'],,"-0.024624, 0.034241, -0.099391"
1447,N,-4.107919,-2.294687,3.543513,7,"['1435', '1448', '1451']",,"-0.057646, -0.203282, -0.078482"
1448,CA,-5.269082,-2.365886,4.421283,8,"['1447', '1449', '1452', '1453']",,"-0.294799, -0.393974, -0.480088"
1449,C,-5.001031,-1.74421,5.790306,9,"['1448', '1450', '1462']",,"0.219725, -0.208583, -0.136522"
1450,O,-5.877422,-1.076357,6.341525,11,['1449'],,"0.247380, -0.334804, -0.134846"
1451,HN,-3.686783,-3.201735,3.303706,10,['1447'],,"0.052888, -0.116635, -0.023788"
1452,H,-6.068184,-1.721349,3.987574,12,['1448'],,"-0.249533, 0.228679, -0.082496"
1453,C,-5.792496,-3.831729,4.55077,153,"['1448', '1454', '1458', '1459']",,"-0.536260, -0.438860, 0.254345"
1454,C,-7.06639,-4.021915,5.409327,155,"['1453', '1455', '1460', '1461']",,"0.310960, 0.219503, -0.165556"
1455,C,-7.543585,-5.456105,5.643005,157,"['1454', '1456', '1457']",,"0.000803, 0.247019, 0.013338"
1456,O,-6.924551,-6.404985,5.054673,158,['1455'],,"0.112326, 0.210284, 0.175095"
1457,O,-8.507386,-5.640454,6.419366,158,['1455'],,"0.004975, 0.182891, -0.068763"
1458,H,-4.997082,-4.468949,5.002504,154,['1453'],,"-0.001926, -0.034915, 0.035356"
1459,H,-5.991561,-4.260013,3.540356,154,['1453'],,"0.027911, -0.024823, -0.004169"
1460,H,-7.917175,-3.459209,4.957105,156,['1454'],,"-0.050554, 0.057811, 0.015501"
1461,H,-6.920557,-3.575297,6.419955,156,['1454'],,"-0.009259, 0.091565, 0.091489"
1462,N,-3.770394,-1.921037,6.329542,7,"['1449', '1463', '1466']",,"0.162015, -0.239435, -0.038550"
1463,CA,-3.341311,-1.35513,7.596107,8,"['1462', '1464', '1467', '1468']",,"0.029514, -0.682911, 0.209767"
1464,C,-3.285726,0.176861,7.570028,9,"['1463', '1465', '1472']",,"0.084025, -0.205467, -0.149643"
1465,O,-3.745117,0.829569,8.505555,11,['1464'],,"0.210212, -0.256541, -0.145240"
1466,HN,-3.094472,-2.543032,5.865706,10,['1462'],,"0.160358, -0.215311, -0.106066"
1467,H,-4.114088,-1.602909,8.365851,12,['1463'],,"-0.265493, 0.023025, 0.325457"
1468,C,-1.985968,-1.959425,8.036924,13,"['1463', '1469', '1470', '1471']",,"0.151288, -0.149758, 0.177406"
1469,H,-1.739959,-1.663515,9.078244,14,['1468'],,"-0.033738, -0.014802, 0.004490"
1470,H,-1.148559,-1.639174,7.378047,14,['1468'],,"-0.037226, 0.011852, -0.013116"
1471,H,-2.018084,-3.072651,8.025315,14,['1468'],,"-0.038096, -0.039360, -0.002673"
1472,N,-2.762899,0.777096,6.469668,7,"['1464', '1473', '1476']",,"0.196646, -0.196705, -0.144197"
1473,CA,-2.720395,2.218591,6.258932,8,"['1472', '1474', '1477', '1478']",,"0.572926, -0.180859, -0.095423"
1474,C,-4.123031,2.829291,6.274792,9,"['1473', '1475', '1491']",,"0.198804, -0.257318, -0.187223"
1475,O,-4.374545,3.83004,6.953509,11,['1474'],,"0.042727, -0.430337, -0.219959"
1476,HN,-2.357541,0.20148,5.721332,10,['1472'],,"0.152301, -0.185737, -0.203430"
1477,H,-2.18239,2.687444,7.11766,12,['1473'],,"0.109482, 0.163711, 0.316535"
1478,C,-2.031854,2.608152,4.915365,19,"['1473', '1479', '1482', '1483']",,"0.203221, 0.094863, -0.168907"
1479,C,-0.480734,2.520392,4.913482,21,"['1478', '1480', '1481', '1484']",,"0.029732, -0.002023, 0.104578"
1480,C,0.012223,2.406806,3.448331,23,"['1479', '1485', '1486', '1487']",,"-0.000063, 0.046854, 0.077480"
1481,C,0.134512,3.77887,5.579433,23,"['1479', '1488', '1489', '1490']",,"0.082468, 0.040331, 0.014507"
1482,H,-2.331854,3.646616,4.640292,20,['1478'],,"-0.003441, 0.006884, -0.002740"
1483,H,-2.458597,1.966936,4.104609,20,['1478'],,"-0.031442, -0.032080, -0.021966"
1484,H,-0.152823,1.608149,5.470789,22,['1479'],,"-0.001569, -0.035734, 0.000647"
1485,H,1.120937,2.353039,3.400032,24,['1480'],,"0.011161, 0.039826, 0.069125"
1486,H,-0.305069,3.275006,2.826593,24,['1480'],,"-0.002069, 0.027848, 0.010201"
1487,H,-0.381197,1.485721,2.962408,24,['1480'],,"-0.019712, 0.029110, 0.075379"
1488,H,1.2485,3.749873,5.561853,24,['1481'],,"0.092590, -0.012063, -0.005036"
1489,H,-0.163425,3.870568,6.647049,24,['1481'],,"0.025999, -0.002018, -0.004674"
1490,H,-0.17434,4.722116,5.076239,24,['1481'],,"-0.004305, 0.005843, 0.008090"
1491,N,-5.042596,2.242928,5.470395,7,"['1474', '1492', '1495']",,"0.066785, -0.168046, -0.259829"
1492,CA,-6.404837,2.718868,5.320277,8,"['1491', '1493', '1496', '1497']",,"0.317547, 0.220321, -0.463169"
1493,C,-7.173436,2.60575,6.641395,9,"['1492', '1494', '1507']",,"0.138756, -0.207982, -0.240953"
1494,O,-7.792833,3.570835,7.091796,11,['1493'],,"-0.002353, -0.222027, -0.234720"
1495,HN,-4.790862,1.410668,4.916598,10,['1491'],,"0.077606, -0.189616, -0.127465"
1496,H,-6.366558,3.81377,5.096834,12,['1492'],,"-0.082474, 0.476830, -0.063967"
1497,C,-7.142603,2.007297,4.136719,15,"['1492', '1498', '1499', '1500']",,"-0.130674, 0.012452, -0.210696"
1498,C,-8.618135,2.447023,4.036678,17,"['1497', '1501', '1502', '1503']",,"0.000978, -0.000576, -0.037131"
1499,C,-6.460155,2.330221,2.784504,17,"['1497', '1504', '1505', '1506']",,"0.048638, 0.034971, 0.020162"
1500,H,-7.097132,0.903061,4.316922,16,['1497'],,"0.000493, 0.016259, 0.016911"
1501,H,-9.146256,1.912094,3.216738,18,['1498'],,"-0.068256, -0.050791, -0.017703"
1502,H,-8.716615,3.541849,3.855371,18,['1498'],,"0.032580, 0.022172, 0.007684"
1503,H,-9.171562,2.215893,4.970065,18,['1498'],,"-0.017830, -0.000964, -0.013686"
1504,H,-6.956663,1.79584,1.944177,18,['1499'],,"0.015665, 0.024006, 0.012780"
1505,H,-5.392897,2.019408,2.773425,18,['1499'],,"0.041036, -0.050376, -0.024423"
1506,H,-6.490119,3.417938,2.546458,18,['1499'],,"-0.005306, 0.023753, -0.003849"
1507,N,-7.106031,1.420374,7.30013,7,"['1493', '1508', '1511']",,"0.129856, -0.268485, -0.222234"
1508,CA,-7.738119,1.154307,8.582889,8,"['1507', '1509', '1512', '1513']",,"-0.106692, -0.312365, -0.510029"
1509,C,-7.269387,2.103096,9.687788,9,"['1508', '1510', '1531']",,"0.230954, -0.160526, -0.170385"
1510,O,-8.064449,2.491273,10.546855,11,['1509'],,"0.392539, 0.078572, -0.203986"
1511,HN,-6.582471,0.637208,6.88778,10,['1507'],,"0.189924, -0.316868, -0.133838"
1512,H,-8.82554,1.378707,8.459043,12,['1508'],,"-0.351544, 0.177211, -0.029341"
1513,C,-7.558115,-0.333303,9.031684,202,"['1508', '1514', '1520', '1521']",,"0.027305, -0.202685, 0.079192"
1514,C,-8.166811,-0.705451,10.40581,204,"['1513', '1515', '1522', '1523']",,"0.372332, 0.007913, -0.007369"
1515,C,-9.706656,-0.651818,10.464619,206,"['1514', '1516', '1524', '1525']",,"0.201208, -0.044669, -0.139814"
1516,N,-10.154477,-0.770516,11.850152,208,"['1515', '1517', '1526']",,"0.095281, 0.129587, -0.039000"
1517,C,-10.366168,0.268942,12.682161,210,"['1516', '1518', '1519']",,"0.022040, 0.245638, 0.209101"
1518,N,-10.095725,1.539773,12.37789,211,"['1517', '1527', '1528']",,"0.065643, 0.158457, 0.063286"
1519,N,-10.96684,0.03356,13.849545,211,"['1517', '1529', '1530']",,"0.044883, 0.147277, 0.152674"
1520,H,-6.459701,-0.537692,9.097162,203,['1513'],,"0.080716, -0.000661, 0.003094"
1521,H,-7.928645,-1.033268,8.247855,203,['1513'],,"0.060910, 0.007180, -0.010195"
1522,H,-7.723388,-0.033597,11.177286,205,['1514'],,"0.107091, 0.057797, 0.085052"
1523,H,-7.820597,-1.731057,10.680481,205,['1514'],,"0.038133, -0.085946, 0.044947"
1524,H,-10.131565,-1.480399,9.854505,207,['1515'],,"-0.003370, -0.040296, -0.106141"
1525,H,-10.103019,0.283432,10.008978,207,['1515'],,"-0.036044, 0.106546, -0.150363"
1526,HN,-10.376676,-1.727892,12.168674,209,['1516'],,"-0.020598, -0.030081, 0.116750"
1527,HN,-9.536793,1.796123,11.554517,212,['1518'],,"0.172776, 0.077757, -0.061030"
1528,HN,-10.35996,2.270313,13.058466,212,['1518'],,"-0.173537, 0.038311, 0.348839"
1529,HN,-11.190938,-0.924387,14.147129,212,['1519'],,"0.088318, 0.050926, -0.008954"
1530,HN,-11.172364,0.838008,14.46811,212,['1519'],,"-0.037109, 0.455065, 0.089471"
1531,N,-5.967106,2.475605,9.682251,7,"['1509', '1532', '1535']",,"0.303279, -0.285820, -0.089792"
1532,CA,-5.364996,3.373679,10.654812,8,"['1531', '1533', '1536', '1537']",,"0.138174, -0.655233, 0.123901"
1533,C,-5.694972,4.856131,10.397337,9,"['1532', '1534', '1548']",,"-0.021487, -0.377840, -0.198117"
1534,O,-5.336112,5.719619,11.206374,11,['1533'],,"-0.251014, -0.331789, -0.311366"
1535,HN,-5.313585,2.067076,8.999968,10,['1531'],,"0.236471, -0.179299, -0.170054"
1536,H,-5.78857,3.130226,11.659447,12,['1532'],,"-0.174478, -0.118965, 0.335124"
1537,C,-3.817055,3.170208,10.672712,167,"['1532', '1538', '1542', '1543']",,"0.446256, 0.032923, 0.261192"
1538,C,-3.07198,3.818723,11.863328,169,"['1537', '1539', '1544', '1545']",,"0.037681, 0.106737, -0.156140"
1539,C,-3.0562,2.967102,13.128655,171,"['1538', '1540', '1541']",,"-0.021169, 0.256327, 0.067910"
1540,O,-3.097979,1.740839,13.075936,172,['1539'],,"0.145297, 0.183679, 0.034056"
1541,N,-2.970389,3.635183,14.299606,173,"['1539', '1546', '1547']",,"-0.150516, 0.047916, 0.135463"
1542,H,-3.391714,3.555251,9.715226,168,['1537'],,"-0.048669, -0.057373, -0.007483"
1543,H,-3.587503,2.078771,10.671584,168,['1537'],,"-0.018095, -0.113455, -0.024060"
1544,H,-3.502275,4.824314,12.066303,170,['1538'],,"-0.130083, 0.143047, -0.005661"
1545,H,-2.009646,3.992001,11.577664,170,['1538'],,"0.064939, 0.039893, -0.017061"
1546,HN,-3.05518,4.655921,14.352427,174,['1541'],,"-0.018537, 0.036519, 0.051926"
1547,HN,-2.935623,3.087781,15.171752,174,['1541'],,"-0.020989, -0.005819, 0.151532"
1548,N,-6.36475,5.198162,9.268102,1,"['1533', '1549', '1552']",,"-0.229100, -0.251654, -0.149424"
1549,CA,-6.642569,6.552505,8.854883,2,"['1548', '1550', '1553', '1554']",,"-0.379145, -0.274437, 0.397483"
1550,C,-5.453535,7.316859,8.284235,3,"['1549', '1551', '1555']",,"-0.127849, -0.375683, 0.036483"
1551,O,-5.451497,8.549278,8.278502,5,['1550'],,"0.111688, -0.360768, -0.170845"
1552,HN,-6.688717,4.499596,8.587026,4,['1548'],,"-0.093740, -0.227646, -0.204797"
1553,H,-7.44546,6.560237,8.084701,6,['1549'],,"-0.100287, 0.040828, -0.102491"
1554,H,-7.040604,7.14423,9.709748,6,['1549'],,"-0.060117, 0.186353, 0.144051"
1555,N,-4.396266,6.600938,7.831976,7,"['1550', '1556', '1559']",,"0.152365, -0.254488, 0.099910"
1556,CA,-3.195835,7.152656,7.230514,8,"['1555', '1557', '1560', '1561']",,"0.251999, -0.014191, 0.512765"
1557,C,-3.168157,7.058796,5.698105,9,"['1556', '1558', '1574']",,"-0.114351, -0.064574, 0.161559"
1558,O,-2.209941,7.512299,5.071598,11,['1557'],,"-0.136973, -0.063936, 0.115407"
1559,HN,-4.423204,5.571922,7.810422,10,['1555'],,"-0.001697, -0.377799, -0.049267"
1560,H,-3.171149,8.255035,7.409781,12,['1556'],,"-0.017005, 0.398263, 0.020701"
1561,C,-1.92985,6.507825,7.867675,19,"['1556', '1562', '1565', '1566']",,"0.236629, 0.006394, 0.123355"
1562,C,-1.783987,6.801775,9.392679,21,"['1561', '1563', '1564', '1567']",,"-0.041070, 0.011902, 0.007605"
1563,C,-0.598942,5.99456,9.966299,23,"['1562', '1568', '1569', '1570']",,"0.005916, 0.023606, -0.001131"
1564,C,-1.546968,8.30917,9.664717,23,"['1562', '1571', '1572', '1573']",,"0.038377, -0.002893, 0.007059"
1565,H,-1.031673,6.873575,7.318812,20,['1561'],,"-0.017760, 0.030871, -0.075385"
1566,H,-1.956006,5.406628,7.683972,20,['1561'],,"-0.011502, 0.009732, -0.012766"
1567,H,-2.71387,6.475738,9.922695,22,['1562'],,"-0.029264, 0.000860, -0.004112"
1568,H,-0.521725,6.102615,11.072065,24,['1563'],,"0.017451, 0.013462, -0.004710"
1569,H,0.372636,6.327283,9.53808,24,['1563'],,"0.030993, 0.028176, 0.015696"
1570,H,-0.70318,4.907299,9.753454,24,['1563'],,"0.023842, -0.006518, -0.010757"
1571,H,-1.386,8.508811,10.748369,24,['1564'],,"0.002817, -0.002021, 0.005657"
1572,H,-2.415016,8.930063,9.354688,24,['1564'],,"0.016786, -0.009993, 0.002232"
1573,H,-0.655217,8.699802,9.123179,24,['1564'],,"0.027261, 0.019309, -0.026440"
1574,N,-4.249961,6.547639,5.062758,7,"['1557', '1575', '1578']",,"-0.114680, -0.068597, 0.119238"
1575,CA,-4.474784,6.607421,3.629588,8,"['1574', '1576', '1579', '1580']",,"0.688550, -0.248461, 0.115989"
1576,C,-5.982913,6.617268,3.366552,9,"['1575', '1577', '1584']",,"0.267045, 0.180023, -0.305726"
1577,O,-6.761709,6.023354,4.117776,11,['1576'],,"0.046842, 0.125000, -0.197321"
1578,HN,-5.020163,6.092647,5.570386,10,['1574'],,"-0.179177, -0.089422, 0.070908"
1579,H,-4.035947,7.556049,3.231521,12,['1575'],,"0.160703, 0.313763, -0.170744"
1580,C,-3.844754,5.38607,2.924429,13,"['1575', '1581', '1582', '1583']",,"0.162727, -0.132011, -0.124200"
1581,H,-3.962101,5.478889,1.822782,14,['1580'],,"-0.010686, 0.053710, 0.001955"
1582,H,-4.321733,4.430446,3.239155,14,['1580'],,"-0.023764, 0.007012, 0.023596"
1583,H,-2.756741,5.311044,3.128719,14,['1580'],,"0.004702, 0.056490, 0.013966"
1584,N,-6.393933,7.269422,2.254372,7,"['1576', '1585', '1588']",,"0.287812, 0.100623, -0.144729"
1585,CA,-7.728457,7.161849,1.680708,8,"['1584', '1586', '1589', '1590']",,"0.211533, 0.414804, 0.336018"
1586,C,-7.663395,6.061156,0.619057,9,"['1585', '1587', '1606']",,"-0.415005, 0.030542, 0.093596"
1587,O,-6.590881,5.738944,0.101271,11,['1586'],,"-0.409195, 0.026655, 0.158094"
1588,HN,-5.679789,7.666947,1.622943,10,['1584'],,"0.329795, 0.097147, -0.252020"
1589,H,-8.454709,6.830332,2.46448,12,['1585'],,"-0.199041, -0.153612, 0.256893"
1590,C,-8.193763,8.50111,1.029143,182,"['1585', '1591', '1595', '1596']",,"-0.084044, 0.046595, -0.084738"
1591,C,-8.318581,9.67191,2.03568,184,"['1590', '1592', '1597', '1598']",,"0.125615, -0.254060, 0.048278"
1592,C,-8.738128,11.00258,1.360394,186,"['1591', '1593', '1599', '1600']",,"0.161355, -0.543856, -0.112938"
1593,C,-9.069634,12.121963,2.378707,188,"['1592', '1594', '1601', '1602']",,"0.138171, 0.200861, -0.246380"
1594,N,-9.086357,13.451483,1.781912,190,"['1593', '1603', '1604', '1605']",,"0.236534, 0.169953, -0.065088"
1595,H,-9.181393,8.32679,0.535717,183,['1590'],,"-0.021808, -0.045580, -0.025606"
1596,H,-7.488177,8.773263,0.20664,183,['1590'],,"0.025058, 0.008380, -0.026743"
1597,H,-7.340864,9.808173,2.55717,185,['1591'],,"0.068642, -0.052208, 0.018752"
1598,H,-9.049682,9.389727,2.827283,185,['1591'],,"-0.012049, -0.021091, 0.029219"
1599,H,-9.623182,10.826172,0.703143,187,['1592'],,"-0.008858, -0.058151, -0.031961"
1600,H,-7.913061,11.324301,0.679622,187,['1592'],,"0.109409, -0.082571, -0.141918"
1601,H,-8.307092,12.137305,3.18772,189,['1593'],,"-0.008726, 0.051216, 0.021343"
1602,H,-10.052933,11.925102,2.863476,189,['1593'],,"0.052759, 0.026539, 0.012968"
1603,HN,-9.246949,14.205042,2.448219,191,['1594'],,"0.060448, 0.059698, -0.013272"
1604,HN,-9.749381,13.553791,1.022568,191,['1594'],,"0.134526, 0.023015, 0.082658"
1605,HN,-8.170252,13.638457,1.37418,191,['1594'],,"0.410395, 0.174523, -0.225490"
1606,N,-8.829336,5.489357,0.245205,7,"['1586', '1607', '1610']",,"-0.357616, 0.032094, 0.136764"
1607,CA,-8.903525,4.546344,-0.858857,8,"['1606', '1608', '1611', '1612']",,"-0.105482, -0.185007, 0.571777"
1608,C,-8.897285,5.386567,-2.146337,9,"['1607', '1609', '1622']",,"0.198764, -0.384951, -0.008471"
1609,O,-9.713577,6.301881,-2.332793,11,['1608'],,"0.147663, -0.365780, 0.095449"
1610,HN,-9.735707,5.819497,0.614194,10,['1606'],,"-0.462989, 0.107448, 0.094752"
1611,H,-7.990567,3.900041,-0.837295,12,['1607'],,"0.313226, -0.263393, -0.016401"
1612,C,-10.135951,3.596194,-0.75433,15,"['1607', '1613', '1614', '1615']",,"-0.159089, -0.159671, -0.076264"
1613,C,-10.265306,2.648291,-1.972974,17,"['1612', '1616', '1617', '1618']",,"0.074105, 0.029267, -0.110863"
1614,C,-10.035541,2.744427,0.528357,17,"['1612', '1619', '1620', '1621']",,"0.015744, 0.100472, -0.073195"
1615,H,-11.039892,4.234722,-0.674216,16,['1612'],,"-0.024106, 0.090224, 0.012142"
1616,H,-11.132843,1.957197,-1.884534,18,['1613'],,"0.059947, 0.025806, -0.032935"
1617,H,-9.352459,2.024974,-2.108909,18,['1613'],,"0.094868, 0.019030, -0.029921"
1618,H,-10.402668,3.214299,-2.92189,18,['1613'],,"0.074830, 0.026586, -0.150310"
1619,H,-10.939145,2.113299,0.668344,18,['1614'],,"0.033674, 0.017345, -0.002429"
1620,H,-9.943539,3.389403,1.427482,18,['1614'],,"0.031066, 0.024899, -0.030176"
1621,H,-9.143374,2.082652,0.51046,18,['1614'],,"-0.010942, 0.035144, -0.027311"
1622,N,-7.918844,5.072622,-3.024064,7,"['1608', '1623', '1626']",,"0.123924, -0.154950, 0.020633"
1623,CA,-7.73663,5.638865,-4.349765,8,"['1622', '1624', '1627', '1628']",,"0.664517, 0.083336, 0.364329"
1624,C,-8.794488,5.047743,-5.28017,9,"['1623', '1625', '1632']",,"0.218765, 0.177974, 0.008644"
1625,O,-9.472165,4.072815,-4.955672,11,['1624'],,"0.121110, 0.101734, -0.023432"
1626,HN,-7.328686,4.26006,-2.815016,10,['1622'],,"0.046578, -0.187952, 0.069159"
1627,H,-7.876199,6.747356,-4.297295,12,['1623'],,"0.006699, 0.364251, 0.001799"
1628,C,-6.326342,5.302599,-4.895548,13,"['1623', '1629', '1630', '1631']",,"0.400771, 0.194519, -0.070319"
1629,H,-6.152857,5.790048,-5.880908,14,['1628'],,"0.013011, 0.072310, -0.017310"
1630,H,-6.163687,4.21273,-5.032009,14,['1628'],,"-0.028165, 0.101711, -0.023380"
1631,H,-5.527288,5.689402,-4.228127,14,['1628'],,"0.134507, 0.170031, 0.008786"
1632,N,-8.932535,5.640729,-6.487778,7,"['1624', '1633', '1636']",,"0.200227, 0.112450, 0.086086"
1633,CA,-9.78275,5.069571,-7.52589,8,"['1632', '1634', '1637', '1638']",,"-0.015390, 0.441712, 0.138557"
1634,C,-9.137255,3.759974,-7.999052,9,"['1633', '1635', '1653']",,"-0.222347, 0.046685, 0.040348"
1635,O,-7.916738,3.603779,-7.951212,11,['1634'],,"-0.123042, 0.041642, 0.057350"
1636,HN,-8.330823,6.435728,-6.745129,10,['1632'],,"0.133027, 0.114449, -0.038810"
1637,H,-10.777363,4.829524,-7.071257,12,['1633'],,"-0.262980, -0.115576, 0.196778"
1638,C,-9.973131,6.007035,-8.756645,70,"['1633', '1639', '1646', '1647']",,"-0.044574, 0.057566, -0.138199"
1639,C,-10.122734,7.47162,-8.404471,72,"['1638', '1640', '1641']",,"0.063334, -0.070249, -0.030715"
1640,C,-11.270493,7.955111,-7.756113,73,"['1639', '1642', '1648']",,"0.215929, -0.103409, 0.201686"
1641,C,-9.092902,8.379463,-8.710425,73,"['1639', '1643', '1649']",,"0.135450, 0.035124, -0.055149"
1642,C,-11.388137,9.311549,-7.431723,75,"['1640', '1644', '1650']",,"0.093787, 0.093596, 0.166301"
1643,C,-9.211246,9.734979,-8.394705,75,"['1641', '1644', '1651']",,"0.156085, -0.112948, 0.112109"
1644,C,-10.367534,10.210118,-7.765598,77,"['1642', '1643', '1645']",,"0.053527, -0.001582, 0.062817"
1645,OH,-10.517529,11.530071,-7.487737,78,"['1644', '1652']",,"-0.042979, 0.023614, 0.075984"
1646,H,-10.844452,5.670906,-9.362635,71,['1638'],,"0.074779, -0.044270, 0.005168"
1647,H,-9.097164,5.8955,-9.436638,71,['1638'],,"0.031478, -0.030787, -0.032220"
1648,H,-12.085201,7.264754,-7.479157,74,['1640'],,"-0.008433, -0.008891, 0.033048"
1649,H,-8.16407,8.033714,-9.1932,74,['1641'],,"0.107784, -0.017288, 0.038627"
1650,H,-12.296437,9.676992,-6.925787,76,['1642'],,"-0.035990, 0.055595, 0.037837"
1651,H,-8.381132,10.41691,-8.645044,76,['1643'],,"0.142499, -0.018394, 0.038128"
1652,HO,-9.709172,12.020508,-7.507204,79,['1645'],,"0.000391, 0.001213, 0.032365"
1653,N,-9.958806,2.854867,-8.585128,7,"['1634', '1654', '1657']",,"-0.201174, 0.034506, 0.059224"
1654,CA,-9.455854,1.692666,-9.310009,8,"['1653', '1655', '1658', '1659']",,"-0.547166, -0.081049, 0.448191"
1655,C,-8.572428,2.206793,-10.450468,9,"['1654', '1656', '1669']",,"-0.006948, -0.308963, 0.291133"
1656,O,-8.900947,3.197615,-11.115349,11,['1655'],,"-0.258796, -0.437015, 0.200941"
1657,HN,-10.978994,2.981362,-8.571205,10,['1653'],,"-0.137507, -0.016555, -0.005941"
1658,H,-8.830635,1.083244,-8.613722,12,['1654'],,"0.163932, -0.184130, 0.264300"
1659,C,-10.603775,0.794566,-9.87765,15,"['1654', '1660', '1661', '1662']",,"-0.348265, -0.161235, 0.030736"
1660,C,-10.050228,-0.374571,-10.734409,17,"['1659', '1663', '1664', '1665']",,"-0.034056, 0.133629, 0.138005"
1661,C,-11.458933,0.214398,-8.728223,17,"['1659', '1666', '1667', '1668']",,"-0.201756, -0.032272, 0.143284"
1662,H,-11.255592,1.438484,-10.519661,16,['1659'],,"-0.108125, 0.055062, -0.116218"
1663,H,-10.850916,-1.082437,-11.028809,18,['1660'],,"0.051611, 0.074129, 0.089500"
1664,H,-9.281442,-0.956545,-10.179806,18,['1660'],,"0.042791, -0.054779, 0.081600"
1665,H,-9.584841,-0.007459,-11.675677,18,['1660'],,"-0.014764, 0.019628, 0.050825"
1666,H,-12.317502,-0.386072,-9.105784,18,['1661'],,"-0.142779, 0.008948, 0.099349"
1667,H,-11.924754,1.000409,-8.092919,18,['1661'],,"-0.126552, -0.078330, 0.090684"
1668,H,-10.877737,-0.443029,-8.044882,18,['1661'],,"-0.073811, 0.013433, 0.028626"
1669,N,-7.465568,1.47968,-10.722149,7,"['1655', '1670', '1673']",,"0.014616, -0.019988, 0.220231"
1670,CA,-6.553415,1.733055,-11.818986,8,"['1669', '1671', '1674', '1675']",,"0.143333, 0.453284, 0.639624"
1671,C,-6.497482,0.470315,-12.679641,9,"['1670', '1672', '1690']",,"-0.062316, 0.377606, -0.109263"
1672,O,-6.03007,-0.575646,-12.219524,11,['1671'],,"0.022442, 0.338417, -0.167917"
1673,HN,-7.288363,0.607247,-10.203567,10,['1669'],,"0.001725, -0.145778, 0.090447"
1674,H,-6.925893,2.589037,-12.435008,12,['1670'],,"-0.138978, 0.311435, -0.171650"
1675,C,-5.147761,2.077101,-11.260368,70,"['1670', '1676', '1683', '1684']",,"0.267331, 0.165956, 0.108792"
1676,C,-4.148363,2.360105,-12.362469,72,"['1675', '1677', '1678']",,"0.045771, 0.075195, 0.009044"
1677,C,-3.260833,1.371507,-12.821228,73,"['1676', '1679', '1685']",,"0.085298, 0.024872, -0.023212"
1678,C,-4.112701,3.625644,-12.968312,73,"['1676', '1680', '1686']",,"0.068118, 0.095546, -0.034996"
1679,C,-2.336104,1.651133,-13.832916,75,"['1677', '1681', '1687']",,"0.065958, 0.005388, -0.042900"
1680,C,-3.197112,3.89797,-13.986815,75,"['1678', '1681', '1688']",,"0.046640, 0.125720, -0.029042"
1681,C,-2.294357,2.920239,-14.416343,77,"['1679', '1680', '1682']",,"-0.010338, 0.042863, -0.035279"
1682,OH,-1.377753,3.180799,-15.384554,78,"['1681', '1689']",,"0.001087, -0.021783, -0.053823"
1683,H,-4.763351,1.246981,-10.624769,71,['1675'],,"-0.014414, -0.009024, -0.020764"
1684,H,-5.198576,2.968774,-10.590656,71,['1675'],,"-0.016522, 0.034338, 0.047522"
1685,H,-3.267822,0.364827,-12.374696,74,['1677'],,"0.039333, 0.057553, -0.044406"
1686,H,-4.794872,4.426209,-12.637593,74,['1678'],,"-0.021904, 0.026608, 0.038299"
1687,H,-1.630504,0.873321,-14.166517,76,['1679'],,"0.051364, -0.023402, -0.024452"
1688,H,-3.169609,4.901182,-14.434372,76,['1680'],,"0.127593, 0.173812, 0.052043"
1689,HO,-1.463366,4.054346,-15.741078,79,['1682'],,"-0.009633, 0.009958, -0.013825"
1690,N,-6.944628,0.597548,-13.95485,7,"['1671', '1691', '1694']",,"0.005482, 0.229066, -0.104591"
1691,CA,-6.782862,-0.370317,-15.028383,8,"['1690', '1692', '1695', '1696']",,"0.329744, 0.448573, -0.192718"
1692,C,-7.094005,-1.81209,-14.601074,9,"['1691', '1693', '1712']",,"-0.032995, 0.215321, -0.086984"
1693,O,-6.259765,-2.712342,-14.709732,11,['1692'],,"-0.155694, 0.167438, -0.012144"
1694,HN,-7.445094,1.453884,-14.234525,10,['1690'],,"-0.076953, 0.123906, -0.016593"
1695,H,-7.541739,-0.142034,-15.817142,12,['1691'],,"-0.288879, 0.015986, -0.330512"
1696,C,-5.353194,-0.232678,-15.634836,182,"['1691', '1697', '1701', '1702']",,"0.279875, -0.027305, -0.107066"
1697,C,-5.006759,1.190395,-16.136859,184,"['1696', '1698', '1703', '1704']",,"0.174829, -0.010915, 0.132509"
1698,C,-5.855897,1.635777,-17.348872,186,"['1697', '1699', '1705', '1706']",,"0.075767, -0.331617, 0.365395"
1699,C,-5.333369,2.932045,-18.002378,188,"['1698', '1700', '1707', '1708']",,"-0.337521, 0.057782, -0.189635"
1700,N,-6.1787,3.388191,-19.093188,190,"['1699', '1709', '1710', '1711']",,"-0.288296, 0.021388, -0.120683"
1701,H,-5.227235,-0.966022,-16.46401,183,['1696'],,"-0.010158, -0.021483, 0.020094"
1702,H,-4.602344,-0.527382,-14.861461,183,['1696'],,"-0.020453, -0.012005, 0.043388"
1703,H,-3.925719,1.202957,-16.422075,185,['1697'],,"0.157769, -0.025758, -0.039147"
1704,H,-5.093957,1.933962,-15.310187,185,['1697'],,"0.044613, 0.016068, 0.043729"
1705,H,-6.91107,1.787544,-17.01996,187,['1698'],,"-0.075611, -0.012117, 0.006797"
1706,H,-5.882548,0.819991,-18.109094,187,['1698'],,"-0.008771, -0.062919, -0.006429"
1707,H,-4.295388,2.801519,-18.383997,189,['1699'],,"-0.039382, 0.035424, -0.004752"
1708,H,-5.301679,3.741644,-17.236684,189,['1699'],,"-0.097490, 0.011862, -0.040722"
1709,HN,-5.96452,4.334581,-19.378694,191,['1700'],,"-0.062819, -0.146217, -0.016440"
1710,HN,-7.166329,3.407414,-18.843072,191,['1700'],,"-0.453072, 0.067132, -0.017045"
1711,HN,-6.111553,2.832963,-19.939856,191,['1700'],,"-0.051950, 0.082249, -0.103616"
1712,N,-8.334267,-2.015043,-14.09062,1,"['1692', '1713', '1716']",,"-0.172983, 0.155414, -0.197022"
1713,CA,-8.869989,-3.278802,-13.635964,2,"['1712', '1714', '1717', '1718']",,"-0.078692, 0.207309, -0.591385"
1714,C,-8.387324,-3.893898,-12.323499,3,"['1713', '1715', '1719']",,"0.099289, 0.346140, -0.280471"
1715,O,-8.88964,-4.956263,-11.914436,5,['1714'],,"0.341871, 0.434403, 0.021749"
1716,HN,-9.022847,-1.250528,-14.11769,4,['1712'],,"-0.032082, 0.110170, -0.041792"
1717,H,-9.975896,-3.184424,-13.547136,6,['1713'],,"-0.152030, -0.086984, 0.014018"
1718,H,-8.70965,-4.044964,-14.429082,6,['1713'],,"0.039545, -0.153599, -0.181823"
1719,N,-7.403185,-3.261494,-11.635689,7,"['1714', '1720', '1723']",,"0.218836, 0.212817, -0.061365"
1720,CA,-6.902425,-3.690909,-10.334181,8,"['1719', '1721', '1724', '1725']",,"0.391622, 0.080318, -0.137337"
1721,C,-7.919224,-3.280639,-9.261833,9,"['1720', '1722', '1733']",,"0.077030, -0.258054, 0.030404"
1722,O,-7.868186,-2.161206,-8.740022,11,['1721'],,"0.018527, -0.167998, -0.031457"
1723,HN,-6.951654,-2.41606,-12.012736,10,['1719'],,"0.137420, 0.292536, -0.117307"
1724,H,-6.802639,-4.804563,-10.325456,12,['1720'],,"0.013445, -0.378879, 0.049845"
1725,C,-5.519768,-3.054684,-10.001251,147,"['1720', '1726', '1729', '1730']",,"0.198963, 0.201506, 0.106086"
1726,C,-4.390595,-3.475826,-10.926039,149,"['1725', '1727', '1728']",,"0.020547, 0.371472, -0.071687"
1727,O,-4.134038,-4.670135,-11.080579,150,['1726'],,"0.101577, 0.413872, -0.005551"
1728,N,-3.707668,-2.493355,-11.544196,151,"['1726', '1731', '1732']",,"0.161429, 0.158297, -0.164487"
1729,H,-5.230729,-3.354241,-8.968574,148,['1725'],,"-0.032295, 0.030136, 0.006093"
1730,H,-5.617565,-1.94576,-9.96687,148,['1725'],,"-0.070826, 0.078865, 0.001996"
1731,HN,-3.968566,-1.506954,-11.419763,152,['1728'],,"-0.065362, 0.038720, -0.048958"
1732,HN,-2.921859,-2.755302,-12.15949,152,['1728'],,"0.276993, 0.011409, -0.184008"
1733,N,-8.902968,-4.168431,-8.979179,7,"['1721', '1734', '1737']",,"-0.001184, -0.121885, -0.191024"
1734,CA,-9.955143,-3.962059,-7.997539,8,"['1733', '1735', '1738', '1739']",,"-0.057314, 0.746298, -0.365540"
1735,C,-10.263761,-5.156326,-7.091763,9,"['1734', '1736', '1747']",,"0.262509, 0.146885, -0.194327"
1736,O,-11.277105,-5.13643,-6.387843,11,['1735'],,"0.029119, 0.024656, -0.284307"
1737,HN,-9.056998,-4.984697,-9.590511,10,['1733'],,"-0.090493, -0.118320, -0.234199"
1738,H,-9.643382,-3.153737,-7.298515,12,['1734'],,"0.072206, 0.306692, 0.194463"
1739,C,-11.255438,-3.512893,-8.70524,147,"['1734', '1740', '1743', '1744']",,"-0.423522, 0.273684, 0.111773"
1740,C,-11.915434,-4.556871,-9.599702,149,"['1739', '1741', '1742']",,"-0.337563, 0.312508, 0.218665"
1741,O,-11.247834,-5.446109,-10.145907,150,['1740'],,"-0.225023, 0.367574, 0.132218"
1742,N,-13.233007,-4.386317,-9.822796,151,"['1740', '1745', '1746']",,"-0.306269, 0.172291, 0.173009"
1743,H,-11.103271,-2.572335,-9.274619,148,['1739'],,"0.001777, 0.025572, 0.069215"
1744,H,-11.989235,-3.249776,-7.900443,148,['1739'],,"-0.179740, 0.002168, 0.166908"
1745,HN,-13.769458,-3.773377,-9.186931,152,['1742'],,"-0.207721, 0.097616, 0.334424"
1746,HN,-13.725235,-4.982463,-10.498174,152,['1742'],,"-0.026137, 0.074369, 0.031987"
1747,N,-9.41077,-6.211968,-7.03349,7,"['1735', '1748', '1751']",,"0.284241, 0.008358, -0.317238"
1748,CA,-9.704761,-7.389282,-6.229013,8,"['1747', '1749', '1752', '1753']",,"-0.176748, 0.148914, -0.621410"
1749,C,-10.05057,-7.027635,-4.780543,9,"['1748', '1750', '1761']",,"0.138224, -0.006743, -0.219327"
1750,O,-11.141043,-7.345922,-4.305729,11,['1749'],,"0.193415, -0.012072, 0.013231"
1751,HN,-8.48385,-6.172708,-7.485844,10,['1747'],,"0.387570, 0.073148, -0.148946"
1752,H,-10.642703,-7.84323,-6.63329,12,['1748'],,"-0.310478, -0.178246, -0.076917"
1753,C,-8.607742,-8.493431,-6.300951,37,"['1748', '1754', '1755', '1756']",,"0.130845, -0.406182, 0.237481"
1754,OH,-8.679627,-9.10091,-7.593805,39,"['1753', '1757']",,"0.238296, 0.548907, -0.024667"
1755,C,-8.779368,-9.644066,-5.296027,41,"['1753', '1758', '1759', '1760']",,"-0.048183, -0.105383, 0.148562"
1756,H,-7.605083,-8.013181,-6.181705,38,['1753'],,"0.021782, 0.079749, -0.080462"
1757,HO,-7.901848,-8.796928,-8.065781,40,['1754'],,"0.360581, 0.229879, -0.182639"
1758,H,-8.023236,-10.443319,-5.453833,42,['1755'],,"0.002717, 0.073654, 0.007819"
1759,H,-9.792932,-10.103352,-5.356675,42,['1755'],,"-0.091950, -0.017835, 0.064312"
1760,H,-8.653055,-9.289298,-4.251015,42,['1755'],,"-0.023553, -0.000444, -0.024686"
1761,N,-9.130404,-6.342425,-4.056209,7,"['1749', '1762', '1765']",,"0.222009, -0.047514, -0.185117"
1762,CA,-9.332001,-5.998732,-2.655406,8,"['1761', '1763', '1766', '1767']",,"0.244156, -0.398720, -0.079827"
1763,C,-10.042232,-4.662179,-2.388206,9,"['1762', '1764', '1779']",,"-0.009861, -0.078246, -0.334266"
1764,O,-10.036498,-4.210842,-1.239155,11,['1763'],,"0.113225, -0.041135, -0.347385"
1765,HN,-8.298348,-5.937049,-4.512964,10,['1761'],,"0.216181, 0.128803, -0.157410"
1766,H,-10.026182,-6.753677,-2.205509,12,['1762'],,"-0.319318, -0.225893, 0.092390"
1767,C,-7.991229,-6.055065,-1.855863,106,"['1762', '1768', '1773', '1774']",,"0.236703, -0.255786, 0.193791"
1768,C,-7.245487,-7.36155,-1.866643,108,"['1767', '1769', '1770']",,"0.053403, -0.311961, -0.026252"
1769,N,-7.815119,-8.591298,-1.641667,109,"['1768', '1771', '1775']",,"-0.049869, -0.065181, 0.025979"
1770,C,-5.898348,-7.611146,-2.024058,111,"['1768', '1772', '1776']",,"0.221432, -0.259674, -0.044287"
1771,C,-6.887388,-9.573389,-1.709076,113,"['1769', '1772', '1777']",,"0.273446, 0.117629, -0.009389"
1772,N,-5.718253,-8.963966,-1.969194,115,"['1770', '1771', '1778']",,"0.389520, -0.182304, -0.017537"
1773,H,-8.196964,-5.796765,-0.79126,107,['1767'],,"-0.055053, 0.013895, -0.079528"
1774,H,-7.308689,-5.252223,-2.220795,107,['1767'],,"0.017260, -0.079322, 0.016886"
1775,HN,-8.818738,-8.776121,-1.460343,110,['1769'],,"-0.264163, -0.299595, 0.016591"
1776,H,-5.081976,-6.929027,-2.16546,112,['1770'],,"0.028434, -0.030158, -0.041703"
1777,H,-7.03618,-10.631283,-1.589561,114,['1771'],,"0.057896, 0.120322, -0.029098"
1778,HN,-4.814633,-9.445658,-2.121095,116,['1772'],,"0.598818, -0.173088, -0.184627"
1779,N,-10.688449,-4.016813,-3.396729,7,"['1763', '1780', '1783']",,"-0.003721, 0.027799, -0.349675"
1780,CA,-11.321101,-2.711306,-3.255966,8,"['1779', '1781', '1784', '1785']",,"0.354552, 0.165042, -0.751989"
1781,C,-12.302584,-2.643398,-2.093379,9,"['1780', '1782', '1794']",,"0.079683, -0.099781, -0.391975"
1782,O,-12.126453,-1.837667,-1.176673,11,['1781'],,"0.019918, -0.240106, -0.433857"
1783,HN,-10.809555,-4.456826,-4.319368,10,['1779'],,"-0.062700, -0.122013, -0.250248"
1784,H,-10.522992,-1.981473,-2.97442,12,['1780'],,"0.194647, 0.264342, 0.125396"
1785,C,-11.980227,-2.219062,-4.571846,153,"['1780', '1786', '1790', '1791']",,"-0.459179, 0.605036, -0.450757"
1786,C,-12.769473,-0.902076,-4.387394,155,"['1785', '1787', '1792', '1793']",,"0.161689, -0.241387, 0.017482"
1787,C,-13.428655,-0.303818,-5.613243,157,"['1786', '1788', '1789']",,"-0.018707, 0.057855, 0.201203"
1788,O,-13.418601,-1.006104,-6.660545,158,['1787'],,"0.135386, 0.454487, 0.063942"
1789,O,-14.000694,0.802318,-5.458739,158,['1787'],,"0.069402, 0.020478, -0.071124"
1790,H,-12.676758,-2.985993,-4.987082,154,['1785'],,"-0.026298, -0.000886, -0.143529"
1791,H,-11.207256,-2.065064,-5.360823,154,['1785'],,"-0.031260, -0.002823, -0.030375"
1792,H,-12.124123,-0.112773,-3.933535,156,['1786'],,"0.031244, 0.081042, 0.036140"
1793,H,-13.620037,-1.06047,-3.687944,156,['1786'],,"-0.096856, 0.008969, 0.030488"
1794,N,-13.335522,-3.52046,-2.106019,7,"['1781', '1795', '1798']",,"-0.110588, -0.008519, -0.291833"
1795,CA,-14.34412,-3.590478,-1.063779,8,"['1794', '1796', '1799', '1800']",,"-0.272194, 0.219522, -0.486101"
1796,C,-13.822586,-3.892313,0.338689,9,"['1795', '1797', '1811']",,"0.050698, -0.097538, -0.378714"
1797,O,-14.422977,-3.449494,1.323691,11,['1796'],,"0.194552, 0.008991, -0.350963"
1798,HN,-13.475653,-4.118328,-2.930818,10,['1794'],,"0.008250, -0.054239, -0.129977"
1799,H,-14.757204,-2.557746,-0.943887,12,['1795'],,"-0.158879, 0.353981, 0.072890"
1800,C,-15.510515,-4.559863,-1.418212,167,"['1795', '1801', '1805', '1806']",,"-0.463922, -0.073418, -0.411389"
1801,C,-16.396235,-4.052598,-2.577039,169,"['1800', '1802', '1807', '1808']",,"-0.125214, -0.220044, -0.078388"
1802,C,-16.949004,-2.651494,-2.372281,171,"['1801', '1803', '1804']",,"-0.208393, -0.107996, -0.013810"
1803,O,-16.519572,-1.703431,-3.030331,172,['1802'],,"-0.011216, -0.366241, 0.082479"
1804,N,-17.86762,-2.508912,-1.393342,173,"['1802', '1809', '1810']",,"-0.098026, -0.012218, 0.040177"
1805,H,-16.152656,-4.72188,-0.521027,168,['1800'],,"0.063469, -0.010997, 0.021639"
1806,H,-15.112447,-5.569837,-1.67537,168,['1800'],,"-0.029582, -0.007670, 0.027644"
1807,H,-17.242631,-4.753959,-2.762499,170,['1801'],,"-0.102875, -0.080492, -0.076264"
1808,H,-15.834598,-4.038017,-3.539458,170,['1801'],,"-0.101887, 0.007758, -0.209043"
1809,HN,-18.20185,-3.319357,-0.855923,174,['1804'],,"-0.033901, -0.020557, -0.005296"
1810,HN,-18.24513,-1.569801,-1.214699,174,['1804'],,"-0.027150, 0.030434, -0.002966"
1811,N,-12.679155,-4.60663,0.461836,7,"['1796', '1812', '1815']",,"0.080227, -0.176354, -0.170577"
1812,CA,-11.979828,-4.815217,1.723159,8,"['1811', '1813', '1816', '1817']",,"-0.061911, -0.577657, -0.257637"
1813,C,-11.452021,-3.48865,2.27123,9,"['1812', '1814', '1830']",,"0.099605, -0.037743, -0.237395"
1814,O,-11.623947,-3.186796,3.452316,11,['1813'],,"0.091247, -0.125678, -0.247160"
1815,HN,-12.199642,-4.961305,-0.376166,10,['1811'],,"0.102257, -0.011651, -0.143910"
1816,H,-12.702998,-5.181855,2.48765,12,['1812'],,"-0.205230, 0.056410, 0.259353"
1817,C,-10.81619,-5.826886,1.529729,19,"['1812', '1818', '1821', '1822']",,"0.304122, -0.182622, 0.087003"
1818,C,-9.951854,-6.124651,2.790266,21,"['1817', '1819', '1820', '1823']",,"0.159870, 0.065638, 0.050948"
1819,C,-10.65741,-7.143744,3.716293,23,"['1818', '1824', '1825', '1826']",,"0.203242, 0.071181, 0.080714"
1820,C,-8.59556,-6.694311,2.310197,23,"['1818', '1827', '1828', '1829']",,"0.171010, 0.014674, 0.165975"
1821,H,-10.141597,-5.391079,0.751784,20,['1817'],,"0.045020, 0.079760, -0.067408"
1822,H,-11.192496,-6.779197,1.084038,20,['1817'],,"0.010912, 0.006477, 0.000867"
1823,H,-9.751608,-5.189091,3.371325,22,['1818'],,"0.030096, 0.029854, 0.088382"
1824,H,-10.026746,-7.338501,4.618564,24,['1819'],,"0.126652, 0.096864, 0.132834"
1825,H,-10.86776,-8.119041,3.219691,24,['1819'],,"-0.040374, 0.023770, 0.006533"
1826,H,-11.619304,-6.742927,4.097194,24,['1819'],,"0.148835, 0.005041, -0.009645"
1827,H,-7.954184,-6.974502,3.175849,24,['1820'],,"0.165159, 0.104807, 0.262448"
1828,H,-8.020552,-5.918079,1.757568,24,['1820'],,"0.000954, -0.002563, 0.064468"
1829,H,-8.692416,-7.585816,1.650541,24,['1820'],,"0.029512, 0.055793, 0.046768"
1830,N,-10.790725,-2.701243,1.39343,7,"['1813', '1831', '1834']",,"0.120050, -0.103887, -0.270098"
1831,CA,-10.184773,-1.429648,1.721642,8,"['1830', '1832', '1835', '1836']",,"0.520183, -0.268341, -0.190703"
1832,C,-11.231588,-0.350886,2.016848,9,"['1831', '1833', '1849']",,"0.034232, -0.186832, -0.305675"
1833,O,-11.05554,0.416088,2.962404,11,['1832'],,"0.059792, -0.214622, -0.361241"
1834,HN,-10.732061,-2.968576,0.40096,10,['1830'],,"0.010329, -0.062643, -0.286748"
1835,H,-9.6288,-1.548202,2.683718,12,['1831'],,"0.138022, 0.026873, 0.345990"
1836,C,-9.19247,-0.983318,0.609248,19,"['1831', '1837', '1840', '1841']",,"0.253859, 0.083314, -0.176600"
1837,C,-8.042837,-2.006331,0.341969,21,"['1836', '1838', '1839', '1842']",,"0.001326, -0.033362, 0.002278"
1838,C,-7.29337,-1.636874,-0.954362,23,"['1837', '1843', '1844', '1845']",,"-0.000711, 0.057537, -0.011570"
1839,C,-7.047168,-2.040562,1.518715,23,"['1837', '1846', '1847', '1848']",,"0.014201, 0.002191, -0.032083"
1840,H,-8.759449,0.005547,0.883288,20,['1836'],,"-0.007716, 0.008219, -0.008795"
1841,H,-9.768763,-0.80079,-0.331691,20,['1836'],,"-0.053129, 0.009234, -0.043465"
1842,H,-8.466228,-3.032565,0.211886,22,['1837'],,"-0.027493, -0.030768, -0.033756"
1843,H,-6.435971,-2.319645,-1.148678,24,['1838'],,"-0.017468, 0.032187, 0.020560"
1844,H,-6.891002,-0.597786,-0.927756,24,['1838'],,"0.010260, 0.061342, -0.024103"
1845,H,-7.970235,-1.712448,-1.835142,24,['1838'],,"-0.001094, 0.010891, 0.001226"
1846,H,-6.195121,-2.730437,1.321902,24,['1839'],,"0.016414, -0.018106, 0.016707"
1847,H,-7.535472,-2.410952,2.447126,24,['1839'],,"0.011289, -0.023947, -0.019608"
1848,H,-6.614786,-1.037677,1.74011,24,['1839'],,"0.016775, 0.024079, -0.004119"
1849,N,-12.371243,-0.324588,1.276097,7,"['1832', '1850', '1853']",,"0.045032, -0.139669, -0.326765"
1850,CA,-13.497795,0.5649,1.527411,8,"['1849', '1851', '1854', '1855']",,"0.223175, 0.156351, -0.455486"
1851,C,-14.126202,0.276889,2.90504,9,"['1850', '1852', '1873']",,"0.054580, -0.140551, -0.215899"
1852,O,-14.527967,1.206972,3.600705,11,['1851'],,"0.003499, -0.228740, -0.256051"
1853,HN,-12.45025,-0.931186,0.452106,10,['1849'],,"0.042923, -0.224767, -0.339574"
1854,H,-13.104086,1.608528,1.588541,12,['1850'],,"0.104391, 0.357667, 0.110001"
1855,C,-14.614042,0.509372,0.435155,202,"['1850', '1856', '1862', '1863']",,"-0.150584, 0.102161, -0.179881"
1856,C,-14.177271,0.734912,-1.036246,204,"['1855', '1857', '1864', '1865']",,"0.087398, -0.191405, -0.010044"
1857,C,-14.670187,2.026549,-1.732871,206,"['1856', '1858', '1866', '1867']",,"-0.185611, -0.188361, 0.032159"
1858,N,-14.031712,3.258415,-1.274564,208,"['1857', '1859', '1868']",,"-0.096227, -0.076612, -0.089871"
1859,C,-13.483359,4.198542,-2.067269,210,"['1858', '1860', '1861']",,"0.134614, 0.098634, 0.164620"
1860,N,-12.916112,5.267089,-1.491452,211,"['1859', '1869', '1870']",,"0.039818, 0.022089, 0.291792"
1861,N,-13.456567,4.140776,-3.410026,211,"['1859', '1871', '1872']",,"0.033009, -0.115453, 0.055661"
1862,H,-15.420937,1.233252,0.707523,203,['1855'],,"-0.038482, 0.022441, 0.019837"
1863,H,-15.11155,-0.488916,0.499898,203,['1855'],,"-0.003545, 0.022575, 0.012633"
1864,H,-14.588523,-0.114108,-1.638698,205,['1856'],,"-0.025913, -0.021211, -0.082715"
1865,H,-13.073053,0.644145,-1.154931,205,['1856'],,"0.051160, -0.005549, -0.038271"
1866,H,-15.775296,2.127672,-1.634229,207,['1857'],,"-0.248087, -0.024429, -0.045482"
1867,H,-14.503623,1.886118,-2.824755,207,['1857'],,"-0.091492, -0.266860, -0.142380"
1868,HN,-14.022321,3.457528,-0.260904,209,['1858'],,"0.084858, 0.248064, 0.166298"
1869,HN,-12.949172,5.356513,-0.460697,212,['1860'],,"-0.012970, -0.056666, 0.497578"
1870,HN,-12.272072,5.882854,-2.006238,212,['1860'],,"0.049289, -0.071166, 0.102708"
1871,HN,-13.887696,3.358921,-3.924742,212,['1861'],,"-0.015405, -0.077625, -0.037581"
1872,HN,-12.978923,4.869859,-3.954348,212,['1861'],,"0.009851, -0.080104, 0.056971"
1873,N,-14.181018,-1.018469,3.324826,7,"['1851', '1874', '1877']",,"0.003884, -0.200043, -0.218963"
1874,CA,-14.630211,-1.452891,4.647402,8,"['1873', '1875', '1878', '1879']",,"-0.367124, -0.191758, -0.382784"
1875,C,-13.781757,-0.802102,5.749133,9,"['1874', '1876', '1895']",,"0.098147, -0.118949, -0.164253"
1876,O,-14.315881,-0.228529,6.699745,11,['1875'],,"0.080052, -0.167881, -0.200351"
1877,HN,-13.926658,-1.774707,2.675436,10,['1873'],,"0.041428, -0.172521, -0.161236"
1878,H,-15.67143,-1.077352,4.797043,12,['1874'],,"-0.297216, 0.179502, 0.108890"
1879,C,-14.602948,-3.014961,4.778239,182,"['1874', '1880', '1884', '1885']",,"-0.003173, -0.205246, -0.009766"
1880,C,-15.268519,-3.62415,6.039388,184,"['1879', '1881', '1886', '1887']",,"-0.068493, 0.121314, -0.084663"
1881,C,-14.576454,-4.868196,6.663112,186,"['1880', '1882', '1888', '1889']",,"-0.152040, 0.465378, 0.066278"
1882,C,-14.106118,-5.966715,5.681133,188,"['1881', '1883', '1890', '1891']",,"-0.096924, -0.301178, 0.192492"
1883,N,-13.845943,-7.248961,6.338581,190,"['1882', '1892', '1893', '1894']",,"-0.077790, -0.229188, 0.083128"
1884,H,-13.539012,-3.339261,4.713858,183,['1879'],,"0.116855, 0.017399, -0.066734"
1885,H,-15.096821,-3.463212,3.885434,183,['1879'],,"0.001311, -0.000063, 0.004610"
1886,H,-16.325408,-3.884466,5.784608,185,['1880'],,"-0.065441, -0.024495, -0.060709"
1887,H,-15.345944,-2.844363,6.83517,185,['1880'],,"-0.007720, 0.053727, 0.036618"
1888,H,-15.277488,-5.309759,7.412552,187,['1881'],,"-0.042847, 0.033066, 0.082557"
1889,H,-13.694001,-4.529292,7.258513,187,['1881'],,"0.044204, 0.034777, 0.048869"
1890,H,-13.169985,-5.631583,5.180041,189,['1882'],,"-0.033407, -0.062687, 0.038016"
1891,H,-14.85268,-6.141067,4.870937,189,['1882'],,"-0.056884, -0.132720, -0.061266"
1892,HN,-13.104364,-7.77994,5.894989,191,['1883'],,"-0.077948, -0.026936, 0.061862"
1893,HN,-14.660723,-7.847291,6.239244,191,['1883'],,"-0.120733, -0.132824, -0.206004"
1894,HN,-13.63359,-7.17099,7.332804,191,['1883'],,"-0.043807, -0.031098, 0.150199"
1895,N,-12.435776,-0.895361,5.593365,7,"['1875', '1896', '1899']",,"0.104314, -0.204696, -0.150242"
1896,CA,-11.444483,-0.318611,6.486899,8,"['1895', '1897', '1900', '1901']",,"0.265107, -0.661166, -0.007862"
1897,C,-11.539625,1.207881,6.575883,9,"['1896', '1898', '1905']",,"-0.006739, -0.178778, -0.260847"
1898,O,-11.435122,1.776477,7.664341,11,['1897'],,"0.046471, -0.189215, -0.310381"
1899,HN,-12.054037,-1.416853,4.79102,10,['1895'],,"0.075290, -0.138799, -0.201123"
1900,H,-11.637325,-0.696954,7.519702,12,['1896'],,"-0.072025, -0.035675, 0.328360"
1901,C,-10.01759,-0.723278,6.041501,13,"['1896', '1902', '1903', '1904']",,"0.331053, -0.102251, -0.041891"
1902,H,-9.248986,-0.268927,6.699273,14,['1901'],,"0.028393, 0.006951, -0.025557"
1903,H,-9.794881,-0.375743,5.006381,14,['1901'],,"-0.026724, 0.061672, -0.070591"
1904,H,-9.865825,-1.826392,6.068833,14,['1901'],,"0.007211, -0.030566, 0.001834"
1905,N,-11.740045,1.866897,5.407537,7,"['1897', '1906', '1909']",,"0.080720, -0.164615, -0.276414"
1906,CA,-11.873276,3.300801,5.222091,8,"['1905', '1907', '1910', '1911']",,"0.518845, -0.223581, -0.393028"
1907,C,-13.04745,3.855057,6.01575,9,"['1906', '1908', '1920']",,"-0.019895, -0.289860, -0.198127"
1908,O,-12.90796,4.855342,6.720733,11,['1907'],,"0.029260, -0.275487, -0.304898"
1909,HN,-11.743279,1.323173,4.536122,10,['1905'],,"0.061767, -0.209208, -0.292081"
1910,H,-10.956262,3.791912,5.628365,12,['1906'],,"0.264436, 0.174310, 0.185140"
1911,C,-12.0445,3.638819,3.710545,153,"['1906', '1912', '1916', '1917']",,"-0.018494, 0.332667, -0.307048"
1912,C,-12.150924,5.133391,3.367133,155,"['1911', '1913', '1918', '1919']",,"0.110714, -0.494531, 0.463344"
1913,C,-12.35219,5.379614,1.888693,157,"['1912', '1914', '1915']",,"0.364645, -0.016146, 0.556570"
1914,O,-13.367077,4.897469,1.305496,158,['1913'],,"0.203359, -0.345640, 0.765849"
1915,O,-11.539639,6.107487,1.268276,158,['1913'],,"-0.137266, 0.199198, 0.286356"
1916,H,-12.957295,3.129737,3.320853,154,['1911'],,"-0.089117, -0.065120, 0.004651"
1917,H,-11.195126,3.202809,3.13941,154,['1911'],,"0.041572, -0.095672, 0.017903"
1918,H,-11.238194,5.671383,3.704498,156,['1912'],,"0.055218, 0.037509, 0.094165"
1919,H,-13.006198,5.602586,3.90469,156,['1912'],,"-0.034518, 0.065913, 0.107281"
1920,N,-14.220796,3.19399,5.872231,7,"['1907', '1921', '1924']",,"-0.043408, -0.187043, -0.285547"
1921,CA,-15.465928,3.517538,6.533184,8,"['1920', '1922', '1925', '1926']",,"-0.259379, -0.083684, -0.679724"
1922,C,-15.341222,3.460806,8.05084,9,"['1921', '1923', '1930']",,"0.056428, -0.199005, -0.229490"
1923,O,-15.831014,4.356718,8.741646,11,['1922'],,"0.028672, -0.263709, -0.257501"
1924,HN,-14.273583,2.409024,5.20953,10,['1920'],,"-0.019787, -0.240903, -0.237012"
1925,H,-15.73387,4.572964,6.286365,12,['1921'],,"-0.075688, 0.293645, 0.016212"
1926,C,-16.598554,2.573026,6.064292,13,"['1921', '1927', '1928', '1929']",,"-0.335605, -0.163628, -0.074870"
1927,H,-17.560928,2.796176,6.579222,14,['1926'],,"-0.084926, -0.047703, 0.041593"
1928,H,-16.353625,1.506475,6.277802,14,['1926'],,"0.044174, -0.044524, 0.020322"
1929,H,-16.77517,2.65801,4.968594,14,['1926'],,"0.035337, -0.013781, 0.005471"
1930,N,-14.675441,2.403995,8.583553,7,"['1922', '1931', '1934']",,"0.006239, -0.250619, -0.156373"
1931,CA,-14.497306,2.237668,10.012208,8,"['1930', '1932', '1935', '1936']",,"-0.505810, -0.307956, -0.228592"
1932,C,-13.557191,3.286818,10.613447,9,"['1931', '1933', '1947']",,"0.074018, -0.163865, -0.271463"
1933,O,-13.826453,3.808704,11.69655,11,['1932'],,"0.071675, -0.196692, -0.228098"
1934,HN,-14.296689,1.659073,7.980025,10,['1930'],,"0.066938, -0.183171, -0.176594"
1935,H,-15.489561,2.440634,10.486479,12,['1931'],,"-0.323651, 0.064064, 0.226320"
1936,C,-14.0461,0.798161,10.38689,167,"['1931', '1937', '1941', '1942']",,"0.046341, -0.277048, 0.404525"
1937,C,-13.918342,0.560682,11.907627,169,"['1936', '1938', '1943', '1944']",,"0.170637, -0.092856, -0.007725"
1938,C,-15.199796,0.77106,12.710341,171,"['1937', '1939', '1940']",,"0.218474, -0.001855, 0.269115"
1939,O,-16.307077,0.826208,12.163545,172,['1938'],,"0.329673, -0.031708, 0.253498"
1940,N,-15.029004,0.89552,14.044416,173,"['1938', '1945', '1946']",,"0.158570, -0.009278, 0.159991"
1941,H,-13.064672,0.582962,9.900864,168,['1936'],,"-0.034186, 0.041279, -0.018996"
1942,H,-14.765169,0.058358,9.963431,168,['1936'],,"-0.025935, 0.056799, -0.026376"
1943,H,-13.125961,1.225534,12.325425,170,['1937'],,"0.080112, 0.059568, 0.111500"
1944,H,-13.575872,-0.482725,12.096395,170,['1937'],,"0.038535, -0.069349, 0.052376"
1945,HN,-14.089591,0.864361,14.47139,174,['1940'],,"0.185491, 0.042598, 0.158565"
1946,HN,-15.85557,1.038203,14.637771,174,['1940'],,"0.035064, -0.011826, 0.032691"
1947,N,-12.456409,3.627637,9.894756,7,"['1932', '1948', '1951']",,"0.127291, -0.216752, -0.193467"
1948,CA,-11.530124,4.691332,10.261507,8,"['1947', '1949', '1952', '1953']",,"0.515597, -0.553917, -0.065691"
1949,C,-12.213587,6.064695,10.272427,9,"['1948', '1950', '1957']",,"0.048635, -0.262473, -0.250237"
1950,O,-11.968869,6.887162,11.158873,11,['1949'],,"-0.126405, -0.264780, -0.247422"
1951,HN,-12.215672,3.097959,9.045075,10,['1947'],,"0.084623, -0.183841, -0.254811"
1952,H,-11.178464,4.507099,11.306002,12,['1948'],,"0.073597, 0.003154, 0.331941"
1953,C,-10.310636,4.729491,9.308164,13,"['1948', '1954', '1955', '1956']",,"0.332399, -0.093149, -0.167012"
1954,H,-9.551712,5.46648,9.651725,14,['1953'],,"-0.010506, -0.043625, 0.019531"
1955,H,-10.604006,5.000224,8.267756,14,['1953'],,"-0.041478, -0.027312, -0.028039"
1956,H,-9.800427,3.742193,9.256885,14,['1953'],,"0.068774, -0.066601, 0.008594"
1957,N,-13.103318,6.305908,9.276043,7,"['1949', '1958', '1961']",,"0.079979, -0.197267, -0.290086"
1958,CA,-13.915259,7.502838,9.12871,8,"['1957', '1959', '1962', '1963']",,"0.490195, -0.010647, -0.391849"
1959,C,-14.898725,7.670987,10.299387,9,"['1958', '1960', '1979']",,"0.036020, -0.174360, -0.198594"
1960,O,-15.070081,8.772915,10.813573,11,['1959'],,"-0.016331, -0.118613, -0.129542"
1961,HN,-13.190428,5.623983,8.511718,10,['1957'],,"0.015556, -0.216802, -0.291139"
1962,H,-13.226539,8.374869,9.210619,12,['1958'],,"0.239228, 0.328596, 0.059459"
1963,C,-14.609561,7.532888,7.719967,182,"['1958', '1964', '1968', '1969']",,"0.005174, -0.012706, -0.142569"
1964,C,-15.200658,8.898912,7.294967,184,"['1963', '1965', '1970', '1971']",,"0.126683, -0.029501, 0.254047"
1965,C,-15.91075,8.941585,5.915814,186,"['1964', '1966', '1972', '1973']",,"0.046601, 0.023407, 0.516000"
1966,C,-15.127341,8.368233,4.712813,188,"['1965', '1967', '1974', '1975']",,"-0.159562, 0.201950, -0.398621"
1967,N,-15.59535,8.86313,3.421455,190,"['1966', '1976', '1977', '1978']",,"-0.132014, -0.061057, -0.319089"
1968,H,-15.389284,6.735631,7.682769,183,['1963'],,"0.010851, -0.066537, 0.059998"
1969,H,-13.839127,7.240043,6.96453,183,['1963'],,"0.061482, -0.046078, 0.013211"
1970,H,-14.375604,9.648704,7.304758,185,['1964'],,"0.066990, 0.003632, 0.030830"
1971,H,-15.916467,9.247589,8.079338,185,['1964'],,"-0.033627, 0.073694, 0.099095"
1972,H,-16.182747,10.003887,5.709814,187,['1965'],,"-0.052485, 0.035503, 0.051572"
1973,H,-16.882162,8.401107,5.993153,187,['1965'],,"0.033559, 0.009800, 0.011332"
1974,H,-15.216578,7.256363,4.709886,189,['1966'],,"0.027826, 0.049893, -0.088289"
1975,H,-14.03971,8.581957,4.790699,189,['1966'],,"0.016408, 0.021670, -0.064615"
1976,HN,-15.498287,8.126899,2.720447,191,['1967'],,"0.130658, -0.188483, -0.357508"
1977,HN,-15.033407,9.621961,3.04962,191,['1967'],,"-0.083163, -0.088735, -0.051257"
1978,HN,-16.554142,9.21387,3.427913,191,['1967'],,"-0.149459, 0.165384, -0.054342"
1979,N,-15.50041,6.55181,10.779172,7,"['1959', '1980', '1983']",,"0.011868, -0.221774, -0.244493"
1980,CA,-16.388945,6.465087,11.939847,8,"['1979', '1981', '1984', '1985']",,"-0.236127, -0.066182, -0.519937"
1981,C,-15.684967,6.741648,13.274184,9,"['1980', '1982', '2001']",,"0.099745, -0.146185, -0.152367"
1982,O,-16.2747,7.34259,14.174018,11,['1981'],,"0.112838, -0.093085, -0.281063"
1983,HN,-15.361536,5.667701,10.270876,10,['1979'],,"0.021246, -0.249863, -0.212875"
1984,H,-17.163066,7.263723,11.846246,12,['1980'],,"-0.176937, 0.297041, 0.081372"
1985,C,-17.06455,5.060066,11.960411,182,"['1980', '1986', '1990', '1991']",,"-0.060450, -0.166398, 0.014352"
1986,C,-18.258289,4.787905,12.92096,184,"['1985', '1987', '1992', '1993']",,"0.115141, 0.067063, 0.048303"
1987,C,-18.821731,3.375897,12.610257,186,"['1986', '1988', '1994', '1995']",,"0.351290, 0.247316, -0.027257"
1988,C,-20.154212,2.899256,13.240402,188,"['1987', '1989', '1996', '1997']",,"0.023644, -0.496190, -0.185631"
1989,N,-20.523514,1.571377,12.739703,190,"['1988', '1998', '1999', '2000']",,"-0.123982, -0.297197, -0.193725"
1990,H,-16.26634,4.302304,12.163207,183,['1985'],,"0.108729, -0.029980, 0.002047"
1991,H,-17.403029,4.845149,10.91688,183,['1985'],,"0.058641, -0.015728, -0.026461"
1992,H,-19.042987,5.569712,12.800304,185,['1986'],,"0.011623, 0.009205, 0.074751"
1993,H,-17.921826,4.855186,13.98316,185,['1986'],,"0.015294, 0.034434, 0.066824"
1994,H,-18.029203,2.628128,12.859132,187,['1987'],,"0.110851, -0.080364, -0.017446"
1995,H,-18.946219,3.309033,11.501943,187,['1987'],,"0.068560, -0.088288, -0.089978"
1996,H,-20.968188,3.612692,12.978385,189,['1988'],,"0.043152, -0.128353, 0.014518"
1997,H,-20.086774,2.852431,14.351791,189,['1988'],,"-0.011947, -0.089525, 0.042033"
1998,HN,-21.516443,1.419061,12.546821,191,['1989'],,"-0.200947, -0.234263, -0.049443"
1999,HN,-20.261567,0.809123,13.353104,191,['1989'],,"-0.062246, -0.037452, -0.115315"
2000,HN,-20.008693,1.38539,11.879645,191,['1989'],,"0.225412, -0.119397, -0.241465"
2001,N,-14.411412,6.290429,13.410223,7,"['1981', '2002', '2005']",,"0.114113, -0.236337, -0.130362"
2002,CA,-13.553728,6.532176,14.558713,8,"['2001', '2003', '2006', '2007']",,"-0.037759, -0.501148, 0.118417"
2003,C,-12.843307,7.892151,14.533458,9,"['2002', '2004', '2016']",,"-0.026985, -0.085793, -0.083915"
2004,O,-12.215743,8.262645,15.521187,11,['2003'],,"-0.028654, -0.012242, -0.055247"
2005,HN,-13.971666,5.74751,12.654419,10,['2001'],,"0.083858, -0.192145, -0.185921"
2006,H,-14.193037,6.59816,15.474887,12,['2002'],,"-0.170822, 0.097766, 0.289995"
2007,C,-12.526273,5.374442,14.756823,153,"['2002', '2008', '2012', '2013']",,"0.115577, -0.357592, 0.160530"
2008,C,-13.21373,4.026739,15.106625,155,"['2007', '2009', '2014', '2015']",,"-0.144781, 0.823015, -0.208708"
2009,C,-12.335843,2.809244,15.212468,157,"['2008', '2010', '2011']",,"-0.452790, 0.611631, -0.153503"
2010,O,-11.21783,2.763425,14.63519,158,['2009'],,"-0.217734, 0.755880, 0.358876"
2011,O,-12.742653,1.815474,15.866933,158,['2009'],,"-0.270924, 0.515901, -0.226218"
2012,H,-11.818569,5.641402,15.577872,154,['2007'],,"0.051993, 0.133419, 0.040115"
2013,H,-11.896638,5.259142,13.843724,154,['2007'],,"0.043485, 0.028262, -0.015093"
2014,H,-14.004566,3.805894,14.343002,156,['2008'],,"-0.146226, -0.002031, -0.170092"
2015,H,-13.755015,4.150074,16.077903,156,['2008'],,"-0.054377, 0.085818, 0.044566"
2016,N,-12.991563,8.679554,13.435273,7,"['2003', '2017', '2020']",,"-0.178793, -0.070752, -0.174843"
2017,CA,-12.378825,9.978478,13.229416,8,"['2016', '2018', '2021', '2022']",,"-0.572571, 0.102284, 0.022359"
2018,C,-10.847421,9.899723,13.406575,9,"['2017', '2019', '2038']",,"-0.178809, -0.089305, -0.110987"
2019,O,-10.236044,10.684146,14.138972,11,['2018'],,"-0.166193, -0.229277, -0.235868"
2020,HN,-13.515639,8.358457,12.611883,10,['2016'],,"-0.074661, -0.085193, -0.146768"
2021,H,-12.53231,10.241362,12.156163,12,['2017'],,"0.000096, 0.270995, -0.412920"
2022,C,-13.011314,11.097708,14.110023,182,"['2017', '2023', '2027', '2028']",,"0.170949, 0.120243, 0.091306"
2023,C,-14.55374,11.179713,14.178815,184,"['2022', '2024', '2029', '2030']",,"0.180363, -0.144254, -0.020257"
2024,C,-15.284362,11.640729,12.885857,186,"['2023', '2025', '2031', '2032']",,"0.493639, -0.191060, -0.035786"
2025,C,-16.477672,12.589044,13.183764,188,"['2024', '2026', '2033', '2034']",,"-0.171584, -0.218312, -0.310490"
2026,N,-17.640742,12.371367,12.338375,190,"['2025', '2035', '2036', '2037']",,"-0.221935, -0.164320, -0.100569"
2027,H,-12.584294,12.071091,13.764114,183,['2022'],,"0.098493, -0.046354, -0.142083"
2028,H,-12.626232,10.952587,15.151095,183,['2022'],,"0.099764, -0.099287, 0.014873"
2029,H,-14.810028,11.860405,15.026111,185,['2023'],,"-0.013686, -0.086614, 0.016663"
2030,H,-14.962333,10.189182,14.487133,185,['2023'],,"0.036840, -0.026323, -0.073726"
2031,H,-15.627736,10.733958,12.330801,187,['2024'],,"0.058141, -0.156419, -0.082334"
2032,H,-14.580882,12.149893,12.182211,187,['2024'],,"0.118409, 0.039294, -0.115706"
2033,H,-16.161954,13.654315,13.100413,189,['2025'],,"-0.045582, 0.001889, -0.050471"
2034,H,-16.82629,12.449737,14.232168,189,['2025'],,"-0.037336, 0.013653, -0.117534"
2035,HN,-18.4717,12.787406,12.753491,191,['2026'],,"-0.107254, -0.094385, 0.093565"
2036,HN,-17.858022,11.377271,12.272614,191,['2026'],,"-0.166341, -0.379380, -0.047774"
2037,HN,-17.558012,12.710448,11.387185,191,['2026'],,"-0.091146, -0.078529, 0.065971"
2038,N,-10.230769,8.838356,12.827049,7,"['2018', '2039', '2042']",,"-0.211584, -0.182771, -0.077370"
2039,CA,-8.83017,8.485445,13.022621,8,"['2038', '2040', '2043', '2044']",,"-0.569106, -0.492909, 0.154172"
2040,C,-7.954957,9.23153,12.002625,9,"['2039', '2041', '2057']",,"-0.028334, -0.040984, 0.396009"
2041,O,-8.223652,9.174583,10.798733,11,['2040'],,"0.094627, -0.087419, 0.324792"
2042,HN,-10.749046,8.248166,12.161018,10,['2038'],,"-0.189966, -0.193309, -0.156695"
2043,H,-8.54569,8.816218,14.05009,12,['2039'],,"0.028772, 0.147478, 0.330168"
2044,C,-8.622203,6.939887,12.857269,19,"['2039', '2045', '2048', '2049']",,"0.079781, -0.257676, 0.092771"
2045,C,-8.017307,6.214263,14.095769,21,"['2044', '2046', '2047', '2050']",,"-0.006006, -0.006873, 0.028267"
2046,C,-7.635136,4.768644,13.689481,23,"['2045', '2051', '2052', '2053']",,"0.029508, -0.036421, -0.031175"
2047,C,-6.756976,6.930641,14.641725,23,"['2045', '2054', '2055', '2056']",,"0.018742, -0.046471, 0.001356"
2048,H,-7.978096,6.75501,11.965044,20,['2044'],,"0.008132, -0.003283, -0.008217"
2049,H,-9.591758,6.445396,12.603065,20,['2044'],,"-0.025674, -0.005954, 0.002824"
2050,H,-8.78746,6.171731,14.907177,22,['2045'],,"-0.019264, 0.000832, 0.016813"
2051,H,-7.211709,4.200433,14.545329,24,['2046'],,"0.038748, -0.001570, 0.009325"
2052,H,-6.857156,4.759559,12.897361,24,['2046'],,"0.028125, 0.036562, -0.022337"
2053,H,-8.505403,4.19055,13.304868,24,['2046'],,"0.020923, -0.007050, -0.014934"
2054,H,-6.209014,6.301356,15.377846,24,['2047'],,"-0.005302, 0.008424, 0.007264"
2055,H,-7.000985,7.873513,15.179598,24,['2047'],,"0.036528, -0.035738, 0.051126"
2056,H,-6.04103,7.180613,13.829646,24,['2047'],,"0.037005, -0.012676, -0.024272"
2057,N,-6.827849,9.810274,12.494825,7,"['2040', '2058', '2061']",,"-0.008664, -0.001495, 0.211724"
2058,CA,-5.803295,10.567814,11.787162,8,"['2057', '2059', '2062', '2063']",,"0.167080, -0.195725, 0.233026"
2059,C,-6.402539,11.49967,10.731337,9,"['2058', '2060', '2071']",,"0.183244, -0.285158, -0.187881"
2060,O,-6.857898,12.59354,11.077973,11,['2059'],,"0.075372, -0.267306, -0.295165"
2061,HN,-6.615731,9.702579,13.497404,10,['2057'],,"0.004522, -0.020704, 0.133136"
2062,H,-5.377921,11.289628,12.526655,12,['2058'],,"0.138297, 0.379688, 0.198872"
2063,C,-4.633835,9.676526,11.305542,147,"['2058', '2064', '2067', '2068']",,"0.111692, -0.158405, -0.096883"
2064,C,-3.780585,9.126018,12.44229,149,"['2063', '2065', '2066']",,"-0.195603, -0.202986, -0.170010"
2065,O,-3.051475,9.85811,13.115035,150,['2064'],,"-0.279468, 0.078708, -0.298706"
2066,N,-3.865812,7.801643,12.666945,151,"['2064', '2069', '2070']",,"-0.111418, -0.139065, -0.104240"
2067,H,-3.95119,10.2865,10.670695,148,['2063'],,"0.008819, 0.032431, -0.020571"
2068,H,-4.998887,8.856352,10.647816,148,['2063'],,"-0.036178, -0.038592, -0.035744"
2069,HN,-4.463742,7.208292,12.074748,152,['2066'],,"-0.166179, -0.232579, -0.154787"
2070,HN,-3.327213,7.389043,13.438618,152,['2066'],,"-0.066088, -0.004417, -0.054366"
2071,N,-6.414656,11.106621,9.43036,7,"['2059', '2072', '2075']",,"0.190806, -0.328446, -0.158911"
2072,CA,-6.950857,11.885056,8.316479,8,"['2071', '2073', '2076', '2077']",,"0.541425, -0.079616, -0.038017"
2073,C,-8.376388,12.379782,8.594957,9,"['2072', '2074', '2090']",,"0.152038, -0.214706, 0.035520"
2074,O,-8.735743,13.504204,8.250031,11,['2073'],,"0.118021, -0.156868, 0.023423"
2075,HN,-6.132741,10.145028,9.192161,10,['2071'],,"0.087263, -0.350755, -0.100020"
2076,H,-6.341315,12.814614,8.219493,12,['2072'],,"0.136235, 0.309170, -0.042249"
2077,C,-6.864193,11.083664,6.954951,25,"['2072', '2078', '2079', '2081']",,"0.297905, -0.037145, -0.196261"
2078,C,-5.394043,11.123768,6.417203,27,"['2077', '2080', '2082', '2083']",,"0.006684, -0.075470, 0.100281"
2079,C,-7.836131,11.59768,5.859049,29,"['2077', '2084', '2085', '2086']",,"-0.019622, 0.007184, 0.130294"
2080,C,-5.137425,10.164436,5.240524,31,"['2078', '2087', '2088', '2089']",,"0.055069, -0.020028, 0.054874"
2081,H,-7.145387,10.020441,7.171411,26,['2077'],,"-0.022018, -0.049751, 0.048693"
2082,H,-4.697746,10.842241,7.242184,28,['2078'],,"0.022080, -0.041163, 0.030579"
2083,H,-5.103624,12.161332,6.127625,28,['2078'],,"0.035422, 0.004812, -0.012371"
2084,H,-7.764553,10.985332,4.935252,30,['2079'],,"0.023111, -0.029611, 0.083092"
2085,H,-7.643009,12.665071,5.607118,30,['2079'],,"0.010694, 0.022522, 0.081619"
2086,H,-8.896234,11.520768,6.190885,30,['2079'],,"-0.018776, -0.017701, 0.047270"
2087,H,-4.046642,10.042067,5.058623,32,['2080'],,"0.029516, 0.007840, -0.000115"
2088,H,-5.582748,10.534746,4.291385,32,['2080'],,"0.043835, -0.006955, 0.034997"
2089,H,-5.552805,9.153439,5.445503,32,['2080'],,"0.014596, -0.009885, 0.038199"
2090,N,-9.218933,11.503551,9.183798,7,"['2073', '2091', '2094']",,"0.188073, -0.241327, -0.019415"
2091,CA,-10.627472,11.745621,9.456151,8,"['2090', '2092', '2095', '2096']",,"0.053991, -0.307268, -0.332295"
2092,C,-10.893209,12.459632,10.797455,9,"['2091', '2093', '2114']",,"0.288432, 0.204769, -0.053109"
2093,O,-11.967932,12.279691,11.385634,11,['2092'],,"0.234725, 0.118350, -0.191572"
2094,HN,-8.856542,10.616128,9.553828,10,['2090'],,"0.159775, -0.252915, 0.139385"
2095,H,-11.015875,12.458659,8.688972,12,['2091'],,"-0.063983, 0.304102, -0.200676"
2096,C,-11.421821,10.407882,9.348942,89,"['2091', '2097', '2106', '2107']",,"-0.064296, -0.101384, -0.179857"
2097,C,-11.11677,9.613259,8.074668,91,"['2096', '2098', '2099']",,"-0.040570, 0.028918, 0.441085"
2098,C,-10.321615,8.459633,8.035083,92,"['2097', '2100', '2108']",,"-0.008058, 0.079911, 0.194386"
2099,C,-11.486526,9.890635,6.772894,94,"['2097', '2101', '2102']",,"0.178722, -0.143937, 0.343341"
2100,N,-10.250405,8.057449,6.728659,95,"['2098', '2101', '2109']",,"0.039017, -0.056243, 0.089561"
2101,C,-10.953393,8.922018,5.947517,97,"['2099', '2100', '2103']",,"0.142522, -0.106422, 0.220830"
2102,C,-12.234613,10.948712,6.24401,98,"['2099', '2104', '2110']",,"0.230404, -0.167900, 0.158955"
2103,C,-11.139479,8.905238,4.572208,100,"['2101', '2105', '2111']",,"0.123144, -0.128185, 0.108734"
2104,C,-12.440975,10.97126,4.844688,102,"['2102', '2105', '2112']",,"0.224497, -0.139486, 0.104174"
2105,C,-11.899815,9.955683,4.015452,104,"['2103', '2104', '2113']",,"0.164667, -0.125743, 0.038214"
2106,H,-12.515558,10.618442,9.415614,90,['2096'],,"-0.048260, 0.129397, 0.153229"
2107,H,-11.183812,9.761231,10.227965,90,['2096'],,"0.024864, 0.025604, 0.072668"
2108,H,-9.807841,7.936431,8.857888,93,['2098'],,"0.039126, 0.022631, 0.069582"
2109,HN,-9.728791,7.233,6.392297,96,['2100'],,"0.021118, -0.035449, 0.005943"
2110,H,-12.648847,11.738925,6.898654,99,['2102'],,"0.046566, -0.026972, 0.055086"
2111,H,-10.711142,8.108303,3.9347,101,['2103'],,"-0.004859, -0.067737, -0.015956"
2112,H,-13.023985,11.793249,4.385223,103,['2104'],,"0.077675, -0.026147, -0.008929"
2113,H,-12.074093,9.976849,2.920317,105,['2105'],,"0.012504, -0.081111, -0.106397"
2114,N,-9.933051,13.270584,11.297678,7,"['2092', '2115', '2118']",,"0.192280, 0.381782, -0.016667"
2115,CA,-10.061766,14.112985,12.485644,8,"['2114', '2116', '2119', '2120']",,"-0.132875, -0.288300, -0.033217"
2116,C,-9.995759,15.577178,12.02402,233,"['2115', '2117', '2125']",,"-0.083524, -0.488367, 0.098371"
2117,O,-10.258097,15.815929,10.815699,234,['2116'],,"-0.046515, -0.077515, 0.235823"
2118,HN,-9.272856,13.683639,10.626482,10,['2114'],,"0.058959, 0.140442, -0.132046"
2119,H,-11.076562,13.964128,12.950365,12,['2115'],,"-0.393156, -0.080488, 0.141359"
2120,C,-8.975672,13.778863,13.541726,33,"['2115', '2121', '2122', '2123']",,"-0.116124, -0.019306, -0.013243"
2121,OH,-7.635079,14.110138,13.168946,35,"['2120', '2124']",,"-0.253410, -0.260459, -0.006124"
2122,H,-8.996393,12.685696,13.764061,34,['2120'],,"-0.086213, -0.031192, -0.048449"
2123,H,-9.208416,14.279477,14.503954,34,['2120'],,"-0.042990, -0.082749, 0.003985"
2124,HO,-7.330667,13.383369,12.656302,36,['2121'],,"0.026883, -0.232909, -0.262215"
2125,O,-9.666469,16.478418,12.848388,234,['2116'],,"-0.378982, -0.259771, -0.369243"
