atom_number,atom_name,x,y,z,atom_type,bonds,Multipole_Atoms,Dipole_Vector,recalculated_x,recalculated_y,recalculated_z,Description,Updated_Description,Residue_Number_PDB
1,N,-10.275839,-31.139411,-21.994171,231,"['2', '5', '6', '7']","2, 5, 6, 1","0.030643, -0.086723, -0.159147",-0.6886141477500966,-0.7805754194166475,-1.0187913237061474,N-Terminal NH3+,Alanine NH3+,7
2,CA,-9.146159,-30.339894,-22.448064,8,"['1', '3', '8', '9']","1, 3, 7, 3","0.275599, 0.462983, -0.600720",0.0,0.0,0.0,Alanine CA,Alanine CA,7
3,C,-8.239861,-29.679493,-21.379321,9,"['2', '4', '13']","2, 4, 8","-0.046045, 0.112071, 0.290302",1.549102044945393,-5.551115123125783e-17,-1.1102230246251563e-16,Alanine C,Alanine C,7
4,O,-7.026325,-29.866595,-21.438102,11,['3'],3,"-0.007673, -0.051447, 0.141906",2.1387605006446115,1.078626391890821,0.0,Alanine O,Alanine O,7
5,H,-10.64122,-31.710716,-22.752435,232,['1'],1,"-0.135183, -0.257723, -0.070101",-1.669068476082313,-0.5152434987835051,-1.0750519123073072,N-Terminal H3N+,Alanine H3N+,7
6,H,-11.055412,-30.595863,-21.641916,232,['1'],1,"-0.139263, -0.026540, 0.038073",-0.6699554302348032,-1.7813361998404755,-0.8594433137274338,N-Terminal H3N+,Alanine H3N+,7
7,H,-10.013061,-31.828432,-21.299474,232,['1'],1,"-0.063057, -0.179264, 0.026809",-0.349335288743409,-0.588744272603149,-1.953936662398129,N-Terminal H3N+,Alanine H3N+,7
8,H,-8.469977,-31.073002,-22.952279,12,['2'],2,"0.492252, -0.217350, -0.197651",-0.2647979938800339,1.06015930930633,-0.2341932201009131,Alanine HA,Alanine HA,7
9,C,-9.612596,-29.305123,-23.505379,13,"['2', '10', '11', '12']","2, 4, 5, 6","-0.047154, 0.646028, -0.685700",-0.561205844983985,-0.3398544785593119,1.405623149921059,Alanine CB,Alanine CB,7
10,H,-8.733631,-28.826591,-23.994426,14,['9'],3,"0.069603, -0.042647, -0.084709",-0.1803647784409493,0.384494469688445,2.161280478122624,Alanine HB,Alanine HB,7
11,H,-10.233739,-28.49283,-23.060749,14,['9'],3,"-0.015919, 0.077012, 0.098963",-0.2715582698400163,-1.3621639480016552,1.743738532741374,Alanine HB,Alanine HB,7
12,H,-10.198069,-29.778136,-24.330471,14,['9'],3,"0.025466, -0.021728, -0.175110",-1.6746267278437703,-0.2628612883270752,1.44639969503706,Alanine HB,Alanine HB,7
13,N,-8.747398,-28.698413,-20.573105,7,"['3', '14', '17']","3, 9, 8","-0.316237, 0.114073, -0.097428",-0.8300295502372417,-0.0968932192740171,-1.2191416980309038,Alanine N,Threonine N,8
14,CA,-8.003724,-27.476216,-20.201854,8,"['13', '15', '18', '19']","8, 7, 9, 8","0.158682, -0.319203, -0.546927",0.0,0.0,0.0,Alanine CA,Threonine CA,8
15,C,-7.516527,-27.146448,-18.739707,9,"['14', '16', '27']","9, 6, 8","-0.256203, -0.026711, -0.188038",1.5760652588779456,5.551115123125783e-17,-5.551115123125783e-17,Alanine C,Threonine C,8
16,O,-6.365163,-27.455361,-18.408711,11,['15'],7,"-0.426578, 0.200146, 0.058723",2.174413752142354,1.0828682905548632,-1.1102230246251563e-16,Alanine O,Threonine O,8
17,HN,-9.766751,-28.632672,-20.431117,10,['13'],8,"-0.307919, 0.152145, -0.003844",-0.999653945998192,-1.0623500938278478,-1.5395845128566994,Alanine HN,Threonine HN,8
18,H,-6.99754,-27.583641,-20.693921,12,['14'],9,"0.472340, -0.076886, -0.169494",-0.1679434195443406,1.0428650530789687,0.3876903324411795,Alanine HA,Threonine HA,8
19,C,-8.709549,-26.25858,-20.93959,37,"['14', '20', '21', '22']","9, 9, 7, 6","0.179268, 0.337991, -0.447500",-0.6478265462154106,-0.9653682920788796,1.0832661683465998,Threonine CB,Threonine CB,8
20,OH,-10.064897,-26.59296,-21.234979,39,"['19', '23']","8, 8","0.017808, 0.220777, 0.097236",-1.4107971382041562,-1.979762054123226,0.4314118762606605,Threonine OG1,Threonine OG1,8
21,C,-8.069148,-25.933097,-22.302402,41,"['19', '24', '25', '26']","8, 9, 7, 6","0.116052, 0.072043, -0.164815",-1.6460695723595735,-0.2422880950986402,2.0073738790186657,Threonine CG2,Threonine CG2,8
22,H,-8.701889,-25.347219,-20.306311,38,['19'],8,"0.008834, 0.051377, 0.109557",0.1327354301058192,-1.4549449871621278,1.701907825943998,Threonine HB,Threonine HB,8
23,HO,-10.669024,-26.046584,-20.741852,40,['20'],9,"-0.196854, 0.074073, 0.040116",-1.0257416216260853,-2.8400024548411413,0.5670183132740833,Threonine HG1,Threonine HG1,8
24,H,-8.593835,-25.089699,-22.802439,42,['21'],7,"-0.022271, -0.018865, 0.005573",-2.095687921677478,-0.9451659252783382,2.742533542996853,Threonine HG2,Threonine HG2,8
25,H,-8.085384,-26.797651,-23.000347,42,['21'],7,"0.026512, 0.027243, 0.028159",-2.4794808505284327,0.2342535191871446,1.4477506299377818,Threonine HG2,Threonine HG2,8
26,H,-7.002862,-25.633174,-22.187565,42,['21'],7,"0.091756, 0.004196, -0.021916",-1.14716578724296,0.5653128546904207,2.589596255254862,Threonine HG2,Threonine HG2,8
27,N,-8.219439,-26.202795,-18.032437,7,"['15', '28', '31']","7, 9, 8","-0.145117, 0.033325, -0.092733",-0.8707863035545836,0.5228141622604876,-1.088582468587295,Alanine N,Serine N,9
28,CA,-7.769311,-25.05971,-17.191392,8,"['27', '29', '32', '33']","8, 8, 9, 8","-0.278938, -0.189272, -0.354880",0.0,0.0,0.0,Alanine CA,Serine CA,9
29,C,-6.758743,-25.146081,-15.975427,9,"['28', '30', '38']","9, 9, 6","-0.049212, -0.101147, 0.029825",1.5834388253071232,0.0,0.0,Alanine C,Serine C,9
30,O,-5.598302,-25.481873,-16.177611,11,['29'],8,"-0.045381, -0.127953, -0.001779",2.1870987510858173,1.0657638789196513,-5.551115123125783e-17,Alanine O,Serine O,9
31,HN,-9.220995,-26.134943,-18.259243,10,['27'],8,"-0.078784, -0.001638, -0.074695",-1.687861788892047,-0.0832661775014254,-1.2441895047091676,Alanine HN,Serine HN,9
32,H,-8.691277,-24.610482,-16.745087,12,['28'],9,"-0.163371, 0.183473, 0.138634",-0.2701830611410081,-1.0770409673018162,0.1341608079546269,Alanine HA,Serine HA,9
33,C,-7.156595,-24.052185,-18.232181,33,"['28', '34', '35', '36']","9, 9, 10, 11","0.303967, 0.163930, 0.030807",-0.4631645654701892,0.8094914083798626,1.266479968200837,Serine CB,Serine CB,9
34,OH,-8.13852,-23.608076,-19.166367,35,"['33', '37']","8, 7","0.112046, 0.008406, 0.272523",-1.8314508337500948,0.5526453711951256,1.5762150054845574,Serine OG,Serine OG,9
35,H,-6.304551,-24.510926,-18.787138,34,['33'],8,"0.059393, -0.055507, 0.066946",-0.3205243650480516,1.90624991716794,1.1209667334402735,Serine HB,Serine HB,9
36,H,-6.751364,-23.157985,-17.728571,34,['33'],8,"-0.030950, 0.047852, 0.138427",0.1334184231241311,0.5355342287833373,2.1533086083159336,Serine HB,Serine HB,9
37,HO,-8.334196,-22.700872,-18.967292,36,['34'],9,"0.001781, 0.022303, 0.029424",-1.8529431628082755,0.0281595711260174,2.3670321623131905,Serine HG,Serine HG,9
38,N,-7.112011,-24.543306,-14.773823,7,"['29', '39', '42']","8, 10, 9","-0.145569, -0.122898, -0.073203",-0.8672085768142737,0.5322095170101984,-1.102229438963383,Alanine N,Threonine N,10
39,CA,-6.680708,-23.269732,-14.108846,8,"['38', '40', '43', '44']","6, 11, 8, 9","-0.256431, -0.411954, -0.274786",0.0,0.0,0.0,Alanine CA,Threonine CA,10
40,C,-5.634434,-23.164055,-12.917906,9,"['39', '41', '52']","10, 8, 3","-0.178854, -0.045197, -0.018515",1.5887715364409698,1.1102230246251563e-16,5.551115123125783e-17,Alanine C,Threonine C,10
41,O,-4.461691,-23.493157,-13.095373,11,['40'],11,"-0.200850, 0.042934, 0.135086",2.2061538510469343,1.064879281493344,5.551115123125783e-17,Alanine O,Threonine O,10
42,HN,-7.89562,-24.977425,-14.26162,10,['38'],6,"-0.118477, -0.148623, 0.190804",-1.0281776461506331,-0.1886442218912369,-1.8228632780798968,Alanine HN,Threonine HN,10
43,H,-7.62231,-22.885869,-13.636146,12,['39'],10,"-0.231893, 0.155834, 0.099670",-0.2402175856901,-1.0951192472391793,0.0204881679150011,Alanine HA,Threonine HA,10
44,C,-6.262986,-22.167597,-15.152056,37,"['39', '45', '46', '47']","10, 12, 13, 12","0.650431, 0.037455, -0.256874",-0.4335919377811651,0.544656161470682,1.4116756103553674,Threonine CB,Threonine CB,10
45,OH,-7.365762,-21.988449,-16.036976,39,"['44', '48']","9, 7","0.412667, 0.077067, 0.002788",-1.811235361033242,0.2210006798919436,1.5809034038596677,Threonine OG1,Threonine OG1,10
46,C,-4.959159,-22.429639,-15.941778,41,"['44', '49', '50', '51']","9, 14, 15, 7","0.395235, -0.203229, -0.161627",-0.1843698498962132,2.048654639310977,1.672766825338444,Threonine CG2,Threonine CG2,10
47,H,-6.129637,-21.215478,-14.598569,38,['44'],9,"0.006516, -0.055285, 0.031900",0.1324469534892247,-0.0231530255590177,2.1783914024354964,Threonine HB,Threonine HB,10
48,HO,-7.277883,-21.144554,-16.474825,40,['45'],12,"-0.013639, 0.116948, -0.091405",-2.025442423214989,0.2541343418552335,2.5107478701137653,Threonine HG1,Threonine HG1,10
49,H,-4.694349,-21.584537,-16.611377,42,['46'],13,"0.005825, -0.065710, -0.050391",-0.455699340120888,2.3480078856317523,2.706910185301962,Threonine HG2,Threonine HG2,10
50,H,-4.960005,-23.340499,-16.575115,42,['46'],13,"0.016349, -0.159224, -0.010404",-0.7202609124408341,2.7454658196833366,0.9959674762859514,Threonine HG2,Threonine HG2,10
51,H,-4.10439,-22.569263,-15.246455,42,['46'],13,"-0.001151, -0.054204, 0.065755",0.8904577572897411,2.294127023636616,1.5382755526461214,Threonine HG2,Threonine HG2,10
52,N,-5.992965,-22.30538,-11.884826,7,"['40', '53', '56']","11, 5, 9","-0.134114, -0.010866, 0.023094",-0.903501469460881,0.5009823336725119,-1.0798949963765334,Alanine N,Lysine N,11
53,CA,-5.371653,-21.078912,-11.298977,8,"['52', '54', '57', '58']","3, 6, 16, 9","-0.204440, -0.128125, -0.465633",0.0,0.0,0.0,Alanine CA,Lysine CA,11
54,C,-4.403718,-21.002637,-10.071339,9,"['53', '55', '74']","5, 16, 18","-0.361965, 0.015578, 0.051014",1.5651872408418113,0.0,0.0,Alanine C,Lysine C,11
55,O,-3.275945,-21.507524,-10.090417,11,['54'],6,"-0.290784, -0.043663, -0.373782",2.2230509124829134,1.0461176711617513,0.0,Alanine O,Lysine O,11
56,HN,-6.936937,-22.445709,-11.494756,10,['52'],3,"-0.124602, -0.051035, 0.089429",-1.1881590273613487,-0.2770484349773757,-1.693546499828784,Alanine HN,Lysine HN,11
57,H,-6.254177,-20.519834,-10.895943,12,['53'],5,"-0.243139, 0.168507, 0.237498",-0.2024053937646552,-1.101302379404967,0.0042838660029963,Alanine HA,Lysine HA,11
58,C,-4.746301,-20.19738,-12.432305,182,"['53', '59', '63', '64']","5, 16, 17, 17","0.213097, -0.019308, -0.060311",-0.4592278540792449,0.5581704851156766,1.389298972178235,Lysine CB,Lysine CB,11
59,C,-5.751134,-19.172372,-13.003488,184,"['58', '60', '65', '66']","9, 6, 18, 17","0.120506, -0.120826, 0.150425",-1.4786819224313583,-0.3682816167584001,2.0885705094907667,Lysine CG,Lysine CG,11
60,C,-5.080073,-18.163665,-13.957877,186,"['59', '61', '67', '68']","16, 8, 18, 17","0.108491, -0.374770, 0.145106",-1.7630962315350895,0.0645904334167586,3.5412925509856965,Lysine CD,Lysine CD,11
61,C,-6.025173,-17.016075,-14.351883,188,"['60', '62', '69', '70']","6, 9, 18, 8","0.217601, 0.310995, -0.271358",-2.6006699382904066,-0.9742366547052111,4.305966411446605,Lysine CE,Lysine CE,11
62,N,-5.332447,-15.95349,-15.053189,190,"['61', '71', '72', '73']","8, 9, 17, 17","-0.032930, 0.178873, -0.378705",-2.670557732343831,-0.6835346702600404,5.724202763899533,Lysine NZ,Lysine NZ,11
63,H,-4.268829,-20.825854,-13.219174,183,['58'],9,"0.101884, -0.060226, -0.014092",-0.8117513509838344,1.612270517538235,1.3073098973089397,Lysine HB,Lysine HB,11
64,H,-3.885348,-19.628254,-12.013786,183,['58'],9,"0.045080, -0.062074, -0.013306",0.4291939395197855,0.6453215799066851,2.055192378648828,Lysine HB,Lysine HB,11
65,H,-6.214865,-18.622268,-12.149531,185,['59'],16,"0.000220, -0.004017, 0.024409",-1.068860168239183,-1.4070006106565986,2.085050490745888,Lysine HG,Lysine HG,11
66,H,-6.592498,-19.693034,-13.505931,185,['59'],16,"0.089163, -0.001301, 0.046413",-2.41845272980958,-0.423882862568963,1.5010582985087308,Lysine HG,Lysine HG,11
67,H,-4.703478,-18.68687,-14.867977,187,['60'],6,"0.080983, -0.052151, -0.044394",-2.2695284992960247,1.0581682911757682,3.554659480009623,Lysine HD,Lysine HD,11
68,H,-4.170087,-17.745123,-13.47093,187,['60'],6,"0.109437, -0.049650, -0.015882",-0.798019215999499,0.2278245966554692,4.07265896769424,Lysine HD,Lysine HD,11
69,H,-6.535142,-16.569432,-13.468687,189,['61'],8,"-0.072690, 0.087334, -0.138641",-2.201551030624114,-2.0066720933354567,4.186071926879373,Lysine HE,Lysine HE,11
70,H,-6.835105,-17.399256,-15.014226,189,['61'],8,"0.010431, 0.115012, -0.007009",-3.6397188486011736,-0.9969564936281854,3.90424891875389,Lysine HE,Lysine HE,11
71,HN,-5.980837,-15.367829,-15.57437,191,['62'],9,"-0.142276, 0.284678, -0.347045",-3.451773966700153,-1.1644102956770697,6.164086682496143,Lysine HN,Lysine HN,11
72,HN,-4.682521,-16.283737,-15.763888,191,['62'],9,"0.184609, 0.071391, -0.301937",-2.842156732813925,0.2973816302634151,5.936138955926852,Lysine HN,Lysine HN,11
73,HN,-4.804628,-15.334291,-14.45236,191,['62'],9,"-0.095317, -0.129177, -0.218288",-1.8427178639999555,-0.9449143476570684,6.243199490505027,Lysine HN,Lysine HN,11
74,N,-4.72468,-20.045164,-9.138818,7,"['54', '75', '78']","6, 17, 19","-0.320569, -0.092370, 0.090587",-0.5733046609626196,1.3373326836593409,0.3155102489936578,Alanine N,Lysine N,12
75,CA,-4.206955,-18.706022,-8.744682,8,"['74', '76', '79', '80']","18, 18, 20, 8","-0.165768, -0.435317, -0.477090",0.0,0.0,0.0,Alanine CA,Lysine CA,12
76,C,-3.964147,-18.5848,-7.213383,9,"['75', '77', '96']","17, 17, 25","0.148812, 0.129500, -0.087168",1.5551614467793995,0.0,2.775557561562892e-17,Alanine C,Lysine C,12
77,O,-4.443037,-19.462725,-6.487719,11,['76'],18,"0.054343, 0.097828, -0.094912",2.126488887995241,1.095564299132988,0.0,Alanine O,Lysine O,12
78,HN,-5.603719,-20.241815,-8.637991,10,['74'],18,"-0.374194, -0.234353, 0.146628",-0.2327356760923747,2.033287758074423,-0.3640985827554215,Alanine HN,Lysine HN,12
79,H,-5.111269,-18.059578,-8.835997,12,['75'],17,"-0.319044, 0.162632, -0.001809",-0.1807156471831364,-0.0889757152403909,-1.097012881381821,Alanine HA,Lysine HA,12
80,C,-3.087807,-18.132081,-9.667866,182,"['75', '81', '85', '86']","17, 9, 17, 18","0.129670, -0.167563, -0.062324",-0.6895479403445597,-1.20101547030109,0.7185086591719195,Lysine CB,Lysine CB,12
81,C,-3.431151,-16.871933,-10.529592,184,"['80', '82', '87', '88']","8, 17, 17, 21","0.084289, -0.354424, 0.058382",-1.4934317903197416,-2.212306234923247,-0.1643795152052279,Lysine CG,Lysine CG,12
82,C,-4.481888,-15.871801,-9.976475,186,"['81', '83', '89', '90']","9, 17, 8, 9","-0.152451, -0.502529, 0.253462",-1.034895371308224,-2.4272190325075185,-1.6319651236644386,Lysine CD,Lysine CD,12
83,C,-4.670355,-14.564171,-10.783879,188,"['82', '84', '91', '92']","17, 18, 22, 22","0.195005, -0.008628, 0.102312",-1.757408594355854,-3.550711731550072,-2.4149440786334755,Lysine CE,Lysine CE,12
84,N,-3.427734,-13.865926,-11.099204,190,"['83', '93', '94', '95']","17, 23, 22, 24","0.088052, 0.059557, -0.001282",-1.819457381777144,-4.829920390755319,-1.7143314613585232,Lysine NZ,Lysine NZ,12
85,H,-2.681537,-18.930345,-10.334063,183,['80'],8,"0.140084, -0.129960, -0.043120",-1.3443149129053455,-0.8387287095587939,1.5468369057260485,Lysine HB,Lysine HB,12
86,H,-2.189879,-17.910964,-9.053295,183,['80'],8,"0.012349, -0.107833, -0.065660",0.0730225998285736,-1.7613096565487425,1.299388621841606,Lysine HB,Lysine HB,12
87,H,-3.801187,-17.232003,-11.515441,185,['81'],9,"0.029237, -0.034250, 0.002561",-2.54999456576776,-1.864020722756968,-0.1934930953638602,Lysine HG,Lysine HG,12
88,H,-2.460204,-16.366709,-10.756355,185,['81'],9,"0.070627, -0.158800, -0.007618",-1.525739684999777,-3.174934305861659,0.402819058608858,Lysine HG,Lysine HG,12
89,H,-4.243392,-15.619405,-8.919606,187,['82'],17,"-0.045366, 0.003836, 0.080903",0.0626672843541895,-2.6060620137115675,-1.6624211733478615,Lysine HD,Lysine HD,12
90,H,-5.482278,-16.365278,-9.923974,187,['82'],17,"-0.115920, -0.055940, 0.015273",-1.1778568854811862,-1.4851579550421805,-2.214321533795057,Lysine HD,Lysine HD,12
91,H,-5.337141,-13.866831,-10.219606,189,['83'],17,"-0.026572, 0.064575, 0.017036",-1.2515430093722564,-3.7081076599244223,-3.399127595862544,Lysine HE,Lysine HE,12
92,H,-5.201428,-14.781591,-11.738468,189,['83'],17,"0.012227, 0.064837, 0.045631",-2.797214490189882,-3.234379068577879,-2.6584343083670605,Lysine HE,Lysine HE,12
93,HN,-3.59651,-13.057476,-11.689832,191,['84'],18,"-0.016133, 0.064545, 0.017755",-2.3643566297844165,-5.5110441843182425,-2.234017291859568,Lysine HN,Lysine HN,12
94,HN,-2.758835,-14.460558,-11.581255,191,['84'],18,"0.008823, -0.039070, 0.006902",-2.2360267788018726,-4.747858819939156,-0.7906853763867749,Lysine HN,Lysine HN,12
95,HN,-2.972957,-13.509541,-10.265381,191,['84'],18,"0.018999, 0.011090, 0.053511",-0.899644506190915,-5.241677566619906,-1.5981699991052682,Lysine HN,Lysine HN,12
96,N,-3.435125,-17.458106,-6.617013,7,"['76', '97', '100']","18, 22, 22","-0.024921, -0.028275, 0.030200",-0.4829755653794123,1.1811438417544815,0.7551258212701407,Alanine N,Leucine N,13
97,CA,-2.309157,-16.514083,-6.816005,8,"['96', '98', '101', '102']","25, 22, 23, 22","-0.506444, 0.196287, 0.261074",0.0,0.0,0.0,Alanine CA,Leucine CA,13
98,C,-1.002686,-17.170887,-6.301672,9,"['97', '99', '115']","22, 23, 24","0.090396, 0.116783, -0.157144",1.5500956109692077,0.0,0.0,Alanine C,Leucine C,13
99,O,-1.044756,-17.943714,-5.347196,11,['98'],22,"0.007508, 0.154531, -0.237548",2.158800730685041,1.0674895637132622,0.0,Alanine O,Leucine O,13
100,HN,-3.610283,-17.488873,-5.601903,10,['96'],25,"0.033306, -0.022746, 0.199880",-0.2807469991789059,2.002647923798618,0.1666448143121359,Alanine HN,Leucine HN,13
101,H,-2.175043,-16.264941,-7.888381,12,['97'],22,"0.084979, 0.036896, -0.286535",-0.3483525608748571,-0.9458631188928104,0.4626467769111699,Alanine HA,Leucine HA,13
102,C,-2.478473,-15.202271,-5.950008,19,"['97', '103', '106', '107']","22, 23, 8, 9","-0.034320, 0.217742, 0.057683",-0.4111997822408284,0.0657544197433318,-1.5251427902259875,Leucine CB,Leucine CB,13
103,C,-3.321597,-13.995323,-6.452226,21,"['102', '104', '105', '108']","22, 22, 23, 26","-0.056546, -0.060022, 0.041216",-1.7998577495026686,-0.4320149327074634,-2.0187612616438697,Leucine CG,Leucine CG,13
104,C,-3.226154,-12.854961,-5.394397,23,"['103', '109', '110', '111']","23, 24, 25, 26","0.021210, 0.042861, -0.039482",-1.8516122656565728,-0.2860108812681732,-3.569419617812304,Leucine CD,Leucine CD,13
105,C,-2.785425,-13.4368,-7.78954,23,"['103', '112', '113', '114']","23, 27, 28, 27","0.122645, 0.127448, 0.274374",-2.0283415220749634,-1.92294593567862,-1.6829681709472988,Leucine CD,Leucine CD,13
106,H,-1.453697,-14.807644,-5.740109,20,['102'],22,"0.055698, 0.006654, 0.027128",0.3549500651304839,-0.5095266175281267,-2.101354599402778,Leucine HB,Leucine HB,13
107,H,-2.854297,-15.513282,-4.945758,20,['102'],22,"0.054301, -0.044392, 0.007318",-0.2629579413092721,1.1191282488367131,-1.8641376520976287,Leucine HB,Leucine HB,13
108,H,-4.390671,-14.306453,-6.578871,22,['103'],23,"-0.079434, -0.032690, -0.013922",-2.61109832280688,0.184714548629479,-1.5526137211849282,Leucine HG,Leucine HG,13
109,H,-3.814306,-11.956635,-5.688689,24,['104'],22,"-0.022014, 0.013831, -0.013804",-2.8256113649689008,-0.6209307322504433,-3.992118809437729,Leucine HD,Leucine HD,13
110,H,-2.172394,-12.516908,-5.248998,24,['104'],22,"0.043446, 0.009811, -0.012539",-1.058463885959998,-0.8945430998530399,-4.065841841669049,Leucine HD,Leucine HD,13
111,H,-3.603908,-13.179503,-4.401129,24,['104'],22,"0.018256, 0.005671, -0.041202",-1.702907665600403,0.7671517775702369,-3.890888543300514,Leucine HD,Leucine HD,13
112,H,-3.440494,-12.617395,-8.172504,24,['105'],23,"-0.026326, 0.030350, 0.103658",-3.054722181998402,-2.2475077405651267,-1.980295851841527,Leucine HD,Leucine HD,13
113,H,-2.728167,-14.235086,-8.551083,24,['105'],23,"0.056315, 0.010731, 0.224803",-1.8945196744578991,-2.1044975277205977,-0.6014796181940203,Leucine HD,Leucine HD,13
114,H,-1.754819,-13.021769,-7.698524,24,['105'],23,"0.200986, 0.106838, -0.040437",-1.3053697551080918,-2.5949045287992663,-2.201106032672458,Leucine HD,Leucine HD,13
115,N,0.177695,-16.755856,-6.834409,7,"['98', '116', '119']","22, 25, 26","0.041750, 0.044071, -0.157706",-0.492209885359304,0.9489305305469672,1.0086121685486598,Alanine N,Histidine N,14
116,CA,1.490478,-17.213987,-6.358221,8,"['115', '117', '120', '121']","24, 8, 24, 25","-0.237382, -0.245558, -0.407985",0.0,0.0,0.0,Alanine CA,Histidine CA,14
117,C,2.144023,-16.111797,-5.5127,9,"['116', '118', '133']","25, 9, 28","0.075442, -0.171251, 0.115110",1.5352034472883398,1.1102230246251563e-16,1.1102230246251563e-16,Alanine C,Histidine C,14
118,O,2.157781,-14.950504,-5.918489,11,['117'],8,"0.073446, -0.118101, 0.034958",2.151313243277712,1.064830571602794,1.6653345369377348e-16,Alanine O,Histidine O,14
119,HN,0.220748,-15.96632,-7.495077,10,['115'],24,"0.073060, 0.151596, -0.066644",-0.2709056085241369,1.934269471222024,0.804077449312963,Alanine HN,Histidine HN,14
120,H,1.348988,-18.128964,-5.732471,12,['116'],25,"-0.182672, -0.332873, 0.164753",-0.3725003464134311,-1.022626874205152,0.253462346718945,Alanine HA,Histidine HA,14
121,C,2.415366,-17.52741,-7.576355,106,"['116', '122', '127', '128']","25, 26, 8, 9","0.315244, -0.290021, -0.153864",-0.502183373536421,0.4249071718787531,-1.4158982965095268,Histidine (+) CB,Histidine (+) CB,14
122,C,3.684409,-18.299029,-7.324966,108,"['121', '123', '124']","25, 27, 28","0.224309, -0.109380, -0.009129",-0.3774698439829408,-0.5681751044430129,-2.5416409732935663,Histidine (+) CG,Histidine (+) CG,14
123,N,3.810256,-19.312094,-6.393692,109,"['122', '125', '129']","26, 27, 26","0.124897, -0.051358, -0.010693",-0.5383160897474076,-1.933214507240697,-2.399495488865767,Histidine (+) ND1,Histidine (+) ND1,14
124,C,4.848134,-18.318728,-8.062008,111,"['122', '126', '130']","26, 29, 29","0.247196, -0.049107, -0.037186",-0.3021377271633267,-0.3373356588908125,-3.8977062587952007,Histidine (+) CD2,Histidine (+) CD2,14
125,C,5.028011,-19.887334,-6.489246,113,"['123', '126', '131']","27, 29, 26","0.190719, 0.026139, -0.064551",-0.485527645073092,-2.5389606653661185,-3.605001124093641,Histidine (+) CE1,Histidine (+) CE1,14
126,N,5.65026,-19.299682,-7.52418,115,"['124', '125', '132']","28, 27, 27","0.191373, -0.063878, -0.099023",-0.3687265459824657,-1.563218969851098,-4.5203713892572495,Histidine (+) NE2,Histidine (+) NE2,14
127,H,2.705431,-16.567371,-8.071935,107,['121'],25,"0.058118, 0.006212, 0.024430",0.0376099809657034,1.3521966864087696,-1.7323938143672468,Histidine (+) HB,Histidine (+) HB,14
128,H,1.85146,-18.111434,-8.341303,107,['121'],25,"0.027809, -0.003099, 0.075385",-1.582836859671021,0.6974645991441436,-1.3698554483829597,Histidine (+) HB,Histidine (+) HB,14
129,HN,3.083103,-19.633872,-5.741181,110,['123'],27,"0.035756, -0.070824, -0.118996",-0.719514189885438,-2.4373572186856376,-1.521389261341265,Histidine (+) HD1,Histidine (+) HD1,14
130,H,5.14465,-17.748932,-8.933988,112,['124'],28,"0.082708, 0.042653, -0.133909",-0.2470749268359091,0.5883465681098576,-4.4571871279115465,Histidine (+) HD2,Histidine (+) HD2,14
131,H,5.408462,-20.705395,-5.895169,114,['125'],27,"-0.027179, 0.025276, 0.031851",-0.5836984939883981,-3.595805001058681,-3.805841308291907,Histidine (+) HE1,Histidine (+) HE1,14
132,HN,6.566593,-19.568253,-7.903671,116,['126'],29,"0.351262, -0.020962, -0.284219",-0.3804637719819417,-1.6928715392417126,-5.539617393314782,Histidine (+) HE2,Histidine (+) HE2,14
133,N,2.734412,-16.506559,-4.356565,7,"['117', '134', '137']","8, 27, 8","-0.032671, -0.100617, 0.084849",-0.4057728430209483,0.962034095200072,1.0203644246764365,Alanine N,Lysine N,15
134,CA,3.674346,-15.731824,-3.55182,8,"['133', '135', '138', '139']","28, 24, 9, 30","-0.447836, 0.084658, 0.196573",0.0,0.0,0.0,Alanine CA,Lysine CA,15
135,C,5.078668,-16.26596,-3.900158,9,"['134', '136', '155']","27, 25, 8","0.110585, 0.455244, 0.025973",1.542323217883982,-1.3877787807814457e-17,0.0,Alanine C,Lysine C,15
136,O,5.272915,-17.48551,-3.933465,11,['135'],24,"-0.070377, 0.251196, -0.132372",2.149065680974098,1.0761073548867437,-5.551115123125783e-17,Alanine O,Lysine O,15
137,HN,2.665735,-17.488869,-4.059791,10,['133'],28,"0.046295, -0.091887, 0.060880",-0.1951393994035295,1.9349397709387213,0.7618835316680902,Alanine HN,Lysine HN,15
138,H,3.604992,-14.64559,-3.802967,12,['134'],27,"0.028111, 0.426924, -0.146153",-0.3826098066108405,-1.0200449858081615,0.2467935544009218,Alanine HA,Lysine HA,15
139,C,3.469243,-15.978501,-2.03104,182,"['134', '140', '144', '145']","27, 31, 33, 34","-0.041661, 0.038525, 0.202000",-0.4447946090542504,0.4462542216954949,-1.4208108659189038,Lysine CB,Lysine CB,15
140,C,2.1868,-15.428385,-1.347621,184,"['139', '141', '146', '147']","30, 8, 35, 8","-0.017712, -0.025723, -0.077716",-1.957357254155716,0.4229932293108923,-1.775722632620066,Lysine CG,Lysine CG,15
141,C,2.287426,-15.760385,0.16227,186,"['140', '142', '148', '149']","31, 9, 9, 3","0.202059, -0.157010, -0.371996",-2.091770035589701,0.8464648272826479,-3.259880789170583,Lysine CD,Lysine CD,15
142,C,1.285106,-15.173532,1.182208,188,"['141', '143', '150', '151']","8, 32, 5, 1","0.469732, -0.047741, 0.439842",-3.438000501432424,0.7279356537346641,-4.01016721295014,Lysine CE,Lysine CE,15
143,N,1.80473,-15.310166,2.542005,190,"['142', '152', '153', '154']","9, 4, 8, 9","0.419810, 0.047289, 0.219527",-3.224665461182286,0.814206982466521,-5.454040909289717,Lysine NZ,Lysine NZ,15
144,H,4.356237,-15.544722,-1.509313,183,['139'],30,"0.013238, -0.019792, 0.008962",0.0947750860319326,-0.2056103527271954,-2.14954865152037,Lysine HB,Lysine HB,15
145,H,3.53988,-17.07533,-1.829859,183,['139'],30,"0.036946, -0.009868, 0.008078",-0.0460623890182156,1.470994292856897,-1.6193496254402189,Lysine HB,Lysine HB,15
146,H,1.27248,-15.887111,-1.789499,185,['140'],31,"-0.018158, -0.070408, -0.010260",-2.5312024192140927,1.1150517235716768,-1.117373531139233,Lysine HG,Lysine HG,15
147,H,2.113622,-14.326025,-1.500258,185,['140'],31,"0.002220, 0.007923, 0.018661",-2.37128240393455,-0.6014100465233003,-1.62368795929274,Lysine HG,Lysine HG,15
148,H,3.300116,-15.416026,0.468888,187,['141'],8,"0.142316, 0.007119, 0.076776",-1.3582003185856035,0.2159037186646326,-3.80979615856659,Lysine HD,Lysine HD,15
149,H,2.306728,-16.870423,0.283683,187,['141'],8,"-0.017739, -0.109775, -0.029118",-1.7171892005747034,1.8929944250272663,-3.368338358297649,Lysine HD,Lysine HD,15
150,H,0.294792,-15.674969,1.1268,189,['142'],9,"0.162940, 0.038592, 0.067773",-4.15353370418488,1.5226071314691405,-3.707280421783677,Lysine HE,Lysine HE,15
151,H,1.137461,-14.088878,0.9818,189,['142'],9,"0.041046, -0.004501, 0.091781",-3.902808487474119,-0.2596755242931653,-3.793339148919333,Lysine HE,Lysine HE,15
152,HN,1.405582,-14.682428,3.235198,191,['143'],32,"0.104492, -0.036783, -0.039646",-3.962056451650765,0.4250516338035879,-6.036023125151979,Lysine HN,Lysine HN,15
153,HN,2.779354,-15.023176,2.493264,191,['143'],32,"0.676023, 0.209675, 0.047370",-2.425628941173999,0.2158774262099801,-5.649420714694212,Lysine HN,Lysine HN,15
154,HN,1.833468,-16.265745,2.893117,191,['143'],32,"0.112737, -0.017637, 0.004617",-2.946863186305147,1.734849064636172,-5.789422463702618,Lysine HN,Lysine HN,15
155,N,6.059897,-15.365966,-4.131093,7,"['135', '156', '159']","24, 9, 8","-0.026666, 0.350200, -0.030545",-0.4979561804705592,1.0505318274997255,0.878670432589636,Alanine N,Glutamate N,16
156,CA,7.439688,-15.645373,-4.507587,8,"['155', '157', '160', '161']","8, 30, 9, 8","-0.432173, 0.001905, -0.469724",0.0,0.0,0.0,Alanine CA,Glutamate CA,16
157,C,8.399983,-14.970941,-3.518551,9,"['156', '158', '170']","9, 31, 9","0.048972, -0.332975, -0.190131",1.534671697447047,2.4286128663675305e-17,0.0,Alanine C,Glutamate C,16
158,O,8.156714,-13.838552,-3.092823,11,['157'],30,"0.283496, -0.361010, -0.088348",2.1544587786079785,1.067048713832697,0.0,Alanine O,Glutamate O,16
159,HN,5.856596,-14.361589,-4.054671,10,['155'],8,"-0.106262, 0.481239, -0.043164",-0.1345304620000827,1.982158195332293,0.6421565117999406,Alanine HN,Glutamate HN,16
160,H,7.595707,-16.749978,-4.497534,12,['156'],9,"0.055920, -0.346584, 0.035751",-0.3813284077764076,-0.98231210952648,0.3663970006636856,Alanine HA,Glutamate HA,16
161,C,7.705954,-15.076021,-5.930957,153,"['156', '162', '166', '167']","9, 9, 35, 8","-0.165964, -0.102957, -0.480244",-0.5004855801170489,0.2663230911521776,-1.4490091907141405,Glutamate CB,Glutamate CB,16
162,C,6.7567,-15.683075,-6.977948,155,"['161', '163', '168', '169']","8, 32, 9, 8","0.142753, 0.148028, 0.565307",-2.03598812952489,0.3126696706883871,-1.5256367630384218,Glutamate CG,Glutamate CG,16
163,C,7.041554,-15.245161,-8.388318,157,"['162', '164', '165']","9, 33, 34","-0.170065, 0.046159, 0.444030",-2.574226775559803,0.4623837435165928,-2.922038877733073,Glutamate CD,Glutamate CD,16
164,O,7.915418,-15.890754,-9.042661,158,['163'],32,"0.328869, 0.220994, 0.597530",-2.7328340738170898,-0.5909100759589401,-3.610522159002974,Glutamate OE,Glutamate OE,16
165,O,6.257656,-14.421299,-8.925097,158,['163'],32,"0.472647, 0.029920, 0.199372",-3.04861370129844,1.5767915220905169,-3.260312010025864,Glutamate OE,Glutamate OE,16
166,H,8.760432,-15.280858,-6.231072,154,['161'],8,"0.045053, 0.021297, 0.013993",-0.124094469727179,-0.5298230168610859,-2.1334302372876754,Glutamate HB,Glutamate HB,16
167,H,7.595341,-13.965866,-5.933639,154,['161'],8,"0.008788, 0.061239, 0.058711",-0.083555788137825,1.226435323700909,-1.8350669615055768,Glutamate HB,Glutamate HB,16
168,H,5.697382,-15.431768,-6.74146,156,['162'],9,"-0.111293, 0.011415, 0.072221",-2.435991043268064,1.1475638072398997,-0.9058094828499192,Glutamate HG,Glutamate HG,16
169,H,6.836844,-16.791033,-6.943236,156,['162'],9,"-0.042927, -0.049911, 0.042728",-2.450375800061794,-0.6268619498220879,-1.1004754924457745,Glutamate HG,Glutamate HG,16
170,N,9.498644,-15.664869,-3.105042,50,"['157', '171', '177']","30, 3, 8","0.065087, -0.169720, -0.026708",-0.5844931664316735,1.0425695801015575,0.8395088459453754,Proline N,Proline N,17
171,CA,10.423361,-15.130616,-2.108633,51,"['170', '172', '174', '175']","9, 5, 4, 8","-0.218698, -0.408406, 0.499119",0.0,0.0,0.0,Proline CA,Proline CA,17
172,C,11.284844,-13.976466,-2.628733,52,"['171', '173', '184']","3, 1, 36","-0.057022, 0.027292, 0.377788",1.5312475932353324,5.551115123125783e-17,2.775557561562892e-17,Proline C,Proline C,17
173,O,11.740551,-13.983556,-3.776286,53,['172'],5,"-0.270139, -0.017620, 0.289975",2.172060502666757,1.0554410646094992,2.220446049250313e-16,Proline O,Proline O,17
174,H,9.859217,-14.786439,-1.20422,54,['171'],3,"-0.197348, 0.108594, 0.288178",-0.3651622276973373,-1.007527376220907,0.3259206471866028,Proline HA,Proline HA,17
175,C,11.295879,-16.357786,-1.766427,55,"['171', '176', '178', '179']","3, 9, 9, 12","0.608173, -0.378633, 0.128683",-0.5503095486508272,0.3470199794645491,-1.4003840009712154,Proline CB,Proline CB,17
176,C,11.389627,-17.064315,-3.12031,57,"['175', '177', '180', '181']","8, 8, 8, 9","0.370423, -0.180038, 0.093441",-0.5702433522374213,1.876387465288668,-1.3602737801716984,Proline CG,Proline CG,17
177,C,9.947063,-16.953987,-3.620951,59,"['170', '176', '182', '183']","9, 9, 8, 9","0.378475, -0.185767, -0.002366",-1.1286285022871532,2.136149724864106,0.041344629119933,Proline CD,Proline CD,17
178,H,10.789364,-17.003275,-1.010533,56,['175'],8,"-0.114190, -0.011001, 0.099354",-1.578546698182149,-0.0649089445452598,-1.53317014283029,Proline HB,Proline HB,17
179,H,12.287534,-16.075065,-1.343006,56,['175'],8,"0.046181, 0.077006, 0.049578",0.0768751787947536,-0.0678837894402328,-2.2232389859561907,Proline HB,Proline HB,17
180,H,11.769182,-18.107366,-3.048887,58,['176'],9,"0.076267, -0.062555, -0.037505",-1.1671450145961666,2.332027984766171,-2.1807728685554904,Proline HG,Proline HG,17
181,H,12.084598,-16.510296,-3.797409,58,['176'],9,"0.065486, 0.118371, -0.107308",0.4683123508170571,2.2783637158621968,-1.4508383683442494,Proline HG,Proline HG,17
182,H,9.31675,-17.776242,-3.205648,60,['177'],8,"-0.075858, 0.016179, 0.083946",-2.244064464619143,2.0952145186812947,0.0402187364633301,Proline HD,Proline HD,17
183,H,9.912904,-17.015986,-4.732415,60,['177'],8,"0.005977, 0.034860, -0.023070",-0.8170597626132704,3.1411131378834165,0.406497193849537,Proline HD,Proline HD,17
184,N,11.561302,-13.000511,-1.735632,7,"['172', '185', '188']","5, 9, 8","-0.177686, -0.143723, 0.200824",-0.4806661910647881,1.2807629306487107,0.4840157231665041,Alanine N,Alanine N,18
185,CA,12.395362,-11.838476,-1.979934,8,"['184', '186', '189', '190']","36, 8, 9, 37","-0.530855, -0.088779, -0.478481",0.0,0.0,0.0,Alanine CA,Alanine CA,18
186,C,13.147209,-11.476442,-0.69897,9,"['185', '187', '194']","9, 9, 36","0.083525, 0.047391, -0.344706",1.5287940665311983,0.0,1.3877787807814457e-17,Alanine C,Alanine C,18
187,O,12.760526,-11.850872,0.4093,11,['186'],8,"0.066694, 0.026517, -0.149312",2.1785683885973084,1.0467938147851883,2.775557561562892e-17,Alanine O,Alanine O,18
188,HN,11.230728,-13.069778,-0.760536,10,['184'],36,"-0.074922, 0.038860, 0.334142",0.1573823300818587,2.0639592735377765,0.2733338085920205,Alanine HN,Alanine HN,18
189,H,13.149202,-12.081176,-2.770058,12,['185'],9,"0.235868, -0.048485, -0.282905",-0.3487805980735196,-0.8116832451014485,0.6862917564746495,Alanine HA,Alanine HA,18
190,C,11.510803,-10.646352,-2.41999,13,"['185', '191', '192', '193']","9, 38, 8, 9","-0.089305, 0.140885, -0.145259",-0.5214302708864765,-0.2418928353383067,-1.4376549891431711,Alanine CB,Alanine CB,18
191,H,12.137516,-9.75885,-2.660368,14,['190'],37,"0.051424, -0.032746, -0.027327",-0.2044597683213357,-1.2420990283153586,-1.8082326993349125,Alanine HB,Alanine HB,18
192,H,10.799742,-10.351096,-1.616267,14,['190'],37,"0.026223, -0.045925, 0.013620",-0.1277710638132005,0.5217293126927396,-2.145234070030169,Alanine HB,Alanine HB,18
193,H,10.923568,-10.890033,-3.332924,14,['190'],37,"0.026487, -0.048569, 0.009425",-1.6328731432612853,-0.2144519557096428,-1.4778495523879691,Alanine HB,Alanine HB,18
194,N,14.219671,-10.672383,-0.850358,7,"['186', '195', '198']","8, 9, 8","0.060701, -0.092570, -0.298736",-0.4329709761099954,1.101421921769134,0.8419668527624742,Alanine N,Threonine N,19
195,CA,14.947827,-10.076962,0.256333,8,"['194', '196', '199', '200']","36, 8, 9, 37","-0.212160, -0.542668, -0.217143",0.0,0.0,0.0,Alanine CA,Threonine CA,19
196,C,14.742189,-8.567427,0.176327,9,"['195', '197', '208']","9, 9, 1","0.085478, -0.193073, 0.378167",1.5255765674999728,-1.3877787807814457e-17,2.255140518769849e-17,Alanine C,Threonine C,19
197,O,14.699678,-7.975761,-0.906254,11,['196'],8,"-0.070384, -0.101239, 0.522375",2.1735252898862174,1.050723519959477,1.3877787807814457e-17,Alanine O,Threonine O,19
198,HN,14.473587,-10.33404,-1.791972,10,['194'],36,"0.015338, 0.101706, -0.327891",-0.0830307612731485,2.036036897380197,0.5781052619530637,Alanine HN,Threonine HN,19
199,H,14.525106,-10.437139,1.227827,12,['195'],9,"-0.173409, -0.162502, 0.305178",-0.3503577906528178,-0.9706085723414396,0.4328851175914809,Alanine HA,Threonine HA,19
200,C,16.460403,-10.435667,0.215023,37,"['195', '201', '202', '203']","9, 38, 8, 9","0.493481, 0.255410, 0.467071",-0.5566523673044134,0.1226478117260989,-1.4468440154882591,Threonine CB,Threonine CB,19
201,OH,16.52961,-11.861524,0.218367,39,"['200', '204']","37, 8","0.167814, 0.312612, -0.300506",-1.9770203919496507,0.1893945135481547,-1.3204773743393363,Threonine OG1,Threonine OG1,19
202,C,17.23694,-9.922194,1.441472,41,"['200', '205', '206', '207']","37, 9, 8, 9","0.203325, 0.178016, 0.303025",-0.2175696350606184,-1.0923677771967026,-2.3297944122080656,Threonine CG2,Threonine CG2,19
203,H,16.920038,-10.046957,-0.722942,38,['200'],37,"-0.027041, 0.019015, -0.011460",-0.1847957410325178,1.0600266658458313,-1.921377124867219,Threonine HB,Threonine HB,19
204,HO,17.419587,-12.113501,-0.00746,40,['201'],38,"0.079268, -0.004903, 0.001258",-2.334467987616795,0.4645988760637228,-2.158954015749922,Threonine HG1,Threonine HG1,19
205,H,18.306499,-10.224619,1.399064,42,['202'],8,"-0.002153, 0.014226, 0.021074",-0.6587603402062742,-0.9901749224284424,-3.3457290339713905,Threonine HG2,Threonine HG2,19
206,H,16.831163,-10.297199,2.408063,42,['202'],8,"0.065674, -0.030836, 0.062865",-0.5846263226267192,-2.056662230166876,-1.911479362133416,Threonine HG2,Threonine HG2,19
207,H,17.237778,-8.808353,1.499799,42,['202'],8,"0.021548, 0.167381, 0.030913",0.8813874248766752,-1.2029823183532535,-2.4850436252582546,Threonine HG2,Threonine HG2,19
208,N,14.638747,-7.908194,1.347184,7,"['196', '209', '212']","8, 4, 4","0.002914, -0.008472, 0.265996",-0.4543746434233859,0.9542039041593072,0.9966025422775148,Alanine N,Leucine N,20
209,CA,14.603459,-6.457999,1.423782,8,"['208', '210', '213', '214']","1, 39, 8, 9","-0.407650, -0.240570, 0.508637",0.0,0.0,0.0,Alanine CA,Leucine CA,20
210,C,15.991526,-5.925631,1.06129,9,"['209', '211', '227']","4, 1, 1","-0.139911, 0.112938, -0.035514",1.5302111403257392,8.326672684688674e-17,0.0,Alanine C,Leucine C,20
211,O,16.993692,-6.432997,1.555346,11,['210'],39,"-0.048723, 0.095733, 0.003359",2.145731938770259,1.0615942856525835,0.0,Alanine O,Leucine O,20
212,HN,14.700492,-8.415151,2.240404,10,['208'],1,"0.039869, -0.045149, 0.144393",-0.7863331412505995,1.8629498892528664,0.6463967405399694,Alanine HN,Leucine HN,20
213,H,13.855057,-6.076414,0.692673,12,['209'],4,"-0.225269, 0.104036, -0.207295",-0.3729337063279521,-1.0128979062836083,0.2742103532705872,Alanine HA,Leucine HA,20
214,C,14.222221,-6.021304,2.858377,19,"['209', '215', '218', '219']","4, 36, 9, 37","-0.069900, 0.214435, 0.320390",-0.5337372290677107,0.408506980207355,-1.3936837399937585,Leucine CB,Leucine CB,20
215,C,14.235303,-4.482173,3.074626,21,"['214', '216', '217', '220']","9, 9, 8, 38","0.072851, 0.045613, 0.119373",-0.0376264426618569,-0.5017464073770107,-2.5517734868998216,Leucine CG,Leucine CG,20
216,C,13.143517,-3.782844,2.229266,23,"['215', '221', '222', '223']","36, 40, 6, 3","0.044405, -0.017168, 0.084063",-0.5844369300641922,-1.9430206671623544,-2.412424828549505,Leucine CD,Leucine CD,20
217,C,13.995391,-4.205939,4.568086,23,"['215', '224', '225', '226']","36, 5, 1, 4","0.056179, 0.066508, 0.119031",-0.5129354187533351,0.1103820243394506,-3.879804330830495,Leucine CD,Leucine CD,20
218,H,14.959424,-6.479387,3.565644,20,['214'],9,"0.140299, 0.050673, 0.077062",-0.1919283224996535,1.4543439350090526,-1.600871197984976,Leucine HB,Leucine HB,20
219,H,13.228466,-6.444005,3.142568,20,['214'],9,"0.016393, 0.010911, 0.017373",-1.6495623113250075,0.4516274614553247,-1.385641985866667,Leucine HB,Leucine HB,20
220,H,15.231782,-4.052037,2.806577,22,['215'],36,"0.043632, 0.016817, 0.039919",1.07943239399328,-0.5390517815568765,-2.5767836217649887,Leucine HG,Leucine HG,20
221,H,13.043127,-2.709834,2.507286,24,['216'],9,"0.007391, -0.012225, 0.028044",-0.368056257499282,-2.5466840442981624,-3.3220916160301446,Leucine HD,Leucine HD,20
222,H,12.14217,-4.250787,2.36122,24,['216'],9,"0.016024, 0.000673, 0.018788",-1.6868252411843865,-1.9640851650459727,-2.259537215550692,Leucine HD,Leucine HD,20
223,H,13.383876,-3.801221,1.144702,24,['216'],9,"-0.005714, 0.035968, 0.025885",-0.115876204089884,-2.483755248101224,-1.5624564808110168,Leucine HD,Leucine HD,20
224,H,14.042324,-3.114124,4.768089,24,['217'],8,"0.057934, 0.034569, 0.053274",-0.1378930381098148,-0.4914946666559778,-4.734995281601512,Leucine HD,Leucine HD,20
225,H,14.784328,-4.673008,5.199132,24,['217'],8,"0.057870, -0.002265, -0.013571",-0.1092684459566855,1.1380132274406511,-4.020592044541489,Leucine HD,Leucine HD,20
226,H,13.018921,-4.590102,4.931289,24,['217'],8,"0.005132, -0.022174, 0.018491",-1.6183907436896758,0.1821604591759968,-3.956012411375167,Leucine HD,Leucine HD,20
227,N,16.040187,-4.867464,0.218235,7,"['210', '228', '231']","39, 4, 41","-0.104762, -0.083512, -0.115278",-0.4721826975507415,-0.719005832892957,-1.174214534846853,Alanine N,Isoleucine N,21
228,CA,17.226509,-4.057495,-0.016916,8,"['227', '229', '232', '233']","1, 40, 42, 30","0.151449, -0.554029, -0.113274",0.0,0.0,0.0,Alanine CA,Isoleucine CA,21
229,C,17.100818,-2.749136,0.774644,9,"['228', '230', '246']","4, 6, 6","-0.040951, -0.153118, -0.181046",1.534330060307104,5.551115123125783e-17,0.0,Alanine C,Isoleucine C,21
230,O,17.943462,-2.435968,1.612711,11,['229'],40,"-0.052998, -0.081021, -0.088827",2.164705325609805,1.0550385909262037,0.0,Alanine O,Isoleucine O,21
231,HN,15.184627,-4.550618,-0.260577,10,['227'],1,"-0.178844, 0.105123, -0.142319",-0.3789328260561021,-1.744338394850912,-1.1338062248726972,Alanine HN,Isoleucine HN,21
232,H,18.114135,-4.572893,0.429693,12,['228'],4,"0.336494, -0.168307, 0.243284",-0.2818001175845159,1.0790834200370074,-0.0956152680882602,Alanine HA,Isoleucine HA,21
233,C,17.528956,-3.819051,-1.542916,25,"['228', '234', '235', '237']","4, 31, 32, 34","0.120564, -0.315509, -0.169345",-0.6087119692447802,-0.5361368743278097,1.348715210646469,Isoleucine CB,Isoleucine CB,21
234,C,17.834636,-5.185528,-2.240287,27,"['233', '236', '238', '239']","30, 33, 35, 41","-0.075415, -0.003146, 0.024142",-2.1587530956025445,-0.3254275077730626,1.3489023353341938,Isoleucine CG1,Isoleucine CG1,21
235,C,18.727659,-2.844226,-1.725815,29,"['233', '240', '241', '242']","30, 42, 7, 3","-0.026705, -0.038613, 0.012981",0.0299898174919359,0.18370453087502,2.5712180065573573,Isoleucine CG2,Isoleucine CG2,21
236,C,18.005219,-5.086432,-3.765754,31,"['234', '243', '244', '245']","31, 5, 6, 16","0.040899, -0.063381, -0.010024",-2.8752131919973016,-0.94344318698433,2.561630538897157,Isoleucine CD,Isoleucine CD,21
237,H,16.621675,-3.364428,-2.008964,26,['233'],30,"-0.017759, 0.017682, 0.062903",-0.3871545587877639,-1.6284052385598322,1.4187420466701304,Isoleucine HB,Isoleucine HB,21
238,H,17.009237,-5.904011,-2.029918,28,['234'],31,"-0.012544, -0.035909, 0.018307",-2.5952750704857994,-0.7700059627068675,0.4250219266753156,Isoleucine HG1,Isoleucine HG1,21
239,H,18.745683,-5.651255,-1.795181,28,['234'],31,"0.013867, -0.025758, 0.017684",-2.400891618936721,0.7622144903394499,1.2903237946100894,Isoleucine HG1,Isoleucine HG1,21
240,H,18.957439,-2.642066,-2.79452,30,['235'],32,"0.022721, -0.026432, 0.007208",-0.3677913171733391,-0.1840187231126653,3.541963940572079,Isoleucine HG2,Isoleucine HG2,21
241,H,19.650933,-3.248502,-1.25214,30,['235'],32,"-0.006481, -0.043275, 0.015194",-0.1460109006090631,1.282529621871594,2.528216430989687,Isoleucine HG2,Isoleucine HG2,21
242,H,18.520797,-1.855741,-1.258113,30,['235'],32,"-0.035291, -0.027444, 0.021224",1.131127165044676,0.025498670304803,2.604490977250581,Isoleucine HG2,Isoleucine HG2,21
243,H,18.109111,-6.093793,-4.227608,32,['236'],33,"0.020977, -0.019947, -0.030748",-3.9809943508904606,-0.8656609743792347,2.4612472467606814,Isoleucine HD,Isoleucine HD,21
244,H,18.919977,-4.521697,-4.050085,32,['236'],33,"0.049093, -0.042706, -0.014228",-2.615272885771943,-0.42637783255363,3.5111706343101527,Isoleucine HD,Isoleucine HD,21
245,H,17.133335,-4.597742,-4.2521,32,['236'],33,"0.010411, -0.046517, 0.001543",-2.6379774751130585,-2.0228196404356305,2.680784823928434,Isoleucine HD,Isoleucine HD,21
246,N,16.053273,-1.936753,0.486982,7,"['229', '247', '250']","40, 43, 43","-0.044945, -0.177889, -0.154959",-0.5020458023088188,0.8905439082926616,1.033811307403787,Alanine N,Lysine N,22
247,CA,15.832963,-0.643855,1.114487,8,"['246', '248', '251', '252']","6, 44, 46, 46","0.684798, -0.274130, -0.184320",0.0,0.0,0.0,Alanine CA,Lysine CA,22
248,C,14.333648,-0.318287,1.145051,9,"['247', '249', '268']","43, 45, 50","0.278327, 0.069116, 0.361337",1.5345599206107914,1.0408340855860844e-17,4.77048955893622e-17,Alanine C,Lysine C,22
249,O,13.628465,-0.42268,0.135796,11,['248'],44,"0.247861, 0.141943, 0.507223",2.1812974942116825,1.052856651142895,5.551115123125783e-17,Alanine O,Lysine O,22
250,HN,15.329636,-2.220585,-0.191131,10,['246'],6,"-0.250166, -0.115830, -0.229561",0.1312480386773249,1.6643820156758626,1.2871131970386702,Alanine HN,Lysine HN,22
251,H,16.199799,-0.689957,2.171967,12,['247'],43,"0.205577, -0.049268, 0.345156",-0.3471296411442668,-1.0415843213537064,0.2226232455274854,Alanine HA,Lysine HA,22
252,C,16.638364,0.451758,0.333113,182,"['247', '253', '257', '258']","43, 47, 50, 51","0.145054, 0.107884, 0.000305",-0.5700234772968878,0.4510887547369198,-1.3896676275736797,Lysine CB,Lysine CB,22
253,C,16.154999,1.895055,0.601431,184,"['252', '254', '259', '260']","46, 48, 52, 53","-0.109625, -0.087266, 0.139947",0.2137898934734449,-0.1069474821488561,-2.5992025219368022,Lysine CG,Lysine CG,22
254,C,17.224228,2.997652,0.46262,186,"['253', '255', '261', '262']","47, 49, 54, 54","-0.072893, -0.480129, 0.049165",-0.5997224240814885,-0.2996430824025601,-3.895082689004832,Lysine CD,Lysine CD,22
255,C,16.596473,4.38214,0.7252,188,"['254', '256', '263', '264']","48, 50, 55, 47","0.002847, 0.043313, 0.063985",0.3125736376922206,-0.8285612597362728,-5.021045865990281,Lysine CE,Lysine CE,22
256,N,17.562413,5.463127,0.84757,190,"['255', '265', '266', '267']","49, 48, 56, 45","-0.086005, 0.102470, 0.041430",-0.3994047113637933,-1.2626672007872295,-6.213181033279937,Lysine NZ,Lysine NZ,22
257,H,16.592091,0.264158,-0.765425,183,['252'],46,"-0.024116, -0.020314, 0.067786",-0.5864936515126598,1.5638441409391433,-1.4646667729837597,Lysine HB,Lysine HB,22
258,H,17.714787,0.348778,0.613017,183,['252'],46,"0.005540, -0.052061, 0.054795",-1.637996864987538,0.1280430647140483,-1.4417438206680957,Lysine HB,Lysine HB,22
259,H,15.777362,1.955367,1.650354,185,['253'],47,"-0.059295, 0.049959, 0.115262",0.6164406796330784,-1.1128138854334564,-2.329773822295633,Lysine HG,Lysine HG,22
260,H,15.272681,2.116493,-0.046819,185,['253'],47,"-0.037443, -0.007098, 0.012238",1.1099117115166632,0.5330000167119969,-2.786767948912712,Lysine HG,Lysine HG,22
261,H,17.687998,2.969134,-0.551846,187,['254'],48,"0.034534, -0.036052, -0.009797",-1.079096344068401,0.6594792893445407,-4.203825422086273,Lysine HD,Lysine HD,22
262,H,18.041276,2.803106,1.199427,187,['254'],48,"0.032963, -0.085616, 0.135606",-1.42460419513424,-1.0271905904524232,-3.698754333986231,Lysine HD,Lysine HD,22
263,H,15.969721,4.388164,1.646022,189,['255'],49,"-0.090031, 0.122661, 0.112066",0.9445488946336336,-1.6802634916618473,-4.680490295619116,Lysine HE,Lysine HE,22
264,H,15.908798,4.638969,-0.11244,189,['255'],49,"-0.016004, 0.198199, 0.010864",1.0222592634601138,-0.0264220821163367,-5.326689224778993,Lysine HE,Lysine HE,22
265,HN,17.091332,6.353353,0.70259,191,['256'],50,"-0.143803, 0.028091, -0.087847",0.2468370716017607,-1.293404626185576,-6.998588958288579,Lysine HN,Lysine HN,22
266,HN,18.304308,5.402207,0.158663,191,['256'],50,"-0.053707, 0.004849, 0.059149",-1.1509059349680095,-0.6315320968292777,-6.469358088355817,Lysine HN,Lysine HN,22
267,HN,17.990072,5.487181,1.770159,191,['256'],50,"-0.035087, 0.016718, 0.024236",-0.7937629391455616,-2.193629837139368,-6.101684683496183,Lysine HN,Lysine HN,22
268,N,13.843323,0.18272,2.305183,7,"['248', '269', '272']","44, 57, 53","0.080056, -0.000122, 0.234395",-0.4534412454117403,0.9067888341236592,1.050447850896037,Alanine N,Alanine N,23
269,CA,12.525997,0.798172,2.436281,8,"['268', '270', '273', '274']","50, 58, 59, 56","-0.017471, -0.453737, 0.589613",0.0,0.0,0.0,Alanine CA,Alanine CA,23
270,C,12.61652,2.235773,1.906017,9,"['269', '271', '278']","57, 51, 47","-0.248800, -0.139186, -0.000175",1.5349498227714151,0.0,-1.1102230246251563e-16,Alanine C,Alanine C,23
271,O,13.523429,2.981677,2.286061,11,['270'],58,"-0.147312, -0.189355, -0.041115",2.1557419776410294,1.0667273568655404,-1.3877787807814457e-17,Alanine O,Alanine O,23
272,HN,14.438143,0.215936,3.145691,10,['268'],50,"0.090151, 0.013523, 0.167096",-0.6776146244572671,1.8656267690984536,0.7475552235500059,Alanine HN,Alanine HN,23
273,H,11.785902,0.215625,1.837154,12,['269'],57,"-0.174274, -0.178290, -0.170208",-0.382273271216489,-1.0275402806432594,0.2099592725554563,Alanine HA,Alanine HA,23
274,C,12.091279,0.828357,3.91597,13,"['269', '275', '276', '277']","57, 43, 44, 54","-0.139337, -0.005620, 0.378272",-0.5085402712484917,0.4746387907478674,-1.3767625871245606,Alanine CB,Alanine CB,23
275,H,11.088297,1.297629,4.03163,14,['274'],56,"-0.011409, 0.025554, 0.015442",-0.1681365558341331,-0.2068339427008659,-2.188727218131361,Alanine HB,Alanine HB,23
276,H,12.802949,1.41642,4.54024,14,['274'],56,"0.048373, 0.046560, 0.058693",-0.1314630896973957,1.4938514103336398,-1.623792441594802,Alanine HB,Alanine HB,23
277,H,12.039651,-0.194241,4.35327,14,['274'],56,"0.025342, -0.038911, 0.012357",-1.6203980341039446,0.5185525246237754,-1.4148061035648598,Alanine HB,Alanine HB,23
278,N,11.699044,2.61097,0.976183,7,"['270', '279', '282']","58, 43, 49","-0.056585, -0.117175, -0.099550",-0.4777221025494169,-0.3083231831612242,-1.3424087640354163,Alanine N,Isoleucine N,24
279,CA,11.677651,3.924413,0.343923,8,"['278', '280', '283', '284']","47, 60, 50, 61","0.411735, -0.198975, -0.080296",0.0,0.0,0.0,Alanine CA,Isoleucine CA,24
280,C,10.671486,4.817995,1.076577,9,"['279', '281', '297']","43, 60, 51","-0.094572, -0.113785, -0.153425",1.5322006009870244,-1.6653345369377348e-16,-1.1102230246251563e-16,Alanine C,Isoleucine C,24
281,O,11.073726,5.674925,1.861235,11,['280'],60,"-0.043019, -0.103080, -0.100557",2.1430215570609907,1.0671044836776231,-2.220446049250313e-16,Alanine O,Isoleucine O,24
282,HN,10.887989,2.012382,0.758383,10,['278'],47,"-0.188493, -0.052795, -0.053920",-0.3983619648620471,-1.300316133999727,-1.6129759475628436,Alanine HN,Isoleucine HN,24
283,H,12.659802,4.428522,0.526384,12,['279'],43,"0.282465, 0.225209, 0.134965",-0.2637138053089845,1.0601566790703405,0.241994487364911,Alanine HA,Isoleucine HA,24
284,C,11.498484,3.849337,-1.218111,25,"['279', '285', '286', '288']","43, 58, 51, 62","0.188884, -0.079889, -0.174195",-0.6730485911888334,-0.8911529430562191,1.1092968325934975,Isoleucine CB,Isoleucine CB,24
285,C,12.670697,3.02474,-1.8521,27,"['284', '287', '289', '290']","61, 53, 48, 56","-0.125127, 0.010147, 0.121500",-2.226878621585201,-0.6882333065976709,1.088767836588883,Isoleucine CG1,Isoleucine CG1,24
286,C,11.436081,5.272421,-1.834441,29,"['284', '291', '292', '293']","61, 48, 63, 54","-0.040604, 0.052072, 0.044101",-0.0968359719049984,-0.5549052871466764,2.5106680916245936,Isoleucine CG2,Isoleucine CG2,24
287,C,12.495099,2.741101,-3.353271,31,"['285', '294', '295', '296']","58, 56, 64, 58","0.038640, 0.016505, 0.052477",-2.994802273556124,-1.6464649499464967,2.0144489337247427,Isoleucine CD,Isoleucine CD,24
288,H,10.538332,3.32869,-1.441385,26,['284'],61,"-0.079715, -0.012399, 0.070623",-0.4529416677789694,-1.9613473273417588,0.8878168946764549,Isoleucine HB,Isoleucine HB,24
289,H,12.760798,2.041677,-1.331977,28,['285'],58,"0.017168, -0.017215, 0.039179",-2.610662362115125,-0.8415754849904878,0.0523050036182042,Isoleucine HG1,Isoleucine HG1,24
290,H,13.643155,3.542273,-1.679564,28,['285'],58,"-0.002036, -0.000208, -0.006438",-2.4811441789600206,0.3663434104563443,1.3466449649454857,Isoleucine HG1,Isoleucine HG1,24
291,H,11.256292,5.256534,-2.930906,30,['286'],51,"-0.009347, 0.009306, 0.026234",-0.5123353560906536,-1.2038451873493408,3.3113236013048155,Isoleucine HG2,Isoleucine HG2,24
292,H,12.369071,5.849693,-1.646508,30,['286'],51,"-0.006287, 0.025772, 0.012673",-0.2829814091801625,0.5050961239062867,2.7948845572284835,Isoleucine HG2,Isoleucine HG2,24
293,H,10.599919,5.862922,-1.397429,30,['286'],51,"-0.026223, 0.005586, 0.020906",1.0056023067850548,-0.7056002049505978,2.5382124706515907,Isoleucine HG2,Isoleucine HG2,24
294,H,13.30225,2.076603,-3.732934,32,['287'],53,"0.001283, 0.028465, 0.022025",-4.09392216181889,-1.5258582054306946,1.8936855006146027,Isoleucine HD,Isoleucine HD,24
295,H,12.53091,3.670276,-3.962724,32,['287'],53,"0.008053, 0.003284, 0.011979",-2.7678449798773546,-1.4648518940859592,3.087569920539373,Isoleucine HD,Isoleucine HD,24
296,H,11.527667,2.234167,-3.555478,32,['287'],53,"0.030447, 0.015624, 0.026599",-2.751843647202503,-2.7059810313008144,1.785994988560833,Isoleucine HD,Isoleucine HD,24
297,N,9.355636,4.637666,0.809083,7,"['280', '298', '301']","60, 58, 48","-0.032621, -0.261801, -0.117759",-0.4650624742855256,1.3410474628281832,-0.352245451785426,Alanine N,Aspartate N,25
298,CA,8.270871,5.369726,1.461878,8,"['297', '299', '302', '303']","51, 61, 56, 54","0.458384, 0.373104, -0.356590",0.0,0.0,0.0,Alanine CA,Aspartate CA,25
299,C,7.176329,4.370562,1.856054,9,"['298', '300', '309']","58, 56, 58","0.083181, 0.266513, -0.057398",1.533533699543639,-1.3877787807814457e-17,0.0,Alanine C,Aspartate C,25
300,O,7.394538,3.159196,1.864799,11,['299'],61,"0.060686, 0.091879, 0.105933",2.169295047439768,1.0539956058652695,0.0,Alanine O,Aspartate O,25
301,HN,9.04633,3.83537,0.240668,10,['297'],51,"-0.097078, -0.327599, -0.104430",0.132327813015384,1.8340403150193896,-1.032339252524645,Alanine HN,Aspartate HN,25
302,H,8.652939,5.772162,2.430654,12,['298'],58,"0.187832, 0.114294, 0.345043",-0.2858892425477632,-0.2029394941141458,1.0599719485062618,Alanine HA,Aspartate HA,25
303,C,7.801303,6.556933,0.571757,137,"['298', '304', '307', '308']","58, 63, 52, 58","0.371651, 0.261117, 0.324458",-0.6671629926961944,-1.0666399526335033,-0.9162110645133332,Aspartate CB,Aspartate CB,25
304,C,6.988941,6.249101,-0.671193,139,"['303', '305', '306']","54, 48, 61","0.226660, 0.082785, 0.325734",-0.2062680533398992,-1.1693503113648285,-2.357267516861069,Aspartate CG,Aspartate CG,25
305,O,6.581564,5.077124,-0.868972,140,['304'],63,"0.212486, 0.296065, 0.305428",0.7972499840634949,-0.5136813489036339,-2.733634892931442,Aspartate OD,Aspartate OD,25
306,O,6.731347,7.205383,-1.4583,140,['304'],63,"0.321295, -0.352607, 0.359623",-0.84778886597334,-1.941313628860624,-3.127261702039123,Aspartate OD,Aspartate OD,25
307,H,8.696363,7.149015,0.268928,138,['303'],54,"0.167486, 0.030728, 0.069121",-1.7696074361245409,-0.8993475386268538,-0.9108819994178992,Aspartate HB,Aspartate HB,25
308,H,7.204371,7.261136,1.197584,138,['303'],54,"0.063361, 0.083669, 0.087256",-0.53906744288046,-2.071643049882421,-0.4498963463245488,Aspartate HB,Aspartate HB,25
309,N,5.967217,4.885426,2.187144,1,"['299', '310', '313']","61, 51, 67","0.071477, 0.148967, 0.054085",-0.6577197176716185,-1.0725959233850015,-0.6950849113689934,Glycine N,Glycine N,26
310,CA,4.862062,4.075216,2.621186,2,"['309', '311', '314', '315']","58, 65, 68, 67","0.358071, 0.210889, 0.461094",0.0,0.0,0.0,Glycine CA,Glycine CA,26
311,C,4.33049,3.037676,1.639971,3,"['310', '312', '316']","51, 66, 68","0.238078, 0.358519, 0.080953",1.5237588126107755,1.1102230246251563e-16,5.551115123125783e-17,Glycine C,Glycine C,26
312,O,3.874209,1.973501,2.06761,5,['311'],65,"-0.012180, 0.182121, -0.281977",2.1321651589265604,1.07395419533129,5.204170427930421e-17,Glycine O,Glycine O,26
313,HN,5.803382,5.898989,2.224295,4,['309'],58,"0.012579, 0.080466, -0.019162",-1.3146315376924995,-1.6203819217896809,-0.1259369344213074,Glycine HN,Glycine HN,26
314,H,5.149988,3.535718,3.550629,6,['310'],51,"0.013299, -0.147055, 0.234411",-0.3316050111180345,0.9702106419295734,-0.4319180369202163,Glycine HA,Glycine HA,26
315,H,4.014777,4.728292,2.923725,6,['310'],51,"-0.166840, 0.039927, 0.098515",-0.343922733419402,0.0281531037283298,1.056813387363062,Glycine HA,Glycine HA,26
316,N,4.351158,3.298178,0.307969,7,"['311', '317', '320']","65, 67, 69","0.046915, 0.308565, -0.043673",-0.5791583404013535,-1.293252134794325,0.35531401802697,Alanine N,Asparagine N,27
317,CA,3.888761,2.346228,-0.699083,8,"['316', '318', '321', '322']","68, 68, 70, 71","-0.639769, 0.113850, 0.440524",0.0,0.0,0.0,Alanine CA,Asparagine CA,27
318,C,4.97452,1.942183,-1.693859,9,"['317', '319', '330']","67, 67, 76","0.119563, 0.227808, 0.398109",1.5269918985646256,1.1102230246251563e-16,-5.551115123125783e-17,Alanine C,Asparagine C,27
319,O,4.657923,1.376873,-2.752932,11,['318'],68,"0.270228, 0.318704, 0.425254",2.1414044834361707,1.078861368012344,0.0,Alanine O,Asparagine O,27
320,HN,4.787347,4.153892,-0.079614,10,['316'],68,"0.236415, 0.285625, -0.169389",-0.2429368868287422,-1.6806418628766404,1.2550985523127232,Alanine HN,Asparagine HN,27
321,H,3.603907,1.392919,-0.194449,12,['317'],67,"-0.097601, -0.297227, 0.233251",-0.2790459148247842,0.2466527378411941,-1.0516135835410467,Alanine HA,Asparagine HA,27
322,C,2.63942,2.870834,-1.464693,147,"['317', '323', '326', '327']","67, 70, 74, 70","-0.280870, -0.022321, -0.109717",-0.5283834272384995,1.1442201363222493,0.913123373412044,Asparagine CB,Asparagine CB,27
323,C,2.875616,4.077991,-2.364316,149,"['322', '324', '325']","71, 72, 73","-0.143312, -0.083159, 0.007160",-0.0937841652706967,1.077989481253427,2.37225842439951,Asparagine CG,Asparagine CG,27
324,O,3.950705,4.665045,-2.390575,150,['323'],70,"-0.128517, 0.047673, -0.003954",0.5324229207026091,0.124042295972471,2.818338848862816,Asparagine OD1,Asparagine OD1,27
325,N,1.809224,4.503834,-3.07735,151,"['323', '328', '329']","70, 75, 76","-0.148463, -0.129511, -0.006306",-0.5002010799002774,2.0992012503418835,3.1589625985635967,Asparagine ND2,Asparagine ND2,27
326,H,1.807479,3.081284,-0.757782,148,['322'],71,"-0.016901, -0.011221, 0.022180",-1.6361409713322477,1.2150080615515086,0.8498739856907102,Asparagine HB,Asparagine HB,27
327,H,2.267714,2.053014,-2.124553,148,['322'],71,"-0.003885, -0.020238, -0.040870",-0.1464129407190419,2.1120509396613785,0.513358184867537,Asparagine HB,Asparagine HB,27
328,HN,0.920861,3.97849,-3.038132,152,['325'],73,"-0.287475, -0.192126, -0.023787",-1.0184085647918617,2.891790342955715,2.746680265082132,Asparagine HD2,Asparagine HD2,27
329,HN,1.914597,5.33731,-3.671073,152,['325'],73,"-0.011106, -0.032768, 0.025895",-0.2590280493942387,2.0770326564468373,4.158780999692147,Asparagine HD2,Asparagine HD2,27
330,N,6.27127,2.19376,-1.405142,7,"['318', '331', '334']","68, 76, 78","0.083970, 0.287127, 0.240459",-0.4693175791610339,0.8548977762122697,1.0748517087336944,Alanine N,Threonine N,28
331,CA,7.358989,1.92658,-2.328125,8,"['330', '332', '335', '336']","76, 77, 78, 78","-0.554523, 0.061119, -0.049547",0.0,0.0,0.0,Alanine CA,Threonine CA,28
332,C,8.555276,1.374039,-1.539294,9,"['331', '333', '344']","76, 78, 85","-0.084449, -0.196606, -0.353293",1.535792463066217,-5.551115123125783e-17,-5.551115123125783e-17,Alanine C,Threonine C,28
333,O,8.985615,1.965349,-0.543399,11,['332'],77,"-0.194911, -0.288081, -0.176600",2.169783581491193,1.060519346265898,0.0,Alanine O,Threonine O,28
334,HN,6.559231,2.700301,-0.555311,10,['330'],76,"0.079175, 0.216464, 0.241646",0.0092447170880457,1.766132266371891,1.1233066704542665,Alanine HN,Threonine HN,28
335,H,7.027238,1.156056,-3.063089,12,['331'],76,"-0.111963, -0.299628, -0.347312",-0.3586980060034639,-1.0399806158081406,0.183614000298071,Alanine HA,Threonine HA,28
336,C,7.735827,3.23747,-3.097699,37,"['331', '337', '338', '339']","76, 79, 80, 81","0.238000, 0.170745, -0.313755",-0.5733703740282221,0.5039109204707617,-1.367480826277665,Threonine CB,Threonine CB,28
337,OH,6.536277,3.935722,-3.450165,39,"['336', '340']","78, 82","0.249851, -0.026121, 0.659186",-1.9399971070684563,0.8924755685373802,-1.1884355080684448,Threonine OG1,Threonine OG1,28
338,C,8.484929,2.96992,-4.408949,41,"['336', '341', '342', '343']","78, 83, 81, 84","0.118868, -0.002276, -0.077783",-0.5671073662942245,-0.5763854446864773,-2.45607345419969,Threonine CG2,Threonine CG2,28
339,H,8.334994,3.894043,-2.419103,38,['336'],78,"-0.074391, 0.044668, 0.165934",0.0056725458963417,1.4042107656416898,-1.6911337501087935,Threonine HB,Threonine HB,28
340,HO,6.293886,4.400574,-2.643206,40,['337'],79,"-0.072770, 0.199014, 0.507026",-1.8815678036710144,1.7761596925149672,-0.8119889753437373,Threonine HG1,Threonine HG1,28
341,H,8.730466,3.92031,-4.932176,42,['338'],80,"-0.022058, 0.006802, 0.045012",-0.9865223673432484,-0.1874576124601452,-3.4100767362762108,Threonine HG2,Threonine HG2,28
342,H,7.896207,2.331798,-5.105612,42,['338'],80,"0.002569, -0.031141, 0.047631",-1.1539322790598894,-1.4744731368654158,-2.159075752775458,Threonine HG2,Threonine HG2,28
343,H,9.442266,2.443736,-4.209632,42,['338'],80,"-0.027838, 0.009551, 0.007175",0.4702824555760674,-0.9142911554630015,-2.6627932839658195,Threonine HG2,Threonine HG2,28
344,N,9.133411,0.243667,-2.009561,7,"['332', '345', '348']","77, 86, 89","-0.174670, -0.159037, -0.211440",-0.4698129024654752,1.220850136076715,0.6527468954498613,Alanine N,Valine N,29
345,CA,10.288655,-0.439661,-1.43012,8,"['344', '346', '349', '350']","85, 87, 90, 91","-0.494696, 0.193689, 0.362014",0.0,0.0,0.0,Alanine CA,Valine CA,29
346,C,11.17232,-0.96938,-2.570502,9,"['345', '347', '360']","86, 88, 101","0.251331, 0.046376, 0.494257",1.5368595111818115,0.0,5.551115123125783e-17,Alanine C,Valine C,29
347,O,10.685324,-1.264866,-3.662944,11,['346'],87,"0.288081, 0.054838, 0.469433",2.1693079645805,1.0573152592153428,3.3306690738754696e-16,Alanine O,Valine O,29
348,HN,8.806752,-0.166486,-2.89868,10,['344'],85,"-0.107991, -0.160872, -0.372293",0.1434793395203932,2.0377411218699244,0.5043355579424248,Alanine HN,Valine HN,29
349,H,10.903708,0.293274,-0.850758,12,['345'],86,"0.185621, 0.208782, 0.197245",-0.3288802773620644,-0.8900088533001809,0.5923396308601582,Alanine HA,Valine HA,29
350,C,9.8744,-1.613355,-0.465603,15,"['345', '351', '352', '353']","86, 92, 93, 94","-0.080389, -0.129567, 0.232414",-0.5493361312081078,-0.1491526952788396,-1.4681420715960587,Valine CB,Valine CB,29
351,C,9.120515,-1.09448,0.785057,17,"['350', '354', '355', '356']","91, 95, 96, 97","-0.045259, 0.040170, 0.017466",-2.089665529924338,-0.3177645478115382,-1.4942127656027333,Valine CG,Valine CG,29
352,C,8.992,-2.67937,-1.168106,17,"['350', '357', '358', '359']","91, 98, 99, 100","0.006714, 0.034654, -0.004125",-0.1679973193863742,1.0529338235534684,-2.372629173258658,Valine CG,Valine CG,29
353,H,10.819229,-2.104072,-0.11537,16,['350'],91,"0.014730, -0.006070, 0.011995",-0.0968191491794712,-1.0797463248069432,-1.8987138371316152,Valine HB,Valine HB,29
354,H,8.969339,-1.90475,1.534895,18,['351'],92,"-0.011974, 0.000980, 0.040540",-2.4537035437801227,-0.5786836016454071,-2.514529507567881,Valine HG,Valine HG,29
355,H,8.114298,-0.684447,0.544231,18,['351'],92,"-0.019870, 0.030780, 0.015349",-2.6308518741858364,0.6036498913763244,-1.1832310193619118,Valine HG,Valine HG,29
356,H,9.67997,-0.286789,1.304274,18,['351'],92,"-0.067022, 0.000791, 0.008504",-2.431651367487224,-1.1330746139017955,-0.8209697748235397,Valine HG,Valine HG,29
357,H,8.77056,-3.537762,-0.494743,18,['352'],93,"0.005873, 0.004811, -0.004942",-0.4991032316155904,0.8971435933853042,-3.424003753560089,Valine HG,Valine HG,29
358,H,9.504443,-3.101086,-2.059399,18,['352'],93,"0.003741, 0.003022, -0.000365",0.9333612647976804,1.1968708903109913,-2.406345854758092,Valine HG,Valine HG,29
359,H,8.017616,-2.267749,-1.514616,18,['352'],93,"-0.000021, 0.023521, 0.000837",-0.6130078945645057,2.010908454362402,-2.0216656396784334,Valine HG,Valine HG,29
360,N,12.49143,-1.139458,-2.33542,7,"['346', '361', '364']","87, 102, 105","0.138922, 0.138988, 0.330540",-0.4218728236950167,0.8240686223929742,1.1219337212059095,Alanine N,Lysine N,30
361,CA,13.428224,-1.805766,-3.226628,8,"['360', '362', '365', '366']","101, 103, 106","-0.178820, 0.630908, -0.049775",0.0,0.0,0.0,Alanine CA,Lysine CA,30
362,C,13.742399,-3.17047,-2.601942,9,"['361', '363', '382']","102, 104","-0.095463, -0.082867, -0.486355",1.5334130353029478,0.0,5.551115123125783e-17,Alanine C,Lysine C,30
363,O,14.143493,-3.255091,-1.432627,11,['362'],103,"-0.296586, 0.031356, -0.424798",2.1672611977662184,1.0646930011247069,1.1102230246251563e-16,Alanine O,Lysine O,30
364,HN,12.87805,-0.922547,-1.408769,10,['360'],101,"0.244420, 0.096774, 0.475077",-0.1582041796743128,1.813214567740408,1.0366305730517225,Alanine HN,Lysine HN,30
365,H,12.928832,-1.970181,-4.212295,12,['361'],102,"-0.213449, -0.118230, -0.373497",-0.3575364473758274,-1.0447345477805958,0.1692971064417431,Alanine HA,Lysine HA,30
366,C,14.720315,-0.958993,-3.438988,182,"['361', '367', '371', '372']",102,"0.056760, 0.119162, -0.006190",-0.5753897409987039,0.5287807523469392,-1.3494213564750066,Lysine CB,Lysine CB,30
367,C,15.693421,-1.593714,-4.463336,184,"['366', '368', '373', '374']",,"-0.159933, -0.101385, 0.050389",-0.2284277691377498,-0.385744829388947,-2.5504022932987342,Lysine CG,Lysine CG,30
368,C,16.952414,-0.746532,-4.773819,186,"['367', '369', '375', '376']",,"-0.228366, -0.307684, 0.277036",-0.8509364473050849,0.0508211125847435,-3.8998738685373473,Lysine CD,Lysine CD,30
369,C,16.757762,0.254592,-5.935886,188,"['368', '370', '377', '378']",,"0.219969, 0.073873, -0.066342",-2.2552023924765896,-0.5423271919247976,-4.15823528411258,Lysine CE,Lysine CE,30
370,N,17.998692,0.907902,-6.342503,190,"['369', '379', '380', '381']",,"0.175067, -0.027895, -0.054910",-2.748033428442511,-0.2799393291213814,-5.507430890809848,Lysine NZ,Lysine NZ,30
371,H,15.230927,-0.82047,-2.456091,183,['366'],,"-0.027545, -0.017860, 0.051950",-0.1936396092513564,1.5623425768441217,-1.5283530209029097,Lysine HB,Lysine HB,30
372,H,14.427948,0.06109,-3.782254,183,['366'],,"-0.032949, -0.022058, 0.036113",-1.6829838321089678,0.619955676453581,-1.2556034536750835,Lysine HB,Lysine HB,30
373,H,15.148869,-1.840351,-5.405853,185,['367'],,"-0.039766, -0.049998, -0.032162",-0.5044625288985967,-1.4420878406865891,-2.3187792382105115,Lysine HG,Lysine HG,30
374,H,16.025452,-2.579265,-4.059636,185,['367'],,"0.006078, -0.061542, 0.008922",0.8811799688666726,-0.3995482517732446,-2.66489762880717,Lysine HG,Lysine HG,30
375,H,17.771298,-1.453138,-5.053112,187,['368'],,"0.007560, -0.073031, 0.025444",-0.1680737976347506,-0.2977954033398007,-4.712297865629287,Lysine HD,Lysine HD,30
376,H,17.311713,-0.227905,-3.853927,187,['368'],,"0.005079, -0.001927, 0.064940",-0.8641396245997142,1.1631025497078262,-3.9831007207830966,Lysine HD,Lysine HD,30
377,H,16.015998,1.044142,-5.672396,189,['369'],,"0.060152, 0.146661, -0.036134",-3.0025204388068807,-0.1502335283193201,-3.42966935649483,Lysine HE,Lysine HE,30
378,H,16.357658,-0.275419,-6.831397,189,['369'],,"0.042289, 0.052764, -0.107728",-2.2302956829868954,-1.6492667216371804,-4.027853707804712,Lysine HE,Lysine HE,30
379,HN,17.921735,1.287608,-7.279932,191,['370'],,"0.007941, -0.062872, 0.041296",-3.4836232589868645,-0.9307331451508284,-5.760901138656728,Lysine HN,Lysine HN,30
380,HN,18.788368,0.256253,-6.361004,191,['370'],,"0.337609, -0.216269, -0.049567",-2.013823458532106,-0.3880772068103506,-6.212993652490967,Lysine HN,Lysine HN,30
381,HN,18.242014,1.68071,-5.730886,191,['370'],,"-0.049936, -0.031296, -0.051694",-3.136800113279139,0.6534670036109897,-5.597576539696769,Lysine HN,Lysine HN,30
382,N,13.555475,-4.250407,-3.39297,7,"['362', '383', '386']",103,"-0.101439, -0.030771, -0.315555",-0.4640983546993381,1.228002340491093,0.6215467543980633,Alanine N,Leucine N,31
383,CA,13.714733,-5.643887,-3.015415,8,"['382', '384', '387', '388']",,"-0.506210, 0.173169, 0.167803",0.0,0.0,0.0,Alanine CA,Leucine CA,31
384,C,14.639607,-6.326166,-4.035083,9,"['383', '385', '401']",,"-0.005675, -0.250469, 0.384716",1.5364307273486162,0.0,0.0,Alanine C,Leucine C,31
385,O,14.729192,-5.914156,-5.194196,11,['384'],,"0.025357, -0.258694, 0.336043",2.176654515818064,1.0542457776874548,0.0,Alanine O,Leucine O,31
386,HN,13.405468,-4.124496,-4.404828,10,['382'],,"-0.026058, 0.016526, -0.435643",0.0612199713991135,2.0579555692354607,0.3094080248307135,Alanine HN,Leucine HN,31
387,H,14.189255,-5.716012,-2.006704,12,['383'],,"0.157717, -0.076541, 0.331270",-0.3517684756133947,-0.8832908557094907,0.5864530922542932,Alanine HA,Leucine HA,31
388,C,12.32604,-6.362051,-3.027857,19,"['383', '389', '392', '393']",,"-0.220302, -0.116230, 0.083191",-0.5087708223715012,-0.0760239656007055,-1.4763994003882448,Leucine CB,Leucine CB,31
389,C,11.180748,-5.688475,-2.215884,21,"['388', '390', '391', '394']",,"0.019663, 0.012767, -0.013403",-2.036181330442861,0.1247215820653458,-1.7031523732341336,Leucine CG,Leucine CG,31
390,C,9.885035,-6.526207,-2.343502,23,"['389', '395', '396', '397']",,"-0.012950, -0.025875, -0.039531",-2.359447660820868,0.0238495319964834,-3.21387311025863,Leucine CD,Leucine CD,31
391,C,11.542569,-5.559888,-0.719989,23,"['389', '398', '399', '400']",,"-0.000579, 0.002409, 0.000310",-2.8682459424837328,-0.9336757503436328,-0.9464394344166236,Leucine CD,Leucine CD,31
392,H,12.472611,-7.410481,-2.674112,20,['388'],,"0.027885, -0.013757, 0.014764",-0.1897333196460188,-1.0559841703026311,-1.9050217481738527,Leucine HB,Leucine HB,31
393,H,11.996083,-6.458615,-4.090393,20,['388'],,"-0.006455, 0.002390, -0.016534",0.0406512127128457,0.6927737089705737,-2.071600662297666,Leucine HB,Leucine HB,31
394,H,10.983221,-4.670245,-2.631254,22,['389'],,"0.026507, -0.009641, -0.011584",-2.331583542549894,1.1419509595685768,-1.347732322933562,Leucine HG,Leucine HG,31
395,H,9.053153,-6.083349,-1.751908,24,['390'],,"0.035909, -0.001689, -0.010000",-3.4494858820247027,0.1377526479349921,-3.406167383231799,Leucine HD,Leucine HD,31
396,H,10.019164,-7.574438,-1.99215,24,['390'],,"0.000944, -0.011420, -0.009940",-2.0464000085593126,-0.9508216066229466,-3.652329932376648,Leucine HD,Leucine HD,31
397,H,9.535075,-6.575173,-3.39863,24,['390'],,"0.000133, 0.005131, -0.048819",-1.848119807248369,0.8245382286033526,-3.7931883995674265,Leucine HD,Leucine HD,31
398,H,10.695428,-5.159766,-0.118771,24,['391'],,"0.016034, -0.004826, -0.003112",-3.9548789088635976,-0.8504201989625846,-1.1733885076241055,Leucine HD,Leucine HD,31
399,H,12.387799,-4.85616,-0.567584,24,['391'],,"0.009574, 0.043036, -0.013738",-2.773096899467472,-0.8121750453022882,0.153132470097376,Leucine HD,Leucine HD,31
400,H,11.830344,-6.536834,-0.270498,24,['391'],,"0.000938, -0.008058, -0.015686",-2.559495435316635,-1.9727232875898588,-1.2000798024352255,Leucine HD,Leucine HD,31
401,N,15.287874,-7.429805,-3.602913,7,"['384', '402', '405']",,"0.041896, -0.087738, 0.304067",-0.3605771037063343,0.6053864175324961,1.2661932555261537,Alanine N,Methionine N,32
402,CA,16.003493,-8.385828,-4.423683,8,"['401', '403', '406', '407']",,"0.350423, 0.465290, 0.332414",0.0,0.0,0.0,Alanine CA,Methionine CA,32
403,C,14.943538,-9.41708,-4.819165,9,"['402', '404', '418']",,"0.160513, 0.176809, -0.309015",1.5308139344325935,1.1102230246251563e-16,2.775557561562892e-17,Alanine C,Methionine C,32
404,O,14.405514,-10.119975,-3.953742,11,['403'],,"0.078935, 0.124690, -0.332925",2.153282716000872,1.0700564426715549,8.326672684688674e-17,Alanine O,Methionine O,32
405,HN,15.113232,-7.754506,-2.645381,10,['401'],,"-0.112915, -0.138801, 0.456077",-0.2682898941635465,1.6272171942630091,1.2781529072820392,Alanine HN,Methionine HN,32
406,H,16.420128,-7.864229,-5.320283,12,['402'],,"0.188634, 0.171410, -0.392096",-0.4082306726614892,-1.039773535643402,-0.0419584616015302,Alanine HA,Methionine HA,32
407,C,17.13597,-9.090428,-3.610883,175,"['402', '408', '411', '412']",,"0.194813, -0.087804, -0.053019",-0.5194636990482764,0.8529697363335097,-1.2009201679542345,Methionine CB,Methionine CB,32
408,C,17.984404,-10.063077,-4.457959,177,"['407', '409', '413', '414']",,"-0.036114, 0.108152, 0.186003",-0.2328529837671761,0.213477290751854,-2.576539224693073,Methionine CG,Methionine CG,32
409,S,19.030828,-9.186347,-5.658902,179,"['408', '410']",,"0.213150, -0.094153, 0.117824",-1.2377697425920773,-1.275271040125391,-2.858839570190684,Methionine SD,Methionine SD,32
410,C,20.347288,-8.603164,-4.566484,180,"['409', '415', '416', '417']",,"0.061818, -0.028254, -0.005294",-2.8243953900730423,-0.5137924170472238,-3.270319571118536,Methionine CE,Methionine CE,32
411,H,16.660578,-9.674818,-2.79044,176,['407'],,"-0.091654, -0.008883, -0.001912",-0.0085740164273239,1.842220804199886,-1.1691396876290838,Methionine HB,Methionine HB,32
412,H,17.785255,-8.339972,-3.106242,176,['407'],,"-0.030612, 0.080795, 0.038195",-1.6049637246702129,1.0731404807252956,-1.0885266817962709,Methionine HB,Methionine HB,32
413,H,17.322469,-10.778598,-4.99675,178,['408'],,"0.026098, -0.026264, 0.010968",0.8466942298473521,-0.0474374623662308,-2.6597575671990223,Methionine HG,Methionine HG,32
414,H,18.62097,-10.69269,-3.794541,178,['408'],,"0.031585, -0.020418, -0.002587",-0.4208650733204865,0.9529082820684668,-3.388724861177324,Methionine HG,Methionine HG,32
415,H,21.127841,-8.105839,-5.181616,181,['410'],,"0.018645, 0.015439, -0.012006",-3.5409715837680578,-1.3135881471267803,-3.556375278340178,Methionine HE,Methionine HE,32
416,H,20.807372,-9.463042,-4.031241,181,['410'],,"0.050678, -0.018369, 0.035900",-2.701974503579439,0.1813822539931376,-4.130143875429043,Methionine HE,Methionine HE,32
417,H,19.942308,-7.874123,-3.833023,181,['410'],,"0.016169, -0.014044, -0.030138",-3.2245975458373737,0.0369421326521396,-2.392820677164236,Methionine HE,Methionine HE,32
418,N,14.632137,-9.491856,-6.129922,7,"['403', '419', '422']",,"0.069782, 0.240114, -0.171407",-0.4388040204521946,0.8282648764161264,1.111551571787548,Alanine N,Tyrosine N,33
419,CA,13.63716,-10.376266,-6.714694,8,"['418', '420', '423', '424']",,"-0.149180, 0.522082, 0.411430",0.0,0.0,0.0,Alanine CA,Tyrosine CA,33
420,C,14.235927,-10.962963,-7.993658,9,"['419', '421', '439']",,"-0.190673, -0.205981, 0.121143",1.5292103201960163,-5.551115123125783e-17,0.0,Alanine C,Tyrosine C,33
421,O,14.695735,-10.220753,-8.85872,11,['420'],,"-0.139836, -0.072373, 0.009563",2.1479928510467814,1.0619508106884812,-1.1102230246251563e-16,Alanine O,Tyrosine O,33
422,HN,15.154802,-8.931496,-6.822593,10,['418'],,"0.211540, 0.204561, -0.273317",0.1301787312908556,1.6789230314792054,1.2516032676344289,Alanine HN,Tyrosine HN,33
423,H,13.409492,-11.20746,-6.00191,12,['419'],,"-0.056804, -0.251169, 0.266576",-0.3663891928496671,-1.0466503494107366,0.1451179518782983,Alanine HA,Tyrosine HA,33
424,C,12.340704,-9.573961,-7.013058,70,"['419', '425', '432', '433']",,"-0.185372, 0.081731, -0.040054",-0.5659052780457781,0.5721862126053014,-1.3288591738184026,Tyrosine CB,Tyrosine CB,33
425,C,11.349278,-10.330359,-7.874216,72,"['424', '426', '427']",,"0.040806, 0.019647, -0.107174",0.0563330978069498,-0.0468132122065237,-2.5643006594998528,Tyrosine CG,Tyrosine CG,33
426,C,10.633984,-11.429222,-7.368547,73,"['425', '428', '434']",,"0.011003, 0.006759, -0.029650",-0.2250717934756559,-1.3724787724839047,-2.93614558177617,Tyrosine CD,Tyrosine CD,33
427,C,11.152247,-9.969444,-9.218504,73,"['425', '429', '435']",,"0.105788, 0.083595, -0.206602",0.9650194509842428,0.6856986035574109,-3.347822599489777,Tyrosine CD,Tyrosine CD,33
428,C,9.770724,-12.162531,-8.191935,75,"['426', '430', '436']",,"0.017972, 0.020852, -0.013615",0.4069028847106143,-1.9562876847947843,-4.040999814542986,Tyrosine CE,Tyrosine CE,33
429,C,10.27854,-10.69364,-10.032811,75,"['427', '430', '437']",,"0.058651, 0.128579, -0.158589",1.5818123321427362,0.1051843337897605,-4.4584482712902895,Tyrosine CE,Tyrosine CE,33
430,C,9.589516,-11.799619,-9.531634,77,"['428', '429', '431']",,"0.037657, 0.090031, -0.116983",1.3171805759163413,-1.220194466177679,-4.808395519514079,Tyrosine CZ,Tyrosine CZ,33
431,OH,8.757209,-12.529346,-10.321028,78,"['430', '438']",,"-0.116446, 0.051085, 0.051811",1.9314696450259383,-1.8054839917373784,-5.870687586158921,Tyrosine OH,Tyrosine OH,33
432,H,12.60955,-8.628675,-7.541776,71,['424'],,"0.061492, -0.024513, -0.045482",-0.3811099382812808,1.672278584452266,-1.3610146219018229,Tyrosine HB,Tyrosine HB,33
433,H,11.841294,-9.271131,-6.062877,71,['424'],,"0.047794, -0.032326, -0.002143",-1.6723240290303547,0.4382796899530619,-1.3720665854732874,Tyrosine HB,Tyrosine HB,33
434,H,10.764148,-11.741575,-6.318626,74,['426'],,"0.003075, -0.021998, 0.016879",-0.9323758652114242,-1.977554282256064,-2.3441609980867244,Tyrosine HD,Tyrosine HD,33
435,H,11.705691,-9.127648,-9.667192,74,['427'],,"0.042871, 0.066186, -0.117161",1.2340214381767391,1.7224289163440951,-3.085011112808334,Tyrosine HD,Tyrosine HD,33
436,H,9.227511,-13.028709,-7.784101,76,['428'],,"-0.006240, 0.006578, -0.031269",0.1854297597858567,-3.0000437988063418,-4.311547577439959,Tyrosine HE,Tyrosine HE,33
437,H,10.167214,-10.398717,-11.08546,76,['429'],,"0.117137, 0.145748, -0.131477",2.3054612551510187,0.6989326932120948,-5.033981148994281,Tyrosine HE,Tyrosine HE,33
438,HO,8.311619,-12.021418,-10.988133,79,['431'],,"-0.092473, 0.015339, -0.039667",2.1200629693484108,-1.209889244053985,-6.585718939920385,Tyrosine HH,Tyrosine HH,33
439,N,14.261431,-12.316562,-8.080316,7,"['420', '440', '443']",,"-0.199035, -0.102365, 0.195901",-0.5185458050663658,-0.7820538463324788,1.109760677958834,Alanine N,Lysine N,34
440,CA,14.845972,-13.092689,-9.161059,8,"['439', '441', '444', '445']",,"-0.520953, 0.020584, -0.076230",0.0,0.0,0.0,Alanine CA,Lysine CA,34
441,C,16.264712,-12.591286,-9.493136,9,"['440', '442', '461']",,"-0.080753, -0.008156, 0.010666",1.5409423382910856,5.551115123125783e-17,0.0,Alanine C,Lysine C,34
442,O,16.573373,-12.255043,-10.63285,11,['441'],,"-0.039864, -0.078469, 0.069320",2.1801458552373103,1.048187880911422,-5.551115123125783e-17,Alanine O,Lysine O,34
443,HN,13.96146,-12.87992,-7.271459,10,['439'],,"-0.007889, -0.182496, 0.282640",-1.1523482709562405,-1.544084612975641,0.8283214689364427,Alanine HN,Lysine HN,34
444,H,15.01204,-14.131848,-8.78607,12,['440'],,"0.093719, -0.253703, 0.066639",-0.2660419781603516,-0.5299397940534976,-0.9468010554287858,Alanine HA,Lysine HA,34
445,C,13.898732,-13.163534,-10.406568,182,"['440', '446', '450', '451']",,"0.030082, 0.110390, -0.266237",-0.6267621162340709,1.4348147310468369,-0.0452905942860244,Lysine CB,Lysine CB,34
446,C,12.605028,-13.994816,-10.16788,184,"['445', '447', '452', '453']",,"0.157299, 0.168770, 0.134687",-2.139797119975773,1.450339158345395,-0.4088230331321343,Lysine CG,Lysine CG,34
447,C,11.717451,-14.175939,-11.43267,186,"['446', '448', '454', '455']",,"0.375609, 0.280517, 0.215497",-2.7433556806098,2.8741620307454903,-0.5783450319220336,Lysine CD,Lysine CD,34
448,C,10.575215,-15.216022,-11.252175,188,"['447', '449', '456', '457']",,"-0.100628, 0.081394, -0.082200",-4.172335093068545,2.8793248966695577,-1.1923852221331568,Lysine CE,Lysine CE,34
449,N,9.80063,-15.436498,-12.474678,190,"['448', '458', '459', '460']",,"-0.080171, -0.071307, -0.024316",-4.693780251677208,4.227743149547336,-1.422533730013679,Lysine NZ,Lysine NZ,34
450,H,14.476956,-13.605502,-11.25369,183,['445'],,"0.117070, 0.073185, -0.037335",-0.0556471905282945,2.0361236159657703,-0.7933211796484368,Lysine HB,Lysine HB,34
451,H,13.647236,-12.126691,-10.737481,183,['445'],,"0.046991, 0.082725, 0.005566",-0.4496254737996043,1.9451469127027776,0.9324520776411732,Lysine HB,Lysine HB,34
452,H,12.003707,-13.51542,-9.359761,185,['446'],,"-0.027867, 0.066688, 0.052535",-2.711593529367802,0.8970594795590683,0.3730940029186743,Lysine HG,Lysine HG,34
453,H,12.893776,-14.997927,-9.774943,185,['446'],,"-0.034089, 0.040510, 0.005469",-2.2850263487411944,0.8748997903112159,-1.3531664964031127,Lysine HG,Lysine HG,34
454,H,12.363434,-14.489198,-12.288536,187,['447'],,"0.089909, 0.000772, -0.029688",-2.066090667642224,3.48148721409236,-1.2267276899325026,Lysine HD,Lysine HD,34
455,H,11.289286,-13.18475,-11.718147,187,['447'],,"0.006287, 0.100553, 0.027348",-2.7535243467659765,3.382643874807872,0.4159491051231997,Lysine HD,Lysine HD,34
456,H,9.868406,-14.904996,-10.446967,189,['448'],,"-0.176645, -0.017190, 0.044680",-4.895412044431745,2.336390211034722,-0.5388886973046768,Lysine HE,Lysine HE,34
457,H,10.99776,-16.197917,-10.936797,189,['448'],,"-0.059764, -0.002444, -0.029248",-4.170760332969675,2.344898309101636,-2.1703990735509864,Lysine HE,Lysine HE,34
458,HN,9.064019,-16.133319,-12.36512,191,['449'],,"-0.081454, -0.081434, -0.042036",-5.622322018889471,4.234419534167861,-1.8443439232958327,Lysine HN,Lysine HN,34
459,HN,10.389751,-15.773918,-13.230147,191,['449'],,"0.019800, -0.044703, 0.010818",-4.098365365867456,4.751323779250923,-2.0573515440023487,Lysine HN,Lysine HN,34
460,HN,9.346343,-14.588215,-12.798382,191,['449'],,"-0.000877, -0.048153, 0.014872",-4.766261123509742,4.762254719569989,-0.5624239051632043,Lysine HN,Lysine HN,34
461,N,17.134083,-12.558677,-8.446963,1,"['441', '462', '465']",,"-0.033255, -0.178091, 0.123478",-0.7436440195859426,-1.1579963634476416,0.4352420239247312,Glycine N,Glycine N,35
462,CA,18.54244,-12.263258,-8.559461,2,"['461', '463', '466', '467']",,"-0.166672, -0.584205, 0.003657",0.0,0.0,0.0,Glycine CA,Glycine CA,35
463,C,19.023924,-10.875041,-8.968555,3,"['462', '464', '468']",,"-0.346699, -0.204001, 0.217024",1.5252315175674165,1.3877787807814457e-17,5.551115123125783e-17,Glycine C,Glycine C,35
464,O,20.173888,-10.751217,-9.425876,5,['463'],,"-0.538191, -0.183632, 0.073074",2.123613543539195,1.0903352843538137,-1.1102230246251563e-16,Glycine O,Glycine O,35
465,HN,16.850769,-12.887903,-7.512276,4,['461'],,"-0.055366, -0.056774, 0.112989",-1.3834309111867251,-1.5351115535741586,-0.2794279952817911,Glycine HN,Glycine HN,35
466,H,19.044671,-12.482335,-7.588438,6,['462'],,"0.216553, 0.000886, 0.136535",-0.3012984604461443,0.2628943198942906,-1.0407796068904815,Glycine HA,Glycine HA,35
467,H,18.997308,-12.979716,-9.280595,6,['462'],,"0.127132, -0.143320, -0.151196",-0.3150839155516973,0.8737655442174959,0.6144160716020647,Glycine HA,Glycine HA,35
468,N,18.164359,-9.8274,-8.86746,7,"['463', '469', '472']",,"-0.233673, 0.024813, 0.047724",-0.5160753758904744,1.298091671924395,0.4430125280768472,Alanine N,Glutamine N,36
469,CA,18.449792,-8.445208,-9.26206,8,"['468', '470', '473', '474']",,"0.215787, -0.511309, -0.367546",0.0,0.0,0.0,Alanine CA,Glutamine CA,36
470,C,17.594044,-7.457215,-8.439873,9,"['469', '471', '485']",,"0.305647, 0.002428, -0.197034",1.5441587581987792,-1.6653345369377348e-16,-1.1102230246251563e-16,Alanine C,Glutamine C,36
471,O,16.578548,-7.846133,-7.851961,11,['470'],,"0.211789, 0.234003, -0.174894",2.1711240931021027,1.0653845903304409,0.0,Alanine O,Glutamine O,36
472,HN,17.212432,-9.944716,-8.49148,10,['468'],,"-0.259145, 0.044001, 0.071748",0.1365959265367489,2.071657616478098,0.2509060003384815,Alanine HN,Glutamine HN,36
473,H,19.524981,-8.236424,-9.042987,12,['469'],,"0.303413, 0.058868, 0.055514",-0.3456216728852035,-0.7767725744306142,0.7244205619324129,Alanine HA,Glutamine HA,36
474,C,18.172494,-8.266894,-10.783434,167,"['469', '475', '479', '480']",,"-0.399161, -0.085924, -0.371980",-0.5422912170046484,-0.3211898821827499,-1.423385473727706,Glutamine CB,Glutamine CB,36
475,C,16.739193,-8.656803,-11.204214,169,"['474', '476', '481', '482']",,"-0.048990, -0.143479, -0.055479",-0.2214969638095821,0.7663475043389799,-2.4711402510093494,Glutamine CG,Glutamine CG,36
476,C,16.559917,-8.664854,-12.715287,171,"['475', '477', '478']",,"-0.058371, -0.213966, -0.038532",-0.931866816664305,0.5243546695432854,-3.7949077737144137,Glutamine CD,Glutamine CD,36
477,O,16.911556,-7.700509,-13.393944,172,['476'],,"-0.164147, -0.187071, 0.103457",-0.8710772279930636,-0.5731294655475441,-4.348098326894885,Glutamine OE1,Glutamine OE1,36
478,N,16.017831,-9.788884,-13.231076,173,"['476', '483', '484']",,"-0.064646, -0.151361, -0.010289",-1.625266874346177,1.5748118764260894,-4.283860717597309,Glutamine NE2,Glutamine NE2,36
479,H,18.892667,-8.883178,-11.373096,168,['474'],,"0.022147, -0.017483, -0.009003",-1.6496794982488954,-0.4563750186385095,-1.38372987798955,Glutamine HB,Glutamine HB,36
480,H,18.350809,-7.215905,-11.111803,168,['474'],,"-0.049584, -0.014819, -0.063549",-0.1435003904886566,-1.29070532115921,-1.804444534478104,Glutamine HB,Glutamine HB,36
481,H,15.990087,-7.956504,-10.771181,170,['475'],,"-0.079444, -0.037684, 0.022048",0.8722834298179089,0.8200165426445887,-2.6707903263147243,Glutamine HG,Glutamine HG,36
482,H,16.474823,-9.660298,-10.798549,170,['475'],,"-0.093655, -0.182327, 0.038038",-0.5010533534152349,1.7730369595626758,-2.083993805950028,Glutamine HG,Glutamine HG,36
483,HN,15.783758,-10.594256,-12.632567,174,['478'],,"-0.008810, -0.110842, 0.063062",-1.6921693719426718,2.46157149478178,-3.76346789879307,Glutamine HE2,Glutamine HE2,36
484,HN,15.886812,-9.848237,-14.248407,174,['478'],,"-0.009825, -0.075693, -0.086117",-2.132311516004201,1.4583572459086156,-5.169860249723555,Glutamine HE2,Glutamine HE2,36
485,N,18.000599,-6.15098,-8.359049,50,"['470', '486', '492']",,"0.168665, -0.053581, -0.081764",-0.5654614239685166,0.6658396953366627,1.1742736160143752,Proline N,Proline N,37
486,CA,17.259706,-5.137635,-7.606575,51,"['485', '487', '489', '490']",,"0.395029, -0.193858, 0.591399",0.0,0.0,0.0,Proline CA,Proline CA,37
487,C,16.097708,-4.537385,-8.406825,52,"['486', '488', '499']",,"0.051409, -0.131859, 0.257408",1.533277364668246,-1.1102230246251563e-16,-1.1102230246251563e-16,Proline C,Proline C,37
488,O,16.290247,-3.942576,-9.467316,53,['487'],,"0.046359, -0.273104, 0.130604",2.173710801374244,1.0513587338448973,0.0,Proline O,Proline O,37
489,H,16.870207,-5.565907,-6.647725,54,['486'],,"-0.113208, -0.230464, 0.332922",-0.372922039204379,-1.0536402129050593,-0.0727403183250484,Proline HA,Proline HA,37
490,C,18.333046,-4.061019,-7.309361,55,"['486', '491', '493', '494']",,"0.346752, 0.446747, -0.037263",-0.5470801970662975,0.839120223089441,-1.1815572089544482,Proline CB,Proline CB,37
491,C,19.212893,-4.119275,-8.559668,57,"['490', '492', '495', '496']",,"0.107094, 0.227029, -0.068416",-0.5841187935163865,2.251020554532626,-0.5933755230463998,Proline CG,Proline CG,37
492,C,19.287222,-5.630512,-8.814822,59,"['485', '491', '497', '498']",,"0.175869, 0.262894, -0.183385",-1.0989005207368767,1.9805950785098283,0.8266017547167809,Proline CD,Proline CD,37
493,H,18.928921,-4.341835,-6.408638,56,['490'],,"0.086650, -0.141254, 0.092873",-1.5787062938503231,0.5092390086302682,-1.4501694666626497,Proline HB,Proline HB,37
494,H,17.900428,-3.053207,-7.130891,56,['490'],,"-0.020547, -0.108352, -0.067311",0.0821730668875182,0.7667368910196135,-2.094517167117968,Proline HB,Proline HB,37
495,H,20.211844,-3.647196,-8.435061,58,['491'],,"0.053244, -0.046034, -0.028323",-1.221401009124793,2.963551946379339,-1.1612302407279758,Proline HG,Proline HG,37
496,H,18.696213,-3.626356,-9.42008,58,['491'],,"-0.190600, -0.090191, -0.211197",0.4494844513426437,2.6735373384308563,-0.5352371342986728,Proline HG,Proline HG,37
497,H,20.126401,-6.090378,-8.242157,60,['492'],,"0.003592, -0.036488, 0.037619",-2.213789510676326,1.975599979228926,0.8519182180750339,Proline HD,Proline HD,37
498,H,19.462927,-5.823977,-9.896584,60,['492'],,"-0.076513, -0.009740, -0.130245",-0.7432024401237818,2.7778046662307023,1.516852235765564,Proline HD,Proline HD,37
499,N,14.869293,-4.576337,-7.841334,7,"['487', '500', '503']",,"0.224505, -0.304197, 0.199286",-0.4946496476939965,1.0365979667968834,0.8904613794644747,Alanine N,Methionine N,38
500,CA,13.675386,-3.963837,-8.399514,8,"['499', '501', '504', '505']",,"0.466832, -0.681517, -0.301829",0.0,0.0,0.0,Alanine CA,Methionine CA,38
501,C,13.006016,-3.072706,-7.347875,9,"['500', '502', '516']",,"0.078594, -0.068841, -0.426941",1.532356108214405,-1.1102230246251563e-16,-1.3877787807814454e-16,Alanine C,Methionine C,38
502,O,12.913161,-3.405717,-6.162168,11,['501'],,"-0.057859, 0.077492, -0.412528",2.192994744530889,1.04354015696613,-5.551115123125783e-17,Alanine O,Methionine O,38
503,HN,14.742888,-4.988034,-6.905636,10,['499'],,"-0.007154, -0.184968, 0.361748",-0.0366932622277462,1.9524773855820767,0.778907669107618,Alanine HN,Methionine HN,38
504,H,13.980467,-3.307185,-9.254314,12,['500'],,"0.189142, 0.134349, -0.316612",-0.3380350885680191,-0.993947316894646,0.3908328489261716,Alanine HA,Methionine HA,38
505,C,12.707155,-5.065289,-8.933949,175,"['500', '506', '509', '510']",,"-0.121671, -0.168765, -0.178053",-0.5843719497750773,0.2003527008877705,-1.4334073972367551,Methionine CB,Methionine CB,38
506,C,11.348128,-4.523991,-9.428046,177,"['505', '507', '511', '512']",,"0.171768, -0.124455, 0.078449",-0.0150214891555628,-0.7733088423496268,-2.4878802556617194,Methionine CG,Methionine CG,38
507,S,10.31966,-5.823548,-10.181883,179,"['506', '508']",,"0.218255, -0.010767, -0.113005",-0.838860207768459,-0.6020695748195085,-4.102448905429208,Methionine SD,Methionine SD,38
508,C,10.385124,-5.296212,-11.912874,180,"['507', '513', '514', '515']",,"0.020005, -0.000792, -0.042637",-1.7487478098988087,-2.1669624814116344,-4.146191066557046,Methionine CE,Methionine CE,38
509,H,12.530885,-5.818801,-8.13213,176,['505'],,"0.054269, -0.046788, 0.048112",-0.3952931334243411,1.2478494913348996,-1.763202532154431,Methionine HB,Methionine HB,38
510,H,13.216557,-5.6154,-9.760929,176,['505'],,"0.090767, -0.072500, -0.039178",-1.694351407802607,0.0936312037657408,-1.3827659603106035,Methionine HB,Methionine HB,38
511,H,11.507166,-3.688323,-10.147822,178,['506'],,"-0.049969, -0.006800, -0.034562",-0.0924905042099859,-1.8229268371109093,-2.121803489636068,Methionine HG,Methionine HG,38
512,H,10.785182,-4.088552,-8.573687,178,['506'],,"-0.025324, 0.008666, -0.006582",1.070450478498361,-0.5786051704429827,-2.6303081676087445,Methionine HG,Methionine HG,38
513,H,9.82578,-6.028677,-12.534671,181,['508'],,"0.019029, -0.017950, -0.009851",-2.3571051916592927,-2.204821949397559,-5.075959937035807,Methionine HE,Methionine HE,38
514,H,11.440621,-5.258994,-12.260827,181,['508'],,"0.016534, -0.013563, -0.035557",-2.426966699573236,-2.238751652346086,-3.2678996346465823,Methionine HE,Methionine HE,38
515,H,9.916532,-4.291784,-12.018723,181,['508'],,"0.024153, 0.029741, -0.005495",-1.0325804564265246,-3.019453092936983,-4.141483675491824,Methionine HE,Methionine HE,38
516,N,12.481505,-1.910182,-7.805673,7,"['501', '517', '520']",,"0.077661, 0.025097, -0.192776",-0.3867671186883702,0.8552949538736887,1.109885208764267,Alanine N,Valine N,39
517,CA,11.612994,-1.041335,-7.028655,8,"['516', '518', '521', '522']",,"0.536127, 0.119680, -0.064013",0.0,0.0,0.0,Alanine CA,Valine CA,39
518,C,10.197444,-1.595661,-7.227877,9,"['517', '519', '532']",,"0.018907, 0.070746, 0.447699",1.533215093214256,2.775557561562892e-17,-2.168404344971009e-17,Alanine C,Valine C,39
519,O,9.765036,-1.786493,-8.367171,11,['518'],,"0.248342, 0.122896, 0.356141",2.1494696011966954,1.0684637244732846,3.4694469519536136e-17,Alanine O,Valine O,39
520,HN,12.482373,-1.718352,-8.815969,10,['516'],,"-0.045728, -0.009238, -0.145811",-0.3256484040691781,1.8627010363258083,0.912667061268217,Alanine HN,Valine HN,39
521,H,11.893201,-1.095094,-5.947824,12,['517'],,"0.054336, -0.039548, 0.383662",-0.3797068809683604,-1.0372771501621605,0.1716986947758935,Alanine HA,Valine HA,39
522,C,11.689544,0.451501,-7.50374,15,"['517', '523', '524', '525']",,"0.046266, 0.189241, 0.025963",-0.548671077456216,0.5254280422077287,-1.3722282622966877,Valine CB,Valine CB,39
523,C,10.696852,1.332425,-6.702932,17,"['522', '526', '527', '528']",,"0.002941, -0.020028, 0.038907",-0.0547106961947168,-0.3689603827921109,-2.537917088902786,Valine CG,Valine CG,39
524,C,13.12193,1.014701,-7.318446,17,"['522', '529', '530', '531']",,"0.007034, -0.050237, -0.015385",-2.0988286889270227,0.5416527632077048,-1.3746567308675035,Valine CG,Valine CG,39
525,H,11.426682,0.492098,-8.589985,16,['522'],,"-0.025572, -0.035033, 0.019369",-0.1795159371415966,1.5698952441320286,-1.5254780386806015,Valine HB,Valine HB,39
526,H,10.761902,2.406364,-6.986129,18,['523'],,"0.002041, -0.010068, 0.024150",-0.4662477125419886,-0.047764530340659,-3.5203872042620112,Valine HG,Valine HG,39
527,H,10.879432,1.261205,-5.607762,18,['523'],,"-0.004220, 0.001561, 0.033241",-0.339833103973487,-1.4334519630001423,-2.385051259010544,Valine HG,Valine HG,39
528,H,9.642437,1.021447,-6.874697,18,['523'],,"-0.007020, -0.015815, 0.023715",1.0535354451511878,-0.3427440614272911,-2.6333357381282427,Valine HG,Valine HG,39
529,H,13.189002,2.077786,-7.642394,18,['524'],,"0.019968, -0.007754, 0.001610",-2.5030132417641897,0.9031806752097656,-2.347036848519161,Valine HG,Valine HG,39
530,H,13.865632,0.453051,-7.927195,18,['524'],,"0.011784, -0.015099, -0.025963",-2.50329507962889,1.223375877903515,-0.5931330485730733,Valine HG,Valine HG,39
531,H,13.453328,0.970013,-6.256545,18,['524'],,"-0.015840, 0.016351, -0.008760",-2.5266178246698603,-0.4700443826429337,-1.1932160354128527,Valine HG,Valine HG,39
532,N,9.46922,-1.831451,-6.121463,7,"['518', '533', '536']",,"0.139335, 0.007120, 0.294836",-0.456415256356141,1.0095438248833724,0.9274594258177608,Alanine N,Phenylalanine N,40
533,CA,8.098023,-2.281183,-6.049113,8,"['532', '534', '537', '538']",,"0.452646, -0.455845, -0.015032",0.0,0.0,0.0,Alanine CA,Phenylalanine CA,40
534,C,7.243402,-1.138532,-5.50132,9,"['533', '535', '552']",,"-0.124927, -0.335897, -0.274023",1.5284323774020885,0.0,1.1102230246251563e-16,Alanine C,Phenylalanine C,40
535,O,7.616187,-0.436354,-4.554901,11,['534'],,"-0.154832, -0.188755, -0.320397",2.184134404182924,1.0477530126635306,1.1102230246251563e-16,Alanine O,Phenylalanine O,40
536,HN,9.836873,-1.536107,-5.210896,10,['532'],,"0.168440, 0.129118, 0.452365",-0.1148408571345148,1.9470228439576576,0.6908392939060787,Alanine HN,Phenylalanine HN,40
537,H,7.737228,-2.53756,-7.074345,12,['533'],,"-0.217493, -0.127172, -0.407481",-0.357373589295737,-1.0026119685395658,0.3377220901763729,Alanine HA,Phenylalanine HA,40
538,C,7.956709,-3.508703,-5.106286,61,"['533', '539', '545', '546']",,"0.007454, -0.253927, 0.038081",-0.5007634122589966,0.2920952639791569,-1.442086720911289,Phenylalanine CB,Phenylalanine CB,40
539,C,8.399621,-4.788539,-5.780517,63,"['538', '540', '541']",,"0.045434, 0.014629, -0.037213",-1.946863898253569,-0.112060808075578,-1.6269918907377403,Phenylalanine CG,Phenylalanine CG,40
540,C,9.751438,-5.170274,-5.828109,64,"['539', '542', '547']",,"0.061664, 0.022957, -0.000010",-3.005171523905539,0.7323974305272108,-1.2498035254336588,Phenylalanine CD,Phenylalanine CD,40
541,C,7.438473,-5.630535,-6.368146,64,"['539', '543', '548']",,"-0.011144, -0.036976, -0.018321",-2.249519983092124,-1.359705673776959,-2.2013194688324904,Phenylalanine CD,Phenylalanine CD,40
542,C,10.125798,-6.379363,-6.425063,66,"['540', '544', '549']",,"-0.011866, -0.022373, -0.028321",-4.332354803331289,0.3466464569161307,-1.4692948163948587,Phenylalanine CE,Phenylalanine CE,40
543,C,7.813017,-6.839897,-6.957623,66,"['541', '544', '550']",,"0.038896, -0.044834, -0.014683",-3.574330469107044,-1.7403052164733568,-2.4256940501762885,Phenylalanine CE,Phenylalanine CE,40
544,C,9.157709,-7.217234,-6.986501,68,"['542', '543', '551']",,"0.029537, -0.041605, -0.090910",-4.618659097558421,-0.8872788191731417,-2.060814060833379,Phenylalanine CZ,Phenylalanine CZ,40
545,H,6.892143,-3.626031,-4.799148,62,['538'],,"0.012681, 0.010930, -0.026614",0.1168521024008741,-0.274383548710613,-2.17628915199485,Phenylalanine HB,Phenylalanine HB,40
546,H,8.522296,-3.360675,-4.15844,62,['538'],,"0.010918, 0.031290, 0.000673",-0.3666356473607862,1.364767885654149,-1.7096613319290592,Phenylalanine HB,Phenylalanine HB,40
547,H,10.530098,-4.527659,-5.385361,65,['540'],,"0.061302, 0.055769, -0.013333",-2.801459705003728,1.7125461278220215,-0.7881746145539318,Phenylalanine HD,Phenylalanine HD,40
548,H,6.372674,-5.349456,-6.361413,65,['541'],,"0.004583, 0.070637, -0.050012",-1.441032989393798,-2.0504225723904894,-2.491555911963516,Phenylalanine HD,Phenylalanine HD,40
549,H,11.18526,-6.677804,-6.446811,67,['542'],,"0.011713, -0.009748, 0.005413",-5.155659649369603,1.0191835572146857,-1.1831782061800018,Phenylalanine HE,Phenylalanine HE,40
550,H,7.046144,-7.495616,-7.396427,67,['543'],,"-0.001820, -0.037646, -0.051294",-3.793015944140048,-2.712108808207158,-2.893010856645811,Phenylalanine HE,Phenylalanine HE,40
551,H,9.454889,-8.167461,-7.456822,69,['544'],,"0.056551, -0.063040, -0.056226",-5.663777400289696,-1.1891426987856966,-2.2312695636819324,Phenylalanine HZ,Phenylalanine HZ,40
552,N,6.031598,-0.999211,-6.07979,7,"['534', '553', '556']",,"-0.016728, -0.175300, -0.274926",-0.4223354661839344,0.8097568569862046,1.120409869614697,Alanine N,Arginine N,41
553,CA,4.942619,-0.154162,-5.644579,8,"['552', '554', '557', '558']",,"0.605880, 0.102739, -0.366377",0.0,0.0,0.0,Alanine CA,Arginine CA,41
554,C,3.800131,-1.08379,-5.207213,9,"['553', '555', '576']",,"0.061063, 0.185508, 0.236321",1.5364817169377578,-5.551115123125783e-17,-5.551115123125783e-17,Alanine C,Arginine C,41
555,O,3.35961,-1.953724,-5.961605,11,['554'],,"0.069985, 0.172185, 0.130065",2.175642950359569,1.054241017581704,-5.551115123125783e-17,Alanine O,Arginine O,41
556,HN,5.740673,-1.690748,-6.784594,10,['552'],,"-0.097109, -0.371470, -0.280617",0.011768738258753,1.7431165200004144,1.122063820394563,Alanine HN,Arginine HN,41
557,H,5.285603,0.431636,-4.756767,12,['553'],,"0.152513, 0.190957, 0.387931",-0.3567439417609452,-1.0457178255093602,0.1679745749595428,Alanine HA,Arginine HA,41
558,C,4.54931,0.834818,-6.780294,202,"['553', '559', '565', '566']",,"0.024410, 0.089680, -0.065207",-0.6292009873470974,0.5424269465475169,-1.3162450745535854,Arginine CB,Arginine CB,41
559,C,3.210762,1.583369,-6.609265,204,"['558', '560', '567', '568']",,"0.014972, -0.212958, -0.108065",-0.0381081562393705,0.003311141894662,-2.6358107913455,Arginine CG,Arginine CG,41
560,C,3.091075,2.480613,-5.364528,206,"['559', '561', '569', '570']",,"-0.039150, -0.250949, 0.121623",-0.1376580171637465,-1.5174128872795825,-2.850822942062587,Arginine CD,Arginine CD,41
561,N,4.188975,3.437813,-5.243769,208,"['560', '562', '571']",,"-0.082827, -0.005588, 0.107159",-1.498794692564044,-2.0272229297273263,-2.697201141589297,Arginine NE,Arginine NE,41
562,C,4.172698,4.69433,-5.71698,210,"['561', '563', '564']",,"0.146806, 0.106477, 0.144066",-2.381632083840956,-2.183405878582088,-3.6968178629327375,Arginine CZ,Arginine CZ,41
563,N,3.26971,5.090838,-6.623275,211,"['562', '572', '573']",,"0.072336, 0.025420, 0.052480",-2.208076230093818,-1.5899733523059827,-4.884964634851367,Arginine NH,Arginine NH,41
564,N,5.055182,5.58114,-5.255947,211,"['562', '574', '575']",,"0.075157, 0.029135, 0.209575",-3.443142032065137,-2.970268170988785,-3.518476123413985,Arginine NH,Arginine NH,41
565,H,4.491154,0.268545,-7.739687,203,['558'],,"0.003267, -0.025684, 0.003798",-0.5164369447789169,1.652157127094037,-1.332534838267951,Arginine HB,Arginine HB,41
566,H,5.37558,1.569702,-6.931022,203,['558'],,"-0.023867, -0.027120, 0.031139",-1.7311311871638428,0.3666883837325612,-1.2972364288479967,Arginine HB,Arginine HB,41
567,H,2.381897,0.835314,-6.582231,205,['559'],,"-0.042514, -0.037132, 0.010310",1.0385105394915926,0.294860934677027,-2.692601730210071,Arginine HG,Arginine HG,41
568,H,3.022101,2.180946,-7.533078,205,['559'],,"0.007333, -0.066498, -0.044396",-0.5223480734112196,0.5436819796727355,-3.4841225047595152,Arginine HG,Arginine HG,41
569,H,3.051161,1.85438,-4.446082,207,['560'],,"-0.040428, -0.122557, 0.177499",0.532354544159626,-2.0474150659097177,-2.1384432603498045,Arginine HD,Arginine HD,41
570,H,2.107062,3.003445,-5.372377,207,['560'],,"-0.178859, -0.053401, 0.094526",0.2754616998603336,-1.782513393454226,-3.851198027830866,Arginine HD,Arginine HD,41
571,HN,4.913685,3.234362,-4.533787,209,['561'],,"0.248855, 0.137605, 0.204833",-1.7124755591963805,-2.540662681470512,-1.824623670879589,Arginine HE,Arginine HE,41
572,HN,2.680301,4.400447,-7.10556,212,['563'],,"0.049671, -0.009646, 0.038442",-1.4893794563822351,-0.8646074607232619,-5.003120439499156,Arginine HH,Arginine HH,41
573,HN,3.116725,6.094218,-6.790842,212,['563'],,"-0.023698, 0.083778, 0.117115",-2.7491010371697846,-1.90609459869137,-5.700816367598293,Arginine HH,Arginine HH,41
574,HN,5.792268,5.252164,-4.614692,212,['564'],,"0.106327, -0.221625, 0.197014",-3.609641556198663,-3.36472451260086,-2.580706931116473,Arginine HH,Arginine HH,41
575,HN,4.965734,6.587302,-5.445687,212,['564'],,"-0.004497, 0.000132, 0.114092",-4.039406156690001,-3.2658775755578326,-4.301705563721024,Arginine HH,Arginine HH,41
576,N,3.349604,-0.911311,-3.943063,7,"['554', '577', '580']",,"0.184356, 0.147871, 0.203196",-0.472168031085104,0.5294300854081365,1.266273143342679,Alanine N,Leucine N,42
577,CA,2.317311,-1.687761,-3.281109,8,"['576', '578', '581', '582']",,"0.433798, 0.227842, 0.418578",0.0,0.0,0.0,Alanine CA,Leucine CA,42
578,C,0.973905,-1.435292,-3.983692,9,"['577', '579', '595']",,"0.152358, -0.201448, 0.077069",1.5369135137300345,5.551115123125783e-17,-1.1102230246251563e-16,Alanine C,Leucine C,42
579,O,0.421144,-0.335281,-3.937524,11,['578'],,"0.168128, -0.109459, 0.020079",2.179672042662146,1.050981389440854,0.0,Alanine O,Leucine O,42
580,HN,3.741226,-0.144271,-3.383532,10,['576'],,"0.177820, 0.306487, 0.192261",-0.9442638808925968,1.4395842897105824,1.2067926807509772,Alanine HN,Leucine HN,42
581,H,2.571202,-2.771562,-3.384946,12,['577'],,"0.093210, -0.340558, -0.049304",-0.3524926624720672,-1.0568791773554052,-0.0928584806407825,Alanine HA,Leucine HA,42
582,C,2.226002,-1.337214,-1.758277,19,"['577', '583', '586', '587']",,"-0.028307, -0.055109, 0.271908",-0.5587487899529541,0.8235391006069457,-1.2082305129451132,Leucine CB,Leucine CB,42
583,C,3.241669,-2.088233,-0.845154,21,"['582', '584', '585', '588']",,"0.026038, -0.011534, 0.036768",-1.987330707417744,0.4170999403183181,-1.6808440130226072,Leucine CG,Leucine CG,42
584,C,4.712581,-1.729973,-1.171343,23,"['583', '589', '590', '591']",,"0.008522, -0.018695, 0.013092",-3.065080106682871,0.6632510901904909,-0.5963176431886295,Leucine CD,Leucine CD,42
585,C,2.962481,-1.739907,0.637582,23,"['583', '592', '593', '594']",,"0.034013, 0.045269, 0.081937",-2.363891099850899,1.2239448927751615,-2.947724623364996,Leucine CD,Leucine CD,42
586,H,1.198881,-1.60359,-1.414425,20,['582'],,"-0.032500, 0.008188, -0.014728",0.1381051660427287,0.6738714041703856,-2.066229385075806,Leucine HB,Leucine HB,42
587,H,2.287757,-0.234975,-1.609147,20,['582'],,"-0.055139, -0.008361, -0.006011",-0.4998366020112557,1.9152406313703425,-0.9944517209970388,Leucine HB,Leucine HB,42
588,H,3.101915,-3.189728,-0.977927,22,['583'],,"-0.004646, -0.005840, 0.027330",-1.985419686659737,-0.6692791867313251,-1.9458493438756264,Leucine HG,Leucine HG,42
589,H,5.41824,-2.244279,-0.480552,24,['584'],,"-0.002808, 0.011693, 0.014235",-4.082164578422104,0.4061857635951896,-0.9692976517780674,Leucine HD,Leucine HD,42
590,H,4.917081,-0.643694,-1.073883,24,['584'],,"0.020402, -0.015053, 0.006398",-3.1099417678713808,1.7243678562954523,-0.2748531700545744,Leucine HD,Leucine HD,42
591,H,5.004099,-2.037201,-2.199902,24,['584'],,"-0.004229, 0.003637, -0.018196",-2.9001680999936514,0.0423275629071078,0.3117370953071814,Leucine HD,Leucine HD,42
592,H,3.647153,-2.291034,1.319431,24,['585'],,"0.011590, 0.017695, 0.032131",-3.364591827394995,0.9289661112913165,-3.333756162077857,Leucine HD,Leucine HD,42
593,H,1.928026,-2.012479,0.940162,24,['585'],,"0.041512, 0.012065, 0.019764",-1.6427773225165967,1.0549996221043467,-3.776820344175096,Leucine HD,Leucine HD,42
594,H,3.094099,-0.656114,0.86026,24,['585'],,"0.008408, 0.044471, 0.070410",-2.4026974820787776,2.322589138128804,-2.7660905315575635,Leucine HD,Leucine HD,42
595,N,0.449696,-2.491859,-4.655258,7,"['578', '596', '599']",,"0.296809, -0.126725, -0.060417",-0.5432978521729213,0.8882990489403125,1.0122319017700572,Alanine N,Leucine N,53
596,CA,-0.828924,-2.496672,-5.343712,8,"['595', '597', '600', '601']",,"0.485433, -0.462705, -0.075783",0.0,0.0,0.0,Alanine CA,Leucine CA,53
597,C,-1.962946,-2.009944,-4.445491,9,"['596', '598', '614']",,"0.133310, 0.064797, -0.327076",1.526339086608543,0.0,-5.551115123125783e-17,Alanine C,Leucine C,53
598,O,-2.116473,-2.45663,-3.304422,11,['597'],,"-0.180170, 0.262011, -0.319567",2.1694599757001773,1.0542926098100014,0.0,Alanine O,Leucine O,53
599,HN,1.035872,-3.326618,-4.788289,10,['595'],,"0.229559, -0.234069, -0.026460",-1.3232872442550572,1.4884277335328475,0.7129256235422639,Alanine HN,Leucine HN,53
600,H,-0.740461,-1.779448,-6.194423,12,['596'],,"0.092038, 0.217733, -0.205473",-0.3376395682758082,-1.0315279261778512,0.2605663706539007,Alanine HA,Leucine HA,53
601,C,-1.23107,-3.915077,-5.858065,19,"['596', '602', '605', '606']",,"-0.059694, -0.201354, -0.117431",-0.456214277515641,0.3811186661543324,-1.4438733508343538,Leucine CB,Leucine CB,53
602,C,-0.727941,-4.250053,-7.283221,21,"['601', '603', '604', '607']",,"0.045815, 0.008530, 0.028615",-1.775519154465603,-0.2879020556082179,-1.90023203768206,Leucine CG,Leucine CG,53
603,C,-1.035158,-5.738113,-7.581514,23,"['602', '608', '609', '610']",,"0.046825, -0.012555, -0.010769",-2.197327567358668,0.3217603605439303,-3.259670511347624,Leucine CD,Leucine CD,53
604,C,-1.429361,-3.35637,-8.340051,23,"['602', '611', '612', '613']",,"0.048653, -0.041473, 0.005719",-1.5913272186758445,-1.820571822939532,-2.056902663159838,Leucine CD,Leucine CD,53
605,H,-2.344076,-4.013946,-5.845297,20,['601'],,"-0.005962, -0.015736, 0.022712",0.3467000132734711,0.1091240504277244,-2.17193105986802,Leucine HB,Leucine HB,53
606,H,-0.882863,-4.677166,-5.120216,20,['601'],,"-0.015538, -0.014907, 0.048618",-0.5237307210249132,1.493061551664319,-1.5178561514746578,Leucine HB,Leucine HB,53
607,H,0.3743,-4.084064,-7.333522,22,['602'],,"0.033507, -0.017204, 0.007226",-2.5711192111536905,-0.0878613974207296,-1.1439106472184366,Leucine HG,Leucine HG,53
608,H,-0.63086,-6.047419,-8.57193,24,['603'],,"0.051166, 0.022800, -0.009320",-3.1791822419905795,-0.0790673969437212,-3.599301832381009,Leucine HD,Leucine HD,53
609,H,-2.128891,-5.948491,-7.577486,24,['603'],,"0.006926, -0.002662, 0.018493",-1.449434477844432,0.1183073654768958,-4.059539130817162,Leucine HD,Leucine HD,53
610,H,-0.575125,-6.411722,-6.823911,24,['603'],,"-0.001831, -0.002342, 0.019096",-2.308087346295232,1.4276900025105954,-3.1964751794914865,Leucine HD,Leucine HD,53
611,H,-1.197646,-3.693522,-9.375071,24,['604'],,"0.022424, -0.025097, -0.032372",-2.4800864319514404,-2.289533709689281,-2.535245137045294,Leucine HD,Leucine HD,53
612,H,-1.09344,-2.297317,-8.280035,24,['604'],,"0.016683, -0.021204, -0.027596",-1.4678706568205766,-2.3285448310611288,-1.0746806945291356,Leucine HD,Leucine HD,53
613,H,-2.537383,-3.358221,-8.229546,24,['604'],,"0.011068, -0.000014, 0.018644",-0.7036618797952942,-2.0803139288630814,-2.676992832627536,Leucine HD,Leucine HD,53
614,N,-2.846642,-1.179443,-5.053604,7,"['597', '615', '618']",,"-0.077721, 0.014346, -0.174830",-0.5906426521322444,-1.260870708862749,0.3897296111512917,Alanine N,Leucine N,54
615,CA,-4.070566,-0.68162,-4.466471,8,"['614', '616', '619', '620']",,"-0.384992, -0.444282, -0.172188",0.0,0.0,0.0,Alanine CA,Leucine CA,54
616,C,-3.862094,0.152654,-3.195763,9,"['615', '617', '633']",,"0.218960, -0.048676, -0.090385",1.5343312885827496,0.0,-1.1102230246251563e-16,Alanine C,Leucine C,54
617,O,-4.809672,0.360884,-2.437609,11,['616'],,"0.247596, -0.164086, 0.024690",2.1466956157834765,1.068209350957012,-4.440892098500626e-16,Alanine O,Leucine O,54
618,HN,-2.667741,-0.834455,-6.006179,10,['614'],,"0.025156, 0.043709, -0.050886",-1.1676590446831498,-1.6976203887469403,-0.3415181022937466,Alanine HN,Leucine HN,54
619,H,-4.518295,0.042505,-5.181158,12,['615'],,"-0.182482, 0.287235, -0.151342",-0.2589915171455936,0.1795500641234094,-1.0659647975214297,Alanine HA,Leucine HA,54
620,C,-5.079041,-1.843374,-4.251197,19,"['615', '621', '624', '625']",,"-0.258040, -0.158710, 0.095979",-0.5904263111526471,1.159382795148773,0.8486845012304016,Leucine CB,Leucine CB,54
621,C,-5.595592,-2.508178,-5.560037,21,"['620', '622', '623', '626']",,"0.003565, 0.096296, 0.005458",-2.106049819838322,1.4279179049818005,0.6192815493677764,Leucine CG,Leucine CG,54
622,C,-6.170346,-3.906745,-5.235985,23,"['621', '627', '628', '629']",,"0.054082, 0.039812, -0.036398",-2.676221815247525,2.2219897308907544,1.817486600123993,Leucine CD,Leucine CD,54
623,C,-6.690896,-1.642476,-6.227707,23,"['621', '630', '631', '632']",,"-0.061500, 0.076806, 0.018560",-2.337108886506688,2.226868737167829,-0.6857867666906574,Leucine CD,Leucine CD,54
624,H,-5.937264,-1.465809,-3.64798,20,['620'],,"0.008030, 0.095750, 0.078739",-0.002163612016976,2.085188099513965,0.6491742727760976,Leucine HB,Leucine HB,54
625,H,-4.584043,-2.599042,-3.597612,20,['620'],,"0.054876, 0.015236, 0.052041",-0.3927670778040693,0.923545743532614,1.920385117545448,Leucine HB,Leucine HB,54
626,H,-4.747979,-2.64083,-6.276499,22,['621'],,"-0.028259, -0.001639, 0.013756",-2.656373298666644,0.4571422600789664,0.555243558840432,Leucine HG,Leucine HG,54
627,H,-6.520694,-4.42551,-6.155263,24,['622'],,"0.060427, 0.037547, -0.021506",-3.767227272247772,2.404630100828996,1.7022369767948708,Leucine HD,Leucine HD,54
628,H,-7.025476,-3.850693,-4.529757,24,['622'],,"0.039740, 0.023239, -0.031909",-2.177045633407776,3.206558887229659,1.938291597777184,Leucine HD,Leucine HD,54
629,H,-5.401488,-4.564065,-4.776455,24,['622'],,"0.013707, -0.018090, -0.041637",-2.5485904308175784,1.6648058153718437,2.770186102306876,Leucine HD,Leucine HD,54
630,H,-7.088477,-2.13428,-7.143705,24,['623'],,"0.029545, -0.023893, 0.017947",-3.4171558069098404,2.452709598556808,-0.832377070038965,Leucine HD,Leucine HD,54
631,H,-6.309491,-0.644087,-6.538498,24,['623'],,"-0.053763, 0.051345, -0.001310",-1.9998169068873268,1.6692163808482268,-1.588061328563399,Leucine HD,Leucine HD,54
632,H,-7.557126,-1.455256,-5.552531,24,['623'],,"-0.017773, 0.076101, 0.016324",-1.7938366293802932,3.199535888500216,-0.6922859690826321,Leucine HD,Leucine HD,54
633,N,-2.639347,0.693528,-2.981599,7,"['616', '634', '637']",,"0.196484, -0.081140, -0.035874",-0.4161172405489066,0.3759879165679521,1.3355948318261996,Alanine N,Valine N,55
634,CA,-2.303185,1.57924,-1.885769,8,"['633', '635', '638', '639']",,"-0.022746, -0.489975, 0.193284",0.0,0.0,0.0,Alanine CA,Valine CA,55
635,C,-1.893263,2.915115,-2.510083,9,"['634', '636', '649']",,"-0.334743, 0.121759, 0.230300",1.530479020537361,-1.1102230246251563e-16,-1.1102230246251563e-16,Alanine C,Valine C,55
636,O,-0.79556,3.031671,-3.070719,11,['635'],,"-0.413624, -0.176936, 0.085067",2.154917347718384,1.0690774889540822,-2.220446049250313e-16,Alanine O,Valine O,55
637,HN,-1.862623,0.586188,-3.650297,10,['633'],,"0.207685, -0.036295, -0.108370",-0.028995987497051,1.286365301036367,1.6242628353596869,Alanine HN,Valine HN,55
638,H,-3.181558,1.729005,-1.208985,12,['634'],,"-0.326015, 0.047854, 0.248627",-0.3806147068271949,-1.0181635502738406,-0.2654820047585464,Alanine HA,Valine HA,55
639,C,-1.105487,0.998081,-1.053906,15,"['634', '640', '641', '642']",,"0.190471, -0.066261, 0.093323",-0.5258071007523197,1.0372876543501064,-1.054411470055829,Valine CB,Valine CB,55
640,C,-0.731046,1.92803,0.126029,17,"['639', '643', '644', '645']",,"-0.029261, -0.029540, 0.002699",-0.0951332558043682,0.652818657911839,-2.491060849466999,Valine CG,Valine CG,55
641,C,-1.440629,-0.399193,-0.485282,17,"['639', '646', '647', '648']",,"-0.075500, 0.098506, -0.068893",-2.0671319905124887,1.1429153613564456,-1.0199380551628323,Valine CG,Valine CG,55
642,H,-0.226811,0.897403,-1.740991,16,['639'],,"0.015001, 0.029703, -0.119404",-0.0980637759975986,2.0389885854912246,-0.7937886342110142,Valine HB,Valine HB,55
643,H,0.201508,1.591664,0.631215,18,['640'],,"-0.005222, -0.012960, 0.034820",-0.3450309785001776,1.4547082444517532,-3.220811603257836,Valine HG,Valine HG,55
644,H,-1.531594,1.957793,0.896432,18,['640'],,"-0.010151, 0.006368, 0.029715",-0.5978359768798046,-0.2763036043837514,-2.83646715342232,Valine HG,Valine HG,55
645,H,-0.55634,2.974513,-0.206548,18,['640'],,"-0.021193, -0.002952, 0.009955",1.0007450706728664,0.4806097964929168,-2.5662347695474,Valine HG,Valine HG,55
646,H,-0.580095,-0.801801,0.09152,18,['641'],,"-0.039349, 0.066338, -0.021671",-2.423352298118261,1.88818034963222,-1.7635775536589515,Valine HG,Valine HG,55
647,H,-1.657314,-1.122017,-1.301629,18,['641'],,"-0.028857, 0.029889, -0.088989",-2.423079109879553,1.4776294447345903,-0.0213803556719029,Valine HG,Valine HG,55
648,H,-2.324221,-0.383177,0.1941,18,['641'],,"-0.020939, 0.000966, 0.037261",-2.566946825937949,0.1730723834512202,-1.2482820175103075,Valine HG,Valine HG,55
649,N,-2.740949,3.950112,-2.344587,7,"['635', '650', '653']",,"-0.297326, 0.006888, 0.017240",-0.3599603740957109,0.787669948516664,1.169846998635989,Alanine N,Aspartate N,56
650,CA,-2.337533,5.332871,-2.553801,8,"['649', '651', '654', '655']",,"-0.712449, 0.047809, -0.712067",0.0,0.0,0.0,Alanine CA,Aspartate CA,56
651,C,-1.790497,5.776886,-1.19611,9,"['650', '652', '661']",,"0.034752, 0.001276, -0.364770",1.529615166308833,1.1102230246251563e-16,2.775557561562892e-17,Alanine C,Aspartate C,56
652,O,-2.493632,5.688401,-0.184563,11,['651'],,"0.183181, -0.034145, -0.268830",2.1503199381718923,1.0677927433942542,5.551115123125783e-17,Alanine O,Aspartate O,56
653,HN,-3.623612,3.828517,-1.823478,10,['649'],,"-0.259915, 0.011167, 0.212456",-0.2483855399249425,1.8077759592120315,1.0586323916909084,Alanine HN,Aspartate HN,56
654,H,-1.529878,5.391369,-3.324976,12,['650'],,"0.135193, -0.020292, -0.293474",-0.3786749893914508,-1.0471143259743092,0.1029385078712165,Alanine HA,Aspartate HA,56
655,C,-3.535099,6.231222,-2.984757,137,"['650', '656', '659', '660']",,"-0.198121, 0.264408, 0.093958",-0.550030815749072,0.6256218619042678,-1.3164289973738983,Aspartate CB,Aspartate CB,56
656,C,-4.041148,5.992225,-4.400944,139,"['655', '657', '658']",,"0.049289, 0.076690, 0.140443",-2.057396634760881,0.5132946878650109,-1.500878635557906,Aspartate CG,Aspartate CG,56
657,O,-5.237509,6.309755,-4.669083,140,['656'],,"0.128037, 0.096580, 0.088178",-2.6310797280140417,1.3542437275794064,-2.25433459821327,Aspartate OD,Aspartate OD,56
658,O,-3.222883,5.481181,-5.212009,140,['656'],,"-0.187296, 0.019005, 0.055213",-2.6330096774582046,-0.4169191984775517,-0.8748420830162875,Aspartate OD,Aspartate OD,56
659,H,-3.226617,7.302249,-2.94602,138,['655'],,"0.025351, 0.107386, 0.022082",-0.0944288418841661,0.105591788924879,-2.1915039077841176,Aspartate HB,Aspartate HB,56
660,H,-4.377135,6.131441,-2.262089,138,['655'],,"-0.020411, -0.016518, 0.125545",-0.2386900392803013,1.6919861479095952,-1.401069660894281,Aspartate HB,Aspartate HB,56
661,N,-0.516291,6.246996,-1.127502,7,"['651', '662', '665']",,"0.073114, -0.022721, -0.149849",-0.3670151242943467,0.9092877742236372,1.0853818009602096,Alanine N,Isoleucine N,57
662,CA,-0.07953,7.054924,0.01094,8,"['661', '663', '666', '667']",,"0.241836, -0.481283, -0.108898",0.0,0.0,0.0,Alanine CA,Isoleucine CA,57
663,C,-0.76147,8.428043,-0.202868,9,"['662', '664', '680']",,"0.161340, -0.083623, 0.233374",1.547970223429702,0.0,1.3877787807814457e-17,Alanine C,Isoleucine C,57
664,O,-0.652781,8.967029,-1.308768,11,['663'],,"0.098398, -0.200500, 0.244454",2.130941907390509,1.08879659836762,5.551115123125783e-17,Alanine O,Isoleucine O,57
665,HN,0.157036,6.076305,-1.884273,10,['661'],,"0.047403, -0.031231, -0.076939",-0.7105255921267721,1.8445892853545507,0.835544544697701,Alanine HN,Isoleucine HN,57
666,H,-0.470072,6.559598,0.921014,12,['662'],,"-0.107009, -0.171873, 0.236608",-0.3930285110769307,-0.9981182382055388,0.2745799656896362,Alanine HA,Isoleucine HA,57
667,C,1.467869,7.159317,0.215929,25,"['662', '668', '669', '671']",,"0.355326, -0.151027, 0.111067",-0.6174004744661691,0.3285106466377629,-1.399378241557867,Isoleucine CB,Isoleucine CB,57
668,C,2.096362,5.773165,0.559852,27,"['667', '670', '672', '673']",,"-0.055120, 0.043724, -0.035056",-2.171357790235713,0.1877703293486063,-1.3887635377154737,Isoleucine CG1,Isoleucine CG1,57
669,C,1.81448,8.140392,1.36779,29,"['667', '674', '675', '676']",,"0.022110, 0.069181, 0.032338",-0.0589351320375326,-0.6202010499537113,-2.493678786345995,Isoleucine CG2,Isoleucine CG2,57
670,C,1.385184,4.935226,1.639943,31,"['668', '677', '678', '679']",,"-0.018502, -0.003562, 0.057111",-2.750529998705338,-1.0849800234709877,-0.7413235204011168,Isoleucine CD,Isoleucine CD,57
671,H,1.928445,7.539471,-0.731339,26,['667'],,"-0.014635, 0.072800, -0.027950",-0.3522500515332178,1.3828542431083497,-1.6677414527399264,Isoleucine HB,Isoleucine HB,57
672,H,3.171733,5.90059,0.823949,28,['668'],,"-0.003750, -0.009939, -0.025645",-2.5685455741058463,0.3026179039717345,-2.4238765956094013,Isoleucine HG1,Isoleucine HG1,57
673,H,2.105382,5.180159,-0.370219,28,['668'],,"0.018559, 0.013192, 0.013394",-2.572891537292461,1.0547888044871854,-0.837565610270222,Isoleucine HG1,Isoleucine HG1,57
674,H,2.912348,8.194743,1.547306,30,['669'],,"0.008799, 0.017175, -0.001583",-0.519171161966149,-0.4196140601960687,-3.487882903807049,Isoleucine HG2,Isoleucine HG2,57
675,H,1.334198,7.850818,2.330156,30,['669'],,"0.001623, 0.003523, 0.036019",-0.237141146454791,-1.6935596580696404,-2.25531743510601,Isoleucine HG2,Isoleucine HG2,57
676,H,1.486129,9.176546,1.129736,30,['669'],,"0.001589, 0.046114, -0.028625",1.0377114630996975,-0.4854335786482766,-2.6252203078700296,Isoleucine HG2,Isoleucine HG2,57
677,H,1.934998,3.999712,1.874655,32,['670'],,"-0.027804, -0.014212, 0.013437",-3.8550057080855726,-1.1402338253812736,-0.839568247992404,Isoleucine HD,Isoleucine HD,57
678,H,0.373774,4.608964,1.31476,32,['670'],,"-0.011940, -0.014235, 0.008255",-2.54945952178338,-1.1248206206156068,0.3509788435817396,Isoleucine HD,Isoleucine HD,57
679,H,1.268299,5.490012,2.59607,32,['670'],,"-0.019806, 0.012118, 0.049395",-2.338979347939909,-2.01351475024788,-1.1930731990660974,Isoleucine HD,Isoleucine HD,57
680,N,-1.659384,8.876969,0.731121,50,"['663', '681', '687']",,"0.069049, -0.124010, 0.092435",-0.5747857815382452,1.06694600889726,-0.848043025399465,Proline N,Proline N,58
681,CA,-2.68134,9.897837,0.412744,51,"['680', '682', '684', '685']",,"-0.156035, -0.368821, -0.366806",0.0,0.0,0.0,Proline CA,Proline CA,58
682,C,-2.238102,11.319018,0.77914,52,"['681', '683', '694']",,"-0.050187, -0.062333, -0.049517",1.5331214525343375,9.71445146547012e-17,0.0,Proline C,Proline C,58
683,O,-1.073597,11.661624,0.600365,53,['682'],,"-0.100593, -0.093607, 0.070856",2.144655234431504,1.0636906037398988,-5.551115123125783e-17,Proline O,Proline O,58
684,H,-2.889009,9.902105,-0.691328,54,['681'],,"-0.046465, -0.038058, -0.394171",-0.3199412254098731,0.1435248110549673,1.0673133801577983,Proline HA,Proline HA,58
685,C,-3.931328,9.349509,1.165464,55,"['681', '686', '688', '689']",,"-0.379901, -0.385404, 0.114381",-0.6897835247454512,-1.2750129824985186,-0.5729411641503657,Proline CB,Proline CB,58
686,C,-3.545709,7.938679,1.555633,57,"['685', '687', '690', '691']",,"-0.235420, -0.137891, 0.060242",-1.7928712365431054,-0.7386546036673203,-1.4600106880100143,Proline CG,Proline CG,58
687,C,-2.085349,8.167954,1.930551,59,"['680', '686', '692', '693']",,"-0.184610, -0.250187, 0.122938",-1.068534118210252,0.4545165357552497,-2.0743886116069694,Proline CD,Proline CD,58
688,H,-4.845983,9.331582,0.530837,56,['685'],,"0.066767, -0.064782, -0.046380",-1.122503423010747,-1.9266911474521784,0.2193565289239632,Proline HB,Proline HB,58
689,H,-4.151541,9.925014,2.095755,56,['685'],,"0.074116, 0.014669, 0.026996",0.0023631419083,-1.885013215146007,-1.2006145052164896,Proline HB,Proline HB,58
690,H,-3.648818,7.264291,0.675107,58,['686'],,"0.114014, -0.172989, -0.155045",-2.658262847411771,-0.4232321322137341,-0.8336220694661848,Proline HG,Proline HG,58
691,H,-4.172424,7.525349,2.370501,58,['686'],,"-0.016238, -0.068887, 0.054596",-2.1624677021299097,-1.482366533242959,-2.1934370687610905,Proline HG,Proline HG,58
692,H,-1.568668,7.218558,2.169591,60,['687'],,"0.058609, -0.046225, 0.028246",-1.7421060665062855,1.0614472208439931,-2.7095170365285703,Proline HD,Proline HD,58
693,H,-1.973334,8.800922,2.840804,60,['687'],,"0.048758, 0.023312, 0.063730",-0.2318590747258744,0.14701652559914,-2.743100050586748,Proline HD,Proline HD,58
694,N,-3.142632,12.208514,1.287173,7,"['682', '695', '698']",,"0.085630, -0.230460, -0.014922",-0.5956342087992553,-0.2063767742742651,-1.3172849827316162,Alanine N,Glutamate N,59
695,CA,-4.577603,12.397493,1.092863,8,"['694', '696', '699', '700']",,"0.043607, -0.328878, 0.634061",0.0,0.0,0.0,Alanine CA,Glutamate CA,59
696,C,-4.946012,13.163279,-0.210063,9,"['695', '697', '709']",,"0.156470, 0.175648, 0.256135",1.5555608475893823,-1.1102230246251563e-16,0.0,Alanine C,Glutamate C,59
697,O,-5.296872,12.475172,-1.184115,11,['696'],,"0.276793, 0.234909, 0.200841",2.1157671244061618,1.1097478133198009,0.0,Alanine O,Glutamate O,59
698,HN,-2.705628,13.087884,1.570121,10,['694'],,"0.080406, 0.035428, 0.018141",-0.5032220588285421,-1.1848006961431037,-1.5974104675997276,Alanine HN,Glutamate HN,59
699,H,-4.956787,11.389337,0.831583,12,['695'],,"-0.119833, -0.316464, -0.123442",-0.1876547918600314,1.0690585586446653,0.2243339962479202,Alanine HA,Glutamate HA,59
700,C,-5.394477,12.761114,2.385733,153,"['695', '701', '705', '706']",,"-0.020215, 0.192634, 0.516473",-0.7104282257814426,-0.7433562759350083,1.1890035254186873,Glutamate CB,Glutamate CB,59
701,C,-4.683279,13.102641,3.737323,155,"['700', '702', '707', '708']",,"0.113692, -0.395580, -0.406264",-1.842815238369058,-1.7946642092405791,0.9406286109754888,Glutamate CG,Glutamate CG,59
702,C,-5.572863,13.911523,4.668485,157,"['701', '703', '704']",,"0.307799, -0.511938, -0.059225",-2.013862174473377,-2.7459222812561426,2.1147510404088763,Glutamate CD,Glutamate CD,59
703,O,-5.136201,14.418646,5.756153,158,['702'],,"0.556981, -0.280446, -0.233619",-2.7786496371377982,-3.767026856188125,2.0571775951298896,Glutamate OE,Glutamate OE,59
704,O,-6.758862,14.148063,4.335545,158,['702'],,"0.330399, -0.016154, -0.059490",-1.3376636766125851,-2.566741924261823,3.1559252978505388,Glutamate OE,Glutamate OE,59
705,H,-6.098729,11.935272,2.630667,154,['700'],,"0.030568, 0.073748, 0.011064",-1.155345790208784,0.0009828140724515,1.8861306535487776,Glutamate HB,Glutamate HB,59
706,H,-6.073028,13.611298,2.125203,154,['700'],,"-0.090646, 0.067637, 0.053022",0.087029882453517,-1.2298744033143405,1.804211499764459,Glutamate HB,Glutamate HB,59
707,H,-3.730041,13.64922,3.586691,156,['701'],,"0.174072, -0.007745, 0.086286",-1.673330748326408,-2.388295291011532,0.0192283539213515,Glutamate HG,Glutamate HG,59
708,H,-4.386291,12.169945,4.269733,156,['701'],,"0.095390, -0.123257, 0.053039",-2.8182508345782327,-1.2851398395485345,0.7660020866500697,Glutamate HG,Glutamate HG,59
709,N,-5.134116,14.516653,-0.311874,7,"['696', '710', '713']",,"0.135372, 0.092938, 0.170917",-0.5032821153153948,1.1717994277344417,0.7300506622981005,Alanine N,Threonine N,60
710,CA,-4.524158,15.75579,0.189994,8,"['709', '711', '714', '715']",,"-0.313753, -0.225432, 0.090401",0.0,0.0,0.0,Alanine CA,Threonine CA,60
711,C,-3.538221,16.309526,-0.840962,9,"['710', '712', '723']",,"0.170382, 0.379985, 0.069549",1.5302175007498129,5.551115123125783e-17,-1.1102230246251563e-16,Alanine C,Threonine C,60
712,O,-2.923731,15.521555,-1.561446,11,['711'],,"-0.084589, 0.152865, 0.209868",2.126412368297048,1.0780283535730115,0.0,Alanine O,Threonine O,60
713,HN,-5.613963,14.767488,-1.185761,10,['709'],,"0.009065, 0.047664, -0.024537",-0.1329187495747094,1.0941585892428511,1.6859024849769897,Alanine HN,Threonine HN,60
714,H,-5.351333,16.50261,0.244308,12,['710'],,"-0.220415, 0.214134, 0.147471",-0.2993016760131011,-0.8881524402260179,0.6054026373227333,Alanine HA,Threonine HA,60
715,C,-3.910175,15.623676,1.608481,37,"['710', '716', '717', '718']",,"0.589401, 0.256095, 0.414725",-0.6078909723285717,-0.1652899898437958,-1.4176326701486748,Threonine CB,Threonine CB,60
716,OH,-4.864119,16.193802,2.491519,39,"['715', '719']",,"0.016885, -0.192225, -0.017909",-1.6111488218615573,-1.1610980954672945,-1.288602345879573,Threonine OG1,Threonine OG1,60
717,C,-2.544546,16.194778,1.995495,41,"['715', '720', '721', '722']",,"0.369071, 0.082136, 0.109881",0.2179194045896102,-0.519666339619457,-2.655911524177495,Threonine CG2,Threonine CG2,60
718,H,-3.862783,14.551469,1.836835,38,['715'],,"-0.118849, 0.069587, 0.078398",-1.1192019559558104,0.7755994677834377,-1.6570225370542588,Threonine HB,Threonine HB,60
719,HO,-5.012345,15.573374,3.184722,40,['716'],,"-0.069683, -0.075150, 0.080801",-2.3981981192639616,-0.8201154515547852,-1.6781103553964762,Threonine HG1,Threonine HG1,60
720,H,-2.53182,16.520621,3.062708,42,['717'],,"-0.008913, -0.011319, 0.062659",-0.3749842914362378,-1.1359382430278009,-3.3728169205878897,Threonine HG2,Threonine HG2,60
721,H,-2.210573,17.046311,1.372384,42,['717'],,"0.058658, 0.012580, -0.033841",1.1610538533838688,-1.0568606081261511,-2.4395011211925466,Threonine HG2,Threonine HG2,60
722,H,-1.743192,15.426276,1.90111,42,['717'],,"0.100221, 0.019635, -0.003439",0.5197353994136746,0.3950063041158359,-3.216226744045428,Threonine HG2,Threonine HG2,60
723,N,-3.321774,17.652126,-0.878952,7,"['711', '724', '727']",,"0.147827, 0.103031, -0.082902",-0.3818686976598249,1.332423884932603,0.5464970286824077,Alanine N,Lysine N,61
724,CA,-4.122343,18.881584,-0.619417,8,"['723', '725', '728', '729']",,"0.171928, -0.369833, 0.285226",0.0,0.0,0.0,Alanine CA,Lysine CA,61
725,C,-3.44048,19.995561,-1.486525,9,"['724', '726', '745']",,"-0.055754, 0.260411, 0.083149",1.5677238886238851,1.3357370765021415e-16,0.0,Alanine C,Lysine C,61
726,O,-2.270514,19.802063,-1.800877,11,['725'],,"0.050763, 0.353955, -0.053363",2.112961060380138,1.098997508459069,-2.220446049250313e-16,Alanine O,Lysine O,61
727,HN,-2.473915,17.907278,-1.405944,10,['723'],,"0.284131, 0.307953, -0.157064",0.4596800785823168,1.923337067747144,0.6121115288355292,Alanine HN,Lysine HN,61
728,H,-5.138242,18.717031,-1.040149,12,['724'],,"-0.221728, -0.001991, -0.172395",-0.3260727974941524,-0.7704127179239849,0.7323145899333949,Alanine HA,Lysine HA,61
729,C,-4.156972,19.250789,0.920126,182,"['724', '730', '734', '735']",,"0.150730, 0.079379, 0.194863",-0.6042367626467047,-0.2424584744299987,-1.4435428540082584,Lysine CB,Lysine CB,61
730,C,-5.54052,19.247826,1.658,184,"['729', '731', '736', '737']",,"0.164424, -0.137169, 0.015363",-1.6162181221701624,-1.423819749694197,-1.6409033182157646,Lysine CG,Lysine CG,61
731,C,-5.512432,19.044699,3.206325,186,"['730', '732', '738', '739']",,"0.207368, -0.030283, -0.168126",-2.60471593321984,-1.310613520671517,-2.844820361353896,Lysine CD,Lysine CD,61
732,C,-6.761201,18.341142,3.821072,188,"['731', '733', '740', '741']",,"0.044590, -0.196731, 0.518731",-3.987796047164698,-2.005811328575233,-2.654768400261287,Lysine CE,Lysine CE,61
733,N,-6.695928,18.135615,5.27235,190,"['732', '742', '743', '744']",,"0.009751, -0.207987, 0.413373",-4.908149357957526,-1.8586454366998664,-3.787906401178743,Lysine NZ,Lysine NZ,61
734,H,-3.670782,20.248416,1.048305,183,['729'],,"0.078482, 0.132004, -0.055794",0.245213499533032,-0.3586172848275563,-2.159791125293988,Lysine HB,Lysine HB,61
735,H,-3.47872,18.563951,1.467379,183,['729'],,"0.031319, -0.021338, -0.011816",-1.0999708974733342,0.6899332311277819,-1.7843528226590408,Lysine HB,Lysine HB,61
736,H,-6.207707,18.477637,1.201264,185,['730'],,"0.003308, -0.028856, 0.051965",-2.201055495765841,-1.5776919128517322,-0.7021669514775164,Lysine HG,Lysine HG,61
737,H,-6.042409,20.218648,1.48983,185,['730'],,"0.052412, -0.080029, 0.040444",-1.0516573607570665,-2.361037632536916,-1.8007872125187254,Lysine HG,Lysine HG,61
738,H,-5.334811,20.02682,3.711264,187,['731'],,"0.081488, -0.021368, 0.066503",-2.108878144200545,-1.6848688701776802,-3.774955885000572,Lysine HD,Lysine HD,61
739,H,-4.625569,18.41816,3.458882,187,['731'],,"0.073087, -0.139066, -0.021427",-2.803874195242666,-0.2296007973588114,-3.030856960557111,Lysine HD,Lysine HD,61
740,H,-6.880457,17.339534,3.343015,189,['732'],,"-0.002414, -0.055544, 0.081316",-4.486963971737762,-1.5720280330643228,-1.7555228775801257,Lysine HE,Lysine HE,61
741,H,-7.706239,18.885546,3.589396,189,['732'],,"-0.025507, -0.142738, 0.091061",-3.8838522321188993,-3.0930291088597874,-2.430492928613467,Lysine HE,Lysine HE,61
742,HN,-7.106684,17.245615,5.571654,191,['733'],,"-0.086188, -0.290645, 0.268272",-5.884754838278374,-1.7403217246742362,-3.50042664374918,Lysine HN,Lysine HN,61
743,HN,-7.197905,18.828324,5.822263,191,['733'],,"0.061478, -0.085720, 0.143702",-4.938417194919337,-2.6572795770541977,-4.416792990863359,Lysine HN,Lysine HN,61
744,HN,-5.768971,18.117399,5.690063,191,['733'],,"-0.015208, -0.013390, 0.269704",-4.74896112738584,-1.0670797882390604,-4.406087753451908,Lysine HN,Lysine HN,61
745,N,-4.117709,21.049213,-2.039236,7,"['725', '746', '749']",,"0.041124, -0.036937, -0.068368",-0.4369734827157326,0.9911404499118116,1.0039547563341138,Alanine N,Histidine N,62
746,CA,-5.07411,22.041296,-1.507918,8,"['745', '747', '750', '751']",,"0.016625, -0.348476, -0.462787",0.0,0.0,0.0,Alanine CA,Histidine CA,62
747,C,-4.294617,22.954928,-0.544454,9,"['746', '748', '763']",,"-0.013186, 0.083464, -0.073276",1.5396738770820917,0.0,1.1102230246251563e-16,Alanine C,Histidine C,62
748,O,-3.518815,22.485935,0.284791,11,['747'],,"0.039008, 0.072528, -0.160696",2.173050162154965,1.0527606227368516,0.0,Alanine O,Histidine O,62
749,HN,-3.642926,21.44228,-2.867989,10,['745'],,"0.099436, 0.089107, -0.157214",-0.4819603250983997,0.5401796686182507,1.932051010143241,Alanine HN,Histidine HN,62
750,H,-5.356485,22.707724,-2.363978,12,['746'],,"-0.089019, 0.242004, -0.321723",-0.2831913872860705,-1.0089035433799696,0.3982673997847819,Alanine HA,Histidine HA,62
751,C,-6.346714,21.331296,-0.999346,106,"['746', '752', '757', '758']",,"-0.307665, 0.061492, 0.012612",-0.7473490545573827,0.2287132063643526,-1.3309493152959375,Histidine (+) CB,Histidine (+) CB,62
752,C,-7.482594,21.972311,-0.222936,108,"['751', '753', '754']",,"-0.286190, 0.007189, -0.129801",-0.4561936361582815,-0.4575077016815567,-2.65316922152277,Histidine (+) CG,Histidine (+) CG,62
753,N,-8.567313,22.474436,-0.875753,109,"['752', '755', '759']",,"-0.289617, -0.093562, -0.175897",-1.11590417140486,-1.597862383422124,-2.9985502713677827,Histidine (+) ND1,Histidine (+) ND1,62
754,C,-7.705281,22.188411,1.121279,111,"['752', '756', '760']",,"-0.221200, 0.044351, -0.154328",0.4004525003395407,-0.1744482801871529,-3.696834607037019,Histidine (+) CD2,Histidine (+) CD2,62
755,C,-9.47768,22.928605,0.03185,113,"['753', '756', '761']",,"-0.173856, -0.089850, -0.192939",-0.7393559599305355,-1.9826963808195632,-4.251105659261505,Histidine (+) CE1,Histidine (+) CE1,62
756,N,-8.966794,22.781789,1.237214,115,"['754', '755', '762']",,"-0.157191, 0.023613, -0.123861",0.1864382015469461,-1.1483490075128455,-4.677991412804987,Histidine (+) NE2,Histidine (+) NE2,62
757,H,-6.04091,20.481775,-0.38026,107,['751'],,"-0.028701, 0.108995, 0.034223",-0.7092308648046108,1.2972311063664526,-1.5660790502042907,Histidine (+) HB,Histidine (+) HB,62
758,H,-6.816005,20.859083,-1.89717,107,['751'],,"0.043150, 0.103988, -0.040003",-1.8269666827821496,0.0355789261704072,-1.1154684074031629,Histidine (+) HB,Histidine (+) HB,62
759,HN,-8.723243,22.487711,-1.896478,110,['753'],,"0.016249, 0.196237, -0.304542",-1.8256971258460373,-2.095660035221399,-2.437514286925793,Histidine (+) HD1,Histidine (+) HD1,62
760,H,-7.107632,21.966204,1.985281,112,['754'],,"-0.061640, 0.017507, -0.125006",1.111825619909982,0.6175392559701354,-3.837418252522994,Histidine (+) HD2,Histidine (+) HD2,62
761,H,-10.433901,23.338642,-0.205228,114,['755'],,"-0.122477, 0.045063, -0.004924",-1.1285038039509196,-2.822641719014721,-4.781907604088866,Histidine (+) HE1,Histidine (+) HE1,62
762,HN,-9.429068,23.071547,2.122036,116,['756'],,"-0.090937, 0.016371, -0.031034",0.6780273547099602,-1.2168871519933335,-5.59134213874089,Histidine (+) HE2,Histidine (+) HE2,62
763,N,-4.527261,24.301537,-0.634753,50,"['747', '764', '770']",,"-0.018985, 0.042756, -0.207961",-0.693509479108828,1.1476784474407906,-0.6072868268965665,Proline N,Proline N,63
764,CA,-3.589047,25.340429,-0.179367,51,"['763', '765', '767', '768']",,"-0.154652, 0.040104, 0.067258",0.0,0.0,0.0,Proline CA,Proline CA,63
765,C,-2.11505,25.144685,-0.464037,52,"['764', '766', '777']",,"0.061800, -0.019580, 0.035220",1.5139418345646571,2.775557561562892e-17,2.775557561562892e-17,Proline C,Proline C,63
766,O,-1.822418,24.482542,-1.442389,53,['765'],,"0.082825, 0.026420, 0.070786",2.068425933075213,1.0834144452959529,1.1102230246251563e-16,Proline O,Proline O,63
767,H,-3.811494,26.286107,-0.730216,54,['764'],,"-0.086272, 0.330607, -0.240381",-0.235271139305973,-0.020205427499536,1.0915417536691998,Proline HA,Proline HA,63
768,C,-4.015427,25.406094,1.267112,55,"['764', '769', '771', '772']",,"-0.149703, 0.131873, 0.447168",-0.6956050249135406,-1.105500997245081,-0.7565807878020452,Proline CB,Proline CB,63
769,C,-5.534259,25.204516,1.210891,57,"['768', '770', '773', '774']",,"0.041936, 0.133601, 0.152316",-2.137728920003485,-0.603704741996731,-0.8948715126477058,Proline CG,Proline CG,63
770,C,-5.825234,24.838293,-0.264419,59,"['763', '769', '775', '776']",,"-0.168547, 0.231079, 0.084382",-2.096270143910512,0.8525502152562672,-0.3724463966598322,Proline CD,Proline CD,63
771,H,-3.739579,26.377304,1.674663,56,['768'],,"0.048513, 0.091433, -0.072054",-0.629239825965927,-2.0265564058097625,-0.1797867209745594,Proline HB,Proline HB,63
772,H,-3.497766,24.636257,1.872686,56,['768'],,"-0.019895, -0.068932, -0.137119",-0.2059343075585537,-1.2926434216099436,-1.7325634149701177,Proline HB,Proline HB,63
773,H,-6.093971,26.105521,1.520262,58,['769'],,"-0.083379, 0.029565, -0.040357",-2.8573396403633446,-1.2166233103404784,-0.3227795721935417,Proline HG,Proline HG,63
774,H,-5.798429,24.390579,1.922716,58,['769'],,"-0.009164, -0.039738, -0.034360",-2.423537605801789,-0.6741311145533524,-1.9683367336328883,Proline HG,Proline HG,63
775,H,-6.082466,25.722907,-0.888477,60,['770'],,"0.043594, 0.131612, -0.148102",-2.3437476094947427,0.9326261545912372,0.7094507177422844,Proline HD,Proline HD,63
776,H,-6.679137,24.153544,-0.345772,60,['770'],,"0.034695, 0.022771, -0.039387",-2.8238120932627004,1.4862179031507416,-0.8957033223381159,Proline HD,Proline HD,63
777,N,-1.185637,25.904665,0.190291,7,"['765', '778', '781']",,"-0.051897, -0.055738, -0.030002",-0.7782768490781927,-1.1205060246264296,-0.5592863051155404,Alanine N,Lysine N,64
778,CA,-0.855424,26.608345,1.443225,8,"['777', '779', '782', '783']",,"0.127085, 0.483554, -0.454147",0.0,0.0,0.0,Alanine CA,Lysine CA,64
779,C,-0.533683,25.851871,2.73371,9,"['778', '780', '799']",,"-0.101398, 0.010682, -0.161330",1.5300724554680412,1.1102230246251563e-16,1.1102230246251563e-16,Alanine C,Lysine C,64
780,O,0.192399,26.472324,3.511932,11,['779'],,"-0.033027, -0.104824, -0.135415",2.0323608281287373,1.1249412730924535,1.1102230246251563e-16,Alanine O,Lysine O,64
781,HN,-0.296994,25.832942,-0.326277,10,['777'],,"0.120228, -0.050388, -0.103164",-0.9916352309955624,-0.8485897958646335,-1.529962787885966,Alanine HN,Lysine HN,64
782,H,0.224188,26.882026,1.242692,12,['778'],,"0.409067, 0.165265, 0.033979",-0.0774224412599881,0.7436141400335553,-0.8495414178987976,Alanine HA,Lysine HA,64
783,C,-1.433083,28.042333,1.798586,182,"['778', '784', '788', '789']",,"0.080220, 0.220340, 0.105759",-0.530722044988125,0.900864462190423,1.1929250925653214,Lysine CB,Lysine CB,64
784,C,-2.911272,28.459873,2.035007,184,"['783', '785', '790', '791']",,"0.133554, 0.074430, -0.077075",-0.8485856893442539,0.4825535200816387,2.6555446329348262,Lysine CG,Lysine CG,64
785,C,-3.411985,28.415774,3.538108,186,"['784', '786', '792', '793']",,"0.434490, 0.248249, -0.185823",0.3356648558521329,0.6461095548193215,3.696107421080716,Lysine CD,Lysine CD,64
786,C,-4.587104,27.459451,3.829152,188,"['785', '787', '794', '795']",,"-0.112921, 0.259581, 0.368460",0.8068434831691431,-0.6488530935436007,4.38981297456183,Lysine CE,Lysine CE,64
787,N,-5.30463,27.60559,5.089831,190,"['786', '796', '797', '798']",,"-0.155420, 0.175693, 0.257489",1.6469863457303673,-0.5343726202824528,5.575800285104121,Lysine NZ,Lysine NZ,64
788,H,-0.974017,28.749438,1.072417,183,['783'],,"0.082907, 0.007622, 0.058801",-1.396247328510663,1.4712654137461316,0.7884881654807934,Lysine HB,Lysine HB,64
789,H,-0.899563,28.365814,2.725553,183,['783'],,"0.098576, -0.032823, 0.098142",0.203352539066407,1.7371330145785406,1.2946147192823498,Lysine HB,Lysine HB,64
790,H,-3.61035,28.039608,1.277289,185,['784'],,"-0.033728, 0.089028, -0.049210",-1.426876095955969,-0.46642659835604,2.722523945142901,Lysine HG,Lysine HG,64
791,H,-2.988373,29.535659,1.74686,185,['784'],,"-0.039122, 0.083564, 0.064645",-1.639698599307544,1.1800276932190703,3.021548618024696,Lysine HG,Lysine HG,64
792,H,-3.697769,29.453101,3.85418,187,['785'],,"0.098803, 0.125403, -0.023557",0.0292916783292382,1.38923448017101,4.478106225545643,Lysine HD,Lysine HD,64
793,H,-2.557352,28.146723,4.205126,187,['785'],,"0.141131, 0.109073, 0.039560",1.2109680358883492,1.1199419429301898,3.189129878570559,Lysine HD,Lysine HD,64
794,H,-4.240305,26.403998,3.76821,189,['786'],,"-0.069139, 0.093141, 0.032311",1.3501886495630395,-1.2919060693202256,3.662335545719384,Lysine HE,Lysine HE,64
795,H,-5.341905,27.618266,3.026857,189,['786'],,"-0.037027, 0.022366, 0.093578",-0.1070606296254714,-1.1953975231059664,4.713375147849184,Lysine HE,Lysine HE,64
796,HN,-6.236011,27.20975,5.010472,191,['787'],,"0.017306, 0.188330, -0.010540",1.5799095318780425,-1.3787954657306538,6.135182518260112,Lysine HN,Lysine HN,64
797,HN,-5.500949,28.569601,5.346523,191,['787'],,"-0.227451, 0.285724, 0.228655",1.3455914991497622,0.1827584271442264,6.230501245862058,Lysine HN,Lysine HN,64
798,HN,-4.893074,27.165655,5.917702,191,['787'],,"-0.092532, -0.031354, 0.233177",2.6492715186582654,-0.3861909738851639,5.428293777444692,Lysine HN,Lysine HN,64
799,N,-0.882116,24.57716,3.062688,7,"['779', '800', '803']",,"-0.029373, -0.029269, -0.072461",-0.6999293341184234,-0.2899531146223188,-1.2701980569798386,Alanine N,Lysine N,65
800,CA,-0.360253,24.006424,4.323361,8,"['799', '801', '804', '805']",,"0.164056, 0.632746, 0.003764",0.0,0.0,0.0,Alanine CA,Lysine CA,65
801,C,0.183588,22.566841,4.300985,9,"['800', '802', '821']",,"0.030662, 0.065651, 0.005378",1.5390461112474825,2.8175703957467046e-17,3.469446951953614e-18,Alanine C,Lysine C,65
802,O,1.402184,22.425195,4.295767,11,['801'],,"-0.043641, 0.014452, -0.058983",2.1022198800434366,1.0899093238412825,0.0,Alanine O,Lysine O,65
803,HN,-1.56004,23.985884,2.509821,10,['799'],,"-0.026820, -0.054401, -0.114430",-0.378380187410354,-1.1345800565795223,-1.8161482862245344,Alanine HN,Lysine HN,65
804,H,0.642493,24.503793,4.474078,12,['800'],,"0.492495, 0.195913, 0.030656",-0.1130843397485554,1.1142134498528613,0.1460527200589594,Alanine HA,Lysine HA,65
805,C,-1.204107,24.577743,5.499952,182,"['800', '806', '810', '811']",,"0.053490, 0.045099, 0.056993",-0.8496892418298186,-0.5843228471748242,1.1659572706348114,Lysine CB,Lysine CB,65
806,C,-1.706626,23.718888,6.652988,184,"['805', '807', '812', '813']",,"0.126457, 0.024386, 0.049051",-0.2406741632040936,-1.354765037691854,2.330074420564244,Lysine CG,Lysine CG,65
807,C,-3.206988,23.989307,6.882975,186,"['806', '808', '814', '815']",,"0.265911, 0.047481, -0.235988",-1.027132181573607,-2.662145767645631,2.552214014202628,Lysine CD,Lysine CD,65
808,C,-3.88923,22.999978,7.835213,188,"['807', '809', '816', '817']",,"-0.256041, 0.220659, 0.448973",-0.3566631467240908,-3.647367385912619,3.516990082342971,Lysine CE,Lysine CE,65
809,N,-4.435267,23.7138,8.962229,190,"['808', '818', '819', '820']",,"-0.242686, -0.069162, 0.392420",-1.2336878339603474,-3.902867545442053,4.632073345497602,Lysine NZ,Lysine NZ,65
810,H,-2.097014,25.062394,5.039295,183,['805'],,"0.076557, -0.024961, -0.032516",-1.6118412700996068,-1.2496204273260128,0.6959808991561798,Lysine HB,Lysine HB,65
811,H,-0.677786,25.45559,5.934138,183,['805'],,"-0.013686, -0.039603, -0.095562",-1.491134626449131,0.2194217966928117,1.588673486376138,Lysine HB,Lysine HB,65
812,H,-1.130022,23.880771,7.593781,185,['806'],,"0.008882, 0.048355, 0.072440",-0.2020231464656907,-0.7555950538751669,3.269899498305947,Lysine HG,Lysine HG,65
813,H,-1.516421,22.660919,6.434965,185,['806'],,"0.017910, -0.008486, 0.073194",0.8193031403074277,-1.5512709625461532,2.1279756500271607,Lysine HG,Lysine HG,65
814,H,-3.791035,23.989393,5.929769,187,['807'],,"-0.015637, -0.002866, 0.043988",-1.219734319380077,-3.211078789637557,1.5975991505428442,Lysine HD,Lysine HD,65
815,H,-3.289784,25.037012,7.256219,187,['807'],,"-0.004973, 0.120808, 0.001128",-2.0418112498499994,-2.368364492490479,2.909944330148825,Lysine HD,Lysine HD,65
816,H,-3.24588,22.175791,8.199317,189,['808'],,"-0.095720, 0.007798, 0.051775",0.6363015858454171,-3.3357681220303506,3.894722917699116,Lysine HE,Lysine HE,65
817,H,-4.744729,22.49255,7.319744,189,['808'],,"-0.022153, -0.054025, 0.146269",-0.176835249959735,-4.628382160849196,3.0067529384114025,Lysine HE,Lysine HE,65
818,HN,-5.2439,23.175078,9.242092,191,['809'],,"-0.468242, -0.253160, 0.133925",-1.0195909094582496,-4.84893085299811,4.917658264141492,Lysine HN,Lysine HN,65
819,HN,-4.780325,24.634573,8.715636,191,['809'],,"0.002256, -0.084409, 0.025006",-2.2132998608196024,-3.900969765115816,4.371204175597176,Lysine HN,Lysine HN,65
820,HN,-3.878926,23.795233,9.806187,191,['809'],,"-0.206671, -0.031974, 0.232497",-1.1255383263415768,-3.351345041022735,5.476193217704659,Lysine HN,Lysine HN,65
821,N,-0.571288,21.436242,4.336556,1,"['801', '822', '825']",,"-0.069825, 0.079693, -0.157442",-0.7358831758856923,-1.216980672112516,0.15578443595223,Glycine N,Glycine N,66
822,CA,-1.952896,21.159514,4.584378,2,"['821', '823', '826', '827']",,"0.118675, 0.156853, -0.440964",0.0,0.0,0.0,Glycine CA,Glycine CA,66
823,C,-2.408335,20.511299,5.911841,3,"['822', '824', '828']",,"0.030414, -0.027557, -0.037562",1.5458866016998145,0.0,-1.1102230246251563e-16,Glycine C,Glycine C,66
824,O,-3.594909,20.185366,5.975662,5,['823'],,"0.118942, -0.036991, 0.106916",2.08693971050114,1.1070342503565196,-1.1102230246251563e-16,Glycine O,Glycine O,66
825,HN,-0.05349,20.551594,4.219839,4,['821'],,"0.049264, -0.020708, -0.083900",-0.6177120235992755,-1.5760079852351214,1.115719161856164,Glycine HN,Glycine HN,66
826,H,-2.534719,22.105931,4.506106,6,['822'],,"-0.142442, 0.076331, 0.030020",-0.2926475938122201,0.4834990473618587,-0.9596539502539932,Glycine HA,Glycine HA,66
827,H,-2.341011,20.543269,3.74738,6,['822'],,"-0.125861, -0.100637, -0.125048",-0.3459903949784403,0.7182820936203236,0.7715687174977164,Glycine HA,Glycine HA,66
828,N,-1.617377,20.431068,7.034325,7,"['823', '829', '832']",,"0.096439, -0.041424, 0.187715",-0.5780758134183072,-1.254184177641161,-0.5171911193449938,Alanine N,Valine N,67
829,CA,-0.17442,20.345077,7.326073,8,"['828', '830', '833', '834']",,"-0.226841, 0.516268, 0.341633",0.0,0.0,0.0,Alanine CA,Valine CA,67
830,C,0.468595,19.069645,6.791645,9,"['829', '831', '844']",,"-0.274673, -0.112847, 0.199732",1.5250601181700991,2.688821387764051e-17,0.0,Alanine C,Valine C,67
831,O,1.723115,19.061924,6.587853,11,['830'],,"-0.513361, 0.310110, -0.016544",2.1318787794294454,1.1167731801276457,0.0,Alanine O,Valine O,67
832,HN,-2.154698,20.221988,7.892885,10,['828'],,"-0.044994, -0.090672, 0.163471",-0.9306367633303352,-1.821436992621596,0.2724154900086135,Alanine HN,Valine HN,67
833,H,0.340517,21.208336,6.847753,12,['829'],,"0.273675, 0.242908, -0.162194",-0.3372249596888588,0.8430053186046468,-0.6440400583947592,Alanine HA,Valine HA,67
834,C,0.121778,20.39204,8.871618,15,"['829', '835', '836', '837']",,"0.177634, 0.065945, 0.351577",-0.4559957151987091,0.2981453372616112,1.4771003321330538,Valine CB,Valine CB,67
835,C,1.46052,19.800237,9.415787,17,"['834', '838', '839', '840']",,"0.122641, 0.038753, 0.108011",0.412702183926496,1.2347800616462703,2.3752429639384545,Valine CG,Valine CG,67
836,C,-0.038818,21.805636,9.450998,17,"['834', '841', '842', '843']",,"-0.025949, -0.058465, 0.137120",-1.9089535879091728,0.7917313969889656,1.547896748733777,Valine CG,Valine CG,67
837,H,-0.692127,19.780578,9.294757,16,['834'],,"0.003823, -0.073190, 0.062014",-0.4360701082308576,-0.6999647495185957,1.9448106748074223,Valine HB,Valine HB,67
838,H,1.398753,19.635809,10.517356,18,['835'],,"0.034779, 0.035177, 0.097469",0.1381492747314121,1.114697030030081,3.449722724941137,Valine HG,Valine HG,67
839,H,2.342033,20.455347,9.232876,18,['835'],,"0.082770, -0.008754, -0.016066",0.3005955109632401,2.3147861234232416,2.128849547646322,Valine HG,Valine HG,67
840,H,1.71468,18.802057,8.997882,18,['835'],,"0.022673, 0.045123, 0.027980",1.5011048768588011,1.0120476189959031,2.3381613777574133,Valine HG,Valine HG,67
841,H,0.181336,21.784196,10.540655,18,['836'],,"-0.011966, -0.024716, 0.154821",-2.180048228625421,0.9876485678373998,2.608275922853428,Valine HG,Valine HG,67
842,H,-1.082406,22.166321,9.348942,18,['836'],,"0.018918, -0.011239, 0.051896",-2.614847297898596,0.0191132776075494,1.1813448125693462,Valine HG,Valine HG,67
843,H,0.650003,22.540035,8.98785,18,['836'],,"-0.076213, -0.100611, 0.059964",-2.0704124627268112,1.7326848156609391,0.9849935361135712,Valine HG,Valine HG,67
844,N,-0.300429,17.989775,6.590724,7,"['830', '845', '848']",,"-0.193022, -0.115659, 0.078577",-0.4550590816827685,1.0099722525339876,0.972102025961504,Alanine N,Glutamate N,68
845,CA,-0.629812,17.076225,7.699344,8,"['844', '846', '849', '850']",,"-0.435496, 0.391445, 0.195665",0.0,0.0,0.0,Alanine CA,Glutamate CA,68
846,C,-0.812082,15.671741,7.11648,9,"['845', '847', '859']",,"-0.039322, -0.118460, 0.219734",1.5315117047061704,0.0,0.0,Alanine C,Glutamate C,68
847,O,-1.460041,15.539781,6.073844,11,['846'],,"-0.060716, -0.113062, 0.129651",2.126449492170753,1.081851729593176,1.1102230246251563e-16,Alanine O,Glutamate O,68
848,HN,-0.366268,17.598154,5.637527,10,['844'],,"-0.086887, -0.142384, -0.095966",0.2746840315221159,1.614514461022494,1.3823336791245455,Alanine HN,Glutamate HN,68
849,H,0.262688,17.071111,8.380575,12,['845'],,"0.238745, -0.078669, 0.196951",-0.3607928478182987,-0.9920539025856404,0.3825122922008693,Alanine HA,Glutamate HA,68
850,C,-1.94184,17.446696,8.456016,153,"['845', '851', '855', '856']",,"-0.406964, 0.099910, 0.439492",-0.4715694400458786,0.2707154793817641,-1.4613535310276282,Glutamate CB,Glutamate CB,68
851,C,-1.862336,17.76099,9.97298,155,"['850', '852', '857', '858']",,"0.078977, -0.229420, -0.529068",-1.3465844916148808,-0.796021574627757,-2.1703684101936327,Glutamate CG,Glutamate CG,68
852,C,-3.105358,18.3747,10.56576,157,"['851', '853', '854']",,"0.318305, -0.174548, -0.140154",-1.987056500157702,-0.3454705991287774,-3.4587515867890284,Glutamate CD,Glutamate CD,68
853,O,-3.412401,18.012422,11.731649,158,['852'],,"-0.119150, 0.350603, -0.039721",-2.061999671392571,-1.1997963939902505,-4.380341989719517,Glutamate OE,Glutamate OE,68
854,O,-3.76752,19.195602,9.861761,158,['852'],,"0.161889, 0.025140, 0.202674",-2.3931361806334834,0.8527845886926291,-3.5438221328832693,Glutamate OE,Glutamate OE,68
855,H,-2.494236,18.244644,7.938878,154,['850'],,"-0.104243, -0.062187, -0.057143",-0.9407782971978192,1.2606566030027355,-1.5570284112116175,Glutamate HB,Glutamate HB,68
856,H,-2.634836,16.571336,8.361514,154,['850'],,"-0.188285, -0.158532, -0.081509",0.4496271166325281,0.3770350827427633,-2.090259135649664,Glutamate HB,Glutamate HB,68
857,H,-1.02057,18.407133,10.308772,156,['851'],,"0.093657, -0.013498, 0.113768",-2.167111855825328,-1.2513898709411029,-1.5718689517448057,Glutamate HG,Glutamate HG,68
858,H,-1.661163,16.831269,10.524811,156,['851'],,"0.093436, -0.010367, -0.057907",-0.7279355845523137,-1.675146065749876,-2.4022796544888765,Glutamate HG,Glutamate HG,68
859,N,-0.372099,14.601387,7.820968,7,"['846', '860', '863']",,"0.066548, 0.117078, 0.094890",-0.5920154303498509,-1.3139822547681268,0.2401691027924916,Alanine N,Lysine N,69
860,CA,0.966109,14.279878,8.311421,8,"['859', '861', '864', '865']",,"0.065555, 0.450553, 0.274655",0.0,0.0,0.0,Alanine CA,Lysine CA,69
861,C,1.34363,12.784417,8.170543,9,"['860', '862', '881']",,"0.010774, 0.062007, 0.084799",1.548797055409779,-2.775557561562892e-17,-2.775557561562892e-17,Alanine C,Lysine C,69
862,O,2.355633,12.359059,8.715843,11,['861'],,"-0.026393, -0.021386, 0.148210",2.156583535835352,1.0644374967018466,-1.1102230246251563e-16,Alanine O,Lysine O,69
863,HN,-1.029712,13.809961,7.861717,10,['859'],,"-0.145392, -0.033425, 0.087918",0.0081557535662142,-1.9447590286384504,0.7900651509584491,Alanine HN,Lysine HN,69
864,H,1.686879,14.75591,7.598917,12,['860'],,"0.281591, 0.113945, -0.231210",-0.2191412618486685,0.2551582866542878,-1.0680117808559135,Alanine HA,Lysine HA,69
865,C,1.30246,14.815444,9.74123,182,"['860', '866', '870', '871']",,"0.194929, -0.052096, 0.333920",-0.5651916300456772,1.1609621246390562,0.8814999027327679,Lysine CB,Lysine CB,69
866,C,0.502233,14.391687,11.010941,184,"['865', '867', '872', '873']",,"0.111971, -0.135309, 0.048790",-0.4665762414648982,1.1636420506023244,2.437895447968906,Lysine CG,Lysine CG,69
867,C,-1.038947,14.269846,10.929861,186,"['866', '868', '874', '875']",,"0.151784, -0.225291, -0.245000",-0.7172204181716338,-0.15135063407789,3.2154729193513565,Lysine CD,Lysine CD,69
868,C,-1.881535,14.41739,12.237481,188,"['867', '869', '876', '877']",,"-0.060485, 0.437165, 0.123903",-1.18400581782538,-0.0749812493977448,4.704725396882842,Lysine CE,Lysine CE,69
869,N,-2.093747,15.730755,12.850164,190,"['868', '878', '879', '880']",,"-0.018842, 0.316225, 0.063050",-2.559598682590553,0.2977539244358449,5.042593381830202,Lysine NZ,Lysine NZ,69
870,H,1.36301,15.926593,9.710192,183,['865'],,"0.023681, -0.105966, 0.038386",-1.620493563288675,1.3611748119601967,0.5890371364286779,Lysine HB,Lysine HB,69
871,H,2.364582,14.495906,9.94016,183,['865'],,"0.100699, -0.161127, 0.072435",-0.0158587700249077,2.086698150896194,0.5482927002010015,Lysine HB,Lysine HB,69
872,H,0.795407,15.081938,11.838999,185,['866'],,"0.043687, -0.039441, -0.004095",-1.1369153671460923,1.9735085487521844,2.815836184588356,Lysine HG,Lysine HG,69
873,H,0.903871,13.39486,11.331843,185,['866'],,"0.108778, -0.133529, 0.048835",0.564633524921462,1.5194165392509806,2.698637035586174,Lysine HG,Lysine HG,69
874,H,-1.232288,13.243727,10.541544,187,['867'],,"-0.047463, -0.073443, 0.000612",0.2617561205736802,-0.6830415160487171,3.216355838559392,Lysine HD,Lysine HD,69
875,H,-1.462298,14.929069,10.146356,187,['867'],,"-0.044904, -0.009264, -0.064498",-1.385666654344318,-0.8369812628477309,2.658004186421656,Lysine HD,Lysine HD,69
876,H,-1.442033,13.752731,13.017145,189,['868'],,"-0.054735, 0.031695, 0.018135",-0.5060245815612284,0.6207649240874136,5.25161501329139,Lysine HE,Lysine HE,69
877,H,-2.895163,14.001042,12.035286,189,['868'],,"-0.015260, 0.011983, 0.069289",-1.0106769969108975,-1.0748534590086063,5.16503277440496,Lysine HE,Lysine HE,69
878,HN,-2.587248,15.659125,13.736471,191,['869'],,"-0.000162, 0.127298, -0.029908",-2.6913449797727944,0.3864587349137345,6.047077608648549,Lysine HN,Lysine HN,69
879,HN,-2.664449,16.394285,12.317814,191,['869'],,"-0.156518, 0.307115, -0.002603",-3.290965532634248,-0.3650989939780529,4.768553429612759,Lysine HN,Lysine HN,69
880,HN,-1.227188,16.201408,13.104485,191,['869'],,"0.124290, 0.167609, 0.207788",-2.8259519909152866,1.2159210061552073,4.691675951196698,Lysine HN,Lysine HN,69
881,N,0.583737,11.975154,7.390195,7,"['861', '882', '885']",,"-0.152337, 0.032749, 0.078783",-0.6569425729382407,-1.295498340204046,0.1377874460821714,Alanine N,Tyrosine N,70
882,CA,0.758037,10.528312,7.318483,8,"['881', '883', '886', '887']",,"-0.377537, -0.015843, 0.408620",0.0,0.0,0.0,Alanine CA,Tyrosine CA,70
883,C,1.659792,9.998575,6.205216,9,"['882', '884', '902']",,"-0.092870, 0.242038, 0.163440",1.527464167331921,5.551115123125783e-17,0.0,Alanine C,Tyrosine C,70
884,O,1.754669,8.779768,6.025621,11,['883'],,"-0.173524, 0.277248, -0.102464",2.137062860167679,1.0747725089971063,2.220446049250313e-16,Alanine O,Tyrosine O,70
885,HN,-0.103833,12.353999,6.724248,10,['881'],,"-0.059580, 0.069652, -0.103982",-0.7088790320465224,-1.6450721938446262,1.1046701539636228,Alanine HN,Tyrosine HN,70
886,H,1.306852,10.206403,8.238955,12,['882'],,"0.263615, -0.063679, 0.330268",-0.2352312620161932,0.3931058533600008,-1.0208947314558814,Alanine HA,Tyrosine HA,70
887,C,-0.624217,9.809955,7.316319,70,"['882', '888', '895', '896']",,"-0.182239, -0.217219, 0.090388",-0.5653193589354821,1.0136107911611565,1.0390739960731523,Tyrosine CB,Tyrosine CB,70
888,C,-1.410144,10.26909,8.528187,72,"['887', '889', '890']",,"0.003018, 0.029978, 0.013813",-2.0717815734667475,1.075510974543033,0.8846388625547421,Tyrosine CG,Tyrosine CG,70
889,C,-1.069251,9.807833,9.810519,73,"['888', '891', '897']",,"0.019236, 0.074650, 0.050654",-2.6451704952833848,1.7396169888585225,-0.2124161779103863,Tyrosine CD,Tyrosine CD,70
890,C,-2.40261,11.256142,8.41804,73,"['888', '892', '898']",,"-0.108211, -0.021169, 0.117354",-2.9197334603953946,0.367923215314508,1.7516394011434455,Tyrosine CD,Tyrosine CD,70
891,C,-1.724434,10.294206,10.944202,75,"['889', '893', '899']",,"0.067557, 0.039056, 0.063294",-4.026909090247344,1.7244934427869714,-0.4164513137283414,Tyrosine CE,Tyrosine CE,70
892,C,-3.103257,11.691537,9.542869,75,"['890', '893', '900']",,"-0.239939, 0.107196, -0.006975",-4.304179543105676,0.4096111990577675,1.586453263848032,Tyrosine CE,Tyrosine CE,70
893,C,-2.775461,11.204891,10.813579,77,"['891', '892', '894']",,"-0.176639, 0.032903, -0.018852",-4.868024806325424,1.0978815252821097,0.5060177367499579,Tyrosine CZ,Tyrosine CZ,70
894,OH,-3.469497,11.593182,11.920644,78,"['893', '901']",,"-0.162218, 0.022386, -0.189494",-6.219284965578304,1.177715392411497,0.3454832548557309,Tyrosine OH,Tyrosine OH,70
895,H,-0.487085,8.703839,7.349329,71,['887'],,"0.077736, -0.025037, -0.048543",-0.1248107637929126,2.0246998286526234,0.874639854697043,Tyrosine HB,Tyrosine HB,70
896,H,-1.189491,10.013332,6.378075,71,['887'],,"0.011998, -0.023251, 0.014769",-0.2857441554301005,0.7312872692780816,2.0799053163731624,Tyrosine HB,Tyrosine HB,70
897,H,-0.267736,9.064644,9.941064,74,['889'],,"-0.001952, -0.010928, 0.019456",-2.009389014858012,2.270736365962024,-0.9373246537777272,Tyrosine HD,Tyrosine HD,70
898,H,-2.657555,11.697136,7.441113,74,['890'],,"-0.060504, 0.014870, 0.032540",-2.5111662175080607,-0.22316544599711,2.586831610696601,Tyrosine HD,Tyrosine HD,70
899,H,-1.449226,9.912881,11.93844,76,['891'],,"-0.030856, -0.027907, 0.053195",-4.456824382550433,2.258921063972632,-1.2762288190695683,Tyrosine HE,Tyrosine HE,70
900,H,-3.895428,12.448329,9.424308,76,['892'],,"-0.117174, 0.180013, -0.049500",-4.947896663317724,-0.1336108431802957,2.296990959680289,Tyrosine HE,Tyrosine HE,70
901,HO,-4.383748,11.644137,11.650646,79,['894'],,"-0.347246, -0.073550, -0.136428",-6.579910967585395,1.28888471096394,1.222375775247464,Tyrosine HH,Tyrosine HH,70
902,N,2.401329,10.867739,5.483192,1,"['883', '903', '906']",,"-0.089414, 0.254406, -0.035952",-0.5430597570282819,-0.8030383993998189,-1.0741088878785798,Glycine N,Glycine N,71
903,CA,3.438714,10.429619,4.574689,2,"['902', '904', '907', '908']",,"-0.553427, -0.031795, -0.159417",0.0,0.0,0.0,Glycine CA,Glycine CA,71
904,C,4.66778,9.91018,5.316145,3,"['903', '905', '909']",,"-0.170996, 0.276391, -0.110230",1.5264917644759826,0.0,0.0,Glycine C,Glycine C,71
905,O,5.110439,8.791013,5.050161,5,['904'],,"-0.038713, 0.275826, 0.005681",2.13454003745283,1.0721504326146942,-5.551115123125783e-17,Glycine O,Glycine O,71
906,HN,2.278581,11.886558,5.554201,4,['902'],,"-0.079757, 0.109047, 0.014026",-0.9540869773555308,-1.701724766335058,-0.7885901627819621,Glycine HN,Glycine HN,71
907,H,3.05891,9.59551,3.941288,6,['903'],,"-0.006159, -0.200896, -0.055051",-0.3296279886853699,1.0579558937729852,-0.1151540055935622,Glycine HA,Glycine HA,71
908,H,3.731194,11.238968,3.870717,6,['903'],,"0.061361, 0.090669, -0.167065",-0.3818523547443423,-0.3328803718431374,0.9897203484837396,Glycine HA,Glycine HA,71
909,N,5.160991,10.67514,6.337715,50,"['904', '910', '916']",,"0.029865, 0.174228, 0.094569",-0.5830014069503829,-0.751793108458767,-1.1042364186290807,Proline N,Proline N,72
910,CA,6.170538,10.163259,7.255982,51,"['909', '911', '913', '914']",,"0.461107, 0.272454, -0.071570",0.0,0.0,0.0,Proline CA,Proline CA,72
911,C,5.710938,8.950134,8.051015,52,"['910', '912', '923']",,"-0.106976, 0.342689, 0.098048",1.521506456349758,-1.1102230246251563e-16,-1.1102230246251563e-16,Proline C,Proline C,72
912,O,6.379758,7.919274,7.999721,53,['911'],,"-0.161379, 0.526074, 0.001716",2.1145975595994457,1.0774351719161896,-1.1102230246251563e-16,Proline O,Proline O,72
913,H,7.070847,9.845727,6.670318,54,['910'],,"0.356062, -0.139924, -0.245757",-0.3248084907885502,1.0693522991397852,-0.0732822764187925,Proline HA,Proline HA,72
914,C,6.515082,11.376428,8.141605,55,"['910', '915', '917', '918']",,"0.404869, 0.486319, 0.358093",-0.6085932472396562,-0.6540025807150235,1.255672159625426,Proline CB,Proline CB,72
915,C,6.459745,12.492288,7.095144,57,"['914', '916', '919', '920']",,"0.230560, 0.229451, 0.300466",-2.028380719384576,-0.9246132408932533,0.7514303999225642,Proline CG,Proline CG,72
916,C,5.184502,12.135561,6.323736,59,"['909', '915', '921', '922']",,"0.226532, 0.263410, 0.158500",-1.7618282466569992,-1.4849195516091704,-0.6498460829660672,Proline CD,Proline CD,72
917,H,7.517313,11.285184,8.621677,56,['914'],,"0.056596, 0.010283, -0.001720",-0.5877335971582862,0.0210964509215824,2.142840544185426,Proline HB,Proline HB,72
918,H,5.766961,11.547775,8.956371,56,['914'],,"-0.112435, -0.022095, 0.122371",-0.0934873558172418,-1.6046773043333908,1.5451060040546156,Proline HB,Proline HB,72
919,H,7.370314,12.450986,6.449987,58,['915'],,"0.112215, -0.017270, -0.023593",-2.607618569577705,0.029705741699791,0.722653569307998,Proline HG,Proline HG,72
920,H,6.441198,13.501332,7.563101,58,['915'],,"0.055680, 0.066699, 0.038625",-2.5827858881557386,-1.6186487940618748,1.421092328638646,Proline HG,Proline HG,72
921,H,5.22541,12.56254,5.294579,60,['916'],,"-0.010587, -0.016751, -0.014985",-2.6523890377079704,-1.328828695994875,-1.3022920836360592,Proline HD,Proline HD,72
922,H,4.285709,12.547714,6.837704,60,['916'],,"-0.062787, -0.023964, 0.086110",-1.5503840728407263,-2.5780450959161896,-0.6026235986536543,Proline HD,Proline HD,72
923,N,4.553536,9.033156,8.75846,7,"['911', '924', '927']",,"-0.064465, 0.456910, 0.152973",-0.5660970014997349,-0.877511814681635,-1.01658321077035,Alanine N,Glutamate N,73
924,CA,3.984644,7.927768,9.518995,8,"['923', '925', '928', '929']",,"0.046625, 0.564408, 0.453166",0.0,0.0,0.0,Alanine CA,Glutamate CA,73
925,C,3.902848,6.632015,8.712278,9,"['924', '926', '938']",,"-0.039775, 0.346487, -0.048395",1.5285479190113742,0.0,-5.551115123125783e-17,Alanine C,Glutamate C,73
926,O,4.330878,5.582858,9.197517,11,['925'],,"-0.187562, 0.366922, -0.067321",2.138922396889328,1.0709061468799288,8.326672684688674e-17,Alanine O,Glutamate O,73
927,HN,4.19196,9.959754,9.025807,10,['923'],,"-0.078598, 0.313831, 0.306501",-1.4733240634383036,-1.2915879867882605,-0.759143008842138,Alanine HN,Glutamate HN,73
928,H,4.711853,7.692921,10.335572,12,['924'],,"0.270471, -0.107716, 0.253851",-0.2707966332842983,1.045078512309161,-0.2920002166618383,Alanine HA,Glutamate HA,73
929,C,2.592969,8.187786,10.180245,153,"['924', '930', '934', '935']",,"-0.027149, 0.295667, 0.471513",-0.4949319953235755,-0.2292639824793219,1.464274760689312,Glutamate CB,Glutamate CB,73
930,C,2.539929,8.987427,11.495484,155,"['929', '931', '936', '937']",,"-0.198088, -0.578937, -0.219847",-1.8640905275268635,0.3424509332427676,1.877360183377919,Glutamate CG,Glutamate CG,73
931,C,2.980163,10.429642,11.506307,157,"['930', '932', '933']",,"-0.062092, -0.398624, 0.014573",-3.115928868641874,-0.1761142928606416,1.2156214945431667,Glutamate CD,Glutamate CD,73
932,O,3.949233,10.781321,10.777203,158,['931'],,"-0.241985, 0.153880, 0.246379",-3.081107963193633,-0.4835352011263963,-0.0085710215513495,Glutamate OE,Glutamate OE,73
933,O,2.358338,11.259462,12.254801,158,['931'],,"-0.372783, -0.597055, 0.006894",-4.181123993182739,-0.2913483110832144,1.9138988740705656,Glutamate OE,Glutamate OE,73
934,H,2.131192,7.192903,10.399534,154,['929'],,"0.009330, -0.048987, -0.055390",0.2574094686730409,0.2314034649496089,2.1519415923525376,Glutamate HB,Glutamate HB,73
935,H,1.917907,8.663193,9.43701,154,['929'],,"0.073518, -0.064315, -0.004153",-0.4695565171370067,-1.316061855069667,1.69306561268716,Glutamate HB,Glutamate HB,73
936,H,3.16536,8.460426,12.255411,156,['930'],,"0.036772, -0.091948, 0.124311",-1.8518832929443405,1.4461006374197631,1.7094573871389076,Glutamate HG,Glutamate HG,73
937,H,1.500306,8.944949,11.892015,156,['930'],,"-0.027565, -0.048758, 0.042650",-1.981725243225732,0.2152593880669115,2.977288172417304,Glutamate HG,Glutamate HG,73
938,N,3.322081,6.687996,7.483703,7,"['925', '939', '942']",,"-0.174052, 0.239120, -0.021675",-0.555351932793669,-1.019897368283008,-0.8743707521124726,Alanine N,Alanine N,74
939,CA,3.203454,5.535591,6.605625,8,"['938', '940', '943', '944']",,"-0.689606, 0.177313, 0.030818",0.0,0.0,0.0,Alanine CA,Alanine CA,74
940,C,4.562645,4.991959,6.169389,9,"['939', '941', '948']",,"-0.086803, 0.331057, 0.061815",1.5274939520669144,2.0816681711721685e-17,0.0,Alanine C,Alanine C,74
941,O,4.744336,3.77494,6.113328,11,['940'],,"-0.113977, 0.382342, -0.031527",2.1383108198669434,1.0696693206659529,0.0,Alanine O,Alanine O,74
942,HN,2.904362,7.562586,7.137946,10,['938'],,"-0.159020, 0.235127, -0.143159",-1.139565941856998,-1.7341902445574753,-0.4189320486323002,Alanine HN,Alanine HN,74
943,H,2.72587,4.710471,7.188058,12,['939'],,"-0.069318, -0.290862, 0.153741",-0.2976407731610336,0.9970990197706902,-0.4066216987193758,Alanine HA,Alanine HA,74
944,C,2.352073,5.804989,5.342136,13,"['939', '945', '946', '947']",,"-0.283575, 0.085625, -0.141526",-0.4926130004539862,-0.1036039464608806,1.4630201627959374,Alanine CB,Alanine CB,74
945,H,2.264064,4.881614,4.728002,14,['944'],,"-0.013930, 0.003518, 0.061568",-0.0669075395419454,0.7211138881042127,2.0763250613267825,Alanine HB,Alanine HB,74
946,H,2.798387,6.601965,4.705565,14,['944'],,"-0.003882, 0.059725, 0.062537",-0.1973191950103359,-1.0698159412270667,1.9308080622221144,Alanine HB,Alanine HB,74
947,H,1.316809,6.130355,5.59123,14,['944'],,"-0.100768, 0.069375, -0.001711",-1.6007448189987254,-0.0299116465340468,1.5423657496185392,Alanine HB,Alanine HB,74
948,N,5.533449,5.886457,5.852493,7,"['940', '949', '952']",,"-0.062181, 0.326627, -0.017280",-0.5458202866479527,-0.9544680041401964,-0.9502729635668774,Alanine N,Alanine N,75
949,CA,6.890718,5.51197,5.492593,8,"['948', '950', '953', '954']",,"-0.121561, 0.373253, -0.486380",0.0,0.0,0.0,Alanine CA,Alanine CA,75
950,C,7.589816,4.746249,6.61189,9,"['949', '951', '958']",,"-0.165760, 0.260575, 0.126273",1.525743241064498,0.0,5.551115123125783e-17,Alanine C,Alanine C,75
951,O,8.236378,3.734311,6.344978,11,['950'],,"-0.105572, 0.416968, 0.016358",2.1340491162145403,1.0692366032314555,3.05311331771918e-16,Alanine O,Alanine O,75
952,HN,5.344331,6.897887,5.881601,10,['948'],,"-0.034888, 0.316454, 0.001215",-1.1187244857241645,-1.7073876530960814,-0.5446915051827563,Alanine HN,Alanine HN,75
953,H,6.839025,4.7856,4.650834,12,['949'],,"0.051010, -0.275852, -0.173467",-0.2766651833715415,1.0237129060006829,-0.3381006057782644,Alanine HA,Alanine HA,75
954,C,7.754725,6.724485,5.069165,13,"['949', '955', '956', '957']",,"0.175674, 0.234359, 0.002401",-0.5232625655860601,-0.2216854550167363,1.4398068755733584,Alanine CB,Alanine CB,75
955,H,8.796832,6.412578,4.831282,14,['954'],,"0.009739, 0.001490, 0.048594",-0.0637442716083368,0.501618890245202,2.150816762573534,Alanine HB,Alanine HB,75
956,H,7.820671,7.47336,5.892439,14,['954'],,"-0.029956, 0.042009, 0.115370",-0.2649219020967058,-1.243039140511859,1.8045526367967213,Alanine HB,Alanine HB,75
957,H,7.340893,7.247462,4.179182,14,['954'],,"-0.026422, 0.006939, 0.095404",-1.6282446173025389,-0.1160719068654705,1.5083054220786725,Alanine HB,Alanine HB,75
958,N,7.432377,5.21977,7.868813,7,"['950', '959', '962']",,"-0.070127, 0.339257, 0.076626",-0.550377183047698,-0.9963454852395114,-0.8951696239257246,Alanine N,Alanine N,76
959,CA,7.965575,4.626094,9.077199,8,"['958', '960', '963', '964']",,"0.319608, 0.696928, 0.059752",0.0,0.0,0.0,Alanine CA,Alanine CA,76
960,C,7.341109,3.265628,9.379959,9,"['959', '961', '968']",,"-0.127642, 0.332345, -0.074929",1.527248879492796,1.1102230246251563e-16,-5.551115123125783e-17,Alanine C,Alanine C,76
961,O,8.046619,2.336057,9.771055,11,['960'],,"-0.241451, 0.399521, 0.016370",2.1443656900148667,1.0648800531177522,1.1102230246251563e-16,Alanine O,Alanine O,76
962,HN,6.899285,6.084723,8.0145,10,['958'],,"-0.164831, 0.368777, 0.027787",-1.0740201425184528,-1.74761365275547,-0.4315429787510492,Alanine HN,Alanine HN,76
963,H,9.056878,4.442444,8.928272,12,['959'],,"0.327073, -0.099986, -0.012783",-0.3121437397788891,1.009527115901291,-0.3609294939664376,Alanine HA,Alanine HA,76
964,C,7.76573,5.572091,10.285362,13,"['959', '965', '966', '967']",,"0.078235, 0.258383, 0.268699",-0.5214716001078317,-0.2122750025139387,1.4413579972344426,Alanine CB,Alanine CB,76
965,H,8.147517,5.118441,11.224995,14,['964'],,"-0.030455, 0.023173, -0.038649",-0.0871968095718807,0.5301023782509344,2.1447434117773128,Alanine HB,Alanine HB,76
966,H,6.693074,5.822791,10.444903,14,['964'],,"-0.019584, 0.012207, -0.028879",-0.2745760130695049,-1.2262676595908428,1.8283414277739405,Alanine HB,Alanine HB,76
967,H,8.307717,6.532696,10.140008,14,['964'],,"0.051602, 0.061369, -0.030741",-1.6275979791123012,-0.1041045915466961,1.4905845690390889,Alanine HB,Alanine HB,76
968,N,6.007945,3.134267,9.179854,7,"['960', '969', '972']",,"-0.173328, 0.313198, -0.000063",-0.5293134517476126,-0.850219882861371,-1.0522835972622706,Alanine N,Phenylalanine N,77
969,CA,5.248947,1.913366,9.388828,8,"['968', '970', '973', '974']",,"-0.129761, 0.562741, 0.458419",0.0,0.0,0.0,Alanine CA,Phenylalanine CA,77
970,C,5.694566,0.809784,8.43037,9,"['969', '971', '988']",,"-0.080423, 0.304560, -0.025203",1.5281070844836109,0.0,8.326672684688674e-17,Alanine C,Phenylalanine C,77
971,O,5.985958,-0.308669,8.856958,11,['970'],,"-0.218203, 0.366807, -0.066484",2.15325157775243,1.061611084697533,1.6653345369377348e-16,Alanine O,Phenylalanine O,77
972,HN,5.455566,3.955255,8.902435,10,['968'],,"-0.183568, 0.285395, -0.038372",-1.1093014026669683,-1.6367250991877356,-0.7342762407030451,Alanine HN,Phenylalanine HN,77
973,H,5.477319,1.533757,10.415363,12,['969'],,"0.123506, -0.194684, 0.347240",-0.303116271122142,1.053605783809112,-0.2192401605431655,Alanine HA,Phenylalanine HA,77
974,C,3.728083,2.191908,9.267332,61,"['969', '975', '981', '982']",,"-0.212206, 0.027864, 0.071195",-0.5684621371842848,-0.4249781352819648,1.3789918830058938,Phenylalanine CB,Phenylalanine CB,77
975,C,2.840379,0.988677,9.500294,63,"['974', '976', '977']",,"0.076335, 0.039313, -0.017412",-0.1044881007641926,0.4194134412233561,2.5459475306103374,Phenylalanine CG,Phenylalanine CG,77
976,C,2.30347,0.726851,10.774217,64,"['975', '978', '983']",,"0.088472, 0.033894, 0.006109",-0.8709998809702368,1.511159738621623,2.99344462714677,Phenylalanine CD,Phenylalanine CD,77
977,C,2.509062,0.128635,8.437526,64,"['975', '979', '984']",,"0.061698, -0.021602, -0.040340",1.0865961042933767,0.1061251001092763,3.2257179697008933,Phenylalanine CD,Phenylalanine CD,77
978,C,1.450032,-0.362336,10.977784,66,"['976', '980', '985']",,"0.065183, 0.001157, -0.095987",-0.4609575702000188,2.26475304633818,4.098019972809091,Phenylalanine CE,Phenylalanine CE,77
979,C,1.668444,-0.96825,8.645039,66,"['977', '980', '986']",,"0.054713, -0.011869, -0.008470",1.5034613233884535,0.8689152874132574,4.319898708692206,Phenylalanine CE,Phenylalanine CE,77
980,C,1.133301,-1.210157,9.913846,68,"['978', '979', '987']",,"-0.000615, -0.037649, -0.048545",0.7262881073828985,1.9443831626928232,4.760510637618596,Phenylalanine CZ,Phenylalanine CZ,77
981,H,3.487563,2.612374,8.262233,62,['974'],,"0.034532, -0.000347, -0.036839",-0.3118399473967692,-1.4889705899840315,1.5956266803093968,Phenylalanine HB,Phenylalanine HB,77
982,H,3.445309,2.985902,9.997832,62,['974'],,"0.035815, 0.032630, 0.015293",-1.682520530015628,-0.389534881805437,1.3385501934140371,Phenylalanine HB,Phenylalanine HB,77
983,H,2.549185,1.383392,11.625689,65,['976'],,"0.098110, 0.028359, 0.032676",-1.807551855622344,1.7805589427927886,2.476994261422066,Phenylalanine HD,Phenylalanine HD,77
984,H,2.918376,0.301073,7.42841,65,['977'],,"0.042698, 0.033142, -0.056971",1.7143622702372847,-0.7383595931621239,2.8965627485325305,Phenylalanine HD,Phenylalanine HD,77
985,H,1.021992,-0.557219,11.973974,67,['978'],,"-0.009862, -0.018377, -0.069867",-1.069867554534288,3.111446793792851,4.452886807534749,Phenylalanine HE,Phenylalanine HE,77
986,H,1.434482,-1.638655,7.804258,67,['979'],,"0.020624, -0.013032, 0.004271",2.4467474769351494,0.6176788363456476,4.828018034847029,Phenylalanine HE,Phenylalanine HE,77
987,H,0.470364,-2.070602,10.087364,69,['980'],,"0.005478, -0.010050, 0.029434",1.0455357443427489,2.550666910958176,5.621010796365164,Phenylalanine HZ,Phenylalanine HZ,77
988,N,5.758462,1.128502,7.113225,7,"['970', '989', '992']",,"-0.218413, 0.323249, -0.121101",-0.5407038797617759,-0.9533990825382188,-0.9516972377467774,Alanine N,Threonine N,78
989,CA,6.214499,0.232974,6.065791,8,"['988', '990', '993', '994']",,"-0.547033, 0.015472, 0.236761",0.0,0.0,0.0,Alanine CA,Threonine CA,78
990,C,7.676105,-0.164382,6.253977,9,"['989', '991', '1002']",,"-0.102813, 0.307938, -0.015950",1.526302021412538,-1.3877787807814457e-17,0.0,Alanine C,Threonine C,78
991,O,8.009476,-1.341671,6.117342,11,['990'],,"-0.140217, 0.329155, -0.013258",2.1351901015972987,1.0700794560199336,-4.163336342344337e-17,Alanine O,Threonine O,78
992,HN,5.452185,2.05602,6.791149,10,['988'],,"-0.126711, 0.316963, -0.127347",-1.1151782138745834,-1.7012530622530926,-0.5411831024246518,Alanine HN,Threonine HN,78
993,H,5.636365,-0.7196,6.144825,12,['989'],,"-0.132596, -0.324020, 0.001802",-0.2958916585316727,1.0261741493218426,-0.3275626081575393,Alanine HA,Threonine HA,78
994,C,5.964506,0.824733,4.646901,37,"['989', '995', '996', '997']",,"-0.019740, -0.117940, -0.585236",-0.5683970009416076,-0.2243306163551067,1.4326634880935318,Threonine CB,Threonine CB,78
995,OH,4.550531,0.887923,4.502973,39,"['994', '998']",,"0.068664, 0.112852, -0.055358",-1.9566337158069016,0.0739418502414137,1.3439735502232002,Threonine OG1,Threonine OG1,78
996,C,6.495161,-0.031317,3.481229,41,"['994', '999', '1000', '1001']",,"0.044416, -0.029303, -0.117050",0.0189061488690783,0.6974634964569558,2.518286888226594,Threonine CG2,Threonine CG2,78
997,H,6.387813,1.857893,4.592724,38,['994'],,"0.021315, 0.008902, 0.046588",-0.43868455190955,-1.2960150679757076,1.7228542286397426,Threonine HB,Threonine HB,78
998,HO,4.35969,1.398129,3.720565,40,['995'],,"-0.116948, 0.112597, -0.289575",-2.368679293318469,-0.212473151094386,2.154576793026961,Threonine HG1,Threonine HG1,78
999,H,6.168802,0.386184,2.501958,42,['996'],,"-0.011696, 0.052090, 0.011364",-0.523050738241944,0.5698802795387932,3.482545270921161,Threonine HG2,Threonine HG2,78
1000,H,6.140627,-1.081205,3.542234,42,['996'],,"-0.006658, 0.057588, 0.040011",-0.0397515986081501,1.7676745150404576,2.230383390352112,Threonine HG2,Threonine HG2,78
1001,H,7.607077,-0.053175,3.469068,42,['996'],,"-0.015240, 0.023693, 0.011568",1.0878819817701124,0.4612088041499697,2.714392069640731,Threonine HG2,Threonine HG2,78
1002,N,8.550591,0.817482,6.59049,7,"['990', '1003', '1006']",,"-0.097865, 0.360802, -0.044822",-0.51354057099048,-0.7886609291159915,-1.1093179646695857,Alanine N,Lysine N,79
1003,CA,9.960022,0.618723,6.890982,8,"['1002', '1004', '1007', '1008']",,"-0.060561, 0.412880, -0.464931",0.0,0.0,0.0,Alanine CA,Lysine CA,79
1004,C,10.132837,-0.396476,8.01817,9,"['1003', '1005', '1024']",,"-0.145568, 0.265401, 0.052890",1.5267766114170072,1.1102230246251563e-16,0.0,Alanine C,Lysine C,79
1005,O,10.847845,-1.384764,7.859034,11,['1004'],,"-0.128062, 0.397296, 0.024308",2.147363081093554,1.0621423215174133,-3.885780586188048e-16,Alanine O,Lysine O,79
1006,HN,8.233497,1.795737,6.612523,10,['1002'],,"-0.063727, 0.378448, -0.010898",-1.183636481879152,-1.5241331875614457,-0.8484177342798369,Alanine HN,Lysine HN,79
1007,H,10.438785,0.144631,6.00373,12,['1003'],,"0.175319, -0.207179, -0.196848",-0.2856113015893574,1.0632276205807387,-0.1707821927943699,Alanine HA,Lysine HA,79
1008,C,10.678994,1.969681,7.213784,182,"['1003', '1009', '1013', '1014']",,"0.190876, 0.230415, 0.039320",-0.5785938277284248,-0.4833314292005281,1.370339117814836,Lysine CB,Lysine CB,79
1009,C,12.155643,1.846388,7.656609,184,"['1008', '1010', '1015', '1016']",,"-0.007196, -0.193521, -0.018105",-0.0025429197139698,0.222511871484717,2.6200342806159416,Lysine CG,Lysine CG,79
1010,C,12.851931,3.194626,7.971216,186,"['1009', '1011', '1017', '1018']",,"-0.357207, 0.088308, -0.025274",-0.5879459294551791,-0.2683527217779197,3.968327837414327,Lysine CD,Lysine CD,79
1011,C,14.136254,3.09816,8.839382,188,"['1010', '1012', '1019', '1020']",,"0.373687, -0.473543, -0.288377",0.2625182140725934,0.0589992702798705,5.226125466172771,Lysine CE,Lysine CE,79
1012,N,15.193706,2.272061,8.281377,190,"['1011', '1021', '1022', '1023']",,"0.069060, -0.608439, -0.094788",0.5195446206906469,1.4729359067239658,5.442307067036889,Lysine NZ,Lysine NZ,79
1013,H,10.108715,2.493473,8.018104,183,['1008'],,"-0.044051, 0.000588, 0.024071",-0.3976151762998111,-1.5808496634419762,1.466293860999376,Lysine HB,Lysine HB,79
1014,H,10.613955,2.635915,6.320759,183,['1008'],,"-0.066854, 0.013587, 0.018843",-1.6882564046777797,-0.3648731658319905,1.355914484029947,Lysine HB,Lysine HB,79
1015,H,12.73946,1.291546,6.885298,185,['1009'],,"0.143104, -0.102699, 0.010188",-0.1369732767945068,1.3258918049494564,2.5300687611290416,Lysine HG,Lysine HG,79
1016,H,12.201629,1.200542,8.566737,185,['1009'],,"0.083153, -0.067909, 0.028141",1.1040332692151835,0.0714980881731559,2.635805128435829,Lysine HG,Lysine HG,79
1017,H,12.137052,3.857275,8.515652,187,['1010'],,"-0.014086, 0.039763, 0.025479",-0.7075316561441329,-1.3778634892302613,3.932953400067708,Lysine HD,Lysine HD,79
1018,H,13.078042,3.729232,7.018902,187,['1010'],,"-0.009750, 0.032561, -0.009798",-1.6209019004647784,0.132641015893395,4.094967872383547,Lysine HD,Lysine HD,79
1019,H,13.870714,2.663436,9.831564,189,['1011'],,"0.088387, -0.070910, -0.092746",1.2540304679752907,-0.4432325540658692,5.133452849531484,Lysine HE,Lysine HE,79
1020,H,14.543908,4.116873,9.029788,189,['1011'],,"0.039999, -0.080035, -0.018758",-0.2281392461918359,-0.3563038593533134,6.135515906041558,Lysine HE,Lysine HE,79
1021,HN,16.013747,2.144566,8.868496,191,['1012'],,"0.017233, -0.162241, -0.057625",1.1305977808685013,1.6986067574081658,6.22276695675264,Lysine HN,Lysine HN,79
1022,HN,15.49994,2.509407,7.34861,191,['1012'],,"-0.091021, -0.219962, 0.159461",-0.292254140877803,2.0723110376914016,5.485883274475148,Lysine HN,Lysine HN,79
1023,HN,14.840131,1.326523,8.19846,191,['1012'],,"-0.103214, -0.804079, -0.016724",1.0470239618193782,1.818937977701216,4.649854714828976,Lysine HN,Lysine HN,79
1024,N,9.449718,-0.162165,9.161635,7,"['1004', '1025', '1028']",,"-0.112385, 0.367441, 0.036341",-0.546761989275272,-0.9607917382890178,-0.9397686417971776,Alanine N,Lysine N,80
1025,CA,9.484874,-1.005444,10.341838,8,"['1024', '1026', '1029', '1030']",,"0.243879, 0.561247, 0.084026",0.0,0.0,0.0,Alanine CA,Lysine CA,80
1026,C,9.00758,-2.429414,10.047594,9,"['1025', '1027', '1046']",,"-0.088469, 0.241118, -0.078428",1.530385459572848,-8.326672684688674e-17,-5.551115123125783e-17,Alanine C,Lysine C,80
1027,O,9.619316,-3.405932,10.486246,11,['1026'],,"-0.141608, 0.251707, -0.049048",2.163875335553896,1.057787545849125,-1.3877787807814457e-17,Alanine O,Lysine O,80
1028,HN,8.866,0.681603,9.235842,10,['1024'],,"-0.203599, 0.346195, 0.061449",-1.164077175110667,-1.6768353216759897,-0.5343289197368483,Alanine HN,Lysine HN,80
1029,H,10.553074,-1.106335,10.653819,12,['1025'],,"0.352627, -0.114709, 0.088690",-0.299256783988151,1.0194915884167122,-0.3458968872751542,Alanine HA,Lysine HA,80
1030,C,8.65445,-0.356009,11.495829,182,"['1025', '1031', '1035', '1036']",,"-0.087342, 0.148638, 0.095404",-0.5671607023372167,-0.2615782359726673,1.4328191202213152,Lysine CB,Lysine CB,80
1031,C,8.769643,-1.080334,12.853576,184,"['1030', '1032', '1037', '1038']",,"0.036150, -0.027787, -0.178398",-0.1901790532819324,0.8109892080163728,2.476311795448782,Lysine CG,Lysine CG,80
1032,C,8.087931,-0.305317,14.009548,186,"['1031', '1033', '1039', '1040']",,"-0.037891, 0.053581, -0.517434",-0.9209503294558116,0.6182849274829245,3.8292686566237,Lysine CD,Lysine CD,80
1033,C,8.294754,-1.025319,15.355547,188,"['1032', '1034', '1041', '1042']",,"-0.160073, 0.257963, 0.165031",-0.5743097246959691,1.7531515952777763,4.811516017930381,Lysine CE,Lysine CE,80
1034,N,7.787824,-0.299558,16.510848,190,"['1033', '1043', '1044', '1045']",,"-0.064756, 0.058501, 0.276420",-1.3136317197636709,1.7118409203393383,6.064561855227344,Lysine NZ,Lysine NZ,80
1035,H,7.580685,-0.288931,11.19344,183,['1030'],,"-0.040120, 0.021099, -0.048523",-0.2365507386832106,-1.2678721643917283,1.7891608413116642,Lysine HB,Lysine HB,80
1036,H,8.992403,0.701473,11.61918,183,['1030'],,"-0.003097, 0.051099, -0.050478",-1.6802272593348553,-0.3246226852352869,1.3635073835196916,Lysine HB,Lysine HB,80
1037,H,9.851439,-1.23084,13.08123,185,['1031'],,"0.017762, -0.016453, -0.041211",-0.4312977416958905,1.8143594127015503,2.0521997868761006,Lysine HG,Lysine HG,80
1038,H,8.324239,-2.099542,12.759801,185,['1031'],,"-0.035478, -0.020083, -0.048912",0.9151000076600876,0.7934881604636264,2.6312806048353257,Lysine HG,Lysine HG,80
1039,H,6.996299,-0.191293,13.797918,187,['1032'],,"-0.152330, 0.074204, -0.079858",-0.6458996854399656,-0.3707707735560517,4.271496105306804,Lysine HD,Lysine HD,80
1040,H,8.498446,0.730819,14.065832,187,['1032'],,"-0.002796, 0.066625, -0.048624",-2.023890863206781,0.5830340877032816,3.663293291942801,Lysine HD,Lysine HD,80
1041,H,9.378047,-1.21365,15.532917,189,['1033'],,"-0.082245, 0.007289, 0.102775",-0.7710324597878392,2.7448663384873027,4.344338920986579,Lysine HE,Lysine HE,80
1042,H,7.804058,-2.025544,15.335116,189,['1033'],,"-0.005884, 0.062549, 0.101380",0.5133302150500514,1.7329115372966122,5.052927994278264,Lysine HE,Lysine HE,80
1043,HN,8.01603,-0.83534,17.344134,191,['1034'],,"0.108863, -0.154011, 0.075460",-1.0464920056251756,2.5240029297673896,6.614593791870839,Lysine HN,Lysine HN,80
1044,HN,6.779957,-0.180778,16.500511,191,['1034'],,"0.025606, 0.013152, 0.053823",-1.1078330345004783,0.8917848817856693,6.625958708116282,Lysine HN,Lysine HN,80
1045,HN,8.200237,0.617983,16.653598,191,['1034'],,"0.018272, 0.067746, 0.121265",-2.3234403464238724,1.767252511851801,5.966788521446123,Lysine HN,Lysine HN,80
1046,N,7.877203,-2.548455,9.308814,7,"['1026', '1047', '1050']",,"-0.179884, 0.305951, 0.001055",-0.5687056612282317,-1.0659479716640758,-0.7982841903822235,Alanine N,Methionine N,81
1047,CA,7.249244,-3.812765,8.986143,8,"['1046', '1048', '1051', '1052']",,"-0.246497, 0.361637, 0.437255",0.0,0.0,0.0,Alanine CA,Methionine CA,81
1048,C,8.119931,-4.707787,8.101516,9,"['1047', '1049', '1063']",,"0.007085, 0.196677, 0.026869",1.5302696368882178,-1.1102230246251563e-16,0.0,Alanine C,Methionine C,81
1049,O,8.112334,-5.923701,8.280147,11,['1048'],,"0.013745, 0.171378, 0.054439",2.133845204923533,1.0705653355292464,-5.551115123125783e-17,Alanine O,Methionine O,81
1050,HN,7.385818,-1.707304,8.977904,10,['1046'],,"-0.196940, 0.297283, -0.075725",-1.1489689297673973,-1.7458805767120371,-0.2888905872589254,Alanine HN,Methionine HN,81
1051,H,7.155891,-4.385282,9.943327,12,['1047'],,"0.011967, -0.242574, 0.293422",-0.2715970659590105,0.9637456888475427,-0.5001209741094965,Alanine HA,Methionine HA,81
1052,C,5.818793,-3.605059,8.395157,175,"['1047', '1053', '1056', '1057']",,"-0.135752, -0.016161, 0.013360",-0.5937348132938006,0.0103776104310843,1.444287912681442,Methionine CB,Methionine CB,81
1053,C,5.080253,-4.911045,8.048784,177,"['1052', '1054', '1058', '1059']",,"0.197085, 0.239893, 0.068345",-0.049869920126745,1.1344947403756045,2.3451689675775267,Methionine CG,Methionine CG,81
1054,S,3.295063,-4.626383,7.873241,179,"['1053', '1055']",,"0.320308, -0.020887, 0.257339",-1.1306143593852016,1.403876799540503,3.779803380382755,Methionine SD,Methionine SD,81
1055,C,2.735508,-6.316096,7.540254,180,"['1054', '1060', '1061', '1062']",,"0.046498, -0.006086, 0.020556",-0.2682157967805114,2.7851956969919867,4.571850718187626,Methionine CE,Methionine CE,81
1056,H,5.879031,-2.957251,7.487746,176,['1052'],,"0.065121, 0.099232, -0.031670",-0.4137885503679062,-0.978669308668794,1.9301727536747,Methionine HB,Methionine HB,81
1057,H,5.224424,-3.026672,9.142722,176,['1052'],,"0.016940, 0.107431, 0.093785",-1.7023594591580409,0.107451185491388,1.353802694206818,Methionine HB,Methionine HB,81
1058,H,5.264086,-5.667783,8.846162,178,['1053'],,"0.071437, -0.068538, -0.022796",0.0363737393693494,2.077093551946814,1.7566724433411764,Methionine HG,Methionine HG,81
1059,H,5.508806,-5.337379,7.117221,178,['1053'],,"0.041862, -0.027693, 0.037905",0.98184343234522,0.8785615135161415,2.66656236834108,Methionine HG,Methionine HG,81
1060,H,1.629993,-6.315916,7.427732,181,['1055'],,"0.018900, 0.009066, 0.016524",-0.8322854369690612,3.092078853150654,5.478753589278382,Methionine HE,Methionine HE,81
1061,H,3.019123,-6.977215,8.387678,181,['1055'],,"0.028448, -0.017500, -0.002665",-0.210054940595726,3.6426687711524095,3.866868109849148,Methionine HE,Methionine HE,81
1062,H,3.190108,-6.695551,6.60052,181,['1055'],,"-0.008114, -0.026052, 0.005770",0.7556226919801758,2.4789103540688955,4.874656407407158,Methionine HE,Methionine HE,81
1063,N,8.85711,-4.131141,7.117328,7,"['1048', '1064', '1067']",,"-0.129566, 0.265630, -0.060286",-0.5741370817269633,-1.034208472877645,-0.8472379384677803,Alanine N,Valine N,82
1064,CA,9.736411,-4.895683,6.245928,8,"['1063', '1065', '1068', '1069']",,"-0.507962, -0.086525, -0.142137",0.0,0.0,0.0,Alanine CA,Valine CA,82
1065,C,11.101968,-5.200473,6.879352,9,"['1064', '1066', '1079']",,"-0.104848, 0.264077, -0.003878",1.5358609403604864,0.0,-1.1102230246251563e-16,Alanine C,Valine C,82
1066,O,11.62039,-6.301185,6.698509,11,['1065'],,"-0.005329, 0.182082, -0.016156",2.140649095780327,1.0711039887615346,-1.1102230246251563e-16,Alanine O,Valine O,82
1067,HN,8.815403,-3.116391,6.95046,10,['1063'],,"-0.065413, 0.286989, -0.047468",-0.8814156392637094,-1.8955197893297364,-0.3749830602476578,Alanine HN,Valine HN,82
1068,H,9.285907,-5.913977,6.12358,12,['1064'],,"-0.084566, -0.376346, 0.018513",-0.2489295820819984,0.9896076327812008,-0.4621215790911202,Alanine HA,Valine HA,82
1069,C,9.895342,-4.321402,4.790654,15,"['1064', '1070', '1071', '1072']",,"0.011363, 0.057814, -0.100529",-0.5728456408250724,0.0559252078933564,1.4634207828604175,Valine CB,Valine CB,82
1070,C,8.517916,-4.286936,4.076723,17,"['1069', '1073', '1074', '1075']",,"0.032815, 0.048431, 0.144508",-2.0988168902898234,0.3359854845835218,1.4292776924874795,Valine CG,Valine CG,82
1071,C,10.537791,-2.913061,4.727274,17,"['1069', '1076', '1077', '1078']",,"0.002883, 0.033953, 0.099809",-0.3072577533648571,-1.2196565627549634,2.301595188760597,Valine CG,Valine CG,82
1072,H,10.554705,-5.030079,4.228527,16,['1069'],,"-0.007830, 0.002287, 0.044971",-0.0777938622476832,0.9187105713727708,1.9767380077029704,Valine HB,Valine HB,82
1073,H,8.616876,-4.010123,3.003614,18,['1070'],,"-0.001561, -0.004053, 0.057007",-2.508337890686105,0.5118314841900912,2.448763925404235,Valine HG,Valine HG,82
1074,H,7.822608,-3.555668,4.549866,18,['1070'],,"-0.001739, 0.072983, 0.069095",-2.667010094317249,-0.5110905379829147,0.9801796007223572,Valine HG,Valine HG,82
1075,H,8.025518,-5.284674,4.112594,18,['1070'],,"0.026616, 0.032916, 0.019355",-2.3238212570789734,1.24396939688631,0.8258194208446628,Valine HG,Valine HG,82
1076,H,10.717802,-2.5906,3.677827,18,['1071'],,"-0.001131, -0.020000, 0.056760",-0.6440151446099284,-1.0965714122099246,3.354765909777907,Valine HG,Valine HG,82
1077,H,11.52205,-2.884625,5.240676,18,['1071'],,"0.013188, 0.008973, 0.038051",0.7739572600732967,-1.469669186570444,2.341891360164729,Valine HG,Valine HG,82
1078,H,9.91207,-2.131227,5.204329,18,['1071'],,"-0.088839, 0.068506, 0.062341",-0.8220014839733337,-2.115855955305341,1.898807171295327,Valine HG,Valine HG,82
1079,N,11.711915,-4.227304,7.60247,7,"['1065', '1080', '1083']",,"-0.096365, 0.303261, -0.031722",-0.6533831867488373,-1.153534528987162,-0.609656380353968,Alanine N,Glutamate N,83
1080,CA,13.037478,-4.326294,8.204397,8,"['1079', '1081', '1084', '1085']",,"0.075095, 0.526188, -0.443540",0.0,0.0,0.0,Alanine CA,Glutamate CA,83
1081,C,13.17253,-5.250562,9.413395,9,"['1080', '1082', '1094']",,"-0.303225, 0.255626, -0.131582",1.527804484393209,0.0,1.1102230246251563e-16,Alanine C,Glutamate C,83
1082,O,14.263059,-5.793392,9.659806,11,['1081'],,"-0.627147, 0.065170, 0.185619",2.1475885842560127,1.0772668932160006,2.220446049250313e-16,Alanine O,Glutamate O,83
1083,HN,11.235689,-3.32619,7.741111,10,['1079'],,"-0.115874, 0.337175, 0.040420",-1.1309111846299018,-1.783242034776982,0.0487161884432633,Alanine HN,Glutamate HN,83
1084,H,13.706993,-4.810914,7.452074,12,['1080'],,"0.199817, -0.213550, -0.195363",-0.2429753991469886,0.8896620051786505,-0.6313170739849084,Alanine HA,Glutamate HA,83
1085,C,13.619093,-2.921945,8.549273,153,"['1080', '1086', '1090', '1091']",,"0.263003, 0.497618, -0.176207",-0.5252584257354919,0.2622129381954254,1.4438696404588582,Glutamate CB,Glutamate CB,83
1086,C,14.117746,-2.16346,7.300738,155,"['1085', '1087', '1092', '1093']",,"-0.190746, -0.528585, 0.229594",-1.928039782150475,0.9062835688454144,1.45696332930756,Glutamate CG,Glutamate CG,83
1087,C,14.541834,-0.733769,7.517374,157,"['1086', '1088', '1089']",,"-0.086079, -0.624740, -0.305804",-2.584034202982439,1.042143589208088,2.806782398081368,Glutamate CD,Glutamate CD,83
1088,O,14.537594,-0.238637,8.679892,158,['1087'],,"-0.142055, -0.935101, 0.271680",-1.964010723025038,0.697549486874743,3.852462829325346,Glutamate OE,Glutamate OE,83
1089,O,14.827155,0.008661,6.553779,158,['1087'],,"0.030956, -0.456698, -0.260133",-3.770478912285622,1.419057341142211,2.9136031701036145,Glutamate OE,Glutamate OE,83
1090,H,14.460188,-3.002537,9.276282,154,['1085'],,"0.013912, 0.022277, 0.058091",0.1731507008758811,0.9187506930407254,2.012781605439939,Glutamate HB,Glutamate HB,83
1091,H,12.843231,-2.309277,9.068753,154,['1085'],,"-0.031648, 0.054277, 0.036794",-0.5534039517155911,-0.6969039270678693,2.0152592271707745,Glutamate HB,Glutamate HB,83
1092,H,13.318491,-2.138992,6.529373,156,['1086'],,"-0.094799, -0.030698, -0.033972",-2.623897615279064,0.3087678328050111,0.8299322116334205,Glutamate HG,Glutamate HG,83
1093,H,14.990253,-2.702522,6.861779,156,['1086'],,"0.129234, -0.084522, -0.095802",-1.872161546571197,1.9286081668712365,1.013938106962505,Glutamate HG,Glutamate HG,83
1094,N,12.067749,-5.482676,10.162002,7,"['1081', '1095', '1098']",,"-0.171076, 0.174659, 0.092344",-0.5886628880378699,-1.33426559771805,0.0293490603258247,Alanine N,Asparagine N,84
1095,CA,12.015265,-6.468634,11.235679,8,"['1094', '1096', '1099', '1100']",,"0.091820, 0.240091, 0.376878",0.0,0.0,0.0,Alanine CA,Asparagine CA,84
1096,C,11.459668,-7.834142,10.797746,9,"['1095', '1097', '1108']",,"0.028344, 0.134633, 0.017329",1.5378834276244733,0.0,-5.551115123125783e-17,Alanine C,Asparagine C,84
1097,O,11.34261,-8.745536,11.618012,11,['1096'],,"0.029451, 0.057660, -0.050776",2.155830994084664,1.06551335724238,1.3877787807814457e-17,Alanine O,Asparagine O,84
1098,HN,11.203888,-4.93962,10.013517,10,['1094'],,"-0.190283, 0.175376, -0.016339",-0.716476379876862,-1.7440505121215124,0.9668742476745544,Alanine HN,Asparagine HN,84
1099,H,13.056076,-6.68855,11.58503,12,['1095'],,"0.424601, -0.093711, 0.133124",-0.2802336871447405,0.505226271997642,-0.9591205349957992,Alanine HA,Asparagine HA,84
1100,C,11.193514,-5.944802,12.446219,147,"['1095', '1101', '1104', '1105']",,"-0.112705, -0.104036, 0.303528",-0.5129581319096117,0.8716185615008181,1.179930845422749,Asparagine CB,Asparagine CB,84
1101,C,11.821174,-4.757156,13.163045,149,"['1100', '1102', '1103']",,"-0.126305, -0.142313, -0.095913",-1.9983684346752968,1.2001058698221283,1.1170664524695382,Asparagine CG,Asparagine CG,84
1102,O,13.042193,-4.609724,13.231043,150,['1101'],,"-0.136339, -0.013653, -0.082695",-2.5897608774288203,1.3351837503594308,0.0450327469207944,Asparagine OD1,Asparagine OD1,84
1103,N,10.964105,-3.894957,13.747191,151,"['1101', '1106', '1107']",,"-0.013252, -0.043415, -0.034821",-2.620633724701349,1.3673550280658633,2.3019692179205924,Asparagine ND2,Asparagine ND2,84
1104,H,11.120493,-6.766264,13.199995,148,['1100'],,"-0.014575, -0.173440, 0.115255",0.0281620734823183,1.8487401841449005,1.1528679568298603,Asparagine HB,Asparagine HB,84
1105,H,10.147251,-5.727819,12.132308,148,['1100'],,"0.025649, -0.017025, -0.005311",-0.2382425455256734,0.3999830864193705,2.150693086458846,Asparagine HB,Asparagine HB,84
1106,HN,9.948446,-4.040375,13.68575,152,['1103'],,"0.023395, -0.017190, -0.026777",-2.107087923352842,1.2581886466117649,3.185619604987523,Asparagine HD2,Asparagine HD2,84
1107,HN,11.355724,-3.094051,14.257387,152,['1103'],,"0.004985, -0.045618, 0.000258",-3.618536120352717,1.6107726515659662,2.294587501601073,Asparagine HD2,Asparagine HD2,84
1108,N,11.067058,-8.006173,9.50945,7,"['1096', '1109', '1112']",,"0.018919, 0.180556, -0.098994",-0.4784345005745291,0.9113945566637812,1.0309795952537706,Alanine N,Alanine N,85
1109,CA,10.522827,-9.257619,8.999397,8,"['1108', '1110', '1113', '1114']",,"-0.420135, 0.537386, -0.084012",0.0,0.0,0.0,Alanine CA,Alanine CA,85
1110,C,11.669214,-10.25179,8.776868,9,"['1109', '1111', '1118']",,"-0.241655, -0.016985, 0.226082",1.5336552046829173,8.326672684688674e-17,2.775557561562892e-17,Alanine C,Alanine C,85
1111,O,12.686906,-9.91854,8.167902,11,['1110'],,"-0.172766, -0.004283, 0.064028",2.166701006049157,1.056808957140588,1.1102230246251563e-16,Alanine O,Alanine O,85
1112,HN,11.258706,-7.297834,8.789566,10,['1108'],,"0.083905, 0.122951, -0.135164",-0.6898980998025259,1.860803269528808,0.6983953045566407,Alanine HN,Alanine HN,85
1113,H,9.811216,-9.671589,9.755968,12,['1109'],,"-0.175254, -0.205815, 0.277203",-0.3733457278387291,-1.0281303797533268,0.2317799473527613,Alanine HA,Alanine HA,85
1114,C,9.776053,-9.01854,7.660849,13,"['1109', '1115', '1116', '1117']",,"-0.115859, 0.095020, -0.133816",-0.5189638868793562,0.4384380724907519,-1.3946287908711286,Alanine CB,Alanine CB,85
1115,H,9.268652,-9.93721,7.295388,14,['1114'],,"0.029545, 0.074930, 0.058966",-0.2496968234670294,-0.2905771117578231,-2.188986516280984,Alanine HB,Alanine HB,85
1116,H,10.484446,-8.674828,6.873124,14,['1114'],,"0.095218, 0.057834, 0.011292",-0.0979594277985456,1.4307182221270378,-1.6749939226009245,Alanine HB,Alanine HB,85
1117,H,9.00328,-8.225727,7.774472,14,['1114'],,"0.010195, 0.103055, 0.065706",-1.6270180450448122,0.5425406354806772,-1.3902256581033097,Alanine HB,Alanine HB,85
1118,N,11.457927,-11.531874,9.174617,7,"['1110', '1119', '1122']",,"-0.205684, 0.096241, 0.371607",-0.574847286962273,-1.335734686142391,0.0193022732133431,Alanine N,Lysine N,86
1119,CA,12.338404,-12.652141,8.883462,8,"['1118', '1120', '1123', '1124']",,"0.211034, 0.358378, 0.577789",0.0,0.0,0.0,Alanine CA,Lysine CA,86
1120,C,12.051377,-13.313601,7.526294,9,"['1119', '1121', '1140']",,"0.069261, 0.191490, 0.192423",1.5368210079749036,0.0,-1.1102230246251563e-16,Alanine C,Lysine C,86
1121,O,12.714978,-14.285906,7.160857,11,['1120'],,"-0.024339, 0.144144, 0.040497",2.154087988687918,1.066896890855175,-2.220446049250313e-16,Alanine O,Lysine O,86
1122,HN,10.550766,-11.764202,9.603085,10,['1118'],,"-0.482755, -0.027405, 0.144134",-0.6838044644917823,-1.7719733397795656,0.945761326311012,Alanine HN,Lysine HN,86
1123,H,13.374771,-12.240868,8.763862,12,['1119'],,"0.386804, 0.171599, -0.077291",-0.2649551604097079,0.4640614520823836,-0.9858762249296082,Alanine HA,Lysine HA,86
1124,C,12.395798,-13.716648,10.026419,182,"['1119', '1125', '1129', '1130']",,"0.212469, 0.027647, 0.075479",-0.561893342629334,0.939426886420276,1.115604286794175,Lysine CB,Lysine CB,86
1125,C,11.1337,-14.567742,10.284118,184,"['1124', '1126', '1131', '1132']",,"0.033157, 0.374938, -0.145086",-0.1874320355104763,0.6251304478381701,2.580069244110137,Lysine CG,Lysine CG,86
1126,C,11.251712,-15.457103,11.546604,186,"['1125', '1127', '1133', '1134']",,"0.311914, 0.486496, -0.005800",-0.9415872018556048,1.5129379038096151,3.6007595139067403,Lysine CD,Lysine CD,86
1127,C,9.925927,-16.157619,11.918254,188,"['1126', '1128', '1135', '1136']",,"0.011215, -0.082785, -0.176938",-0.7206714832434695,1.0716059568233032,5.064649746410652,Lysine CE,Lysine CE,86
1128,N,9.528753,-17.187264,10.968679,190,"['1127', '1137', '1138', '1139']",,"0.012559, -0.104203, 0.001768",0.635245332172699,1.30369125091164,5.541341154835012,Lysine NZ,Lysine NZ,86
1129,H,12.687519,-13.184417,10.961428,183,['1124'],,"0.009934, 0.104422, -0.001471",-1.6711608541955454,0.957350650904384,1.0068976368898508,Lysine HB,Lysine HB,86
1130,H,13.244802,-14.400757,9.787998,183,['1124'],,"0.026460, 0.019862, -0.092568",-0.2154632658687648,1.972188835171139,0.8726095373324034,Lysine HB,Lysine HB,86
1131,H,10.904854,-15.164338,9.371098,185,['1125'],,"0.057758, 0.141114, -0.013908",0.9183772223948204,0.6994418343290892,2.696544573260701,Lysine HG,Lysine HG,86
1132,H,10.274039,-13.870303,10.415722,185,['1125'],,"-0.187788, 0.093328, -0.037245",-0.4432788898446169,-0.4422290051371441,2.775117934773681,Lysine HG,Lysine HG,86
1133,H,11.55041,-14.816689,12.411887,187,['1126'],,"0.022179, 0.070372, 0.043276",-2.037145516775187,1.452561035388976,3.3905884667587527,Lysine HD,Lysine HD,86
1134,H,12.074169,-16.200938,11.426326,187,['1126'],,"0.062242, 0.034344, -0.018193",-0.6688246717432844,2.585773072057658,3.4635803416723263,Lysine HD,Lysine HD,86
1135,H,9.109341,-15.399265,11.968338,189,['1127'],,"-0.054764, -0.022231, -0.072467",-0.9387912300393008,-0.0183804432620139,5.158326400144507,Lysine HE,Lysine HE,86
1136,H,9.987522,-16.615028,12.931569,189,['1127'],,"-0.057802, -0.012999, 0.068877",-1.430162280927052,1.5901734163004284,5.748414928695295,Lysine HE,Lysine HE,86
1137,HN,8.528796,-17.35438,11.034754,191,['1128'],,"-0.003351, 0.066419, 0.050902",0.835581174799356,0.6954865604484106,6.330112521954532,Lysine HN,Lysine HN,86
1138,HN,9.998493,-18.07994,11.139837,191,['1128'],,"0.066154, -0.282449, -0.026550",0.780578615799733,2.266686248365334,5.854933312086028,Lysine HN,Lysine HN,86
1139,HN,9.737349,-16.931607,10.009764,191,['1128'],,"0.023218, 0.005010, 0.073910",1.333068425325986,1.1251620980486374,4.827505709980951,Lysine HN,Lysine HN,86
1140,N,11.044121,-12.8263,6.756927,7,"['1120', '1141', '1144']",,"0.034622, 0.135698, 0.208513",-0.4881095717644701,0.822528522048605,1.0971476638545252,Alanine N,Lysine N,87
1141,CA,10.716662,-13.309266,5.423491,8,"['1140', '1142', '1145', '1146']",,"0.359112, -0.435584, 0.498774",0.0,0.0,0.0,Alanine CA,Lysine CA,87
1142,C,9.842345,-12.269281,4.697652,9,"['1141', '1143', '1162']",,"0.349728, -0.218781, -0.196155",1.540402957227426,0.0,-5.551115123125783e-17,Alanine C,Lysine C,87
1143,O,8.80426,-11.833482,5.215435,11,['1142'],,"0.343329, -0.104248, -0.324734",2.1798542685881395,1.0614812721447633,6.938893903907227e-17,Alanine O,Lysine O,87
1144,HN,10.440632,-12.065054,7.093384,10,['1140'],,"-0.061942, 0.126206, 0.148622",0.2098321556619002,1.4689224849938802,1.4869552423737171,Alanine HN,Lysine HN,87
1145,H,11.677888,-13.409767,4.855375,12,['1141'],,"0.373547, -0.024691, -0.116981",-0.3457374664883682,-1.0501467027790017,0.1856587472800445,Alanine HA,Lysine HA,87
1146,C,10.018766,-14.708888,5.497234,182,"['1141', '1147', '1151', '1152']",,"0.056014, -0.189383, 0.039895",-0.583567494334719,0.4954089970973179,-1.365817522548283,Lysine CB,Lysine CB,87
1147,C,8.697368,-14.767566,6.308083,184,"['1146', '1148', '1153', '1154']",,"0.133850, 0.132633, -0.025724",-0.255243878976762,1.961330753153935,-1.753488635229071,Lysine CG,Lysine CG,87
1148,C,8.209549,-16.20881,6.597292,186,"['1147', '1149', '1155', '1156']",,"0.269554, -0.065254, -0.402949",-1.087677277037736,2.489227984147311,-2.9481319465484725,Lysine CD,Lysine CD,87
1149,C,6.743836,-16.324833,7.081727,188,"['1148', '1150', '1157', '1158']",,"0.023456, 0.189028, 0.433844",-0.562351229327789,3.794840985620906,-3.593004366569332,Lysine CE,Lysine CE,87
1150,N,6.500305,-15.839855,8.431862,190,"['1149', '1159', '1160', '1161']",,"0.025092, 0.197686, 0.292314",-0.7328829063643041,4.993432514419947,-2.785741818888408,Lysine NZ,Lysine NZ,87
1151,H,10.754787,-15.426985,5.934589,183,['1146'],,"0.113033, 0.039540, 0.036008",-1.6922222713424366,0.3619986553086562,-1.3239143484823226,Lysine HB,Lysine HB,87
1152,H,9.835014,-15.076605,4.460386,183,['1146'],,"0.017678, 0.002479, 0.033433",-0.2389680204630072,-0.1892167033072856,-2.1761095795560297,Lysine HB,Lysine HB,87
1153,H,7.925916,-14.201384,5.735346,185,['1147'],,"0.066727, 0.032753, -0.015187",0.8347496379917393,2.012224757960691,-1.983818507018143,Lysine HG,Lysine HG,87
1154,H,8.836347,-14.222321,7.271343,185,['1147'],,"0.080860, 0.037123, 0.067384",-0.4198999872813846,2.6183319135133933,-0.86708300497264,Lysine HG,Lysine HG,87
1155,H,8.895359,-16.698758,7.325926,187,['1148'],,"0.027593, -0.013912, -0.084321",-2.1510515576378486,2.613396405932733,-2.639734075042345,Lysine HD,Lysine HD,87
1156,H,8.297972,-16.813405,5.662256,187,['1148'],,"0.025148, -0.182142, -0.099219",-1.1054608497279002,1.7091421508876288,-3.7473790294583327,Lysine HD,Lysine HD,87
1157,H,6.401759,-17.383744,7.030379,189,['1149'],,"-0.051962, 0.043819, 0.045915",-1.0589079487012305,3.9687200510210814,-4.574912352082558,Lysine HE,Lysine HE,87
1158,H,6.074551,-15.767025,6.387457,189,['1149'],,"-0.043050, -0.050804, 0.096043",0.5212661715108917,3.686939992378548,-3.828022904659277,Lysine HE,Lysine HE,87
1159,HN,5.598966,-15.372488,8.507226,191,['1150'],,"-0.084989, 0.114789, 0.054553",0.0587336922929817,5.62666694878312,-2.879980611182353,Lysine HN,Lysine HN,87
1160,HN,7.183389,-15.161751,8.773479,191,['1150'],,"0.228985, 0.333583, 0.337660",-0.8237506278226798,4.825183431772235,-1.782464058771019,Lysine HN,Lysine HN,87
1161,HN,6.464172,-16.578897,9.122511,191,['1150'],,"-0.165000, 0.103366, 0.006156",-1.536764041433546,5.54651294392761,-3.054743439384284,Lysine HN,Lysine HN,87
1162,N,10.252,-11.876522,3.463705,7,"['1142', '1163', '1166']",,"0.219728, 0.034860, -0.090865",-0.4333086267321498,0.9544569307877512,1.0153677867751796,Alanine N,Isoleucine N,88
1163,CA,9.491043,-11.037923,2.543155,8,"['1162', '1164', '1167', '1168']",,"0.284687, 0.295351, 0.398739",0.0,0.0,0.0,Alanine CA,Isoleucine CA,88
1164,C,9.021556,-11.940459,1.382605,9,"['1163', '1165', '1181']",,"-0.144120, 0.333194, 0.134084",1.543329380581152,-2.775557561562892e-17,0.0,Alanine C,Isoleucine C,88
1165,O,9.80044,-12.718026,0.826387,11,['1164'],,"-0.139119, 0.164646, 0.161601",2.1793731892815105,1.0564551395506294,-2.220446049250313e-16,Alanine O,Isoleucine O,88
1166,HN,11.121752,-12.249666,3.057851,10,['1162'],,"0.142494, -0.062336, -0.114507",-0.1744834526078909,1.928184531268768,0.8025614314729279,Alanine HN,Isoleucine HN,88
1167,H,8.594277,-10.632454,3.070504,12,['1163'],,"-0.346691, 0.176504, 0.193623",-0.3608725909710084,-1.0199640208012752,0.2759269937406747,Alanine HA,Isoleucine HA,88
1168,C,10.347907,-9.828178,2.007634,25,"['1163', '1169', '1170', '1172']",,"0.266741, 0.312978, 0.123851",-0.5654178793702529,0.3637038772932412,-1.4256590519097856,Isoleucine CB,Isoleucine CB,88
1169,C,10.891732,-8.91142,3.153678,27,"['1168', '1171', '1173', '1174']",,"-0.010927, -0.073197, 0.019972",-2.128769980756709,0.4277349414578067,-1.4635792449143872,Isoleucine CG1,Isoleucine CG1,88
1170,C,9.536859,-8.971686,0.996423,29,"['1168', '1175', '1176', '1177']",,"0.005520, -0.020062, 0.012067",-0.0591600678201444,-0.6370396209023778,-2.500898825147684,Isoleucine CG2,Isoleucine CG2,88
1171,C,9.826723,-8.2361,4.03424,31,"['1169', '1178', '1179', '1180']",,"0.020129, 0.049706, 0.089665",-2.8618791760283964,-0.8767405961824681,-1.1077911228090924,Isoleucine CD,Isoleucine CD,88
1172,H,11.232809,-10.254902,1.467506,26,['1168'],,"0.046492, -0.119888, -0.076838",-0.178896800528759,1.3818513086249775,-1.6918552987800142,Isoleucine HB,Isoleucine HB,88
1173,H,11.543359,-8.118448,2.715439,28,['1169'],,"-0.000493, 0.002204, 0.034927",-2.461179845654,0.7553746384089506,-2.477300938346429,Isoleucine HG1,Isoleucine HG1,88
1174,H,11.569622,-9.505013,3.809702,28,['1169'],,"-0.007004, -0.013323, 0.009540",-2.4811705445153023,1.231182064523738,-0.7761626656666168,Isoleucine HG1,Isoleucine HG1,88
1175,H,10.087073,-8.053065,0.692998,30,['1170'],,"-0.005463, 0.003072, 0.007991",-0.5355761644586539,-0.4609266423330684,-3.4911910243016377,Isoleucine HG2,Isoleucine HG2,88
1176,H,8.553347,-8.655231,1.409913,30,['1170'],,"-0.014227, -0.011652, 0.022889",-0.2559694818427199,-1.69427135305627,-2.2146459293580176,Isoleucine HG2,Isoleucine HG2,88
1177,H,9.329004,-9.538184,0.062259,30,['1170'],,"-0.002657, 0.001575, 0.021676",1.0378281129371505,-0.5419466027997979,-2.6569767323349054,Isoleucine HG2,Isoleucine HG2,88
1178,H,10.308883,-7.578667,4.794217,32,['1171'],,"0.083997, 0.034993, 0.089183",-3.964505829009763,-0.7414253636392252,-1.1981554276804192,Isoleucine HD,Isoleucine HD,88
1179,H,9.218176,-8.979088,4.593585,32,['1171'],,"0.034613, 0.001516, 0.016074",-2.662874033593184,-1.192852757319288,-0.0610354191017992,Isoleucine HD,Isoleucine HD,88
1180,H,9.130532,-7.595524,3.450657,32,['1171'],,"0.030613, -0.020347, 0.015502",-2.5858609913874817,-1.720413975584728,-1.7768335943918037,Isoleucine HD,Isoleucine HD,88
1181,N,7.727173,-11.831643,0.997129,7,"['1164', '1182', '1185']",,"-0.103274, 0.194918, 0.215204",-0.440366277438354,1.0399052737608332,0.925128746415597,Alanine N,Glutamate N,89
1182,CA,7.105357,-12.488023,-0.149038,8,"['1181', '1183', '1186', '1187']",,"0.202969, -0.363759, 0.545159",0.0,0.0,0.0,Alanine CA,Glutamate CA,89
1183,C,6.489457,-11.386205,-1.039358,9,"['1182', '1184', '1196']",,"0.266180, -0.372521, -0.203871",1.5446700027915343,1.1102230246251563e-16,-9.71445146547012e-17,Alanine C,Glutamate C,89
1184,O,5.884473,-10.430849,-0.53568,11,['1183'],,"0.252975, -0.300858, -0.331257",2.177040336961756,1.0641945382012832,-3.295974604355933e-16,Alanine O,Glutamate O,89
1185,HN,7.1191,-11.155833,1.484009,10,['1181'],,"-0.216218, 0.282422, 0.229509",0.0035167399316246,1.958953278328088,0.7773359995689721,Alanine HN,Glutamate HN,89
1186,H,7.88558,-13.034,-0.735076,12,['1182'],,"0.316608, -0.188247, -0.227934",-0.3627605111210434,-0.9954949573009833,0.3573149216888567,Alanine HA,Glutamate HA,89
1187,C,5.963548,-13.466103,0.29456,153,"['1182', '1188', '1192', '1193']",,"-0.005961, -0.289654, 0.288685",-0.4980805973506259,0.2769827472602251,-1.460254683522029,Glutamate CB,Glutamate CB,89
1188,C,6.309425,-14.573964,1.331591,155,"['1187', '1189', '1194', '1195']",,"0.321506, 0.454510, -0.506896",-2.023957497438322,0.4833334405425311,-1.6872772959897624,Glutamate CG,Glutamate CG,89
1189,C,5.142065,-15.171761,2.084987,157,"['1188', '1190', '1191']",,"0.654888, -0.022420, -0.238476",-2.4191551749764315,1.2017222519493702,-2.9582739391556494,Glutamate CD,Glutamate CD,89
1190,O,4.248168,-14.396528,2.516951,158,['1189'],,"0.981618, 0.454167, -0.081895",-1.7587353794405467,2.2178501482831265,-3.3017280702280174,Glutamate OE,Glutamate OE,89
1191,O,5.027895,-16.425901,2.225826,158,['1189'],,"0.271462, 0.324227, -0.143991",-3.349391729970839,0.7601792570256776,-3.6968112014565775,Glutamate OE,Glutamate OE,89
1192,H,5.53147,-13.945227,-0.612174,154,['1187'],,"0.031305, 0.073550, -0.025831",-0.1449353905024417,-0.5465078834945832,-2.120231498383885,Glutamate HB,Glutamate HB,89
1193,H,5.136,-12.847405,0.694001,154,['1187'],,"-0.008650, 0.017361, -0.011649",0.0429728920895979,1.1704036206690782,-1.8293566809575887,Glutamate HB,Glutamate HB,89
1194,H,6.977915,-14.1683,2.12347,156,['1188'],,"0.163346, 0.065836, 0.082489",-2.4575651961167253,1.0999316610212118,-0.8685554202674,Glutamate HG,Glutamate HG,89
1195,H,6.857978,-15.394611,0.825746,156,['1188'],,"0.053892, -0.016246, -0.068119",-2.53648995234147,-0.5000849703268784,-1.6660695550201152,Glutamate HG,Glutamate HG,89
1196,N,6.548075,-11.540607,-2.385294,7,"['1183', '1197', '1200']",,"0.255887, -0.227094, -0.134033",-0.4581407532298007,1.0939782980356922,0.8559846700794124,Alanine N,Valine N,90
1197,CA,5.844527,-10.711008,-3.363137,8,"['1196', '1198', '1201', '1202']",,"0.544680, 0.254441, 0.338281",0.0,0.0,0.0,Alanine CA,Valine CA,90
1198,C,4.806018,-11.585343,-4.076163,9,"['1197', '1199', '1212']",,"0.023390, 0.454743, 0.076736",1.5334173313165602,-5.637851296924623e-17,0.0,Alanine C,Valine C,90
1199,O,5.046049,-12.759966,-4.368447,11,['1198'],,"-0.144465, 0.482179, -0.075066",2.17652062627105,1.0531866699520458,0.0,Alanine O,Valine O,90
1200,HN,7.031229,-12.355748,-2.78695,10,['1196'],,"0.225985, -0.374283, -0.155599",-0.1338078467548248,2.0266461660685287,0.5658829747214256,Alanine HN,Valine HN,90
1201,H,5.287376,-9.90427,-2.821642,12,['1197'],,"-0.175392, 0.278588, 0.222447",-0.334450996977238,-0.9727908044304936,0.44303595103152,Alanine HA,Valine HA,90
1202,C,6.779628,-9.999523,-4.408779,15,"['1197', '1203', '1204', '1205']",,"0.212590, 0.132125, -0.118244",-0.5527634857656483,0.0473183242365629,-1.471803479607808,Valine CB,Valine CB,90
1203,C,7.895442,-9.2066,-3.688983,17,"['1202', '1206', '1207', '1208']",,"0.036235, -0.007633, 0.008566",-2.095263643368671,0.1594033328406869,-1.4697388290651237,Valine CG,Valine CG,90
1204,C,7.427646,-10.951364,-5.446363,17,"['1202', '1209', '1210', '1211']",,"0.037790, -0.035705, -0.042064",0.0335607499106686,1.1865284260284112,-2.344118450988553,Valine CG,Valine CG,90
1205,H,6.142937,-9.26381,-4.964189,16,['1202'],,"0.039216, -0.016491, 0.004450",-0.2827968758483257,-0.9290422563548582,-1.950308821424316,Valine HB,Valine HB,90
1206,H,8.457244,-8.561361,-4.402312,18,['1203'],,"0.020785, 0.028434, -0.031974",-2.51195995798538,0.020216945606715,-2.4933522558819115,Valine HG,Valine HG,90
1207,H,8.635419,-9.871281,-3.191206,18,['1203'],,"0.000360, -0.018144, 0.003376",-2.448883525109827,1.147156878979399,-1.1003546857308844,Valine HG,Valine HG,90
1208,H,7.478694,-8.536791,-2.906967,18,['1203'],,"0.020122, -0.005067, -0.013361",-2.5585678132054848,-0.6167400099040623,-0.8241206958270393,Valine HG,Valine HG,90
1209,H,8.072752,-10.39608,-6.165303,18,['1204'],,"0.031093, -0.008155, -0.026603",-0.3856530528328283,1.1697493655299895,-3.376278829132437,Valine HG,Valine HG,90
1210,H,6.662503,-11.475992,-6.061179,18,['1204'],,"0.008738, -0.019685, -0.010883",1.1367752974667162,1.0942390363189434,-2.4584748819260382,Valine HG,Valine HG,90
1211,H,8.060236,-11.731816,-4.968016,18,['1204'],,"0.014078, -0.020907, 0.005558",-0.1722852063502991,2.194084966893863,-1.9192084086698848,Valine HG,Valine HG,90
1212,N,3.614979,-11.028093,-4.389703,7,"['1198', '1213', '1216']",,"-0.009029, 0.204621, 0.145103",-0.4796394746566527,0.6187577983367871,1.2274943734036023,Alanine N,Alanine N,91
1213,CA,2.587142,-11.704615,-5.167859,8,"['1212', '1214', '1217', '1218']",,"0.120383, -0.403183, 0.649040",0.0,0.0,0.0,Alanine CA,Alanine CA,91
1214,C,2.066934,-10.755274,-6.249197,9,"['1213', '1215', '1222']",,"0.213068, -0.463609, -0.077015",1.5300838433853878,-1.1102230246251563e-16,-4.748805515486509e-17,Alanine C,Alanine C,91
1215,O,1.487765,-9.701949,-5.946461,11,['1214'],,"0.106735, -0.427330, -0.291322",2.1665803461222657,1.0636971250716631,7.26415455565288e-18,Alanine O,Alanine O,91
1216,HN,3.345561,-10.119608,-3.984154,10,['1212'],,"-0.101187, 0.257162, 0.264692",-0.1109799955009575,1.5599019507007932,1.4293332156755716,Alanine HN,Alanine HN,91
1217,H,3.027643,-12.60621,-5.664931,12,['1213'],,"0.169023, -0.418811, -0.130848",-0.357869539721087,-1.0599783801159657,-0.0486875182829386,Alanine HA,Alanine HA,91
1218,C,1.435666,-12.155946,-4.238187,13,"['1213', '1219', '1220', '1221']",,"-0.090138, -0.150385, 0.091900",-0.5455581147449238,0.7710766281149914,-1.2254361895797674,Alanine CB,Alanine CB,91
1219,H,0.702225,-12.776227,-4.799177,14,['1218'],,"0.066861, -0.034477, -0.031501",-0.2845897388920549,0.2403724382797114,-2.1675840385068854,Alanine HB,Alanine HB,91
1220,H,0.894849,-11.284513,-3.80997,14,['1218'],,"0.054013, 0.022439, -0.062527",-0.1236354246689157,1.7978830047682135,-1.279271201702968,Alanine HB,Alanine HB,91
1221,H,1.817351,-12.779125,-3.398163,14,['1218'],,"0.040066, 0.005569, -0.025255",-1.655637699581889,0.8494797160491772,-1.1900512072768967,Alanine HB,Alanine HB,91
1222,N,2.301822,-11.101907,-7.538946,7,"['1214', '1223', '1226']",,"0.183568, -0.255066, -0.030877",-0.4721665205818552,1.1845306578281398,0.7111758174480193,Alanine N,Phenylalanine N,92
1223,CA,1.82604,-10.335513,-8.68703,8,"['1222', '1224', '1227', '1228']",,"0.666384, -0.092127, 0.027711",0.0,0.0,0.0,Alanine CA,Phenylalanine CA,92
1224,C,0.372903,-10.729542,-8.978567,9,"['1223', '1225', '1242']",,"0.265495, 0.167645, -0.097600",1.533577456791472,-4.163336342344337e-17,0.0,Alanine C,Phenylalanine C,92
1225,O,-0.057695,-11.8624,-8.746914,11,['1224'],,"0.203083, 0.160829, -0.028215",2.1886218862060307,1.045639418571217,6.245004513516506e-17,Alanine O,Phenylalanine O,92
1226,HN,2.709852,-12.022503,-7.767525,10,['1222'],,"0.074044, -0.252324, -0.083284",-0.5788078461821691,2.0300529487044114,0.1281204867438498,Alanine HN,Phenylalanine HN,92
1227,H,1.840525,-9.246319,-8.424177,12,['1223'],,"0.023694, 0.355691, 0.130221",-0.343545795355049,-0.9125620993523124,0.5521338477122817,Alanine HA,Phenylalanine HA,92
1228,C,2.706678,-10.572661,-9.943865,61,"['1223', '1229', '1235', '1236']",,"0.289826, -0.022680, -0.208169",-0.5345869966256791,-0.0492687208447864,-1.457115648930467,Phenylalanine CB,Phenylalanine CB,92
1229,C,4.075181,-9.931813,-9.821721,63,"['1228', '1230', '1231']",,"0.058978, 0.019122, 0.101730",-2.019184025454188,-0.350034352955528,-1.5197053715979385,Phenylalanine CG,Phenylalanine CG,92
1230,C,4.259562,-8.580704,-10.172478,64,"['1229', '1232', '1237']",,"0.013293, 0.083717, -0.006656",-2.4743604723676977,-1.6823309553857937,-1.5017464902586006,Phenylalanine CD,Phenylalanine CD,92
1231,C,5.194008,-10.665629,-9.39076,64,"['1229', '1233', '1238']",,"0.067004, -0.086360, 0.225758",-2.972709519856937,0.677068882111671,-1.6284952486292332,Phenylalanine CD,Phenylalanine CD,92
1232,C,5.5299,-7.9958,-10.146474,66,"['1230', '1234', '1239']",,"0.048588, 0.007389, -0.014433",-3.833291126597687,-1.9820846874689304,-1.643177422420847,Phenylalanine CE,Phenylalanine CE,92
1233,C,6.457247,-10.069465,-9.331474,66,"['1231', '1234', '1240']",,"0.080634, -0.054343, 0.061967",-4.334133612807003,0.3769747099284342,-1.7341694780787376,Phenylalanine CE,Phenylalanine CE,92
1234,C,6.635748,-8.745531,-9.739228,68,"['1232', '1233', '1241']",,"0.084220, -0.026574, -0.053965",-4.7659210108888725,-0.9507381515702996,-1.7749784004062357,Phenylalanine CZ,Phenylalanine CZ,92
1235,H,2.206891,-10.166192,-10.850468,62,['1228'],,"0.021125, -0.048595, 0.039627",0.006896397872284,-0.8238926947842391,-2.043363485105758,Phenylalanine HB,Phenylalanine HB,92
1236,H,2.822853,-11.66601,-10.138977,62,['1228'],,"0.047222, -0.154622, 0.034527",-0.3266578908098264,0.9139537230397508,-1.9824206741507853,Phenylalanine HB,Phenylalanine HB,92
1237,H,3.40605,-7.964852,-10.499136,65,['1230'],,"-0.007022, 0.122722, 0.082502",-1.7617527016011516,-2.5168570315971417,-1.4006610700515925,Phenylalanine HD,Phenylalanine HD,92
1238,H,5.099506,-11.724917,-9.101307,65,['1231'],,"0.025221, -0.186747, -0.007511",-2.666022509832016,1.735631017355982,-1.6424242782429377,Phenylalanine HD,Phenylalanine HD,92
1239,H,5.657695,-6.94874,-10.46268,67,['1232'],,"-0.024770, 0.020602, -0.044385",-4.163297215818531,-3.0324276331200366,-1.6661582330924298,Phenylalanine HE,Phenylalanine HE,92
1240,H,7.316683,-10.658203,-8.982687,67,['1233'],,"0.065148, -0.073593, 0.024432",-5.063527955424221,1.1951041445798476,-1.8086219006313835,Phenylalanine HE,Phenylalanine HE,92
1241,H,7.641243,-8.294287,-9.73009,69,['1234'],,"0.074299, 0.017528, -0.013043",-5.836352287592371,-1.1810877511496445,-1.9008385983782456,Phenylalanine HZ,Phenylalanine HZ,92
1242,N,-0.425112,-9.74373,-9.454653,7,"['1224', '1243', '1246']",,"0.212925, 0.040843, -0.012293",-0.4775044871208009,1.383915193978421,-0.0643992301519936,Alanine N,Aspartate N,93
1243,CA,-1.851892,-9.91448,-9.74192,8,"['1242', '1244', '1247', '1248']",,"0.107801, 0.385541, 0.706081",0.0,0.0,0.0,Alanine CA,Aspartate CA,93
1244,C,-2.026505,-10.261253,-11.238407,9,"['1243', '1245', '1254']",,"-0.227321, 0.101774, 0.234214",1.546031873690514,2.775557561562892e-17,-5.551115123125783e-17,Alanine C,Aspartate C,93
1245,O,-1.067161,-10.409767,-12.003056,11,['1244'],,"-0.212240, 0.190865, 0.272445",2.211137177799426,1.0414990860193738,-1.1102230246251563e-16,Alanine O,Aspartate O,93
1246,HN,-0.010375,-8.848753,-9.75147,10,['1242'],,"0.082297, 0.098594, -0.039449",-0.4377831515377212,1.8308678565866563,-0.9916243776075092,Alanine HN,Aspartate HN,93
1247,H,-2.215439,-10.811196,-9.180139,12,['1243'],,"-0.064708, -0.299461, 0.174932",-0.3015856538940512,-0.4268566539641121,0.9892943890257652,Alanine HA,Aspartate HA,93
1248,C,-2.607452,-8.662031,-9.205153,137,"['1243', '1249', '1252', '1253']",,"0.485323, 0.276263, 0.026120",-0.7151532611593054,-0.8119395372618023,-1.1211281034628904,Aspartate CB,Aspartate CB,93
1249,C,-4.101966,-8.700543,-8.965191,139,"['1248', '1250', '1251']",,"0.591263, 0.067467, -0.045087",-0.7699926988699997,-2.324227153480571,-1.0699828819175057,Aspartate CG,Aspartate CG,93
1250,O,-4.786173,-9.606799,-9.51825,140,['1249'],,"0.164652, 0.381780, 0.169339",0.0458909669052537,-2.940214942224545,-0.3282239575320654,Aspartate OD,Aspartate OD,93
1251,O,-4.631202,-7.864231,-8.190631,140,['1249'],,"0.370863, 0.010517, -0.483063",-1.6475411694519142,-2.9392327902530564,-1.7265866034706303,Aspartate OD,Aspartate OD,93
1252,H,-2.391083,-7.810513,-9.886087,138,['1248'],,"0.070690, 0.178321, -0.229860",-0.2714725072757581,-0.5174687679371843,-2.096834983364685,Aspartate HB,Aspartate HB,93
1253,H,-2.1458,-8.36863,-8.233575,138,['1248'],,"0.192816, 0.026893, 0.046605",-1.773545303380912,-0.4659623395885329,-1.1783696062482645,Aspartate HB,Aspartate HB,93
1254,N,-3.29524,-10.528826,-11.638618,7,"['1244', '1255', '1258']",,"-0.249250, 0.147799, 0.246568",-0.6226799771982561,-1.2604979027014087,-0.347292534765331,Alanine N,Lysine N,94
1255,CA,-3.755642,-10.873373,-12.967721,8,"['1254', '1256', '1259', '1260']",,"-0.050839, -0.152619, 0.200001",0.0,0.0,0.0,Alanine CA,Lysine CA,94
1256,C,-3.605756,-9.771696,-14.023574,9,"['1255', '1257', '1276']",,"0.132208, 0.151720, 0.026875",1.5332917474942604,2.220446049250313e-16,-1.3877787807814457e-17,Alanine C,Lysine C,94
1257,O,-3.702323,-10.081753,-15.207041,11,['1256'],,"0.076099, 0.014025, 0.015816",2.116031775189704,1.0800318184889344,1.3877787807814457e-17,Alanine O,Lysine O,94
1258,HN,-4.043291,-10.384122,-10.952471,10,['1254'],,"-0.296093, 0.215511, 0.416001",-1.0643282630353483,-1.7487202268153266,0.4387755320583779,Alanine HN,Lysine HN,94
1259,H,-3.096685,-11.690833,-13.352987,12,['1255'],,"0.213251, -0.071233, -0.286021",-0.2576314587654661,0.7369296363441924,-0.8009093661189094,Alanine HA,Lysine HA,94
1260,C,-5.229812,-11.408581,-12.944745,182,"['1255', '1261', '1265', '1266']",,"-0.194304, 0.078805, -0.229889",-0.5444776366456796,0.5540565808048773,1.3626144345336806,Lysine CB,Lysine CB,94
1261,C,-6.343904,-10.365142,-12.657786,184,"['1260', '1262', '1267', '1268']",,"0.013036, 0.081084, 0.048128",-0.1012746821038898,-0.1994579349572553,2.6463972878570865,Lysine CG,Lysine CG,94
1262,C,-7.76031,-11.000588,-12.668737,186,"['1261', '1263', '1269', '1270']",,"0.131497, -0.394510, 0.068802",-0.6887643284331653,0.4385940434352398,3.933977610974182,Lysine CD,Lysine CD,94
1263,C,-8.905282,-10.076104,-12.19863,188,"['1262', '1264', '1271', '1272']",,"0.006497, 0.334591, -0.175052",-0.4601688241673919,-0.3629046541966586,5.23473741647743,Lysine CE,Lysine CE,94
1264,N,-9.031368,-8.833297,-12.949732,190,"['1263', '1273', '1274', '1275']",,"0.010115, 0.293163, 0.012080",0.937690822994783,-0.6396090965923916,5.541403670641639,Lysine NZ,Lysine NZ,94
1265,H,-5.331609,-12.222739,-12.192053,183,['1260'],,"-0.127468, 0.165543, -0.095698",-1.6577225211717348,0.5727706864779893,1.352779071681906,Lysine HB,Lysine HB,94
1266,H,-5.435144,-11.87992,-13.938083,183,['1260'],,"0.001546, 0.057921, -0.129973",-0.2191780447877584,1.6206806205078368,1.4494211097021978,Lysine HB,Lysine HB,94
1267,H,-6.283139,-9.542693,-13.409155,185,['1261'],,"0.056367, 0.027838, 0.026049",1.013005222755767,-0.2188916676344635,2.6980958434189746,Lysine HG,Lysine HG,94
1268,H,-6.165315,-9.880234,-11.666863,185,['1261'],,"0.000780, 0.052754, 0.098705",-0.4177761186648511,-1.2696870875298207,2.5881341524054298,Lysine HG,Lysine HG,94
1269,H,-7.774338,-11.899795,-12.002769,187,['1262'],,"-0.065831, -0.088108, 0.080388",-1.7948177487443884,0.5650259818894696,3.820205087869754,Lysine HD,Lysine HD,94
1270,H,-7.991981,-11.393871,-13.688319,187,['1262'],,"-0.018382, -0.066769, -0.066967",-0.2918838004165766,1.475299983321679,4.05894586990199,Lysine HD,Lysine HD,94
1271,H,-8.759832,-9.809638,-11.125656,189,['1263'],,"-0.055445, 0.101702, -0.019419",-0.9933631337148384,-1.340450829025476,5.175236654501043,Lysine HE,Lysine HE,94
1272,H,-9.879021,-10.618136,-12.251164,189,['1263'],,"-0.047353, 0.068554, -0.006442",-0.90863262829321,0.1793033852581368,6.100541556361611,Lysine HE,Lysine HE,94
1273,HN,-9.754867,-8.25681,-12.530691,191,['1264'],,"0.036544, 0.103061, 0.180243",0.9926147477792376,-1.2292262314967934,6.366460287222829,Lysine HN,Lysine HN,94
1274,HN,-9.261932,-8.964757,-13.929292,191,['1264'],,"-0.027840, 0.043780, 0.116576",1.495240677386862,0.1912879830820859,5.7108955175010045,Lysine HN,Lysine HN,94
1275,HN,-8.193396,-8.253393,-12.874426,191,['1264'],,"0.225311, 0.314483, 0.120316",1.3844127891837803,-1.2045634461381505,4.816543143719692,Lysine HN,Lysine HN,94
1276,N,-3.47764,-8.489688,-13.614318,1,"['1256', '1277', '1280']",,"0.084176, 0.087386, 0.220107",-0.5763286373737846,1.2816879285744534,-0.3481413028001712,Glycine N,Glycine N,95
1277,CA,-3.255481,-7.361524,-14.494075,2,"['1276', '1278', '1281', '1282']",,"-0.522876, -0.342402, 0.226302",0.0,0.0,0.0,Glycine CA,Glycine CA,95
1278,C,-1.781148,-7.122053,-14.815589,3,"['1277', '1279', '1283']",,"-0.377411, 0.110141, 0.042073",1.527866292227824,6.938893903907227e-17,-5.551115123125783e-17,Glycine C,Glycine C,95
1279,O,-0.912666,-7.970939,-14.59616,5,['1278'],,"-0.178421, 0.097688, -0.004609",2.186692658654333,1.0435350163086257,-2.775557561562892e-17,Glycine O,Glycine O,95
1280,HN,-3.361307,-8.23406,-12.624805,4,['1276'],,"0.114831, 0.140827, 0.219345",-0.6322322262149623,1.4139237331472283,-1.3666713706850957,Glycine HN,Glycine HN,95
1281,H,-3.798328,-7.505469,-15.45632,6,['1277'],,"-0.083783, -0.037957, -0.179411",-0.3438996349934872,-0.3199071031959571,1.0103024076162128,Glycine HA,Glycine HA,95
1282,H,-3.690657,-6.44652,-14.033993,6,['1277'],,"-0.112832, 0.216535, 0.004841",-0.3733312409427414,-0.7740620081073535,-0.7069212897182859,Glycine HA,Glycine HA,95
1283,N,-1.502297,-5.921139,-15.397197,7,"['1278', '1284', '1287']",,"-0.203748, 0.112820, -0.033013",-0.4915624257090717,0.8849517475557617,1.055680214428127,Alanine N,Glutamine N,96
1284,CA,-0.160538,-5.48559,-15.783479,8,"['1283', '1285', '1288', '1289']",,"-0.488215, 0.065837, -0.279281",0.0,0.0,0.0,Alanine CA,Glutamine CA,96
1285,C,0.753315,-5.47105,-14.54822,9,"['1284', '1286', '1300']",,"0.009155, -0.114657, -0.220147",1.536620810183826,1.1102230246251563e-16,0.0,Alanine C,Glutamine C,96
1286,O,0.404057,-4.907481,-13.508126,11,['1285'],,"0.247508, -0.122025, -0.193840",2.170355099136676,1.0581906955584262,0.0,Alanine O,Glutamine O,96
1287,HN,-2.27191,-5.25563,-15.560642,10,['1283'],,"-0.198876, 0.096568, 0.012929",-1.0743565342808972,1.681776165390686,0.7601424993543903,Alanine HN,Glutamine HN,96
1288,H,0.244962,-6.239514,-16.503339,12,['1284'],,"0.093824, -0.189184, -0.190218",-0.3446577084535536,-1.0364984094083922,0.240649493399463,Alanine HA,Glutamine HA,96
1289,C,-0.128797,-4.079568,-16.465367,167,"['1284', '1290', '1294', '1295']",,"-0.152762, 0.119282, -0.478779",-0.5159751291824236,0.3771230744636082,-1.4263325183425142,Glutamine CB,Glutamine CB,96
1290,C,-0.837538,-4.028645,-17.842723,169,"['1289', '1291', '1296', '1297']",,"0.081015, 0.119518, -0.001244",-2.0442220774819626,0.1996076882837114,-1.6133246583606042,Glutamine CG,Glutamine CG,96
1291,C,-0.883746,-2.694856,-18.587875,171,"['1290', '1292', '1293']",,"0.233973, 0.129436, 0.031211",-2.658094892089461,0.5604356331828786,-2.965856780180531,Glutamine CD,Glutamine CD,96
1292,O,-1.827644,-2.432894,-19.332986,172,['1291'],,"0.125778, -0.062341, 0.179269",-3.815947335887976,0.972538013823114,-3.031486593752221,Glutamine OE1,Glutamine OE1,96
1293,N,0.162147,-1.857705,-18.43276,173,"['1291', '1298', '1299']",,"0.228173, 0.123349, -0.011650",-1.9034703136840168,0.3616137798343299,-4.065759613967432,Glutamine NE2,Glutamine NE2,96
1294,H,0.939605,-3.781292,-16.600515,168,['1289'],,"0.016013, 0.009629, 0.030336",0.0136002333409104,-0.2666413540642564,-2.170532547672312,Glutamine HB,Glutamine HB,96
1295,H,-0.577294,-3.315724,-15.788108,168,['1289'],,"0.063331, -0.023764, 0.057749",-0.2310406580375074,1.4269907845104706,-1.671030509712132,Glutamine HB,Glutamine HB,96
1296,H,-1.894437,-4.371472,-17.761755,170,['1290'],,"-0.079892, -0.032848, -0.118376",-2.61093220527909,0.7848346562132337,-0.8534097340340842,Glutamine HG,Glutamine HG,96
1297,H,-0.348949,-4.748724,-18.53851,170,['1290'],,"0.014023, -0.045809, -0.099270",-2.319793367594415,-0.8640028046263748,-1.4285390800047144,Glutamine HG,Glutamine HG,96
1298,HN,1.022134,-2.150677,-17.95408,174,['1293'],,"0.169858, -0.011276, -0.017369",-1.0099931096451416,-0.1428531594723443,-4.023850565273531,Glutamine HE2,Glutamine HE2,96
1299,HN,0.161527,-0.958815,-18.933943,174,['1293'],,"0.112962, 0.070292, -0.040548",-2.298224527369587,0.5843476680441348,-4.989743781477585,Glutamine HE2,Glutamine HE2,96
1300,N,1.938443,-6.1282,-14.673018,7,"['1285', '1301', '1304']",,"-0.033937, -0.158544, -0.041586",-0.6465930786384442,-1.2698848128679647,-0.2819351714315786,Alanine N,Arginine N,97
1301,CA,2.88952,-6.326696,-13.593097,8,"['1300', '1302', '1305', '1306']",,"-0.138089, -0.455749, 0.096120",0.0,0.0,0.0,Alanine CA,Arginine CA,97
1302,C,3.82718,-5.155035,-13.286451,9,"['1301', '1303', '1324']",,"-0.125285, -0.010972, -0.200723",1.531674751321899,-5.551115123125783e-17,5.551115123125783e-17,Alanine C,Arginine C,97
1303,O,4.483887,-5.180539,-12.24342,11,['1302'],,"-0.036398, -0.075675, -0.390835",2.1230059897067584,1.0817372931244562,1.1102230246251563e-16,Alanine O,Arginine O,97
1304,HN,2.231003,-6.490941,-15.590694,10,['1300'],,"0.038537, -0.029217, -0.093689",-0.928695625229416,-1.8143524253727248,0.5446692078196153,Alanine HN,Arginine HN,97
1305,H,2.306267,-6.417614,-12.640853,12,['1301'],,"-0.183238, 0.036020, 0.406434",-0.2359614982502533,0.6952185767436085,-0.8462931419804176,Alanine HA,Arginine HA,97
1306,C,3.727743,-7.638002,-13.770315,202,"['1301', '1307', '1313', '1314']",,"0.217522, -0.197235, 0.051999",-0.5254255913139795,0.656136348657929,1.32172632676027,Arginine CB,Arginine CB,97
1307,C,2.943336,-8.950104,-13.533941,204,"['1306', '1308', '1315', '1316']",,"0.203811, 0.178309, 0.174777",-1.9619986402194307,1.2240877497952918,1.2413040099968258,Arginine CG,Arginine CG,97
1308,C,2.076918,-9.458203,-14.703373,206,"['1307', '1309', '1317', '1318']",,"0.042304, 0.271921, 0.004423",-3.1151983830934227,0.2128856659660832,1.3962770587627986,Arginine CD,Arginine CD,97
1309,N,1.258547,-10.561673,-14.216649,208,"['1308', '1310', '1319']",,"0.108840, 0.137052, -0.026424",-4.36284873848169,0.8934166871567852,1.072976105139592,Arginine NE,Arginine NE,97
1310,C,1.550591,-11.871838,-14.245224,210,"['1309', '1311', '1312']",,"0.103868, -0.018144, -0.055639",-5.192002359626742,1.527305911836684,1.917563151667516,Arginine CZ,Arginine CZ,97
1311,N,2.571074,-12.416013,-14.912565,211,"['1310', '1320', '1321']",,"0.113480, -0.058853, -0.049366",-5.117156171348153,1.4752791661093472,3.249684489993792,Arginine NH,Arginine NH,97
1312,N,0.735899,-12.673253,-13.541691,211,"['1310', '1322', '1323']",,"0.091055, 0.081276, -0.041180",-6.162936443010648,2.2607332757624587,1.3515957968259629,Arginine NH,Arginine NH,97
1313,H,4.546343,-7.617726,-13.00747,203,['1306'],,"0.064031, 0.034633, 0.069076",0.1439387377781916,1.5222599283785745,1.554601636297119,Arginine HB,Arginine HB,97
1314,H,4.270984,-7.647417,-14.745506,203,['1306'],,"0.145995, -0.041227, -0.027183",-0.395302829815828,-0.0252766106232598,2.19633558731652,Arginine HB,Arginine HB,97
1315,H,2.31682,-8.81178,-12.622033,205,['1307'],,"-0.004219, -0.014223, 0.012949",-2.057160629213638,1.771776468308343,0.2747569127686573,Arginine HG,Arginine HG,97
1316,H,3.685512,-9.742648,-13.263821,205,['1307'],,"0.060545, -0.032904, 0.031057",-2.0598346395232463,2.007274423990385,2.0343757418820663,Arginine HG,Arginine HG,97
1317,H,2.712818,-9.745906,-15.569862,207,['1308'],,"0.126868, 0.113742, -0.144260",-3.119466767468996,-0.2274368629471259,2.418061216379416,Arginine HD,Arginine HD,97
1318,H,1.402773,-8.653376,-15.072524,207,['1308'],,"-0.159065, 0.157655, -0.033333",-2.986145573918104,-0.6418421393406253,0.6953660850760293,Arginine HD,Arginine HD,97
1319,HN,0.403737,-10.242029,-13.731781,209,['1309'],,"-0.156129, -0.001585, 0.106320",-4.544560882621817,0.9337892537342092,0.0564525427958804,Arginine HE,Arginine HE,97
1320,HN,3.208942,-11.844453,-15.482307,212,['1311'],,"0.062950, -0.066511, -0.066958",-4.403513301825994,0.9095756637390566,3.728073210360572,Arginine HH,Arginine HH,97
1321,HN,2.747958,-13.429648,-14.878102,212,['1311'],,"0.046240, -0.042513, -0.018717",-5.777356128502427,2.000689122148718,3.83960987147708,Arginine HH,Arginine HH,97
1322,HN,-0.036685,-12.250055,-13.007332,212,['1312'],,"0.049528, 0.139176, 0.002270",-6.205189193858792,2.3200672853608646,0.3238719499236243,Arginine HH,Arginine HH,97
1323,HN,0.928906,-13.682074,-13.472136,212,['1312'],,"0.064355, 0.025793, -0.010220",-6.802558213027738,2.818405066440674,1.9344298858401143,Arginine HH,Arginine HH,97
1324,N,3.921274,-4.118134,-14.14827,7,"['1302', '1325', '1328']",,"0.003170, 0.029085, -0.213762",-0.4772969425695959,1.1296986497062842,0.7908285378395976,Alanine N,Threonine N,98
1325,CA,4.759484,-2.94812,-13.90762,8,"['1324', '1326', '1329', '1330']",,"0.109824, -0.510669, 0.286720",0.0,0.0,0.0,Alanine CA,Threonine CA,98
1326,C,4.014142,-1.68928,-14.38173,9,"['1325', '1327', '1338']",,"0.435131, 0.121294, 0.364664",1.537853417808082,5.551115123125783e-17,0.0,Alanine C,Threonine C,98
1327,O,3.274088,-1.718761,-15.378667,11,['1326'],,"0.155628, 0.188313, 0.468479",2.1797476686301005,1.0632046863175697,-1.1102230246251563e-16,Alanine O,Threonine O,98
1328,HN,3.384731,-4.068477,-15.02382,10,['1324'],,"-0.063740, 0.072067, -0.149147",0.0933200297142427,1.9782645969175623,0.6846960019561452,Alanine HN,Threonine HN,98
1329,H,4.920922,-2.841815,-12.80622,12,['1325'],,"0.180987, 0.059378, 0.488839",-0.3307794382126753,-0.9483665943671132,0.4915594641681012,Alanine HA,Threonine HA,98
1330,C,6.152708,-3.064173,-14.602029,37,"['1325', '1331', '1332', '1333']",,"0.499171, -0.252667, 0.143759",-0.5561611140787786,0.0203526297112977,-1.4584292433698962,Threonine CB,Threonine CB,98
1331,OH,5.957747,-3.350952,-15.982418,39,"['1330', '1334']",,"-0.061826, 0.211161, 0.032699",-0.2708543553128049,1.2861110647822762,-2.043391990159912,Threonine OG1,Threonine OG1,98
1332,C,7.052012,-4.194291,-14.059972,41,"['1330', '1335', '1336', '1337']",,"0.151730, -0.097773, 0.131000",-2.084214049518729,-0.1600122626976782,-1.569167229935712,Threonine CG2,Threonine CG2,98
1333,H,6.677474,-2.080524,-14.505095,38,['1330'],,"-0.061023, 0.080436, -0.015030",-0.0351952150076469,-0.7776087140422934,-2.045108999448944,Threonine HB,Threonine HB,98
1334,HO,5.717439,-2.54568,-16.430044,40,['1331'],,"0.012450, 0.071516, -0.022136",0.6427855250592944,1.2991804276323968,-2.3111069980925043,Threonine HG1,Threonine HG1,98
1335,H,8.040542,-4.208086,-14.573592,42,['1332'],,"0.027884, 0.020083, -0.003707",-2.4162653626977373,-0.1656276248704792,-2.6326039983656755,Threonine HG2,Threonine HG2,98
1336,H,6.600914,-5.204939,-14.178472,42,['1332'],,"-0.009001, 0.004343, 0.025148",-2.6563360720831715,0.6385269795185557,-1.0457625056109356,Threonine HG2,Threonine HG2,98
1337,H,7.259377,-4.052805,-12.977002,42,['1332'],,"-0.007615, 0.021215, -0.007160",-2.402772703170033,-1.131419136960774,-1.132438914916787,Threonine HG2,Threonine HG2,98
1338,N,4.230442,-0.551521,-13.674867,7,"['1326', '1339', '1342']",,"0.293465, 0.003506, 0.236007",-0.4550514415954024,1.3920939450213512,0.0280034358219882,Alanine N,Aspartate N,99
1339,CA,3.729587,0.762713,-14.084397,8,"['1338', '1340', '1343', '1344']",,"-0.171193, -0.204714, 0.671846",0.0,0.0,0.0,Alanine CA,Aspartate CA,99
1340,C,4.69501,1.335881,-15.132075,9,"['1339', '1341', '1350']",,"-0.130271, 0.020291, 0.130933",1.5356406861101992,-1.1102230246251563e-16,0.0,Alanine C,Aspartate C,99
1341,O,5.704316,0.721895,-15.480877,11,['1340'],,"-0.224252, -0.006926, 0.007411",2.178969747056365,1.05046083429042,2.220446049250313e-16,Alanine O,Aspartate O,99
1342,HN,4.937245,-0.538097,-12.922003,10,['1338'],,"0.291519, 0.026387, 0.260158",-0.5193249209214894,1.8527364297565936,-0.8940769881071077,Alanine HN,Aspartate HN,99
1343,H,2.75009,0.627352,-14.603843,12,['1339'],,"-0.259592, -0.073261, -0.191189",-0.3119228240196713,-0.4984951384060612,0.9496145897610856,Alanine HA,Aspartate HA,99
1344,C,3.5278,1.706238,-12.861404,137,"['1339', '1345', '1348', '1349']",,"-0.544017, -0.053462, -0.072646",-0.6090710818063603,-0.7784442989751412,-1.2040457581600992,Aspartate CB,Aspartate CB,99
1345,C,4.744266,2.088641,-12.046205,139,"['1344', '1346', '1347']",,"-0.278429, -0.181537, -0.197985",-0.2577393120897024,-0.3189970265086305,-2.602632610871379,Aspartate CG,Aspartate CG,99
1346,O,5.862515,1.610023,-12.359813,140,['1345'],,"-0.190042, 0.094244, -0.072227",0.4805942023725715,0.6871479273371209,-2.7456079474211474,Aspartate OD,Aspartate OD,99
1347,O,4.602554,2.897805,-11.089604,140,['1345'],,"-0.497551, -0.457723, -0.434010",-0.6974482500004207,-0.9764541357294424,-3.584630748597436,Aspartate OD,Aspartate OD,99
1348,H,2.795556,1.23628,-12.165398,138,['1344'],,"-0.137146, -0.098434, 0.024619",-1.719669593326662,-0.7582613640912468,-1.1166973484186271,Aspartate HB,Aspartate HB,99
1349,H,3.032283,2.646497,-13.195114,138,['1344'],,"-0.112055, 0.012883, -0.034524",-0.3419750801759589,-1.856891025485042,-1.1228125601242425,Aspartate HB,Aspartate HB,99
1350,N,4.36957,2.550616,-15.64966,7,"['1340', '1351', '1354']",,"-0.145541, -0.000746, -0.075980",-0.5916264890892557,-1.17234154932368,-0.6271941674563568,Alanine N,Lysine N,100
1351,CA,5.205933,3.25456,-16.610253,8,"['1350', '1352', '1355', '1356']",,"-0.398518, -0.078416, -0.414094",0.0,0.0,0.0,Alanine CA,Lysine CA,100
1352,C,6.612138,3.591521,-16.086244,9,"['1351', '1353', '1372']",,"-0.176206, 0.025127, 0.074718",1.5380314202339949,0.0,2.0816681711721685e-17,Alanine C,Lysine C,100
1353,O,7.55714,3.693839,-16.865166,11,['1352'],,"-0.146530, 0.199927, 0.309908",2.159073072663099,1.0604359957866978,-1.3877787807814457e-17,Alanine O,Lysine O,100
1354,HN,3.487302,3.010577,-15.389461,10,['1350'],,"-0.059535, 0.053944, -0.000521",-1.2088532402069752,-1.7438366149252682,-0.0355109814152949,Alanine HN,Lysine HN,100
1355,H,5.397223,2.550147,-17.460535,12,['1351'],,"0.177426, -0.246998, -0.277004",-0.2691246547603204,0.8846703462341374,-0.6330081491474735,Alanine HA,Lysine HA,100
1356,C,4.499478,4.521422,-17.187965,182,"['1351', '1357', '1361', '1362']",,"0.028426, 0.248295, -0.251630",-0.5651794513851671,0.2480243655649348,1.4341636067168455,Lysine CB,Lysine CB,100
1357,C,4.458142,5.765515,-16.261449,184,"['1356', '1358', '1363', '1364']",,"0.125392, -0.006828, -0.022707",-0.0147442372539761,-0.6716882711846927,2.5562410089705385,Lysine CG,Lysine CG,100
1358,C,3.952397,7.046788,-16.97419,186,"['1357', '1359', '1365', '1366']",,"0.376069, -0.062229, -0.347028",-0.4392640529425685,-0.2266058812758173,3.980011647421736,Lysine CD,Lysine CD,100
1359,C,2.443714,7.32481,-16.830031,188,"['1358', '1360', '1367', '1368']",,"-0.010422, 0.154936, 0.269236",-1.7086102884993042,-0.9067351235863116,4.52808718262295,Lysine CE,Lysine CE,100
1360,N,2.065831,7.732817,-15.481308,190,"['1359', '1369', '1370', '1371']",,"-0.171883, 0.104911, 0.123853",-1.5052045133614955,-2.31391784067635,4.854862175287149,Lysine NZ,Lysine NZ,100
1361,H,3.468149,4.268092,-17.532954,183,['1356'],,"0.028250, 0.046693, -0.015975",-1.6811512351182127,0.2114887290341965,1.423910293253409,Lysine HB,Lysine HB,100
1362,H,5.055794,4.798031,-18.121276,183,['1356'],,"0.093751, 0.021108, -0.114768",-0.3139248819751312,1.3088698428392742,1.6959793208272902,Lysine HB,Lysine HB,100
1363,H,5.502158,5.981591,-15.925953,185,['1357'],,"0.065581, 0.042674, 0.034426",1.1014310275652694,-0.6205874727966072,2.5287219490704063,Lysine HG,Lysine HG,100
1364,H,3.895156,5.560596,-15.321225,185,['1357'],,"0.079706, 0.036161, -0.004009",-0.2540355784003146,-1.7436445904165692,2.3648892213012545,Lysine HG,Lysine HG,100
1365,H,4.210448,7.016676,-18.060413,187,['1358'],,"0.004634, 0.034555, -0.137946",-0.5800053852302185,0.8807376428280109,4.016885132274846,Lysine HD,Lysine HD,100
1366,H,4.51701,7.931145,-16.588249,187,['1358'],,"0.096377, 0.071109, -0.034555",0.4021959999438034,-0.414409411464254,4.691700070921951,Lysine HD,Lysine HD,100
1367,H,1.819394,6.460121,-17.150735,189,['1359'],,"-0.031683, 0.065028, 0.013159",-2.5781244872804563,-0.8017301646731556,3.840168145629048,Lysine HE,Lysine HE,100
1368,H,2.176992,8.16012,-17.521012,189,['1359'],,"-0.055238, 0.034312, 0.012685",-2.004884586887611,-0.3827681801130848,5.468309680761999,Lysine HE,Lysine HE,100
1369,HN,1.232494,8.315202,-15.560876,191,['1360'],,"-0.242715, 0.257484, -0.087352",-2.166631815059421,-2.554541031659696,5.59281089636985,Lysine HN,Lysine HN,100
1370,HN,2.773437,8.311317,-15.034886,191,['1360'],,"-0.022962, 0.004509, 0.001482",-0.5794105661147164,-2.4976200843317846,5.2340984555099,Lysine HN,Lysine HN,100
1371,HN,1.856755,6.963957,-14.848237,191,['1360'],,"-0.011965, 0.051936, 0.062521",-1.6491187705665435,-2.955146203060273,4.077847221592851,Lysine HN,Lysine HN,100
1372,N,6.795678,3.693096,-14.745669,7,"['1352', '1373', '1376']",,"-0.153300, 0.108005, 0.171707",-0.6123816235011258,-1.2843201444737142,0.3115860178492312,Alanine N,Tyrosine N,101
1373,CA,8.074449,3.97053,-14.105864,8,"['1372', '1374', '1377', '1378']",,"-0.163814, 0.497722, 0.078277",0.0,0.0,0.0,Alanine CA,Tyrosine CA,101
1374,C,8.935796,2.723433,-13.808284,9,"['1373', '1375', '1393']",,"-0.209074, 0.095979, -0.178013",1.544578725160359,-1.942890293094024e-16,-8.326672684688674e-17,Alanine C,Tyrosine C,101
1375,O,9.91387,2.802076,-13.050837,11,['1374'],,"-0.208216, 0.017920, -0.235660",2.172443604282216,1.0687961088529918,-1.1102230246251563e-16,Alanine O,Tyrosine O,101
1376,HN,6.048325,3.452654,-14.082728,10,['1372'],,"-0.084653, -0.086688, 0.113477",-0.7072928005418296,-1.4603514290588846,1.3194771264388656,Alanine HN,Tyrosine HN,101
1377,H,8.697878,4.561103,-14.822978,12,['1373'],,"0.275316, 0.145816, -0.325910",-0.2673297871528894,0.2627959274897136,-1.0541184756760562,Alanine HA,Tyrosine HA,101
1378,C,7.854753,4.820985,-12.817275,70,"['1373', '1379', '1386', '1387']",,"0.137040, 0.189943, 0.184850",-0.5609141450119692,1.1042513547941954,0.9476317416183756,Tyrosine CB,Tyrosine CB,101
1379,C,7.072125,6.086273,-13.115087,72,"['1378', '1380', '1381']",,"0.170043, -0.004874, -0.055922",-2.076326733366111,1.1603289180059797,0.897309871283208,Tyrosine CG,Tyrosine CG,101
1380,C,7.675957,7.176752,-13.767064,73,"['1379', '1382', '1388']",,"0.156487, 0.047503, -0.051549",-2.745661035709077,1.7242946666514838,-0.2039465785302616,Tyrosine CD,Tyrosine CD,101
1381,C,5.712739,6.186279,-12.780871,73,"['1379', '1383', '1389']",,"0.124239, 0.047858, -0.051288",-2.850754231789548,0.6154835619607877,1.933185066164138,Tyrosine CD,Tyrosine CD,101
1382,C,6.940909,8.329895,-14.07201,75,"['1380', '1384', '1390']",,"0.184619, 0.021168, -0.223437",-4.145368516454383,1.7426349493085247,-0.2631834424470279,Tyrosine CE,Tyrosine CE,101
1383,C,4.981873,7.339548,-13.074182,75,"['1381', '1384', '1391']",,"0.144277, 0.012508, 0.009652",-4.245989708538239,0.6432786845059322,1.8805425489128569,Tyrosine CE,Tyrosine CE,101
1384,C,5.588886,8.41675,-13.723178,77,"['1382', '1383', '1385']",,"0.061106, 0.109542, -0.074980",-4.902255892482838,1.2036142245864858,0.7826520637903965,Tyrosine CZ,Tyrosine CZ,101
1385,OH,4.811704,9.477321,-14.063607,78,"['1384', '1392']",,"0.166726, 0.165094, 0.123725",-6.257553051676627,1.1253500361657731,0.7407123654356124,Tyrosine OH,Tyrosine OH,101
1386,H,8.834201,5.106722,-12.370265,71,['1378'],,"0.106400, 0.002478, 0.027485",-0.1593003802602903,2.102450201904947,0.6593828846184722,Tyrosine HB,Tyrosine HB,101
1387,H,7.330974,4.211751,-12.044714,71,['1378'],,"-0.001412, -0.041357, -0.021447",-0.2122643047721381,0.9227971115268204,1.990645956679227,Tyrosine HB,Tyrosine HB,101
1388,H,8.733222,7.125471,-14.074746,74,['1380'],,"0.067962, 0.075111, -0.055876",-2.1739424219101475,2.1341349215888905,-1.052637350471768,Tyrosine HD,Tyrosine HD,101
1389,H,5.196346,5.341257,-12.301214,74,['1381'],,"0.094680, -0.023584, 0.042997",-2.364040827301246,0.1347547071594406,2.7950461794734647,Tyrosine HD,Tyrosine HD,101
1390,H,7.435124,9.15761,-14.605052,76,['1382'],,"0.118264, 0.098808, -0.020961",-4.640761151122815,2.169059972556472,-1.14988643571944,Tyrosine HE,Tyrosine HE,101
1391,H,3.917197,7.397897,-12.803071,76,['1383'],,"0.000771, -0.045169, 0.031255",-4.834593652924832,0.2111782943738184,2.7035099933468523,Tyrosine HE,Tyrosine HE,101
1392,HO,5.001294,10.209924,-13.480913,79,['1385'],,"-0.054051, 0.232921, 0.143664",-6.63106987917346,1.9851258715582216,0.9236181165669528,Tyrosine HH,Tyrosine HH,101
1393,N,8.585336,1.554141,-14.408985,1,"['1374', '1394', '1397']",,"-0.184708, 0.033311, -0.267218",-0.6391060646734256,-1.188407961389763,0.5141403755756537,Glycine N,Glycine N,102
1394,CA,9.310979,0.310893,-14.295464,2,"['1393', '1395', '1398', '1399']",,"0.098769, 0.355238, -0.380164",0.0,0.0,0.0,Glycine CA,Glycine CA,102
1395,C,9.283426,-0.362953,-12.931179,3,"['1394', '1396', '1400']",,"-0.168059, 0.158860, -0.195138",1.5218742263242393,0.0,-1.1102230246251563e-16,Glycine C,Glycine C,102
1396,O,10.17525,-1.149894,-12.607212,5,['1395'],,"-0.134282, 0.075765, -0.020442",2.144585302322903,1.063866400153039,-2.220446049250313e-16,Glycine O,Glycine O,102
1397,HN,7.717874,1.460692,-14.9539,4,['1393'],,"-0.248969, -0.004018, -0.085341",-1.070513558195905,-1.7598865177303635,-0.2244090326872704,Glycine HN,Glycine HN,102
1398,H,8.921472,-0.425413,-15.033845,6,['1394'],,"-0.003834, -0.145529, -0.106748",-0.3288531829248364,0.1857631100176504,-1.0470990310771815,Glycine HA,Glycine HA,102
1399,H,10.380296,0.468339,-14.562065,6,['1394'],,"0.193174, -0.025021, 0.023367",-0.3280671853599199,0.8907725586727859,0.5815499576232102,Glycine HA,Glycine HA,102
1400,N,8.29353,-0.005428,-12.079633,7,"['1395', '1401', '1404']",,"-0.233532, 0.225448, -0.120452",-0.4459256013798415,0.992820122772154,0.9600331025296518,Alanine N,Arginine N,103
1401,CA,8.15482,-0.49684,-10.721149,8,"['1400', '1402', '1405', '1406']",,"0.293404, 0.436499, -0.173576",0.0,0.0,0.0,Alanine CA,Arginine CA,103
1402,C,7.199041,-1.691186,-10.74857,9,"['1401', '1403', '1424']",,"0.327892, 0.041155, 0.221967",1.5299437165458083,-6.938893903907228e-18,-5.551115123125783e-17,Alanine C,Arginine C,103
1403,O,6.153498,-1.6556,-11.407725,11,['1402'],,"0.295078, 0.016006, 0.252312",2.1671441082680696,1.059663863241073,-1.1102230246251563e-16,Alanine O,Arginine O,103
1404,HN,7.489663,0.559993,-12.397636,10,['1400'],,"-0.384974, 0.254156, -0.074719",-0.3794324050028654,1.96279031693352,0.611084042904702,Alanine HN,Arginine HN,103
1405,H,9.157374,-0.840988,-10.365594,12,['1401'],,"0.397124, -0.202570, 0.162920",-0.3640251206563422,-1.0030247430021433,0.3337645926422101,Alanine HA,Arginine HA,103
1406,C,7.620006,0.618418,-9.767394,202,"['1401', '1407', '1413', '1414']",,"-0.068779, -0.001870, 0.069267",-0.5536104680564826,0.3047636580569762,-1.4283240471164154,Arginine CB,Arginine CB,103
1407,C,8.503617,1.888627,-9.800177,204,"['1406', '1408', '1415', '1416']",,"0.091304, -0.311480, -0.298130",-2.0966129380884047,0.4238195424511912,-1.4439157743299205,Arginine CG,Arginine CG,103
1408,C,8.031529,3.03886,-8.901576,206,"['1407', '1409', '1417', '1418']",,"0.011832, -0.282774, -0.144190",-2.7157238987357206,0.7415626603312215,-2.811076233339847,Arginine CD,Arginine CD,103
1409,N,6.771229,3.616912,-9.350615,208,"['1408', '1410', '1419']",,"0.014112, -0.083806, -0.073373",-2.371601907558382,2.076872927032888,-3.282947799610024,Arginine NE,Arginine NE,103
1410,C,6.359562,4.874914,-9.14465,210,"['1409', '1411', '1412']",,"-0.073277, 0.017744, -0.089369",-3.1001742970581923,2.83528943026932,-4.112674870998657,Arginine CZ,Arginine CZ,103
1411,N,7.101827,5.752757,-8.464409,211,"['1410', '1420', '1421']",,"-0.061519, 0.098239, -0.057595",-4.261355878028336,2.407502876700661,-4.615615704056111,Arginine NH,Arginine NH,103
1412,N,5.173923,5.252877,-9.62743,211,"['1410', '1422', '1423']",,"-0.034086, -0.138548, -0.100315",-2.6458905456714525,4.044959646763898,-4.447333856597355,Arginine NH,Arginine NH,103
1413,H,7.560339,0.210582,-8.730694,203,['1406'],,"0.001644, -0.030342, -0.037131",-0.2165402839889897,-0.4976191626047737,-2.12632314733403,Arginine HB,Arginine HB,103
1414,H,6.569526,0.854519,-10.063924,203,['1406'],,"-0.059178, -0.036531, -0.125496",-0.07635657942813,1.2466441947191762,-1.7920158588843509,Arginine HB,Arginine HB,103
1415,H,8.564704,2.266184,-10.849386,205,['1407'],,"0.004161, 0.001920, -0.150368",-2.410708809269173,1.2177505784096518,-0.7240979297691446,Arginine HG,Arginine HG,103
1416,H,9.545799,1.60679,-9.527385,205,['1407'],,"-0.022257, -0.018941, -0.006858",-2.532553815125256,-0.5214859399765736,-1.0485121987551014,Arginine HG,Arginine HG,103
1417,H,8.830391,3.81405,-8.909192,207,['1408'],,"0.157091, -0.063133, -0.063818",-3.819798344504016,0.6480218023758202,-2.704175528504016,Arginine HD,Arginine HD,103
1418,H,7.937104,2.694216,-7.847667,207,['1408'],,"0.025966, -0.073725, 0.097523",-2.4065789471306727,-0.0183158282140716,-3.563029575765581,Arginine HD,Arginine HD,103
1419,HN,6.155003,3.054787,-9.958005,209,['1409'],,"-0.367922, -0.044918, -0.297652",-1.5369288129316585,2.5419233549625124,-2.893473108019257,Arginine HE,Arginine HE,103
1420,HN,7.991841,5.474881,-8.035488,212,['1411'],,"-0.084594, 0.015575, -0.061137",-4.608125526358152,1.4617311997515818,-4.419197879276533,Arginine HH,Arginine HH,103
1421,HN,6.829133,6.742755,-8.426099,212,['1411'],,"-0.093776, 0.251682, -0.050966",-4.86452542028801,3.0486788531510656,-5.145715302483733,Arginine HH,Arginine HH,103
1422,HN,4.644831,4.55971,-10.184738,212,['1412'],,"0.025555, -0.384890, -0.150827",-1.7642514471016362,4.360241674826836,-4.006515544964859,Arginine HH,Arginine HH,103
1423,HN,4.844073,6.221525,-9.526522,212,['1412'],,"0.076019, -0.067074, -0.013334",-3.1978089922091013,4.672055961852032,-5.046832509508564,Arginine HH,Arginine HH,103
1424,N,7.579854,-2.767097,-10.021693,1,"['1402', '1425', '1428']",,"0.315516, -0.048795, 0.115169",-0.5011038595932451,0.7413261043664868,1.1316485105789529,Glycine N,Glycine N,104
1425,CA,6.820337,-3.982161,-9.854208,2,"['1424', '1426', '1429', '1430']",,"0.650358, 0.120474, -0.235348",0.0,0.0,0.0,Glycine CA,Glycine CA,104
1426,C,5.578974,-3.718058,-9.014515,3,"['1425', '1427', '1431']",,"0.075145, -0.226977, -0.475031",1.5217808076812511,-1.1102230246251563e-16,-5.551115123125783e-17,Glycine C,Glycine C,104
1427,O,5.662968,-3.233998,-7.880191,5,['1426'],,"-0.122348, -0.298213, -0.331013",2.163173163244748,1.056728848303436,0.0,Glycine O,Glycine O,104
1428,HN,8.424039,-2.714367,-9.435864,4,['1424'],,"0.277873, 0.138849, 0.208139",-0.8573295129407846,1.6776412866265746,0.8970391592470459,Glycine HN,Glycine HN,104
1429,H,6.566918,-4.415145,-10.847545,6,['1425'],,"-0.029287, -0.090914, -0.166190",-0.4165287967863294,-1.031942607920606,0.0035978871232145,Glycine HA,Glycine HA,104
1430,H,7.439639,-4.748566,-9.336223,6,['1425'],,"0.123834, -0.219046, 0.082376",-0.3523766806818076,0.4680540093991316,-0.9465601780399744,Glycine HA,Glycine HA,104
1431,N,4.391682,-4.025096,-9.578438,7,"['1426', '1432', '1435']",,"-0.020367, -0.024642, -0.276107",-0.4224570921952382,0.4246050317092883,1.3204470433815578,Alanine N,Leucine N,105
1432,CA,3.088595,-3.865364,-8.962979,8,"['1431', '1433', '1436', '1437']",,"0.050307, 0.418855, -0.437376",0.0,0.0,0.0,Alanine CA,Leucine CA,105
1433,C,2.696006,-5.226896,-8.392257,9,"['1432', '1434', '1450']",,"0.064068, 0.258646, 0.093002",1.5276187715621332,0.0,-1.0408340855860844e-17,Alanine C,Leucine C,105
1434,O,2.368642,-6.16294,-9.12552,11,['1433'],,"0.070455, 0.170992, 0.107326",2.172075397289031,1.0515207288292991,-2.949029909160572e-17,Alanine O,Leucine O,105
1435,HN,4.378514,-4.530104,-10.47238,10,['1431'],,"0.016655, -0.171643, -0.346304",-0.3029496591350158,1.428387120119332,1.500664323581118,Alanine HN,Leucine HN,105
1436,H,3.159979,-3.128254,-8.125957,12,['1432'],,"0.076503, 0.295472, 0.355522",-0.3626013021858639,-1.0398391260707334,-0.1904928964176118,Alanine HA,Leucine HA,105
1437,C,2.039266,-3.378727,-10.007025,19,"['1432', '1438', '1441', '1442']",,"-0.096878, 0.110251, -0.144908",-0.5541152426723575,0.9611436167384731,-1.094119836200332,Leucine CB,Leucine CB,105
1438,C,2.398158,-2.027376,-10.688596,21,"['1437', '1439', '1440', '1443']",,"0.107341, -0.016015, 0.019419",-2.10541343924968,1.0725088785853003,-1.1178623014417028,Leucine CG,Leucine CG,105
1439,C,1.380514,-1.744053,-11.817878,23,"['1438', '1444', '1445', '1446']",,"0.066257, -0.021933, 0.014525",-2.518306749979951,2.177660418947457,-2.1175163692963515,Leucine CD,Leucine CD,105
1440,C,2.364301,-0.868271,-9.66148,23,"['1438', '1447', '1448', '1449']",,"0.049959, -0.001109, 0.005031",-2.7460634388135223,-0.2723668822221872,-1.5427325651473804,Leucine CD,Leucine CD,105
1441,H,1.049344,-3.297415,-9.507041,20,['1437'],,"0.033352, -0.002979, -0.023845",-0.1853874703983894,0.6223052105378117,-2.0869791273998826,Leucine HB,Leucine HB,105
1442,H,1.91257,-4.177677,-10.776431,20,['1437'],,"-0.011556, -0.077401, 0.012393",-0.096920994203021,1.9681262878557435,-0.941417868341084,Leucine HB,Leucine HB,105
1443,H,3.419657,-2.087113,-11.139338,22,['1438'],,"0.077012, 0.002807, 0.031628",-2.4830886945498096,1.3534564676244358,-0.103649838256065,Leucine HG,Leucine HG,105
1444,H,1.609315,-0.790559,-12.342605,24,['1439'],,"0.001939, -0.024336, 0.022096",-3.622974107376563,2.3005867104180777,-2.1554411175969825,Leucine HD,Leucine HD,105
1445,H,0.342847,-1.664588,-11.425342,24,['1439'],,"0.050272, 0.010280, 0.004853",-2.1758054334113104,1.9463313754452312,-3.150149761256486,Leucine HD,Leucine HD,105
1446,H,1.385453,-2.548987,-12.587901,24,['1439'],,"-0.004538, -0.061487, 0.001916",-2.089839027930636,3.16702494067444,-1.837423861513994,Leucine HD,Leucine HD,105
1447,H,2.661721,0.099526,-10.123263,24,['1440'],,"0.013057, 0.001860, 0.023418",-3.85759738584249,-0.2232203200600464,-1.522480929957902,Leucine HD,Leucine HD,105
1448,H,3.072426,-1.042515,-8.822683,24,['1440'],,"0.010397, -0.016044, 0.030017",-2.459371100535204,-1.0983459994294844,-0.8564757651956687,Leucine HD,Leucine HD,105
1449,H,1.35602,-0.723703,-9.212395,24,['1440'],,"0.027917, 0.007386, -0.010710",-2.448012138856398,-0.582989058439795,-2.5693226026237355,Leucine HD,Leucine HD,105
1450,N,2.759935,-5.342353,-7.047601,7,"['1433', '1451', '1454']",,"0.121767, 0.179987, 0.035267",-0.5074863567509627,1.339399637648726,0.232582814902772,Alanine N,Alanine N,106
1451,CA,2.510359,-6.574506,-6.322936,8,"['1450', '1452', '1455', '1456']",,"0.519844, -0.118419, -0.632338",0.0,0.0,0.0,Alanine CA,Alanine CA,106
1452,C,1.930513,-6.273235,-4.937921,9,"['1451', '1453', '1460']",,"0.011618, -0.496815, -0.201346",1.5314216105899776,2.775557561562892e-17,1.1102230246251563e-16,Alanine C,Alanine C,106
1453,O,1.88721,-5.1271,-4.469195,11,['1452'],,"0.140409, -0.451645, -0.053769",2.1972074678368285,1.0449563834917108,1.1102230246251563e-16,Alanine O,Alanine O,106
1454,HN,2.987353,-4.527937,-6.457575,10,['1450'],,"0.033355, 0.194058, 0.137459",0.1002413643822496,2.100701083491284,-0.1053671429020257,Alanine HN,Alanine HN,106
1455,H,1.755148,-7.184675,-6.879,12,['1451'],,"-0.220136, -0.211592, -0.200084",-0.3369921938441118,-0.6726693800685095,0.8281359801290962,Alanine HA,Alanine HA,106
1456,C,3.845818,-7.35611,-6.209387,13,"['1451', '1457', '1458', '1459']",,"0.258329, -0.184897, -0.076215",-0.5567167812360636,-0.5069834128710711,-1.3565703717322437,Alanine CB,Alanine CB,106
1457,H,3.706985,-8.341451,-5.715891,14,['1456'],,"-0.012973, 0.001156, -0.025382",-0.2516757327640933,-1.5549692894041411,-1.5624474018262615,Alanine HB,Alanine HB,106
1458,H,4.605708,-6.797764,-5.617649,14,['1456'],,"0.007443, 0.010512, -0.006258",-0.1994276564696914,0.111721181716989,-2.2103185983302875,Alanine HB,Alanine HB,106
1459,H,4.280792,-7.561914,-7.214598,14,['1456'],,"-0.005242, 0.008215, -0.073256",-1.6710102013188526,-0.4916742360297466,-1.3676439744721185,Alanine HB,Alanine HB,106
1460,N,1.462197,-7.3474,-4.266659,7,"['1452', '1461', '1464']",,"-0.010357, -0.254434, -0.191016",-0.3904333779168566,0.7999677820227232,1.141825048348072,Alanine N,Tyrosine N,107
1461,CA,1.103013,-7.379174,-2.864472,8,"['1460', '1462', '1465', '1466']",,"-0.374716, -0.041316, -0.354147",0.0,0.0,0.0,Alanine CA,Tyrosine CA,107
1462,C,2.343065,-7.890581,-2.132984,9,"['1461', '1463', '1481']",,"-0.132966, 0.310693, 0.203500",1.5278549592474415,-1.1102230246251563e-16,5.551115123125783e-17,Alanine C,Tyrosine C,107
1463,O,2.869038,-8.963239,-2.452359,11,['1462'],,"-0.109370, 0.301487, 0.281457",2.1608860559154084,1.0623157736611792,5.551115123125783e-17,Alanine O,Tyrosine O,107
1464,HN,1.480914,-8.268899,-4.725683,10,['1460'],,"0.016091, -0.385180, -0.242182",-0.2865619052325849,1.8158096394753127,1.0095760276497276,Alanine HN,Tyrosine HN,107
1465,H,0.873113,-6.346614,-2.515557,12,['1461'],,"-0.048150, 0.339033, 0.124459",-0.3651650490926234,-1.0437375225934695,0.1343216724011013,Alanine HA,Tyrosine HA,107
1466,C,-0.114578,-8.300544,-2.5868,70,"['1461', '1467', '1474', '1475']",,"-0.161329, -0.051789, 0.078795",-0.5468891835240475,0.5698976613446862,-1.3359195845196892,Tyrosine CB,Tyrosine CB,107
1467,C,-1.313189,-7.897892,-3.419785,72,"['1466', '1468', '1469']",,"0.197707, 0.132330, -0.024516",-2.0533002056472887,0.7179653989452354,-1.2976736676465364,Tyrosine CG,Tyrosine CG,107
1468,C,-2.120625,-6.813868,-3.036353,73,"['1467', '1470', '1476']",,"0.087193, 0.125940, 0.103288",-2.8879109610111966,-0.394322127567545,-1.4984779770897516,Tyrosine CD,Tyrosine CD,107
1469,C,-1.660905,-8.61624,-4.575087,73,"['1467', '1471', '1477']",,"0.153676, 0.063051, -0.123679",-2.6481912779122183,1.9729704158104675,-1.0909855045926722,Tyrosine CD,Tyrosine CD,107
1470,C,-3.233748,-6.442444,-3.796218,75,"['1468', '1472', '1478']",,"0.175619, 0.084578, -0.026218",-4.279477190655951,-0.2628141375650505,-1.4731304681827742,Tyrosine CE,Tyrosine CE,107
1471,C,-2.784806,-8.258041,-5.321428,75,"['1469', '1472', '1479']",,"0.041863, 0.065981, -0.113289",-4.037603690003097,2.1071464487227285,-1.0871369980340897,Tyrosine CE,Tyrosine CE,107
1472,C,-3.583651,-7.174536,-4.937522,77,"['1470', '1471', '1473']",,"-0.036398, 0.070761, -0.243679",-4.864841080370011,0.9951002727303632,-1.2834832185877252,Tyrosine CZ,Tyrosine CZ,107
1473,OH,-4.717056,-6.865895,-5.625671,78,"['1472', '1480']",,"0.202766, 0.022875, -0.247735",-6.217518589547301,1.1352260731706303,-1.3470719229611792,Tyrosine OH,Tyrosine OH,107
1474,H,-0.385815,-8.254492,-1.507722,71,['1466'],,"-0.003184, 0.027227, 0.018953",-0.2658197626494889,-0.1028002525158828,-2.17768981700233,Tyrosine HB,Tyrosine HB,107
1475,H,0.155312,-9.360627,-2.788245,71,['1466'],,"0.058662, 0.018849, 0.013198",-0.0694506043670962,1.549987027348727,-1.556541217167955,Tyrosine HB,Tyrosine HB,107
1476,H,-1.875425,-6.233857,-2.132586,74,['1468'],,"0.016303, 0.020080, 0.116854",-2.4503473191401817,-1.391028439937846,-1.6671349562034874,Tyrosine HD,Tyrosine HD,107
1477,H,-1.049957,-9.470729,-4.909546,74,['1469'],,"0.086220, -0.006031, -0.043173",-2.0264397205556834,2.8683222600220373,-0.9265415673445414,Tyrosine HD,Tyrosine HD,107
1478,H,-3.835832,-5.577221,-3.475252,76,['1470'],,"0.055342, 0.044334, 0.010140",-4.904087389382573,-1.158855748945366,-1.6184118718883345,Tyrosine HE,Tyrosine HE,107
1479,H,-3.058926,-8.850526,-6.206061,76,['1471'],,"-0.059275, 0.046998, -0.059834",-4.485303582986343,3.1024170652310863,-0.9538816039524084,Tyrosine HE,Tyrosine HE,107
1480,HO,-4.629089,-7.199657,-6.517753,79,['1473'],,"0.001761, -0.150047, -0.463695",-6.461504707694022,1.929378109595399,-0.8730056009648908,Tyrosine HH,Tyrosine HH,107
1481,N,2.869704,-7.063385,-1.205165,7,"['1462', '1482', '1485']",,"-0.029431, 0.305608, 0.092882",-0.4069552244343157,0.961549284675752,1.0102749472307844,Alanine N,Isoleucine N,108
1482,CA,4.062771,-7.348313,-0.426543,8,"['1481', '1483', '1486', '1487']",,"0.061025, 0.321253, -0.448643",0.0,0.0,0.0,Alanine CA,Isoleucine CA,108
1483,C,3.579418,-7.941515,0.895296,9,"['1482', '1484', '1500']",,"0.418582, -0.188326, -0.159364",1.5273431432831326,-6.938893903907227e-17,1.1102230246251563e-16,Alanine C,Isoleucine C,108
1484,O,2.654282,-7.406291,1.51437,11,['1483'],,"0.239240, -0.183324, -0.364529",2.148020608602572,1.0678733305933976,-1.1102230246251563e-16,Alanine O,Isoleucine O,108
1485,HN,2.325185,-6.253563,-0.870996,10,['1481'],,"-0.223343, 0.246125, 0.175545",-0.2599519266217701,1.9474564843181248,0.745023071211837,Alanine HN,Isoleucine HN,108
1486,H,4.693378,-8.102833,-0.959585,12,['1482'],,"0.225375, -0.265220, -0.155674",-0.3678405333730905,-1.0197057385440544,0.2756681726299312,Alanine HA,Isoleucine HA,108
1487,C,4.912945,-6.050398,-0.176476,25,"['1482', '1488', '1489', '1491']",,"0.241700, 0.310464, -0.160022",-0.5567259837964074,0.3825415646696836,-1.4190245988903758,Isoleucine CB,Isoleucine CB,108
1488,C,5.226546,-5.286737,-1.504988,27,"['1487', '1490', '1492', '1493']",,"-0.048515, -0.025900, 0.047078",-2.102327704421273,0.6217825246895776,-1.4003985817043083,Isoleucine CG1,Isoleucine CG1,108
1489,C,6.232207,-6.390331,0.570004,29,"['1487', '1494', '1495', '1496']",,"0.052169, -0.033635, 0.068104",-0.1961612546968167,-0.7075737878677306,-2.465390048350825,Isoleucine CG2,Isoleucine CG2,108
1490,C,5.905944,-6.112329,-2.606461,31,"['1488', '1497', '1498', '1499']",,"0.043308, 0.001898, -0.011156",-2.949953996162192,-0.5264837755473171,-0.8352076972353406,Isoleucine CD,Isoleucine CD,108
1491,H,4.313436,-5.366544,0.47878,26,['1487'],,"-0.031489, -0.030844, 0.060134",-0.0655109924223829,1.3390298291752518,-1.735672340151139,Isoleucine HB,Isoleucine HB,108
1492,H,5.860991,-4.397895,-1.28061,28,['1488'],,"0.010354, 0.028470, -0.024527",-2.4541361093563725,0.8521916837763274,-2.4328948342393755,Isoleucine HG1,Isoleucine HG1,108
1493,H,4.280054,-4.869031,-1.920037,28,['1488'],,"0.005566, -0.019665, -0.013192",-2.324230846185777,1.539479695254043,-0.8077924901780588,Isoleucine HG1,Isoleucine HG1,108
1494,H,6.863641,-5.487805,0.730883,30,['1489'],,"0.011935, -0.002197, 0.013982",-0.6072866869446223,-0.4700329290460481,-3.472213940112593,Isoleucine HG2,Isoleucine HG2,108
1495,H,6.850711,-7.141086,0.02935,30,['1489'],,"0.023339, -0.021156, 0.008530",-0.5682216797604844,-1.7168673928376177,-2.1801104051490467,Isoleucine HG2,Isoleucine HG2,108
1496,H,6.030343,-6.808891,1.581742,30,['1489'],,"0.006969, -0.010379, 0.026626",0.9058942674668572,-0.7964907396648859,-2.596243900000878,Isoleucine HG2,Isoleucine HG2,108
1497,H,6.110639,-5.490325,-3.505175,32,['1490'],,"0.021276, -0.013911, 0.004766",-4.034104065169993,-0.2829363491375419,-0.8773876900821329,Isoleucine HD,Isoleucine HD,108
1498,H,5.2828,-6.969994,-2.94075,32,['1490'],,"0.007651, 0.010006, 0.002708",-2.7089532234741616,-0.7503711174675224,0.2266020400404471,Isoleucine HD,Isoleucine HD,108
1499,H,6.882996,-6.514116,-2.266694,32,['1490'],,"0.024047, 0.005675, -0.003192",-2.8090576238719294,-1.4592370181761325,-1.419694325827368,Isoleucine HD,Isoleucine HD,108
1500,N,4.209077,-9.048006,1.338005,7,"['1483', '1501', '1504']",,"0.207159, -0.131507, -0.192306",-0.4478587719841667,0.9024830293328004,1.0384592716058365,Alanine N,Tyrosine N,109
1501,CA,3.961542,-9.709156,2.600961,8,"['1500', '1502', '1505', '1506']",,"-0.290996, -0.124052, -0.403291",0.0,0.0,0.0,Alanine CA,Tyrosine CA,109
1502,C,5.264521,-9.696565,3.406096,9,"['1501', '1503', '1521']",,"-0.324731, 0.073606, 0.281788",1.5317164149890805,-1.1102230246251563e-16,0.0,Alanine C,Tyrosine C,109
1503,O,6.331489,-10.054975,2.897857,11,['1502'],,"-0.242965, 0.194538, 0.307792",2.1692516274741944,1.0577023092943312,1.3877787807814457e-17,Alanine O,Tyrosine O,109
1504,HN,4.987372,-9.453829,0.798053,10,['1500'],,"0.318621, -0.233047, -0.251193",-0.072947290803694,1.8585859571738024,0.953065189194182,Alanine HN,Tyrosine HN,109
1505,H,3.187973,-9.138785,3.163604,12,['1501'],,"-0.270158, 0.201270, 0.257604",-0.357611267741689,-1.0284248880367477,0.2339992557718622,Alanine HA,Tyrosine HA,109
1506,C,3.481589,-11.167494,2.397607,70,"['1501', '1507', '1514', '1515']",,"-0.040922, -0.181213, -0.012672",-0.5271589627383848,0.4254725181654301,-1.3926715399043512,Tyrosine CB,Tyrosine CB,109
1507,C,2.174951,-11.287238,1.639899,72,"['1506', '1508', '1509']",,"0.190466, 0.088901, 0.061122",-2.0379391432214,0.4226823503426609,-1.5079900686290446,Tyrosine CG,Tyrosine CG,109
1508,C,2.104685,-11.222699,0.236976,73,"['1507', '1510', '1516']",,"0.214255, 0.092077, 0.020121",-2.834617242070853,1.4842547013573246,-1.0435940225855609,Tyrosine CD,Tyrosine CD,109
1509,C,0.985283,-11.511494,2.349348,73,"['1507', '1511', '1517']",,"0.068485, 0.066347, 0.151736",-2.6788761979176505,-0.655987699438006,-2.136153425554988,Tyrosine CD,Tyrosine CD,109
1510,C,0.879661,-11.372442,-0.427377,75,"['1508', '1512', '1518']",,"0.201834, 0.054187, 0.037463",-4.227146428538576,1.457824274570009,-1.2005512543698382,Tyrosine CE,Tyrosine CE,109
1511,C,-0.234869,-11.670476,1.69133,75,"['1509', '1512', '1519']",,"0.094431, 0.026983, 0.175165",-4.064006941988919,-0.6818762379542249,-2.302816178304572,Tyrosine CE,Tyrosine CE,109
1512,C,-0.297485,-11.603908,0.294582,77,"['1510', '1511', '1513']",,"0.203636, 0.032692, 0.110537",-4.850914926104629,0.3778694396469433,-1.837013686979558,Tyrosine CZ,Tyrosine CZ,109
1513,OH,-1.487952,-11.791343,-0.350569,78,"['1512', '1520']",,"0.161460, -0.011281, 0.129814",-6.204264100519383,0.3662282027585126,-2.029039372317764,Tyrosine OH,Tyrosine OH,109
1514,H,3.386376,-11.677973,3.381717,71,['1506'],,"0.012038, -0.001939, -0.020600",-0.0950597714277542,-0.2309219812415584,-2.180429984433478,Tyrosine HB,Tyrosine HB,109
1515,H,4.265368,-11.739817,1.867699,71,['1506'],,"0.042174, -0.014726, 0.017445",-0.143671539466116,1.4335317473677387,-1.6364329237329691,Tyrosine HB,Tyrosine HB,109
1516,H,3.017593,-11.057448,-0.359416,74,['1508'],,"0.112497, 0.078668, -0.036183",-2.370167982148237,2.355788137569348,-0.5525658343409376,Tyrosine HD,Tyrosine HD,109
1517,H,0.998185,-11.562194,3.447949,74,['1509'],,"-0.029367, -0.084158, 0.158068",-2.0908464695169005,-1.508121721862388,-2.5072999668951743,Tyrosine HD,Tyrosine HD,109
1518,H,0.859314,-11.325553,-1.525736,76,['1510'],,"0.077585, 0.009508, 0.018628",-4.82141348663855,2.3073827587272167,-0.8343516950245145,Tyrosine HE,Tyrosine HE,109
1519,H,-1.142724,-11.856147,2.289296,76,['1511'],,"-0.048920, -0.064612, 0.076279",-4.52349828210165,-1.545137682338645,-2.812605493044232,Tyrosine HE,Tyrosine HE,109
1520,HO,-2.145454,-12.053611,0.280922,79,['1513'],,"0.049199, -0.009640, 0.082108",-6.433796150395279,-0.3732499125318416,-2.577091762145048,Tyrosine HH,Tyrosine HH,109
1521,N,5.145677,-9.322768,4.697578,7,"['1502', '1522', '1525']",,"-0.184627, 0.153432, 0.162158",-0.39949804937428,0.7979933213669272,1.1438458365972777,Alanine N,Alanine N,110
1522,CA,6.160793,-9.318307,5.73406,8,"['1521', '1523', '1526', '1527']",,"0.072482, 0.756180, -0.280603",0.0,0.0,0.0,Alanine CA,Alanine CA,110
1523,C,5.686748,-10.316735,6.79246,9,"['1522', '1524', '1531']",,"0.449697, 0.103458, -0.024390",1.5302900683233218,1.3877787807814457e-17,1.1102230246251563e-16,Alanine C,Alanine C,110
1524,O,4.571403,-10.208915,7.313308,11,['1523'],,"0.421146, 0.162958, 0.061225",2.1656851198185936,1.0597996928968796,2.220446049250313e-16,Alanine O,Alanine O,110
1525,HN,4.203996,-9.170357,5.084003,10,['1521'],,"-0.388834, -0.000580, 0.171168",0.0600357307197709,1.7189365468083893,1.146808904761989,Alanine HN,Alanine HN,110
1526,H,7.148125,-9.626692,5.313296,12,['1522'],,"0.326426, -0.112652, -0.147103",-0.3956610640644081,-1.040025670250283,0.093632567778898,Alanine HA,Alanine HA,110
1527,C,6.263468,-7.90691,6.343728,13,"['1522', '1528', '1529', '1530']",,"0.164595, 0.305098, 0.226918",-0.5309962208545924,0.6535154811467657,-1.290441492977366,Alanine CB,Alanine CB,110
1528,H,6.907467,-7.904253,7.25204,14,['1527'],,"0.046890, 0.053703, 0.157092",-0.1040052175313293,0.1664328066155229,-2.1960913216895923,Alanine HB,Alanine HB,110
1529,H,5.267913,-7.543069,6.674241,14,['1527'],,"0.007364, -0.063543, 0.051606",-0.2313904162313266,1.7210715722129328,-1.347967389220451,Alanine HB,Alanine HB,110
1530,H,6.69136,-7.166592,5.630681,14,['1527'],,"0.004117, -0.035085, 0.018592",-1.6397293056239313,0.5928137232809665,-1.3718329687402993,Alanine HB,Alanine HB,110
1531,N,6.478124,-11.394723,6.986536,7,"['1523', '1532', '1535']",,"0.355850, 0.108854, -0.070497",-0.6478897825528769,-1.2166745147406588,0.4489741846466952,Alanine N,Aspartate N,111
1532,CA,6.152457,-12.551898,7.796797,8,"['1531', '1533', '1536', '1537']",,"0.552230, 0.460789, 0.551981",0.0,0.0,0.0,Alanine CA,Aspartate CA,111
1533,C,4.795165,-13.208684,7.536757,9,"['1532', '1534', '1543']",,"0.223379, 0.343835, -0.109053",1.5301079127499473,2.775557561562892e-17,8.326672684688674e-17,Alanine C,Aspartate C,111
1534,O,4.275593,-13.936674,8.394167,11,['1533'],,"-0.135130, 0.326463, -0.153396",2.15776538367824,1.0682333596044915,1.942890293094024e-16,Alanine O,Aspartate O,111
1535,HN,7.375075,-11.469336,6.482183,10,['1531'],,"0.307925, -0.051188, -0.230355",-1.3257947068466132,-1.6085910550319715,-0.2228192983846534,Alanine HN,Aspartate HN,111
1536,H,6.847162,-13.345403,7.447053,12,['1532'],,"0.228423, -0.208127, -0.106264",-0.2161985644368477,0.0491831483733218,-1.088772375768936,Alanine HA,Aspartate HA,111
1537,C,6.434941,-12.309299,9.300645,137,"['1532', '1538', '1541', '1542']",,"-0.395078, 0.334451, 0.220201",-0.6102899843081884,1.2629140878030962,0.6578787380988861,Aspartate CB,Aspartate CB,111
1538,C,7.807419,-12.793379,9.687685,139,"['1537', '1539', '1540']",,"-0.346727, 0.378013, -0.082092",-1.685745062073622,1.8678134148850416,-0.2054418560539211,Aspartate CG,Aspartate CG,111
1539,O,7.974186,-14.040476,9.747465,140,['1538'],,"0.281685, 0.661581, 0.343436",-1.3085303968408413,2.4629278087701976,-1.24956050957086,Aspartate OD,Aspartate OD,111
1540,O,8.725144,-11.948504,9.852551,140,['1538'],,"-0.421003, 0.230804, 0.095417",-2.890493179333539,1.6858701627318056,0.1087115557699668,Aspartate OD,Aspartate OD,111
1541,H,5.70507,-12.864157,9.932953,138,['1537'],,"-0.178315, 0.006292, -0.035390",0.1678549121913947,2.0463481077527907,0.8031857926630612,Aspartate HB,Aspartate HB,111
1542,H,6.269145,-11.238532,9.567151,138,['1537'],,"-0.110047, 0.308342, 0.003942",-0.9681297197330972,1.038001605840816,1.6905552746530963,Aspartate HB,Aspartate HB,111
1543,N,4.31575,-13.13146,6.273306,1,"['1533', '1544', '1547']",,"0.131881, -0.043894, -0.149113",-0.6565258142709487,-1.2510880041183592,-0.280791593287635,Glycine N,Glycine N,112
1544,CA,3.054643,-13.658156,5.818013,2,"['1543', '1545', '1548', '1549']",,"0.375337, -0.538365, 0.081025",0.0,0.0,0.0,Glycine CA,Glycine CA,112
1545,C,1.84036,-12.74241,5.923696,3,"['1544', '1546', '1550']",,"0.337011, -0.179004, 0.183402",1.5245467644824806,6.938893903907228e-18,6.938893903907227e-17,Glycine C,Glycine C,112
1546,O,0.79405,-13.046541,5.340349,5,['1545'],,"0.100424, 0.066351, 0.221790",2.134800158919232,1.074776627140925,5.551115123125783e-17,Glycine O,Glycine O,112
1547,HN,4.870192,-12.684389,5.53067,4,['1543'],,"0.103435, 0.090669, -0.034519",-0.8810712486802402,-1.386783421559115,-1.2757552813047015,Glycine HN,Glycine HN,112
1548,H,3.154638,-13.982711,4.762286,6,['1544'],,"0.028308, -0.085888, -0.156623",-0.3477784876844902,0.7649679276452455,-0.723718619186371,Glycine HA,Glycine HA,112
1549,H,2.807483,-14.582578,6.392244,6,['1544'],,"-0.099969, -0.297250, 0.214836",-0.3186042691998916,0.3714304557852377,1.0029536765014493,Glycine HA,Glycine HA,112
1550,N,1.977686,-11.565161,6.590581,7,"['1545', '1551', '1554']",,"0.285563, 0.026096, 0.175681",-0.4406158572796383,1.0060035095701487,0.960109622704238,Alanine N,Lysine N,113
1551,CA,0.964181,-10.523404,6.715264,8,"['1550', '1552', '1555', '1556']",,"0.210039, -0.433213, 0.524625",0.0,0.0,0.0,Alanine CA,Lysine CA,113
1552,C,1.177841,-9.53125,5.570016,9,"['1551', '1553', '1572']",,"-0.227380, -0.120012, 0.215238",1.5302330335017604,-2.775557561562892e-17,-1.1102230246251563e-16,Alanine C,Lysine C,113
1553,O,2.305753,-9.144214,5.263073,11,['1552'],,"-0.363294, -0.039860, 0.155296",2.168380837757012,1.0530734685733958,-1.1102230246251563e-16,Alanine O,Lysine O,113
1554,HN,2.906411,-11.243916,6.90197,10,['1550'],,"0.357951, 0.178050, 0.075732",-0.3357048651344579,1.964460909774764,0.5953567190953376,Alanine HN,Lysine HN,113
1555,H,-0.050148,-10.983674,6.61758,12,['1551'],,"-0.296140, -0.191174, -0.073757",-0.3669427059766547,-1.004742632138372,0.3257287992965744,Alanine HA,Lysine HA,113
1556,C,1.089963,-9.770063,8.077077,182,"['1551', '1557', '1561', '1562']",,"0.016901, 0.129041, 0.252654",-0.5131955256467787,0.3256531997816734,-1.4382137416608418,Lysine CB,Lysine CB,113
1557,C,1.177016,-10.682245,9.322496,184,"['1556', '1558', '1563', '1564']",,"0.160916, 0.016296, -0.014508",-2.024559379600164,0.636497353838235,-1.537601489125163,Lysine CG,Lysine CG,113
1558,C,-0.064687,-11.565223,9.584314,186,"['1557', '1559', '1565', '1566']",,"0.486410, -0.049913, -0.138162",-2.9663760355626763,-0.5235555723450034,-1.1410113369248136,Lysine CD,Lysine CD,113
1559,C,-1.33186,-10.752885,9.917114,188,"['1558', '1560', '1567', '1568']",,"-0.218847, -0.305353, 0.174274",-2.86568439246084,-1.740244058188278,-2.08223745194652,Lysine CE,Lysine CE,113
1560,N,-2.400768,-11.590711,10.433845,190,"['1559', '1569', '1570', '1571']",,"-0.293676, -0.066330, 0.013231",-3.944879788597936,-2.689678076417039,-1.8690708807223024,Lysine NZ,Lysine NZ,113
1561,H,0.260203,-9.031779,8.185726,183,['1556'],,"0.026050, 0.012030, 0.007514",-0.2316862112136564,-0.4939927238358012,-2.141280305537728,Lysine HB,Lysine HB,113
1562,H,2.021858,-9.151695,8.051246,183,['1556'],,"0.097460, 0.015586, -0.027262",0.0371833075252532,1.2250508766662551,-1.811900072452872,Lysine HB,Lysine HB,113
1563,H,1.382031,-10.052479,10.221966,185,['1557'],,"0.043174, 0.010414, 0.030055",-2.260789973099233,0.9685207282937816,-2.577619869439296,Lysine HG,Lysine HG,113
1564,H,2.072719,-11.343134,9.235624,185,['1557'],,"0.057880, -0.040889, 0.001567",-2.262979129848994,1.5227585192673865,-0.9017539851924612,Lysine HG,Lysine HG,113
1565,H,0.17768,-12.240052,10.441784,187,['1558'],,"0.164361, -0.058910, 0.057540",-4.011815472551644,-0.1283922620300099,-1.158131050680813,Lysine HD,Lysine HD,113
1566,H,-0.252739,-12.25003,8.723896,187,['1558'],,"0.018991, -0.070050, -0.037753",-2.792690856085277,-0.831120631082982,-0.0827672678413116,Lysine HD,Lysine HD,113
1567,H,-1.715248,-10.215325,9.020286,189,['1559'],,"-0.056720, -0.027663, 0.092397",-1.8994798568545328,-2.2774136827510905,-1.9474963537290635,Lysine HE,Lysine HE,113
1568,H,-1.114609,-9.974552,10.683942,189,['1559'],,"-0.113881, -0.018100, 0.018844",-2.904609303959905,-1.4214151531596468,-3.1489419180743385,Lysine HE,Lysine HE,113
1569,HN,-3.113715,-10.998962,10.854143,191,['1560'],,"-0.006510, 0.149502, 0.226594",-3.9753114689750326,-3.339871011796112,-2.651013188201935,Lysine HN,Lysine HN,113
1570,HN,-2.097159,-12.210334,11.176012,191,['1560'],,"-0.078317, 0.075518, -0.062206",-4.8596800711500565,-2.254188372395732,-1.8487705449370573,Lysine HN,Lysine HN,113
1571,HN,-2.807392,-12.166384,9.693193,191,['1560'],,"-0.164865, -0.236460, -0.225996",-3.820588478679759,-3.1962149514889395,-0.9897075144849904,Lysine HN,Lysine HN,113
1572,N,0.091071,-9.130435,4.871697,7,"['1552', '1573', '1576']",,"-0.144512, -0.121109, 0.029124",-0.4383884317518112,0.5993731620555232,1.2560887014537443,Alanine N,Methionine N,114
1573,CA,0.202474,-8.260176,3.705751,8,"['1572', '1574', '1577', '1578']",,"-0.157656, -0.507986, -0.038067",0.0,0.0,0.0,Alanine CA,Methionine CA,114
1574,C,0.398555,-6.826745,4.2174,9,"['1573', '1575', '1589']",,"0.336533, -0.051771, -0.154410",1.5345868791055783,2.775557561562892e-17,-1.1102230246251563e-16,Alanine C,Methionine C,114
1575,O,-0.496846,-6.277958,4.860255,11,['1574'],,"0.226279, -0.236378, -0.040538",2.147125214607878,1.0681617203097449,-1.1102230246251563e-16,Alanine O,Methionine O,114
1576,HN,-0.857349,-9.346118,5.206923,10,['1572'],,"-0.120947, -0.006122, 0.059974",-0.6492698077919984,1.606268285469242,1.2467409931747833,Alanine HN,Methionine HN,114
1577,H,1.091877,-8.576827,3.106556,12,['1573'],,"0.341452, -0.078934, -0.236264",-0.3819137648528521,-1.0498456802135108,-0.0480221218601489,Alanine HA,Methionine HA,114
1578,C,-1.083568,-8.353021,2.833093,175,"['1573', '1579', '1582', '1583']",,"-0.037669, 0.057078, -0.115196",-0.5420024809046844,0.815958750586693,-1.2101656220481438,Methionine CB,Methionine CB,114
1579,C,-0.903972,-7.743043,1.427704,177,"['1578', '1580', '1584', '1585']",,"0.039035, -0.148694, 0.237952",-0.4178577590079106,0.0617965550125529,-2.550043823905673,Methionine CG,Methionine CG,114
1580,S,-2.484803,-7.268451,0.673042,179,"['1579', '1581']",,"0.183867, -0.192543, 0.277475",-0.4281524487463026,1.1825025375249525,-3.977520994088478,Methionine SD,Methionine SD,114
1581,C,-3.409627,-8.82182,0.7305,180,"['1580', '1586', '1587', '1588']",,"0.032433, 0.044150, 0.099008",-1.978139222337996,2.083099407518085,-3.736642638169167,Methionine CE,Methionine CE,114
1582,H,-1.915206,-7.855495,3.385754,176,['1578'],,"-0.065010, 0.075765, 0.136356",0.0007294037198149,1.7900828742459394,-1.2435176498432217,Methionine HB,Methionine HB,114
1583,H,-1.381788,-9.420729,2.725923,176,['1578'],,"0.037927, -0.068296, 0.048479",-1.6131666278678538,1.067153437873141,-1.0371640327383098,Methionine HB,Methionine HB,114
1584,H,-0.359192,-8.463635,0.776959,178,['1579'],,"0.055875, -0.018806, 0.020421",-1.238307190460646,-0.6862418846362976,-2.6325565933755883,Methionine HG,Methionine HG,114
1585,H,-0.249939,-6.843195,1.476264,178,['1579'],,"0.076380, 0.012798, -0.061886",0.5224338323303506,-0.5341286810252657,-2.573887022198494,Methionine HG,Methionine HG,114
1586,H,-4.420442,-8.64708,0.305995,181,['1581'],,"0.046186, 0.022992, 0.056303",-2.085608824786391,2.826351928859717,-4.554268164262188,Methionine HE,Methionine HE,114
1587,H,-3.525437,-9.158089,1.783648,181,['1581'],,"-0.026990, 0.021680, 0.091249",-1.9559081111721788,2.628485347437552,-2.7683092964941567,Methionine HE,Methionine HE,114
1588,H,-2.868185,-9.58899,0.135795,181,['1581'],,"0.049654, 0.015541, 0.022969",-2.823838483607199,1.3621350803651475,-3.7563018281483487,Methionine HE,Methionine HE,114
1589,N,1.538863,-6.199258,3.845597,7,"['1574', '1590', '1593']",,"0.360557, -0.168156, -0.044430",-0.5076154077271237,-0.9784114905211454,-0.946079152121648,Alanine N,Valine N,115
1590,CA,1.903583,-4.828147,4.157145,8,"['1589', '1591', '1594', '1595']",,"0.396480, -0.331692, 0.330290",0.0,0.0,0.0,Alanine CA,Valine CA,115
1591,C,0.833467,-3.858324,3.640732,9,"['1590', '1592', '1605']",,"0.232180, -0.176531, -0.064736",1.5337494226091823,-5.551115123125783e-17,8.326672684688674e-17,Alanine C,Valine C,115
1592,O,0.440289,-2.925516,4.338818,11,['1591'],,"0.196315, -0.199201, -0.172465",2.162863945418604,1.0565314406747557,1.6653345369377348e-16,Alanine O,Valine O,115
1593,HN,2.185184,-6.68744,3.217052,10,['1589'],,"0.166072, -0.153065, -0.293845",-1.0556187214021555,-1.7389386872983472,-0.5308538297322307,Alanine HN,Valine HN,115
1594,H,1.908397,-4.711388,5.266327,12,['1590'],,"0.028978, 0.133345, 0.416466",-0.3029908093738296,1.0145853433403365,-0.3503622387115432,Alanine HA,Valine HA,115
1595,C,3.320815,-4.418141,3.610546,15,"['1590', '1596', '1597', '1598']",,"0.272526, 0.158939, 0.065342",-0.5455249392456988,-0.201738448968144,1.461891263921467,Valine CB,Valine CB,115
1596,C,3.708308,-2.998814,4.108989,17,"['1595', '1599', '1600', '1601']",,"-0.006320, 0.124909, 0.098236",-0.0862380084146915,0.9630331913833364,2.3813736853019725,Valine CG,Valine CG,115
1597,C,4.440787,-5.400187,4.040287,17,"['1595', '1602', '1603', '1604']",,"0.008493, 0.041911, 0.067093",-2.092605941308202,-0.2804123160182731,1.5233709327694551,Valine CG,Valine CG,115
1598,H,3.26341,-4.415511,2.492998,16,['1595'],,"-0.003628, 0.000612, 0.041282",-0.1275316547211777,-1.1653506535221168,1.847830270185456,Valine HB,Valine HB,115
1599,H,4.703541,-2.683197,3.728649,18,['1596'],,"-0.007678, 0.022071, 0.024324",-0.4529925789625131,0.8384055130479524,3.4228727766856446,Valine HG,Valine HG,115
1600,H,3.746357,-2.946489,5.221382,18,['1596'],,"-0.015030, -0.004561, 0.078733",-0.4542414470453722,1.9491954542848056,2.015776531511015,Valine HG,Valine HG,115
1601,H,2.984446,-2.220961,3.779138,18,['1596'],,"-0.014752, 0.068868, 0.030116",1.0217235382525118,1.0414928060809676,2.4453929544505444,Valine HG,Valine HG,115
1602,H,5.424954,-5.104667,3.610292,18,['1597'],,"0.025773, 0.013907, 0.012639",-2.447628570461457,-0.4584600133869054,2.5640776179429663,Valine HG,Valine HG,115
1603,H,4.259447,-6.448386,3.719954,18,['1597'],,"0.055378, 0.018537, 0.033971",-2.5210256871426777,-1.0949308242394855,0.9010890904871868,Valine HG,Valine HG,115
1604,H,4.565106,-5.410485,5.143503,18,['1597'],,"-0.002410, 0.033882, 0.040159",-2.557309015982229,0.669872272238192,1.1862403068516283,Valine HG,Valine HG,115
1605,N,0.333983,-4.10941,2.403984,7,"['1591', '1606', '1609']",,"0.274334, -0.147420, -0.100952",-0.5484512075217272,-0.9284645645719508,-0.9745837722177488,Alanine N,Asparagine N,116
1606,CA,-0.702195,-3.320838,1.758114,8,"['1605', '1607', '1610', '1611']",,"0.275097, 0.058096, -0.186428",0.0,0.0,0.0,Alanine CA,Asparagine CA,116
1607,C,-1.959688,-3.190105,2.630693,9,"['1606', '1608', '1619']",,"0.090619, -0.131412, -0.023573",1.536155549929434,0.0,-1.1102230246251563e-16,Alanine C,Asparagine C,116
1608,O,-2.504756,-2.095713,2.784052,11,['1607'],,"0.098337, -0.173742, -0.052574",2.1625961384266112,1.0610768804626316,-2.220446049250313e-16,Alanine O,Asparagine O,116
1609,HN,0.817528,-4.784944,1.796287,10,['1605'],,"0.151276, -0.137480, -0.211316",-1.3469593271755915,-1.490009001347796,-0.648224730113888,Alanine HN,Asparagine HN,116
1610,H,-0.310631,-2.281547,1.654893,12,['1606'],,"0.055398, 0.388748, 0.063397",-0.2907178480255563,1.0274941997693998,-0.3222445125950637,Alanine HA,Asparagine HA,116
1611,C,-1.107352,-3.856602,0.348987,147,"['1606', '1612', '1615', '1616']",,"-0.153017, 0.138284, -0.193181",-0.5143584399251082,-0.2444545050182722,1.4534481589406896,Asparagine CB,Asparagine CB,116
1612,C,0.013928,-4.264986,-0.600414,149,"['1611', '1613', '1614']",,"-0.305599, 0.273476, -0.241436",-2.0062766195627626,-0.4980714860685226,1.641243688298087,Asparagine CG,Asparagine CG,116
1613,O,0.972087,-4.933539,-0.196011,150,['1612'],,"-0.256300, 0.255858, -0.162383",-2.617807534802534,-1.260329389691241,0.8839020232817582,Asparagine OD1,Asparagine OD1,116
1614,N,-0.167078,-3.994915,-1.907811,151,"['1612', '1617', '1618']",,"-0.195859, 0.187267, -0.214200",-2.5777592385607715,0.0218936003797555,2.744888720789971,Asparagine ND2,Asparagine ND2,116
1615,H,-1.736706,-3.075572,-0.135939,148,['1611'],,"-0.029064, 0.086833, -0.026354",-0.2081535114075446,0.6335278211733408,2.067152583186367,Asparagine HB,Asparagine HB,116
1616,H,-1.786882,-4.727008,0.451631,148,['1611'],,"-0.037886, 0.035074, 0.014551",0.0261326774009601,-1.0973799755427538,1.9120230277398969,Asparagine HB,Asparagine HB,116
1617,HN,-0.990213,-3.466414,-2.242411,152,['1614'],,"-0.258743, 0.226169, -0.272537",-2.049027569150528,0.6293132199162219,3.393198772224338,Asparagine HD2,Asparagine HD2,116
1618,HN,0.541515,-4.311353,-2.583422,152,['1614'],,"-0.025299, 0.046616, -0.087071",-3.5685076020594515,-0.1812063148613635,2.934243877751008,Asparagine HD2,Asparagine HD2,116
1619,N,-2.442227,-4.337349,3.185942,7,"['1607', '1620', '1623']",,"-0.020574, -0.171497, -0.056561",-0.5646300214741069,-1.0923942526772952,-0.7742845086250685,Alanine N,Glutamate N,117
1620,CA,-3.619799,-4.405657,4.034651,8,"['1619', '1621', '1624', '1625']",,"-0.268838, -0.338089, -0.485562",0.0,0.0,0.0,Alanine CA,Glutamate CA,117
1621,C,-3.38406,-3.822952,5.421819,9,"['1620', '1622', '1634']",,"0.254321, -0.170728, -0.114666",1.5229422357299045,-6.938893903907228e-18,1.1102230246251563e-16,Alanine C,Glutamate C,117
1622,O,-4.293901,-3.21996,5.988716,11,['1621'],,"0.274157, -0.322030, -0.116290",2.129178507793437,1.0701681122087825,0.0,Alanine O,Glutamate O,117
1623,HN,-1.921004,-5.218759,3.096226,10,['1619'],,"0.094189, -0.100727, 0.029049",-0.9029098179458934,-1.8880594132006088,-0.2183261503702296,Alanine HN,Glutamate HN,117
1624,H,-4.398325,-3.736618,3.597413,12,['1620'],,"-0.246004, 0.246388, -0.079704",-0.2627802439343316,0.9561096358130649,-0.5115602530926546,Alanine HA,Glutamate HA,117
1625,C,-4.186887,-5.856098,4.132361,153,"['1620', '1626', '1630', '1631']",,"-0.510925, -0.352649, 0.202156",-0.5537464099896197,0.030320711574651,1.458547464499601,Glutamate CB,Glutamate CB,117
1626,C,-5.424568,-6.001832,5.048201,155,"['1625', '1627', '1632', '1633']",,"0.432541, 0.331689, -0.101801",0.033100752314377,1.1531680300643,2.345497220445985,Glutamate CG,Glutamate CG,117
1627,C,-6.070849,-7.370368,5.117954,157,"['1626', '1628', '1629']",,"0.347150, 0.401222, 0.052319",-0.527030326213468,1.2857745180961186,3.746962200195784,Glutamate CD,Glutamate CD,117
1628,O,-5.616161,-8.329083,4.43393,158,['1627'],,"0.272276, 0.239458, 0.037698",-1.4465113812541848,0.5175404088978826,4.144624624911275,Glutamate OE,Glutamate OE,117
1629,O,-7.14615,-7.508671,5.764002,158,['1627'],,"0.445742, 0.802726, 0.471456",-0.1579441804473405,2.2551984681334614,4.465829782446852,Glutamate OE,Glutamate OE,117
1630,H,-3.400792,-6.547213,4.515717,154,['1625'],,"0.004521, -0.001535, 0.031351",-0.3473195005754694,-0.9412821410965714,1.964435735501078,Glutamate HB,Glutamate HB,117
1631,H,-4.452046,-6.224355,3.113584,154,['1625'],,"0.038182, -0.023887, -0.011961",-1.6636429816162397,0.1373267403084595,1.4359997558555788,Glutamate HB,Glutamate HB,117
1632,H,-6.212019,-5.28165,4.72864,156,['1626'],,"-0.030939, 0.100579, 0.036848",-0.1043069886474491,2.1369971707759445,1.8414538117435653,Glutamate HG,Glutamate HG,117
1633,H,-5.169109,-5.72111,6.097425,156,['1626'],,"0.030659, 0.082807, 0.202837",1.1357359543896433,1.025328799331887,2.4585807575819585,Glutamate HG,Glutamate HG,117
1634,N,-2.157536,-3.976824,5.972027,7,"['1621', '1635', '1638']",,"0.208943, -0.215183, -0.041325",-0.5441830438331,-0.9319206589004012,-0.968414160555382,Alanine N,Alanine N,118
1635,CA,-1.777845,-3.442224,7.265269,8,"['1634', '1636', '1639', '1640']",,"0.123438, -0.667705, 0.191227",0.0,0.0,0.0,Alanine CA,Alanine CA,118
1636,C,-1.812934,-1.91065,7.287155,9,"['1635', '1637', '1644']",,"0.126656, -0.174455, -0.149220",1.5321322241872597,0.0,3.469446951953614e-18,Alanine C,Alanine C,118
1637,O,-2.34544,-1.321938,8.226186,11,['1636'],,"0.219914, -0.214385, -0.154591",2.146238965977845,1.06526831719917,0.0,Alanine O,Alanine O,118
1638,HN,-1.435727,-4.523443,5.485476,10,['1634'],,"0.182259, -0.178219, -0.111732",-1.1140840260777507,-1.6951792780539687,-0.5821738338579081,Alanine HN,Alanine HN,118
1639,H,-2.545167,-3.767094,8.011015,12,['1635'],,"-0.260951, -0.029609, 0.272809",-0.2965256389715308,1.032346207869586,-0.3111181730947456,Alanine HA,Alanine HA,118
1640,C,-0.399003,-3.984271,7.702568,13,"['1635', '1641', '1642', '1643']",,"0.219320, -0.110522, 0.204768",-0.5671811735850482,-0.2763661576885907,1.4100276202220765,Alanine CB,Alanine CB,118
1641,H,-0.14282,-3.645496,8.729078,14,['1640'],,"0.010934, -0.020223, 0.033210",-0.2197333710917712,0.4873631149698039,2.1381200819611546,Alanine HB,Alanine HB,118
1642,H,0.415197,-3.653848,7.018525,14,['1640'],,"0.001608, 0.030526, -0.029571",-0.2652967542103736,-1.2777751194619964,1.7922078308514668,Alanine HB,Alanine HB,118
1643,H,-0.397761,-5.097051,7.730746,14,['1640'],,"-0.052482, -0.003507, 0.022407",-1.6791816691387318,-0.2260701862089745,1.4103170840097992,Alanine HB,Alanine HB,118
1644,N,-1.30469,-1.252755,6.212177,7,"['1636', '1645', '1648']",,"0.231020, -0.162110, -0.127986",-0.5468370267766544,-0.8685991492798495,-1.0355487175282438,Alanine N,Leucine N,119
1645,CA,-1.351635,0.192363,6.02433,8,"['1644', '1646', '1649', '1650']",,"0.596038, -0.131079, -0.096772",0.0,0.0,0.0,Alanine CA,Leucine CA,119
1646,C,-2.784539,0.724339,6.025464,9,"['1645', '1647', '1663']",,"0.233285, -0.205906, -0.182267",1.5284677372283657,-2.5153490401663706e-17,-3.144186300207963e-17,Alanine C,Leucine C,119
1647,O,-3.111099,1.681998,6.732079,11,['1646'],,"0.063364, -0.360338, -0.198407",2.168443323240916,1.0552195039013883,-1.1102230246251563e-16,Alanine O,Leucine O,119
1648,HN,-0.82238,-1.786099,5.476768,10,['1644'],,"0.156665, -0.181550, -0.189076",-1.1851652466180571,-1.6072145618911815,-0.7116822145920862,Alanine HN,Leucine HN,119
1649,H,-0.850615,0.679905,6.89493,12,['1645'],,"0.103083, 0.168915, 0.318322",-0.2993623270830188,1.051960742365856,-0.2245515437678292,Alanine HA,Leucine HA,119
1650,C,-0.674782,0.633331,4.690912,19,"['1645', '1651', '1654', '1655']",,"0.254580, 0.113256, -0.165742",-0.4820468606632536,-0.4098209690975689,1.424873299900602,Leucine CB,Leucine CB,119
1651,C,0.875882,0.566557,4.714944,21,"['1650', '1652', '1653', '1656']",,"0.098107, -0.002196, 0.063706",-1.95898190247547,-0.0384743618642143,1.725472242945023,Leucine CG,Leucine CG,119
1652,C,1.394265,0.419281,3.26393,23,"['1651', '1657', '1658', '1659']",,"0.116434, 0.011013, 0.035764",-2.4972895169861906,-0.9777366312385534,2.8317561506968003,Leucine CD,Leucine CD,119
1653,C,1.443547,1.856204,5.364356,23,"['1651', '1660', '1661', '1662']",,"0.137317, 0.007542, 0.012759",-2.041817647317288,1.44137175823447,2.184125252074332,Leucine CD,Leucine CD,119
1654,H,-0.994793,1.671331,4.434125,20,['1650'],,"0.012358, -0.004736, 0.004208",0.1790367257775579,0.058352648517284,2.192709583881748,Leucine HB,Leucine HB,119
1655,H,-1.079502,0.00046,3.862971,20,['1650'],,"-0.005183, -0.018155, -0.023096",-0.323513034408342,-1.5094998032870663,1.5489046188914326,Leucine HB,Leucine HB,119
1656,H,1.207677,-0.327607,5.299194,22,['1651'],,"0.028233, -0.024376, 0.002474",-2.5808083290950306,-0.1842844337811904,0.8073020182556603,Leucine HG,Leucine HG,119
1657,H,2.482937,0.194977,3.256116,24,['1652'],,"0.092962, 0.033761, 0.034199",-3.595968689837518,-0.8571144433916474,2.949800335380968,Leucine HD,Leucine HD,119
1658,H,1.247534,1.345378,2.665168,24,['1652'],,"0.049656, -0.006230, 0.035120",-2.037853049153779,-0.7714484910823054,3.823756608191933,Leucine HD,Leucine HD,119
1659,H,0.898597,-0.417398,2.723203,24,['1652'],,"0.020951, 0.029845, 0.069508",-2.324215319012148,-2.0507237193012275,2.5933274723872803,Leucine HD,Leucine HD,119
1660,H,2.557035,1.856037,5.373326,24,['1653'],,"0.156608, -0.029188, -0.013355",-3.0857389799699275,1.7357578377978793,2.436119502653632,Leucine HD,Leucine HD,119
1661,H,1.121861,1.963496,6.423954,24,['1653'],,"0.038398, -0.009260, -0.013131",-1.7021156721813722,2.141819197860115,1.3893187788529344,Leucine HD,Leucine HD,119
1662,H,1.122499,2.777438,4.827437,24,['1653'],,"0.008920, -0.026794, 0.022761",-1.4206095887476242,1.6404928461269064,3.0866091876353163,Leucine HD,Leucine HD,119
1663,N,-3.636122,0.121832,5.15956,7,"['1646', '1664', '1667']",,"0.097501, -0.134005, -0.240502",-0.5104287347515727,-0.849124329217696,-1.0583324953546056,Alanine N,Valine N,120
1664,CA,-5.013736,0.527576,4.961649,8,"['1663', '1665', '1668', '1669']",,"0.314789, 0.243358, -0.412410",0.0,0.0,0.0,Alanine CA,Valine CA,120
1665,C,-5.823643,0.339398,6.252767,9,"['1664', '1666', '1679']",,"0.120711, -0.172131, -0.205858",1.5356907235042478,2.775557561562892e-17,-2.220446049250313e-16,Alanine C,Valine C,120
1666,O,-6.502471,1.259753,6.706297,11,['1665'],,"0.017428, -0.176878, -0.204939",2.1622216503503,1.0587772372951867,-2.220446049250313e-16,Alanine O,Valine O,120
1667,HN,-3.315612,-0.67455,4.589811,10,['1663'],,"0.078963, -0.152497, -0.106695",-1.0608878193952924,-1.6652015085634455,-0.7540666469435761,Alanine HN,Valine HN,120
1668,H,-5.029365,1.63041,4.773812,12,['1664'],,"-0.098316, 0.440625, -0.025982",-0.2848169784583516,1.0567521480017086,-0.2322154651215751,Alanine HA,Valine HA,120
1669,C,-5.637423,-0.182008,3.708367,15,"['1664', '1670', '1671', '1672']",,"-0.142852, 0.023388, -0.188508",-0.6378096639015682,-0.3763648055811797,1.383748193965438,Valine CB,Valine CB,120
1670,C,-7.13658,0.151917,3.555337,17,"['1669', '1673', '1674', '1675']",,"-0.027752, 0.010167, -0.009098",-0.0167467066202728,0.4420136168992299,2.535674128166717,Valine CG,Valine CG,120
1671,C,-4.903921,0.251761,2.406044,17,"['1669', '1676', '1677', '1678']",,"0.034270, 0.031142, 0.043693",-2.172719537506389,-0.119157039593045,1.3727132168550176,Valine CG,Valine CG,120
1672,H,-5.520936,-1.287502,3.841862,16,['1669'],,"-0.009343, 0.029059, 0.020588",-0.4515457200911345,-1.465052454887137,1.566975008910338,Valine HB,Valine HB,120
1673,H,-7.59325,-0.391553,2.699679,18,['1670'],,"-0.066667, -0.030460, 0.003329",-0.4286956157407429,0.1396338728811088,3.523055680276128,Valine HG,Valine HG,120
1674,H,-7.307925,1.242342,3.404702,18,['1670'],,"0.014949, 0.032406, 0.015183",-0.1866429211846496,1.535746637380477,2.409341040415869,Valine HG,Valine HG,120
1675,H,-7.714144,-0.149146,4.454376,18,['1670'],,"-0.035137, -0.001940, -0.005292",1.0806044524194909,0.2863609473416714,2.599571763488316,Valine HG,Valine HG,120
1676,H,-5.334098,-0.238409,1.504137,18,['1671'],,"0.020553, 0.029567, 0.014520",-2.6440551893721,-0.3768597244203329,2.3474886506812567,Valine HG,Valine HG,120
1677,H,-3.824124,-0.016703,2.422472,18,['1671'],,"0.041793, -0.053630, -0.008778",-2.6954847215996423,-0.7284442945128958,0.6021355355138172,Valine HG,Valine HG,120
1678,H,-4.965674,1.351969,2.242891,18,['1671'],,"-0.010277, 0.014486, 0.002094",-2.4121365786330182,0.9485925871385138,1.1641941704472931,Valine HG,Valine HG,120
1679,N,-5.701729,-0.847948,6.899755,7,"['1665', '1680', '1683']",,"0.137265, -0.251284, -0.228217",-0.5905540800336588,-1.138905394924261,-0.6862580379784359,Alanine N,Arginine N,121
1680,CA,-6.339506,-1.169956,8.167178,8,"['1679', '1681', '1684', '1685']",,"-0.119188, -0.283510, -0.545968",0.0,0.0,0.0,Alanine CA,Arginine CA,121
1681,C,-5.925536,-0.25276,9.322357,9,"['1680', '1682', '1703']",,"0.199460, -0.092064, -0.229953",1.5320111570602224,-5.551115123125783e-17,1.1102230246251563e-16,Alanine C,Arginine C,121
1682,O,-6.726606,-0.010295,10.228217,11,['1681'],,"0.322594, 0.132512, -0.219005",2.143755676583432,1.0709124163806858,0.0,Alanine O,Arginine O,121
1683,HN,-5.129521,-1.593791,6.486014,10,['1679'],,"0.216407, -0.309705, -0.132449",-1.1944349204854188,-1.740812799641874,-0.1136143462508634,Alanine HN,Arginine HN,121
1684,H,-7.431057,-0.971204,8.031398,12,['1680'],,"-0.397443, 0.167924, -0.048441",-0.2783432945203009,0.9056543397794152,-0.5930745136484088,Alanine HA,Arginine HA,121
1685,C,-6.134619,-2.671164,8.567911,202,"['1680', '1686', '1692', '1693']",,"0.010434, -0.179878, 0.015566",-0.5412274912945725,0.1549909382372382,1.4626146762060488,Arginine CB,Arginine CB,121
1686,C,-6.72403,-3.117259,9.931461,204,"['1685', '1687', '1694', '1695']",,"0.296065, 0.030901, -0.060691",0.0605888204933962,1.3045010188650066,2.312390164112748,Arginine CG,Arginine CG,121
1687,C,-8.266201,-3.045836,9.989284,206,"['1686', '1688', '1696', '1697']",,"0.143853, 0.007003, -0.181412",-0.2697662955986903,2.7118775252505847,1.7675112747761257,Arginine CD,Arginine CD,121
1688,N,-8.742153,-3.317997,11.343607,208,"['1687', '1689', '1698']",,"0.045140, 0.193038, -0.039657",0.4598828676397866,3.735069983390554,2.51281792089226,Arginine NE,Arginine NE,121
1689,C,-9.037663,-2.382858,12.271125,210,"['1688', '1690', '1691']",,"-0.038627, 0.339829, 0.228911",1.639262523551114,4.278704625186624,2.1445439017071743,Arginine CZ,Arginine CZ,121
1690,N,-8.733846,-1.094056,12.131381,211,"['1689', '1699', '1700']",,"0.012772, 0.238140, 0.140071",2.387576805221149,3.797568203653688,1.153899046094356,Arginine NH,Arginine NH,121
1691,N,-9.686944,-2.769851,13.373715,211,"['1689', '1701', '1702']",,"-0.030110, 0.163615, 0.133478",2.063513693927188,5.367071987557185,2.79454508329924,Arginine NH,Arginine NH,121
1692,H,-5.034723,-2.869653,8.599528,203,['1685'],,"0.050361, 0.011881, -0.033012",-0.3390136083921378,-0.8014672813656274,2.005261843656168,Arginine HB,Arginine HB,121
1693,H,-6.515564,-3.342458,7.762929,203,['1685'],,"0.051190, -0.008886, -0.013830",-1.65303811173449,0.2421515400699063,1.457053961308244,Arginine HB,Arginine HB,121
1694,H,-6.275659,-2.496233,10.741654,205,['1686'],,"0.017050, 0.040297, 0.031192",1.164453265422189,1.1644698836499212,2.383080417743796,Arginine HG,Arginine HG,121
1695,H,-6.392873,-4.163311,10.140418,205,['1686'],,"0.020877, -0.055739, 0.014896",-0.3186270265463937,1.2133246252463263,3.3590204616880595,Arginine HG,Arginine HG,121
1696,H,-8.696185,-3.791299,9.281547,207,['1687'],,"-0.024825, -0.043188, -0.124714",-1.3659065361002076,2.8922337706038883,1.853773570765357,Arginine HD,Arginine HD,121
1697,H,-8.640639,-2.057628,9.638801,207,['1687'],,"-0.030664, 0.148205, -0.153418",-0.04359057693362,2.790041353941936,0.6801602916213546,Arginine HD,Arginine HD,121
1698,HN,-8.940312,-4.311483,11.533956,209,['1688'],,"-0.019432, 0.030336, 0.077684",-0.0449216146585107,4.107737777369016,3.3306231013972347,Arginine HE,Arginine HE,121
1699,HN,-8.164743,-0.750539,11.346992,212,['1690'],,"0.116002, 0.068341, -0.038381",2.155564321662568,2.918677707409328,0.6734097534942833,Arginine HH,Arginine HH,121
1700,HN,-9.006035,-0.425273,12.87087,212,['1690'],,"-0.185036, 0.207071, 0.407656",3.272014995781753,4.272884573271334,0.908858294825538,Arginine HH,Arginine HH,121
1701,HN,-9.954542,-3.75209,13.522428,212,['1691'],,"-0.013619, 0.081139, 0.018779",1.5152845982013623,5.783815174798175,3.5589322061511783,Arginine HH,Arginine HH,121
1702,HN,-10.016616,-2.054263,14.044386,212,['1691'],,"-0.136904, 0.322472, 0.162118",2.9085500910518785,5.860280426176665,2.458080631717716,Arginine HH,Arginine HH,121
1703,N,-4.656472,0.22698,9.33926,7,"['1681', '1704', '1707']",,"0.304255, -0.218123, -0.126907",-0.582105077047212,-1.3353965381199109,0.0102945482279772,Alanine N,Glutamine N,122
1704,CA,-4.121129,1.096875,10.377974,8,"['1703', '1705', '1708', '1709']",,"0.133480, -0.593486, 0.092258",0.0,0.0,0.0,Alanine CA,Glutamine CA,122
1705,C,-4.428513,2.591229,10.149438,9,"['1704', '1706', '1720']",,"-0.041969, -0.304582, -0.186176",1.542662472502653,0.0,0.0,Alanine C,Glutamine C,122
1706,O,-4.019971,3.432828,10.958938,11,['1705'],,"-0.232921, -0.269002, -0.223900",2.1565800875345253,1.0740534691152843,0.0,Alanine O,Glutamine O,122
1707,HN,-3.97564,-0.067554,8.626004,10,['1703'],,"0.233622, -0.145713, -0.171962",-0.8974107644403196,-1.664560848350066,0.9329265394814052,Alanine HN,Glutamine HN,122
1708,H,-4.621816,0.833087,11.341941,12,['1704'],,"-0.192059, -0.078851, 0.309489",-0.2985686439294698,0.5000425643435384,-0.954105946270568,Alanine HA,Glutamine HA,122
1709,C,-2.580032,0.88023,10.524528,167,"['1704', '1710', '1714', '1715']",,"0.405822, 0.011461, 0.283148",-0.5386439109871914,0.834775091916266,1.2068166295765947,Glutamine CB,Glutamine CB,122
1710,C,-1.957983,1.463219,11.816305,169,"['1709', '1711', '1716', '1717']",,"0.053879, 0.141355, -0.179147",-0.2892267554678799,2.359231783586617,1.1102152423963705,Glutamine CG,Glutamine CG,122
1711,C,-2.274223,0.649172,13.069832,171,"['1710', '1712', '1713']",,"0.045348, 0.304109, 0.127043",-1.2004716622487326,3.066702095817675,0.1086521277023215,Glutamine CD,Glutamine CD,122
1712,O,-2.489372,-0.567259,13.00724,172,['1711'],,"0.137819, 0.442154, -0.152648",-2.326667882104604,2.628249955289625,-0.1546974940454946,Glutamine OE1,Glutamine OE1,122
1713,N,-2.287519,1.333041,14.234502,173,"['1711', '1718', '1719']",,"-0.020317, 0.107513, 0.129966",-0.7079074469947749,4.193757725382718,-0.4494122981429389,Glutamine NE2,Glutamine NE2,122
1714,H,-2.062476,1.309767,9.634287,168,['1709'],,"-0.040912, -0.051321, -0.014111",-0.0937999934083125,0.4429823688099527,2.1520719584163817,Glutamine HB,Glutamine HB,122
1715,H,-2.353221,-0.211324,10.492859,168,['1709'],,"-0.038127, -0.095465, -0.041139",-1.6365176728402315,0.6694006907261445,1.3129335493569174,Glutamine HB,Glutamine HB,122
1716,H,-2.299896,2.518241,11.935542,170,['1710'],,"-0.184821, 0.147344, -0.043359",0.7832210507356605,2.532730959148944,0.8573375619451165,Glutamine HG,Glutamine HG,122
1717,H,-0.848975,1.495136,11.707908,170,['1710'],,"0.056818, 0.008270, -0.017924",-0.4632268406754611,2.823838082801892,2.1084798894911376,Glutamine HG,Glutamine HG,122
1718,HN,-2.120132,2.346401,14.275656,174,['1713'],,"-0.018757, 0.039398, 0.064738",0.2342696910346849,4.543947371143293,-0.2342844253284213,Glutamine HE2,Glutamine HE2,122
1719,HN,-2.482618,0.825207,15.107122,174,['1713'],,"0.001673, 0.023296, 0.089810",-1.2902373853659532,4.712158150234124,-1.119917703152846,Glutamine HE2,Glutamine HE2,122
1720,N,-5.14378,2.952943,9.052182,1,"['1705', '1721', '1724']",,"-0.223134, -0.206646, -0.134714",-0.6431304807326444,-1.2066896195266208,0.4642912125846207,Glycine N,Glycine N,123
1721,CA,-5.49406,4.311641,8.710822,2,"['1720', '1722', '1725', '1726']",,"-0.353489, -0.261404, 0.407212",0.0,0.0,0.0,Glycine CA,Glycine CA,123
1722,C,-4.37685,5.178471,8.145464,3,"['1721', '1723', '1727']",,"-0.130410, -0.300397, 0.048934",1.5228861090587176,8.326672684688674e-17,-1.1102230246251563e-16,Glycine C,Glycine C,123
1723,O,-4.466324,6.405846,8.192277,5,['1722'],,"0.073102, -0.209353, -0.086620",2.138492301852386,1.0666187039725517,-1.1102230246251563e-16,Glycine O,Glycine O,123
1724,HN,-5.449124,2.272276,8.343254,4,['1720'],,"-0.058148, -0.199911, -0.189666",-0.9913888478365444,-1.794444500175855,-0.3053721829488616,Glycine HN,Glycine HN,123
1725,H,-6.327207,4.321354,7.974345,6,['1721'],,"-0.103053, 0.053675, -0.083275",-0.332268758184916,0.2405137792043615,-1.033623351058832,Glycine HA,Glycine HA,123
1726,H,-5.889819,4.840134,9.607337,6,['1721'],,"-0.097687, 0.202723, 0.164534",-0.3223381247291108,0.866730665466119,0.6201171415480927,Glycine HA,Glycine HA,123
1727,N,-3.290265,4.553364,7.626601,7,"['1722', '1728', '1731']",,"0.126840, -0.216704, 0.112170",-0.59457492613331,-1.3249338718990822,-0.0247092295524548,Alanine N,Leucine N,124
1728,CA,-2.136557,5.223362,7.052458,8,"['1727', '1729', '1732', '1733']",,"0.255418, -0.062819, 0.518551",0.0,0.0,0.0,Alanine CA,Leucine CA,124
1729,C,-2.153145,5.300566,5.516494,9,"['1728', '1730', '1746']",,"-0.075690, -0.069200, 0.194235",1.537992532054691,-6.938893903907228e-18,1.3877787807814457e-17,Alanine C,Leucine C,124
1730,O,-1.233751,5.865113,4.919865,11,['1729'],,"-0.109016, -0.063997, 0.093562",2.1522575720870214,1.0689449315470272,4.163336342344337e-17,Alanine O,Leucine O,124
1731,HN,-3.252337,3.526102,7.551606,10,['1727'],,"0.013572, -0.339868, -0.038408",-0.5716543108941022,-1.8061579558376344,0.8864592654513823,Alanine HN,Leucine HN,124
1732,H,-2.145663,6.296963,7.362924,12,['1728'],,"-0.043408, 0.389478, 0.070042",-0.2560657799591937,0.5330353721981952,-0.9483642611952546,Alanine HA,Leucine HA,124
1733,C,-0.822594,4.557115,7.569829,19,"['1728', '1734', '1737', '1738']",,"0.238549, -0.001432, 0.104882",-0.5643045490712036,0.813770608482817,1.207225892153598,Leucine CB,Leucine CB,124
1734,C,-0.644991,4.624577,9.118785,21,"['1733', '1735', '1736', '1739']",,"-0.047325, -0.001694, -0.003029",-2.109746640863804,1.0256913301862105,1.161871888830579,Leucine CG,Leucine CG,124
1735,C,0.583575,3.786675,9.543026,23,"['1734', '1740', '1741', '1742']",,"0.001644, -0.013808, -0.013853",-2.5887396962824902,1.6783118093098128,2.479478342643761,Leucine CD,Leucine CD,124
1736,C,-0.454706,6.086086,9.593117,23,"['1734', '1743', '1744', '1745']",,"-0.011837, -0.019301, 0.008875",-2.5121406511683944,1.92771511670444,-0.0304535422310508,Leucine CD,Leucine CD,124
1737,H,0.043944,5.046406,7.068436,20,['1733'],,"-0.019096, 0.029215, -0.062274",-0.0483575133519283,1.800851374437988,1.241269193812618,Leucine HB,Leucine HB,124
1738,H,-0.795522,3.495848,7.224023,20,['1733'],,"-0.009229, -0.000567, -0.009771",-0.2725200118729158,0.3019010041823932,2.155621179022058,Leucine HB,Leucine HB,124
1739,H,-1.546282,4.192842,9.621009,22,['1734'],,"-0.040354, 0.000629, -0.009117",-2.6232595619655013,0.0372544394025029,1.0606468134715603,Leucine HG,Leucine HG,124
1740,H,0.725728,3.789133,10.647219,24,['1735'],,"0.017931, 0.009799, -0.031503",-3.692886126249429,1.8200658444750288,2.494383144810932,Leucine HD,Leucine HD,124
1741,H,1.526034,4.171951,9.093691,24,['1735'],,"0.014265, 0.013617, 0.014019",-2.1308221786914783,2.68004828577052,2.6388649289469126,Leucine HD,Leucine HD,124
1742,H,0.479785,2.720698,9.238334,24,['1735'],,"0.024569, -0.025547, 0.002707",-2.3368399534518653,1.0513729247640051,3.3645832506062714,Leucine HD,Leucine HD,124
1743,H,-0.235918,6.141007,10.683809,24,['1736'],,"-0.018562, -0.008243, -0.000030",-3.600996901537008,2.1618391616642985,-0.0219953122839442,Leucine HD,Leucine HD,124
1744,H,-1.366454,6.700598,9.426779,24,['1736'],,"-0.013546, -0.000430, 0.013766",-2.305341181421236,1.4420751840115515,-1.0092107026024786,Leucine HD,Leucine HD,124
1745,H,0.383259,6.587365,9.05874,24,['1736'],,"0.008616, -0.013683, -0.011387",-1.962343173417098,2.8955095874431898,-0.019437596478904,Leucine HD,Leucine HD,124
1746,N,-3.20446,4.77053,4.839775,7,"['1729', '1747', '1750']",,"-0.115065, -0.082159, 0.172404",-0.5063472605443415,1.2743709235969105,0.4895967141474691,Alanine N,Alanine N,125
1747,CA,-3.371316,4.846113,3.395282,8,"['1746', '1748', '1751', '1752']",,"0.707671, -0.185553, 0.237335",0.0,0.0,0.0,Alanine CA,Alanine CA,125
1748,C,-4.845857,4.635133,3.015742,9,"['1747', '1749', '1756']",,"0.223412, 0.136419, -0.247615",1.537151369475693,5.551115123125783e-17,2.775557561562892e-17,Alanine C,Alanine C,125
1749,O,-5.618497,4.069235,3.791111,11,['1748'],,"0.004852, 0.090484, -0.174921",2.164544993272773,1.060559966708044,-2.775557561562892e-17,Alanine O,Alanine O,125
1750,HN,-3.99049,4.304764,5.311682,10,['1746'],,"-0.201593, -0.092147, 0.058731",0.1950756516947832,2.0256043173106306,0.4559569956535262,Alanine HN,Alanine HN,125
1751,H,-3.079853,5.86823,3.071908,12,['1747'],,"0.109796, 0.265877, -0.067745",-0.3400361412430603,-0.7929844920754554,0.6998539875648069,Alanine HA,Alanine HA,125
1752,C,-2.463764,3.811523,2.698854,13,"['1747', '1753', '1754', '1755']",,"0.216778, -0.117749, -0.125478",-0.556628689472426,-0.2890001191972682,-1.4091424672999442,Alanine CB,Alanine CB,125
1753,H,-2.509887,3.934292,1.592887,14,['1752'],,"-0.007717, 0.054232, -0.051625",-0.2561591486876831,-1.307220202546746,-1.745755717935429,Alanine HB,Alanine HB,125
1754,H,-2.763693,2.768431,2.944889,14,['1752'],,"-0.022240, 0.021615, 0.026306",-0.1864966093487469,0.4469980785109926,-2.1573673285305173,Alanine HB,Alanine HB,125
1755,H,-1.399104,3.946484,2.998506,14,['1752'],,"0.001958, 0.061414, 0.054541",-1.6704349462394323,-0.2586739199623997,-1.4139019054638664,Alanine HB,Alanine HB,125
1756,N,-5.2339,5.117178,1.806304,7,"['1748', '1757', '1760']",,"0.197949, 0.058604, -0.102142",-0.4138491837996187,1.243272972806474,0.6479041628322374,Alanine N,Lysine N,126
1757,CA,-6.554712,4.964803,1.198837,8,"['1756', '1758', '1761', '1762']",,"0.075529, 0.368254, 0.372882",0.0,0.0,0.0,Alanine CA,Lysine CA,126
1758,C,-6.396233,3.944336,0.065813,9,"['1757', '1759', '1778']",,"-0.437453, -0.044649, 0.090237",1.533040076483978,2.775557561562892e-17,1.1102230246251563e-16,Alanine C,Lysine C,126
1759,O,-5.314264,3.802926,-0.513196,11,['1758'],,"-0.311445, -0.026745, 0.166195",2.1669469858622583,1.0602203343571923,2.220446049250313e-16,Alanine O,Lysine O,126
1760,HN,-4.505135,5.366894,1.120806,10,['1756'],,"0.181366, -0.043302, -0.228055",0.0018951315588985,2.079471909420917,0.2105347348460634,Alanine HN,Lysine HN,126
1761,H,-7.265914,4.531818,1.946392,12,['1757'],,"-0.244559, -0.185777, 0.259385",-0.3378003237010701,-0.8743250734392819,0.6112032234182395,Alanine HA,Lysine HA,126
1762,C,-7.12438,6.315811,0.64499,182,"['1757', '1763', '1767', '1768']",,"-0.108326, 0.058757, -0.020204",-0.5488555487145446,-0.1309194238878649,-1.4622272179080538,Lysine CB,Lysine CB,126
1763,C,-7.444509,7.329014,1.768194,184,"['1762', '1764', '1769', '1770']",,"0.088673, -0.205548, 0.055772",-2.086513353391405,-0.2867926919884017,-1.5065230582770377,Lysine CG,Lysine CG,126
1764,C,-8.183389,8.602871,1.310849,186,"['1763', '1765', '1771', '1772']",,"0.162608, -0.442840, -0.105601",-2.6728275321573616,-0.6104102287213041,-2.8955252661841864,Lysine CD,Lysine CD,126
1765,C,-8.266709,9.678956,2.417246,188,"['1764', '1766', '1773', '1774']",,"-0.270171, 0.302262, -0.128408",-4.215440861566767,-0.5208622475781042,-2.9321414680025453,Lysine CE,Lysine CE,126
1766,N,-8.937026,10.880489,1.943884,190,"['1765', '1775', '1776', '1777']",,"-0.137002, 0.319844, 0.168729",-4.734687193920768,-0.7962166151902544,-4.263171607479421,Lysine NZ,Lysine NZ,126
1767,H,-8.060926,6.096131,0.074909,183,['1762'],,"-0.051525, -0.058232, 0.012881",-0.0781119699653544,-1.027501329417813,-1.936475495521892,Lysine HB,Lysine HB,126
1768,H,-6.411606,6.763447,-0.088327,183,['1762'],,"0.007164, -0.015042, 0.017336",-0.2311680252030934,0.7473055655303453,-2.073761429074973,Lysine HB,Lysine HB,126
1769,H,-6.482733,7.614552,2.246763,185,['1763'],,"0.027917, -0.051715, 0.028759",-2.5308533159580127,0.6609426702427619,-1.13244687322395,Lysine HG,Lysine HG,126
1770,H,-8.054215,6.827856,2.556436,185,['1763'],,"-0.028655, -0.030607, 0.049741",-2.398512698700758,-1.0860934432918536,-0.7937812288210472,Lysine HG,Lysine HG,126
1771,H,-9.208648,8.338377,0.959998,187,['1764'],,"-0.009957, -0.061144, -0.019807",-2.3434506366628245,-1.6267506314630291,-3.2161068685683074,Lysine HD,Lysine HD,126
1772,H,-7.653891,9.022463,0.427354,187,['1764'],,"0.016997, -0.002099, -0.081722",-2.244426753187337,0.100339447648316,-3.6359958352221176,Lysine HD,Lysine HD,126
1773,H,-7.247965,9.963323,2.769279,189,['1765'],,"-0.111474, 0.035245, 0.017692",-4.55959327799612,0.4943676758089022,-2.626366259328832,Lysine HE,Lysine HE,126
1774,H,-8.808144,9.29627,3.313576,189,['1765'],,"-0.036471, 0.060586, 0.039877",-4.679128051371573,-1.2346279218389633,-2.2120437975585547,Lysine HE,Lysine HE,126
1775,HN,-9.015749,11.555578,2.703827,191,['1766'],,"-0.061401, 0.437254, 0.362664",-5.753848839124066,-0.7722597165338015,-4.249335428372747,Lysine HN,Lysine HN,126
1776,HN,-9.875738,10.728064,1.583874,191,['1766'],,"-0.033069, 0.105934, -0.031044",-4.464192951775407,-1.6989742520839914,-4.645117040316684,Lysine HN,Lysine HN,126
1777,HN,-8.418942,11.352556,1.212531,191,['1766'],,"-0.095382, -0.029961, 0.052465",-4.454839884643015,-0.0983818017979179,-4.942029141032437,Lysine HN,Lysine HN,126
1778,N,-7.486114,3.208267,-0.248729,7,"['1758', '1779', '1782']",,"-0.380857, 0.040432, 0.199510",-0.4313662254044741,0.8241516622083176,1.117506120302508,Alanine N,Valine N,127
1779,CA,-7.486995,2.19361,-1.290167,8,"['1778', '1780', '1783', '1784']",,"-0.075573, -0.071056, 0.655377",0.0,0.0,0.0,Alanine CA,Valine CA,127
1780,C,-7.528559,2.922125,-2.632895,9,"['1779', '1781', '1794']",,"0.286116, -0.333277, 0.049328",1.5281950638923685,5.551115123125783e-17,0.0,Alanine C,Valine C,127
1781,O,-8.403343,3.763173,-2.878245,11,['1780'],,"0.313524, -0.529686, 0.135639",2.168502014108324,1.0596284334450177,0.0,Alanine O,Valine O,127
1782,HN,-8.412089,3.481212,0.118906,10,['1778'],,"-0.533935, 0.164428, 0.166684",-0.5990817630088098,1.8214617612413444,0.9069634127873272,Alanine HN,Valine HN,127
1783,H,-6.535139,1.611408,-1.207476,12,['1779'],,"0.347054, -0.209295, 0.005235",-0.3760890003126449,-1.039802281699733,0.1708657187292547,Alanine HA,Valine HA,127
1784,C,-8.677213,1.188351,-1.167558,15,"['1779', '1785', '1786', '1787']",,"-0.122897, -0.117514, -0.006680",-0.5545801035545624,0.4914288364219229,-1.375912831163517,Valine CB,Valine CB,127
1785,C,-8.697339,0.165288,-2.334668,17,"['1784', '1788', '1789', '1790']",,"0.011516, 0.097789, -0.045393",-0.0162777158974991,-0.3590273050245889,-2.557506501112546,Valine CG,Valine CG,127
1786,C,-8.565967,0.415432,0.160803,17,"['1784', '1791', '1792', '1793']",,"0.000116, 0.124009, -0.019912",-2.093215110559536,0.4082932015949709,-1.3722822886799055,Valine CG,Valine CG,127
1787,H,-9.623117,1.777971,-1.156812,16,['1784'],,"-0.003088, 0.126268, 0.030735",-0.2572138681797797,1.5581406879066289,-1.5031949826738555,Valine HB,Valine HB,127
1788,H,-9.527087,-0.568927,-2.236648,18,['1785'],,"0.031416, 0.036254, -0.016281",-0.4298461197917245,-0.0295705610410326,-3.536067055842368,Valine HG,Valine HG,127
1789,H,-7.744664,-0.406948,-2.398013,18,['1785'],,"0.005977, 0.044461, -0.000369",-0.2593254765243182,-1.438175323633847,-2.433314615983128,Valine HG,Valine HG,127
1790,H,-8.834068,0.671317,-3.318429,18,['1785'],,"0.043148, 0.057471, -0.134730",1.093041507252666,-0.287054932181743,-2.6398272888874668,Valine HG,Valine HG,127
1791,H,-9.4134,-0.288901,0.301958,18,['1786'],,"0.037377, 0.019591, 0.021791",-2.5299572758057964,0.7800835581605456,-2.323692090113467,Valine HG,Valine HG,127
1792,H,-8.579134,1.116875,1.020804,18,['1786'],,"0.013937, 0.044976, -0.002187",-2.514096199362935,1.0311127989057476,-0.5557333125417266,Valine HG,Valine HG,127
1793,H,-7.615296,-0.155028,0.227591,18,['1786'],,"-0.017249, 0.054956, -0.007857",-2.449701325493658,-0.629374175157766,-1.1995843078867354,Valine HG,Valine HG,127
1794,N,-6.553202,2.590727,-3.504985,7,"['1780', '1795', '1798']",,"0.185214, -0.121962, 0.022717",-0.4946764424967446,1.2754838592650437,0.4758439174625609,Alanine N,Alanine N,128
1795,CA,-6.390966,3.176183,-4.819866,8,"['1794', '1796', '1799', '1800']",,"0.648868, 0.129693, 0.392527",0.0,0.0,0.0,Alanine CA,Alanine CA,128
1796,C,-7.508344,2.697233,-5.745934,9,"['1795', '1797', '1804']",,"0.236658, 0.215021, 0.118356",1.5282436448446304,0.0,5.551115123125783e-17,Alanine C,Alanine C,128
1797,O,-8.160412,1.676009,-5.517642,11,['1796'],,"0.114628, 0.149606, 0.007673",2.186717023773884,1.04241123425714,1.6653345369377348e-16,Alanine O,Alanine O,128
1798,HN,-5.916557,1.825336,-3.259886,10,['1794'],,"0.114408, -0.208643, 0.127502",-0.8688101351319457,1.9170838559011103,-0.2309708977887516,Alanine HN,Alanine HN,128
1799,H,-6.479247,4.285614,-4.704995,12,['1795'],,"0.073088, 0.517208, 0.062744",-0.3527559818609989,-0.7836713265783632,0.7164136336804253,Alanine HA,Alanine HA,128
1800,C,-5.01379,2.824494,-5.44018,13,"['1795', '1801', '1802', '1803']",,"0.293377, 0.261914, -0.150272",-0.5208147112608601,-0.3237966385123757,-1.424428348396419,Alanine CB,Alanine CB,128
1801,H,-4.734615,3.593414,-6.19731,14,['1800'],,"0.092287, 0.151628, 0.028321",-0.5071155686139244,-1.4261906332452576,-1.5886303514067917,Alanine HB,Alanine HB,128
1802,H,-5.012073,1.845096,-5.963204,14,['1800'],,"-0.060513, 0.132479, -0.028656",0.1018084724938067,0.1267761684049326,-2.2257410288070445,Alanine HB,Alanine HB,128
1803,H,-4.192598,2.84658,-4.69032,14,['1800'],,"0.025473, 0.133725, -0.005463",-1.5825441810542458,-0.0242221116643834,-1.566272444840572,Alanine HB,Alanine HB,128
1804,N,-7.685782,3.429565,-6.870193,7,"['1796', '1805', '1808']",,"0.180193, 0.114098, 0.124553",-0.4310093399913747,1.107404771053375,0.8428052163207226,Alanine N,Tyrosine N,129
1805,CA,-8.531898,2.994197,-7.97336,8,"['1804', '1806', '1809', '1810']",,"-0.036023, 0.503963, 0.201750",0.0,0.0,0.0,Alanine CA,Tyrosine CA,129
1806,C,-7.838247,1.788278,-8.630606,9,"['1805', '1807', '1825']",,"-0.203144, 0.131354, 0.090040",1.5386242715094551,4.163336342344337e-17,0.0,Alanine C,Tyrosine C,129
1807,O,-6.613944,1.746559,-8.74049,11,['1806'],,"-0.102249, 0.062087, 0.074960",2.1702076752501567,1.0553839151442992,0.0,Alanine O,Tyrosine O,129
1808,HN,-7.089272,4.251271,-7.034428,10,['1804'],,"0.107807, 0.091656, 0.008304",-0.7359559937535027,1.966499041098655,0.3663992557202624,Alanine HN,Tyrosine HN,129
1809,H,-9.517614,2.664789,-7.55925,12,['1805'],,"-0.270430, -0.129575, 0.173332",-0.3631007742234012,-0.9562853000399468,0.45311037055653,Alanine HA,Tyrosine HA,129
1810,C,-8.741039,4.111143,-9.036773,70,"['1805', '1811', '1818', '1819']",,"-0.184917, 0.122959, -0.093229",-0.5154561391319674,0.1324217576386871,-1.4625064034393311,Tyrosine CB,Tyrosine CB,129
1811,C,-9.210599,5.450136,-8.498709,72,"['1810', '1812', '1813']",,"-0.149494, -0.031655, -0.009341",-2.00644280647501,0.3710199023101418,-1.6139375723234943,Tyrosine CG,Tyrosine CG,129
1812,C,-10.473406,5.5886,-7.893066,73,"['1811', '1814', '1820']",,"-0.063269, -0.011947, -0.123956",-2.942980837645764,-0.6019753853327985,-1.2179149361151065,Tyrosine CD,Tyrosine CD,129
1813,C,-8.442913,6.612417,-8.699184,73,"['1811', '1815', '1821']",,"-0.050400, 0.031587, 0.033391",-2.485669087677262,1.5232938901095905,-2.264349727520348,Tyrosine CD,Tyrosine CD,129
1814,C,-10.952984,6.846471,-7.506463,75,"['1812', '1816', '1822']",,"-0.052620, -0.047347, -0.083529",-4.310204540025838,-0.4300868350279848,-1.468614087007634,Tyrosine CE,Tyrosine CE,129
1815,C,-8.924065,7.86983,-8.320598,75,"['1813', '1816', '1823']",,"-0.071084, -0.042748, 0.024295",-3.849818845691855,1.6923697598394358,-2.522091549995529,Tyrosine CE,Tyrosine CE,129
1816,C,-10.178785,7.993651,-7.711582,77,"['1814', '1815', '1817']",,"-0.065190, 0.155079, -0.034419",-4.7726752151432414,0.7207958321840119,-2.1159701012142342,Tyrosine CZ,Tyrosine CZ,129
1817,OH,-10.657839,9.218496,-7.346647,78,"['1816', '1824']",,"-0.034712, -0.104094, -0.378002",-6.104522275315142,0.8756829985722426,-2.371134630813647,Tyrosine OH,Tyrosine OH,129
1818,H,-9.483181,3.775292,-9.801366,71,['1810'],,"-0.066605, 0.011003, -0.018519",-0.2601974253722396,-0.7883767548940452,-2.0414245206037847,Tyrosine HB,Tyrosine HB,129
1819,H,-7.777794,4.253584,-9.580308,71,['1810'],,"0.029518, -0.049773, 0.050003",0.0393380166813712,0.9687887451640518,-1.9485664527996065,Tyrosine HB,Tyrosine HB,129
1820,H,-11.134635,4.714196,-7.776959,74,['1812'],,"-0.066213, 0.005784, -0.033089",-2.6053497548048825,-1.5486127782967631,-0.76495811781111,Tyrosine HD,Tyrosine HD,129
1821,H,-7.461085,6.555782,-9.198531,74,['1813'],,"0.032647, 0.010208, 0.012841",-1.7853441058687465,2.297395446650776,-2.6205138346864345,Tyrosine HD,Tyrosine HD,129
1822,H,-11.97083,6.933099,-7.095281,76,['1814'],,"0.022799, -0.035764, -0.074952",-5.0126138232160375,-1.2367300002739394,-1.2068249923642256,Tyrosine HE,Tyrosine HE,129
1823,H,-8.316054,8.768759,-8.512411,76,['1815'],,"-0.031095, 0.006241, 0.039723",-4.198324849087956,2.5906922056513486,-3.056977798723591,Tyrosine HE,Tyrosine HE,129
1824,HO,-10.491734,9.810432,-8.078088,79,['1817'],,"0.026724, 0.320241, -0.348624",-6.181130515887977,1.1669760755266552,-3.2779226746236456,Tyrosine HH,Tyrosine HH,129
1825,N,-8.63031,0.798621,-9.112507,7,"['1806', '1826', '1829']",,"-0.194796, 0.081952, 0.146977",-0.4789182954918177,0.7083764787488293,1.1874025212684276,Alanine N,Valine N,130
1826,CA,-8.106006,-0.393767,-9.779141,8,"['1825', '1827', '1830', '1831']",,"-0.474156, 0.024388, 0.477785",0.0,0.0,0.0,Alanine CA,Valine CA,130
1827,C,-7.304843,0.0343,-11.018757,9,"['1826', '1828', '1841']",,"0.064554, -0.160086, 0.338586",1.536799055346536,0.0,0.0,Alanine C,Valine C,130
1828,O,-7.855094,0.682103,-11.915984,11,['1827'],,"-0.057446, -0.269400, 0.444301",2.1541076660068152,1.0706872832642005,1.1102230246251563e-16,Alanine O,Valine O,130
1829,HN,-9.653851,0.88515,-9.04656,10,['1825'],,"-0.162589, 0.036444, 0.002427",-1.0416020908023325,1.555905296656035,1.0307043954252355,Alanine HN,Valine HN,130
1830,H,-7.422821,-0.921562,-9.068885,12,['1826'],,"0.167506, -0.153195, 0.256469",-0.3637650464848454,-1.0558974559154253,0.0502836487658873,Alanine HA,Valine HA,130
1831,C,-9.261852,-1.37857,-10.184093,15,"['1826', '1832', '1833', '1834']",,"-0.177564, -0.180216, -0.060490",-0.5502331181979557,0.6547612924268436,-1.318459029475957,Valine CB,Valine CB,130
1832,C,-8.743208,-2.532434,-11.085247,17,"['1831', '1835', '1836', '1837']",,"-0.052057, 0.035811, -0.002125",0.125634162780942,0.055576130972451,-2.582046312469524,Valine CG,Valine CG,130
1833,C,-9.932535,-1.971234,-8.91625,17,"['1831', '1838', '1839', '1840']",,"-0.046600, 0.061515, 0.012289",-2.087626549619764,0.4648063941948288,-1.4124310981599335,Valine CG,Valine CG,130
1834,H,-10.030212,-0.800545,-10.756711,16,['1831'],,"0.000121, 0.012257, -0.067359",-0.3279019952744374,1.7510277928975584,-1.284547440391108,Valine HB,Valine HB,130
1835,H,-9.561623,-3.236564,-11.35841,18,['1832'],,"-0.051555, 0.013623, -0.039805",-0.2768136431279056,0.5110964946943012,-3.515190007431811,Valine HG,Valine HG,130
1836,H,-7.925446,-3.108012,-10.596637,18,['1832'],,"0.042928, -0.000935, 0.036349",-0.0024984408896138,-1.048511175182791,-2.639819239446316,Valine HG,Valine HG,130
1837,H,-8.348447,-2.140437,-12.0485,18,['1832'],,"-0.064760, 0.034102, 0.012133",1.2176004233351534,0.2674919960125616,-2.5895021219194394,Valine HG,Valine HG,130
1838,H,-10.790141,-2.631893,-9.177869,18,['1833'],,"-0.070486, 0.041616, 0.016010",-2.507708414832407,0.9672625907229858,-2.3132484291255,Valine HG,Valine HG,130
1839,H,-10.353304,-1.179382,-8.257152,18,['1833'],,"-0.046258, -0.005748, 0.036774",-2.618058467699768,0.9136511136947334,-0.5431401727914357,Valine HG,Valine HG,130
1840,H,-9.220555,-2.561058,-8.295875,18,['1833'],,"-0.007379, 0.041348, 0.004710",-2.381158050630662,-0.6085930555484653,-1.4488438872055749,Valine HG,Valine HG,130
1841,N,-6.021123,-0.401254,-11.108019,7,"['1827', '1842', '1845']",,"0.028975, 0.050604, 0.266380",-0.4750547268847992,0.665614487522201,1.2063738850899275,Alanine N,Tyrosine N,131
1842,CA,-5.123044,-0.16199,-12.230634,8,"['1841', '1843', '1846', '1847']",,"0.094253, 0.463697, 0.654221",0.0,0.0,0.0,Alanine CA,Tyrosine CA,131
1843,C,-5.03011,-1.437662,-13.077256,9,"['1842', '1844', '1862']",,"-0.069767, 0.377405, -0.064935",1.5338658972752477,0.0,-2.775557561562892e-17,Alanine C,Tyrosine C,131
1844,O,-4.595621,-2.485406,-12.587189,11,['1843'],,"0.033053, 0.384786, -0.150442",2.161075213766989,1.064576121492475,1.3877787807814457e-17,Alanine O,Tyrosine O,131
1845,HN,-5.648513,-1.024183,-10.378927,10,['1841'],,"0.022516, -0.081974, 0.108880",-0.3368315000821021,1.6849630151807446,1.2230116234461788,Alanine HN,Tyrosine HN,131
1846,H,-5.528359,0.675841,-12.850033,12,['1842'],,"-0.156450, 0.299165, -0.180030",-0.3794779403453613,-1.0515661584395248,-0.0100629122514966,Alanine HA,Tyrosine HA,131
1847,C,-3.706969,0.226983,-11.718586,70,"['1842', '1848', '1855', '1856']",,"0.261074, 0.209121, 0.057422",-0.5203268121937916,0.7373982182756882,-1.2665960014361677,Tyrosine CB,Tyrosine CB,131
1848,C,-2.727141,0.537947,-12.834414,72,"['1847', '1849', '1850']",,"0.049901, 0.105574, 0.003843",-0.1036959961001442,0.0721274378277915,-2.564928468960333,Tyrosine CG,Tyrosine CG,131
1849,C,-2.846789,1.72742,-13.574571,73,"['1848', '1851', '1857']",,"0.035980, 0.134178, 0.010262",-0.6916636730894211,-1.1416858615797996,-2.962351834251165,Tyrosine CD,Tyrosine CD,131
1850,C,-1.681968,-0.345029,-13.159269,73,"['1848', '1852', '1858']",,"0.063584, 0.039373, -0.023645",0.8732794095895031,0.6425706158814017,-3.400199457813439,Tyrosine CD,Tyrosine CD,131
1851,C,-1.926339,2.039974,-14.579906,75,"['1849', '1853', '1859']",,"0.059738, 0.094954, 0.068821",-0.3409397647362622,-1.7430613531782384,-4.175181964918777,Tyrosine CE,Tyrosine CE,131
1852,C,-0.754219,-0.029422,-14.158092,75,"['1850', '1853', '1860']",,"0.047754, 0.033558, -0.001393",1.2183121399658217,0.0475201289453313,-4.61873985671091,Tyrosine CE,Tyrosine CE,131
1853,C,-0.868613,1.171016,-14.870376,77,"['1851', '1852', '1854']",,"0.027064, 0.062526, 0.047165",0.6061589306455248,-1.147860180520858,-5.016005812709381,Tyrosine CZ,Tyrosine CZ,131
1854,OH,0.000955,1.500986,-15.862598,78,"['1853', '1861']",,"-0.003702, -0.001849, -0.018159",0.9320778507049958,-1.7664923154976733,-6.18245527322162,Tyrosine OH,Tyrosine OH,131
1855,H,-3.287537,-0.587568,-11.084264,71,['1847'],,"-0.002777, -0.003762, -0.035557",-0.1675916497280796,1.7944395983093386,-1.2713246339915862,Tyrosine HB,Tyrosine HB,131
1856,H,-3.766996,1.12248,-11.05501,71,['1847'],,"-0.045550, 0.038417, 0.041785",-1.634985558770771,0.7937477539941756,-1.2520414826275663,Tyrosine HB,Tyrosine HB,131
1857,H,-3.664296,2.438459,-13.369082,74,['1849'],,"-0.043620, 0.075269, -0.053507",-1.4459657597055235,-1.6361323932785092,-2.3277883046430494,Tyrosine HD,Tyrosine HD,131
1858,H,-1.571289,-1.298063,-12.618088,74,['1850'],,"0.033810, 0.057092, -0.041057",1.3738895944929157,1.5798939508750458,-3.110001371318432,Tyrosine HD,Tyrosine HD,131
1859,H,-2.044939,2.978407,-15.144393,76,['1851'],,"-0.046058, 0.013355, 0.026732",-0.8170228191670355,-2.694426543107809,-4.460869257832093,Tyrosine HE,Tyrosine HE,131
1860,H,0.067661,-0.730032,-14.380083,76,['1852'],,"0.045322, -0.022541, 0.006966",1.9733140096202644,0.5254785039967158,-5.264610648059718,Tyrosine HE,Tyrosine HE,131
1861,HO,0.598224,0.799661,-16.081954,79,['1854'],,"-0.004554, -0.019659, -0.025512",1.672611218123732,-1.3697641729587822,-6.6194005574153145,Tyrosine HH,Tyrosine HH,131
1862,N,-5.385783,-1.312054,-14.382626,7,"['1843', '1863', '1866']",,"0.019058, 0.239393, -0.089072",-0.6025584838838824,-0.8325715821682,1.0337483465870674,Alanine N,Lysine N,132
1863,CA,-5.227602,-2.287947,-15.45384,8,"['1862', '1864', '1867', '1868']",,"0.366433, 0.466776, -0.198581",0.0,0.0,0.0,Alanine CA,Lysine CA,132
1864,C,-5.553909,-3.737018,-15.048032,9,"['1863', '1865', '1884']",,"-0.008472, 0.238177, -0.026366",1.5397932179854543,2.775557561562892e-17,0.0,Alanine C,Lysine C,132
1865,O,-4.764646,-4.657895,-15.271994,11,['1864'],,"-0.108914, 0.197159, 0.006794",2.1801314989398217,1.054076086289033,-2.775557561562892e-17,Alanine O,Lysine O,132
1866,HN,-5.80288,-0.423615,-14.697004,10,['1862'],,"-0.061593, 0.133252, -0.014005",-1.433115867742993,-1.3497029966401453,0.7099014332200342,Alanine HN,Lysine HN,132
1867,H,-5.979947,-2.040045,-16.243293,12,['1863'],,"-0.241033, 0.018402, -0.283601",-0.2819199987897995,-0.4409109433907068,-0.9883486703176564,Alanine HA,Lysine HA,132
1868,C,-3.80351,-2.197304,-16.087969,182,"['1863', '1869', '1873', '1874']",,"0.268566, -0.026673, -0.152196",-0.5542133464164032,1.4585445120208145,0.0622032126332566,Lysine CB,Lysine CB,132
1869,C,-3.318413,-0.780345,-16.458929,184,"['1868', '1870', '1875', '1876']",,"0.065137, 0.036103, 0.058278",-2.088252625169944,1.5945965300173572,0.1566307950993131,Lysine CG,Lysine CG,132
1870,C,-3.807415,-0.257634,-17.824371,186,"['1869', '1871', '1877', '1878']",,"-0.010593, -0.275608, 0.200365",-2.8363971484392256,1.516394372691571,-1.1890830659353306,Lysine CD,Lysine CD,132
1871,C,-3.166795,1.101119,-18.186666,188,"['1870', '1872', '1879', '1880']",,"-0.047223, 0.101790, -0.502283",-4.346334028928176,1.8032654817169784,-1.0289051954917887,Lysine CE,Lysine CE,132
1872,N,-3.344875,1.431921,-19.587579,190,"['1871', '1881', '1882', '1883']",,"-0.088024, 0.229522, -0.263146",-4.989114192865326,2.0690604444937533,-2.3016527673945726,Lysine NZ,Lysine NZ,132
1873,H,-3.745479,-2.865168,-16.981369,183,['1868'],,"-0.015410, -0.039165, -0.024578",-0.1734495147675885,2.0439788267731083,-0.8094957302797339,Lysine HB,Lysine HB,132
1874,H,-3.075604,-2.62089,-15.353845,183,['1868'],,"-0.056731, -0.003333, 0.033053",-0.1163631534287561,1.951669975903336,0.9640484194061988,Lysine HB,Lysine HB,132
1875,H,-2.202419,-0.808802,-16.496696,185,['1869'],,"0.043294, 0.032045, 0.005417",-2.3079227649628287,2.596554316077387,0.5987895672740352,Lysine HG,Lysine HG,132
1876,H,-3.558933,-0.044386,-15.659774,185,['1869'],,"0.048074, 0.033961, 0.051892",-2.519265039341565,0.8635792281590693,0.8763364552964394,Lysine HG,Lysine HG,132
1877,H,-4.919114,-0.164124,-17.836392,187,['1870'],,"-0.015821, 0.006402, -0.053892",-2.691978848749649,0.517113174334368,-1.663786902518272,Lysine HD,Lysine HD,132
1878,H,-3.561213,-1.00434,-18.616778,187,['1870'],,"0.073835, -0.123793, -0.072684",-2.3946966224778072,2.253128486511781,-1.9019769007999323,Lysine HD,Lysine HD,132
1879,H,-2.07446,1.122957,-17.967752,189,['1871'],,"0.042867, 0.079686, -0.105777",-4.540674615271652,2.6736436250252,-0.3608710541367186,Lysine HE,Lysine HE,132
1880,H,-3.630728,1.910686,-17.574977,189,['1871'],,"0.043697, 0.017333, -0.084285",-4.848678875027705,0.92382115097428,-0.5609059290171852,Lysine HE,Lysine HE,132
1881,HN,-3.185255,2.430318,-19.725668,191,['1872'],,"0.019359, 0.391467, -0.124890",-5.998906199530527,1.9591219786382923,-2.203788969540546,Lysine HN,Lysine HN,132
1882,HN,-4.291333,1.212065,-19.899767,191,['1872'],,"-0.249821, -0.064422, -0.185097",-4.663918296020734,1.4212314231097731,-3.0200857437898065,Lysine HN,Lysine HN,132
1883,HN,-2.702129,0.948787,-20.205102,191,['1872'],,"-0.067711, 0.103586, 0.040668",-4.833400313165496,3.0090255624601947,-2.648199016365989,Lysine HN,Lysine HN,132
1884,N,-6.753787,-3.949883,-14.451045,1,"['1864', '1885', '1888']",,"-0.174246, 0.200716, -0.120348",-0.7250706766057773,-1.2506341136095105,0.0822723780900773,Glycine N,Glycine N,133
1885,CA,-7.240548,-5.24739,-14.031377,2,"['1884', '1886', '1889', '1890']",,"-0.171592, 0.283380, -0.563638",0.0,0.0,0.0,Glycine CA,Glycine CA,133
1886,C,-6.692007,-5.896335,-12.761165,3,"['1885', '1887', '1891']",,"0.046698, 0.464430, -0.264986",1.5282229440268202,-5.551115123125783e-17,0.0,Glycine C,Glycine C,133
1887,O,-7.055904,-7.042868,-12.433394,5,['1886'],,"0.404485, 0.537169, 0.105250",2.156902872315568,1.0766402941121314,0.0,Glycine O,Glycine O,133
1888,HN,-7.423743,-3.177889,-14.321325,4,['1884'],,"-0.086666, 0.136431, 0.003521",-1.1855454277777169,-1.5379277736146149,-0.7935520408581568,Glycine HN,Glycine HN,133
1889,H,-8.347033,-5.190308,-13.916481,6,['1885'],,"-0.252835, -0.026889, 0.016776",-0.3259034886694235,0.5384795063042338,-0.9190186277374612,Glycine HA,Glycine HA,133
1890,H,-7.069974,-5.979691,-14.853602,6,['1885'],,"0.040085, -0.112045, -0.114340",-0.3112177830989649,0.6535987576251272,0.8469748226575893,Glycine HA,Glycine HA,133
1891,N,-5.798394,-5.205109,-12.01311,7,"['1886', '1892', '1895']",,"0.207404, 0.272521, -0.039570",-0.4607248204807014,0.1136757358607782,1.3803685573471072,Alanine N,Asparagine N,134
1892,CA,-5.273295,-5.66795,-10.732229,8,"['1891', '1893', '1896', '1897']",,"0.415150, 0.097601, -0.161247",0.0,0.0,0.0,Alanine CA,Asparagine CA,134
1893,C,-6.290963,-5.3265,-9.641098,9,"['1892', '1894', '1905']",,"0.143365, -0.189274, 0.001110",1.5306218082482037,4.163336342344337e-17,0.0,Alanine C,Asparagine C,134
1894,O,-6.301775,-4.218688,-9.099551,11,['1893'],,"0.039581, -0.111845, -0.046466",2.1709917207838143,1.0538329350595066,0.0,Alanine O,Asparagine O,134
1895,HN,-5.442952,-4.289046,-12.322144,10,['1891'],,"0.128623, 0.345084, -0.109747",-0.7129940703236296,1.0675003067872708,1.6763269361262516,Alanine HN,Asparagine HN,134
1896,H,-5.145038,-6.778526,-10.762186,12,['1892'],,"0.042713, -0.395054, 0.017135",-0.3543763902487416,-0.968832198994688,-0.4318655761917002,Alanine HA,Asparagine HA,134
1897,C,-3.901289,-5.013576,-10.40084,147,"['1892', '1898', '1901', '1902']",,"0.215060, 0.210256, 0.113722",-0.5299949238783175,1.1661665922197444,-0.8829412919819792,Asparagine CB,Asparagine CB,134
1898,C,-2.808683,-5.413088,-11.377917,149,"['1897', '1899', '1900']",,"0.020970, 0.365488, -0.044919",-2.0420879352433383,1.1517129800818642,-1.0293755481730424,Asparagine CG,Asparagine CG,134
1899,O,-2.621581,-6.603734,-11.632131,150,['1898'],,"0.096101, 0.418211, 0.041232",-2.6133162858119707,0.1146356434537481,-1.369138087124841,Asparagine OD1,Asparagine OD1,134
1900,N,-2.088549,-4.418767,-11.933118,151,"['1898', '1903', '1904']",,"0.161659, 0.146642, -0.146754",-2.69485757370584,2.300928578583489,-0.7672483144484852,Asparagine ND2,Asparagine ND2,134
1901,H,-3.579801,-5.337305,-9.384387,148,['1897'],,"-0.023506, 0.026788, 0.020499",-0.0913639977468041,1.0783578218381027,-1.9033452469327017,Asparagine HB,Asparagine HB,134
1902,H,-4.014266,-3.907198,-10.337518,148,['1897'],,"-0.071077, 0.083929, 0.007879",-0.1629294346174363,2.139864075002656,-0.4854216123271332,Asparagine HB,Asparagine HB,134
1903,HN,-2.320776,-3.433021,-11.756846,152,['1900'],,"-0.045596, 0.028422, -0.041779",-2.1948981468609894,3.126327610519128,-0.4130543229442824,Asparagine HD2,Asparagine HD2,134
1904,HN,-1.314551,-4.669951,-12.567583,152,['1900'],,"0.270205, 0.014222, -0.159746",-3.7177909952353367,2.3244902378461068,-0.900530741706355,Asparagine HD2,Asparagine HD2,134
1905,N,-7.213693,-6.278682,-9.358313,7,"['1893', '1906', '1909']",,"0.071073, -0.080161, -0.192661",-0.6189635377788629,-1.238594360750434,0.4385019368514781,Alanine N,Asparagine N,135
1906,CA,-8.262167,-6.142862,-8.362436,8,"['1905', '1907', '1910', '1911']",,"-0.033589, 0.753314, -0.312488",0.0,0.0,0.0,Alanine CA,Asparagine CA,135
1907,C,-8.546147,-7.398776,-7.540786,9,"['1906', '1908', '1919']",,"0.330116, 0.128916, -0.229773",1.5274401259283457,5.551115123125783e-17,0.0,Alanine C,Asparagine C,135
1908,O,-9.620261,-7.517003,-6.939343,11,['1907'],,"0.358602, -0.114843, -0.238822",2.14788047122307,1.069806509937457,-2.220446049250313e-16,Alanine O,Asparagine O,135
1909,HN,-7.309926,-7.104353,-9.967138,10,['1905'],,"-0.036090, -0.107352, -0.197000",-0.2496796982298814,-1.607175319881617,1.3270056192123891,Alanine HN,Asparagine HN,135
1910,H,-7.931355,-5.396239,-7.600491,12,['1906'],,"0.104541, 0.300317, 0.211770",-0.2655332631683303,0.167706250117961,-1.071825249898766,Alanine HA,Asparagine HA,135
1911,C,-9.552218,-5.604186,-9.025112,147,"['1906', '1912', '1915', '1916']",,"-0.312273, 0.262442, 0.013326",-0.5595438850767063,1.187670424844231,0.81846960797368,Asparagine CB,Asparagine CB,135
1912,C,-10.19454,-6.410223,-10.146621,149,"['1911', '1913', '1914']",,"-0.281237, 0.349650, 0.094047",-0.3806616625333289,1.1874020620148469,2.33110198650236,Asparagine CG,Asparagine CG,135
1913,O,-9.61222,-7.356791,-10.692437,150,['1912'],,"-0.164274, 0.354799, 0.303115",-0.004233779441974,0.1821768948408022,2.948213871812695,Asparagine OD1,Asparagine OD1,135
1914,N,-11.353889,-5.888146,-10.596917,151,"['1912', '1917', '1918']",,"-0.276043, 0.117304, -0.139840",-0.8366124922489753,2.304998838907792,2.9331877532383928,Asparagine ND2,Asparagine ND2,135
1915,H,-9.346123,-4.589286,-9.428374,148,['1911'],,"0.023752, 0.069859, -0.001101",-1.649271836271098,1.2738672943377176,0.6180188864878342,Asparagine HB,Asparagine HB,135
1916,H,-10.319164,-5.456854,-8.227101,148,['1911'],,"-0.060686, -0.017869, 0.073092",-0.1088245867581699,2.128665360771574,0.4208327309824435,Asparagine HB,Asparagine HB,135
1917,HN,-11.819877,-5.120724,-10.093862,152,['1914'],,"-0.089869, 0.055206, 0.004353",-1.1103709287466792,3.1296376057092328,2.381669033712454,Asparagine HD2,Asparagine HD2,135
1918,HN,-11.791544,-6.218512,-11.468741,152,['1914'],,"-0.206531, 0.157938, -0.183741",-0.9525827585586556,2.3580455658307904,3.955194417625577,Asparagine HD2,Asparagine HD2,135
1919,N,-7.58895,-8.353961,-7.418522,7,"['1907', '1920', '1923']",,"0.323979, -0.073379, -0.295871",-0.5742004551378349,-1.0851361911067972,-0.7853339946282338,Alanine N,Threonine N,136
1920,CA,-7.818468,-9.566202,-6.642784,8,"['1919', '1921', '1924', '1925']",,"-0.153517, 0.002369, -0.593588",0.0,0.0,0.0,Alanine CA,Threonine CA,136
1921,C,-8.073696,-9.292884,-5.157393,9,"['1920', '1922', '1933']",,"0.066165, -0.012667, -0.233122",1.5317409976849872,0.0,-5.551115123125783e-17,Alanine C,Threonine C,136
1922,O,-8.875165,-9.985316,-4.529465,11,['1921'],,"0.021995, 0.067127, -0.133051",2.150658818541648,1.0644477144486906,0.0,Alanine O,Threonine O,136
1923,HN,-6.643231,-8.223299,-7.813383,10,['1919'],,"0.380355, 0.075406, -0.151343",-1.091379710158283,-1.814426903234952,-0.2676150844983236,Alanine HN,Threonine HN,136
1924,H,-8.770507,-10.024787,-7.008326,12,['1920'],,"-0.278642, -0.185508, -0.083102",-0.2776744388919671,0.9609605636584966,-0.4997510526143751,Alanine HA,Threonine HA,136
1925,C,-6.705231,-10.638576,-6.817121,37,"['1920', '1926', '1927', '1928']",,"0.121155, -0.534340, 0.006929",-0.5459062478570333,0.073954924160348,1.454714075465379,Threonine CB,Threonine CB,136
1926,OH,-6.753236,-11.07963,-8.169135,39,"['1925', '1929']",,"0.091678, 0.154353, -0.081574",-1.9277098345632024,0.4028859140666415,1.3698717582985642,Threonine OG1,Threonine OG1,136
1927,C,-6.908055,-11.897964,-5.954736,41,"['1925', '1930', '1931', '1932']",,"-0.018410, -0.182994, 0.020955",0.0994586496791881,1.1793972454123025,2.3105207248659045,Threonine CG2,Threonine CG2,136
1928,H,-5.706695,-10.175852,-6.620679,38,['1925'],,"-0.032726, 0.074718, -0.078467",-0.4392239620835435,-0.9250388971206632,1.9450275851512808,Threonine HB,Threonine HB,136
1929,HO,-6.086732,-10.586103,-8.635689,40,['1926'],,"0.251870, 0.210808, -0.175116",-2.403139939287581,-0.4187855742500282,1.4353797537665618,Threonine HG1,Threonine HG1,136
1930,H,-6.238213,-12.726243,-6.271725,42,['1927'],,"-0.036831, -0.019327, -0.083663",-0.4673464451176226,1.356417487367245,3.2499951797483098,Threonine HG2,Threonine HG2,136
1931,H,-7.954175,-12.273191,-6.024088,42,['1927'],,"-0.040159, 0.004954, -0.011897",0.1395620259254589,2.1469254400555418,1.7607453456272155,Threonine HG2,Threonine HG2,136
1932,H,-6.705654,-11.688602,-4.881509,42,['1927'],,"-0.035893, 0.017675, -0.090598",1.1438426087576232,0.9166641566082872,2.587735939890538,Threonine HG2,Threonine HG2,136
1933,N,-7.386997,-8.293321,-4.552184,7,"['1921', '1934', '1937']",,"0.183383, -0.047121, -0.214883",-0.6168675864880039,-1.2824185039686573,0.2907766245286152,Alanine N,Histidine N,137
1934,CA,-7.604168,-7.929307,-3.162938,8,"['1933', '1935', '1938', '1939']",,"0.217222, -0.373057, -0.099967",0.0,0.0,0.0,Alanine CA,Histidine CA,137
1935,C,-8.308804,-6.58946,-2.945042,9,"['1934', '1936', '1951']",,"-0.019113, -0.030760, -0.256368",1.5294379826331634,2.775557561562892e-17,-2.775557561562892e-17,Alanine C,Histidine C,137
1936,O,-8.308173,-6.11387,-1.809632,11,['1935'],,"0.102719, 0.000055, -0.302089",2.107542173070331,1.0868015731309866,-1.1102230246251563e-16,Alanine O,Histidine O,137
1937,HN,-6.679534,-7.736431,-5.058046,10,['1933'],,"0.212973, 0.116287, -0.157746",-0.527018771060121,-1.6145904797890906,1.2644889538943047,Alanine HN,Histidine HN,137
1938,H,-8.325604,-8.649856,-2.702393,12,['1934'],,"-0.318376, -0.256109, 0.042826",-0.2332390913771099,0.2894758135254811,-1.055256243838122,Alanine HA,Histidine HA,137
1939,C,-6.276969,-8.005463,-2.351004,106,"['1934', '1940', '1945', '1946']",,"0.156813, -0.133008, 0.191196",-0.5625023188915717,1.1149057851104194,0.931165921767932,Histidine (+) CB,Histidine (+) CB,137
1940,C,-5.697903,-9.383116,-2.191092,108,"['1939', '1941', '1942']",,"-0.079129, -0.068599, -0.025546",-2.0133822036022906,1.451207125211821,0.7295077027516736,Histidine (+) CG,Histidine (+) CG,137
1941,N,-6.395537,-10.458578,-1.672831,109,"['1940', '1943', '1947']",,"-0.117440, 0.022036, 0.008638",-2.560282119605372,1.8125285340830133,-0.4879706325332539,Histidine (+) ND1,Histidine (+) ND1,137
1942,C,-4.429035,-9.860196,-2.438773,111,"['1940', '1944', '1948']",,"0.080140, 0.036579, -0.003126",-3.051196744634721,1.536458777082872,1.6320875273987263,Histidine (+) CD2,Histidine (+) CD2,137
1943,C,-5.608708,-11.542568,-1.60562,113,"['1941', '1944', '1949']",,"-0.003439, 0.078977, -0.043863",-3.862828416571388,2.1017084605695486,-0.3523254032055613,Histidine (+) CE1,Histidine (+) CE1,137
1944,N,-4.388845,-11.178689,-2.078073,115,"['1942', '1943', '1950']",,"0.042742, 0.013482, -0.020440",-4.1733757042916,1.9332580003078537,0.9587315471769312,Histidine (+) NE2,Histidine (+) NE2,137
1945,H,-6.449212,-7.584978,-1.332157,107,['1939'],,"-0.073410, 0.052011, -0.054392",0.0303670099411532,2.0478622969289075,0.780757804739915,Histidine (+) HB,Histidine (+) HB,137
1946,H,-5.515829,-7.331595,-2.806596,107,['1939'],,"0.030536, -0.038056, 0.008780",-0.3877442039768149,0.8413075891228222,1.996811209803202,Histidine (+) HB,Histidine (+) HB,137
1947,HN,-7.385429,-10.454321,-1.360265,110,['1941'],,"-0.251801, -0.207194, 0.124389",-2.055963436608468,1.872099466332605,-1.393352191921439,Histidine (+) HD1,Histidine (+) HD1,137
1948,H,-3.567329,-9.332899,-2.82778,112,['1942'],,"0.052178, 0.061193, -0.037413",-3.041686607292664,1.3562424650666671,2.6994850357642903,Histidine (+) HD2,Histidine (+) HD2,137
1949,H,-5.870029,-12.524059,-1.242451,114,['1943'],,"0.080275, 0.007883, -0.054286",-4.550517964784517,2.417267191868439,-1.1210976341442551,Histidine (+) HE1,Histidine (+) HE1,137
1950,HN,-3.570721,-11.800654,-2.128049,116,['1944'],,"0.021006, -0.054241, 0.029390",-5.102283674962653,2.1034622461266324,1.36717424561338,Histidine (+) HE2,Histidine (+) HE2,137
1951,N,-8.975225,-5.999929,-3.97521,7,"['1935', '1952', '1955']",,"-0.005588, 0.079761, -0.282889",-0.53224610921195,-0.7200344064392677,-1.148317857015815,Alanine N,Glutamate N,138
1952,CA,-9.661495,-4.721759,-3.849973,8,"['1951', '1953', '1956', '1957']",,"0.320703, 0.244259, -0.584088",0.0,0.0,0.0,Alanine CA,Glutamate CA,138
1953,C,-10.717335,-4.760218,-2.744547,9,"['1952', '1954', '1966']",,"-0.004719, -0.065083, -0.288832",1.5291317280590968,0.0,-1.1102230246251563e-16,Alanine C,Glutamate C,138
1954,O,-10.647314,-3.959055,-1.814725,11,['1953'],,"0.024163, -0.149189, -0.356328",2.1328119060164816,1.0709361733713827,-2.220446049250313e-16,Alanine O,Glutamate O,138
1955,HN,-9.094125,-6.477764,-4.87857,10,['1951'],,"-0.041382, -0.117578, -0.164621",-1.091178465013522,-1.554534966911649,-0.9253240834830424,Alanine HN,Glutamate HN,138
1956,H,-8.914308,-3.961973,-3.513629,12,['1952'],,"0.182950, 0.283535, 0.173773",-0.2918827208408765,1.073803560162417,-0.1021805096779477,Alanine HA,Glutamate HA,138
1957,C,-10.302943,-4.23643,-5.176854,153,"['1952', '1958', '1962', '1963']",,"-0.437797, 0.510530, -0.267988",-0.5285140273838893,-0.5329887159026588,1.3580165369703328,Glutamate CB,Glutamate CB,138
1958,C,-11.003145,-2.853086,-5.050514,155,"['1957', '1959', '1964', '1965']",,"0.398208, -0.133370, 0.015754",0.0115040485421925,0.2613916676234463,2.5816282166636952,Glutamate CG,Glutamate CG,138
1959,C,-12.336769,-2.723488,-5.753855,157,"['1958', '1960', '1961']",,"0.260307, 0.368376, 0.244255",0.4206368360791348,-0.5701423444522541,3.777955398576963,Glutamate CD,Glutamate CD,138
1960,O,-13.009899,-1.671248,-5.581982,158,['1959'],,"0.013701, 0.145821, 0.002317",0.9832060040277276,0.0051318650610781,4.748743149721074,Glutamate OE,Glutamate OE,138
1961,O,-12.771414,-3.720259,-6.383684,158,['1959'],,"0.801087, 0.131499, -0.010802",0.2905113826510246,-1.817728390189829,3.702128645000073,Glutamate OE,Glutamate OE,138
1962,H,-11.065638,-4.993516,-5.479987,154,['1957'],,"-0.145084, -0.001036, -0.092539",-0.2019826040579446,-1.5964827559775585,1.453568336617949,Glutamate HB,Glutamate HB,138
1963,H,-9.573602,-4.200608,-6.018218,154,['1957'],,"-0.013889, -0.013589, 0.043869",-1.641244009752186,-0.5617647317406274,1.4040471540870512,Glutamate HB,Glutamate HB,138
1964,H,-10.340053,-2.042298,-5.425462,156,['1958'],,"0.106073, 0.103666, -0.004008",-0.7377959625656271,1.0081274638861752,2.925996229181829,Glutamate HG,Glutamate HG,138
1965,H,-11.216206,-2.59409,-3.990315,156,['1958'],,"-0.011890, 0.096324, 0.105804",0.9185345635720896,0.8504270327592686,2.323115507572039,Glutamate HG,Glutamate HG,138
1966,N,-11.684384,-5.713526,-2.820007,7,"['1953', '1967', '1970']",,"-0.158409, -0.007157, -0.264898",-0.5907676385722493,-1.0869209616149194,-0.767489392398272,Alanine N,Glutamine N,139
1967,CA,-12.765169,-5.811631,-1.849583,8,"['1966', '1968', '1971', '1972']",,"-0.324600, 0.227819, -0.436062",0.0,0.0,0.0,Alanine CA,Glutamine CA,139
1968,C,-12.290901,-6.034571,-0.412981,9,"['1967', '1969', '1983']",,"-0.085693, 0.018955, -0.268828",1.5292016498251628,0.0,-1.3877787807814457e-17,Alanine C,Glutamine C,139
1969,O,-12.893678,-5.530906,0.531656,11,['1968'],,"-0.003926, -0.083798, -0.207527",2.156262499679486,1.0564810913135043,-2.775557561562892e-17,Alanine O,Glutamine O,139
1970,HN,-11.720736,-6.352776,-3.626708,10,['1966'],,"-0.013204, -0.069028, -0.146903",-1.266698419484092,-1.691044963084935,-0.2787355647214302,Alanine HN,Glutamine HN,139
1971,H,-13.264202,-4.810351,-1.811551,12,['1967'],,"-0.226221, 0.372900, 0.041122",-0.2650166502412117,0.9533756111986222,-0.5233384426731718,Alanine HA,Glutamine HA,139
1972,C,-13.831576,-6.896829,-2.191218,167,"['1967', '1973', '1977', '1978']",,"-0.494776, -0.108385, -0.416219",-0.4934746161909247,0.0785124437779483,1.477129534409638,Glutamine CB,Glutamine CB,139
1973,C,-14.59064,-6.678806,-3.516174,169,"['1972', '1974', '1979', '1980']",,"-0.058811, 0.035832, -0.120344",-2.005400955368195,0.3282322271056628,1.6530254163335143,Glutamine CG,Glutamine CG,139
1974,C,-15.311188,-5.340733,-3.541612,171,"['1973', '1975', '1976']",,"0.075053, 0.273835, -0.258233",-2.447845635726312,1.6171150777404346,0.9797501623404788,Glutamine CD,Glutamine CD,139
1975,O,-16.332234,-5.163767,-2.88067,172,['1974'],,"0.117143, 0.008342, -0.095314",-2.1693942262835586,2.7097412735415576,1.4689628312938807,Glutamine OE1,Glutamine OE1,139
1976,N,-14.715142,-4.396506,-4.294694,173,"['1974', '1981', '1982']",,"0.161167, 0.187029, -0.188894",-3.108124501192773,1.4457321500293108,-0.1815541355403505,Glutamine NE2,Glutamine NE2,139
1977,H,-14.595734,-6.912859,-1.376085,168,['1972'],,"-0.027378, 0.042577, 0.018914",0.0376389488610474,0.9204654066657576,1.984741400755594,Glutamine HB,Glutamine HB,139
1978,H,-13.376603,-7.913703,-2.196477,168,['1972'],,"-0.067338, 0.088975, 0.010806",-0.209060893216112,-0.839368309626902,2.040746936907601,Glutamine HB,Glutamine HB,139
1979,H,-15.385179,-7.45095,-3.614383,170,['1973'],,"-0.036156, 0.035714, -0.034581",-2.2315123285474834,0.4598405094315346,2.734088085136859,Glutamine HG,Glutamine HG,139
1980,H,-13.937687,-6.804617,-4.411363,170,['1973'],,"0.053642, 0.015944, -0.200941",-2.6255332251328927,-0.5366385581842531,1.3198980136787826,Glutamine HG,Glutamine HG,139
1981,HN,-13.906772,-4.594683,-4.904761,174,['1976'],,"0.180084, 0.133289, -0.245135",-3.401648817521701,0.5187719576738501,-0.5272508266294652,Glutamine HE2,Glutamine HE2,139
1982,HN,-15.084718,-3.438518,-4.296306,174,['1976'],,"0.082706, 0.125936, -0.035732",-3.363923151133233,2.263688580727813,-0.7471019713876849,Glutamine HE2,Glutamine HE2,139
1983,N,-11.200478,-6.817372,-0.232906,7,"['1968', '1984', '1987']",,"-0.036225, -0.074332, -0.147387",-0.529343280465709,-1.0325245760995685,-0.8785913115096294,Alanine N,Histidine N,140
1984,CA,-10.636368,-7.11415,1.075504,8,"['1983', '1985', '1988', '1989']",,"-0.362968, -0.329300, -0.139043",0.0,0.0,0.0,Alanine CA,Histidine CA,140
1985,C,-9.965835,-5.879804,1.686053,9,"['1984', '1986', '2001']",,"0.081579, 0.061846, -0.223193",1.5316640079358133,0.0,-9.71445146547012e-17,Alanine C,Histidine C,140
1986,O,-10.093904,-5.638034,2.886701,11,['1985'],,"0.021281, -0.004629, -0.217553",2.1490368602687298,1.0654861720206974,-1.1102230246251563e-16,Alanine O,Histidine O,140
1987,HN,-10.667366,-7.151809,-1.045382,10,['1983'],,"0.028209, 0.036210, -0.116824",-0.889342726149039,-1.8794391374916284,-0.4210873367741186,Alanine HN,Histidine HN,140
1988,H,-11.472788,-7.367419,1.772332,12,['1984'],,"-0.260216, 0.012264, 0.297456",-0.2925061554235946,0.9977765632345992,-0.4101157680997649,Alanine HA,Histidine HA,140
1989,C,-9.670239,-8.320539,0.970195,106,"['1984', '1990', '1995', '1996']",,"0.167312, -0.310793, 0.357900",-0.5912369552238976,-0.1659573280772321,1.4222400210506094,Histidine (+) CB,Histidine (+) CB,140
1990,C,-9.147706,-8.927281,2.240984,108,"['1989', '1991', '1992']",,"0.160805, -0.083698, 0.476935",-0.344887226717506,0.9228117006146156,2.427215188206614,Histidine (+) CG,Histidine (+) CG,140
1991,N,-8.517455,-10.151922,2.250687,109,"['1990', '1993', '1997']",,"0.025549, 0.011752, 0.205154",-1.052028259897278,0.989844475122978,3.607263584004921,Histidine (+) ND1,Histidine (+) ND1,140
1992,C,-8.99445,-8.417794,3.507778,111,"['1990', '1994', '1998']",,"0.331644, 0.021564, 0.507308",0.6377605655253682,1.878117333133516,2.525326900141883,Histidine (+) CD2,Histidine (+) CD2,140
1993,C,-7.94119,-10.393712,3.440997,113,"['1991', '1994', '1999']",,"0.096252, 0.584914, 0.337220",-0.5201265139047325,1.8988214263432424,4.442861026069815,Histidine (+) CE1,Histidine (+) CE1,140
1994,N,-8.229129,-9.300858,4.21165,115,"['1992', '1993', '2000']",,"0.521575, 0.389674, 0.633013",0.5417308987310014,2.434554718707489,3.767144033439681,Histidine (+) NE2,Histidine (+) NE2,140
1995,H,-8.778093,-8.02249,0.368229,107,['1989'],,"-0.068323, 0.000631, 0.124968",-0.200433761875579,-1.1103313818314633,1.8722969813762536,Histidine (+) HB,Histidine (+) HB,140
1996,H,-10.176675,-9.143042,0.412951,107,['1989'],,"0.022418, -0.003057, 0.094865",-1.6979157676785883,-0.2784113799671848,1.343973968905348,Histidine (+) HB,Histidine (+) HB,140
1997,HN,-8.425669,-10.759961,1.417236,110,['1991'],,"-0.117964, -0.009373, -0.105086",-1.834084659962009,0.3548090951371349,3.847876380842557,Histidine (+) HD1,Histidine (+) HD1,140
1998,H,-9.233849,-7.445467,3.921701,112,['1992'],,"0.050098, 0.093319, 0.031760",1.4815378433786988,2.105046347335953,1.8845406222375145,Histidine (+) HD2,Histidine (+) HD2,140
1999,H,-7.272575,-11.184241,3.739656,114,['1993'],,"-0.061768, 0.227681, 0.033098",-0.7454448158690774,2.1061771751414966,5.476018600008669,Histidine (+) HE1,Histidine (+) HE1,140
2000,HN,-7.774513,-9.064563,5.077208,116,['1994'],,"0.501494, 0.672719, 0.334081",1.2762068568467086,2.983310587485481,4.18080301046874,Histidine (+) HE2,Histidine (+) HE2,140
2001,N,-9.27046,-5.070075,0.850013,7,"['1985', '2002', '2005']",,"0.140806, -0.031291, -0.245853",-0.5304806113261407,-1.0491156164154016,-0.8489694626506761,Alanine N,Leucine N,141
2002,CA,-8.670872,-3.811962,1.250573,8,"['2001', '2003', '2006', '2007']",,"0.506187, -0.167779, -0.154090",0.0,0.0,0.0,Alanine CA,Leucine CA,141
2003,C,-9.736534,-2.763099,1.578724,9,"['2002', '2004', '2020']",,"0.012272, -0.123204, -0.258542",1.5308272828160605,1.1102230246251563e-16,-8.326672684688674e-17,Alanine C,Leucine C,141
2004,O,-9.563569,-2.000935,2.525803,11,['2003'],,"0.058530, -0.150440, -0.269886",2.1356429423121472,1.0686287963508725,0.0,Alanine O,Leucine O,141
2005,HN,-9.191284,-5.285982,-0.151699,10,['2001'],,"0.056707, -0.034393, -0.276884",-0.9482576655660642,-1.841611723076075,-0.3452593709835675,Alanine HN,Leucine HN,141
2006,H,-8.124816,-3.969716,2.212046,12,['2002'],,"0.131862, 0.012847, 0.366133",-0.2821122547257949,0.9876497402549608,-0.4386963365345521,Alanine HA,Leucine HA,141
2007,C,-7.694679,-3.251212,0.177657,19,"['2002', '2008', '2011', '2012']",,"0.242394, 0.117300, -0.137510",-0.5253501324803825,-0.0956043301709558,1.460619433377636,Leucine CB,Leucine CB,141
2008,C,-6.418575,-4.107623,-0.060279,21,"['2007', '2009', '2010', '2013']",,"-0.008465, -0.011687, 0.046941",-2.051474153199,0.1530088580408657,1.6268473367687195,Leucine CG,Leucine CG,141
2009,C,-5.675535,-3.591409,-1.312506,23,"['2008', '2014', '2015', '2016']",,"-0.007028, 0.063905, 0.033267",-2.4834701579073,-0.2238482013279941,3.0614260218344507,Leucine CD,Leucine CD,141
2010,C,-5.472209,-4.039088,1.15611,23,"['2008', '2017', '2018', '2019']",,"0.026318, 0.023795, 0.009017",-2.4025674462707696,1.631807024112359,1.362655483969266,Leucine CD,Leucine CD,141
2011,H,-7.389355,-2.223948,0.48191,20,['2007'],,"-0.010452, 0.031916, 0.004411",0.0311646044269848,0.6411499169629324,2.083956008284084,Leucine HB,Leucine HB,141
2012,H,-8.255856,-3.113326,-0.779511,20,['2007'],,"-0.049721, 0.018140, -0.027870",-0.2454015737927891,-1.0948317724473804,1.876883865727379,Leucine HB,Leucine HB,141
2013,H,-6.705761,-5.173259,-0.230342,22,['2008'],,"-0.040196, 0.008386, -0.021684",-2.618141156058545,-0.4835045356132748,0.9052404391921596,Leucine HG,Leucine HG,141
2014,H,-4.741264,-4.162803,-1.510469,24,['2009'],,"-0.019535, 0.044156, 0.030748",-3.567781172265181,-0.0419123142045689,3.2337968754170543,Leucine HD,Leucine HD,141
2015,H,-5.389307,-2.5177,-1.21539,24,['2009'],,"0.014800, 0.067805, -0.006321",-1.926242009426819,0.3589603365606888,3.832165926618205,Leucine HD,Leucine HD,141
2016,H,-6.313181,-3.682552,-2.219884,24,['2009'],,"0.002755, 0.014004, 0.022435",-2.296537512809292,-1.3020287609991523,3.263458617206708,Leucine HD,Leucine HD,141
2017,H,-4.53792,-4.620897,0.988421,24,['2010'],,"0.010053, -0.008340, 0.027291",-3.4875373505624294,1.833521109219973,1.5098593676597,Leucine HD,Leucine HD,141
2018,H,-5.947741,-4.469766,2.064723,24,['2010'],,"0.013582, -0.018954, 0.000182",-2.1718448614320205,1.922353190007709,0.3140650869095573,Leucine HD,Leucine HD,141
2019,H,-5.168232,-2.995411,1.402834,24,['2010'],,"0.024487, 0.039827, 0.008793",-1.8462014941078069,2.3291480468277075,2.031018300369244,Leucine HD,Leucine HD,141
2020,N,-10.865223,-2.740048,0.826801,7,"['2003', '2021', '2024']",,"0.002851, -0.121373, -0.290038",-0.560673622904177,-1.0253510945020723,-0.8589500308119817,Alanine N,Arginine N,142
2021,CA,-11.999246,-1.871714,1.078759,8,"['2020', '2022', '2025', '2026']",,"0.207565, 0.113332, -0.355882",0.0,0.0,0.0,Alanine CA,Arginine CA,142
2022,C,-12.674616,-2.155986,2.420297,9,"['2021', '2023', '2044']",,"-0.026282, -0.175511, -0.143495",1.5286135588591383,5.551115123125783e-17,0.0,Alanine C,Arginine C,142
2023,O,-13.066203,-1.213622,3.101901,11,['2022'],,"-0.046478, -0.224149, -0.232320",2.124562793284284,1.0727622336142724,0.0,Alanine O,Arginine O,142
2024,HN,-10.94482,-3.345557,0.002063,10,['2020'],,"0.015162, -0.157559, -0.304266",-1.1367058591766157,-1.7322174052440422,-0.3881034723165306,Alanine HN,Arginine HN,142
2025,H,-11.606374,-0.833456,1.205076,12,['2021'],,"0.097168, 0.375992, 0.182402",-0.255802117548816,0.9910086404251698,-0.4480526963396129,Alanine HA,Arginine HA,142
2026,C,-13.055796,-1.875431,-0.066963,202,"['2021', '2027', '2033', '2034']",,"-0.162204, 0.084247, -0.121106",-0.5380109205140077,-0.0466767215178773,1.4619699562402149,Arginine CB,Arginine CB,142
2027,C,-12.590172,-1.236699,-1.401649,204,"['2026', '2028', '2035', '2036']",,"-0.006401, -0.263734, 0.116419",-2.033859284412176,0.3274118654238555,1.6312814949465528,Arginine CG,Arginine CG,142
2028,C,-12.504667,0.306231,-1.339336,206,"['2027', '2029', '2037', '2038']",,"0.008694, -0.189712, 0.239671",-2.303884399016068,1.8411798184488053,1.4656915744447043,Arginine CD,Arginine CD,142
2029,N,-12.203832,0.883219,-2.645634,208,"['2028', '2030', '2039']",,"0.011529, 0.027687, 0.179773",-3.69052974225898,2.1785536762145155,1.7710190811191415,Arginine NE,Arginine NE,142
2030,C,-11.801021,2.154043,-2.844483,210,"['2029', '2031', '2032']",,"0.063703, 0.242055, 0.236921",-4.279344115743771,3.348626968178587,1.4531867503092122,Arginine CZ,Arginine CZ,142
2031,N,-11.575031,2.525791,-4.114034,211,"['2030', '2040', '2041']",,"0.022920, -0.027603, 0.145874",-5.562503820710608,3.498887841564387,1.816436855173276,Arginine NH,Arginine NH,142
2032,N,-11.599358,3.071146,-1.89939,211,"['2030', '2042', '2043']",,"0.027430, 0.062345, 0.344594",-3.709563530153492,4.364597770989353,0.8065801705812856,Arginine NH,Arginine NH,142
2033,H,-13.980027,-1.359296,0.289032,203,['2026'],,"-0.031858, -0.015587, 0.042871",0.0867748381396014,0.6231929724837055,2.100912886753463,Arginine HB,Arginine HB,142
2034,H,-13.384241,-2.925947,-0.250174,203,['2026'],,"-0.039198, -0.017927, 0.051412",-0.3583254376186476,-1.065834937349439,1.8791700438980288,Arginine HB,Arginine HB,142
2035,H,-13.315316,-1.540124,-2.196481,205,['2027'],,"-0.120611, -0.068965, -0.054671",-2.3546084979033424,-0.0012632542152391,2.650472874109477,Arginine HG,Arginine HG,142
2036,H,-11.609178,-1.667229,-1.707523,205,['2027'],,"0.041257, -0.038608, -0.010685",-2.655656652571979,-0.2577930635905689,0.9156227516765728,Arginine HG,Arginine HG,142
2037,H,-11.725461,0.594119,-0.599681,207,['2028'],,"0.104753, 0.091500, 0.259981",-2.052555714007719,2.1399795025412,0.4242101051504783,Arginine HD,Arginine HD,142
2038,H,-13.464855,0.722176,-0.958914,207,['2028'],,"-0.058317, 0.038809, 0.102537",-1.6231425493018512,2.420598337827027,2.1294361412037985,Arginine HD,Arginine HD,142
2039,HN,-12.346824,0.258452,-3.455117,209,['2029'],,"-0.005284, -0.008162, -0.078709",-4.2215834729323225,1.4626169259105692,2.292037073461201,Arginine HE,Arginine HE,142
2040,HN,-11.714813,1.855987,-4.881506,212,['2031'],,"0.005528, -0.001217, 0.067021",-6.049730795501973,2.744562437727724,2.317228964622207,Arginine HH,Arginine HH,142
2041,HN,-11.218965,3.469321,-4.316702,212,['2031'],,"0.016918, -0.022132, 0.081454",-6.073151049658766,4.352663603946698,1.554878963653882,Arginine HH,Arginine HH,142
2042,HN,-11.686519,2.852679,-0.893508,212,['2032'],,"0.025482, -0.067250, 0.578871",-2.74764683538898,4.3092410081225205,0.4340545082810588,Arginine HH,Arginine HH,142
2043,HN,-11.321206,4.03068,-2.137845,212,['2032'],,"-0.006384, -0.058974, 0.056331",-4.220170416213389,5.238112388496423,0.6299799435296418,Arginine HH,Arginine HH,142
2044,N,-12.752207,-3.443746,2.844994,7,"['2022', '2045', '2048']",,"-0.049561, -0.219722, -0.142366",-0.5167674845329503,-0.944453187236104,-0.9798854252018716,Alanine N,Lysine N,143
2045,CA,-13.25027,-3.801693,4.16523,8,"['2044', '2046', '2049', '2050']",,"-0.466521, -0.148834, -0.264409",0.0,0.0,0.0,Alanine CA,Lysine CA,143
2046,C,-12.35037,-3.212972,5.266944,9,"['2045', '2047', '2066']",,"0.019504, -0.122549, -0.135315",1.5395408937852215,0.0,1.1102230246251563e-16,Alanine C,Lysine C,143
2047,O,-12.848242,-2.642482,6.236634,11,['2046'],,"0.056442, -0.208410, -0.163032",2.1605997321764208,1.0620357733335422,4.440892098500626e-16,Alanine O,Lysine O,143
2048,HN,-12.477855,-4.219666,2.228743,10,['2044'],,"0.018045, -0.153243, -0.163371",-1.0941106335990507,-1.7149123063800222,-0.6191170850451775,Alanine HN,Lysine HN,143
2049,H,-14.233741,-3.293595,4.302537,12,['2045'],,"-0.396510, 0.228593, 0.142557",-0.2823078930858421,1.0244311595037672,-0.3392271372299092,Alanine HA,Lysine HA,143
2050,C,-13.434991,-5.336959,4.367893,182,"['2045', '2051', '2055', '2056']",,"-0.100173, -0.117892, 0.220652",-0.550032221763208,-0.2314082402898755,1.440885356825508,Lysine CB,Lysine CB,143
2051,C,-14.541977,-5.975813,3.481563,184,"['2050', '2052', '2057', '2058']",,"0.047149, 0.281598, 0.044105",-2.0756595345779787,0.0272614874579413,1.5979986304609597,Lysine CG,Lysine CG,143
2052,C,-14.492643,-7.52231,3.508203,186,"['2051', '2053', '2059', '2060']",,"0.346446, 0.284153, 0.156597",-2.6191396955497392,-0.4844513995857787,2.9535707384760554,Lysine CD,Lysine CD,143
2053,C,-15.301416,-8.220184,2.387727,188,"['2052', '2054', '2061', '2062']",,"-0.319870, -0.064964, 0.162907",-4.160581048161882,-0.6018234381483573,3.0359765210517446,Lysine CE,Lysine CE,143
2054,N,-16.732191,-8.299875,2.651361,190,"['2053', '2063', '2064', '2065']",,"-0.151997, -0.144015, 0.159486",-4.838718876945436,0.6633755990421227,3.2857186350954337,Lysine NZ,Lysine NZ,143
2055,H,-13.680703,-5.52058,5.444939,183,['2050'],,"-0.062514, -0.039366, 0.190251",0.0068733419435078,0.4428711124450822,2.14040139830621,Lysine HB,Lysine HB,143
2056,H,-12.452303,-5.839302,4.199934,183,['2050'],,"0.010279, 0.053953, 0.019070",-0.2879162378357962,-1.268559847490767,1.760018832544323,Lysine HB,Lysine HB,143
2057,H,-14.422873,-5.620956,2.431124,185,['2051'],,"0.022022, 0.032705, -0.077143",-2.622049629407348,-0.4775388088466189,0.7672364074938935,Lysine HG,Lysine HG,143
2058,H,-15.537974,-5.598885,3.819528,185,['2051'],,"0.003501, 0.098609, 0.053290",-2.2718553618023902,1.1199583020526545,1.4721973936932036,Lysine HG,Lysine HG,143
2059,H,-14.80681,-7.889197,4.515492,187,['2052'],,"0.007726, 0.033907, 0.101944",-2.2222477188665644,0.1533561069092265,3.780381749337756,Lysine HD,Lysine HD,143
2060,H,-13.431372,-7.846025,3.39804,187,['2052'],,"0.009206, -0.000139, 0.034364",-2.20142306483274,-1.5007108116336816,3.1431836259111874,Lysine HD,Lysine HD,143
2061,H,-14.942997,-9.270924,2.290777,189,['2053'],,"-0.153096, -0.093798, -0.081953",-4.422258162012035,-1.26976516470626,3.888793598548967,Lysine HE,Lysine HE,143
2062,H,-15.126919,-7.750334,1.393913,189,['2053'],,"-0.072423, -0.048334, 0.022742",-4.59009765776631,-1.0874651348441675,2.131243346790221,Lysine HE,Lysine HE,143
2063,HN,-17.220579,-8.905821,1.99579,191,['2054'],,"0.007408, -0.056106, 0.030880",-5.825042300434724,0.5450489007527954,3.50624443007034,Lysine HN,Lysine HN,143
2064,HN,-17.203466,-7.402173,2.677288,191,['2054'],,"0.047263, -0.107855, 0.021928",-4.752355607183178,1.3396890900248857,2.534864013142103,Lysine HN,Lysine HN,143
2065,HN,-16.848942,-8.73908,3.564206,191,['2054'],,"-0.039432, -0.273128, 0.370521",-4.421672024070755,1.0717714726665504,4.121842163627472,Lysine HN,Lysine HN,143
2066,N,-11.006599,-3.301814,5.073178,7,"['2046', '2067', '2070']",,"0.076104, -0.188989, -0.116128",-0.5847568456768334,-1.0504270096986046,-0.8241656238182518,Alanine N,Alanine N,144
2067,CA,-9.995883,-2.714237,5.943691,8,"['2066', '2068', '2071', '2072']",,"0.254077, -0.628779, 0.017315",0.0,0.0,0.0,Alanine CA,Alanine CA,144
2068,C,-10.084766,-1.185087,6.04596,9,"['2067', '2069', '2076']",,"-0.051327, -0.163115, -0.228077",1.5351413154983482,0.0,-1.0408340855860844e-17,Alanine C,Alanine C,144
2069,O,-9.87257,-0.624379,7.121949,11,['2068'],,"0.013572, -0.149245, -0.285395",2.153055986021734,1.0655300989427632,-5.551115123125783e-17,Alanine O,Alanine O,144
2070,HN,-10.64294,-3.828373,4.267172,10,['2066'],,"0.049086, -0.101201, -0.158055",-1.1840112700568866,-1.7214961320546942,-0.3244474145451067,Alanine HN,Alanine HN,144
2071,H,-10.165736,-3.092247,6.980964,12,['2067'],,"-0.076940, -0.042196, 0.340194",-0.2975987098071765,0.9872922308731462,-0.4293785474574036,Alanine HA,Alanine HA,144
2072,C,-8.568816,-3.108059,5.480189,13,"['2067', '2073', '2074', '2075']",,"0.294602, -0.069479, -0.039796",-0.5057884806174618,-0.0977824728462534,1.463238427275524,Alanine CB,Alanine CB,144
2073,H,-7.794489,-2.628342,6.11553,14,['2072'],,"0.018125, 0.012598, -0.020826",-0.0304508519763389,0.6747833003821494,2.103992010279812,Alanine HB,Alanine HB,144
2074,H,-8.369946,-2.772248,4.437102,14,['2072'],,"-0.052349, 0.084645, -0.076437",-0.2522914506644438,-1.0817981661780636,1.919090558203652,Alanine HB,Alanine HB,144
2075,H,-8.39956,-4.207569,5.526225,14,['2072'],,"-0.000220, -0.009633, 0.018003",-1.6077402193828567,0.0428590429969711,1.5381482155894952,Alanine HB,Alanine HB,144
2076,N,-10.368921,-0.50935,4.904345,7,"['2068', '2077', '2080']",,"0.053974, -0.128386, -0.257238",-0.5204769077864515,-0.9325113890756278,-0.988547968945512,Alanine N,Glutamate N,145
2077,CA,-10.484069,0.933714,4.755994,8,"['2076', '2078', '2081', '2082']",,"0.507143, -0.170962, -0.375616",0.0,0.0,0.0,Alanine CA,Glutamate CA,145
2078,C,-11.686237,1.46697,5.527284,9,"['2077', '2079', '2091']",,"-0.009712, -0.250222, -0.195067",1.5246173703129582,-1.6653345369377348e-16,0.0,Alanine C,Glutamate C,145
2079,O,-11.583078,2.4606,6.248151,11,['2078'],,"0.014724, -0.226500, -0.265187",2.1554918688768585,1.0581063060636895,-2.220446049250313e-16,Alanine O,Glutamate O,145
2080,HN,-10.488062,-1.040707,4.034011,10,['2076'],,"0.048554, -0.183075, -0.236742",-1.052677141998295,-1.7187331715615726,-0.5978635306382213,Alanine HN,Glutamate HN,145
2081,H,-9.577126,1.407864,5.202473,12,['2077'],,"0.257756, 0.175946, 0.204175",-0.3234186765252346,1.0306880923582862,-0.2824707792595593,Alanine HA,Glutamate HA,145
2082,C,-10.615513,1.311212,3.25038,153,"['2077', '2083', '2087', '2088']",,"-0.005192, 0.409530, -0.330691",-0.5259970098696858,-0.3704501514640416,1.4187140702144387,Glutamate CB,Glutamate CB,145
2083,C,-10.616575,2.819606,2.933779,155,"['2082', '2084', '2089', '2090']",,"0.063492, -0.452059, 0.420515",-0.1577435195695252,0.6106677384004121,2.548885222452306,Glutamate CG,Glutamate CG,145
2084,C,-10.809034,3.126266,1.460865,157,"['2083', '2085', '2086']",,"0.141244, 0.002891, 0.444345",-0.6438638520670239,0.1662497485272671,3.915170751280975,Glutamate CD,Glutamate CD,145
2085,O,-11.705168,2.510847,0.817583,158,['2084'],,"-0.025139, -0.079905, 0.783794",-0.4779397484894339,-1.0362202794111084,4.264661018388452,Glutamate OE,Glutamate OE,145
2086,O,-10.038087,3.950504,0.905741,158,['2084'],,"-0.315618, 0.174637, 0.341336",-1.2443027306691268,0.99522952535564,4.64603044746187,Glutamate OE,Glutamate OE,145
2087,H,-11.553818,0.871367,2.837424,154,['2082'],,"-0.075128, -0.031242, -0.016612",-0.148891620756887,-1.3811523019291667,1.7027655506422932,Glutamate HB,Glutamate HB,145
2088,H,-9.788775,0.831553,2.682449,154,['2082'],,"0.016243, -0.075443, 0.034512",-1.6329622993518371,-0.4671934091959761,1.3815295620005394,Glutamate HB,Glutamate HB,145
2089,H,-9.66519,3.2828,3.277147,156,['2083'],,"0.061051, 0.024550, 0.083063",-0.5721998484819335,1.6194321338618285,2.329331062485317,Glutamate HG,Glutamate HG,145
2090,H,-11.433022,3.338924,3.484014,156,['2083'],,"-0.039630, 0.080135, 0.111527",0.9460263065007146,0.7355059571152935,2.620600174609917,Glutamate HG,Glutamate HG,145
2091,N,-12.84262,0.779666,5.356727,7,"['2078', '2092', '2095']",,"-0.026253, -0.183483, -0.268003",-0.5321392531152099,-0.9482177351075558,-0.9525553740006324,Alanine N,Alanine N,146
2092,CA,-14.10044,1.061362,6.011087,8,"['2091', '2093', '2096', '2097']",,"-0.257848, -0.117180, -0.659746",0.0,0.0,0.0,Alanine CA,Alanine CA,146
2093,C,-13.970792,0.995493,7.52745,9,"['2092', '2094', '2101']",,"0.071005, -0.227006, -0.202024",1.5233200835129828,-1.3877787807814457e-17,-1.3877787807814457e-17,Alanine C,Alanine C,146
2094,O,-14.476286,1.87767,8.222252,11,['2093'],,"0.011491, -0.268910, -0.289028",2.1337811758767486,1.069508072563755,-5.551115123125783e-17,Alanine O,Alanine O,146
2095,HN,-12.869619,-0.003135,4.691004,10,['2091'],,"-0.014617, -0.236231, -0.228076",-1.163271070477484,-1.6533881567357096,-0.5511817701042565,Alanine HN,Alanine HN,146
2096,H,-14.400853,2.108463,5.7694,12,['2092'],,"-0.069311, 0.262559, 0.038255",-0.3114280904640595,1.0264303163144302,-0.307464519838578,Alanine HA,Alanine HA,146
2097,C,-15.20323,0.084605,5.539248,13,"['2092', '2098', '2099', '2100']",,"-0.311845, -0.214483, -0.116987",-0.5213058773653552,-0.2934214012079713,1.4265258941244234,Alanine CB,Alanine CB,146
2098,H,-16.171712,0.278237,6.051961,14,['2097'],,"-0.025876, -0.053562, 0.049553",-0.1017335700134757,0.417635396992169,2.172637591361362,Alanine HB,Alanine HB,146
2099,H,-14.927771,-0.97138,5.763089,14,['2097'],,"0.028068, -0.053820, 0.020006",-0.2293819412911475,-1.3158462052496505,1.7589634218108678,Alanine HB,Alanine HB,146
2100,H,-15.382613,0.14923,4.44199,14,['2097'],,"0.000814, -0.044957, -0.050502",-1.6316141325171594,-0.2344123503831438,1.4902697592449914,Alanine HB,Alanine HB,146
2101,N,-13.283069,-0.052415,8.047053,7,"['2093', '2102', '2105']",,"-0.019500, -0.280195, -0.150064",-0.5756219194619479,-1.0248751823306756,-0.8451296130408694,Alanine N,Glutamine N,147
2102,CA,-13.111025,-0.256618,9.469957,8,"['2101', '2103', '2106', '2107']",,"-0.493396, -0.322947, -0.249574",0.0,0.0,0.0,Alanine CA,Glutamine CA,147
2103,C,-12.15105,0.744951,10.116872,9,"['2102', '2104', '2118']",,"0.046585, -0.163122, -0.245261",1.5307486663757053,0.0,1.6653345369377348e-16,Alanine C,Glutamine C,147
2104,O,-12.402504,1.20658,11.231577,11,['2103'],,"0.061150, -0.144087, -0.210851",2.146188122910744,1.067769619403856,1.1102230246251563e-16,Alanine O,Glutamine O,147
2105,HN,-12.923833,-0.798522,7.434576,10,['2101'],,"0.046704, -0.208710, -0.174302",-1.0973539573731168,-1.7707220723252275,-0.3630898512198001,Alanine HN,Glutamine HN,147
2106,H,-14.099605,-0.045736,9.948395,12,['2102'],,"-0.315819, 0.070776, 0.206501",-0.2797915178891179,0.9847101785756188,-0.4502522902716616,Alanine HA,Glutamine HA,147
2107,C,-12.695245,-1.718729,9.789781,167,"['2102', '2108', '2112', '2113']",,"0.013798, -0.356077, 0.395672",-0.560750254142847,-0.0729418949013809,1.4467783548781503,Glutamine CB,Glutamine CB,147
2108,C,-12.600292,-2.010208,11.299146,169,"['2107', '2109', '2114', '2115']",,"0.127666, -0.090250, -0.004365",-0.0540393540213591,1.062336107349367,2.355924495044089,Glutamine CG,Glutamine CG,147
2109,C,-13.906096,-1.77726,12.055812,171,"['2108', '2110', '2111']",,"0.231853, 0.032770, 0.291937",-0.4007501666817961,2.4603193912247407,1.8486113342988104,Glutamine CD,Glutamine CD,147
2110,O,-15.004137,-1.884962,11.501724,172,['2109'],,"0.204974, -0.038236, 0.261874",-1.393996651444588,2.6663814890830726,1.144830755878532,Glutamine OE1,Glutamine OE1,147
2111,N,-13.768478,-1.430082,13.349141,173,"['2109', '2116', '2117']",,"0.212049, 0.047845, 0.134842",0.4592907536765025,3.432476684191495,2.2055580990828663,Glutamine NE2,Glutamine NE2,147
2112,H,-11.719105,-1.950727,9.304094,168,['2107'],,"-0.061236, 0.030069, -0.008105",-0.3056399315857195,-1.0571935338408682,1.9036499650080976,Glutamine HB,Glutamine HB,147
2113,H,-13.431927,-2.421232,9.33388,168,['2107'],,"-0.056758, 0.023371, -0.064039",-1.6750616777226517,-0.036846120799604,1.4141639055413613,Glutamine HB,Glutamine HB,147
2114,H,-11.793739,-1.389954,11.756534,170,['2108'],,"0.050413, 0.064009, 0.122952",1.0509030116810627,0.9811798530116382,2.4861649638961465,Glutamine HG,Glutamine HG,147
2115,H,-12.306435,-3.071633,11.463765,170,['2108'],,"0.003007, -0.088343, 0.046157",-0.4946737420701755,0.9600755946766528,3.373499310893892,Glutamine HG,Glutamine HG,147
2116,HN,-12.822332,-1.283327,13.73455,174,['2111'],,"0.307027, 0.115503, 0.206012",1.3115460303502529,3.184239599587798,2.7321591566503654,Glutamine HE2,Glutamine HE2,147
2117,HN,-14.591241,-1.313389,13.951437,174,['2111'],,"0.104074, -0.010131, 0.032562",0.2742038684213226,4.412133752573182,1.961977403397978,Glutamine HE2,Glutamine HE2,147
2118,N,-11.055811,1.124318,9.407755,7,"['2103', '2119', '2122']",,"0.105306, -0.201930, -0.185235",-0.5320533265508207,-1.0169231859303178,-0.8991212112115575,Alanine N,Alanine N,148
2119,CA,-10.14663,2.180233,9.836784,8,"['2118', '2120', '2123', '2124']",,"0.511899, -0.529733, -0.067345",0.0,0.0,0.0,Alanine CA,Alanine CA,148
2120,C,-10.869299,3.527136,9.954461,9,"['2119', '2121', '2128']",,"0.052523, -0.243631, -0.250011",1.5330512226598956,-2.775557561562892e-17,-1.3877787807814457e-17,Alanine C,Alanine C,148
2121,O,-10.643282,4.287418,10.899659,11,['2120'],,"-0.085621, -0.240763, -0.255323",2.167027881725917,1.058576997093969,0.0,Alanine O,Alanine O,148
2122,HN,-10.810873,0.641105,8.531894,10,['2118'],,"0.078433, -0.153630, -0.234813",-1.1392860269317149,-1.730058558234152,-0.4709526615827932,Alanine HN,Alanine HN,148
2123,H,-9.780797,1.932651,10.863814,12,['2119'],,"0.077815, -0.022763, 0.354264",-0.3111359167017333,1.0036605300131,-0.3818130869221158,Alanine HA,Alanine HA,148
2124,C,-8.935443,2.33004,8.885172,13,"['2119', '2125', '2126', '2127']",,"0.304879, -0.075165, -0.142712",-0.5123733858958351,-0.17663766976963,1.4495703266161295,Alanine CB,Alanine CB,148
2125,H,-8.235638,3.112843,9.253702,14,['2124'],,"-0.018073, -0.032066, 0.025554",-0.1262154900449313,0.632786288751753,2.10838507339824,Alanine HB,Alanine HB,148
2126,H,-9.246387,2.607332,7.851955,14,['2124'],,"-0.039933, -0.043654, -0.022506",-0.2014841394973571,-1.152617389976557,1.8876637592393504,Alanine HB,Alanine HB,148
2127,H,-8.356461,1.383896,8.809445,14,['2124'],,"0.040066, -0.053700, -0.005150",-1.6223740408097096,-0.1353926587564932,1.4979500614882406,Alanine HB,Alanine HB,148
2128,N,-11.77619,3.81322,8.986339,7,"['2120', '2129', '2132']",,"0.068724, -0.154900, -0.282844",-0.5432507397053745,-0.9371574945649416,-0.9684930576071916,Alanine N,Lysine N,149
2129,CA,-12.629117,4.989335,8.961172,8,"['2128', '2130', '2133', '2134']",,"0.513300, 0.073587, -0.439948",0.0,0.0,0.0,Alanine CA,Lysine CA,149
2130,C,-13.634891,4.992158,10.116388,9,"['2129', '2131', '2150']",,"0.003967, -0.239473, -0.303197",1.531702750229626,-2.775557561562892e-17,0.0,Alanine C,Lysine C,149
2131,O,-13.809701,6.015048,10.781891,11,['2130'],,"0.023767, -0.269577, -0.194605",2.150299723379903,1.0663463396187547,0.0,Alanine O,Lysine O,149
2132,HN,-11.864488,3.186689,8.173906,10,['2128'],,"0.007734, -0.182022, -0.265994",-1.0991656943278345,-1.7082261250856203,-0.5725173758941964,Alanine HN,Lysine HN,149
2133,H,-11.980629,5.880602,9.137605,12,['2129'],,"0.224667, 0.350580, 0.088316",-0.291112683825991,1.0276248808629938,-0.3244420818404233,Alanine HA,Lysine HA,149
2134,C,-13.32719,5.125146,7.573997,182,"['2129', '2135', '2139', '2140']",,"-0.027081, 0.061728, -0.196534",-0.587581165281631,-0.2801560128095687,1.4164271969882258,Lysine CB,Lysine CB,149
2135,C,-14.221051,6.374245,7.391702,184,"['2134', '2136', '2141', '2142']",,"0.015770, -0.018204, 0.301527",-0.135823630037104,0.6887346429264405,2.534297177229325,Lysine CG,Lysine CG,149
2136,C,-14.550892,6.70675,5.918212,186,"['2135', '2137', '2143', '2144']",,"0.224156, 0.262859, 0.590197",-1.029936446695357,0.6608440902369938,3.795372840527974,Lysine CD,Lysine CD,149
2137,C,-15.368695,5.61659,5.19492,188,"['2136', '2138', '2145', '2146']",,"-0.028505, 0.232992, -0.047105",-1.04045481798351,-0.6961259010718484,4.529487066126231,Lysine CE,Lysine CE,149
2138,N,-15.494371,5.89873,3.771706,190,"['2137', '2147', '2148', '2149']",,"-0.096465, 0.063340, -0.098139",-2.030804577133967,-0.7185934767752423,5.597025397505785,Lysine NZ,Lysine NZ,149
2139,H,-13.926659,4.202149,7.385651,183,['2134'],,"-0.009969, -0.066370, 0.065802",-0.3376995216783792,-1.3297700455795858,1.7038820736008868,Lysine HB,Lysine HB,149
2140,H,-12.521311,5.136223,6.799484,183,['2134'],,"0.057580, -0.012128, 0.022182",-1.7008720335831726,-0.2391820072310454,1.325111135080968,Lysine HB,Lysine HB,149
2141,H,-13.698393,7.254792,7.837276,185,['2135'],,"0.011925, 0.049732, 0.066368",-0.1413441718822704,1.7289995726528982,2.1282319198531936,Lysine HG,Lysine HG,149
2142,H,-15.16322,6.26624,7.981617,185,['2135'],,"-0.102185, 0.084907, 0.117482",0.9275572590334552,0.4908714714962912,2.812538910192073,Lysine HG,Lysine HG,149
2143,H,-13.598427,6.905693,5.374504,187,['2136'],,"0.113336, 0.061066, 0.059458",-2.065060982125817,0.9566973099889003,3.506626669557163,Lysine HD,Lysine HD,149
2144,H,-15.123222,7.666717,5.895207,187,['2136'],,"-0.065090, 0.080264, 0.062043",-0.6697040999829922,1.4521827808256504,4.497970330683991,Lysine HD,Lysine HD,149
2145,H,-16.38832,5.520219,5.636712,189,['2137'],,"-0.082749, 0.051607, 0.007770",-0.037906871746038,-0.9272848598325212,4.960260594572105,Lysine HE,Lysine HE,149
2146,H,-14.871347,4.625654,5.301,189,['2137'],,"-0.046720, 0.044449, -0.032003",-1.2888527439798962,-1.5179087805771427,3.8198861043789374,Lysine HE,Lysine HE,149
2147,HN,-15.800855,5.087071,3.248159,191,['2138'],,"-0.047736, 0.081647, -0.022847",-2.225912633085554,-1.6604921971489703,5.915747663447666,Lysine HN,Lysine HN,149
2148,HN,-14.628011,6.212615,3.347144,191,['2138'],,"-0.054230, 0.033275, -0.003813",-2.919317103779867,-0.3090592619258794,5.328355429831626,Lysine HN,Lysine HN,149
2149,HN,-16.183253,6.608445,3.552586,191,['2138'],,"-0.068299, 0.004289, -0.126803",-1.742411675752301,-0.2289215698749369,6.4356661570532125,Lysine HN,Lysine HN,149
2150,N,-14.24657,3.824372,10.430408,7,"['2130', '2151', '2154']",,"-0.034735, -0.247000, -0.283869",-0.5819399027253305,-1.1891186757756989,-0.6120130117166482,Alanine N,Lysine N,150
2151,CA,-15.161794,3.627453,11.548802,8,"['2150', '2152', '2155', '2156']",,"-0.308659, -0.076512, -0.585770",0.0,0.0,0.0,Alanine CA,Lysine CA,150
2152,C,-14.518438,3.886876,12.92103,9,"['2151', '2153', '2172']",,"0.145265, -0.101714, -0.277554",1.53760102746096,0.0,0.0,Alanine C,Lysine C,150
2153,O,-15.21923,4.251462,13.870816,11,['2152'],,"0.131890, 0.072473, -0.490626",2.153525563293156,1.0708701091243016,0.0,Alanine O,Lysine O,150
2154,HN,-14.108353,3.00637,9.822329,10,['2150'],,"0.011932, -0.253225, -0.257103",-1.2047990251515577,-1.739142572457653,-0.0057857374842616,Alanine HN,Lysine HN,150
2155,H,-15.973864,4.390149,11.456256,12,['2151'],,"-0.278755, 0.283105, 0.019542",-0.293693504969687,0.8779352190847789,-0.6266590074842794,Alanine HA,Lysine HA,150
2156,C,-15.78544,2.196718,11.492155,182,"['2151', '2157', '2161', '2162']",,"-0.096883, -0.160325, -0.039111",-0.552890214180469,0.1887776082204592,1.4483857503607376,Lysine CB,Lysine CB,150
2157,C,-16.936866,1.905836,12.490648,184,"['2156', '2158', '2163', '2164']",,"0.085987, 0.191919, 0.015452",-0.1926395797381326,1.5216433592339382,2.156249305439092,Lysine CG,Lysine CG,150
2158,C,-17.433068,0.444877,12.35115,186,"['2157', '2159', '2165', '2166']",,"0.294430, 0.376033, -0.199526",-0.7712447876067184,1.5580372134805751,3.5929012526028523,Lysine CD,Lysine CD,150
2159,C,-18.366647,-0.02825,13.484877,188,"['2158', '2160', '2167', '2168']",,"-0.014613, -0.294433, -0.065879",-0.2299026305417708,2.702080099086196,4.475437576375667,Lysine CE,Lysine CE,150
2160,N,-18.627369,-1.462266,13.406124,190,"['2159', '2169', '2170', '2171']",,"-0.112765, -0.195249, 0.226198",-0.6512218517923871,2.5569570675440096,5.865404951557467,Lysine NZ,Lysine NZ,150
2161,H,-14.963404,1.45459,11.644074,183,['2156'],,"0.098020, -0.002181, 0.009045",-0.1985692840601022,-0.6708879466980792,2.068876159961271,Lysine HB,Lysine HB,150
2162,H,-16.166818,2.019877,10.456271,183,['2156'],,"0.006008, 0.018104, -0.046544",-1.6667731046538157,0.1000577726603158,1.4141618302181462,Lysine HB,Lysine HB,150
2163,H,-17.773384,2.626279,12.323968,185,['2157'],,"-0.027239, 0.071833, -0.017724",-0.5698520963145287,2.3834777308283788,1.5549715524417602,Lysine HG,Lysine HG,150
2164,H,-16.57514,2.09546,13.528929,185,['2157'],,"0.020130, 0.082151, 0.038718",0.917316546067936,1.631960300523298,2.181900166304567,Lysine HG,Lysine HG,150
2165,H,-16.545268,-0.230642,12.320332,187,['2158'],,"0.146822, -0.070276, -0.090317",-0.5412521156175741,0.5874465381355851,4.093422601048299,Lysine HD,Lysine HD,150
2166,H,-17.936273,0.320144,11.363049,187,['2158'],,"0.032549, 0.020395, -0.053841",-1.8846665358309789,1.608898106349309,3.539775367454193,Lysine HD,Lysine HD,150
2167,H,-19.341529,0.511309,13.462682,189,['2159'],,"-0.053891, -0.060845, 0.072238",-0.566582146716291,3.697713303792857,4.10479911169069,Lysine HE,Lysine HE,150
2168,H,-17.912624,0.186084,14.480638,189,['2159'],,"-0.061010, -0.050700, 0.019309",0.8848941765392673,2.71991292544178,4.452503182289558,Lysine HE,Lysine HE,150
2169,HN,-19.08485,-1.786441,14.256457,191,['2160'],,"-0.287863, -0.233422, 0.348519",-0.1384560948879891,3.2052324469882123,6.460598044450631,Lysine HN,Lysine HN,150
2170,HN,-17.789309,-2.025057,13.295057,191,['2160'],,"-0.060172, -0.018453, 0.020000",-0.49463978128703,1.628343900241354,6.2456335571073245,Lysine HN,Lysine HN,150
2171,HN,-19.264504,-1.720538,12.663077,191,['2160'],,"0.043893, -0.031640, 0.143418",-1.624514789364905,2.786747885582933,6.022444169698856,Lysine HN,Lysine HN,150
2172,N,-13.181879,3.687502,13.039879,7,"['2152', '2173', '2176']",,"0.126274, -0.201292, -0.152138",-0.6143469220126606,-1.288941499296465,-0.2791628658578147,Alanine N,Glutamate N,151
2173,CA,-12.374321,3.97825,14.21463,8,"['2172', '2174', '2177', '2178']",,"-0.044907, -0.594457, 0.092718",0.0,0.0,0.0,Alanine CA,Glutamate CA,151
2174,C,-11.743459,5.375397,14.236934,9,"['2173', '2175', '2187']",,"-0.149448, -0.164837, -0.279226",1.5331353727146868,3.469446951953614e-18,-2.4286128663675305e-17,Alanine C,Glutamate C,151
2175,O,-11.233905,5.799393,15.281165,11,['2174'],,"0.039958, 0.134177, -0.507021",2.144388325234228,1.075270243394256,1.1102230246251563e-16,Alanine O,Glutamate O,151
2176,HN,-12.660248,3.255028,12.264387,10,['2172'],,"0.098759, -0.165055, -0.191462",-0.8050992551260545,-1.856950283245029,0.5583931452065639,Alanine HN,Glutamate HN,151
2177,H,-13.03078,3.96655,15.119767,12,['2173'],,"-0.182679, 0.068652, 0.316985",-0.2676172562527883,0.7154405089480644,-0.8166236463401384,Alanine HA,Glutamate HA,151
2178,C,-11.260753,2.895467,14.378198,153,"['2173', '2179', '2183', '2184']",,"0.137565, -0.467227, 0.120087",-0.5261447085293463,0.5586852739984466,1.3602388454388632,Glutamate CB,Glutamate CB,151
2179,C,-11.865805,1.491686,14.601386,155,"['2178', '2180', '2185', '2186']",,"-0.181659, 0.764643, -0.098098",-2.051133815224558,0.8020749970744427,1.3193540173124048,Glutamate CG,Glutamate CG,151
2180,C,-10.921147,0.317612,14.554511,157,"['2179', '2181', '2182']",,"-0.411705, 0.572129, -0.075082",-2.7330374815856344,1.128894125808816,2.623663185784983,Glutamate CD,Glutamate CD,151
2181,O,-9.712295,0.467899,14.225842,158,['2180'],,"-0.150813, 0.582294, 0.291213",-2.10343803106364,1.0839245723292996,3.716144271660732,Glutamate OE,Glutamate OE,151
2182,O,-11.378627,-0.825012,14.818511,158,['2180'],,"0.166267, 0.527720, 0.142268",-3.958716713133639,1.4146811319958073,2.598969781350384,Glutamate OE,Glutamate OE,151
2183,H,-10.595762,3.15273,15.236663,154,['2178'],,"0.032618, 0.083761, 0.009003",-0.0055781633521747,1.513017676442048,1.612468056997571,Glutamate HB,Glutamate HB,151
2184,H,-10.599766,2.891649,13.478431,154,['2178'],,"0.067487, 0.027010, -0.037024",-0.2707276870783165,-0.1485780900392819,2.1854901554197173,Glutamate HB,Glutamate HB,151
2185,H,-12.650055,1.300645,13.832138,156,['2179'],,"-0.139066, 0.009298, -0.165910",-2.559127567622272,-0.1031655948504276,0.9122065870842376,Glutamate HG,Glutamate HG,151
2186,H,-12.389269,1.492325,15.585864,156,['2179'],,"-0.075008, 0.060265, 0.102432",-2.2516268553001546,1.6242982222991935,0.5934315635452985,Glutamate HG,Glutamate HG,151
2187,N,-11.842919,6.151407,13.129303,7,"['2174', '2188', '2191']",,"-0.204194, -0.018402, -0.266572",-0.4961890608775556,-0.8983420043382649,1.0284330193784912,Alanine N,Lysine N,152
2188,CA,-11.278369,7.482172,12.983549,8,"['2187', '2189', '2192', '2193']",,"-0.535916, 0.184607, 0.071652",0.0,0.0,0.0,Alanine CA,Lysine CA,152
2189,C,-9.762321,7.438468,13.227218,9,"['2188', '2190', '2209']",,"-0.096960, -0.019266, -0.057570",1.5361269997890796,0.0,2.775557561562892e-17,Alanine C,Lysine C,152
2190,O,-9.20315,8.230518,13.982536,11,['2189'],,"-0.102895, -0.031451, -0.115913",2.1852672758775253,1.043617551033334,1.1102230246251563e-16,Alanine O,Lysine O,152
2191,HN,-12.311686,5.817957,12.279366,10,['2187'],,"-0.128436, -0.067344, -0.192721",-1.0841635401966587,-1.6519943197923903,0.6547774214837646,Alanine HN,Lysine HN,152
2192,H,-11.382256,7.784388,11.914667,12,['2188'],,"-0.024140, 0.237208, -0.327484",-0.2806793544786349,-0.4253147671337259,-0.9924526175976572,Alanine HA,Lysine HA,152
2193,C,-12.01794,8.544119,13.853958,182,"['2188', '2194', '2198', '2199']",,"0.125739, 0.239538, 0.137613",-0.6220480315795512,1.4265766997274945,0.1012111077580711,Lysine CB,Lysine CB,152
2194,C,-13.534313,8.640795,13.541486,184,"['2193', '2195', '2200', '2201']",,"0.233679, -0.165125, -0.152007",-2.170916791716368,1.424734825281139,0.0153376761289308,Lysine CG,Lysine CG,152
2195,C,-14.290605,9.59343,14.495777,186,"['2194', '2196', '2202', '2203']",,"0.551589, -0.220543, -0.187907",-2.793051420238762,2.820153875523513,0.2518044251317649,Lysine CD,Lysine CD,152
2196,C,-15.792682,9.70509,14.1475,188,"['2195', '2197', '2204', '2205']",,"-0.001397, 0.045410, 0.245814",-4.333916940455515,2.8064519087156823,0.1271214552812135,Lysine CE,Lysine CE,152
2197,N,-16.549596,10.347311,15.21444,190,"['2196', '2206', '2207', '2208']",,"-0.082862, -0.090389, 0.183924",-4.929964910266422,4.031253574896342,0.6451130344042473,Lysine NZ,Lysine NZ,152
2198,H,-11.534139,9.534846,13.668825,183,['2193'],,"0.110989, 0.031745, -0.060988",-0.2021246575671358,2.0425201039449803,-0.7319489648438287,Lysine HB,Lysine HB,152
2199,H,-11.842415,8.318,14.932501,183,['2193'],,"0.087729, -0.057046, 0.011569",-0.2712996075775133,1.9114372199474776,1.0430601665923906,Lysine HB,Lysine HB,152
2200,H,-13.991504,7.624479,13.59917,185,['2194'],,"0.031570, -0.054452, -0.015225",-2.584066631667845,0.7071739994445849,0.7634439100060679,Lysine HG,Lysine HG,152
2201,H,-13.656182,8.979052,12.483823,185,['2194'],,"0.059664, 0.027878, -0.069039",-2.468588874330492,1.0358278762851438,-0.9886860233093836,Lysine HG,Lysine HG,152
2202,H,-13.821887,10.60615,14.459899,187,['2195'],,"0.077454, 0.028500, -0.013914",-2.364963953973088,3.547652443155445,-0.4789982487328845,Lysine HD,Lysine HD,152
2203,H,-14.163028,9.229063,15.543928,187,['2195'],,"0.088814, -0.048298, 0.047139",-2.490511944565976,3.182391204892686,1.2641846418932947,Lysine HD,Lysine HD,152
2204,H,-16.236949,8.693222,13.989764,189,['2196'],,"-0.058785, 0.007330, 0.035917",-4.768609378788859,1.9566810881754988,0.7059674615931465,Lysine HE,Lysine HE,152
2205,H,-15.936352,10.268329,13.196619,189,['2196'],,"-0.044135, -0.011428, 0.004839",-4.642567615738288,2.660725537920681,-0.9337991363204416,Lysine HE,Lysine HE,152
2206,HN,-17.489,10.609563,14.934909,191,['2197'],,"0.050398, -0.035813, 0.063279",-5.908891819464344,4.133547092918768,0.3988779652126302,Lysine HN,Lysine HN,152
2207,HN,-16.107814,11.161266,15.628896,191,['2197'],,"-0.054765, -0.101788, 0.033776",-4.451371859443838,4.887981972621857,0.3873670398281887,Lysine HN,Lysine HN,152
2208,HN,-16.664976,9.659939,15.958174,191,['2197'],,"-0.102749, -0.333201, 0.255357",-4.906305272945424,3.971315057564233,1.662354730974864,Lysine HN,Lysine HN,152
2209,N,-9.096282,6.409958,12.635963,7,"['2189', '2210', '2213']",,"-0.199160, -0.164729, -0.038274",-0.4600183009186352,0.5382161582098938,1.2666859171644385,Alanine N,Leucine N,153
2210,CA,-7.666514,6.196869,12.763019,8,"['2209', '2211', '2214', '2215']",,"-0.389861, -0.580610, 0.143517",0.0,0.0,0.0,Alanine CA,Leucine CA,153
2211,C,-6.950324,7.097709,11.754588,9,"['2210', '2212', '2228']",,"-0.028500, -0.062325, 0.363816",1.5301548625747,1.1102230246251563e-16,0.0,Alanine C,Leucine C,153
2212,O,-7.066672,6.905667,10.541744,11,['2211'],,"-0.013650, 0.028119, 0.254242",2.161949148244138,1.059359965167386,-4.163336342344337e-17,Alanine O,Leucine O,153
2213,HN,-9.583774,5.778457,11.985042,10,['2209'],,"-0.169146, -0.176847, -0.139172",-0.6309874934935649,1.5534295491618788,1.282542061968507,Alanine HN,Leucine HN,153
2214,H,-7.360903,6.506428,13.791916,12,['2210'],,"0.041442, 0.130523, 0.337263",-0.3527962902059839,-1.0572444380032011,-0.0749858009171841,Alanine HA,Leucine HA,153
2215,C,-7.245838,4.705194,12.514836,19,"['2210', '2216', '2219', '2220']",,"0.102175, -0.232519, 0.071537",-0.5177261145672611,0.8171189498771194,-1.2360961516552031,Leucine CB,Leucine CB,153
2216,C,-6.885954,3.927712,13.813775,21,"['2215', '2217', '2218', '2221']",,"0.016741, -0.001381, 0.044326",-1.663055885097884,0.1144681247083122,-2.0207864180194943,Leucine CG,Leucine CG,153
2217,C,-6.719634,2.42145,13.487605,23,"['2216', '2222', '2223', '2224']",,"-0.030378, -0.046960, 0.021441",-2.257024784742923,1.0969236506924855,-3.062350870975538,Leucine CD,Leucine CD,153
2218,C,-5.563083,4.462064,14.423745,23,"['2216', '2225', '2226', '2227']",,"0.059498, -0.027426, 0.037180",-1.1312927283080747,-1.143173134323817,-2.7577732239434662,Leucine CD,Leucine CD,153
2219,H,-6.361638,4.674535,11.835235,20,['2215'],,"0.010365, -0.012055, 0.001318",0.3259578105347817,1.0004638306709466,-1.942629394109589,Leucine HB,Leucine HB,153
2220,H,-8.049605,4.172564,11.95277,20,['2215'],,"-0.015344, -0.009475, 0.002076",-0.8370790966972917,1.835911252577286,-0.9109343268532304,Leucine HB,Leucine HB,153
2221,H,-7.713112,4.045812,14.556804,22,['2216'],,"-0.006107, -0.006725, -0.002489",-2.4703640809757985,-0.1853048997631687,-1.3076106525362814,Leucine HG,Leucine HG,153
2222,H,-6.473814,1.832293,14.399705,24,['2217'],,"-0.017163, 0.001014, 0.011386",-3.0899288994516274,0.6292179177274007,-3.634174214414666,Leucine HD,Leucine HD,153
2223,H,-5.909964,2.236496,12.74736,24,['2217'],,"-0.018217, 0.031308, 0.016948",-1.499095224865854,1.4369984172151111,-3.802369848083648,Leucine HD,Leucine HD,153
2224,H,-7.656673,1.983625,13.075623,24,['2217'],,"-0.034508, -0.028037, 0.040490",-2.6818529051295057,2.0042425125394674,-2.576804233117238,Leucine HD,Leucine HD,153
2225,H,-5.278636,3.904415,15.344956,24,['2218'],,"0.013116, -0.010622, 0.043141",-1.9335724113627488,-1.6495282381195433,-3.3412661789555296,Leucine HD,Leucine HD,153
2226,H,-5.626847,5.532383,14.719248,24,['2218'],,"0.043912, -0.022875, 0.024393",-0.7257621129539658,-1.910370668897742,-2.062127124680192,Leucine HD,Leucine HD,153
2227,H,-4.711094,4.373507,13.713159,24,['2218'],,"-0.007456, 0.013151, -0.021737",-0.3163508586349816,-0.8931789811542399,-3.4733378500959544,Leucine HD,Leucine HD,153
2228,N,-6.074932,7.984123,12.280433,7,"['2211', '2229', '2232']",,"-0.034426, -0.006095, 0.266601",-0.5785947187742706,-0.1659798666622692,-1.3178921121151372,Alanine N,Asparagine N,154
2229,CA,-5.075685,8.741067,11.554002,8,"['2228', '2230', '2233', '2234']",,"0.201115, -0.246446, 0.307276",0.0,0.0,0.0,Alanine CA,Asparagine CA,154
2230,C,-5.666818,9.665845,10.483115,9,"['2229', '2231', '2242']",,"0.180759, -0.364392, -0.110313",1.5334443386513907,0.0,0.0,Alanine C,Asparagine C,154
2231,O,-5.850433,10.862614,10.74605,11,['2230'],,"-0.236215, -0.284657, -0.200571",2.142343423670132,1.07904922319343,-1.1102230246251563e-16,Alanine O,Asparagine O,154
2232,HN,-6.05512,8.145874,13.298795,10,['2228'],,"-0.033450, 0.046863, 0.183245",-1.1998617343412317,0.6087695274996932,-1.5961145698772534,Alanine HN,Asparagine HN,154
2233,H,-4.635712,9.453069,12.290614,12,['2229'],,"0.181615, 0.336206, 0.229112",-0.2546339497659247,1.0379913263599123,0.3175781562154324,Alanine HA,Asparagine HA,154
2234,C,-3.943413,7.789366,11.091558,147,"['2229', '2235', '2238', '2239']",,"0.147592, -0.194509, -0.107790",-0.6874786369182055,-0.9729453994624466,0.9911505949990376,Asparagine CB,Asparagine CB,154
2235,C,-3.121229,7.265714,12.267217,149,"['2234', '2236', '2237']",,"-0.149045, -0.127778, -0.153459",-2.141251576092232,-0.5868025737700742,1.255366398335303,Asparagine CG,Asparagine CG,154
2236,O,-2.691382,8.020624,13.139935,150,['2235'],,"-0.109348, -0.063028, -0.109688",-2.461155556414351,0.5704976218885042,1.5285182966184363,Asparagine OD1,Asparagine OD1,154
2237,N,-2.93936,5.934296,12.333683,151,"['2235', '2240', '2241']",,"-0.076277, -0.107595, -0.085447",-3.0607191971752385,-1.559375846080448,1.1180766434063665,Asparagine ND2,Asparagine ND2,154
2238,H,-3.254632,8.313354,10.397602,148,['2234'],,"0.002675, 0.018963, -0.023289",-0.1523696446448678,-0.9800540883143174,1.9628323602761373,Asparagine HB,Asparagine HB,154
2239,H,-4.367823,6.951144,10.494254,148,['2234'],,"-0.047140, -0.027767, -0.086466",-0.6122502262388498,-2.018392331808604,0.6157928514067872,Asparagine HB,Asparagine HB,154
2240,HN,-3.325255,5.294572,11.624543,152,['2237'],,"-0.096817, -0.181076, -0.089493",-2.802528283450127,-2.5217190423298272,0.8567831082714109,Asparagine HD2,Asparagine HD2,154
2241,HN,-2.445372,5.569518,13.156195,152,['2237'],,"-0.075421, 0.019412, 0.005920",-4.045540522454081,-1.2918575702849002,1.2284127343440203,Asparagine HD2,Asparagine HD2,154
2242,N,-5.874506,9.18657,9.227899,7,"['2230', '2243', '2246']",,"0.139380, -0.348103, -0.160984",-0.6295625970677909,-1.3118157078625887,0.1430176936334596,Alanine N,Isoleucine N,155
2243,CA,-6.333123,9.990862,8.09633,8,"['2242', '2244', '2247', '2248']",,"0.542153, -0.016815, -0.071039",0.0,0.0,0.0,Alanine CA,Isoleucine CA,155
2244,C,-7.83372,10.373868,8.115039,9,"['2243', '2245', '2261']",,"0.174538, -0.081906, 0.076538",1.5488172839705785,-1.3877787807814457e-17,7.546047120499111e-17,Alanine C,Isoleucine C,155
2245,O,-8.310312,10.950482,7.136027,11,['2244'],,"0.048150, -0.058422, 0.102102",2.1413357308511296,1.0802823823937224,1.1102230246251563e-16,Alanine O,Isoleucine O,155
2246,HN,-5.793081,8.174377,9.058408,10,['2242'],,"0.002056, -0.285041, 0.034167",-0.9608044519409352,-1.552725427450961,1.0875457448543064,Alanine HN,Isoleucine HN,155
2247,H,-5.815112,10.982164,8.15582,12,['2243'],,"0.128287, 0.307440, 0.012601",-0.2560264173501645,0.3871003276736765,-1.019390956090336,Alanine HA,Isoleucine HA,155
2248,C,-5.958053,9.390059,6.675254,25,"['2243', '2249', '2250', '2252']",,"-0.092009, -0.186990, -0.166996",-0.5291308342008187,1.0919214028960855,1.024122530598946,Isoleucine CB,Isoleucine CB,155
2249,C,-6.669706,8.037205,6.382226,27,"['2248', '2251', '2253', '2254']",,"-0.059165, 0.110455, 0.071493",-0.1777201787943293,0.7565963035456228,2.502837166869712,Isoleucine CG1,Isoleucine CG1,155
2250,C,-4.425665,9.277734,6.484696,29,"['2248', '2255', '2256', '2257']",,"0.024288, -0.017779, 0.142313",-2.043888681035749,1.3594334080594126,0.847803977750702,Isoleucine CG2,Isoleucine CG2,155
2251,C,-6.23537,7.363547,5.071061,31,"['2249', '2258', '2259', '2260']",,"-0.026546, -0.037228, 0.141094",-0.7809604384392801,1.7245242924106214,3.5328046986881927,Isoleucine CD,Isoleucine CD,155
2252,H,-6.3159,10.130889,5.913384,26,['2248'],,"-0.093004, 0.097729, 0.074620",-0.0084285847130603,2.050072871622951,0.7630777230199837,Isoleucine HB,Isoleucine HB,155
2253,H,-7.764466,8.234809,6.333843,28,['2249'],,"-0.062656, 0.011586, 0.017150",0.9312369006319788,0.7806502939065078,2.6004246386219365,Isoleucine HG1,Isoleucine HG1,155
2254,H,-6.52722,7.312352,7.215039,28,['2249'],,"0.039403, -0.053520, 0.010374",-0.4849584946162489,-0.2793898837113931,2.770472855591492,Isoleucine HG1,Isoleucine HG1,155
2255,H,-4.137678,8.952346,5.461273,30,['2250'],,"-0.017399, -0.009364, 0.063932",-2.4157370658868964,2.190137364388466,1.4864495878231816,Isoleucine HG2,Isoleucine HG2,155
2256,H,-3.953785,8.574373,7.205552,30,['2250'],,"-0.014395, -0.087401, 0.072207",-2.6663034168467123,0.4639300562745461,1.0661945614406598,Isoleucine HG2,Isoleucine HG2,155
2257,H,-3.953589,10.268884,6.624248,30,['2250'],,"-0.019440, -0.047415, 0.048080",-2.254480696943416,1.6692411936251268,-0.1935312093138725,Isoleucine HG2,Isoleucine HG2,155
2258,H,-6.928098,6.541869,4.781806,32,['2251'],,"0.007348, -0.013964, 0.018695",-0.3164858421145488,1.5989385493707493,4.536391687048994,Isoleucine HD,Isoleucine HD,155
2259,H,-5.220126,6.916996,5.155028,32,['2251'],,"0.013038, -0.007693, 0.054919",-1.874009238896209,1.5616984862868093,3.6589423572434336,Isoleucine HD,Isoleucine HD,155
2260,H,-6.213094,8.102329,4.242917,32,['2251'],,"-0.006706, -0.041307, 0.087299",-0.6298535930765922,2.776661048207893,3.2129726852484364,Isoleucine HD,Isoleucine HD,155
2261,N,-8.624285,10.004656,9.157143,7,"['2244', '2262', '2265']",,"0.193704, -0.099016, 0.054826",-0.5821293696651899,-0.6117464755056577,1.1929479091450788,Alanine N,Tryptophan N,156
2262,CA,-10.082183,10.106519,9.176902,8,"['2261', '2263', '2266', '2267']",,"0.143874, -0.430298, -0.333668",0.0,0.0,0.0,Alanine CA,Tryptophan CA,156
2263,C,-10.633798,10.890058,10.408399,9,"['2262', '2264', '2285']",,"0.100818, 0.054911, -0.093178",1.560383713627836,-5.551115123125783e-17,1.1102230246251563e-16,Alanine C,Tryptophan C,156
2264,O,-11.355266,10.293222,11.212968,11,['2263'],,"0.134758, 0.058866, -0.099768",2.1507209428388188,1.0842336083559203,2.220446049250313e-16,Alanine O,Tryptophan O,156
2265,HN,-8.223781,9.642971,10.03285,10,['2261'],,"0.112080, -0.031817, 0.113604",-0.2141992117239688,-0.2296520256600975,2.0742614023837604,Alanine HN,Tryptophan HN,156
2266,H,-10.442219,10.655858,8.273718,12,['2262'],,"-0.051956, 0.231915, -0.332592",-0.3096921567218151,-0.5644188409474045,-0.9125035540322994,Alanine HA,Tryptophan HA,156
2267,C,-10.646399,8.631544,9.163245,89,"['2262', '2268', '2277', '2278']",,"-0.045281, -0.238283, -0.163335",-0.5519725530917865,1.4777663269240309,-0.0749028876131952,Tryptophan CB,Tryptophan CB,156
2268,C,-10.185641,7.693959,8.040647,91,"['2267', '2269', '2270']",,"-0.030061, 0.083962, 0.376217",-2.071644596564912,1.6816649699872557,-0.0501630404796825,Tryptophan CG,Tryptophan CG,156
2269,C,-9.369882,6.562405,8.207434,92,"['2268', '2271', '2279']",,"0.060333, 0.139935, 0.218781",-2.796596985116823,2.2802132700041486,0.9938096944352512,Tryptophan CD1,Tryptophan CD1,156
2270,C,-10.541187,7.73234,6.708097,94,"['2268', '2272', '2273']",,"0.109077, -0.004638, 0.341605",-2.9783663201027464,1.4019753074807595,-1.0517642438179071,Tryptophan CD2,Tryptophan CD2,156
2271,N,-9.267733,5.951109,6.984613,95,"['2269', '2272', '2280']",,"0.023959, -0.006507, 0.115241",-4.104750583740478,2.3535868730319107,0.5903758180134746,Tryptophan NE1,Tryptophan NE1,156
2272,C,-9.969172,6.658102,6.060832,97,"['2270', '2271', '2274']",,"0.094937, -0.016360, 0.237273",-4.230843073829058,1.8143105202647165,-0.6499905827005951,Tryptophan CE2,Tryptophan CE2,156
2273,C,-11.321044,8.658818,6.013058,98,"['2270', '2275', '2281']",,"0.133716, -0.018110, 0.191840",-2.785994393446254,0.7904053544990929,-2.292164530378045,Tryptophan CE3,Tryptophan CE3,156
2274,C,-10.122797,6.419356,4.699052,100,"['2272', '2276', '2282']",,"0.075309, -0.077719, 0.175130",-5.371173440545119,1.6583120589661675,-1.431243548364534,Tryptophan CZ2,Tryptophan CZ2,156
2275,C,-11.499432,8.453955,4.627225,102,"['2273', '2276', '2283']",,"0.060622, 0.001138, 0.191079",-3.9195398285147096,0.6106900688814507,-3.11502624048056,Tryptophan CZ3,Tryptophan CZ3,156
2276,C,-10.906898,7.342927,3.97563,104,"['2274', '2275', '2284']",,"0.084498, -0.066438, 0.161246",-5.201161573699094,1.0422788669812069,-2.689312001124697,Tryptophan CH2,Tryptophan CH2,156
2277,H,-11.761233,8.664441,9.164117,90,['2267'],,"-0.062447, 0.094666, 0.105149",-0.140657631530079,1.9781843284309708,-0.982834426671888,Tryptophan HB,Tryptophan HB,156
2278,H,-10.372609,8.143641,10.127001,90,['2267'],,"-0.012883, 0.074917, 0.069146",-0.1331365209945715,2.051278386389617,0.7838731163072693,Tryptophan HB,Tryptophan HB,156
2279,H,-8.864966,6.180586,9.110508,93,['2269'],,"0.143646, 0.032596, 0.115747",-2.454089177370972,2.638063109654961,1.9791525074643104,Tryptophan HD1,Tryptophan HD1,156
2280,HN,-8.723129,5.093589,6.796266,96,['2271'],,"-0.009698, -0.008004, 0.013934",-4.876522843141428,2.743680100674061,1.1557106860270103,Tryptophan HE1,Tryptophan HE1,156
2281,H,-11.781105,9.524524,6.523798,99,['2273'],,"-0.008079, -0.002729, 0.009964",-1.7855573046743023,0.4542832293547277,-2.6209591443164992,Tryptophan HE3,Tryptophan HE3,156
2282,H,-9.647956,5.552338,4.20155,101,['2274'],,"-0.005477, -0.057026, 0.017813",-6.367046469620854,1.992659937189766,-1.0831762647886491,Tryptophan HZ2,Tryptophan HZ2,156
2283,H,-12.116186,9.167928,4.048441,103,['2275'],,"0.000024, -0.023931, 0.063539",-3.799783587228043,0.1333715811261766,-4.106469311877453,Tryptophan HZ3,Tryptophan HZ3,156
2284,H,-11.057321,7.195108,2.888198,105,['2276'],,"0.022663, -0.039448, 0.046419",-6.080442485193686,0.8955459701736486,-3.3468227812566305,Tryptophan HH2,Tryptophan HH2,156
2285,N,-10.285817,12.204259,10.625092,7,"['2263', '2286', '2289']",,"0.241493, -0.080954, 0.039806",-0.8681658146210085,-1.1950973777359044,0.0787962706808255,Alanine N,Serine N,157
2286,CA,-10.508107,12.845198,11.939612,8,"['2285', '2287', '2290', '2291']",,"0.136529, -0.596778, 0.061006",0.0,0.0,0.0,Alanine CA,Serine CA,157
2287,C,-10.95412,14.332946,12.176419,9,"['2286', '2288', '2296']",,"0.095007, -0.135197, -0.021295",1.5711140197076718,2.775557561562892e-17,9.020562075079396e-17,Alanine C,Serine C,157
2288,O,-11.026946,14.734043,13.338645,11,['2287'],,"-0.004051, -0.002899, -0.129216",2.146779339557776,1.0888347644536702,1.5959455978986623e-16,Alanine O,Serine O,157
2289,HN,-9.676714,12.709538,9.96731,10,['2285'],,"0.095991, -0.009194, -0.069828",-0.6617564902746187,-1.8609529328078325,0.8357784782502782,Alanine HN,Serine HN,157
2290,H,-11.315661,12.276868,12.463326,12,['2286'],,"-0.211562, -0.257470, 0.189365",-0.2299852798126211,0.5252624781034761,-0.95949200401989,Alanine HA,Serine HA,157
2291,C,-9.178195,12.656467,12.742703,33,"['2286', '2292', '2293', '2294']",,"0.320190, 0.125801, 0.275377",-0.4352100672707538,0.9288433901463994,1.1819824983110077,Serine CB,Serine CB,157
2292,OH,-8.66747,11.336728,12.591949,35,"['2291', '2295']",,"0.000523, 0.104196, 0.075248",-1.8526302046643144,0.9970006425049586,1.28946535891747,Serine OG,Serine OG,157
2293,H,-9.32526,12.86274,13.827279,34,['2291'],,"-0.035608, 0.095006, -0.017746",-0.0346596769190132,1.9605748625822088,1.0571974106422255,Serine HB,Serine HB,157
2294,H,-8.417267,13.381076,12.366216,34,['2291'],,"0.095501, 0.192606, 0.005991",-0.0218110107338828,0.5244483974452215,2.136643692225708,Serine HB,Serine HB,157
2295,HO,-7.880522,11.274953,13.119557,36,['2292'],,"-0.001382, -0.009269, 0.003104",-2.055004697781727,1.5917756181367126,2.0013366955301457,Serine HG,Serine HG,157
2296,N,-11.201386,15.164447,11.126441,7,"['2287', '2297', '2300']",,"0.100100, -0.044747, -0.051251",-0.9345473724041082,1.0468388663642272,-0.4973559771419693,Alanine N,Glutamate N,158
2297,CA,-11.183313,16.650369,11.035213,8,"['2296', '2298', '2301', '2302']",,"0.661068, -0.474850, 0.050138",0.0,0.0,0.0,Alanine CA,Glutamate CA,158
2298,C,-12.184912,17.71083,11.697703,9,"['2297', '2299', '2311']",,"0.309012, -0.032267, -0.188572",1.6020833590740533,-5.551115123125783e-17,0.0,Alanine C,Glutamate C,158
2299,O,-12.833343,17.481843,12.718523,11,['2298'],,"0.298088, -0.062104, -0.121918",2.278027649880423,1.0286255859428486,2.220446049250313e-16,Alanine O,Glutamate O,158
2300,HN,-11.320208,14.71249,10.207289,10,['2296'],,"-0.053319, -0.124973, -0.108152",-1.5395095167204698,0.7077184945190756,-1.260404058183233,Alanine HN,Glutamate HN,158
2301,H,-11.357221,16.834403,9.943188,12,['2297'],,"0.003070, 0.062010, -0.229090",-0.2210301241058188,-0.8698315280621072,-0.6716918216503067,Alanine HA,Glutamate HA,158
2302,C,-9.704971,17.104899,11.362561,153,"['2297', '2303', '2307', '2308']",,"0.584568, 0.066568, 0.375328",-0.488008161110838,-0.387560383710271,1.4528916981783475,Glutamate CB,Glutamate CB,158
2303,C,-9.213172,17.089289,12.835661,155,"['2302', '2304', '2309', '2310']",,"-0.380901, 0.350637, -0.375988",-0.196653261538833,0.576354032075929,2.635310769419985,Glutamate CG,Glutamate CG,158
2304,C,-8.058403,16.187602,13.246392,157,"['2303', '2305', '2306']",,"-0.369059, 0.295499, -0.126653",-1.3456035847054566,1.2117605622523322,3.404337778045494,Glutamate CD,Glutamate CD,158
2305,O,-7.664965,16.208759,14.443316,158,['2304'],,"-0.706686, 0.469526, -0.127128",-1.0826214843118114,1.9740599307625093,4.372639501637129,Glutamate OE,Glutamate OE,158
2306,O,-7.489202,15.464791,12.375524,158,['2304'],,"-0.327835, 0.050157, 0.283865",-2.540026683074053,0.9344883918123325,3.086013730683295,Glutamate OE,Glutamate OE,158
2307,H,-9.547351,18.140283,10.985544,154,['2302'],,"0.012111, 0.041403, -0.111929",-0.0571052861736717,-1.3747300752390648,1.7336489289718413,Glutamate HB,Glutamate HB,158
2308,H,-8.990979,16.506194,10.747801,154,['2302'],,"0.072404, -0.054312, 0.031219",-1.584898231568009,-0.5936622054484041,1.4301689541168685,Glutamate HB,Glutamate HB,158
2309,H,-10.062337,16.871671,13.521471,156,['2303'],,"-0.140056, -0.064370, 0.060837",0.4737798178346295,1.4001423633121814,2.302645143528451,Glutamate HG,Glutamate HG,158
2310,H,-8.89024,18.122651,13.105756,156,['2303'],,"-0.000561, 0.128978, 0.023991",0.3971528989057977,0.0205764022980483,3.399234115541497,Glutamate HG,Glutamate HG,158
2311,N,-12.156276,18.946416,11.067153,7,"['2298', '2312', '2315']",,"0.253861, 0.043679, -0.111632",-1.1763596665000222,0.7560833903898522,-0.5381844319836337,Alanine N,Aspartate N,159
2312,CA,-12.330562,20.425349,11.233009,8,"['2311', '2313', '2316', '2317']",,"0.675243, -0.495242, 0.001637",0.0,0.0,0.0,Alanine CA,Aspartate CA,159
2313,C,-13.292665,21.518613,11.932605,9,"['2312', '2314', '2323']",,"0.170385, -0.173597, -0.295676",1.6156431906584432,0.0,0.0,Alanine C,Aspartate C,159
2314,O,-13.814707,21.306084,13.031773,11,['2313'],,"0.144028, 0.068740, -0.149913",2.258657323856141,1.05470353291198,0.0,Alanine O,Aspartate O,159
2315,HN,-11.609079,18.875824,10.193299,10,['2311'],,"0.284444, 0.095824, -0.165217",-1.9283699727284924,0.0472433760792552,-0.5307726827086573,Alanine HN,Aspartate HN,159
2316,H,-12.489577,20.739526,10.168293,12,['2312'],,"-0.037353, 0.064686, -0.367862",-0.1537491965424404,-1.0004688825048993,-0.4827383534710603,Alanine HA,Aspartate HA,159
2317,C,-10.875782,20.812535,11.695961,137,"['2312', '2318', '2321', '2322']",,"-0.035223, 0.186003, 0.555982",-0.4038467921732701,-0.0694065136976686,1.520760633895979,Aspartate CB,Aspartate CB,159
2318,C,-9.802012,20.84549,10.632455,139,"['2317', '2319', '2320']",,"-0.048572, 0.117683, 0.624119",-1.4814816170113194,-1.0588734484151443,1.9012490389204544,Aspartate CG,Aspartate CG,159
2319,O,-9.973988,20.089799,9.613943,140,['2318'],,"-0.092581, -0.032813, 0.605389",-2.33145769402393,-1.364726429864174,0.9946036019132444,Aspartate OD,Aspartate OD,159
2320,O,-8.819809,21.609573,10.724527,140,['2318'],,"-0.128399, 0.061574, 0.301934",-1.5094722113123864,-1.585978984005692,3.0319121621638345,Aspartate OD,Aspartate OD,159
2321,H,-10.533687,20.161419,12.535908,138,['2317'],,"-0.020640, -0.088496, 0.197841",-0.6844463389161616,0.9389009202011964,1.909440464092979,Aspartate HB,Aspartate HB,159
2322,H,-10.898365,21.812293,12.153264,138,['2317'],,"-0.042859, 0.089884, 0.140330",0.4841301819780067,-0.3244708095217813,2.117075301361816,Aspartate HB,Aspartate HB,159
2323,N,-13.236815,22.808166,11.34199,7,"['2313', '2324', '2327']",,"0.123007, -0.125338, -0.113759",-1.0649596255153069,1.102701629997521,-0.1411005536102337,Alanine N,Asparagine N,160
2324,CA,-13.341104,24.305344,11.684891,8,"['2323', '2325', '2328', '2329']",,"0.267169, -0.519477, 0.103777",0.0,0.0,0.0,Alanine CA,Asparagine CA,160
2325,C,-14.591114,25.362923,11.781135,9,"['2324', '2326', '2337']",,"0.377429, 0.019116, 0.136577",1.6402015878778418,7.112366251504909e-17,-1.3877787807814457e-17,Alanine C,Asparagine C,160
2326,O,-15.764502,24.981477,11.683865,11,['2325'],,"0.274030, 0.305381, 0.053110",2.2827907723753893,1.0577717345092832,6.505213034913029e-19,Alanine O,Asparagine O,160
2327,HN,-12.722761,22.764871,10.446303,10,['2323'],,"0.204458, -0.056810, -0.247064",-1.5371973240381835,0.9173196880229078,-1.0416594165356592,Alanine HN,Asparagine HN,160
2328,H,-12.892928,24.755201,10.756126,12,['2324'],,"0.176741, 0.165996, -0.312040",-0.1059950346968888,-0.5095884503884944,-0.9974578369536512,Alanine HA,Asparagine HA,160
2329,C,-12.285864,24.544421,12.823162,147,"['2324', '2330', '2333', '2334']",,"0.161908, -0.061978, 0.246415",-0.5832612227444396,-1.0071390172415864,1.054432304589683,Asparagine CB,Asparagine CB,160
2330,C,-10.854041,24.290718,12.326561,149,"['2329', '2331', '2332']",,"0.003118, -0.095764, 0.242956",-1.867188098242528,-1.6783311142440325,0.542448109487749,Asparagine CG,Asparagine CG,160
2331,O,-10.504028,24.617046,11.189588,150,['2330'],,"-0.114561, -0.118628, 0.120690",-1.990239399449434,-2.004973199729878,-0.6407129073407907,Asparagine OD1,Asparagine OD1,160
2332,N,-10.0131,23.683492,13.183941,151,"['2330', '2335', '2336']",,"0.104876, -0.038993, 0.168896",-2.849296917334812,-1.874432966842576,1.4413429730983822,Asparagine ND2,Asparagine ND2,160
2333,H,-12.529416,23.892378,13.696063,148,['2329'],,"-0.038658, -0.057936, 0.039604",-0.7668563776074558,-0.4705682710130266,2.016107124763608,Asparagine HB,Asparagine HB,160
2334,H,-12.294758,25.579458,13.230524,148,['2329'],,"0.023093, -0.063640, 0.086835",0.1147975653661043,-1.832046425226064,1.3181863381947974,Asparagine HB,Asparagine HB,160
2335,HN,-10.284738,23.521326,14.162948,152,['2332'],,"-0.001042, 0.013104, 0.090805",-2.689395590624517,-1.7017913073980868,2.4429247939146053,Asparagine HD2,Asparagine HD2,160
2336,HN,-9.08076,23.398642,12.849412,152,['2332'],,"0.073971, -0.127094, 0.042276",-3.763137095093275,-2.220044607309309,1.1130812277955298,Asparagine HD2,Asparagine HD2,160
2337,N,-14.199857,26.734645,11.771044,7,"['2325', '2338', '2341']",,"0.101130, 0.087027, 0.018371",-1.102282937464835,1.0514526855383028,-0.4051907038891542,Alanine N,Alanine N,161
2338,CA,-14.533172,28.265851,11.600547,8,"['2337', '2339', '2342', '2343']",,"0.444768, -0.271646, -0.084052",0.0,0.0,0.0,Alanine CA,Alanine CA,161
2339,C,-15.508546,29.312052,12.378009,9,"['2338', '2340', '2347']",,"-0.084199, -0.065731, -0.446118",1.6279859132440306,1.1102230246251563e-16,-5.551115123125783e-17,Alanine C,Alanine C,161
2340,O,-15.86586,29.042808,13.531196,11,['2339'],,"0.223863, 0.036949, -0.405734",2.219754249166719,1.0861934080541509,-2.220446049250313e-16,Alanine O,Alanine O,161
2341,HN,-13.174371,26.731779,11.780367,10,['2337'],,"0.128338, 0.036070, 0.004985",-1.714071103137191,1.05802534173856,0.4178455705330159,Alanine HN,Alanine HN,161
2342,H,-14.836967,28.386081,10.528813,12,['2338'],,"-0.159509, -0.004862, -0.258515",-0.2525414779104259,-0.9301148930956556,-0.5713751038131403,Alanine HA,Alanine HA,161
2343,C,-13.119241,28.93197,11.839131,13,"['2338', '2344', '2345', '2346']",,"0.165195, 0.365883, 0.042856",-0.305117613995315,-0.2107129115037679,1.536990901252642,Alanine CB,Alanine CB,161
2344,H,-13.11722,30.019499,11.632535,14,['2343'],,"-0.020116, 0.079655, -0.018851",0.2938938081488655,-1.026638139028958,1.9851612446788576,Alanine HB,Alanine HB,161
2345,H,-12.298604,28.516692,11.211676,14,['2343'],,"0.019982, 0.104608, -0.013777",-1.3633053153208188,-0.4673752619623077,1.7692922286241104,Alanine HB,Alanine HB,161
2346,H,-12.811764,28.824302,12.909059,14,['2343'],,"-0.016422, 0.026098, 0.052176",-0.0475718215784065,0.7104331149115151,2.11668098376629,Alanine HB,Alanine HB,161
2347,N,-15.58752,30.653647,11.862136,7,"['2339', '2348', '2351']",,"0.005296, 0.013408, -0.151467",-0.988233755426032,-0.2167541751844349,-1.145046459481309,Alanine N,Aspartate N,162
2348,CA,-15.784253,31.990811,12.574883,8,"['2347', '2349', '2352', '2353']",,"0.340072, -0.428784, 0.324307",0.0,0.0,0.0,Alanine CA,Aspartate CA,162
2349,C,-16.797558,33.227062,12.240242,9,"['2348', '2350', '2359']",,"0.017355, -0.185613, -0.083108",1.6331222112588473,-2.775557561562892e-17,-1.6653345369377348e-16,Alanine C,Aspartate C,162
2350,O,-17.819773,33.299988,12.918652,11,['2349'],,"0.005620, -0.064614, -0.088423",2.183568836743217,1.0988586571046683,-2.220446049250313e-16,Alanine O,Aspartate O,162
2351,HN,-15.243626,30.806136,10.902899,10,['2347'],,"0.130192, 0.087804, -0.124143",-0.8896219082074075,-1.1681501689648162,-1.5281560614658725,Alanine HN,Aspartate HN,162
2352,H,-16.248193,31.693187,13.548677,12,['2348'],,"-0.377102, -0.083479, 0.310328",-0.1369748340545598,1.0816412232027413,0.2517643392464537,Alanine HA,Aspartate HA,162
2353,C,-14.358383,32.553059,12.931597,137,"['2348', '2354', '2357', '2358']",,"-0.454220, 0.080568, 0.483060",-0.5321908377610377,-0.8022889961349827,1.2448205601948912,Aspartate CB,Aspartate CB,162
2354,C,-13.257557,32.528749,11.891778,139,"['2353', '2355', '2356']",,"-0.459204, 0.069784, 0.325691",-1.020555809018285,-2.225273133263856,1.0709004306368022,Aspartate CG,Aspartate CG,162
2355,O,-13.536906,32.292607,10.675021,140,['2354'],,"-0.172165, 0.088210, 0.456970",-0.7766599564641938,-2.8544513395462845,-0.0056431601481425,Aspartate OD,Aspartate OD,162
2356,O,-12.063406,32.642332,12.275805,140,['2354'],,"-0.823161, -0.021563, 0.112492",-1.754201615051039,-2.724004514012591,1.9649951049112944,Aspartate OD,Aspartate OD,162
2357,H,-13.981037,31.975022,13.80922,138,['2353'],,"-0.081484, -0.078944, 0.053342",-1.3837217498830685,-0.2232992737192128,1.6765669142634922,Aspartate HB,Aspartate HB,162
2358,H,-14.453263,33.605117,13.298201,138,['2353'],,"-0.107513, 0.119482, 0.021864",0.2479524944467317,-0.8086677091883647,2.045796487306028,Aspartate HB,Aspartate HB,162
2359,N,-16.338701,34.41872,11.679036,7,"['2349', '2360', '2363']",,"0.079504, -0.116098, -0.113026",-0.9363531629429585,1.1966869576225032,-0.1453596012684419,Alanine N,Serine N,163
2360,CA,-16.567184,35.835703,12.198556,8,"['2359', '2361', '2364', '2365']",,"0.071209, -0.668255, 0.209484",0.0,0.0,0.0,Alanine CA,Serine CA,163
2361,C,-17.730053,36.858607,11.785915,9,"['2360', '2362', '2370']",,"0.355112, 0.009154, 0.127175",1.602769321910672,0.0,-5.551115123125783e-17,Alanine C,Serine C,163
2362,O,-18.669398,36.515359,11.049134,11,['2361'],,"0.386362, -0.053715, 0.264647",2.2549227309788886,1.057227691432031,-1.1102230246251563e-16,Alanine O,Serine O,163
2363,HN,-15.725102,34.354056,10.85288,10,['2359'],,"0.070410, -0.059115, -0.147652",-1.2101133827030512,1.4171166175012992,-1.1147331150161732,Alanine HN,Serine HN,163
2364,H,-16.812338,35.694737,13.281675,12,['2360'],,"-0.063466, -0.002704, 0.378269",-0.1909519988516831,-0.3734493755897489,1.0378783951114756,Alanine HA,Serine HA,163
2365,C,-15.179523,36.570619,12.107707,33,"['2360', '2366', '2367', '2368']",,"0.140982, 0.076554, -0.060298",-0.5143793369798193,-1.090929440578801,-1.0095766301498,Serine CB,Serine CB,163
2366,OH,-14.80456,36.918266,13.434187,35,"['2365', '2369']",,"0.060561, -0.046446, -0.065432",-0.906066005208916,-2.2197631168725964,-0.2393033256827261,Serine OG,Serine OG,163
2367,H,-15.217269,37.498545,11.491888,34,['2365'],,"-0.018874, -0.046204, -0.094978",0.2637644802915393,-1.409496230445681,-1.740816578996462,Serine HB,Serine HB,163
2368,H,-14.37647,35.938199,11.661909,34,['2365'],,"-0.016281, 0.032131, 0.005713",-1.385868349855279,-0.750857846031145,-1.6165718896306096,Serine HB,Serine HB,163
2369,HO,-13.923941,37.273452,13.426227,36,['2366'],,"0.054612, 0.026353, 0.033547",-1.3162552473035114,-2.8589356005336963,-0.8093152563976554,Serine HG,Serine HG,163
2370,N,-17.69049,38.143774,12.356567,1,"['2361', '2371', '2374']",,"0.073573, 0.004768, 0.079360",-0.7724815756370361,0.1175298741327639,1.2598963736425517,Glycine N,Glycine N,164
2371,CA,-18.738343,39.192519,12.360803,2,"['2370', '2372', '2375', '2376']",,"-0.121673, -0.687925, 0.003177",0.0,0.0,0.0,Glycine CA,Glycine CA,164
2372,C,-18.40962,40.667034,12.741868,3,"['2371', '2373', '2377']",,"-0.194703, -0.126312, -0.527206",1.5580320375971128,5.551115123125783e-17,4.163336342344337e-17,Glycine C,Glycine C,164
2373,O,-18.39429,41.020674,13.928969,5,['2372'],,"-0.135021, -0.151092, -0.428223",2.186292193443867,1.067611455201007,2.775557561562892e-17,Glycine O,Glycine O,164
2374,HN,-16.843559,38.444361,12.857858,4,['2370'],,"0.134887, -0.048292, 0.090378",-0.1867104410841523,0.4419451099650401,2.0412824899099955,Glycine HN,Glycine HN,164
2375,H,-19.275938,39.228006,11.387459,6,['2371'],,"-0.180862, -0.065406, -0.089660",-0.3179017162598766,-0.8911709948199156,-0.5851657972922794,Glycine HA,Glycine HA,164
2376,H,-19.524546,38.882383,13.097582,6,['2371'],,"-0.149187, -0.046885, 0.148948",-0.2791871365141229,0.8695150750054415,-0.6504927883453626,Glycine HA,Glycine HA,164
2377,N,-18.306016,41.554089,11.706429,7,"['2372', '2378', '2381']",,"-0.174229, 0.380294, -0.200219",-0.5358543585592108,1.3190239167258249,-0.3790666114700146,Alanine N,Glutamine N,165
2378,CA,-18.102392,43.009643,11.60369,8,"['2377', '2379', '2382', '2383']",,"0.149090, -0.043824, 0.087078",0.0,0.0,0.0,Alanine CA,Glutamine CA,165
2379,C,-19.403894,43.731309,11.184764,233,"['2378', '2380', '2394']",,"0.141416, -0.216828, -0.019807",1.546029839633122,5.551115123125783e-17,-5.551115123125783e-17,C-Terminal COO-,Glutamine COO-,165
2380,O,-20.479863,43.089971,11.291854,234,['2379'],,"0.208450, -0.004902, 0.000590",2.1234321433311103,1.1167356746290786,0.0,C-Terminal COO-,Glutamine COO-,165
2381,HN,-18.623976,41.197161,10.795278,10,['2377'],,"-0.100452, 0.008983, -0.050498",-0.1879001316047956,1.5630761721349575,-1.3161144523827764,Alanine HN,Glutamine HN,165
2382,H,-17.452147,43.14895,10.701498,12,['2378'],,"0.192132, 0.113427, -0.241509",-0.2379063762593865,-0.6700192388703943,-0.8664007045337985,Alanine HA,Glutamine HA,165
2383,C,-17.415136,43.810418,12.76058,167,"['2378', '2384', '2388', '2389']",,"-0.379677, 0.006756, 0.102867",-0.5182463151501182,-0.7431531386681821,1.277145274266773,Glutamine CB,Glutamine CB,165
2384,C,-18.336828,44.370454,13.872399,169,"['2383', '2385', '2390', '2391']",,"-0.002018, -0.080099, -0.136274",0.2178151797794058,-0.4506929328430347,2.6083020856950263,Glutamine CG,Glutamine CG,165
2385,C,-17.705714,45.422137,14.784787,171,"['2384', '2386', '2387']",,"-0.137408, -0.006268, -0.180528",-0.069795908466806,-1.4265446587579595,3.749260957423401,Glutamine CD,Glutamine CD,165
2386,O,-17.096304,45.109993,15.810863,172,['2385'],,"-0.094358, -0.181803, -0.368755",-1.0065578796611525,-1.251700652389902,4.532557175576692,Glutamine OE1,Glutamine OE1,165
2387,N,-17.958969,46.715289,14.471176,173,"['2385', '2392', '2393']",,"-0.041077, 0.026136, -0.041743",0.8320078512580772,-2.42153495401178,3.9266766860011657,Glutamine NE2,Glutamine NE2,165
2388,H,-16.88506,44.677637,12.298332,168,['2383'],,"-0.046395, -0.064567, -0.005758",-0.4344218021764521,-1.8395884686222048,1.083430041271689,Glutamine HB,Glutamine HB,165
2389,H,-16.604544,43.202241,13.221477,168,['2383'],,"-0.028262, 0.005539, -0.044533",-1.6094086364985394,-0.5665023345031335,1.4095234456522554,Glutamine HB,Glutamine HB,165
2390,H,-18.710187,43.530779,14.496413,170,['2384'],,"-0.056381, -0.081562, 0.008869",-0.0289155705058047,0.5786704017442943,2.945020934251136,Glutamine HG,Glutamine HG,165
2391,H,-19.245679,44.818577,13.41004,170,['2384'],,"-0.088950, 0.019173, -0.112364",1.3173804598113916,-0.4452380681721891,2.4307446369338,Glutamine HG,Glutamine HG,165
2392,HN,-18.526529,46.963232,13.649302,174,['2387'],,"-0.032350, -0.002690, -0.054573",1.6482384718659309,-2.5179286055153627,3.307360292986316,Glutamine HE2,Glutamine HE2,165
2393,HN,-17.580272,47.454017,15.079033,174,['2387'],,"-0.003627, 0.027737, -0.024775",0.6933254544947169,-3.0806610531202043,4.704455951952685,Glutamine HE2,Glutamine HE2,165
2394,O,-19.301412,44.945389,10.859708,234,['2379'],,"-0.036795, -0.466412, 0.057853",2.114553238496226,-1.1211068919810534,0.1002730849117352,C-Terminal COO-,Glutamine COO-,165
