atom_number,atom_name,x,y,z,atom_type,bonds
1,N,-7.560233,-4.897348,-14.660673,231,"['2', '5', '6', '7']"
2,CA,-6.495494,-5.532192,-13.892984,8,"['1', '3', '8', '9']"
3,C,-6.924374,-6.928952,-13.4305,9,"['2', '4', '22']"
4,O,-8.088297,-7.332815,-13.542319,11,['3']
5,H,-7.361957,-3.936488,-14.900706,232,['1']
6,H,-8.434615,-4.897926,-14.146735,232,['1']
7,H,-7.741401,-5.381196,-15.532182,232,['1']
8,H,-5.623572,-5.646664,-14.579578,12,['2']
9,C,-6.112695,-4.667523,-12.665255,19,"['2', '10', '13', '14']"
10,C,-5.948817,-3.135915,-12.876497,21,"['9', '11', '12', '15']"
11,C,-5.404198,-2.475629,-11.583684,23,"['10', '16', '17', '18']"
12,C,-4.996245,-2.853935,-14.05827,23,"['10', '19', '20', '21']"
13,H,-5.163553,-5.072511,-12.237292,20,['9']
14,H,-6.879159,-4.829918,-11.866449,20,['9']
15,H,-6.947482,-2.687554,-13.105934,22,['10']
16,H,-5.330281,-1.37017,-11.688891,24,['11']
17,H,-4.387888,-2.845581,-11.315432,24,['11']
18,H,-6.071188,-2.669966,-10.713106,24,['11']
19,H,-4.780219,-1.763154,-14.127473,24,['12']
20,H,-5.390059,-3.150695,-15.053217,24,['12']
21,H,-4.016164,-3.368473,-13.92749,24,['12']
22,N,-5.956932,-7.69238,-12.876497,7,"['3', '23', '26']"
23,CA,-6.16565,-9.004318,-12.281593,8,"['22', '24', '27', '28']"
24,C,-5.140139,-9.165487,-11.153024,9,"['23', '25', '40']"
25,O,-4.068462,-8.558548,-11.203433,11,['24']
26,HN,-4.995923,-7.339957,-12.752185,10,['22']
27,H,-7.191463,-9.047073,-11.835671,12,['23']
28,C,-6.009257,-10.113327,-13.353232,106,"['23', '29', '34', '35']"
29,C,-4.647696,-10.191193,-13.993288,108,"['28', '30', '31']"
30,N,-4.374143,-9.787489,-15.27947,109,"['29', '32', '36']"
31,C,-3.458929,-10.630678,-13.462932,111,"['29', '33', '37']"
32,C,-3.055217,-9.960497,-15.534194,113,"['30', '33', '38']"
33,N,-2.498801,-10.486972,-14.438174,115,"['31', '32', '39']"
34,H,-6.787484,-9.984524,-14.142403,107,['28']
35,H,-6.234267,-11.105845,-12.900387,107,['28']
36,HN,-5.050813,-9.482527,-15.991271,110,['30']
37,H,-3.246854,-11.038722,-12.488355,112,['31']
38,H,-2.576507,-9.806836,-16.488728,114,['32']
39,HN,-1.515419,-10.78706,-14.344074,116,['33']
40,N,-5.50293,-9.974452,-10.132074,7,"['24', '41', '44']"
41,CA,-4.682163,-10.323597,-8.973856,8,"['40', '42', '45', '46']"
42,C,-3.844726,-11.571552,-9.362025,9,"['41', '43', '62']"
43,O,-4.359585,-12.445848,-10.064685,11,['42']
44,HN,-6.368452,-10.524441,-10.213569,10,['40']
45,H,-3.979894,-9.48321,-8.745211,12,['41']
46,C,-5.63383,-10.597964,-7.744824,182,"['41', '47', '51', '52']"
47,C,-6.481537,-9.363563,-7.290431,184,"['46', '48', '53', '54']"
48,C,-7.485379,-9.594449,-6.110955,186,"['47', '49', '55', '56']"
49,C,-8.472464,-8.406089,-5.88804,188,"['48', '50', '57', '58']"
50,N,-9.366868,-8.501581,-4.724072,190,"['49', '59', '60', '61']"
51,H,-5.016563,-10.955206,-6.893317,183,['46']
52,H,-6.307954,-11.454895,-7.986452,183,['46']
53,H,-7.050418,-8.976294,-8.169069,185,['47']
54,H,-5.78593,-8.537581,-7.003603,185,['47']
55,H,-6.908914,-9.786043,-5.173464,187,['48']
56,H,-8.073889,-10.523607,-6.298236,187,['48']
57,H,-9.108075,-8.273408,-6.79414,189,['49']
58,H,-7.896938,-7.460426,-5.791487,189,['49']
59,HN,-10.085774,-7.780155,-4.725402,191,['50']
60,HN,-8.882602,-8.364847,-3.841693,191,['50']
61,HN,-9.874196,-9.380758,-4.65983,191,['50']
62,N,-2.543092,-11.631197,-8.956252,7,"['42', '63', '66']"
63,CA,-1.57686,-12.731574,-9.109285,8,"['62', '64', '67', '68']"
64,C,-1.036706,-13.11351,-7.708878,9,"['63', '65', '77']"
65,O,-0.982437,-12.266488,-6.814416,11,['64']
66,HN,-2.16196,-10.851509,-8.40266,10,['62']
67,H,-2.115653,-13.614949,-9.532331,12,['63']
68,C,-0.355191,-12.353366,-10.023683,153,"['63', '69', '73', '74']"
69,C,-0.728216,-11.912111,-11.454701,155,"['68', '70', '75', '76']"
70,C,0.374176,-11.752734,-12.479246,157,"['69', '71', '72']"
71,O,1.540923,-12.165945,-12.202809,158,['70']
72,O,0.085446,-11.247337,-13.587883,158,['70']
73,H,0.315448,-13.23982,-10.108842,154,['68']
74,H,0.266349,-11.56959,-9.531096,154,['68']
75,H,-1.274823,-10.944405,-11.391466,156,['69']
76,H,-1.42052,-12.672164,-11.88756,156,['69']
77,N,-0.597527,-14.387684,-7.486611,50,"['64', '78', '84']"
78,CA,-0.135861,-14.846204,-6.172801,51,"['77', '79', '81', '82']"
79,C,1.276918,-14.38528,-5.785547,52,"['78', '80', '91']"
80,O,2.188701,-14.345519,-6.617263,53,['79']
81,H,-0.851499,-14.516486,-5.376322,54,['78']
82,C,-0.185681,-16.385881,-6.324628,55,"['78', '83', '85', '86']"
83,C,0.220683,-16.584484,-7.785413,57,"['82', '84', '87', '88']"
84,C,-0.557021,-15.459699,-8.47366,59,"['77', '83', '89', '90']"
85,H,-1.218475,-16.768307,-6.144048,56,['82']
86,H,0.487448,-16.928487,-5.625629,56,['82']
87,H,-0.04157,-17.590235,-8.186215,58,['83']
88,H,1.320042,-16.432845,-7.910125,58,['83']
89,H,-1.588222,-15.798819,-8.736058,60,['84']
90,H,-0.048065,-15.170493,-9.418289,60,['84']
91,N,1.4825,-14.144979,-4.465688,7,"['79', '92', '95']"
92,CA,2.764215,-13.85829,-3.834124,8,"['91', '93', '96', '97']"
93,C,2.710647,-14.309923,-2.36882,9,"['92', '94', '101']"
94,O,1.636083,-14.359906,-1.771894,11,['93']
95,HN,0.700309,-14.179412,-3.793754,10,['91']
96,H,3.563807,-14.4395,-4.353106,12,['92']
97,C,3.063665,-12.341829,-3.90224,13,"['92', '98', '99', '100']"
98,H,4.052173,-12.11145,-3.447845,14,['97']
99,H,2.297102,-11.751238,-3.351664,14,['97']
100,H,3.093047,-11.979147,-4.954006,14,['97']
101,N,3.879487,-14.63027,-1.766666,7,"['93', '102', '105']"
102,CA,4.001715,-14.964365,-0.350032,8,"['101', '103', '106', '107']"
103,C,4.797962,-13.85681,0.351466,9,"['102', '104', '115']"
104,O,5.635176,-13.166731,-0.246718,11,['103']
105,HN,4.767811,-14.540652,-2.281573,10,['101']
106,H,2.982733,-14.985977,0.115918,12,['102']
107,C,4.654716,-16.357221,-0.10093,37,"['102', '108', '109', '110']"
108,OH,5.94868,-16.383838,-0.692889,39,"['107', '111']"
109,C,3.836458,-17.50631,-0.722984,41,"['107', '112', '113', '114']"
110,H,4.758126,-16.508719,1.004861,38,['107']
111,HO,6.419991,-17.130972,-0.344691,40,['108']
112,H,4.278305,-18.497578,-0.475765,42,['109']
113,H,3.779575,-17.423858,-1.830233,42,['109']
114,H,2.791972,-17.519186,-0.334571,42,['109']
115,N,4.529051,-13.682899,1.670117,7,"['103', '116', '119']"
116,CA,5.262184,-12.761553,2.523976,8,"['115', '117', '120', '121']"
117,C,6.664693,-13.327531,2.778488,9,"['116', '118', '134']"
118,O,6.836836,-14.474626,3.194741,11,['117']
119,HN,3.820561,-14.261953,2.139973,10,['115']
120,H,5.344314,-11.789153,1.987009,12,['116']
121,C,4.534228,-12.537637,3.880153,19,"['116', '122', '125', '126']"
122,C,5.226362,-11.502979,4.822667,21,"['121', '123', '124', '127']"
123,C,5.260404,-10.092249,4.18695,23,"['122', '128', '129', '130']"
124,C,4.454806,-11.427968,6.157902,23,"['122', '131', '132', '133']"
125,H,4.479587,-13.520222,4.412506,20,['121']
126,H,3.473215,-12.238405,3.700622,20,['121']
127,H,6.273958,-11.820933,5.048085,22,['122']
128,H,5.609753,-9.325554,4.914248,24,['123']
129,H,4.257993,-9.766879,3.829696,24,['123']
130,H,5.957967,-10.037301,3.323701,24,['123']
131,H,4.924329,-10.70145,6.858064,24,['124']
132,H,4.446296,-12.41649,6.673847,24,['124']
133,H,3.393918,-11.127196,6.017924,24,['124']
134,N,7.681064,-12.453738,2.590325,7,"['117', '135', '138']"
135,CA,9.03149,-12.63791,3.08525,8,"['134', '136', '139', '140']"
136,C,9.180073,-11.835307,4.383848,9,"['135', '137', '153']"
137,O,9.474799,-12.405565,5.434928,11,['136']
138,HN,7.501087,-11.548995,2.133214,10,['134']
139,H,9.16884,-13.703818,3.395503,12,['135']
140,C,10.129307,-12.312495,2.009701,25,"['135', '141', '142', '144']"
141,C,9.976415,-13.291574,0.797401,27,"['140', '143', '145', '146']"
142,C,11.555149,-12.422378,2.615381,29,"['140', '147', '148', '149']"
143,C,10.918775,-12.98621,-0.376145,31,"['141', '150', '151', '152']"
144,H,9.973973,-11.265454,1.654505,26,['140']
145,H,8.928462,-13.256239,0.416724,28,['141']
146,H,10.130525,-14.344568,1.131966,28,['141']
147,H,12.354444,-12.179914,1.884635,30,['142']
148,H,11.761005,-13.443501,3.007382,30,['142']
149,H,11.693142,-11.72252,3.470296,30,['142']
150,H,10.70425,-13.650653,-1.241886,32,['143']
151,H,11.983624,-13.146337,-0.101182,32,['143']
152,H,10.804639,-11.940417,-0.736234,32,['143']
153,N,8.972325,-10.490906,4.339467,7,"['136', '154', '157']"
154,CA,9.136873,-9.63055,5.503563,8,"['153', '155', '158', '159']"
155,C,8.365823,-8.308941,5.368035,9,"['154', '156', '175']"
156,O,8.251801,-7.738192,4.278501,11,['155']
157,HN,8.670004,-10.01428,3.476308,10,['153']
158,H,8.714755,-10.178875,6.382367,12,['154']
159,C,10.662066,-9.351244,5.694016,182,"['154', '160', '164', '165']"
160,C,11.073832,-8.991806,7.138279,184,"['159', '161', '166', '167']"
161,C,10.832822,-10.15211,8.141668,186,"['160', '162', '168', '169']"
162,C,11.973951,-10.411466,9.145118,188,"['161', '163', '170', '171']"
163,N,12.324961,-9.246999,9.933582,190,"['162', '172', '173', '174']"
164,H,10.97549,-8.532283,5.003373,183,['159']
165,H,11.269512,-10.236996,5.382619,183,['159']
166,H,10.567844,-8.054902,7.475635,185,['160']
167,H,12.160968,-8.738947,7.100737,185,['160']
168,H,10.662925,-11.110349,7.592047,187,['161']
169,H,9.883202,-9.967152,8.697584,187,['161']
170,H,12.887399,-10.755257,8.607017,189,['162']
171,H,11.693342,-11.232361,9.844779,189,['162']
172,HN,13.075443,-9.491692,10.581012,191,['163']
173,HN,11.549928,-8.869005,10.474983,191,['163']
174,HN,12.630778,-8.456215,9.364661,191,['163']
175,N,7.872065,-7.783786,6.517673,7,"['155', '176', '179']"
176,CA,7.248003,-6.471114,6.665846,8,"['175', '177', '180', '181']"
177,C,8.363934,-5.463779,6.976875,9,"['176', '178', '185']"
178,O,9.06163,-5.609003,7.98565,11,['177']
179,HN,8.053483,-8.266353,7.407782,10,['175']
180,H,6.725298,-6.186538,5.721071,12,['176']
181,C,6.233348,-6.501337,7.830934,13,"['176', '182', '183', '184']"
182,H,5.800044,-5.485853,7.990369,14,['181']
183,H,6.714116,-6.79239,8.791806,14,['181']
184,H,5.393023,-7.206235,7.640656,14,['181']
185,N,8.564815,-4.47503,6.067286,7,"['177', '186', '189']"
186,CA,9.650211,-3.499959,6.13478,8,"['185', '187', '190', '191']"
187,C,9.228435,-2.282767,6.968618,9,"['186', '188', '204']"
188,O,9.888448,-1.916107,7.945994,11,['187']
189,HN,7.873764,-4.303212,5.321606,10,['185']
190,H,10.514602,-3.949476,6.681855,12,['186']
191,C,10.144781,-3.089404,4.697848,25,"['186', '192', '193', '195']"
192,C,10.646053,-4.346411,3.908592,27,"['191', '194', '196', '197']"
193,C,11.269353,-2.018428,4.77561,29,"['191', '198', '199', '200']"
194,C,10.880787,-4.076797,2.414196,31,"['192', '201', '202', '203']"
195,H,9.272685,-2.649067,4.150649,26,['191']
196,H,9.894569,-5.166101,3.986675,28,['192']
197,H,11.574239,-4.751081,4.37555,28,['192']
198,H,11.582538,-1.667108,3.767992,30,['193']
199,H,12.169246,-2.373104,5.323668,30,['193']
200,H,10.907247,-1.100149,5.292136,30,['193']
201,H,11.177656,-4.998668,1.86795,32,['194']
202,H,11.679648,-3.322524,2.247744,32,['194']
203,H,9.953256,-3.689041,1.939824,32,['194']
204,N,8.128844,-1.620771,6.533995,7,"['187', '205', '208']"
205,CA,7.524729,-0.45957,7.182626,8,"['204', '206', '209', '210']"
206,C,6.060543,-0.37484,6.723492,9,"['205', '207', '216']"
207,O,5.409767,-1.409714,6.52324,11,['206']
208,HN,7.717985,-1.848135,5.61465,10,['204']
209,H,7.483096,-0.644993,8.279684,12,['205']
210,C,8.398321,0.786062,6.893303,137,"['205', '211', '214', '215']"
211,C,8.67921,1.007515,5.416505,139,"['210', '212', '213']"
212,O,7.750413,0.815886,4.586736,140,['211']
213,O,9.853311,1.313471,5.099083,140,['211']
214,H,9.364004,0.662023,7.43923,138,['210']
215,H,7.961164,1.713515,7.32196,138,['210']
216,N,5.472423,0.845569,6.703598,1,"['206', '217', '220']"
217,CA,4.099302,1.071012,6.349253,2,"['216', '218', '221', '222']"
218,C,3.737629,0.955445,4.877146,3,"['217', '219', '223']"
219,O,2.607248,0.558743,4.563941,5,['218']
220,HN,5.971427,1.68875,7.008254,4,['216']
221,H,3.449377,0.368481,6.9162,6,['217']
222,H,3.793908,2.087547,6.681721,6,['217']
223,N,4.663924,1.301129,3.942752,7,"['218', '224', '227']"
224,CA,4.384756,1.308597,2.5109,8,"['223', '225', '228', '229']"
225,C,5.346107,0.487029,1.641691,9,"['224', '226', '235']"
226,O,5.119155,0.38109,0.424269,11,['225']
227,HN,5.628468,1.564522,4.207498,10,['223']
228,H,3.418784,0.770673,2.347052,12,['224']
229,C,4.163805,2.768377,2.017161,137,"['224', '230', '233', '234']"
230,C,5.342677,3.713432,2.143716,139,"['229', '231', '232']"
231,O,6.480362,3.356496,1.775856,140,['230']
232,O,5.124049,4.880454,2.578595,140,['230']
233,H,3.296747,3.190858,2.577546,138,['229']
234,H,3.848448,2.753357,0.949515,138,['229']
235,N,6.350917,-0.21182,2.232977,7,"['225', '236', '239']"
236,CA,7.151989,-1.230513,1.571653,8,"['235', '237', '240', '241']"
237,C,7.023339,-2.56614,2.324241,9,"['236', '238', '249']"
238,O,6.925201,-2.642879,3.556227,11,['237']
239,HN,6.639652,-0.030619,3.20728,10,['235']
240,H,6.729957,-1.38713,0.550032,12,['236']
241,C,8.651751,-0.853403,1.384007,37,"['236', '242', '243', '244']"
242,OH,9.329268,-0.734314,2.623073,39,"['241', '245']"
243,C,8.857547,0.459545,0.604431,41,"['241', '246', '247', '248']"
244,H,9.142791,-1.686677,0.826052,38,['241']
245,HO,8.889602,-0.085843,3.166726,40,['242']
246,H,9.93941,0.700731,0.520929,42,['243']
247,H,8.35933,1.315514,1.118026,42,['243']
248,H,8.436851,0.379332,-0.42176,42,['243']
249,N,7.066278,-3.671982,1.538769,7,"['237', '250', '253']"
250,CA,6.990782,-5.049761,1.999804,8,"['249', '251', '254', '255']"
251,C,7.770101,-5.944002,1.022914,9,"['250', '252', '265']"
252,O,7.684866,-5.79284,-0.200633,11,['251']
253,HN,7.154613,-3.568502,0.515306,10,['249']
254,H,7.489676,-5.11607,2.999324,12,['250']
255,C,5.488876,-5.468997,2.182874,15,"['250', '256', '257', '258']"
256,C,4.659832,-5.36821,0.876492,17,"['255', '259', '260', '261']"
257,C,5.365018,-6.890078,2.775846,17,"['255', '262', '263', '264']"
258,H,5.054188,-4.752336,2.926845,16,['255']
259,H,3.594523,-5.646458,1.039956,18,['256']
260,H,5.059667,-6.029441,0.076795,18,['256']
261,H,4.659214,-4.330447,0.473898,18,['256']
262,H,4.303811,-7.167634,2.964372,18,['257']
263,H,5.892465,-6.969661,3.751303,18,['257']
264,H,5.797986,-7.66797,2.11079,18,['257']
265,N,8.601715,-6.872903,1.552564,7,"['251', '266', '269']"
266,CA,9.379811,-7.82233,0.773798,8,"['265', '267', '270', '271']"
267,C,8.503144,-9.062973,0.582425,9,"['266', '268', '287']"
268,O,8.113391,-9.712939,1.563167,11,['267']
269,HN,8.554748,-7.080006,2.559311,10,['265']
270,H,9.599634,-7.363258,-0.221494,12,['266']
271,C,10.725058,-8.176295,1.485243,182,"['266', '272', '276', '277']"
272,C,11.738594,-8.875931,0.54577,184,"['271', '273', '278', '279']"
273,C,13.097575,-9.139609,1.233484,186,"['272', '274', '280', '281']"
274,C,14.126748,-9.822401,0.301396,188,"['273', '275', '282', '283']"
275,N,15.455817,-9.814115,0.904122,190,"['274', '284', '285', '286']"
276,H,10.521223,-8.80267,2.386006,183,['271']
277,H,11.182883,-7.235243,1.873844,183,['271']
278,H,11.896385,-8.2269,-0.349784,185,['272']
279,H,11.299549,-9.828007,0.168163,185,['272']
280,H,12.943713,-9.764686,2.146752,187,['273']
281,H,13.506056,-8.165168,1.594916,187,['273']
282,H,14.182142,-9.289356,-0.676782,189,['274']
283,H,13.827739,-10.8738,0.082935,189,['274']
284,HN,16.221281,-10.084994,0.292099,191,['275']
285,HN,15.527894,-10.404136,1.728186,191,['275']
286,HN,15.733667,-8.885445,1.198333,191,['275']
287,N,8.181894,-9.397949,-0.688004,7,"['267', '288', '291']"
288,CA,7.349927,-10.525963,-1.080197,8,"['287', '289', '292', '293']"
289,C,8.133421,-11.405677,-2.062978,9,"['288', '290', '306']"
290,O,9.099722,-10.96847,-2.697708,11,['289']
291,HN,8.655908,-8.935148,-1.478035,10,['287']
292,H,7.113404,-11.149455,-0.183245,12,['288']
293,C,6.033866,-10.048815,-1.77287,19,"['288', '294', '297', '298']"
294,C,5.149331,-9.038286,-0.988601,21,"['293', '295', '296', '299']"
295,C,3.914022,-8.656006,-1.844117,23,"['294', '300', '301', '302']"
296,C,4.665933,-9.649451,0.345453,23,"['294', '303', '304', '305']"
297,H,5.423492,-10.95217,-2.012507,20,['293']
298,H,6.297873,-9.607095,-2.761812,20,['293']
299,H,5.738374,-8.111378,-0.778398,22,['294']
300,H,3.26337,-7.923259,-1.315483,24,['295']
301,H,3.281902,-9.537377,-2.096013,24,['295']
302,H,4.21013,-8.181684,-2.806548,24,['295']
303,H,3.963421,-8.971972,0.881093,24,['296']
304,H,5.516564,-9.828446,1.036968,24,['296']
305,H,4.141022,-10.621121,0.202,24,['296']
306,N,7.671172,-12.666889,-2.221998,7,"['289', '307', '310']"
307,CA,8.102465,-13.600791,-3.243271,8,"['306', '308', '311', '312']"
308,C,6.992398,-13.614476,-4.304305,9,"['307', '309', '323']"
309,O,5.855235,-14.001574,-4.020979,11,['308']
310,HN,6.868337,-12.982954,-1.658776,10,['306']
311,H,9.058564,-13.235692,-3.685323,12,['307']
312,C,8.305404,-15.021122,-2.638448,175,"['307', '313', '316', '317']"
313,C,8.883365,-16.027527,-3.651144,177,"['312', '314', '318', '319']"
314,S,8.984784,-17.714882,-2.975739,179,"['313', '315']"
315,C,10.484399,-17.578441,-1.963881,180,"['314', '320', '321', '322']"
316,H,7.321748,-15.388726,-2.260279,176,['312']
317,H,8.963353,-14.959078,-1.743418,176,['312']
318,H,9.884143,-15.690065,-4.002748,178,['313']
319,H,8.230293,-16.051902,-4.552567,178,['313']
320,H,10.692896,-18.568558,-1.502227,181,['315']
321,H,10.333031,-16.827848,-1.158173,181,['315']
322,H,11.346534,-17.291003,-2.604386,181,['315']
323,N,7.323428,-13.177799,-5.540988,7,"['308', '324', '327']"
324,CA,6.451984,-13.100105,-6.709031,8,"['323', '325', '328', '329']"
325,C,7.164909,-13.833309,-7.84877,9,"['324', '326', '344']"
326,O,8.352695,-13.599879,-8.079628,11,['325']
327,HN,8.311856,-12.979087,-5.757145,10,['323']
328,H,5.479672,-13.607909,-6.493799,12,['324']
329,C,6.198789,-11.607395,-7.067841,70,"['324', '330', '337', '338']"
330,C,5.530312,-11.395699,-8.411835,72,"['329', '331', '332']"
331,C,4.222172,-11.851623,-8.642895,73,"['330', '333', '339']"
332,C,6.211042,-10.755799,-9.463294,73,"['330', '334', '340']"
333,C,3.63715,-11.703042,-9.903102,75,"['331', '335', '341']"
334,C,5.61771,-10.59353,-10.716724,75,"['332', '335', '342']"
335,C,4.330506,-11.078886,-10.951497,77,"['333', '334', '336']"
336,OH,3.835889,-10.957526,-12.214223,78,"['335', '343']"
337,H,7.168543,-11.055183,-7.073026,71,['329']
338,H,5.570847,-11.121284,-6.284702,71,['329']
339,H,3.645325,-12.345036,-7.841577,74,['331']
340,H,7.239474,-10.386754,-9.322073,74,['332']
341,H,2.627821,-12.102137,-10.075295,76,['333']
342,H,6.177852,-10.113088,-11.534894,76,['334']
343,HO,2.991614,-11.401278,-12.20677,79,['336']
344,N,6.454712,-14.778285,-8.519923,7,"['325', '345', '348']"
345,CA,6.99558,-15.659962,-9.549154,8,"['344', '346', '349', '350']"
346,C,8.278451,-16.369589,-9.079745,9,"['345', '347', '366']"
347,O,9.252489,-16.479839,-9.819943,11,['346']
348,HN,5.459543,-14.930112,-8.306056,10,['344']
349,H,6.273504,-16.496874,-9.712214,12,['345']
350,C,7.189469,-14.885983,-10.892648,182,"['345', '351', '355', '356']"
351,C,5.845141,-14.561381,-11.587904,184,"['350', '352', '357', '358']"
352,C,5.972706,-13.618725,-12.813013,186,"['351', '353', '359', '360']"
353,C,4.686959,-13.623271,-13.680154,188,"['352', '354', '361', '362']"
354,N,4.533848,-12.436838,-14.512244,190,"['353', '363', '364', '365']"
355,H,7.807289,-15.506923,-11.585707,183,['350']
356,H,7.78508,-13.96107,-10.70626,183,['350']
357,H,5.129686,-14.113831,-10.85923,185,['351']
358,H,5.39693,-15.530538,-11.917093,185,['351']
359,H,6.835595,-13.941145,-13.445363,187,['352']
360,H,6.218066,-12.592223,-12.457489,187,['352']
361,H,3.784823,-13.693226,-13.029736,189,['353']
362,H,4.685465,-14.514317,-14.349679,189,['353']
363,HN,3.612378,-12.374888,-14.942478,191,['354']
364,HN,5.196133,-12.46917,-15.284868,191,['354']
365,HN,4.67096,-11.581109,-13.978095,191,['354']
366,N,8.274256,-16.840287,-7.804871,1,"['346', '367', '370']"
367,CA,9.397787,-17.510391,-7.193491,2,"['366', '368', '371', '372']"
368,C,10.664386,-16.704139,-6.905417,3,"['367', '369', '373']"
369,O,11.723928,-17.289183,-6.652161,5,['368']
370,HN,7.414981,-16.82342,-7.236204,4,['366']
371,H,9.081103,-17.9693,-6.229371,6,['367']
372,H,9.698672,-18.372365,-7.833675,6,['367']
373,N,10.633354,-15.351802,-6.999881,7,"['368', '374', '377']"
374,CA,11.775935,-14.466881,-6.786317,8,"['373', '375', '378', '379']"
375,C,11.464697,-13.464593,-5.668378,9,"['374', '376', '390']"
376,O,10.326483,-13.009652,-5.539472,11,['375']
377,HN,9.764421,-14.845402,-7.218766,10,['373']
378,H,12.659651,-15.082356,-6.494011,12,['374']
379,C,12.095026,-13.671646,-8.088113,167,"['374', '380', '384', '385']"
380,C,12.644143,-14.535872,-9.246882,169,"['379', '381', '386', '387']"
381,C,14.098759,-14.960939,-9.057668,171,"['380', '382', '383']"
382,O,14.924457,-14.199268,-8.537715,172,['381']
383,N,14.401274,-16.201524,-9.496098,173,"['381', '388', '389']"
384,H,12.825636,-12.860068,-7.868816,168,['379']
385,H,11.163488,-13.156755,-8.427136,168,['379']
386,H,12.596519,-13.957846,-10.197988,170,['380']
387,H,11.981099,-15.420193,-9.401606,170,['380']
388,HN,13.684134,-16.82549,-9.886715,174,['383']
389,HN,15.361351,-16.558228,-9.389676,174,['383']
390,N,12.471745,-13.075305,-4.833361,50,"['375', '391', '397']"
391,CA,12.272747,-12.063686,-3.802578,51,"['390', '392', '394', '395']"
392,C,12.453158,-10.65613,-4.369268,52,"['391', '393', '404']"
393,O,13.406495,-10.391761,-5.1064,53,['392']
394,H,11.259291,-12.153396,-3.33457,54,['391']
395,C,13.375622,-12.402607,-2.77929,55,"['391', '396', '398', '399']"
396,C,14.533518,-12.848945,-3.669542,57,"['395', '397', '400', '401']"
397,C,13.818443,-13.634038,-4.77834,59,"['390', '396', '402', '403']"
398,H,13.06228,-13.239007,-2.115024,56,['395']
399,H,13.639252,-11.542802,-2.128209,56,['395']
400,H,15.287374,-13.448579,-3.112981,58,['396']
401,H,15.05439,-11.957937,-4.098633,58,['396']
402,H,13.787555,-14.720525,-4.528527,60,['397']
403,H,14.353267,-13.525303,-5.751158,60,['397']
404,N,11.567282,-9.714187,-3.977193,7,"['392', '405', '408']"
405,CA,11.651281,-8.313633,-4.351868,8,"['404', '406', '409', '410']"
406,C,10.876501,-7.45355,-3.352069,9,"['405', '407', '421']"
407,O,9.891325,-7.887096,-2.746818,11,['406']
408,HN,10.74042,-9.961607,-3.41115,10,['404']
409,H,12.72481,-7.999866,-4.281287,12,['405']
410,C,11.157279,-8.08461,-5.811679,175,"['405', '411', '414', '415']"
411,C,9.75312,-8.644803,-6.124885,177,"['410', '412', '416', '417']"
412,S,9.387731,-8.635081,-7.908347,179,"['411', '413']"
413,C,8.873977,-6.921433,-8.138617,180,"['412', '418', '419', '420']"
414,H,11.90503,-8.555565,-6.4941,176,['410']
415,H,11.200408,-6.994855,-6.048128,176,['410']
416,H,8.981314,-8.078425,-5.556627,178,['411']
417,H,9.679136,-9.695447,-5.762581,178,['411']
418,H,8.465217,-6.798646,-9.164638,181,['413']
419,H,9.743395,-6.240199,-8.0071,181,['413']
420,H,8.08284,-6.668281,-7.401405,181,['413']
421,N,11.349778,-6.201851,-3.17188,7,"['406', '422', '425']"
422,CA,10.68247,-5.190155,-2.373258,8,"['421', '423', '426', '427']"
423,C,9.572608,-4.611808,-3.25634,9,"['422', '424', '435']"
424,O,9.841477,-4.209547,-4.390023,11,['423']
425,HN,12.124713,-5.859008,-3.759084,10,['421']
426,H,10.240296,-5.657049,-1.460023,12,['422']
427,C,11.670267,-4.06492,-1.932976,37,"['422', '428', '429', '430']"
428,OH,12.683387,-4.653352,-1.116548,39,"['427', '431']"
429,C,10.982588,-2.983317,-1.082249,41,"['427', '432', '433', '434']"
430,H,12.147384,-3.608008,-2.833427,38,['427']
431,HO,13.437284,-4.830962,-1.672995,40,['428']
432,H,11.7107,-2.236054,-0.696421,42,['429']
433,H,10.458682,-3.423493,-0.207723,42,['429']
434,H,10.219044,-2.420737,-1.664456,42,['429']
435,N,8.33272,-4.537225,-2.731001,7,"['423', '436', '439']"
436,CA,7.190634,-3.85675,-3.315023,8,"['435', '437', '440', '441']"
437,C,6.9709,-2.565262,-2.520265,9,"['436', '438', '455']"
438,O,7.112607,-2.542992,-1.293943,11,['437']
439,HN,8.171556,-4.849874,-1.764816,10,['435']
440,H,7.417004,-3.583595,-4.373825,12,['436']
441,C,5.895997,-4.718714,-3.240969,61,"['436', '442', '448', '449']"
442,C,5.817587,-5.74666,-4.35071,63,"['441', '443', '444']"
443,C,6.380122,-7.026857,-4.213069,64,"['442', '445', '450']"
444,C,5.136515,-5.43765,-5.543354,64,"['442', '446', '451']"
445,C,6.233541,-7.983036,-5.226146,66,"['443', '447', '452']"
446,C,4.998174,-6.388951,-6.558608,66,"['444', '447', '453']"
447,C,5.544136,-7.665387,-6.400453,68,"['445', '446', '454']"
448,H,5.001952,-4.057712,-3.325088,62,['441']
449,H,5.800682,-5.212253,-2.245829,62,['441']
450,H,6.92332,-7.294934,-3.291975,65,['443']
451,H,4.685323,-4.44177,-5.68484,65,['444']
452,H,6.65801,-8.991789,-5.099548,67,['445']
453,H,4.449152,-6.130859,-7.477708,67,['446']
454,H,5.429711,-8.418527,-7.196337,69,['447']
455,N,6.569978,-1.488405,-3.233337,7,"['437', '456', '459']"
456,CA,6.126435,-0.198853,-2.728166,8,"['455', '457', '460', '461']"
457,C,4.665862,-0.042374,-3.175624,9,"['456', '458', '479']"
458,O,4.335255,-0.263713,-4.341087,11,['457']
459,HN,6.37281,-1.606881,-4.237862,10,['455']
460,H,6.173242,-0.21368,-1.611567,12,['456']
461,C,7.045708,0.93041,-3.28609,202,"['456', '462', '468', '469']"
462,C,6.657665,2.397262,-2.97733,204,"['461', '463', '470', '471']"
463,C,6.809358,2.820906,-1.497708,206,"['462', '464', '472', '473']"
464,N,6.57577,4.256279,-1.348553,208,"['463', '465', '474']"
465,C,5.383838,4.876499,-1.32973,210,"['464', '466', '467']"
466,N,4.236091,4.243031,-1.577703,211,"['465', '475', '476']"
467,N,5.352941,6.195561,-1.11076,211,"['465', '477', '478']"
468,H,7.082178,0.826466,-4.398095,203,['461']
469,H,8.090636,0.748761,-2.942937,203,['461']
470,H,5.619717,2.576614,-3.343461,205,['462']
471,H,7.301438,3.058096,-3.607154,205,['462']
472,H,7.838325,2.586431,-1.145802,207,['463']
473,H,6.137007,2.245213,-0.822309,207,['463']
474,HN,7.42026,4.815653,-1.164654,209,['464']
475,HN,4.203691,3.243029,-1.808285,212,['466']
476,HN,3.355584,4.772436,-1.620894,212,['466']
477,HN,6.225178,6.74095,-1.033623,212,['467']
478,HN,4.444492,6.678895,-1.060705,212,['467']
479,N,3.770503,0.276256,-2.212612,7,"['457', '480', '483']"
480,CA,2.332208,0.377708,-2.419464,8,"['479', '481', '484', '485']"
481,C,2.0086,1.584136,-3.319572,9,"['480', '482', '498']"
482,O,2.337631,2.72659,-2.989796,11,['481']
483,HN,4.103984,0.405863,-1.246153,10,['479']
484,H,1.983114,-0.546438,-2.944188,12,['480']
485,C,1.580528,0.499436,-1.054381,19,"['480', '486', '489', '490']"
486,C,1.227261,-0.845876,-0.353115,21,"['485', '487', '488', '491']"
487,C,2.456358,-1.763395,-0.154974,23,"['486', '492', '493', '494']"
488,C,0.597296,-0.543429,1.029154,23,"['486', '495', '496', '497']"
489,H,0.619957,1.035297,-1.24084,20,['485']
490,H,2.148588,1.172826,-0.369356,20,['485']
491,H,0.476612,-1.39552,-0.97534,22,['486']
492,H,2.190851,-2.683471,0.413041,24,['487']
493,H,3.273489,-1.259589,0.406767,24,['487']
494,H,2.878906,-2.105255,-1.125692,24,['487']
495,H,0.208966,-1.468497,1.508618,24,['488']
496,H,-0.259216,0.160498,0.949173,24,['488']
497,H,1.324141,-0.089146,1.74167,24,['488']
498,N,1.327071,1.317906,-4.462804,7,"['481', '499', '502']"
499,CA,0.807497,2.312209,-5.392742,8,"['498', '500', '503', '504']"
500,C,-0.134877,3.309771,-4.698157,9,"['499', '501', '517']"
501,O,-0.977962,2.930097,-3.876654,11,['500']
502,HN,1.243829,0.338791,-4.767371,10,['498']
503,H,1.678724,2.893834,-5.778344,12,['499']
504,C,0.034567,1.646695,-6.582182,19,"['499', '505', '508', '509']"
505,C,0.927146,1.192919,-7.772154,21,"['504', '506', '507', '510']"
506,C,0.07138,0.404436,-8.798145,23,"['505', '511', '512', '513']"
507,C,1.567368,2.418367,-8.473205,23,"['505', '514', '515', '516']"
508,H,-0.723669,2.362577,-6.978125,20,['504']
509,H,-0.575329,0.793905,-6.199203,20,['504']
510,H,1.735653,0.528438,-7.386088,22,['505']
511,H,0.696327,0.064444,-9.658466,24,['506']
512,H,-0.740473,1.030872,-9.231465,24,['506']
513,H,-0.406945,-0.497685,-8.357377,24,['506']
514,H,2.067811,2.118277,-9.424965,24,['507']
515,H,2.347068,2.911171,-7.852894,24,['507']
516,H,0.813901,3.190701,-8.748754,24,['507']
517,N,-0.056936,4.586142,-5.163787,7,"['500', '518', '521']"
518,CA,-0.939082,5.703289,-4.878065,8,"['517', '519', '522', '523']"
519,C,-0.980815,6.221425,-3.430277,9,"['518', '520', '536']"
520,O,-1.876696,7.003097,-3.085576,11,['519']
521,HN,0.679935,4.827341,-5.841956,10,['517']
522,H,-0.541914,6.583704,-5.437161,12,['518']
523,C,-2.380028,5.400484,-5.391632,19,"['518', '524', '527', '528']"
524,C,-2.523568,5.070003,-6.90447,21,"['523', '525', '526', '529']"
525,C,-4.021048,4.871633,-7.246351,23,"['524', '530', '531', '532']"
526,C,-1.949524,6.200445,-7.787527,23,"['524', '533', '534', '535']"
527,H,-3.027142,6.271209,-5.131514,20,['523']
528,H,-2.779753,4.549903,-4.790156,20,['523']
529,H,-1.979189,4.121716,-7.131175,22,['524']
530,H,-4.146917,4.454319,-8.269922,24,['525']
531,H,-4.581357,5.829819,-7.199094,24,['525']
532,H,-4.522214,4.163289,-6.552022,24,['525']
533,H,-2.084989,5.979122,-8.868482,24,['526']
534,H,-0.854122,6.33186,-7.64425,24,['526']
535,H,-2.438994,7.17731,-7.590868,24,['526']
536,N,-0.041538,5.80441,-2.549336,7,"['519', '537', '540']"
537,CA,-0.051866,6.16636,-1.135723,8,"['536', '538', '541', '542']"
538,C,1.334564,6.623535,-0.674043,9,"['537', '539', '552']"
539,O,2.357902,6.386656,-1.332759,11,['538']
540,HN,0.797636,5.29344,-2.854194,10,['536']
541,H,-0.732288,7.043985,-0.986936,12,['537']
542,C,-0.574864,4.990411,-0.234874,15,"['537', '543', '544', '545']"
543,C,-1.94735,4.474752,-0.72576,17,"['542', '546', '547', '548']"
544,C,0.425219,3.810021,-0.1573,17,"['542', '549', '550', '551']"
545,H,-0.721789,5.397662,0.795115,16,['542']
546,H,-2.393108,3.751542,-0.006029,18,['543']
547,H,-1.882309,3.973883,-1.717758,18,['543']
548,H,-2.66968,5.315485,-0.826935,18,['543']
549,H,0.044432,2.990409,0.492038,18,['544']
550,H,1.400177,4.123596,0.278051,18,['544']
551,H,0.640891,3.379872,-1.160417,18,['544']
552,N,1.381319,7.16327,0.56531,7,"['538', '553', '556']"
553,CA,2.608324,7.399149,1.306426,8,"['552', '554', '557', '558']"
554,C,2.299487,7.376529,2.810277,9,"['553', '555', '564']"
555,O,1.488715,8.172763,3.296781,11,['554']
556,HN,0.515049,7.499883,1.01275,10,['552']
557,H,3.331214,6.577232,1.074085,12,['553']
558,C,3.204812,8.763834,0.881461,137,"['553', '559', '562', '563']"
559,C,4.618446,9.01201,1.335994,139,"['558', '560', '561']"
560,O,5.316959,8.027635,1.6821,140,['559']
561,O,5.089492,10.178661,1.252844,140,['559']
562,H,2.553483,9.591965,1.243793,138,['558']
563,H,3.218219,8.849256,-0.228664,138,['558']
564,N,2.934087,6.448302,3.573454,7,"['554', '565', '568']"
565,CA,2.906144,6.434189,5.028669,8,"['564', '566', '569', '570']"
566,C,4.08461,7.295367,5.514568,9,"['565', '567', '578']"
567,O,5.140233,7.388544,4.849104,11,['566']
568,HN,3.602701,5.790044,3.147645,10,['564']
569,H,1.947602,6.895935,5.369189,12,['565']
570,C,2.99893,5.010958,5.668811,37,"['565', '571', '572', '573']"
571,OH,4.26558,4.432455,5.390348,39,"['570', '574']"
572,C,1.878201,4.072238,5.181932,41,"['570', '575', '576', '577']"
573,H,2.914051,5.113918,6.777174,38,['570']
574,HO,4.933204,4.982195,5.810427,40,['571']
575,H,1.974113,3.0347,5.566362,42,['572']
576,H,1.810293,4.014753,4.074861,42,['572']
577,H,0.901981,4.448996,5.560995,42,['572']
578,N,4.011078,7.822664,6.76944,50,"['566', '579', '585']"
579,CA,5.161248,8.484245,7.372842,51,"['578', '580', '582', '583']"
580,C,6.258667,7.440046,7.573529,52,"['579', '581', '592']"
581,O,5.960813,6.274604,7.852151,53,['580']
582,H,5.519719,9.318709,6.717934,54,['579']
583,C,4.646448,9.020564,8.732942,55,"['579', '584', '586', '587']"
584,C,3.126768,8.867038,8.622968,57,"['583', '585', '588', '589']"
585,C,2.988112,7.603048,7.776814,59,"['578', '584', '590', '591']"
586,H,4.959799,10.073353,8.915043,56,['583']
587,H,5.044002,8.414471,9.581108,56,['583']
588,H,2.67461,9.748618,8.111255,58,['584']
589,H,2.643772,8.77283,9.619029,58,['584']
590,H,1.956413,7.492454,7.379161,60,['585']
591,H,3.220034,6.689938,8.374895,60,['585']
592,N,7.531501,7.845456,7.385947,7,"['580', '593', '596']"
593,CA,8.67752,6.970692,7.600615,8,"['592', '594', '597', '598']"
594,C,8.781641,6.718497,9.112375,9,"['593', '595', '607']"
595,O,8.170224,7.418306,9.921698,11,['594']
596,HN,7.714704,8.837837,7.178901,10,['592']
597,H,8.455065,5.983857,7.119091,12,['593']
598,C,9.996663,7.549259,7.006062,153,"['593', '599', '603', '604']"
599,C,9.889888,8.046711,5.543621,155,"['598', '600', '605', '606']"
600,C,9.328059,7.062692,4.541825,157,"['599', '601', '602']"
601,O,9.957347,5.997271,4.306496,158,['600']
602,O,8.203224,7.307257,4.012271,158,['600']
603,H,10.783926,6.75996,7.050771,154,['598']
604,H,10.376642,8.384429,7.642133,154,['598']
605,H,10.900557,8.352301,5.18508,156,['599']
606,H,9.285928,8.983366,5.509969,156,['599']
607,N,9.503286,5.642286,9.509932,7,"['594', '608', '611']"
608,CA,9.483564,5.119357,10.871043,8,"['607', '609', '612', '613']"
609,C,9.869338,6.120303,11.972269,9,"['608', '610', '627']"
610,O,9.314492,6.067234,13.065698,11,['609']
611,HN,10.075531,5.135202,8.821997,10,['607']
612,H,8.419771,4.869304,11.109152,12,['608']
613,C,10.317104,3.813683,10.971854,61,"['608', '614', '620', '621']"
614,C,10.236084,3.154425,12.33317,63,"['613', '615', '616']"
615,C,9.132379,2.351731,12.678371,64,"['614', '617', '622']"
616,C,11.226682,3.39462,13.301322,64,"['614', '618', '623']"
617,C,9.018052,1.814024,13.964507,66,"['615', '619', '624']"
618,C,11.101477,2.868644,14.58872,66,"['616', '619', '625']"
619,C,9.999957,2.07634,14.92041,68,"['617', '618', '626']"
620,H,11.386369,4.014807,10.730286,62,['613']
621,H,9.969709,3.072206,10.213995,62,['613']
622,H,8.323192,2.166866,11.954188,65,['615']
623,H,12.090806,4.039945,13.07352,65,['616']
624,H,8.147616,1.200767,14.248595,67,['617']
625,H,11.866811,3.09054,15.346962,67,['618']
626,H,9.892279,1.666221,15.93523,69,['619']
627,N,10.789636,7.07237,11.687042,7,"['609', '628', '631']"
628,CA,11.198814,8.149746,12.589959,8,"['627', '629', '632', '633']"
629,C,10.29875,9.401075,12.579331,9,"['628', '630', '641']"
630,O,10.681145,10.424884,13.1672,11,['629']
631,HN,11.191569,7.145087,10.740328,10,['627']
632,H,11.172913,7.773483,13.640008,12,['628']
633,C,12.648496,8.596248,12.233167,147,"['628', '634', '637', '638']"
634,C,12.701755,9.254573,10.856996,149,"['633', '635', '636']"
635,O,12.372301,8.598829,9.867357,150,['634']
636,N,13.124831,10.533844,10.800726,151,"['634', '639', '640']"
637,H,13.359952,7.739804,12.236366,148,['633']
638,H,13.004258,9.307014,13.017746,148,['633']
639,HN,13.360938,11.046475,11.661331,152,['636']
640,HN,13.142282,11.003935,9.883641,152,['636']
641,N,9.146593,9.379067,11.873877,7,"['629', '642', '645']"
642,CA,8.159071,10.443901,11.738356,8,"['641', '643', '646', '647']"
643,C,6.904395,10.044718,12.517524,9,"['642', '644', '656']"
644,O,6.663495,8.860897,12.764257,11,['643']
645,HN,8.822176,8.500651,11.450727,10,['641']
646,H,8.552205,11.39111,12.176407,12,['642']
647,C,7.812907,10.652785,10.237698,153,"['642', '648', '652', '653']"
648,C,9.049479,11.026674,9.390438,155,"['647', '649', '654', '655']"
649,C,8.830031,11.141062,7.899334,157,"['648', '650', '651']"
650,O,7.716752,10.80166,7.402134,158,['649']
651,O,9.788197,11.514838,7.177347,158,['649']
652,H,7.035207,11.443878,10.116599,154,['647']
653,H,7.358034,9.717397,9.831091,154,['647']
654,H,9.85687,10.272126,9.531117,156,['648']
655,H,9.458897,12.001996,9.74074,156,['648']
656,N,6.117855,11.061374,12.958509,7,"['643', '657', '660']"
657,CA,4.920617,10.851391,13.764808,8,"['656', '658', '661', '662']"
658,C,3.899396,10.040048,12.948795,9,"['657', '659', '678']"
659,O,3.56727,10.408009,11.821878,11,['658']
660,HN,6.322962,12.027323,12.670002,10,['656']
661,H,5.234437,10.237377,14.646373,12,['657']
662,C,4.30431,12.190871,14.287111,182,"['657', '663', '667', '668']"
663,C,3.007436,11.975588,15.109745,184,"['662', '664', '669', '670']"
664,C,2.692793,13.037219,16.1953,186,"['663', '665', '671', '672']"
665,C,1.721562,12.481382,17.26757,188,"['664', '666', '673', '674']"
666,N,1.310883,13.44149,18.285648,190,"['665', '675', '676', '677']"
667,H,4.089293,12.857595,13.418446,183,['662']
668,H,5.075257,12.692332,14.921303,183,['662']
669,H,3.084685,10.981488,15.61452,185,['663']
670,H,2.146628,11.873354,14.41031,185,['663']
671,H,2.260132,13.944868,15.7108,187,['664']
672,H,3.636199,13.362716,16.694099,187,['664']
673,H,2.167416,11.592395,17.778197,189,['665']
674,H,0.798444,12.108729,16.767705,189,['665']
675,HN,0.582612,13.046163,18.868743,191,['666']
676,HN,0.93088,14.322466,17.936382,191,['666']
677,HN,2.034138,13.722923,18.944147,191,['666']
678,N,3.397553,8.939077,13.567464,7,"['658', '679', '682']"
679,CA,2.514433,7.914919,13.030146,8,"['678', '680', '683', '684']"
680,C,3.217567,6.845618,12.178467,9,"['679', '681', '699']"
681,O,2.555741,5.934001,11.67055,11,['680']
682,HN,3.708066,8.72256,14.527617,10,['678']
683,H,2.170202,7.327056,13.91386,12,['679']
684,C,1.236124,8.438971,12.30856,70,"['679', '685', '692', '693']"
685,C,0.410926,9.357127,13.182212,72,"['684', '686', '687']"
686,C,-0.263065,8.840716,14.299991,73,"['685', '688', '694']"
687,C,0.326919,10.735191,12.925241,73,"['685', '689', '695']"
688,C,-0.946502,9.687525,15.174361,75,"['686', '690', '696']"
689,C,-0.367203,11.580466,13.796925,75,"['687', '690', '697']"
690,C,-0.980787,11.064729,14.945418,77,"['688', '689', '691']"
691,OH,-1.562003,11.866221,15.879746,78,"['690', '698']"
692,H,0.606155,7.575612,11.992589,71,['684']
693,H,1.521575,8.96967,11.373461,71,['684']
694,H,-0.215441,7.763647,14.530526,74,['686']
695,H,0.845679,11.170758,12.055441,74,['687']
696,H,-1.442529,9.26582,16.058362,76,['688']
697,H,-0.400403,12.664106,13.604599,76,['689']
698,HO,-1.603274,12.755394,15.535839,79,['691']
699,N,4.560102,6.923823,12.017122,1,"['680', '700', '703']"
700,CA,5.367731,5.964707,11.304195,2,"['699', '701', '704', '705']"
701,C,5.546833,4.619062,11.994683,3,"['700', '702', '706']"
702,O,5.508383,3.579436,11.326855,5,['701']
703,HN,5.117887,7.669383,12.452532,4,['699']
704,H,4.937282,5.779902,10.294527,6,['700']
705,H,6.376022,6.394007,11.11651,6,['700']
706,N,5.638899,4.5853,13.358089,50,"['701', '707', '713']"
707,CA,5.575262,3.319287,14.078555,51,"['706', '708', '710', '711']"
708,C,4.211196,2.646239,13.942216,52,"['707', '709', '720']"
709,O,4.138246,1.457202,13.622308,53,['708']
710,H,6.335702,2.612074,13.664161,54,['707']
711,C,5.931835,3.690301,15.53327,55,"['707', '712', '714', '715']"
712,C,6.919373,4.841673,15.32046,57,"['711', '713', '716', '717']"
713,C,6.224549,5.623683,14.199021,59,"['706', '712', '718', '719']"
714,H,6.380399,2.825009,16.078955,56,['711']
715,H,5.039591,4.032216,16.111926,56,['711']
716,H,7.916901,4.464502,14.989662,58,['712']
717,H,7.078337,5.459133,16.23093,58,['712']
718,H,6.962463,6.264642,13.662942,60,['713']
719,H,5.431883,6.289151,14.615053,60,['713']
720,N,3.112701,3.420372,14.141644,7,"['708', '721', '724']"
721,CA,1.738556,2.968668,14.001177,8,"['720', '722', '725', '726']"
722,C,1.456165,2.37929,12.616208,9,"['721', '723', '735']"
723,O,0.847587,1.310593,12.518549,11,['722']
724,HN,3.221097,4.38508,14.487367,10,['720']
725,H,1.603142,2.106946,14.699779,12,['721']
726,C,0.645041,4.038668,14.332533,153,"['721', '727', '731', '732']"
727,C,0.558934,4.51268,15.798223,155,"['726', '728', '733', '734']"
728,C,1.609092,5.468322,16.329388,157,"['727', '729', '730']"
729,O,2.574266,5.78226,15.575176,158,['728']
730,O,1.438417,5.923115,17.490168,158,['728']
731,H,-0.348091,3.599574,14.066602,154,['726']
732,H,0.764993,4.927527,13.669081,154,['726']
733,H,0.557611,3.627616,16.474141,156,['727']
734,H,-0.423372,5.015863,15.954389,156,['727']
735,N,1.88287,3.076833,11.533494,7,"['722', '736', '739']"
736,CA,1.708224,2.652996,10.152751,8,"['735', '737', '740', '741']"
737,C,2.443912,1.347057,9.850717,9,"['736', '738', '745']"
738,O,1.865593,0.422051,9.273438,11,['737']
739,HN,2.313679,4.00184,11.666,10,['735']
740,H,0.626243,2.431489,9.987676,12,['736']
741,C,2.1519,3.750749,9.155836,13,"['736', '742', '743', '744']"
742,H,1.94066,3.44311,8.108028,14,['741']
743,H,3.242534,3.967423,9.234499,14,['741']
744,H,1.609429,4.707551,9.333286,14,['741']
745,N,3.721547,1.245597,10.28829,7,"['737', '746', '749']"
746,CA,4.532658,0.049849,10.15189,8,"['745', '747', '750', '751']"
747,C,3.940992,-1.155094,10.891967,9,"['746', '748', '756']"
748,O,4.01684,-2.28123,10.388413,11,['747']
749,HN,4.187328,2.049804,10.733864,10,['745']
750,H,4.524249,-0.254191,9.078953,12,['746']
751,C,5.995012,0.299612,10.596241,33,"['746', '752', '753', '754']"
752,OH,6.565001,1.264084,9.717685,35,"['751', '755']"
753,H,6.608172,-0.629852,10.542665,34,['751']
754,H,6.029074,0.673411,11.646669,34,['751']
755,HO,6.963947,1.939324,10.249061,36,['752']
756,N,3.308917,-0.93754,12.073287,7,"['747', '757', '760']"
757,CA,2.596918,-1.957857,12.830929,8,"['756', '758', '761', '762']"
758,C,1.29828,-2.398606,12.148823,9,"['757', '759', '766']"
759,O,0.941471,-3.577959,12.179969,11,['758']
760,HN,3.357663,-0.009011,12.514296,10,['756']
761,H,3.241934,-2.869081,12.888438,12,['757']
762,C,2.266032,-1.4865,14.269634,13,"['757', '763', '764', '765']"
763,H,1.770557,-2.300705,14.842706,14,['762']
764,H,1.587082,-0.602032,14.267524,14,['762']
765,H,3.190319,-1.206797,14.823727,14,['762']
766,N,0.559887,-1.442896,11.532142,7,"['758', '767', '770']"
767,CA,-0.693733,-1.688686,10.84443,8,"['766', '768', '771', '772']"
768,C,-0.497554,-2.635002,9.661814,9,"['767', '769', '786']"
769,O,-1.233554,-3.6271,9.548453,11,['768']
770,HN,0.850307,-0.458857,11.580878,10,['766']
771,H,-1.364229,-2.215219,11.563725,12,['767']
772,C,-1.382897,-0.376675,10.387857,61,"['767', '773', '779', '780']"
773,C,-2.745684,-0.589444,9.757258,63,"['772', '774', '775']"
774,C,-3.909921,-0.557136,10.545689,64,"['773', '776', '781']"
775,C,-2.881788,-0.820781,8.375829,64,"['773', '777', '782']"
776,C,-5.172583,-0.738266,9.972588,66,"['774', '778', '783']"
777,C,-4.144563,-0.99964,7.800591,66,"['775', '778', '784']"
778,C,-5.292487,-0.954532,8.597479,68,"['776', '777', '785']"
779,H,-0.73389,0.17298,9.664714,62,['772']
780,H,-1.495432,0.303095,11.262457,62,['772']
781,H,-3.841615,-0.377839,11.630827,65,['774']
782,H,-1.993299,-0.864018,7.725625,65,['775']
783,H,-6.071455,-0.690363,10.609338,67,['776']
784,H,-4.228994,-1.173219,6.716318,67,['777']
785,H,-6.287236,-1.078067,8.142439,69,['778']
786,N,0.478221,-2.290943,8.777925,7,"['768', '787', '790']"
787,CA,0.865252,-3.031637,7.590567,8,"['786', '788', '791', '792']"
788,C,1.469773,-4.387065,7.942381,9,"['787', '789', '800']"
789,O,1.067388,-5.399142,7.367636,11,['788']
790,HN,0.986612,-1.403432,8.902218,10,['786']
791,H,-0.057683,-3.256234,7.003543,12,['787']
792,C,1.825161,-2.220004,6.665142,37,"['787', '793', '794', '795']"
793,OH,1.11168,-1.052899,6.273762,39,"['792', '796']"
794,C,2.207904,-2.966532,5.371675,41,"['792', '797', '798', '799']"
795,H,2.744346,-1.917795,7.225569,38,['792']
796,HO,1.700382,-0.4809,5.782556,40,['793']
797,H,2.771893,-2.29964,4.680491,42,['794']
798,H,1.314296,-3.339608,4.827433,42,['794']
799,H,2.864129,-3.840068,5.582143,42,['794']
800,N,2.39673,-4.42465,8.934695,7,"['788', '801', '804']"
801,CA,2.992018,-5.645962,9.460413,8,"['800', '802', '805', '806']"
802,C,1.912334,-6.651137,9.845829,9,"['801', '803', '822']"
803,O,1.927241,-7.799809,9.403137,11,['802']
804,HN,2.767783,-3.547691,9.325438,10,['800']
805,H,3.579008,-6.125768,8.643527,12,['801']
806,C,3.920244,-5.357082,10.678665,182,"['801', '807', '811', '812']"
807,C,4.533897,-6.596644,11.366015,184,"['806', '808', '813', '814']"
808,C,5.219481,-6.231937,12.706276,186,"['807', '809', '815', '816']"
809,C,5.760338,-7.43936,13.497252,188,"['808', '810', '817', '818']"
810,N,6.681226,-8.227232,12.690865,190,"['809', '819', '820', '821']"
811,H,3.341604,-4.780765,11.439533,183,['806']
812,H,4.748665,-4.682579,10.3589,183,['806']
813,H,5.255106,-7.079136,10.665246,185,['807']
814,H,3.74718,-7.361862,11.566786,185,['807']
815,H,4.507668,-5.677126,13.366505,187,['808']
816,H,6.058357,-5.520002,12.512101,187,['808']
817,H,4.934219,-8.090222,13.860989,189,['809']
818,H,6.296354,-7.074271,14.40039,189,['809']
819,HN,7.217473,-8.921087,13.201493,191,['810']
820,HN,7.329095,-7.638916,12.174025,191,['810']
821,HN,6.187876,-8.784323,11.991252,191,['810']
822,N,0.972348,-6.217317,10.715142,7,"['802', '823', '826']"
823,CA,-0.093943,-7.044426,11.242509,8,"['822', '824', '827', '828']"
824,C,-1.081127,-7.511198,10.17103,9,"['823', '825', '844']"
825,O,-1.581898,-8.632059,10.243631,11,['824']
826,HN,1.018488,-5.251873,11.071143,10,['822']
827,H,0.37094,-7.987673,11.623714,12,['823']
828,C,-0.783543,-6.307336,12.427615,182,"['823', '829', '833', '834']"
829,C,-1.819957,-7.123351,13.23555,184,"['828', '830', '835', '836']"
830,C,-1.766097,-6.822787,14.754535,186,"['829', '831', '837', '838']"
831,C,-2.130686,-5.367958,15.145519,188,"['830', '832', '839', '840']"
832,N,-1.924328,-5.112717,16.56582,190,"['831', '841', '842', '843']"
833,H,-1.254516,-5.363352,12.059673,183,['828']
834,H,0.036742,-5.974661,13.111854,183,['828']
835,H,-1.62867,-8.212965,13.074464,185,['829']
836,H,-2.840436,-6.941114,12.824004,185,['829']
837,H,-0.748245,-7.079753,15.13755,187,['830']
838,H,-2.465297,-7.521444,15.273358,187,['830']
839,H,-3.198411,-5.169788,14.897347,189,['831']
840,H,-1.522843,-4.629641,14.573187,189,['831']
841,HN,-2.365742,-4.276827,16.929146,191,['832']
842,HN,-0.937216,-4.992269,16.777137,191,['832']
843,HN,-2.211417,-5.879511,17.163963,191,['832']
844,N,-1.361664,-6.670056,9.143473,7,"['824', '845', '848']"
845,CA,-2.245914,-7.01714,8.042777,8,"['844', '846', '849', '850']"
846,C,-1.662481,-8.08256,7.102778,9,"['845', '847', '861']"
847,O,-2.414518,-8.906573,6.587616,11,['846']
848,HN,-0.975506,-5.716934,9.129066,10,['844']
849,H,-3.150827,-7.510834,8.478677,12,['845']
850,C,-2.701332,-5.738614,7.270112,175,"['845', '851', '854', '855']"
851,C,-3.722898,-5.988365,6.141569,177,"['850', '852', '856', '857']"
852,S,-4.547149,-4.434261,5.672495,179,"['851', '853']"
853,C,-5.68177,-5.056181,4.408847,180,"['852', '858', '859', '860']"
854,H,-1.805199,-5.222056,6.849441,176,['850']
855,H,-3.139203,-5.030377,8.013457,176,['850']
856,H,-4.484471,-6.728124,6.479453,178,['851']
857,H,-3.217294,-6.449841,5.264353,178,['851']
858,H,-6.267687,-4.205923,3.996053,181,['853']
859,H,-6.370093,-5.801386,4.861168,181,['853']
860,H,-5.113563,-5.531122,3.580078,181,['853']
861,N,-0.329113,-8.065332,6.839476,7,"['846', '862', '865']"
862,CA,0.325389,-9.025303,5.958566,8,"['861', '863', '866', '867']"
863,C,0.727219,-10.335186,6.655063,9,"['862', '864', '877']"
864,O,0.605503,-11.402523,6.05118,11,['863']
865,HN,0.277271,-7.340898,7.24602,10,['861']
866,H,-0.431838,-9.363948,5.205433,12,['862']
867,C,1.520422,-8.4397,5.122026,15,"['862', '868', '869', '870']"
868,C,1.042989,-7.252034,4.244467,17,"['867', '871', '872', '873']"
869,C,2.720103,-7.981104,5.986297,17,"['867', '874', '875', '876']"
870,H,1.871596,-9.252014,4.436014,16,['867']
871,H,1.845557,-6.904781,3.555813,18,['868']
872,H,0.730641,-6.374755,4.855846,18,['868']
873,H,0.175381,-7.540711,3.609344,18,['868']
874,H,3.555901,-7.602003,5.357305,18,['869']
875,H,3.134803,-8.815816,6.591144,18,['869']
876,H,2.452582,-7.169537,6.695006,18,['869']
877,N,1.214482,-10.276453,7.921609,7,"['863', '878', '881']"
878,CA,1.61991,-11.433481,8.711339,8,"['877', '879', '882', '883']"
879,C,0.454322,-12.320658,9.154059,9,"['878', '880', '892']"
880,O,0.622418,-13.52917,9.299879,11,['879']
881,HN,1.32319,-9.364679,8.382284,10,['877']
882,H,2.222117,-12.108791,8.053158,12,['878']
883,C,2.475844,-11.056311,9.960248,153,"['878', '884', '888', '889']"
884,C,3.870574,-10.479095,9.626024,155,"['883', '885', '890', '891']"
885,C,4.763721,-10.195832,10.810199,157,"['884', '886', '887']"
886,O,4.32025,-10.260831,11.989252,158,['885']
887,O,5.969363,-9.855875,10.629387,158,['885']
888,H,2.625724,-11.977731,10.570353,154,['883']
889,H,1.914078,-10.343126,10.609413,154,['883']
890,H,3.756326,-9.540531,9.036256,156,['884']
891,H,4.405083,-11.199863,8.967929,156,['884']
892,N,-0.738862,-11.721062,9.376018,7,"['879', '893', '896']"
893,CA,-1.944133,-12.460809,9.722289,8,"['892', '894', '897', '898']"
894,C,-2.642808,-13.113863,8.519203,9,"['893', '895', '906']"
895,O,-3.471738,-14.00696,8.704543,11,['894']
896,HN,-0.813102,-10.695107,9.420241,10,['892']
897,H,-1.661948,-13.3216,10.377828,12,['893']
898,C,-2.961541,-11.561778,10.483225,147,"['893', '899', '902', '903']"
899,C,-2.530405,-11.178728,11.895492,149,"['898', '900', '901']"
900,O,-1.350745,-11.204945,12.246853,150,['899']
901,N,-3.521974,-10.87486,12.76169,151,"['899', '904', '905']"
902,H,-3.925763,-12.119916,10.531065,148,['898']
903,H,-3.185885,-10.635336,9.9062,148,['898']
904,HN,-4.505122,-10.994306,12.482419,152,['901']
905,HN,-3.269613,-10.667686,13.736534,152,['901']
906,N,-2.345431,-12.660264,7.274187,7,"['894', '907', '910']"
907,CA,-2.996714,-13.114399,6.054144,8,"['906', '908', '911', '912']"
908,C,-2.64263,-14.573814,5.753302,9,"['907', '909', '916']"
909,O,-1.495888,-15.01389,5.915857,11,['908']
910,HN,-1.578675,-11.993724,7.127965,10,['906']
911,H,-4.103152,-13.030239,6.205664,12,['907']
912,C,-2.572768,-12.244688,4.843257,13,"['907', '913', '914', '915']"
913,H,-3.155706,-12.519114,3.934468,14,['912']
914,H,-1.493703,-12.385803,4.609789,14,['912']
915,H,-2.735652,-11.162505,5.039055,14,['912']
916,N,-3.628688,-15.314702,5.197517,7,"['908', '917', '920']"
917,CA,-3.475563,-16.635519,4.60982,8,"['916', '918', '921', '922']"
918,C,-3.079544,-16.562161,3.128258,9,"['917', '919', '938']"
919,O,-2.42397,-17.470309,2.602462,11,['918']
920,HN,-4.526874,-14.851422,4.992921,10,['916']
921,H,-2.609064,-17.148136,5.093538,12,['917']
922,C,-4.768919,-17.503702,4.777999,182,"['917', '923', '927', '928']"
923,C,-5.30334,-17.639866,6.231702,184,"['922', '924', '929', '930']"
924,C,-4.164014,-17.816211,7.251762,186,"['923', '925', '931', '932']"
925,C,-4.557065,-18.113993,8.709284,188,"['924', '926', '933', '934']"
926,N,-3.336035,-18.239909,9.487385,190,"['925', '935', '936', '937']"
927,H,-4.565722,-18.521674,4.364838,183,['922']
928,H,-5.583747,-17.092841,4.133741,183,['922']
929,H,-6.016879,-18.495553,6.284434,185,['923']
930,H,-5.896977,-16.732953,6.502341,185,['923']
931,H,-3.568467,-16.871964,7.267374,187,['924']
932,H,-3.471593,-18.612545,6.889699,187,['924']
933,H,-5.162411,-19.040792,8.814012,189,['925']
934,H,-5.148971,-17.271223,9.134364,189,['925']
935,HN,-3.440796,-18.116306,10.487367,191,['926']
936,HN,-2.675932,-17.521547,9.192829,191,['926']
937,HN,-2.828815,-19.100519,9.306495,191,['926']
938,N,-3.476686,-15.471835,2.429866,7,"['918', '939', '942']"
939,CA,-3.222386,-15.230221,1.028921,8,"['938', '940', '943', '944']"
940,C,-2.830078,-13.762965,0.802841,9,"['939', '941', '960']"
941,O,-3.587306,-12.832409,1.102923,11,['940']
942,HN,-4.098589,-14.768119,2.859614,10,['938']
943,H,-2.383951,-15.886153,0.688198,12,['939']
944,C,-4.522448,-15.605236,0.259513,182,"['939', '945', '949', '950']"
945,C,-4.406431,-15.368847,-1.251886,184,"['944', '946', '951', '952']"
946,C,-5.564753,-15.961839,-2.074229,186,"['945', '947', '953', '954']"
947,C,-6.934752,-15.350018,-1.719286,188,"['946', '948', '955', '956']"
948,N,-7.958876,-15.651081,-2.709181,190,"['947', '957', '958', '959']"
949,H,-5.379423,-15.01829,0.669724,183,['944']
950,H,-4.76654,-16.679026,0.451684,183,['944']
951,H,-3.447545,-15.801833,-1.612303,185,['945']
952,H,-4.331605,-14.274909,-1.434752,185,['945']
953,H,-5.592618,-17.071543,-1.979225,187,['946']
954,H,-5.34539,-15.763326,-3.144256,187,['946']
955,H,-6.850454,-14.240344,-1.664504,189,['947']
956,H,-7.285506,-15.70558,-0.72651,189,['947']
957,HN,-8.804467,-15.129083,-2.502177,191,['948']
958,HN,-8.191431,-16.647322,-2.7413,191,['948']
959,HN,-7.651996,-15.329833,-3.625833,191,['948']
960,N,-1.646889,-13.541668,0.175317,7,"['940', '961', '964']"
961,CA,-1.217729,-12.249599,-0.345268,8,"['960', '962', '965', '966']"
962,C,-1.420781,-12.315619,-1.870618,9,"['961', '963', '979']"
963,O,-1.168339,-13.341138,-2.519723,11,['962']
964,HN,-1.076779,-14.33241,-0.154341,10,['960']
965,H,-1.88042,-11.450961,0.069914,12,['961']
966,C,0.268479,-11.895032,0.024241,25,"['961', '967', '968', '970']"
967,C,0.524788,-11.901142,1.56677,27,"['966', '969', '971', '972']"
968,C,0.681382,-10.52163,-0.573303,29,"['966', '973', '974', '975']"
969,C,-0.213552,-10.81957,2.374379,31,"['967', '976', '977', '978']"
970,H,0.922995,-12.679634,-0.430579,26,['966']
971,H,1.619525,-11.797806,1.758051,28,['967']
972,H,0.258551,-12.900206,1.985532,28,['967']
973,H,1.6962,-10.212691,-0.238375,30,['968']
974,H,-0.026912,-9.71201,-0.287151,30,['968']
975,H,0.710463,-10.550598,-1.684897,30,['968']
976,H,0.010527,-10.924997,3.460052,32,['969']
977,H,-1.317189,-10.894512,2.262161,32,['969']
978,H,0.089276,-9.790348,2.082349,32,['969']
979,N,-1.951254,-11.21759,-2.453413,7,"['962', '980', '983']"
980,CA,-2.239549,-11.059324,-3.869965,8,"['979', '981', '984', '985']"
981,C,-1.674092,-9.703115,-4.317654,9,"['980', '982', '994']"
982,O,-1.889069,-8.679053,-3.660888,11,['981']
983,HN,-2.174117,-10.394391,-1.872127,10,['979']
984,H,-1.708092,-11.858402,-4.44548,12,['980']
985,C,-3.786352,-11.161289,-4.123298,153,"['980', '986', '990', '991']"
986,C,-4.397296,-12.540476,-3.78524,155,"['985', '987', '992', '993']"
987,C,-5.909184,-12.756227,-3.769733,157,"['986', '988', '989']"
988,O,-6.670992,-11.955739,-3.163202,158,['987']
989,O,-6.341486,-13.837846,-4.274906,158,['987']
990,H,-3.998324,-10.914254,-5.183486,154,['985']
991,H,-4.304863,-10.389447,-3.522658,154,['985']
992,H,-4.048668,-12.832963,-2.773379,156,['986']
993,H,-3.952743,-13.286776,-4.479638,156,['986']
994,N,-0.913818,-9.680925,-5.440512,7,"['981', '995', '998']"
995,CA,-0.369716,-8.48289,-6.070818,8,"['994', '996', '999', '1000']"
996,C,-1.234092,-8.187058,-7.298565,9,"['995', '997', '1010']"
997,O,-1.649554,-9.091337,-8.031322,11,['996']
998,HN,-0.850174,-10.525756,-6.023324,10,['994']
999,H,-0.471766,-7.62023,-5.362535,12,['995']
1000,C,1.151346,-8.570448,-6.47051,15,"['995', '1001', '1002', '1003']"
1001,C,2.011697,-8.945175,-5.240794,17,"['1000', '1004', '1005', '1006']"
1002,C,1.467083,-9.562847,-7.61778,17,"['1000', '1007', '1008', '1009']"
1003,H,1.462572,-7.547143,-6.806055,16,['1000']
1004,H,3.099389,-8.941513,-5.479261,18,['1001']
1005,H,1.758824,-9.953872,-4.84962,18,['1001']
1006,H,1.86653,-8.222723,-4.410137,18,['1001']
1007,H,2.554523,-9.568148,-7.860209,18,['1002']
1008,H,0.940384,-9.279153,-8.555706,18,['1002']
1009,H,1.175208,-10.607572,-7.372358,18,['1002']
1010,N,-1.514793,-6.894333,-7.556131,7,"['996', '1011', '1014']"
1011,CA,-2.247266,-6.427973,-8.718118,8,"['1010', '1012', '1015', '1016']"
1012,C,-1.482109,-5.23565,-9.290781,9,"['1011', '1013', '1025']"
1013,O,-1.373788,-4.172093,-8.671847,11,['1012']
1014,HN,-1.313241,-6.166419,-6.853477,10,['1010']
1015,H,-2.312233,-7.241448,-9.482652,12,['1011']
1016,C,-3.668398,-6.015662,-8.266839,153,"['1011', '1017', '1021', '1022']"
1017,C,-4.619487,-5.585903,-9.398603,155,"['1016', '1018', '1023', '1024']"
1018,C,-5.841078,-4.825987,-8.927496,157,"['1017', '1019', '1020']"
1019,O,-5.768367,-4.121978,-7.883211,158,['1018']
1020,O,-6.899022,-4.859086,-9.592207,158,['1018']
1021,H,-3.546542,-5.161637,-7.562675,154,['1016']
1022,H,-4.146021,-6.838223,-7.684501,154,['1016']
1023,H,-4.958527,-6.47274,-9.97775,156,['1017']
1024,H,-4.088471,-4.918218,-10.113821,156,['1017']
1025,N,-0.886274,-5.442242,-10.483493,7,"['1012', '1026', '1029']"
1026,CA,-0.188948,-4.408002,-11.231911,8,"['1025', '1027', '1030', '1031']"
1027,C,-1.248497,-3.591703,-11.962551,9,"['1026', '1028', '1045']"
1028,O,-2.320447,-4.11228,-12.297479,11,['1027']
1029,HN,-1.090811,-6.301987,-11.007237,10,['1025']
1030,H,0.350484,-3.731658,-10.519879,12,['1026']
1031,C,0.80285,-5.0141,-12.263693,61,"['1026', '1032', '1038', '1039']"
1032,C,1.926561,-5.736187,-11.552538,63,"['1031', '1033', '1034']"
1033,C,1.850459,-7.109066,-11.261654,64,"['1032', '1035', '1040']"
1034,C,3.06156,-5.022594,-11.129449,64,"['1032', '1036', '1041']"
1035,C,2.888491,-7.749237,-10.577617,66,"['1033', '1037', '1042']"
1036,C,4.106289,-5.664721,-10.459415,66,"['1034', '1037', '1043']"
1037,C,4.023991,-7.033044,-10.188583,68,"['1035', '1036', '1044']"
1038,H,1.225006,-4.198944,-12.897992,62,['1031']
1039,H,0.269445,-5.694079,-12.964871,62,['1031']
1040,H,0.961012,-7.695645,-11.544826,65,['1033']
1041,H,3.138164,-3.936759,-11.301942,65,['1034']
1042,H,2.810158,-8.821078,-10.342884,67,['1035']
1043,H,4.984313,-5.077749,-10.144257,67,['1036']
1044,H,4.84245,-7.543878,-9.658083,69,['1037']
1045,N,-0.939783,-2.296427,-12.185659,7,"['1027', '1046', '1049']"
1046,CA,-1.798702,-1.413606,-12.962457,8,"['1045', '1047', '1050', '1051']"
1047,C,-1.285416,-1.450801,-14.416923,9,"['1046', '1048', '1057']"
1048,O,-0.55387,-2.367669,-14.80102,11,['1047']
1049,HN,-0.003332,-1.917757,-11.975936,10,['1045']
1050,H,-2.813688,-1.866206,-13.003173,12,['1046']
1051,C,-1.917088,-0.049443,-12.240621,137,"['1046', '1052', '1055', '1056']"
1052,C,-3.166772,0.74956,-12.489744,139,"['1051', '1053', '1054']"
1053,O,-3.868071,0.487532,-13.504552,140,['1052']
1054,O,-3.557906,1.592919,-11.632705,140,['1052']
1055,H,-1.041266,0.55407,-12.549175,138,['1051']
1056,H,-1.794857,-0.182828,-11.142429,138,['1051']
1057,N,-1.783544,-0.539222,-15.285617,7,"['1047', '1058', '1061']"
1058,CA,-1.499405,-0.5178,-16.712784,8,"['1057', '1059', '1062', '1063']"
1059,C,-0.101873,-0.009759,-17.098188,9,"['1058', '1060', '1079']"
1060,O,0.338199,-0.263028,-18.230327,11,['1059']
1061,HN,-2.348921,0.243894,-14.934513,10,['1057']
1062,H,-1.500736,-1.569093,-17.090032,12,['1058']
1063,C,-2.580933,0.319458,-17.474539,182,"['1058', '1064', '1068', '1069']"
1064,C,-3.886032,-0.463997,-17.744671,184,"['1063', '1065', '1070', '1071']"
1065,C,-5.058939,-0.245782,-16.762201,186,"['1064', '1066', '1072', '1073']"
1066,C,-5.863153,1.033699,-17.06486,188,"['1065', '1067', '1074', '1075']"
1067,N,-7.029122,1.211606,-16.215415,190,"['1066', '1076', '1077', '1078']"
1068,H,-2.152298,0.612574,-18.462285,183,['1063']
1069,H,-2.759799,1.295482,-16.96459,183,['1063']
1070,H,-3.656541,-1.554514,-17.806992,185,['1064']
1071,H,-4.242054,-0.200776,-18.767851,185,['1064']
1072,H,-4.69571,-0.251263,-15.709698,187,['1065']
1073,H,-5.744884,-1.121845,-16.856181,187,['1065']
1074,H,-6.214336,1.031985,-18.123162,189,['1066']
1075,H,-5.220213,1.933926,-16.943068,189,['1066']
1076,HN,-7.506503,2.057274,-16.521753,191,['1067']
1077,HN,-6.759472,1.335397,-15.236849,191,['1067']
1078,HN,-7.712603,0.466547,-16.265952,191,['1067']
1079,N,0.532446,0.804011,-16.235237,1,"['1059', '1080', '1083']"
1080,CA,1.819023,1.431771,-16.40199,2,"['1079', '1081', '1084', '1085']"
1081,C,2.972519,0.682345,-15.734393,3,"['1080', '1082', '1086']"
1082,O,2.995869,-0.551306,-15.629679,5,['1081']
1083,HN,0.20755,0.937839,-15.265498,4,['1079']
1084,H,2.072531,1.54746,-17.480265,6,['1080']
1085,H,1.762941,2.468708,-15.996413,6,['1080']
1086,N,4.033485,1.476455,-15.440886,7,"['1081', '1087', '1090']"
1087,CA,5.356236,1.133975,-14.934254,8,"['1086', '1088', '1091', '1092']"
1088,C,5.277283,0.178291,-13.734407,9,"['1087', '1089', '1103']"
1089,O,4.991326,0.574247,-12.608341,11,['1088']
1090,HN,4.006512,2.418119,-15.857667,10,['1086']
1091,H,5.919174,0.646106,-15.766081,12,['1087']
1092,C,6.067744,2.461528,-14.501875,167,"['1087', '1093', '1097', '1098']"
1093,C,7.601581,2.372441,-14.434091,169,"['1092', '1094', '1099', '1100']"
1094,C,8.200967,2.620392,-15.80758,171,"['1093', '1095', '1096']"
1095,O,8.079515,1.78788,-16.711813,172,['1094']
1096,N,8.712852,3.854288,-16.014882,173,"['1094', '1101', '1102']"
1097,H,5.6619,2.794457,-13.517974,168,['1092']
1098,H,5.798472,3.277934,-15.214693,168,['1092']
1099,H,7.931935,1.375943,-14.06728,170,['1093']
1100,H,7.993876,3.099896,-13.690206,170,['1093']
1101,HN,8.729057,4.556368,-15.262633,174,['1096']
1102,HN,9.043341,4.094297,-16.957669,174,['1096']
1103,N,5.623875,-1.11531,-13.948961,7,"['1088', '1104', '1107']"
1104,CA,5.603857,-2.132322,-12.910916,8,"['1103', '1105', '1108', '1109']"
1105,C,6.775558,-2.101367,-11.918265,9,"['1104', '1106', '1127']"
1106,O,6.657515,-2.697501,-10.839567,11,['1105']
1107,HN,5.939107,-1.415263,-14.881307,10,['1103']
1108,H,4.713482,-1.927331,-12.261591,12,['1104']
1109,C,5.457632,-3.575476,-13.491742,202,"['1104', '1110', '1116', '1117']"
1110,C,4.167386,-3.808023,-14.309904,204,"['1109', '1111', '1118', '1119']"
1111,C,3.945782,-5.274785,-14.713795,206,"['1110', '1112', '1120', '1121']"
1112,N,2.670092,-5.418721,-15.40425,208,"['1111', '1113', '1122']"
1113,C,1.8397,-6.470876,-15.322422,210,"['1112', '1114', '1115']"
1114,N,2.13682,-7.609531,-14.677599,211,"['1113', '1123', '1124']"
1115,N,0.657932,-6.375044,-15.946298,211,"['1113', '1125', '1126']"
1116,H,5.490247,-4.292055,-12.637278,203,['1109']
1117,H,6.357745,-3.803318,-14.110159,203,['1109']
1118,H,4.213546,-3.17012,-15.223329,205,['1110']
1119,H,3.301579,-3.420549,-13.724307,205,['1110']
1120,H,3.981414,-5.903666,-13.797207,207,['1111']
1121,H,4.773843,-5.608756,-15.380874,207,['1111']
1122,HN,2.418417,-4.60141,-15.981174,209,['1112']
1123,HN,3.019617,-7.690145,-14.15723,212,['1114']
1124,HN,1.486469,-8.407164,-14.672817,212,['1114']
1125,HN,0.402321,-5.50932,-16.437863,212,['1115']
1126,HN,-0.0507,-7.11944,-15.894083,212,['1115']
1127,N,7.923296,-1.452747,-12.23383,7,"['1105', '1128', '1131']"
1128,CA,9.047382,-1.297995,-11.310999,8,"['1127', '1129', '1132', '1133']"
1129,C,9.54077,0.156641,-11.37249,9,"['1128', '1130', '1141']"
1130,O,9.465818,0.800865,-12.418764,11,['1129']
1131,HN,8.041155,-0.949863,-13.1239,10,['1127']
1132,H,8.671882,-1.466878,-10.271414,12,['1128']
1133,C,10.206064,-2.310414,-11.569125,37,"['1128', '1134', '1135', '1136']"
1134,OH,10.797692,-2.103586,-12.850794,39,"['1133', '1137']"
1135,C,9.763612,-3.78842,-11.542504,41,"['1133', '1138', '1139', '1140']"
1136,H,10.988252,-2.139109,-10.788111,38,['1133']
1137,HO,11.579533,-1.564068,-12.724507,40,['1134']
1138,H,10.636909,-4.462753,-11.684578,42,['1135']
1139,H,9.032753,-4.019475,-12.350261,42,['1135']
1140,H,9.293044,-4.051574,-10.570085,42,['1135']
1141,N,9.99033,0.703848,-10.213053,7,"['1129', '1142', '1145']"
1142,CA,10.459579,2.083744,-10.080935,8,"['1141', '1143', '1146', '1147']"
1143,C,11.97491,2.156363,-10.318341,9,"['1142', '1144', '1153']"
1144,O,12.653165,1.151295,-10.53908,11,['1143']
1145,HN,10.113233,0.110838,-9.379129,10,['1141']
1146,H,9.992258,2.689217,-10.896792,12,['1142']
1147,C,10.025098,2.67798,-8.706401,137,"['1142', '1148', '1151', '1152']"
1148,C,10.662703,2.160932,-7.436292,139,"['1147', '1149', '1150']"
1149,O,11.572869,1.292572,-7.502752,140,['1148']
1150,O,10.28169,2.641631,-6.334316,140,['1148']
1151,H,8.92467,2.535066,-8.602758,138,['1147']
1152,H,10.165307,3.78407,-8.72311,138,['1147']
1153,N,12.531112,3.394169,-10.204444,7,"['1143', '1154', '1157']"
1154,CA,13.953688,3.695729,-10.310063,8,"['1153', '1155', '1158', '1159']"
1155,C,14.868395,3.073653,-9.235548,9,"['1154', '1156', '1175']"
1156,O,16.088072,3.219812,-9.329015,11,['1155']
1157,HN,11.918953,4.205769,-10.053874,10,['1153']
1158,H,14.313272,3.218336,-11.25885,12,['1154']
1159,C,14.205497,5.237784,-10.433057,182,"['1154', '1160', '1164', '1165']"
1160,C,13.994902,6.08577,-9.148761,184,"['1159', '1161', '1166', '1167']"
1161,C,14.096245,7.618856,-9.4047,186,"['1160', '1162', '1168', '1169']"
1162,C,14.037442,8.476931,-8.116025,188,"['1161', '1163', '1170', '1171']"
1163,N,13.92902,9.918966,-8.340287,190,"['1162', '1172', '1173', '1174']"
1164,H,13.58424,5.639217,-11.269903,183,['1159']
1165,H,15.259079,5.373774,-10.779003,183,['1159']
1166,H,14.75118,5.771603,-8.389709,185,['1160']
1167,H,13.002678,5.848925,-8.697781,185,['1160']
1168,H,13.277593,7.921728,-10.100732,187,['1161']
1169,H,15.045213,7.846523,-9.947237,187,['1161']
1170,H,14.94829,8.295978,-7.501396,189,['1162']
1171,H,13.175001,8.16334,-7.48392,189,['1162']
1172,HN,14.080389,10.433036,-7.468835,191,['1163']
1173,HN,13.017178,10.185943,-8.694941,191,['1163']
1174,HN,14.605873,10.328828,-8.980893,191,['1163']
1175,N,14.310184,2.392408,-8.200707,7,"['1155', '1176', '1179']"
1176,CA,15.036175,1.645848,-7.181458,8,"['1175', '1177', '1180', '1181']"
1177,C,14.892699,0.117217,-7.321078,9,"['1176', '1178', '1196']"
1178,O,15.371958,-0.642723,-6.465247,11,['1177']
1179,HN,13.290058,2.267719,-8.119921,10,['1175']
1180,H,16.13214,1.838354,-7.295316,12,['1176']
1181,C,14.579553,2.078407,-5.753432,70,"['1176', '1182', '1189', '1190']"
1182,C,14.734966,3.568283,-5.525184,72,"['1181', '1183', '1184']"
1183,C,13.620395,4.423342,-5.536828,73,"['1182', '1185', '1191']"
1184,C,16.004461,4.124937,-5.292589,73,"['1182', '1186', '1192']"
1185,C,13.771631,5.798266,-5.327749,75,"['1183', '1187', '1193']"
1186,C,16.161044,5.502024,-5.096795,75,"['1184', '1187', '1194']"
1187,C,15.042209,6.34454,-5.115964,77,"['1185', '1186', '1188']"
1188,OH,15.155461,7.688089,-4.933752,78,"['1187', '1195']"
1189,H,15.159988,1.527789,-4.977686,71,['1181']
1190,H,13.513751,1.787322,-5.597255,71,['1181']
1191,H,12.609706,4.014911,-5.699272,74,['1183']
1192,H,16.89388,3.473305,-5.262641,74,['1184']
1193,H,12.880035,6.444803,-5.324265,76,['1185']
1194,H,17.168905,5.912875,-4.924391,76,['1186']
1195,HO,16.035417,7.967344,-4.721168,79,['1188']
1196,N,14.20143,-0.378234,-8.378159,1,"['1177', '1197', '1200']"
1197,CA,13.92759,-1.778011,-8.596657,2,"['1196', '1198', '1201', '1202']"
1198,C,12.874672,-2.407229,-7.692025,3,"['1197', '1199', '1203']"
1199,O,12.835929,-3.641311,-7.549805,5,['1198']
1200,HN,13.773722,0.232698,-9.087831,4,['1196']
1201,H,13.610676,-1.934154,-9.651937,6,['1197']
1202,H,14.862191,-2.370323,-8.485144,6,['1197']
1203,N,12.001995,-1.579612,-7.064855,7,"['1198', '1204', '1207']"
1204,CA,10.864874,-2.022856,-6.275095,8,"['1203', '1205', '1208', '1209']"
1205,C,9.694559,-2.246094,-7.240337,9,"['1204', '1206', '1227']"
1206,O,9.517244,-1.494078,-8.201503,11,['1205']
1207,HN,11.986811,-0.570004,-7.284761,10,['1203']
1208,H,11.129348,-2.994192,-5.792023,12,['1204']
1209,C,10.433925,-0.986182,-5.18771,202,"['1204', '1210', '1216', '1217']"
1210,C,11.565387,-0.58356,-4.211782,204,"['1209', '1211', '1218', '1219']"
1211,C,11.13723,0.439266,-3.134324,206,"['1210', '1212', '1220', '1221']"
1212,N,10.709545,1.709898,-3.704923,208,"['1211', '1213', '1222']"
1213,C,10.504935,2.865013,-3.060093,210,"['1212', '1214', '1215']"
1214,N,10.634523,2.981566,-1.736469,211,"['1213', '1223', '1224']"
1215,N,10.159953,3.941532,-3.775157,211,"['1213', '1225', '1226']"
1216,H,9.576021,-1.413545,-4.614885,203,['1209']
1217,H,10.023892,-0.088102,-5.71019,203,['1209']
1218,H,12.418165,-0.159988,-4.792444,205,['1210']
1219,H,11.961809,-1.496011,-3.712528,205,['1210']
1220,H,11.985118,0.611216,-2.430451,207,['1211']
1221,H,10.317644,0.007877,-2.5164,207,['1211']
1222,HN,10.621655,1.774865,-4.729607,209,['1212']
1223,HN,10.872759,2.165318,-1.160049,212,['1214']
1224,HN,10.587288,3.911028,-1.296283,212,['1214']
1225,HN,10.071532,3.824536,-4.799663,212,['1215']
1226,HN,10.021731,4.857573,-3.325785,212,['1215']
1227,N,8.872746,-3.284158,-6.96679,1,"['1205', '1228', '1231']"
1228,CA,7.631428,-3.549326,-7.657356,2,"['1227', '1229', '1232', '1233']"
1229,C,6.567363,-2.560566,-7.198757,3,"['1228', '1230', '1234']"
1230,O,6.388289,-2.350427,-5.992736,5,['1229']
1231,HN,9.005932,-3.82351,-6.10128,4,['1227']
1232,H,7.781658,-3.504572,-8.760689,6,['1228']
1233,H,7.263642,-4.571653,-7.425213,6,['1228']
1234,N,5.807183,-1.98906,-8.154426,7,"['1229', '1235', '1238']"
1235,CA,4.6868,-1.091891,-7.929189,8,"['1234', '1236', '1239', '1240']"
1236,C,3.415784,-1.908522,-8.16673,9,"['1235', '1237', '1253']"
1237,O,3.24403,-2.529168,-9.217097,11,['1236']
1238,HN,5.906222,-2.290749,-9.132879,10,['1234']
1239,H,4.695056,-0.734139,-6.871117,12,['1235']
1240,C,4.753936,0.120686,-8.905062,19,"['1235', '1241', '1244', '1245']"
1241,C,6.0474,0.982714,-8.774799,21,"['1240', '1242', '1243', '1246']"
1242,C,6.054729,2.101303,-9.845534,23,"['1241', '1247', '1248', '1249']"
1243,C,6.138796,1.627715,-7.369149,23,"['1241', '1250', '1251', '1252']"
1244,H,3.854787,0.760094,-8.752749,20,['1240']
1245,H,4.651359,-0.24851,-9.955484,20,['1240']
1246,H,6.945618,0.335787,-8.936464,22,['1241']
1247,H,6.971865,2.728146,-9.799654,24,['1242']
1248,H,5.17931,2.78331,-9.756297,24,['1242']
1249,H,6.017363,1.674663,-10.873068,24,['1242']
1250,H,7.047964,2.260415,-7.264593,24,['1243']
1251,H,6.196001,0.86237,-6.564711,24,['1243']
1252,H,5.259404,2.274529,-7.149589,24,['1243']
1253,N,2.531146,-1.968948,-7.143337,7,"['1236', '1254', '1257']"
1254,CA,1.299267,-2.739534,-7.184836,8,"['1253', '1255', '1258', '1259']"
1255,C,0.340439,-2.302461,-6.069976,9,"['1254', '1256', '1263']"
1256,O,0.703008,-1.592624,-5.118656,11,['1255']
1257,HN,2.703569,-1.46795,-6.260012,10,['1253']
1258,H,0.791224,-2.55027,-8.164028,12,['1254']
1259,C,1.630358,-4.250759,-7.043144,13,"['1254', '1260', '1261', '1262']"
1260,H,0.714436,-4.877456,-7.097642,14,['1259']
1261,H,2.131072,-4.475204,-6.074981,14,['1259']
1262,H,2.301103,-4.587484,-7.866005,14,['1259']
1263,N,-0.915537,-2.786842,-6.181621,7,"['1255', '1264', '1267']"
1264,CA,-1.922499,-2.820015,-5.142761,8,"['1263', '1265', '1268', '1269']"
1265,C,-1.803714,-4.205559,-4.505748,9,"['1264', '1266', '1284']"
1266,O,-1.795886,-5.234313,-5.195574,11,['1265']
1267,HN,-1.173003,-3.311327,-7.028608,10,['1263']
1268,H,-1.694096,-2.039015,-4.383202,12,['1264']
1269,C,-3.353469,-2.594098,-5.690602,70,"['1264', '1270', '1277', '1278']"
1270,C,-3.444699,-1.366455,-6.573238,72,"['1269', '1271', '1272']"
1271,C,-3.607323,-0.089825,-6.011941,73,"['1270', '1273', '1279']"
1272,C,-3.450695,-1.491533,-7.972128,73,"['1270', '1274', '1280']"
1273,C,-3.79044,1.032127,-6.827415,75,"['1271', '1275', '1281']"
1274,C,-3.638549,-0.371099,-8.784614,75,"['1272', '1275', '1282']"
1275,C,-3.830042,0.895627,-8.219824,77,"['1273', '1274', '1276']"
1276,OH,-4.134405,1.97318,-8.995811,78,"['1275', '1283']"
1277,H,-4.078772,-2.492708,-4.850588,71,['1269']
1278,H,-3.69812,-3.480424,-6.267167,71,['1269']
1279,H,-3.61927,0.038116,-4.917749,74,['1271']
1280,H,-3.355461,-2.480401,-8.448205,74,['1272']
1281,H,-3.936126,2.01654,-6.358819,76,['1273']
1282,H,-3.696194,-0.500068,-9.874539,76,['1274']
1283,HO,-3.864735,1.785741,-9.894485,79,['1276']
1284,N,-1.59484,-4.231122,-3.171512,7,"['1265', '1285', '1288']"
1285,CA,-1.393891,-5.439745,-2.388661,8,"['1284', '1286', '1289', '1290']"
1286,C,-2.716836,-5.734439,-1.67848,9,"['1285', '1287', '1303']"
1287,O,-3.314709,-4.834139,-1.079992,11,['1286']
1288,HN,-1.716971,-3.369038,-2.618641,10,['1284']
1289,H,-1.147039,-6.294099,-3.066721,12,['1285']
1290,C,-0.226492,-5.253331,-1.350575,25,"['1285', '1291', '1292', '1294']"
1291,C,1.10255,-4.767399,-2.021221,27,"['1290', '1293', '1295', '1296']"
1292,C,0.033942,-6.566337,-0.563897,29,"['1290', '1297', '1298', '1299']"
1293,C,1.626386,-5.644885,-3.169756,31,"['1291', '1300', '1301', '1302']"
1294,H,-0.545482,-4.469448,-0.616485,26,['1290']
1295,H,1.899151,-4.677337,-1.245204,28,['1291']
1296,H,0.96222,-3.729899,-2.406133,28,['1291']
1297,H,0.879506,-6.459128,0.151907,30,['1292']
1298,H,0.266468,-7.423502,-1.233642,30,['1292']
1299,H,-0.852238,-6.861415,0.041603,30,['1292']
1300,H,2.591744,-5.255092,-3.563,32,['1293']
1301,H,0.918902,-5.683847,-4.026909,32,['1293']
1302,H,1.813091,-6.687313,-2.835474,32,['1293']
1303,N,-3.162091,-7.009565,-1.703996,7,"['1286', '1304', '1307']"
1304,CA,-4.32027,-7.516689,-0.993892,8,"['1303', '1305', '1308', '1309']"
1305,C,-3.855774,-8.586629,0.002485,9,"['1304', '1306', '1324']"
1306,O,-2.967058,-9.394397,-0.290519,11,['1305']
1307,HN,-2.622508,-7.730861,-2.201262,10,['1303']
1308,H,-4.769146,-6.674581,-0.418745,12,['1304']
1309,C,-5.393951,-8.124599,-1.937894,70,"['1304', '1310', '1317', '1318']"
1310,C,-5.921654,-7.151918,-2.970126,72,"['1309', '1311', '1312']"
1311,C,-7.157711,-6.512825,-2.786911,73,"['1310', '1313', '1319']"
1312,C,-5.19664,-6.873255,-4.138839,73,"['1310', '1314', '1320']"
1313,C,-7.648959,-5.594658,-3.715746,75,"['1311', '1315', '1321']"
1314,C,-5.675981,-5.936385,-5.056075,75,"['1312', '1315', '1322']"
1315,C,-6.900316,-5.289098,-4.853861,77,"['1313', '1314', '1316']"
1316,OH,-7.392166,-4.389485,-5.738996,78,"['1315', '1323']"
1317,H,-6.245009,-8.508251,-1.332562,71,['1309']
1318,H,-4.979406,-9.011082,-2.456595,71,['1309']
1319,H,-7.738585,-6.684904,-1.871904,74,['1311']
1320,H,-4.225636,-7.357742,-4.330523,74,['1312']
1321,H,-8.620308,-5.103235,-3.539252,76,['1313']
1322,H,-5.081712,-5.699199,-5.946681,76,['1314']
1323,HO,-6.788814,-4.33487,-6.476523,79,['1316']
1324,N,-4.532598,-8.612575,1.174623,7,"['1305', '1325', '1328']"
1325,CA,-4.415676,-9.548196,2.277941,8,"['1324', '1326', '1329', '1330']"
1326,C,-5.800308,-10.181836,2.465951,9,"['1325', '1327', '1334']"
1327,O,-6.746109,-9.520162,2.908242,11,['1326']
1328,HN,-5.30687,-7.94677,1.306295,10,['1324']
1329,H,-3.65837,-10.33516,2.043145,12,['1325']
1330,C,-3.9973,-8.768534,3.549506,13,"['1325', '1331', '1332', '1333']"
1331,H,-3.939602,-9.435222,4.438375,14,['1330']
1332,H,-4.733583,-7.971746,3.797056,14,['1330']
1333,H,-2.997908,-8.291383,3.433486,14,['1330']
1334,N,-5.950832,-11.455739,2.02761,7,"['1326', '1335', '1338']"
1335,CA,-7.184809,-12.230615,1.993683,8,"['1334', '1336', '1339', '1340']"
1336,C,-8.344784,-11.507327,1.284442,9,"['1335', '1337', '1346']"
1337,O,-9.519914,-11.669468,1.631117,11,['1336']
1338,HN,-5.119331,-12.004465,1.766561,10,['1334']
1339,H,-6.993972,-13.14107,1.375014,12,['1335']
1340,C,-7.584418,-12.67688,3.419007,137,"['1335', '1341', '1344', '1345']"
1341,C,-6.4971,-13.326666,4.241125,139,"['1340', '1342', '1343']"
1342,O,-5.506221,-13.838228,3.649283,140,['1341']
1343,O,-6.609618,-13.320557,5.496766,140,['1341']
1344,H,-8.452537,-13.375599,3.366463,138,['1340']
1345,H,-7.943021,-11.771815,3.954755,138,['1340']
1346,N,-8.005905,-10.716316,0.237278,1,"['1336', '1347', '1350']"
1347,CA,-8.887352,-9.887638,-0.542712,2,"['1346', '1348', '1351', '1352']"
1348,C,-9.109104,-8.437415,-0.127101,3,"['1347', '1349', '1353']"
1349,O,-9.527728,-7.647443,-0.971453,5,['1348']
1350,HN,-7.029708,-10.683523,-0.083978,4,['1346']
1351,H,-8.516037,-9.862263,-1.591456,6,['1347']
1352,H,-9.900646,-10.348826,-0.60674,6,['1347']
1353,N,-8.740939,-8.004984,1.109592,7,"['1348', '1354', '1357']"
1354,CA,-8.769491,-6.588096,1.491609,8,"['1353', '1355', '1358', '1359']"
1355,C,-7.525272,-5.922549,0.900061,9,"['1354', '1356', '1375']"
1356,O,-6.417053,-6.447806,1.030874,11,['1355']
1357,HN,-8.247125,-8.629246,1.763473,10,['1353']
1358,H,-9.678601,-6.108541,1.046817,12,['1354']
1359,C,-8.716924,-6.355033,3.036152,182,"['1354', '1360', '1364', '1365']"
1360,C,-10.047759,-6.57841,3.781245,184,"['1359', '1361', '1366', '1367']"
1361,C,-9.997376,-6.172842,5.280594,186,"['1360', '1362', '1368', '1369']"
1362,C,-9.897759,-4.644736,5.523558,188,"['1361', '1363', '1370', '1371']"
1363,N,-10.417961,-4.219046,6.816773,190,"['1362', '1372', '1373', '1374']"
1364,H,-8.395625,-5.299434,3.205597,183,['1359']
1365,H,-7.909756,-6.991676,3.473171,183,['1359']
1366,H,-10.331742,-7.654122,3.693517,185,['1360']
1367,H,-10.863767,-6.014775,3.2678,185,['1360']
1368,H,-9.15372,-6.696397,5.790558,187,['1361']
1369,H,-10.92199,-6.565206,5.76761,187,['1361']
1370,H,-10.472969,-4.095617,4.745211,189,['1362']
1371,H,-8.843257,-4.294021,5.435962,189,['1362']
1372,HN,-10.609017,-3.219174,6.832364,191,['1363']
1373,HN,-9.787488,-4.412714,7.592095,191,['1363']
1374,HN,-11.29411,-4.668942,7.082951,191,['1363']
1375,N,-7.670884,-4.721716,0.290223,7,"['1355', '1376', '1379']"
1376,CA,-6.529458,-3.978969,-0.23297,8,"['1375', '1377', '1380', '1381']"
1377,C,-5.874574,-3.24394,0.94927,9,"['1376', '1378', '1392']"
1378,O,-6.531374,-2.496931,1.676972,11,['1377']
1379,HN,-8.590742,-4.263312,0.231779,10,['1375']
1380,H,-5.807941,-4.71104,-0.673873,12,['1376']
1381,C,-6.963816,-2.955631,-1.320711,175,"['1376', '1382', '1385', '1386']"
1382,C,-5.768926,-2.504622,-2.189879,177,"['1381', '1383', '1387', '1388']"
1383,S,-6.056969,-0.942538,-3.062389,179,"['1382', '1384']"
1384,C,-7.608435,-1.302569,-3.92149,180,"['1383', '1389', '1390', '1391']"
1385,H,-7.462615,-2.088763,-0.827276,176,['1381']
1386,H,-7.739232,-3.41051,-1.980064,176,['1381']
1387,H,-5.52189,-3.30938,-2.920279,178,['1382']
1388,H,-4.855847,-2.390119,-1.563528,178,['1382']
1389,H,-7.834763,-0.474297,-4.624611,181,['1384']
1390,H,-8.444221,-1.38737,-3.191837,181,['1384']
1391,H,-7.515476,-2.249462,-4.497192,181,['1384']
1392,N,-4.544675,-3.438379,1.10517,7,"['1377', '1393', '1396']"
1393,CA,-3.699059,-2.830497,2.115297,8,"['1392', '1394', '1397', '1398']"
1394,C,-3.592416,-1.3172,1.882648,9,"['1393', '1395', '1408']"
1395,O,-3.722689,-0.532974,2.823465,11,['1394']
1396,HN,-4.048516,-4.007479,0.410521,10,['1392']
1397,H,-4.189614,-2.948883,3.109833,12,['1393']
1398,C,-2.269252,-3.484914,2.188095,15,"['1393', '1399', '1400', '1401']"
1399,C,-1.452677,-2.902413,3.373059,17,"['1398', '1402', '1403', '1404']"
1400,C,-2.327311,-5.026341,2.361468,17,"['1398', '1405', '1406', '1407']"
1401,H,-1.740448,-3.25587,1.228629,16,['1398']
1402,H,-0.422648,-3.32056,3.40715,18,['1399']
1403,H,-1.935302,-3.113841,4.354392,18,['1399']
1404,H,-1.343227,-1.797798,3.303412,18,['1399']
1405,H,-1.306741,-5.472076,2.366731,18,['1400']
1406,H,-2.888485,-5.533178,1.546665,18,['1400']
1407,H,-2.808206,-5.311126,3.321046,18,['1400']
1408,N,-3.359997,-0.911623,0.606835,7,"['1394', '1409', '1412']"
1409,CA,-3.20746,0.473514,0.181472,8,"['1408', '1410', '1413', '1414']"
1410,C,-4.386175,1.332259,0.65559,9,"['1409', '1411', '1422']"
1411,O,-4.193438,2.364507,1.302855,11,['1410']
1412,HN,-3.119049,-1.611019,-0.108897,10,['1408']
1413,H,-2.313018,0.888554,0.703886,12,['1409']
1414,C,-3.012453,0.650976,-1.356947,147,"['1409', '1415', '1418', '1419']"
1415,C,-2.065347,-0.312829,-2.064204,149,"['1414', '1416', '1417']"
1416,O,-2.097167,-1.524821,-1.81055,150,['1415']
1417,N,-1.305212,0.207191,-3.046581,151,"['1415', '1420', '1421']"
1418,H,-2.660795,1.695664,-1.530909,148,['1414']
1419,H,-3.985803,0.587279,-1.892389,148,['1414']
1420,HN,-1.3209,1.221359,-3.256475,152,['1417']
1421,HN,-0.695549,-0.41999,-3.590392,152,['1417']
1422,N,-5.629504,0.882813,0.324465,7,"['1410', '1423', '1426']"
1423,CA,-6.866447,1.533189,0.714182,8,"['1422', '1424', '1427', '1428']"
1424,C,-7.024202,1.591717,2.236772,9,"['1423', '1425', '1437']"
1425,O,-7.379177,2.640977,2.775292,11,['1424']
1426,HN,-5.737307,0.062282,-0.286094,10,['1422']
1427,H,-6.825017,2.5938,0.36657,12,['1423']
1428,C,-8.112154,0.835568,0.090991,153,"['1423', '1429', '1433', '1434']"
1429,C,-9.434599,1.561427,0.425787,155,"['1428', '1430', '1435', '1436']"
1430,C,-10.709752,0.763185,0.259453,157,"['1429', '1431', '1432']"
1431,O,-10.740275,-0.114958,-0.658831,158,['1430']
1432,O,-11.646159,1.00267,1.060265,158,['1430']
1433,H,-8.187089,-0.205984,0.485675,154,['1428']
1434,H,-8.02415,0.728257,-1.015362,154,['1428']
1435,H,-9.533732,2.474822,-0.203587,156,['1429']
1436,H,-9.442515,1.916645,1.480888,156,['1429']
1437,N,-6.789371,0.449872,2.934822,7,"['1424', '1438', '1441']"
1438,CA,-6.968385,0.302871,4.372349,8,"['1437', '1439', '1442', '1443']"
1439,C,-6.150726,1.297687,5.205862,9,"['1438', '1440', '1447']"
1440,O,-6.666771,1.869251,6.171445,11,['1439']
1441,HN,-6.517313,-0.405248,2.42945,10,['1437']
1442,H,-8.036597,0.539208,4.602506,12,['1438']
1443,C,-6.675331,-1.151103,4.820997,13,"['1438', '1444', '1445', '1446']"
1444,H,-6.869973,-1.285678,5.906409,14,['1443']
1445,H,-5.614379,-1.429375,4.62436,14,['1443']
1446,H,-7.318661,-1.876323,4.272729,14,['1443']
1447,N,-4.86983,1.527474,4.818079,7,"['1439', '1448', '1451']"
1448,CA,-3.98142,2.507136,5.432541,8,"['1447', '1449', '1452', '1453']"
1449,C,-4.541764,3.925903,5.336277,9,"['1448', '1450', '1466']"
1450,O,-4.55506,4.675813,6.317061,11,['1449']
1451,HN,-4.469574,0.977573,4.044445,10,['1447']
1452,H,-3.90926,2.287575,6.524749,12,['1448']
1453,C,-2.567012,2.500307,4.786305,19,"['1448', '1454', '1457', '1458']"
1454,C,-1.691532,1.284999,5.194606,21,"['1453', '1455', '1456', '1459']"
1455,C,-0.631974,1.034188,4.096118,23,"['1454', '1460', '1461', '1462']"
1456,C,-1.006373,1.570072,6.555703,23,"['1454', '1463', '1464', '1465']"
1457,H,-2.032597,3.441554,5.05527,20,['1453']
1458,H,-2.681924,2.548046,3.674951,20,['1453']
1459,H,-2.330331,0.371115,5.280868,22,['1454']
1460,H,-0.006624,0.145674,4.333594,24,['1455']
1461,H,0.062282,1.893863,3.962945,24,['1455']
1462,H,-1.107876,0.831153,3.110928,24,['1455']
1463,H,-0.351976,0.724773,6.866652,24,['1456']
1464,H,-1.748185,1.718683,7.37125,24,['1456']
1465,H,-0.363599,2.477924,6.525402,24,['1456']
1466,N,-4.998096,4.302409,4.118303,7,"['1449', '1467', '1470']"
1467,CA,-5.597046,5.591139,3.830934,8,"['1466', '1468', '1471', '1472']"
1468,C,-6.867167,5.792141,4.667438,9,"['1467', '1469', '1482']"
1469,O,-7.070753,6.842739,5.277854,11,['1468']
1470,HN,-4.965489,3.642606,3.327953,10,['1466']
1471,H,-4.890833,6.391829,4.15785,12,['1467']
1472,C,-5.861487,5.752261,2.294082,15,"['1467', '1473', '1474', '1475']"
1473,C,-6.617912,7.056919,1.972792,17,"['1472', '1476', '1477', '1478']"
1474,C,-4.530606,5.754098,1.499336,17,"['1472', '1479', '1480', '1481']"
1475,H,-6.484389,4.880917,1.96543,16,['1472']
1476,H,-6.796229,7.168985,0.879804,18,['1473']
1477,H,-6.066898,7.958107,2.325157,18,['1473']
1478,H,-7.617205,7.06796,2.456093,18,['1473']
1479,H,-4.71458,5.831549,0.404556,18,['1474']
1480,H,-3.947625,4.819715,1.653067,18,['1474']
1481,H,-3.874482,6.606773,1.786671,18,['1474']
1482,N,-7.727125,4.745997,4.733595,7,"['1468', '1483', '1486']"
1483,CA,-8.983656,4.75256,5.452234,8,"['1482', '1484', '1487', '1488']"
1484,C,-8.844532,4.98402,6.958329,9,"['1483', '1485', '1506']"
1485,O,-9.730795,5.595921,7.559944,11,['1484']
1486,HN,-7.521733,3.891613,4.201775,10,['1482']
1487,H,-9.546387,5.644806,5.082985,12,['1483']
1488,C,-9.81418,3.461716,5.16758,202,"['1483', '1489', '1495', '1496']"
1489,C,-11.206284,3.394137,5.838925,204,"['1488', '1490', '1497', '1498']"
1490,C,-12.146469,4.538045,5.389926,206,"['1489', '1491', '1499', '1500']"
1491,N,-13.398514,4.488312,6.130757,208,"['1490', '1492', '1501']"
1492,C,-13.646936,5.042281,7.331713,210,"['1491', '1493', '1494']"
1493,N,-12.708308,5.655508,8.058785,211,"['1492', '1502', '1503']"
1494,N,-14.903536,5.007588,7.780908,211,"['1492', '1504', '1505']"
1495,H,-9.220067,2.577169,5.503999,203,['1488']
1496,H,-9.935047,3.313904,4.068243,203,['1488']
1497,H,-11.071619,3.398545,6.946061,205,['1489']
1498,H,-11.65056,2.407174,5.562239,205,['1489']
1499,H,-12.355298,4.443426,4.299022,207,['1490']
1500,H,-11.673342,5.537032,5.520677,207,['1490']
1501,HN,-14.181388,4.127572,5.55603,209,['1491']
1502,HN,-11.725956,5.69019,7.760296,212,['1493']
1503,HN,-12.961792,6.10657,8.952507,212,['1493']
1504,HN,-15.640999,4.52683,7.247131,212,['1494']
1505,HN,-15.172787,5.604744,8.582416,212,['1494']
1506,N,-7.761397,4.472543,7.599103,7,"['1484', '1507', '1510']"
1507,CA,-7.480848,4.692167,9.01154,8,"['1506', '1508', '1511', '1512']"
1508,C,-6.628836,5.94133,9.299867,9,"['1507', '1509', '1523']"
1509,O,-6.235215,6.164578,10.446781,11,['1508']
1510,HN,-7.065019,3.90926,7.088987,10,['1506']
1511,H,-8.446565,4.899682,9.533448,12,['1507']
1512,C,-6.819519,3.457582,9.699463,167,"['1507', '1513', '1517', '1518']"
1513,C,-7.634221,2.147269,9.634899,169,"['1512', '1514', '1519', '1520']"
1514,C,-8.963776,2.196563,10.372826,171,"['1513', '1515', '1516']"
1515,O,-9.020654,2.453312,11.579853,172,['1514']
1516,N,-10.048317,1.862473,9.640836,173,"['1514', '1521', '1522']"
1517,H,-6.643392,3.693103,10.77842,168,['1512']
1518,H,-5.809902,3.283844,9.25853,168,['1512']
1519,H,-7.039501,1.347094,10.128855,170,['1513']
1520,H,-7.750067,1.823701,8.574651,170,['1513']
1521,HN,-9.959061,1.615399,8.645816,174,['1516']
1522,HN,-10.977439,1.890028,10.08557,174,['1516']
1523,N,-6.305966,6.777125,8.28164,1,"['1508', '1524', '1527']"
1524,CA,-5.47499,7.947752,8.450537,2,"['1523', '1525', '1528', '1529']"
1525,C,-4.004846,7.68777,8.76506,3,"['1524', '1526', '1530']"
1526,O,-3.358246,8.497711,9.435187,5,['1525']
1527,HN,-6.632842,6.636513,7.316222,4,['1523']
1528,H,-5.507452,8.573177,7.531147,6,['1524']
1529,H,-5.880167,8.589414,9.265515,6,['1524']
1530,N,-3.460196,6.533129,8.306943,7,"['1525', '1531', '1534']"
1531,CA,-2.064609,6.139818,8.426204,8,"['1530', '1532', '1535', '1536']"
1532,C,-1.256687,6.307368,7.127277,9,"['1531', '1533', '1549']"
1533,O,-0.034786,6.14083,7.136463,11,['1532']
1534,HN,-4.029849,5.864712,7.769048,10,['1530']
1535,H,-1.550466,6.833913,9.134409,12,['1531']
1536,C,-1.952747,4.683049,8.970092,19,"['1531', '1537', '1540', '1541']"
1537,C,-2.530501,4.512065,10.409234,21,"['1536', '1538', '1539', '1542']"
1538,C,-2.60506,3.011612,10.777168,23,"['1537', '1543', '1544', '1545']"
1539,C,-1.653886,5.252419,11.451524,23,"['1537', '1546', '1547', '1548']"
1540,H,-0.880803,4.37444,8.949441,20,['1536']
1541,H,-2.468156,3.994629,8.25787,20,['1536']
1542,H,-3.569164,4.925753,10.445008,22,['1537']
1543,H,-3.085987,2.861524,11.770725,24,['1538']
1544,H,-1.595079,2.547134,10.820327,24,['1538']
1545,H,-3.210216,2.434723,10.041676,24,['1538']
1546,H,-2.024873,5.091007,12.488886,24,['1539']
1547,H,-1.653882,6.352273,11.287112,24,['1539']
1548,H,-0.591804,4.915914,11.424078,24,['1539']
1549,N,-1.906215,6.710793,6.00877,7,"['1532', '1550', '1553']"
1550,CA,-1.270286,7.108296,4.763192,8,"['1549', '1551', '1554', '1555']"
1551,C,-2.104475,8.222913,4.125663,9,"['1550', '1552', '1559']"
1552,O,-3.331083,8.242875,4.26086,11,['1551']
1553,HN,-2.929013,6.817752,5.982006,10,['1549']
1554,H,-0.24842,7.504688,4.981047,12,['1550']
1555,C,-1.189976,5.913033,3.785509,13,"['1550', '1556', '1557', '1558']"
1556,H,-0.705268,6.218798,2.833469,14,['1555']
1557,H,-2.199972,5.518009,3.532496,14,['1555']
1558,H,-0.592004,5.075169,4.200036,14,['1555']
1559,N,-1.428062,9.137471,3.39139,7,"['1551', '1560', '1563']"
1560,CA,-2.057578,10.110505,2.509005,8,"['1559', '1561', '1564', '1565']"
1561,C,-2.086259,9.485866,1.10269,9,"['1560', '1562', '1581']"
1562,O,-1.240521,8.64522,0.768948,11,['1561']
1563,HN,-0.415715,9.009657,3.243733,10,['1559']
1564,H,-3.113254,10.287307,2.834919,12,['1560']
1565,C,-1.281141,11.464231,2.439675,182,"['1560', '1566', '1570', '1571']"
1566,C,-0.891514,12.141592,3.781344,184,"['1565', '1567', '1572', '1573']"
1567,C,-0.226619,13.522719,3.529451,186,"['1566', '1568', '1574', '1575']"
1568,C,0.543188,14.136471,4.723985,188,"['1567', '1569', '1576', '1577']"
1569,N,1.31269,15.309991,4.320598,190,"['1568', '1578', '1579', '1580']"
1570,H,-1.90281,12.171588,1.835868,183,['1565']
1571,H,-0.353493,11.303976,1.838024,183,['1565']
1572,H,-0.189277,11.473986,4.334307,185,['1566']
1573,H,-1.786817,12.260988,4.435054,185,['1566']
1574,H,-1.00142,14.244137,3.176941,187,['1567']
1575,H,0.490282,13.414012,2.678753,187,['1567']
1576,H,1.259809,13.388935,5.131182,189,['1568']
1577,H,-0.130715,14.420778,5.563343,189,['1568']
1578,HN,2.181261,15.444462,4.828835,191,['1569']
1579,HN,0.811197,16.186539,4.374245,191,['1569']
1580,HN,1.588335,15.250589,3.34347,191,['1569']
1581,N,-3.012337,9.964851,0.236791,7,"['1561', '1582', '1585']"
1582,CA,-2.998082,9.687328,-1.194203,8,"['1581', '1583', '1586', '1587']"
1583,C,-1.88609,10.569403,-1.780651,9,"['1582', '1584', '1597']"
1584,O,-1.825479,11.778949,-1.522398,11,['1583']
1585,HN,-3.694962,10.67967,0.539823,10,['1581']
1586,H,-2.735477,8.610646,-1.346606,12,['1582']
1587,C,-4.374659,9.958478,-1.897627,15,"['1582', '1588', '1589', '1590']"
1588,C,-4.284856,9.66632,-3.419906,17,"['1587', '1591', '1592', '1593']"
1589,C,-5.474508,9.053408,-1.28681,17,"['1587', '1594', '1595', '1596']"
1590,H,-4.654744,11.03112,-1.736988,16,['1587']
1591,H,-5.266263,9.778874,-3.930506,18,['1588']
1592,H,-3.920162,8.63205,-3.620093,18,['1588']
1593,H,-3.582037,10.36303,-3.928176,18,['1588']
1594,H,-6.455919,9.192667,-1.790416,18,['1589']
1595,H,-5.629461,9.295059,-0.212906,18,['1589']
1596,H,-5.207301,7.975517,-1.346007,18,['1589']
1597,N,-0.958211,9.942778,-2.53587,7,"['1583', '1598', '1601']"
1598,CA,0.275072,10.531245,-3.035153,8,"['1597', '1599', '1602', '1603']"
1599,C,0.838381,9.671004,-4.167039,9,"['1598', '1600', '1607']"
1600,O,0.45984,8.513503,-4.330547,11,['1599']
1601,HN,-1.109829,8.965125,-2.82247,10,['1597']
1602,H,0.05679,11.54632,-3.445645,12,['1598']
1603,C,1.288715,10.614227,-1.868271,13,"['1598', '1604', '1605', '1606']"
1604,H,2.26807,11.041244,-2.181214,14,['1603']
1605,H,1.488676,9.606765,-1.441441,14,['1603']
1606,H,0.907054,11.253199,-1.040493,14,['1603']
1607,N,1.807882,10.239893,-4.925946,7,"['1599', '1608', '1611']"
1608,CA,2.50124,9.566778,-6.014534,8,"['1607', '1609', '1612', '1613']"
1609,C,1.547381,9.033332,-7.09329,9,"['1608', '1610', '1628']"
1610,O,1.641245,7.88945,-7.536718,11,['1609']
1611,HN,2.199409,11.150415,-4.652207,10,['1607']
1612,H,3.114708,10.327602,-6.554263,12,['1608']
1613,C,3.451324,8.468477,-5.451782,70,"['1608', '1614', '1621', '1622']"
1614,C,4.525138,9.091146,-4.580856,72,"['1613', '1615', '1616']"
1615,C,4.476898,9.02397,-3.178478,73,"['1614', '1617', '1623']"
1616,C,5.571128,9.807651,-5.182588,73,"['1614', '1618', '1624']"
1617,C,5.465006,9.645853,-2.403327,75,"['1615', '1619', '1625']"
1618,C,6.558836,10.421506,-4.408608,75,"['1616', '1619', '1626']"
1619,C,6.512326,10.342295,-3.013884,77,"['1617', '1618', '1620']"
1620,OH,7.464342,10.939991,-2.245994,78,"['1619', '1627']"
1621,H,3.925182,7.906153,-6.285119,71,['1613']
1622,H,2.870246,7.710551,-4.877765,71,['1613']
1623,H,3.65644,8.487944,-2.675804,74,['1615']
1624,H,5.618182,9.913638,-6.276838,74,['1616']
1625,H,5.423349,9.600196,-1.304386,76,['1617']
1626,H,7.356227,10.992578,-4.90729,76,['1618']
1627,HO,8.224672,11.199675,-2.745592,79,['1620']
1628,N,0.60443,9.909844,-7.524316,7,"['1609', '1629', '1632']"
1629,CA,-0.345204,9.64268,-8.589771,8,"['1628', '1630', '1633', '1634']"
1630,C,0.314904,10.085877,-9.90962,9,"['1629', '1631', '1644']"
1631,O,0.424339,11.288239,-10.193471,11,['1630']
1632,HN,0.603266,10.881554,-7.190936,10,['1628']
1633,H,-0.561807,8.546734,-8.634075,12,['1629']
1634,C,-1.703289,10.400325,-8.372247,15,"['1629', '1635', '1636', '1637']"
1635,C,-2.733815,9.946846,-9.436079,17,"['1634', '1638', '1639', '1640']"
1636,C,-2.290936,10.149366,-6.957824,17,"['1634', '1641', '1642', '1643']"
1637,H,-1.519321,11.496449,-8.485917,16,['1634']
1638,H,-3.63366,10.601906,-9.428029,18,['1635']
1639,H,-3.087594,8.90681,-9.262254,18,['1635']
1640,H,-2.33169,9.986521,-10.472079,18,['1635']
1641,H,-3.306885,10.592031,-6.855062,18,['1636']
1642,H,-1.662737,10.596572,-6.156843,18,['1636']
1643,H,-2.387651,9.067346,-6.723752,18,['1636']
1644,N,0.746559,9.09223,-10.720438,7,"['1630', '1645', '1648']"
1645,CA,1.28226,9.247736,-12.07249,8,"['1644', '1646', '1649', '1650']"
1646,C,0.190415,8.834684,-13.06553,9,"['1645', '1647', '1665']"
1647,O,-0.874425,8.359708,-12.669014,11,['1646']
1648,HN,0.544374,8.114169,-10.468611,10,['1644']
1649,H,1.494948,10.327895,-12.267264,12,['1645']
1650,C,2.58384,8.418073,-12.241546,70,"['1645', '1651', '1658', '1659']"
1651,C,3.649108,8.864118,-11.258392,72,"['1650', '1652', '1653']"
1652,C,4.419721,10.006499,-11.534577,73,"['1651', '1654', '1660']"
1653,C,3.878257,8.18082,-10.051707,73,"['1651', '1655', '1661']"
1654,C,5.406476,10.443405,-10.645602,75,"['1652', '1656', '1662']"
1655,C,4.892053,8.592371,-9.178955,75,"['1653', '1656', '1663']"
1656,C,5.659117,9.725774,-9.472868,77,"['1654', '1655', '1657']"
1657,OH,6.656767,10.157195,-8.648867,78,"['1656', '1664']"
1658,H,2.997787,8.515032,-13.273168,71,['1650']
1659,H,2.380811,7.327121,-12.12737,71,['1650']
1660,H,4.26591,10.557935,-12.477075,74,['1652']
1661,H,3.290382,7.283802,-9.79852,74,['1653']
1662,H,6.01601,11.327923,-10.890371,76,['1654']
1663,H,5.086762,8.009746,-8.26518,76,['1655']
1664,HO,6.992767,9.419994,-8.149899,79,['1657']
1665,N,0.391014,9.132421,-14.37555,7,"['1646', '1666', '1669']"
1666,CA,-0.634363,8.904773,-15.386384,8,"['1665', '1667', '1670', '1671']"
1667,C,-0.415119,7.513414,-15.976471,9,"['1666', '1668', '1687']"
1668,O,0.576318,7.28131,-16.656581,11,['1667']
1669,HN,1.34675,9.252596,-14.741632,10,['1665']
1670,H,-1.635788,8.935479,-14.889374,12,['1666']
1671,C,-0.591392,9.981901,-16.517527,182,"['1666', '1672', '1676', '1677']"
1672,C,-1.884067,10.000518,-17.380207,184,"['1671', '1673', '1678', '1679']"
1673,C,-3.042957,10.772043,-16.690502,186,"['1672', '1674', '1680', '1681']"
1674,C,-4.35669,9.960294,-16.563451,188,"['1673', '1675', '1682', '1683']"
1675,N,-5.001256,9.657626,-17.843654,190,"['1674', '1684', '1685', '1686']"
1676,H,0.284408,9.755528,-17.176696,183,['1671']
1677,H,-0.392098,10.996937,-16.100411,183,['1671']
1678,H,-2.165238,8.94872,-17.623376,185,['1672']
1679,H,-1.647634,10.473129,-18.364478,185,['1672']
1680,H,-3.221995,11.733799,-17.22785,187,['1673']
1681,H,-2.728673,11.091039,-15.669114,187,['1673']
1682,H,-5.087857,10.507638,-15.925747,189,['1674']
1683,H,-4.146107,9.002011,-16.030165,189,['1674']
1684,HN,-5.408167,8.715304,-17.888273,191,['1675']
1685,HN,-4.349961,9.748088,-18.61759,191,['1675']
1686,HN,-5.772673,10.296531,-18.045178,191,['1675']
1687,N,-1.40582,6.616005,-15.783618,1,"['1667', '1688', '1691']"
1688,CA,-1.3925,5.254882,-16.272568,2,"['1687', '1689', '1692', '1693']"
1689,C,-1.476592,4.221925,-15.158619,3,"['1688', '1690', '1694']"
1690,O,-2.318119,3.32013,-15.228244,5,['1689']
1691,HN,-2.188261,6.825399,-15.140633,4,['1687']
1692,H,-2.244444,5.084535,-16.963243,6,['1688']
1693,H,-0.47095,5.044156,-16.865268,6,['1688']
1694,N,-0.74554,4.465603,-14.040695,7,"['1689', '1695', '1698']"
1695,CA,-0.912563,3.760987,-12.777018,8,"['1694', '1696', '1699', '1700']"
1696,C,-1.766075,4.589701,-11.811343,9,"['1695', '1697', '1706']"
1697,O,-1.30564,5.043375,-10.761647,11,['1696']
1698,HN,-0.022883,5.203882,-14.030842,10,['1694']
1699,H,-1.518817,2.839248,-12.956143,12,['1695']
1700,C,0.448936,3.345963,-12.141834,137,"['1695', '1701', '1704', '1705']"
1701,C,0.939018,1.975826,-12.537017,139,"['1700', '1702', '1703']"
1702,O,0.512059,1.504949,-13.619265,140,['1701']
1703,O,1.656746,1.322325,-11.727189,140,['1701']
1704,H,0.341946,3.343368,-11.03486,138,['1700']
1705,H,1.242907,4.096242,-12.356741,138,['1700']
1706,N,-3.056736,4.81128,-12.165673,7,"['1696', '1707', '1710']"
1707,CA,-4.005215,5.51419,-11.316178,8,"['1706', '1708', '1711', '1712']"
1708,C,-5.443984,4.9872,-11.412452,9,"['1707', '1709', '1720']"
1709,O,-6.3967,5.742696,-11.163088,11,['1708']
1710,HN,-3.393928,4.546218,-13.101534,10,['1706']
1711,H,-3.72718,5.316197,-10.253905,12,['1707']
1712,C,-3.886296,7.043987,-11.556323,147,"['1707', '1713', '1716', '1717']"
1713,C,-4.427773,7.581562,-12.87666,149,"['1712', '1714', '1715']"
1714,O,-3.901239,7.281137,-13.956909,150,['1713']
1715,N,-5.456348,8.454867,-12.782721,151,"['1713', '1718', '1719']"
1716,H,-2.822374,7.36663,-11.467765,148,['1712']
1717,H,-4.419305,7.56195,-10.723862,148,['1712']
1718,HN,-5.771085,8.784829,-11.851084,152,['1715']
1719,HN,-5.886072,8.809856,-13.647752,152,['1715']
1720,N,-5.643806,3.667231,-11.683515,7,"['1708', '1721', '1724']"
1721,CA,-6.944344,3.016177,-11.807306,8,"['1720', '1722', '1725', '1726']"
1722,C,-7.793956,3.126276,-10.541002,9,"['1721', '1723', '1734']"
1723,O,-8.911539,3.648224,-10.580674,11,['1722']
1724,HN,-4.830216,3.03219,-11.743882,10,['1720']
1725,H,-7.517007,3.560512,-12.594472,12,['1721']
1726,C,-6.862277,1.531762,-12.27488,37,"['1721', '1727', '1728', '1729']"
1727,OH,-6.339268,1.556419,-13.603225,39,"['1726', '1730']"
1728,C,-8.204646,0.778526,-12.336444,41,"['1726', '1731', '1732', '1733']"
1729,H,-6.142378,0.984118,-11.615582,38,['1726']
1730,HO,-5.428401,1.262946,-13.503296,40,['1727']
1731,H,-8.07809,-0.248317,-12.742439,42,['1728']
1732,H,-8.964278,1.301415,-12.959547,42,['1728']
1733,H,-8.654413,0.661025,-11.323902,42,['1728']
1734,N,-7.275903,2.653801,-9.380202,7,"['1722', '1735', '1738']"
1735,CA,-8.009131,2.701416,-8.119862,8,"['1734', '1736', '1739', '1740']"
1736,C,-7.953278,4.059568,-7.391626,9,"['1735', '1737', '1752']"
1737,O,-8.36762,4.138738,-6.231325,11,['1736']
1738,HN,-6.293692,2.340227,-9.332914,10,['1734']
1739,H,-9.098187,2.564977,-8.343165,12,['1735']
1740,C,-7.578823,1.560679,-7.148191,106,"['1735', '1741', '1746', '1747']"
1741,C,-7.816394,0.141419,-7.598147,108,"['1740', '1742', '1743']"
1742,N,-9.043294,-0.37823,-7.953494,109,"['1741', '1744', '1748']"
1743,C,-6.944349,-0.920616,-7.66819,111,"['1741', '1745', '1749']"
1744,C,-8.930767,-1.689808,-8.27232,113,"['1742', '1745', '1750']"
1745,N,-7.643592,-2.014793,-8.103307,115,"['1743', '1744', '1751']"
1746,H,-8.124498,1.687383,-6.183786,107,['1740']
1747,H,-6.501038,1.675796,-6.888277,107,['1740']
1748,HN,-9.95706,0.101828,-7.965986,110,['1742']
1749,H,-5.899961,-0.977985,-7.421924,112,['1743']
1750,H,-9.735669,-2.344249,-8.572038,114,['1744']
1751,HN,-7.2357,-2.951498,-8.255022,116,['1745']
1752,N,-7.48041,5.159922,-8.038246,7,"['1736', '1753', '1756']"
1753,CA,-7.359001,6.473868,-7.424781,8,"['1752', '1754', '1757', '1758']"
1754,C,-8.654422,7.005391,-6.813947,9,"['1753', '1755', '1767']"
1755,O,-8.642406,7.557091,-5.71066,11,['1754']
1756,HN,-7.198604,5.120488,-9.02609,10,['1752']
1757,H,-6.668979,6.368753,-6.551194,12,['1753']
1758,C,-6.753248,7.52343,-8.406302,153,"['1753', '1759', '1763', '1764']"
1759,C,-6.764937,8.970582,-7.866696,155,"['1758', '1760', '1765', '1766']"
1760,C,-6.159373,10.037573,-8.760008,157,"['1759', '1761', '1762']"
1761,O,-6.016821,9.784342,-9.985828,158,['1760']
1762,O,-5.843801,11.122318,-8.183956,158,['1760']
1763,H,-7.304191,7.514739,-9.376448,154,['1758']
1764,H,-5.703844,7.246221,-8.658506,154,['1758']
1765,H,-6.243948,9.002235,-6.88237,156,['1759']
1766,H,-7.813362,9.301618,-7.687542,156,['1759']
1767,N,-9.788426,6.893344,-7.552012,7,"['1754', '1768', '1771']"
1768,CA,-11.060964,7.457596,-7.121469,8,"['1767', '1769', '1772', '1773']"
1769,C,-11.65373,6.71028,-5.909631,9,"['1768', '1770', '1784']"
1770,O,-12.402749,7.302112,-5.116949,11,['1769']
1771,HN,-9.784967,6.382005,-8.446155,10,['1767']
1772,H,-10.861942,8.495745,-6.758842,12,['1768']
1773,C,-12.056665,7.516484,-8.319333,167,"['1768', '1774', '1778', '1779']"
1774,C,-13.250891,8.472863,-8.09538,169,"['1773', '1775', '1780', '1781']"
1775,C,-14.186543,8.605587,-9.299722,171,"['1774', '1776', '1777']"
1776,O,-14.42205,7.648163,-10.039808,172,['1775']
1777,N,-14.693715,9.84158,-9.515249,173,"['1775', '1782', '1783']"
1778,H,-12.417693,6.491125,-8.571914,168,['1773']
1779,H,-11.51894,7.859991,-9.23509,168,['1773']
1780,H,-12.845519,9.482156,-7.851787,170,['1774']
1781,H,-13.850062,8.16014,-7.209336,170,['1774']
1782,HN,-14.4278,10.650082,-8.934492,174,['1777']
1783,HN,-15.343924,9.975965,-10.301263,174,['1777']
1784,N,-11.246712,5.431745,-5.694032,7,"['1769', '1785', '1788']"
1785,CA,-11.537387,4.629079,-4.513674,8,"['1784', '1786', '1789', '1790']"
1786,C,-10.749041,5.134066,-3.29757,9,"['1785', '1787', '1803']"
1787,O,-11.327887,5.433476,-2.252221,11,['1786']
1788,HN,-10.646635,4.958891,-6.381084,10,['1784']
1789,H,-12.617466,4.746149,-4.256979,12,['1785']
1790,C,-11.222501,3.129728,-4.790821,19,"['1785', '1791', '1794', '1795']"
1791,C,-11.456858,2.172945,-3.580522,21,"['1790', '1792', '1793', '1796']"
1792,C,-12.962837,1.856473,-3.421046,23,"['1791', '1797', '1798', '1799']"
1793,C,-10.654354,0.866954,-3.805187,23,"['1791', '1800', '1801', '1802']"
1794,H,-10.153675,3.048119,-5.103735,20,['1790']
1795,H,-11.815637,2.778077,-5.66991,20,['1790']
1796,H,-11.084614,2.643225,-2.637425,22,['1791']
1797,H,-13.12767,1.153192,-2.570923,24,['1792']
1798,H,-13.401405,1.378788,-4.326352,24,['1792']
1799,H,-13.565521,2.765045,-3.196265,24,['1792']
1800,H,-10.81878,0.162492,-2.956063,24,['1793']
1801,H,-9.559304,1.063091,-3.832914,24,['1793']
1802,H,-10.938037,0.3311,-4.737729,24,['1793']
1803,N,-9.403073,5.242653,-3.432771,7,"['1786', '1804', '1807']"
1804,CA,-8.503789,5.665931,-2.369316,8,"['1803', '1805', '1808', '1809']"
1805,C,-8.807668,7.073257,-1.847734,9,"['1804', '1806', '1822']"
1806,O,-8.770668,7.29936,-0.637245,11,['1805']
1807,HN,-8.963139,5.001843,-4.331152,10,['1803']
1808,H,-8.695161,5.015469,-1.480034,12,['1804']
1809,C,-7.004394,5.528064,-2.774678,19,"['1804', '1810', '1813', '1814']"
1810,C,-6.361417,4.146736,-2.442071,21,"['1809', '1811', '1812', '1815']"
1811,C,-7.175775,2.963903,-3.019355,23,"['1810', '1816', '1817', '1818']"
1812,C,-4.929027,4.101111,-3.027082,23,"['1810', '1819', '1820', '1821']"
1813,H,-6.420099,6.304062,-2.225104,20,['1809']
1814,H,-6.872087,5.790744,-3.851501,20,['1809']
1815,H,-6.297886,4.028492,-1.331036,22,['1810']
1816,H,-6.680847,1.990538,-2.802028,24,['1811']
1817,H,-7.307042,3.032829,-4.122001,24,['1811']
1818,H,-8.188862,2.896141,-2.563916,24,['1811']
1819,H,-4.397608,3.163403,-2.751234,24,['1812']
1820,H,-4.303005,4.943385,-2.653343,24,['1812']
1821,H,-4.93469,4.164137,-4.138087,24,['1812']
1822,N,-9.151331,8.030498,-2.746087,7,"['1805', '1823', '1826']"
1823,CA,-9.551526,9.3735,-2.357911,8,"['1822', '1824', '1827', '1828']"
1824,C,-10.875238,9.430383,-1.582294,9,"['1823', '1825', '1846']"
1825,O,-11.03112,10.293173,-0.718209,11,['1824']
1826,HN,-9.095329,7.832575,-3.754392,10,['1822']
1827,H,-8.803288,9.740543,-1.6108,12,['1823']
1828,C,-9.575054,10.378497,-3.545304,202,"['1823', '1829', '1835', '1836']"
1829,C,-8.178321,10.64644,-4.156275,204,"['1828', '1830', '1837', '1838']"
1830,C,-8.193718,11.818376,-5.159691,206,"['1829', '1831', '1839', '1840']"
1831,N,-6.864813,12.046272,-5.705976,208,"['1830', '1832', '1841']"
1832,C,-5.851705,12.748177,-5.180089,210,"['1831', '1833', '1834']"
1833,N,-5.90558,13.314719,-3.972516,211,"['1832', '1842', '1843']"
1834,N,-4.766353,12.899575,-5.949777,211,"['1832', '1844', '1845']"
1835,H,-10.009426,11.338173,-3.175892,203,['1828']
1836,H,-10.283309,10.015741,-4.326822,203,['1828']
1837,H,-7.803888,9.722065,-4.65838,205,['1829']
1838,H,-7.458128,10.865864,-3.33224,205,['1829']
1839,H,-8.583239,12.745191,-4.680756,207,['1830']
1840,H,-8.896501,11.58762,-5.991969,207,['1830']
1841,HN,-6.696924,11.669849,-6.653075,209,['1831']
1842,HN,-6.721441,13.178676,-3.361178,212,['1833']
1843,HN,-5.153223,13.927326,-3.626694,212,['1833']
1844,HN,-4.770768,12.448691,-6.883263,212,['1834']
1845,HN,-3.945721,13.421021,-5.610859,212,['1834']
1846,N,-11.819355,8.490929,-1.844951,7,"['1824', '1847', '1850']"
1847,CA,-13.051796,8.327668,-1.075731,8,"['1846', '1848', '1851', '1852']"
1848,C,-12.7252,7.936409,0.37236,9,"['1847', '1849', '1868']"
1849,O,-13.239455,8.544108,1.313149,11,['1848']
1850,HN,-11.673382,7.807198,-2.59957,10,['1846']
1851,H,-13.561038,9.320085,-1.012343,12,['1847']
1852,C,-14.000404,7.29377,-1.760234,182,"['1847', '1853', '1857', '1858']"
1853,C,-15.300273,6.912466,-1.009517,184,"['1852', '1854', '1859', '1860']"
1854,C,-16.429408,7.961249,-1.15739,186,"['1853', '1855', '1861', '1862']"
1855,C,-17.81257,7.467109,-0.677257,188,"['1854', '1856', '1863', '1864']"
1856,N,-18.429707,6.402771,-1.469888,190,"['1855', '1865', '1866', '1867']"
1857,H,-13.419904,6.350103,-1.90748,183,['1852']
1858,H,-14.241847,7.643615,-2.792368,183,['1852']
1859,H,-15.087977,6.722451,0.070828,185,['1853']
1860,H,-15.639454,5.921226,-1.400145,185,['1853']
1861,H,-16.512323,8.296567,-2.217934,187,['1854']
1862,H,-16.148747,8.86718,-0.567291,187,['1854']
1863,H,-18.530706,8.316841,-0.614643,189,['1855']
1864,H,-17.717871,7.086825,0.365485,189,['1855']
1865,HN,-19.188859,5.966529,-0.953878,191,['1856']
1866,HN,-17.778045,5.662506,-1.715633,191,['1856']
1867,HN,-18.835455,6.708381,-2.349998,191,['1856']
1868,N,-11.821876,6.935749,0.540887,7,"['1848', '1869', '1872']"
1869,CA,-11.317659,6.478127,1.826953,8,"['1868', '1870', '1873', '1874']"
1870,C,-10.666101,7.607,2.633151,9,"['1869', '1871', '1878']"
1871,O,-10.92857,7.751676,3.831436,11,['1870']
1872,HN,-11.471867,6.425239,-0.282337,10,['1868']
1873,H,-12.185727,6.126115,2.435666,12,['1869']
1874,C,-10.313655,5.312142,1.648842,13,"['1869', '1875', '1876', '1877']"
1875,H,-9.903919,4.97688,2.624575,14,['1874']
1876,H,-9.442277,5.610653,1.021921,14,['1874']
1877,H,-10.788525,4.425373,1.16946,14,['1874']
1878,N,-9.81632,8.426203,1.958988,7,"['1870', '1879', '1882']"
1879,CA,-9.107708,9.556977,2.534946,8,"['1878', '1880', '1883', '1884']"
1880,C,-10.083585,10.60711,3.068351,9,"['1879', '1881', '1893']"
1881,O,-9.911595,11.106417,4.181709,11,['1880']
1882,HN,-9.579407,8.203495,0.982851,10,['1878']
1883,H,-8.522321,9.184671,3.409736,12,['1879']
1884,C,-8.155619,10.227549,1.500346,153,"['1879', '1885', '1889', '1890']"
1885,C,-7.163193,11.220639,2.138258,155,"['1884', '1886', '1891', '1892']"
1886,C,-6.39034,12.022764,1.110832,157,"['1885', '1887', '1888']"
1887,O,-7.033924,12.891002,0.455297,158,['1886']
1888,O,-5.169051,11.755161,0.956288,158,['1886']
1889,H,-8.754645,10.760897,0.724348,154,['1884']
1890,H,-7.568892,9.461047,0.945764,154,['1884']
1891,H,-6.433337,10.671413,2.772048,156,['1885']
1892,H,-7.677803,11.938281,2.815526,156,['1885']
1893,N,-11.133626,10.927656,2.272176,7,"['1880', '1894', '1897']"
1894,CA,-12.190606,11.875607,2.582124,8,"['1893', '1895', '1898', '1899']"
1895,C,-13.085192,11.484219,3.7616,9,"['1894', '1896', '1903']"
1896,O,-13.77057,12.335833,4.346682,11,['1895']
1897,HN,-11.201839,10.494568,1.341177,10,['1893']
1898,H,-11.715984,12.844253,2.87489,12,['1894']
1899,C,-13.084118,12.096206,1.340498,13,"['1894', '1900', '1901', '1902']"
1900,H,-13.895163,12.821165,1.566394,14,['1899']
1901,H,-13.557754,11.144939,1.003697,14,['1899']
1902,H,-12.505097,12.508863,0.48349,14,['1899']
1903,N,-13.108587,10.180931,4.127766,7,"['1895', '1904', '1907']"
1904,CA,-13.758908,9.709232,5.331584,8,"['1903', '1905', '1908', '1909']"
1905,C,-12.83078,9.801637,6.551414,9,"['1904', '1906', '1920']"
1906,O,-13.29147,10.170523,7.632901,11,['1905']
1907,HN,-12.72477,9.453582,3.508262,10,['1903']
1908,H,-14.601633,10.398599,5.570296,12,['1904']
1909,C,-14.320209,8.277541,5.125454,167,"['1904', '1910', '1914', '1915']"
1910,C,-15.273271,7.819957,6.244691,169,"['1909', '1911', '1916', '1917']"
1911,C,-16.542579,8.646022,6.41707,171,"['1910', '1912', '1913']"
1912,O,-16.884544,9.458467,5.54945,172,['1911']
1913,N,-17.183354,8.488343,7.5911,173,"['1911', '1918', '1919']"
1914,H,-13.473172,7.558618,5.030453,168,['1909']
1915,H,-14.871865,8.226824,4.156908,168,['1909']
1916,H,-14.732205,7.80148,7.220009,170,['1910']
1917,H,-15.598874,6.77423,6.04898,170,['1910']
1918,HN,-16.79504,7.830964,8.285461,174,['1913']
1919,HN,-18.021344,9.050193,7.804841,174,['1913']
1920,N,-11.507176,9.538112,6.387239,7,"['1905', '1921', '1924']"
1921,CA,-10.492674,9.656828,7.432888,8,"['1920', '1922', '1925', '1926']"
1922,C,-10.224842,11.096834,7.896289,9,"['1921', '1923', '1930']"
1923,O,-10.055673,11.343316,9.097445,11,['1922']
1924,HN,-11.170268,9.181878,5.481452,10,['1920']
1925,H,-10.874524,9.123723,8.338755,12,['1921']
1926,C,-9.158051,9.005103,7.000194,13,"['1921', '1927', '1928', '1929']"
1927,H,-8.422754,9.006923,7.834109,14,['1926']
1928,H,-8.696959,9.537666,6.136937,14,['1926']
1929,H,-9.302048,7.944168,6.698566,14,['1926']
1930,N,-10.213393,12.074706,6.950504,7,"['1922', '1931', '1934']"
1931,CA,-10.102908,13.497863,7.250015,8,"['1930', '1932', '1935', '1936']"
1932,C,-11.278432,13.967042,8.123304,9,"['1931', '1933', '1952']"
1933,O,-11.119607,14.794465,9.026278,11,['1932']
1934,HN,-10.239288,11.818448,5.955278,10,['1930']
1935,H,-9.180703,13.660193,7.852503,12,['1931']
1936,C,-10.068481,14.412005,5.989012,182,"['1931', '1937', '1941', '1942']"
1937,C,-8.883168,14.226429,5.014136,184,"['1936', '1938', '1943', '1944']"
1938,C,-8.738631,15.444226,4.067359,186,"['1937', '1939', '1945', '1946']"
1939,C,-7.657384,15.278255,2.977148,188,"['1938', '1940', '1947', '1948']"
1940,N,-7.589453,16.437363,2.103335,190,"['1939', '1949', '1950', '1951']"
1941,H,-10.061229,15.468531,6.35372,183,['1936']
1942,H,-11.030495,14.327672,5.425722,183,['1936']
1943,H,-9.020596,13.294477,4.418779,185,['1937']
1944,H,-7.937471,14.08744,5.588241,185,['1937']
1945,H,-8.502684,16.347566,4.680775,187,['1938']
1946,H,-9.725876,15.65793,3.588696,187,['1938']
1947,H,-7.835169,14.379379,2.345212,189,['1939']
1948,H,-6.659586,15.153895,3.455296,189,['1939']
1949,HN,-6.701753,16.52372,1.603409,191,['1940']
1950,HN,-7.687745,17.303456,2.634788,191,['1940']
1951,HN,-8.328298,16.460018,1.407607,191,['1940']
1952,N,-12.4853,13.444451,7.787312,7,"['1932', '1953', '1956']"
1953,CA,-13.773812,13.755779,8.377065,8,"['1952', '1954', '1957', '1958']"
1954,C,-13.955819,13.199366,9.796992,9,"['1953', '1955', '1974']"
1955,O,-14.471135,13.899778,10.671315,11,['1954']
1956,HN,-12.533676,12.792554,6.992954,10,['1952']
1957,H,-13.830509,14.865675,8.49317,12,['1953']
1958,C,-14.888997,13.281826,7.389643,182,"['1953', '1959', '1963', '1964']"
1959,C,-16.309328,13.778965,7.709445,184,"['1958', '1960', '1965', '1966']"
1960,C,-17.247758,13.880018,6.481842,186,"['1959', '1961', '1967', '1968']"
1961,C,-17.665088,12.56201,5.801476,188,"['1960', '1962', '1969', '1970']"
1962,N,-16.717372,12.019317,4.833571,190,"['1961', '1971', '1972', '1973']"
1963,H,-14.87984,12.166799,7.32059,183,['1958']
1964,H,-14.602959,13.660917,6.376296,183,['1958']
1965,H,-16.222953,14.800079,8.147561,185,['1959']
1966,H,-16.767803,13.147885,8.508677,185,['1959']
1967,H,-16.84376,14.598199,5.730329,187,['1960']
1968,H,-18.191512,14.357071,6.842179,187,['1960']
1969,H,-18.636227,12.707599,5.275503,189,['1961']
1970,H,-17.875774,11.7821,6.5686,189,['1961']
1971,HN,-16.794508,11.004465,4.868018,191,['1962']
1972,HN,-15.732893,12.233583,4.982793,191,['1962']
1973,HN,-16.967968,12.278388,3.883359,191,['1962']
1974,N,-13.490307,11.945063,10.041533,7,"['1954', '1975', '1978']"
1975,CA,-13.461655,11.283443,11.341584,8,"['1974', '1976', '1979', '1980']"
1976,C,-12.315312,11.732083,12.266971,9,"['1975', '1977', '1989']"
1977,O,-12.38584,11.490989,13.476604,11,['1976']
1978,HN,-13.141811,11.374824,9.258862,10,['1974']
1979,H,-14.389287,11.56389,11.898421,12,['1975']
1980,C,-13.411725,9.727507,11.20025,153,"['1975', '1981', '1985', '1986']"
1981,C,-14.661879,9.084766,10.55421,155,"['1980', '1982', '1987', '1988']"
1982,C,-14.539589,7.614774,10.198734,157,"['1981', '1983', '1984']"
1983,O,-13.47143,6.984674,10.416509,158,['1982']
1984,O,-15.496837,7.047874,9.610282,158,['1982']
1985,H,-13.241283,9.25901,12.199408,154,['1980']
1986,H,-12.51947,9.450295,10.592187,154,['1980']
1987,H,-14.916801,9.630051,9.616697,156,['1981']
1988,H,-15.547317,9.205541,11.219041,156,['1981']
1989,N,-11.28559,12.439856,11.726485,7,"['1976', '1990', '1993']"
1990,CA,-10.117666,12.964921,12.422947,8,"['1989', '1991', '1994', '1995']"
1991,C,-9.170506,11.844002,12.887241,9,"['1990', '1992', '2011']"
1992,O,-8.771732,11.772274,14.053926,11,['1991']
1993,HN,-11.232391,12.574267,10.707981,10,['1989']
1994,H,-9.510297,13.519733,11.666856,12,['1990']
1995,C,-10.507772,13.952489,13.579074,182,"['1990', '1996', '2000', '2001']"
1996,C,-10.096661,15.423281,13.340164,184,"['1995', '1997', '2002', '2003']"
1997,C,-11.129834,16.194101,12.492345,186,"['1996', '1998', '2004', '2005']"
1998,C,-12.28405,16.713987,13.366612,188,"['1997', '1999', '2006', '2007']"
1999,N,-13.316476,17.379543,12.595741,190,"['1998', '2008', '2009', '2010']"
2000,H,-9.997912,13.625779,14.51411,183,['1995']
2001,H,-11.584852,13.874871,13.846227,183,['1995']
2002,H,-9.099133,15.46214,12.85249,185,['1996']
2003,H,-9.941327,15.934526,14.320942,185,['1996']
2004,H,-11.500642,15.554685,11.656614,187,['1997']
2005,H,-10.619463,17.060339,12.004455,187,['1997']
2006,H,-11.896216,17.444571,14.108251,189,['1998']
2007,H,-12.755853,15.891493,13.948949,189,['1998']
2008,HN,-14.163914,17.476393,13.161231,191,['1999']
2009,HN,-13.565388,16.864103,11.757686,191,['1999']
2010,HN,-13.031065,18.3142,12.32737,191,['1999']
2011,N,-8.874231,10.862228,12.00064,7,"['1991', '2012', '2015']"
2012,CA,-8.054261,9.707987,12.353927,8,"['2011', '2013', '2016', '2017']"
2013,C,-6.562386,10.02422,12.146576,9,"['2012', '2014', '2030']"
2014,O,-6.146952,10.392797,11.044137,11,['2013']
2015,HN,-9.176652,10.930508,11.017518,10,['2011']
2016,H,-8.209103,9.479828,13.438597,12,['2012']
2017,C,-8.444437,8.450689,11.523171,19,"['2012', '2018', '2021', '2022']"
2018,C,-9.924237,7.994334,11.675375,21,"['2017', '2019', '2020', '2023']"
2019,C,-10.14305,6.687207,10.87575,23,"['2018', '2024', '2025', '2026']"
2020,C,-10.312492,7.755204,13.156097,23,"['2018', '2027', '2028', '2029']"
2021,H,-7.76131,7.615678,11.813851,20,['2017']
2022,H,-8.223958,8.645523,10.447129,20,['2017']
2023,H,-10.587484,8.786659,11.253248,22,['2018']
2024,H,-11.213801,6.386647,10.894838,24,['2019']
2025,H,-9.557037,5.835433,11.289397,24,['2019']
2026,H,-9.871074,6.806189,9.802837,24,['2019']
2027,H,-11.342951,7.339684,13.246188,24,['2020']
2028,H,-10.311413,8.698199,13.747342,24,['2020']
2029,H,-9.628468,7.037051,13.662299,24,['2020']
2030,N,-5.755949,9.7336,13.200345,7,"['2013', '2031', '2034']"
2031,CA,-4.300739,9.715231,13.282513,8,"['2030', '2032', '2035', '2036']"
2032,C,-3.628433,10.926528,12.626285,9,"['2031', '2033', '2044']"
2033,O,-3.514058,11.979157,13.268024,11,['2032']
2034,HN,-6.199383,9.452376,14.088103,10,['2030']
2035,H,-4.046793,9.854041,14.36264,12,['2031']
2036,C,-3.757344,8.323248,12.872557,147,"['2031', '2037', '2040', '2041']"
2037,C,-4.288502,7.208309,13.775098,149,"['2036', '2038', '2039']"
2038,O,-4.143335,7.265373,14.99457,150,['2037']
2039,N,-4.961195,6.210841,13.164171,151,"['2037', '2042', '2043']"
2040,H,-2.647208,8.31432,12.967726,148,['2036']
2041,H,-3.977027,8.102844,11.802655,148,['2036']
2042,HN,-5.146763,6.232711,12.151857,152,['2039']
2043,HN,-5.329469,5.434248,13.728778,152,['2039']
2044,N,-3.16192,10.82724,11.348254,7,"['2032', '2045', '2048']"
2045,CA,-2.505043,11.910583,10.607462,8,"['2044', '2046', '2049', '2050']"
2046,C,-3.373726,13.182938,10.571951,9,"['2045', '2047', '2063']"
2047,O,-2.853701,14.309769,10.594037,11,['2046']
2048,HN,-3.389037,9.991841,10.790969,10,['2044']
2049,H,-1.582923,12.200958,11.165369,12,['2045']
2050,C,-2.073613,11.459118,9.150225,25,"['2045', '2051', '2052', '2054']"
2051,C,-0.871988,10.45568,9.216664,27,"['2050', '2053', '2055', '2056']"
2052,C,-1.681407,12.643088,8.221611,29,"['2050', '2057', '2058', '2059']"
2053,C,-0.577268,9.745314,7.880441,31,"['2051', '2060', '2061', '2062']"
2054,H,-2.956855,10.945391,8.690397,26,['2050']
2055,H,-1.090065,9.668651,9.976064,28,['2051']
2056,H,0.050891,10.967954,9.576763,28,['2051']
2057,H,-1.396974,12.303322,7.202318,30,['2052']
2058,H,-0.828262,13.232323,8.628372,30,['2052']
2059,H,-2.533248,13.341553,8.070467,30,['2052']
2060,H,0.160134,8.924542,8.020601,32,['2053']
2061,H,-0.151814,10.432179,7.116228,32,['2053']
2062,H,-1.498387,9.292888,7.452412,32,['2053']
2063,N,-4.712469,13.000638,10.471806,7,"['2046', '2064', '2067']"
2064,CA,-5.729716,14.02851,10.353494,8,"['2063', '2065', '2068', '2069']"
2065,C,-6.365413,14.466834,11.689134,9,"['2064', '2066', '2087']"
2066,O,-7.411245,15.12591,11.673004,11,['2065']
2067,HN,-5.098926,12.048012,10.529949,10,['2063']
2068,H,-5.260754,14.955146,9.944785,12,['2064']
2069,C,-6.850674,13.558017,9.374677,89,"['2064', '2070', '2079', '2080']"
2070,C,-6.328184,12.938639,8.079517,91,"['2069', '2071', '2072']"
2071,C,-6.437699,11.586782,7.737873,92,"['2070', '2073', '2081']"
2072,C,-5.639836,13.554999,7.054704,94,"['2070', '2074', '2075']"
2073,N,-5.851223,11.424874,6.509305,95,"['2071', '2074', '2082']"
2074,C,-5.357243,12.618242,6.082846,97,"['2072', '2073', '2076']"
2075,C,-5.244265,14.887327,6.912025,98,"['2072', '2077', '2083']"
2076,C,-4.686762,12.924601,4.904729,100,"['2074', '2078', '2084']"
2077,C,-4.542262,15.235157,5.736741,102,"['2075', '2078', '2085']"
2078,C,-4.271737,14.26288,4.740392,104,"['2076', '2077', '2086']"
2079,H,-7.502131,14.426275,9.122278,90,['2069']
2080,H,-7.511719,12.81446,9.881334,90,['2069']
2081,H,-6.892861,10.760231,8.305678,93,['2071']
2082,HN,-5.790658,10.534241,5.991556,96,['2073']
2083,H,-5.470451,15.647722,7.683529,99,['2075']
2084,H,-4.488738,12.162667,4.127034,101,['2076']
2085,H,-4.208233,16.28005,5.586481,103,['2077']
2086,H,-3.734811,14.5547,3.817343,105,['2078']
2087,N,-5.757712,14.104728,12.853608,7,"['2065', '2088', '2091']"
2088,CA,-6.224994,14.423947,14.200127,8,"['2087', '2089', '2092', '2093']"
2089,C,-5.450745,15.614766,14.769186,233,"['2088', '2090', '2098']"
2090,O,-4.366192,15.944136,14.206733,234,['2089']
2091,HN,-4.757149,13.877856,12.831895,10,['2087']
2092,H,-7.309584,14.697577,14.172914,12,['2088']
2093,C,-6.014934,13.216338,15.166324,33,"['2088', '2094', '2095', '2096']"
2094,OH,-4.645614,13.044139,15.522208,35,"['2093', '2097']"
2095,H,-6.401005,12.274426,14.720266,34,['2093']
2096,H,-6.594291,13.374223,16.105222,34,['2093']
2097,HO,-4.258232,12.467622,14.867566,36,['2094']
2098,O,-5.946253,16.235361,15.75376,234,['2089']
