atom_number,atom_name,x,y,z,atom_type,bonds,Multipole_Atoms
1,N,30.733187,13.718398,12.484958,231,"['2', '5', '6', '7']","2, 5, 6, 1"
2,CA,30.280377,12.340309,12.697769,8,"['1', '3', '8', '9']","1, 3, 7, 3"
3,C,31.03791,11.688047,13.856736,9,"['2', '4', '13']","2, 4, 8"
4,O,31.841969,12.327226,14.530349,11,['3'],3
5,H,30.724194,14.03285,11.522698,232,['1'],1
6,H,31.708158,13.795936,12.764141,232,['1'],1
7,H,30.2181,14.39764,13.028736,232,['1'],1
8,H,29.210131,12.386683,13.008415,12,['2'],2
9,C,30.484929,11.559176,11.371456,13,"['2', '10', '11', '12']","2, 4, 5, 6"
10,H,30.793094,10.500609,11.511402,14,['9'],3
11,H,31.258355,12.018049,10.708159,14,['9'],3
12,H,29.541186,11.527278,10.785869,14,['9'],3
13,N,30.879319,10.345594,14.027573,7,"['3', '14', '17']","3, 9, 8"
14,CA,29.892171,9.524096,14.717854,8,"['13', '15', '18', '19']","8, 7, 9, 8"
15,C,28.379145,9.781051,14.546529,9,"['14', '16', '27']","9, 6, 8"
16,O,27.662774,10.055143,15.509793,11,['15'],7
17,HN,31.732604,9.799762,13.8382,10,['13'],8
18,H,30.014083,8.483867,14.323521,12,['14'],9
19,C,30.363286,9.454657,16.219577,37,"['14', '20', '21', '22']","9, 9, 7, 6"
20,OH,31.729731,9.051011,16.196883,39,"['19', '23']","8, 8"
21,C,29.659094,8.403299,17.092004,41,"['19', '24', '25', '26']","8, 9, 7, 6"
22,H,30.305803,10.471156,16.688546,38,['19'],8
23,HO,32.230211,9.69787,16.685109,40,['20'],9
24,H,30.205843,8.256039,18.051322,42,['21'],7
25,H,29.606338,7.407924,16.594975,42,['21'],7
26,H,28.628961,8.735102,17.347315,42,['21'],7
27,N,27.823817,9.528576,13.325512,7,"['15', '28', '31']","7, 9, 8"
28,CA,26.381482,9.527959,13.051343,8,"['27', '29', '32', '33']","8, 8, 9, 8"
29,C,25.902153,8.302007,12.219781,9,"['28', '30', '38']","9, 9, 6"
30,O,25.962867,8.267083,10.995862,11,['29'],8
31,HN,28.410805,9.35724,12.496361,10,['27'],8
32,H,25.83079,9.454987,14.027491,12,['28'],9
33,C,25.944166,10.869608,12.387773,33,"['28', '34', '35', '36']","9, 9, 10, 11"
34,OH,26.878039,11.269033,11.395111,35,"['33', '37']","8, 7"
35,H,25.893415,11.674368,13.159031,34,['33'],8
36,H,24.931763,10.815663,11.921736,34,['33'],8
37,HO,26.971528,12.21516,11.468807,36,['34'],9
38,N,25.192301,7.370243,12.905978,7,"['29', '39', '42']","8, 10, 9"
39,CA,23.813014,6.949464,12.640965,8,"['38', '40', '43', '44']","6, 11, 8, 9"
40,C,23.471601,6.141295,11.343412,9,"['39', '41', '52']","10, 8, 3"
41,O,24.298121,5.920716,10.450951,11,['40'],11
42,HN,25.590425,7.03522,13.791758,10,['38'],6
43,H,23.265875,7.901185,12.431656,12,['39'],10
44,C,23.209818,6.431562,14.002393,37,"['39', '45', '46', '47']","10, 12, 13, 12"
45,OH,21.825252,6.134494,13.86173,39,"['44', '48']","9, 7"
46,C,23.266883,7.501988,15.128667,41,"['44', '49', '50', '51']","9, 14, 15, 7"
47,H,23.739021,5.494434,14.311823,38,['44'],9
48,HO,21.611695,5.523733,14.574642,40,['45'],12
49,H,22.807852,7.105922,16.063801,42,['46'],13
50,H,22.71294,8.432971,14.872589,42,['46'],13
51,H,24.301838,7.800186,15.407812,42,['46'],13
52,N,22.125091,5.958152,11.180152,7,"['40', '53', '56']","11, 5, 9"
53,CA,21.209492,5.842149,10.059472,8,"['52', '54', '57', '58']","3, 6, 16, 9"
54,C,20.732318,4.411185,9.778397,9,"['53', '55', '74']","5, 16, 18"
55,O,21.465086,3.448425,9.987014,11,['54'],6
56,HN,21.621485,5.685778,12.036286,10,['52'],3
57,H,20.294794,6.29531,10.484513,12,['53'],5
58,C,21.513895,6.706074,8.801501,182,"['53', '59', '63', '64']","5, 16, 17, 17"
59,C,21.547612,8.235677,9.092559,184,"['58', '60', '65', '66']","9, 6, 18, 17"
60,C,20.216106,8.792477,9.667464,186,"['59', '61', '67', '68']","16, 8, 18, 17"
61,C,20.381678,9.611236,10.953411,188,"['60', '62', '69', '70']","6, 9, 18, 8"
62,N,20.839857,8.88763,12.130648,190,"['61', '71', '72', '73']","8, 9, 17, 17"
63,H,20.748576,6.51611,8.002252,183,['58'],9
64,H,22.486725,6.387308,8.360255,183,['58'],9
65,H,21.753788,8.782063,8.131707,185,['59'],16
66,H,22.423696,8.488583,9.740437,185,['59'],16
67,H,19.474376,7.991949,9.861537,187,['60'],6
68,H,19.715959,9.432871,8.897174,187,['60'],6
69,H,19.389453,10.043397,11.198663,189,['61'],8
70,H,21.050969,10.47941,10.761611,189,['61'],8
71,HN,20.275441,9.098096,12.948722,191,['62'],9
72,HN,21.788932,9.145662,12.371851,191,['62'],9
73,HN,20.83428,7.878817,12.030534,191,['62'],9
74,N,19.405535,4.273651,9.476821,7,"['54', '75', '78']","6, 17, 19"
75,CA,18.311652,5.259095,9.571558,8,"['74', '76', '79', '80']","18, 18, 20, 8"
76,C,17.067648,4.996938,8.697091,9,"['75', '77', '96']","17, 17, 25"
77,O,16.069573,5.741924,8.732904,11,['76'],18
78,HN,19.06535,3.288232,9.409003,10,['74'],18
79,H,18.667435,6.257076,9.198665,12,['75'],17
80,C,17.980023,5.252596,11.104594,182,"['75', '81', '85', '86']","17, 9, 17, 18"
81,C,16.630347,5.71415,11.680786,184,"['80', '82', '87', '88']","8, 17, 17, 21"
82,C,16.562289,7.164389,12.225126,186,"['81', '83', '89', '90']","9, 17, 8, 9"
83,C,16.280413,8.303002,11.219164,188,"['82', '84', '91', '92']","17, 18, 22, 22"
84,N,15.415531,7.875446,10.135045,190,"['83', '93', '94', '95']","17, 23, 22, 24"
85,H,18.798944,5.734116,11.671428,183,['80'],8
86,H,18.046023,4.180379,11.427086,183,['80'],8
87,H,16.453123,5.055982,12.566993,185,['81'],9
88,H,15.792469,5.45567,10.998858,185,['81'],9
89,H,17.456015,7.402408,12.84628,187,['82'],17
90,H,15.721959,7.183133,12.963809,187,['82'],17
91,H,17.219458,8.694751,10.761223,189,['83'],17
92,H,15.820348,9.167405,11.754152,189,['83'],17
93,HN,15.208653,8.604073,9.469798,191,['84'],18
94,HN,14.510228,7.495238,10.406582,191,['84'],18
95,HN,15.87509,7.113817,9.629833,191,['84'],18
96,N,17.119298,3.916207,7.91513,7,"['76', '97', '100']","18, 22, 22"
97,CA,16.063599,3.013206,7.472316,8,"['96', '98', '101', '102']","25, 22, 23, 22"
98,C,16.788203,1.972121,6.629807,9,"['97', '99', '115']","22, 23, 24"
99,O,17.88822,2.240525,6.142561,11,['98'],22
100,HN,18.022224,3.679995,7.46996,10,['96'],25
101,H,15.67683,2.473894,8.37012,12,['97'],22
102,C,14.903882,3.624562,6.644572,19,"['97', '103', '106', '107']","22, 23, 8, 9"
103,C,13.752717,4.367972,7.388852,21,"['102', '104', '105', '108']","22, 22, 23, 26"
104,C,12.445528,4.252415,6.561137,23,"['103', '109', '110', '111']","23, 24, 25, 26"
105,C,13.484806,3.831612,8.818645,23,"['103', '112', '113', '114']","23, 27, 28, 27"
106,H,14.446265,2.787573,6.059771,20,['102'],22
107,H,15.330688,4.28564,5.85494,20,['102'],22
108,H,14.026019,5.450104,7.46351,22,['103'],23
109,H,11.638821,4.905089,6.964795,24,['104'],22
110,H,12.051053,3.210164,6.553651,24,['104'],22
111,H,12.603498,4.546498,5.497678,24,['104'],22
112,H,12.572937,4.278942,9.271771,24,['105'],23
113,H,14.316644,4.073083,9.515912,24,['105'],23
114,H,13.333002,2.729093,8.840879,24,['105'],23
115,N,16.249548,0.748532,6.507579,7,"['98', '116', '119']","22, 25, 26"
116,CA,16.979014,-0.256101,5.76756,8,"['115', '117', '120', '121']","24, 8, 24, 25"
117,C,16.011275,-1.333598,5.322737,9,"['116', '118', '133']","25, 9, 28"
118,O,14.96691,-1.547514,5.942137,11,['117'],8
119,HN,15.30599,0.487181,6.83131,10,['115'],24
120,H,17.379036,0.223661,4.837778,12,['116'],25
121,C,18.157812,-0.797182,6.617196,106,"['116', '122', '127', '128']","25, 26, 8, 9"
122,C,17.825241,-1.89677,7.570243,108,"['121', '123', '124']","25, 27, 28"
123,N,18.311921,-3.173896,7.38737,109,"['122', '125', '129']","26, 27, 26"
124,C,16.89885,-1.984275,8.590918,111,"['122', '126', '130']","26, 29, 29"
125,C,17.732179,-4.034002,8.213925,113,"['123', '126', '131']","27, 29, 26"
126,N,16.840581,-3.298671,8.962848,115,"['124', '125', '132']","28, 27, 27"
127,H,18.686233,0.020172,7.163772,107,['121'],25
128,H,18.928541,-1.185161,5.911043,107,['121'],25
129,HN,18.911638,-3.468065,6.590284,110,['123'],27
130,H,16.218301,-1.225853,8.963824,112,['124'],28
131,H,17.870456,-5.098272,8.287817,114,['125'],27
132,HN,16.139628,-3.773122,9.531429,116,['126'],29
133,N,16.374206,-1.931325,4.172889,7,"['117', '134', '137']","8, 27, 8"
134,CA,15.641443,-2.986115,3.512363,8,"['133', '135', '138', '139']","28, 24, 9, 30"
135,C,16.163041,-4.313972,4.063518,9,"['134', '136', '155']","27, 25, 8"
136,O,17.271401,-4.383203,4.600025,11,['135'],24
137,HN,17.32802,-1.797681,3.8091,10,['133'],28
138,H,14.559213,-2.903115,3.778115,12,['134'],27
139,C,15.847417,-2.855041,1.975024,182,"['134', '140', '144', '145']","27, 31, 33, 34"
140,C,15.156662,-1.583025,1.414794,184,"['139', '141', '146', '147']","30, 8, 35, 8"
141,C,15.450338,-1.354607,-0.08083,186,"['140', '142', '148', '149']","31, 9, 9, 3"
142,C,14.865951,-0.041716,-0.626132,188,"['141', '143', '150', '151']","8, 32, 5, 1"
143,N,15.0757,0.081467,-2.063426,190,"['142', '152', '153', '154']","9, 4, 8, 9"
144,H,15.454888,-3.76117,1.462546,183,['139'],30
145,H,16.940267,-2.847501,1.735802,183,['139'],30
146,H,15.48617,-0.689219,1.997248,185,['140'],31
147,H,14.055443,-1.663056,1.576868,185,['140'],31
148,H,15.04698,-2.215504,-0.661525,187,['141'],8
149,H,16.553959,-1.362695,-0.252631,187,['141'],8
150,H,15.329984,0.833393,-0.117813,189,['142'],9
151,H,13.774234,0.017574,-0.422612,189,['142'],9
152,HN,14.880665,1.025358,-2.382548,191,['143'],32
153,HN,14.469112,-0.548457,-2.576369,191,['143'],32
154,HN,16.01613,-0.16035,-2.372258,191,['143'],32
155,N,15.306375,-5.355143,3.98073,7,"['135', '156', '159']","24, 9, 8"
156,CA,15.539646,-6.71445,4.431107,8,"['155', '157', '160', '161']","8, 30, 9, 8"
157,C,14.892065,-7.660432,3.402264,9,"['156', '158', '170']","9, 31, 9"
158,O,13.783728,-7.396202,2.92292,11,['157'],30
159,HN,14.344702,-5.195904,3.654463,10,['155'],8
160,H,16.643063,-6.881236,4.473754,12,['156'],9
161,C,14.89146,-6.947988,5.83619,153,"['156', '162', '166', '167']","9, 9, 35, 8"
162,C,15.264833,-5.894899,6.906308,155,"['161', '163', '168', '169']","8, 32, 9, 8"
163,C,15.242149,-6.319279,8.369867,157,"['162', '164', '165']","9, 33, 34"
164,O,15.357793,-7.537361,8.653933,158,['163'],32
165,O,15.270241,-5.398008,9.237701,158,['163'],32
166,H,15.212862,-7.952255,6.198889,154,['161'],8
167,H,13.780089,-6.998498,5.757001,154,['161'],8
168,H,14.61943,-4.993744,6.785691,156,['162'],9
169,H,16.306266,-5.566014,6.708852,156,['162'],9
170,N,15.578835,-8.762025,2.993525,50,"['157', '171', '177']","30, 3, 8"
171,CA,15.046492,-9.684631,1.988697,51,"['170', '172', '174', '175']","9, 5, 4, 8"
172,C,13.859878,-10.501117,2.514278,52,"['171', '173', '184']","3, 1, 36"
173,O,13.866595,-10.957552,3.659568,53,['172'],5
174,H,14.735827,-9.128528,1.068029,54,['171'],3
175,C,16.263928,-10.590658,1.692403,55,"['171', '176', '178', '179']","3, 9, 9, 12"
176,C,16.896638,-10.70319,3.08301,57,"['175', '177', '180', '181']","8, 8, 8, 9"
177,C,16.818868,-9.256379,3.576297,59,"['170', '176', '182', '183']","9, 9, 8, 9"
178,H,16.970836,-10.104809,0.979116,56,['175'],8
179,H,15.982613,-11.578969,1.266162,56,['175'],8
180,H,17.92895,-11.117046,3.074771,58,['176'],9
181,H,16.281986,-11.3715,3.733557,58,['176'],9
182,H,17.687755,-8.656049,3.210672,60,['177'],8
183,H,16.822533,-9.215116,4.688626,60,['177'],8
184,N,12.853311,-10.748179,1.641679,7,"['172', '185', '188']","5, 9, 8"
185,CA,11.677541,-11.550756,1.950856,8,"['184', '186', '189', '190']","36, 8, 9, 37"
186,C,11.185362,-12.263169,0.682021,9,"['185', '187', '194']","9, 9, 36"
187,O,11.273956,-11.723384,-0.422928,11,['186'],8
188,HN,12.86299,-10.353854,0.687438,10,['184'],36
189,H,11.956813,-12.329823,2.703083,12,['185'],9
190,C,10.593185,-10.61593,2.538544,13,"['185', '191', '192', '193']","9, 38, 8, 9"
191,H,9.691347,-11.185783,2.847916,14,['190'],37
192,H,10.279532,-9.840109,1.804522,14,['190'],37
193,H,10.97336,-10.090261,3.445109,14,['190'],37
194,N,10.651415,-13.499975,0.817863,7,"['186', '195', '198']","8, 9, 8"
195,CA,10.088634,-14.272398,-0.28902,8,"['194', '196', '199', '200']","36, 8, 9, 37"
196,C,8.56255,-14.157573,-0.23529,9,"['195', '197', '208']","9, 9, 1"
197,O,7.955495,-14.149663,0.839337,11,['196'],8
198,HN,10.490726,-13.875969,1.76436,10,['194'],36
199,H,10.434373,-13.839995,-1.259395,12,['195'],9
200,C,10.545488,-15.761715,-0.266546,37,"['195', '201', '202', '203']","9, 38, 8, 9"
201,OH,11.968998,-15.749827,-0.344099,39,"['200', '204']","37, 8"
202,C,10.022285,-16.562744,-1.475832,41,"['200', '205', '206', '207']","37, 9, 8, 9"
203,H,10.235183,-16.247498,0.685376,38,['200'],37
204,HO,12.284687,-16.643584,-0.333069,40,['201'],38
205,H,10.38989,-17.61302,-1.461985,42,['202'],8
206,H,10.343531,-16.126467,-2.447669,42,['202'],8
207,H,8.910127,-16.639589,-1.491213,42,['202'],8
208,N,7.904172,-14.079435,-1.41504,7,"['196', '209', '212']","8, 4, 4"
209,CA,6.451081,-14.028018,-1.51195,8,"['208', '210', '213', '214']","1, 39, 8, 9"
210,C,5.875088,-15.404605,-1.173473,9,"['209', '211', '227']","4, 1, 1"
211,O,6.275566,-16.400228,-1.764901,11,['210'],39
212,HN,8.413838,-14.184619,-2.302342,10,['208'],1
213,H,6.076374,-13.280276,-0.777383,12,['209'],4
214,C,6.005822,-13.626194,-2.944739,19,"['209', '215', '218', '219']","4, 36, 9, 37"
215,C,4.45887,-13.637272,-3.14787,21,"['214', '216', '217', '220']","9, 9, 8, 38"
216,C,3.777139,-12.535224,-2.302001,23,"['215', '221', '222', '223']","36, 40, 6, 3"
217,C,4.149649,-13.409715,-4.638596,23,"['215', '224', '225', '226']","36, 5, 1, 4"
218,H,6.45889,-14.355459,-3.661643,20,['214'],9
219,H,6.42808,-12.628912,-3.218004,20,['214'],9
220,H,4.026,-14.630626,-2.868121,22,['215'],36
221,H,2.69612,-12.446986,-2.551606,24,['216'],9
222,H,4.234509,-11.534728,-2.467073,24,['216'],9
223,H,3.831505,-12.751023,-1.213086,24,['216'],9
224,H,3.053325,-13.447516,-4.82364,24,['217'],8
225,H,4.601035,-14.207461,-5.270243,24,['217'],8
226,H,4.529678,-12.435785,-5.012072,24,['217'],8
227,N,4.86125,-15.431042,-0.270306,7,"['210', '228', '231']","39, 4, 41"
228,CA,4.010385,-16.587333,-0.033622,8,"['227', '229', '232', '233']","1, 40, 42, 30"
229,C,2.726588,-16.473166,-0.856665,9,"['228', '230', '246']","4, 6, 6"
230,O,2.312989,-17.440837,-1.489495,11,['229'],40
231,HN,4.60644,-14.579928,0.251059,10,['227'],1
232,H,4.520053,-17.501003,-0.430443,12,['228'],4
233,C,3.695154,-16.824562,1.49,25,"['228', '234', '235', '237']","4, 31, 32, 34"
234,C,5.024684,-17.186494,2.220278,27,"['233', '236', '238', '239']","30, 33, 35, 41"
235,C,2.650603,-17.958608,1.698634,29,"['233', '240', '241', '242']","30, 42, 7, 3"
236,C,4.890262,-17.292359,3.746465,31,"['234', '243', '244', '245']","31, 5, 6, 16"
237,H,3.278294,-15.880613,1.91652,26,['233'],30
238,H,5.799666,-16.419967,1.986323,28,['234'],31
239,H,5.430099,-18.143971,1.812872,28,['234'],31
240,H,2.366115,-18.092468,2.764622,30,['235'],32
241,H,3.034971,-18.932395,1.322899,30,['235'],32
242,H,1.704073,-17.752837,1.151379,30,['235'],32
243,H,5.838941,-17.63607,4.207413,32,['236'],33
244,H,4.119123,-18.028252,4.057075,32,['236'],33
245,H,4.645467,-16.314303,4.21146,32,['236'],33
246,N,2.010573,-15.322555,-0.747294,7,"['229', '247', '250']","40, 43, 43"
247,CA,0.712928,-15.118187,-1.37534,8,"['246', '248', '251', '252']","6, 44, 46, 46"
248,C,0.299146,-13.638788,-1.286089,9,"['247', '249', '268']","43, 45, 50"
249,O,0.457136,-12.987433,-0.244309,11,['248'],44
250,HN,2.317898,-14.558148,-0.126853,10,['246'],6
251,H,0.793461,-15.423119,-2.450276,12,['247'],43
252,C,-0.332911,-16.005698,-0.629061,182,"['247', '253', '257', '258']","43, 47, 50, 51"
253,C,-1.757224,-15.96631,-1.221185,184,"['252', '254', '259', '260']","46, 48, 52, 53"
254,C,-2.74001,-16.789263,-0.364171,186,"['253', '255', '261', '262']","47, 49, 54, 54"
255,C,-4.222097,-16.506722,-0.684501,188,"['254', '256', '263', '264']","48, 50, 55, 47"
256,N,-5.069699,-17.557104,-0.147074,190,"['255', '265', '266', '267']","49, 48, 56, 45"
257,H,-0.357874,-15.692531,0.442494,183,['252'],46
258,H,0.023618,-17.065802,-0.630223,183,['252'],46
259,H,-1.744604,-16.354476,-2.268493,185,['253'],47
260,H,-2.114535,-14.913114,-1.294898,185,['253'],47
261,H,-2.570444,-16.575051,0.71846,187,['254'],48
262,H,-2.509788,-17.873126,-0.501517,187,['254'],48
263,H,-4.392001,-16.446232,-1.785153,189,['255'],49
264,H,-4.536262,-15.525476,-0.25928,189,['255'],49
265,HN,-6.058171,-17.303715,-0.188572,191,['256'],50
266,HN,-4.867166,-17.803392,0.814315,191,['256'],50
267,HN,-4.926427,-18.402837,-0.700952,191,['256'],50
268,N,-0.314699,-13.113079,-2.378931,7,"['248', '269', '272']","44, 57, 53"
269,CA,-0.959721,-11.801155,-2.4123,8,"['268', '270', '273', '274']","50, 58, 59, 56"
270,C,-2.37033,-11.968105,-1.830097,9,"['269', '271', '278']","57, 51, 47"
271,O,-3.141664,-12.797066,-2.306359,11,['270'],58
272,HN,-0.460009,-13.698156,-3.214339,10,['268'],50
273,H,-0.374982,-11.086404,-1.785299,12,['269'],57
274,C,-1.035689,-11.260408,-3.859963,13,"['269', '275', '276', '277']","57, 43, 44, 54"
275,H,-1.517566,-10.257154,-3.895462,14,['274'],56
276,H,-1.628743,-11.928772,-4.525427,14,['274'],56
277,H,-0.023675,-11.159827,-4.313368,14,['274'],56
278,N,-2.670453,-11.233907,-0.726595,7,"['270', '279', '282']","58, 43, 49"
279,CA,-3.914479,-11.346965,0.030724,8,"['278', '280', '283', '284']","47, 60, 50, 61"
280,C,-4.976069,-10.339075,-0.451721,9,"['279', '281', '297']","43, 60, 51"
281,O,-6.097279,-10.721678,-0.803903,11,['280'],60
282,HN,-2.033696,-10.485742,-0.415799,10,['278'],47
283,H,-4.366458,-12.35196,-0.156059,12,['279'],43
284,C,-3.66664,-11.190097,1.579968,25,"['279', '285', '286', '288']","43, 58, 51, 62"
285,C,-2.587217,-12.165648,2.152998,27,"['284', '287', '289', '290']","61, 53, 48, 56"
286,C,-4.990203,-11.347621,2.372617,29,"['284', '291', '292', '293']","61, 48, 63, 54"
287,C,-2.863973,-13.664138,1.95125,31,"['285', '294', '295', '296']","58, 56, 64, 58"
288,H,-3.293931,-10.150888,1.756931,26,['284'],61
289,H,-2.449602,-11.959641,3.240982,28,['285'],58
290,H,-1.598545,-11.932949,1.693081,28,['285'],58
291,H,-4.84571,-11.220436,3.467367,30,['286'],51
292,H,-5.488463,-12.326456,2.199357,30,['286'],51
293,H,-5.723452,-10.565451,2.072721,30,['286'],51
294,H,-2.150389,-14.281739,2.541688,32,['287'],53
295,H,-2.737478,-13.946797,0.88316,32,['287'],53
296,H,-3.892067,-13.951431,2.26098,32,['287'],53
297,N,-4.62903,-9.035442,-0.368801,7,"['280', '298', '301']","60, 58, 48"
298,CA,-5.43337,-7.867062,-0.73069,8,"['297', '299', '302', '303']","51, 61, 56, 54"
299,C,-4.458381,-6.812117,-1.280682,9,"['298', '300', '309']","58, 56, 58"
300,O,-3.227798,-6.948466,-1.154508,11,['299'],61
301,HN,-3.668455,-8.783263,-0.090722,10,['297'],51
302,H,-6.123901,-8.146052,-1.568193,12,['298'],58
303,C,-6.242105,-7.350076,0.502473,137,"['298', '304', '307', '308']","58, 63, 52, 58"
304,C,-7.326783,-6.304977,0.226825,139,"['303', '305', '306']","54, 48, 61"
305,O,-7.670982,-6.138767,-0.970339,140,['304'],63
306,O,-7.850297,-5.681467,1.18285,140,['304'],63
307,H,-5.560942,-6.928802,1.277481,138,['303'],54
308,H,-6.769005,-8.206956,0.986171,138,['303'],54
309,N,-4.989267,-5.688192,-1.800946,1,"['299', '310', '313']","61, 51, 67"
310,CA,-4.222617,-4.564146,-2.269146,2,"['309', '311', '314', '315']","58, 65, 68, 67"
311,C,-3.265339,-4.019896,-1.219121,3,"['310', '312', '316']","51, 66, 68"
312,O,-2.0662,-3.837085,-1.494962,5,['311'],65
313,HN,-6.013642,-5.591971,-1.872159,4,['309'],58
314,H,-3.656741,-4.834711,-3.185163,6,['310'],51
315,H,-4.919397,-3.755596,-2.580281,6,['310'],51
316,N,-3.719323,-3.890173,0.050319,7,"['311', '317', '320']","65, 67, 69"
317,CA,-2.921405,-3.446999,1.182454,8,"['316', '318', '321', '322']","68, 68, 70, 71"
318,C,-2.237336,-4.563839,1.992705,9,"['317', '319', '328']","67, 67, 75"
319,O,-1.36657,-4.267278,2.819458,11,['318'],68
320,HN,-4.695003,-4.129171,0.288039,10,['316'],68
321,H,-2.090039,-2.806466,0.809575,12,['317'],67
322,C,-3.810819,-2.581253,2.112979,137,"['317', '323', '326', '327']","67, 70, 74, 70"
323,C,-4.960454,-3.320775,2.795837,139,"['322', '324', '325']","71, 72, 73"
324,O,-5.101979,-4.524875,2.551661,140,['323'],70
325,O,-5.675517,-2.639251,3.592906,140,['323'],70
326,H,-4.241539,-1.733113,1.53227,138,['322'],71
327,H,-3.177354,-2.115382,2.893866,138,['322'],71
328,N,-2.539614,-5.868382,1.773211,7,"['318', '329', '332']","68, 76, 77"
329,CA,-2.069263,-6.970852,2.607213,8,"['328', '330', '333', '334']","75, 76, 78, 78"
330,C,-1.37094,-8.054888,1.767803,9,"['329', '331', '342']","76, 76, 81"
331,O,-1.853655,-8.467049,0.708322,11,['330'],76
332,HN,-3.202336,-6.141,1.037062,10,['328'],75
333,H,-1.33083,-6.578236,3.346662,12,['329'],76
334,C,-3.281431,-7.553896,3.408138,37,"['329', '335', '336', '337']","76, 78, 78, 79"
335,OH,-3.866253,-6.515457,4.195826,39,"['334', '338']","78, 80"
336,C,-2.855079,-8.645949,4.403226,41,"['334', '339', '340', '341']","78, 81, 82, 83"
337,H,-4.052607,-7.942374,2.699076,38,['334'],78
338,HO,-4.359949,-5.939125,3.601999,40,['335'],78
339,H,-3.72372,-9.020261,4.989458,42,['336'],78
340,H,-2.093493,-8.259977,5.117032,42,['336'],78
341,H,-2.408107,-9.526157,3.891575,42,['336'],78
342,N,-0.204339,-8.564878,2.235879,7,"['330', '343', '346']","76, 84, 87"
343,CA,0.578649,-9.618902,1.586311,8,"['342', '344', '347', '348']","81, 85, 88, 89"
344,C,1.208882,-10.515512,2.658502,9,"['343', '345', '358']","84, 86, 99"
345,O,1.634849,-10.026473,3.706267,11,['344'],85
346,HN,0.164663,-8.251489,3.148244,10,['342'],81
347,H,-0.108146,-10.25659,0.975273,12,['343'],84
348,C,1.645237,-9.000765,0.614431,15,"['343', '349', '350', '351']","84, 90, 91, 92"
349,C,2.683605,-8.08778,1.315993,17,"['348', '352', '353', '354']","89, 93, 94, 95"
350,C,2.377127,-10.092646,-0.200711,17,"['348', '355', '356', '357']","89, 96, 97, 98"
351,H,1.063974,-8.380644,-0.105836,16,['348'],89
352,H,3.386597,-7.62103,0.589078,18,['349'],90
353,H,3.302836,-8.656622,2.045273,18,['349'],90
354,H,2.201466,-7.2584,1.879524,18,['349'],90
355,H,3.067387,-9.6582,-0.958834,18,['350'],91
356,H,1.665302,-10.7427,-0.755676,18,['350'],91
357,H,2.985299,-10.763688,0.443977,18,['350'],91
358,N,1.267191,-11.852609,2.43035,7,"['344', '359', '362']","85, 100, 103"
359,CA,1.942196,-12.797439,3.314876,8,"['358', '360', '363', '364']","99, 101, 104, 105"
360,C,3.282197,-13.153848,2.652709,9,"['359', '361', '380']","100, 102"
361,O,3.32754,-13.498898,1.464023,11,['360'],101
362,HN,0.993779,-12.241125,1.513781,10,['358'],99
363,H,2.16132,-12.279988,4.281418,12,['359'],100
364,C,1.057036,-14.050381,3.614271,182,"['359', '365', '369', '370']","100, 106"
365,C,1.668535,-14.972984,4.703397,184,"['364', '366', '371', '372']",105
366,C,0.792817,-16.176321,5.123859,186,"['365', '367', '373', '374']",106
367,C,-0.405395,-15.891073,6.05644,188,"['366', '368', '375', '376']",
368,N,-0.105887,-15.307418,7.360244,190,"['367', '377', '378', '379']",
369,H,0.891567,-14.619152,2.667327,183,['364'],105
370,H,0.050759,-13.700675,3.948629,183,['364'],105
371,H,1.958563,-14.375516,5.599108,185,['365'],106
372,H,2.628171,-15.37696,4.300444,185,['365'],106
373,H,1.447059,-16.928876,5.628623,187,['366'],
374,H,0.424013,-16.699577,4.210085,187,['366'],
375,H,-0.928138,-16.857703,6.24936,189,['367'],
376,H,-1.155081,-15.237817,5.555165,189,['367'],
377,HN,-0.893161,-15.485957,7.989333,191,['368'],
378,HN,-0.004234,-14.293805,7.32141,191,['368'],
379,HN,0.699365,-15.699345,7.838646,191,['368'],
380,N,4.387302,-13.014616,3.42351,7,"['360', '381', '384']",101
381,CA,5.775536,-13.170951,3.012946,8,"['380', '382', '385', '386']",
382,C,6.493433,-14.11619,3.996762,9,"['381', '383', '399']",
383,O,6.116137,-14.21353,5.166713,11,['382'],
384,HN,4.28941,-12.847126,4.436547,10,['380'],
385,H,5.827231,-13.616822,1.990891,12,['381'],
386,C,6.483336,-11.771711,3.055945,19,"['381', '387', '390', '391']",
387,C,5.850794,-10.623108,2.211977,21,"['386', '388', '389', '392']",
388,C,6.665421,-9.314466,2.386984,23,"['387', '393', '394', '395']",
389,C,5.822649,-10.987567,0.71184,23,"['387', '396', '397', '398']",
390,H,7.548842,-11.91132,2.756598,20,['386'],
391,H,6.524359,-11.441399,4.121972,20,['386'],
392,H,4.805849,-10.434476,2.56224,22,['387'],
393,H,6.213557,-8.471518,1.816472,24,['388'],
394,H,7.718039,-9.418559,2.039658,24,['388'],
395,H,6.703301,-8.990908,3.451351,24,['388'],
396,H,5.463202,-10.140987,0.08455,24,['389'],
397,H,5.133103,-11.836663,0.518615,24,['389'],
398,H,6.827735,-11.275246,0.328124,24,['389'],
399,N,7.595077,-14.762704,3.542152,7,"['382', '400', '403']",
400,CA,8.617789,-15.383776,4.36642,8,"['399', '401', '404', '405']",
401,C,9.596494,-14.262884,4.715216,9,"['400', '402', '416']",
402,O,10.254043,-13.709584,3.82675,11,['401'],
403,HN,7.87555,-14.615358,2.566258,10,['399'],
404,H,8.144141,-15.779144,5.29919,12,['400'],
405,C,9.431538,-16.517014,3.662595,175,"['400', '406', '409', '410']",
406,C,8.637817,-17.810048,3.388531,177,"['405', '407', '411', '412']",
407,S,8.362338,-18.735774,4.938151,179,"['406', '408']",
408,C,10.050953,-19.310678,5.279248,180,"['407', '413', '414', '415']",
409,H,10.336531,-16.748956,4.269588,176,['405'],
410,H,9.839174,-16.127806,2.702857,176,['405'],
411,H,9.168432,-18.45537,2.651189,178,['406'],
412,H,7.670032,-17.557445,2.905787,178,['406'],
413,H,10.040389,-19.935128,6.202456,181,['408'],
414,H,10.724969,-18.441068,5.44079,181,['408'],
415,H,10.416281,-19.927737,4.427087,181,['408'],
416,N,9.699437,-13.932602,6.018435,7,"['401', '417', '420']",
417,CA,10.57226,-12.90778,6.5622,8,"['416', '418', '421', '422']",
418,C,11.2417,-13.474457,7.81614,9,"['417', '419', '437']",
419,O,10.56821,-13.921161,8.748006,11,['418'],
420,HN,9.160111,-14.450289,6.730222,10,['416'],
421,H,11.364548,-12.654621,5.814103,12,['417'],
422,C,9.732844,-11.639121,6.871147,70,"['417', '423', '430', '431']",
423,C,10.41761,-10.636607,7.777339,72,"['422', '424', '425']",
424,C,11.483905,-9.836442,7.332978,73,"['423', '426', '432']",
425,C,9.991846,-10.503632,9.109958,73,"['423', '427', '433']",
426,C,12.127125,-8.958349,8.216076,75,"['424', '428', '434']",
427,C,10.617659,-9.614616,9.984109,75,"['425', '428', '435']",
428,C,11.704038,-8.850787,9.547637,77,"['426', '427', '429']",
429,OH,12.349584,-8.015757,10.405946,78,"['428', '436']",
430,H,8.77726,-11.94245,7.361609,71,['422'],
431,H,9.438611,-11.128751,5.924374,71,['422'],
432,H,11.845416,-9.913459,6.293486,74,['424'],
433,H,9.162881,-11.120892,9.489662,74,['425'],
434,H,12.989123,-8.364629,7.872309,76,['426'],
435,H,10.260513,-9.531252,11.023334,76,['427'],
436,HO,11.869069,-7.847278,11.207104,79,['429'],
437,N,12.599774,-13.476546,7.824826,7,"['418', '438', '441']",
438,CA,13.425763,-13.980879,8.908939,8,"['437', '439', '442', '443']",
439,C,13.110815,-15.449822,9.249987,9,"['438', '440', '459']",
440,O,13.047371,-15.834287,10.420128,11,['439'],
441,HN,13.132705,-13.187381,6.990279,10,['437'],
442,H,14.483339,-14.00459,8.547778,12,['438'],
443,C,13.342381,-13.049329,10.158227,182,"['438', '444', '448', '449']",
444,C,14.017781,-11.671981,9.956386,184,"['443', '445', '450', '451']",
445,C,14.086071,-10.851379,11.268651,186,"['444', '446', '452', '453']",
446,C,15.06853,-9.661636,11.204599,188,"['445', '447', '454', '455']",
447,N,15.167355,-8.939503,12.466566,190,"['446', '456', '457', '458']",
448,H,13.830962,-13.575196,11.013231,183,['443'],
449,H,12.274793,-12.911774,10.450511,183,['443'],
450,H,13.489333,-11.087444,9.16841,185,['444'],
451,H,15.050465,-11.82837,9.560987,185,['444'],
452,H,14.407393,-11.52661,12.098254,187,['445'],
453,H,13.064599,-10.493295,11.537441,187,['445'],
454,H,14.819339,-8.931936,10.398023,189,['446'],
455,H,16.087431,-10.039094,10.955801,189,['446'],
456,HN,16.126974,-8.599223,12.552926,191,['447'],
457,HN,14.995318,-9.514623,13.284965,191,['447'],
458,HN,14.549518,-8.134355,12.511729,191,['447'],
459,N,12.963653,-16.286482,8.19127,1,"['439', '460', '463']",
460,CA,12.749554,-17.710474,8.294763,2,"['459', '461', '464', '465']",
461,C,11.405405,-18.222713,8.791206,3,"['460', '462', '466']",
462,O,11.325684,-19.367344,9.241578,5,['461'],
463,HN,13.12264,-15.954358,7.229408,4,['459'],
464,H,12.918534,-18.188714,7.305215,6,['460'],
465,H,13.518534,-18.15149,8.969189,6,['460'],
466,N,10.330139,-17.398855,8.727491,7,"['461', '467', '470']",
467,CA,8.970837,-17.752575,9.12958,8,"['466', '468', '471', '472']",
468,C,7.943884,-16.989348,8.277404,9,"['467', '469', '483']",
469,O,8.250193,-15.914462,7.750301,11,['468'],
470,HN,10.401003,-16.432972,8.376017,10,['466'],
471,H,8.827339,-18.842295,8.924718,12,['467'],
472,C,8.75927,-17.444761,10.65208,167,"['467', '473', '477', '478']",
473,C,9.307005,-18.55878,11.578663,169,"['472', '474', '479', '480']",
474,C,9.392398,-18.266819,13.069914,171,"['473', '475', '476']",
475,O,9.003456,-17.197071,13.555046,172,['474'],
476,N,9.994418,-19.220635,13.81745,173,"['474', '481', '482']",
477,H,7.678949,-17.295191,10.887518,168,['472'],
478,H,9.239996,-16.4721,10.908019,168,['472'],
479,H,10.323857,-18.855427,11.237693,170,['473'],
480,H,8.683659,-19.473749,11.445459,170,['473'],
481,HN,10.35745,-20.08042,13.382797,174,['476'],
482,HN,10.114817,-19.087697,14.831515,174,['476'],
483,N,6.691846,-17.516727,8.133304,50,"['468', '484', '490']",
484,CA,5.605651,-16.795214,7.470264,51,"['483', '485', '487', '488']",
485,C,5.094219,-15.654177,8.350365,52,"['484', '486', '497']",
486,O,4.935369,-15.804272,9.567406,53,['485'],
487,H,5.943715,-16.392351,6.482535,54,['484'],
488,C,4.513856,-17.872772,7.275086,55,"['484', '489', '491', '492']",
489,C,4.745965,-18.763799,8.494745,57,"['488', '490', '493', '494']",
490,C,6.274595,-18.861096,8.505382,59,"['483', '489', '495', '496']",
491,H,4.687294,-18.459802,6.34177,56,['488'],
492,H,3.479759,-17.468469,7.227563,56,['488'],
493,H,4.230532,-19.746289,8.411806,58,['489'],
494,H,4.369471,-18.272175,9.42396,58,['489'],
495,H,6.636998,-19.605309,7.756382,60,['490'],
496,H,6.643706,-19.178465,9.504733,60,['490'],
497,N,4.791176,-14.491022,7.736172,7,"['485', '498', '501']",
498,CA,4.286795,-13.309223,8.407621,8,"['497', '499', '502', '503']",
499,C,3.416519,-12.503523,7.440067,9,"['498', '500', '514']",
500,O,3.754071,-12.30162,6.268321,11,['499'],
501,HN,5.00726,-14.357941,6.73855,10,['497'],
502,H,3.644851,-13.637932,9.261763,12,['498'],
503,C,5.491566,-12.488576,8.955093,175,"['498', '504', '507', '508']",
504,C,5.105064,-11.162243,9.636028,177,"['503', '505', '509', '510']",
505,S,6.567486,-10.245028,10.210396,179,"['504', '506']",
506,C,7.019533,-11.188316,11.689514,180,"['505', '511', '512', '513']",
507,H,6.193912,-12.274012,8.115948,176,['503'],
508,H,6.059764,-13.126842,9.671812,176,['503'],
509,H,4.405157,-11.338381,10.484815,178,['504'],
510,H,4.550687,-10.515284,8.918785,178,['504'],
511,H,7.865914,-10.672014,12.193106,181,['506'],
512,H,7.338308,-12.215283,11.409594,181,['506'],
513,H,6.154973,-11.233551,12.387394,181,['506'],
514,N,2.238334,-12.047385,7.926484,7,"['499', '515', '518']",
515,CA,1.367179,-11.14876,7.189044,8,"['514', '516', '519', '520']",
516,C,1.901614,-9.722029,7.38969,9,"['515', '517', '528']",
517,O,2.287809,-9.357732,8.49999,11,['516'],
518,HN,1.992567,-12.193859,8.915586,10,['514'],
519,H,1.405443,-11.405343,6.102517,12,['515'],
520,C,-0.111659,-11.23081,7.669136,37,"['515', '521', '522', '523']",
521,OH,-0.563926,-12.582224,7.533011,39,"['520', '524']",
522,C,-1.030611,-10.369395,6.784788,41,"['520', '525', '526', '527']",
523,H,-0.180223,-10.927477,8.744393,38,['520'],
524,HO,-1.361279,-12.627977,8.056482,40,['521'],
525,H,-2.101377,-10.485874,7.062345,42,['522'],
526,H,-0.943282,-10.639228,5.708744,42,['522'],
527,H,-0.789721,-9.287602,6.875816,42,['522'],
528,N,1.870207,-8.902795,6.317238,7,"['516', '529', '532']",
529,CA,2.241008,-7.500334,6.264363,8,"['528', '530', '533', '534']",
530,C,1.052374,-6.680489,5.748258,9,"['529', '531', '548']",
531,O,0.312119,-7.113922,4.85545,11,['530'],
532,HN,1.513861,-9.25365,5.419998,10,['528'],
533,H,2.494548,-7.143675,7.292823,12,['529'],
534,C,3.445599,-7.290987,5.301342,61,"['529', '535', '541', '542']",
535,C,4.739062,-7.784251,5.910682,63,"['534', '536', '537']",
536,C,5.147056,-9.125458,5.803908,64,"['535', '538', '543']",
537,C,5.551135,-6.884953,6.623313,64,"['535', '539', '544']",
538,C,6.344872,-9.551587,6.389238,66,"['536', '540', '545']",
539,C,6.748754,-7.310151,7.200269,66,"['537', '540', '546']",
540,C,7.14844,-8.643201,7.084037,68,"['538', '539', '547']",
541,H,3.559454,-6.206553,5.068286,62,['534'],
542,H,3.269672,-7.793561,4.322716,62,['534'],
543,H,4.526756,-9.857485,5.260849,65,['536'],
544,H,5.250783,-5.830733,6.738353,65,['537'],
545,H,6.653757,-10.605491,6.310128,67,['538'],
546,H,7.370228,-6.5912,7.753325,67,['539'],
547,H,8.083472,-8.979752,7.556739,69,['540'],
548,N,0.920516,-5.439484,6.278733,7,"['530', '549', '552']",
549,CA,0.022829,-4.375508,5.853508,8,"['548', '550', '553', '554']",
550,C,0.906396,-3.20663,5.394976,9,"['549', '551', '572']",
551,O,1.797301,-2.762773,6.120408,11,['550'],
552,HN,1.642016,-5.108449,6.937877,10,['548'],
553,H,-0.576839,-4.744384,4.985398,12,['549'],
554,C,-0.945138,-3.979492,7.010086,202,"['549', '555', '561', '562']",
555,C,-1.844587,-2.723642,6.847688,204,"['554', '556', '563', '564']",
556,C,-2.929245,-2.826118,5.751406,206,"['555', '557', '565', '566']",
557,N,-3.887793,-1.715836,5.819379,208,"['556', '558', '567']",
558,C,-3.773196,-0.489246,5.278135,210,"['557', '559', '560']",
559,N,-2.623045,-0.088743,4.741424,211,"['558', '568', '569']",
560,N,-4.806115,0.361933,5.316364,211,"['558', '570', '571']",
561,H,-0.334014,-3.824098,7.930917,203,['554'],
562,H,-1.588758,-4.857616,7.239709,203,['554'],
563,H,-1.200148,-1.831406,6.664826,205,['555'],
564,H,-2.344028,-2.519379,7.824736,205,['555'],
565,H,-3.486385,-3.783696,5.84009,207,['556'],
566,H,-2.455585,-2.870887,4.748139,207,['556'],
567,HN,-4.827485,-1.96366,6.165946,209,['557'],
568,HN,-1.773843,-0.661693,4.802837,212,['559'],
569,HN,-2.572408,0.805901,4.239121,212,['559'],
570,HN,-5.687626,0.059236,5.752009,212,['560'],
571,HN,-4.770175,1.301807,4.882904,212,['560'],
572,N,0.677087,-2.75171,4.141617,7,"['550', '573', '576']",
573,CA,1.385891,-1.673706,3.469536,8,"['572', '574', '577', '578']",
574,C,1.200742,-0.3751,4.277162,9,"['573', '575', '591']",
575,O,0.114894,-0.095469,4.790793,11,['574'],
576,HN,-0.088181,-3.176614,3.603287,10,['572'],
577,H,2.477987,-1.911741,3.465448,12,['573'],
578,C,0.848628,-1.515028,2.009458,19,"['573', '579', '582', '583']",
579,C,1.002494,-2.722072,1.033729,21,"['578', '580', '581', '584']",
580,C,0.668362,-2.262789,-0.407534,23,"['579', '585', '586', '587']",
581,C,2.412564,-3.346417,1.037262,23,"['579', '588', '589', '590']",
582,H,1.323451,-0.612231,1.569483,20,['578'],
583,H,-0.236491,-1.25655,2.071804,20,['578'],
584,H,0.282824,-3.522886,1.324635,22,['579'],
585,H,0.775202,-3.080075,-1.152356,24,['580'],
586,H,1.320765,-1.426979,-0.748395,24,['580'],
587,H,-0.384483,-1.908619,-0.487552,24,['580'],
588,H,2.45684,-4.267562,0.415814,24,['581'],
589,H,2.724847,-3.65015,2.060421,24,['581'],
590,H,3.18272,-2.65885,0.633982,24,['581'],
591,N,2.277301,0.43443,4.419455,7,"['574', '592', '595']",
592,CA,2.271812,1.670295,5.193777,8,"['591', '593', '596', '597']",
593,C,1.741501,2.848683,4.374333,9,"['592', '594', '610']",
594,O,2.207275,3.109581,3.270645,11,['593'],
595,HN,3.065577,0.326956,3.769153,10,['591'],
596,H,1.576887,1.530646,6.055826,12,['592'],
597,C,3.699671,2.04599,5.70653,19,"['592', '598', '601', '602']",
598,C,4.074317,1.414164,7.072214,21,"['597', '599', '600', '603']",
599,C,5.557142,1.735182,7.389084,23,"['598', '604', '605', '606']",
600,C,3.165791,1.981802,8.192078,23,"['598', '607', '608', '609']",
601,H,3.773574,3.157121,5.797719,20,['597'],
602,H,4.451904,1.783726,4.925932,20,['597'],
603,H,3.944083,0.306174,7.020299,22,['598'],
604,H,5.869312,1.299205,8.365646,24,['599'],
605,H,5.749101,2.831101,7.428542,24,['599'],
606,H,6.240217,1.318694,6.614976,24,['599'],
607,H,3.523958,1.69313,9.203924,24,['600'],
608,H,2.123475,1.599989,8.123406,24,['600'],
609,H,3.106947,3.092666,8.172996,24,['600'],
610,N,0.89731,3.686393,5.034243,7,"['593', '611', '614']",
611,CA,0.438398,4.970319,4.534797,8,"['610', '612', '615', '616']",
612,C,-0.433711,4.899187,3.272385,9,"['611', '613', '629']",
613,O,-0.588294,5.902406,2.572802,11,['612'],
614,HN,0.540816,3.443798,5.970104,10,['610'],
615,H,-0.242256,5.409778,5.300848,12,['611'],
616,C,1.636619,5.945145,4.323155,19,"['611', '617', '620', '621']",
617,C,2.351644,6.426447,5.613936,21,"['616', '618', '619', '622']",
618,C,3.76227,6.953055,5.256611,23,"['617', '623', '624', '625']",
619,C,1.545649,7.559706,6.288669,23,"['617', '626', '627', '628']",
620,H,1.280896,6.827235,3.740664,20,['616'],
621,H,2.360883,5.435564,3.646315,20,['616'],
622,H,2.463897,5.575031,6.329443,22,['617'],
623,H,4.307008,7.302165,6.159677,24,['618'],
624,H,3.723129,7.799517,4.537975,24,['618'],
625,H,4.393131,6.161105,4.80138,24,['618'],
626,H,2.073523,7.93093,7.194228,24,['619'],
627,H,0.534632,7.221633,6.607723,24,['619'],
628,H,1.393771,8.434747,5.615882,24,['619'],
629,N,-1.069445,3.741229,2.97753,7,"['612', '630', '633']",
630,CA,-1.957958,3.575877,1.83467,8,"['629', '631', '634', '635']",
631,C,-3.27909,2.970038,2.31945,9,"['630', '632', '645']",
632,O,-3.294328,2.146376,3.240193,11,['631'],
633,HN,-1.091415,2.954225,3.638332,10,['629'],
634,H,-2.195899,4.581491,1.401221,12,['630'],
635,C,-1.32555,2.703343,0.690039,15,"['630', '636', '637', '638']",
636,C,0.068675,3.2372,0.276642,17,"['635', '639', '640', '641']",
637,C,-1.184459,1.206299,1.060464,17,"['635', '642', '643', '644']",
638,H,-1.999941,2.785838,-0.198358,16,['635'],
639,H,0.41133,2.769557,-0.674159,18,['636'],
640,H,0.842013,3.039104,1.055194,18,['636'],
641,H,0.047556,4.336312,0.107881,18,['636'],
642,H,-0.744324,0.615242,0.226069,18,['637'],
643,H,-2.170223,0.743354,1.290159,18,['637'],
644,H,-0.539244,1.068172,1.95638,18,['637'],
645,N,-4.382131,3.285909,1.607737,7,"['631', '646', '649']",
646,CA,-5.67916,2.640046,1.706345,8,"['645', '647', '650', '651']",
647,C,-6.156726,2.340812,0.280733,9,"['646', '648', '657']",
648,O,-6.518289,3.241306,-0.489368,11,['647'],
649,HN,-4.338932,4.041171,0.907638,10,['645'],
650,H,-5.573232,1.672322,2.259513,12,['646'],
651,C,-6.727566,3.523285,2.428071,137,"['646', '652', '655', '656']",
652,C,-6.531502,3.737296,3.913805,139,"['651', '653', '654']",
653,O,-5.725317,2.993329,4.529201,140,['652'],
654,O,-7.222093,4.648808,4.459122,140,['652'],
655,H,-7.728166,3.044593,2.30336,138,['651'],
656,H,-6.794554,4.51002,1.912351,138,['651'],
657,N,-6.130319,1.042449,-0.08805,7,"['647', '658', '661']",
658,CA,-6.730749,0.507979,-1.300075,8,"['657', '659', '662', '663']",
659,C,-8.242522,0.3512,-1.050581,9,"['658', '660', '671']",
660,O,-8.688181,0.283106,0.093143,11,['659'],
661,HN,-5.786673,0.320305,0.557836,10,['657'],
662,H,-6.552653,1.224482,-2.137136,12,['658'],
663,C,-6.102603,-0.876281,-1.661878,37,"['658', '664', '665', '666']",
664,OH,-6.098945,-1.698461,-0.496296,39,"['663', '667']",
665,C,-4.634031,-0.723975,-2.118492,41,"['663', '668', '669', '670']",
666,H,-6.710796,-1.37622,-2.45756,38,['663'],
667,HO,-6.995908,-1.844201,-0.197307,40,['664'],
668,H,-4.183238,-1.701105,-2.381609,42,['665'],
669,H,-3.992375,-0.256,-1.338901,42,['665'],
670,H,-4.573768,-0.093536,-3.034834,42,['665'],
671,N,-9.061994,0.213703,-2.126583,50,"['659', '672', '678']",
672,CA,-10.465603,-0.174655,-1.982655,51,"['671', '673', '675', '676']",
673,C,-10.597754,-1.703648,-1.972755,52,"['672', '674', '685']",
674,O,-9.808675,-2.396382,-2.608273,53,['673'],
675,H,-10.912662,0.264436,-1.054041,54,['672'],
676,C,-11.162121,0.415017,-3.24007,55,"['672', '677', '679', '680']",
677,C,-10.122496,1.389287,-3.804028,57,"['676', '678', '681', '682']",
678,C,-8.804802,0.692011,-3.470854,59,"['671', '677', '683', '684']",
679,H,-12.128801,0.926906,-3.036379,56,['676'],
680,H,-11.36809,-0.375203,-3.999996,56,['676'],
681,H,-10.190063,2.386147,-3.307975,58,['677'],
682,H,-10.248832,1.556423,-4.897767,58,['677'],
683,H,-7.957687,1.405792,-3.559332,60,['678'],
684,H,-8.590538,-0.16343,-4.152299,60,['678'],
685,N,-11.70742,-2.179287,-1.365159,7,"['673', '686', '689']",
686,CA,-12.403829,-3.473326,-1.372964,8,"['685', '687', '690', '691']",
687,C,-13.003737,-3.622652,0.048159,9,"['686', '688', '700']",
688,O,-12.980875,-2.649416,0.807233,11,['687'],
689,HN,-12.116465,-1.561424,-0.651627,10,['685'],
690,H,-13.291998,-3.320704,-2.031772,12,['686'],
691,C,-11.597914,-4.708632,-1.900495,153,"['686', '692', '696', '697']",
692,C,-12.514734,-5.626541,-2.743048,155,"['691', '693', '698', '699']",
693,C,-11.972034,-6.905737,-3.358999,157,"['692', '694', '695']",
694,O,-10.774295,-7.234834,-3.127104,158,['693'],
695,O,-12.79355,-7.560464,-4.053542,158,['693'],
696,H,-11.104945,-5.277222,-1.079854,154,['691'],
697,H,-10.756072,-4.399703,-2.560664,154,['691'],
698,H,-12.908302,-5.044719,-3.607788,156,['692'],
699,H,-13.404566,-5.934871,-2.151613,156,['692'],
700,N,-13.742795,-4.719076,0.360387,7,"['687', '701', '704']",
701,CA,-14.621834,-4.805665,1.522979,8,"['700', '702', '705', '706']",
702,C,-16.06901,-5.080533,1.074813,9,"['701', '703', '714']",
703,O,-16.330302,-5.693643,0.027485,11,['702'],
704,HN,-13.863683,-5.486215,-0.319176,10,['700'],
705,H,-14.64944,-3.801359,2.037246,12,['701'],
706,C,-14.114898,-5.833245,2.577459,37,"['701', '707', '708', '709']",
707,OH,-15.086344,-5.918508,3.621061,39,"['706', '710']",
708,C,-13.893156,-7.224673,1.954763,41,"['706', '711', '712', '713']",
709,H,-13.166445,-5.447196,3.03486,38,['706'],
710,HO,-15.542263,-6.75798,3.600876,40,['707'],
711,H,-13.752997,-8.011351,2.723523,42,['708'],
712,H,-12.964379,-7.220314,1.33378,42,['708'],
713,H,-14.740841,-7.536495,1.293986,42,['708'],
714,N,-17.019097,-4.606499,1.90278,7,"['702', '715', '718']",
715,CA,-18.473616,-4.524894,1.746835,8,"['714', '716', '719', '720']",
716,C,-18.898641,-3.792183,0.455948,9,"['715', '717', '736']",
717,O,-18.193859,-2.894326,-0.005355,11,['716'],
718,HN,-16.677463,-4.374208,2.852387,10,['714'],
719,H,-18.859824,-5.571223,1.696163,12,['715'],
720,C,-19.012212,-3.806556,3.031728,182,"['715', '721', '725', '726']",
721,C,-18.651875,-2.294559,3.164813,184,"['720', '722', '727', '728']",
722,C,-18.799215,-1.793951,4.622207,186,"['721', '723', '729', '730']",
723,C,-18.124286,-0.444748,4.93863,188,"['722', '724', '731', '732']",
724,N,-18.640398,0.706745,4.212587,190,"['723', '733', '734', '735']",
725,H,-18.62189,-4.376046,3.912398,183,['720'],
726,H,-20.108028,-3.920395,3.114132,183,['720'],
727,H,-19.279527,-1.693607,2.463428,185,['721'],
728,H,-17.60246,-2.132324,2.820431,185,['721'],
729,H,-18.336844,-2.544509,5.313079,187,['722'],
730,H,-19.87808,-1.764362,4.899852,187,['722'],
731,H,-17.029673,-0.508183,4.748893,189,['723'],
732,H,-18.240027,-0.231492,6.026692,189,['723'],
733,HN,-18.123069,1.54875,4.451893,191,['724'],
734,HN,-19.608588,0.910907,4.429182,191,['724'],
735,HN,-18.612838,0.656065,3.195184,191,['724'],
736,N,-20.062526,-4.131172,-0.173241,7,"['716', '737', '740']",
737,CA,-21.207329,-4.971367,0.189017,8,"['736', '738', '741', '742']",
738,C,-21.88131,-4.511435,1.494861,9,"['737', '739', '754']",
739,O,-21.988641,-3.295727,1.642878,11,['738'],
740,HN,-20.243802,-3.612246,-1.044642,10,['736'],
741,H,-22.031171,-4.650808,-0.509916,12,['737'],
742,C,-20.931789,-6.462828,-0.161189,106,"['737', '743', '748', '749']",
743,C,-20.96754,-6.725512,-1.643965,108,"['742', '744', '745']",
744,N,-19.983564,-6.353741,-2.540009,109,"['743', '746', '750']",
745,C,-21.98792,-7.252252,-2.415132,111,"['743', '747', '751']",
746,C,-20.370052,-6.634021,-3.803979,113,"['744', '747', '752']",
747,N,-21.602786,-7.170955,-3.727772,115,"['745', '746', '753']",
748,H,-21.711134,-7.128257,0.262642,107,['742'],
749,H,-19.970404,-6.834241,0.267749,107,['742'],
750,HN,-19.071995,-5.931967,-2.308637,110,['744'],
751,H,-22.941151,-7.652987,-2.094336,112,['745'],
752,H,-19.819739,-6.457409,-4.713319,114,['746'],
753,HN,-22.158463,-7.461077,-4.551495,116,['747'],
754,N,-22.631694,-5.362833,2.274311,50,"['738', '755', '761']",
755,CA,-23.777814,-4.957961,3.098605,51,"['754', '756', '758', '759']",
756,C,-24.003076,-3.464363,3.367286,52,"['755', '757', '768']",
757,O,-23.845265,-2.957249,4.483889,53,['756'],
758,H,-24.710924,-5.317628,2.591399,54,['755'],
759,C,-23.584958,-5.722841,4.420983,55,"['755', '760', '762', '763']",
760,C,-22.767942,-6.957329,4.054898,57,"['759', '761', '764', '765']",
761,C,-22.286204,-6.733309,2.616598,59,"['754', '760', '766', '767']",
762,H,-24.563322,-5.981755,4.8839,56,['759'],
763,H,-23.026748,-5.120804,5.171825,56,['759'],
764,H,-23.36123,-7.89475,4.158139,58,['760'],
765,H,-21.906676,-7.055804,4.75939,58,['760'],
766,H,-22.815905,-7.448275,1.940704,60,['761'],
767,H,-21.189893,-6.940504,2.559404,60,['761'],
768,N,-24.591848,-2.784494,2.348293,7,"['756', '769', '772']",
769,CA,-25.016059,-1.385354,2.375611,8,"['768', '770', '773', '774']",
770,C,-25.349697,-0.880125,0.946976,9,"['769', '771', '790']",
771,O,-26.328004,-0.163815,0.727855,11,['770'],
772,HN,-24.740838,-3.281574,1.463801,10,['768'],
773,H,-24.157663,-0.752458,2.727719,12,['769'],
774,C,-26.2105,-1.288463,3.38898,182,"['769', '775', '779', '780']",
775,C,-26.467297,0.094415,4.013147,184,"['774', '776', '781', '782']",
776,C,-27.638918,0.09984,5.03014,186,"['775', '777', '783', '784']",
777,C,-27.542609,-0.934663,6.184384,188,"['776', '778', '785', '786']",
778,N,-28.045284,-2.255112,5.837477,190,"['777', '787', '788', '789']",
779,H,-25.94718,-1.962915,4.240796,183,['774'],
780,H,-27.137826,-1.70826,2.931186,183,['774'],
781,H,-26.644689,0.848748,3.20936,185,['775'],
782,H,-25.542046,0.445088,4.533948,185,['775'],
783,H,-28.61345,-0.004567,4.499117,187,['776'],
784,H,-27.677013,1.120255,5.492468,187,['776'],
785,H,-28.162915,-0.56241,7.031334,189,['777'],
786,H,-26.496237,-1.018772,6.559696,189,['777'],
787,HN,-28.064948,-2.890072,6.62851,191,['778'],
788,HN,-27.542615,-2.717344,5.090764,191,['778'],
789,HN,-29.016195,-2.17172,5.538423,191,['778'],
790,N,-24.64197,-1.492595,-0.039181,7,"['770', '791', '794']",
791,CA,-25.024126,-1.970605,-1.366078,8,"['790', '792', '795', '796']",
792,C,-24.410751,-1.111019,-2.482327,9,"['791', '793', '812']",
793,O,-23.777455,-0.111353,-2.187387,11,['792'],
794,HN,-23.621141,-1.53198,0.086542,10,['790'],
795,H,-24.443796,-2.928348,-1.476168,12,['791'],
796,C,-26.528045,-2.359863,-1.504322,182,"['791', '797', '801', '802']",
797,C,-27.552984,-1.24352,-1.818715,184,"['796', '798', '803', '804']",
798,C,-28.976721,-1.557734,-1.295749,186,"['797', '799', '805', '806']",
799,C,-29.1793,-1.480944,0.235894,188,"['798', '800', '807', '808']",
800,N,-28.946747,-0.139517,0.75829,190,"['799', '809', '810', '811']",
801,H,-26.840218,-2.949657,-0.610557,183,['796'],
802,H,-26.611423,-3.095009,-2.339535,183,['796'],
803,H,-27.591291,-1.124113,-2.928712,185,['797'],
804,H,-27.192879,-0.263487,-1.432524,185,['797'],
805,H,-29.298829,-2.564489,-1.659114,187,['798'],
806,H,-29.688164,-0.842077,-1.767236,187,['798'],
807,H,-28.501543,-2.196723,0.754455,189,['799'],
808,H,-30.213466,-1.79865,0.500978,189,['799'],
809,HN,-29.187245,-0.043593,1.736357,191,['800'],
810,HN,-29.403169,0.608691,0.246265,191,['800'],
811,HN,-27.950684,0.048358,0.716627,191,['800'],
812,N,-24.512132,-1.645631,-3.73472,1,"['792', '813', '816']",
813,CA,-23.977345,-1.260056,-5.027967,2,"['812', '814', '817', '818']",
814,C,-23.06716,-0.040215,-5.068777,3,"['813', '815', '819']",
815,O,-23.533017,1.099676,-4.885161,5,['814'],
816,HN,-25.076716,-2.496323,-3.845995,4,['812'],
817,H,-23.450962,-2.140536,-5.470279,6,['813'],
818,H,-24.83296,-1.049865,-5.720657,6,['813'],
819,N,-21.732538,-0.244445,-5.231489,7,"['814', '820', '823']",
820,CA,-20.738388,0.74971,-4.807808,8,"['819', '821', '824', '825']",
821,C,-19.349939,0.758389,-5.490247,9,"['820', '822', '835']",
822,O,-18.327373,1.128387,-4.895951,11,['821'],
823,HN,-21.378521,-1.150333,-5.591111,10,['819'],
824,H,-21.157674,1.772931,-5.009546,12,['820'],
825,C,-20.595505,0.504991,-3.252774,15,"['820', '826', '827', '828']",
826,C,-19.748205,-0.769234,-2.958157,17,"['825', '829', '830', '831']",
827,C,-20.102802,1.769064,-2.525716,17,"['825', '832', '833', '834']",
828,H,-21.627457,0.298699,-2.864224,16,['825'],
829,H,-19.438961,-0.854212,-1.891119,18,['826'],
830,H,-18.814648,-0.781676,-3.556088,18,['826'],
831,H,-20.306751,-1.696216,-3.22713,18,['826'],
832,H,-20.005667,1.606921,-1.430699,18,['827'],
833,H,-20.825731,2.600697,-2.665475,18,['827'],
834,H,-19.138893,2.149703,-2.938808,18,['827'],
835,N,-19.253647,0.093593,-6.654887,7,"['821', '836', '839']",
836,CA,-18.039732,-0.541867,-7.161006,8,"['835', '837', '840', '841']",
837,C,-17.110263,0.392113,-7.94477,9,"['836', '838', '850']",
838,O,-17.576111,1.098093,-8.826756,11,['837'],
839,HN,-20.064777,0.0978,-7.296082,10,['835'],
840,H,-17.454007,-0.910109,-6.289471,12,['836'],
841,C,-18.547937,-1.791986,-7.937262,153,"['836', '842', '846', '847']",
842,C,-17.912062,-2.284049,-9.245686,155,"['841', '843', '848', '849']",
843,C,-18.724704,-3.417406,-9.871499,157,"['842', '844', '845']",
844,O,-19.985732,-3.319308,-9.837339,158,['843'],
845,O,-18.125396,-4.418457,-10.335678,158,['843'],
846,H,-19.630712,-1.652098,-8.185674,154,['841'],
847,H,-18.539281,-2.655616,-7.232658,154,['841'],
848,H,-16.868224,-2.629519,-9.078257,156,['842'],
849,H,-17.860021,-1.458852,-9.994784,156,['842'],
850,N,-15.744379,0.375384,-7.714376,7,"['837', '851', '854']",
851,CA,-14.934299,0.620487,-6.522115,8,"['850', '852', '855', '856']",
852,C,-13.392847,0.589527,-6.706085,9,"['851', '853', '872']",
853,O,-12.703696,1.145569,-5.852271,11,['852'],
854,HN,-15.232727,0.686887,-8.547655,10,['850'],
855,H,-15.102481,1.712083,-6.307209,12,['851'],
856,C,-15.257419,-0.122829,-5.182993,182,"['851', '857', '861', '862']",
857,C,-14.710387,-1.558772,-5.010088,184,"['856', '858', '863', '864']",
858,C,-15.506123,-2.505983,-4.081613,186,"['857', '859', '865', '866']",
859,C,-16.050546,-2.006961,-2.722718,188,"['858', '860', '867', '868']",
860,N,-15.32512,-0.935041,-2.052916,190,"['859', '869', '870', '871']",
861,H,-16.339635,-0.043465,-4.960215,183,['856'],
862,H,-14.783823,0.502719,-4.387334,183,['856'],
863,H,-13.651799,-1.499558,-4.654463,185,['857'],
864,H,-14.64953,-2.041933,-6.014391,185,['857'],
865,H,-14.87781,-3.412515,-3.898472,187,['858'],
866,H,-16.374808,-2.902274,-4.659372,187,['858'],
867,H,-16.172313,-2.859673,-2.016071,189,['859'],
868,H,-17.085221,-1.632526,-2.877975,189,['859'],
869,HN,-15.939651,-0.119343,-2.049858,191,['860'],
870,HN,-14.485922,-0.635202,-2.533583,191,['860'],
871,HN,-15.088236,-1.142252,-1.087946,191,['860'],
872,N,-12.840574,-0.07919,-7.752102,7,"['852', '873', '876']",
873,CA,-11.406438,-0.255615,-7.996978,8,"['872', '874', '877', '878']",
874,C,-10.675864,-1.22929,-7.053644,9,"['873', '875', '893']",
875,O,-9.445291,-1.199238,-6.951251,11,['874'],
876,HN,-13.422956,-0.531519,-8.471048,10,['872'],
877,H,-11.329852,-0.777189,-8.976172,12,['873'],
878,C,-10.618374,1.077697,-8.143353,70,"['873', '879', '886', '887']",
879,C,-11.156252,1.890066,-9.299335,72,"['878', '880', '881']",
880,C,-10.831232,1.541722,-10.620758,73,"['879', '882', '888']",
881,C,-12.019848,2.972978,-9.08082,73,"['879', '883', '889']",
882,C,-11.358208,2.25761,-11.698052,75,"['880', '884', '890']",
883,C,-12.498057,3.725235,-10.156809,75,"['881', '884', '891']",
884,C,-12.158033,3.381166,-11.471107,77,"['882', '883', '885']",
885,OH,-12.535537,4.127888,-12.538668,78,"['884', '892']",
886,H,-9.537952,0.865454,-8.318801,71,['878'],
887,H,-10.655087,1.662737,-7.197505,71,['878'],
888,H,-10.159954,0.691704,-10.820263,74,['880'],
889,H,-12.29539,3.266727,-8.054819,74,['881'],
890,H,-11.130058,1.952055,-12.733503,76,['882'],
891,H,-13.120857,4.613837,-9.968594,76,['883'],
892,HO,-12.721616,5.026687,-12.292799,79,['885'],
893,N,-11.42864,-2.096894,-6.335304,1,"['874', '894', '897']",
894,CA,-10.886673,-3.06622,-5.412432,2,"['893', '895', '898', '899']",
895,C,-10.318573,-4.333051,-6.036263,3,"['894', '896', '900']",
896,O,-9.187495,-4.71123,-5.724973,5,['895'],
897,HN,-12.421305,-2.226013,-6.557297,4,['893'],
898,H,-10.051424,-2.603394,-4.841078,6,['894'],
899,H,-11.642112,-3.351081,-4.648843,6,['894'],
900,N,-11.015667,-4.926599,-7.048438,50,"['895', '901', '907']",
901,CA,-10.420858,-6.003715,-7.836332,51,"['900', '902', '904', '905']",
902,C,-9.177614,-5.551531,-8.602422,52,"['901', '903', '914']",
903,O,-8.209096,-6.303618,-8.720999,53,['902'],
904,H,-10.125512,-6.846267,-7.160887,54,['901'],
905,C,-11.563925,-6.429832,-8.782497,55,"['901', '906', '908', '909']",
906,C,-12.784389,-6.215625,-7.880655,57,"['905', '907', '910', '911']",
907,C,-12.456688,-4.851384,-7.26458,59,"['900', '906', '912', '913']",
908,H,-11.462316,-7.476361,-9.147133,56,['905'],
909,H,-11.621401,-5.769661,-9.686074,56,['905'],
910,H,-12.854661,-7.010084,-7.097276,58,['906'],
911,H,-13.739629,-6.217995,-8.454595,58,['906'],
912,H,-13.044051,-4.687534,-6.332849,60,['907'],
913,H,-12.696213,-4.033614,-7.988167,60,['907'],
914,N,-9.205924,-4.295298,-9.109389,7,"['902', '915', '918']",
915,CA,-8.154703,-3.618983,-9.846364,8,"['914', '916', '919', '920']",
916,C,-6.890562,-3.441358,-9.008937,9,"['915', '917', '929']",
917,O,-5.783594,-3.654615,-9.51541,11,['916'],
918,HN,-10.087982,-3.769994,-9.047992,10,['914'],
919,H,-7.858893,-4.278622,-10.698584,12,['915'],
920,C,-8.574328,-2.216851,-10.406051,153,"['915', '921', '925', '926']",
921,C,-9.694896,-2.226959,-11.467461,155,"['920', '922', '927', '928']",
922,C,-11.024786,-2.82838,-11.096147,157,"['921', '923', '924']",
923,O,-11.39934,-2.755594,-9.881818,158,['922'],
924,O,-11.629123,-3.509206,-11.962889,158,['922'],
925,H,-7.680305,-1.721231,-10.851113,154,['920'],
926,H,-8.88319,-1.561399,-9.558324,154,['920'],
927,H,-9.317734,-2.737673,-12.386009,156,['921'],
928,H,-9.901055,-1.185192,-11.800654,156,['921'],
929,N,-7.046823,-2.983957,-7.739408,7,"['916', '930', '933']",
930,CA,-5.955897,-2.750022,-6.80873,8,"['929', '931', '934', '935']",
931,C,-5.331155,-4.055769,-6.323714,9,"['930', '932', '939']",
932,O,-4.103025,-4.186033,-6.318564,11,['931'],
933,HN,-7.984506,-2.738305,-7.390431,10,['929'],
934,H,-5.142343,-2.210457,-7.349557,12,['930'],
935,C,-6.397389,-1.901115,-5.594646,13,"['930', '936', '937', '938']",
936,H,-5.530483,-1.652527,-4.944141,14,['935'],
937,H,-7.13524,-2.445113,-4.959803,14,['935'],
938,H,-6.86388,-0.938737,-5.902726,14,['935'],
939,N,-6.174494,-5.054085,-5.963065,7,"['931', '940', '943']",
940,CA,-5.746905,-6.377636,-5.548575,8,"['939', '941', '944', '945']",
941,C,-4.962285,-7.080417,-6.659491,9,"['940', '942', '950']",
942,O,-3.874208,-7.604663,-6.410991,11,['941'],
943,HN,-7.190748,-4.888255,-5.934483,10,['939'],
944,H,-5.021471,-6.264817,-4.707422,12,['940'],
945,C,-6.93331,-7.258127,-5.073005,33,"['940', '946', '947', '948']",
946,OH,-7.387995,-6.696258,-3.849133,35,"['945', '949']",
947,H,-6.614145,-8.31218,-4.888731,34,['945'],
948,H,-7.769771,-7.26784,-5.809348,34,['945'],
949,HO,-8.245865,-7.065538,-3.637573,36,['946'],
950,N,-5.46653,-7.006073,-7.917921,7,"['941', '951', '954']",
951,CA,-4.826611,-7.532439,-9.112684,8,"['950', '952', '955', '956']",
952,C,-3.486675,-6.867984,-9.430822,9,"['951', '953', '960']",
953,O,-2.525433,-7.549329,-9.789194,11,['952'],
954,HN,-6.399014,-6.595951,-8.063442,10,['950'],
955,H,-4.595935,-8.610747,-8.933037,12,['951'],
956,C,-5.745639,-7.412642,-10.35281,13,"['951', '957', '958', '959']",
957,H,-5.25331,-7.809948,-11.26821,14,['956'],
958,H,-6.034337,-6.355282,-10.554673,14,['956'],
959,H,-6.691955,-7.982123,-10.218814,14,['956'],
960,N,-3.415576,-5.516847,-9.35315,7,"['952', '961', '964']",
961,CA,-2.210434,-4.737569,-9.607516,8,"['960', '962', '965', '966']",
962,C,-1.098848,-5.087684,-8.617035,9,"['961', '963', '980']",
963,O,0.046728,-5.326311,-9.002109,11,['962'],
964,HN,-4.259133,-4.972955,-9.124162,10,['960'],
965,H,-1.814815,-5.014792,-10.614497,12,['961'],
966,C,-2.528737,-3.221969,-9.568522,61,"['961', '967', '973', '974']",
967,C,-1.333815,-2.321588,-9.788886,63,"['966', '968', '969']",
968,C,-0.981584,-1.911799,-11.085167,64,"['967', '970', '975']",
969,C,-0.560485,-1.873237,-8.703355,64,"['967', '971', '976']",
970,C,0.12838,-1.087415,-11.287639,66,"['968', '972', '977']",
971,C,0.535976,-1.030968,-8.906009,66,"['969', '972', '978']",
972,C,0.8835,-0.639437,-10.200609,68,"['970', '971', '979']",
973,H,-2.995142,-2.948903,-8.591856,62,['966'],
974,H,-3.301383,-2.981531,-10.335098,62,['966'],
975,H,-1.574145,-2.235535,-11.956628,65,['968'],
976,H,-0.803019,-2.188938,-7.676917,65,['969'],
977,H,0.40454,-0.783405,-12.306794,67,['970'],
978,H,1.129323,-0.689912,-8.043926,67,['971'],
979,H,1.751362,0.016066,-10.368084,69,['972'],
980,N,-1.473189,-5.152289,-7.318051,7,"['962', '981', '984']",
981,CA,-0.651242,-5.576314,-6.199507,8,"['980', '982', '985', '986']",
982,C,-0.067045,-6.969983,-6.430388,9,"['981', '983', '1002']",
983,O,1.13376,-7.180086,-6.247721,11,['982'],
984,HN,-2.434046,-4.875267,-7.071735,10,['980'],
985,H,0.224241,-4.888594,-6.117334,12,['981'],
986,C,-1.510621,-5.529644,-4.900878,182,"['981', '987', '991', '992']",
987,C,-0.965844,-6.279386,-3.672458,184,"['986', '988', '993', '994']",
988,C,0.286523,-5.59418,-3.091472,186,"['987', '989', '995', '996']",
989,C,0.628198,-6.045252,-1.659857,188,"['988', '990', '997', '998']",
990,N,-0.508781,-5.925986,-0.759114,190,"['989', '999', '1000', '1001']",
991,H,-2.510915,-5.97741,-5.129142,183,['986'],
992,H,-1.730469,-4.465865,-4.641549,183,['986'],
993,H,-0.763633,-7.348355,-3.9162,185,['987'],
994,H,-1.798288,-6.306426,-2.931255,185,['987'],
995,H,0.128267,-4.488293,-3.080786,187,['988'],
996,H,1.159696,-5.774002,-3.763537,187,['988'],
997,H,1.451063,-5.404328,-1.270402,189,['989'],
998,H,1.005103,-7.089536,-1.656711,189,['989'],
999,HN,-0.250669,-5.818402,0.21475,191,['990'],
1000,HN,-1.182823,-6.690002,-0.829612,191,['990'],
1001,HN,-1.035053,-5.09006,-1.010202,191,['990'],
1002,N,-0.953016,-7.929006,-6.7854,7,"['982', '1003', '1006']",
1003,CA,-0.653681,-9.318327,-7.069129,8,"['1002', '1004', '1007', '1008']",
1004,C,0.358276,-9.451156,-8.205543,9,"['1003', '1005', '1024']",
1005,O,1.365347,-10.142968,-8.065773,11,['1004'],
1006,HN,-1.954857,-7.694545,-6.814708,10,['1002'],
1007,H,-0.150404,-9.759713,-6.177323,12,['1003'],
1008,C,-1.982666,-10.077909,-7.348351,182,"['1003', '1009', '1013', '1014']",
1009,C,-1.840387,-11.557907,-7.73788,184,"['1008', '1010', '1015', '1016']",
1010,C,-3.174161,-12.338891,-7.657163,186,"['1009', '1011', '1017', '1018']",
1011,C,-3.304246,-13.608099,-8.533858,188,"['1010', '1012', '1019', '1020']",
1012,N,-2.124025,-14.444887,-8.563878,190,"['1011', '1021', '1022', '1023']",
1013,H,-2.547051,-9.558689,-8.159445,183,['1008'],
1014,H,-2.629856,-9.999287,-6.440133,183,['1008'],
1015,H,-1.088391,-12.054076,-7.081272,185,['1009'],
1016,H,-1.415731,-11.621046,-8.768742,185,['1009'],
1017,H,-4.023059,-11.668026,-7.931323,187,['1010'],
1018,H,-3.356437,-12.612304,-6.591223,187,['1010'],
1019,H,-3.547422,-13.322063,-9.582506,189,['1011'],
1020,H,-4.158152,-14.221335,-8.167782,189,['1011'],
1021,HN,-2.262097,-15.377176,-8.93292,191,['1012'],
1022,HN,-1.641998,-14.517444,-7.670905,191,['1012'],
1023,HN,-1.357267,-14.036012,-9.09304,191,['1012'],
1024,N,0.135712,-8.719797,-9.323729,7,"['1004', '1025', '1028']",
1025,CA,1.024345,-8.684776,-10.470625,8,"['1024', '1026', '1029', '1030']",
1026,C,2.417001,-8.139386,-10.133878,9,"['1025', '1027', '1046']",
1027,O,3.417473,-8.639238,-10.651341,11,['1026'],
1028,HN,-0.730994,-8.172391,-9.404248,10,['1024'],
1029,H,1.195736,-9.745568,-10.783573,12,['1025'],
1030,C,0.384976,-7.891855,-11.653977,182,"['1025', '1031', '1035', '1036']",
1031,C,1.07888,-8.119256,-13.018051,184,"['1030', '1032', '1037', '1038']",
1032,C,0.35668,-7.405617,-14.185936,186,"['1031', '1033', '1039', '1040']",
1033,C,0.874874,-5.97481,-14.429857,188,"['1032', '1034', '1041', '1042']",
1034,N,0.154497,-5.318835,-15.512514,190,"['1033', '1043', '1044', '1045']",
1035,H,0.364169,-6.806372,-11.391816,183,['1030'],
1036,H,-0.685653,-8.200818,-11.743835,183,['1030'],
1037,H,1.092376,-9.218624,-13.216959,185,['1031'],
1038,H,2.152858,-7.823554,-12.953064,185,['1031'],
1039,H,-0.748083,-7.40234,-14.020905,187,['1032'],
1040,H,0.51065,-8.007349,-15.114108,187,['1032'],
1041,H,1.958607,-6.004642,-14.687195,189,['1033'],
1042,H,0.791459,-5.347252,-13.511851,189,['1033'],
1043,HN,0.653239,-4.517542,-15.880392,191,['1034'],
1044,HN,-0.718086,-4.909778,-15.201506,191,['1034'],
1045,HN,-0.10223,-5.908199,-16.298318,191,['1034'],
1046,N,2.507105,-7.099324,-9.263162,7,"['1026', '1047', '1050']",
1047,CA,3.779501,-6.566153,-8.809173,8,"['1046', '1048', '1051', '1052']",
1048,C,4.596435,-7.598974,-8.039322,9,"['1047', '1049', '1063']",
1049,O,5.774743,-7.777707,-8.328742,11,['1048'],
1050,HN,1.657679,-6.640445,-8.906395,10,['1046'],
1051,H,4.407394,-6.369625,-9.714107,12,['1047'],
1052,C,3.707085,-5.250352,-7.97026,175,"['1047', '1053', '1056', '1057']",
1053,C,3.331087,-3.999524,-8.793952,177,"['1052', '1054', '1058', '1059']",
1054,S,3.723891,-2.458729,-7.910023,179,"['1053', '1055']",
1055,C,5.532547,-2.481412,-7.771309,180,"['1054', '1060', '1061', '1062']",
1056,H,4.718033,-5.101163,-7.52172,176,['1052'],
1057,H,3.008722,-5.379061,-7.108251,176,['1052'],
1058,H,2.244728,-4.022063,-9.041711,178,['1053'],
1059,H,3.869153,-4.003761,-9.769998,178,['1053'],
1060,H,5.898394,-1.461822,-7.516887,181,['1055'],
1061,H,5.984258,-2.81655,-8.732278,181,['1055'],
1062,H,5.840758,-3.179619,-6.96729,181,['1055'],
1063,N,3.999129,-8.213411,-6.988792,7,"['1048', '1064', '1067']",
1064,CA,4.739939,-9.089746,-6.101479,8,"['1063', '1065', '1068', '1069']",
1065,C,5.109635,-10.432825,-6.739827,9,"['1064', '1066', '1079']",
1066,O,6.202979,-10.935444,-6.488276,11,['1065'],
1067,HN,2.993142,-8.09522,-6.805142,10,['1063'],
1068,H,5.740344,-8.613119,-5.939277,12,['1064'],
1069,C,4.117632,-9.27535,-4.671991,15,"['1064', '1070', '1071', '1072']",
1070,C,4.058009,-7.912766,-3.93073,17,"['1069', '1073', '1074', '1075']",
1071,C,2.702919,-9.904464,-4.684067,17,"['1069', '1076', '1077', '1078']",
1072,H,4.80112,-9.950433,-4.097534,16,['1069'],
1073,H,3.732126,-8.032408,-2.873604,18,['1070'],
1074,H,3.36299,-7.197761,-4.427055,18,['1070'],
1075,H,5.0625,-7.432987,-3.908419,18,['1070'],
1076,H,2.33318,-10.097923,-3.652392,18,['1071'],
1077,H,2.701031,-10.885264,-5.208018,18,['1071'],
1078,H,1.949486,-9.265333,-5.192785,18,['1071'],
1079,N,4.196421,-11.032865,-7.543659,7,"['1065', '1080', '1083']",
1080,CA,4.384144,-12.324779,-8.189318,8,"['1079', '1081', '1084', '1085']",
1081,C,5.354068,-12.304021,-9.369303,9,"['1080', '1082', '1094']",
1082,O,6.107046,-13.258905,-9.552539,11,['1081'],
1083,HN,3.29027,-10.579602,-7.722348,10,['1079'],
1084,H,4.882611,-13.006741,-7.457387,12,['1080'],
1085,C,3.038188,-12.963567,-8.636232,153,"['1080', '1086', '1090', '1091']",
1086,C,2.112564,-13.357939,-7.465029,155,"['1085', '1087', '1092', '1093']",
1087,C,0.738474,-13.848304,-7.84842,157,"['1086', '1088', '1089']",
1088,O,0.321092,-13.732719,-9.041982,158,['1087'],
1089,O,-0.042291,-14.270112,-6.950772,158,['1087'],
1090,H,3.229174,-13.870383,-9.259933,154,['1085'],
1091,H,2.496721,-12.258825,-9.311031,154,['1085'],
1092,H,1.964573,-12.48774,-6.786265,156,['1086'],
1093,H,2.593638,-14.16245,-6.864899,156,['1086'],
1094,N,5.385628,-11.195016,-10.15044,7,"['1081', '1095', '1098']",
1095,CA,6.358609,-11.012802,-11.221547,8,"['1094', '1096', '1099', '1100']",
1096,C,7.750557,-10.55362,-10.737198,9,"['1095', '1097', '1108']",
1097,O,8.654773,-10.391005,-11.560648,11,['1096'],
1098,HN,4.695237,-10.440161,-10.028558,10,['1094'],
1099,H,6.529537,-12.002114,-11.717258,12,['1095'],
1100,C,5.86933,-9.99407,-12.294208,147,"['1095', '1101', '1104', '1105']",
1101,C,4.675589,-10.408108,-13.142936,149,"['1100', '1102', '1103']",
1102,O,4.237387,-11.55459,-13.171367,150,['1101'],
1103,N,4.185057,-9.43461,-13.941035,151,"['1101', '1106', '1107']",
1104,H,6.721427,-9.807981,-12.98969,148,['1100'],
1105,H,5.653042,-9.019672,-11.798959,148,['1100'],
1106,HN,4.513788,-8.463984,-13.8344,152,['1103'],
1107,HN,3.435393,-9.680195,-14.600346,152,['1103'],
1108,N,7.929733,-10.227017,-9.43152,7,"['1096', '1109', '1112']",
1109,CA,9.16775,-9.688407,-8.876786,8,"['1108', '1110', '1113', '1114']",
1110,C,10.173718,-10.816937,-8.658919,9,"['1109', '1111', '1118']",
1111,O,9.85071,-11.838009,-8.040341,11,['1110'],
1112,HN,7.203269,-10.425767,-8.73285,10,['1108'],
1113,H,9.587724,-8.935458,-9.58946,12,['1109'],
1114,C,8.891801,-9.02635,-7.502556,13,"['1109', '1115', '1116', '1117']",
1115,H,9.797876,-8.520967,-7.100985,14,['1114'],
1116,H,8.569276,-9.789807,-6.757802,14,['1114'],
1117,H,8.072062,-8.280339,-7.57629,14,['1114'],
1118,N,11.459081,-10.607753,-9.049315,7,"['1110', '1119', '1122']",
1119,CA,12.513184,-11.545388,-8.692236,8,"['1118', '1120', '1123', '1124']",
1120,C,12.923833,-11.368454,-7.220834,9,"['1119', '1121', '1140']",
1121,O,13.003495,-12.359766,-6.486531,11,['1120'],
1122,HN,11.729784,-9.71629,-9.496515,10,['1118'],
1123,H,12.043493,-12.563869,-8.702793,12,['1119'],
1124,C,13.703851,-11.632612,-9.70131,182,"['1119', '1125', '1129', '1130']",
1125,C,14.804256,-10.558223,-9.599828,184,"['1124', '1126', '1131', '1132']",
1126,C,15.961551,-10.671597,-10.62418,186,"['1125', '1127', '1133', '1134']",
1127,C,15.611085,-10.076806,-12.002585,188,"['1126', '1128', '1135', '1136']",
1128,N,16.757081,-9.940206,-12.894829,190,"['1127', '1137', '1138', '1139']",
1129,H,13.279052,-11.662198,-10.734641,183,['1124'],
1130,H,14.190766,-12.627692,-9.559759,183,['1124'],
1131,H,15.242756,-10.614799,-8.578336,185,['1125'],
1132,H,14.337739,-9.55027,-9.670896,185,['1125'],
1133,H,16.290394,-11.734598,-10.725731,187,['1126'],
1134,H,16.835648,-10.117505,-10.205509,187,['1126'],
1135,H,15.130731,-9.07608,-11.902155,189,['1127'],
1136,H,14.86368,-10.730526,-12.500596,189,['1127'],
1137,HN,16.479359,-9.593221,-13.807187,191,['1128'],
1138,HN,17.24954,-10.810603,-13.096501,191,['1128'],
1139,HN,17.462092,-9.299129,-12.546306,191,['1128'],
1140,N,13.106176,-10.117474,-6.726334,7,"['1120', '1141', '1144']",
1141,CA,13.37528,-9.756646,-5.339386,8,"['1140', '1142', '1145', '1146']",
1142,C,12.205518,-8.956497,-4.734787,9,"['1141', '1143', '1162']",
1143,O,11.844326,-7.876527,-5.219994,11,['1142'],
1144,HN,13.053259,-9.312984,-7.366977,10,['1140'],
1145,H,13.519816,-10.692479,-4.742773,12,['1141'],
1146,C,14.648832,-8.854424,-5.211078,182,"['1141', '1147', '1151', '1152']",
1147,C,15.940543,-9.442141,-5.8145,184,"['1146', '1148', '1153', '1154']",
1148,C,17.187469,-8.582201,-5.493401,186,"['1147', '1149', '1155', '1156']",
1149,C,18.409949,-8.98857,-6.341928,188,"['1148', '1150', '1157', '1158']",
1150,N,19.654673,-8.460713,-5.802711,190,"['1149', '1159', '1160', '1161']",
1151,H,14.80923,-8.626984,-4.129913,183,['1146'],
1152,H,14.440038,-7.87211,-5.70281,183,['1146'],
1153,H,15.812766,-9.505021,-6.918953,185,['1147'],
1154,H,16.090465,-10.488871,-5.455774,185,['1147'],
1155,H,17.419818,-8.669062,-4.404267,187,['1148'],
1156,H,16.965635,-7.502963,-5.678567,187,['1148'],
1157,H,18.28522,-8.658067,-7.39884,189,['1149'],
1158,H,18.500105,-10.1003,-6.361749,189,['1149'],
1159,HN,20.451609,-8.938826,-6.212714,191,['1150'],
1160,HN,19.737659,-8.651128,-4.808804,191,['1150'],
1161,HN,19.803568,-7.458099,-5.93149,191,['1150'],
1162,N,11.722186,-9.389336,-3.546974,7,"['1142', '1163', '1166']",
1163,CA,10.88611,-8.627565,-2.628289,8,"['1162', '1164', '1167', '1168']",
1164,C,11.793763,-8.166057,-1.471229,9,"['1163', '1165', '1181']",
1165,O,12.612461,-8.928968,-0.949182,11,['1164'],
1166,HN,12.029437,-10.29871,-3.180445,10,['1162'],
1167,H,10.481586,-7.733801,-3.159485,12,['1163'],
1168,C,9.684206,-9.466963,-2.063735,25,"['1163', '1169', '1170', '1172']",
1169,C,8.765505,-10.045782,-3.18214,27,"['1168', '1171', '1173', '1174']",
1170,C,8.847241,-8.653694,-1.039518,29,"['1168', '1175', '1176', '1177']",
1171,C,7.957663,-9.009765,-3.976609,31,"['1169', '1178', '1179', '1180']",
1172,H,10.124209,-10.335411,-1.519779,26,['1168'],
1173,H,8.055064,-10.777174,-2.728601,28,['1169'],
1174,H,9.37776,-10.646087,-3.895646,28,['1169'],
1175,H,7.941747,-9.20908,-0.709334,30,['1170'],
1176,H,8.51906,-7.674903,-1.454221,30,['1170'],
1177,H,9.434662,-8.438607,-0.119321,30,['1170'],
1178,H,7.355913,-9.522773,-4.760222,32,['1171'],
1179,H,8.610444,-8.274413,-4.495342,32,['1171'],
1180,H,7.245361,-8.445692,-3.336629,32,['1171'],
1181,N,11.625452,-6.895845,-1.035342,7,"['1164', '1182', '1185']",
1182,CA,12.288112,-6.292209,0.107158,8,"['1181', '1183', '1186', '1187']",
1183,C,11.240555,-5.646717,1.030807,9,"['1182', '1184', '1196']",
1184,O,10.302266,-4.976949,0.583325,11,['1183'],
1185,HN,10.930856,-6.292563,-1.499081,10,['1181'],
1186,H,12.805517,-7.097272,0.687188,12,['1182'],
1187,C,13.327708,-5.22321,-0.339731,153,"['1182', '1188', '1192', '1193']",
1188,C,14.509754,-5.767048,-1.174006,155,"['1187', '1189', '1194', '1195']",
1189,C,15.443874,-4.69395,-1.69665,157,"['1188', '1190', '1191']",
1190,O,14.991514,-3.887327,-2.558144,158,['1189'],
1191,O,16.646569,-4.685321,-1.314281,158,['1189'],
1192,H,13.730942,-4.713791,0.564258,154,['1187'],
1193,H,12.809235,-4.431042,-0.917662,154,['1187'],
1194,H,14.144104,-6.344472,-2.053224,156,['1188'],
1195,H,15.092423,-6.490863,-0.563686,156,['1188'],
1196,N,11.434062,-5.817893,2.358928,7,"['1183', '1197', '1200']",
1197,CA,10.701965,-5.221651,3.470069,8,"['1196', '1198', '1201', '1202']",
1198,C,11.568806,-4.073364,4.013492,9,"['1197', '1199', '1212']",
1199,O,12.764868,-4.255247,4.242887,11,['1198'],
1200,HN,12.267571,-6.337295,2.66591,10,['1196'],
1201,H,9.717919,-4.827653,3.120189,12,['1197'],
1202,C,10.473697,-6.313012,4.588107,15,"['1197', '1203', '1204', '1205']",
1203,C,9.914714,-5.715992,5.90189,17,"['1202', '1206', '1207', '1208']",
1204,C,9.486097,-7.408884,4.108238,17,"['1202', '1209', '1210', '1211']",
1205,H,11.459665,-6.797278,4.806541,16,['1202'],
1206,H,9.801258,-6.501104,6.68271,18,['1203'],
1207,H,8.91645,-5.250499,5.758793,18,['1203'],
1208,H,10.587396,-4.944312,6.335649,18,['1203'],
1209,H,9.421433,-8.245254,4.842066,18,['1204'],
1210,H,9.796258,-7.855636,3.139525,18,['1204'],
1211,H,8.453462,-7.017212,3.977468,18,['1204'],
1212,N,10.987891,-2.873451,4.254809,7,"['1198', '1213', '1216']",
1213,CA,11.626679,-1.729741,4.89743,8,"['1212', '1214', '1217', '1218']",
1214,C,10.681974,-1.22774,5.999319,9,"['1213', '1215', '1227']",
1215,O,9.648364,-0.60408,5.728828,11,['1214'],
1216,HN,10.02601,-2.695889,3.934821,10,['1212'],
1217,H,12.591337,-2.056816,5.359136,12,['1213'],
1218,C,11.899152,-0.593606,3.858595,153,"['1213', '1219', '1223', '1224']",
1219,C,12.673871,0.626268,4.417903,155,"['1218', '1220', '1225', '1226']",
1220,C,12.738778,1.847743,3.51708,157,"['1219', '1221', '1222']",
1221,O,11.711486,2.181368,2.859571,158,['1220'],
1222,O,13.804412,2.523058,3.467055,158,['1220'],
1223,H,10.916962,-0.241068,3.472783,154,['1218'],
1224,H,12.448938,-0.998754,2.978101,154,['1218'],
1225,H,13.714566,0.323758,4.667289,156,['1219'],
1226,H,12.212369,0.966483,5.373341,156,['1219'],
1227,N,11.008739,-1.539594,7.277025,7,"['1214', '1228', '1231']",
1228,CA,10.271327,-1.043734,8.437872,8,"['1227', '1229', '1232', '1233']",
1229,C,10.650063,0.424759,8.675304,9,"['1228', '1230', '1247']",
1230,O,11.784546,0.842252,8.430136,11,['1229'],
1231,HN,11.85621,-2.089004,7.469752,10,['1227'],
1232,H,9.175812,-1.083122,8.206849,12,['1228'],
1233,C,10.560924,-1.860469,9.728153,61,"['1228', '1234', '1240', '1241']",
1234,C,9.951542,-3.24657,9.699112,63,"['1233', '1235', '1236']",
1235,C,8.616026,-3.447264,10.09755,64,"['1234', '1237', '1242']",
1236,C,10.711006,-4.368388,9.328069,64,"['1234', '1238', '1243']",
1237,C,8.067649,-4.732078,10.172373,66,"['1235', '1239', '1244']",
1238,C,10.154149,-5.649536,9.383344,66,"['1236', '1239', '1245']",
1239,C,8.843268,-5.84005,9.825998,68,"['1237', '1238', '1246']",
1240,H,10.144537,-1.325228,10.612289,62,['1233'],
1241,H,11.655353,-1.930449,9.921897,62,['1233'],
1242,H,7.986288,-2.592977,10.393069,65,['1235'],
1243,H,11.761171,-4.263262,9.008389,65,['1236'],
1244,H,7.034109,-4.869334,10.529101,67,['1237'],
1245,H,10.763068,-6.511755,9.08304,67,['1238'],
1246,H,8.421518,-6.855968,9.899445,69,['1239'],
1247,N,9.666473,1.219137,9.166584,7,"['1229', '1248', '1251']",
1248,CA,9.846011,2.632947,9.504634,8,"['1247', '1249', '1252', '1253']",
1249,C,10.236176,2.740121,10.996563,9,"['1248', '1250', '1259']",
1250,O,10.246893,1.747858,11.734317,11,['1249'],
1251,HN,8.770708,0.801887,9.455891,10,['1247'],
1252,H,10.727144,3.011028,8.925883,12,['1248'],
1253,C,8.580732,3.436934,9.074117,137,"['1248', '1254', '1257', '1258']",
1254,C,8.764481,4.912695,8.793158,139,"['1253', '1255', '1256']",
1255,O,9.782044,5.4986,9.239304,140,['1254'],
1256,O,7.910295,5.517572,8.090179,140,['1254'],
1257,H,7.77772,3.31565,9.832865,138,['1253'],
1258,H,8.168781,2.983708,8.141483,138,['1253'],
1259,N,10.608255,3.964543,11.442679,7,"['1249', '1260', '1263']",
1260,CA,11.055203,4.329395,12.779595,8,"['1259', '1261', '1264', '1265']",
1261,C,10.034916,4.069502,13.89618,9,"['1260', '1262', '1281']",
1262,O,10.424095,3.753448,15.022243,11,['1261'],
1263,HN,10.605389,4.74073,10.769456,10,['1259'],
1264,H,11.922238,3.673076,13.0367,12,['1260'],
1265,C,11.52966,5.818441,12.818385,182,"['1260', '1266', '1270', '1271']",
1266,C,10.406067,6.869646,12.615458,184,"['1265', '1267', '1272', '1273']",
1267,C,10.897249,8.283815,12.211005,186,"['1266', '1268', '1274', '1275']",
1268,C,9.744556,9.148395,11.652028,188,"['1267', '1269', '1276', '1277']",
1269,N,10.162617,10.393713,11.027502,190,"['1268', '1278', '1279', '1280']",
1270,H,12.330512,5.958242,12.053356,183,['1265'],
1271,H,12.019517,6.008503,13.800092,183,['1265'],
1272,H,9.798905,6.952749,13.548546,185,['1266'],
1273,H,9.700666,6.509837,11.828591,185,['1266'],
1274,H,11.694327,8.194659,11.439677,187,['1267'],
1275,H,11.3729,8.789987,13.084808,187,['1267'],
1276,H,8.997141,9.373781,12.445784,189,['1268'],
1277,H,9.199282,8.572321,10.868977,189,['1268'],
1278,HN,9.36127,10.781126,10.530708,191,['1269'],
1279,HN,10.879821,10.202829,10.327466,191,['1269'],
1280,HN,10.508151,11.09757,11.670162,191,['1269'],
1281,N,8.73097,4.265352,13.581726,1,"['1261', '1282', '1285']",
1282,CA,7.61907,4.038766,14.472691,2,"['1281', '1283', '1286', '1287']",
1283,C,7.395942,2.568724,14.806313,3,"['1282', '1284', '1288']",
1284,O,8.239008,1.700623,14.561799,5,['1283'],
1285,HN,8.459796,4.614958,12.654942,4,['1281'],
1286,H,7.77775,4.58836,15.429181,6,['1282'],
1287,H,6.691842,4.462422,14.022816,6,['1282'],
1288,N,6.199815,2.295384,15.384484,7,"['1283', '1289', '1292']",
1289,CA,5.745839,0.955171,15.744355,8,"['1288', '1290', '1293', '1294']",
1290,C,5.771396,0.057481,14.50068,9,"['1289', '1291', '1305']",
1291,O,5.473496,0.501765,13.391143,11,['1290'],
1292,HN,5.51139,3.056217,15.481557,10,['1288'],
1293,H,6.461102,0.527464,16.49025,12,['1289'],
1294,C,4.311443,0.986895,16.347195,167,"['1289', '1295', '1299', '1300']",
1295,C,4.229221,1.703077,17.723021,169,"['1294', '1296', '1301', '1302']",
1296,C,2.825122,1.6943,18.313429,171,"['1295', '1297', '1298']",
1297,O,2.015207,0.821798,18.002747,172,['1296'],
1298,N,2.544739,2.6306,19.243517,173,"['1296', '1303', '1304']",
1299,H,3.925068,-0.054142,16.465289,168,['1294'],
1300,H,3.612201,1.476565,15.629693,168,['1294'],
1301,H,4.593994,2.752311,17.646433,170,['1295'],
1302,H,4.894569,1.193382,18.457606,170,['1295'],
1303,HN,3.206048,3.359534,19.549509,174,['1298'],
1304,HN,1.62179,2.596629,19.692015,174,['1298'],
1305,N,6.218536,-1.21195,14.65988,7,"['1290', '1306', '1309']",
1306,CA,6.397492,-2.155481,13.570697,8,"['1305', '1307', '1310', '1311']",
1307,C,5.27172,-3.175398,13.361628,9,"['1306', '1308', '1329']",
1308,O,5.330873,-3.924381,12.382048,11,['1307'],
1309,HN,6.333041,-1.606417,15.605671,10,['1305'],
1310,H,6.362636,-1.582342,12.608722,12,['1306'],
1311,C,7.787773,-2.873969,13.627606,202,"['1306', '1312', '1318', '1319']",
1312,C,9.002157,-1.963021,13.321806,204,"['1311', '1313', '1320', '1321']",
1313,C,9.502803,-1.116623,14.507,206,"['1312', '1314', '1322', '1323']",
1314,N,10.495709,-0.163018,14.033099,208,"['1313', '1315', '1324']",
1315,C,11.827931,-0.252285,14.092614,210,"['1314', '1316', '1317']",
1316,N,12.475997,-1.174951,14.812972,211,"['1315', '1325', '1326']",
1317,N,12.539036,0.65245,13.405384,211,"['1315', '1327', '1328']",
1318,H,7.777097,-3.675153,12.849755,203,['1311'],
1319,H,7.907645,-3.420969,14.592943,203,['1311'],
1320,H,8.73451,-1.306198,12.459681,205,['1312'],
1321,H,9.834594,-2.612845,12.953552,205,['1312'],
1322,H,9.890364,-1.779746,15.307913,207,['1313'],
1323,H,8.660532,-0.556737,14.967514,207,['1313'],
1324,HN,10.076819,0.65086,13.556536,209,['1314'],
1325,HN,11.947142,-1.836479,15.395587,212,['1316'],
1326,HN,13.503206,-1.214199,14.816506,212,['1316'],
1327,HN,12.030416,1.312074,12.79862,212,['1317'],
1328,HN,13.567456,0.674187,13.4439,212,['1317'],
1329,N,4.218592,-3.214189,14.212196,7,"['1307', '1330', '1333']",
1330,CA,3.080771,-4.115649,14.039105,8,"['1329', '1331', '1334', '1335']",
1331,C,1.792601,-3.345639,14.364479,9,"['1330', '1332', '1343']",
1332,O,1.826339,-2.333763,15.074702,11,['1331'],
1333,HN,4.076176,-2.517879,14.955672,10,['1329'],
1334,H,3.022314,-4.425576,12.965689,12,['1330'],
1335,C,3.187844,-5.406846,14.914123,37,"['1330', '1336', '1337', '1338']",
1336,OH,2.940724,-5.098688,16.281741,39,"['1335', '1339']",
1337,C,4.568531,-6.086705,14.87467,41,"['1335', '1340', '1341', '1342']",
1338,H,2.408786,-6.128813,14.561625,38,['1335'],
1339,HO,1.993241,-5.093407,16.411828,40,['1336'],
1340,H,4.544674,-7.074626,15.385518,42,['1337'],
1341,H,5.370463,-5.481478,15.351556,42,['1337'],
1342,H,4.886048,-6.274306,13.825089,42,['1337'],
1343,N,0.637,-3.84946,13.862247,7,"['1331', '1344', '1347']",
1344,CA,-0.694609,-3.395944,14.258604,8,"['1343', '1345', '1348', '1349']",
1345,C,-1.283008,-4.406262,15.253594,9,"['1344', '1346', '1355']",
1346,O,-0.700421,-5.456594,15.525835,11,['1345'],
1347,HN,0.657304,-4.671603,13.237939,10,['1343'],
1348,H,-0.589675,-2.440546,14.829051,12,['1344'],
1349,C,-1.598552,-3.137541,13.017432,137,"['1344', '1350', '1353', '1354']",
1350,C,-1.992211,-4.283479,12.10375,139,"['1349', '1351', '1352']",
1351,O,-1.765265,-5.466265,12.458579,140,['1350'],
1352,O,-2.591551,-3.999073,11.021546,140,['1350'],
1353,H,-1.094068,-2.36171,12.39562,138,['1349'],
1354,H,-2.544273,-2.65604,13.357934,138,['1349'],
1355,N,-2.491855,-4.076975,15.784905,7,"['1345', '1356', '1359']",
1356,CA,-3.282963,-4.917526,16.678774,8,"['1355', '1357', '1360', '1361']",
1357,C,-3.688849,-6.285838,16.107092,9,"['1356', '1358', '1377']",
1358,O,-4.178823,-7.141485,16.845577,11,['1357'],
1359,HN,-2.871161,-3.137888,15.612217,10,['1355'],
1360,H,-2.626005,-5.182863,17.549424,12,['1356'],
1361,C,-4.540069,-4.163763,17.230353,182,"['1356', '1362', '1366', '1367']",
1362,C,-5.60427,-3.678556,16.20703,184,"['1361', '1363', '1368', '1369']",
1363,C,-6.589722,-2.654193,16.835764,186,"['1362', '1364', '1370', '1371']",
1364,C,-7.315645,-1.716261,15.839614,188,"['1363', '1365', '1372', '1373']",
1365,N,-8.657385,-2.152618,15.468671,190,"['1364', '1374', '1375', '1376']",
1366,H,-4.168959,-3.297675,17.82759,183,['1361'],
1367,H,-5.036731,-4.82977,17.980036,183,['1361'],
1368,H,-6.155968,-4.561211,15.806377,185,['1362'],
1369,H,-5.088823,-3.222318,15.330873,185,['1362'],
1370,H,-6.010135,-1.994822,17.526394,187,['1363'],
1371,H,-7.31425,-3.178904,17.502504,187,['1363'],
1372,H,-6.710791,-1.544225,14.919781,189,['1364'],
1373,H,-7.418165,-0.712012,16.313415,189,['1364'],
1374,HN,-9.165993,-1.399476,15.015734,191,['1365'],
1375,HN,-9.217445,-2.440607,16.274675,191,['1365'],
1376,HN,-8.664507,-2.926977,14.806884,191,['1365'],
1377,N,-3.512748,-6.520073,14.782864,7,"['1357', '1378', '1381']",
1378,CA,-3.803392,-7.780829,14.1292,8,"['1377', '1379', '1382', '1383']",
1379,C,-2.573742,-8.657104,13.878012,9,"['1378', '1380', '1398']",
1380,O,-2.703464,-9.695129,13.222784,11,['1379'],
1381,HN,-3.035348,-5.855304,14.157496,10,['1377'],
1382,H,-4.446423,-8.394163,14.802967,12,['1378'],
1383,C,-4.576195,-7.549907,12.799013,70,"['1378', '1384', '1391', '1392']",
1384,C,-5.800223,-6.70919,13.084763,72,"['1383', '1385', '1386']",
1385,C,-6.903802,-7.274229,13.745317,73,"['1384', '1387', '1393']",
1386,C,-5.820555,-5.339571,12.774418,73,"['1384', '1388', '1394']",
1387,C,-8.029653,-6.500383,14.033723,75,"['1385', '1389', '1395']",
1388,C,-6.946014,-4.563361,13.056707,75,"['1386', '1389', '1396']",
1389,C,-8.054052,-5.150942,13.671457,77,"['1387', '1388', '1390']",
1390,OH,-9.195878,-4.41996,13.801003,78,"['1389', '1397']",
1391,H,-4.868565,-8.533458,12.362689,71,['1383'],
1392,H,-3.919455,-7.048172,12.050123,71,['1383'],
1393,H,-6.902436,-8.340974,14.023863,74,['1385'],
1394,H,-4.959228,-4.866008,12.277621,74,['1386'],
1395,H,-8.914535,-6.96972,14.494453,76,['1387'],
1396,H,-6.975579,-3.508526,12.736852,76,['1388'],
1397,HO,-9.69059,-4.767644,13.052918,79,['1390'],
1398,N,-1.386151,-8.268196,14.401524,1,"['1379', '1399', '1402']",
1399,CA,-0.14421,-8.971691,14.213053,2,"['1398', '1400', '1403', '1404']",
1400,C,0.477292,-8.868382,12.828353,3,"['1399', '1401', '1405']",
1401,O,1.331557,-9.685985,12.471712,5,['1400'],
1402,HN,-1.278758,-7.395846,14.938291,4,['1398'],
1403,H,0.61499,-8.593633,14.932947,6,['1399'],
1404,H,-0.272696,-10.053452,14.443979,6,['1399'],
1405,N,0.030299,-7.881491,12.006136,7,"['1400', '1406', '1409']",
1406,CA,0.580445,-7.632698,10.686178,8,"['1405', '1407', '1410', '1411']",
1407,C,1.761107,-6.674665,10.866814,9,"['1406', '1408', '1429']",
1408,O,1.656111,-5.666779,11.57588,11,['1407'],
1409,HN,-0.599646,-7.135035,12.343883,10,['1405'],
1410,H,0.953697,-8.601405,10.271793,12,['1406'],
1411,C,-0.454079,-7.007759,9.696042,202,"['1406', '1412', '1418', '1419']",
1412,C,-1.75295,-7.832902,9.534974,204,"['1411', '1413', '1420', '1421']",
1413,C,-2.741894,-7.260187,8.498377,206,"['1412', '1414', '1422', '1423']",
1414,N,-3.268345,-5.963212,8.907919,208,"['1413', '1415', '1424']",
1415,C,-4.257303,-5.282554,8.308583,210,"['1414', '1416', '1417']",
1416,N,-4.799302,-5.651377,7.14112,211,"['1415', '1425', '1426']",
1417,N,-4.699833,-4.181674,8.926681,211,"['1415', '1427', '1428']",
1418,H,0.043682,-6.882069,8.705423,203,['1411'],
1419,H,-0.685974,-5.970988,10.042717,203,['1411'],
1420,H,-2.256971,-7.914252,10.527355,205,['1412'],
1421,H,-1.486598,-8.879104,9.260509,205,['1412'],
1422,H,-3.578482,-7.982639,8.354157,207,['1413'],
1423,H,-2.234471,-7.17304,7.510534,207,['1413'],
1424,HN,-2.880398,-5.534246,9.764479,209,['1414'],
1425,HN,-4.387447,-6.411199,6.580501,212,['1416'],
1426,HN,-5.602944,-5.145621,6.744775,212,['1416'],
1427,HN,-4.197545,-3.867022,9.774427,212,['1417'],
1428,HN,-5.505454,-3.652845,8.567615,212,['1417'],
1429,N,2.882368,-6.990952,10.182473,1,"['1407', '1430', '1433']",
1430,CA,4.049714,-6.150972,10.078671,2,"['1429', '1431', '1434', '1435']",
1431,C,3.728944,-4.936369,9.219292,3,"['1430', '1432', '1436']",
1432,O,3.204349,-5.060755,8.103201,5,['1431'],
1433,HN,2.926216,-7.851293,9.620891,4,['1429'],
1434,H,4.400767,-5.8717,11.098647,6,['1430'],
1435,H,4.888354,-6.717394,9.617389,6,['1430'],
1436,N,4.040909,-3.730083,9.740251,7,"['1431', '1437', '1440']",
1437,CA,3.833089,-2.447561,9.093325,8,"['1436', '1438', '1441', '1442']",
1438,C,5.161881,-2.036518,8.464623,9,"['1437', '1439', '1455']",
1439,O,6.134175,-1.728559,9.15875,11,['1438'],
1440,HN,4.572554,-3.688115,10.618903,10,['1436'],
1441,H,3.069183,-2.557107,8.285239,12,['1437'],
1442,C,3.364477,-1.380306,10.123529,19,"['1437', '1443', '1446', '1447']",
1443,C,2.033691,-1.739632,10.842773,21,"['1442', '1444', '1445', '1448']",
1444,C,1.784108,-0.722999,11.978186,23,"['1443', '1449', '1450', '1451']",
1445,C,0.845623,-1.707715,9.849085,23,"['1443', '1452', '1453', '1454']",
1446,H,3.259906,-0.401839,9.60478,20,['1442'],
1447,H,4.179196,-1.224483,10.870565,20,['1442'],
1448,H,2.108514,-2.760447,11.293708,22,['1443'],
1449,H,0.858876,-0.963095,12.546959,24,['1444'],
1450,H,1.678432,0.313718,11.586888,24,['1444'],
1451,H,2.620792,-0.711162,12.713128,24,['1444'],
1452,H,-0.105671,-2.006801,10.340976,24,['1445'],
1453,H,0.99655,-2.413363,9.003911,24,['1445'],
1454,H,0.688781,-0.697593,9.407146,24,['1445'],
1455,N,5.218267,-2.071349,7.114489,7,"['1438', '1456', '1459']",
1456,CA,6.427501,-1.823728,6.353904,8,"['1455', '1457', '1460', '1461']",
1457,C,6.089829,-1.333686,4.946482,9,"['1456', '1458', '1465']",
1458,O,5.018351,-1.60174,4.39518,11,['1457'],
1459,HN,4.38022,-2.269699,6.546687,10,['1455'],
1460,H,7.033235,-1.036143,6.86791,12,['1456'],
1461,C,7.235094,-3.141761,6.260927,13,"['1456', '1462', '1463', '1464']",
1462,H,8.183461,-2.993559,5.700125,14,['1461'],
1463,H,6.659003,-3.938192,5.736732,14,['1461'],
1464,H,7.507403,-3.527726,7.269851,14,['1461'],
1465,N,7.084376,-0.66259,4.32258,7,"['1457', '1466', '1469']",
1466,CA,7.123053,-0.377635,2.903817,8,"['1465', '1467', '1470', '1471']",
1467,C,7.703913,-1.630926,2.246212,9,"['1466', '1468', '1486']",
1468,O,8.721005,-2.182535,2.675713,11,['1467'],
1469,HN,7.978996,-0.519905,4.810873,10,['1465'],
1470,H,6.079986,-0.199329,2.544289,12,['1466'],
1471,C,8.00454,0.850966,2.559712,70,"['1466', '1472', '1479', '1480']",
1472,C,7.658278,2.059872,3.400962,72,"['1471', '1473', '1474']",
1473,C,6.514315,2.824904,3.120895,73,"['1472', '1475', '1481']",
1474,C,8.507567,2.470821,4.442452,73,"['1472', '1476', '1482']",
1475,C,6.226382,3.973659,3.863611,75,"['1473', '1477', '1483']",
1476,C,8.217535,3.617034,5.185305,75,"['1474', '1477', '1484']",
1477,C,7.081361,4.381473,4.89449,77,"['1475', '1476', '1478']",
1478,OH,6.834851,5.543606,5.556623,78,"['1477', '1485']",
1479,H,7.906481,1.115567,1.482216,71,['1471'],
1480,H,9.079612,0.60283,2.709172,71,['1471'],
1481,H,5.829153,2.530602,2.308647,74,['1473'],
1482,H,9.434099,1.915563,4.66255,74,['1474'],
1483,H,5.320279,4.551231,3.622314,76,['1475'],
1484,H,8.920117,3.946625,5.965664,76,['1476'],
1485,HO,7.215222,5.478562,6.430791,79,['1478'],
1486,N,7.011275,-2.129036,1.205793,7,"['1467', '1487', '1490']",
1487,CA,7.372209,-3.318534,0.456324,8,"['1486', '1488', '1491', '1492']",
1488,C,7.866731,-2.824381,-0.905601,9,"['1487', '1489', '1505']",
1489,O,7.23481,-1.937525,-1.497419,11,['1488'],
1490,HN,6.273359,-1.566512,0.771218,10,['1486'],
1491,H,8.199069,-3.864275,0.975116,12,['1487'],
1492,C,6.12495,-4.262855,0.320879,25,"['1487', '1493', '1494', '1496']",
1493,C,5.538228,-4.6579,1.718837,27,"['1492', '1495', '1497', '1498']",
1494,C,6.463586,-5.540361,-0.48936,29,"['1492', '1499', '1500', '1501']",
1495,C,6.523239,-5.303823,2.706527,31,"['1493', '1502', '1503', '1504']",
1496,H,5.334364,-3.701298,-0.239591,26,['1492'],
1497,H,4.669601,-5.343068,1.57757,28,['1493'],
1498,H,5.111335,-3.752444,2.211884,28,['1493'],
1499,H,5.585211,-6.217642,-0.582019,30,['1494'],
1500,H,7.291236,-6.125672,-0.031304,30,['1494'],
1501,H,6.781112,-5.295622,-1.527597,30,['1494'],
1502,H,5.997509,-5.658252,3.622163,32,['1495'],
1503,H,7.306362,-4.589872,3.044116,32,['1495'],
1504,H,7.037723,-6.186021,2.268702,32,['1495'],
1505,N,8.997888,-3.383279,-1.389155,7,"['1488', '1506', '1509']",
1506,CA,9.6184,-3.126883,-2.675379,8,"['1505', '1507', '1510', '1511']",
1507,C,9.649471,-4.444912,-3.469152,9,"['1506', '1508', '1526']",
1508,O,9.870004,-5.522118,-2.907333,11,['1507'],
1509,HN,9.451762,-4.140486,-0.857499,10,['1505'],
1510,H,8.987579,-2.403004,-3.239196,12,['1506'],
1511,C,11.063092,-2.562799,-2.526689,70,"['1506', '1512', '1519', '1520']",
1512,C,11.157903,-1.179653,-1.907722,72,"['1511', '1513', '1514']",
1513,C,11.024085,-0.965764,-0.523233,73,"['1512', '1515', '1521']",
1514,C,11.453835,-0.068937,-2.717964,73,"['1512', '1516', '1522']",
1515,C,11.14258,0.3243,0.014348,75,"['1513', '1517', '1523']",
1516,C,11.580505,1.215447,-2.181354,75,"['1514', '1517', '1524']",
1517,C,11.421,1.425111,-0.807391,77,"['1515', '1516', '1518']",
1518,OH,11.544108,2.665266,-0.262644,78,"['1517', '1525']",
1519,H,11.546277,-2.553144,-3.530586,71,['1511'],
1520,H,11.679588,-3.267092,-1.93191,71,['1511'],
1521,H,10.826677,-1.811802,0.156333,74,['1513'],
1522,H,11.569789,-0.190787,-3.80515,74,['1514'],
1523,H,11.039471,0.477844,1.099238,76,['1515'],
1524,H,11.787458,2.065762,-2.852745,76,['1516'],
1525,HO,11.801018,3.348459,-0.872937,79,['1518'],
1526,N,9.439275,-4.333036,-4.801442,7,"['1507', '1527', '1530']",
1527,CA,9.498484,-5.356895,-5.833288,8,"['1526', '1528', '1531', '1532']",
1528,C,10.517269,-4.868273,-6.878549,9,"['1527', '1529', '1536']",
1529,O,10.318021,-3.808881,-7.48273,11,['1528'],
1530,HN,9.302364,-3.395321,-5.200405,10,['1526'],
1531,H,9.821458,-6.33224,-5.395575,12,['1527'],
1532,C,8.088805,-5.487568,-6.465454,13,"['1527', '1533', '1534', '1535']",
1533,H,8.086983,-6.195056,-7.32269,14,['1532'],
1534,H,7.726767,-4.514492,-6.865036,14,['1532'],
1535,H,7.336435,-5.858473,-5.732425,14,['1532'],
1536,N,11.653086,-5.593427,-7.029572,7,"['1528', '1537', '1540']",
1537,CA,12.848164,-5.244074,-7.795,8,"['1536', '1538', '1541', '1542']",
1538,C,13.29664,-3.780253,-7.680929,9,"['1537', '1539', '1548']",
1539,O,13.685651,-3.122856,-8.654935,11,['1538'],
1540,HN,11.730912,-6.508742,-6.563478,10,['1536'],
1541,H,13.699407,-5.780691,-7.300449,12,['1537'],
1542,C,12.724103,-5.771255,-9.249857,137,"['1537', '1543', '1546', '1547']",
1543,C,12.66203,-7.27279,-9.317725,139,"['1542', '1544', '1545']",
1544,O,13.322298,-7.918943,-8.447345,140,['1543'],
1545,O,11.979302,-7.873635,-10.186965,140,['1543'],
1546,H,13.608538,-5.428816,-9.838711,138,['1542'],
1547,H,11.837972,-5.319721,-9.755756,138,['1542'],
1548,N,13.274731,-3.268816,-6.424298,1,"['1538', '1549', '1552']",
1549,CA,13.653747,-1.941084,-6.018605,2,"['1548', '1550', '1553', '1554']",
1550,C,12.682933,-0.805309,-6.316527,3,"['1549', '1551', '1555']",
1551,O,13.038915,0.376789,-6.179129,5,['1550'],
1552,HN,13.024133,-3.88878,-5.64073,4,['1548'],
1553,H,13.854131,-1.938973,-4.923894,6,['1549'],
1554,H,14.62595,-1.678588,-6.48963,6,['1549'],
1555,N,11.433894,-1.129631,-6.724533,7,"['1550', '1556', '1559']",
1556,CA,10.310258,-0.22788,-6.938781,8,"['1555', '1557', '1560', '1561']",
1557,C,9.357298,-0.417586,-5.756514,9,"['1556', '1558', '1577']",
1558,O,9.056745,-1.545459,-5.361975,11,['1557'],
1559,HN,11.171622,-2.118686,-6.848662,10,['1555'],
1560,H,10.669244,0.829633,-6.953178,12,['1556'],
1561,C,9.573106,-0.581823,-8.267348,182,"['1556', '1562', '1566', '1567']",
1562,C,10.476989,-0.599574,-9.527391,184,"['1561', '1563', '1568', '1569']",
1563,C,11.046288,0.786517,-9.909811,186,"['1562', '1564', '1570', '1571']",
1564,C,11.901862,0.800024,-11.194492,188,"['1563', '1565', '1572', '1573']",
1565,N,13.192619,0.156656,-11.033336,190,"['1564', '1574', '1575', '1576']",
1566,H,8.709366,0.10503,-8.421239,183,['1561'],
1567,H,9.120592,-1.600799,-8.1574,183,['1561'],
1568,H,9.867304,-0.985404,-10.382218,185,['1562'],
1569,H,11.295521,-1.347165,-9.393024,185,['1562'],
1570,H,11.636523,1.222074,-9.070021,187,['1563'],
1571,H,10.20049,1.492854,-10.067848,187,['1563'],
1572,H,12.090379,1.851788,-11.508248,189,['1564'],
1573,H,11.36565,0.327003,-12.048686,189,['1564'],
1574,HN,13.733409,0.261703,-11.889164,191,['1565'],
1575,HN,13.132378,-0.839477,-10.857731,191,['1565'],
1576,HN,13.712371,0.592916,-10.272516,191,['1565'],
1577,N,8.905841,0.683266,-5.109007,7,"['1557', '1578', '1581']",
1578,CA,8.08052,0.56636,-3.910263,8,"['1577', '1579', '1582', '1583']",
1579,C,6.640819,0.30106,-4.372203,9,"['1578', '1580', '1594']",
1580,O,6.069499,1.080288,-5.133043,11,['1579'],
1581,HN,9.022153,1.625714,-5.506015,10,['1577'],
1582,H,8.453398,-0.299009,-3.307225,12,['1578'],
1583,C,8.139684,1.857124,-3.045933,175,"['1578', '1584', '1587', '1588']",
1584,C,7.63811,1.619106,-1.604263,177,"['1583', '1585', '1589', '1590']",
1585,S,6.981344,3.118208,-0.833364,179,"['1584', '1586']",
1586,C,8.439803,4.177536,-0.893721,180,"['1585', '1591', '1592', '1593']",
1587,H,7.554745,2.653519,-3.560126,176,['1583'],
1588,H,9.184044,2.243111,-3.005746,176,['1583'],
1589,H,8.464242,1.199691,-0.985921,178,['1584'],
1590,H,6.845849,0.839549,-1.591223,178,['1584'],
1591,H,8.217987,5.119327,-0.352529,181,['1586'],
1592,H,8.704208,4.419462,-1.946843,181,['1586'],
1593,H,9.290359,3.665768,-0.394262,181,['1586'],
1594,N,6.034513,-0.783438,-3.838148,7,"['1579', '1595', '1598']",
1595,CA,4.675249,-1.225393,-4.095463,8,"['1594', '1596', '1599', '1600']",
1596,C,3.641,-0.186397,-3.633615,9,"['1595', '1597', '1610']",
1597,O,2.60901,-0.001073,-4.275728,11,['1596'],
1598,HN,6.552553,-1.343009,-3.150543,10,['1594'],
1599,H,4.538401,-1.320615,-5.199018,12,['1595'],
1600,C,4.387511,-2.625743,-3.434508,15,"['1595', '1601', '1602', '1603']",
1601,C,2.937036,-3.101869,-3.705948,17,"['1600', '1604', '1605', '1606']",
1602,C,5.357991,-3.718991,-3.958191,17,"['1600', '1607', '1608', '1609']",
1603,H,4.534835,-2.51644,-2.33008,16,['1600'],
1604,H,2.745897,-4.102443,-3.26323,18,['1601'],
1605,H,2.726873,-3.16795,-4.799055,18,['1601'],
1606,H,2.180562,-2.408905,-3.275434,18,['1601'],
1607,H,5.209333,-4.685871,-3.426773,18,['1602'],
1608,H,6.429506,-3.451085,-3.830175,18,['1602'],
1609,H,5.199866,-3.922019,-5.039679,18,['1602'],
1610,N,3.918974,0.481796,-2.487322,7,"['1596', '1611', '1614']",
1611,CA,3.040728,1.457997,-1.860903,8,"['1610', '1612', '1615', '1616']",
1612,C,2.895575,2.683936,-2.764891,9,"['1611', '1613', '1624']",
1613,O,1.782555,3.061804,-3.131886,11,['1612'],
1614,HN,4.843117,0.369168,-2.056089,10,['1610'],
1615,H,2.014445,1.02131,-1.784145,12,['1611'],
1616,C,3.53,1.875055,-0.446778,147,"['1611', '1617', '1620', '1621']",
1617,C,3.482641,0.820667,0.641925,149,"['1616', '1618', '1619']",
1618,O,2.81949,0.986652,1.65768,150,['1617'],
1619,N,4.222096,-0.29424,0.489614,151,"['1617', '1622', '1623']",
1620,H,2.887632,2.714582,-0.091079,148,['1616'],
1621,H,4.551197,2.306235,-0.468841,148,['1616'],
1622,HN,4.777449,-0.479941,-0.355462,152,['1619'],
1623,HN,4.16831,-0.990653,1.24617,152,['1619'],
1624,N,4.055943,3.269175,-3.162981,7,"['1612', '1625', '1628']",
1625,CA,4.164928,4.370752,-4.103843,8,"['1624', '1626', '1629', '1630']",
1626,C,3.520699,4.052162,-5.447368,9,"['1625', '1627', '1639']",
1627,O,2.881492,4.917936,-6.041715,11,['1626'],
1628,HN,4.944962,2.983663,-2.731478,10,['1624'],
1629,H,3.583576,5.234718,-3.708727,12,['1625'],
1630,C,5.65661,4.763569,-4.288681,153,"['1625', '1631', '1635', '1636']",
1631,C,5.949372,5.942473,-5.237536,155,"['1630', '1632', '1637', '1638']",
1632,C,7.418839,6.13255,-5.568244,157,"['1631', '1633', '1634']",
1633,O,8.276707,5.370185,-5.008119,158,['1632'],
1634,O,7.74696,7.008334,-6.399634,158,['1632'],
1635,H,6.199713,3.878875,-4.69918,154,['1630'],
1636,H,6.130261,4.986876,-3.302793,154,['1630'],
1637,H,5.565985,6.894805,-4.802495,156,['1631'],
1638,H,5.412545,5.819473,-6.207923,156,['1631'],
1639,N,3.67715,2.796891,-5.932131,7,"['1626', '1640', '1643']",
1640,CA,3.114971,2.330795,-7.183796,8,"['1639', '1641', '1644', '1645']",
1641,C,1.587501,2.301928,-7.196961,9,"['1640', '1642', '1649']",
1642,O,0.990928,2.725075,-8.185333,11,['1641'],
1643,HN,4.293685,2.133722,-5.443733,10,['1639'],
1644,H,3.400158,3.063981,-7.977308,12,['1640'],
1645,C,3.668557,0.940628,-7.557974,13,"['1640', '1646', '1647', '1648']",
1646,H,3.272909,0.591004,-8.536804,14,['1645'],
1647,H,3.376147,0.181235,-6.797644,14,['1645'],
1648,H,4.779742,0.945017,-7.62396,14,['1645'],
1649,N,0.945267,1.7967,-6.111916,7,"['1641', '1650', '1653']",
1650,CA,-0.504604,1.755275,-5.965223,8,"['1649', '1651', '1654', '1655']",
1651,C,-1.100951,3.161493,-5.965785,9,"['1650', '1652', '1668']",
1652,O,-2.070435,3.435164,-6.674001,11,['1651'],
1653,HN,1.48851,1.420533,-5.323411,10,['1649'],
1654,H,-0.938412,1.258741,-6.867027,12,['1650'],
1655,C,-0.962662,1.010767,-4.673768,19,"['1650', '1656', '1659', '1660']",
1656,C,-0.920572,-0.540541,-4.786766,21,"['1655', '1657', '1658', '1661']",
1657,C,-0.812789,-1.155824,-3.371608,23,"['1656', '1662', '1663', '1664']",
1658,C,-2.200349,-1.066797,-5.485895,23,"['1656', '1665', '1666', '1667']",
1659,H,-2.001804,1.326891,-4.414011,20,['1655'],
1660,H,-0.339277,1.366379,-3.816654,20,['1655'],
1661,H,-0.020754,-0.851744,-5.374591,22,['1656'],
1662,H,-0.824359,-2.268049,-3.401636,24,['1657'],
1663,H,-1.64802,-0.839082,-2.706366,24,['1657'],
1664,H,0.138504,-0.854163,-2.878917,24,['1657'],
1665,H,-2.204565,-2.177401,-5.572226,24,['1658'],
1666,H,-2.301702,-0.66746,-6.51907,24,['1658'],
1667,H,-3.128519,-0.783079,-4.940129,24,['1658'],
1668,N,-0.512862,4.063897,-5.14579,7,"['1651', '1669', '1672']",
1669,CA,-0.945024,5.441634,-5.014876,8,"['1668', '1670', '1673', '1674']",
1670,C,-0.806403,6.186493,-6.351608,9,"['1669', '1671', '1684']",
1671,O,-1.751336,6.821167,-6.818848,11,['1670'],
1672,HN,0.291285,3.787526,-4.564722,10,['1668'],
1673,H,-2.041457,5.444518,-4.793304,12,['1669'],
1674,C,-0.209272,6.153392,-3.827743,15,"['1669', '1675', '1676', '1677']",
1675,C,-0.56413,7.652398,-3.75604,17,"['1674', '1678', '1679', '1680']",
1676,C,-0.58796,5.503669,-2.470283,17,"['1674', '1681', '1682', '1683']",
1677,H,0.893149,6.042837,-3.990375,16,['1674'],
1678,H,-0.025502,8.162267,-2.926776,18,['1675'],
1679,H,-1.656436,7.815531,-3.610202,18,['1675'],
1680,H,-0.275177,8.179502,-4.688503,18,['1675'],
1681,H,-0.038677,5.976501,-1.625719,18,['1676'],
1682,H,-0.345553,4.418768,-2.439876,18,['1676'],
1683,H,-1.67547,5.605961,-2.25067,18,['1676'],
1684,N,0.378622,6.077333,-7.006765,7,"['1670', '1685', '1688']",
1685,CA,0.674143,6.688995,-8.294382,8,"['1684', '1686', '1689', '1690']",
1686,C,-0.226328,6.197442,-9.428032,9,"['1685', '1687', '1708']",
1687,O,-0.532584,6.964794,-10.340219,11,['1686'],
1688,HN,1.145036,5.542311,-6.58099,10,['1684'],
1689,H,0.429823,7.775827,-8.197446,12,['1685'],
1690,C,2.178942,6.527961,-8.698248,202,"['1685', '1691', '1697', '1698']",
1691,C,2.599122,7.109821,-10.073928,204,"['1690', '1692', '1699', '1700']",
1692,C,2.592762,8.654884,-10.108428,206,"['1691', '1693', '1701', '1702']",
1693,N,2.774645,9.147292,-11.472619,208,"['1692', '1694', '1703']",
1694,C,1.764053,9.437267,-12.325104,210,"['1693', '1695', '1696']",
1695,N,0.513724,9.072235,-12.077782,211,"['1694', '1704', '1705']",
1696,N,2.030173,10.200413,-13.387115,211,"['1694', '1706', '1707']",
1697,H,2.413799,5.436086,-8.708252,203,['1690'],
1698,H,2.838555,6.949685,-7.903982,203,['1690'],
1699,H,1.937,6.698485,-10.870735,205,['1691'],
1700,H,3.628153,6.747908,-10.320482,205,['1691'],
1701,H,3.410137,9.041282,-9.456757,207,['1692'],
1702,H,1.652874,9.067502,-9.676393,207,['1692'],
1703,HN,3.740253,9.397281,-11.725317,209,['1693'],
1704,HN,0.255948,8.42869,-11.321657,212,['1695'],
1705,HN,-0.239632,9.423293,-12.690742,212,['1695'],
1706,HN,2.974631,10.563734,-13.563574,212,['1696'],
1707,HN,1.251423,10.513667,-13.997383,212,['1696'],
1708,N,-0.623271,4.901779,-9.416717,7,"['1686', '1709', '1712']",
1709,CA,-1.48596,4.311468,-10.427358,8,"['1708', '1710', '1713', '1714']",
1710,C,-2.973969,4.652538,-10.204438,9,"['1709', '1711', '1725']",
1711,O,-3.81476,4.233174,-10.995093,11,['1710'],
1712,HN,-0.307407,4.258919,-8.679008,10,['1708'],
1713,H,-1.221307,4.755748,-11.418444,12,['1709'],
1714,C,-1.288418,2.761507,-10.490499,167,"['1709', '1715', '1719', '1720']",
1715,C,-1.908678,2.076296,-11.730831,169,"['1714', '1716', '1721', '1722']",
1716,C,-1.03517,2.110813,-12.980937,171,"['1715', '1717', '1718']",
1717,O,0.103397,1.621763,-12.988925,172,['1716'],
1718,N,-1.593493,2.632465,-14.090823,173,"['1716', '1723', '1724']",
1719,H,-1.7235,2.308173,-9.567938,168,['1714'],
1720,H,-0.204279,2.506309,-10.456535,168,['1714'],
1721,H,-2.916245,2.51794,-11.928742,170,['1715'],
1722,H,-2.104492,1.003998,-11.504783,170,['1715'],
1723,HN,-2.544829,3.022058,-14.074999,174,['1718'],
1724,HN,-1.065607,2.638769,-14.972838,174,['1718'],
1725,N,-3.330362,5.406376,-9.130847,1,"['1710', '1726', '1729']",
1726,CA,-4.691152,5.74645,-8.785156,2,"['1725', '1727', '1730', '1731']",
1727,C,-5.513366,4.635493,-8.143545,3,"['1726', '1728', '1732']",
1728,O,-6.744273,4.685527,-8.157829,5,['1727'],
1729,HN,-2.649196,5.757569,-8.445802,4,['1725'],
1730,H,-4.705055,6.617642,-8.094058,6,['1726'],
1731,H,-5.246657,6.07567,-9.691127,6,['1726'],
1732,N,-4.838493,3.601,-7.584457,7,"['1727', '1733', '1736']",
1733,CA,-5.422006,2.437817,-6.942647,8,"['1732', '1734', '1737', '1738']",
1734,C,-5.323603,2.442658,-5.406249,9,"['1733', '1735', '1751']",
1735,O,-5.722039,1.470913,-4.758161,11,['1734'],
1736,HN,-3.8104,3.605838,-7.545445,10,['1732'],
1737,H,-6.524383,2.438901,-7.124905,12,['1733'],
1738,C,-4.8102,1.140915,-7.56004,19,"['1733', '1739', '1742', '1743']",
1739,C,-5.071609,0.992794,-9.093158,21,"['1738', '1740', '1741', '1744']",
1740,C,-4.267671,-0.201648,-9.656436,23,"['1739', '1745', '1746', '1747']",
1741,C,-6.577174,0.776511,-9.387073,23,"['1739', '1748', '1749', '1750']",
1742,H,-5.221798,0.2609,-7.014354,20,['1738'],
1743,H,-3.713365,1.129911,-7.353487,20,['1738'],
1744,H,-4.72509,1.916014,-9.623922,22,['1739'],
1745,H,-4.372902,-0.274129,-10.763097,24,['1740'],
1746,H,-4.607751,-1.170632,-9.229478,24,['1740'],
1747,H,-3.179736,-0.101377,-9.443727,24,['1740'],
1748,H,-6.762891,0.615689,-10.473724,24,['1741'],
1749,H,-7.187796,1.658585,-9.095484,24,['1741'],
1750,H,-6.989213,-0.104247,-8.843127,24,['1741'],
1751,N,-4.871651,3.560585,-4.781879,7,"['1734', '1752', '1755']",
1752,CA,-4.917942,3.772378,-3.342069,8,"['1751', '1753', '1756', '1757']",
1753,C,-4.892279,5.276178,-3.029404,9,"['1752', '1754', '1761']",
1754,O,-4.239083,6.054309,-3.728178,11,['1753'],
1755,HN,-4.478767,4.357522,-5.300045,10,['1751'],
1756,H,-5.878079,3.351209,-2.952688,12,['1752'],
1757,C,-3.717361,3.079035,-2.655587,13,"['1752', '1758', '1759', '1760']",
1758,H,-3.754046,3.234713,-1.555154,14,['1757'],
1759,H,-2.745256,3.478531,-3.02226,14,['1757'],
1760,H,-3.728384,1.982209,-2.834661,14,['1757'],
1761,N,-5.590077,5.670593,-1.934481,7,"['1753', '1762', '1765']",
1762,CA,-5.53958,6.98544,-1.299111,8,"['1761', '1763', '1766', '1767']",
1763,C,-4.448562,6.910752,-0.214744,9,"['1762', '1764', '1783']",
1764,O,-4.139334,5.827693,0.296927,11,['1763'],
1765,HN,-6.02287,4.942923,-1.346759,10,['1761'],
1766,H,-5.223042,7.753704,-2.047669,12,['1762'],
1767,C,-6.924083,7.369784,-0.667894,182,"['1762', '1768', '1772', '1773']",
1768,C,-8.071381,7.526895,-1.704956,184,"['1767', '1769', '1774', '1775']",
1769,C,-9.464355,7.84856,-1.083896,186,"['1768', '1770', '1776', '1777']",
1770,C,-10.54839,8.15926,-2.149023,188,"['1769', '1771', '1778', '1779']",
1771,N,-11.924312,8.177633,-1.665659,190,"['1770', '1780', '1781', '1782']",
1772,H,-6.800119,8.330264,-0.11121,183,['1767'],
1773,H,-7.202783,6.606398,0.098909,183,['1767'],
1774,H,-8.153727,6.587701,-2.3038,185,['1768'],
1775,H,-7.790271,8.325644,-2.433058,185,['1768'],
1776,H,-9.378493,8.718781,-0.392832,187,['1769'],
1777,H,-9.788739,6.98524,-0.453509,187,['1769'],
1778,H,-10.502304,7.390301,-2.951507,189,['1770'],
1779,H,-10.337286,9.133689,-2.649134,189,['1770'],
1780,HN,-12.566555,8.077387,-2.451831,191,['1771'],
1781,HN,-12.225861,9.043902,-1.227865,191,['1771'],
1782,HN,-12.171076,7.45364,-0.991821,191,['1771'],
1783,N,-3.830764,8.062223,0.150551,7,"['1763', '1784', '1787']",
1784,CA,-2.807418,8.105393,1.192504,8,"['1783', '1785', '1788', '1789']",
1785,C,-3.521222,8.198945,2.54985,9,"['1784', '1786', '1799']",
1786,O,-4.287362,9.126587,2.818805,11,['1785'],
1787,HN,-4.178192,8.976346,-0.181047,10,['1783'],
1788,H,-2.225451,7.150344,1.15117,12,['1784'],
1789,C,-1.775663,9.265501,1.017046,15,"['1784', '1790', '1791', '1792']",
1790,C,-0.795119,9.350276,2.219411,17,"['1789', '1793', '1794', '1795']",
1791,C,-0.949637,9.057948,-0.27008,17,"['1789', '1796', '1797', '1798']",
1792,H,-2.346246,10.215358,0.913546,16,['1789'],
1793,H,-0.046052,10.163595,2.102143,18,['1790'],
1794,H,-0.238031,8.395984,2.360942,18,['1790'],
1795,H,-1.328902,9.543354,3.177493,18,['1790'],
1796,H,-0.295728,9.934322,-0.472726,18,['1791'],
1797,H,-1.612596,8.931734,-1.151991,18,['1791'],
1798,H,-0.308415,8.152087,-0.210961,18,['1791'],
1799,N,-3.234397,7.196765,3.412319,7,"['1785', '1800', '1803']",
1800,CA,-3.771844,7.017355,4.750373,8,"['1799', '1801', '1804', '1805']",
1801,C,-3.08581,7.953431,5.749231,9,"['1800', '1802', '1809']",
1802,O,-1.967273,8.423059,5.548396,11,['1801'],
1803,HN,-2.472638,6.557561,3.160659,10,['1799'],
1804,H,-4.864379,7.255143,4.721393,12,['1800'],
1805,C,-3.557986,5.552534,5.216033,13,"['1800', '1806', '1807', '1808']",
1806,H,-4.148632,5.327517,6.131529,14,['1805'],
1807,H,-2.493972,5.331996,5.450312,14,['1805'],
1808,H,-3.897081,4.818955,4.452418,14,['1805'],
1809,N,-3.754783,8.159458,6.911687,7,"['1801', '1810', '1813']",
1810,CA,-3.197384,8.879431,8.048701,8,"['1809', '1811', '1814', '1815']",
1811,C,-1.976773,8.128424,8.599722,9,"['1810', '1812', '1830']",
1812,O,-2.038014,6.914237,8.848772,11,['1811'],
1813,HN,-4.704949,7.781948,7.020321,10,['1809'],
1814,H,-2.872568,9.889128,7.69247,12,['1810'],
1815,C,-4.215129,9.037047,9.216847,70,"['1810', '1816', '1823', '1824']",
1816,C,-5.392033,9.916078,8.862326,72,"['1815', '1817', '1818']",
1817,C,-5.26501,11.314924,8.901294,73,"['1816', '1819', '1825']",
1818,C,-6.644531,9.360206,8.555068,73,"['1816', '1820', '1826']",
1819,C,-6.355766,12.139691,8.611953,75,"['1817', '1821', '1827']",
1820,C,-7.732339,10.188913,8.269745,75,"['1818', '1821', '1828']",
1821,C,-7.595664,11.580445,8.287175,77,"['1819', '1820', '1822']",
1822,OH,-8.648744,12.406484,8.050998,78,"['1821', '1829']",
1823,H,-3.710582,9.465113,10.115225,71,['1815'],
1824,H,-4.586539,8.037989,9.540499,71,['1815'],
1825,H,-4.303845,11.777097,9.1827,74,['1817'],
1826,H,-6.793537,8.267453,8.539641,74,['1818'],
1827,H,-6.247091,13.233197,8.677512,76,['1819'],
1828,H,-8.706573,9.735446,8.035945,76,['1820'],
1829,HO,-9.455314,11.913992,7.959458,79,['1822'],
1830,N,-0.915785,8.92137,8.927727,7,"['1811', '1831', '1834']",
1831,CA,0.274341,8.505841,9.65741,8,"['1830', '1832', '1835', '1836']",
1832,C,-0.151825,7.721022,10.898561,9,"['1831', '1833', '1846']",
1833,O,-0.803235,8.261404,11.795394,11,['1832'],
1834,HN,-0.872175,9.873396,8.544414,10,['1830'],
1835,H,0.876964,7.846131,8.988958,12,['1831'],
1836,C,1.183486,9.704474,10.123006,15,"['1831', '1837', '1838', '1839']",
1837,C,2.358253,9.18893,11.003846,17,"['1836', '1840', '1841', '1842']",
1838,C,1.763692,10.497952,8.9309,17,"['1836', '1843', '1844', '1845']",
1839,H,0.544949,10.395527,10.727214,16,['1836'],
1840,H,3.071293,9.993009,11.286038,18,['1837'],
1841,H,2.937723,8.398627,10.47626,18,['1837'],
1842,H,1.996544,8.742993,11.956616,18,['1837'],
1843,H,2.375635,11.367784,9.262793,18,['1838'],
1844,H,0.987489,10.932955,8.261497,18,['1838'],
1845,H,2.426225,9.875494,8.290281,18,['1838'],
1846,N,0.339088,6.468138,10.991875,7,"['1832', '1847', '1850']",
1847,CA,0.142361,5.590819,12.127176,8,"['1846', '1848', '1851', '1852']",
1848,C,1.43957,5.596011,12.943886,9,"['1847', '1849', '1867']",
1849,O,2.510198,5.316035,12.410784,11,['1848'],
1850,HN,1.023163,6.128132,10.301154,10,['1846'],
1851,H,-0.709209,5.962528,12.749402,12,['1847'],
1852,C,-0.175976,4.171217,11.590319,70,"['1847', '1853', '1860', '1861']",
1853,C,-0.496453,3.180612,12.68676,72,"['1852', '1854', '1855']",
1854,C,-1.78606,3.093434,13.239053,73,"['1853', '1856', '1862']",
1855,C,0.506758,2.329218,13.176058,73,"['1853', '1857', '1863']",
1856,C,-2.070164,2.164991,14.247618,75,"['1854', '1858', '1864']",
1857,C,0.221071,1.393218,14.173296,75,"['1855', '1858', '1865']",
1858,C,-1.06698,1.305433,14.714491,77,"['1856', '1857', '1859']",
1859,OH,-1.353919,0.409792,15.697594,78,"['1858', '1866']",
1860,H,0.692719,3.782733,11.00388,71,['1852'],
1861,H,-1.029352,4.19946,10.872292,71,['1852'],
1862,H,-2.589979,3.755587,12.874483,74,['1854'],
1863,H,1.530336,2.383237,12.770035,74,['1855'],
1864,H,-3.084807,2.109171,14.674754,76,['1856'],
1865,H,1.020427,0.725365,14.533007,76,['1857'],
1866,HO,-0.578826,-0.072799,15.957576,79,['1859'],
1867,N,1.332084,5.926288,14.249573,7,"['1848', '1868', '1871']",
1868,CA,2.316852,5.868925,15.31788,8,"['1867', '1869', '1872', '1873']",
1869,C,3.773739,6.121549,14.892681,9,"['1868', '1870', '1889']",
1870,O,4.669088,5.302402,15.125545,11,['1869'],
1871,HN,0.465314,6.390793,14.54942,10,['1867'],
1872,H,2.087203,6.712066,16.018228,12,['1868'],
1873,C,2.168949,4.529946,16.102313,182,"['1868', '1874', '1878', '1879']",
1874,C,0.722117,4.060675,16.373799,184,"['1873', '1875', '1880', '1881']",
1875,C,-0.172201,5.049946,17.155102,186,"['1874', '1876', '1882', '1883']",
1876,C,-0.893455,4.387982,18.344556,188,"['1875', '1877', '1884', '1885']",
1877,N,-2.026379,5.155865,18.833056,190,"['1876', '1886', '1887', '1888']",
1878,H,2.728292,4.60539,17.064534,183,['1873'],
1879,H,2.677438,3.724184,15.519316,183,['1873'],
1880,H,0.77588,3.079357,16.9018,185,['1874'],
1881,H,0.223441,3.82387,15.407238,185,['1874'],
1882,H,-0.914088,5.497272,16.450533,187,['1875'],
1883,H,0.428532,5.907749,17.533963,187,['1875'],
1884,H,-0.175161,4.245526,19.183874,189,['1876'],
1885,H,-1.266378,3.373388,18.070635,189,['1876'],
1886,HN,-2.037921,5.209223,19.844478,191,['1877'],
1887,HN,-2.894313,4.704671,18.551766,191,['1877'],
1888,HN,-2.078443,6.12119,18.516349,191,['1877'],
1889,N,4.018821,7.320535,14.309209,1,"['1869', '1890', '1893']",
1890,CA,5.303759,7.779927,13.830785,2,"['1889', '1891', '1894', '1895']",
1891,C,5.86127,7.231187,12.51788,3,"['1890', '1892', '1896']",
1892,O,6.950801,7.633013,12.099307,5,['1891'],
1893,HN,3.26794,8.022285,14.251884,4,['1889'],
1894,H,5.274222,8.886586,13.714123,6,['1890'],
1895,H,6.082886,7.595516,14.604917,6,['1890'],
1896,N,5.144128,6.307119,11.836094,7,"['1891', '1897', '1900']",
1897,CA,5.504488,5.787899,10.524295,8,"['1896', '1898', '1901', '1902']",
1898,C,5.133105,6.862381,9.486747,9,"['1897', '1899', '1910']",
1899,O,4.003557,6.886444,8.98844,11,['1898'],
1900,HN,4.253587,5.953171,12.206709,10,['1896'],
1901,H,6.604628,5.605826,10.489243,12,['1897'],
1902,C,4.748856,4.473062,10.160378,147,"['1897', '1903', '1906', '1907']",
1903,C,4.562599,3.374324,11.189693,149,"['1902', '1904', '1905']",
1904,O,3.443069,2.930534,11.439521,150,['1903'],
1905,N,5.673046,2.864306,11.751289,151,"['1903', '1908', '1909']",
1906,H,5.202477,4.028657,9.247537,148,['1902'],
1907,H,3.716663,4.754486,9.852634,148,['1902'],
1908,HN,6.620316,3.137186,11.469797,152,['1905'],
1909,HN,5.517706,2.100951,12.425108,152,['1905'],
1910,N,6.033713,7.843319,9.23277,7,"['1898', '1911', '1914']",
1911,CA,5.779235,8.936418,8.303869,8,"['1910', '1912', '1915', '1916']",
1912,C,6.88601,9.216935,7.28852,9,"['1911', '1913', '1924']",
1913,O,6.783989,10.198869,6.552139,11,['1912'],
1914,HN,6.907491,7.906322,9.775355,10,['1910'],
1915,H,4.894828,8.678173,7.675716,12,['1911'],
1916,C,5.452165,10.235776,9.08913,147,"['1911', '1917', '1920', '1921']",
1917,C,6.628598,10.970393,9.721569,149,"['1916', '1918', '1919']",
1918,O,7.75947,10.472649,9.768206,150,['1917'],
1919,N,6.323619,12.146096,10.31328,151,"['1917', '1922', '1923']",
1920,H,4.676147,10.040952,9.857424,148,['1916'],
1921,H,4.989502,10.948173,8.355388,148,['1916'],
1922,HN,5.358497,12.499397,10.322258,152,['1919'],
1923,HN,7.081024,12.704561,10.727451,152,['1919'],
1924,N,7.965686,8.398614,7.221682,7,"['1912', '1925', '1928']",
1925,CA,9.148954,8.717597,6.439321,8,"['1924', '1926', '1929', '1930']",
1926,C,8.825287,9.072601,4.992446,9,"['1925', '1927', '1938']",
1927,O,9.077849,10.189267,4.548249,11,['1926'],
1928,HN,7.95191,7.47331,7.676963,10,['1924'],
1929,H,9.577606,9.663247,6.855111,12,['1925'],
1930,C,10.255139,7.623819,6.523683,37,"['1925', '1931', '1932', '1933']",
1931,OH,10.781558,7.651034,7.845917,39,"['1930', '1934']",
1932,C,11.450332,7.857879,5.586127,41,"['1930', '1935', '1936', '1937']",
1933,H,9.799269,6.618683,6.343296,38,['1930'],
1934,HO,10.324275,6.967182,8.335089,40,['1931'],
1935,H,12.30629,7.195508,5.83823,42,['1932'],
1936,H,11.809531,8.91419,5.606368,42,['1932'],
1937,H,11.166852,7.634194,4.534213,42,['1932'],
1938,N,8.250459,8.115402,4.228505,7,"['1926', '1939', '1942']",
1939,CA,7.937326,8.336268,2.827092,8,"['1938', '1940', '1943', '1944']",
1940,C,6.57876,9.018839,2.58195,9,"['1939', '1941', '1956']",
1941,O,6.104832,9.00527,1.444311,11,['1940'],
1942,HN,7.872177,7.258378,4.660482,10,['1938'],
1943,H,8.67983,9.063141,2.408882,12,['1939'],
1944,C,8.049005,7.019274,2.004166,106,"['1939', '1945', '1950', '1951']",
1945,C,9.381153,6.309197,1.999517,108,"['1944', '1946', '1947']",
1946,N,10.584289,6.841148,1.57737,109,"['1945', '1948', '1952']",
1947,C,9.654021,5.003164,2.323843,111,"['1945', '1949', '1953']",
1948,C,11.5652,5.905136,1.663177,113,"['1946', '1949', '1954']",
1949,N,10.994389,4.779959,2.119794,115,"['1947', '1948', '1955']",
1950,H,7.782313,7.241144,0.946074,107,['1944'],
1951,H,7.269752,6.299966,2.351463,107,['1944'],
1952,HN,10.761261,7.787649,1.207722,110,['1946'],
1953,H,8.996118,4.220788,2.65191,112,['1947'],
1954,H,12.597372,6.034817,1.384252,114,['1948'],
1955,HN,11.459555,3.870245,2.278796,116,['1949'],
1956,N,5.93952,9.648605,3.604256,7,"['1940', '1957', '1960']",
1957,CA,4.63586,10.28894,3.505863,8,"['1956', '1958', '1961', '1962']",
1958,C,4.571424,11.344771,2.407909,9,"['1957', '1959', '1971']",
1959,O,3.69831,11.271039,1.542486,11,['1958'],
1960,HN,6.396898,9.768132,4.517063,10,['1956'],
1961,H,3.902468,9.509468,3.18253,12,['1957'],
1962,C,4.169488,10.866792,4.870976,153,"['1957', '1963', '1967', '1968']",
1963,C,2.861999,11.691257,4.831616,155,"['1962', '1964', '1969', '1970']",
1964,C,2.465766,12.389172,6.126018,157,"['1963', '1965', '1966']",
1965,O,3.368423,12.531303,7.0048,158,['1964'],
1966,O,1.275942,12.794453,6.222956,158,['1964'],
1967,H,4.97226,11.518787,5.286743,154,['1962'],
1968,H,4.046008,10.045424,5.614429,154,['1962'],
1969,H,2.011208,11.045864,4.517434,156,['1963'],
1970,H,2.930657,12.505384,4.075114,156,['1963'],
1971,N,5.517768,12.321158,2.402904,7,"['1958', '1972', '1975']",
1972,CA,5.569436,13.355695,1.378718,8,"['1971', '1973', '1976', '1977']",
1973,C,5.83334,12.825368,-0.036144,9,"['1972', '1974', '1988']",
1974,O,5.395288,13.439409,-1.009101,11,['1973'],
1975,HN,6.222304,12.362499,3.152578,10,['1971'],
1976,H,4.541438,13.791646,1.301817,12,['1972'],
1977,C,6.572179,14.507104,1.68675,167,"['1972', '1978', '1982', '1983']",
1978,C,6.232977,15.361858,2.926204,169,"['1977', '1979', '1984', '1985']",
1979,C,4.884476,16.063663,2.986478,171,"['1978', '1980', '1981']",
1980,O,4.291079,16.15906,4.056313,172,['1979'],
1981,N,4.396234,16.594472,1.846037,173,"['1979', '1986', '1987']",
1982,H,6.648311,15.182627,0.804301,168,['1977'],
1983,H,7.596008,14.078316,1.815753,168,['1977'],
1984,H,7.008541,16.152729,3.043173,170,['1978'],
1985,H,6.311005,14.748109,3.854212,170,['1978'],
1986,HN,4.915132,16.604104,0.960913,174,['1981'],
1987,HN,3.482297,17.06334,1.884371,174,['1981'],
1988,N,6.532241,11.669364,-0.170799,7,"['1973', '1989', '1992']",
1989,CA,6.728908,10.980021,-1.44017,8,"['1988', '1990', '1993', '1994']",
1990,C,5.380992,10.484362,-1.974904,9,"['1989', '1991', '2007']",
1991,O,5.025485,10.745921,-3.124938,11,['1990'],
1992,HN,6.885979,11.175545,0.657858,10,['1988'],
1993,H,7.104656,11.716942,-2.190043,12,['1989'],
1994,C,7.746604,9.805345,-1.298834,19,"['1989', '1995', '1998', '1999']",
1995,C,7.957284,8.941003,-2.582763,21,"['1994', '1996', '1997', '2000']",
1996,C,8.839311,9.682354,-3.614004,23,"['1995', '2001', '2002', '2003']",
1997,C,8.633317,7.603291,-2.192359,23,"['1995', '2004', '2005', '2006']",
1998,H,7.376627,9.135115,-0.486096,20,['1994'],
1999,H,8.728089,10.199452,-0.93885,20,['1994'],
2000,H,6.972801,8.697493,-3.054762,22,['1995'],
2001,H,8.964223,9.074229,-4.541688,24,['1996'],
2002,H,9.857801,9.917324,-3.228788,24,['1996'],
2003,H,8.375782,10.640712,-3.937397,24,['1996'],
2004,H,8.779099,6.950654,-3.085656,24,['1997'],
2005,H,7.986556,7.026775,-1.495994,24,['1997'],
2006,H,9.622664,7.743408,-1.699494,24,['1997'],
2007,N,4.618708,9.771233,-1.109208,7,"['1990', '2008', '2011']",
2008,CA,3.332106,9.184189,-1.424164,8,"['2007', '2009', '2012', '2013']",
2009,C,2.267842,10.242747,-1.721338,9,"['2008', '2010', '2026']",
2010,O,1.483607,10.065594,-2.652328,11,['2009'],
2011,HN,4.922187,9.661004,-0.132535,10,['2007'],
2012,H,3.437677,8.620643,-2.383196,12,['2008'],
2013,C,2.847233,8.212408,-0.306245,19,"['2008', '2014', '2017', '2018']",
2014,C,3.830227,7.040443,-0.001553,21,"['2013', '2015', '2016', '2019']",
2015,C,3.368129,6.263683,1.250041,23,"['2014', '2020', '2021', '2022']",
2016,C,3.92433,6.072909,-1.196788,23,"['2014', '2023', '2024', '2025']",
2017,H,1.851185,7.802489,-0.594849,20,['2013'],
2018,H,2.659768,8.802817,0.624456,20,['2013'],
2019,H,4.851409,7.444747,0.201169,22,['2014'],
2020,H,4.043736,5.410531,1.485415,24,['2015'],
2021,H,2.340053,5.847248,1.140839,24,['2015'],
2022,H,3.364659,6.925191,2.144937,24,['2015'],
2023,H,4.59998,5.214844,-0.982618,24,['2016'],
2024,H,4.343164,6.581624,-2.093136,24,['2016'],
2025,H,2.930717,5.65367,-1.476773,24,['2016'],
2026,N,2.263796,11.383072,-0.986551,7,"['2009', '2027', '2030']",
2027,CA,1.389747,12.516522,-1.236502,8,"['2026', '2028', '2031', '2032']",
2028,C,1.629591,13.168795,-2.599036,9,"['2027', '2029', '2050']",
2029,O,0.678451,13.620891,-3.236257,11,['2028'],
2030,HN,2.889234,11.467947,-0.176293,10,['2026'],
2031,H,0.344791,12.127037,-1.309919,12,['2027'],
2032,C,1.451608,13.606622,-0.12428,202,"['2027', '2033', '2039', '2040']",
2033,C,0.833328,13.195098,1.235715,204,"['2032', '2034', '2041', '2042']",
2034,C,-0.715499,13.236901,1.236713,206,"['2033', '2035', '2043', '2044']",
2035,N,-1.2476,12.881131,2.545301,208,"['2034', '2036', '2045']",
2036,C,-2.462758,12.355208,2.782894,210,"['2035', '2037', '2038']",
2037,N,-3.408123,12.111152,1.875139,211,"['2036', '2046', '2047']",
2038,N,-2.739305,12.080163,4.066186,211,"['2036', '2048', '2049']",
2039,H,0.951014,14.538044,-0.488099,203,['2032'],
2040,H,2.514107,13.908413,0.029864,203,['2032'],
2041,H,1.201889,13.91671,2.005821,205,['2033'],
2042,H,1.210905,12.192832,1.544897,205,['2033'],
2043,H,-1.109366,12.561362,0.44878,207,['2034'],
2044,H,-1.053897,14.266806,0.976421,207,['2034'],
2045,HN,-0.615118,13.079387,3.334837,209,['2035'],
2046,HN,-3.244293,12.236346,0.861292,212,['2037'],
2047,HN,-4.268873,11.613573,2.1403,212,['2037'],
2048,HN,-2.031225,12.239975,4.794433,212,['2038'],
2049,HN,-3.669188,11.729112,4.331856,212,['2038'],
2050,N,2.895819,13.203577,-3.084394,7,"['2028', '2051', '2054']",
2051,CA,3.213452,13.696596,-4.417269,8,"['2050', '2052', '2055', '2056']",
2052,C,2.654012,12.765082,-5.499589,9,"['2051', '2053', '2072']",
2053,O,2.067765,13.24443,-6.471483,11,['2052'],
2054,HN,3.684903,12.842983,-2.529481,10,['2050'],
2055,H,2.667051,14.658879,-4.575719,12,['2051'],
2056,C,4.738577,13.93917,-4.616702,182,"['2051', '2057', '2061', '2062']",
2057,C,5.265753,15.116689,-3.755419,184,"['2056', '2058', '2063', '2064']",
2058,C,6.809285,15.158659,-3.691076,186,"['2057', '2059', '2065', '2066']",
2059,C,7.39317,16.309808,-2.843336,188,"['2058', '2060', '2067', '2068']",
2060,N,6.847886,17.614759,-3.18553,190,"['2059', '2069', '2070', '2071']",
2061,H,4.942553,14.147059,-5.694868,183,['2056'],
2062,H,5.288113,12.992855,-4.386471,183,['2056'],
2063,H,4.865442,15.028501,-2.71657,185,['2057'],
2064,H,4.846975,16.063916,-4.170022,185,['2057'],
2065,H,7.222048,15.21896,-4.726911,187,['2058'],
2066,H,7.185257,14.194739,-3.270826,187,['2058'],
2067,H,8.497307,16.344602,-2.999146,189,['2059'],
2068,H,7.236705,16.129056,-1.755778,189,['2059'],
2069,HN,7.485012,18.36221,-2.936029,191,['2060'],
2070,HN,5.95003,17.807084,-2.756362,191,['2060'],
2071,HN,6.718997,17.706791,-4.194692,191,['2060'],
2072,N,2.770261,11.429041,-5.290002,7,"['2052', '2073', '2076']",
2073,CA,2.175553,10.407731,-6.140945,8,"['2072', '2074', '2077', '2078']",
2074,C,0.648351,10.533695,-6.228358,9,"['2073', '2075', '2082']",
2075,O,0.075292,10.41827,-7.313432,11,['2074'],
2076,HN,3.335972,11.080056,-4.502606,10,['2072'],
2077,H,2.553542,10.554152,-7.181883,12,['2073'],
2078,C,2.553374,8.986771,-5.653169,13,"['2073', '2079', '2080', '2081']",
2079,H,2.05645,8.20617,-6.266742,14,['2078'],
2080,H,2.23329,8.813702,-4.600362,14,['2078'],
2081,H,3.65132,8.806318,-5.713286,14,['2078'],
2082,N,-0.007641,10.777638,-5.064287,7,"['2074', '2083', '2086']",
2083,CA,-1.444044,10.92976,-4.88793,8,"['2082', '2084', '2087', '2088']",
2084,C,-1.95615,12.154436,-5.642337,9,"['2083', '2085', '2097']",
2085,O,-2.974028,12.094042,-6.333995,11,['2084'],
2086,HN,0.536639,10.804079,-4.193356,10,['2082'],
2087,H,-1.947102,10.037718,-5.332549,12,['2083'],
2088,C,-1.796352,11.064882,-3.371621,153,"['2083', '2089', '2093', '2094']",
2089,C,-3.301845,11.022083,-3.031769,155,"['2088', '2090', '2095', '2096']",
2090,C,-3.648951,11.30635,-1.577659,157,"['2089', '2091', '2092']",
2091,O,-2.947377,12.11677,-0.914665,158,['2090'],
2092,O,-4.623164,10.698396,-1.051002,158,['2090'],
2093,H,-1.377156,12.020946,-2.979155,154,['2088'],
2094,H,-1.283686,10.262503,-2.79632,154,['2088'],
2095,H,-3.713359,10.02493,-3.306627,156,['2089'],
2096,H,-3.858933,11.765394,-3.645963,156,['2089'],
2097,N,-1.227961,13.290176,-5.502959,7,"['2084', '2098', '2101']",
2098,CA,-1.520946,14.559677,-6.133977,8,"['2097', '2099', '2102', '2103']",
2099,C,-1.491769,14.475412,-7.659018,9,"['2098', '2100', '2107']",
2100,O,-2.320384,15.104932,-8.32083,11,['2099'],
2101,HN,-0.417743,13.291376,-4.869742,10,['2097'],
2102,H,-2.567722,14.843416,-5.866396,12,['2098'],
2103,C,-0.546107,15.665308,-5.647641,13,"['2098', '2104', '2105', '2106']",
2104,H,-0.789288,16.651062,-6.101685,14,['2103'],
2105,H,0.506826,15.414705,-5.917273,14,['2103'],
2106,H,-0.587902,15.780595,-4.539868,14,['2103'],
2107,N,-0.503841,13.733761,-8.222348,7,"['2099', '2108', '2111']",
2108,CA,-0.330694,13.556394,-9.652568,8,"['2107', '2109', '2112', '2113']",
2109,C,-1.409774,12.657247,-10.262204,9,"['2108', '2110', '2124']",
2110,O,-1.966968,13.000671,-11.305527,11,['2109'],
2111,HN,0.2069,13.280846,-7.629805,10,['2107'],
2112,H,-0.479412,14.551537,-10.13995,12,['2108'],
2113,C,1.096876,13.044036,-9.992691,167,"['2108', '2114', '2118', '2119']",
2114,C,1.364354,12.815757,-11.494564,169,"['2113', '2115', '2120', '2121']",
2115,C,1.495409,14.061179,-12.363921,171,"['2114', '2116', '2117']",
2116,O,1.709611,15.174204,-11.863141,172,['2115'],
2117,N,1.354693,13.860897,-13.691204,173,"['2115', '2122', '2123']",
2118,H,1.272774,12.085107,-9.448417,168,['2113'],
2119,H,1.855349,13.759558,-9.596242,168,['2113'],
2120,H,0.577375,12.154282,-11.930847,170,['2114'],
2121,H,2.318383,12.253767,-11.613301,170,['2114'],
2122,HN,1.063467,12.932422,-14.04979,174,['2117'],
2123,HN,1.493117,14.640427,-14.348592,174,['2117'],
2124,N,-1.741087,11.522735,-9.590797,7,"['2109', '2125', '2128']",
2125,CA,-2.801929,10.60773,-9.99849,8,"['2124', '2126', '2129', '2130']",
2126,C,-4.179164,11.284075,-9.993032,9,"['2125', '2127', '2134']",
2127,O,-4.968593,11.124344,-10.928244,11,['2126'],
2128,HN,-1.203519,11.242705,-8.757645,10,['2124'],
2129,H,-2.608141,10.308142,-11.059297,12,['2125'],
2130,C,-2.83662,9.337843,-9.113772,13,"['2125', '2131', '2132', '2133']",
2131,H,-3.610934,8.62221,-9.470662,14,['2130'],
2132,H,-3.054188,9.571871,-8.046602,14,['2130'],
2133,H,-1.864383,8.797181,-9.140022,14,['2130'],
2134,N,-4.46344,12.097339,-8.941487,7,"['2126', '2135', '2138']",
2135,CA,-5.661208,12.920884,-8.830065,8,"['2134', '2136', '2139', '2140']",
2136,C,-5.74868,13.934225,-9.978477,9,"['2135', '2137', '2156']",
2137,O,-6.82992,14.185048,-10.507284,11,['2136'],
2138,HN,-3.827386,12.115487,-8.132427,10,['2134'],
2139,H,-6.54637,12.251582,-8.955454,12,['2135'],
2140,C,-5.737084,13.639809,-7.440014,182,"['2135', '2141', '2145', '2146']",
2141,C,-6.975824,14.552166,-7.197454,184,"['2140', '2142', '2147', '2148']",
2142,C,-6.83503,15.423574,-5.916967,186,"['2141', '2143', '2149', '2150']",
2143,C,-7.731989,16.692312,-5.864154,188,"['2142', '2144', '2151', '2152']",
2144,N,-8.961944,16.507405,-5.101692,190,"['2143', '2153', '2154', '2155']",
2145,H,-4.801069,14.238379,-7.320522,183,['2140'],
2146,H,-5.698174,12.860884,-6.639137,183,['2140'],
2147,H,-7.895103,13.921245,-7.156993,185,['2141'],
2148,H,-7.105323,15.207076,-8.089858,185,['2141'],
2149,H,-5.778416,15.775843,-5.852241,187,['2142'],
2150,H,-6.976255,14.787029,-5.010281,187,['2142'],
2151,H,-8.017024,17.009094,-6.894066,189,['2143'],
2152,H,-7.167491,17.542062,-5.413838,189,['2143'],
2153,HN,-9.541656,17.337924,-5.019665,191,['2144'],
2154,HN,-8.815971,16.142892,-4.166202,191,['2144'],
2155,HN,-9.558174,15.868249,-5.618219,191,['2144'],
2156,N,-4.599587,14.545368,-10.361674,7,"['2136', '2157', '2160']",
2157,CA,-4.489487,15.510012,-11.445846,8,"['2156', '2158', '2161', '2162']",
2158,C,-4.770393,14.922462,-12.835074,9,"['2157', '2159', '2178']",
2159,O,-5.275159,15.646529,-13.699683,11,['2158'],
2160,HN,-3.729495,14.368316,-9.841304,10,['2156'],
2161,H,-5.282971,16.282382,-11.292716,12,['2157'],
2162,C,-3.092769,16.19658,-11.422815,182,"['2157', '2163', '2167', '2168']",
2163,C,-2.91564,17.378326,-12.408132,184,"['2162', '2164', '2169', '2170']",
2164,C,-1.579112,18.13286,-12.206856,186,"['2163', '2165', '2171', '2172']",
2165,C,-0.358167,17.307055,-12.663414,188,"['2164', '2166', '2173', '2174']",
2166,N,0.913871,17.803446,-12.16089,190,"['2165', '2175', '2176', '2177']",
2167,H,-2.323737,15.411573,-11.620177,183,['2162'],
2168,H,-2.895905,16.559426,-10.385806,183,['2162'],
2169,H,-3.762955,18.094115,-12.286877,185,['2163'],
2170,H,-2.993091,17.026215,-13.463329,185,['2163'],
2171,H,-1.481736,18.429601,-11.136476,187,['2164'],
2172,H,-1.613486,19.089134,-12.782799,187,['2164'],
2173,H,-0.306794,17.239669,-13.773356,189,['2165'],
2174,H,-0.449496,16.260219,-12.300998,189,['2165'],
2175,HN,1.572331,17.029518,-12.101689,191,['2166'],
2176,HN,0.877045,18.192403,-11.225456,191,['2166'],
2177,HN,1.367094,18.485033,-12.757613,191,['2166'],
2178,N,-4.413442,13.634836,-13.065716,7,"['2158', '2179', '2182']",
2179,CA,-4.680212,12.864593,-14.273978,8,"['2178', '2180', '2183', '2184']",
2180,C,-6.080488,12.242548,-14.343031,9,"['2179', '2181', '2193']",
2181,O,-6.505889,11.830673,-15.426008,11,['2180'],
2182,HN,-3.864468,13.130385,-12.355521,10,['2178'],
2183,H,-4.635455,13.547943,-15.157826,12,['2179'],
2184,C,-3.621444,11.732642,-14.446391,153,"['2179', '2185', '2189', '2190']",
2185,C,-2.19955,12.264135,-14.748331,155,"['2184', '2186', '2191', '2192']",
2186,C,-1.070222,11.306172,-14.513492,157,"['2185', '2187', '2188']",
2187,O,-1.227459,10.324949,-13.716257,158,['2186'],
2188,O,0.067973,11.538979,-14.997242,158,['2186'],
2189,H,-3.922213,11.018596,-15.251909,154,['2184'],
2190,H,-3.602847,11.111367,-13.517379,154,['2184'],
2191,H,-1.984546,13.158727,-14.115858,156,['2185'],
2192,H,-2.15413,12.618697,-15.808423,156,['2185'],
2193,N,-6.809008,12.183749,-13.19693,7,"['2180', '2194', '2197']",
2194,CA,-8.087004,11.514562,-13.009147,8,"['2193', '2195', '2198', '2199']",
2195,C,-7.939504,10.005838,-13.264719,9,"['2194', '2196', '2215']",
2196,O,-8.693129,9.404854,-14.030949,11,['2195'],
2197,HN,-6.428023,12.557442,-12.318547,10,['2193'],
2198,H,-8.348864,11.592106,-11.926323,12,['2194'],
2199,C,-9.249941,12.150263,-13.825628,182,"['2194', '2200', '2204', '2205']",
2200,C,-9.467307,13.657794,-13.546723,184,"['2199', '2201', '2206', '2207']",
2201,C,-10.76555,14.194811,-14.203392,186,"['2200', '2202', '2208', '2209']",
2202,C,-11.14741,15.63845,-13.808897,188,"['2201', '2203', '2210', '2211']",
2203,N,-11.308355,15.775552,-12.369548,190,"['2202', '2212', '2213', '2214']",
2204,H,-10.183287,11.583319,-13.590695,183,['2199'],
2205,H,-9.079907,11.981433,-14.913315,183,['2199'],
2206,H,-8.591956,14.241642,-13.920221,185,['2200'],
2207,H,-9.489562,13.800271,-12.440745,185,['2200'],
2208,H,-11.621651,13.520373,-13.957772,187,['2201'],
2209,H,-10.661825,14.143573,-15.314569,187,['2201'],
2210,H,-12.112331,15.918736,-14.293009,189,['2202'],
2211,H,-10.381692,16.365717,-14.163414,189,['2202'],
2212,HN,-11.755387,16.647949,-12.086964,191,['2203'],
2213,HN,-10.424136,15.71739,-11.879244,191,['2203'],
2214,HN,-11.885817,15.019962,-11.997555,191,['2203'],
2215,N,-6.903675,9.396062,-12.636759,7,"['2195', '2216', '2219']",
2216,CA,-6.575083,7.986889,-12.776916,8,"['2215', '2217', '2220', '2221']",
2217,C,-7.451612,7.160114,-11.822363,9,"['2216', '2218', '2234']",
2218,O,-7.425966,7.368281,-10.60571,11,['2217'],
2219,HN,-6.32722,9.919348,-11.963235,10,['2215'],
2220,H,-6.809885,7.687525,-13.825141,12,['2216'],
2221,C,-5.060437,7.723477,-12.473189,19,"['2216', '2222', '2225', '2226']",
2222,C,-4.23481,7.221894,-13.694466,21,"['2221', '2223', '2224', '2227']",
2223,C,-2.768324,6.993501,-13.244903,23,"['2222', '2228', '2229', '2230']",
2224,C,-4.811921,5.898173,-14.260716,23,"['2222', '2231', '2232', '2233']",
2225,H,-4.968133,6.976887,-11.651234,20,['2221'],
2226,H,-4.577622,8.647641,-12.07384,20,['2221'],
2227,H,-4.252622,8.004661,-14.495217,22,['2222'],
2228,H,-2.123563,6.741138,-14.11666,24,['2223'],
2229,H,-2.676281,6.16268,-12.513492,24,['2223'],
2230,H,-2.325895,7.903733,-12.782805,24,['2223'],
2231,H,-4.142924,5.476233,-15.043918,24,['2224'],
2232,H,-5.800439,6.047434,-14.745101,24,['2224'],
2233,H,-4.932599,5.121329,-13.470039,24,['2224'],
2234,N,-8.136248,6.136384,-12.391239,7,"['2217', '2235', '2238']",
2235,CA,-8.88011,5.082328,-11.717448,8,"['2234', '2236', '2239', '2240']",
2236,C,-9.835124,5.650541,-10.661815,9,"['2235', '2237', '2248']",
2237,O,-10.913897,6.124598,-11.01071,11,['2236'],
2238,HN,-8.190001,6.079575,-13.417467,10,['2234'],
2239,H,-9.58235,4.648398,-12.469238,12,['2235'],
2240,C,-7.927068,3.954593,-11.244673,147,"['2235', '2241', '2244', '2245']",
2241,C,-7.28627,3.141962,-12.367959,149,"['2240', '2242', '2243']",
2242,O,-6.104413,3.279435,-12.671304,150,['2241'],
2243,N,-8.088259,2.245836,-12.973274,151,"['2241', '2246', '2247']",
2244,H,-8.477445,3.247545,-10.581517,148,['2240'],
2245,H,-7.104963,4.370843,-10.619388,148,['2240'],
2246,HN,-9.085526,2.186886,-12.741504,152,['2243'],
2247,HN,-7.683771,1.598888,-13.665344,152,['2243'],
2248,N,-9.479158,5.595312,-9.350316,7,"['2236', '2249', '2252']",
2249,CA,-10.329877,6.004365,-8.233883,8,"['2248', '2250', '2253', '2254']",
2250,C,-10.978305,7.389641,-8.429101,9,"['2249', '2251', '2267']",
2251,O,-12.102043,7.632561,-7.990638,11,['2250'],
2252,HN,-8.506575,5.361,-9.105313,10,['2248'],
2253,H,-11.195637,5.305992,-8.18512,12,['2249'],
2254,C,-9.549546,5.895414,-6.857966,25,"['2249', '2255', '2256', '2258']",
2255,C,-9.351629,4.395498,-6.439394,27,"['2254', '2257', '2259', '2260']",
2256,C,-10.250425,6.653882,-5.700537,29,"['2254', '2261', '2262', '2263']",
2257,C,-8.36895,4.204765,-5.264994,31,"['2255', '2264', '2265', '2266']",
2258,H,-8.54219,6.363209,-7.010657,26,['2254'],
2259,H,-8.952034,3.821984,-7.308673,28,['2255'],
2260,H,-10.32933,3.91922,-6.192998,28,['2255'],
2261,H,-9.736846,6.502693,-4.729253,30,['2256'],
2262,H,-11.314314,6.343736,-5.585436,30,['2256'],
2263,H,-10.253377,7.751549,-5.882526,30,['2256'],
2264,H,-8.068748,3.138768,-5.170091,32,['2257'],
2265,H,-8.810091,4.502789,-4.28812,32,['2257'],
2266,H,-7.43954,4.798272,-5.4154,32,['2257'],
2267,N,-10.229719,8.349247,-9.018502,7,"['2250', '2268', '2271']",
2268,CA,-10.526738,9.771553,-9.025846,8,"['2267', '2269', '2272', '2273']",
2269,C,-11.556995,10.329824,-10.035342,9,"['2268', '2270', '2291']",
2270,O,-11.530373,11.55151,-10.261669,11,['2269'],
2271,HN,-9.366926,8.074485,-9.509792,10,['2267'],
2272,H,-10.978456,10.026504,-8.034646,12,['2268'],
2273,C,-9.165391,10.547021,-9.176843,89,"['2268', '2274', '2283', '2284']",
2274,C,-8.185236,10.242647,-8.044155,91,"['2273', '2275', '2276']",
2275,C,-7.074535,9.393826,-8.132729,92,"['2274', '2277', '2285']",
2276,C,-8.248058,10.684525,-6.738262,94,"['2274', '2278', '2279']",
2277,N,-6.491421,9.355374,-6.89242,95,"['2275', '2278', '2286']",
2278,C,-7.20148,10.133627,-6.030685,97,"['2276', '2277', '2280']",
2279,C,-9.182396,11.520745,-6.119861,98,"['2276', '2281', '2287']",
2280,C,-6.992106,10.373826,-4.678444,100,"['2278', '2282', '2288']",
2281,C,-9.002341,11.789703,-4.744608,102,"['2279', '2282', '2289']",
2282,C,-7.917661,11.220331,-4.030804,104,"['2280', '2281', '2290']",
2283,H,-9.343845,11.645084,-9.217355,90,['2273'],
2284,H,-8.6828,10.282653,-10.146909,90,['2273'],
2285,H,-6.694809,8.817257,-8.99332,93,['2275'],
2286,HN,-5.652834,8.806829,-6.650795,96,['2277'],
2287,H,-10.032985,11.954576,-6.679339,99,['2279'],
2288,H,-6.146567,9.919644,-4.127993,101,['2280'],
2289,H,-9.721911,12.443352,-4.215694,103,['2281'],
2290,H,-7.79312,11.434312,-2.951089,105,['2282'],
2291,N,-12.420234,9.514154,-10.700181,7,"['2269', '2292', '2295']",
2292,CA,-13.19877,9.953132,-11.861766,8,"['2291', '2293', '2296', '2297']",
2293,C,-14.742887,10.072024,-11.845505,9,"['2292', '2294', '2302']",
2294,O,-15.26535,11.046173,-12.423624,11,['2293'],
2295,HN,-12.452876,8.501009,-10.516415,10,['2291'],
2296,H,-12.898768,11.004542,-12.095023,12,['2292'],
2297,C,-12.751777,9.101908,-13.083724,33,"['2292', '2298', '2299', '2300']",
2298,OH,-12.886504,7.727513,-12.763775,35,"['2297', '2301']",
2299,H,-11.684063,9.29511,-13.344053,34,['2297'],
2300,H,-13.357767,9.333456,-13.99164,34,['2297'],
2301,HO,-13.320928,7.317375,-13.514381,36,['2298'],
2302,N,-15.499815,9.050034,-11.364957,7,"['2293', '2303', '2306']",
2303,CA,-16.837861,8.732239,-11.885478,8,"['2302', '2304', '2307', '2308']",
2304,C,-18.085725,9.407529,-11.281835,9,"['2303', '2305', '2317']",
2305,O,-18.117562,9.786132,-10.106385,11,['2304'],
2306,HN,-15.118252,8.393959,-10.670849,10,['2302'],
2307,H,-16.832144,9.085134,-12.950225,12,['2303'],
2308,C,-17.086712,7.178276,-11.870589,153,"['2303', '2309', '2313', '2314']",
2309,C,-16.021118,6.340972,-12.600706,155,"['2308', '2310', '2315', '2316']",
2310,C,-15.693609,6.774014,-14.029093,157,"['2309', '2311', '2312']",
2311,O,-16.467387,7.586141,-14.599565,158,['2310'],
2312,O,-14.587125,6.379954,-14.497454,158,['2310'],
2313,H,-18.048501,6.977646,-12.404796,154,['2308'],
2314,H,-17.257449,6.801707,-10.834102,154,['2308'],
2315,H,-16.352417,5.278903,-12.652922,156,['2309'],
2316,H,-15.084298,6.339938,-12.000977,156,['2309'],
2317,N,-19.184263,9.318101,-12.09548,7,"['2304', '2318', '2321']",
2318,CA,-20.616399,9.511873,-11.837903,8,"['2317', '2319', '2322', '2323']",
2319,C,-21.163109,10.964956,-11.75875,9,"['2318', '2320', '2329']",
2320,O,-20.444288,11.929754,-11.475521,11,['2319'],
2321,HN,-19.036442,8.846316,-13.00147,10,['2317'],
2322,H,-21.11501,9.099979,-12.755898,12,['2318'],
2323,C,-21.078319,8.630051,-10.64294,137,"['2318', '2324', '2327', '2328']",
2324,C,-21.279391,7.149112,-10.97045,139,"['2323', '2325', '2326']",
2325,O,-20.367056,6.560117,-11.633881,140,['2324'],
2326,O,-22.294414,6.565766,-10.551688,140,['2324'],
2327,H,-22.020243,9.038869,-10.202663,138,['2323'],
2328,H,-20.345889,8.729926,-9.806821,138,['2323'],
2329,N,-22.513785,11.074527,-12.048172,7,"['2319', '2330', '2333']",
2330,CA,-23.398103,12.261252,-12.177514,8,"['2329', '2331', '2334', '2335']",
2331,C,-24.825158,12.016169,-11.565415,9,"['2330', '2332', '2343']",
2332,O,-24.848528,11.652546,-10.375966,11,['2331'],
2333,HN,-23.033005,10.187945,-12.208413,10,['2329'],
2334,H,-22.993563,13.031276,-11.478248,12,['2330'],
2335,C,-23.345746,12.931131,-13.577566,147,"['2330', '2336', '2339', '2340']",
2336,C,-23.468809,12.045769,-14.797075,149,"['2335', '2337', '2338']",
2337,O,-24.241767,12.310116,-15.707973,150,['2336'],
2338,N,-22.692143,10.94022,-14.779215,151,"['2336', '2341', '2342']",
2339,H,-22.446669,13.594276,-13.667147,148,['2335'],
2340,H,-24.215076,13.628544,-13.622453,148,['2335'],
2341,HN,-21.855348,10.902503,-14.170767,152,['2338'],
2342,HN,-23.03409,10.10236,-15.289133,152,['2338'],
2343,N,-26.004626,12.50651,-12.118132,7,"['2331', '2344', '2347']",
2344,CA,-26.801898,12.06823,-13.277695,8,"['2343', '2345', '2348', '2349']",
2345,C,-28.012755,13.009384,-13.720174,9,"['2344', '2346', '2353']",
2346,O,-27.841624,13.769336,-14.675269,11,['2345'],
2347,HN,-26.554585,13.142155,-11.515605,10,['2343'],
2348,H,-26.145381,12.058512,-14.178193,12,['2344'],
2349,C,-27.251547,10.612011,-13.005827,13,"['2344', '2350', '2351', '2352']",
2350,H,-27.897714,10.244653,-13.834555,14,['2349'],
2351,H,-27.841803,10.515003,-12.06741,14,['2349'],
2352,H,-26.393506,9.901485,-12.944565,14,['2349'],
2353,N,-29.264993,12.894721,-13.162032,7,"['2345', '2354', '2357']",
2354,CA,-30.572996,13.55897,-13.550528,8,"['2353', '2355', '2358', '2359']",
2355,C,-31.280737,14.320496,-12.383062,9,"['2354', '2356', '2365']",
2356,O,-30.768029,14.296193,-11.254831,11,['2355'],
2357,HN,-29.425844,12.079932,-12.550262,10,['2353'],
2358,H,-30.356603,14.331362,-14.324967,12,['2354'],
2359,C,-31.57155,12.484888,-14.121484,137,"['2354', '2360', '2363', '2364']",
2360,C,-31.60762,11.062336,-13.600607,139,"['2359', '2361', '2362']",
2361,O,-32.618039,10.337227,-13.875299,140,['2360'],
2362,O,-30.650574,10.634433,-12.911957,140,['2360'],
2363,H,-31.424914,12.414228,-15.222228,138,['2359'],
2364,H,-32.610897,12.858149,-13.993462,138,['2359'],
2365,N,-32.464367,15.035109,-12.540898,7,"['2355', '2366', '2369']",
2366,CA,-33.354183,15.535056,-13.632073,8,"['2365', '2367', '2370', '2371']",
2367,C,-34.830423,15.664989,-13.099541,9,"['2366', '2368', '2376']",
2368,O,-35.038994,15.568934,-11.891088,11,['2367'],
2369,HN,-32.878955,15.346762,-11.649782,10,['2365'],
2370,H,-33.366453,14.793958,-14.469398,12,['2366'],
2371,C,-32.872679,16.93679,-14.110033,33,"['2366', '2372', '2373', '2374']",
2372,OH,-33.437795,17.229695,-15.384184,35,"['2371', '2375']",
2373,H,-31.762868,16.968617,-14.208565,34,['2371'],
2374,H,-33.151836,17.750754,-13.395526,34,['2371'],
2375,HO,-32.982153,17.998226,-15.716907,36,['2372'],
2376,N,-35.851572,15.870053,-13.996852,1,"['2367', '2377', '2380']",
2377,CA,-37.273786,15.649735,-13.731595,2,"['2376', '2378', '2381', '2382']",
2378,C,-38.445708,16.503117,-14.290751,3,"['2377', '2379', '2383']",
2379,O,-38.400121,17.740385,-14.325791,5,['2378'],
2380,HN,-35.637195,16.162328,-14.954835,4,['2376'],
2381,H,-37.47944,14.597312,-14.032406,6,['2377'],
2382,H,-37.447745,15.648272,-12.631424,6,['2377'],
2383,N,-39.610076,15.809597,-14.499026,7,"['2378', '2384', '2387']",
2384,CA,-41.038828,16.17331,-14.530529,8,"['2383', '2385', '2388', '2389']",
2385,C,-41.825725,14.874436,-14.201196,233,"['2384', '2386', '2400']",
2386,O,-41.206556,13.774472,-14.324603,234,['2385'],
2387,HN,-39.557449,14.78562,-14.421986,10,['2383'],
2388,H,-41.238049,16.883975,-13.685853,12,['2384'],
2389,C,-41.57298,16.808115,-15.850085,167,"['2384', '2390', '2394', '2395']",
2390,C,-41.617579,15.905416,-17.10719,169,"['2389', '2391', '2396', '2397']",
2391,C,-42.89336,15.102338,-17.340244,171,"['2390', '2392', '2393']",
2392,O,-43.869521,15.222891,-16.601886,172,['2391'],
2393,N,-42.919515,14.311083,-18.43584,173,"['2391', '2398', '2399']",
2394,H,-40.964187,17.711534,-16.089935,168,['2389'],
2395,H,-42.605438,17.198915,-15.672604,168,['2389'],
2396,H,-40.750633,15.205884,-17.103615,170,['2390'],
2397,H,-41.508078,16.563871,-18.003929,170,['2390'],
2398,HN,-42.086237,14.177947,-19.026244,174,['2393'],
2399,HN,-43.776797,13.778132,-18.639669,174,['2393'],
2400,O,-43.002477,14.914004,-13.750587,234,['2385'],
