PDB,atom_number,Chain ID,Residue ID,Residue Name,atom_name,Radius_7A_N_Count,Radius_7A_CA_C_Count,Radius_7A_O_Count,Radius_7A_S_Count,Radius_8A_N_Count,Radius_8A_CA_C_Count,Radius_8A_O_Count,Radius_8A_S_Count,Radius_9A_N_Count,Radius_9A_CA_C_Count,Radius_9A_O_Count,Radius_9A_S_Count,Radius_10A_N_Count,Radius_10A_CA_C_Count,Radius_10A_O_Count,Radius_10A_S_Count,Radius_11A_N_Count,Radius_11A_CA_C_Count,Radius_11A_O_Count,Radius_11A_S_Count
4YIJ,1,A,1,LYS,N,3,6,1,0,3,9,1,0,3,15,2,0,5,17,2,0,6,23,3,0
4YIJ,2,A,1,LYS,CA,3,8,1,0,3,14,2,0,5,16,2,0,5,23,3,0,7,26,5,0
4YIJ,3,A,1,LYS,C,3,14,2,0,4,16,2,0,5,21,4,0,7,30,6,0,13,36,12,0
4YIJ,4,A,1,LYS,O,3,14,2,0,4,18,3,0,6,26,5,0,10,35,10,0,16,41,12,0
4YIJ,5,A,1,LYS,H,2,5,1,0,3,7,1,0,3,9,1,0,3,15,2,0,5,17,2,0
4YIJ,6,A,1,LYS,H,2,5,1,0,3,7,1,0,3,13,1,0,3,19,3,0,6,20,4,0
4YIJ,7,A,1,LYS,H,3,5,1,0,3,8,1,0,3,15,2,0,5,18,2,0,6,21,4,0
4YIJ,8,A,1,LYS,H,3,6,1,0,3,10,2,0,5,14,2,0,5,21,2,0,7,24,4,0
4YIJ,9,A,1,LYS,C,3,8,1,0,3,12,2,0,4,16,2,0,7,22,3,0,9,28,7,0
4YIJ,10,A,1,LYS,C,3,7,1,0,4,13,2,0,5,19,2,0,8,23,2,0,9,28,8,0
4YIJ,11,A,1,LYS,C,3,5,1,0,5,11,2,0,5,18,2,0,8,23,3,0,9,29,7,0
4YIJ,12,A,1,LYS,C,1,3,1,0,3,10,1,0,5,16,2,0,7,20,2,0,9,23,4,0
4YIJ,13,A,1,LYS,N,0,1,1,0,2,3,1,0,6,11,2,0,7,18,2,0,10,23,7,0
4YIJ,14,A,1,LYS,H,3,9,1,0,3,14,2,0,5,18,3,0,6,26,6,0,11,32,10,0
4YIJ,15,A,1,LYS,H,2,5,1,0,3,8,1,0,3,13,2,0,4,17,2,0,7,25,4,0
4YIJ,16,A,1,LYS,H,2,5,1,0,3,8,2,0,4,16,2,0,6,19,2,0,8,24,3,0
4YIJ,17,A,1,LYS,H,4,11,2,0,4,18,2,0,7,21,2,0,10,24,6,0,10,31,8,0
4YIJ,18,A,1,LYS,H,3,10,1,0,5,17,2,0,8,21,3,0,8,28,7,0,15,35,9,0
4YIJ,19,A,1,LYS,H,2,3,1,0,3,8,1,0,5,14,2,0,7,19,3,0,8,26,6,0
4YIJ,20,A,1,LYS,H,1,0,1,0,1,4,1,0,4,11,2,0,6,17,2,0,8,20,2,0
4YIJ,21,A,1,LYS,H,2,4,1,0,4,11,2,0,6,17,2,0,8,20,3,0,10,24,4,0
4YIJ,22,A,1,LYS,HN,0,1,1,0,2,3,1,0,5,9,1,0,6,15,2,0,8,22,4,0
4YIJ,23,A,1,LYS,HN,1,1,1,0,5,7,1,0,7,15,2,0,10,22,6,0,11,29,7,0
4YIJ,24,A,1,LYS,HN,0,0,1,0,1,1,1,0,2,6,1,0,7,15,2,0,9,21,3,0
4YIJ,25,A,2,LYS,N,4,12,2,0,5,17,2,0,5,21,3,0,9,28,7,0,13,35,10,0
4YIJ,26,A,2,LYS,CA,4,15,3,0,4,21,3,0,8,25,7,0,11,36,9,0,17,48,11,0
4YIJ,27,A,2,LYS,C,4,21,3,0,7,25,6,0,12,33,7,0,14,48,12,0,19,56,15,0
4YIJ,28,A,2,LYS,O,5,20,3,0,8,24,5,0,10,30,8,0,14,44,10,0,20,53,16,0
4YIJ,29,A,2,LYS,HN,3,10,2,0,5,14,2,0,5,19,3,0,5,24,4,0,11,29,8,0
4YIJ,30,A,2,LYS,H,4,15,3,0,6,20,4,0,8,29,8,0,13,39,9,0,15,53,13,0
4YIJ,31,A,2,LYS,C,4,10,3,0,4,19,3,0,7,25,5,0,11,33,8,0,13,49,10,0
4YIJ,32,A,2,LYS,C,3,11,2,0,4,17,3,0,7,22,4,0,11,32,7,0,11,37,8,0
4YIJ,33,A,2,LYS,C,2,6,2,0,3,9,3,0,4,17,3,0,8,27,5,0,11,31,7,0
4YIJ,34,A,2,LYS,C,2,4,1,0,2,8,3,0,5,18,4,0,8,26,6,0,11,34,7,0
4YIJ,35,A,2,LYS,N,2,3,1,0,4,9,2,0,4,17,4,0,7,24,6,0,10,33,8,0
4YIJ,36,A,2,LYS,H,2,8,2,0,4,13,3,0,4,21,3,0,8,25,6,0,11,34,8,0
4YIJ,37,A,2,LYS,H,3,14,3,0,6,18,4,0,7,27,7,0,11,38,8,0,16,54,11,0
4YIJ,38,A,2,LYS,H,3,14,3,0,5,19,4,0,9,29,7,0,11,35,7,0,17,47,10,0
4YIJ,39,A,2,LYS,H,3,11,2,0,5,17,3,0,8,19,4,0,8,27,6,0,11,34,8,0
4YIJ,40,A,2,LYS,H,2,7,1,0,3,9,2,0,4,15,3,0,8,24,4,0,9,29,6,0
4YIJ,41,A,2,LYS,H,2,5,2,0,3,8,2,0,3,12,3,0,6,21,3,0,10,27,5,0
4YIJ,42,A,2,LYS,H,1,1,1,0,2,4,2,0,5,11,3,0,6,22,5,0,9,31,6,0
4YIJ,43,A,2,LYS,H,2,5,2,0,4,15,3,0,7,23,5,0,9,33,6,0,11,41,9,0
4YIJ,44,A,2,LYS,HN,2,3,1,0,4,10,2,0,4,15,3,0,6,26,8,0,11,35,9,0
4YIJ,45,A,2,LYS,HN,3,5,1,0,4,12,3,0,5,20,5,0,8,29,7,0,10,35,10,0
4YIJ,46,A,2,LYS,HN,0,1,1,0,2,4,1,0,4,10,2,0,4,19,5,0,7,27,7,0
4YIJ,47,A,3,LEU,N,6,24,7,0,12,30,7,0,15,47,11,0,19,57,14,0,24,69,17,0
4YIJ,48,A,3,LEU,CA,10,29,7,0,13,43,9,0,17,53,12,0,24,64,17,0,25,86,18,0
4YIJ,49,A,3,LEU,C,7,23,7,0,13,36,10,0,18,50,12,0,20,65,14,0,24,84,22,0
4YIJ,50,A,3,LEU,O,6,19,6,0,9,32,7,0,16,42,10,0,18,56,12,0,23,74,18,0
4YIJ,51,A,3,LEU,HN,6,20,7,0,9,33,8,0,15,50,11,0,19,60,14,0,23,73,17,0
4YIJ,52,A,3,LEU,H,10,29,8,0,14,39,9,0,18,49,14,0,21,64,16,0,24,84,20,0
4YIJ,53,A,3,LEU,C,10,32,10,0,14,50,11,0,20,65,15,0,25,82,18,0,29,104,25,1
4YIJ,54,A,3,LEU,C,9,33,10,0,12,45,12,0,21,65,17,0,25,86,21,0,31,105,25,1
4YIJ,55,A,3,LEU,C,9,38,11,0,14,52,14,0,20,75,20,1,28,100,23,1,36,123,30,1
4YIJ,56,A,3,LEU,C,9,30,11,0,13,44,14,0,21,64,15,0,26,79,21,0,31,104,27,0
4YIJ,57,A,3,LEU,H,10,32,11,0,15,52,13,0,22,74,16,0,27,94,21,0,30,115,26,1
4YIJ,58,A,3,LEU,H,8,35,8,0,14,50,12,0,19,65,14,0,23,82,17,1,31,104,26,1
4YIJ,59,A,3,LEU,H,9,29,9,0,11,44,12,0,18,58,13,0,23,73,19,0,27,97,23,1
4YIJ,60,A,3,LEU,H,10,40,9,0,15,54,15,0,19,69,21,1,27,94,24,1,36,125,28,1
4YIJ,61,A,3,LEU,H,10,37,10,0,15,62,16,0,22,83,20,1,31,105,28,1,38,131,32,1
4YIJ,62,A,3,LEU,H,10,36,9,0,14,52,13,1,18,76,19,1,26,98,23,1,37,127,29,1
4YIJ,63,A,3,LEU,H,9,27,10,0,14,46,14,0,18,62,18,0,27,82,22,0,31,99,27,0
4YIJ,64,A,3,LEU,H,5,27,9,0,12,41,12,0,20,54,14,0,25,71,18,0,28,89,23,0
4YIJ,65,A,3,LEU,H,8,30,12,0,15,50,13,0,21,67,17,0,29,94,24,0,30,109,25,0
4YIJ,66,A,4,HIS,N,7,23,7,0,10,36,11,0,16,56,12,0,20,73,18,0,21,95,20,0
4YIJ,67,A,4,HIS,CA,6,26,8,0,9,32,9,0,13,47,13,0,17,67,18,0,23,88,19,0
4YIJ,68,A,4,HIS,C,5,27,10,0,11,42,14,0,13,55,16,0,20,77,19,0,25,101,23,0
4YIJ,69,A,4,HIS,O,8,31,10,0,10,43,14,0,16,66,16,0,21,86,20,0,25,113,25,0
4YIJ,70,A,4,HIS,HN,7,26,9,0,13,43,12,0,17,66,15,0,19,79,17,0,26,97,23,0
4YIJ,71,A,4,HIS,H,4,23,7,0,8,29,8,0,11,42,13,0,15,64,16,0,23,77,18,0
4YIJ,72,A,4,HIS,C,3,16,7,0,7,30,8,0,11,38,12,0,16,55,14,0,20,73,18,0
4YIJ,73,A,4,HIS,C,5,13,7,0,8,28,8,0,14,42,12,0,16,57,14,0,19,80,19,0
4YIJ,74,A,4,HIS,N,5,18,6,0,10,26,8,0,13,40,11,0,14,67,15,0,19,78,18,0
4YIJ,75,A,4,HIS,C,7,13,5,0,8,27,7,0,13,42,11,0,15,59,13,0,18,68,15,0
4YIJ,76,A,4,HIS,C,7,11,5,0,8,28,8,0,13,41,10,0,14,57,13,0,16,77,17,0
4YIJ,77,A,4,HIS,N,6,11,5,0,9,25,8,0,11,40,10,0,14,55,11,0,16,74,16,0
4YIJ,78,A,4,HIS,H,4,14,3,0,8,27,7,0,9,38,10,0,13,46,14,0,20,61,16,0
4YIJ,79,A,4,HIS,H,4,15,5,0,5,25,8,0,11,37,11,0,14,51,14,0,18,64,18,0
4YIJ,80,A,4,HIS,HN,7,17,6,0,9,33,7,0,11,48,12,0,16,63,17,0,20,81,18,0
4YIJ,81,A,4,HIS,H,5,13,5,0,9,25,7,0,11,43,10,0,16,52,14,0,18,66,15,0
4YIJ,82,A,4,HIS,H,7,14,4,0,9,28,6,0,11,42,11,0,13,58,12,0,16,74,17,0
4YIJ,83,A,4,HIS,HN,5,8,4,0,8,21,7,0,11,34,8,0,12,56,12,0,16,67,16,0
4YIJ,84,A,5,LYS,N,9,26,9,0,10,39,15,0,15,56,15,0,21,75,17,0,25,92,23,0
4YIJ,85,A,5,LYS,CA,8,31,11,0,9,43,16,0,15,60,17,0,21,84,19,0,25,108,24,0
4YIJ,86,A,5,LYS,C,8,30,9,0,10,38,14,0,12,54,16,0,20,76,19,0,25,102,21,0
4YIJ,87,A,5,LYS,O,7,25,6,0,8,31,10,0,12,44,14,0,16,62,17,0,20,82,19,0
4YIJ,88,A,5,LYS,HN,7,21,7,0,10,35,12,0,12,48,15,0,17,64,17,0,23,83,21,0
4YIJ,89,A,5,LYS,H,9,34,14,0,11,54,16,0,18,69,17,0,23,97,21,0,27,123,27,1
4YIJ,90,A,5,LYS,C,8,30,9,0,10,44,13,0,15,54,17,0,21,80,21,0,26,103,24,0
4YIJ,91,A,5,LYS,C,8,26,10,0,12,42,14,0,18,65,16,0,25,93,22,1,26,108,27,1
4YIJ,92,A,5,LYS,C,7,23,8,0,9,34,12,0,18,56,18,0,21,81,20,1,25,99,27,1
4YIJ,93,A,5,LYS,C,5,22,9,0,12,39,11,0,18,56,16,1,22,75,21,1,24,106,24,1
4YIJ,94,A,5,LYS,N,4,16,5,0,9,31,10,0,14,47,15,1,18,68,21,1,23,89,25,1
4YIJ,95,A,5,LYS,H,8,31,7,0,11,45,14,0,16,60,17,0,22,80,21,0,27,105,25,0
4YIJ,96,A,5,LYS,H,8,24,8,0,9,39,10,0,14,49,16,0,18,65,20,0,23,91,23,0
4YIJ,97,A,5,LYS,H,6,28,11,0,12,40,12,0,17,64,18,0,22,84,20,1,27,110,26,1
4YIJ,98,A,5,LYS,H,7,33,12,0,14,50,16,0,19,74,18,1,26,98,23,1,29,123,28,1
4YIJ,99,A,5,LYS,H,7,27,10,0,12,35,14,0,18,57,19,0,23,79,21,1,26,101,26,1
4YIJ,100,A,5,LYS,H,2,19,7,0,9,30,10,0,14,43,13,0,20,72,18,0,24,90,24,1
4YIJ,101,A,5,LYS,H,4,20,8,0,10,36,10,0,17,55,16,1,21,74,18,1,25,92,24,1
4YIJ,102,A,5,LYS,H,6,30,10,0,13,43,14,1,20,62,18,1,23,92,23,1,27,117,26,1
4YIJ,103,A,5,LYS,HN,4,14,5,0,7,27,7,0,12,42,14,1,18,62,18,1,21,83,25,1
4YIJ,104,A,5,LYS,HN,6,22,8,0,9,34,12,0,15,48,17,1,18,69,22,1,25,95,24,1
4YIJ,105,A,5,LYS,HN,3,14,4,0,6,25,7,0,14,39,14,0,16,60,18,1,22,77,22,1
4YIJ,106,A,6,GLU,N,10,33,8,0,11,44,10,0,16,65,16,0,21,86,16,0,27,108,22,0
4YIJ,107,A,6,GLU,CA,9,31,7,0,11,44,8,0,13,60,11,0,20,79,18,0,25,104,19,0
4YIJ,108,A,6,GLU,C,8,29,8,0,11,47,10,0,16,65,13,0,19,90,16,0,27,109,22,0
4YIJ,109,A,6,GLU,O,6,32,9,0,13,50,12,0,17,86,14,0,23,104,20,0,31,117,23,0
4YIJ,110,A,6,GLU,HN,9,37,10,0,12,52,13,0,19,81,16,0,23,98,19,0,29,116,23,0
4YIJ,111,A,6,GLU,H,7,26,5,0,10,36,8,0,12,49,9,0,18,66,14,0,22,88,19,0
4YIJ,112,A,6,GLU,C,9,35,4,0,13,50,6,0,14,61,13,0,17,76,15,0,25,98,20,1
4YIJ,113,A,6,GLU,C,10,32,4,0,12,43,5,0,14,60,10,0,16,68,14,0,20,88,21,0
4YIJ,114,A,6,GLU,C,8,27,4,0,13,42,4,0,14,55,7,0,16,66,11,0,19,83,18,1
4YIJ,115,A,6,GLU,O,8,28,3,0,11,37,5,0,14,50,7,0,15,64,10,0,22,79,17,1
4YIJ,116,A,6,GLU,O,7,26,4,0,13,41,5,0,14,51,6,0,16,66,11,1,21,78,18,1
4YIJ,117,A,6,GLU,H,8,31,4,0,11,43,5,0,15,59,10,0,18,69,15,0,21,87,19,1
4YIJ,118,A,6,GLU,H,9,37,5,0,13,57,8,0,16,68,13,0,22,90,18,1,26,116,26,1
4YIJ,119,A,6,GLU,H,11,32,5,0,12,48,7,0,15,59,11,0,18,79,17,0,24,98,20,0
4YIJ,120,A,6,GLU,H,7,22,4,0,11,34,4,0,14,49,8,0,15,64,13,0,18,74,19,0
4YIJ,121,A,7,PRO,N,5,25,8,0,11,38,12,0,13,56,13,0,17,78,17,0,24,100,20,0
4YIJ,122,A,7,PRO,CA,6,27,9,0,7,42,10,0,12,56,15,0,18,81,18,0,24,100,23,0
4YIJ,123,A,7,PRO,C,8,30,7,0,10,49,11,0,13,65,15,0,19,82,21,1,25,105,25,1
4YIJ,124,A,7,PRO,O,8,32,7,0,11,50,11,0,13,63,15,0,17,79,19,1,26,111,26,2
4YIJ,125,A,7,PRO,H,6,31,9,0,9,41,12,0,15,59,16,0,21,83,19,0,25,109,22,0
4YIJ,126,A,7,PRO,C,6,16,5,0,7,33,9,0,11,47,12,0,17,62,17,0,19,78,19,0
4YIJ,127,A,7,PRO,C,4,12,5,0,7,30,8,0,11,44,10,0,14,58,16,0,18,70,18,0
4YIJ,128,A,7,PRO,C,4,16,6,0,8,32,8,0,11,45,12,0,15,60,13,0,19,79,18,0
4YIJ,129,A,7,PRO,H,5,17,5,0,7,25,7,0,10,37,12,0,14,52,16,0,21,77,18,0
4YIJ,130,A,7,PRO,H,5,14,4,0,7,30,6,0,13,46,13,0,14,63,15,0,19,74,19,1
4YIJ,131,A,7,PRO,H,2,5,3,0,5,17,6,0,9,32,9,0,13,50,13,0,15,62,17,0
4YIJ,132,A,7,PRO,H,5,15,5,0,9,30,7,0,10,47,11,0,13,58,14,0,18,73,20,1
4YIJ,133,A,7,PRO,H,5,13,6,0,7,29,9,0,12,41,11,0,13,56,12,0,18,68,15,0
4YIJ,134,A,7,PRO,H,5,17,6,0,7,36,8,0,13,42,12,0,15,55,14,0,19,78,16,0
4YIJ,135,A,8,ALA,N,10,37,6,0,10,57,10,0,14,71,16,0,20,89,22,1,27,119,27,1
4YIJ,136,A,8,ALA,CA,9,38,5,0,12,56,9,0,13,72,15,1,20,100,21,1,26,129,28,2
4YIJ,137,A,8,ALA,C,8,35,6,0,11,47,11,0,14,70,15,1,18,97,21,1,27,124,29,1
4YIJ,138,A,8,ALA,O,8,34,7,0,10,48,10,0,15,69,15,0,20,95,20,1,29,120,32,1
4YIJ,139,A,8,ALA,HN,7,37,8,0,11,50,12,0,14,70,14,0,22,90,22,0,24,122,28,1
4YIJ,140,A,8,ALA,H,9,36,7,0,11,51,8,1,15,71,15,1,19,91,20,2,22,116,27,2
4YIJ,141,A,8,ALA,C,10,46,7,0,12,60,13,0,16,84,18,1,24,118,24,2,31,147,33,2
4YIJ,142,A,8,ALA,H,10,47,9,0,13,68,14,1,19,89,17,2,24,119,23,2,30,149,34,2
4YIJ,143,A,8,ALA,H,9,44,9,0,14,66,11,0,17,89,19,0,22,121,24,2,36,154,34,2
4YIJ,144,A,8,ALA,H,10,47,9,0,12,62,12,0,17,86,18,2,24,120,25,2,30,145,35,2
4YIJ,145,A,9,THR,N,8,29,6,1,11,45,10,1,15,61,14,1,18,93,21,1,22,117,25,1
4YIJ,146,A,9,THR,CA,7,28,7,0,8,39,8,1,13,51,14,1,20,85,20,1,22,115,24,1
4YIJ,147,A,9,THR,C,8,31,7,0,8,40,9,1,13,64,16,1,20,93,21,1,29,121,25,1
4YIJ,148,A,9,THR,O,7,35,6,1,10,50,12,1,15,73,14,1,23,101,22,1,26,126,26,2
4YIJ,149,A,9,THR,HN,8,32,8,1,12,48,10,1,16,68,13,1,18,92,21,1,22,116,25,2
4YIJ,150,A,9,THR,H,5,26,6,0,9,37,11,0,13,53,14,1,17,77,19,1,27,104,23,1
4YIJ,151,A,9,THR,C,5,21,3,1,7,29,7,1,10,44,10,1,16,62,16,1,20,90,21,1
4YIJ,152,A,9,THR,OH,5,13,4,1,8,27,6,1,10,42,9,1,15,58,15,1,18,74,18,1
4YIJ,153,A,9,THR,C,3,14,3,0,6,25,5,1,8,38,11,1,11,49,14,1,21,77,18,1
4YIJ,154,A,9,THR,H,5,20,4,1,9,35,8,1,13,49,11,1,16,62,16,1,19,88,21,1
4YIJ,155,A,9,THR,HO,3,9,3,0,6,17,5,1,8,35,7,1,13,51,13,1,16,64,17,1
4YIJ,156,A,9,THR,H,3,11,3,0,3,18,4,1,7,26,7,1,10,42,12,1,15,64,17,1
4YIJ,157,A,9,THR,H,3,11,3,0,5,28,6,0,8,37,11,1,13,52,13,1,18,72,18,1
4YIJ,158,A,9,THR,H,3,21,4,0,6,30,6,1,8,35,11,1,12,59,15,1,21,84,19,1
4YIJ,159,A,10,LEU,N,7,29,7,0,10,41,10,0,13,61,15,1,19,84,21,1,28,108,29,1
4YIJ,160,A,10,LEU,CA,7,34,8,0,10,49,9,0,12,61,14,1,20,82,24,1,29,120,28,1
4YIJ,161,A,10,LEU,C,7,27,7,0,8,46,8,0,11,59,12,1,18,74,18,1,24,100,26,1
4YIJ,162,A,10,LEU,O,5,21,4,0,7,34,8,0,9,50,10,1,14,62,17,1,22,84,21,1
4YIJ,163,A,10,LEU,HN,6,24,8,0,9,43,12,0,17,53,15,0,17,79,21,1,24,103,28,1
4YIJ,164,A,10,LEU,H,7,40,9,0,11,51,11,0,15,70,14,1,23,104,25,1,30,133,32,1
4YIJ,165,A,10,LEU,C,7,31,7,0,12,51,10,0,15,66,20,0,22,79,24,0,28,116,29,1
4YIJ,166,A,10,LEU,C,7,35,8,0,11,50,13,0,17,70,18,0,21,85,24,0,30,109,31,0
4YIJ,167,A,10,LEU,C,8,41,10,0,12,58,15,0,18,76,20,0,23,103,27,0,33,134,34,0
4YIJ,168,A,10,LEU,C,6,26,10,0,12,50,14,0,18,65,17,0,21,88,23,0,26,102,31,0
4YIJ,169,A,10,LEU,H,5,27,7,0,11,41,10,0,14,62,17,0,16,75,23,0,26,99,27,1
4YIJ,170,A,10,LEU,H,9,32,8,0,13,51,13,0,16,70,22,0,25,92,25,0,27,125,32,1
4YIJ,171,A,10,LEU,H,6,31,6,0,10,47,10,0,14,62,15,0,19,80,20,0,27,99,29,1
4YIJ,172,A,10,LEU,H,9,38,11,0,10,57,13,0,18,72,21,0,23,98,25,0,30,132,33,0
4YIJ,173,A,10,LEU,H,7,40,9,0,14,57,15,0,18,86,23,0,29,111,29,0,35,140,38,1
4YIJ,174,A,10,LEU,H,9,41,8,0,11,55,14,0,14,80,18,0,27,106,24,0,34,138,32,1
4YIJ,175,A,10,LEU,H,8,29,10,0,14,41,13,0,16,66,17,0,21,84,24,0,26,103,27,0
4YIJ,176,A,10,LEU,H,7,22,9,0,8,42,13,0,17,57,17,0,20,75,19,0,23,93,29,0
4YIJ,177,A,10,LEU,H,7,31,13,0,10,50,15,0,18,71,18,0,24,89,27,0,29,110,32,1
4YIJ,178,A,11,ILE,N,7,29,6,0,8,48,10,1,14,63,13,1,19,80,17,1,22,104,27,1
4YIJ,179,A,11,ILE,CA,6,30,5,0,9,38,8,1,13,55,14,1,16,77,17,1,22,93,21,1
4YIJ,180,A,11,ILE,C,6,26,5,0,9,41,8,0,13,54,11,0,16,75,19,1,24,99,24,1
4YIJ,181,A,11,ILE,O,6,19,5,0,8,30,6,0,10,46,9,0,15,61,14,1,22,84,22,1
4YIJ,182,A,11,ILE,HN,7,35,8,0,11,55,10,1,16,70,14,1,20,91,21,1,24,114,28,1
4YIJ,183,A,11,ILE,H,5,26,5,0,8,34,6,1,12,43,10,1,14,65,16,1,20,83,19,1
4YIJ,184,A,11,ILE,C,8,31,6,1,11,44,12,1,13,55,14,1,19,77,16,1,23,103,22,1
4YIJ,185,A,11,ILE,C,10,34,8,1,10,42,11,1,13,57,15,1,17,74,16,1,22,99,21,2
4YIJ,186,A,11,ILE,C,5,22,7,0,9,38,9,1,14,57,14,1,18,72,15,1,20,99,22,1
4YIJ,187,A,11,ILE,C,9,28,10,1,12,45,13,1,14,62,15,1,17,81,17,2,24,100,22,2
4YIJ,188,A,11,ILE,H,8,34,7,0,12,50,13,1,16,68,14,1,19,90,19,1,24,117,24,2
4YIJ,189,A,11,ILE,H,9,33,8,1,10,47,11,1,15,61,15,1,18,80,17,1,21,103,23,2
4YIJ,190,A,11,ILE,H,9,30,6,1,10,34,8,1,12,49,13,1,14,62,16,1,20,84,17,1
4YIJ,191,A,11,ILE,H,7,24,7,0,11,39,11,1,14,63,13,1,19,81,15,1,22,102,26,1
4YIJ,192,A,11,ILE,H,4,20,5,0,9,31,8,1,11,48,12,1,16,62,14,1,19,84,17,1
4YIJ,193,A,11,ILE,H,6,20,5,0,11,37,10,0,15,58,11,1,18,79,18,1,21,96,22,1
4YIJ,194,A,11,ILE,H,10,33,10,1,13,39,12,1,14,59,16,1,18,73,19,2,20,99,22,2
4YIJ,195,A,11,ILE,H,7,25,9,1,11,37,13,1,13,55,15,1,19,77,15,1,22,101,21,2
4YIJ,196,A,11,ILE,H,9,32,11,1,12,51,14,1,16,70,16,2,18,87,18,2,25,111,26,2
4YIJ,197,A,12,LYS,N,7,34,7,0,9,40,10,0,13,59,13,0,20,84,21,1,25,112,28,1
4YIJ,198,A,12,LYS,CA,5,32,5,0,8,46,9,0,12,55,15,0,19,83,22,0,25,110,27,0
4YIJ,199,A,12,LYS,C,7,38,8,0,10,52,12,0,16,65,21,0,23,91,21,0,31,124,31,0
4YIJ,200,A,12,LYS,O,7,36,7,0,11,54,13,0,16,75,20,0,25,103,25,0,28,135,34,0
4YIJ,201,A,12,LYS,HN,9,35,8,0,10,46,10,0,14,67,14,0,21,94,25,1,24,123,28,1
4YIJ,202,A,12,LYS,H,4,29,6,0,8,44,9,0,13,55,13,0,16,67,20,0,26,96,24,0
4YIJ,203,A,12,LYS,C,5,25,5,0,7,37,10,0,13,56,14,0,20,82,22,0,25,106,28,0
4YIJ,204,A,12,LYS,C,4,22,6,0,8,36,10,0,11,56,14,0,18,72,19,0,25,97,27,0
4YIJ,205,A,12,LYS,C,3,14,5,0,9,31,10,0,14,53,16,0,18,70,18,0,19,93,26,0
4YIJ,206,A,12,LYS,C,2,15,7,0,7,28,9,0,12,44,15,0,16,66,17,0,21,89,26,0
4YIJ,207,A,12,LYS,N,3,9,6,0,3,19,8,0,8,34,9,0,13,53,17,0,20,82,21,0
4YIJ,208,A,12,LYS,H,7,27,4,0,10,40,10,0,15,64,17,0,21,85,23,0,27,115,32,0
4YIJ,209,A,12,LYS,H,5,21,5,0,7,32,6,0,11,51,13,0,17,75,19,0,23,100,24,0
4YIJ,210,A,12,LYS,H,4,20,5,0,5,33,8,0,10,45,13,0,17,65,19,0,22,92,25,0
4YIJ,211,A,12,LYS,H,4,24,7,0,9,39,9,0,13,60,16,0,19,84,20,0,29,105,31,0
4YIJ,212,A,12,LYS,H,5,23,6,0,9,36,11,0,14,52,14,0,18,78,22,0,21,103,27,0
4YIJ,213,A,12,LYS,H,1,11,5,0,6,23,8,0,11,47,12,0,16,64,18,0,19,80,21,0
4YIJ,214,A,12,LYS,H,4,18,5,0,9,29,9,0,10,50,14,0,19,74,21,0,24,96,30,0
4YIJ,215,A,12,LYS,H,4,9,5,0,8,28,12,0,11,45,13,0,16,62,18,0,19,80,23,0
4YIJ,216,A,12,LYS,HN,3,11,5,0,3,23,8,0,9,30,11,0,12,52,17,0,21,78,23,0
4YIJ,217,A,12,LYS,HN,2,4,4,0,3,14,8,0,6,27,10,0,11,45,13,0,15,71,20,0
4YIJ,218,A,12,LYS,HN,3,10,5,0,3,18,7,0,6,32,10,0,15,53,16,0,19,82,22,0
4YIJ,219,A,13,ALA,N,8,40,9,0,11,55,14,0,16,66,16,0,25,94,26,0,31,123,30,0
4YIJ,220,A,13,ALA,CA,7,42,11,0,15,59,12,0,19,75,20,0,25,105,28,0,31,132,34,0
4YIJ,221,A,13,ALA,C,9,34,8,0,10,53,15,0,20,78,20,0,26,99,27,0,32,129,39,0
4YIJ,222,A,13,ALA,O,7,30,7,0,9,49,13,0,17,70,15,0,24,95,25,0,30,114,37,0
4YIJ,223,A,13,ALA,HN,9,38,8,0,11,51,14,0,14,62,14,0,20,81,21,0,28,110,30,0
4YIJ,224,A,13,ALA,H,8,44,11,0,15,63,13,0,21,82,21,0,26,118,30,0,32,142,35,0
4YIJ,225,A,13,ALA,C,12,43,9,0,17,59,16,0,22,74,20,0,23,95,27,0,26,129,34,1
4YIJ,226,A,13,ALA,H,14,45,13,0,19,61,17,0,20,76,22,0,23,99,30,0,27,136,34,1
4YIJ,227,A,13,ALA,H,8,39,10,0,16,53,14,0,20,69,19,0,22,83,25,0,27,114,32,0
4YIJ,228,A,13,ALA,H,12,43,11,0,17,62,17,0,23,78,21,0,24,104,26,0,26,123,31,1
4YIJ,229,A,14,ILE,N,9,32,9,0,11,58,16,0,20,75,21,0,27,102,28,0,35,130,41,0
4YIJ,230,A,14,ILE,CA,9,33,9,0,14,54,13,0,17,68,23,0,26,95,31,0,39,133,41,0
4YIJ,231,A,14,ILE,C,7,29,10,0,14,48,16,0,17,63,24,0,27,93,31,0,38,129,41,0
4YIJ,232,A,14,ILE,O,9,25,10,0,13,44,13,0,16,62,21,0,26,87,31,0,32,117,38,0
4YIJ,233,A,14,ILE,HN,9,36,12,0,11,54,14,0,19,82,21,0,28,110,29,0,36,142,43,0
4YIJ,234,A,14,ILE,H,9,30,7,0,12,49,12,0,15,66,22,0,25,92,33,0,37,122,39,0
4YIJ,235,A,14,ILE,C,8,36,11,0,14,51,15,0,21,73,23,0,30,105,33,0,41,146,43,0
4YIJ,236,A,14,ILE,C,8,38,12,0,16,53,16,0,22,74,22,0,29,116,32,0,40,151,42,0
4YIJ,237,A,14,ILE,C,9,30,12,0,15,48,20,0,24,75,24,0,34,105,31,0,45,133,43,0
4YIJ,238,A,14,ILE,C,10,38,8,0,13,53,15,0,19,67,20,0,26,104,34,0,40,142,40,0
4YIJ,239,A,14,ILE,H,8,37,12,0,15,56,16,0,24,74,25,0,32,108,33,0,42,144,42,0
4YIJ,240,A,14,ILE,H,12,38,11,0,16,57,18,0,25,81,25,0,32,113,32,0,44,156,43,0
4YIJ,241,A,14,ILE,H,8,35,8,0,16,58,15,0,20,84,22,0,26,112,31,0,41,148,42,0
4YIJ,242,A,14,ILE,H,9,30,16,0,16,53,21,0,29,89,26,0,37,107,33,0,43,137,42,0
4YIJ,243,A,14,ILE,H,8,35,13,0,14,53,19,0,24,73,24,0,33,96,29,0,41,135,41,0
4YIJ,244,A,14,ILE,H,8,28,12,0,15,46,18,0,20,75,24,0,33,102,30,0,42,133,42,0
4YIJ,245,A,14,ILE,H,11,38,9,0,15,51,15,0,19,73,21,0,24,104,30,0,35,142,37,0
4YIJ,246,A,14,ILE,H,8,31,9,0,12,48,11,0,19,69,20,0,24,97,29,0,31,130,43,0
4YIJ,247,A,14,ILE,H,11,36,7,0,14,53,14,0,21,72,27,0,30,101,32,0,40,140,38,0
4YIJ,248,A,15,ASP,N,7,31,10,0,13,44,17,0,15,70,22,0,29,103,29,0,40,134,34,0
4YIJ,249,A,15,ASP,CA,8,31,12,0,13,44,17,0,18,66,24,0,27,101,29,0,37,135,35,0
4YIJ,250,A,15,ASP,C,9,32,11,0,12,53,18,0,18,72,24,0,28,104,28,0,38,146,38,0
4YIJ,251,A,15,ASP,O,9,38,10,0,13,55,18,0,18,77,24,0,27,107,30,0,46,160,38,1
4YIJ,252,A,15,ASP,HN,8,35,12,0,11,49,16,0,21,78,21,0,30,105,27,0,41,138,38,0
4YIJ,253,A,15,ASP,H,7,32,10,0,14,48,16,0,18,67,21,0,23,90,29,0,35,125,35,0
4YIJ,254,A,15,ASP,C,6,27,13,0,11,39,17,0,22,65,22,0,30,101,30,0,38,135,37,0
4YIJ,255,A,15,ASP,C,7,25,12,0,13,38,16,0,20,64,23,0,34,103,32,0,41,136,41,0
4YIJ,256,A,15,ASP,O,10,24,12,0,16,41,18,0,23,77,20,0,34,100,32,0,43,136,39,0
4YIJ,257,A,15,ASP,O,6,27,11,0,12,41,18,0,22,63,22,0,31,96,33,0,42,130,40,0
4YIJ,258,A,15,ASP,H,7,24,11,0,11,40,18,0,18,64,21,0,30,92,27,0,40,126,37,0
4YIJ,259,A,15,ASP,H,8,28,13,0,13,39,16,0,18,63,21,0,27,90,31,0,35,125,38,0
4YIJ,260,A,16,GLY,N,9,32,14,0,14,55,18,0,19,81,25,0,27,107,33,0,39,139,39,0
4YIJ,261,A,16,GLY,CA,9,34,15,0,15,61,19,0,22,88,24,0,29,121,34,0,42,149,45,1
4YIJ,262,A,16,GLY,C,8,36,12,0,18,61,18,0,22,98,27,0,35,121,38,1,46,154,46,1
4YIJ,263,A,16,GLY,O,8,42,13,0,17,67,20,0,26,102,29,1,39,132,40,1,42,164,47,1
4YIJ,264,A,16,GLY,HN,9,31,15,0,14,54,18,0,17,77,25,0,27,101,30,0,34,136,40,0
4YIJ,265,A,16,GLY,H,9,39,16,0,14,63,20,0,20,88,24,0,29,122,30,1,38,150,44,1
4YIJ,266,A,16,GLY,H,10,34,16,0,14,63,18,0,23,86,25,0,30,116,36,0,38,152,47,1
4YIJ,267,A,17,ASP,N,9,35,9,0,14,56,16,0,23,81,23,0,34,116,38,0,47,143,43,0
4YIJ,268,A,17,ASP,CA,10,38,11,0,17,52,13,0,23,84,26,0,32,113,33,0,43,157,45,0
4YIJ,269,A,17,ASP,C,10,35,11,0,18,51,15,0,24,84,22,0,32,116,33,0,43,154,41,0
4YIJ,270,A,17,ASP,O,13,34,12,0,19,57,17,0,27,83,22,0,32,124,32,0,39,153,43,0
4YIJ,271,A,17,ASP,HN,9,31,11,0,14,55,17,0,21,75,24,0,36,106,33,0,44,146,45,0
4YIJ,272,A,17,ASP,H,11,45,13,0,16,63,17,0,26,84,24,0,37,113,35,0,44,169,47,2
4YIJ,273,A,17,ASP,C,12,38,13,0,16,52,17,0,23,78,26,0,34,116,34,0,47,157,38,0
4YIJ,274,A,17,ASP,C,10,37,13,0,16,49,16,0,24,70,23,0,30,104,33,0,41,140,41,0
4YIJ,275,A,17,ASP,O,11,33,13,0,16,48,16,0,22,68,20,0,31,96,31,0,38,141,44,0
4YIJ,276,A,17,ASP,O,10,34,11,0,14,50,16,0,24,69,23,0,29,98,29,0,39,139,40,0
4YIJ,277,A,17,ASP,H,10,39,11,0,19,57,22,0,24,77,28,0,32,115,33,0,46,164,44,0
4YIJ,278,A,17,ASP,H,13,38,13,0,16,53,19,0,22,76,25,0,35,120,31,0,45,164,41,1
4YIJ,279,A,18,THR,N,12,39,14,0,13,53,18,0,22,81,26,0,32,114,33,0,43,154,43,0
4YIJ,280,A,18,THR,CA,11,45,12,0,16,59,19,0,21,80,24,0,33,113,34,0,44,157,42,0
4YIJ,281,A,18,THR,C,10,45,10,0,13,63,17,0,18,92,25,0,28,115,28,0,45,154,43,0
4YIJ,282,A,18,THR,O,9,33,11,0,12,61,16,0,18,88,23,0,29,115,29,0,43,147,44,0
4YIJ,283,A,18,THR,HN,8,39,13,0,16,57,20,0,21,79,24,0,31,109,30,0,43,146,45,0
4YIJ,284,A,18,THR,H,13,44,13,0,17,62,18,0,25,84,24,0,30,117,35,0,44,161,42,0
4YIJ,285,A,18,THR,C,14,42,12,0,16,57,18,0,23,69,26,0,34,107,36,0,43,155,43,0
4YIJ,286,A,18,THR,OH,11,35,14,0,18,54,17,0,24,71,25,0,30,105,36,0,45,145,41,0
4YIJ,287,A,18,THR,C,15,36,11,0,19,51,20,0,22,76,26,0,33,112,32,0,44,147,46,0
4YIJ,288,A,18,THR,H,13,46,12,0,16,59,21,0,27,80,26,0,34,113,34,0,42,148,45,0
4YIJ,289,A,18,THR,HO,10,37,12,0,19,52,18,0,25,78,24,0,32,105,37,0,42,139,43,0
4YIJ,290,A,18,THR,H,15,37,10,0,20,52,17,0,25,81,26,0,32,105,36,0,44,142,46,0
4YIJ,291,A,18,THR,H,14,33,12,0,18,49,19,0,23,72,24,0,31,104,35,0,39,150,41,0
4YIJ,292,A,18,THR,H,14,37,15,0,19,54,16,0,25,78,28,0,30,112,34,0,43,155,41,0
4YIJ,293,A,19,VAL,N,10,44,11,0,14,66,15,0,20,90,22,0,30,124,32,0,46,163,43,0
4YIJ,294,A,19,VAL,CA,9,45,8,0,14,69,14,0,17,95,19,0,27,129,29,0,42,164,43,0
4YIJ,295,A,19,VAL,C,11,44,10,0,14,70,12,0,18,94,19,0,26,128,28,1,41,165,44,1
4YIJ,296,A,19,VAL,O,10,42,9,0,15,64,13,0,21,100,14,1,29,129,30,1,42,170,42,1
4YIJ,297,A,19,VAL,HN,10,48,11,0,15,71,14,0,22,88,22,0,33,123,30,0,44,165,43,1
4YIJ,298,A,19,VAL,H,8,42,9,0,14,67,13,0,16,91,21,0,27,123,30,0,38,152,40,0
4YIJ,299,A,19,VAL,C,9,44,9,0,15,76,10,0,21,96,23,0,27,129,34,0,46,178,44,1
4YIJ,300,A,19,VAL,C,8,44,7,0,14,73,14,0,24,104,23,0,36,140,34,0,45,182,47,2
4YIJ,301,A,19,VAL,C,9,47,8,0,14,69,15,0,20,101,21,0,30,129,32,0,41,163,41,1
4YIJ,302,A,19,VAL,H,11,45,9,0,15,72,13,0,18,99,21,0,31,130,37,1,42,177,45,1
4YIJ,303,A,19,VAL,H,7,41,8,0,12,68,16,0,29,105,22,0,37,140,33,1,43,192,50,1
4YIJ,304,A,19,VAL,H,6,44,7,0,14,69,13,0,24,108,23,0,37,143,30,1,44,180,44,1
4YIJ,305,A,19,VAL,H,9,41,10,0,14,70,16,0,24,101,23,0,36,135,32,0,43,184,47,2
4YIJ,306,A,19,VAL,H,10,41,8,0,13,70,15,0,26,100,23,0,32,135,36,1,42,170,45,1
4YIJ,307,A,19,VAL,H,11,42,9,0,13,69,15,0,22,93,21,0,27,123,29,0,37,150,40,1
4YIJ,308,A,19,VAL,H,9,49,9,0,13,67,13,0,18,98,19,0,29,129,29,0,37,160,41,0
4YIJ,309,A,20,LYS,N,11,48,9,0,14,62,13,0,15,84,17,0,25,117,30,1,31,161,37,2
4YIJ,310,A,20,LYS,CA,10,48,9,0,13,63,15,0,17,83,18,0,23,121,23,2,28,146,35,2
4YIJ,311,A,20,LYS,C,10,48,8,0,14,64,14,0,16,89,17,1,20,107,24,2,28,142,31,2
4YIJ,312,A,20,LYS,O,11,38,7,0,13,65,11,0,14,86,18,1,21,104,22,1,28,132,31,2
4YIJ,313,A,20,LYS,HN,9,50,8,0,13,60,13,0,16,81,17,0,26,114,29,0,29,154,38,1
4YIJ,314,A,20,LYS,H,9,45,8,0,14,62,14,0,19,92,21,1,24,120,26,2,32,153,34,2
4YIJ,315,A,20,LYS,C,11,44,10,0,12,63,16,0,18,78,19,0,23,106,26,2,27,142,33,2
4YIJ,316,A,20,LYS,C,10,34,10,0,13,62,15,0,15,84,19,1,22,108,22,2,30,137,31,2
4YIJ,317,A,20,LYS,C,7,35,9,0,12,51,11,0,15,80,22,1,22,106,25,1,33,132,30,2
4YIJ,318,A,20,LYS,C,7,30,7,0,9,50,12,0,15,74,18,1,24,101,25,2,31,140,31,2
4YIJ,319,A,20,LYS,N,5,31,5,0,10,47,14,0,15,73,18,0,23,99,23,1,34,129,31,2
4YIJ,320,A,20,LYS,H,11,41,9,0,14,56,13,0,16,75,19,0,21,96,26,1,26,140,32,2
4YIJ,321,A,20,LYS,H,11,42,11,0,13,62,14,0,17,84,22,0,24,108,29,0,35,142,34,2
4YIJ,322,A,20,LYS,H,10,35,10,0,12,59,15,0,17,93,18,2,22,115,25,2,33,143,34,2
4YIJ,323,A,20,LYS,H,9,37,11,0,13,54,15,1,16,80,18,2,18,101,20,2,28,133,28,2
4YIJ,324,A,20,LYS,H,8,32,8,0,11,52,12,0,17,72,19,0,20,100,23,1,29,126,30,1
4YIJ,325,A,20,LYS,H,6,40,9,0,13,57,15,0,19,81,20,0,24,109,27,0,34,145,36,2
4YIJ,326,A,20,LYS,H,5,31,8,0,10,50,13,0,17,80,18,2,26,106,26,2,36,146,36,2
4YIJ,327,A,20,LYS,H,8,29,7,0,9,47,11,1,13,66,16,1,20,100,24,2,28,132,29,2
4YIJ,328,A,20,LYS,HN,6,32,6,0,11,46,13,0,17,74,19,1,22,102,23,1,33,125,32,2
4YIJ,329,A,20,LYS,HN,5,29,3,0,11,44,10,0,14,67,17,1,21,90,21,1,32,122,27,1
4YIJ,330,A,20,LYS,HN,5,30,6,0,10,58,13,0,18,80,18,0,27,98,24,0,34,135,36,1
4YIJ,331,A,21,LEU,N,11,49,11,0,14,68,12,2,17,89,18,2,22,109,22,2,30,139,31,2
4YIJ,332,A,21,LEU,CA,11,53,9,1,14,68,13,1,17,87,17,2,24,108,23,2,28,133,29,2
4YIJ,333,A,21,LEU,C,10,49,10,1,16,67,13,2,17,84,16,2,20,100,22,2,28,122,28,2
4YIJ,334,A,21,LEU,O,11,46,8,2,15,62,13,2,17,81,19,2,22,96,22,2,26,121,27,2
4YIJ,335,A,21,LEU,HN,10,49,10,0,13,69,14,2,20,85,20,2,25,119,23,2,33,148,30,2
4YIJ,336,A,21,LEU,H,8,46,10,0,14,62,11,1,16,86,17,1,23,104,20,2,28,124,30,2
4YIJ,337,A,21,LEU,C,11,56,9,0,15,75,15,2,20,92,18,2,27,117,24,2,34,146,34,2
4YIJ,338,A,21,LEU,C,11,50,8,0,14,74,13,0,19,97,22,1,31,126,29,2,37,162,37,2
4YIJ,339,A,21,LEU,C,10,47,8,0,18,69,15,0,24,102,24,1,31,136,32,1,40,175,36,2
4YIJ,340,A,21,LEU,C,8,46,8,0,14,68,14,0,21,90,20,0,25,125,27,1,39,156,39,2
4YIJ,341,A,21,LEU,H,8,52,10,0,15,73,13,1,20,92,19,2,25,121,24,2,32,140,30,2
4YIJ,342,A,21,LEU,H,10,50,9,1,15,71,14,2,20,97,18,2,29,122,26,2,36,156,36,2
4YIJ,343,A,21,LEU,H,10,48,8,0,13,75,11,0,22,102,21,1,30,129,30,2,37,162,38,2
4YIJ,344,A,21,LEU,H,11,47,10,0,16,70,17,0,23,107,26,0,37,141,31,1,40,183,39,1
4YIJ,345,A,21,LEU,H,9,47,11,0,16,68,13,0,24,98,24,1,29,133,29,2,40,169,37,2
4YIJ,346,A,21,LEU,H,8,47,9,0,19,72,16,1,26,107,24,1,32,139,31,1,39,173,37,2
4YIJ,347,A,21,LEU,H,9,42,9,0,16,67,14,0,22,98,21,0,29,133,31,0,43,168,42,2
4YIJ,348,A,21,LEU,H,8,46,9,0,12,66,12,0,19,89,18,0,26,119,27,1,33,151,35,2
4YIJ,349,A,21,LEU,H,10,43,10,0,13,66,14,0,19,90,18,0,25,121,29,1,35,148,36,2
4YIJ,350,A,22,MET,N,13,42,9,0,14,61,13,0,16,78,17,1,20,94,20,1,23,113,25,1
4YIJ,351,A,22,MET,CA,11,43,10,0,11,56,12,0,15,70,14,1,18,85,21,1,22,101,21,1
4YIJ,352,A,22,MET,C,11,43,10,0,11,54,12,1,14,73,14,1,20,91,19,1,24,110,23,1
4YIJ,353,A,22,MET,O,11,36,6,0,12,57,14,0,15,76,14,1,19,93,17,1,22,111,23,1
4YIJ,354,A,22,MET,HN,10,41,8,0,13,57,13,0,16,80,15,0,22,97,20,1,22,116,24,1
4YIJ,355,A,22,MET,H,10,42,8,0,12,55,12,1,16,67,17,1,18,82,19,1,19,99,23,1
4YIJ,356,A,22,MET,C,10,31,8,0,11,44,12,0,12,56,13,0,16,73,18,1,19,92,20,1
4YIJ,357,A,22,MET,C,7,27,6,0,11,35,10,0,11,48,13,0,14,63,14,0,17,75,17,1
4YIJ,358,A,22,MET,S,7,23,8,0,10,31,8,0,11,45,12,0,15,57,16,1,16,68,16,1
4YIJ,359,A,22,MET,C,5,17,4,0,9,28,8,0,11,40,14,0,13,52,15,0,17,64,17,1
4YIJ,360,A,22,MET,H,10,26,8,0,11,39,9,0,12,60,14,0,15,75,15,0,20,92,19,1
4YIJ,361,A,22,MET,H,9,31,6,0,11,42,11,0,14,54,13,0,15,70,18,0,19,88,19,1
4YIJ,362,A,22,MET,H,6,25,6,0,11,37,11,0,12,51,13,0,13,65,13,1,17,77,17,1
4YIJ,363,A,22,MET,H,7,17,6,0,8,32,8,0,11,40,12,0,13,52,14,0,15,69,16,0
4YIJ,364,A,22,MET,H,5,16,4,0,7,24,8,0,11,38,12,0,14,47,14,0,15,65,18,0
4YIJ,365,A,22,MET,H,4,15,3,0,6,23,5,0,10,32,9,0,13,42,15,0,14,54,16,0
4YIJ,366,A,22,MET,H,5,21,5,0,10,32,9,0,12,44,14,0,15,55,15,0,16,70,19,1
4YIJ,367,A,23,TYR,N,9,39,9,2,11,49,11,2,15,66,15,2,19,86,19,2,25,104,22,2
4YIJ,368,A,23,TYR,CA,9,33,9,2,11,55,12,2,16,67,15,2,20,89,20,2,24,104,22,2
4YIJ,369,A,23,TYR,C,10,28,7,2,10,40,11,2,13,63,13,2,16,70,15,2,21,92,19,2
4YIJ,370,A,23,TYR,O,7,26,8,2,10,40,10,2,13,52,11,2,14,72,15,2,22,85,20,2
4YIJ,371,A,23,TYR,HN,8,37,9,2,11,50,12,2,14,66,12,2,19,81,18,2,22,102,21,2
4YIJ,372,A,23,TYR,H,7,35,8,1,13,50,13,2,14,72,15,2,20,86,20,2,23,106,22,2
4YIJ,373,A,23,TYR,C,9,41,8,2,14,54,12,2,18,79,18,2,23,98,21,2,28,124,29,2
4YIJ,374,A,23,TYR,C,7,37,8,1,13,56,13,1,19,71,16,2,24,97,22,2,31,127,30,2
4YIJ,375,A,23,TYR,C,9,40,8,1,11,53,13,1,18,74,16,2,25,94,26,2,36,126,29,2
4YIJ,376,A,23,TYR,C,5,29,7,1,10,50,10,1,20,72,13,2,25,94,20,2,31,117,29,2
4YIJ,377,A,23,TYR,C,7,32,6,1,11,52,9,1,18,66,17,1,26,97,22,1,36,117,29,2
4YIJ,378,A,23,TYR,C,4,26,3,1,9,40,8,1,18,67,13,1,28,91,18,2,34,109,29,2
4YIJ,379,A,23,TYR,C,6,28,5,1,12,48,7,1,17,62,14,1,24,89,23,1,34,112,28,2
4YIJ,380,A,23,TYR,OH,9,30,5,0,12,41,7,1,16,61,13,1,22,75,17,1,29,103,23,1
4YIJ,381,A,23,TYR,H,9,38,7,2,13,54,11,2,17,72,16,2,21,99,23,2,31,125,29,2
4YIJ,382,A,23,TYR,H,9,40,8,2,14,60,14,2,20,88,18,2,24,111,22,2,32,130,32,2
4YIJ,383,A,23,TYR,H,9,41,10,0,13,55,14,1,16,77,15,2,23,100,24,2,36,127,30,2
4YIJ,384,A,23,TYR,H,6,30,7,1,11,47,10,1,15,67,14,2,25,89,21,2,30,114,24,2
4YIJ,385,A,23,TYR,H,8,34,7,0,12,54,11,1,18,70,16,1,23,94,22,1,33,119,28,2
4YIJ,386,A,23,TYR,H,4,25,2,1,6,37,6,1,17,56,13,1,27,85,19,1,31,105,28,2
4YIJ,387,A,23,TYR,HO,9,29,5,0,13,43,7,0,15,56,11,1,18,74,17,1,27,95,21,1
4YIJ,388,A,24,LYS,N,6,22,6,1,9,40,9,2,10,56,13,2,14,70,15,2,17,82,16,2
4YIJ,389,A,24,LYS,CA,4,18,6,1,7,27,7,1,10,41,11,2,11,57,13,2,15,69,16,2
4YIJ,390,A,24,LYS,C,5,18,5,1,6,23,6,1,9,31,9,2,11,50,10,2,12,65,14,2
4YIJ,391,A,24,LYS,O,4,14,4,1,5,21,5,1,6,26,8,2,10,36,9,2,12,57,11,2
4YIJ,392,A,24,LYS,HN,7,27,6,1,8,39,10,1,12,54,14,2,15,73,16,2,19,85,19,2
4YIJ,393,A,24,LYS,H,3,16,6,0,6,28,7,1,9,34,9,1,11,48,13,2,13,66,15,2
4YIJ,394,A,24,LYS,C,4,15,6,0,4,23,8,1,9,40,9,2,12,54,11,2,15,69,15,2
4YIJ,395,A,24,LYS,C,3,13,4,0,6,25,7,0,9,42,8,1,14,55,13,2,19,72,17,2
4YIJ,396,A,24,LYS,C,1,12,3,0,4,18,4,0,8,34,7,1,14,51,10,1,20,68,14,2
4YIJ,397,A,24,LYS,C,1,12,3,0,5,21,4,0,9,31,7,1,14,48,10,1,18,65,11,1
4YIJ,398,A,24,LYS,N,0,15,3,0,6,20,5,0,8,29,7,0,11,44,9,0,17,58,10,1
4YIJ,399,A,24,LYS,H,4,14,3,0,4,18,7,0,5,26,8,2,9,44,11,2,14,55,11,2
4YIJ,400,A,24,LYS,H,4,17,5,1,6,24,7,2,9,42,10,2,13,61,12,2,15,74,16,2
4YIJ,401,A,24,LYS,H,4,20,5,0,6,34,7,1,12,49,10,2,16,67,14,2,21,88,18,2
4YIJ,402,A,24,LYS,H,3,18,4,0,5,24,6,0,8,37,8,0,12,47,11,2,17,67,16,2
4YIJ,403,A,24,LYS,H,1,9,3,0,3,13,4,0,6,24,5,1,11,38,9,1,15,54,13,2
4YIJ,404,A,24,LYS,H,1,13,3,0,6,18,4,1,9,42,6,1,14,54,11,1,19,77,15,2
4YIJ,405,A,24,LYS,H,1,11,2,0,4,16,3,0,8,26,4,0,12,40,8,1,18,59,11,1
4YIJ,406,A,24,LYS,H,1,19,4,0,8,28,6,0,11,42,8,1,16,57,10,1,19,76,13,1
4YIJ,407,A,24,LYS,HN,5,12,2,0,5,22,5,0,7,32,8,0,13,43,8,0,16,54,9,1
4YIJ,408,A,24,LYS,HN,1,16,4,0,5,22,6,0,8,32,8,0,13,43,9,0,17,62,13,1
4YIJ,409,A,24,LYS,HN,0,7,2,0,3,15,4,0,6,22,6,0,10,30,7,0,14,45,10,1
4YIJ,410,A,25,GLY,N,6,21,5,1,8,30,8,1,10,40,9,1,11,53,11,2,14,67,13,2
4YIJ,411,A,25,GLY,CA,5,19,5,1,6,25,7,1,8,34,8,1,10,46,9,2,13,57,12,2
4YIJ,412,A,25,GLY,C,5,21,6,1,7,26,7,1,7,32,7,1,8,47,10,2,13,64,13,2
4YIJ,413,A,25,GLY,O,5,20,5,1,7,22,7,1,7,28,7,1,8,35,8,1,10,58,14,2
4YIJ,414,A,25,GLY,HN,7,22,6,1,9,36,8,1,11,48,11,1,13,56,13,2,15,72,15,2
4YIJ,415,A,25,GLY,H,6,17,5,1,7,26,6,1,8,35,9,1,10,46,10,1,14,56,12,2
4YIJ,416,A,25,GLY,H,5,16,4,1,5,20,5,1,6,26,6,1,9,37,8,1,10,49,10,2
4YIJ,417,A,26,GLN,N,6,22,6,1,6,28,6,2,8,38,7,2,11,56,11,2,15,70,16,2
4YIJ,418,A,26,GLN,CA,6,22,6,1,6,31,6,2,9,44,10,2,14,62,13,2,17,79,17,2
4YIJ,419,A,26,GLN,C,6,27,7,2,8,37,8,2,11,52,13,2,14,76,15,2,22,93,23,2
4YIJ,420,A,26,GLN,O,7,31,7,2,10,42,9,2,12,65,12,2,16,79,18,2,21,96,21,2
4YIJ,421,A,26,GLN,HN,6,26,6,1,6,32,6,2,10,43,9,2,12,55,12,2,17,83,17,2
4YIJ,422,A,26,GLN,H,5,18,5,1,6,25,6,1,6,39,11,2,13,54,13,2,17,79,15,2
4YIJ,423,A,26,GLN,C,5,22,5,2,8,35,7,2,10,45,11,2,15,64,13,2,21,83,21,2
4YIJ,424,A,26,GLN,C,3,14,5,1,8,25,6,2,10,45,10,2,16,58,14,2,21,78,18,2
4YIJ,425,A,26,GLN,C,2,10,5,1,4,19,5,1,9,34,5,2,12,51,12,2,16,63,18,2
4YIJ,426,A,26,GLN,O,2,6,3,1,3,14,5,1,7,23,5,1,10,38,8,2,13,54,13,2
4YIJ,427,A,26,GLN,N,2,12,5,0,4,19,5,1,10,30,5,2,12,47,13,2,16,66,17,2
4YIJ,428,A,26,GLN,H,6,25,6,2,9,39,9,2,14,54,13,2,18,74,17,2,25,99,22,2
4YIJ,429,A,26,GLN,H,6,23,4,2,7,35,7,2,10,45,10,2,14,61,12,2,20,83,23,2
4YIJ,430,A,26,GLN,H,2,12,5,1,6,26,7,1,10,41,10,2,15,59,14,2,21,75,18,2
4YIJ,431,A,26,GLN,H,4,15,5,0,8,27,8,2,13,48,11,2,19,68,17,2,20,81,23,2
4YIJ,432,A,26,GLN,HN,3,13,5,0,7,23,5,1,10,38,9,2,13,55,13,2,19,75,19,2
4YIJ,433,A,26,GLN,HN,1,5,3,0,3,14,5,0,7,25,6,1,11,41,9,2,14,54,16,2
4YIJ,434,A,27,PRO,N,7,28,9,1,10,39,11,2,14,53,14,2,20,75,18,2,23,100,24,2
4YIJ,435,A,27,PRO,CA,7,33,8,2,11,43,12,2,18,61,17,2,23,90,22,2,24,120,27,2
4YIJ,436,A,27,PRO,C,7,35,8,2,12,50,13,2,17,76,19,2,23,98,21,2,28,133,31,2
4YIJ,437,A,27,PRO,O,9,30,9,2,12,58,14,2,19,72,18,2,24,99,22,2,30,125,30,2
4YIJ,438,A,27,PRO,H,9,34,10,1,12,47,11,2,17,64,18,2,20,90,21,2,25,114,26,2
4YIJ,439,A,27,PRO,C,7,28,6,1,10,43,12,1,16,57,16,2,22,87,23,2,27,120,28,2
4YIJ,440,A,27,PRO,C,4,24,7,1,12,37,11,1,14,56,15,2,19,82,22,2,27,112,29,2
4YIJ,441,A,27,PRO,C,6,23,7,1,10,36,11,1,14,46,13,2,17,68,18,2,24,96,25,2
4YIJ,442,A,27,PRO,H,6,28,6,1,9,39,12,1,14,49,15,1,20,77,22,2,27,116,25,2
4YIJ,443,A,27,PRO,H,7,30,7,1,11,43,10,1,15,65,18,2,22,99,23,2,34,137,30,2
4YIJ,444,A,27,PRO,H,4,18,7,1,10,36,11,1,14,56,14,1,19,80,21,2,28,100,26,2
4YIJ,445,A,27,PRO,H,7,25,8,1,12,40,13,2,16,66,16,2,21,93,25,2,29,117,28,2
4YIJ,446,A,27,PRO,H,7,22,6,1,8,32,10,1,12,41,13,1,16,56,16,2,21,87,21,2
4YIJ,447,A,27,PRO,H,4,20,8,1,10,33,11,1,14,47,13,2,19,67,18,2,22,96,23,2
4YIJ,448,A,28,MET,N,9,38,11,1,12,55,13,1,18,79,18,1,24,116,25,1,29,141,31,1
4YIJ,449,A,28,MET,CA,11,39,9,0,14,57,12,1,18,84,18,1,23,117,27,1,31,150,32,1
4YIJ,450,A,28,MET,C,10,37,10,0,15,60,14,0,19,85,19,1,23,122,24,1,36,165,35,1
4YIJ,451,A,28,MET,O,9,41,9,0,14,62,15,0,20,90,19,1,26,125,25,1,34,158,33,1
4YIJ,452,A,28,MET,HN,9,40,10,1,13,55,12,1,20,79,18,1,23,111,24,1,28,141,29,1
4YIJ,453,A,28,MET,H,8,37,8,0,15,63,12,0,16,90,21,1,28,110,25,1,35,150,33,2
4YIJ,454,A,28,MET,C,9,37,8,0,13,62,12,1,18,89,19,1,24,113,25,1,34,146,31,1
4YIJ,455,A,28,MET,C,9,36,9,0,12,59,13,0,17,80,16,0,26,118,25,1,34,153,36,2
4YIJ,456,A,28,MET,S,5,35,8,0,13,52,10,0,18,79,14,0,26,109,24,1,32,141,35,2
4YIJ,457,A,28,MET,C,7,36,6,0,10,54,11,0,19,74,18,0,26,107,23,0,40,144,33,1
4YIJ,458,A,28,MET,H,10,41,7,0,12,63,12,1,19,84,17,1,23,110,21,1,31,144,33,1
4YIJ,459,A,28,MET,H,9,31,8,0,13,62,9,1,17,83,20,1,22,108,24,1,31,131,29,1
4YIJ,460,A,28,MET,H,6,32,8,0,12,56,14,0,19,84,16,0,26,113,26,2,37,160,34,2
4YIJ,461,A,28,MET,H,10,38,11,0,13,61,12,0,19,85,19,0,24,120,21,1,35,160,38,1
4YIJ,462,A,28,MET,H,5,35,5,0,9,48,8,0,19,69,14,0,26,100,22,0,37,133,34,1
4YIJ,463,A,28,MET,H,9,37,5,0,12,53,11,0,17,77,20,0,25,111,22,1,37,144,30,1
4YIJ,464,A,28,MET,H,7,40,6,0,12,57,9,0,19,81,17,0,30,109,26,0,39,144,35,0
4YIJ,465,A,29,THR,N,10,38,9,1,14,58,15,1,20,90,19,1,28,121,29,2,39,166,36,2
4YIJ,466,A,29,THR,CA,10,46,10,1,12,62,15,1,23,87,23,1,32,125,28,1,40,174,41,2
4YIJ,467,A,29,THR,C,11,42,9,1,13,59,14,1,22,90,21,1,30,130,28,1,42,171,37,1
4YIJ,468,A,29,THR,O,11,33,9,1,16,61,14,1,21,92,20,1,29,129,29,1,40,166,35,1
4YIJ,469,A,29,THR,HN,9,38,9,1,13,61,16,1,19,88,20,1,27,127,29,1,40,163,37,3
4YIJ,470,A,29,THR,H,10,45,11,0,16,64,14,1,23,90,20,1,30,117,29,1,39,170,42,2
4YIJ,471,A,29,THR,C,11,40,8,0,16,63,18,1,22,91,24,1,35,125,29,1,44,169,41,1
4YIJ,472,A,29,THR,OH,10,36,9,0,16,62,16,1,23,96,23,1,34,135,32,1,46,165,42,1
4YIJ,473,A,29,THR,C,13,40,9,0,19,60,20,0,28,93,26,1,36,131,37,1,47,171,43,1
4YIJ,474,A,29,THR,H,11,39,10,1,18,61,17,1,25,93,24,1,32,126,32,1,45,168,40,2
4YIJ,475,A,29,THR,HO,9,37,11,0,18,65,16,1,22,91,26,1,36,133,29,1,47,172,42,2
4YIJ,476,A,29,THR,H,14,39,8,0,18,64,19,0,30,89,30,0,36,130,39,1,47,168,45,1
4YIJ,477,A,29,THR,H,12,41,9,0,20,64,14,0,27,87,30,0,35,129,37,1,45,163,45,1
4YIJ,478,A,29,THR,H,12,43,12,0,20,59,16,0,25,90,26,1,33,126,33,1,46,171,46,1
4YIJ,479,A,30,PHE,N,13,39,12,1,15,57,13,1,18,87,19,1,37,121,30,1,43,171,39,1
4YIJ,480,A,30,PHE,CA,12,42,7,1,17,64,16,1,22,89,19,1,31,124,27,1,45,166,43,1
4YIJ,481,A,30,PHE,C,13,41,10,0,18,62,15,0,26,82,25,1,32,120,30,1,43,161,44,1
4YIJ,482,A,30,PHE,O,11,43,8,0,20,61,19,0,26,90,24,0,32,116,33,1,41,158,43,1
4YIJ,483,A,30,PHE,HN,9,43,11,0,15,57,13,1,24,81,17,1,32,124,32,1,45,171,43,1
4YIJ,484,A,30,PHE,H,10,43,11,1,18,65,14,1,24,89,19,1,28,118,27,1,43,153,42,1
4YIJ,485,A,30,PHE,C,9,47,8,0,15,68,14,1,22,88,20,1,34,125,31,1,43,176,41,1
4YIJ,486,A,30,PHE,C,9,48,9,1,14,68,13,1,22,93,23,1,33,124,32,1,44,171,38,1
4YIJ,487,A,30,PHE,C,10,44,6,1,12,65,16,1,24,90,24,1,32,124,28,1,42,173,38,2
4YIJ,488,A,30,PHE,C,8,44,9,1,16,72,12,1,21,96,20,1,33,126,33,1,44,164,43,1
4YIJ,489,A,30,PHE,C,8,43,8,1,13,60,15,1,19,85,24,1,31,131,28,2,42,165,36,2
4YIJ,490,A,30,PHE,C,6,38,9,1,14,64,14,1,24,95,22,1,34,128,28,1,42,162,41,1
4YIJ,491,A,30,PHE,C,7,41,8,1,14,57,16,1,22,93,25,1,33,123,28,1,42,160,37,2
4YIJ,492,A,30,PHE,H,13,46,8,0,14,69,14,1,24,93,20,1,33,127,30,1,45,173,38,1
4YIJ,493,A,30,PHE,H,10,40,10,0,13,64,12,1,22,86,21,1,35,138,30,1,45,178,45,1
4YIJ,494,A,30,PHE,H,9,40,6,1,12,62,13,1,22,91,21,1,32,123,28,2,40,171,39,2
4YIJ,495,A,30,PHE,H,9,41,11,1,15,76,13,1,22,104,19,1,33,125,28,1,43,160,42,1
4YIJ,496,A,30,PHE,H,7,40,11,1,15,57,12,1,21,90,19,2,29,120,29,2,38,160,35,2
4YIJ,497,A,30,PHE,H,8,41,11,1,15,63,14,1,24,90,23,1,35,126,28,1,42,156,44,1
4YIJ,498,A,30,PHE,H,6,37,7,1,14,57,16,1,25,86,24,1,31,118,28,2,42,150,33,2
4YIJ,499,A,31,ARG,N,13,47,10,0,16,60,16,0,21,90,24,1,31,118,33,1,40,165,40,1
4YIJ,500,A,31,ARG,CA,12,43,12,0,14,57,17,0,22,79,25,0,32,120,32,0,36,164,44,1
4YIJ,501,A,31,ARG,C,14,44,13,0,17,62,17,0,21,83,24,0,28,116,33,0,43,178,44,2
4YIJ,502,A,31,ARG,O,12,43,10,0,17,59,17,0,21,91,22,0,29,126,35,0,39,173,42,2
4YIJ,503,A,31,ARG,HN,13,46,12,0,16,67,15,0,24,88,21,1,32,115,31,1,40,164,38,1
4YIJ,504,A,31,ARG,H,12,40,12,0,14,54,18,0,25,84,26,0,30,120,31,0,37,167,40,1
4YIJ,505,A,31,ARG,C,12,36,10,0,15,52,16,0,24,80,25,0,31,116,36,0,40,158,40,1
4YIJ,506,A,31,ARG,C,7,33,10,0,18,55,16,0,21,78,25,0,31,109,35,0,37,155,41,0
4YIJ,507,A,31,ARG,C,8,26,12,0,15,46,21,0,24,75,26,0,26,105,32,0,36,143,42,0
4YIJ,508,A,31,ARG,N,11,26,12,0,13,45,19,0,19,71,25,0,27,96,30,0,32,137,36,0
4YIJ,509,A,31,ARG,C,10,31,13,0,13,47,20,0,17,68,26,0,26,95,30,0,35,135,39,0
4YIJ,510,A,31,ARG,N,11,35,13,0,14,51,21,0,19,76,25,0,25,103,34,0,38,146,39,0
4YIJ,511,A,31,ARG,N,9,30,12,0,14,41,17,0,17,61,23,0,26,93,29,0,30,125,36,0
4YIJ,512,A,31,ARG,H,12,33,9,0,13,56,16,0,28,82,24,0,31,113,32,0,36,157,43,1
4YIJ,513,A,31,ARG,H,11,35,10,0,19,51,15,0,23,83,25,0,31,123,33,0,38,154,41,1
4YIJ,514,A,31,ARG,H,10,37,10,0,17,57,16,0,22,79,26,0,30,113,35,0,39,153,41,0
4YIJ,515,A,31,ARG,H,8,34,10,0,16,54,11,0,22,75,23,0,30,107,36,0,37,145,42,0
4YIJ,516,A,31,ARG,H,10,24,12,0,13,45,20,0,22,78,24,0,29,111,30,0,36,144,43,0
4YIJ,517,A,31,ARG,H,10,27,15,0,15,49,21,0,22,81,26,0,26,110,31,0,35,145,39,0
4YIJ,518,A,31,ARG,HN,10,24,11,0,14,39,15,0,18,68,24,0,26,91,32,0,33,124,34,0
4YIJ,519,A,31,ARG,HN,10,36,12,0,13,53,20,0,21,77,25,0,27,117,34,0,36,152,41,1
4YIJ,520,A,31,ARG,HN,10,38,14,0,13,55,17,0,18,77,25,0,26,108,31,0,36,148,38,1
4YIJ,521,A,31,ARG,HN,6,25,11,0,14,36,17,0,18,55,22,0,24,89,28,0,29,118,37,0
4YIJ,522,A,31,ARG,HN,8,36,15,0,13,47,18,0,20,63,22,0,24,96,29,0,29,126,38,0
4YIJ,523,A,32,LEU,N,16,42,11,0,21,64,20,0,23,89,24,0,30,121,32,1,42,162,42,1
4YIJ,524,A,32,LEU,CA,15,47,12,0,18,66,17,0,24,89,25,1,28,127,33,1,41,174,43,1
4YIJ,525,A,32,LEU,C,12,43,11,0,16,64,17,0,24,89,25,1,30,128,38,1,42,181,42,1
4YIJ,526,A,32,LEU,O,10,39,12,0,17,62,18,0,24,88,24,0,30,124,33,1,40,162,44,1
4YIJ,527,A,32,LEU,HN,13,36,16,0,22,64,17,0,25,90,25,0,29,122,33,0,40,160,43,1
4YIJ,528,A,32,LEU,H,13,46,9,0,17,70,17,0,24,93,24,1,31,135,33,1,42,178,44,1
4YIJ,529,A,32,LEU,C,14,45,14,0,18,73,20,1,23,92,23,1,31,121,30,1,43,176,45,2
4YIJ,530,A,32,LEU,C,12,44,12,0,17,68,20,1,24,92,25,1,32,134,30,2,44,186,44,2
4YIJ,531,A,32,LEU,C,12,46,12,0,17,64,19,0,24,92,24,1,38,134,33,2,44,182,41,2
4YIJ,532,A,32,LEU,C,10,44,12,0,18,64,20,1,25,97,24,2,34,138,35,2,42,182,44,2
4YIJ,533,A,32,LEU,H,15,47,15,0,17,70,17,1,24,99,25,1,31,128,34,1,41,175,46,2
4YIJ,534,A,32,LEU,H,14,41,14,0,17,63,20,0,24,94,27,1,34,125,33,1,42,168,45,2
4YIJ,535,A,32,LEU,H,12,41,11,1,16,69,15,1,23,101,26,1,31,143,30,2,43,184,37,2
4YIJ,536,A,32,LEU,H,9,41,10,0,16,61,16,0,25,97,25,0,35,140,35,2,47,193,42,2
4YIJ,537,A,32,LEU,H,12,40,14,0,17,60,18,0,25,91,26,0,36,130,33,1,43,177,45,2
4YIJ,538,A,32,LEU,H,12,44,13,0,16,65,16,0,26,97,25,0,33,135,31,1,42,175,43,2
4YIJ,539,A,32,LEU,H,10,40,12,0,17,67,18,2,25,104,26,2,34,144,33,2,45,189,46,2
4YIJ,540,A,32,LEU,H,12,39,11,1,16,70,17,2,25,97,26,2,31,138,35,2,44,181,46,2
4YIJ,541,A,32,LEU,H,11,39,15,0,17,64,20,0,28,98,26,2,37,135,36,2,46,180,47,2
4YIJ,542,A,33,LEU,N,11,46,9,0,15,62,17,1,20,88,24,1,36,134,32,1,47,192,49,1
4YIJ,543,A,33,LEU,CA,8,45,10,0,16,59,16,1,25,92,22,1,33,138,36,1,48,190,46,1
4YIJ,544,A,33,LEU,C,9,39,9,0,18,68,16,1,25,100,21,1,35,136,37,1,43,179,49,1
4YIJ,545,A,33,LEU,O,10,38,9,1,14,67,16,1,24,104,21,1,38,139,36,1,47,180,46,1
4YIJ,546,A,33,LEU,HN,10,45,9,0,14,65,14,1,23,92,25,1,30,144,34,1,46,191,45,1
4YIJ,547,A,33,LEU,H,11,46,10,0,16,59,15,0,22,85,23,1,37,138,32,1,46,175,48,1
4YIJ,548,A,33,LEU,C,12,40,11,0,15,63,17,1,27,95,26,1,34,141,34,1,46,188,44,1
4YIJ,549,A,33,LEU,C,10,39,11,0,16,58,20,0,27,100,25,1,35,143,33,1,45,178,43,1
4YIJ,550,A,33,LEU,C,12,42,14,0,20,64,21,0,26,97,26,1,33,139,35,1,44,167,40,1
4YIJ,551,A,33,LEU,C,10,36,10,0,18,65,18,0,28,96,28,0,36,133,35,1,44,170,40,1
4YIJ,552,A,33,LEU,H,11,37,12,0,19,65,19,1,26,97,26,1,37,139,34,1,46,182,45,1
4YIJ,553,A,33,LEU,H,8,42,9,1,17,69,17,1,23,97,25,1,33,137,34,1,43,192,44,1
4YIJ,554,A,33,LEU,H,9,43,11,0,16,62,17,0,25,95,28,1,35,140,32,1,48,179,44,1
4YIJ,555,A,33,LEU,H,14,42,14,0,19,67,19,0,24,94,23,0,33,129,33,1,42,166,41,1
4YIJ,556,A,33,LEU,H,12,42,11,0,17,67,20,0,25,94,29,1,32,132,31,1,43,165,39,1
4YIJ,557,A,33,LEU,H,12,43,15,0,18,69,19,1,24,103,25,1,34,133,34,1,44,169,40,1
4YIJ,558,A,33,LEU,H,11,38,13,0,17,67,18,0,26,89,25,0,35,130,34,0,45,157,39,1
4YIJ,559,A,33,LEU,H,11,34,11,0,19,61,17,0,26,96,25,0,35,131,34,0,45,166,44,1
4YIJ,560,A,33,LEU,H,11,39,12,0,19,61,17,0,24,104,26,0,34,126,35,1,41,166,42,1
4YIJ,561,A,34,LEU,N,10,41,8,0,18,76,14,0,23,100,22,1,30,131,33,1,44,159,48,1
4YIJ,562,A,34,LEU,CA,9,42,8,0,14,64,15,0,28,96,21,1,33,136,33,1,46,156,47,1
4YIJ,563,A,34,LEU,C,10,42,10,0,13,62,15,0,25,95,24,1,34,132,35,1,44,165,40,1
4YIJ,564,A,34,LEU,O,10,41,11,0,17,69,17,0,25,95,22,0,33,122,34,1,44,160,42,1
4YIJ,565,A,34,LEU,HN,12,39,8,0,16,70,11,0,22,99,24,0,29,119,35,1,45,156,44,1
4YIJ,566,A,34,LEU,H,10,36,8,0,13,64,11,0,23,93,24,0,33,124,31,1,41,147,40,1
4YIJ,567,A,34,LEU,C,10,51,9,0,18,68,15,1,29,93,24,1,36,133,34,1,44,168,45,1
4YIJ,568,A,34,LEU,C,11,50,10,0,16,67,17,1,29,91,25,1,35,127,31,1,43,155,42,1
4YIJ,569,A,34,LEU,C,10,45,10,0,18,68,15,1,25,92,27,1,34,115,29,1,41,150,41,1
4YIJ,570,A,34,LEU,C,12,44,13,0,17,66,17,0,25,86,22,0,32,115,27,1,39,135,36,1
4YIJ,571,A,34,LEU,H,11,48,10,0,20,67,15,0,25,91,26,1,35,127,32,1,46,163,41,1
4YIJ,572,A,34,LEU,H,8,47,11,1,18,69,16,1,29,99,23,1,39,137,38,1,47,178,52,1
4YIJ,573,A,34,LEU,H,10,48,10,0,15,70,19,1,27,98,26,1,37,124,33,1,43,161,42,1
4YIJ,574,A,34,LEU,H,10,44,12,0,17,63,16,1,25,87,22,1,30,113,32,1,39,147,39,1
4YIJ,575,A,34,LEU,H,12,42,11,0,20,67,15,1,24,94,22,1,31,113,31,1,38,134,36,1
4YIJ,576,A,34,LEU,H,12,44,8,1,17,73,17,1,24,96,24,1,35,119,33,1,42,159,46,1
4YIJ,577,A,34,LEU,H,12,46,13,0,16,63,17,0,21,82,21,0,33,109,25,1,37,135,34,1
4YIJ,578,A,34,LEU,H,10,45,10,0,15,62,17,0,24,86,20,0,30,109,27,0,40,139,36,1
4YIJ,579,A,34,LEU,H,11,41,12,0,20,61,15,0,25,87,20,0,27,105,28,1,36,133,33,1
4YIJ,580,A,35,VAL,N,12,44,11,0,14,69,19,0,19,89,25,1,33,123,31,1,42,162,41,1
4YIJ,581,A,35,VAL,CA,12,48,14,0,16,69,18,0,22,92,26,0,30,113,33,1,44,157,39,1
4YIJ,582,A,35,VAL,C,11,43,15,0,16,63,18,0,20,85,22,0,28,104,29,0,35,137,37,1
4YIJ,583,A,35,VAL,O,12,39,16,0,15,60,18,0,20,76,21,0,25,103,28,0,35,133,37,0
4YIJ,584,A,35,VAL,HN,11,46,11,0,14,68,20,0,22,89,22,1,30,124,28,1,44,162,43,1
4YIJ,585,A,35,VAL,H,11,47,14,0,15,65,18,0,24,89,28,0,32,116,33,1,38,154,40,1
4YIJ,586,A,35,VAL,C,17,47,14,0,19,69,21,0,23,95,28,1,32,120,34,1,42,164,42,1
4YIJ,587,A,35,VAL,C,13,50,14,0,19,71,19,1,25,97,29,1,34,135,37,1,45,177,45,1
4YIJ,588,A,35,VAL,C,13,41,16,0,19,62,19,0,24,94,27,1,32,129,35,1,40,164,42,1
4YIJ,589,A,35,VAL,H,14,50,16,0,19,71,22,0,25,88,27,0,30,124,36,1,42,165,44,1
4YIJ,590,A,35,VAL,H,13,47,15,0,19,69,20,1,24,95,29,1,32,139,36,1,44,176,48,2
4YIJ,591,A,35,VAL,H,12,48,10,1,16,72,21,1,27,103,30,1,33,135,37,1,49,179,45,1
4YIJ,592,A,35,VAL,H,13,50,15,0,19,68,19,1,26,95,28,1,37,139,37,1,47,182,45,1
4YIJ,593,A,35,VAL,H,14,42,14,0,20,60,21,0,25,94,28,1,32,131,35,1,41,169,42,2
4YIJ,594,A,35,VAL,H,12,42,15,0,18,60,21,0,23,87,28,0,31,119,32,1,42,157,42,1
4YIJ,595,A,35,VAL,H,10,41,16,0,18,66,19,0,24,99,25,1,32,133,34,1,39,166,45,1
4YIJ,596,A,36,ASP,N,12,39,13,0,15,62,15,0,20,83,21,0,27,105,26,0,34,133,37,0
4YIJ,597,A,36,ASP,CA,12,37,12,0,15,53,16,0,18,70,21,0,25,97,27,0,35,127,37,0
4YIJ,598,A,36,ASP,C,12,36,12,0,13,48,14,0,19,74,22,0,25,101,29,0,40,136,38,0
4YIJ,599,A,36,ASP,O,11,36,11,0,13,51,16,0,18,76,22,0,28,110,31,0,38,139,40,0
4YIJ,600,A,36,ASP,HN,11,36,13,0,15,59,17,0,21,91,20,0,29,105,30,0,36,138,37,0
4YIJ,601,A,36,ASP,H,9,37,11,0,16,53,19,0,21,72,19,0,26,99,28,0,37,127,42,0
4YIJ,602,A,36,ASP,C,12,39,10,0,13,48,14,0,16,61,20,0,22,79,25,0,32,113,31,0
4YIJ,603,A,36,ASP,C,10,30,8,0,11,46,13,0,19,53,19,0,24,69,26,0,30,103,31,0
4YIJ,604,A,36,ASP,O,6,26,8,0,13,39,12,0,19,58,23,0,26,83,26,0,33,107,35,0
4YIJ,605,A,36,ASP,O,9,26,7,0,11,37,12,0,15,49,15,0,22,62,22,0,29,98,28,0
4YIJ,606,A,36,ASP,H,12,40,10,0,12,49,13,0,16,59,20,0,19,75,22,0,30,109,28,0
4YIJ,607,A,36,ASP,H,12,35,10,0,14,48,14,0,19,66,17,0,21,84,25,0,32,112,31,0
4YIJ,608,A,37,THR,N,9,31,13,0,13,47,16,0,19,69,26,0,28,96,32,0,37,130,41,0
4YIJ,609,A,37,THR,CA,8,31,12,0,11,47,18,0,21,72,24,0,28,97,34,0,36,132,40,0
4YIJ,610,A,37,THR,C,9,34,10,0,12,43,15,0,18,67,25,0,24,94,31,0,31,123,36,0
4YIJ,611,A,37,THR,O,8,28,11,0,12,45,16,0,16,63,20,0,22,82,28,0,28,109,34,0
4YIJ,612,A,37,THR,HN,8,31,12,0,12,42,16,0,20,60,25,0,28,91,31,0,36,127,40,0
4YIJ,613,A,37,THR,H,7,35,12,0,15,52,19,0,25,77,25,0,30,106,33,0,36,137,47,0
4YIJ,614,A,37,THR,C,7,26,14,0,13,43,19,0,20,68,24,0,26,90,30,0,31,120,41,0
4YIJ,615,A,37,THR,OH,7,25,15,0,16,39,18,0,23,69,25,0,28,96,31,0,36,128,43,0
4YIJ,616,A,37,THR,C,8,28,12,0,13,46,18,0,20,63,23,0,25,92,30,0,28,117,38,0
4YIJ,617,A,37,THR,H,7,24,10,0,12,36,16,0,18,59,25,0,23,84,28,0,31,109,35,0
4YIJ,618,A,37,THR,HO,5,19,15,0,14,38,20,0,23,64,23,0,28,96,33,0,34,119,39,0
4YIJ,619,A,37,THR,H,8,23,12,0,11,40,19,0,18,60,22,0,22,86,28,0,27,111,35,0
4YIJ,620,A,37,THR,H,9,32,13,0,13,49,19,0,23,73,24,0,24,99,32,0,31,120,36,0
4YIJ,621,A,37,THR,H,8,28,9,0,14,49,16,0,15,58,22,0,22,79,28,0,29,110,34,0
4YIJ,622,A,38,PRO,N,9,35,8,0,14,49,16,0,19,67,22,0,20,90,30,0,31,118,35,0
4YIJ,623,A,38,PRO,CA,7,32,8,0,11,46,12,0,17,64,19,0,20,78,25,0,24,100,30,0
4YIJ,624,A,38,PRO,C,6,28,8,0,9,38,11,0,12,47,15,0,17,69,22,0,21,87,30,0
4YIJ,625,A,38,PRO,O,6,29,10,0,8,37,13,0,13,48,14,0,15,65,21,0,21,83,29,0
4YIJ,626,A,38,PRO,H,6,31,8,0,11,48,15,0,16,58,19,0,20,81,23,0,24,102,31,0
4YIJ,627,A,38,PRO,C,9,29,8,0,13,48,11,0,17,68,17,0,19,85,26,0,24,97,32,0
4YIJ,628,A,38,PRO,C,12,36,8,0,17,56,13,0,19,75,22,0,21,93,28,0,28,119,36,0
4YIJ,629,A,38,PRO,C,13,40,10,0,16,55,17,0,18,73,24,0,23,99,31,0,34,131,39,0
4YIJ,630,A,38,PRO,H,7,29,7,0,11,44,9,0,14,64,16,0,20,80,24,0,22,95,28,0
4YIJ,631,A,38,PRO,H,9,29,8,0,12,45,9,0,14,67,18,0,18,82,22,0,23,92,30,0
4YIJ,632,A,38,PRO,H,11,36,8,0,17,53,12,0,19,76,21,0,23,98,29,0,31,128,38,0
4YIJ,633,A,38,PRO,H,12,39,8,0,16,63,13,0,20,75,17,0,24,89,29,0,30,115,37,0
4YIJ,634,A,38,PRO,H,11,39,12,0,18,54,16,0,20,84,25,0,27,112,33,0,37,135,43,0
4YIJ,635,A,38,PRO,H,12,43,9,0,15,57,18,0,19,74,23,0,24,94,30,0,32,126,41,0
4YIJ,636,A,39,GLU,N,6,28,7,0,7,32,8,0,9,41,11,0,13,56,14,0,21,76,21,0
4YIJ,637,A,39,GLU,CA,5,25,6,0,6,29,7,0,7,35,9,0,10,45,12,0,15,60,18,0
4YIJ,638,A,39,GLU,C,5,22,4,0,6,27,6,0,7,33,9,0,9,35,11,0,11,46,14,0
4YIJ,639,A,39,GLU,O,5,18,4,0,5,25,6,0,6,30,9,0,9,34,11,0,11,43,12,0
4YIJ,640,A,39,GLU,HN,5,28,6,0,7,33,7,0,10,46,11,0,12,59,15,0,20,75,21,0
4YIJ,641,A,39,GLU,H,5,26,6,0,6,30,7,0,7,38,8,0,13,48,16,0,19,65,20,0
4YIJ,642,A,39,GLU,C,4,18,4,0,5,27,6,0,6,32,8,0,10,42,10,0,13,58,12,0
4YIJ,643,A,39,GLU,C,3,14,3,0,4,17,5,0,5,31,6,0,6,36,8,0,12,46,10,0
4YIJ,644,A,39,GLU,C,2,11,3,0,3,16,3,0,5,24,4,0,6,36,8,0,10,44,11,0
4YIJ,645,A,39,GLU,O,2,10,3,0,3,21,3,0,7,34,6,0,8,41,10,0,13,49,12,0
4YIJ,646,A,39,GLU,O,2,7,0,0,2,12,3,0,2,21,4,0,7,27,5,0,8,40,8,0
4YIJ,647,A,39,GLU,H,4,16,3,0,4,24,5,0,6,30,7,0,8,39,9,0,12,52,12,0
4YIJ,648,A,39,GLU,H,5,22,4,0,5,30,8,0,8,38,9,0,12,50,10,0,13,63,17,0
4YIJ,649,A,39,GLU,H,2,14,3,0,5,20,5,0,5,31,7,0,9,39,7,0,13,50,13,0
4YIJ,650,A,39,GLU,H,3,12,2,0,4,15,4,0,4,23,6,0,6,31,6,0,7,41,10,0
4YIJ,651,A,40,PHE,N,5,16,6,0,6,23,7,0,8,27,9,0,8,32,14,0,11,44,14,0
4YIJ,652,A,40,PHE,CA,5,12,4,0,6,19,7,0,7,25,9,0,8,28,11,0,10,37,14,0
4YIJ,653,A,40,PHE,C,5,15,4,0,6,21,5,0,7,25,10,0,10,34,11,0,11,47,15,0
4YIJ,654,A,40,PHE,O,4,11,4,0,6,17,4,0,6,22,8,0,8,31,11,0,11,39,13,0
4YIJ,655,A,40,PHE,HN,6,18,7,0,6,23,7,0,8,30,10,0,9,39,14,0,14,53,17,0
4YIJ,656,A,40,PHE,H,3,12,4,0,5,19,7,0,7,23,9,0,9,25,11,0,9,33,14,0
4YIJ,657,A,40,PHE,C,2,12,3,0,5,12,6,0,6,17,7,0,7,25,7,0,8,29,12,0
4YIJ,658,A,40,PHE,C,2,8,4,0,3,11,5,0,6,15,7,0,6,20,7,0,6,26,9,0
4YIJ,659,A,40,PHE,C,2,6,4,0,2,9,4,0,5,11,6,0,6,18,7,0,6,26,9,0
4YIJ,660,A,40,PHE,C,2,6,4,0,3,10,4,0,5,15,6,0,6,17,7,0,6,23,8,0
4YIJ,661,A,40,PHE,C,2,5,3,0,3,6,4,0,3,10,4,0,4,14,6,0,6,20,7,0
4YIJ,662,A,40,PHE,C,1,5,3,0,3,6,4,0,3,11,4,0,4,16,6,0,6,18,8,0
4YIJ,663,A,40,PHE,C,1,5,3,0,3,6,4,0,3,9,4,0,4,13,6,0,5,18,7,0
4YIJ,664,A,40,PHE,H,2,9,2,0,4,12,4,0,5,14,6,0,7,21,7,0,7,25,9,0
4YIJ,665,A,40,PHE,H,3,11,3,0,5,13,5,0,6,16,7,0,7,24,8,0,7,33,11,0
4YIJ,666,A,40,PHE,H,2,7,4,0,2,10,4,0,5,12,6,0,6,22,7,0,7,26,11,0
4YIJ,667,A,40,PHE,H,2,8,3,0,3,10,4,0,5,15,6,0,6,18,7,0,6,26,8,0
4YIJ,668,A,40,PHE,H,1,5,3,0,2,6,4,0,3,6,4,0,3,12,6,0,6,16,7,0
4YIJ,669,A,40,PHE,H,1,5,3,0,3,6,3,0,3,9,4,0,4,12,5,0,5,18,6,0
4YIJ,670,A,40,PHE,H,0,5,3,0,2,5,3,0,3,6,4,0,3,10,5,0,4,14,7,0
4YIJ,671,A,41,ASN,N,5,24,4,0,5,29,7,0,9,36,9,0,10,51,14,0,13,61,18,0
4YIJ,672,A,41,ASN,CA,6,21,5,0,7,31,7,0,9,43,9,0,11,54,14,0,15,64,20,0
4YIJ,673,A,41,ASN,C,7,25,7,0,8,36,8,0,11,47,12,0,15,63,16,0,18,79,21,0
4YIJ,674,A,41,ASN,O,8,29,6,0,8,40,12,0,14,56,15,0,15,73,19,0,22,91,26,0
4YIJ,675,A,41,ASN,HN,5,25,5,0,7,31,8,0,10,39,13,0,11,54,15,0,15,67,18,0
4YIJ,676,A,41,ASN,H,5,19,6,0,6,28,6,0,8,40,9,0,9,47,9,0,14,59,15,0
4YIJ,677,A,41,ASN,C,6,21,5,0,6,33,6,0,9,46,11,0,13,55,14,0,17,75,17,0
4YIJ,678,A,41,ASN,C,5,22,4,0,9,31,7,0,10,44,11,0,11,55,15,0,16,73,18,0
4YIJ,679,A,41,ASN,O,3,21,4,0,8,34,8,0,9,43,11,0,12,52,14,0,16,61,18,0
4YIJ,680,A,41,ASN,N,3,19,4,0,9,32,7,0,11,46,8,0,12,55,16,0,13,73,18,0
4YIJ,681,A,41,ASN,H,6,25,5,0,8,38,7,0,11,52,11,0,14,72,16,0,20,85,23,0
4YIJ,682,A,41,ASN,H,5,17,4,0,6,31,5,0,6,40,8,0,12,51,11,0,13,66,17,0
4YIJ,683,A,41,ASN,HN,3,19,4,0,10,28,5,0,10,46,10,0,12,60,14,0,14,74,18,0
4YIJ,684,A,41,ASN,HN,4,19,4,0,7,31,6,0,10,40,8,0,12,50,12,0,12,66,19,0
4YIJ,685,A,42,GLU,N,8,24,6,0,10,34,8,0,11,43,11,0,13,56,14,0,19,78,19,0
4YIJ,686,A,42,GLU,CA,8,27,6,0,11,35,10,0,12,48,11,0,16,62,18,0,22,86,22,0
4YIJ,687,A,42,GLU,C,7,24,6,0,9,37,8,0,15,46,10,0,17,62,17,0,21,79,21,0
4YIJ,688,A,42,GLU,O,5,23,5,0,10,36,8,0,11,46,10,0,17,60,16,0,20,79,24,0
4YIJ,689,A,42,GLU,HN,7,19,5,0,9,31,6,0,10,39,8,0,13,49,11,0,14,60,16,0
4YIJ,690,A,42,GLU,H,9,28,9,0,11,40,11,0,15,55,16,0,18,77,20,0,24,92,28,0
4YIJ,691,A,42,GLU,C,7,23,6,0,11,32,9,0,12,42,13,0,15,57,16,0,19,84,25,0
4YIJ,692,A,42,GLU,C,5,16,4,0,9,25,7,0,10,34,11,0,13,42,13,0,15,64,19,0
4YIJ,693,A,42,GLU,C,4,10,2,0,7,18,6,0,9,31,11,0,13,43,15,0,16,61,19,0
4YIJ,694,A,42,GLU,O,4,11,3,0,7,18,7,0,12,38,14,0,14,50,18,0,20,74,26,0
4YIJ,695,A,42,GLU,O,2,4,0,0,4,11,4,0,7,23,9,0,12,34,12,0,15,51,16,0
4YIJ,696,A,42,GLU,H,9,24,6,0,11,29,10,0,12,40,14,0,14,58,18,0,21,85,25,0
4YIJ,697,A,42,GLU,H,7,22,6,0,8,34,9,0,15,44,16,0,17,67,21,0,21,88,26,0
4YIJ,698,A,42,GLU,H,6,15,3,0,7,22,7,0,9,35,8,0,13,44,13,0,16,57,15,0
4YIJ,699,A,42,GLU,H,5,12,4,0,8,24,6,0,10,33,8,0,12,44,11,0,13,55,14,0
4YIJ,700,A,43,LYS,N,6,27,6,0,8,35,10,0,12,44,12,0,14,58,18,0,21,69,22,0
4YIJ,701,A,43,LYS,CA,5,23,4,0,7,32,8,0,10,41,13,0,11,56,16,0,21,67,20,0
4YIJ,702,A,43,LYS,C,6,25,5,0,8,39,10,0,11,49,14,0,16,61,18,0,21,73,24,0
4YIJ,703,A,43,LYS,O,6,22,5,0,7,31,7,0,9,43,14,0,13,54,15,0,18,68,20,0
4YIJ,704,A,43,LYS,HN,5,25,8,0,8,34,8,0,11,43,12,0,15,55,16,0,19,73,20,0
4YIJ,705,A,43,LYS,H,5,23,5,0,7,25,7,0,7,34,9,0,11,48,15,0,13,57,17,0
4YIJ,706,A,43,LYS,C,4,20,5,0,7,27,6,0,8,38,13,0,14,56,16,0,18,66,20,0
4YIJ,707,A,43,LYS,C,4,13,3,0,6,26,7,0,8,36,9,0,13,50,15,0,15,62,21,0
4YIJ,708,A,43,LYS,C,2,11,3,0,5,21,6,0,8,29,10,0,12,45,13,0,14,56,17,0
4YIJ,709,A,43,LYS,C,2,9,2,0,3,16,5,0,7,26,9,0,11,36,14,0,13,50,16,0
4YIJ,710,A,43,LYS,N,0,8,1,0,5,16,5,0,5,19,7,0,9,29,11,0,10,38,15,0
4YIJ,711,A,43,LYS,H,5,25,6,0,7,32,7,0,12,48,14,0,18,64,18,0,19,75,25,0
4YIJ,712,A,43,LYS,H,4,17,3,0,5,24,6,0,7,34,11,0,12,45,16,0,17,63,18,0
4YIJ,713,A,43,LYS,H,4,13,2,0,5,20,5,0,7,31,7,0,10,41,11,0,13,53,18,0
4YIJ,714,A,43,LYS,H,5,17,6,0,7,31,7,0,10,40,13,0,14,55,16,0,17,65,23,0
4YIJ,715,A,43,LYS,H,3,17,4,0,8,26,8,0,9,34,12,0,12,48,16,0,16,63,18,0
4YIJ,716,A,43,LYS,H,2,9,2,0,3,17,4,0,6,27,8,0,10,35,11,0,12,49,14,0
4YIJ,717,A,43,LYS,H,1,7,0,0,2,12,4,0,4,19,6,0,10,31,9,0,11,42,14,0
4YIJ,718,A,43,LYS,H,2,13,3,0,4,19,5,0,9,29,11,0,11,40,14,0,14,59,17,0
4YIJ,719,A,43,LYS,HN,0,7,1,0,2,11,4,0,5,18,6,0,7,26,9,0,10,35,14,0
4YIJ,720,A,43,LYS,HN,3,11,4,0,5,18,6,0,6,25,10,0,10,33,12,0,10,46,15,0
4YIJ,721,A,43,LYS,HN,1,6,1,0,2,12,4,0,5,17,6,0,7,24,9,0,9,34,13,0
4YIJ,722,A,44,TYR,N,8,33,7,0,10,47,12,0,16,58,17,0,18,66,24,0,27,80,29,0
4YIJ,723,A,44,TYR,CA,7,38,11,0,13,45,13,0,16,61,18,0,23,72,25,0,25,95,31,0
4YIJ,724,A,44,TYR,C,7,30,8,0,12,50,15,0,17,66,19,0,24,82,29,0,27,100,36,0
4YIJ,725,A,44,TYR,O,9,32,10,0,14,49,13,0,17,73,23,0,22,90,31,0,31,105,38,0
4YIJ,726,A,44,TYR,HN,9,32,8,0,13,51,13,0,18,58,18,0,22,68,25,0,27,88,30,0
4YIJ,727,A,44,TYR,H,5,30,9,0,11,41,13,0,15,51,14,0,19,71,20,0,25,84,27,0
4YIJ,728,A,44,TYR,C,10,39,10,0,16,51,16,0,18,63,20,0,24,88,27,0,30,110,33,0
4YIJ,729,A,44,TYR,C,11,32,10,0,15,45,15,0,17,62,17,0,22,79,24,0,26,99,30,0
4YIJ,730,A,44,TYR,C,9,26,8,0,12,41,13,0,17,54,18,0,19,72,20,0,24,91,24,0
4YIJ,731,A,44,TYR,C,10,30,11,0,16,46,13,0,19,66,16,0,21,79,25,0,25,95,30,0
4YIJ,732,A,44,TYR,C,6,21,7,0,11,33,14,0,15,49,15,0,17,65,20,0,22,79,24,0
4YIJ,733,A,44,TYR,C,9,25,9,0,11,39,13,0,17,53,17,0,20,75,18,0,22,88,25,0
4YIJ,734,A,44,TYR,C,8,20,9,0,11,31,14,0,13,50,17,0,18,64,17,0,21,77,24,0
4YIJ,735,A,44,TYR,OH,7,20,10,0,9,26,12,0,11,40,14,0,15,55,17,0,19,67,19,0
4YIJ,736,A,44,TYR,H,10,34,12,0,12,51,16,0,20,67,21,0,26,92,23,0,32,118,35,0
4YIJ,737,A,44,TYR,H,11,43,10,0,17,60,18,0,22,67,23,0,25,92,27,0,33,118,38,0
4YIJ,738,A,44,TYR,H,9,26,9,0,10,41,12,0,15,52,16,0,20,72,21,0,25,94,25,0
4YIJ,739,A,44,TYR,H,10,32,10,0,17,47,13,0,20,70,16,0,24,86,27,0,25,99,31,0
4YIJ,740,A,44,TYR,H,4,18,7,0,10,29,10,0,14,43,14,0,16,60,18,0,19,71,24,0
4YIJ,741,A,44,TYR,H,7,26,9,0,10,36,15,0,14,50,16,0,20,68,19,0,24,88,23,0
4YIJ,742,A,44,TYR,HO,8,21,9,0,9,31,12,0,10,42,14,0,15,59,19,0,20,75,19,0
4YIJ,743,A,45,GLY,N,7,36,8,0,10,52,14,0,17,71,17,0,22,83,26,0,27,98,34,0
4YIJ,744,A,45,GLY,CA,8,33,11,0,12,48,13,0,16,68,23,0,21,88,29,0,28,111,35,0
4YIJ,745,A,45,GLY,C,8,29,9,0,10,44,12,0,15,58,18,0,18,77,28,0,25,109,34,0
4YIJ,746,A,45,GLY,O,7,29,11,0,11,43,15,0,15,61,21,0,22,86,27,0,23,114,39,0
4YIJ,747,A,45,GLY,HN,7,31,9,0,9,48,11,0,17,63,16,0,20,81,24,0,26,93,34,0
4YIJ,748,A,45,GLY,H,9,36,11,0,13,54,16,0,17,76,26,0,23,96,30,0,31,122,40,0
4YIJ,749,A,45,GLY,H,8,28,9,0,11,44,15,0,15,63,19,0,20,80,29,0,28,106,33,0
4YIJ,750,A,46,PRO,N,7,21,6,0,9,35,11,0,10,49,16,0,15,63,22,0,22,86,27,0
4YIJ,751,A,46,PRO,CA,6,18,7,0,9,28,9,0,9,43,14,0,14,56,19,0,18,82,24,0
4YIJ,752,A,46,PRO,C,7,20,8,0,9,34,10,0,11,47,15,0,14,64,19,0,19,86,27,0
4YIJ,753,A,46,PRO,O,7,21,6,0,10,31,10,0,12,48,17,0,14,63,19,0,21,88,28,0
4YIJ,754,A,46,PRO,H,6,17,7,0,8,25,9,0,10,37,15,0,16,61,21,0,20,87,25,0
4YIJ,755,A,46,PRO,C,6,16,5,0,7,21,6,0,9,33,10,0,10,48,16,0,14,63,22,0
4YIJ,756,A,46,PRO,C,6,13,4,0,7,24,7,0,8,32,10,0,11,47,16,0,13,63,20,0
4YIJ,757,A,46,PRO,C,6,21,5,0,8,28,7,0,10,42,13,0,11,59,18,0,21,76,24,0
4YIJ,758,A,46,PRO,H,5,13,5,0,6,17,5,0,8,22,8,0,10,37,15,0,15,58,18,0
4YIJ,759,A,46,PRO,H,6,15,6,0,7,25,7,0,8,33,9,0,10,44,14,0,13,58,18,0
4YIJ,760,A,46,PRO,H,3,12,4,0,7,17,6,0,10,32,9,0,11,45,13,0,14,58,21,0
4YIJ,761,A,46,PRO,H,4,9,4,0,6,18,6,0,8,30,8,0,9,39,13,0,13,49,16,0
4YIJ,762,A,46,PRO,H,7,20,6,0,8,28,10,0,10,40,13,0,13,59,18,0,23,76,22,0
4YIJ,763,A,46,PRO,H,7,22,4,0,7,34,9,0,8,41,13,0,14,59,17,0,20,77,22,0
4YIJ,764,A,47,GLU,N,7,26,7,0,9,34,9,0,11,50,10,0,14,65,17,0,20,93,26,0
4YIJ,765,A,47,GLU,CA,7,28,7,0,9,39,10,0,13,47,12,0,16,72,18,0,22,96,24,0
4YIJ,766,A,47,GLU,C,8,34,7,0,12,41,11,0,15,63,18,0,21,87,22,0,26,107,26,0
4YIJ,767,A,47,GLU,O,8,33,7,0,12,46,9,0,17,66,17,0,20,83,22,0,27,99,27,1
4YIJ,768,A,47,GLU,HN,7,26,6,0,8,38,8,0,12,49,10,0,15,66,16,0,20,83,26,0
4YIJ,769,A,47,GLU,H,6,24,7,0,8,31,7,0,12,44,12,0,15,68,14,0,20,86,22,0
4YIJ,770,A,47,GLU,C,8,31,6,0,9,40,10,0,13,52,13,0,17,69,17,0,23,94,20,0
4YIJ,771,A,47,GLU,C,6,27,5,0,11,41,10,0,12,53,13,0,18,71,16,0,23,91,20,0
4YIJ,772,A,47,GLU,C,3,15,4,0,9,33,8,0,13,52,11,0,18,68,16,0,19,81,18,0
4YIJ,773,A,47,GLU,O,3,18,3,0,9,31,7,0,13,55,12,0,17,65,15,0,21,77,19,0
4YIJ,774,A,47,GLU,O,3,12,2,0,5,28,5,0,11,45,9,0,16,62,15,0,18,77,17,0
4YIJ,775,A,47,GLU,H,8,30,7,0,11,45,11,0,14,60,14,0,18,81,18,0,25,100,25,0
4YIJ,776,A,47,GLU,H,8,24,5,0,8,38,7,0,10,45,12,0,16,56,14,0,21,76,19,0
4YIJ,777,A,47,GLU,H,6,22,6,0,9,37,10,0,12,49,12,0,15,63,13,0,23,85,20,0
4YIJ,778,A,47,GLU,H,7,31,6,0,12,45,13,0,16,62,14,0,21,82,20,0,24,101,23,1
4YIJ,779,A,48,ALA,N,10,37,11,0,13,53,16,0,15,72,23,0,22,96,28,0,31,116,35,0
4YIJ,780,A,48,ALA,CA,11,44,11,0,13,59,18,0,17,78,26,0,28,102,32,0,35,137,38,1
4YIJ,781,A,48,ALA,C,10,43,11,0,14,56,15,0,18,72,22,0,23,101,33,1,33,137,37,1
4YIJ,782,A,48,ALA,O,10,42,11,0,16,61,15,0,19,82,25,1,25,108,30,1,36,135,37,1
4YIJ,783,A,48,ALA,HN,10,37,11,0,13,55,14,0,16,74,22,0,23,101,28,0,30,115,35,0
4YIJ,784,A,48,ALA,H,10,47,14,0,15,61,19,0,20,78,26,0,27,109,31,1,35,142,39,1
4YIJ,785,A,48,ALA,C,12,42,11,0,13,67,20,0,23,87,27,0,27,108,39,0,36,146,43,1
4YIJ,786,A,48,ALA,H,11,46,13,0,18,65,19,0,22,86,31,0,29,123,38,0,41,154,44,1
4YIJ,787,A,48,ALA,H,11,40,13,0,14,66,18,0,19,78,27,0,26,106,35,0,32,141,44,0
4YIJ,788,A,48,ALA,H,11,42,10,0,16,68,20,0,22,95,29,0,28,117,38,0,35,141,46,0
4YIJ,789,A,49,SER,N,11,38,13,0,11,52,15,0,16,67,23,0,20,89,28,0,27,124,35,1
4YIJ,790,A,49,SER,CA,10,34,13,0,14,50,16,0,14,68,20,0,20,90,28,0,27,120,37,1
4YIJ,791,A,49,SER,C,10,33,10,0,13,47,17,0,17,66,17,0,21,93,26,0,26,113,35,1
4YIJ,792,A,49,SER,O,10,36,12,0,15,43,14,0,18,71,20,0,22,101,24,1,25,121,32,1
4YIJ,793,A,49,SER,HN,11,34,12,0,12,49,16,0,15,66,22,0,19,85,26,0,24,119,36,0
4YIJ,794,A,49,SER,H,12,34,15,0,14,53,17,0,17,74,22,0,20,101,25,0,30,128,38,1
4YIJ,795,A,49,SER,C,12,29,11,0,12,40,14,0,14,58,19,0,20,83,26,0,24,114,35,0
4YIJ,796,A,49,SER,OH,9,25,11,0,13,41,17,0,14,63,23,0,21,93,28,0,29,114,36,0
4YIJ,797,A,49,SER,H,10,30,10,0,11,42,14,0,16,55,20,0,21,83,24,0,25,110,33,0
4YIJ,798,A,49,SER,H,10,24,9,0,12,36,12,0,14,49,20,0,17,75,26,0,25,104,31,0
4YIJ,799,A,49,SER,HO,8,22,10,0,11,29,15,0,15,65,22,0,21,90,28,0,27,108,36,0
4YIJ,800,A,50,ALA,N,9,31,9,0,11,46,12,0,16,61,18,0,19,75,25,0,24,95,29,1
4YIJ,801,A,50,ALA,CA,7,28,8,0,12,42,11,0,13,60,18,0,19,71,21,0,23,88,27,1
4YIJ,802,A,50,ALA,C,9,33,7,0,12,45,10,0,15,60,17,1,21,77,22,1,23,97,29,1
4YIJ,803,A,50,ALA,O,9,32,8,0,12,44,9,0,15,61,17,1,19,74,22,1,23,93,26,1
4YIJ,804,A,50,ALA,HN,9,32,7,0,11,47,13,0,15,57,18,0,17,73,23,0,23,90,28,0
4YIJ,805,A,50,ALA,H,8,26,7,0,10,42,13,0,16,55,16,0,19,71,20,0,23,88,26,1
4YIJ,806,A,50,ALA,C,7,26,6,0,10,36,10,0,12,49,12,0,14,61,19,0,20,74,23,0
4YIJ,807,A,50,ALA,H,8,23,5,0,10,32,7,0,11,39,13,0,13,57,16,0,18,71,20,0
4YIJ,808,A,50,ALA,H,8,21,8,0,9,39,9,0,13,50,12,0,14,61,18,0,20,76,25,0
4YIJ,809,A,50,ALA,H,8,19,5,0,9,32,8,0,11,45,12,0,14,55,18,0,16,70,21,0
4YIJ,810,A,51,PHE,N,9,34,8,0,10,43,15,0,14,58,16,1,22,84,24,1,28,101,31,1
4YIJ,811,A,51,PHE,CA,8,34,8,1,12,47,11,1,14,60,18,1,23,83,24,1,31,103,31,1
4YIJ,812,A,51,PHE,C,9,32,8,1,12,53,13,1,17,71,18,1,25,90,27,1,34,116,35,1
4YIJ,813,A,51,PHE,O,9,33,8,1,12,48,11,1,15,68,17,1,22,86,23,1,31,115,34,1
4YIJ,814,A,51,PHE,HN,9,32,9,0,11,44,14,0,15,63,17,1,22,79,23,1,29,104,33,1
4YIJ,815,A,51,PHE,H,8,27,9,1,11,40,10,1,15,54,15,1,19,76,21,1,27,93,26,1
4YIJ,816,A,51,PHE,C,10,37,8,1,13,51,14,1,18,67,21,1,25,86,25,1,30,108,31,1
4YIJ,817,A,51,PHE,C,10,38,9,1,12,54,12,1,20,62,21,1,26,85,28,1,31,111,33,1
4YIJ,818,A,51,PHE,C,6,30,6,1,11,47,12,1,18,57,17,1,23,75,23,1,28,102,31,1
4YIJ,819,A,51,PHE,C,9,35,9,1,17,56,12,1,23,73,23,1,25,94,32,1,33,129,36,1
4YIJ,820,A,51,PHE,C,5,22,4,1,9,39,10,1,19,58,14,1,24,80,21,1,28,102,31,1
4YIJ,821,A,51,PHE,C,8,30,7,1,17,48,13,1,22,73,18,1,28,99,30,1,34,125,34,2
4YIJ,822,A,51,PHE,C,7,24,4,1,12,44,10,1,19,65,18,1,26,87,23,1,31,108,34,1
4YIJ,823,A,51,PHE,H,10,37,10,0,14,56,18,1,22,74,22,1,26,98,27,1,33,120,37,1
4YIJ,824,A,51,PHE,H,9,30,8,0,13,48,13,1,18,62,21,1,23,81,23,1,27,104,31,1
4YIJ,825,A,51,PHE,H,5,23,6,1,10,37,9,1,15,51,14,1,20,66,20,1,26,90,28,1
4YIJ,826,A,51,PHE,H,10,39,10,1,20,60,14,1,24,79,24,1,27,106,32,1,35,135,40,1
4YIJ,827,A,51,PHE,H,5,17,2,1,7,26,6,1,12,46,13,1,20,68,19,1,26,88,27,1
4YIJ,828,A,51,PHE,H,9,32,9,1,13,48,14,1,22,83,21,1,29,108,30,2,33,129,36,2
4YIJ,829,A,51,PHE,H,6,27,4,1,12,40,9,1,18,61,18,1,25,79,23,1,31,108,29,2
4YIJ,830,A,52,THR,N,9,43,9,1,13,61,14,1,18,83,18,1,30,109,33,1,35,132,40,1
4YIJ,831,A,52,THR,CA,9,45,11,1,15,62,13,1,21,89,20,1,27,120,36,1,37,151,44,1
4YIJ,832,A,52,THR,C,9,45,9,1,14,64,15,1,21,86,20,1,27,110,26,1,32,138,41,1
4YIJ,833,A,52,THR,O,8,41,10,1,13,65,14,1,21,87,19,1,28,110,31,1,33,141,40,1
4YIJ,834,A,52,THR,HN,9,41,10,1,13,62,15,1,19,86,24,1,29,108,31,1,35,135,41,1
4YIJ,835,A,52,THR,H,8,44,10,1,14,63,12,1,23,88,20,1,29,127,35,1,39,152,43,1
4YIJ,836,A,52,THR,C,11,47,11,1,16,72,18,1,19,93,23,1,25,126,38,1,39,152,41,1
4YIJ,837,A,52,THR,OH,12,46,11,1,16,74,16,1,22,99,30,1,29,123,35,1,47,159,44,1
4YIJ,838,A,52,THR,C,13,47,10,0,17,71,16,1,21,98,26,1,26,131,35,1,40,163,43,1
4YIJ,839,A,52,THR,H,13,43,12,0,15,69,20,1,19,86,24,1,25,116,34,1,33,146,39,1
4YIJ,840,A,52,THR,HO,11,42,13,0,16,71,18,1,22,99,26,1,34,129,39,1,45,156,47,1
4YIJ,841,A,52,THR,H,9,43,9,0,17,71,19,1,24,96,25,1,29,127,35,1,40,168,47,1
4YIJ,842,A,52,THR,H,10,49,8,1,17,67,15,1,24,100,29,1,29,137,37,1,39,167,46,2
4YIJ,843,A,52,THR,H,15,48,10,0,16,73,18,1,20,97,27,1,29,125,32,1,37,160,41,1
4YIJ,844,A,53,LYS,N,11,41,13,0,14,58,17,1,19,75,19,1,24,98,24,1,28,124,31,1
4YIJ,845,A,53,LYS,CA,9,33,11,0,13,51,18,0,18,69,20,1,23,90,21,1,25,113,29,1
4YIJ,846,A,53,LYS,C,10,36,11,0,12,46,13,1,15,63,17,1,19,79,22,1,26,99,25,1
4YIJ,847,A,53,LYS,O,10,36,11,0,11,46,12,0,13,59,17,1,18,79,22,1,24,96,27,1
4YIJ,848,A,53,LYS,HN,12,36,11,0,14,58,16,0,19,73,21,1,22,99,25,1,28,122,32,1
4YIJ,849,A,53,LYS,H,10,35,13,0,13,52,17,0,21,71,19,1,24,100,24,1,28,118,32,1
4YIJ,850,A,53,LYS,C,10,27,11,0,14,43,14,0,15,62,20,0,22,80,21,1,25,100,26,1
4YIJ,851,A,53,LYS,C,10,22,8,0,11,40,12,0,15,51,19,0,18,70,21,0,25,85,25,1
4YIJ,852,A,53,LYS,C,5,15,6,0,9,30,9,0,13,43,14,0,15,59,19,0,21,76,23,0
4YIJ,853,A,53,LYS,C,3,10,5,0,6,22,6,0,9,33,9,0,14,47,17,0,16,64,22,0
4YIJ,854,A,53,LYS,N,2,6,3,0,4,17,7,0,9,28,9,0,13,43,14,0,16,54,19,0
4YIJ,855,A,53,LYS,H,8,27,11,0,12,43,13,0,18,55,19,0,19,79,21,1,24,94,25,1
4YIJ,856,A,53,LYS,H,11,28,10,0,13,47,16,0,17,67,18,0,22,82,24,0,24,102,30,1
4YIJ,857,A,53,LYS,H,9,25,8,0,13,43,13,0,15,56,18,0,20,71,23,0,25,91,25,0
4YIJ,858,A,53,LYS,H,9,23,9,0,11,37,11,0,13,48,15,0,18,61,20,0,20,81,24,1
4YIJ,859,A,53,LYS,H,3,15,5,0,10,21,10,0,12,37,14,0,18,59,18,0,20,76,23,0
4YIJ,860,A,53,LYS,H,5,18,6,0,9,30,10,0,14,44,15,0,16,66,19,0,23,84,28,0
4YIJ,861,A,53,LYS,H,2,6,4,0,4,14,6,0,7,27,7,0,12,37,13,0,15,57,22,0
4YIJ,862,A,53,LYS,H,3,12,4,0,5,21,8,0,8,34,10,0,13,49,16,0,18,67,24,0
4YIJ,863,A,53,LYS,HN,2,3,2,0,4,8,4,0,5,23,8,0,12,31,13,0,13,46,14,0
4YIJ,864,A,53,LYS,HN,4,10,3,0,6,20,9,0,11,37,12,0,14,50,15,0,18,58,20,0
4YIJ,865,A,53,LYS,HN,1,9,3,0,4,13,7,0,8,25,10,0,12,41,13,0,16,53,18,0
4YIJ,866,A,54,LYS,N,10,38,10,0,11,45,13,1,13,55,16,1,17,72,20,1,20,89,24,1
4YIJ,867,A,54,LYS,CA,9,33,11,0,11,42,12,1,11,51,14,1,13,61,17,1,18,78,22,1
4YIJ,868,A,54,LYS,C,9,29,10,1,10,44,12,1,11,54,14,1,15,65,17,1,20,86,26,1
4YIJ,869,A,54,LYS,O,8,27,10,1,10,34,12,1,11,53,15,1,16,63,17,1,18,84,22,1
4YIJ,870,A,54,LYS,HN,10,36,11,0,11,47,13,1,15,56,17,1,18,74,20,1,21,94,25,1
4YIJ,871,A,54,LYS,H,10,28,10,0,11,38,12,0,11,46,13,1,13,56,16,1,15,67,19,1
4YIJ,872,A,54,LYS,C,9,26,8,0,10,39,10,1,11,45,14,1,14,60,17,1,17,76,21,1
4YIJ,873,A,54,LYS,C,7,19,6,0,8,33,7,1,11,39,12,1,12,49,15,1,15,63,19,1
4YIJ,874,A,54,LYS,C,3,13,4,0,6,23,5,0,11,29,11,1,12,45,14,1,15,56,17,1
4YIJ,875,A,54,LYS,C,3,13,3,0,6,23,6,1,9,27,9,1,12,48,12,1,16,65,18,1
4YIJ,876,A,54,LYS,N,4,8,3,0,5,17,5,0,7,28,7,1,10,39,12,1,15,51,15,1
4YIJ,877,A,54,LYS,H,9,26,8,1,10,39,10,1,14,53,14,1,14,66,17,1,19,86,23,1
4YIJ,878,A,54,LYS,H,9,22,7,0,10,36,11,0,11,46,13,1,14,55,17,1,17,70,20,1
4YIJ,879,A,54,LYS,H,7,16,6,0,10,29,9,0,11,36,12,1,11,43,14,1,13,53,18,1
4YIJ,880,A,54,LYS,H,8,19,6,0,9,30,9,1,11,41,11,1,13,49,16,1,15,68,19,1
4YIJ,881,A,54,LYS,H,3,12,4,0,6,20,6,0,10,30,12,0,13,47,13,1,15,57,18,1
4YIJ,882,A,54,LYS,H,2,6,3,0,4,15,4,0,7,26,7,0,12,35,13,1,13,46,16,1
4YIJ,883,A,54,LYS,H,3,11,3,0,5,18,5,1,9,25,9,1,12,41,12,1,14,66,17,1
4YIJ,884,A,54,LYS,H,6,20,3,1,8,25,9,1,10,37,11,1,14,59,15,1,17,79,19,1
4YIJ,885,A,54,LYS,HN,2,7,3,0,4,12,4,0,5,22,6,1,8,33,10,1,12,47,13,1
4YIJ,886,A,54,LYS,HN,3,13,5,0,5,20,5,0,8,34,9,1,12,43,14,1,17,56,16,1
4YIJ,887,A,54,LYS,HN,2,7,2,0,4,14,5,0,7,22,6,0,8,35,11,1,14,45,14,1
4YIJ,888,A,55,MET,N,10,40,7,0,11,51,12,0,13,62,16,0,20,83,24,0,29,109,31,0
4YIJ,889,A,55,MET,CA,8,40,8,0,11,50,11,0,15,67,20,0,23,94,26,0,29,116,29,0
4YIJ,890,A,55,MET,C,9,34,10,0,11,54,17,0,18,76,21,0,24,96,25,0,31,122,34,0
4YIJ,891,A,55,MET,O,10,32,13,0,13,50,15,0,18,77,19,0,23,96,24,0,27,118,30,0
4YIJ,892,A,55,MET,HN,9,41,9,0,11,49,12,0,14,64,18,0,21,89,23,0,28,116,31,0
4YIJ,893,A,55,MET,H,8,36,10,0,13,52,13,0,15,63,16,0,20,80,25,0,27,106,28,0
4YIJ,894,A,55,MET,C,11,36,9,0,12,55,12,0,20,79,21,0,24,106,28,0,35,129,35,0
4YIJ,895,A,55,MET,C,8,39,9,0,18,59,12,0,22,79,20,0,26,103,28,0,30,129,35,1
4YIJ,896,A,55,MET,S,8,34,9,0,15,55,10,0,22,80,21,0,27,102,28,1,31,133,34,1
4YIJ,897,A,55,MET,C,10,27,6,0,14,52,13,0,17,77,18,1,25,100,25,1,32,121,33,1
4YIJ,898,A,55,MET,H,8,34,7,0,13,57,14,0,19,88,20,0,28,114,30,0,38,137,37,0
4YIJ,899,A,55,MET,H,8,35,6,0,14,50,14,0,19,72,19,0,24,96,23,0,32,124,34,0
4YIJ,900,A,55,MET,H,12,39,7,0,14,59,16,0,23,70,21,0,26,93,24,0,28,123,32,0
4YIJ,901,A,55,MET,H,12,40,11,0,15,62,13,0,23,85,22,0,28,111,28,0,31,136,35,1
4YIJ,902,A,55,MET,H,9,33,9,0,14,50,14,1,18,74,17,1,23,97,23,1,30,123,30,1
4YIJ,903,A,55,MET,H,8,29,7,0,12,43,14,0,16,66,17,0,24,93,24,1,31,110,32,1
4YIJ,904,A,55,MET,H,10,32,7,0,14,58,13,1,17,79,21,1,26,105,25,1,33,125,33,1
4YIJ,905,A,56,VAL,N,9,41,7,1,10,55,14,1,16,75,21,1,26,105,28,1,38,125,40,1
4YIJ,906,A,56,VAL,CA,7,41,9,1,14,56,14,1,19,80,23,1,25,109,35,1,33,139,39,1
4YIJ,907,A,56,VAL,C,7,33,10,0,13,49,15,1,18,70,22,1,23,93,29,1,28,124,34,1
4YIJ,908,A,56,VAL,O,8,33,9,0,15,47,17,0,17,70,24,1,21,90,26,1,31,115,32,1
4YIJ,909,A,56,VAL,HN,7,41,10,1,11,59,12,1,16,76,25,1,27,104,30,1,38,137,36,1
4YIJ,910,A,56,VAL,H,10,41,10,1,16,62,16,1,18,79,22,1,27,110,31,1,35,141,41,1
4YIJ,911,A,56,VAL,C,8,42,7,0,14,61,13,1,22,82,29,1,31,116,35,1,40,152,42,1
4YIJ,912,A,56,VAL,C,7,42,7,1,15,64,16,1,23,88,28,1,33,132,39,1,47,172,42,1
4YIJ,913,A,56,VAL,C,9,40,10,0,14,58,15,0,19,84,24,1,30,114,30,1,38,145,39,1
4YIJ,914,A,56,VAL,H,10,43,8,0,15,67,15,0,23,86,26,1,30,111,34,1,38,150,44,1
4YIJ,915,A,56,VAL,H,8,46,7,0,15,63,13,1,25,91,27,1,34,137,37,1,46,181,47,1
4YIJ,916,A,56,VAL,H,7,41,7,1,13,66,17,1,23,95,26,1,34,127,34,1,43,168,46,1
4YIJ,917,A,56,VAL,H,7,42,9,1,15,62,12,1,22,90,27,1,35,135,39,1,46,174,46,2
4YIJ,918,A,56,VAL,H,11,41,9,0,15,65,17,0,20,89,24,1,30,123,30,1,40,150,40,1
4YIJ,919,A,56,VAL,H,9,38,9,0,14,58,17,0,16,76,22,1,26,104,28,1,35,134,35,1
4YIJ,920,A,56,VAL,H,8,37,11,0,14,56,17,1,22,87,22,1,29,118,30,1,35,132,38,1
4YIJ,921,A,57,GLU,N,7,32,9,0,12,45,10,0,17,62,17,1,20,81,23,1,29,108,29,1
4YIJ,922,A,57,GLU,CA,8,28,8,0,11,38,9,0,14,50,14,0,18,72,22,1,23,91,24,1
4YIJ,923,A,57,GLU,C,7,20,7,0,8,32,9,0,12,47,14,0,19,62,17,1,19,80,24,1
4YIJ,924,A,57,GLU,O,5,20,7,0,8,29,9,0,12,42,13,0,16,58,15,0,18,71,21,1
4YIJ,925,A,57,GLU,HN,9,36,10,0,10,46,11,1,14,61,14,1,22,84,24,1,28,107,29,1
4YIJ,926,A,57,GLU,H,6,28,9,0,13,39,10,0,15,54,16,0,16,73,21,0,24,95,25,1
4YIJ,927,A,57,GLU,C,8,27,8,0,9,35,10,0,13,47,15,0,17,59,15,0,21,78,21,1
4YIJ,928,A,57,GLU,C,8,26,5,0,10,37,12,0,15,50,16,0,19,63,16,0,21,85,20,0
4YIJ,929,A,57,GLU,C,6,19,6,0,9,31,9,0,13,43,13,0,17,58,17,0,19,72,19,0
4YIJ,930,A,57,GLU,O,5,15,3,0,9,27,7,0,11,41,12,0,15,53,15,0,18,62,17,0
4YIJ,931,A,57,GLU,O,7,21,3,0,9,27,8,0,11,39,11,0,18,57,15,0,19,77,19,0
4YIJ,932,A,57,GLU,H,7,21,7,0,9,29,8,0,10,38,12,0,15,52,15,0,18,70,18,0
4YIJ,933,A,57,GLU,H,8,24,8,0,9,36,10,0,11,47,12,0,19,56,15,1,20,77,18,1
4YIJ,934,A,57,GLU,H,8,28,8,0,12,43,13,0,15,58,16,0,20,75,20,0,25,98,22,1
4YIJ,935,A,57,GLU,H,6,24,7,0,12,37,11,0,14,48,14,0,17,63,17,0,22,85,19,0
4YIJ,936,A,58,ASN,N,6,21,9,0,7,35,11,0,9,48,15,1,17,62,17,1,20,83,20,1
4YIJ,937,A,58,ASN,CA,6,17,8,0,6,31,10,0,9,43,15,0,15,52,16,1,17,68,18,1
4YIJ,938,A,58,ASN,C,6,19,8,0,8,36,11,0,11,42,13,0,14,55,17,1,17,66,20,1
4YIJ,939,A,58,ASN,O,5,18,7,0,8,26,10,0,9,36,11,0,12,48,14,0,14,60,17,1
4YIJ,940,A,58,ASN,HN,6,27,10,0,8,34,12,0,9,46,14,1,17,63,17,1,20,87,20,1
4YIJ,941,A,58,ASN,H,5,16,8,0,6,24,8,0,8,33,12,0,11,47,15,0,16,59,16,1
4YIJ,942,A,58,ASN,C,6,19,7,0,6,27,11,0,11,38,13,1,15,51,16,1,17,72,19,1
4YIJ,943,A,58,ASN,C,5,18,6,0,7,21,9,0,9,30,12,0,12,49,14,1,15,63,15,1
4YIJ,944,A,58,ASN,O,5,16,6,0,6,22,8,0,9,29,12,0,10,40,12,1,14,60,14,1
4YIJ,945,A,58,ASN,N,6,14,4,0,6,20,7,0,9,26,11,1,12,47,13,1,13,59,14,1
4YIJ,946,A,58,ASN,H,5,15,6,0,6,26,8,0,10,37,12,1,13,48,15,1,16,62,18,1
4YIJ,947,A,58,ASN,H,6,20,7,0,6,33,12,1,12,46,14,1,15,64,18,1,19,81,19,1
4YIJ,948,A,58,ASN,HN,6,13,4,0,7,19,7,1,8,32,11,1,11,51,13,1,16,60,14,1
4YIJ,949,A,58,ASN,HN,4,10,3,0,6,15,7,0,6,25,9,0,12,38,12,1,12,53,13,1
4YIJ,950,A,59,ALA,N,8,30,12,0,11,41,13,0,12,51,16,1,18,64,21,1,21,85,23,1
4YIJ,951,A,59,ALA,CA,9,30,11,0,11,41,14,0,14,55,17,1,18,69,19,1,23,88,26,1
4YIJ,952,A,59,ALA,C,8,27,9,0,10,35,11,0,14,48,16,0,15,59,18,0,21,78,23,1
4YIJ,953,A,59,ALA,O,7,22,8,0,9,35,10,0,12,47,15,0,15,58,19,0,19,69,22,0
4YIJ,954,A,59,ALA,HN,8,33,12,0,11,44,15,1,13,54,17,1,19,76,23,1,25,101,25,1
4YIJ,955,A,59,ALA,H,9,28,12,0,12,40,13,0,14,54,15,1,19,63,18,1,22,82,23,1
4YIJ,956,A,59,ALA,C,8,36,11,0,12,46,16,0,15,65,18,1,21,88,25,1,26,104,29,1
4YIJ,957,A,59,ALA,H,10,35,12,0,13,44,15,0,16,68,20,1,23,86,24,1,25,103,27,1
4YIJ,958,A,59,ALA,H,9,36,11,0,11,48,16,0,15,65,20,1,22,88,26,1,28,115,28,1
4YIJ,959,A,59,ALA,H,9,38,11,0,14,52,16,1,18,72,20,1,21,91,25,1,29,117,30,1
4YIJ,960,A,60,LYS,N,5,21,9,0,7,29,10,0,11,36,15,0,15,51,17,0,19,68,20,1
4YIJ,961,A,60,LYS,CA,4,13,7,0,5,25,9,0,9,29,13,0,13,40,16,0,17,61,18,0
4YIJ,962,A,60,LYS,C,4,19,6,0,6,23,11,0,11,36,14,0,14,48,15,0,16,64,21,0
4YIJ,963,A,60,LYS,O,3,13,6,0,4,19,9,0,9,33,11,0,13,45,16,0,15,59,19,0
4YIJ,964,A,60,LYS,HN,5,21,10,0,8,29,11,0,13,39,14,0,15,54,17,0,17,66,20,1
4YIJ,965,A,60,LYS,H,3,12,7,0,5,20,7,0,6,30,11,0,13,42,15,0,15,52,18,0
4YIJ,966,A,60,LYS,C,4,11,5,0,4,16,6,0,7,24,10,0,10,29,13,0,15,41,17,0
4YIJ,967,A,60,LYS,C,2,8,4,0,3,13,6,0,5,18,9,0,8,26,11,0,12,34,14,0
4YIJ,968,A,60,LYS,C,2,5,4,0,2,10,5,0,4,14,6,0,6,21,9,0,8,30,12,0
4YIJ,969,A,60,LYS,C,1,1,4,0,2,6,4,0,2,10,5,0,5,15,6,0,5,21,8,0
4YIJ,970,A,60,LYS,N,0,1,2,0,1,3,3,0,2,7,5,0,3,12,5,0,4,17,8,0
4YIJ,971,A,60,LYS,H,2,10,5,0,4,13,5,0,5,18,7,0,7,25,12,0,10,37,15,0
4YIJ,972,A,60,LYS,H,4,15,5,0,6,17,7,0,8,25,10,0,10,32,15,0,14,46,18,0
4YIJ,973,A,60,LYS,H,2,7,4,0,3,10,5,0,4,17,7,0,7,21,10,0,10,30,11,0
4YIJ,974,A,60,LYS,H,2,11,4,0,4,15,6,0,6,23,11,0,11,30,12,0,14,41,14,0
4YIJ,975,A,60,LYS,H,2,5,4,0,3,9,5,0,3,13,6,0,6,16,9,0,7,27,12,0
4YIJ,976,A,60,LYS,H,2,7,5,0,3,12,5,0,5,16,8,0,7,24,9,0,9,34,13,0
4YIJ,977,A,60,LYS,H,1,2,4,0,1,6,4,0,2,10,5,0,4,15,6,0,6,21,8,0
4YIJ,978,A,60,LYS,H,0,1,3,0,1,3,4,0,2,8,4,0,2,13,6,0,5,18,6,0
4YIJ,979,A,60,LYS,HN,0,0,0,0,1,1,2,0,1,3,4,0,2,8,5,0,3,13,6,0
4YIJ,980,A,60,LYS,HN,0,1,2,0,1,2,2,0,2,5,5,0,3,10,5,0,3,14,8,0
4YIJ,981,A,60,LYS,HN,1,1,2,0,2,3,3,0,2,8,5,0,4,13,7,0,5,20,8,0
4YIJ,982,A,61,LYS,N,5,22,10,0,8,29,14,0,13,42,15,0,16,56,18,0,18,79,24,0
4YIJ,983,A,61,LYS,CA,7,25,8,0,9,35,13,0,14,45,17,0,18,61,20,0,20,87,24,0
4YIJ,984,A,61,LYS,C,8,28,12,0,12,41,15,0,16,59,20,0,18,86,22,0,26,106,27,1
4YIJ,985,A,61,LYS,O,8,28,14,0,11,41,16,0,17,65,20,0,21,96,23,1,26,112,28,1
4YIJ,986,A,61,LYS,HN,7,23,10,0,9,32,14,0,12,41,16,0,16,64,19,0,22,79,23,1
4YIJ,987,A,61,LYS,H,5,24,7,0,10,37,10,0,13,45,18,0,16,59,21,0,20,78,22,0
4YIJ,988,A,61,LYS,C,5,22,10,0,8,32,11,0,14,39,15,0,16,53,19,0,20,77,24,0
4YIJ,989,A,61,LYS,C,6,20,7,0,9,37,13,0,13,46,14,0,16,57,19,0,19,76,23,0
4YIJ,990,A,61,LYS,C,4,14,6,0,8,27,10,0,12,45,13,0,15,52,18,0,17,66,18,0
4YIJ,991,A,61,LYS,C,4,18,7,0,8,30,11,0,12,43,14,0,15,58,17,0,17,68,20,0
4YIJ,992,A,61,LYS,N,5,15,5,0,7,25,8,0,12,35,13,0,15,51,16,0,16,62,19,0
4YIJ,993,A,61,LYS,H,6,25,10,0,8,31,11,0,10,38,17,0,15,57,18,0,21,81,21,0
4YIJ,994,A,61,LYS,H,5,18,7,0,5,25,11,0,9,34,12,0,13,43,15,0,17,60,20,0
4YIJ,995,A,61,LYS,H,6,18,7,0,9,31,11,0,11,42,14,0,15,56,17,0,18,68,23,0
4YIJ,996,A,61,LYS,H,9,27,9,0,10,41,14,0,14,53,17,0,18,67,21,0,21,92,25,0
4YIJ,997,A,61,LYS,H,4,10,5,0,5,17,7,0,8,33,11,0,12,48,16,0,17,54,18,0
4YIJ,998,A,61,LYS,H,5,12,5,0,9,30,11,0,12,41,14,0,15,52,16,0,16,66,19,0
4YIJ,999,A,61,LYS,H,7,22,11,0,10,36,12,0,14,51,14,0,16,63,19,0,20,82,23,0
4YIJ,1000,A,61,LYS,H,4,16,8,0,8,22,10,0,8,38,13,0,13,49,15,0,17,63,20,0
4YIJ,1001,A,61,LYS,HN,5,17,5,0,7,26,8,0,9,33,13,0,14,48,15,0,16,65,18,0
4YIJ,1002,A,61,LYS,HN,3,7,3,0,5,16,5,0,8,30,11,0,13,40,13,0,15,56,16,0
4YIJ,1003,A,61,LYS,HN,5,13,4,0,10,29,10,0,13,39,13,0,16,54,17,0,17,72,21,0
4YIJ,1004,A,62,ILE,N,10,34,10,0,14,47,16,0,16,68,22,0,22,88,25,0,29,114,28,0
4YIJ,1005,A,62,ILE,CA,10,37,10,0,14,58,17,0,20,79,22,0,27,103,27,0,30,134,31,1
4YIJ,1006,A,62,ILE,C,10,38,10,0,14,56,15,0,16,78,21,0,25,104,24,0,31,136,33,0
4YIJ,1007,A,62,ILE,O,10,33,10,0,12,51,13,0,16,73,19,0,22,97,24,0,28,123,30,0
4YIJ,1008,A,62,ILE,HN,8,31,9,0,13,44,14,0,14,61,18,0,20,84,24,0,26,106,27,0
4YIJ,1009,A,62,ILE,H,9,41,12,0,16,60,18,0,21,84,22,0,24,110,27,1,31,139,33,1
4YIJ,1010,A,62,ILE,C,9,41,8,0,15,63,17,0,20,81,24,0,28,112,29,0,33,150,36,1
4YIJ,1011,A,62,ILE,C,12,39,10,0,15,58,15,0,18,79,24,0,26,106,31,0,34,142,35,1
4YIJ,1012,A,62,ILE,C,7,41,8,0,15,62,14,0,23,89,24,0,28,130,30,0,37,164,41,1
4YIJ,1013,A,62,ILE,C,10,40,11,0,15,61,18,0,19,84,22,1,29,115,29,1,35,142,41,1
4YIJ,1014,A,62,ILE,H,7,35,10,0,13,58,13,0,18,80,21,0,27,104,26,0,30,133,35,1
4YIJ,1015,A,62,ILE,H,10,36,9,0,17,54,14,0,20,81,26,0,26,111,30,0,31,139,36,1
4YIJ,1016,A,62,ILE,H,11,36,10,0,14,52,15,0,17,70,20,0,22,91,28,0,30,127,36,1
4YIJ,1017,A,62,ILE,H,10,45,8,0,15,65,15,0,22,93,24,0,30,131,31,0,43,171,40,1
4YIJ,1018,A,62,ILE,H,9,42,9,0,13,60,16,0,21,97,24,0,32,139,32,1,41,169,41,2
4YIJ,1019,A,62,ILE,H,9,38,10,0,15,70,13,0,18,99,22,0,29,127,29,0,38,162,39,0
4YIJ,1020,A,62,ILE,H,10,36,11,0,14,58,18,0,20,82,21,1,28,108,29,1,33,133,37,1
4YIJ,1021,A,62,ILE,H,10,41,12,0,15,62,18,0,21,90,21,1,24,107,29,1,35,135,37,1
4YIJ,1022,A,62,ILE,H,9,43,10,0,17,61,15,0,23,94,25,1,31,120,32,1,37,154,45,1
4YIJ,1023,A,63,GLU,N,12,43,9,0,15,62,12,0,21,81,19,0,25,115,26,0,30,140,31,0
4YIJ,1024,A,63,GLU,CA,10,51,10,0,16,64,11,0,19,81,18,0,23,109,25,0,29,137,31,1
4YIJ,1025,A,63,GLU,C,10,46,11,0,15,69,13,0,19,93,19,0,25,124,25,1,33,152,33,1
4YIJ,1026,A,63,GLU,O,10,48,8,0,17,69,16,0,22,98,19,1,28,131,26,1,35,162,34,2
4YIJ,1027,A,63,GLU,HN,12,47,10,0,17,67,12,0,22,88,21,0,26,117,28,0,30,143,31,2
4YIJ,1028,A,63,GLU,H,9,44,9,0,13,55,10,0,17,76,16,0,24,104,23,0,30,135,30,0
4YIJ,1029,A,63,GLU,C,13,43,7,0,15,61,13,0,18,73,19,0,23,89,21,0,26,119,31,1
4YIJ,1030,A,63,GLU,C,13,34,7,0,14,51,11,0,16,63,17,0,21,80,21,0,25,98,26,0
4YIJ,1031,A,63,GLU,C,10,27,6,0,15,43,9,0,15,60,15,0,19,71,20,0,24,92,23,0
4YIJ,1032,A,63,GLU,O,10,29,6,0,13,41,11,0,16,57,15,0,18,74,20,0,23,90,23,0
4YIJ,1033,A,63,GLU,O,7,20,4,0,9,35,6,0,15,48,11,0,17,61,17,0,21,77,22,0
4YIJ,1034,A,63,GLU,H,12,42,8,0,15,58,15,0,20,78,17,0,24,93,24,0,26,125,28,1
4YIJ,1035,A,63,GLU,H,13,43,9,0,17,62,14,0,18,78,19,0,22,93,23,1,27,118,30,1
4YIJ,1036,A,63,GLU,H,11,35,8,0,14,47,10,0,16,62,16,0,19,78,18,0,24,98,26,0
4YIJ,1037,A,63,GLU,H,9,31,7,0,13,44,9,0,16,61,12,0,20,76,22,0,25,97,26,0
4YIJ,1038,A,64,VAL,N,10,47,12,0,12,75,16,0,17,95,21,0,26,116,25,0,38,154,34,1
4YIJ,1039,A,64,VAL,CA,10,58,10,0,11,81,18,0,18,93,23,0,28,128,27,0,42,171,37,2
4YIJ,1040,A,64,VAL,C,10,54,13,0,14,75,19,0,18,99,22,0,25,121,25,1,36,155,32,1
4YIJ,1041,A,64,VAL,O,10,46,13,0,14,72,16,0,19,91,20,0,25,112,23,0,32,139,29,1
4YIJ,1042,A,64,VAL,HN,9,46,13,0,13,67,15,0,18,97,18,0,26,111,24,0,33,139,32,0
4YIJ,1043,A,64,VAL,H,10,53,9,0,12,79,17,0,18,101,24,0,30,140,29,1,45,176,42,2
4YIJ,1044,A,64,VAL,C,9,55,9,0,11,75,15,0,20,97,23,1,30,121,32,1,39,165,36,1
4YIJ,1045,A,64,VAL,C,7,47,10,0,14,70,15,0,23,103,23,1,31,131,31,1,38,164,36,1
4YIJ,1046,A,64,VAL,C,8,51,8,0,15,71,14,0,20,101,22,1,32,129,34,1,40,169,35,1
4YIJ,1047,A,64,VAL,H,7,49,10,0,15,73,13,0,20,95,20,0,26,117,28,1,35,146,35,1
4YIJ,1048,A,64,VAL,H,5,43,8,0,15,66,15,1,22,95,22,1,33,119,31,1,39,158,40,1
4YIJ,1049,A,64,VAL,H,7,50,7,0,13,66,14,0,24,105,24,1,33,141,32,1,43,176,42,2
4YIJ,1050,A,64,VAL,H,9,44,10,0,17,70,14,0,21,102,18,1,27,126,26,1,38,155,40,1
4YIJ,1051,A,64,VAL,H,9,47,9,0,16,71,15,1,23,98,24,1,31,125,29,1,39,163,38,2
4YIJ,1052,A,64,VAL,H,9,48,9,0,16,74,13,0,20,97,23,0,26,132,30,1,40,164,37,1
4YIJ,1053,A,64,VAL,H,8,51,7,0,15,74,17,0,24,105,26,1,31,138,33,1,38,180,40,1
4YIJ,1054,A,65,GLU,N,11,51,9,0,14,75,14,0,21,102,20,1,28,126,25,1,36,160,31,1
4YIJ,1055,A,65,GLU,CA,12,50,9,0,16,76,14,0,22,93,20,1,26,119,24,1,34,149,32,1
4YIJ,1056,A,65,GLU,C,10,49,8,0,17,78,14,0,23,98,19,1,29,126,27,1,41,158,34,1
4YIJ,1057,A,65,GLU,O,7,47,9,0,17,68,12,1,23,107,22,1,33,139,28,1,41,169,34,1
4YIJ,1058,A,65,GLU,HN,10,50,10,0,13,76,12,1,21,109,21,1,30,139,27,1,39,164,36,1
4YIJ,1059,A,65,GLU,H,9,49,9,0,20,64,13,0,21,88,19,0,26,110,23,1,30,140,26,1
4YIJ,1060,A,65,GLU,C,11,49,8,0,16,73,12,1,20,90,19,1,28,109,24,1,36,146,31,1
4YIJ,1061,A,65,GLU,C,12,42,6,0,15,66,12,0,20,84,18,1,27,101,23,1,34,129,29,1
4YIJ,1062,A,65,GLU,C,9,37,5,0,14,61,9,1,19,79,16,1,26,103,23,1,37,126,31,1
4YIJ,1063,A,65,GLU,O,11,44,5,1,14,60,12,1,19,80,16,1,28,113,25,1,37,148,33,1
4YIJ,1064,A,65,GLU,O,7,38,6,0,11,52,9,1,19,69,12,1,22,86,20,1,29,120,27,1
4YIJ,1065,A,65,GLU,H,12,52,8,1,15,70,13,1,21,92,17,1,30,121,26,1,39,161,35,1
4YIJ,1066,A,65,GLU,H,10,47,10,0,14,68,13,1,21,79,18,1,28,112,25,1,37,143,28,1
4YIJ,1067,A,65,GLU,H,11,38,6,0,14,62,10,0,18,81,16,1,25,98,22,1,30,120,26,1
4YIJ,1068,A,65,GLU,H,8,47,8,0,17,59,13,0,22,88,15,1,28,110,23,1,35,134,32,1
4YIJ,1069,A,66,PHE,N,14,44,10,0,16,64,17,0,20,87,21,0,29,116,28,0,38,145,34,1
4YIJ,1070,A,66,PHE,CA,9,37,13,0,18,63,17,0,24,87,24,0,29,114,28,0,38,143,32,2
4YIJ,1071,A,66,PHE,C,10,38,13,0,18,65,19,0,25,80,21,0,31,105,28,0,35,135,34,1
4YIJ,1072,A,66,PHE,O,13,38,10,0,15,57,17,0,25,80,21,0,29,102,27,0,36,133,31,1
4YIJ,1073,A,66,PHE,HN,13,46,12,0,15,57,16,0,19,79,19,0,24,106,26,0,33,138,32,1
4YIJ,1074,A,66,PHE,H,10,44,13,0,16,60,18,0,25,93,23,0,33,120,30,0,37,154,34,2
4YIJ,1075,A,66,PHE,C,12,33,9,0,16,57,17,0,20,80,20,0,27,103,27,0,32,123,29,1
4YIJ,1076,A,66,PHE,C,9,34,9,0,13,51,14,0,21,79,19,1,25,105,26,1,34,131,31,1
4YIJ,1077,A,66,PHE,C,10,33,8,0,15,52,15,1,19,77,19,1,28,109,26,1,34,133,37,1
4YIJ,1078,A,66,PHE,C,9,31,8,0,15,50,11,1,19,71,15,1,26,104,25,1,34,128,30,1
4YIJ,1079,A,66,PHE,C,10,35,7,1,12,53,15,1,20,72,19,1,29,103,24,1,37,134,36,1
4YIJ,1080,A,66,PHE,C,7,35,6,1,16,46,10,1,18,72,17,1,26,96,24,1,36,132,33,1
4YIJ,1081,A,66,PHE,C,10,37,6,1,12,51,11,1,17,70,21,1,28,99,24,1,39,137,34,1
4YIJ,1082,A,66,PHE,H,11,27,11,0,17,51,14,0,19,78,20,0,24,99,26,0,33,116,30,1
4YIJ,1083,A,66,PHE,H,9,30,7,0,15,53,14,0,21,71,22,0,23,95,25,0,30,121,28,1
4YIJ,1084,A,66,PHE,H,13,35,9,0,15,56,16,0,18,79,21,1,30,105,26,1,35,135,36,1
4YIJ,1085,A,66,PHE,H,8,33,7,0,15,47,11,0,19,71,15,1,24,94,24,1,30,121,28,1
4YIJ,1086,A,66,PHE,H,8,37,6,1,17,54,13,1,20,75,19,1,27,105,26,1,39,135,34,1
4YIJ,1087,A,66,PHE,H,5,33,5,1,14,46,10,1,20,66,14,1,24,91,24,1,34,122,31,1
4YIJ,1088,A,66,PHE,H,7,36,6,1,11,56,12,1,21,68,19,1,26,96,28,1,41,132,33,1
4YIJ,1089,A,67,ASP,N,11,55,10,0,19,68,16,0,26,86,18,0,33,109,27,0,37,138,35,1
4YIJ,1090,A,67,ASP,CA,11,46,10,0,21,64,12,0,24,82,22,0,29,100,25,0,38,127,29,1
4YIJ,1091,A,67,ASP,C,9,36,8,0,17,48,9,0,21,69,18,0,27,91,25,0,32,118,27,0
4YIJ,1092,A,67,ASP,O,10,31,8,0,13,50,10,0,23,66,14,0,25,83,24,0,31,110,29,0
4YIJ,1093,A,67,ASP,HN,13,54,10,0,17,66,15,0,24,83,19,0,32,112,26,0,38,142,36,1
4YIJ,1094,A,67,ASP,H,12,40,10,0,19,63,14,0,25,81,21,0,29,100,25,0,36,121,27,1
4YIJ,1095,A,67,ASP,C,12,43,10,0,17,68,16,0,25,85,21,0,32,102,28,0,37,133,33,1
4YIJ,1096,A,67,ASP,C,11,43,11,0,17,58,16,0,24,77,19,0,29,95,26,0,34,123,30,1
4YIJ,1097,A,67,ASP,O,9,33,8,0,14,52,15,0,20,69,19,0,26,92,23,0,35,119,26,1
4YIJ,1098,A,67,ASP,O,11,45,9,0,16,63,15,0,22,74,21,0,28,102,25,1,36,129,35,1
4YIJ,1099,A,67,ASP,H,11,42,11,0,14,66,14,0,25,86,18,0,32,101,25,0,36,123,35,1
4YIJ,1100,A,67,ASP,H,11,54,10,0,19,71,18,0,27,90,22,0,32,108,29,1,38,142,35,1
4YIJ,1101,A,68,LYS,N,11,24,8,0,13,40,13,0,16,60,20,0,27,87,23,0,33,103,28,0
4YIJ,1102,A,68,LYS,CA,7,19,7,0,12,31,9,0,15,45,16,0,20,70,19,0,28,94,25,0
4YIJ,1103,A,68,LYS,C,9,18,9,0,11,29,9,0,14,38,14,0,17,57,18,0,24,82,21,0
4YIJ,1104,A,68,LYS,O,7,14,6,0,10,25,9,0,12,32,10,0,16,44,15,0,20,72,19,0
4YIJ,1105,A,68,LYS,HN,8,28,9,0,13,41,15,0,17,63,20,0,24,87,22,0,32,105,25,0
4YIJ,1106,A,68,LYS,H,6,18,7,0,12,29,10,0,16,45,13,0,20,69,20,0,28,85,24,0
4YIJ,1107,A,68,LYS,C,4,15,7,0,9,22,10,0,12,41,14,0,22,61,17,0,25,78,22,0
4YIJ,1108,A,68,LYS,C,4,18,8,0,10,26,9,0,15,40,12,0,19,58,21,0,25,80,22,0
4YIJ,1109,A,68,LYS,C,5,18,6,0,9,25,9,0,11,37,13,0,17,52,17,0,23,69,20,0
4YIJ,1110,A,68,LYS,C,3,18,4,0,6,24,8,0,11,30,11,0,15,48,16,0,20,63,20,0
4YIJ,1111,A,68,LYS,N,3,17,3,0,4,24,6,0,11,27,11,0,15,39,13,0,17,58,17,0
4YIJ,1112,A,68,LYS,H,3,9,5,0,6,16,9,0,11,36,11,0,19,55,14,0,24,63,19,0
4YIJ,1113,A,68,LYS,H,7,18,8,0,8,26,12,0,13,43,15,0,19,60,17,0,28,81,21,0
4YIJ,1114,A,68,LYS,H,5,18,8,0,12,31,9,0,18,50,17,0,23,69,22,0,28,86,22,0
4YIJ,1115,A,68,LYS,H,3,18,6,0,9,25,9,0,15,33,10,0,18,51,14,0,22,68,21,0
4YIJ,1116,A,68,LYS,H,3,12,4,0,7,23,7,0,9,32,11,0,15,43,15,0,20,53,17,0
4YIJ,1117,A,68,LYS,H,6,16,6,0,10,28,12,0,11,40,15,0,18,56,18,0,23,72,22,0
4YIJ,1118,A,68,LYS,H,3,21,8,0,7,27,10,0,15,40,14,0,18,58,17,0,24,71,19,0
4YIJ,1119,A,68,LYS,H,3,17,3,0,6,24,8,0,9,28,8,0,13,40,13,0,19,57,17,0
4YIJ,1120,A,68,LYS,HN,3,14,3,0,3,20,3,0,6,27,7,0,13,31,12,0,17,49,14,0
4YIJ,1121,A,68,LYS,HN,3,10,4,0,5,21,7,0,9,27,9,0,14,40,13,0,17,53,17,0
4YIJ,1122,A,68,LYS,HN,4,17,4,0,5,26,6,0,13,30,12,0,15,47,14,0,19,58,17,0
4YIJ,1123,A,69,GLY,N,10,24,9,0,12,36,13,0,16,55,15,0,21,71,18,0,25,90,21,0
4YIJ,1124,A,69,GLY,CA,8,23,10,0,12,35,13,0,14,49,16,0,21,68,16,0,23,87,19,0
4YIJ,1125,A,69,GLY,C,9,23,7,0,11,39,13,0,17,49,15,0,21,67,17,0,23,85,21,0
4YIJ,1126,A,69,GLY,O,10,25,8,0,11,37,12,0,16,49,15,0,18,63,17,0,23,78,20,0
4YIJ,1127,A,69,GLY,HN,8,25,12,0,13,47,13,0,17,63,17,0,23,80,18,0,29,102,25,0
4YIJ,1128,A,69,GLY,H,7,21,8,0,11,27,10,0,13,41,15,0,16,57,16,0,24,72,16,0
4YIJ,1129,A,69,GLY,H,10,25,11,0,10,37,12,0,14,53,16,0,20,72,18,0,27,93,20,0
4YIJ,1130,A,70,GLN,N,6,22,8,0,12,34,12,0,16,52,14,0,20,63,18,0,22,88,23,0
4YIJ,1131,A,70,GLN,CA,6,18,8,0,11,34,10,0,14,51,13,0,19,65,19,0,24,82,25,0
4YIJ,1132,A,70,GLN,C,9,27,8,0,12,44,10,0,17,55,17,0,21,73,23,0,29,92,24,1
4YIJ,1133,A,70,GLN,O,11,35,9,0,13,49,12,0,20,60,22,0,26,83,25,0,33,112,28,1
4YIJ,1134,A,70,GLN,HN,7,24,8,0,11,39,13,0,16,53,15,0,19,70,18,0,26,96,25,0
4YIJ,1135,A,70,GLN,H,6,15,6,0,10,27,9,0,12,39,11,0,17,60,18,0,23,74,22,0
4YIJ,1136,A,70,GLN,C,6,19,5,0,9,28,11,0,13,51,15,0,21,68,18,0,23,87,26,0
4YIJ,1137,A,70,GLN,C,6,12,3,0,8,24,7,0,11,39,11,0,15,56,17,0,21,73,23,0
4YIJ,1138,A,70,GLN,C,4,9,3,0,7,16,5,0,8,28,9,0,13,48,15,0,21,68,21,0
4YIJ,1139,A,70,GLN,O,5,12,3,0,6,18,7,0,7,30,8,0,15,45,16,0,20,67,22,0
4YIJ,1140,A,70,GLN,N,4,2,2,0,5,9,5,0,7,22,9,0,12,40,12,0,16,58,16,0
4YIJ,1141,A,70,GLN,H,6,20,6,0,8,27,8,0,14,46,14,0,17,67,20,0,25,92,26,0
4YIJ,1142,A,70,GLN,H,8,23,6,0,9,34,13,0,15,54,17,0,21,74,20,0,25,103,28,0
4YIJ,1143,A,70,GLN,H,5,15,3,0,8,23,5,0,11,40,10,0,14,53,17,0,22,78,23,0
4YIJ,1144,A,70,GLN,H,5,11,5,0,9,25,7,0,12,40,11,0,16,55,17,0,18,74,22,0
4YIJ,1145,A,70,GLN,HN,3,4,5,0,6,9,5,0,10,23,8,0,12,38,12,0,16,56,16,0
4YIJ,1146,A,70,GLN,HN,2,3,2,0,5,5,4,0,6,17,8,0,9,30,12,0,16,49,14,0
4YIJ,1147,A,71,ARG,N,9,27,9,0,12,42,10,0,15,52,14,0,18,64,22,1,25,84,27,1
4YIJ,1148,A,71,ARG,CA,10,32,8,0,13,46,11,0,15,57,17,1,20,71,23,1,25,101,25,1
4YIJ,1149,A,71,ARG,C,9,32,9,0,13,47,12,1,17,62,16,1,24,84,21,1,30,109,28,1
4YIJ,1150,A,71,ARG,O,9,34,7,1,13,53,15,1,18,73,17,1,27,97,22,1,30,120,32,1
4YIJ,1151,A,71,ARG,HN,8,20,8,0,10,34,10,0,13,47,12,0,19,58,17,0,22,76,25,1
4YIJ,1152,A,71,ARG,H,10,38,8,0,13,49,12,0,16,60,20,1,22,85,24,1,28,114,31,1
4YIJ,1153,A,71,ARG,C,4,27,6,0,12,37,11,0,14,53,15,1,16,71,20,1,24,96,27,1
4YIJ,1154,A,71,ARG,C,7,23,7,0,9,37,9,0,14,47,15,0,19,67,18,1,24,97,23,1
4YIJ,1155,A,71,ARG,C,4,15,7,0,8,27,9,0,11,47,11,0,18,66,18,1,24,96,21,1
4YIJ,1156,A,71,ARG,N,5,16,7,0,8,24,10,0,12,44,13,0,15,73,16,0,24,93,22,1
4YIJ,1157,A,71,ARG,C,5,16,6,0,6,26,9,0,11,44,12,0,16,70,15,0,21,88,22,1
4YIJ,1158,A,71,ARG,N,3,16,4,0,5,25,6,0,10,42,11,0,15,65,13,1,22,84,19,1
4YIJ,1159,A,71,ARG,N,5,19,7,0,7,32,8,0,14,45,14,0,16,64,17,0,21,86,23,0
4YIJ,1160,A,71,ARG,H,6,25,6,0,12,38,9,1,14,59,16,1,20,83,21,1,26,106,28,1
4YIJ,1161,A,71,ARG,H,4,18,5,0,11,31,9,0,14,46,13,1,18,65,17,1,21,88,26,1
4YIJ,1162,A,71,ARG,H,6,19,6,0,9,31,10,0,12,43,14,0,16,60,16,0,21,83,23,1
4YIJ,1163,A,71,ARG,H,9,28,7,0,9,42,12,0,16,60,16,0,19,80,21,1,24,111,27,1
4YIJ,1164,A,71,ARG,H,3,16,6,0,8,38,9,0,15,53,15,1,18,77,17,1,25,105,25,1
4YIJ,1165,A,71,ARG,H,1,11,4,0,6,24,7,0,9,37,10,0,19,58,14,1,21,76,21,1
4YIJ,1166,A,71,ARG,HN,6,19,7,0,7,27,11,0,12,48,13,0,16,76,17,0,24,92,24,0
4YIJ,1167,A,71,ARG,HN,2,15,3,0,5,23,5,0,7,39,11,1,15,61,11,1,21,84,19,1
4YIJ,1168,A,71,ARG,HN,4,19,5,0,5,28,6,0,10,38,11,0,12,59,13,0,21,82,19,1
4YIJ,1169,A,71,ARG,HN,7,19,6,0,7,35,10,0,12,46,16,0,18,65,20,0,22,88,22,0
4YIJ,1170,A,71,ARG,HN,5,15,5,0,6,31,7,0,13,47,13,0,14,60,17,0,20,79,22,0
4YIJ,1171,A,72,THR,N,10,33,10,0,14,41,12,1,18,59,16,1,25,83,18,1,32,110,26,2
4YIJ,1172,A,72,THR,CA,10,34,10,0,13,40,14,1,19,65,16,1,23,90,18,2,32,119,28,2
4YIJ,1173,A,72,THR,C,11,33,11,0,13,42,13,0,18,53,16,0,23,83,18,2,29,121,28,2
4YIJ,1174,A,72,THR,O,12,29,8,0,12,39,12,0,14,51,15,0,21,70,19,2,27,107,26,2
4YIJ,1175,A,72,THR,HN,10,30,8,0,12,38,11,0,16,48,15,1,21,71,19,1,30,107,27,2
4YIJ,1176,A,72,THR,H,9,31,10,0,16,52,14,1,20,75,16,1,25,100,21,2,32,121,24,2
4YIJ,1177,A,72,THR,C,10,31,9,1,11,46,13,1,17,66,15,2,23,99,21,2,28,126,29,2
4YIJ,1178,A,72,THR,OH,10,25,8,0,11,42,11,2,15,62,19,2,22,90,24,2,34,121,30,2
4YIJ,1179,A,72,THR,C,8,29,8,1,11,47,11,1,20,73,16,2,24,97,22,2,32,125,29,2
4YIJ,1180,A,72,THR,H,11,32,11,1,12,49,13,2,18,74,15,2,24,101,24,2,32,132,30,2
4YIJ,1181,A,72,THR,HO,9,24,7,1,13,40,12,2,15,67,18,2,24,89,25,2,39,123,31,2
4YIJ,1182,A,72,THR,H,9,24,7,1,13,46,10,2,15,80,17,2,25,98,23,2,31,125,31,2
4YIJ,1183,A,72,THR,H,8,26,7,1,10,41,10,1,16,65,14,1,23,92,22,2,31,119,29,2
4YIJ,1184,A,72,THR,H,9,34,9,1,14,55,11,1,17,73,15,1,24,103,20,2,30,124,30,2
4YIJ,1185,A,73,ASP,N,10,34,9,0,15,45,12,0,18,62,13,0,23,88,17,2,32,122,24,2
4YIJ,1186,A,73,ASP,CA,11,37,8,0,13,46,9,0,17,57,12,0,22,82,17,1,31,119,27,2
4YIJ,1187,A,73,ASP,C,7,33,6,0,13,48,8,0,19,55,15,1,23,77,22,1,32,113,27,2
4YIJ,1188,A,73,ASP,O,6,31,6,0,14,50,10,1,17,63,14,1,25,84,23,1,33,114,27,2
4YIJ,1189,A,73,ASP,HN,12,36,9,0,16,51,12,0,19,73,14,1,24,95,18,2,33,126,24,2
4YIJ,1190,A,73,ASP,H,9,33,6,0,14,40,9,0,14,56,13,0,21,77,18,0,28,109,23,1
4YIJ,1191,A,73,ASP,C,10,38,8,0,14,49,10,0,21,63,12,0,27,90,17,0,33,120,28,2
4YIJ,1192,A,73,ASP,C,13,36,6,0,15,47,10,0,23,66,14,0,29,99,21,1,37,123,29,2
4YIJ,1193,A,73,ASP,O,12,39,7,0,14,56,11,0,22,73,15,1,31,91,20,2,36,132,29,2
4YIJ,1194,A,73,ASP,O,12,38,7,0,20,50,10,0,23,72,16,0,31,97,24,0,35,130,32,2
4YIJ,1195,A,73,ASP,H,11,36,6,0,16,49,11,0,22,72,15,0,28,98,20,0,33,122,26,1
4YIJ,1196,A,73,ASP,H,8,34,3,0,14,47,9,0,19,64,10,0,26,84,16,0,34,109,27,1
4YIJ,1197,A,74,LYS,N,8,27,6,0,10,39,10,0,16,53,17,1,22,74,20,1,31,104,25,1
4YIJ,1198,A,74,LYS,CA,7,27,8,0,11,38,15,1,14,57,17,1,23,76,20,1,29,106,27,2
4YIJ,1199,A,74,LYS,C,8,32,10,1,12,48,15,1,20,63,18,1,25,92,23,2,30,120,28,2
4YIJ,1200,A,74,LYS,O,9,36,12,1,12,49,17,1,19,78,19,2,26,98,22,2,30,118,30,2
4YIJ,1201,A,74,LYS,HN,7,25,6,0,8,34,8,0,13,54,14,0,21,77,20,1,29,100,25,1
4YIJ,1202,A,74,LYS,H,7,27,11,0,10,35,14,1,15,57,16,1,21,80,21,1,29,101,26,2
4YIJ,1203,A,74,LYS,C,6,23,8,0,8,31,10,0,12,47,15,1,18,67,17,2,27,100,22,2
4YIJ,1204,A,74,LYS,C,4,19,5,0,10,31,10,0,12,48,12,0,19,71,17,1,26,94,20,2
4YIJ,1205,A,74,LYS,C,1,14,5,0,4,26,7,0,11,38,9,0,17,65,13,1,24,89,21,2
4YIJ,1206,A,74,LYS,C,2,17,4,0,5,36,9,0,11,51,11,1,19,69,15,1,32,94,25,2
4YIJ,1207,A,74,LYS,N,1,14,3,0,4,29,6,0,10,48,9,1,17,65,18,1,31,92,20,1
4YIJ,1208,A,74,LYS,H,6,21,7,0,6,25,11,0,10,42,13,0,14,63,15,1,22,90,19,2
4YIJ,1209,A,74,LYS,H,5,27,7,0,8,36,13,0,13,47,14,2,20,72,19,2,25,97,21,2
4YIJ,1210,A,74,LYS,H,5,22,6,0,11,36,9,0,16,57,14,0,23,69,18,1,29,113,26,2
4YIJ,1211,A,74,LYS,H,4,15,5,0,7,26,7,0,12,48,11,0,17,72,15,0,28,96,22,1
4YIJ,1212,A,74,LYS,H,2,13,4,0,5,23,5,0,11,41,10,0,18,67,13,0,25,91,17,1
4YIJ,1213,A,74,LYS,H,1,12,2,0,2,20,6,0,8,32,7,0,11,53,12,0,20,81,17,1
4YIJ,1214,A,74,LYS,H,3,22,4,0,6,36,8,1,8,48,11,1,20,66,17,2,29,93,21,2
4YIJ,1215,A,74,LYS,H,3,28,6,0,7,41,11,0,16,57,14,1,25,79,19,2,33,109,29,2
4YIJ,1216,A,74,LYS,HN,1,21,4,0,7,38,5,1,12,57,10,1,21,78,19,1,30,98,25,1
4YIJ,1217,A,74,LYS,HN,2,17,3,0,4,28,4,0,10,44,9,0,19,64,15,1,26,88,21,1
4YIJ,1218,A,74,LYS,HN,0,13,2,0,3,22,4,0,9,40,6,1,15,59,13,1,23,78,18,1
4YIJ,1219,A,75,TYR,N,11,38,11,1,17,48,13,1,21,64,18,1,26,85,25,1,37,120,32,2
4YIJ,1220,A,75,TYR,CA,13,46,10,1,19,58,16,1,25,71,19,1,28,96,26,2,37,131,33,2
4YIJ,1221,A,75,TYR,C,11,40,10,1,16,59,16,1,24,82,22,1,33,105,27,2,39,132,37,3
4YIJ,1222,A,75,TYR,O,10,38,11,1,17,62,14,1,25,87,21,1,36,112,26,2,40,137,38,3
4YIJ,1223,A,75,TYR,HN,10,29,7,0,15,46,12,1,22,61,19,1,26,83,24,1,35,116,31,1
4YIJ,1224,A,75,TYR,H,14,45,12,1,20,60,16,1,23,77,21,2,28,99,26,2,38,132,33,2
4YIJ,1225,A,75,TYR,C,15,37,11,0,19,51,15,1,23,74,21,1,34,98,25,1,37,135,33,2
4YIJ,1226,A,75,TYR,C,14,34,9,0,17,41,13,0,23,66,20,1,31,95,27,1,40,131,31,2
4YIJ,1227,A,75,TYR,C,13,30,10,0,19,48,15,0,25,69,21,1,31,99,27,2,38,128,31,2
4YIJ,1228,A,75,TYR,C,11,26,9,0,15,38,10,0,21,57,17,0,30,95,24,1,37,120,35,1
4YIJ,1229,A,75,TYR,C,9,27,9,0,16,38,13,0,23,68,17,0,32,88,24,2,36,115,33,2
4YIJ,1230,A,75,TYR,C,9,20,6,0,15,30,9,0,18,54,16,0,28,81,20,0,35,114,34,1
4YIJ,1231,A,75,TYR,C,10,20,6,0,14,38,12,0,18,47,13,0,28,83,20,0,36,111,31,2
4YIJ,1232,A,75,TYR,OH,7,19,4,0,11,34,9,0,16,46,12,0,26,63,19,0,32,97,26,1
4YIJ,1233,A,75,TYR,H,14,42,11,0,19,56,19,1,25,77,21,1,31,110,28,1,39,138,34,2
4YIJ,1234,A,75,TYR,H,14,33,10,0,18,49,14,0,26,75,22,1,30,99,28,1,41,126,33,2
4YIJ,1235,A,75,TYR,H,12,35,11,0,21,60,16,0,25,79,21,2,31,103,25,2,36,130,37,2
4YIJ,1236,A,75,TYR,H,12,26,5,0,17,40,12,0,20,65,18,0,31,86,22,1,39,118,38,1
4YIJ,1237,A,75,TYR,H,6,28,8,0,19,48,15,0,23,69,17,1,32,92,23,1,35,113,32,2
4YIJ,1238,A,75,TYR,H,8,17,4,0,13,30,8,0,19,55,14,0,23,73,20,0,33,103,34,0
4YIJ,1239,A,75,TYR,HO,5,19,3,0,10,29,8,0,14,45,10,0,24,61,17,0,31,90,24,0
4YIJ,1240,A,76,GLY,N,10,39,10,1,14,57,15,1,22,82,20,2,32,117,27,2,39,144,37,2
4YIJ,1241,A,76,GLY,CA,10,40,10,1,13,53,14,2,21,84,19,2,27,117,25,2,40,152,37,2
4YIJ,1242,A,76,GLY,C,12,38,11,2,15,58,12,2,20,89,15,2,25,113,29,2,39,145,35,2
4YIJ,1243,A,76,GLY,O,12,38,10,2,14,56,15,2,19,85,16,2,26,106,28,2,38,155,39,2
4YIJ,1244,A,76,GLY,HN,9,39,8,1,13,56,14,1,20,76,19,1,29,108,26,2,38,136,33,2
4YIJ,1245,A,76,GLY,H,9,36,8,1,12,53,15,2,18,77,20,2,29,110,23,2,41,149,36,2
4YIJ,1246,A,76,GLY,H,8,39,9,1,13,59,14,2,21,89,20,2,33,114,27,2,45,155,41,2
4YIJ,1247,A,77,ARG,N,12,37,11,0,14,61,13,2,17,84,17,2,25,106,24,2,35,137,34,2
4YIJ,1248,A,77,ARG,CA,11,41,11,1,13,56,15,1,17,79,19,2,26,108,23,2,35,151,32,2
4YIJ,1249,A,77,ARG,C,11,45,13,1,15,57,15,1,17,71,17,1,22,104,22,2,31,153,28,2
4YIJ,1250,A,77,ARG,O,13,39,12,1,15,57,15,1,17,76,16,1,21,101,23,2,32,135,26,2
4YIJ,1251,A,77,ARG,HN,10,38,11,0,13,59,12,2,19,79,17,2,24,103,22,2,35,131,34,2
4YIJ,1252,A,77,ARG,H,10,38,11,1,14,54,15,1,18,82,20,2,29,116,25,2,37,156,34,2
4YIJ,1253,A,77,ARG,C,10,40,10,0,16,63,17,1,22,83,21,1,33,105,27,2,35,146,35,2
4YIJ,1254,A,77,ARG,C,11,37,11,0,15,64,17,0,24,80,22,1,31,109,26,2,37,153,38,2
4YIJ,1255,A,77,ARG,C,12,37,10,0,19,51,17,0,22,84,23,0,30,118,31,1,44,153,40,2
4YIJ,1256,A,77,ARG,N,13,36,11,0,17,52,16,0,21,75,24,0,31,110,30,0,38,143,42,1
4YIJ,1257,A,77,ARG,C,8,28,10,0,17,48,14,0,21,73,21,0,27,105,32,0,41,135,43,0
4YIJ,1258,A,77,ARG,N,8,29,10,0,15,50,15,0,22,76,24,0,30,110,35,0,44,139,45,0
4YIJ,1259,A,77,ARG,N,9,26,6,0,13,46,14,0,20,73,21,0,27,94,28,0,39,130,46,0
4YIJ,1260,A,77,ARG,H,9,42,11,0,17,63,14,1,24,83,21,1,29,118,28,1,38,150,36,2
4YIJ,1261,A,77,ARG,H,10,39,12,0,17,56,14,0,22,78,22,1,28,107,26,1,36,140,31,2
4YIJ,1262,A,77,ARG,H,12,45,11,0,17,59,14,0,21,82,22,2,29,107,27,2,37,151,39,2
4YIJ,1263,A,77,ARG,H,9,36,11,0,15,64,16,0,25,89,22,1,31,119,28,2,38,160,43,2
4YIJ,1264,A,77,ARG,H,11,39,12,0,15,53,15,0,24,81,25,0,32,120,30,0,44,154,46,2
4YIJ,1265,A,77,ARG,H,12,40,14,0,17,57,18,0,24,86,23,0,32,121,32,1,42,155,45,1
4YIJ,1266,A,77,ARG,HN,11,40,10,0,16,55,16,0,22,70,21,0,29,98,27,0,36,142,40,2
4YIJ,1267,A,77,ARG,HN,7,31,9,0,16,58,18,0,24,71,25,0,33,107,34,0,45,146,46,0
4YIJ,1268,A,77,ARG,HN,9,27,10,0,11,45,14,0,19,71,23,0,32,106,33,0,43,135,42,0
4YIJ,1269,A,77,ARG,HN,11,30,4,0,14,49,13,0,20,67,21,0,27,93,28,0,36,127,40,0
4YIJ,1270,A,77,ARG,HN,7,25,8,0,13,43,14,0,17,66,18,0,30,93,29,0,36,128,42,0
4YIJ,1271,A,78,GLY,N,12,47,12,1,16,59,16,1,21,82,19,1,27,123,22,1,36,157,33,2
4YIJ,1272,A,78,GLY,CA,10,48,12,1,14,61,15,1,22,87,17,1,33,119,24,1,40,150,32,1
4YIJ,1273,A,78,GLY,C,11,50,12,1,16,70,16,1,26,92,20,1,37,124,25,1,40,160,33,1
4YIJ,1274,A,78,GLY,O,10,50,13,0,17,71,16,1,24,94,20,1,36,126,26,1,41,157,35,1
4YIJ,1275,A,78,GLY,HN,12,42,12,1,16,57,15,1,21,93,20,1,28,122,23,1,37,162,32,2
4YIJ,1276,A,78,GLY,H,9,45,9,1,14,61,13,1,22,82,17,1,29,110,24,1,37,140,34,1
4YIJ,1277,A,78,GLY,H,9,48,8,1,14,68,14,1,20,93,19,1,33,125,26,1,43,152,36,1
4YIJ,1278,A,79,LEU,N,12,49,11,0,16,63,16,1,24,86,22,1,35,121,27,1,43,148,34,1
4YIJ,1279,A,79,LEU,CA,11,43,11,0,17,66,15,0,24,91,23,1,34,118,31,1,44,163,39,1
4YIJ,1280,A,79,LEU,C,11,49,10,0,18,77,17,0,23,93,25,0,32,122,32,1,44,153,41,2
4YIJ,1281,A,79,LEU,O,11,45,11,0,17,75,15,0,24,93,22,1,28,114,31,1,41,147,41,1
4YIJ,1282,A,79,LEU,HN,8,48,10,0,17,63,17,1,23,81,19,1,34,112,25,1,40,138,35,1
4YIJ,1283,A,79,LEU,H,10,39,10,0,19,63,16,0,26,95,22,0,33,127,30,1,42,163,42,1
4YIJ,1284,A,79,LEU,C,12,40,11,0,14,59,16,0,27,87,25,0,36,114,31,1,44,156,36,1
4YIJ,1285,A,79,LEU,C,13,35,12,0,18,50,14,0,24,77,20,0,33,118,30,1,41,152,36,1
4YIJ,1286,A,79,LEU,C,9,29,11,0,15,46,15,0,24,76,19,0,31,109,28,0,40,132,34,0
4YIJ,1287,A,79,LEU,C,14,34,10,0,18,52,17,0,26,81,21,0,33,125,27,0,43,164,38,1
4YIJ,1288,A,79,LEU,H,13,36,10,0,17,64,18,0,26,93,25,0,35,118,33,0,44,157,38,1
4YIJ,1289,A,79,LEU,H,9,38,10,0,17,59,17,0,22,79,24,0,34,106,29,1,42,142,35,1
4YIJ,1290,A,79,LEU,H,12,32,10,0,17,57,15,0,25,78,18,0,33,101,25,1,36,141,34,1
4YIJ,1291,A,79,LEU,H,9,27,11,0,17,46,13,0,23,76,18,0,29,96,25,0,37,123,31,0
4YIJ,1292,A,79,LEU,H,7,26,11,0,14,47,17,0,25,74,22,0,36,112,28,0,40,140,36,0
4YIJ,1293,A,79,LEU,H,10,27,12,0,13,41,12,0,21,68,20,0,29,101,26,0,39,129,32,1
4YIJ,1294,A,79,LEU,H,15,30,10,0,20,53,14,0,24,80,21,0,32,113,27,0,40,152,34,0
4YIJ,1295,A,79,LEU,H,14,37,12,0,20,55,15,0,26,83,21,0,32,125,28,0,44,162,41,1
4YIJ,1296,A,79,LEU,H,13,33,12,0,19,53,17,0,26,85,21,0,34,136,31,0,42,158,39,0
4YIJ,1297,A,80,ALA,N,12,55,10,0,16,75,15,0,21,98,25,0,35,130,30,2,42,172,41,2
4YIJ,1298,A,80,ALA,CA,10,57,10,0,14,76,18,0,21,95,26,1,32,134,30,1,44,188,39,2
4YIJ,1299,A,80,ALA,C,11,53,11,0,14,76,15,1,21,102,23,1,31,143,29,1,46,189,41,1
4YIJ,1300,A,80,ALA,O,10,47,9,0,15,73,13,1,22,112,20,1,29,139,32,1,42,183,45,1
4YIJ,1301,A,80,ALA,HN,11,52,12,0,16,73,14,0,21,100,24,0,33,138,32,2,44,177,43,2
4YIJ,1302,A,80,ALA,H,9,54,12,0,16,73,18,0,26,99,25,1,36,132,30,1,42,179,37,2
4YIJ,1303,A,80,ALA,C,11,50,9,0,14,76,15,0,20,100,24,1,28,135,32,2,42,188,40,2
4YIJ,1304,A,80,ALA,H,9,49,10,0,13,71,15,0,21,112,23,1,32,142,32,2,40,185,39,2
4YIJ,1305,A,80,ALA,H,13,55,9,0,14,73,15,0,17,101,23,1,30,145,31,2,44,193,42,2
4YIJ,1306,A,80,ALA,H,10,51,8,0,17,76,12,0,21,103,23,1,30,135,32,1,42,174,43,2
4YIJ,1307,A,81,TYR,N,11,48,11,1,14,70,15,1,20,106,21,1,33,137,29,1,45,176,41,1
4YIJ,1308,A,81,TYR,CA,11,49,10,1,16,69,14,1,22,103,21,1,29,133,29,1,38,173,42,1
4YIJ,1309,A,81,TYR,C,10,52,8,1,17,71,14,1,24,95,20,1,26,137,27,1,38,177,39,2
4YIJ,1310,A,81,TYR,O,8,41,9,1,16,76,13,1,20,106,20,1,30,137,28,1,39,171,40,1
4YIJ,1311,A,81,TYR,HN,10,46,11,1,12,70,17,1,23,99,23,1,33,140,27,1,46,176,41,1
4YIJ,1312,A,81,TYR,H,12,48,10,1,15,70,14,1,23,98,21,1,26,137,29,1,43,177,41,2
4YIJ,1313,A,81,TYR,C,12,42,9,1,17,71,12,1,21,100,23,1,32,132,30,1,38,159,38,1
4YIJ,1314,A,81,TYR,C,11,44,9,1,17,70,16,1,23,101,24,1,31,130,29,1,40,153,41,1
4YIJ,1315,A,81,TYR,C,13,44,10,1,18,73,18,1,22,100,22,1,30,123,33,1,40,163,44,1
4YIJ,1316,A,81,TYR,C,11,43,10,1,15,64,18,1,22,90,23,1,32,126,27,1,42,164,40,1
4YIJ,1317,A,81,TYR,C,12,42,11,1,17,67,16,1,24,93,25,1,32,126,32,1,41,160,44,1
4YIJ,1318,A,81,TYR,C,12,45,15,1,17,59,17,1,20,83,21,1,33,113,31,1,42,159,40,1
4YIJ,1319,A,81,TYR,C,12,46,13,1,16,63,17,1,25,82,23,1,30,124,30,1,41,160,42,1
4YIJ,1320,A,81,TYR,OH,11,42,12,0,17,58,17,1,24,82,25,1,31,113,29,1,38,144,39,1
4YIJ,1321,A,81,TYR,H,12,45,8,1,16,68,16,1,21,95,23,1,29,123,29,1,38,160,39,2
4YIJ,1322,A,81,TYR,H,10,44,9,1,17,65,13,1,24,99,20,1,30,121,30,1,39,156,38,1
4YIJ,1323,A,81,TYR,H,10,48,10,1,18,70,16,1,23,100,23,1,31,128,33,1,39,171,45,1
4YIJ,1324,A,81,TYR,H,9,40,11,1,16,63,17,1,23,90,22,1,34,122,26,1,42,162,40,1
4YIJ,1325,A,81,TYR,H,10,42,11,1,17,61,16,1,22,96,26,1,33,130,36,1,44,161,44,1
4YIJ,1326,A,81,TYR,H,9,42,13,0,19,59,17,1,22,79,22,1,29,105,30,1,43,150,38,1
4YIJ,1327,A,81,TYR,HO,11,41,14,0,18,56,18,1,22,83,25,1,30,104,31,1,37,141,36,1
4YIJ,1328,A,82,ILE,N,11,49,8,1,16,70,14,1,17,99,21,1,31,140,30,2,39,185,38,2
4YIJ,1329,A,82,ILE,CA,10,51,8,1,13,69,12,1,21,104,22,2,30,141,32,2,40,185,42,2
4YIJ,1330,A,82,ILE,C,10,45,8,1,14,73,16,2,23,94,20,2,26,133,30,2,36,173,40,2
4YIJ,1331,A,82,ILE,O,10,43,9,2,15,64,13,2,23,95,20,2,24,136,29,2,36,166,40,2
4YIJ,1332,A,82,ILE,HN,12,47,11,1,15,70,14,1,19,99,21,1,30,143,29,2,39,185,41,2
4YIJ,1333,A,82,ILE,H,9,46,8,0,13,74,12,1,21,103,21,1,31,140,32,2,39,183,44,2
4YIJ,1334,A,82,ILE,C,10,48,6,0,14,75,14,1,20,98,25,2,30,138,34,2,45,193,42,2
4YIJ,1335,A,82,ILE,C,12,45,9,0,16,75,14,0,20,105,23,1,29,144,33,2,45,197,47,2
4YIJ,1336,A,82,ILE,C,7,41,6,0,13,73,13,0,23,104,26,2,33,136,34,2,47,192,48,2
4YIJ,1337,A,82,ILE,C,10,44,11,0,16,71,14,0,22,111,21,1,30,150,33,2,42,188,43,2
4YIJ,1338,A,82,ILE,H,7,41,8,1,15,72,16,2,20,105,22,2,31,142,32,2,45,186,48,2
4YIJ,1339,A,82,ILE,H,10,46,9,0,18,67,13,0,21,104,24,1,32,150,33,2,45,196,46,3
4YIJ,1340,A,82,ILE,H,12,45,11,0,15,76,14,1,23,105,22,1,29,142,30,1,40,191,43,2
4YIJ,1341,A,82,ILE,H,7,40,5,0,14,72,15,0,25,104,25,1,37,133,34,2,49,189,49,2
4YIJ,1342,A,82,ILE,H,8,44,5,0,13,72,13,0,22,103,24,0,34,139,36,2,48,187,47,2
4YIJ,1343,A,82,ILE,H,8,46,6,0,13,67,14,1,21,100,20,2,35,141,35,2,49,178,46,2
4YIJ,1344,A,82,ILE,H,12,45,10,0,17,69,15,0,22,108,22,1,30,149,32,2,40,188,40,2
4YIJ,1345,A,82,ILE,H,10,43,10,0,14,76,14,0,22,115,22,1,30,150,34,1,39,180,42,2
4YIJ,1346,A,82,ILE,H,6,42,8,0,16,69,15,0,25,104,23,0,32,150,31,2,41,195,48,2
4YIJ,1347,A,83,TYR,N,12,47,12,1,15,68,17,1,19,89,23,2,29,119,28,2,38,157,37,2
4YIJ,1348,A,83,TYR,CA,13,44,11,1,15,60,17,2,19,84,21,2,26,108,26,2,34,137,34,2
4YIJ,1349,A,83,TYR,C,10,46,13,0,16,61,17,1,20,79,21,2,27,107,27,2,33,137,34,2
4YIJ,1350,A,83,TYR,O,11,44,9,0,16,66,19,0,21,85,22,1,26,111,29,2,31,147,36,2
4YIJ,1351,A,83,TYR,HN,11,43,11,0,16,67,17,1,21,92,23,1,28,121,27,2,35,164,37,2
4YIJ,1352,A,83,TYR,H,11,39,11,2,15,58,15,2,19,85,20,2,22,107,28,2,34,133,32,2
4YIJ,1353,A,83,TYR,C,13,41,12,0,15,59,17,1,19,75,19,2,25,97,27,2,30,128,31,2
4YIJ,1354,A,83,TYR,C,11,37,13,1,16,54,17,1,20,74,21,1,25,101,25,2,28,123,31,2
4YIJ,1355,A,83,TYR,C,12,37,11,1,18,58,17,1,23,79,22,1,26,105,25,1,32,139,32,2
4YIJ,1356,A,83,TYR,C,10,29,11,1,14,49,14,1,18,67,19,1,23,92,24,2,25,114,31,2
4YIJ,1357,A,83,TYR,C,11,36,11,1,17,54,15,1,21,77,21,1,27,103,27,1,32,138,33,2
4YIJ,1358,A,83,TYR,C,8,25,10,1,13,42,14,1,19,67,17,1,23,87,22,1,27,115,31,2
4YIJ,1359,A,83,TYR,C,9,30,10,1,15,50,13,1,19,73,19,1,25,97,27,1,30,127,33,2
4YIJ,1360,A,83,TYR,OH,5,29,5,1,12,45,12,1,20,69,20,1,27,99,23,1,33,125,33,1
4YIJ,1361,A,83,TYR,H,12,37,12,0,13,53,15,1,17,66,20,2,24,89,26,2,29,116,32,2
4YIJ,1362,A,83,TYR,H,13,42,12,0,16,60,18,1,20,78,22,1,23,99,26,2,30,128,32,2
4YIJ,1363,A,83,TYR,H,13,41,12,1,17,58,17,1,24,82,21,1,29,112,25,1,33,154,33,2
4YIJ,1364,A,83,TYR,H,8,23,8,1,12,43,15,1,16,65,18,2,21,85,22,2,24,105,29,2
4YIJ,1365,A,83,TYR,H,10,38,9,1,17,61,15,1,24,79,19,1,28,110,29,1,35,143,35,1
4YIJ,1366,A,83,TYR,H,7,21,7,1,10,36,14,1,16,61,15,1,20,79,21,1,27,100,27,2
4YIJ,1367,A,83,TYR,HO,4,23,3,1,7,42,10,1,18,60,17,1,25,84,21,1,31,112,31,1
4YIJ,1368,A,84,ALA,N,10,52,13,1,17,64,16,1,19,76,20,2,26,109,27,2,32,140,33,2
4YIJ,1369,A,84,ALA,CA,12,50,13,1,15,63,16,1,21,76,23,1,23,99,27,1,31,133,31,2
4YIJ,1370,A,84,ALA,C,11,39,10,1,14,59,16,1,18,70,19,1,21,82,24,1,24,101,30,2
4YIJ,1371,A,84,ALA,O,10,31,10,1,14,49,13,1,17,71,18,1,22,81,22,1,24,96,29,2
4YIJ,1372,A,84,ALA,HN,9,48,11,1,13,63,16,1,21,80,20,2,26,101,25,2,29,131,34,2
4YIJ,1373,A,84,ALA,H,12,47,13,0,15,61,17,1,20,80,23,1,24,106,27,1,29,131,32,2
4YIJ,1374,A,84,ALA,C,14,44,11,1,15,59,16,1,20,79,23,1,26,108,27,1,30,138,29,2
4YIJ,1375,A,84,ALA,H,13,42,13,1,16,56,16,1,19,79,24,1,24,101,25,1,26,126,30,1
4YIJ,1376,A,84,ALA,H,9,40,12,1,17,58,18,1,22,81,21,1,27,112,27,2,29,137,34,2
4YIJ,1377,A,84,ALA,H,12,40,10,1,17,60,19,1,21,94,23,1,26,118,27,1,35,149,33,2
4YIJ,1378,A,85,ASP,N,11,37,8,0,14,50,15,1,15,67,16,1,20,77,19,1,24,94,23,1
4YIJ,1379,A,85,ASP,CA,8,28,6,0,12,39,12,0,14,54,15,1,16,70,16,1,21,77,19,1
4YIJ,1380,A,85,ASP,C,6,24,6,0,12,37,7,0,14,51,14,1,14,66,15,1,17,75,17,1
4YIJ,1381,A,85,ASP,O,6,16,5,0,9,28,6,0,13,41,9,0,14,53,15,1,15,69,17,1
4YIJ,1382,A,85,ASP,HN,10,35,10,0,12,50,15,0,18,65,16,1,21,80,20,1,26,104,23,1
4YIJ,1383,A,85,ASP,H,8,30,8,0,10,38,11,0,13,48,13,0,16,63,16,1,20,77,19,1
4YIJ,1384,A,85,ASP,C,9,25,8,0,9,33,10,0,14,49,13,1,19,61,18,1,20,71,20,1
4YIJ,1385,A,85,ASP,C,7,25,7,0,10,35,10,0,14,48,13,0,18,58,16,1,20,68,20,1
4YIJ,1386,A,85,ASP,O,7,25,7,0,9,39,11,0,15,48,14,0,16,58,17,1,23,74,19,1
4YIJ,1387,A,85,ASP,O,6,20,6,0,10,35,9,0,14,45,12,0,16,53,15,1,19,63,18,1
4YIJ,1388,A,85,ASP,H,7,23,2,0,9,27,10,0,10,38,10,0,16,51,13,1,20,62,18,1
4YIJ,1389,A,85,ASP,H,7,25,7,0,10,37,10,1,14,49,11,1,19,63,17,1,20,74,19,1
4YIJ,1390,A,86,GLY,N,8,32,9,0,11,42,11,0,13,57,14,0,16,64,18,1,20,85,24,2
4YIJ,1391,A,86,GLY,CA,7,29,8,0,9,39,12,0,12,47,13,0,15,60,17,2,21,80,23,2
4YIJ,1392,A,86,GLY,C,8,28,6,0,9,34,11,0,10,50,13,2,16,65,20,2,21,90,21,2
4YIJ,1393,A,86,GLY,O,7,25,6,0,8,35,8,1,10,46,14,2,15,67,19,2,21,90,22,2
4YIJ,1394,A,86,GLY,HN,10,33,10,0,12,50,12,0,14,60,15,0,17,71,21,1,23,96,27,2
4YIJ,1395,A,86,GLY,H,7,28,7,0,9,41,10,0,12,48,13,0,16,67,18,1,20,84,24,2
4YIJ,1396,A,86,GLY,H,6,22,6,0,7,33,9,0,11,42,12,0,13,50,14,0,15,68,20,2
4YIJ,1397,A,87,LYS,N,7,21,7,0,8,31,11,1,11,48,14,2,18,66,18,2,22,88,22,2
4YIJ,1398,A,87,LYS,CA,6,25,7,1,9,35,9,2,10,46,15,2,15,70,20,2,21,91,22,2
4YIJ,1399,A,87,LYS,C,9,32,8,2,11,44,13,2,13,64,19,2,18,82,22,2,27,114,27,2
4YIJ,1400,A,87,LYS,O,9,34,8,2,12,50,14,2,15,76,18,2,22,95,26,2,27,122,30,2
4YIJ,1401,A,87,LYS,HN,6,20,10,1,8,33,12,1,13,52,14,1,18,71,17,2,20,86,24,2
4YIJ,1402,A,87,LYS,H,5,23,5,1,9,36,8,2,10,40,11,2,13,56,19,2,16,83,22,2
4YIJ,1403,A,87,LYS,C,5,22,5,1,7,33,11,1,10,47,13,2,17,59,18,2,22,94,25,2
4YIJ,1404,A,87,LYS,C,4,13,4,1,5,22,8,1,7,35,11,1,15,48,14,1,21,73,19,2
4YIJ,1405,A,87,LYS,C,4,11,5,1,5,17,7,1,7,31,8,1,13,49,15,1,20,69,23,1
4YIJ,1406,A,87,LYS,C,2,7,3,0,3,11,5,1,4,19,7,1,10,32,10,1,14,52,14,1
4YIJ,1407,A,87,LYS,N,0,2,2,0,1,8,3,1,4,18,6,1,8,29,9,1,14,43,13,1
4YIJ,1408,A,87,LYS,H,6,24,6,1,9,37,10,1,10,47,14,2,15,65,18,2,23,91,23,2
4YIJ,1409,A,87,LYS,H,5,26,8,1,9,36,12,1,12,52,13,1,20,74,23,2,25,111,26,2
4YIJ,1410,A,87,LYS,H,4,13,6,1,5,20,10,1,8,29,12,1,13,48,15,1,19,75,19,2
4YIJ,1411,A,87,LYS,H,3,9,5,1,5,18,5,1,6,29,8,1,10,43,14,1,17,55,16,2
4YIJ,1412,A,87,LYS,H,1,9,4,1,6,21,7,1,8,30,10,1,14,50,17,1,18,68,20,1
4YIJ,1413,A,87,LYS,H,4,14,6,1,7,23,7,1,11,39,12,1,16,55,18,1,24,81,24,1
4YIJ,1414,A,87,LYS,H,2,8,3,0,4,11,6,1,6,19,8,1,10,34,12,1,16,51,14,1
4YIJ,1415,A,87,LYS,H,0,5,3,0,3,8,4,1,4,14,7,1,5,21,8,1,11,38,12,1
4YIJ,1416,A,87,LYS,HN,0,1,2,0,0,6,3,0,3,11,5,1,6,22,7,1,12,35,11,1
4YIJ,1417,A,87,LYS,HN,0,1,1,0,0,3,2,1,4,14,5,1,8,27,9,1,13,42,13,1
4YIJ,1418,A,87,LYS,HN,0,3,3,1,2,11,4,1,7,25,8,1,12,34,11,1,15,52,17,1
4YIJ,1419,A,88,MET,N,10,36,10,1,11,47,13,1,16,61,17,1,19,90,21,1,27,121,26,1
4YIJ,1420,A,88,MET,CA,9,41,11,1,14,53,15,1,16,76,17,1,22,106,23,1,28,141,31,1
4YIJ,1421,A,88,MET,C,9,41,10,1,12,57,13,1,15,76,17,1,22,112,25,1,30,149,30,1
4YIJ,1422,A,88,MET,O,8,37,11,1,11,55,12,1,14,78,15,1,24,105,23,1,27,134,31,1
4YIJ,1423,A,88,MET,HN,9,33,8,0,11,43,11,1,14,59,16,1,18,78,19,1,24,114,25,1
4YIJ,1424,A,88,MET,H,11,38,10,1,15,58,15,1,18,83,20,1,22,112,27,1,31,144,32,1
4YIJ,1425,A,88,MET,C,10,40,11,0,15,56,14,1,17,77,18,1,24,107,23,1,27,137,28,1
4YIJ,1426,A,88,MET,C,10,42,9,0,13,61,17,0,19,90,19,1,28,117,24,1,32,153,33,1
4YIJ,1427,A,88,MET,S,10,44,12,0,13,68,16,0,23,98,19,0,28,119,26,1,35,149,35,1
4YIJ,1428,A,88,MET,C,10,43,8,0,15,55,16,0,16,76,18,0,25,107,25,0,35,145,34,1
4YIJ,1429,A,88,MET,H,9,36,9,0,13,54,11,1,18,80,19,1,21,102,22,1,31,133,27,1
4YIJ,1430,A,88,MET,H,10,40,9,0,14,55,15,0,17,73,18,1,21,92,23,1,29,127,27,1
4YIJ,1431,A,88,MET,H,11,48,11,0,14,65,16,0,19,88,21,1,27,120,24,1,35,149,35,1
4YIJ,1432,A,88,MET,H,10,47,9,0,13,66,15,1,18,92,19,1,28,122,25,1,32,160,36,1
4YIJ,1433,A,88,MET,H,9,42,9,0,13,58,13,0,18,77,23,0,28,107,26,0,35,146,30,0
4YIJ,1434,A,88,MET,H,7,38,10,0,14,52,14,0,17,67,16,0,25,96,23,0,30,141,30,1
4YIJ,1435,A,88,MET,H,10,43,9,0,13,57,13,0,17,74,20,0,25,108,26,0,36,138,34,1
4YIJ,1436,A,89,VAL,N,10,48,10,2,12,63,13,2,16,84,19,2,25,116,24,2,35,163,36,2
4YIJ,1437,A,89,VAL,CA,9,44,7,2,13,67,15,2,16,91,20,2,25,119,27,2,39,167,39,2
4YIJ,1438,A,89,VAL,C,9,38,8,2,12,66,11,2,19,97,22,2,26,131,31,2,38,167,42,2
4YIJ,1439,A,89,VAL,O,8,39,9,2,12,65,13,2,17,99,20,2,28,129,33,2,40,161,45,2
4YIJ,1440,A,89,VAL,HN,9,43,10,2,13,60,13,2,18,91,22,2,25,131,25,2,34,156,36,2
4YIJ,1441,A,89,VAL,H,9,45,8,2,14,65,14,2,18,86,18,2,25,114,29,2,34,151,38,2
4YIJ,1442,A,89,VAL,C,11,47,8,2,13,67,14,2,20,94,22,2,28,128,32,2,42,172,42,2
4YIJ,1443,A,89,VAL,C,12,43,8,1,14,69,14,2,22,92,25,2,30,132,35,2,45,172,43,2
4YIJ,1444,A,89,VAL,C,7,46,8,1,15,66,14,2,21,97,20,2,31,125,30,2,39,165,44,2
4YIJ,1445,A,89,VAL,H,9,41,9,2,14,74,14,2,22,94,22,2,31,142,34,2,39,178,42,2
4YIJ,1446,A,89,VAL,H,9,46,8,1,18,71,17,1,23,99,25,2,33,129,38,2,42,183,44,2
4YIJ,1447,A,89,VAL,H,9,44,10,1,17,64,14,1,21,95,24,2,31,121,31,2,44,171,41,2
4YIJ,1448,A,89,VAL,H,8,45,9,1,18,68,16,2,24,95,23,2,35,133,39,2,43,178,47,2
4YIJ,1449,A,89,VAL,H,7,42,8,1,14,64,15,1,25,95,21,2,33,135,30,2,43,176,47,2
4YIJ,1450,A,89,VAL,H,8,41,10,1,14,70,13,2,21,95,18,2,28,123,27,2,36,167,42,2
4YIJ,1451,A,89,VAL,H,9,42,9,1,15,63,13,1,21,95,19,2,27,123,29,2,37,157,42,2
4YIJ,1452,A,90,ASN,N,8,48,7,2,12,71,14,2,18,99,19,2,27,130,32,2,40,180,40,2
4YIJ,1453,A,90,ASN,CA,9,49,6,1,14,70,15,2,19,105,24,2,28,134,29,2,43,175,43,2
4YIJ,1454,A,90,ASN,C,7,42,8,1,12,66,16,2,21,99,23,2,33,140,29,2,39,174,43,2
4YIJ,1455,A,90,ASN,O,7,46,10,1,14,63,16,1,22,101,25,2,30,140,33,2,43,174,46,2
4YIJ,1456,A,90,ASN,HN,9,50,8,2,12,70,13,2,16,99,21,2,27,132,28,2,39,176,42,2
4YIJ,1457,A,90,ASN,H,8,46,10,1,16,74,17,2,21,94,23,2,31,142,34,2,44,181,44,2
4YIJ,1458,A,90,ASN,C,11,54,8,1,13,75,12,1,20,102,26,2,32,130,33,2,41,176,44,2
4YIJ,1459,A,90,ASN,C,10,52,8,1,14,72,15,1,20,103,20,1,29,132,34,2,41,182,47,2
4YIJ,1460,A,90,ASN,O,9,47,7,1,15,67,14,1,19,100,19,2,29,142,30,2,39,182,43,2
4YIJ,1461,A,90,ASN,N,10,51,8,1,11,74,14,1,22,99,24,1,31,140,30,1,42,192,49,2
4YIJ,1462,A,90,ASN,H,11,48,9,1,14,77,15,1,25,103,24,1,31,134,34,2,44,181,46,2
4YIJ,1463,A,90,ASN,H,11,55,9,1,16,77,13,1,21,101,24,1,28,127,35,2,43,169,42,2
4YIJ,1464,A,90,ASN,HN,9,46,9,1,11,69,15,1,23,95,25,1,36,151,31,1,44,187,46,1
4YIJ,1465,A,90,ASN,HN,10,47,8,1,13,72,14,1,21,105,21,1,33,140,33,1,39,185,42,2
4YIJ,1466,A,91,GLU,N,9,39,7,1,10,64,13,2,21,97,17,2,31,127,27,2,41,162,34,2
4YIJ,1467,A,91,GLU,CA,9,39,9,1,13,53,13,1,17,86,18,2,31,123,24,2,39,159,34,2
4YIJ,1468,A,91,GLU,C,9,39,8,1,13,53,13,2,18,72,16,2,26,117,25,2,41,157,34,2
4YIJ,1469,A,91,GLU,O,11,37,10,1,14,55,11,1,20,79,16,2,30,109,28,2,36,149,34,2
4YIJ,1470,A,91,GLU,HN,8,46,8,1,12,69,10,2,19,100,18,2,27,115,25,2,38,158,35,2
4YIJ,1471,A,91,GLU,H,11,39,10,1,14,58,15,1,20,88,22,1,31,128,25,2,42,161,38,2
4YIJ,1472,A,91,GLU,C,8,35,6,1,11,53,10,1,19,76,15,2,25,111,22,2,36,142,29,2
4YIJ,1473,A,91,GLU,C,9,35,6,1,14,46,9,1,19,67,18,1,24,94,20,2,33,127,25,2
4YIJ,1474,A,91,GLU,C,4,23,3,1,11,39,9,1,19,63,13,1,21,78,18,2,31,106,23,2
4YIJ,1475,A,91,GLU,O,3,21,4,1,8,36,7,1,13,55,11,2,23,81,16,2,29,105,21,2
4YIJ,1476,A,91,GLU,O,5,17,2,1,7,35,5,1,17,54,12,1,21,72,17,1,27,93,21,2
4YIJ,1477,A,91,GLU,H,8,32,8,1,10,56,9,2,18,79,13,2,22,100,19,2,34,136,29,2
4YIJ,1478,A,91,GLU,H,7,36,6,1,14,55,11,1,21,80,16,1,28,109,24,2,32,141,28,2
4YIJ,1479,A,91,GLU,H,9,38,5,1,15,51,12,1,20,70,16,1,24,91,22,1,32,129,26,2
4YIJ,1480,A,91,GLU,H,10,37,7,1,15,46,11,1,17,67,15,1,27,89,20,2,34,122,25,2
4YIJ,1481,A,92,ALA,N,8,43,10,2,9,58,12,2,18,75,17,2,24,110,25,2,33,155,33,2
4YIJ,1482,A,92,ALA,CA,9,41,10,1,10,55,11,2,15,74,18,2,22,99,24,2,32,132,32,2
4YIJ,1483,A,92,ALA,C,10,43,10,1,11,59,11,1,16,83,22,2,23,103,27,2,38,134,37,2
4YIJ,1484,A,92,ALA,O,10,42,9,1,13,57,13,1,16,73,18,1,24,101,27,2,34,135,38,2
4YIJ,1485,A,92,ALA,HN,7,41,10,2,10,55,11,2,15,82,18,2,22,119,24,2,36,148,35,2
4YIJ,1486,A,92,ALA,H,8,35,10,1,12,54,13,2,16,72,17,2,22,90,20,2,30,117,29,2
4YIJ,1487,A,92,ALA,C,9,43,8,1,9,52,13,2,16,70,16,2,23,96,22,2,32,133,33,2
4YIJ,1488,A,92,ALA,H,9,40,7,1,10,53,10,1,15,65,15,2,22,90,22,2,31,123,30,2
4YIJ,1489,A,92,ALA,H,9,38,8,1,10,59,11,2,18,77,19,2,23,111,25,2,32,142,35,2
4YIJ,1490,A,92,ALA,H,9,38,7,1,11,49,11,2,13,72,16,2,23,94,20,2,31,122,28,2
4YIJ,1491,A,93,LEU,N,11,43,9,1,12,67,17,1,16,85,25,2,28,106,31,2,40,145,39,2
4YIJ,1492,A,93,LEU,CA,9,48,14,0,13,66,16,1,22,87,23,1,29,116,32,2,40,157,47,2
4YIJ,1493,A,93,LEU,C,10,42,12,0,14,65,18,0,21,92,22,1,32,127,33,2,42,166,45,2
4YIJ,1494,A,93,LEU,O,8,39,11,0,15,63,17,0,21,95,25,0,34,133,31,1,45,166,47,2
4YIJ,1495,A,93,LEU,HN,8,42,9,1,14,69,16,2,17,90,24,2,26,113,32,2,43,150,42,2
4YIJ,1496,A,93,LEU,H,11,45,15,1,16,61,18,1,18,83,21,1,30,113,32,1,40,156,44,2
4YIJ,1497,A,93,LEU,C,10,48,11,0,17,73,18,1,23,90,26,2,32,122,36,2,45,167,50,2
4YIJ,1498,A,93,LEU,C,9,52,10,1,18,71,18,1,24,90,31,1,33,122,38,2,43,167,47,2
4YIJ,1499,A,93,LEU,C,10,48,11,0,19,64,22,1,26,94,30,2,37,131,41,2,47,176,47,2
4YIJ,1500,A,93,LEU,C,11,48,11,0,18,68,20,1,25,93,31,1,35,122,40,1,44,160,46,2
4YIJ,1501,A,93,LEU,H,12,47,14,0,19,69,17,0,23,92,28,1,36,135,39,2,43,173,51,2
4YIJ,1502,A,93,LEU,H,12,42,13,0,17,73,18,2,23,97,27,2,35,126,37,2,43,166,49,2
4YIJ,1503,A,93,LEU,H,8,53,11,1,17,65,17,1,25,91,25,2,32,121,36,2,42,164,48,2
4YIJ,1504,A,93,LEU,H,12,42,10,0,17,70,21,1,28,99,28,1,39,130,39,2,46,173,48,2
4YIJ,1505,A,93,LEU,H,11,46,14,0,20,62,21,0,27,92,34,1,35,134,41,2,47,171,46,2
4YIJ,1506,A,93,LEU,H,10,44,13,0,19,67,21,2,26,99,28,2,35,134,36,2,44,171,47,2
4YIJ,1507,A,93,LEU,H,12,43,13,1,14,66,19,1,26,91,31,1,35,120,37,1,42,161,45,1
4YIJ,1508,A,93,LEU,H,10,42,12,0,18,65,20,1,24,89,28,1,31,119,35,1,41,150,45,1
4YIJ,1509,A,93,LEU,H,9,41,11,0,17,71,21,0,24,99,31,1,37,125,40,1,44,155,46,1
4YIJ,1510,A,94,VAL,N,11,48,13,0,14,66,17,0,24,91,27,1,33,125,34,2,43,173,45,2
4YIJ,1511,A,94,VAL,CA,13,52,13,0,18,69,20,0,25,95,28,0,33,132,38,1,42,175,44,2
4YIJ,1512,A,94,VAL,C,15,45,11,0,20,68,17,0,26,96,27,0,32,128,33,1,41,162,41,2
4YIJ,1513,A,94,VAL,O,17,46,13,0,19,69,21,0,29,103,25,0,34,127,33,0,41,154,43,0
4YIJ,1514,A,94,VAL,HN,11,48,10,0,17,69,18,1,22,91,26,2,31,123,35,2,42,169,42,2
4YIJ,1515,A,94,VAL,H,12,53,14,0,16,73,19,0,27,99,27,0,35,138,34,0,42,173,48,1
4YIJ,1516,A,94,VAL,C,14,47,14,0,20,71,18,0,27,90,29,1,32,137,35,1,44,175,43,2
4YIJ,1517,A,94,VAL,C,16,44,16,0,22,67,18,0,29,101,28,0,34,130,36,1,43,161,39,1
4YIJ,1518,A,94,VAL,C,15,49,12,0,21,69,20,0,24,95,31,1,33,140,37,1,43,176,42,1
4YIJ,1519,A,94,VAL,H,14,46,11,0,18,66,22,1,28,98,28,1,35,131,33,1,41,169,43,2
4YIJ,1520,A,94,VAL,H,11,40,15,0,23,66,20,0,31,98,24,1,34,132,34,1,41,157,40,1
4YIJ,1521,A,94,VAL,H,14,45,14,0,25,74,19,0,28,101,27,0,35,133,34,0,45,159,42,1
4YIJ,1522,A,94,VAL,H,17,43,15,0,22,71,17,0,26,97,28,0,35,124,35,1,42,159,42,1
4YIJ,1523,A,94,VAL,H,14,46,11,0,21,67,22,1,28,105,31,1,35,133,36,1,46,176,43,1
4YIJ,1524,A,94,VAL,H,13,45,11,0,19,68,19,1,25,100,31,1,33,135,36,1,45,176,45,2
4YIJ,1525,A,94,VAL,H,13,50,13,0,19,73,22,0,25,99,31,1,34,136,36,1,46,179,43,1
4YIJ,1526,A,95,ARG,N,11,36,11,0,17,62,18,0,23,86,26,0,24,116,31,2,37,150,39,2
4YIJ,1527,A,95,ARG,CA,10,35,12,0,16,51,20,0,20,78,25,0,28,107,29,0,33,135,32,2
4YIJ,1528,A,95,ARG,C,9,31,11,0,16,48,18,0,19,74,20,0,27,103,29,0,32,128,36,1
4YIJ,1529,A,95,ARG,O,10,36,13,0,16,46,16,0,21,70,20,0,27,99,30,0,31,124,36,0
4YIJ,1530,A,95,ARG,HN,9,37,11,0,14,60,17,0,22,83,21,1,25,112,31,2,32,143,40,2
4YIJ,1531,A,95,ARG,H,11,36,12,0,15,52,20,0,22,79,27,0,28,108,28,0,33,140,33,1
4YIJ,1532,A,95,ARG,C,10,30,11,0,12,39,18,0,17,65,21,0,24,95,26,1,31,120,30,2
4YIJ,1533,A,95,ARG,C,7,27,8,0,11,35,15,0,16,53,19,0,21,72,25,0,28,101,26,1
4YIJ,1534,A,95,ARG,C,7,22,9,0,12,41,17,0,15,54,19,0,22,71,22,0,27,96,28,0
4YIJ,1535,A,95,ARG,N,7,16,7,0,9,28,11,0,15,46,18,0,17,64,20,0,26,78,25,0
4YIJ,1536,A,95,ARG,C,5,17,7,0,11,27,10,0,13,48,13,0,20,63,23,0,24,78,25,0
4YIJ,1537,A,95,ARG,N,8,24,10,0,12,35,12,0,17,54,18,0,24,72,24,0,26,90,28,0
4YIJ,1538,A,95,ARG,N,3,13,6,0,7,23,8,0,13,39,10,0,16,48,15,0,20,65,24,0
4YIJ,1539,A,95,ARG,H,9,24,10,0,11,36,14,0,14,63,19,1,24,92,23,2,26,120,28,2
4YIJ,1540,A,95,ARG,H,9,28,11,0,15,47,16,0,18,69,21,0,25,92,26,2,28,118,32,2
4YIJ,1541,A,95,ARG,H,6,23,8,0,10,36,12,0,14,46,18,0,21,68,25,0,27,100,27,1
4YIJ,1542,A,95,ARG,H,4,15,7,0,11,30,10,0,12,42,18,0,18,69,21,0,24,94,25,1
4YIJ,1543,A,95,ARG,H,7,25,12,0,12,41,15,0,17,56,18,0,22,67,22,0,23,89,26,0
4YIJ,1544,A,95,ARG,H,10,27,11,0,13,46,18,0,21,64,19,0,24,84,26,0,28,108,32,0
4YIJ,1545,A,95,ARG,HN,6,10,6,0,7,24,9,0,11,37,15,0,16,56,19,0,21,72,21,0
4YIJ,1546,A,95,ARG,HN,7,27,10,0,14,40,15,0,22,57,19,0,23,80,27,0,30,102,29,0
4YIJ,1547,A,95,ARG,HN,6,23,8,0,12,38,13,0,17,48,18,0,21,66,23,0,26,87,27,0
4YIJ,1548,A,95,ARG,HN,4,8,6,0,6,16,6,0,12,30,10,0,13,42,15,0,17,57,20,0
4YIJ,1549,A,95,ARG,HN,4,13,5,0,8,26,8,0,15,38,12,0,16,50,16,0,20,60,22,0
4YIJ,1550,A,96,GLN,N,11,34,9,0,14,56,14,0,22,76,19,0,25,100,24,1,35,135,40,1
4YIJ,1551,A,96,GLN,CA,10,35,9,0,16,50,13,0,18,71,20,0,26,101,24,1,33,129,33,1
4YIJ,1552,A,96,GLN,C,13,36,11,0,16,58,13,0,21,87,21,0,27,110,26,0,33,134,37,0
4YIJ,1553,A,96,GLN,O,11,33,9,0,14,56,14,0,20,86,23,0,25,106,26,0,32,123,32,0
4YIJ,1554,A,96,GLN,HN,10,38,10,0,14,53,12,0,19,71,18,1,26,106,27,1,34,137,38,2
4YIJ,1555,A,96,GLN,H,11,30,8,0,14,47,13,0,18,66,18,0,24,90,23,0,29,115,30,1
4YIJ,1556,A,96,GLN,C,8,35,6,0,11,46,13,0,17,66,17,1,23,87,24,1,31,117,33,1
4YIJ,1557,A,96,GLN,C,8,30,5,0,9,38,8,0,12,50,17,1,18,76,22,1,27,103,28,1
4YIJ,1558,A,96,GLN,C,5,21,4,0,8,36,6,1,13,47,12,1,17,68,19,1,27,97,24,1
4YIJ,1559,A,96,GLN,O,5,23,4,0,10,39,9,1,13,49,14,1,19,71,18,1,25,95,25,1
4YIJ,1560,A,96,GLN,N,2,15,2,0,6,24,4,1,11,43,9,1,15,58,15,1,20,85,22,1
4YIJ,1561,A,96,GLN,H,6,32,8,0,9,42,13,0,17,64,15,0,21,84,23,1,30,115,30,1
4YIJ,1562,A,96,GLN,H,8,34,7,0,10,50,15,0,17,72,20,1,25,99,25,1,33,132,35,1
4YIJ,1563,A,96,GLN,H,7,29,6,0,9,38,8,1,14,58,15,1,21,80,23,1,29,112,30,1
4YIJ,1564,A,96,GLN,H,8,24,5,0,10,35,6,0,13,46,13,1,17,68,23,1,26,95,26,1
4YIJ,1565,A,96,GLN,HN,1,14,2,0,8,21,4,1,12,37,8,1,14,55,13,1,21,82,20,1
4YIJ,1566,A,96,GLN,HN,1,11,1,0,3,22,4,1,9,36,7,1,14,56,13,1,19,75,17,1
4YIJ,1567,A,97,GLY,N,13,50,13,0,19,68,17,0,24,96,24,0,31,125,35,0,34,151,40,0
4YIJ,1568,A,97,GLY,CA,14,49,13,0,18,74,16,0,24,98,26,0,32,128,35,0,37,153,42,0
4YIJ,1569,A,97,GLY,C,12,52,11,0,16,72,15,0,24,97,27,0,29,128,32,0,42,163,44,0
4YIJ,1570,A,97,GLY,O,11,52,10,0,15,69,15,0,20,94,22,0,29,127,35,0,40,157,43,0
4YIJ,1571,A,97,GLY,HN,15,49,14,0,20,67,16,0,26,95,23,0,31,132,33,0,37,160,44,0
4YIJ,1572,A,97,GLY,H,15,55,11,0,20,75,19,0,24,101,27,0,33,128,36,0,39,165,44,0
4YIJ,1573,A,97,GLY,H,14,45,14,0,17,71,19,0,25,98,24,0,30,118,31,0,34,143,40,0
4YIJ,1574,A,98,LEU,N,12,44,11,0,13,75,17,0,21,95,27,0,31,124,33,0,41,157,43,0
4YIJ,1575,A,98,LEU,CA,10,40,12,0,18,69,19,0,24,96,26,0,32,126,32,0,41,162,46,0
4YIJ,1576,A,98,LEU,C,11,43,9,0,18,72,18,0,24,99,28,0,31,137,38,0,45,170,49,0
4YIJ,1577,A,98,LEU,O,10,41,9,0,18,67,18,0,26,96,28,0,31,129,39,0,41,166,46,0
4YIJ,1578,A,98,LEU,HN,10,43,9,0,15,69,16,0,20,98,27,0,33,125,31,0,44,160,44,1
4YIJ,1579,A,98,LEU,H,11,45,10,0,17,65,21,0,22,97,26,0,31,122,32,0,38,150,43,0
4YIJ,1580,A,98,LEU,C,9,45,14,0,18,68,20,0,25,91,26,0,28,120,32,1,36,148,42,1
4YIJ,1581,A,98,LEU,C,11,43,12,0,17,61,16,0,20,83,23,0,26,102,29,1,35,135,36,1
4YIJ,1582,A,98,LEU,C,12,34,12,0,14,58,16,0,22,77,25,1,27,101,29,1,32,129,32,1
4YIJ,1583,A,98,LEU,C,10,39,10,0,15,58,17,0,20,77,20,0,26,96,27,0,33,122,34,0
4YIJ,1584,A,98,LEU,H,11,44,14,0,18,66,19,0,24,92,27,0,30,124,36,0,36,145,41,1
4YIJ,1585,A,98,LEU,H,10,43,12,0,17,61,21,0,26,91,26,0,32,123,31,1,39,160,45,1
4YIJ,1586,A,98,LEU,H,11,42,14,0,13,63,15,0,22,76,21,0,27,100,32,1,37,131,36,1
4YIJ,1587,A,98,LEU,H,9,32,12,0,14,49,14,0,19,70,21,1,25,96,26,1,32,116,30,1
4YIJ,1588,A,98,LEU,H,11,42,13,0,16,56,18,0,21,74,23,1,27,103,29,1,29,128,34,1
4YIJ,1589,A,98,LEU,H,11,38,12,0,15,54,20,1,18,79,25,1,30,105,28,1,33,133,33,1
4YIJ,1590,A,98,LEU,H,9,35,9,0,13,49,14,0,19,71,19,0,22,91,24,0,31,109,32,0
4YIJ,1591,A,98,LEU,H,10,40,11,0,13,57,15,0,22,76,22,0,27,105,26,0,33,126,37,0
4YIJ,1592,A,98,LEU,H,11,36,12,0,15,60,14,0,20,79,22,0,24,94,27,0,32,116,34,0
4YIJ,1593,A,99,GLU,N,13,42,9,0,16,69,14,0,23,101,28,0,32,143,37,0,44,177,48,0
4YIJ,1594,A,99,GLU,CA,10,44,7,0,15,63,18,0,24,91,27,0,32,127,38,0,45,179,48,0
4YIJ,1595,A,99,GLU,C,10,48,11,0,15,66,16,0,18,93,28,0,35,128,36,0,48,165,42,0
4YIJ,1596,A,99,GLU,O,11,50,8,0,16,74,21,0,23,102,24,0,33,136,32,0,48,169,42,0
4YIJ,1597,A,99,GLU,HN,11,40,9,0,16,66,15,0,24,107,26,0,32,144,37,0,45,175,45,0
4YIJ,1598,A,99,GLU,H,9,42,7,0,14,67,16,0,24,93,26,0,33,121,35,0,45,168,50,0
4YIJ,1599,A,99,GLU,C,10,46,11,0,17,62,18,0,26,88,30,0,35,131,36,0,45,174,45,0
4YIJ,1600,A,99,GLU,C,9,41,13,0,16,60,18,0,25,91,29,0,38,130,37,0,45,171,46,0
4YIJ,1601,A,99,GLU,C,10,39,14,0,17,62,21,0,24,88,25,0,35,124,37,0,47,156,46,0
4YIJ,1602,A,99,GLU,O,10,37,14,0,21,60,21,0,24,92,26,0,33,124,34,0,45,153,42,0
4YIJ,1603,A,99,GLU,O,10,39,14,0,20,59,18,0,24,87,25,0,33,120,39,0,47,161,47,0
4YIJ,1604,A,99,GLU,H,12,43,12,0,13,64,19,0,25,91,29,0,34,120,36,0,41,168,41,0
4YIJ,1605,A,99,GLU,H,10,44,13,0,19,64,19,0,25,101,26,0,33,136,36,0,45,170,45,2
4YIJ,1606,A,99,GLU,H,11,40,11,0,14,65,21,0,28,96,26,0,37,135,36,0,45,166,51,1
4YIJ,1607,A,99,GLU,H,9,44,14,0,15,61,19,0,24,82,26,0,35,123,37,0,45,167,47,0
4YIJ,1608,A,100,LYS,N,10,47,13,0,13,64,18,0,21,79,25,0,27,119,35,0,45,156,41,0
4YIJ,1609,A,100,LYS,CA,11,49,13,0,13,60,16,0,20,80,23,0,29,113,32,0,38,147,41,0
4YIJ,1610,A,100,LYS,C,10,38,10,0,16,58,17,0,22,85,22,0,29,118,30,0,41,150,41,0
4YIJ,1611,A,100,LYS,O,10,37,12,0,14,57,21,0,23,88,22,0,31,116,31,0,38,145,39,0
4YIJ,1612,A,100,LYS,HN,10,46,14,0,13,61,18,0,19,78,23,0,27,113,34,0,42,154,45,0
4YIJ,1613,A,100,LYS,H,11,47,12,0,14,65,16,0,25,89,24,0,32,112,32,0,40,147,43,0
4YIJ,1614,A,100,LYS,C,9,40,8,0,11,59,17,0,20,70,23,0,26,95,26,0,36,138,36,0
4YIJ,1615,A,100,LYS,C,7,35,10,0,11,47,16,0,15,66,21,0,23,93,25,0,30,123,33,0
4YIJ,1616,A,100,LYS,C,6,29,8,0,11,43,13,0,14,59,19,0,20,90,22,0,26,103,26,0
4YIJ,1617,A,100,LYS,C,7,24,9,0,9,37,14,0,14,58,17,0,18,76,20,0,23,98,24,0
4YIJ,1618,A,100,LYS,N,6,19,8,0,8,32,10,0,11,50,13,0,15,68,17,0,20,82,22,0
4YIJ,1619,A,100,LYS,H,8,37,9,0,13,57,15,0,17,72,21,0,26,97,29,0,38,132,38,0
4YIJ,1620,A,100,LYS,H,7,34,7,0,13,53,11,0,19,71,21,0,25,95,26,0,33,121,36,0
4YIJ,1621,A,100,LYS,H,10,32,11,0,12,51,16,0,16,72,18,0,22,90,30,0,31,122,31,0
4YIJ,1622,A,100,LYS,H,7,34,11,0,11,49,17,0,16,69,22,0,22,96,25,0,34,129,36,0
4YIJ,1623,A,100,LYS,H,7,31,8,0,10,38,12,0,14,59,17,0,21,81,21,0,24,104,29,0
4YIJ,1624,A,100,LYS,H,7,24,7,0,10,40,11,0,15,58,16,0,19,85,21,0,26,104,28,0
4YIJ,1625,A,100,LYS,H,7,26,10,0,11,44,13,0,13,55,17,0,19,76,20,0,21,99,26,0
4YIJ,1626,A,100,LYS,H,7,27,10,0,9,37,14,0,13,63,18,0,19,78,21,0,23,93,27,0
4YIJ,1627,A,100,LYS,HN,6,17,9,0,8,34,9,0,11,44,12,0,14,58,17,0,18,75,20,0
4YIJ,1628,A,100,LYS,HN,4,23,8,0,8,31,10,0,10,46,12,0,13,62,18,0,19,80,22,0
4YIJ,1629,A,100,LYS,HN,4,14,6,0,9,28,9,0,10,49,12,0,17,63,16,0,18,80,20,0
4YIJ,1630,A,101,VAL,N,10,40,9,0,17,53,15,0,22,86,21,0,31,112,30,0,44,148,39,0
4YIJ,1631,A,101,VAL,CA,10,40,9,0,14,57,13,0,20,77,22,0,31,107,31,0,40,141,38,0
4YIJ,1632,A,101,VAL,C,11,33,8,0,12,53,13,0,18,72,19,0,24,93,27,0,34,131,35,0
4YIJ,1633,A,101,VAL,O,10,26,7,0,11,44,11,0,17,68,16,0,23,93,23,0,27,110,33,0
4YIJ,1634,A,101,VAL,HN,10,38,9,0,15,56,13,0,24,80,20,0,30,114,26,0,40,140,42,0
4YIJ,1635,A,101,VAL,H,10,42,10,0,17,61,14,0,25,85,24,0,35,114,32,0,42,154,41,1
4YIJ,1636,A,101,VAL,C,10,41,8,0,14,54,14,0,22,74,20,0,28,103,30,0,40,137,35,0
4YIJ,1637,A,101,VAL,C,10,39,8,0,15,52,15,0,19,69,22,0,27,98,26,0,35,136,35,1
4YIJ,1638,A,101,VAL,C,10,44,11,0,20,60,18,0,24,84,23,0,32,115,26,0,43,152,39,1
4YIJ,1639,A,101,VAL,H,7,32,9,0,16,52,12,0,22,74,18,0,25,94,27,0,35,127,33,0
4YIJ,1640,A,101,VAL,H,10,37,11,0,15,50,14,0,21,70,20,0,26,97,26,0,32,122,33,1
4YIJ,1641,A,101,VAL,H,11,45,11,0,14,55,16,0,21,76,23,0,31,106,27,0,37,142,39,1
4YIJ,1642,A,101,VAL,H,9,36,9,0,15,48,13,0,18,65,19,0,23,91,25,0,35,123,32,0
4YIJ,1643,A,101,VAL,H,11,40,11,0,17,59,18,0,23,81,21,0,29,108,26,0,38,143,35,1
4YIJ,1644,A,101,VAL,H,15,39,11,0,17,62,18,0,25,94,23,0,35,118,29,0,40,151,38,1
4YIJ,1645,A,101,VAL,H,11,44,14,0,20,64,19,0,27,91,25,1,35,125,32,1,44,161,43,1
4YIJ,1646,A,102,ALA,N,11,40,9,0,14,53,14,0,16,74,22,0,25,98,25,0,31,130,35,0
4YIJ,1647,A,102,ALA,CA,11,38,8,0,15,45,14,0,16,60,18,0,20,91,22,0,26,116,30,0
4YIJ,1648,A,102,ALA,C,10,37,7,0,12,51,12,0,17,62,19,0,20,87,23,0,29,119,31,0
4YIJ,1649,A,102,ALA,O,9,40,10,0,12,56,12,0,19,76,18,0,25,106,27,0,33,128,36,0
4YIJ,1650,A,102,ALA,HN,10,41,8,0,15,56,15,0,19,80,23,0,26,105,26,0,35,143,38,0
4YIJ,1651,A,102,ALA,H,8,35,7,0,13,41,13,0,15,58,15,0,18,79,22,0,22,103,26,0
4YIJ,1652,A,102,ALA,C,11,35,9,0,15,45,15,0,17,68,19,0,20,86,22,0,26,111,30,0
4YIJ,1653,A,102,ALA,H,9,31,10,0,15,45,12,0,16,61,18,0,19,77,22,0,23,93,24,0
4YIJ,1654,A,102,ALA,H,11,37,12,0,14,52,16,0,17,69,18,0,22,93,26,0,25,122,32,0
4YIJ,1655,A,102,ALA,H,11,33,10,0,15,50,14,0,18,65,19,0,19,88,23,0,24,109,29,0
4YIJ,1656,A,103,TYR,N,7,29,7,0,12,38,9,0,15,50,15,0,19,67,21,0,28,96,25,0
4YIJ,1657,A,103,TYR,CA,5,24,5,0,8,35,9,0,16,51,12,0,20,68,18,0,27,90,27,0
4YIJ,1658,A,103,TYR,C,5,29,6,0,9,38,8,0,17,59,14,0,23,71,19,0,27,96,28,0
4YIJ,1659,A,103,TYR,O,8,34,6,0,11,43,9,0,17,60,16,0,24,84,21,0,31,112,30,0
4YIJ,1660,A,103,TYR,HN,7,25,6,0,11,35,9,0,14,44,15,0,16,60,19,0,22,82,22,0
4YIJ,1661,A,103,TYR,H,4,20,2,0,6,27,8,0,11,38,10,0,18,60,14,0,22,76,23,0
4YIJ,1662,A,103,TYR,C,8,29,6,0,10,40,11,0,13,56,15,0,20,73,20,0,31,99,30,0
4YIJ,1663,A,103,TYR,C,8,19,5,0,10,33,9,0,13,48,16,0,18,70,21,0,29,93,23,0
4YIJ,1664,A,103,TYR,C,3,13,3,0,9,21,5,0,11,36,12,0,15,63,18,0,25,82,22,0
4YIJ,1665,A,103,TYR,C,8,19,7,0,11,34,12,0,16,57,18,0,20,78,22,0,31,101,27,0
4YIJ,1666,A,103,TYR,C,2,10,4,0,7,15,6,0,12,30,12,0,15,55,15,0,24,81,23,0
4YIJ,1667,A,103,TYR,C,8,15,6,0,11,24,12,0,14,47,17,0,22,77,22,0,28,96,28,0
4YIJ,1668,A,103,TYR,C,4,10,4,0,10,18,8,0,12,38,15,0,19,57,17,0,26,94,26,0
4YIJ,1669,A,103,TYR,OH,3,6,3,0,7,17,8,0,14,32,12,0,19,52,20,0,26,86,26,0
4YIJ,1670,A,103,TYR,H,7,24,4,0,11,42,9,0,15,55,13,0,18,71,17,0,31,99,34,0
4YIJ,1671,A,103,TYR,H,10,32,8,0,11,47,13,0,15,64,16,0,22,79,22,0,32,112,33,0
4YIJ,1672,A,103,TYR,H,2,12,2,0,4,18,4,0,10,31,8,0,12,48,15,0,21,76,20,0
4YIJ,1673,A,103,TYR,H,10,24,10,0,13,41,15,0,17,63,19,0,23,84,22,0,31,113,32,0
4YIJ,1674,A,103,TYR,H,1,8,1,0,3,13,6,0,9,23,7,0,15,43,13,0,20,67,18,0
4YIJ,1675,A,103,TYR,H,8,16,9,0,11,28,13,0,20,53,19,0,24,80,24,0,29,102,31,0
4YIJ,1676,A,103,TYR,HO,5,11,6,0,9,20,9,0,15,35,16,0,21,51,21,0,26,89,28,0
4YIJ,1677,A,104,VAL,N,6,28,6,0,8,44,9,0,15,55,13,0,22,73,18,0,25,90,26,0
4YIJ,1678,A,104,VAL,CA,8,34,8,0,11,45,10,0,16,58,14,0,21,71,20,0,25,99,24,0
4YIJ,1679,A,104,VAL,C,6,28,7,0,10,37,9,0,14,48,12,0,16,61,16,0,22,78,21,0
4YIJ,1680,A,104,VAL,O,4,21,7,0,8,31,8,0,11,45,10,0,15,52,13,0,18,63,17,0
4YIJ,1681,A,104,VAL,HN,4,26,5,0,8,36,8,0,12,49,10,0,20,66,17,0,22,85,23,0
4YIJ,1682,A,104,VAL,H,9,37,9,0,15,51,12,0,19,65,18,0,22,83,20,0,28,105,26,0
4YIJ,1683,A,104,VAL,C,9,32,8,0,11,42,11,0,17,50,11,0,20,74,19,0,25,94,24,0
4YIJ,1684,A,104,VAL,C,9,27,9,0,15,43,11,0,18,55,13,0,21,75,18,0,23,93,25,0
4YIJ,1685,A,104,VAL,C,9,27,8,0,13,46,12,0,16,59,17,0,22,85,19,0,29,105,26,0
4YIJ,1686,A,104,VAL,H,8,23,6,0,9,39,9,0,13,47,11,0,17,59,17,0,22,82,19,0
4YIJ,1687,A,104,VAL,H,9,21,9,0,11,35,11,0,17,50,13,0,21,66,18,0,23,88,24,0
4YIJ,1688,A,104,VAL,H,11,29,10,0,16,45,12,0,18,68,16,0,22,84,23,0,27,102,27,0
4YIJ,1689,A,104,VAL,H,6,25,8,0,13,38,10,0,16,49,14,0,19,67,17,0,23,84,21,0
4YIJ,1690,A,104,VAL,H,7,25,8,0,13,35,13,0,15,57,17,0,21,81,20,0,26,100,26,0
4YIJ,1691,A,104,VAL,H,9,26,6,0,9,44,13,0,16,63,15,0,22,81,21,0,28,98,26,0
4YIJ,1692,A,104,VAL,H,11,31,9,0,15,51,16,0,20,71,18,0,25,99,21,0,30,115,31,0
4YIJ,1693,A,105,TYR,N,7,23,8,0,10,35,11,0,13,46,13,0,18,66,17,0,24,84,21,0
4YIJ,1694,A,105,TYR,CA,7,22,5,0,8,28,10,0,11,39,12,0,17,57,15,0,20,77,18,0
4YIJ,1695,A,105,TYR,C,7,21,8,0,9,30,11,0,12,40,13,0,17,59,16,0,20,76,21,0
4YIJ,1696,A,105,TYR,O,8,25,10,0,10,36,12,0,15,55,15,0,18,72,18,0,24,86,24,0
4YIJ,1697,A,105,TYR,HN,9,29,8,0,10,41,13,0,15,55,14,0,18,75,21,0,26,95,24,0
4YIJ,1698,A,105,TYR,H,6,17,5,0,8,24,7,0,8,32,11,0,14,43,12,0,17,61,15,0
4YIJ,1699,A,105,TYR,C,6,19,6,0,9,28,8,0,12,38,11,0,13,57,15,0,19,73,20,0
4YIJ,1700,A,105,TYR,C,5,15,4,0,7,27,7,0,10,37,8,0,13,57,12,0,19,66,20,0
4YIJ,1701,A,105,TYR,C,3,10,2,0,3,16,5,0,7,27,6,0,11,40,9,0,13,61,13,0
4YIJ,1702,A,105,TYR,C,4,17,4,0,7,28,6,0,9,49,8,0,18,59,15,0,23,80,26,0
4YIJ,1703,A,105,TYR,C,3,9,2,0,3,14,3,0,4,22,5,0,9,33,5,0,14,48,13,0
4YIJ,1704,A,105,TYR,C,2,13,3,0,4,22,4,0,7,35,6,0,17,58,14,0,21,76,21,0
4YIJ,1705,A,105,TYR,C,2,13,3,0,3,16,3,0,5,22,4,0,9,39,7,0,20,62,17,0
4YIJ,1706,A,105,TYR,OH,2,12,2,0,2,15,3,0,4,17,4,0,7,28,7,0,15,57,13,0
4YIJ,1707,A,105,TYR,H,5,15,5,0,8,26,7,0,11,33,9,0,14,47,15,0,16,65,18,0
4YIJ,1708,A,105,TYR,H,7,23,7,0,10,33,9,0,13,50,14,0,15,67,18,0,27,82,23,0
4YIJ,1709,A,105,TYR,H,2,10,3,0,3,14,4,0,8,24,6,0,8,35,9,0,14,48,12,0
4YIJ,1710,A,105,TYR,H,5,21,6,0,9,39,7,0,11,55,11,0,21,66,20,0,27,93,30,0
4YIJ,1711,A,105,TYR,H,2,9,2,0,3,12,2,0,3,17,3,0,5,23,5,0,11,37,9,0
4YIJ,1712,A,105,TYR,H,2,13,3,0,4,25,4,0,13,41,9,0,17,66,16,0,24,84,23,0
4YIJ,1713,A,105,TYR,HO,2,11,2,0,2,13,3,0,3,20,4,0,11,36,7,0,16,61,16,0
4YIJ,1714,A,106,LYS,N,6,21,7,0,8,28,10,0,10,36,11,0,14,48,14,0,16,66,17,0
4YIJ,1715,A,106,LYS,CA,5,17,6,0,9,22,10,0,11,36,12,0,14,50,14,0,16,62,18,0
4YIJ,1716,A,106,LYS,C,8,16,6,0,10,26,11,0,12,41,13,0,14,55,16,0,17,65,18,0
4YIJ,1717,A,106,LYS,O,8,16,5,0,11,26,10,0,11,36,14,0,13,48,16,0,16,62,17,0
4YIJ,1718,A,106,LYS,HN,6,19,5,0,6,27,8,0,8,31,10,0,11,39,11,0,17,54,16,0
4YIJ,1719,A,106,LYS,H,6,17,7,0,8,27,12,0,12,39,12,0,13,52,14,0,18,65,20,0
4YIJ,1720,A,106,LYS,C,5,8,3,0,5,17,6,0,7,23,9,0,10,38,13,0,13,50,14,0
4YIJ,1721,A,106,LYS,C,3,6,2,0,5,12,5,0,7,19,7,0,8,33,12,0,13,43,13,0
4YIJ,1722,A,106,LYS,C,2,3,2,0,3,6,2,0,5,8,5,0,7,19,6,0,7,30,12,0
4YIJ,1723,A,106,LYS,C,2,1,1,0,2,3,1,0,3,6,2,0,5,11,4,0,8,22,7,0
4YIJ,1724,A,106,LYS,N,0,0,0,0,1,0,0,0,2,3,1,0,3,5,2,0,5,9,4,0
4YIJ,1725,A,106,LYS,H,4,8,3,0,5,14,4,0,6,21,7,0,11,32,13,0,12,44,14,0
4YIJ,1726,A,106,LYS,H,4,9,3,0,5,17,5,0,7,21,8,0,9,31,11,0,11,43,12,0
4YIJ,1727,A,106,LYS,H,4,7,3,0,6,13,6,0,6,20,8,0,8,32,11,0,14,43,14,0
4YIJ,1728,A,106,LYS,H,4,6,3,0,6,13,3,0,8,23,11,0,11,32,12,0,14,44,16,0
4YIJ,1729,A,106,LYS,H,1,2,1,0,3,5,2,0,4,7,3,0,6,16,5,0,9,29,9,0
4YIJ,1730,A,106,LYS,H,2,3,1,0,2,5,2,0,4,8,4,0,5,16,7,0,7,26,9,0
4YIJ,1731,A,106,LYS,H,2,0,1,0,2,3,1,0,2,6,3,0,5,10,5,0,7,17,7,0
4YIJ,1732,A,106,LYS,H,1,1,1,0,2,4,1,0,3,6,3,0,7,14,5,0,9,23,10,0
4YIJ,1733,A,106,LYS,HN,0,0,0,0,1,0,0,0,2,1,1,0,2,3,1,0,3,6,2,0
4YIJ,1734,A,106,LYS,HN,0,0,0,0,1,1,0,0,2,2,1,0,3,5,2,0,3,10,3,0
4YIJ,1735,A,106,LYS,HN,0,0,0,0,1,0,0,0,2,3,1,0,2,5,2,0,4,7,5,0
4YIJ,1736,A,107,GLY,N,9,25,8,0,11,33,11,0,13,47,14,0,17,63,17,0,19,75,19,0
4YIJ,1737,A,107,GLY,CA,9,30,10,0,12,32,11,0,15,47,14,0,17,60,17,0,19,79,21,0
4YIJ,1738,A,107,GLY,C,11,29,11,0,13,46,12,0,15,60,17,0,20,82,20,0,29,104,25,0
4YIJ,1739,A,107,GLY,O,9,32,12,0,13,44,13,0,16,58,15,0,23,86,20,0,30,111,27,0
4YIJ,1740,A,107,GLY,HN,8,25,9,0,11,39,11,0,14,49,16,0,16,65,17,0,20,77,19,0
4YIJ,1741,A,107,GLY,H,8,29,9,0,13,34,11,0,14,40,13,0,16,59,17,0,21,76,20,0
4YIJ,1742,A,107,GLY,H,9,27,10,0,12,34,10,0,15,42,12,0,16,56,17,0,19,73,20,0
4YIJ,1743,A,108,ASN,N,10,32,11,0,11,47,13,0,17,67,17,0,20,90,22,0,29,104,26,0
4YIJ,1744,A,108,ASN,CA,10,35,11,0,14,60,14,0,18,85,19,0,25,104,26,0,30,117,31,0
4YIJ,1745,A,108,ASN,C,13,41,9,0,14,59,14,0,19,83,22,0,25,98,27,0,31,123,30,1
4YIJ,1746,A,108,ASN,O,10,42,12,0,16,60,16,0,21,87,23,0,26,108,28,0,34,135,32,1
4YIJ,1747,A,108,ASN,HN,9,30,9,0,11,50,14,0,15,66,14,0,18,83,20,0,23,98,25,0
4YIJ,1748,A,108,ASN,H,11,38,12,0,15,60,16,0,22,85,20,0,27,108,25,0,33,124,34,0
4YIJ,1749,A,108,ASN,C,10,41,11,0,15,59,14,0,20,81,22,0,26,110,27,0,33,124,33,0
4YIJ,1750,A,108,ASN,C,9,35,12,0,15,55,16,0,22,82,20,0,24,101,26,0,34,127,33,0
4YIJ,1751,A,108,ASN,O,7,35,11,0,15,58,14,0,21,76,19,0,25,96,23,0,30,118,28,0
4YIJ,1752,A,108,ASN,N,11,34,12,0,16,54,14,0,20,81,22,0,25,104,29,0,34,122,30,0
4YIJ,1753,A,108,ASN,H,12,46,9,0,17,64,17,0,23,83,23,0,28,113,30,0,34,145,36,0
4YIJ,1754,A,108,ASN,H,9,38,10,0,13,59,14,0,18,71,19,0,24,97,25,0,29,121,33,0
4YIJ,1755,A,108,ASN,HN,8,32,9,0,17,56,14,0,19,82,24,0,30,99,29,0,36,127,31,0
4YIJ,1756,A,108,ASN,HN,10,35,11,0,13,51,16,0,20,73,22,0,25,99,26,0,35,121,29,0
4YIJ,1757,A,109,ASN,N,10,40,10,0,13,62,13,0,18,73,20,0,23,95,26,0,30,117,28,1
4YIJ,1758,A,109,ASN,CA,8,38,13,0,13,51,14,0,17,74,17,0,27,93,20,0,31,124,30,1
4YIJ,1759,A,109,ASN,C,8,32,10,0,12,54,12,0,19,74,16,0,20,92,22,0,31,112,28,1
4YIJ,1760,A,109,ASN,O,8,28,10,0,12,44,11,0,18,67,16,0,23,87,21,0,28,104,25,1
4YIJ,1761,A,109,ASN,HN,10,39,9,0,11,55,12,0,18,71,18,0,18,84,24,0,29,109,28,0
4YIJ,1762,A,109,ASN,H,10,45,13,0,12,57,17,0,22,73,17,0,27,107,22,1,32,130,35,1
4YIJ,1763,A,109,ASN,C,9,33,11,0,10,45,14,0,14,61,16,0,21,89,18,0,30,104,22,0
4YIJ,1764,A,109,ASN,C,7,28,10,0,9,38,12,0,13,51,14,0,17,72,16,0,25,90,21,0
4YIJ,1765,A,109,ASN,O,7,26,11,0,9,39,11,0,14,56,13,0,18,68,16,0,20,86,21,0
4YIJ,1766,A,109,ASN,N,7,23,6,0,8,34,9,0,10,42,15,0,18,56,15,0,23,78,18,0
4YIJ,1767,A,109,ASN,H,8,33,9,0,11,44,15,0,14,61,16,0,20,84,17,0,29,106,23,0
4YIJ,1768,A,109,ASN,H,9,29,10,0,9,43,13,0,16,65,16,0,24,90,19,0,29,103,21,0
4YIJ,1769,A,109,ASN,HN,8,23,5,0,9,35,11,0,12,45,14,0,14,58,17,0,25,86,18,0
4YIJ,1770,A,109,ASN,HN,6,19,5,0,9,26,9,0,10,38,12,0,13,49,15,0,19,66,15,0
4YIJ,1771,A,110,THR,N,10,37,9,0,15,51,12,0,18,73,18,0,22,93,24,1,31,112,32,1
4YIJ,1772,A,110,THR,CA,10,30,8,0,13,45,11,0,17,65,18,0,22,91,23,1,29,110,29,1
4YIJ,1773,A,110,THR,C,8,29,8,0,11,47,12,0,15,63,15,1,19,85,21,1,30,112,30,1
4YIJ,1774,A,110,THR,O,7,26,7,0,10,42,12,0,13,55,14,1,18,73,18,1,23,99,26,1
4YIJ,1775,A,110,THR,HN,10,40,10,0,16,55,14,0,19,71,21,0,27,94,27,1,30,122,34,1
4YIJ,1776,A,110,THR,H,10,28,8,0,12,40,11,0,15,55,16,0,20,78,20,0,25,98,28,1
4YIJ,1777,A,110,THR,C,10,31,9,0,13,45,13,0,16,61,18,0,23,83,22,1,28,107,30,1
4YIJ,1778,A,110,THR,OH,12,29,7,0,13,45,13,0,15,57,19,0,20,72,21,0,26,95,26,1
4YIJ,1779,A,110,THR,C,7,25,6,0,10,43,12,0,17,54,15,0,20,81,20,1,24,101,24,1
4YIJ,1780,A,110,THR,H,10,38,10,0,13,53,14,0,19,68,18,1,26,91,26,1,33,117,32,1
4YIJ,1781,A,110,THR,HO,11,34,10,0,13,46,14,0,18,64,21,0,23,75,22,0,29,108,28,1
4YIJ,1782,A,110,THR,H,7,29,9,0,11,39,11,0,17,57,15,0,21,73,18,1,24,99,23,1
4YIJ,1783,A,110,THR,H,7,21,4,0,10,34,10,0,16,49,14,0,18,70,19,0,23,89,24,1
4YIJ,1784,A,110,THR,H,7,24,6,0,10,40,12,0,15,61,14,1,20,81,20,1,26,103,25,1
4YIJ,1785,A,111,HIS,N,7,33,9,0,8,51,12,1,16,68,17,1,21,99,24,1,31,120,34,1
4YIJ,1786,A,111,HIS,CA,6,38,5,1,8,45,11,1,12,71,18,1,17,94,24,1,28,123,32,1
4YIJ,1787,A,111,HIS,C,7,37,7,1,10,50,14,1,14,73,17,1,22,96,27,1,31,124,33,1
4YIJ,1788,A,111,HIS,O,7,39,6,1,11,57,13,1,16,79,20,1,24,101,25,1,31,124,37,1
4YIJ,1789,A,111,HIS,HN,7,35,8,0,10,56,13,1,17,77,20,1,27,105,28,1,34,129,35,1
4YIJ,1790,A,111,HIS,H,5,33,6,0,7,44,10,1,10,57,16,1,18,82,20,1,24,116,28,1
4YIJ,1791,A,111,HIS,C,5,35,5,1,10,59,12,1,12,78,21,1,23,103,29,1,33,133,35,1
4YIJ,1792,A,111,HIS,C,4,35,5,1,9,56,8,1,12,80,18,1,26,97,26,1,31,126,36,1
4YIJ,1793,A,111,HIS,N,3,28,5,1,6,42,6,1,9,67,13,1,20,91,23,1,31,112,32,1
4YIJ,1794,A,111,HIS,C,3,33,5,1,9,59,12,1,19,81,19,1,25,105,27,1,32,136,40,1
4YIJ,1795,A,111,HIS,C,3,25,4,1,5,43,9,1,11,63,11,1,22,90,22,1,27,117,31,1
4YIJ,1796,A,111,HIS,N,2,35,5,1,9,48,10,1,17,74,15,1,26,101,28,1,32,133,34,1
4YIJ,1797,A,111,HIS,H,6,40,7,1,8,54,14,1,13,78,19,1,21,102,27,1,31,129,34,1
4YIJ,1798,A,111,HIS,H,7,42,7,1,12,64,12,1,16,85,22,1,24,114,33,1,37,139,37,1
4YIJ,1799,A,111,HIS,HN,5,23,5,1,5,39,7,1,7,57,11,1,16,82,19,1,28,107,26,1
4YIJ,1800,A,111,HIS,H,5,42,9,1,12,66,13,1,22,90,19,1,28,115,32,1,35,147,39,1
4YIJ,1801,A,111,HIS,H,1,27,4,0,5,37,6,1,11,56,12,1,20,79,16,1,24,108,28,1
4YIJ,1802,A,111,HIS,HN,4,36,8,1,10,51,11,1,15,73,18,1,27,102,26,1,34,137,35,1
4YIJ,1803,A,112,GLU,N,9,41,8,0,12,55,11,0,16,66,14,1,26,94,21,1,34,117,28,1
4YIJ,1804,A,112,GLU,CA,10,40,7,0,14,52,11,0,19,67,18,0,29,93,21,1,30,117,28,1
4YIJ,1805,A,112,GLU,C,9,37,7,0,15,46,9,0,16,64,12,0,25,80,22,1,30,103,27,1
4YIJ,1806,A,112,GLU,O,9,37,7,0,13,52,10,0,19,68,14,0,24,91,23,1,30,104,29,1
4YIJ,1807,A,112,GLU,HN,8,35,7,0,11,49,11,0,17,69,15,1,22,84,20,1,32,112,26,1
4YIJ,1808,A,112,GLU,H,9,44,8,0,17,56,12,0,22,78,19,1,30,104,23,1,33,125,31,1
4YIJ,1809,A,112,GLU,C,9,31,6,0,14,48,11,0,21,63,15,0,25,84,21,0,28,104,24,1
4YIJ,1810,A,112,GLU,C,10,29,4,0,14,41,10,0,18,56,17,0,24,71,20,0,26,96,24,0
4YIJ,1811,A,112,GLU,C,7,21,4,0,14,33,9,0,18,45,12,0,21,68,18,0,24,80,23,0
4YIJ,1812,A,112,GLU,O,8,21,5,0,12,33,8,0,16,43,12,0,19,64,16,0,23,79,21,0
4YIJ,1813,A,112,GLU,O,6,17,3,0,11,27,5,0,15,41,11,0,20,58,16,0,22,75,20,0
4YIJ,1814,A,112,GLU,H,8,24,7,0,13,42,9,0,18,60,15,0,22,74,20,0,27,91,23,1
4YIJ,1815,A,112,GLU,H,10,31,8,0,16,55,12,0,21,71,18,0,25,87,22,0,29,107,25,1
4YIJ,1816,A,112,GLU,H,11,30,4,0,14,47,13,0,20,56,18,0,24,76,21,0,27,105,23,0
4YIJ,1817,A,112,GLU,H,10,25,4,0,13,38,8,0,16,46,13,0,21,65,19,0,27,89,21,0
4YIJ,1818,A,113,GLN,N,8,28,8,0,10,43,9,0,14,54,10,0,16,68,16,0,24,86,22,1
4YIJ,1819,A,113,GLN,CA,7,24,9,0,8,35,9,0,13,48,11,0,17,65,13,0,19,81,18,1
4YIJ,1820,A,113,GLN,C,7,28,6,0,10,37,10,0,13,51,12,0,17,72,14,1,22,85,20,1
4YIJ,1821,A,113,GLN,O,7,30,6,0,11,37,7,0,12,50,13,0,16,63,16,0,22,85,21,1
4YIJ,1822,A,113,GLN,HN,8,26,7,0,11,39,9,0,13,51,12,0,15,61,13,0,22,82,20,1
4YIJ,1823,A,113,GLN,H,6,20,8,0,9,34,9,0,14,49,11,0,15,61,12,0,20,79,18,0
4YIJ,1824,A,113,GLN,C,5,20,6,0,6,29,9,0,11,36,9,0,13,50,11,0,18,64,13,0
4YIJ,1825,A,113,GLN,C,4,11,6,0,7,20,7,0,9,31,9,0,12,42,10,0,15,55,12,0
4YIJ,1826,A,113,GLN,C,1,5,1,0,3,11,6,0,7,20,7,0,9,30,8,0,11,41,11,0
4YIJ,1827,A,113,GLN,O,1,1,1,0,2,9,4,0,7,18,7,0,9,33,7,0,10,39,10,0
4YIJ,1828,A,113,GLN,N,1,1,0,0,1,8,3,0,4,15,5,0,8,21,8,0,10,35,10,0
4YIJ,1829,A,113,GLN,H,5,19,3,0,7,25,9,0,9,32,10,0,13,43,11,0,17,59,12,0
4YIJ,1830,A,113,GLN,H,6,18,6,0,8,28,7,0,11,40,9,0,13,46,12,0,16,62,13,0
4YIJ,1831,A,113,GLN,H,3,12,6,0,8,20,6,0,9,32,9,0,12,45,10,0,14,55,13,0
4YIJ,1832,A,113,GLN,H,4,12,3,0,6,18,8,0,9,31,9,0,12,40,12,0,16,55,12,0
4YIJ,1833,A,113,GLN,HN,1,2,0,0,2,8,3,0,5,14,4,0,7,23,8,0,11,34,10,0
4YIJ,1834,A,113,GLN,HN,0,0,0,0,1,1,0,0,2,9,3,0,4,18,6,0,8,27,8,0
4YIJ,1835,A,114,LEU,N,9,28,8,0,9,44,10,0,14,57,13,1,17,71,18,1,23,91,23,1
4YIJ,1836,A,114,LEU,CA,8,34,7,0,11,41,10,1,13,53,13,1,18,74,17,1,23,97,23,1
4YIJ,1837,A,114,LEU,C,7,35,8,0,12,47,11,1,18,65,16,1,23,85,22,1,33,111,29,1
4YIJ,1838,A,114,LEU,O,8,34,10,0,11,49,10,0,18,64,16,1,26,83,22,1,31,102,30,1
4YIJ,1839,A,114,LEU,HN,8,31,7,0,11,44,10,0,13,57,12,1,17,74,18,1,23,92,24,1
4YIJ,1840,A,114,LEU,H,7,28,8,0,11,36,10,0,13,47,13,1,16,62,13,1,22,83,19,1
4YIJ,1841,A,114,LEU,C,9,29,7,1,10,40,9,1,14,56,13,1,17,76,17,1,24,96,23,1
4YIJ,1842,A,114,LEU,C,8,26,6,1,11,36,8,1,14,53,12,1,17,79,16,1,24,99,24,1
4YIJ,1843,A,114,LEU,C,5,19,4,0,9,28,7,1,11,38,10,1,14,54,14,1,21,81,18,1
4YIJ,1844,A,114,LEU,C,6,20,5,1,11,36,10,1,15,58,13,1,20,81,20,1,25,103,26,1
4YIJ,1845,A,114,LEU,H,8,28,7,1,11,49,9,1,13,67,14,1,20,87,21,1,29,112,28,1
4YIJ,1846,A,114,LEU,H,8,23,5,0,9,38,9,1,13,50,10,1,14,67,16,1,20,85,21,1
4YIJ,1847,A,114,LEU,H,7,27,7,1,13,40,10,1,16,62,13,1,21,82,20,1,26,107,28,1
4YIJ,1848,A,114,LEU,H,3,12,4,0,5,28,5,1,13,39,10,1,16,54,14,1,21,79,18,1
4YIJ,1849,A,114,LEU,H,3,17,4,0,9,25,5,1,10,35,8,1,14,46,12,1,17,70,18,1
4YIJ,1850,A,114,LEU,H,5,17,4,0,7,28,7,0,12,38,11,1,16,51,12,1,20,75,15,1
4YIJ,1851,A,114,LEU,H,5,21,4,1,8,32,7,1,15,57,14,1,20,79,18,1,27,100,25,1
4YIJ,1852,A,114,LEU,H,6,28,6,1,12,45,11,1,16,69,17,1,24,94,21,1,30,120,30,1
4YIJ,1853,A,114,LEU,H,5,20,4,1,8,35,8,1,12,52,12,1,18,73,16,1,23,97,24,1
4YIJ,1854,A,115,LEU,N,9,43,8,0,12,53,15,1,19,77,19,1,29,98,25,1,36,120,35,1
4YIJ,1855,A,115,LEU,CA,9,46,11,0,15,61,15,1,23,85,21,1,32,106,32,1,43,137,34,1
4YIJ,1856,A,115,LEU,C,11,40,11,0,15,60,15,0,20,78,20,1,32,103,30,1,40,133,34,1
4YIJ,1857,A,115,LEU,O,12,41,12,0,16,60,17,0,27,85,23,0,32,107,26,1,42,137,35,1
4YIJ,1858,A,115,LEU,HN,9,42,8,1,12,61,12,1,21,81,19,1,29,99,26,1,34,122,34,1
4YIJ,1859,A,115,LEU,H,11,44,12,1,14,62,15,1,24,84,24,1,34,105,28,1,44,135,33,1
4YIJ,1860,A,115,LEU,C,10,51,9,1,19,69,15,1,25,95,26,1,30,120,33,1,45,145,41,1
4YIJ,1861,A,115,LEU,C,14,46,9,1,20,74,17,1,25,101,27,1,35,128,35,1,43,152,42,1
4YIJ,1862,A,115,LEU,C,11,40,11,1,20,64,14,1,24,92,20,1,29,126,32,1,37,151,44,1
4YIJ,1863,A,115,LEU,C,10,47,9,1,20,70,14,1,29,105,29,1,38,135,38,1,44,169,46,1
4YIJ,1864,A,115,LEU,H,15,52,13,0,21,69,18,1,25,92,27,1,35,118,37,1,42,161,37,1
4YIJ,1865,A,115,LEU,H,13,42,8,1,19,73,16,1,26,91,26,1,33,115,34,1,38,142,42,1
4YIJ,1866,A,115,LEU,H,13,48,11,1,17,73,20,1,27,98,23,1,34,123,33,1,44,163,40,1
4YIJ,1867,A,115,LEU,H,12,42,11,1,19,64,14,1,24,94,20,1,28,124,32,1,36,154,39,2
4YIJ,1868,A,115,LEU,H,9,47,10,1,16,63,13,1,25,91,19,1,29,121,32,1,35,150,44,1
4YIJ,1869,A,115,LEU,H,11,38,8,1,17,60,14,1,21,89,20,1,30,111,26,1,35,141,41,1
4YIJ,1870,A,115,LEU,H,10,48,9,1,18,75,17,1,28,102,24,1,37,138,39,1,46,177,47,1
4YIJ,1871,A,115,LEU,H,10,40,11,1,20,75,19,1,29,109,29,1,38,137,38,1,48,167,48,1
4YIJ,1872,A,115,LEU,H,11,47,8,1,18,72,15,1,29,104,27,1,36,136,36,1,44,164,48,1
4YIJ,1873,A,116,ARG,N,8,39,9,0,9,52,13,0,16,69,21,0,22,92,27,1,31,115,29,1
4YIJ,1874,A,116,ARG,CA,7,35,10,0,10,43,11,0,13,60,18,0,21,87,23,0,27,110,30,0
4YIJ,1875,A,116,ARG,C,8,28,9,0,9,42,12,0,16,61,13,0,20,82,22,0,29,98,28,0
4YIJ,1876,A,116,ARG,O,8,28,10,0,11,39,11,0,17,61,14,0,22,80,21,0,27,97,28,0
4YIJ,1877,A,116,ARG,HN,8,38,7,0,11,51,13,0,15,68,21,0,22,88,25,1,31,110,28,1
4YIJ,1878,A,116,ARG,H,8,32,10,0,10,47,14,0,16,64,18,0,23,97,21,0,31,113,30,0
4YIJ,1879,A,116,ARG,C,8,29,9,0,9,38,12,0,11,50,15,0,14,69,19,0,22,95,25,0
4YIJ,1880,A,116,ARG,C,7,25,9,0,11,39,11,0,11,53,16,0,15,73,19,0,25,88,27,0
4YIJ,1881,A,116,ARG,C,6,22,7,0,10,35,12,0,10,60,16,0,17,74,21,0,26,93,23,0
4YIJ,1882,A,116,ARG,N,3,18,7,0,8,25,9,0,12,52,15,0,17,70,18,0,23,86,24,0
4YIJ,1883,A,116,ARG,C,2,14,5,0,5,27,10,0,10,47,12,0,17,65,17,0,22,87,24,0
4YIJ,1884,A,116,ARG,N,3,14,5,0,4,24,9,0,7,40,12,0,15,58,15,0,19,82,21,0
4YIJ,1885,A,116,ARG,N,2,16,7,0,5,32,9,0,13,49,12,0,17,69,18,0,22,93,25,0
4YIJ,1886,A,116,ARG,H,7,26,7,0,10,35,11,0,11,46,14,0,14,61,17,0,20,83,20,0
4YIJ,1887,A,116,ARG,H,9,28,8,0,9,39,11,0,11,49,14,0,14,62,18,0,20,84,22,0
4YIJ,1888,A,116,ARG,H,6,22,7,0,9,31,10,0,12,48,14,0,14,67,19,0,20,78,24,0
4YIJ,1889,A,116,ARG,H,6,30,9,0,11,42,12,0,14,61,17,0,19,80,23,0,27,99,29,0
4YIJ,1890,A,116,ARG,H,7,24,7,0,10,44,13,0,13,65,18,0,21,79,20,0,27,107,27,0
4YIJ,1891,A,116,ARG,H,4,19,6,0,8,34,10,0,12,47,15,0,15,65,18,0,22,89,21,0
4YIJ,1892,A,116,ARG,HN,1,16,6,0,6,26,8,0,13,41,13,0,15,65,18,0,22,80,22,0
4YIJ,1893,A,116,ARG,HN,2,14,7,0,4,20,9,0,8,34,11,0,12,53,15,0,21,76,18,0
4YIJ,1894,A,116,ARG,HN,4,15,5,0,4,25,10,0,6,38,12,0,12,55,12,0,18,82,22,0
4YIJ,1895,A,116,ARG,HN,4,21,6,0,8,37,9,0,14,55,12,0,20,77,20,0,25,95,24,0
4YIJ,1896,A,116,ARG,HN,2,21,5,0,6,30,9,0,11,50,11,0,15,69,17,0,22,94,24,0
4YIJ,1897,A,117,LYS,N,8,30,9,0,10,44,10,0,16,59,16,0,21,73,20,0,29,89,27,0
4YIJ,1898,A,117,LYS,CA,8,29,7,0,11,38,11,0,15,50,14,0,19,69,19,0,27,80,22,0
4YIJ,1899,A,117,LYS,C,10,30,8,0,13,44,15,0,16,59,17,0,22,72,21,0,28,93,27,0
4YIJ,1900,A,117,LYS,O,11,28,9,0,14,37,12,0,15,57,18,0,22,72,21,0,29,93,27,0
4YIJ,1901,A,117,LYS,HN,7,32,7,0,11,44,11,0,14,60,15,0,20,69,21,0,26,85,25,1
4YIJ,1902,A,117,LYS,H,8,24,7,0,10,35,10,0,14,42,12,0,19,64,18,0,23,80,22,0
4YIJ,1903,A,117,LYS,C,8,21,6,0,9,33,9,0,12,47,12,0,17,58,16,0,22,71,20,0
4YIJ,1904,A,117,LYS,C,8,16,6,0,9,26,7,0,12,39,10,0,15,48,16,0,18,62,19,0
4YIJ,1905,A,117,LYS,C,3,10,4,0,6,22,7,0,10,29,9,0,13,43,13,0,16,54,16,0
4YIJ,1906,A,117,LYS,C,1,5,2,0,4,13,4,0,9,24,7,0,11,30,8,0,15,42,14,0
4YIJ,1907,A,117,LYS,N,3,6,3,0,4,14,5,0,9,23,8,0,12,33,11,0,13,44,16,0
4YIJ,1908,A,117,LYS,H,7,24,7,0,9,37,8,0,13,53,13,0,18,65,16,0,25,75,21,1
4YIJ,1909,A,117,LYS,H,7,19,5,0,10,31,9,0,11,41,12,0,14,54,15,0,20,66,19,0
4YIJ,1910,A,117,LYS,H,5,14,5,0,9,26,7,0,11,32,10,0,14,43,12,0,18,58,19,0
4YIJ,1911,A,117,LYS,H,8,19,7,0,12,31,8,0,13,37,13,0,15,53,17,0,22,68,20,0
4YIJ,1912,A,117,LYS,H,3,14,4,0,7,21,7,0,10,34,10,0,14,48,12,0,19,59,17,0
4YIJ,1913,A,117,LYS,H,2,9,2,0,5,19,5,0,10,27,9,0,11,37,11,0,14,50,14,0
4YIJ,1914,A,117,LYS,H,1,3,1,0,2,9,3,0,5,17,5,0,9,26,8,0,13,37,12,0
4YIJ,1915,A,117,LYS,H,2,2,1,0,2,7,3,0,5,16,6,0,10,29,7,0,14,36,11,0
4YIJ,1916,A,117,LYS,HN,2,3,1,0,4,9,3,0,6,18,6,0,10,27,8,0,13,37,13,0
4YIJ,1917,A,117,LYS,HN,4,8,2,0,7,16,6,0,11,26,9,0,13,34,14,0,14,49,16,0
4YIJ,1918,A,117,LYS,HN,2,10,3,0,6,19,6,0,11,27,9,0,13,40,11,0,17,49,18,0
4YIJ,1919,A,118,ALA,N,12,42,9,0,15,57,15,0,21,61,19,0,28,83,25,0,29,109,27,1
4YIJ,1920,A,118,ALA,CA,15,44,11,0,19,55,17,0,22,70,25,0,26,92,26,0,33,116,32,1
4YIJ,1921,A,118,ALA,C,16,39,11,0,19,58,19,0,24,84,24,0,30,106,30,0,34,124,33,0
4YIJ,1922,A,118,ALA,O,16,41,13,0,19,59,19,0,23,82,25,0,31,106,29,0,39,125,32,0
4YIJ,1923,A,118,ALA,HN,10,46,11,0,14,57,15,0,21,66,18,0,27,81,22,1,33,106,31,1
4YIJ,1924,A,118,ALA,H,14,37,12,0,17,51,17,0,22,63,22,0,24,84,26,0,28,105,29,1
4YIJ,1925,A,118,ALA,C,15,47,13,0,19,60,18,0,23,74,25,1,30,99,30,1,35,128,31,1
4YIJ,1926,A,118,ALA,H,16,43,13,0,18,62,15,0,24,75,26,0,28,101,30,1,35,135,33,1
4YIJ,1927,A,118,ALA,H,13,45,14,0,19,61,19,0,25,81,24,1,31,110,29,1,40,136,34,1
4YIJ,1928,A,118,ALA,H,14,43,12,0,18,55,16,0,20,70,21,1,27,89,26,1,35,115,31,1
4YIJ,1929,A,119,GLU,N,13,42,11,0,19,62,15,0,27,83,22,0,33,105,30,0,38,130,31,0
4YIJ,1930,A,119,GLU,CA,12,46,11,0,22,65,14,0,25,81,24,0,36,110,28,0,39,134,35,0
4YIJ,1931,A,119,GLU,C,11,40,9,0,18,57,13,0,25,80,19,0,32,95,26,0,38,121,32,0
4YIJ,1932,A,119,GLU,O,13,40,10,0,20,57,13,0,27,83,21,0,32,99,28,0,36,122,32,0
4YIJ,1933,A,119,GLU,HN,10,41,10,0,20,65,15,0,27,84,22,0,34,101,25,0,36,128,31,1
4YIJ,1934,A,119,GLU,H,14,47,12,0,22,67,16,0,29,92,24,0,36,115,28,0,43,141,36,0
4YIJ,1935,A,119,GLU,C,13,44,8,0,18,60,15,0,26,79,19,0,31,102,24,0,41,134,32,0
4YIJ,1936,A,119,GLU,C,13,46,9,0,18,57,10,0,24,69,20,0,29,99,25,0,40,129,33,0
4YIJ,1937,A,119,GLU,C,10,35,7,0,14,50,11,0,20,69,14,0,27,90,24,0,36,125,30,0
4YIJ,1938,A,119,GLU,O,10,28,4,0,15,45,10,0,16,63,14,0,24,84,18,0,32,107,26,0
4YIJ,1939,A,119,GLU,O,10,35,7,0,12,46,9,0,23,71,13,0,28,98,24,0,36,124,34,0
4YIJ,1940,A,119,GLU,H,12,37,9,0,15,56,11,0,23,71,18,0,27,96,22,0,37,120,30,0
4YIJ,1941,A,119,GLU,H,14,41,10,0,18,62,16,0,24,88,20,0,34,114,24,0,39,141,37,0
4YIJ,1942,A,119,GLU,H,14,45,7,0,20,62,13,0,24,81,22,0,33,108,28,0,44,143,35,0
4YIJ,1943,A,119,GLU,H,11,43,8,0,16,54,12,0,21,65,18,0,30,89,24,0,38,123,31,0
4YIJ,1944,A,120,ALA,N,10,36,10,0,16,51,15,0,21,68,19,0,28,86,23,0,33,108,32,0
4YIJ,1945,A,120,ALA,CA,8,30,10,0,13,44,12,0,18,61,18,0,26,75,19,0,30,97,24,0
4YIJ,1946,A,120,ALA,C,10,29,8,0,15,46,15,0,19,62,17,0,22,78,20,0,28,93,25,0
4YIJ,1947,A,120,ALA,O,7,31,9,0,16,42,11,0,17,55,17,0,21,72,19,0,26,83,22,0
4YIJ,1948,A,120,ALA,HN,8,34,11,0,16,50,14,0,21,67,17,0,27,86,21,0,30,107,30,0
4YIJ,1949,A,120,ALA,H,10,30,10,0,12,45,12,0,17,57,15,0,24,73,18,0,29,95,24,0
4YIJ,1950,A,120,ALA,C,9,26,8,0,9,37,11,0,18,49,14,0,22,70,19,0,27,80,19,0
4YIJ,1951,A,120,ALA,H,8,27,6,0,9,31,9,0,13,41,13,0,19,58,17,0,23,73,19,0
4YIJ,1952,A,120,ALA,H,9,25,7,0,11,39,10,0,16,48,14,0,22,66,19,0,28,82,21,0
4YIJ,1953,A,120,ALA,H,8,26,6,0,10,34,11,0,14,47,15,0,23,67,15,0,26,83,19,0
4YIJ,1954,A,121,GLN,N,11,34,11,0,13,46,14,0,21,60,16,0,23,74,20,0,27,94,27,0
4YIJ,1955,A,121,GLN,CA,10,32,11,0,15,44,12,0,19,61,14,0,21,72,19,0,25,86,27,0
4YIJ,1956,A,121,GLN,C,13,33,11,0,17,52,14,0,18,67,17,0,23,78,22,0,29,90,26,0
4YIJ,1957,A,121,GLN,O,11,33,11,0,14,46,14,0,17,61,17,0,22,72,18,0,28,87,22,0
4YIJ,1958,A,121,GLN,HN,12,35,11,0,15,47,14,0,20,66,18,0,23,80,22,0,30,107,27,0
4YIJ,1959,A,121,GLN,H,11,27,9,0,12,34,11,0,16,47,13,0,20,66,16,0,21,77,21,0
4YIJ,1960,A,121,GLN,C,10,31,8,0,15,40,12,0,19,50,14,0,20,65,18,0,23,82,25,0
4YIJ,1961,A,121,GLN,C,10,25,8,0,13,35,9,0,15,42,13,0,18,54,17,0,22,71,20,0
4YIJ,1962,A,121,GLN,C,9,21,5,0,13,30,7,0,13,37,11,0,15,43,14,0,19,53,16,0
4YIJ,1963,A,121,GLN,O,6,13,5,0,10,23,5,0,13,31,9,0,13,38,11,0,16,43,15,0
4YIJ,1964,A,121,GLN,N,9,16,6,0,13,29,7,0,13,36,10,0,15,45,15,0,17,54,17,0
4YIJ,1965,A,121,GLN,H,11,27,8,0,15,36,10,0,18,46,13,0,19,60,18,0,21,75,22,0
4YIJ,1966,A,121,GLN,H,13,27,10,0,15,43,11,0,19,55,16,0,22,78,22,0,26,91,28,0
4YIJ,1967,A,121,GLN,H,8,22,6,0,12,31,8,0,15,38,12,0,16,50,17,0,21,67,20,0
4YIJ,1968,A,121,GLN,H,10,23,7,0,12,34,11,0,15,47,13,0,19,60,18,0,23,79,22,0
4YIJ,1969,A,121,GLN,HN,12,19,5,0,13,33,7,0,13,41,13,0,16,50,16,0,20,64,18,0
4YIJ,1970,A,121,GLN,HN,5,11,2,0,11,23,6,0,13,31,9,0,13,38,10,0,15,46,15,0
4YIJ,1971,A,122,ALA,N,17,49,13,0,17,59,17,0,23,76,24,0,29,91,27,0,34,114,29,0
4YIJ,1972,A,122,ALA,CA,15,51,14,0,20,67,18,0,25,81,24,0,29,97,29,0,34,112,33,0
4YIJ,1973,A,122,ALA,C,13,49,14,0,21,67,17,0,25,81,25,0,28,93,28,0,31,102,31,0
4YIJ,1974,A,122,ALA,O,13,45,14,0,18,65,18,0,24,75,20,0,25,86,28,0,29,101,30,0
4YIJ,1975,A,122,ALA,HN,15,46,13,0,19,60,16,0,23,78,25,0,31,100,27,0,36,122,32,0
4YIJ,1976,A,122,ALA,H,16,45,14,0,20,63,18,0,24,77,21,0,27,90,29,0,32,108,31,0
4YIJ,1977,A,122,ALA,C,18,56,14,0,23,76,21,0,27,92,28,0,32,109,31,0,33,131,35,0
4YIJ,1978,A,122,ALA,H,18,57,15,0,23,79,20,0,26,95,28,0,30,113,31,0,33,128,35,0
4YIJ,1979,A,122,ALA,H,18,50,15,0,24,77,20,0,29,96,27,0,31,114,33,0,36,137,36,0
4YIJ,1980,A,122,ALA,H,17,48,15,0,23,71,18,0,26,92,27,0,33,112,33,0,36,128,34,0
4YIJ,1981,A,123,LYS,N,11,44,12,0,15,60,18,0,22,76,24,0,26,87,26,0,32,102,29,0
4YIJ,1982,A,123,LYS,CA,9,40,9,0,14,49,12,0,17,63,20,0,23,79,27,0,29,92,28,0
4YIJ,1983,A,123,LYS,C,9,36,9,0,12,45,12,0,16,54,17,0,20,68,24,0,23,78,26,0
4YIJ,1984,A,123,LYS,O,8,30,8,0,11,42,10,0,13,49,15,0,18,60,19,0,20,69,25,0
4YIJ,1985,A,123,LYS,HN,11,40,12,0,17,61,19,0,22,72,23,0,30,93,26,0,33,108,31,0
4YIJ,1986,A,123,LYS,H,10,38,9,0,15,52,13,0,17,62,22,0,21,77,25,0,29,92,29,0
4YIJ,1987,A,123,LYS,C,8,30,8,0,11,40,11,0,14,55,17,0,21,75,23,0,30,96,27,0
4YIJ,1988,A,123,LYS,C,7,25,8,0,10,37,13,0,16,61,17,0,25,86,23,0,32,102,30,0
4YIJ,1989,A,123,LYS,C,6,20,6,0,8,30,9,0,12,49,14,0,22,73,17,0,27,92,23,0
4YIJ,1990,A,123,LYS,C,3,17,4,0,5,23,6,0,11,33,9,0,16,53,16,0,22,76,19,0
4YIJ,1991,A,123,LYS,N,2,12,3,0,4,22,7,0,10,33,7,0,15,47,14,0,19,73,22,0
4YIJ,1992,A,123,LYS,H,7,29,6,0,11,37,9,0,13,47,15,0,15,60,18,0,24,80,26,0
4YIJ,1993,A,123,LYS,H,9,28,8,0,10,42,11,0,15,55,18,0,23,73,21,0,29,91,24,0
4YIJ,1994,A,123,LYS,H,7,27,9,0,13,43,15,0,22,77,19,0,30,95,27,0,33,113,31,0
4YIJ,1995,A,123,LYS,H,7,28,9,0,11,43,11,0,17,59,16,0,23,83,25,0,31,105,29,0
4YIJ,1996,A,123,LYS,H,7,24,6,0,8,33,10,0,17,49,12,0,19,69,17,0,26,88,25,0
4YIJ,1997,A,123,LYS,H,5,19,6,0,10,36,8,0,13,53,16,0,24,70,18,0,30,93,24,0
4YIJ,1998,A,123,LYS,H,3,17,3,0,5,25,6,0,11,33,9,0,15,48,12,0,20,71,18,0
4YIJ,1999,A,123,LYS,H,3,13,4,0,4,20,5,0,9,27,7,0,12,47,13,0,22,61,17,0
4YIJ,2000,A,123,LYS,HN,1,8,0,0,2,17,4,0,6,26,7,0,12,41,8,0,19,57,14,0
4YIJ,2001,A,123,LYS,HN,1,13,3,0,5,25,7,0,10,36,8,0,19,60,15,0,22,76,22,0
4YIJ,2002,A,123,LYS,HN,2,15,3,0,7,24,7,0,11,39,11,0,14,49,15,0,19,70,21,0
4YIJ,2003,A,124,LYS,N,9,33,9,0,12,41,13,0,16,50,16,0,20,61,18,0,24,77,26,0
4YIJ,2004,A,124,LYS,CA,7,24,8,0,10,34,11,0,13,42,14,0,17,51,16,0,20,63,17,0
4YIJ,2005,A,124,LYS,C,7,20,8,0,9,31,11,0,14,41,13,0,17,48,15,0,19,63,19,0
4YIJ,2006,A,124,LYS,O,6,18,8,0,7,24,9,0,9,33,12,0,16,45,13,0,17,49,17,0
4YIJ,2007,A,124,LYS,HN,10,32,10,0,13,43,12,0,17,56,17,0,23,66,20,0,24,83,23,0
4YIJ,2008,A,124,LYS,H,6,19,5,0,10,30,9,0,11,38,12,0,15,46,14,0,18,56,17,0
4YIJ,2009,A,124,LYS,C,7,20,9,0,10,27,10,0,13,37,11,0,16,49,16,0,19,60,17,0
4YIJ,2010,A,124,LYS,C,6,15,7,0,6,22,8,0,10,28,9,0,12,33,12,0,15,45,16,0
4YIJ,2011,A,124,LYS,C,3,11,5,0,7,18,7,0,9,20,10,0,11,28,11,0,14,40,13,0
4YIJ,2012,A,124,LYS,C,2,4,3,0,3,12,5,0,7,16,7,0,8,22,8,0,11,28,11,0
4YIJ,2013,A,124,LYS,N,1,1,1,0,2,8,4,0,4,11,5,0,8,18,7,0,10,20,11,0
4YIJ,2014,A,124,LYS,H,9,22,9,0,11,29,11,0,12,41,12,0,16,55,17,0,24,67,17,0
4YIJ,2015,A,124,LYS,H,7,20,7,0,7,27,11,0,12,36,12,0,16,47,15,0,17,62,18,0
4YIJ,2016,A,124,LYS,H,5,10,4,0,6,22,7,0,8,24,9,0,12,31,11,0,13,39,13,0
4YIJ,2017,A,124,LYS,H,6,14,8,0,6,21,8,0,10,27,9,0,12,32,13,0,13,45,15,0
4YIJ,2018,A,124,LYS,H,5,11,5,0,8,19,8,0,10,21,11,0,11,32,11,0,14,46,14,0
4YIJ,2019,A,124,LYS,H,3,11,3,0,5,16,5,0,9,20,9,0,10,29,11,0,15,38,12,0
4YIJ,2020,A,124,LYS,H,2,1,1,0,2,7,4,0,4,12,5,0,7,21,8,0,10,24,10,0
4YIJ,2021,A,124,LYS,H,2,5,3,0,2,11,7,0,7,15,8,0,8,24,8,0,12,27,11,0
4YIJ,2022,A,124,LYS,HN,1,1,1,0,2,2,2,0,2,9,4,0,4,12,6,0,8,18,8,0
4YIJ,2023,A,124,LYS,HN,2,5,3,0,4,9,4,0,5,13,5,0,9,18,9,0,11,22,11,0
4YIJ,2024,A,124,LYS,HN,1,1,1,0,2,5,4,0,4,11,4,0,5,15,7,0,11,21,11,0
4YIJ,2025,A,125,GLU,N,7,25,7,0,11,39,10,0,17,46,12,0,20,58,15,0,24,74,20,0
4YIJ,2026,A,125,GLU,CA,6,27,6,0,11,33,8,0,16,42,12,0,19,57,15,0,23,67,21,0
4YIJ,2027,A,125,GLU,C,8,26,7,0,10,33,8,0,14,44,13,0,19,57,19,0,22,68,20,0
4YIJ,2028,A,125,GLU,O,6,24,7,0,8,28,7,0,10,37,11,0,17,48,15,0,20,59,19,0
4YIJ,2029,A,125,GLU,HN,9,34,9,0,13,42,12,0,20,52,14,0,22,68,15,0,26,80,21,0
4YIJ,2030,A,125,GLU,H,5,19,5,0,10,28,7,0,13,37,10,0,16,42,12,0,20,60,15,0
4YIJ,2031,A,125,GLU,C,8,24,8,0,10,32,11,0,17,48,13,0,22,60,17,0,25,71,19,0
4YIJ,2032,A,125,GLU,C,9,24,7,0,11,29,9,0,15,41,12,0,17,51,15,0,23,66,17,0
4YIJ,2033,A,125,GLU,C,9,23,7,0,12,32,9,0,16,43,14,0,20,53,14,0,25,67,20,0
4YIJ,2034,A,125,GLU,O,11,27,7,0,14,37,13,0,19,50,14,0,23,64,20,0,27,81,23,0
4YIJ,2035,A,125,GLU,O,7,19,5,0,11,27,7,0,14,36,11,0,19,49,14,0,22,57,15,0
4YIJ,2036,A,125,GLU,H,7,21,6,0,9,27,8,0,16,46,13,0,20,55,17,0,24,70,19,0
4YIJ,2037,A,125,GLU,H,9,28,8,0,13,42,13,0,20,59,15,0,24,70,18,0,26,82,24,0
4YIJ,2038,A,125,GLU,H,11,23,6,0,11,30,10,0,12,40,12,0,17,53,15,0,23,65,16,0
4YIJ,2039,A,125,GLU,H,7,19,4,0,11,27,8,0,11,31,10,0,15,42,13,0,20,56,15,0
4YIJ,2040,A,126,LYS,N,8,29,8,0,9,40,14,0,14,49,17,0,19,63,21,0,23,74,22,0
4YIJ,2041,A,126,LYS,CA,7,30,11,0,10,39,12,0,13,47,18,0,15,62,19,0,19,70,21,0
4YIJ,2042,A,126,LYS,C,8,31,12,0,11,40,15,0,13,50,18,0,17,64,20,0,20,77,21,0
4YIJ,2043,A,126,LYS,O,6,26,10,0,9,34,13,0,12,47,15,0,15,56,18,0,18,69,21,0
4YIJ,2044,A,126,LYS,HN,9,32,11,0,12,43,11,0,16,56,18,0,22,67,22,0,24,77,23,0
4YIJ,2045,A,126,LYS,H,10,33,11,0,11,44,14,0,13,53,18,0,16,63,21,0,20,75,21,0
4YIJ,2046,A,126,LYS,C,7,18,8,0,7,29,11,0,10,39,12,0,11,49,17,0,15,61,19,0
4YIJ,2047,A,126,LYS,C,5,15,7,0,7,24,9,0,9,34,13,0,11,45,15,0,13,55,15,0
4YIJ,2048,A,126,LYS,C,6,17,7,0,7,28,10,0,10,35,12,0,11,47,14,0,13,54,16,0
4YIJ,2049,A,126,LYS,C,3,12,6,0,7,21,7,0,7,28,10,0,10,35,13,0,12,47,14,0
4YIJ,2050,A,126,LYS,N,1,6,4,0,4,12,6,0,7,17,7,0,7,28,9,0,9,37,12,0
4YIJ,2051,A,126,LYS,H,5,19,9,0,8,28,10,0,9,36,11,0,12,49,14,0,14,60,18,0
4YIJ,2052,A,126,LYS,H,5,17,8,0,7,25,10,0,9,34,12,0,10,41,15,0,15,55,18,0
4YIJ,2053,A,126,LYS,H,4,11,6,0,5,18,7,0,7,26,9,0,9,37,13,0,11,46,15,0
4YIJ,2054,A,126,LYS,H,5,17,6,0,6,26,9,0,9,34,11,0,13,44,15,0,16,53,15,0
4YIJ,2055,A,126,LYS,H,7,24,9,0,9,34,11,0,11,43,14,0,13,52,15,0,17,59,17,0
4YIJ,2056,A,126,LYS,H,6,20,9,0,8,26,10,0,10,38,11,0,11,44,14,0,12,58,15,0
4YIJ,2057,A,126,LYS,H,2,10,5,0,6,18,6,0,7,26,9,0,9,36,12,0,12,44,14,0
4YIJ,2058,A,126,LYS,H,3,12,4,0,7,21,7,0,7,28,10,0,9,36,13,0,12,47,13,0
4YIJ,2059,A,126,LYS,HN,0,0,4,0,1,7,6,0,5,13,7,0,7,22,7,0,7,29,11,0
4YIJ,2060,A,126,LYS,HN,1,4,4,0,2,9,6,0,6,16,8,0,7,27,10,0,10,36,11,0
4YIJ,2061,A,126,LYS,HN,0,5,5,0,4,12,6,0,5,18,7,0,7,25,10,0,8,36,12,0
4YIJ,2062,A,127,LEU,N,12,36,13,0,14,46,18,0,17,60,20,0,20,74,22,0,25,91,26,0
4YIJ,2063,A,127,LEU,CA,11,34,11,0,15,47,17,0,15,62,19,0,22,79,26,0,27,96,28,0
4YIJ,2064,A,127,LEU,C,10,39,11,0,13,52,16,0,16,65,22,0,20,83,26,0,30,105,29,0
4YIJ,2065,A,127,LEU,O,11,41,11,0,15,58,20,0,17,75,23,0,26,95,28,0,31,117,30,0
4YIJ,2066,A,127,LEU,HN,12,42,14,0,15,50,20,0,20,67,21,0,23,81,23,0,26,97,28,0
4YIJ,2067,A,127,LEU,H,8,29,9,0,11,40,16,0,15,53,18,0,18,67,23,0,23,83,27,0
4YIJ,2068,A,127,LEU,C,14,31,12,0,16,45,16,0,19,69,21,0,24,84,28,0,27,100,29,0
4YIJ,2069,A,127,LEU,C,10,25,11,0,17,44,15,0,19,65,22,0,22,82,27,0,25,104,29,0
4YIJ,2070,A,127,LEU,C,6,19,9,0,12,31,14,0,16,47,17,0,19,69,22,0,23,82,27,0
4YIJ,2071,A,127,LEU,C,12,27,12,0,17,39,15,0,21,54,19,0,24,83,26,0,28,108,29,0
4YIJ,2072,A,127,LEU,H,15,36,15,0,19,56,19,0,22,74,23,0,25,95,27,0,30,107,32,0
4YIJ,2073,A,127,LEU,H,13,30,11,0,16,41,16,0,19,58,19,0,22,78,24,0,26,94,29,0
4YIJ,2074,A,127,LEU,H,10,30,12,0,16,53,17,0,20,65,23,0,23,88,27,0,29,117,31,0
4YIJ,2075,A,127,LEU,H,4,15,7,0,9,28,13,0,14,42,16,0,18,61,18,0,22,84,26,0
4YIJ,2076,A,127,LEU,H,5,16,8,0,9,25,12,0,15,40,15,0,19,61,19,0,20,74,25,0
4YIJ,2077,A,127,LEU,H,5,15,8,0,9,37,12,0,15,50,15,0,18,64,22,0,22,77,26,0
4YIJ,2078,A,127,LEU,H,11,24,11,0,13,35,14,0,19,48,18,0,24,83,22,0,26,102,28,0
4YIJ,2079,A,127,LEU,H,14,28,13,0,19,44,16,0,25,68,22,0,27,95,29,0,29,116,31,0
4YIJ,2080,A,127,LEU,H,10,25,9,0,14,33,13,0,19,46,18,0,22,72,24,0,27,94,29,0
4YIJ,2081,A,128,ASN,N,7,36,9,0,10,48,12,0,15,62,18,0,18,82,25,0,26,95,29,0
4YIJ,2082,A,128,ASN,CA,6,36,8,0,10,49,12,0,14,61,17,0,19,82,23,0,28,103,29,0
4YIJ,2083,A,128,ASN,C,9,37,8,0,12,51,11,0,15,71,18,0,22,84,24,0,29,109,28,0
4YIJ,2084,A,128,ASN,O,6,34,7,0,11,45,10,0,13,61,16,0,17,81,20,0,27,92,25,0
4YIJ,2085,A,128,ASN,HN,6,29,8,0,8,45,12,0,12,58,14,0,17,72,23,0,21,87,26,0
4YIJ,2086,A,128,ASN,H,6,34,8,0,8,46,10,0,12,56,15,0,18,71,20,0,22,91,26,0
4YIJ,2087,A,128,ASN,C,7,40,8,0,11,50,13,0,15,71,20,0,23,87,24,0,30,117,32,0
4YIJ,2088,A,128,ASN,C,5,33,7,0,9,45,11,0,15,60,17,0,18,78,23,0,29,104,27,0
4YIJ,2089,A,128,ASN,O,3,27,6,0,8,41,8,0,11,53,12,0,17,65,20,0,20,91,26,0
4YIJ,2090,A,128,ASN,N,5,30,6,0,9,42,11,0,14,62,17,0,21,85,21,0,30,105,27,0
4YIJ,2091,A,128,ASN,H,8,38,8,0,13,55,12,0,16,70,20,0,24,96,26,0,30,118,31,0
4YIJ,2092,A,128,ASN,H,9,40,9,0,10,56,16,0,20,77,20,0,25,100,26,0,31,133,35,0
4YIJ,2093,A,128,ASN,HN,7,34,9,0,10,47,14,0,17,72,18,0,23,93,22,0,32,115,29,0
4YIJ,2094,A,128,ASN,HN,5,26,6,0,6,36,10,0,11,49,15,0,22,78,20,0,26,102,24,0
4YIJ,2095,A,129,ILE,N,10,39,9,0,12,57,14,0,19,74,19,0,23,97,26,0,34,123,36,0
4YIJ,2096,A,129,ILE,CA,11,36,9,0,15,58,14,0,19,76,21,0,25,99,28,0,35,121,31,0
4YIJ,2097,A,129,ILE,C,6,34,8,0,13,49,13,0,18,74,15,0,26,88,25,0,31,109,32,0
4YIJ,2098,A,129,ILE,O,6,29,6,0,8,43,10,0,20,68,15,0,23,84,21,0,30,101,28,0
4YIJ,2099,A,129,ILE,HN,10,42,11,0,12,55,15,0,22,77,20,0,25,113,30,0,36,132,39,0
4YIJ,2100,A,129,ILE,H,8,40,9,0,16,54,14,0,18,68,19,0,21,87,24,0,28,113,30,0
4YIJ,2101,A,129,ILE,C,11,41,7,0,16,62,16,0,21,85,24,0,30,106,30,0,34,131,34,0
4YIJ,2102,A,129,ILE,C,9,38,9,0,15,63,18,0,22,90,23,0,32,113,30,0,41,141,40,0
4YIJ,2103,A,129,ILE,C,12,47,10,0,16,65,16,0,20,83,23,0,30,111,29,0,36,137,40,0
4YIJ,2104,A,129,ILE,C,8,41,12,0,14,64,15,0,25,93,24,0,34,119,31,0,39,144,42,0
4YIJ,2105,A,129,ILE,H,10,41,8,0,15,58,12,0,23,76,24,0,26,97,26,0,33,126,35,0
4YIJ,2106,A,129,ILE,H,11,36,8,0,13,59,16,0,20,84,22,0,32,106,29,0,40,130,39,0
4YIJ,2107,A,129,ILE,H,11,43,10,0,15,68,17,0,21,86,23,0,33,115,33,0,38,146,43,0
4YIJ,2108,A,129,ILE,H,11,47,10,0,18,64,17,0,23,84,22,0,30,118,30,0,37,144,45,0
4YIJ,2109,A,129,ILE,H,11,38,10,0,16,66,16,0,22,93,26,0,31,112,33,0,35,137,38,0
4YIJ,2110,A,129,ILE,H,11,44,9,0,17,61,16,0,23,80,20,0,25,104,29,0,31,121,36,0
4YIJ,2111,A,129,ILE,H,9,43,11,0,18,64,16,0,26,90,22,0,34,120,33,0,43,150,42,0
4YIJ,2112,A,129,ILE,H,10,44,12,0,16,68,16,0,24,98,25,0,33,123,35,0,40,153,46,0
4YIJ,2113,A,129,ILE,H,9,34,9,0,12,60,14,0,23,89,23,0,32,118,31,0,37,137,42,0
4YIJ,2114,A,130,TRP,N,6,33,8,0,11,49,11,0,18,62,16,0,21,82,24,0,33,108,34,0
4YIJ,2115,A,130,TRP,CA,7,32,9,0,11,39,11,0,15,56,16,0,19,74,22,0,26,93,27,0
4YIJ,2116,A,130,TRP,C,7,23,9,0,10,38,10,0,14,48,15,0,16,58,16,0,20,77,23,0
4YIJ,2117,A,130,TRP,O,8,24,9,0,10,34,10,0,11,42,13,0,15,50,17,0,18,65,19,0
4YIJ,2118,A,130,TRP,HN,9,37,10,0,11,45,16,0,17,67,20,0,23,89,27,0,30,109,33,0
4YIJ,2119,A,130,TRP,H,7,25,9,0,10,38,9,0,14,50,11,0,18,68,22,0,25,89,27,0
4YIJ,2120,A,130,TRP,C,10,35,11,0,12,43,15,0,16,61,22,0,22,79,25,0,26,94,26,0
4YIJ,2121,A,130,TRP,C,10,30,9,0,14,51,16,0,21,73,24,0,25,89,26,0,29,107,34,0
4YIJ,2122,A,130,TRP,C,12,38,15,0,20,64,19,0,23,83,24,0,26,101,32,0,32,120,35,0
4YIJ,2123,A,130,TRP,C,7,28,8,0,14,45,14,0,18,64,18,0,26,86,28,0,31,111,33,0
4YIJ,2124,A,130,TRP,N,13,36,12,0,20,58,19,0,25,81,25,0,27,111,33,0,40,133,39,0
4YIJ,2125,A,130,TRP,C,8,30,10,0,16,50,14,0,23,69,25,0,29,99,28,0,37,126,37,0
4YIJ,2126,A,130,TRP,C,4,16,6,0,8,36,10,0,15,51,16,0,23,75,23,0,25,90,32,0
4YIJ,2127,A,130,TRP,C,6,28,10,0,13,43,14,0,22,59,21,0,32,86,26,0,35,124,32,0
4YIJ,2128,A,130,TRP,C,2,16,4,0,6,27,8,0,13,46,15,0,22,64,21,0,28,91,30,0
4YIJ,2129,A,130,TRP,C,5,20,6,0,8,35,11,0,18,46,15,0,24,72,23,0,33,102,30,0
4YIJ,2130,A,130,TRP,H,11,31,10,0,11,43,14,0,14,52,18,0,19,67,23,0,24,84,26,0
4YIJ,2131,A,130,TRP,H,11,39,12,0,14,48,17,0,18,61,21,0,22,78,26,0,27,96,26,0
4YIJ,2132,A,130,TRP,H,12,41,16,0,21,67,21,0,23,89,25,0,27,101,32,0,31,117,35,0
4YIJ,2133,A,130,TRP,HN,15,43,13,0,19,62,20,0,26,82,28,0,32,120,33,0,40,143,38,0
4YIJ,2134,A,130,TRP,H,4,17,6,0,8,31,11,0,13,46,14,0,20,60,18,0,24,82,26,0
4YIJ,2135,A,130,TRP,H,7,34,8,0,14,50,15,0,23,68,21,0,31,94,26,0,37,121,37,0
4YIJ,2136,A,130,TRP,H,1,13,2,0,4,20,5,0,10,32,10,0,16,53,15,0,29,75,26,0
4YIJ,2137,A,130,TRP,H,5,18,4,0,7,30,7,0,14,47,14,0,22,65,22,0,29,92,28,0
4YIJ,2138,A,131,SER,N,7,26,7,0,10,41,10,0,14,55,11,0,17,66,15,0,20,79,20,0
4YIJ,2139,A,131,SER,CA,6,21,6,0,7,30,9,0,12,43,10,0,14,59,12,0,18,68,15,0
4YIJ,2140,A,131,SER,C,5,17,5,0,8,21,6,0,8,33,9,0,11,47,11,0,15,63,12,0
4YIJ,2141,A,131,SER,O,4,15,5,0,8,27,5,0,8,37,9,0,10,50,11,0,17,66,14,0
4YIJ,2142,A,131,SER,HN,6,30,8,0,10,43,10,0,13,59,12,0,18,70,15,0,23,86,24,0
4YIJ,2143,A,131,SER,H,6,18,8,0,7,30,8,0,11,42,11,0,14,56,13,0,17,66,15,0
4YIJ,2144,A,131,SER,C,6,20,7,0,8,33,8,0,9,41,10,0,12,54,12,0,16,68,16,0
4YIJ,2145,A,131,SER,OH,5,23,6,0,8,32,7,0,10,40,10,0,12,52,14,0,16,69,16,0
4YIJ,2146,A,131,SER,H,7,25,8,0,7,36,9,0,11,49,11,0,16,58,14,0,17,74,19,0
4YIJ,2147,A,131,SER,H,6,17,6,0,7,27,7,0,8,33,8,0,10,46,12,0,15,57,15,0
4YIJ,2148,A,131,SER,HO,5,21,6,0,7,27,6,0,9,36,8,0,11,47,13,0,15,60,15,0
4YIJ,2149,A,131,SER,O,2,11,4,0,7,17,5,0,8,25,7,0,8,36,9,0,13,50,12,0
4YIJ,2150,B,132,ALA,N,2,4,1,0,3,7,1,0,4,11,2,0,5,14,4,0,6,19,5,0
4YIJ,2151,B,132,ALA,CA,3,5,1,0,5,10,2,0,6,15,4,0,6,19,6,0,9,27,7,0
4YIJ,2152,B,132,ALA,C,4,8,2,0,6,13,4,0,6,19,4,0,8,22,7,0,11,29,9,0
4YIJ,2153,B,132,ALA,O,3,8,2,0,5,12,3,0,6,18,4,0,8,21,5,0,9,24,9,0
4YIJ,2154,B,132,ALA,H,1,4,1,0,3,5,1,0,4,7,1,0,5,12,2,0,6,18,5,0
4YIJ,2155,B,132,ALA,H,2,4,1,0,3,6,1,0,4,9,2,0,5,13,3,0,6,17,4,0
4YIJ,2156,B,132,ALA,H,2,5,1,0,4,7,1,0,4,10,2,0,5,15,4,0,8,19,5,0
4YIJ,2157,B,132,ALA,H,3,5,1,0,4,12,4,0,6,17,5,0,7,24,7,0,11,33,12,0
4YIJ,2158,B,132,ALA,C,2,7,1,0,4,8,2,0,5,12,3,0,6,18,5,0,7,24,8,0
4YIJ,2159,B,132,ALA,H,4,8,2,0,4,11,2,0,5,14,5,0,7,24,8,0,10,30,8,0
4YIJ,2160,B,132,ALA,H,2,7,1,0,3,8,2,0,4,10,2,0,6,15,5,0,7,21,5,0
4YIJ,2161,B,132,ALA,H,2,4,1,0,3,7,2,0,4,9,2,0,5,14,3,0,7,23,9,0
4YIJ,2162,B,133,THR,N,6,12,4,0,6,18,4,0,8,23,8,0,12,28,10,0,12,40,12,0
4YIJ,2163,B,133,THR,CA,6,17,4,0,7,22,5,0,12,27,8,0,12,32,11,0,14,42,14,0
4YIJ,2164,B,133,THR,C,5,13,5,0,6,19,5,0,10,29,7,0,12,33,11,0,14,42,14,0
4YIJ,2165,B,133,THR,O,5,12,4,0,6,13,5,0,7,24,7,0,10,33,10,0,15,39,13,0
4YIJ,2166,B,133,THR,HN,5,12,4,0,6,19,5,0,10,25,8,0,12,34,11,0,16,43,16,0
4YIJ,2167,B,133,THR,H,6,14,4,0,7,19,4,0,8,23,7,0,12,30,9,0,13,38,12,0
4YIJ,2168,B,133,THR,C,8,22,5,0,11,28,7,0,12,32,12,0,16,46,15,0,17,55,18,0
4YIJ,2169,B,133,THR,OH,8,24,6,0,11,31,11,0,13,37,13,0,18,48,17,0,18,67,19,0
4YIJ,2170,B,133,THR,C,9,20,6,0,11,27,8,0,12,34,10,0,14,45,16,0,19,57,18,0
4YIJ,2171,B,133,THR,H,8,23,5,0,12,30,9,0,14,39,13,0,16,46,16,0,19,58,19,0
4YIJ,2172,B,133,THR,HO,7,21,7,0,10,30,10,0,13,37,14,0,16,48,15,0,19,65,19,0
4YIJ,2173,B,133,THR,H,9,23,8,0,12,31,10,0,12,43,15,0,18,54,16,0,22,68,20,0
4YIJ,2174,B,133,THR,H,7,17,6,0,11,23,8,0,12,34,11,0,13,43,15,0,18,55,17,0
4YIJ,2175,B,133,THR,H,7,18,6,0,10,22,7,0,12,28,10,0,13,39,14,0,15,49,17,0
4YIJ,2176,B,134,SER,N,6,14,5,0,7,20,6,0,10,27,6,0,14,40,11,0,15,44,15,0
4YIJ,2177,B,134,SER,CA,4,16,5,0,6,18,6,0,7,26,8,0,13,38,10,0,16,47,14,0
4YIJ,2178,B,134,SER,C,5,17,5,0,6,25,8,0,12,35,11,0,13,47,12,0,17,57,17,0
4YIJ,2179,B,134,SER,O,6,18,8,0,10,34,10,0,13,41,12,0,16,53,16,0,21,62,19,0
4YIJ,2180,B,134,SER,HN,4,15,5,0,7,23,6,0,11,28,6,0,14,40,11,0,14,47,15,0
4YIJ,2181,B,134,SER,H,4,13,3,0,5,16,5,0,6,20,7,0,9,30,8,0,14,43,11,0
4YIJ,2182,B,134,SER,C,4,15,3,0,4,18,6,0,8,26,9,0,14,35,9,0,16,50,15,0
4YIJ,2183,B,134,SER,OH,4,16,6,0,7,24,8,0,10,30,9,0,15,47,14,0,17,54,17,0
4YIJ,2184,B,134,SER,H,4,12,3,0,4,15,4,0,4,23,7,0,9,29,9,0,15,39,9,0
4YIJ,2185,B,134,SER,H,3,14,2,0,4,20,7,0,7,25,9,0,12,35,9,0,15,47,15,0
4YIJ,2186,B,134,SER,HO,4,14,5,0,7,23,7,0,10,29,10,0,15,42,13,0,18,53,16,0
4YIJ,2187,B,135,THR,N,4,14,3,0,6,22,5,0,8,28,9,0,13,41,13,0,16,51,15,0
4YIJ,2188,B,135,THR,CA,4,16,3,0,6,24,5,0,9,35,12,0,14,48,13,0,17,56,17,0
4YIJ,2189,B,135,THR,C,4,17,3,0,6,25,5,0,9,33,9,0,12,44,15,0,17,53,17,0
4YIJ,2190,B,135,THR,O,3,14,3,0,5,19,4,0,8,27,6,0,10,37,10,0,12,47,15,0
4YIJ,2191,B,135,THR,HN,4,13,3,0,5,18,4,0,6,24,8,0,11,34,11,0,15,45,13,0
4YIJ,2192,B,135,THR,H,5,19,5,0,10,29,10,0,13,47,13,0,16,52,15,0,20,67,19,0
4YIJ,2193,B,135,THR,C,4,11,3,0,6,20,5,0,8,30,8,0,12,40,12,0,18,54,14,0
4YIJ,2194,B,135,THR,OH,3,8,3,0,3,13,3,0,6,23,4,0,8,33,9,0,12,39,12,0
4YIJ,2195,B,135,THR,C,4,13,3,0,7,21,6,0,9,25,9,0,11,36,11,0,16,52,13,0
4YIJ,2196,B,135,THR,H,3,14,4,0,6,23,6,0,11,34,9,0,13,45,13,0,19,57,16,0
4YIJ,2197,B,135,THR,HO,2,9,3,0,3,14,3,0,5,26,4,0,7,34,7,0,13,42,12,0
4YIJ,2198,B,135,THR,H,3,9,3,0,5,18,5,0,9,22,7,0,12,32,9,0,15,46,12,0
4YIJ,2199,B,135,THR,H,4,12,3,0,6,19,5,0,8,24,8,0,10,28,10,0,13,42,11,0
4YIJ,2200,B,135,THR,H,6,18,6,0,6,23,8,0,10,28,11,0,15,45,12,0,19,66,16,0
4YIJ,2201,B,136,LYS,N,5,20,4,0,6,28,5,0,8,36,11,0,15,43,15,0,19,58,19,0
4YIJ,2202,B,136,LYS,CA,4,21,3,0,5,28,5,0,8,32,9,0,12,39,14,0,19,54,20,0
4YIJ,2203,B,136,LYS,C,4,24,3,0,6,25,6,0,9,38,10,0,16,44,15,0,20,60,18,0
4YIJ,2204,B,136,LYS,O,5,24,5,0,7,30,8,0,13,42,12,0,18,53,17,0,22,69,19,0
4YIJ,2205,B,136,LYS,HN,5,23,4,0,7,30,8,0,10,39,14,0,17,51,17,0,20,65,18,0
4YIJ,2206,B,136,LYS,H,3,16,3,0,4,24,4,0,6,28,7,0,10,32,10,0,13,43,14,0
4YIJ,2207,B,136,LYS,C,5,21,5,0,6,29,8,0,10,35,11,0,13,44,15,0,23,61,20,0
4YIJ,2208,B,136,LYS,C,4,17,3,0,8,24,8,0,10,37,9,0,14,45,14,0,20,59,17,0
4YIJ,2209,B,136,LYS,C,5,15,6,0,10,28,9,0,11,37,11,0,16,49,13,0,21,64,19,0
4YIJ,2210,B,136,LYS,C,7,15,4,0,11,23,8,0,12,36,10,0,14,47,15,0,18,64,18,0
4YIJ,2211,B,136,LYS,N,6,9,3,0,11,22,5,0,11,33,9,0,14,44,12,0,17,59,17,0
4YIJ,2212,B,136,LYS,H,6,26,6,0,10,32,10,0,13,38,14,0,19,60,19,0,27,76,22,0
4YIJ,2213,B,136,LYS,H,5,18,5,0,7,26,7,0,7,34,12,0,14,41,15,0,20,57,18,0
4YIJ,2214,B,136,LYS,H,4,13,2,0,4,22,5,0,9,29,8,0,14,38,10,0,17,47,15,0
4YIJ,2215,B,136,LYS,H,5,19,6,0,8,29,7,0,12,38,10,0,16,47,15,0,21,60,19,0
4YIJ,2216,B,136,LYS,H,6,21,7,0,11,29,12,0,14,40,12,0,21,59,17,0,24,76,22,0
4YIJ,2217,B,136,LYS,H,4,10,4,0,6,20,8,0,11,31,10,0,14,41,12,0,19,56,18,0
4YIJ,2218,B,136,LYS,H,6,13,3,0,8,20,6,0,11,29,8,0,14,44,11,0,16,54,16,0
4YIJ,2219,B,136,LYS,H,8,20,5,0,12,31,9,0,12,42,11,0,16,55,17,0,23,73,22,0
4YIJ,2220,B,136,LYS,HN,5,8,3,0,10,18,4,0,11,30,8,0,12,41,10,0,17,52,14,0
4YIJ,2221,B,136,LYS,HN,6,15,5,0,11,23,6,0,14,36,11,0,15,50,14,0,19,65,20,0
4YIJ,2222,B,136,LYS,HN,3,7,3,0,7,14,5,0,11,24,7,0,15,38,11,0,16,51,15,0
4YIJ,2223,B,137,LYS,N,4,15,3,0,7,23,3,0,7,30,7,0,13,42,12,0,19,49,15,0
4YIJ,2224,B,137,LYS,CA,3,15,3,0,5,20,4,0,7,33,7,0,13,41,10,0,18,56,14,0
4YIJ,2225,B,137,LYS,C,5,18,5,0,8,29,7,0,12,37,9,0,14,52,15,0,22,63,17,0
4YIJ,2226,B,137,LYS,O,5,18,4,0,9,26,6,0,11,36,9,0,16,47,13,0,20,60,16,0
4YIJ,2227,B,137,LYS,HN,3,14,3,0,5,18,3,0,7,28,6,0,8,35,10,0,16,43,12,0
4YIJ,2228,B,137,LYS,H,3,16,4,0,4,21,4,0,9,31,8,0,12,43,12,0,17,58,14,0
4YIJ,2229,B,137,LYS,C,3,13,2,0,5,16,3,0,5,22,5,0,9,30,6,0,13,38,10,0
4YIJ,2230,B,137,LYS,C,3,10,2,0,4,16,3,0,7,21,5,0,7,26,8,0,13,40,9,0
4YIJ,2231,B,137,LYS,C,2,6,2,0,4,13,3,0,5,22,4,0,8,29,7,0,10,34,8,0
4YIJ,2232,B,137,LYS,C,1,3,2,0,2,7,2,0,4,11,3,0,5,18,5,0,8,29,6,0
4YIJ,2233,B,137,LYS,N,1,1,1,0,2,5,1,0,3,7,2,0,4,12,3,0,7,25,4,0
4YIJ,2234,B,137,LYS,H,4,12,2,0,5,16,3,0,6,21,5,0,10,27,6,0,10,38,11,0
4YIJ,2235,B,137,LYS,H,2,8,2,0,3,14,3,0,5,18,3,0,6,24,5,0,10,33,9,0
4YIJ,2236,B,137,LYS,H,3,14,3,0,6,20,4,0,7,23,7,0,11,34,8,0,15,48,13,0
4YIJ,2237,B,137,LYS,H,3,7,2,0,3,15,2,0,7,17,4,0,7,22,6,0,8,32,8,0
4YIJ,2238,B,137,LYS,H,2,8,3,0,4,15,3,0,6,22,6,0,9,30,7,0,12,44,10,0
4YIJ,2239,B,137,LYS,H,2,7,3,0,4,12,4,0,5,23,5,0,9,30,7,0,11,39,8,0
4YIJ,2240,B,137,LYS,H,1,2,2,0,1,4,2,0,3,10,2,0,4,17,4,0,6,24,5,0
4YIJ,2241,B,137,LYS,H,1,2,2,0,1,3,2,0,3,8,3,0,4,19,4,0,8,26,6,0
4YIJ,2242,B,137,LYS,HN,0,0,1,0,1,1,1,0,2,5,2,0,3,8,2,0,5,14,3,0
4YIJ,2243,B,137,LYS,HN,1,1,1,0,2,4,1,0,4,8,3,0,5,16,4,0,7,26,6,0
4YIJ,2244,B,137,LYS,HN,0,0,1,0,2,4,1,0,3,6,2,0,4,13,3,0,6,20,5,0
4YIJ,2245,B,138,LEU,N,7,21,6,0,12,32,9,0,14,49,11,0,22,62,17,0,25,74,19,0
4YIJ,2246,B,138,LEU,CA,10,28,7,0,13,40,9,0,18,57,14,0,23,70,16,0,26,91,23,0
4YIJ,2247,B,138,LEU,C,7,25,7,0,14,37,10,0,18,53,12,0,19,65,15,0,24,88,21,0
4YIJ,2248,B,138,LEU,O,6,18,6,0,8,31,7,0,15,35,10,0,18,55,12,0,20,73,19,0
4YIJ,2249,B,138,LEU,HN,6,21,6,0,11,35,8,0,15,49,12,0,19,63,15,0,26,75,21,0
4YIJ,2250,B,138,LEU,H,11,29,8,0,14,38,10,0,18,52,15,0,21,70,18,0,26,93,23,0
4YIJ,2251,B,138,LEU,C,9,35,9,0,14,49,11,0,23,68,15,0,24,86,20,0,30,110,29,1
4YIJ,2252,B,138,LEU,C,9,38,10,0,16,50,11,0,20,69,16,0,29,92,24,0,33,110,28,1
4YIJ,2253,B,138,LEU,C,9,39,10,0,15,55,13,0,22,80,21,0,29,101,25,1,36,129,32,1
4YIJ,2254,B,138,LEU,C,11,34,11,0,15,49,14,0,24,69,18,0,26,85,25,0,33,111,28,0
4YIJ,2255,B,138,LEU,H,11,36,10,0,16,53,14,0,22,77,16,0,26,95,24,0,31,116,28,1
4YIJ,2256,B,138,LEU,H,8,31,8,0,14,51,11,0,20,65,14,0,24,85,16,1,31,108,27,1
4YIJ,2257,B,138,LEU,H,9,35,8,0,12,48,12,0,20,60,17,0,24,80,21,0,30,100,26,1
4YIJ,2258,B,138,LEU,H,10,39,11,0,16,54,16,0,21,76,21,0,28,100,27,1,38,130,30,1
4YIJ,2259,B,138,LEU,H,10,36,10,0,17,64,15,0,26,85,21,1,32,112,28,1,39,136,33,1
4YIJ,2260,B,138,LEU,H,9,34,11,0,13,53,12,0,19,78,19,1,28,103,24,1,38,130,32,1
4YIJ,2261,B,138,LEU,H,11,32,11,0,17,52,18,0,20,69,20,0,30,88,23,0,33,107,30,0
4YIJ,2262,B,138,LEU,H,10,28,10,0,13,44,12,0,20,57,17,0,24,76,21,0,30,98,27,0
4YIJ,2263,B,138,LEU,H,10,35,12,0,18,52,14,0,24,71,18,0,29,98,25,0,30,117,30,0
4YIJ,2264,B,139,HIS,N,7,25,10,0,12,39,10,0,16,54,15,0,20,74,18,0,21,94,21,0
4YIJ,2265,B,139,HIS,CA,5,27,8,0,9,33,9,0,15,50,15,0,18,69,17,0,23,88,18,0
4YIJ,2266,B,139,HIS,C,6,26,10,0,10,43,15,0,13,55,15,0,21,81,18,0,25,101,22,0
4YIJ,2267,B,139,HIS,O,8,32,11,0,10,45,13,0,14,66,16,0,22,89,20,0,26,116,25,0
4YIJ,2268,B,139,HIS,HN,7,30,9,0,13,43,11,0,17,63,15,0,20,86,19,0,26,102,24,0
4YIJ,2269,B,139,HIS,H,4,22,7,0,9,31,9,0,11,43,13,0,16,66,16,0,23,79,18,0
4YIJ,2270,B,139,HIS,C,3,20,6,0,7,29,9,0,12,38,13,0,16,55,14,0,18,72,17,0
4YIJ,2271,B,139,HIS,C,5,15,7,0,7,31,8,0,12,41,11,0,16,57,14,0,18,75,18,0
4YIJ,2272,B,139,HIS,N,7,15,6,0,9,30,8,0,13,41,12,0,16,56,13,0,18,68,17,0
4YIJ,2273,B,139,HIS,C,4,14,6,0,8,24,9,0,12,43,10,0,15,61,14,0,19,73,18,0
4YIJ,2274,B,139,HIS,C,8,14,6,0,9,27,7,0,13,43,11,0,15,55,13,0,16,73,15,0
4YIJ,2275,B,139,HIS,N,5,11,5,0,11,28,8,0,12,43,10,0,14,61,13,0,17,75,17,0
4YIJ,2276,B,139,HIS,H,4,15,4,0,6,25,7,0,10,35,10,0,14,42,13,0,18,59,15,0
4YIJ,2277,B,139,HIS,H,3,16,6,0,4,25,7,0,10,33,11,0,13,51,14,0,18,63,17,0
4YIJ,2278,B,139,HIS,HN,6,18,5,0,9,31,9,0,13,41,11,0,15,48,13,0,18,64,15,0
4YIJ,2279,B,139,HIS,H,5,13,6,0,8,25,8,0,11,46,12,0,14,60,15,0,20,77,18,0
4YIJ,2280,B,139,HIS,H,5,10,6,0,9,23,7,0,11,38,8,0,14,57,13,0,17,65,15,0
4YIJ,2281,B,139,HIS,HN,6,14,4,0,8,24,8,0,12,42,9,0,13,56,12,0,17,72,15,0
4YIJ,2282,B,140,LYS,N,8,28,9,0,9,39,15,0,14,55,15,0,20,75,18,0,25,98,22,0
4YIJ,2283,B,140,LYS,CA,9,30,12,0,10,44,15,0,16,61,17,0,21,83,19,0,26,107,23,0
4YIJ,2284,B,140,LYS,C,8,31,9,0,11,38,15,0,14,55,16,0,19,77,19,0,26,102,21,0
4YIJ,2285,B,140,LYS,O,7,27,7,0,11,31,12,0,12,43,15,0,16,61,17,0,21,86,19,0
4YIJ,2286,B,140,LYS,HN,5,21,8,0,9,35,12,0,13,49,15,0,17,66,17,0,23,81,20,0
4YIJ,2287,B,140,LYS,H,9,36,13,0,12,54,16,0,19,73,17,0,22,93,21,0,28,121,27,1
4YIJ,2288,B,140,LYS,C,7,30,8,0,11,43,13,0,14,54,18,0,20,78,21,0,26,101,25,1
4YIJ,2289,B,140,LYS,C,7,27,10,0,11,42,14,0,18,64,16,0,23,90,22,1,26,106,27,1
4YIJ,2290,B,140,LYS,C,7,23,8,0,10,33,12,0,16,57,17,0,22,72,20,1,25,97,26,1
4YIJ,2291,B,140,LYS,C,2,19,7,0,11,37,10,0,14,53,16,1,21,69,20,1,24,98,24,1
4YIJ,2292,B,140,LYS,N,2,14,5,0,6,28,8,0,13,42,15,1,16,61,19,1,23,83,25,1
4YIJ,2293,B,140,LYS,H,8,35,8,0,13,46,12,0,16,60,20,0,20,80,23,0,25,101,25,0
4YIJ,2294,B,140,LYS,H,6,24,7,0,9,36,10,0,13,47,16,0,17,62,19,0,23,92,24,0
4YIJ,2295,B,140,LYS,H,5,28,11,0,12,41,12,0,17,62,17,0,22,85,20,1,29,107,26,1
4YIJ,2296,B,140,LYS,H,7,32,11,0,14,48,15,0,19,73,17,1,25,94,25,1,28,117,28,1
4YIJ,2297,B,140,LYS,H,8,24,9,0,12,36,14,0,16,55,19,0,20,78,20,1,25,96,26,1
4YIJ,2298,B,140,LYS,H,2,19,5,0,7,29,10,0,11,39,14,0,20,66,18,0,24,85,23,1
4YIJ,2299,B,140,LYS,H,2,20,7,0,6,33,10,0,14,50,13,1,20,72,19,1,25,91,24,1
4YIJ,2300,B,140,LYS,H,6,32,8,0,14,42,14,1,17,57,18,1,20,81,23,1,29,111,26,1
4YIJ,2301,B,140,LYS,HN,4,15,4,0,6,25,6,0,10,42,14,1,18,65,19,1,22,88,25,1
4YIJ,2302,B,140,LYS,HN,4,17,6,0,7,29,9,0,12,44,14,1,16,63,20,1,21,89,25,1
4YIJ,2303,B,140,LYS,HN,1,11,5,0,4,19,5,0,8,34,10,0,14,50,16,1,19,73,21,1
4YIJ,2304,B,141,GLU,N,10,33,8,0,11,46,11,0,16,67,16,0,24,88,16,0,28,113,22,0
4YIJ,2305,B,141,GLU,CA,8,33,7,0,12,43,8,0,15,63,11,0,21,82,18,0,25,105,19,0
4YIJ,2306,B,141,GLU,C,7,30,9,0,10,48,10,0,18,67,13,0,20,94,17,0,28,113,22,0
4YIJ,2307,B,141,GLU,O,6,32,9,0,12,49,12,0,18,88,14,0,23,107,20,0,32,119,24,1
4YIJ,2308,B,141,GLU,HN,10,38,10,0,12,53,13,0,17,81,16,0,25,99,19,0,29,119,24,0
4YIJ,2309,B,141,GLU,H,7,25,5,0,9,38,8,0,15,53,9,0,17,67,15,0,22,88,18,0
4YIJ,2310,B,141,GLU,C,10,37,4,0,14,53,7,0,16,64,14,0,18,79,16,0,25,100,20,1
4YIJ,2311,B,141,GLU,C,11,33,4,0,13,46,6,0,14,64,9,0,17,68,16,0,22,92,21,1
4YIJ,2312,B,141,GLU,C,9,28,4,0,13,42,5,0,14,56,6,0,17,67,11,0,21,85,20,1
4YIJ,2313,B,141,GLU,O,7,23,4,0,11,40,4,0,14,50,5,0,16,63,9,1,19,73,17,1
4YIJ,2314,B,141,GLU,O,9,30,3,0,11,37,5,0,15,52,8,0,17,70,13,0,22,83,18,1
4YIJ,2315,B,141,GLU,H,9,34,4,0,11,45,5,0,17,59,10,0,18,69,15,0,23,90,18,1
4YIJ,2316,B,141,GLU,H,10,42,5,0,14,58,8,0,16,69,14,0,23,90,19,1,27,119,26,1
4YIJ,2317,B,141,GLU,H,11,34,6,0,12,51,8,0,16,60,13,0,19,83,17,0,25,103,21,1
4YIJ,2318,B,141,GLU,H,11,26,4,0,11,42,4,0,14,55,9,0,17,66,14,0,19,82,19,0
4YIJ,2319,B,142,PRO,N,5,23,7,0,10,38,12,0,13,60,12,0,19,80,17,0,24,103,20,0
4YIJ,2320,B,142,PRO,CA,6,25,8,0,10,42,10,0,11,57,16,0,18,81,18,0,24,102,21,0
4YIJ,2321,B,142,PRO,C,8,32,7,0,10,49,11,0,13,65,15,0,20,81,21,1,24,107,23,2
4YIJ,2322,B,142,PRO,O,8,33,7,0,10,49,11,0,14,65,15,0,17,82,19,2,25,110,24,2
4YIJ,2323,B,142,PRO,H,7,29,8,0,9,39,12,0,13,58,16,0,20,83,18,0,26,108,22,0
4YIJ,2324,B,142,PRO,C,5,15,5,0,8,30,9,0,11,46,10,0,16,62,17,0,18,80,18,0
4YIJ,2325,B,142,PRO,C,3,12,5,0,6,28,8,0,11,43,11,0,14,59,15,0,19,71,18,0
4YIJ,2326,B,142,PRO,C,3,17,7,0,7,33,9,0,13,48,12,0,16,60,14,0,20,81,18,0
4YIJ,2327,B,142,PRO,H,4,15,5,0,7,24,7,0,9,37,11,0,13,53,16,0,19,72,17,0
4YIJ,2328,B,142,PRO,H,4,13,5,0,7,28,6,0,10,44,13,0,14,60,15,0,18,73,18,1
4YIJ,2329,B,142,PRO,H,2,6,3,0,3,14,6,0,7,35,9,0,13,49,13,0,15,64,15,0
4YIJ,2330,B,142,PRO,H,4,17,6,0,7,30,8,0,9,47,11,0,16,59,15,0,19,76,18,1
4YIJ,2331,B,142,PRO,H,4,14,6,0,6,28,10,0,10,42,11,0,14,55,12,0,18,69,16,0
4YIJ,2332,B,142,PRO,H,5,16,5,0,7,37,9,0,14,46,12,0,18,58,14,0,20,79,15,0
4YIJ,2333,B,143,ALA,N,10,36,6,0,10,52,12,0,14,69,16,0,20,88,21,1,28,117,27,2
4YIJ,2334,B,143,ALA,CA,9,41,5,0,12,52,9,0,15,71,17,1,18,99,21,1,26,123,27,2
4YIJ,2335,B,143,ALA,C,8,36,6,0,12,45,11,0,14,68,17,1,20,98,20,1,26,127,29,1
4YIJ,2336,B,143,ALA,O,8,35,9,0,10,45,11,0,17,68,17,0,21,93,20,1,28,120,27,1
4YIJ,2337,B,143,ALA,HN,7,35,9,0,11,48,13,0,14,67,14,0,21,89,20,0,24,122,28,1
4YIJ,2338,B,143,ALA,H,10,34,7,0,12,53,8,1,14,70,14,1,18,91,21,2,22,114,26,2
4YIJ,2339,B,143,ALA,C,10,47,9,0,12,60,12,0,17,84,18,2,23,114,24,2,32,144,33,2
4YIJ,2340,B,143,ALA,H,10,45,10,0,13,64,14,1,19,90,15,2,23,120,22,2,27,147,33,2
4YIJ,2341,B,143,ALA,H,9,49,9,0,13,65,12,0,17,91,20,0,24,120,25,2,33,154,34,2
4YIJ,2342,B,143,ALA,H,8,47,9,0,13,64,11,0,17,86,18,2,24,116,25,2,31,144,31,2
4YIJ,2343,B,144,THR,N,8,29,6,0,12,45,10,1,15,65,14,1,19,93,19,1,24,120,27,1
4YIJ,2344,B,144,THR,CA,7,28,7,0,9,39,9,1,14,54,15,1,20,85,20,1,26,114,24,1
4YIJ,2345,B,144,THR,C,8,31,6,0,9,42,9,1,14,63,17,1,22,95,20,1,29,122,25,1
4YIJ,2346,B,144,THR,O,7,34,5,1,10,50,12,1,17,72,14,1,23,103,21,1,27,129,25,2
4YIJ,2347,B,144,THR,HN,8,31,7,1,12,47,10,1,16,68,11,1,18,93,22,1,22,117,26,2
4YIJ,2348,B,144,THR,H,7,28,8,0,9,40,11,0,13,60,15,1,21,83,19,1,26,118,26,1
4YIJ,2349,B,144,THR,C,6,21,4,0,7,35,8,1,12,44,13,1,16,63,15,1,21,90,22,1
4YIJ,2350,B,144,THR,OH,5,20,4,1,7,34,8,1,12,46,11,1,16,62,17,1,18,89,21,1
4YIJ,2351,B,144,THR,C,4,12,6,0,6,29,6,1,11,42,9,1,14,58,14,1,18,71,19,1
4YIJ,2352,B,144,THR,H,4,19,3,0,6,30,8,1,9,41,12,1,14,58,14,1,23,84,20,1
4YIJ,2353,B,144,THR,HO,5,16,3,1,6,24,6,1,11,43,11,1,14,54,13,1,16,74,19,1
4YIJ,2354,B,144,THR,H,2,8,3,0,5,15,6,1,8,34,7,1,13,49,11,1,16,63,16,1
4YIJ,2355,B,144,THR,H,5,13,5,0,9,29,6,1,11,44,10,1,14,59,14,1,17,77,20,1
4YIJ,2356,B,144,THR,H,3,17,5,0,6,26,8,0,10,40,9,1,13,58,14,1,20,75,20,1
4YIJ,2357,B,145,LEU,N,7,29,7,0,10,41,10,0,15,62,17,1,19,83,21,1,30,112,29,1
4YIJ,2358,B,145,LEU,CA,7,33,8,0,9,47,10,0,13,62,15,1,20,85,24,1,29,118,29,1
4YIJ,2359,B,145,LEU,C,7,27,7,0,7,45,8,0,11,58,12,1,17,75,18,1,27,97,27,1
4YIJ,2360,B,145,LEU,O,5,23,4,0,7,33,8,1,9,48,11,1,14,64,18,1,25,83,21,1
4YIJ,2361,B,145,LEU,HN,5,28,8,0,10,45,11,0,17,55,15,0,17,79,22,1,25,104,28,1
4YIJ,2362,B,145,LEU,H,7,40,9,0,11,52,10,0,16,70,15,1,23,101,27,1,30,134,31,1
4YIJ,2363,B,145,LEU,C,7,32,8,0,12,51,10,0,14,66,20,0,23,82,25,0,27,116,29,1
4YIJ,2364,B,145,LEU,C,7,36,8,0,11,47,13,0,17,66,18,0,20,85,23,0,30,110,30,0
4YIJ,2365,B,145,LEU,C,8,40,10,0,12,56,14,0,18,74,19,0,23,107,26,0,33,132,34,0
4YIJ,2366,B,145,LEU,C,6,27,10,0,12,48,14,0,17,65,16,0,22,86,24,0,26,102,31,0
4YIJ,2367,B,145,LEU,H,5,25,8,0,11,41,10,0,14,61,16,0,18,75,23,0,26,99,27,1
4YIJ,2368,B,145,LEU,H,8,33,8,0,13,53,13,0,16,69,21,0,24,93,27,0,27,123,31,1
4YIJ,2369,B,145,LEU,H,6,32,7,0,10,45,10,0,14,60,16,0,20,79,20,0,27,101,28,1
4YIJ,2370,B,145,LEU,H,10,39,11,0,11,57,12,0,18,71,19,0,23,104,26,0,31,131,33,0
4YIJ,2371,B,145,LEU,H,8,37,9,0,14,54,15,0,18,86,23,0,28,112,29,0,35,140,38,1
4YIJ,2372,B,145,LEU,H,9,40,8,0,11,53,14,0,13,81,18,0,28,106,23,0,35,137,32,1
4YIJ,2373,B,145,LEU,H,9,29,10,0,13,45,14,0,16,68,18,0,23,83,23,0,27,105,28,0
4YIJ,2374,B,145,LEU,H,6,22,9,0,8,39,14,0,15,57,16,0,21,76,19,0,23,95,29,0
4YIJ,2375,B,145,LEU,H,7,30,13,0,11,49,14,0,18,70,18,0,25,88,26,0,28,109,31,1
4YIJ,2376,B,146,ILE,N,7,29,6,0,9,45,9,1,14,64,13,1,19,80,15,1,24,98,24,1
4YIJ,2377,B,146,ILE,CA,7,29,5,0,9,37,8,1,13,54,11,1,16,74,14,1,20,85,18,1
4YIJ,2378,B,146,ILE,C,7,26,5,0,9,40,8,0,14,53,9,0,17,68,15,1,20,88,21,1
4YIJ,2379,B,146,ILE,O,6,19,5,0,8,30,6,0,10,46,9,0,14,55,13,1,17,77,17,1
4YIJ,2380,B,146,ILE,HN,7,34,8,0,11,54,9,1,16,71,14,1,20,89,17,1,25,112,25,1
4YIJ,2381,B,146,ILE,H,5,25,5,0,8,34,5,1,12,45,11,1,14,64,13,1,18,78,16,1
4YIJ,2382,B,146,ILE,C,8,30,6,1,11,41,9,1,13,55,11,1,17,70,13,1,19,89,19,1
4YIJ,2383,B,146,ILE,C,10,33,8,1,11,40,9,1,13,57,13,1,16,66,13,1,21,88,16,2
4YIJ,2384,B,146,ILE,C,5,22,5,0,9,34,6,1,12,47,11,1,15,56,11,1,17,74,14,1
4YIJ,2385,B,146,ILE,C,10,26,8,1,12,41,11,1,14,55,12,1,17,70,15,2,19,84,18,2
4YIJ,2386,B,146,ILE,H,9,34,7,0,12,49,10,1,16,60,11,1,17,79,17,1,20,97,19,2
4YIJ,2387,B,146,ILE,H,9,33,8,1,11,47,11,1,14,59,13,1,18,75,14,1,22,95,19,2
4YIJ,2388,B,146,ILE,H,7,28,6,1,10,35,8,1,12,46,10,1,15,59,13,1,19,74,14,1
4YIJ,2389,B,146,ILE,H,7,22,4,1,9,32,8,1,12,42,10,1,16,55,11,1,18,71,14,1
4YIJ,2390,B,146,ILE,H,4,19,4,0,9,28,5,1,10,39,7,1,13,48,11,1,15,63,13,1
4YIJ,2391,B,146,ILE,H,6,20,4,0,9,33,7,0,12,45,8,1,15,54,12,1,18,69,13,1
4YIJ,2392,B,146,ILE,H,9,31,9,1,14,37,10,1,15,57,12,1,17,66,15,2,18,85,17,2
4YIJ,2393,B,146,ILE,H,7,24,7,1,11,31,9,1,13,50,12,1,17,62,13,1,18,75,16,2
4YIJ,2394,B,146,ILE,H,10,32,9,1,12,49,11,1,16,65,13,2,18,76,15,2,20,91,20,2
4YIJ,2395,B,147,LYS,N,8,34,8,0,9,41,10,0,14,58,12,0,18,81,17,1,21,98,23,1
4YIJ,2396,B,147,LYS,CA,5,33,5,0,9,44,9,0,12,55,14,0,17,75,17,0,21,91,20,0
4YIJ,2397,B,147,LYS,C,7,37,7,0,11,50,12,0,16,65,18,0,20,81,19,0,26,107,25,0
4YIJ,2398,B,147,LYS,O,7,38,7,0,11,52,13,0,17,73,16,0,21,93,22,0,26,115,25,0
4YIJ,2399,B,147,LYS,HN,9,34,8,0,10,47,10,0,14,68,13,0,20,89,22,1,22,110,23,1
4YIJ,2400,B,147,LYS,H,5,28,6,0,8,43,9,0,13,56,13,0,15,63,18,0,22,81,20,0
4YIJ,2401,B,147,LYS,C,6,25,5,0,8,34,8,0,11,45,12,0,16,62,14,0,17,82,18,0
4YIJ,2402,B,147,LYS,C,5,20,4,0,7,33,6,0,9,41,9,0,12,53,12,0,17,71,18,0
4YIJ,2403,B,147,LYS,C,3,16,2,0,6,20,5,0,7,31,6,0,9,43,10,0,12,57,14,0
4YIJ,2404,B,147,LYS,C,3,10,3,0,4,14,4,0,6,22,6,0,8,34,7,0,10,50,12,0
4YIJ,2405,B,147,LYS,N,3,4,3,0,3,12,4,0,4,21,5,0,7,28,7,0,9,43,11,0
4YIJ,2406,B,147,LYS,H,6,26,4,0,8,34,9,0,13,49,11,0,15,64,14,0,18,85,21,0
4YIJ,2407,B,147,LYS,H,5,21,4,0,6,29,5,0,10,38,10,0,13,55,12,0,17,75,15,0
4YIJ,2408,B,147,LYS,H,4,17,4,0,6,29,7,0,8,39,9,0,12,49,12,0,15,66,18,0
4YIJ,2409,B,147,LYS,H,5,23,6,0,8,36,7,0,10,47,12,0,14,61,13,0,20,77,20,0
4YIJ,2410,B,147,LYS,H,4,17,3,0,6,21,5,0,9,29,7,0,10,49,10,0,14,59,15,0
4YIJ,2411,B,147,LYS,H,3,13,2,0,6,17,4,0,6,27,6,0,9,35,9,0,11,52,11,0
4YIJ,2412,B,147,LYS,H,3,9,2,0,4,15,4,0,6,25,7,0,9,40,9,0,13,53,14,0
4YIJ,2413,B,147,LYS,H,2,6,1,0,4,12,3,0,5,17,4,0,7,24,6,0,8,40,8,0
4YIJ,2414,B,147,LYS,HN,2,2,1,0,3,8,4,0,3,14,5,0,5,22,5,0,7,32,9,0
4YIJ,2415,B,147,LYS,HN,2,3,3,0,3,10,3,0,4,21,5,0,7,30,7,0,7,39,9,0
4YIJ,2416,B,147,LYS,HN,3,9,3,0,3,14,5,0,4,25,5,0,8,37,10,0,11,49,12,0
4YIJ,2417,B,148,ALA,N,9,39,10,0,11,57,13,0,16,67,15,0,24,86,24,0,27,107,28,0
4YIJ,2418,B,148,ALA,CA,8,42,11,0,15,59,12,0,20,73,18,0,23,96,26,0,28,117,31,0
4YIJ,2419,B,148,ALA,C,9,38,7,0,10,52,13,0,18,66,18,0,23,80,23,0,26,106,31,0
4YIJ,2420,B,148,ALA,O,8,29,7,0,9,45,11,0,13,59,13,0,20,74,19,0,24,88,25,0
4YIJ,2421,B,148,ALA,HN,8,39,8,0,11,50,14,0,14,63,14,0,21,81,19,0,27,96,26,0
4YIJ,2422,B,148,ALA,H,8,44,11,0,17,62,15,0,20,82,20,0,25,111,27,0,29,127,32,0
4YIJ,2423,B,148,ALA,C,11,42,9,0,16,59,16,0,21,76,20,0,23,93,25,0,26,118,31,1
4YIJ,2424,B,148,ALA,H,13,44,13,0,19,59,16,0,20,78,21,0,23,97,28,0,26,125,31,1
4YIJ,2425,B,148,ALA,H,8,38,9,0,15,52,13,0,20,70,18,0,23,83,23,0,26,105,30,0
4YIJ,2426,B,148,ALA,H,12,43,11,0,17,60,17,0,23,76,21,0,24,102,25,0,26,124,30,1
4YIJ,2427,B,149,ILE,N,9,32,8,0,11,47,14,0,17,60,17,0,24,84,23,0,28,108,30,0
4YIJ,2428,B,149,ILE,CA,7,25,6,0,10,38,11,0,14,51,17,0,21,72,21,0,26,93,26,0
4YIJ,2429,B,149,ILE,C,6,23,7,0,11,35,11,0,14,46,19,0,18,66,22,0,25,92,27,0
4YIJ,2430,B,149,ILE,O,4,16,6,0,10,29,8,0,12,43,14,0,17,55,20,0,22,77,26,0
4YIJ,2431,B,149,ILE,HN,9,35,11,0,10,52,14,0,18,70,19,0,24,96,25,0,29,121,33,0
4YIJ,2432,B,149,ILE,H,7,20,5,0,9,31,8,0,12,46,12,0,17,62,19,0,23,81,25,0
4YIJ,2433,B,149,ILE,C,6,26,8,0,10,37,10,0,14,53,15,0,22,72,19,0,26,96,25,0
4YIJ,2434,B,149,ILE,C,7,30,8,0,11,37,12,0,16,52,13,0,20,80,19,0,24,102,25,0
4YIJ,2435,B,149,ILE,C,5,18,6,0,8,29,8,0,11,42,12,0,17,56,16,0,23,72,21,0
4YIJ,2436,B,149,ILE,C,7,26,5,0,9,36,9,0,12,42,12,0,17,63,16,0,21,86,22,0
4YIJ,2437,B,149,ILE,H,7,27,9,0,11,44,13,0,18,55,16,0,22,79,22,0,29,103,28,0
4YIJ,2438,B,149,ILE,H,9,30,9,0,11,39,12,0,18,55,13,0,19,76,17,0,26,98,25,0
4YIJ,2439,B,149,ILE,H,8,31,8,0,13,48,11,0,16,66,16,0,21,90,22,0,29,112,27,0
4YIJ,2440,B,149,ILE,H,4,16,7,0,8,29,9,0,15,43,13,0,18,53,15,0,22,69,17,0
4YIJ,2441,B,149,ILE,H,4,17,6,0,7,25,6,0,11,33,8,0,13,45,14,0,20,65,18,0
4YIJ,2442,B,149,ILE,H,4,12,5,0,8,26,11,0,10,41,13,0,17,51,15,0,25,69,21,0
4YIJ,2443,B,149,ILE,H,8,29,6,0,11,37,8,0,13,49,11,0,16,61,16,0,21,87,19,0
4YIJ,2444,B,149,ILE,H,6,23,6,0,9,33,8,0,14,43,11,0,16,67,15,0,22,82,22,0
4YIJ,2445,B,149,ILE,H,7,19,3,0,7,29,7,0,11,38,11,0,15,46,14,0,20,75,17,0
4YIJ,2446,B,150,ASP,N,7,29,9,0,10,36,14,0,11,55,16,0,24,84,22,0,31,105,26,0
4YIJ,2447,B,150,ASP,CA,7,27,11,0,10,37,13,0,15,54,18,0,25,83,23,0,28,109,28,0
4YIJ,2448,B,150,ASP,C,9,31,11,0,12,47,15,0,18,67,21,0,24,93,24,0,33,133,31,0
4YIJ,2449,B,150,ASP,O,10,38,11,0,13,53,16,0,18,72,21,0,28,103,27,0,38,145,32,1
4YIJ,2450,B,150,ASP,HN,9,30,11,0,11,43,14,0,17,65,17,0,25,90,22,0,32,116,29,0
4YIJ,2451,B,150,ASP,H,7,27,10,0,13,41,12,0,14,59,18,0,20,73,23,0,28,101,25,0
4YIJ,2452,B,150,ASP,C,6,20,9,0,8,33,12,0,17,45,15,0,23,75,20,0,28,100,28,0
4YIJ,2453,B,150,ASP,C,7,19,8,0,11,32,13,0,16,54,14,0,24,71,22,0,28,99,28,0
4YIJ,2454,B,150,ASP,O,9,21,9,0,13,42,13,0,17,64,18,0,25,78,22,0,30,101,30,0
4YIJ,2455,B,150,ASP,O,6,17,8,0,11,27,10,0,15,43,15,0,20,67,22,0,27,89,27,0
4YIJ,2456,B,150,ASP,H,5,18,6,0,6,23,10,0,11,35,13,0,20,62,18,0,27,86,21,0
4YIJ,2457,B,150,ASP,H,6,20,9,0,10,31,13,0,16,48,16,0,20,63,19,0,28,101,30,0
4YIJ,2458,B,151,GLY,N,9,32,14,0,13,51,18,0,21,75,23,0,24,104,30,0,34,125,37,0
4YIJ,2459,B,151,GLY,CA,9,36,14,0,15,59,19,0,22,86,26,0,29,122,31,1,40,143,42,1
4YIJ,2460,B,151,GLY,C,8,36,12,0,19,60,19,0,22,99,27,0,35,118,36,1,43,154,44,1
4YIJ,2461,B,151,GLY,O,9,44,13,0,16,66,19,0,27,102,28,1,37,132,41,1,43,162,44,1
4YIJ,2462,B,151,GLY,HN,9,31,15,0,15,47,17,0,18,73,22,0,24,96,26,0,31,120,36,0
4YIJ,2463,B,151,GLY,H,9,41,17,0,13,64,21,0,20,88,23,0,29,120,32,1,40,147,40,1
4YIJ,2464,B,151,GLY,H,10,35,16,0,15,62,20,0,24,90,26,0,30,116,34,0,40,147,43,1
4YIJ,2465,B,152,ASP,N,9,38,8,0,14,55,15,0,23,79,22,0,33,111,36,0,42,141,40,1
4YIJ,2466,B,152,ASP,CA,10,41,12,0,18,57,15,0,24,81,25,0,35,108,32,0,41,154,42,1
4YIJ,2467,B,152,ASP,C,9,35,12,0,16,52,14,0,23,80,22,0,29,111,31,0,39,143,39,0
4YIJ,2468,B,152,ASP,O,12,34,13,0,19,57,17,0,24,88,20,0,30,122,30,0,38,145,40,0
4YIJ,2469,B,152,ASP,HN,10,34,11,0,13,57,16,0,20,70,21,0,32,100,32,0,38,129,39,0
4YIJ,2470,B,152,ASP,H,13,46,12,0,17,60,18,0,26,83,24,0,37,118,33,0,44,169,43,2
4YIJ,2471,B,152,ASP,C,13,37,13,0,16,55,15,0,22,74,25,0,31,109,31,0,43,149,36,0
4YIJ,2472,B,152,ASP,C,10,36,12,0,15,48,15,0,21,68,21,0,27,94,32,0,38,126,34,0
4YIJ,2473,B,152,ASP,O,12,30,12,0,16,42,14,0,17,61,18,0,24,88,27,0,32,121,33,0
4YIJ,2474,B,152,ASP,O,9,28,12,0,12,50,16,0,20,65,21,0,27,87,26,0,40,129,39,0
4YIJ,2475,B,152,ASP,H,10,39,10,0,18,60,21,0,23,76,27,0,33,109,31,0,44,154,39,0
4YIJ,2476,B,152,ASP,H,13,36,13,0,17,52,18,0,21,77,23,0,33,117,30,0,40,156,38,0
4YIJ,2477,B,153,THR,N,12,37,14,0,13,51,15,0,21,75,23,0,29,106,30,0,37,141,36,0
4YIJ,2478,B,153,THR,CA,12,42,12,0,16,54,17,0,19,73,20,0,27,104,28,0,34,133,33,0
4YIJ,2479,B,153,THR,C,10,44,12,0,13,57,16,0,18,83,22,0,25,104,25,0,35,140,38,0
4YIJ,2480,B,153,THR,O,9,34,12,0,12,57,15,0,19,80,20,0,25,104,26,0,36,132,34,0
4YIJ,2481,B,153,THR,HN,9,37,12,0,14,51,18,0,20,68,22,0,26,99,27,0,34,130,40,0
4YIJ,2482,B,153,THR,H,13,44,13,0,17,58,17,0,23,77,23,0,26,107,29,0,36,141,37,0
4YIJ,2483,B,153,THR,C,12,37,10,0,15,47,14,0,17,60,20,0,22,78,25,0,30,117,31,0
4YIJ,2484,B,153,THR,OH,14,32,11,0,15,43,15,0,16,54,21,0,23,82,25,0,28,115,32,0
4YIJ,2485,B,153,THR,C,12,37,10,0,14,48,15,0,20,60,18,0,23,84,22,0,27,108,30,0
4YIJ,2486,B,153,THR,H,10,28,11,0,14,45,12,0,18,56,17,0,21,74,26,0,29,109,27,0
4YIJ,2487,B,153,THR,HO,13,30,10,0,15,44,16,0,18,59,21,0,23,83,25,0,31,111,34,0
4YIJ,2488,B,153,THR,H,11,31,9,0,14,40,13,0,20,54,18,0,22,74,23,0,26,101,28,0
4YIJ,2489,B,153,THR,H,13,38,11,0,16,53,15,0,21,68,21,0,25,92,26,0,28,117,29,1
4YIJ,2490,B,153,THR,H,10,36,12,0,15,51,14,0,18,68,17,0,23,87,21,0,29,113,29,0
4YIJ,2491,B,154,VAL,N,10,46,11,0,13,67,16,0,20,87,20,0,30,117,28,0,40,147,35,1
4YIJ,2492,B,154,VAL,CA,9,45,9,0,14,69,14,0,18,94,20,0,27,118,28,0,40,153,38,1
4YIJ,2493,B,154,VAL,C,11,43,9,0,14,68,12,0,18,95,18,0,25,121,24,1,37,149,37,1
4YIJ,2494,B,154,VAL,O,10,44,9,0,15,64,12,0,20,99,16,1,28,124,25,1,39,154,39,1
4YIJ,2495,B,154,VAL,HN,10,48,12,0,16,67,15,0,21,87,20,0,30,114,27,0,37,150,38,1
4YIJ,2496,B,154,VAL,H,8,42,10,0,14,66,13,0,17,91,21,0,25,113,27,0,35,138,35,0
4YIJ,2497,B,154,VAL,C,9,43,10,0,14,76,12,0,20,95,21,0,32,136,34,0,44,171,42,1
4YIJ,2498,B,154,VAL,C,9,46,8,0,14,69,16,0,21,103,22,0,30,131,32,0,41,161,43,1
4YIJ,2499,B,154,VAL,C,10,46,8,0,16,70,11,0,22,101,26,0,31,134,38,1,43,175,45,1
4YIJ,2500,B,154,VAL,H,8,45,7,0,14,73,15,0,21,101,22,0,35,138,31,0,45,176,45,2
4YIJ,2501,B,154,VAL,H,9,40,7,0,13,68,15,0,25,102,22,0,34,133,37,1,40,168,43,1
4YIJ,2502,B,154,VAL,H,12,42,8,0,13,72,16,0,20,94,22,0,28,126,29,0,40,150,43,1
4YIJ,2503,B,154,VAL,H,9,48,10,0,14,66,13,0,18,98,20,0,28,126,29,0,39,151,41,1
4YIJ,2504,B,154,VAL,H,7,41,8,0,19,75,15,0,26,100,26,1,32,145,38,1,46,183,50,1
4YIJ,2505,B,154,VAL,H,10,49,8,0,14,69,16,0,23,97,28,0,34,129,35,1,45,178,44,1
4YIJ,2506,B,154,VAL,H,10,43,11,0,15,66,14,0,21,98,25,0,31,132,36,1,39,157,42,1
4YIJ,2507,B,155,LYS,N,11,49,9,0,14,58,13,0,14,80,16,0,23,106,23,1,28,138,29,2
4YIJ,2508,B,155,LYS,CA,10,49,9,0,12,61,12,0,17,75,15,1,20,104,19,2,25,124,26,2
4YIJ,2509,B,155,LYS,C,10,47,8,0,14,65,14,0,15,87,15,2,18,101,19,2,27,126,26,2
4YIJ,2510,B,155,LYS,O,11,39,7,0,13,61,11,0,14,85,15,1,19,100,18,1,27,119,26,2
4YIJ,2511,B,155,LYS,HN,9,50,8,0,13,58,13,0,15,75,16,0,23,105,23,0,28,132,30,1
4YIJ,2512,B,155,LYS,H,9,46,8,0,14,58,11,1,17,84,16,1,21,103,22,2,26,129,24,2
4YIJ,2513,B,155,LYS,C,10,41,9,0,10,59,12,0,17,66,13,0,18,81,17,2,21,107,22,2
4YIJ,2514,B,155,LYS,C,8,30,6,0,11,51,11,0,13,65,13,1,18,80,14,2,21,93,18,2
4YIJ,2515,B,155,LYS,C,5,25,6,0,10,34,6,0,12,53,13,0,14,68,13,1,18,78,15,2
4YIJ,2516,B,155,LYS,C,5,20,4,0,7,29,7,0,9,40,8,1,14,57,11,1,16,71,16,2
4YIJ,2517,B,155,LYS,N,2,13,0,0,5,22,5,0,8,30,5,0,11,41,10,1,14,54,11,1
4YIJ,2518,B,155,LYS,H,10,41,7,0,12,54,10,0,14,64,13,0,18,77,17,1,20,104,19,2
4YIJ,2519,B,155,LYS,H,9,37,9,0,11,52,9,0,15,62,13,0,18,81,17,1,23,101,22,2
4YIJ,2520,B,155,LYS,H,8,31,6,0,10,47,10,0,13,67,13,2,17,80,17,2,23,97,20,2
4YIJ,2521,B,155,LYS,H,8,35,8,0,12,49,10,1,13,66,14,1,16,78,15,2,22,98,18,2
4YIJ,2522,B,155,LYS,H,6,23,5,0,10,35,8,0,12,51,12,0,14,66,14,1,15,71,16,1
4YIJ,2523,B,155,LYS,H,4,25,4,0,9,34,8,0,12,48,10,0,13,64,14,0,18,76,15,2
4YIJ,2524,B,155,LYS,H,4,15,3,0,7,28,7,0,8,36,8,1,13,50,10,2,17,76,18,2
4YIJ,2525,B,155,LYS,H,7,19,4,0,7,31,6,1,10,42,9,1,15,56,12,1,17,73,17,2
4YIJ,2526,B,155,LYS,HN,0,12,0,0,4,17,3,0,7,27,5,0,9,35,8,1,13,50,11,1
4YIJ,2527,B,155,LYS,HN,1,14,1,0,6,21,4,0,8,29,6,0,11,42,9,0,12,56,13,1
4YIJ,2528,B,155,LYS,HN,0,8,0,0,4,20,2,0,5,25,5,0,10,33,8,0,12,45,10,1
4YIJ,2529,B,156,LEU,N,12,49,12,0,14,68,12,2,17,87,15,2,22,108,18,2,28,133,27,2
4YIJ,2530,B,156,LEU,CA,11,51,9,1,14,69,13,2,17,88,16,2,24,110,20,2,27,131,25,2
4YIJ,2531,B,156,LEU,C,11,48,9,1,15,66,13,2,17,80,15,2,22,101,19,2,26,118,23,2
4YIJ,2532,B,156,LEU,O,12,45,8,2,15,62,11,2,17,78,17,2,20,93,18,2,24,115,23,2
4YIJ,2533,B,156,LEU,HN,11,48,10,1,15,67,13,2,18,88,16,2,23,114,19,2,29,133,26,2
4YIJ,2534,B,156,LEU,H,8,45,10,1,14,62,11,1,17,87,16,1,22,103,20,2,27,123,26,2
4YIJ,2535,B,156,LEU,C,11,54,9,0,16,75,15,2,20,93,18,2,28,119,24,2,34,150,32,2
4YIJ,2536,B,156,LEU,C,10,49,8,0,15,73,13,0,19,92,21,1,30,129,29,2,37,162,35,2
4YIJ,2537,B,156,LEU,C,10,46,8,0,18,67,16,0,25,105,24,1,32,139,31,1,40,174,36,2
4YIJ,2538,B,156,LEU,C,8,46,8,0,14,67,14,0,21,92,20,0,26,124,29,2,39,159,39,2
4YIJ,2539,B,156,LEU,H,8,51,11,0,16,71,14,2,20,91,19,2,25,120,24,2,32,146,28,2
4YIJ,2540,B,156,LEU,H,10,48,9,1,15,70,14,2,20,98,18,2,29,125,24,2,34,154,35,2
4YIJ,2541,B,156,LEU,H,11,47,8,0,14,74,12,0,22,103,20,1,29,130,31,2,37,163,36,2
4YIJ,2542,B,156,LEU,H,10,45,10,0,16,69,16,0,24,107,26,0,35,143,31,1,41,184,40,1
4YIJ,2543,B,156,LEU,H,10,44,11,0,16,67,13,0,24,99,23,1,29,137,29,2,40,173,41,2
4YIJ,2544,B,156,LEU,H,9,47,9,0,18,71,17,1,26,108,25,1,32,139,30,1,39,174,35,2
4YIJ,2545,B,156,LEU,H,9,42,9,0,16,67,14,0,22,96,20,0,29,136,32,0,42,166,42,3
4YIJ,2546,B,156,LEU,H,8,47,9,0,13,65,12,0,19,88,18,0,26,117,28,1,33,148,35,2
4YIJ,2547,B,156,LEU,H,10,43,9,0,13,65,14,0,19,89,18,0,28,120,28,1,36,152,35,2
4YIJ,2548,B,157,MET,N,13,41,9,0,14,61,13,0,16,80,16,1,22,93,18,1,23,113,21,1
4YIJ,2549,B,157,MET,CA,11,42,10,0,11,55,12,0,15,70,14,1,18,86,19,1,21,101,19,1
4YIJ,2550,B,157,MET,C,11,44,10,0,11,55,12,1,15,73,15,1,20,96,18,1,23,109,22,1
4YIJ,2551,B,157,MET,O,10,36,6,0,12,55,13,0,15,76,14,1,19,92,18,1,22,111,23,1
4YIJ,2552,B,157,MET,HN,10,41,8,0,13,58,13,0,16,79,15,1,22,98,18,1,23,117,23,1
4YIJ,2553,B,157,MET,H,10,42,8,0,13,55,12,1,16,67,15,1,17,81,17,1,19,97,19,1
4YIJ,2554,B,157,MET,C,10,31,8,0,11,43,12,0,13,57,13,0,16,72,16,1,20,90,18,1
4YIJ,2555,B,157,MET,C,6,27,7,0,12,35,10,0,12,47,12,0,13,63,14,1,17,73,16,1
4YIJ,2556,B,157,MET,S,7,22,7,0,10,31,9,0,11,43,11,0,15,55,14,1,16,63,14,1
4YIJ,2557,B,157,MET,C,5,16,3,0,8,27,7,0,12,38,11,0,13,48,12,0,16,57,14,0
4YIJ,2558,B,157,MET,H,10,28,8,0,11,38,9,0,12,59,14,0,16,76,17,0,20,94,17,1
4YIJ,2559,B,157,MET,H,9,31,7,0,11,43,11,0,15,54,13,0,16,69,15,0,19,85,17,1
4YIJ,2560,B,157,MET,H,6,26,7,0,12,37,10,0,12,51,12,0,13,64,13,1,15,78,16,1
4YIJ,2561,B,157,MET,H,6,18,6,0,8,32,8,0,12,39,11,0,13,52,14,0,15,69,15,0
4YIJ,2562,B,157,MET,H,5,17,3,0,7,20,7,0,11,32,9,0,13,41,12,0,14,52,12,0
4YIJ,2563,B,157,MET,H,4,13,2,0,7,26,6,0,11,30,8,0,13,40,11,0,14,49,14,0
4YIJ,2564,B,157,MET,H,5,19,5,0,10,32,9,0,13,43,11,0,13,51,13,0,16,62,15,0
4YIJ,2565,B,158,TYR,N,9,40,9,2,11,52,11,2,15,72,14,2,19,89,18,2,24,102,23,2
4YIJ,2566,B,158,TYR,CA,9,34,8,2,10,58,12,2,15,69,15,2,19,86,21,2,24,104,21,2
4YIJ,2567,B,158,TYR,C,7,27,7,2,10,41,10,2,12,63,13,2,16,68,16,2,21,88,20,2
4YIJ,2568,B,158,TYR,O,6,27,7,2,10,39,9,2,12,52,11,2,13,68,15,2,20,83,18,2
4YIJ,2569,B,158,TYR,HN,8,36,9,2,11,51,10,2,14,68,15,2,18,82,17,2,22,101,22,2
4YIJ,2570,B,158,TYR,H,7,36,8,1,11,52,12,2,15,72,15,2,20,85,19,2,23,104,22,2
4YIJ,2571,B,158,TYR,C,9,41,9,2,13,56,11,2,17,80,18,2,23,93,21,2,29,123,30,2
4YIJ,2572,B,158,TYR,C,6,36,7,1,13,56,11,1,18,70,15,2,23,93,22,2,30,120,29,2
4YIJ,2573,B,158,TYR,C,7,36,8,1,12,49,9,1,17,70,15,1,24,91,23,2,30,119,27,2
4YIJ,2574,B,158,TYR,C,5,30,6,1,8,49,10,1,17,68,14,2,22,90,22,2,30,109,28,2
4YIJ,2575,B,158,TYR,C,7,33,6,1,13,42,8,1,16,62,11,1,22,88,22,1,31,105,25,2
4YIJ,2576,B,158,TYR,C,3,27,3,1,6,42,9,1,17,62,13,1,23,83,18,2,29,97,27,2
4YIJ,2577,B,158,TYR,C,3,26,4,1,10,39,7,1,14,61,9,1,20,82,19,1,30,98,28,2
4YIJ,2578,B,158,TYR,OH,5,24,2,1,9,33,6,1,13,52,8,1,20,65,14,1,25,90,22,1
4YIJ,2579,B,158,TYR,H,8,39,8,2,11,56,11,2,16,77,16,2,23,100,24,2,30,125,27,2
4YIJ,2580,B,158,TYR,H,9,41,8,1,13,64,15,2,21,84,19,2,25,109,24,2,33,134,33,2
4YIJ,2581,B,158,TYR,H,8,36,6,1,13,51,13,1,17,74,16,2,23,92,20,2,32,119,30,2
4YIJ,2582,B,158,TYR,H,6,32,6,1,10,45,9,1,14,66,15,2,23,90,21,2,28,109,25,2
4YIJ,2583,B,158,TYR,H,8,31,5,0,13,45,9,1,15,59,12,1,20,77,19,1,27,102,23,2
4YIJ,2584,B,158,TYR,H,3,21,2,1,6,37,5,1,11,53,13,1,23,75,18,1,27,98,23,2
4YIJ,2585,B,158,TYR,HO,5,22,2,1,6,29,4,1,10,43,7,1,18,61,12,1,23,83,24,1
4YIJ,2586,B,159,LYS,N,5,23,6,1,8,38,8,2,10,58,12,2,14,70,16,2,17,79,17,2
4YIJ,2587,B,159,LYS,CA,3,19,5,1,7,27,6,1,10,42,10,2,10,56,13,2,14,68,16,2
4YIJ,2588,B,159,LYS,C,5,20,5,1,6,23,6,1,9,31,9,2,10,50,10,2,11,62,14,2
4YIJ,2589,B,159,LYS,O,4,16,4,1,5,21,5,1,6,25,8,2,8,35,9,2,10,53,12,2
4YIJ,2590,B,159,LYS,HN,7,27,7,1,7,40,10,2,11,56,13,2,16,73,16,2,18,86,18,2
4YIJ,2591,B,159,LYS,H,3,16,6,0,5,29,6,1,8,33,8,1,11,50,13,2,13,64,15,2
4YIJ,2592,B,159,LYS,C,3,15,6,0,3,22,6,1,8,39,9,2,11,52,11,2,14,64,15,2
4YIJ,2593,B,159,LYS,C,3,13,4,0,5,25,6,1,7,39,8,1,13,54,10,2,16,66,14,2
4YIJ,2594,B,159,LYS,C,2,13,3,0,4,17,4,1,8,34,7,1,10,50,9,1,17,63,14,2
4YIJ,2595,B,159,LYS,C,1,11,3,0,5,20,4,0,8,30,5,1,11,47,10,1,15,58,11,1
4YIJ,2596,B,159,LYS,N,3,13,2,0,4,19,3,0,8,29,4,1,10,38,8,1,14,60,11,1
4YIJ,2597,B,159,LYS,H,3,14,3,0,3,17,6,0,5,25,8,2,9,42,11,2,12,54,11,2
4YIJ,2598,B,159,LYS,H,3,16,5,1,4,26,6,2,10,42,10,2,11,57,12,2,16,69,15,2
4YIJ,2599,B,159,LYS,H,4,20,5,0,7,32,7,1,10,48,9,1,15,63,13,2,19,83,18,2
4YIJ,2600,B,159,LYS,H,2,15,4,0,4,22,5,0,8,31,8,1,8,45,10,2,15,58,13,2
4YIJ,2601,B,159,LYS,H,1,9,3,0,3,14,3,0,4,24,6,1,8,37,9,1,12,54,11,2
4YIJ,2602,B,159,LYS,H,2,14,3,1,4,22,4,1,8,41,7,1,10,57,10,1,18,73,16,2
4YIJ,2603,B,159,LYS,H,3,19,4,0,7,27,5,0,10,38,8,1,15,52,9,1,16,69,12,1
4YIJ,2604,B,159,LYS,H,1,10,2,0,3,16,4,0,7,24,5,0,10,34,7,1,11,51,11,1
4YIJ,2605,B,159,LYS,HN,4,9,2,0,4,16,2,0,5,24,3,0,8,34,8,1,11,46,8,1
4YIJ,2606,B,159,LYS,HN,1,11,2,0,4,15,3,0,5,25,3,1,9,33,4,1,11,53,10,1
4YIJ,2607,B,159,LYS,HN,4,15,2,0,4,25,3,0,8,33,6,1,10,46,9,1,19,64,15,1
4YIJ,2608,B,160,GLY,N,6,21,5,1,7,32,7,1,10,42,9,2,11,54,11,2,13,67,13,2
4YIJ,2609,B,160,GLY,CA,5,18,4,1,6,24,6,1,8,37,8,1,9,46,9,2,13,54,12,2
4YIJ,2610,B,160,GLY,C,5,21,6,1,7,26,7,1,7,32,7,1,8,45,10,2,12,54,10,2
4YIJ,2611,B,160,GLY,O,5,18,4,1,6,21,6,1,7,27,7,1,7,32,7,1,9,48,10,2
4YIJ,2612,B,160,GLY,HN,5,22,5,1,8,35,7,1,10,48,10,1,13,57,12,2,14,73,15,2
4YIJ,2613,B,160,GLY,H,6,16,4,1,7,22,7,1,9,36,9,1,9,48,10,1,14,59,12,2
4YIJ,2614,B,160,GLY,H,5,16,4,1,5,19,5,1,6,25,8,1,9,40,8,1,10,49,9,2
4YIJ,2615,B,161,GLN,N,6,24,6,1,6,29,6,2,8,38,9,2,10,52,9,2,13,62,12,2
4YIJ,2616,B,161,GLN,CA,6,22,6,1,6,28,6,2,8,36,7,2,10,47,9,2,12,63,11,2
4YIJ,2617,B,161,GLN,C,6,27,7,2,8,35,8,2,11,49,9,2,11,63,12,2,16,73,15,2
4YIJ,2618,B,161,GLN,O,7,31,7,2,9,43,8,2,10,61,11,2,15,71,14,2,18,80,16,2
4YIJ,2619,B,161,GLN,HN,6,27,6,1,6,35,7,2,8,43,9,2,11,56,9,2,14,78,15,2
4YIJ,2620,B,161,GLN,H,6,17,5,1,6,23,6,1,6,31,7,2,9,39,8,2,11,57,10,2
4YIJ,2621,B,161,GLN,C,5,20,5,2,6,28,6,2,7,33,7,2,8,42,7,2,11,52,11,2
4YIJ,2622,B,161,GLN,C,3,11,4,1,5,19,4,1,6,27,6,2,6,33,7,2,9,39,7,2
4YIJ,2623,B,161,GLN,C,2,8,4,1,3,11,4,1,5,19,4,1,6,29,6,2,7,34,7,2
4YIJ,2624,B,161,GLN,O,1,5,3,0,2,8,4,1,3,14,4,1,5,21,5,2,7,31,7,2
4YIJ,2625,B,161,GLN,N,2,9,3,1,2,10,4,1,5,20,4,1,6,22,6,1,7,31,7,2
4YIJ,2626,B,161,GLN,H,4,15,5,2,6,26,6,2,7,32,7,2,9,44,7,2,9,53,11,2
4YIJ,2627,B,161,GLN,H,5,23,5,2,6,32,6,2,7,37,7,2,9,45,8,2,13,60,11,2
4YIJ,2628,B,161,GLN,H,3,10,4,1,5,15,4,2,5,25,5,2,6,34,6,2,8,36,7,2
4YIJ,2629,B,161,GLN,H,4,11,4,1,5,17,4,1,5,25,6,2,6,32,6,2,7,37,7,2
4YIJ,2630,B,161,GLN,HN,2,10,4,1,3,14,4,1,5,18,5,1,6,25,6,1,6,33,7,2
4YIJ,2631,B,161,GLN,HN,1,7,2,1,2,9,3,1,3,10,4,1,5,20,5,1,7,26,6,2
4YIJ,2632,B,162,PRO,N,7,26,7,1,10,34,8,2,11,44,10,2,15,56,12,2,16,71,16,2
4YIJ,2633,B,162,PRO,CA,8,31,7,2,11,40,9,2,14,48,12,2,16,67,16,2,17,83,17,2
4YIJ,2634,B,162,PRO,C,8,35,6,2,11,41,9,2,14,55,13,2,17,68,14,2,20,90,19,2
4YIJ,2635,B,162,PRO,O,7,21,5,2,8,38,8,2,12,48,12,2,15,64,13,2,17,77,18,2
4YIJ,2636,B,162,PRO,H,9,35,8,1,12,46,9,2,16,59,14,2,16,76,15,2,19,87,19,2
4YIJ,2637,B,162,PRO,C,8,25,3,1,9,31,8,1,12,40,11,2,14,54,15,2,16,71,16,2
4YIJ,2638,B,162,PRO,C,4,18,4,1,8,24,6,1,9,33,8,2,12,42,11,2,14,53,15,2
4YIJ,2639,B,162,PRO,C,5,18,5,1,8,27,7,1,10,32,8,2,11,41,10,2,15,53,13,2
4YIJ,2640,B,162,PRO,H,8,24,3,1,10,30,9,1,12,38,11,1,16,53,15,2,16,72,15,2
4YIJ,2641,B,162,PRO,H,6,23,4,1,10,32,5,1,12,43,12,2,13,57,15,2,18,75,17,2
4YIJ,2642,B,162,PRO,H,4,13,4,1,6,21,5,1,8,28,6,1,10,35,9,2,13,44,13,2
4YIJ,2643,B,162,PRO,H,5,13,4,1,7,22,6,1,8,32,6,2,10,42,11,2,14,51,13,2
4YIJ,2644,B,162,PRO,H,5,17,5,1,7,26,7,1,10,31,8,1,11,39,10,2,13,52,12,2
4YIJ,2645,B,162,PRO,H,3,13,5,1,6,23,6,1,9,30,8,2,10,38,8,2,11,48,11,2
4YIJ,2646,B,163,MET,N,9,35,7,1,11,50,10,1,15,65,14,1,20,86,19,1,22,102,21,1
4YIJ,2647,B,163,MET,CA,8,37,8,0,11,51,10,1,16,67,14,1,19,88,19,1,23,113,25,1
4YIJ,2648,B,163,MET,C,8,37,8,0,12,54,11,0,16,67,14,1,19,98,19,1,29,129,27,1
4YIJ,2649,B,163,MET,O,9,40,7,0,13,58,13,0,17,85,15,1,24,110,19,1,31,133,29,1
4YIJ,2650,B,163,MET,HN,10,40,9,1,12,53,9,1,18,72,16,1,20,92,18,1,23,111,22,1
4YIJ,2651,B,163,MET,H,6,29,5,0,11,46,8,0,13,58,14,1,20,76,17,1,21,104,20,1
4YIJ,2652,B,163,MET,C,8,38,7,0,11,56,10,1,16,74,16,1,19,93,18,1,29,114,23,1
4YIJ,2653,B,163,MET,C,7,34,9,0,10,56,11,0,15,73,13,0,20,99,20,1,29,125,26,1
4YIJ,2654,B,163,MET,S,4,32,8,0,10,51,9,0,15,75,13,0,22,93,19,1,29,116,29,1
4YIJ,2655,B,163,MET,C,6,35,6,0,9,51,10,0,17,65,15,0,22,98,22,0,33,116,29,0
4YIJ,2656,B,163,MET,H,9,40,7,0,11,63,11,1,16,78,16,1,22,97,19,1,27,122,27,1
4YIJ,2657,B,163,MET,H,9,30,6,0,11,54,10,1,13,71,14,1,16,80,18,1,23,101,19,1
4YIJ,2658,B,163,MET,H,4,27,7,0,10,46,11,0,15,68,13,0,20,91,20,1,26,119,25,1
4YIJ,2659,B,163,MET,H,8,37,10,0,11,58,11,0,17,79,16,0,20,105,19,1,34,137,30,1
4YIJ,2660,B,163,MET,H,4,33,5,0,10,47,8,0,16,63,13,0,21,90,21,0,29,110,31,0
4YIJ,2661,B,163,MET,H,7,32,6,0,9,49,9,0,12,65,19,0,20,89,20,0,28,114,26,0
4YIJ,2662,B,163,MET,H,6,41,6,0,11,57,11,0,17,76,16,0,26,100,25,0,35,130,34,0
4YIJ,2663,B,164,THR,N,7,35,7,1,11,45,10,1,16,67,15,1,21,92,21,2,28,124,23,2
4YIJ,2664,B,164,THR,CA,8,40,8,1,10,50,11,1,19,69,17,1,25,97,19,1,29,128,29,2
4YIJ,2665,B,164,THR,C,10,40,8,1,12,52,13,1,18,80,18,1,25,109,23,1,32,141,29,1
4YIJ,2666,B,164,THR,O,10,32,8,1,14,54,13,1,18,81,18,1,24,106,23,1,31,129,30,1
4YIJ,2667,B,164,THR,HN,7,31,6,1,9,41,11,1,14,60,13,1,19,81,18,1,27,108,23,2
4YIJ,2668,B,164,THR,H,7,40,9,0,14,56,10,1,21,75,14,1,24,95,23,1,29,132,29,2
4YIJ,2669,B,164,THR,C,10,30,5,0,11,44,12,1,16,59,16,1,24,84,18,1,28,112,25,1
4YIJ,2670,B,164,THR,OH,6,25,3,0,11,35,10,0,14,58,13,1,20,82,19,1,26,94,24,1
4YIJ,2671,B,164,THR,C,8,31,7,0,12,46,12,0,19,63,18,1,25,90,22,1,30,114,27,1
4YIJ,2672,B,164,THR,H,7,26,8,0,11,41,11,1,15,60,14,1,19,80,19,1,28,105,22,1
4YIJ,2673,B,164,THR,HO,4,21,5,0,10,32,8,0,13,50,12,1,18,72,15,1,24,90,21,1
4YIJ,2674,B,164,THR,H,9,24,6,0,11,43,11,0,19,56,16,0,22,82,21,1,28,103,27,1
4YIJ,2675,B,164,THR,H,9,32,6,0,15,47,12,0,18,67,21,0,23,93,23,1,31,115,25,1
4YIJ,2676,B,164,THR,H,10,33,11,0,16,50,12,0,19,70,18,1,25,98,23,1,32,117,31,1
4YIJ,2677,B,165,PHE,N,11,39,10,1,14,55,12,1,18,81,18,1,32,113,25,1,36,151,35,1
4YIJ,2678,B,165,PHE,CA,12,43,8,1,15,64,16,1,21,83,19,1,30,115,26,1,38,153,40,1
4YIJ,2679,B,165,PHE,C,12,41,10,0,18,62,15,0,26,81,23,1,29,114,28,1,37,145,39,1
4YIJ,2680,B,165,PHE,O,11,43,9,0,20,63,16,0,24,84,23,0,29,104,30,1,36,142,39,1
4YIJ,2681,B,165,PHE,HN,9,42,10,0,14,53,12,1,20,77,17,1,29,116,27,1,38,149,36,1
4YIJ,2682,B,165,PHE,H,11,44,10,1,17,64,13,1,22,87,17,1,27,117,27,1,37,143,38,1
4YIJ,2683,B,165,PHE,C,9,49,8,1,14,67,13,1,22,88,19,1,33,127,32,1,43,176,39,1
4YIJ,2684,B,165,PHE,C,10,47,9,1,15,68,13,1,21,95,24,1,30,122,31,1,45,167,38,1
4YIJ,2685,B,165,PHE,C,10,43,6,1,13,65,14,1,22,94,24,1,32,126,27,1,42,168,36,2
4YIJ,2686,B,165,PHE,C,8,42,9,1,15,73,14,1,20,97,18,1,32,124,32,1,43,161,42,1
4YIJ,2687,B,165,PHE,C,9,41,8,1,13,61,15,1,19,84,23,1,30,128,28,2,39,160,34,2
4YIJ,2688,B,165,PHE,C,8,40,9,1,13,64,15,1,23,94,22,1,34,124,29,1,41,159,40,1
4YIJ,2689,B,165,PHE,C,8,41,8,1,13,56,16,1,23,92,25,1,31,121,27,1,40,157,36,2
4YIJ,2690,B,165,PHE,H,13,48,8,0,14,68,14,1,23,92,20,1,33,127,30,1,44,173,40,1
4YIJ,2691,B,165,PHE,H,10,42,10,0,13,62,12,1,22,89,19,1,34,138,32,1,42,175,43,1
4YIJ,2692,B,165,PHE,H,9,39,7,1,11,64,13,1,20,94,21,1,31,125,27,2,37,160,36,2
4YIJ,2693,B,165,PHE,H,9,43,11,1,16,72,14,1,22,104,20,1,33,128,28,1,41,158,44,1
4YIJ,2694,B,165,PHE,H,8,41,11,1,15,59,12,1,21,87,20,2,27,121,27,2,35,155,33,2
4YIJ,2695,B,165,PHE,H,8,42,10,1,15,63,14,1,24,89,22,1,33,122,28,1,40,156,42,1
4YIJ,2696,B,165,PHE,H,8,37,8,1,14,60,15,1,25,88,24,1,31,117,28,2,39,143,33,2
4YIJ,2697,B,166,ARG,N,13,46,11,0,16,61,16,0,21,92,22,1,27,113,31,1,36,154,38,1
4YIJ,2698,B,166,ARG,CA,12,44,11,0,14,56,17,0,22,79,24,0,28,120,29,0,32,151,41,1
4YIJ,2699,B,166,ARG,C,14,42,12,0,17,60,18,0,21,84,23,0,27,119,35,0,38,174,41,2
4YIJ,2700,B,166,ARG,O,11,40,10,0,17,58,16,0,21,93,24,0,29,127,32,0,37,172,43,2
4YIJ,2701,B,166,ARG,HN,13,44,12,0,16,67,16,0,22,88,19,1,28,112,29,1,35,152,36,1
4YIJ,2702,B,166,ARG,H,12,39,12,0,15,54,17,0,23,82,25,0,27,114,29,0,31,152,39,1
4YIJ,2703,B,166,ARG,C,12,36,9,0,14,50,16,0,19,75,22,0,27,107,32,0,33,143,36,1
4YIJ,2704,B,166,ARG,C,7,32,10,0,16,53,15,0,18,74,23,0,28,106,32,0,33,140,37,0
4YIJ,2705,B,166,ARG,C,7,27,11,0,12,46,16,0,20,76,24,0,22,96,29,0,31,126,37,0
4YIJ,2706,B,166,ARG,N,9,25,12,0,11,42,15,0,15,67,23,0,23,90,29,0,28,121,32,0
4YIJ,2707,B,166,ARG,C,11,30,12,0,12,46,19,0,16,68,25,0,23,90,27,0,30,124,35,0
4YIJ,2708,B,166,ARG,N,11,34,13,0,14,51,22,0,18,75,26,0,25,103,31,0,33,140,37,0
4YIJ,2709,B,166,ARG,N,9,28,14,0,13,43,17,0,16,60,21,0,21,88,26,0,25,116,33,0
4YIJ,2710,B,166,ARG,H,12,33,11,0,14,56,16,0,23,78,23,0,26,106,28,1,31,144,37,1
4YIJ,2711,B,166,ARG,H,10,35,9,0,15,48,13,0,19,76,23,0,25,108,29,0,31,130,36,1
4YIJ,2712,B,166,ARG,H,10,37,10,0,17,58,17,0,20,77,24,0,28,109,33,0,34,143,38,0
4YIJ,2713,B,166,ARG,H,7,32,9,0,14,51,13,0,20,74,23,0,25,99,29,0,32,127,36,0
4YIJ,2714,B,166,ARG,H,7,21,11,0,9,43,17,0,18,71,21,0,25,91,26,0,28,119,35,0
4YIJ,2715,B,166,ARG,H,8,26,14,0,14,47,20,0,19,80,23,0,23,105,29,0,29,135,34,0
4YIJ,2716,B,166,ARG,HN,7,22,10,0,10,38,12,0,14,59,21,0,20,86,27,0,27,107,30,0
4YIJ,2717,B,166,ARG,HN,10,35,13,0,13,56,20,0,20,77,25,0,27,115,32,0,32,147,38,0
4YIJ,2718,B,166,ARG,HN,11,37,14,0,13,52,18,0,19,77,25,0,25,106,30,0,34,146,35,0
4YIJ,2719,B,166,ARG,HN,7,26,12,0,11,39,15,0,16,53,19,0,20,77,24,0,23,108,32,0
4YIJ,2720,B,166,ARG,HN,9,36,14,0,13,44,18,0,19,62,21,0,21,93,27,0,27,115,33,0
4YIJ,2721,B,167,LEU,N,16,41,11,0,21,63,18,0,23,90,26,0,30,122,34,1,41,163,40,1
4YIJ,2722,B,167,LEU,CA,15,45,11,0,18,65,17,0,24,88,25,1,28,127,34,1,41,174,43,1
4YIJ,2723,B,167,LEU,C,12,43,11,0,16,63,16,0,25,86,27,1,30,126,36,1,43,178,44,1
4YIJ,2724,B,167,LEU,O,11,39,12,0,18,61,18,0,23,86,25,0,31,123,33,1,39,164,43,1
4YIJ,2725,B,167,LEU,HN,12,35,15,0,22,65,18,0,25,90,25,0,28,120,33,0,37,157,42,1
4YIJ,2726,B,167,LEU,H,13,45,9,0,17,69,16,0,23,92,26,1,31,132,34,1,40,181,45,1
4YIJ,2727,B,167,LEU,C,15,46,14,0,18,70,21,1,23,93,25,1,31,123,31,1,42,176,44,2
4YIJ,2728,B,167,LEU,C,12,44,12,0,17,68,21,1,24,92,26,1,33,137,31,2,45,187,43,2
4YIJ,2729,B,167,LEU,C,12,45,13,0,17,64,19,0,24,92,24,1,37,137,34,2,44,186,42,2
4YIJ,2730,B,167,LEU,C,10,44,12,0,18,65,20,2,25,95,25,2,34,138,35,2,43,186,44,2
4YIJ,2731,B,167,LEU,H,16,46,14,0,17,71,17,1,24,98,25,1,30,127,33,1,40,175,45,2
4YIJ,2732,B,167,LEU,H,14,40,14,0,17,63,20,0,25,94,27,1,34,126,32,1,41,167,43,2
4YIJ,2733,B,167,LEU,H,13,43,10,1,16,70,18,1,25,103,26,1,32,140,30,2,41,182,36,2
4YIJ,2734,B,167,LEU,H,11,41,10,0,16,62,19,0,25,101,25,0,36,143,34,2,45,192,43,2
4YIJ,2735,B,167,LEU,H,12,41,14,0,19,62,19,0,25,90,26,0,36,133,36,2,43,173,43,2
4YIJ,2736,B,167,LEU,H,12,45,10,0,16,68,17,0,25,97,25,0,33,134,33,1,42,178,43,2
4YIJ,2737,B,167,LEU,H,10,40,11,0,17,66,18,2,25,103,27,2,34,144,34,2,44,192,46,2
4YIJ,2738,B,167,LEU,H,12,41,11,1,17,70,17,2,25,99,27,2,31,141,36,2,43,181,48,2
4YIJ,2739,B,167,LEU,H,11,39,16,0,18,64,21,0,28,98,25,2,37,134,38,2,46,175,46,2
4YIJ,2740,B,168,LEU,N,11,47,9,0,15,60,17,1,19,85,21,1,35,131,33,1,44,190,48,1
4YIJ,2741,B,168,LEU,CA,7,44,10,0,15,60,14,1,23,86,22,1,33,133,35,1,47,183,46,1
4YIJ,2742,B,168,LEU,C,9,37,9,0,16,65,15,1,24,102,20,1,34,135,35,1,44,174,49,1
4YIJ,2743,B,168,LEU,O,10,37,8,1,14,63,15,1,24,103,23,1,37,140,35,1,47,181,47,1
4YIJ,2744,B,168,LEU,HN,10,44,9,0,14,65,14,1,24,89,24,1,32,141,35,1,45,186,47,1
4YIJ,2745,B,168,LEU,H,11,44,10,0,15,60,13,0,23,84,22,0,35,134,33,1,47,171,46,1
4YIJ,2746,B,168,LEU,C,10,40,10,0,15,60,17,1,26,94,25,1,34,135,33,1,47,187,44,1
4YIJ,2747,B,168,LEU,C,9,39,11,0,16,56,19,0,26,97,26,1,35,145,32,1,45,182,44,1
4YIJ,2748,B,168,LEU,C,11,39,12,0,18,60,19,0,27,99,23,1,33,140,34,1,46,170,42,1
4YIJ,2749,B,168,LEU,C,10,35,9,0,17,60,18,0,27,94,24,0,37,134,35,1,44,171,41,1
4YIJ,2750,B,168,LEU,H,11,36,12,0,18,66,17,1,26,98,25,1,36,131,34,1,46,183,45,1
4YIJ,2751,B,168,LEU,H,8,40,9,1,17,69,17,1,23,94,25,1,33,139,34,1,45,193,43,1
4YIJ,2752,B,168,LEU,H,9,43,11,0,15,62,18,0,23,96,26,1,35,134,32,1,48,179,44,1
4YIJ,2753,B,168,LEU,H,13,40,12,0,18,65,18,0,24,96,24,0,34,134,32,1,41,168,42,1
4YIJ,2754,B,168,LEU,H,12,40,11,0,16,67,19,0,26,92,27,1,32,135,31,1,43,166,41,1
4YIJ,2755,B,168,LEU,H,10,42,15,0,17,66,17,1,24,101,24,1,33,136,34,1,44,170,40,1
4YIJ,2756,B,168,LEU,H,10,38,14,0,17,61,18,0,27,91,24,0,35,128,33,0,43,156,38,1
4YIJ,2757,B,168,LEU,H,10,36,11,0,18,61,16,0,25,94,24,0,37,125,33,0,44,164,42,1
4YIJ,2758,B,168,LEU,H,11,39,13,0,19,55,16,0,26,100,27,0,36,129,35,1,41,163,40,1
4YIJ,2759,B,169,LEU,N,10,38,8,0,17,74,13,0,23,100,21,1,30,127,33,1,43,155,47,1
4YIJ,2760,B,169,LEU,CA,9,41,8,0,14,60,15,0,27,97,22,1,32,133,31,1,44,157,45,1
4YIJ,2761,B,169,LEU,C,10,41,9,0,13,62,14,0,23,92,25,1,32,130,35,1,44,165,40,1
4YIJ,2762,B,169,LEU,O,10,39,11,0,16,65,17,0,25,90,23,0,32,121,36,1,42,159,43,1
4YIJ,2763,B,169,LEU,HN,11,41,8,0,16,68,11,0,21,96,21,0,29,116,33,1,43,152,45,1
4YIJ,2764,B,169,LEU,H,10,35,8,0,14,62,10,0,22,85,22,0,32,121,30,1,39,145,40,1
4YIJ,2765,B,169,LEU,C,8,45,9,0,17,65,18,1,27,94,24,1,37,129,33,1,44,170,47,1
4YIJ,2766,B,169,LEU,C,11,46,11,0,15,67,17,0,29,91,25,1,36,125,31,1,43,154,41,1
4YIJ,2767,B,169,LEU,C,10,44,12,0,18,70,15,1,26,94,27,1,34,118,31,1,41,152,41,1
4YIJ,2768,B,169,LEU,C,11,43,12,0,18,66,16,0,25,83,23,0,32,112,28,1,38,137,35,1
4YIJ,2769,B,169,LEU,H,10,45,10,0,19,65,16,0,23,91,25,1,34,126,33,1,44,162,40,1
4YIJ,2770,B,169,LEU,H,8,43,11,1,19,68,16,1,28,97,23,1,36,136,36,1,46,179,51,1
4YIJ,2771,B,169,LEU,H,10,45,10,0,15,72,18,1,25,94,26,1,38,123,33,1,44,160,40,1
4YIJ,2772,B,169,LEU,H,9,43,12,0,17,57,17,1,27,91,23,1,32,116,32,1,41,149,39,1
4YIJ,2773,B,169,LEU,H,11,42,12,0,20,67,17,1,24,92,23,1,32,113,32,1,40,139,36,1
4YIJ,2774,B,169,LEU,H,11,44,8,1,17,73,18,1,25,99,24,1,35,121,34,1,44,153,47,1
4YIJ,2775,B,169,LEU,H,11,44,12,0,17,58,18,0,22,83,21,0,33,109,26,0,37,136,33,1
4YIJ,2776,B,169,LEU,H,9,41,10,0,15,62,16,0,23,87,22,0,31,109,25,0,40,134,35,1
4YIJ,2777,B,169,LEU,H,10,40,11,0,18,60,14,0,25,84,21,0,27,105,28,0,38,135,32,1
4YIJ,2778,B,170,VAL,N,13,43,10,0,14,68,20,0,20,87,24,0,31,120,31,1,41,157,41,1
4YIJ,2779,B,170,VAL,CA,12,48,14,0,17,68,19,0,21,92,26,0,28,112,33,1,43,150,38,1
4YIJ,2780,B,170,VAL,C,11,40,15,0,16,63,18,0,19,86,23,0,27,102,28,0,34,133,35,0
4YIJ,2781,B,170,VAL,O,12,38,14,0,15,59,17,0,20,77,23,0,26,101,28,0,32,132,34,0
4YIJ,2782,B,170,VAL,HN,12,44,11,0,14,69,19,0,22,89,22,0,26,116,28,1,42,158,41,1
4YIJ,2783,B,170,VAL,H,10,43,13,0,16,65,18,0,23,90,27,0,33,116,32,1,38,150,39,1
4YIJ,2784,B,170,VAL,C,16,47,15,0,19,69,21,0,24,95,28,1,31,124,34,1,40,167,42,1
4YIJ,2785,B,170,VAL,C,13,49,12,0,19,70,19,1,25,95,30,1,34,134,36,1,42,179,45,1
4YIJ,2786,B,170,VAL,C,13,42,17,0,19,63,20,0,26,92,27,1,32,128,36,1,39,164,42,1
4YIJ,2787,B,170,VAL,H,14,50,16,0,20,69,22,0,25,90,27,0,28,125,37,1,41,165,45,1
4YIJ,2788,B,170,VAL,H,13,47,14,0,19,71,21,1,24,93,28,1,32,140,35,1,41,183,48,2
4YIJ,2789,B,170,VAL,H,12,46,10,1,16,72,19,1,26,102,30,1,33,135,37,1,48,178,43,1
4YIJ,2790,B,170,VAL,H,13,49,15,0,19,68,18,1,24,95,30,1,35,138,36,1,46,181,46,1
4YIJ,2791,B,170,VAL,H,14,42,14,0,20,58,22,0,25,97,29,1,33,132,36,1,42,168,42,2
4YIJ,2792,B,170,VAL,H,12,41,15,0,18,58,21,0,22,89,29,0,33,119,32,1,40,157,40,1
4YIJ,2793,B,170,VAL,H,11,39,16,0,18,65,18,0,26,97,24,1,30,134,36,1,38,166,46,1
4YIJ,2794,B,171,ASP,N,12,38,13,0,14,60,15,0,20,83,22,0,25,104,27,0,34,131,38,0
4YIJ,2795,B,171,ASP,CA,12,36,11,0,14,53,15,0,19,70,20,0,26,99,27,0,33,127,36,0
4YIJ,2796,B,171,ASP,C,10,33,10,0,13,48,14,0,20,73,22,0,26,102,30,0,39,136,37,0
4YIJ,2797,B,171,ASP,O,9,34,11,0,12,49,15,0,21,78,20,0,29,110,32,0,39,139,40,0
4YIJ,2798,B,171,ASP,HN,11,38,13,0,15,60,16,0,21,86,21,0,27,106,28,0,37,138,38,0
4YIJ,2799,B,171,ASP,H,9,33,12,0,16,53,17,0,20,73,19,0,24,99,28,0,35,127,37,0
4YIJ,2800,B,171,ASP,C,11,37,9,0,12,48,12,0,16,57,20,0,23,78,25,0,29,114,28,0
4YIJ,2801,B,171,ASP,C,8,27,7,0,10,42,11,0,15,56,17,0,22,72,24,0,27,95,31,0
4YIJ,2802,B,171,ASP,O,7,22,4,0,9,31,10,0,12,50,16,0,18,62,22,0,26,88,26,0
4YIJ,2803,B,171,ASP,O,5,24,7,0,12,34,14,0,16,55,17,0,22,77,24,0,30,102,33,0
4YIJ,2804,B,171,ASP,H,11,42,9,0,12,45,13,0,16,58,19,0,19,75,25,0,28,112,30,0
4YIJ,2805,B,171,ASP,H,11,32,10,0,13,47,13,0,19,61,17,0,21,82,23,0,28,109,29,0
4YIJ,2806,B,172,THR,N,7,29,12,0,13,49,16,0,19,74,24,0,27,97,34,0,35,125,38,0
4YIJ,2807,B,172,THR,CA,8,32,13,0,12,52,18,0,22,71,24,0,27,96,33,0,33,124,38,0
4YIJ,2808,B,172,THR,C,8,35,10,0,13,46,17,0,17,66,23,0,24,90,30,0,30,120,34,0
4YIJ,2809,B,172,THR,O,8,31,10,0,12,46,15,0,17,64,23,0,21,81,27,0,26,103,32,0
4YIJ,2810,B,172,THR,HN,8,26,12,0,12,44,16,0,16,68,24,0,29,90,30,0,33,118,36,0
4YIJ,2811,B,172,THR,H,7,35,13,0,14,51,18,0,24,78,26,0,30,105,33,0,34,136,44,0
4YIJ,2812,B,172,THR,C,6,24,11,0,12,41,18,0,18,64,23,0,24,87,27,0,29,109,36,0
4YIJ,2813,B,172,THR,OH,7,28,16,0,15,42,18,0,19,68,24,0,24,89,29,0,30,111,36,0
4YIJ,2814,B,172,THR,C,7,30,12,0,12,44,17,0,15,58,22,0,21,82,27,0,26,107,32,0
4YIJ,2815,B,172,THR,H,6,20,10,0,10,34,17,0,17,58,22,0,20,75,25,0,29,99,33,0
4YIJ,2816,B,172,THR,HO,6,26,15,0,14,41,17,0,18,56,24,0,23,83,29,0,28,102,33,0
4YIJ,2817,B,172,THR,H,8,22,10,0,9,37,17,0,14,52,20,0,19,72,26,0,22,98,30,0
4YIJ,2818,B,172,THR,H,9,35,12,0,14,47,16,0,19,68,24,0,21,93,29,0,28,114,35,0
4YIJ,2819,B,172,THR,H,8,29,11,0,12,45,16,0,13,56,20,0,18,74,26,0,27,105,30,0
4YIJ,2820,B,173,PRO,N,9,37,11,0,14,47,16,0,19,68,24,0,21,90,28,0,30,122,36,0
4YIJ,2821,B,173,PRO,CA,8,37,10,0,12,49,17,0,18,67,22,0,20,84,25,0,22,102,33,0
4YIJ,2822,B,173,PRO,C,6,32,10,0,10,42,13,0,13,51,16,0,18,69,21,0,21,87,27,0
4YIJ,2823,B,173,PRO,O,7,27,9,0,10,39,12,0,12,52,15,0,14,64,19,0,21,81,28,0
4YIJ,2824,B,173,PRO,H,9,35,10,0,12,49,15,0,14,65,21,0,22,82,27,0,23,105,31,0
4YIJ,2825,B,173,PRO,C,8,36,8,0,16,53,13,0,18,71,20,0,20,88,26,0,24,104,32,0
4YIJ,2826,B,173,PRO,C,12,40,10,0,18,59,13,0,19,80,23,0,23,102,30,0,30,132,39,0
4YIJ,2827,B,173,PRO,C,12,40,11,0,18,57,18,0,19,75,27,0,25,103,30,0,34,132,38,0
4YIJ,2828,B,173,PRO,H,8,37,7,0,14,47,12,0,16,67,19,0,20,80,23,0,24,105,31,0
4YIJ,2829,B,173,PRO,H,9,33,9,0,14,53,12,0,18,71,20,0,19,84,25,0,24,101,31,0
4YIJ,2830,B,173,PRO,H,13,38,10,0,16,58,13,0,20,78,24,0,23,107,31,0,34,134,38,0
4YIJ,2831,B,173,PRO,H,15,46,10,0,18,63,14,0,21,83,20,0,25,106,30,0,33,137,38,0
4YIJ,2832,B,173,PRO,H,11,36,10,0,17,56,18,0,24,86,24,0,29,116,33,0,38,137,42,0
4YIJ,2833,B,173,PRO,H,12,41,10,0,15,57,20,0,20,79,23,0,24,96,28,0,32,130,37,0
4YIJ,2834,B,174,GLU,N,6,32,8,0,7,37,9,0,10,47,13,0,14,60,17,0,20,76,21,0
4YIJ,2835,B,174,GLU,CA,5,26,7,0,6,31,8,0,6,36,10,0,10,45,13,0,16,60,16,0
4YIJ,2836,B,174,GLU,C,4,24,6,0,5,29,7,0,8,32,10,0,8,39,12,0,11,51,14,0
4YIJ,2837,B,174,GLU,O,4,20,6,0,4,24,6,0,6,28,8,0,8,33,10,0,9,40,12,0
4YIJ,2838,B,174,GLU,HN,6,32,7,0,8,37,11,0,10,52,12,0,15,63,19,0,20,76,22,0
4YIJ,2839,B,174,GLU,H,5,25,7,0,6,31,9,0,7,37,11,0,10,41,11,0,14,57,16,0
4YIJ,2840,B,174,GLU,C,4,16,5,0,6,28,7,0,6,36,9,0,9,44,12,0,14,55,14,0
4YIJ,2841,B,174,GLU,C,2,11,2,0,4,16,6,0,5,26,7,0,6,36,9,0,8,42,11,0
4YIJ,2842,B,174,GLU,C,1,9,1,0,2,12,2,0,4,22,5,0,5,32,8,0,8,43,10,0
4YIJ,2843,B,174,GLU,O,1,7,1,0,2,16,3,0,4,24,4,0,7,40,9,0,9,46,12,0
4YIJ,2844,B,174,GLU,O,1,6,0,0,1,9,0,0,3,11,2,0,4,20,6,0,4,31,6,0
4YIJ,2845,B,174,GLU,H,4,17,3,0,4,26,6,0,6,36,10,0,11,46,12,0,13,59,15,0
4YIJ,2846,B,174,GLU,H,4,18,3,0,5,32,9,0,7,39,10,0,11,46,11,0,14,58,15,0
4YIJ,2847,B,174,GLU,H,2,12,3,0,3,15,6,0,5,26,7,0,6,35,9,0,6,42,10,0
4YIJ,2848,B,174,GLU,H,2,11,2,0,4,16,5,0,5,23,7,0,5,31,7,0,6,39,11,0
4YIJ,2849,B,175,PHE,N,5,20,8,0,6,25,9,0,8,29,12,0,9,42,13,0,13,53,17,0
4YIJ,2850,B,175,PHE,CA,5,17,5,0,6,20,9,0,7,27,10,0,8,38,11,0,13,50,13,0
4YIJ,2851,B,175,PHE,C,6,18,6,0,6,25,8,0,8,34,11,0,12,46,13,0,16,63,17,0
4YIJ,2852,B,175,PHE,O,4,13,5,0,6,22,6,0,9,34,9,0,12,53,14,0,17,65,19,0
4YIJ,2853,B,175,PHE,HN,5,21,6,0,6,26,10,0,9,37,12,0,10,48,16,0,17,60,19,0
4YIJ,2854,B,175,PHE,H,3,16,5,0,5,19,9,0,7,22,10,0,7,31,11,0,9,41,13,0
4YIJ,2855,B,175,PHE,C,3,12,3,0,6,15,6,0,6,21,10,0,7,32,10,0,9,44,12,0
4YIJ,2856,B,175,PHE,C,2,10,4,0,3,12,5,0,5,17,8,0,6,23,10,0,7,32,10,0
4YIJ,2857,B,175,PHE,C,2,6,4,0,2,10,4,0,4,13,6,0,6,20,9,0,6,24,10,0
4YIJ,2858,B,175,PHE,C,3,8,4,0,3,12,4,0,5,17,6,0,6,24,10,0,6,33,13,0
4YIJ,2859,B,175,PHE,C,2,5,3,0,2,6,4,0,2,9,4,0,5,14,8,0,5,21,9,0
4YIJ,2860,B,175,PHE,C,3,6,3,0,3,10,4,0,3,12,5,0,5,19,7,0,5,26,10,0
4YIJ,2861,B,175,PHE,C,1,5,3,0,2,6,4,0,3,9,4,0,4,15,6,0,5,19,8,0
4YIJ,2862,B,175,PHE,H,2,10,2,0,4,12,5,0,6,18,8,0,7,27,10,0,9,43,13,0
4YIJ,2863,B,175,PHE,H,3,13,3,0,6,16,7,0,6,27,8,0,8,41,10,0,15,52,14,0
4YIJ,2864,B,175,PHE,H,2,6,3,0,2,9,5,0,3,14,7,0,6,18,9,0,7,23,10,0
4YIJ,2865,B,175,PHE,H,3,11,4,0,4,15,5,0,5,21,6,0,6,29,11,0,10,46,14,0
4YIJ,2866,B,175,PHE,H,0,5,3,0,2,5,3,0,2,7,4,0,2,13,6,0,5,15,8,0
4YIJ,2867,B,175,PHE,H,2,5,3,0,3,10,4,0,3,11,5,0,4,16,5,0,5,25,10,0
4YIJ,2868,B,175,PHE,H,0,5,3,0,1,5,3,0,3,6,4,0,3,11,4,0,4,16,7,0
4YIJ,2869,B,176,ASN,N,5,25,8,0,6,34,8,0,10,47,11,0,13,60,14,0,17,81,19,0
4YIJ,2870,B,176,ASN,CA,6,26,6,0,7,39,9,0,10,53,11,0,16,72,16,0,20,89,22,0
4YIJ,2871,B,176,ASN,C,7,32,9,0,9,39,10,0,11,55,14,0,16,73,15,0,23,97,23,0
4YIJ,2872,B,176,ASN,O,9,36,10,0,12,48,14,0,15,64,15,0,20,88,20,0,26,104,28,0
4YIJ,2873,B,176,ASN,HN,5,26,7,0,7,35,9,0,9,45,11,0,12,61,16,0,17,79,20,0
4YIJ,2874,B,176,ASN,H,6,25,6,0,6,34,8,0,10,46,10,0,13,56,14,0,17,81,19,0
4YIJ,2875,B,176,ASN,C,8,28,6,0,10,43,8,0,13,68,14,0,19,82,19,0,19,93,24,0
4YIJ,2876,B,176,ASN,C,8,32,6,0,12,44,9,0,13,64,16,0,18,78,20,0,22,95,24,0
4YIJ,2877,B,176,ASN,O,6,32,6,0,11,38,7,0,13,54,14,0,17,73,19,0,23,95,24,0
4YIJ,2878,B,176,ASN,N,8,35,6,0,11,50,11,0,15,63,16,0,19,82,21,0,24,99,27,0
4YIJ,2879,B,176,ASN,H,8,32,6,0,12,54,9,0,16,74,18,0,19,87,19,0,24,101,27,0
4YIJ,2880,B,176,ASN,H,7,22,5,0,10,41,7,0,11,66,13,0,16,78,19,0,19,86,24,0
4YIJ,2881,B,176,ASN,HN,7,36,8,0,12,53,10,0,17,70,16,0,21,85,23,0,26,105,29,0
4YIJ,2882,B,176,ASN,HN,9,34,5,0,9,46,13,0,16,61,16,0,19,77,20,0,23,98,27,0
4YIJ,2883,B,177,GLU,N,8,27,7,0,8,34,9,0,11,47,11,0,15,58,14,0,21,76,17,0
4YIJ,2884,B,177,GLU,CA,8,28,7,0,10,33,9,0,11,46,12,0,16,63,16,0,20,80,20,0
4YIJ,2885,B,177,GLU,C,7,29,5,0,8,38,9,0,14,46,11,0,15,61,16,0,19,80,21,0
4YIJ,2886,B,177,GLU,O,6,25,6,0,8,34,7,0,12,46,10,0,16,63,17,0,20,78,24,0
4YIJ,2887,B,177,GLU,HN,8,21,6,0,8,34,7,0,9,41,9,0,12,54,12,0,15,63,17,0
4YIJ,2888,B,177,GLU,H,9,30,9,0,10,36,11,0,13,54,14,0,18,73,19,0,22,87,25,0
4YIJ,2889,B,177,GLU,C,7,22,6,0,10,27,8,0,10,35,10,0,10,47,13,0,15,67,17,0
4YIJ,2890,B,177,GLU,C,6,18,6,0,8,25,7,0,9,36,10,0,10,49,15,0,13,65,18,0
4YIJ,2891,B,177,GLU,C,5,12,4,0,6,18,6,0,8,28,9,0,10,39,12,0,10,49,17,0
4YIJ,2892,B,177,GLU,O,4,10,4,0,6,16,6,0,7,24,9,0,8,36,13,0,12,46,17,0
4YIJ,2893,B,177,GLU,O,4,8,3,0,5,15,6,0,7,25,6,0,9,33,10,0,10,42,13,0
4YIJ,2894,B,177,GLU,H,5,16,4,0,9,27,8,0,10,35,10,0,11,46,15,0,15,68,18,0
4YIJ,2895,B,177,GLU,H,4,13,5,0,8,24,7,0,10,34,8,0,10,42,10,0,13,56,14,0
4YIJ,2896,B,177,GLU,H,5,21,6,0,9,27,6,0,9,38,11,0,10,51,15,0,15,62,17,0
4YIJ,2897,B,177,GLU,H,7,19,5,0,8,27,9,0,10,38,13,0,12,56,17,0,17,74,22,0
4YIJ,2898,B,178,LYS,N,6,24,6,0,8,35,10,0,11,45,15,0,15,59,18,0,23,73,21,0
4YIJ,2899,B,178,LYS,CA,5,23,4,0,8,29,8,0,10,43,13,0,14,58,17,0,22,68,22,0
4YIJ,2900,B,178,LYS,C,6,27,5,0,8,38,8,0,11,51,16,0,18,61,18,0,22,76,24,0
4YIJ,2901,B,178,LYS,O,5,23,6,0,7,32,8,0,10,45,13,0,14,58,17,0,19,73,19,0
4YIJ,2902,B,178,LYS,HN,6,28,7,0,9,37,11,0,11,45,15,0,17,59,19,0,22,82,21,0
4YIJ,2903,B,178,LYS,H,5,22,4,0,7,26,5,0,8,34,11,0,10,50,14,0,16,60,20,0
4YIJ,2904,B,178,LYS,C,4,19,5,0,7,28,7,0,9,40,13,0,17,58,16,0,20,71,22,0
4YIJ,2905,B,178,LYS,C,4,15,5,0,6,25,7,0,10,36,8,0,15,50,15,0,17,69,20,0
4YIJ,2906,B,178,LYS,C,2,11,3,0,5,22,8,0,11,31,9,0,14,48,15,0,15,65,21,0
4YIJ,2907,B,178,LYS,C,2,9,2,0,4,15,5,0,9,31,8,0,13,46,12,0,16,63,19,0
4YIJ,2908,B,178,LYS,N,1,7,3,0,5,15,4,0,7,26,8,0,12,41,15,0,16,56,18,0
4YIJ,2909,B,178,LYS,H,6,21,6,0,8,33,11,0,14,49,14,0,20,68,19,0,21,81,26,0
4YIJ,2910,B,178,LYS,H,5,16,3,0,6,24,7,0,7,35,10,0,13,48,15,0,18,65,20,0
4YIJ,2911,B,178,LYS,H,4,13,2,0,5,20,6,0,8,31,7,0,11,41,13,0,15,58,17,0
4YIJ,2912,B,178,LYS,H,5,17,6,0,8,33,7,0,11,40,12,0,16,60,17,0,19,76,22,0
4YIJ,2913,B,178,LYS,H,4,19,5,0,10,27,8,0,12,36,13,0,14,56,18,0,19,77,20,0
4YIJ,2914,B,178,LYS,H,2,9,2,0,3,17,5,0,8,28,9,0,12,36,12,0,14,57,20,0
4YIJ,2915,B,178,LYS,H,1,6,1,0,3,10,3,0,5,20,6,0,11,36,10,0,13,56,14,0
4YIJ,2916,B,178,LYS,H,3,10,4,0,5,21,4,0,9,33,9,0,13,56,15,0,19,75,22,0
4YIJ,2917,B,178,LYS,HN,0,7,1,0,3,14,5,0,8,25,7,0,11,42,11,0,14,58,17,0
4YIJ,2918,B,178,LYS,HN,2,12,4,0,7,22,6,0,10,34,10,0,13,44,17,0,16,66,18,0
4YIJ,2919,B,178,LYS,HN,0,5,3,0,3,12,3,0,7,22,7,0,10,36,11,0,13,45,18,0
4YIJ,2920,B,179,TYR,N,8,32,7,0,11,49,13,0,18,59,16,0,22,69,24,0,27,86,28,0
4YIJ,2921,B,179,TYR,CA,8,37,11,0,14,51,13,0,19,61,18,0,24,78,23,0,27,100,29,0
4YIJ,2922,B,179,TYR,C,8,32,10,0,14,51,14,0,18,67,17,0,24,83,28,0,28,103,34,0
4YIJ,2923,B,179,TYR,O,9,31,10,0,15,49,13,0,19,71,21,0,24,93,28,0,31,111,37,0
4YIJ,2924,B,179,TYR,HN,9,33,9,0,13,55,12,0,19,60,20,0,23,70,24,0,28,91,30,0
4YIJ,2925,B,179,TYR,H,7,30,12,0,13,41,13,0,16,59,14,0,21,72,19,0,26,96,28,0
4YIJ,2926,B,179,TYR,C,12,41,12,0,17,56,16,0,22,66,22,0,25,95,24,0,31,120,32,0
4YIJ,2927,B,179,TYR,C,13,34,12,0,16,51,15,0,18,66,16,0,24,88,22,0,28,115,31,0
4YIJ,2928,B,179,TYR,C,11,28,10,0,14,47,14,0,17,65,16,0,21,88,22,0,31,120,27,0
4YIJ,2929,B,179,TYR,C,12,30,11,0,16,45,13,0,22,69,19,0,23,85,24,0,28,111,31,0
4YIJ,2930,B,179,TYR,C,6,25,8,0,13,41,11,0,17,65,15,0,21,86,22,0,30,112,28,0
4YIJ,2931,B,179,TYR,C,10,26,9,0,13,39,15,0,20,58,17,0,22,83,21,0,25,108,27,0
4YIJ,2932,B,179,TYR,C,9,23,9,0,12,37,14,0,17,60,17,0,22,82,18,0,25,105,29,0
4YIJ,2933,B,179,TYR,OH,9,24,9,0,11,35,13,0,14,51,15,0,18,74,20,0,26,100,26,0
4YIJ,2934,B,179,TYR,H,10,36,13,0,15,54,17,0,21,75,20,0,29,101,25,0,36,129,34,0
4YIJ,2935,B,179,TYR,H,12,46,11,0,18,60,18,0,23,71,23,0,27,98,26,0,35,126,36,0
4YIJ,2936,B,179,TYR,H,10,34,9,0,13,47,14,0,17,62,19,0,24,92,21,0,31,125,25,0
4YIJ,2937,B,179,TYR,H,12,30,11,0,16,47,13,0,22,69,19,0,26,90,25,0,27,107,33,0
4YIJ,2938,B,179,TYR,H,5,21,6,0,11,42,9,0,16,63,15,0,24,87,25,0,31,108,29,0
4YIJ,2939,B,179,TYR,H,9,26,9,0,13,36,15,0,16,57,19,0,22,75,20,0,26,104,25,0
4YIJ,2940,B,179,TYR,HO,9,23,10,0,11,40,12,0,13,56,16,0,19,73,21,0,24,98,26,0
4YIJ,2941,B,180,GLY,N,7,35,8,0,10,51,12,0,15,72,19,0,22,84,27,0,29,101,34,0
4YIJ,2942,B,180,GLY,CA,7,27,9,0,12,47,11,0,14,67,22,0,21,86,28,0,26,103,34,0
4YIJ,2943,B,180,GLY,C,8,25,7,0,9,44,11,0,14,60,17,0,17,75,26,0,24,101,31,0
4YIJ,2944,B,180,GLY,O,7,28,9,0,10,43,15,0,14,59,18,0,19,80,25,0,24,107,35,0
4YIJ,2945,B,180,GLY,HN,6,31,7,0,10,49,12,0,15,63,17,0,21,77,25,0,26,91,31,0
4YIJ,2946,B,180,GLY,H,9,33,10,0,13,54,15,0,16,75,25,0,23,92,31,0,29,112,38,0
4YIJ,2947,B,180,GLY,H,7,24,6,0,10,41,12,0,13,60,20,0,18,76,27,0,25,95,30,0
4YIJ,2948,B,181,PRO,N,7,19,6,0,8,32,9,0,10,46,13,0,15,61,19,0,22,82,28,0
4YIJ,2949,B,181,PRO,CA,6,18,6,0,8,25,8,0,9,40,12,0,12,58,16,0,20,80,24,0
4YIJ,2950,B,181,PRO,C,7,20,7,0,9,30,10,0,11,47,13,0,18,70,18,0,21,91,26,0
4YIJ,2951,B,181,PRO,O,7,20,6,0,10,30,9,0,12,49,15,0,15,68,21,0,24,94,27,0
4YIJ,2952,B,181,PRO,H,6,15,6,0,8,23,8,0,10,33,12,0,13,56,18,0,17,73,21,0
4YIJ,2953,B,181,PRO,C,6,13,5,0,6,23,6,0,8,31,9,0,10,48,11,0,14,65,20,0
4YIJ,2954,B,181,PRO,C,5,11,4,0,7,21,5,0,7,29,6,0,10,42,11,0,13,57,18,0
4YIJ,2955,B,181,PRO,C,6,18,4,0,7,25,6,0,9,39,10,0,10,55,16,0,21,73,24,0
4YIJ,2956,B,181,PRO,H,5,11,4,0,6,17,6,0,7,27,8,0,9,39,11,0,13,59,16,0
4YIJ,2957,B,181,PRO,H,6,15,6,0,7,27,7,0,9,35,9,0,11,49,12,0,15,66,18,0
4YIJ,2958,B,181,PRO,H,3,7,4,0,7,12,4,0,7,27,5,0,9,37,10,0,11,48,18,0
4YIJ,2959,B,181,PRO,H,4,9,4,0,5,14,4,0,7,28,6,0,8,36,7,0,12,47,14,0
4YIJ,2960,B,181,PRO,H,6,18,4,0,7,26,4,0,9,35,12,0,11,54,17,0,18,69,23,0
4YIJ,2961,B,181,PRO,H,6,21,4,0,7,31,7,0,8,42,11,0,14,57,16,0,20,78,21,0
4YIJ,2962,B,182,GLU,N,7,28,6,0,9,37,9,0,14,53,12,0,16,73,16,0,23,105,28,0
4YIJ,2963,B,182,GLU,CA,8,31,7,0,11,44,10,0,16,55,14,0,19,85,20,0,27,113,27,1
4YIJ,2964,B,182,GLU,C,7,36,7,0,13,47,11,0,16,71,19,0,24,98,21,0,31,129,31,0
4YIJ,2965,B,182,GLU,O,8,35,8,0,14,51,11,0,19,78,19,0,26,100,24,0,31,121,35,2
4YIJ,2966,B,182,GLU,HN,7,28,7,0,9,41,8,0,14,53,12,0,18,78,15,0,26,101,26,0
4YIJ,2967,B,182,GLU,H,7,28,7,0,10,40,8,0,14,56,12,0,19,79,19,1,26,106,27,1
4YIJ,2968,B,182,GLU,C,9,36,7,0,11,46,11,0,16,65,14,0,21,87,19,0,28,118,27,1
4YIJ,2969,B,182,GLU,C,9,34,6,0,13,56,12,0,18,74,17,0,21,99,22,1,32,127,29,2
4YIJ,2970,B,182,GLU,C,5,29,6,0,14,56,11,0,18,81,16,0,25,101,22,1,34,128,32,2
4YIJ,2971,B,182,GLU,O,6,33,6,0,10,57,10,0,20,80,18,1,28,103,25,2,36,146,33,2
4YIJ,2972,B,182,GLU,O,6,28,4,0,12,48,9,0,16,75,16,0,24,101,20,1,32,123,31,1
4YIJ,2973,B,182,GLU,H,10,33,8,0,13,51,11,0,17,67,15,0,22,96,21,0,29,122,29,0
4YIJ,2974,B,182,GLU,H,10,30,5,0,10,44,8,0,13,62,12,0,20,75,19,1,26,102,26,1
4YIJ,2975,B,182,GLU,H,8,35,6,0,12,49,9,0,16,73,19,1,24,91,19,2,32,120,28,2
4YIJ,2976,B,182,GLU,H,10,37,8,0,15,56,14,0,19,79,17,0,24,105,25,1,33,133,33,2
4YIJ,2977,B,183,ALA,N,11,37,10,0,13,54,15,0,15,77,23,0,25,103,31,0,34,127,35,0
4YIJ,2978,B,183,ALA,CA,11,45,13,0,13,58,17,0,19,80,26,0,28,106,33,0,36,144,41,1
4YIJ,2979,B,183,ALA,C,10,43,11,0,14,57,16,0,18,73,21,0,22,102,35,1,33,141,39,1
4YIJ,2980,B,183,ALA,O,10,41,11,0,15,58,15,0,18,81,23,1,26,107,32,1,36,140,41,1
4YIJ,2981,B,183,ALA,HN,10,35,10,0,12,55,14,0,18,74,21,0,24,104,29,0,33,124,36,0
4YIJ,2982,B,183,ALA,H,10,47,13,0,15,60,19,0,21,79,26,0,28,114,33,1,38,156,43,1
4YIJ,2983,B,183,ALA,C,12,40,11,0,13,67,21,0,23,87,25,0,27,110,38,0,37,149,43,1
4YIJ,2984,B,183,ALA,H,12,46,12,0,18,66,19,0,23,87,31,0,29,124,39,0,43,155,44,1
4YIJ,2985,B,183,ALA,H,12,41,11,0,14,64,16,0,20,78,27,0,27,106,33,0,33,140,43,0
4YIJ,2986,B,183,ALA,H,12,45,10,0,16,67,20,0,22,94,28,0,28,119,38,0,39,146,46,0
4YIJ,2987,B,184,SER,N,11,40,10,0,11,52,17,0,17,66,21,0,20,88,27,0,27,122,36,1
4YIJ,2988,B,184,SER,CA,10,33,12,0,14,51,17,0,14,69,20,0,20,87,26,0,24,114,33,1
4YIJ,2989,B,184,SER,C,10,33,10,0,14,46,16,0,17,69,18,0,20,92,26,0,26,113,33,1
4YIJ,2990,B,184,SER,O,11,35,12,0,15,47,16,0,18,71,20,0,21,101,23,1,25,123,33,1
4YIJ,2991,B,184,SER,HN,11,36,10,0,12,49,16,0,17,67,22,0,19,87,26,0,26,113,33,0
4YIJ,2992,B,184,SER,H,12,34,15,0,14,54,17,0,17,75,22,0,20,98,24,0,26,120,34,1
4YIJ,2993,B,184,SER,C,11,29,11,0,12,41,15,0,15,56,17,0,18,73,25,0,22,98,29,0
4YIJ,2994,B,184,SER,OH,10,24,12,0,13,42,15,0,13,55,19,0,19,76,23,0,22,100,29,0
4YIJ,2995,B,184,SER,H,10,29,10,0,13,41,14,0,16,50,19,0,18,72,22,0,21,92,27,0
4YIJ,2996,B,184,SER,H,10,24,8,0,12,36,12,0,13,48,18,0,16,73,23,0,21,90,28,0
4YIJ,2997,B,184,SER,HO,9,20,7,0,13,31,14,0,13,54,16,0,18,66,23,0,21,85,27,0
4YIJ,2998,B,185,ALA,N,9,31,9,0,10,47,12,0,16,64,18,0,20,83,25,0,26,105,29,1
4YIJ,2999,B,185,ALA,CA,7,29,8,0,12,46,12,0,14,68,20,0,22,78,21,0,25,100,29,1
4YIJ,3000,B,185,ALA,C,8,33,7,0,11,50,11,0,16,68,18,1,23,88,25,2,30,114,32,2
4YIJ,3001,B,185,ALA,O,8,33,8,0,13,47,12,0,17,66,17,1,24,85,25,2,27,108,31,2
4YIJ,3002,B,185,ALA,HN,8,32,7,0,11,47,12,0,13,60,17,0,18,80,25,0,27,101,30,0
4YIJ,3003,B,185,ALA,H,8,25,7,0,12,42,13,0,15,60,17,0,20,78,21,0,26,96,26,1
4YIJ,3004,B,185,ALA,C,8,28,8,0,10,46,11,0,14,57,15,0,18,73,21,0,25,91,28,2
4YIJ,3005,B,185,ALA,H,9,30,7,0,10,42,11,0,15,51,17,0,17,70,21,2,24,90,26,2
4YIJ,3006,B,185,ALA,H,9,29,11,0,10,49,11,0,16,60,15,0,19,77,20,1,26,95,29,2
4YIJ,3007,B,185,ALA,H,7,24,6,0,10,38,9,0,14,53,14,0,17,67,20,0,21,85,24,1
4YIJ,3008,B,186,PHE,N,8,33,7,0,9,47,14,0,15,66,18,1,27,94,28,2,34,121,35,2
4YIJ,3009,B,186,PHE,CA,7,34,8,1,12,48,13,1,16,73,22,1,28,98,28,2,40,127,40,2
4YIJ,3010,B,186,PHE,C,8,31,8,1,13,52,12,1,16,75,20,1,28,100,28,2,39,137,40,2
4YIJ,3011,B,186,PHE,O,8,32,8,1,13,46,10,1,16,75,20,1,26,98,26,2,35,136,39,2
4YIJ,3012,B,186,PHE,HN,8,31,9,0,10,47,15,0,15,72,18,1,26,93,26,1,35,123,39,2
4YIJ,3013,B,186,PHE,H,8,27,8,1,11,49,12,2,19,70,16,2,25,97,28,2,36,122,35,2
4YIJ,3014,B,186,PHE,C,9,37,9,1,13,53,20,1,20,80,24,1,31,109,29,2,38,139,39,2
4YIJ,3015,B,186,PHE,C,9,39,10,1,14,58,16,1,24,77,23,2,32,114,33,2,39,149,42,2
4YIJ,3016,B,186,PHE,C,9,37,12,1,18,59,15,1,27,80,28,1,30,117,37,2,38,161,44,2
4YIJ,3017,B,186,PHE,C,8,35,9,1,15,59,16,2,24,79,22,2,32,109,35,2,41,151,42,2
4YIJ,3018,B,186,PHE,C,9,36,10,1,19,53,16,1,25,85,25,1,32,121,38,2,40,163,44,3
4YIJ,3019,B,186,PHE,C,7,29,6,1,14,56,16,2,24,81,23,2,35,117,31,2,42,156,43,2
4YIJ,3020,B,186,PHE,C,9,29,6,1,15,55,16,1,26,90,27,2,33,125,32,2,44,150,46,2
4YIJ,3021,B,186,PHE,H,10,37,11,0,13,54,19,1,21,79,26,1,32,110,31,1,39,145,39,2
4YIJ,3022,B,186,PHE,H,8,30,9,0,15,55,17,1,22,80,25,2,30,108,29,2,36,138,38,2
4YIJ,3023,B,186,PHE,H,10,40,12,1,19,61,18,1,24,83,27,1,29,112,37,1,39,157,45,2
4YIJ,3024,B,186,PHE,H,8,32,8,2,15,55,13,2,21,80,22,2,29,100,28,2,42,144,41,2
4YIJ,3025,B,186,PHE,H,11,37,12,1,18,57,17,1,23,91,27,1,32,132,36,2,42,164,44,3
4YIJ,3026,B,186,PHE,H,9,31,6,2,14,52,15,2,21,76,23,2,34,111,32,2,44,153,42,2
4YIJ,3027,B,186,PHE,H,9,33,9,1,16,59,15,1,27,92,25,2,33,121,34,2,45,154,43,3
4YIJ,3028,B,187,THR,N,9,42,9,1,11,59,13,1,18,83,18,1,30,110,34,1,38,141,42,1
4YIJ,3029,B,187,THR,CA,9,43,10,1,15,63,13,1,19,88,23,1,27,118,35,1,38,154,47,1
4YIJ,3030,B,187,THR,C,9,44,10,1,14,63,15,1,20,85,20,1,27,110,26,1,32,142,40,1
4YIJ,3031,B,187,THR,O,8,42,11,1,13,63,14,1,21,86,18,1,27,110,30,1,35,141,41,1
4YIJ,3032,B,187,THR,HN,9,42,10,1,13,60,14,1,19,85,24,1,29,109,35,1,37,143,43,1
4YIJ,3033,B,187,THR,H,8,45,10,1,14,64,13,1,23,87,19,1,31,129,37,1,41,156,45,1
4YIJ,3034,B,187,THR,C,12,49,11,1,17,70,16,1,19,93,24,1,26,122,37,1,37,152,41,1
4YIJ,3035,B,187,THR,OH,12,48,11,1,16,74,15,1,22,98,29,1,30,124,36,1,48,162,47,1
4YIJ,3036,B,187,THR,C,13,48,10,1,17,72,16,1,21,99,28,1,29,130,36,1,40,160,43,1
4YIJ,3037,B,187,THR,H,13,42,12,0,15,70,19,1,19,85,26,1,25,116,32,1,35,143,37,1
4YIJ,3038,B,187,THR,HO,11,44,12,0,17,73,17,1,23,98,28,1,34,129,38,1,45,157,49,1
4YIJ,3039,B,187,THR,H,9,47,9,0,17,70,20,1,24,94,25,1,30,129,36,1,40,165,45,1
4YIJ,3040,B,187,THR,H,11,46,10,1,17,67,16,1,23,102,28,1,29,137,35,1,42,169,47,1
4YIJ,3041,B,187,THR,H,14,46,11,0,16,72,18,1,22,96,28,1,28,127,32,1,37,154,40,1
4YIJ,3042,B,188,LYS,N,11,41,12,0,14,58,17,1,18,72,19,1,22,99,24,1,29,127,32,1
4YIJ,3043,B,188,LYS,CA,9,33,10,0,13,50,17,0,15,69,20,1,24,91,21,1,26,113,30,1
4YIJ,3044,B,188,LYS,C,10,34,10,0,12,44,14,1,14,64,17,1,19,80,22,1,26,102,28,1
4YIJ,3045,B,188,LYS,O,10,35,11,0,11,44,12,0,12,60,17,1,18,79,21,1,25,99,27,1
4YIJ,3046,B,188,LYS,HN,11,38,12,0,14,57,16,0,18,73,21,1,20,98,25,1,29,126,33,1
4YIJ,3047,B,188,LYS,H,9,36,13,0,13,52,17,0,18,69,19,1,23,98,24,1,27,120,31,1
4YIJ,3048,B,188,LYS,C,10,27,10,0,12,43,13,0,17,61,19,0,22,81,22,1,26,101,27,1
4YIJ,3049,B,188,LYS,C,9,22,8,0,10,37,11,0,16,52,19,0,17,72,22,0,26,86,24,1
4YIJ,3050,B,188,LYS,C,4,15,6,0,9,23,9,0,13,43,15,0,17,58,19,0,19,78,23,0
4YIJ,3051,B,188,LYS,C,1,7,5,0,5,17,5,0,10,33,11,0,16,45,17,0,17,63,20,0
4YIJ,3052,B,188,LYS,N,3,8,3,0,5,19,5,0,7,31,11,0,15,47,16,0,17,62,21,0
4YIJ,3053,B,188,LYS,H,8,26,11,0,13,43,13,0,17,58,18,0,20,79,23,1,26,99,26,1
4YIJ,3054,B,188,LYS,H,10,27,11,0,12,44,16,0,16,67,17,0,24,81,21,0,24,103,28,1
4YIJ,3055,B,188,LYS,H,8,22,7,0,13,42,13,0,15,56,18,0,20,71,22,0,25,89,26,0
4YIJ,3056,B,188,LYS,H,9,22,8,0,11,33,11,0,14,48,16,0,18,64,21,0,20,86,23,1
4YIJ,3057,B,188,LYS,H,3,14,5,0,8,22,10,0,12,35,14,0,18,57,18,0,23,78,24,0
4YIJ,3058,B,188,LYS,H,5,13,6,0,9,27,10,0,13,39,14,0,18,62,17,0,21,78,23,0
4YIJ,3059,B,188,LYS,H,1,7,3,0,6,18,6,0,10,28,11,0,13,48,15,0,16,58,20,0
4YIJ,3060,B,188,LYS,H,1,4,5,0,5,12,5,0,8,22,8,0,12,34,12,0,16,53,18,0
4YIJ,3061,B,188,LYS,HN,2,6,3,0,3,14,3,0,6,21,8,0,10,33,12,0,16,54,16,0
4YIJ,3062,B,188,LYS,HN,3,12,4,0,4,20,7,0,8,32,9,0,13,46,14,0,19,64,21,0
4YIJ,3063,B,188,LYS,HN,4,14,3,0,6,25,9,0,10,34,13,0,16,55,16,0,20,67,22,0
4YIJ,3064,B,189,LYS,N,10,37,10,0,10,45,13,1,14,56,16,1,18,75,21,1,21,101,26,2
4YIJ,3065,B,189,LYS,CA,8,33,11,0,12,42,13,1,12,53,14,1,14,69,20,2,21,94,24,2
4YIJ,3066,B,189,LYS,C,9,30,10,1,9,45,12,1,11,55,15,1,17,74,17,2,24,101,29,2
4YIJ,3067,B,189,LYS,O,8,28,10,1,9,36,12,1,11,53,14,1,18,67,19,2,23,96,24,2
4YIJ,3068,B,189,LYS,HN,10,36,10,0,12,46,12,1,15,58,19,1,19,80,23,2,24,111,30,2
4YIJ,3069,B,189,LYS,H,9,28,11,0,12,38,12,0,12,49,13,1,14,57,19,2,17,80,21,2
4YIJ,3070,B,189,LYS,C,10,28,8,0,10,42,14,2,12,56,17,2,19,76,20,2,24,99,27,2
4YIJ,3071,B,189,LYS,C,9,19,6,1,9,40,10,2,11,52,16,2,19,70,21,2,24,101,29,2
4YIJ,3072,B,189,LYS,C,4,19,5,1,9,37,9,2,18,54,16,2,20,84,26,2,29,123,31,2
4YIJ,3073,B,189,LYS,C,3,10,5,1,5,30,6,1,16,60,16,2,23,88,23,2,31,113,31,2
4YIJ,3074,B,189,LYS,N,3,14,2,1,9,37,9,1,14,67,14,2,24,92,25,2,33,125,31,2
4YIJ,3075,B,189,LYS,H,9,26,8,1,10,42,12,2,15,63,16,2,20,86,23,2,27,110,30,2
4YIJ,3076,B,189,LYS,H,8,27,7,0,11,39,13,1,14,56,16,2,18,70,21,2,23,94,27,2
4YIJ,3077,B,189,LYS,H,6,15,5,1,10,34,9,1,11,44,16,2,15,61,20,2,24,93,25,2
4YIJ,3078,B,189,LYS,H,8,22,6,1,10,37,11,2,12,52,13,2,18,69,22,2,26,100,31,2
4YIJ,3079,B,189,LYS,H,5,25,4,1,12,36,10,2,17,58,17,2,21,94,25,2,30,135,36,2
4YIJ,3080,B,189,LYS,H,4,22,4,1,10,37,11,1,15,58,17,2,22,86,26,2,28,117,31,3
4YIJ,3081,B,189,LYS,H,3,11,3,1,6,27,9,1,13,56,12,1,21,84,22,2,30,106,29,3
4YIJ,3082,B,189,LYS,H,2,8,3,1,4,23,9,1,13,48,13,2,21,81,19,2,31,108,28,2
4YIJ,3083,B,189,LYS,HN,3,17,2,1,7,35,7,1,15,68,14,1,24,89,23,2,32,123,31,2
4YIJ,3084,B,189,LYS,HN,5,18,6,1,9,40,9,2,17,63,19,2,25,97,23,2,32,131,34,2
4YIJ,3085,B,189,LYS,HN,4,21,4,1,9,46,11,1,17,70,16,1,23,95,24,2,32,131,31,3
4YIJ,3086,B,190,MET,N,10,40,8,0,10,50,13,0,13,66,17,0,22,86,23,1,31,122,37,1
4YIJ,3087,B,190,MET,CA,8,41,7,0,11,51,12,0,16,73,22,0,24,101,29,0,34,133,34,1
4YIJ,3088,B,190,MET,C,9,35,10,0,11,54,15,0,16,77,21,0,25,101,28,0,35,130,35,0
4YIJ,3089,B,190,MET,O,9,31,13,0,13,52,15,0,19,78,19,0,25,102,28,0,33,127,35,0
4YIJ,3090,B,190,MET,HN,9,41,8,0,11,49,13,0,16,67,19,0,23,95,24,1,32,130,37,1
4YIJ,3091,B,190,MET,H,9,37,8,0,14,53,12,0,18,67,20,0,26,93,28,1,35,129,37,1
4YIJ,3092,B,190,MET,C,10,35,9,0,13,57,14,0,22,83,23,0,28,114,32,0,40,145,43,1
4YIJ,3093,B,190,MET,C,9,41,10,0,18,61,15,0,25,88,23,0,31,120,33,0,37,152,43,2
4YIJ,3094,B,190,MET,S,11,40,12,0,18,65,13,0,26,92,24,0,32,129,34,1,39,167,42,2
4YIJ,3095,B,190,MET,C,12,35,8,0,19,63,17,0,22,93,22,1,29,128,34,1,40,154,40,1
4YIJ,3096,B,190,MET,H,7,35,8,0,12,58,15,0,22,91,23,0,31,119,34,0,41,147,41,1
4YIJ,3097,B,190,MET,H,8,36,8,0,15,54,14,0,23,77,23,0,27,113,29,1,39,147,43,1
4YIJ,3098,B,190,MET,H,12,39,9,0,16,66,19,0,26,82,23,0,32,112,32,0,36,149,40,1
4YIJ,3099,B,190,MET,H,11,39,11,0,16,63,14,0,26,94,24,0,31,123,32,0,39,157,43,1
4YIJ,3100,B,190,MET,H,11,41,10,0,18,62,18,1,22,95,21,1,28,125,30,1,37,155,38,1
4YIJ,3101,B,190,MET,H,12,36,9,0,18,53,17,0,21,85,25,0,29,121,30,1,40,144,42,1
4YIJ,3102,B,190,MET,H,12,38,9,0,16,63,16,1,21,94,24,1,30,124,33,1,39,152,40,1
4YIJ,3103,B,191,VAL,N,9,42,8,1,10,56,15,1,16,75,19,1,26,104,28,1,39,130,42,1
4YIJ,3104,B,191,VAL,CA,7,38,9,1,14,55,14,1,20,77,21,1,26,108,33,1,35,138,38,1
4YIJ,3105,B,191,VAL,C,7,32,10,0,14,50,14,1,18,66,21,1,23,88,28,1,31,119,33,1
4YIJ,3106,B,191,VAL,O,8,34,9,0,13,45,16,0,17,67,21,1,22,88,25,1,29,110,31,1
4YIJ,3107,B,191,VAL,HN,7,43,9,1,11,59,13,1,16,74,23,1,27,105,26,1,38,137,37,1
4YIJ,3108,B,191,VAL,H,10,40,10,1,14,60,14,1,19,79,21,1,25,108,31,1,36,140,40,1
4YIJ,3109,B,191,VAL,C,9,42,8,0,13,63,13,1,22,82,28,1,30,114,34,1,39,153,40,1
4YIJ,3110,B,191,VAL,C,7,41,7,1,14,64,14,1,23,86,27,1,35,128,37,1,45,175,45,1
4YIJ,3111,B,191,VAL,C,10,40,10,0,15,56,15,0,19,84,26,1,30,112,30,1,37,141,38,1
4YIJ,3112,B,191,VAL,H,10,43,9,0,14,66,15,0,23,85,26,1,28,109,33,1,38,147,43,1
4YIJ,3113,B,191,VAL,H,6,48,7,0,17,63,13,1,26,89,28,1,34,136,36,1,47,182,45,1
4YIJ,3114,B,191,VAL,H,7,40,8,1,13,66,15,1,24,96,27,1,35,123,33,1,45,173,47,1
4YIJ,3115,B,191,VAL,H,8,42,9,1,15,65,12,1,24,88,27,1,32,135,37,1,44,172,46,1
4YIJ,3116,B,191,VAL,H,11,41,10,0,17,63,18,0,20,90,23,1,30,120,30,1,39,147,40,1
4YIJ,3117,B,191,VAL,H,9,38,9,0,14,56,17,0,17,74,22,1,25,101,28,1,35,129,35,1
4YIJ,3118,B,191,VAL,H,8,39,12,0,13,56,16,1,22,85,21,1,28,116,30,1,35,134,38,1
4YIJ,3119,B,192,GLU,N,7,33,9,0,11,44,10,0,17,61,15,1,20,80,23,1,27,104,28,1
4YIJ,3120,B,192,GLU,CA,7,27,8,0,11,36,8,0,13,49,12,0,18,73,21,1,22,87,24,1
4YIJ,3121,B,192,GLU,C,7,21,7,0,7,31,8,0,12,46,13,0,17,61,16,1,20,77,22,1
4YIJ,3122,B,192,GLU,O,5,18,7,0,8,26,7,0,11,38,11,0,14,50,14,0,18,68,17,0
4YIJ,3123,B,192,GLU,HN,8,34,10,0,10,45,11,0,14,60,13,1,22,82,23,1,27,106,28,1
4YIJ,3124,B,192,GLU,H,7,26,8,0,13,34,9,0,15,51,14,0,18,71,20,0,23,93,24,1
4YIJ,3125,B,192,GLU,C,8,26,6,0,9,34,10,0,13,46,15,0,16,57,15,0,23,74,20,1
4YIJ,3126,B,192,GLU,C,7,26,5,0,10,37,11,0,15,49,15,0,17,64,16,0,22,83,20,0
4YIJ,3127,B,192,GLU,C,6,21,6,0,10,31,10,0,14,46,13,0,17,58,16,0,20,77,20,0
4YIJ,3128,B,192,GLU,O,5,14,3,0,8,26,7,0,11,37,12,0,16,54,15,0,18,64,18,0
4YIJ,3129,B,192,GLU,O,6,21,5,0,10,28,9,0,13,47,12,0,19,62,17,0,22,78,20,0
4YIJ,3130,B,192,GLU,H,7,20,4,0,9,29,8,0,9,38,12,0,14,51,15,0,21,64,16,0
4YIJ,3131,B,192,GLU,H,8,24,7,0,9,35,10,0,11,46,12,0,18,56,15,1,21,75,18,1
4YIJ,3132,B,192,GLU,H,8,28,8,0,12,43,13,0,15,58,16,0,20,73,19,0,24,99,24,1
4YIJ,3133,B,192,GLU,H,6,24,7,0,11,37,11,0,14,45,14,0,17,62,17,0,21,82,19,0
4YIJ,3134,B,193,ASN,N,6,21,8,0,8,35,11,0,10,47,16,0,17,58,16,1,20,80,19,1
4YIJ,3135,B,193,ASN,CA,6,18,6,0,8,33,9,0,10,43,15,0,13,51,16,1,17,68,17,1
4YIJ,3136,B,193,ASN,C,7,20,7,0,8,36,11,0,11,44,13,0,15,56,17,1,17,67,19,1
4YIJ,3137,B,193,ASN,O,6,18,7,0,8,26,10,0,10,40,11,0,14,53,14,1,17,65,20,1
4YIJ,3138,B,193,ASN,HN,6,27,9,0,7,36,11,0,12,53,15,1,18,70,18,1,20,96,21,1
4YIJ,3139,B,193,ASN,H,6,17,6,0,7,26,9,0,8,38,12,0,11,48,15,0,15,57,17,1
4YIJ,3140,B,193,ASN,C,7,18,6,0,8,28,9,0,8,39,11,0,12,50,16,1,19,77,17,2
4YIJ,3141,B,193,ASN,C,5,15,6,0,8,20,7,0,8,29,12,0,11,41,13,2,17,64,16,2
4YIJ,3142,B,193,ASN,O,4,13,6,0,6,20,7,0,8,27,8,0,11,36,13,0,12,52,13,1
4YIJ,3143,B,193,ASN,N,6,12,4,0,6,18,7,0,9,28,11,1,13,47,13,2,15,80,20,2
4YIJ,3144,B,193,ASN,H,6,17,6,0,8,23,8,0,11,34,11,0,12,48,14,1,16,71,21,2
4YIJ,3145,B,193,ASN,H,7,20,6,0,8,27,11,1,11,44,14,1,16,67,16,2,20,87,24,2
4YIJ,3146,B,193,ASN,HN,6,13,4,0,6,19,8,1,9,34,11,2,14,61,14,2,21,86,23,2
4YIJ,3147,B,193,ASN,HN,5,11,4,0,7,15,6,0,8,24,10,1,12,44,14,1,16,70,17,2
4YIJ,3148,B,194,ALA,N,9,33,12,0,11,41,13,0,13,50,15,1,18,64,21,1,21,89,23,1
4YIJ,3149,B,194,ALA,CA,9,30,11,0,12,41,13,0,15,54,17,1,18,70,19,1,23,89,27,1
4YIJ,3150,B,194,ALA,C,8,27,9,0,9,36,12,0,14,49,16,0,16,61,19,0,21,79,22,1
4YIJ,3151,B,194,ALA,O,8,26,8,0,9,37,12,0,13,52,16,0,15,59,20,0,21,77,23,1
4YIJ,3152,B,194,ALA,HN,9,34,11,0,12,44,14,0,14,55,17,1,16,72,22,1,26,94,24,1
4YIJ,3153,B,194,ALA,H,9,29,11,0,12,41,13,0,14,52,15,1,18,63,18,1,22,85,26,1
4YIJ,3154,B,194,ALA,C,9,36,11,0,12,47,17,1,16,68,18,1,23,90,24,1,27,106,29,1
4YIJ,3155,B,194,ALA,H,10,35,12,0,14,48,15,0,16,70,21,1,22,88,24,1,26,105,27,1
4YIJ,3156,B,194,ALA,H,9,38,11,0,12,51,16,0,18,66,20,1,22,96,26,1,29,115,30,1
4YIJ,3157,B,194,ALA,H,9,36,12,1,14,53,16,1,19,72,20,1,22,94,24,1,31,120,32,1
4YIJ,3158,B,195,LYS,N,5,21,9,0,8,29,10,0,9,36,15,0,15,54,16,0,19,69,20,1
4YIJ,3159,B,195,LYS,CA,4,13,6,0,5,25,8,0,8,30,13,0,13,44,16,0,16,61,19,0
4YIJ,3160,B,195,LYS,C,4,19,7,0,7,26,10,0,12,38,14,0,14,48,16,0,16,65,21,0
4YIJ,3161,B,195,LYS,O,4,15,6,0,4,23,8,0,11,35,10,0,13,47,17,0,15,60,19,0
4YIJ,3162,B,195,LYS,HN,5,19,9,0,8,27,11,0,12,39,14,0,16,53,17,0,18,67,21,1
4YIJ,3163,B,195,LYS,H,3,11,7,0,5,20,7,0,7,33,12,0,13,42,15,0,15,54,18,0
4YIJ,3164,B,195,LYS,C,4,11,5,0,4,16,5,0,7,24,9,0,9,29,14,0,14,45,17,0
4YIJ,3165,B,195,LYS,C,2,9,4,0,3,13,5,0,5,18,9,0,7,26,11,0,13,34,15,0
4YIJ,3166,B,195,LYS,C,2,7,4,0,3,12,6,0,5,14,8,0,7,23,11,0,9,30,12,0
4YIJ,3167,B,195,LYS,C,2,5,4,0,3,8,6,0,3,12,6,0,5,15,9,0,7,24,12,0
4YIJ,3168,B,195,LYS,N,1,6,4,0,3,9,6,0,5,12,6,0,5,18,13,0,11,32,13,0
4YIJ,3169,B,195,LYS,H,2,9,5,0,4,13,5,0,4,18,7,0,7,27,12,0,11,38,16,0
4YIJ,3170,B,195,LYS,H,4,14,5,0,6,17,7,0,6,22,9,0,10,30,15,0,13,48,17,0
4YIJ,3171,B,195,LYS,H,2,7,4,0,3,10,5,0,4,17,6,0,7,20,10,0,9,30,12,0
4YIJ,3172,B,195,LYS,H,3,11,5,0,4,15,7,0,6,21,11,0,11,33,13,0,14,42,15,0
4YIJ,3173,B,195,LYS,H,3,9,5,0,4,14,8,0,7,19,9,0,8,29,12,0,12,38,13,0
4YIJ,3174,B,195,LYS,H,2,4,4,0,2,8,5,0,3,14,8,0,5,20,9,0,7,31,12,0
4YIJ,3175,B,195,LYS,H,1,4,3,0,3,7,6,0,4,10,6,0,4,15,8,0,7,18,10,0
4YIJ,3176,B,195,LYS,H,0,3,3,0,2,5,4,0,2,9,6,0,4,14,7,0,6,18,10,0
4YIJ,3177,B,195,LYS,HN,1,7,4,0,3,9,6,0,4,10,6,0,5,14,9,0,11,30,13,0
4YIJ,3178,B,195,LYS,HN,1,5,4,0,2,9,4,0,4,10,6,0,7,18,12,0,12,30,14,0
4YIJ,3179,B,195,LYS,HN,3,9,5,0,4,11,6,0,5,17,10,0,9,27,13,0,15,42,13,0
4YIJ,3180,B,196,LYS,N,6,22,10,0,8,31,13,0,14,44,15,0,16,56,18,0,18,78,24,0
4YIJ,3181,B,196,LYS,CA,7,27,10,0,9,35,13,0,14,46,16,0,18,59,20,0,19,89,24,0
4YIJ,3182,B,196,LYS,C,8,29,11,0,13,44,15,0,17,58,19,0,18,86,22,0,26,106,28,1
4YIJ,3183,B,196,LYS,O,9,29,15,0,11,44,16,0,17,68,19,0,21,92,23,1,26,111,29,1
4YIJ,3184,B,196,LYS,HN,8,23,10,0,9,30,13,0,13,43,16,0,16,66,19,0,21,78,23,1
4YIJ,3185,B,196,LYS,H,6,24,7,0,10,36,11,0,12,46,17,0,18,62,21,0,21,81,22,0
4YIJ,3186,B,196,LYS,C,6,23,10,0,8,31,11,0,12,40,15,0,15,56,19,0,20,78,23,0
4YIJ,3187,B,196,LYS,C,6,23,7,0,9,36,13,0,13,49,14,0,16,59,19,0,19,80,24,0
4YIJ,3188,B,196,LYS,C,4,13,5,0,8,30,10,0,12,44,15,0,15,53,17,0,18,69,18,0
4YIJ,3189,B,196,LYS,C,4,15,7,0,8,29,10,0,13,42,14,0,14,54,17,0,17,67,19,0
4YIJ,3190,B,196,LYS,N,4,11,4,0,5,23,8,0,12,35,13,0,14,47,15,0,16,62,19,0
4YIJ,3191,B,196,LYS,H,6,24,10,0,8,30,11,0,11,40,17,0,15,58,18,0,21,81,21,0
4YIJ,3192,B,196,LYS,H,5,17,7,0,5,23,11,0,9,36,12,0,15,48,15,0,17,62,20,0
4YIJ,3193,B,196,LYS,H,6,18,7,0,10,35,11,0,13,47,15,0,15,58,19,0,18,75,24,0
4YIJ,3194,B,196,LYS,H,9,27,10,0,11,42,14,0,14,57,18,0,18,72,23,0,21,94,25,0
4YIJ,3195,B,196,LYS,H,4,9,5,0,7,17,7,0,8,36,11,0,13,50,15,0,16,56,17,0
4YIJ,3196,B,196,LYS,H,5,15,6,0,8,28,12,0,13,41,14,0,15,55,17,0,17,70,19,0
4YIJ,3197,B,196,LYS,H,6,22,8,0,9,33,11,0,13,48,15,0,15,63,19,0,19,77,24,0
4YIJ,3198,B,196,LYS,H,3,13,7,0,7,21,10,0,8,36,12,0,12,49,16,0,17,60,18,0
4YIJ,3199,B,196,LYS,HN,3,12,3,0,6,22,7,0,10,32,13,0,14,47,15,0,16,63,20,0
4YIJ,3200,B,196,LYS,HN,1,7,2,0,5,13,5,0,7,25,10,0,13,38,14,0,14,52,17,0
4YIJ,3201,B,196,LYS,HN,4,15,4,0,8,25,9,0,13,38,13,0,14,51,18,0,17,73,21,0
4YIJ,3202,B,197,ILE,N,12,36,11,0,14,47,16,0,17,70,21,0,22,90,26,0,29,115,28,0
4YIJ,3203,B,197,ILE,CA,11,36,12,0,14,60,17,0,20,79,22,0,26,102,27,0,30,134,32,1
4YIJ,3204,B,197,ILE,C,11,38,9,0,14,59,16,0,17,78,21,0,26,107,25,0,31,133,32,0
4YIJ,3205,B,197,ILE,O,11,34,9,0,13,52,14,0,16,72,19,0,22,96,23,0,26,123,30,0
4YIJ,3206,B,197,ILE,HN,10,30,11,0,14,44,14,0,14,61,19,0,21,89,23,0,25,104,28,0
4YIJ,3207,B,197,ILE,H,10,41,13,0,16,59,18,0,22,84,22,0,24,111,26,1,31,138,34,1
4YIJ,3208,B,197,ILE,C,9,42,8,0,14,59,17,0,20,80,22,0,28,110,30,0,32,150,37,1
4YIJ,3209,B,197,ILE,C,12,39,11,0,16,61,13,0,20,78,24,0,27,111,30,1,34,142,37,1
4YIJ,3210,B,197,ILE,C,7,40,8,0,14,66,14,0,24,85,24,0,29,130,28,0,36,164,39,1
4YIJ,3211,B,197,ILE,C,10,35,8,0,16,55,15,0,21,85,23,0,26,106,31,1,31,139,39,1
4YIJ,3212,B,197,ILE,H,7,37,10,0,14,59,14,0,19,76,20,0,26,101,28,0,31,132,33,0
4YIJ,3213,B,197,ILE,H,10,36,10,0,14,57,15,0,18,76,22,0,25,96,27,1,32,124,35,1
4YIJ,3214,B,197,ILE,H,11,42,10,0,15,62,14,0,20,88,25,1,29,116,31,1,34,144,40,1
4YIJ,3215,B,197,ILE,H,10,45,7,0,15,63,15,0,22,90,25,0,29,121,32,0,42,171,40,1
4YIJ,3216,B,197,ILE,H,9,41,9,0,14,58,14,0,22,96,24,0,30,136,31,1,43,167,42,2
4YIJ,3217,B,197,ILE,H,7,40,8,0,14,66,14,0,20,95,22,0,30,122,30,0,37,166,36,0
4YIJ,3218,B,197,ILE,H,11,36,10,0,15,54,16,0,22,82,22,0,25,105,29,1,32,131,36,1
4YIJ,3219,B,197,ILE,H,9,38,9,0,19,62,14,0,22,90,23,0,29,117,32,1,34,147,40,1
4YIJ,3220,B,197,ILE,H,10,34,9,0,16,51,13,0,20,78,20,0,22,108,28,0,28,127,35,1
4YIJ,3221,B,198,GLU,N,14,43,9,0,14,65,13,0,19,84,19,0,27,117,25,0,32,148,34,1
4YIJ,3222,B,198,GLU,CA,11,48,10,0,15,62,11,0,19,83,17,0,23,113,26,0,30,143,30,1
4YIJ,3223,B,198,GLU,C,10,44,11,0,14,69,13,0,19,96,20,0,27,127,25,1,35,158,33,1
4YIJ,3224,B,198,GLU,O,9,46,9,0,16,70,16,0,22,99,19,1,27,133,25,1,39,171,36,2
4YIJ,3225,B,198,GLU,HN,10,46,10,0,16,66,12,0,22,89,21,0,26,124,28,0,33,149,32,2
4YIJ,3226,B,198,GLU,H,9,43,9,0,12,60,12,0,18,82,15,0,24,111,22,0,31,139,31,0
4YIJ,3227,B,198,GLU,C,12,46,9,0,15,60,12,0,20,70,19,0,23,93,22,0,27,128,31,1
4YIJ,3228,B,198,GLU,C,11,34,8,0,14,52,10,0,17,66,17,0,21,83,20,0,25,104,26,0
4YIJ,3229,B,198,GLU,C,11,28,6,0,15,43,9,0,15,61,18,0,19,73,20,0,23,92,24,0
4YIJ,3230,B,198,GLU,O,11,30,7,0,14,43,11,0,16,61,16,0,19,77,20,0,24,92,24,0
4YIJ,3231,B,198,GLU,O,8,22,5,0,10,36,7,0,15,51,12,0,16,62,17,0,22,78,22,0
4YIJ,3232,B,198,GLU,H,11,43,8,0,15,59,14,0,19,72,18,0,24,98,23,0,27,125,28,1
4YIJ,3233,B,198,GLU,H,15,47,9,0,17,64,16,0,20,77,19,0,22,94,22,1,27,127,33,1
4YIJ,3234,B,198,GLU,H,11,37,8,0,15,52,12,0,17,64,17,0,20,81,21,0,24,108,27,0
4YIJ,3235,B,198,GLU,H,7,35,8,0,14,44,9,0,15,62,12,0,20,79,21,0,27,102,26,0
4YIJ,3236,B,199,VAL,N,11,51,12,0,13,77,14,0,19,96,22,0,29,118,25,0,38,160,34,2
4YIJ,3237,B,199,VAL,CA,10,58,9,0,11,80,19,0,18,90,22,0,30,130,29,1,42,177,36,2
4YIJ,3238,B,199,VAL,C,9,54,10,0,15,75,19,0,18,98,21,0,25,122,26,1,39,158,32,2
4YIJ,3239,B,199,VAL,O,10,46,12,0,16,74,15,0,19,94,21,0,26,114,24,0,32,139,29,2
4YIJ,3240,B,199,VAL,HN,9,47,12,0,12,72,15,0,18,97,20,0,26,116,24,0,35,145,32,1
4YIJ,3241,B,199,VAL,H,9,52,9,0,11,76,17,0,17,102,23,0,32,145,31,2,44,179,41,2
4YIJ,3242,B,199,VAL,C,9,55,9,0,13,73,15,0,21,97,25,1,30,126,32,1,40,166,36,1
4YIJ,3243,B,199,VAL,C,7,46,10,0,14,69,14,1,23,98,24,1,32,135,32,1,40,169,37,1
4YIJ,3244,B,199,VAL,C,10,51,8,0,16,74,15,1,23,102,24,1,30,129,34,1,40,173,37,1
4YIJ,3245,B,199,VAL,H,6,50,10,0,15,73,12,0,20,97,20,1,27,117,29,1,34,149,37,1
4YIJ,3246,B,199,VAL,H,7,47,8,1,15,69,15,1,25,95,23,1,32,122,31,1,40,160,40,1
4YIJ,3247,B,199,VAL,H,7,51,7,0,16,71,14,1,24,102,24,1,33,147,33,1,42,177,40,2
4YIJ,3248,B,199,VAL,H,7,46,9,0,16,68,14,1,23,97,19,1,28,132,29,1,38,156,40,1
4YIJ,3249,B,199,VAL,H,10,47,9,1,16,73,15,1,24,97,25,1,31,128,29,1,38,164,38,2
4YIJ,3250,B,199,VAL,H,9,49,9,0,16,74,11,0,20,97,24,1,28,132,31,1,41,166,38,2
4YIJ,3251,B,199,VAL,H,8,48,8,0,17,78,18,1,24,106,26,1,32,136,33,1,40,185,42,1
4YIJ,3252,B,200,GLU,N,11,47,9,0,15,74,14,0,22,101,20,1,27,128,26,1,37,159,31,2
4YIJ,3253,B,200,GLU,CA,10,53,10,0,16,74,13,0,22,93,20,1,26,120,26,1,37,150,31,1
4YIJ,3254,B,200,GLU,C,11,48,8,0,18,74,14,0,22,101,21,1,29,128,27,1,42,160,35,1
4YIJ,3255,B,200,GLU,O,8,48,9,0,17,69,12,1,23,107,22,1,33,136,28,1,42,170,35,1
4YIJ,3256,B,200,GLU,HN,10,49,10,0,13,74,12,1,22,107,20,1,31,140,28,1,38,166,36,2
4YIJ,3257,B,200,GLU,H,11,51,9,0,19,64,13,0,21,88,18,0,25,113,24,1,32,143,29,1
4YIJ,3258,B,200,GLU,C,11,50,8,0,17,72,12,1,22,91,20,1,28,107,24,1,36,150,32,1
4YIJ,3259,B,200,GLU,C,12,43,7,0,16,65,12,0,20,84,18,1,26,102,22,1,35,136,29,1
4YIJ,3260,B,200,GLU,C,9,39,5,0,15,55,10,1,17,79,16,1,24,99,23,1,37,128,30,1
4YIJ,3261,B,200,GLU,O,11,41,5,1,12,59,11,1,19,76,17,1,28,108,26,1,37,149,32,1
4YIJ,3262,B,200,GLU,O,7,32,5,0,11,48,8,1,18,68,12,1,22,89,21,1,29,116,26,1
4YIJ,3263,B,200,GLU,H,11,54,8,1,15,71,13,1,22,91,17,1,30,119,26,1,38,153,37,1
4YIJ,3264,B,200,GLU,H,10,46,8,0,14,69,13,1,21,80,17,1,29,106,25,1,36,141,28,1
4YIJ,3265,B,200,GLU,H,12,37,7,0,15,61,11,0,19,80,18,0,25,99,20,1,31,120,26,1
4YIJ,3266,B,200,GLU,H,11,48,8,0,17,61,14,0,23,88,16,1,28,114,22,1,34,137,33,1
4YIJ,3267,B,201,PHE,N,14,42,10,0,17,67,18,0,21,89,23,0,31,116,28,0,41,148,35,2
4YIJ,3268,B,201,PHE,CA,10,40,14,0,18,63,16,0,25,91,24,0,29,118,29,0,41,147,34,2
4YIJ,3269,B,201,PHE,C,11,39,13,0,19,64,19,0,27,87,22,0,34,110,28,0,37,143,34,1
4YIJ,3270,B,201,PHE,O,11,38,12,0,16,65,18,0,25,85,22,0,31,108,26,0,36,133,32,1
4YIJ,3271,B,201,PHE,HN,13,42,11,0,16,61,16,0,21,81,22,0,27,111,25,0,35,144,32,2
4YIJ,3272,B,201,PHE,H,11,45,13,0,17,60,18,0,25,94,20,0,33,124,32,1,41,156,35,2
4YIJ,3273,B,201,PHE,C,10,34,9,0,19,61,17,0,23,84,20,0,27,104,28,1,35,132,30,1
4YIJ,3274,B,201,PHE,C,10,36,9,0,15,51,13,0,23,85,19,1,28,105,25,1,34,134,31,1
4YIJ,3275,B,201,PHE,C,11,34,9,0,14,54,15,1,21,78,18,1,29,110,25,1,34,136,35,1
4YIJ,3276,B,201,PHE,C,10,33,8,0,16,50,11,1,20,74,17,1,26,104,25,1,35,133,30,1
4YIJ,3277,B,201,PHE,C,10,40,8,1,11,53,14,1,19,72,19,1,29,106,26,1,36,135,34,1
4YIJ,3278,B,201,PHE,C,9,36,6,1,14,49,10,1,20,71,18,1,25,97,23,1,36,131,33,1
4YIJ,3279,B,201,PHE,C,9,38,7,1,12,52,10,1,18,68,20,1,29,95,24,1,38,131,35,1
4YIJ,3280,B,201,PHE,H,13,29,11,0,18,51,13,0,19,80,21,0,27,103,26,1,33,128,31,1
4YIJ,3281,B,201,PHE,H,11,30,9,0,18,54,14,0,23,77,22,0,23,98,26,0,30,127,30,1
4YIJ,3282,B,201,PHE,H,12,35,10,0,16,57,14,1,18,78,20,1,29,104,25,1,35,131,35,1
4YIJ,3283,B,201,PHE,H,10,35,8,0,15,49,11,0,20,75,18,1,26,99,25,1,31,124,29,1
4YIJ,3284,B,201,PHE,H,8,37,6,1,15,54,15,1,18,73,20,1,27,101,27,1,34,125,35,1
4YIJ,3285,B,201,PHE,H,7,33,7,1,13,51,10,1,21,67,15,1,24,89,23,1,35,123,31,1
4YIJ,3286,B,201,PHE,H,7,37,5,1,13,53,10,1,20,69,18,1,27,93,30,1,37,127,32,1
4YIJ,3287,B,202,ASP,N,11,52,9,0,20,67,16,0,25,88,20,0,35,113,26,0,40,147,37,1
4YIJ,3288,B,202,ASP,CA,12,45,10,0,21,69,15,0,26,89,21,0,34,106,27,0,39,136,34,1
4YIJ,3289,B,202,ASP,C,11,39,8,0,17,59,11,0,27,77,18,0,30,95,28,0,35,123,30,0
4YIJ,3290,B,202,ASP,O,10,35,8,0,15,56,9,0,22,71,15,0,28,93,24,0,34,118,32,0
4YIJ,3291,B,202,ASP,HN,12,51,10,0,17,65,15,0,25,85,20,0,35,113,28,0,41,152,36,1
4YIJ,3292,B,202,ASP,H,11,45,10,0,22,69,15,0,25,86,21,0,32,109,27,0,39,130,30,1
4YIJ,3293,B,202,ASP,C,12,43,9,0,14,68,14,0,27,90,21,0,35,111,30,0,38,143,37,1
4YIJ,3294,B,202,ASP,C,8,42,9,0,19,59,17,0,22,88,20,0,33,108,29,0,39,136,37,1
4YIJ,3295,B,202,ASP,O,9,36,11,0,16,60,16,0,22,81,20,0,31,104,25,0,38,125,31,1
4YIJ,3296,B,202,ASP,O,11,44,9,0,16,62,16,0,24,79,23,0,30,116,25,1,40,143,39,1
4YIJ,3297,B,202,ASP,H,11,44,9,0,16,64,15,0,23,88,20,0,33,107,30,0,40,139,37,1
4YIJ,3298,B,202,ASP,H,11,56,9,0,20,71,16,0,27,88,23,0,33,116,32,1,39,149,36,1
4YIJ,3299,B,203,LYS,N,12,32,9,0,15,49,15,0,20,70,20,0,29,94,26,0,33,115,32,0
4YIJ,3300,B,203,LYS,CA,9,26,9,0,15,41,13,0,19,56,17,0,22,76,24,0,32,103,28,0
4YIJ,3301,B,203,LYS,C,8,21,8,0,12,32,11,0,17,47,17,0,21,71,21,0,28,93,24,0
4YIJ,3302,B,203,LYS,O,7,17,6,0,9,27,9,0,13,41,13,0,21,50,18,0,24,81,21,0
4YIJ,3303,B,203,LYS,HN,10,33,10,0,16,49,16,0,22,74,23,0,29,97,25,0,34,116,31,0
4YIJ,3304,B,203,LYS,H,8,25,9,0,14,37,11,0,19,52,16,0,22,72,22,0,28,94,26,0
4YIJ,3305,B,203,LYS,C,7,25,10,0,14,35,13,0,17,53,15,0,22,68,23,0,27,89,26,0
4YIJ,3306,B,203,LYS,C,10,32,11,0,14,42,14,0,17,56,19,0,22,67,20,0,27,93,26,0
4YIJ,3307,B,203,LYS,C,9,35,11,0,13,42,15,0,18,51,18,0,20,61,20,0,27,84,26,0
4YIJ,3308,B,203,LYS,C,9,36,14,0,13,43,15,0,18,52,18,0,22,73,21,0,24,93,26,0
4YIJ,3309,B,203,LYS,N,11,33,11,0,13,40,15,0,17,52,18,0,19,71,22,0,25,92,26,0
4YIJ,3310,B,203,LYS,H,7,27,11,0,13,37,13,0,18,50,15,0,24,68,23,0,28,90,26,0
4YIJ,3311,B,203,LYS,H,4,21,8,0,10,30,13,0,16,46,14,0,20,60,17,0,25,73,23,0
4YIJ,3312,B,203,LYS,H,10,26,10,0,13,41,13,0,17,48,18,0,21,65,20,0,24,82,23,0
4YIJ,3313,B,203,LYS,H,10,32,12,0,14,46,16,0,18,61,19,0,26,86,22,0,31,108,27,0
4YIJ,3314,B,203,LYS,H,9,32,10,0,14,46,15,0,16,51,18,0,22,65,19,0,25,84,25,0
4YIJ,3315,B,203,LYS,H,7,28,10,0,12,39,11,0,15,47,19,0,18,55,19,0,21,68,21,0
4YIJ,3316,B,203,LYS,H,10,36,14,0,15,47,16,0,20,66,18,0,23,82,23,0,26,98,31,0
4YIJ,3317,B,203,LYS,H,11,30,11,0,11,42,14,0,16,52,17,0,21,71,20,0,24,83,22,0
4YIJ,3318,B,203,LYS,HN,10,31,11,0,13,41,14,0,17,60,18,0,19,73,21,0,26,92,25,0
4YIJ,3319,B,203,LYS,HN,11,27,11,0,11,40,13,0,14,49,18,0,20,56,19,0,22,80,22,0
4YIJ,3320,B,203,LYS,HN,10,30,11,0,14,41,14,0,16,54,19,0,19,79,22,0,26,96,25,0
4YIJ,3321,B,204,GLY,N,9,25,10,0,12,38,13,0,18,60,16,0,25,82,22,0,31,104,22,0
4YIJ,3322,B,204,GLY,CA,8,24,9,0,13,32,13,0,16,51,17,0,22,72,17,0,26,95,22,0
4YIJ,3323,B,204,GLY,C,9,23,8,0,11,39,12,0,16,49,15,0,21,68,17,0,22,88,21,0
4YIJ,3324,B,204,GLY,O,8,25,8,0,12,37,11,0,17,49,12,0,19,62,16,0,21,82,22,0
4YIJ,3325,B,204,GLY,HN,9,27,11,0,12,47,15,0,18,68,18,0,27,92,22,0,34,116,27,0
4YIJ,3326,B,204,GLY,H,7,20,8,0,10,26,9,0,14,39,15,0,18,65,17,0,25,83,19,0
4YIJ,3327,B,204,GLY,H,10,24,11,0,11,36,13,0,16,51,17,0,22,77,18,0,26,101,23,0
4YIJ,3328,B,205,GLN,N,7,22,7,0,10,30,9,0,13,50,14,0,21,65,17,0,23,85,21,0
4YIJ,3329,B,205,GLN,CA,5,18,6,0,10,32,9,0,12,49,11,0,18,63,18,0,24,80,23,0
4YIJ,3330,B,205,GLN,C,9,29,7,0,11,43,10,0,17,54,15,0,19,69,20,0,28,90,25,1
4YIJ,3331,B,205,GLN,O,10,37,8,0,11,48,14,0,18,59,18,0,23,83,22,0,32,108,27,1
4YIJ,3332,B,205,GLN,HN,7,19,6,0,10,32,12,0,15,49,13,0,17,62,18,0,22,84,23,0
4YIJ,3333,B,205,GLN,H,5,13,6,0,7,23,8,0,11,39,10,0,16,54,13,0,22,73,20,0
4YIJ,3334,B,205,GLN,C,5,16,5,0,8,27,10,0,12,45,11,0,18,61,18,0,23,77,23,0
4YIJ,3335,B,205,GLN,C,5,9,3,0,7,20,6,0,8,30,8,0,12,49,13,0,21,62,18,0
4YIJ,3336,B,205,GLN,C,3,9,3,0,8,22,4,0,9,33,7,0,12,44,13,0,17,57,17,0
4YIJ,3337,B,205,GLN,O,5,8,3,0,6,21,5,0,10,29,8,0,13,43,11,0,15,59,19,0
4YIJ,3338,B,205,GLN,N,4,8,2,0,5,22,4,0,8,31,4,0,11,40,12,0,14,52,17,0
4YIJ,3339,B,205,GLN,H,5,18,6,0,7,25,9,0,13,45,14,0,17,63,16,0,22,80,23,0
4YIJ,3340,B,205,GLN,H,6,23,4,0,9,34,10,0,12,49,14,0,21,64,20,0,23,85,23,0
4YIJ,3341,B,205,GLN,H,4,7,4,0,7,16,5,0,9,28,8,0,13,44,12,0,16,62,17,0
4YIJ,3342,B,205,GLN,H,4,10,3,0,6,17,5,0,6,27,7,0,11,40,12,0,17,61,14,0
4YIJ,3343,B,205,GLN,HN,4,9,2,0,5,23,3,0,6,31,9,0,11,41,10,0,16,54,15,0
4YIJ,3344,B,205,GLN,HN,1,10,1,0,5,17,2,0,7,30,4,0,11,37,10,0,14,49,16,0
4YIJ,3345,B,206,ARG,N,8,24,9,0,11,40,10,0,14,50,14,0,17,61,20,1,23,83,25,1
4YIJ,3346,B,206,ARG,CA,9,29,7,0,12,44,11,0,13,59,16,1,19,70,23,1,24,100,27,1
4YIJ,3347,B,206,ARG,C,8,31,8,0,11,48,11,1,16,60,18,1,20,81,20,1,27,106,28,1
4YIJ,3348,B,206,ARG,O,8,33,7,1,11,53,13,1,16,70,17,1,24,95,22,1,27,112,31,1
4YIJ,3349,B,206,ARG,HN,7,20,8,0,9,32,10,0,11,42,12,0,17,56,16,1,18,72,22,1
4YIJ,3350,B,206,ARG,H,11,37,10,0,11,48,11,0,15,61,19,1,20,86,25,1,26,118,29,1
4YIJ,3351,B,206,ARG,C,4,25,5,0,11,38,10,1,12,49,13,1,17,70,19,1,22,94,26,1
4YIJ,3352,B,206,ARG,C,7,22,6,0,10,36,9,0,13,48,13,1,18,72,19,1,21,97,23,1
4YIJ,3353,B,206,ARG,C,4,15,6,0,9,29,8,0,13,50,11,1,17,66,16,1,19,92,21,1
4YIJ,3354,B,206,ARG,N,5,18,5,0,10,26,8,0,13,47,12,0,17,76,15,1,20,93,22,1
4YIJ,3355,B,206,ARG,C,6,17,5,0,8,31,10,0,13,53,12,0,18,74,17,1,21,90,22,1
4YIJ,3356,B,206,ARG,N,5,22,6,0,9,34,9,0,12,56,13,0,20,74,15,1,23,96,23,1
4YIJ,3357,B,206,ARG,N,8,21,5,0,9,35,10,0,13,50,13,0,16,69,18,0,22,90,22,0
4YIJ,3358,B,206,ARG,H,7,27,6,1,9,40,10,1,13,59,15,1,17,81,20,1,24,104,28,1
4YIJ,3359,B,206,ARG,H,3,17,5,0,8,32,7,1,12,47,13,1,16,62,17,1,18,82,22,1
4YIJ,3360,B,206,ARG,H,5,20,6,0,9,29,8,0,11,47,12,0,16,60,17,1,20,85,20,1
4YIJ,3361,B,206,ARG,H,8,25,7,0,10,40,10,0,13,60,15,0,20,82,20,1,26,109,27,1
4YIJ,3362,B,206,ARG,H,4,18,7,0,6,38,9,1,15,54,15,1,19,78,15,1,23,104,22,1
4YIJ,3363,B,206,ARG,H,2,12,4,0,6,23,8,0,10,39,9,1,15,59,14,1,17,76,17,1
4YIJ,3364,B,206,ARG,HN,5,19,6,0,10,25,8,0,12,45,13,0,16,71,16,0,21,95,20,1
4YIJ,3365,B,206,ARG,HN,3,21,4,0,6,35,8,0,12,50,11,1,20,77,15,1,24,100,23,1
4YIJ,3366,B,206,ARG,HN,5,24,5,0,9,37,8,0,13,53,11,0,18,71,16,1,21,95,23,1
4YIJ,3367,B,206,ARG,HN,7,19,7,0,10,35,8,0,12,49,15,0,17,66,18,0,21,86,21,0
4YIJ,3368,B,206,ARG,HN,7,25,6,0,11,40,10,0,13,50,13,0,14,70,19,0,21,85,22,0
4YIJ,3369,B,207,THR,N,8,32,9,0,12,39,13,0,17,56,16,1,22,78,18,1,28,98,23,1
4YIJ,3370,B,207,THR,CA,8,30,9,0,12,40,13,1,15,61,16,1,21,79,17,1,26,100,23,1
4YIJ,3371,B,207,THR,C,11,28,10,0,12,38,13,0,15,51,16,0,19,74,17,1,25,103,21,1
4YIJ,3372,B,207,THR,O,11,26,9,0,11,34,13,0,13,47,15,0,19,68,17,0,22,94,21,1
4YIJ,3373,B,207,THR,HN,9,28,8,0,11,36,12,0,15,50,15,1,19,65,18,1,24,95,22,1
4YIJ,3374,B,207,THR,H,8,31,11,0,13,51,14,1,17,68,15,1,24,90,19,1,29,104,24,1
4YIJ,3375,B,207,THR,C,8,28,10,0,8,37,12,1,14,49,13,1,18,75,15,1,22,86,19,1
4YIJ,3376,B,207,THR,OH,7,24,7,0,10,32,10,1,11,40,14,1,14,53,14,1,20,77,17,1
4YIJ,3377,B,207,THR,C,6,26,8,1,8,41,12,1,15,58,13,1,19,74,16,1,24,89,20,1
4YIJ,3378,B,207,THR,H,8,28,11,0,9,37,12,1,15,52,12,1,18,70,15,1,20,84,19,1
4YIJ,3379,B,207,THR,HO,7,18,7,0,8,26,8,1,10,38,11,1,13,49,14,1,19,68,14,1
4YIJ,3380,B,207,THR,H,6,16,7,1,8,33,10,1,10,52,12,1,17,65,15,1,20,82,18,1
4YIJ,3381,B,207,THR,H,6,24,8,1,7,39,9,1,12,53,13,1,20,71,15,1,24,91,22,1
4YIJ,3382,B,207,THR,H,6,33,9,1,11,50,11,1,14,66,14,1,19,78,17,1,26,96,24,1
4YIJ,3383,B,208,ASP,N,10,30,8,0,14,40,11,0,16,55,13,0,19,77,15,1,25,98,19,1
4YIJ,3384,B,208,ASP,CA,10,32,7,0,12,42,9,0,16,50,12,0,18,70,14,0,22,91,17,1
4YIJ,3385,B,208,ASP,C,7,28,5,0,11,39,7,0,13,43,9,0,16,51,12,0,19,66,13,0
4YIJ,3386,B,208,ASP,O,7,25,5,0,11,38,7,0,11,42,9,0,16,46,11,0,18,66,13,1
4YIJ,3387,B,208,ASP,HN,10,33,9,0,12,44,11,0,17,62,11,1,21,78,14,1,23,97,19,1
4YIJ,3388,B,208,ASP,H,8,29,6,0,13,40,9,0,14,54,11,0,18,68,15,0,24,89,16,0
4YIJ,3389,B,208,ASP,C,9,35,5,0,12,45,9,0,18,57,12,0,23,75,15,0,25,94,21,0
4YIJ,3390,B,208,ASP,C,11,37,6,0,12,42,9,0,18,51,12,0,23,76,15,0,24,94,19,1
4YIJ,3391,B,208,ASP,O,10,33,7,0,11,44,9,0,15,51,11,0,21,66,12,1,24,89,18,1
4YIJ,3392,B,208,ASP,O,11,37,7,0,13,43,8,0,17,57,13,0,23,75,16,0,26,98,23,0
4YIJ,3393,B,208,ASP,H,9,33,7,0,15,50,10,0,21,67,14,0,24,87,18,0,29,103,24,0
4YIJ,3394,B,208,ASP,H,7,32,3,0,12,43,7,0,16,61,10,0,21,70,14,0,26,83,18,0
4YIJ,3395,B,209,LYS,N,6,20,6,0,8,31,7,0,12,39,10,0,14,46,11,0,16,58,14,0
4YIJ,3396,B,209,LYS,CA,4,18,5,0,7,23,7,0,8,31,7,0,10,38,10,0,13,46,11,0
4YIJ,3397,B,209,LYS,C,4,18,7,0,6,25,7,0,9,28,7,0,10,34,8,0,12,43,12,0
4YIJ,3398,B,209,LYS,O,4,17,6,0,4,23,7,0,7,25,7,0,9,32,7,0,12,39,10,0
4YIJ,3399,B,209,LYS,HN,6,20,6,0,8,31,6,0,11,41,10,0,14,50,11,0,16,63,15,0
4YIJ,3400,B,209,LYS,H,5,16,5,0,6,20,6,0,8,28,7,0,10,34,10,0,13,42,10,0
4YIJ,3401,B,209,LYS,C,3,13,4,0,5,15,5,0,7,24,6,0,9,34,8,0,10,44,8,0
4YIJ,3402,B,209,LYS,C,3,13,3,0,5,16,5,0,8,22,6,0,8,33,7,0,11,47,8,0
4YIJ,3403,B,209,LYS,C,1,12,2,0,3,13,3,0,5,14,4,0,8,23,5,0,8,38,6,0
4YIJ,3404,B,209,LYS,C,1,10,0,0,2,12,3,0,5,17,3,0,6,25,4,0,9,37,6,0
4YIJ,3405,B,209,LYS,N,0,6,0,0,1,8,0,0,2,13,1,0,4,18,3,0,6,24,4,0
4YIJ,3406,B,209,LYS,H,4,13,3,0,4,15,5,0,6,23,5,0,8,32,7,0,9,43,9,0
4YIJ,3407,B,209,LYS,H,2,13,3,0,3,15,5,0,7,17,5,0,7,26,7,0,9,34,8,0
4YIJ,3408,B,209,LYS,H,5,14,4,0,7,20,5,0,7,26,6,0,8,32,7,0,11,45,7,0
4YIJ,3409,B,209,LYS,H,4,13,3,0,6,18,5,0,8,31,6,0,9,45,8,0,12,54,9,0
4YIJ,3410,B,209,LYS,H,1,9,0,0,1,12,3,0,5,14,3,0,6,20,5,0,8,35,7,0
4YIJ,3411,B,209,LYS,H,1,9,0,0,2,13,4,0,4,13,4,0,7,18,5,0,8,26,6,0
4YIJ,3412,B,209,LYS,H,2,11,1,0,3,14,3,0,6,18,4,0,7,26,4,0,10,39,6,0
4YIJ,3413,B,209,LYS,H,1,9,1,0,2,14,3,0,5,22,3,0,7,30,5,0,10,43,7,0
4YIJ,3414,B,209,LYS,HN,0,6,0,0,1,6,0,0,2,13,1,0,3,19,3,0,6,23,4,0
4YIJ,3415,B,209,LYS,HN,0,4,0,0,1,6,0,0,1,10,0,0,2,19,3,0,6,23,4,0
4YIJ,3416,B,209,LYS,HN,0,6,0,0,1,8,0,0,2,11,1,0,3,15,3,0,6,19,4,0
4YIJ,3417,B,210,TYR,N,6,20,7,0,8,22,7,0,10,25,7,0,12,34,10,0,15,45,11,0
4YIJ,3418,B,210,TYR,CA,6,18,6,0,9,21,7,0,9,25,8,0,11,33,9,0,16,42,10,0
4YIJ,3419,B,210,TYR,C,6,20,6,0,8,22,8,0,9,31,8,0,14,37,10,0,15,48,12,1
4YIJ,3420,B,210,TYR,O,5,15,6,0,7,22,7,0,9,26,8,0,13,36,10,1,15,46,13,1
4YIJ,3421,B,210,TYR,HN,7,21,7,0,9,24,7,0,10,29,7,0,14,37,10,0,16,54,12,0
4YIJ,3422,B,210,TYR,H,5,16,5,0,7,20,6,0,9,22,7,0,10,24,8,0,11,33,9,0
4YIJ,3423,B,210,TYR,C,7,18,6,0,9,21,6,0,9,28,8,0,15,38,9,0,15,47,12,0
4YIJ,3424,B,210,TYR,C,7,17,4,0,8,18,6,0,8,23,6,0,11,31,8,0,16,44,10,0
4YIJ,3425,B,210,TYR,C,6,13,4,0,7,16,4,0,8,17,6,0,8,22,6,0,10,29,8,0
4YIJ,3426,B,210,TYR,C,7,16,4,0,8,21,5,0,10,26,6,0,13,39,10,0,16,51,14,0
4YIJ,3427,B,210,TYR,C,5,8,3,0,6,12,4,0,7,16,4,0,8,17,6,0,9,26,7,0
4YIJ,3428,B,210,TYR,C,6,12,3,0,7,15,4,0,9,23,5,0,10,34,8,0,13,46,13,0
4YIJ,3429,B,210,TYR,C,5,9,3,0,6,13,3,0,7,15,4,0,9,23,5,0,10,33,8,0
4YIJ,3430,B,210,TYR,OH,2,5,1,0,5,9,2,0,6,14,3,0,8,20,4,0,10,28,6,0
4YIJ,3431,B,210,TYR,H,6,16,5,0,7,20,6,0,9,27,7,0,12,37,9,0,15,44,10,0
4YIJ,3432,B,210,TYR,H,8,19,6,0,8,26,8,0,13,38,9,0,15,45,12,0,18,51,15,1
4YIJ,3433,B,210,TYR,H,4,11,4,0,7,16,4,0,8,17,5,0,8,20,6,0,9,25,8,0
4YIJ,3434,B,210,TYR,H,8,21,5,0,9,26,6,0,12,35,9,0,17,49,12,0,19,60,19,0
4YIJ,3435,B,210,TYR,H,1,6,1,0,5,8,3,0,6,13,4,0,7,16,4,0,8,17,6,0
4YIJ,3436,B,210,TYR,H,5,11,2,0,7,20,3,0,10,27,5,0,12,39,8,0,14,49,20,0
4YIJ,3437,B,210,TYR,HO,4,5,1,0,5,10,1,0,6,15,3,0,8,24,5,0,11,32,7,0
4YIJ,3438,B,211,GLY,N,6,25,7,0,8,30,8,0,11,42,10,0,15,51,10,1,16,65,14,1
4YIJ,3439,B,211,GLY,CA,7,22,8,0,8,30,10,1,11,42,10,1,14,56,12,1,16,70,16,1
4YIJ,3440,B,211,GLY,C,8,27,10,1,12,37,10,1,13,53,13,1,15,66,16,1,17,76,17,1
4YIJ,3441,B,211,GLY,O,7,27,9,1,11,32,12,1,13,52,13,1,15,66,16,1,18,85,19,1
4YIJ,3442,B,211,GLY,HN,7,25,7,0,8,34,9,0,10,44,10,0,16,55,11,1,16,63,15,1
4YIJ,3443,B,211,GLY,H,6,21,8,0,8,29,9,1,10,43,10,1,15,56,11,1,16,71,16,1
4YIJ,3444,B,211,GLY,H,5,18,5,0,7,26,8,0,9,37,10,1,13,46,11,1,15,64,13,1
4YIJ,3445,B,212,ARG,N,10,30,10,0,10,42,11,1,10,58,13,1,15,66,17,1,18,81,18,1
4YIJ,3446,B,212,ARG,CA,9,40,10,1,10,50,13,1,13,57,15,1,18,75,18,1,22,105,23,1
4YIJ,3447,B,212,ARG,C,9,43,12,1,12,53,15,1,14,59,16,1,19,84,20,1,25,115,22,1
4YIJ,3448,B,212,ARG,O,11,39,12,1,12,52,14,1,14,68,15,1,20,86,19,1,25,107,24,1
4YIJ,3449,B,212,ARG,HN,8,30,10,0,10,42,10,0,10,53,12,1,14,63,15,1,20,78,19,1
4YIJ,3450,B,212,ARG,H,8,33,10,1,10,46,15,1,15,60,16,1,18,78,18,1,22,107,24,1
4YIJ,3451,B,212,ARG,C,8,38,9,0,12,52,14,1,16,62,16,1,20,76,22,1,22,104,24,1
4YIJ,3452,B,212,ARG,C,7,27,8,0,10,45,11,0,13,56,15,1,19,72,18,1,21,87,22,1
4YIJ,3453,B,212,ARG,C,7,26,7,0,13,36,11,0,15,57,16,0,17,77,21,0,25,91,25,1
4YIJ,3454,B,212,ARG,N,7,30,8,0,12,39,11,0,15,55,17,0,19,74,23,0,22,95,26,1
4YIJ,3455,B,212,ARG,C,5,22,4,0,12,35,11,0,14,56,17,0,18,73,22,0,24,94,26,0
4YIJ,3456,B,212,ARG,N,5,20,7,0,8,33,12,0,14,50,17,0,18,75,21,0,25,94,28,0
4YIJ,3457,B,212,ARG,N,5,18,3,0,10,39,11,0,14,58,19,0,17,72,20,0,25,91,28,0
4YIJ,3458,B,212,ARG,H,8,39,10,0,13,54,13,1,19,67,19,1,21,95,23,1,25,115,28,1
4YIJ,3459,B,212,ARG,H,10,36,11,0,13,49,12,0,15,63,18,1,19,83,20,1,24,104,24,1
4YIJ,3460,B,212,ARG,H,8,29,8,0,9,38,9,0,11,50,13,0,15,62,16,1,20,78,21,1
4YIJ,3461,B,212,ARG,H,6,23,7,0,8,41,10,0,14,58,13,1,17,74,18,1,21,89,24,1
4YIJ,3462,B,212,ARG,H,5,25,6,0,8,29,7,0,13,44,16,0,16,69,17,0,22,84,22,1
4YIJ,3463,B,212,ARG,H,7,27,9,0,13,42,14,0,16,63,17,0,23,85,22,1,25,103,29,1
4YIJ,3464,B,212,ARG,HN,7,34,9,0,11,43,12,0,15,52,15,0,19,69,20,0,21,95,27,1
4YIJ,3465,B,212,ARG,HN,3,21,7,0,8,34,13,0,14,46,17,0,20,68,22,0,22,93,26,0
4YIJ,3466,B,212,ARG,HN,5,18,7,0,6,29,11,0,11,43,17,0,18,71,19,0,25,88,26,0
4YIJ,3467,B,212,ARG,HN,8,26,4,0,11,43,9,0,13,59,17,0,17,76,21,0,26,90,28,0
4YIJ,3468,B,212,ARG,HN,4,18,3,0,8,35,11,0,12,54,16,0,19,70,20,0,24,93,24,0
4YIJ,3469,B,213,GLY,N,10,47,12,1,14,56,14,1,18,76,17,1,24,108,21,1,33,131,26,1
4YIJ,3470,B,213,GLY,CA,8,48,11,1,12,62,15,1,19,83,17,1,30,111,23,1,37,137,30,1
4YIJ,3471,B,213,GLY,C,10,49,12,1,14,70,16,1,23,91,18,1,35,120,25,1,37,148,33,1
4YIJ,3472,B,213,GLY,O,10,50,13,0,17,70,16,1,25,92,19,1,33,125,24,1,39,152,36,1
4YIJ,3473,B,213,GLY,HN,10,41,11,1,12,55,14,1,19,84,18,1,24,107,23,1,31,134,27,1
4YIJ,3474,B,213,GLY,H,8,47,9,1,11,62,13,1,20,78,17,1,26,101,23,1,36,125,31,1
4YIJ,3475,B,213,GLY,H,8,48,8,1,12,68,14,1,19,89,18,1,29,116,25,1,41,142,36,1
4YIJ,3476,B,214,LEU,N,11,49,10,0,15,64,15,1,23,86,23,1,32,118,26,1,41,145,35,1
4YIJ,3477,B,214,LEU,CA,11,43,10,0,16,66,16,0,23,90,24,1,35,118,30,1,41,160,39,1
4YIJ,3478,B,214,LEU,C,11,50,11,0,17,76,16,0,24,93,25,1,30,121,30,1,43,158,40,2
4YIJ,3479,B,214,LEU,O,10,44,10,0,19,74,15,0,23,91,21,1,28,115,32,1,38,148,41,1
4YIJ,3480,B,214,LEU,HN,9,45,9,1,16,63,17,1,21,81,19,1,32,109,26,1,38,133,34,1
4YIJ,3481,B,214,LEU,H,11,37,12,0,20,64,15,0,25,93,22,1,31,128,30,1,42,164,38,1
4YIJ,3482,B,214,LEU,C,12,40,11,0,15,57,16,0,26,90,24,0,36,116,28,1,41,153,37,1
4YIJ,3483,B,214,LEU,C,11,33,10,0,18,53,13,0,25,78,21,0,31,116,27,1,39,149,36,1
4YIJ,3484,B,214,LEU,C,9,29,10,0,15,47,14,0,24,75,18,0,31,103,27,0,38,132,33,1
4YIJ,3485,B,214,LEU,C,13,32,10,0,18,51,16,0,26,78,21,0,32,124,29,0,39,157,37,1
4YIJ,3486,B,214,LEU,H,13,37,10,0,17,65,18,0,27,91,24,0,35,119,33,0,43,155,36,1
4YIJ,3487,B,214,LEU,H,9,38,10,0,16,60,15,0,21,79,24,0,32,106,29,1,39,142,33,1
4YIJ,3488,B,214,LEU,H,11,31,9,0,17,57,14,0,24,77,19,0,29,99,25,1,34,137,32,1
4YIJ,3489,B,214,LEU,H,8,28,10,0,16,47,12,0,23,74,17,0,28,96,24,0,36,117,31,0
4YIJ,3490,B,214,LEU,H,9,30,12,0,13,50,16,0,25,75,21,0,35,109,26,0,39,136,35,0
4YIJ,3491,B,214,LEU,H,9,26,12,0,13,45,13,0,20,72,19,0,30,96,26,0,37,126,31,1
4YIJ,3492,B,214,LEU,H,15,30,10,0,20,51,14,0,23,80,21,0,31,112,25,0,36,142,35,1
4YIJ,3493,B,214,LEU,H,14,38,12,0,20,51,15,0,25,84,20,0,31,128,26,0,39,161,39,1
4YIJ,3494,B,214,LEU,H,13,33,11,0,19,52,17,0,29,84,21,0,34,133,30,0,42,159,41,0
4YIJ,3495,B,215,ALA,N,12,56,10,0,16,76,15,0,19,96,24,0,32,125,30,2,44,178,42,2
4YIJ,3496,B,215,ALA,CA,10,59,11,0,14,78,18,0,22,93,25,1,30,135,30,2,44,192,38,2
4YIJ,3497,B,215,ALA,C,10,54,11,0,14,75,15,1,21,100,23,1,29,146,30,1,48,188,41,2
4YIJ,3498,B,215,ALA,O,10,47,9,0,15,71,13,1,23,112,19,1,28,138,34,1,43,175,44,1
4YIJ,3499,B,215,ALA,HN,11,48,12,0,16,74,14,0,22,101,25,0,31,138,32,2,43,179,42,2
4YIJ,3500,B,215,ALA,H,9,54,12,0,15,73,18,0,23,100,24,1,36,132,31,1,42,179,36,2
4YIJ,3501,B,215,ALA,C,11,51,9,0,14,74,15,0,21,103,24,1,30,136,31,2,42,191,37,2
4YIJ,3502,B,215,ALA,H,10,51,10,0,13,69,15,0,21,112,23,1,32,145,33,2,40,186,38,2
4YIJ,3503,B,215,ALA,H,13,55,10,0,14,70,15,0,18,103,24,1,30,146,29,2,45,189,42,2
4YIJ,3504,B,215,ALA,H,10,49,8,0,17,77,12,1,21,105,23,1,28,133,32,1,42,175,41,2
4YIJ,3505,B,216,TYR,N,10,48,11,1,14,67,15,1,20,107,20,1,31,137,31,1,44,171,39,1
4YIJ,3506,B,216,TYR,CA,12,48,9,1,15,70,14,1,22,102,21,1,31,135,29,1,39,176,40,1
4YIJ,3507,B,216,TYR,C,10,53,8,1,17,69,15,1,22,96,21,1,27,138,28,1,38,177,38,2
4YIJ,3508,B,216,TYR,O,8,42,9,1,17,74,14,1,22,103,20,1,29,136,26,1,40,168,41,1
4YIJ,3509,B,216,TYR,HN,10,44,11,1,12,69,18,1,23,97,21,1,33,138,26,1,45,174,40,1
4YIJ,3510,B,216,TYR,H,11,48,10,1,16,72,13,1,23,96,21,1,26,136,30,1,44,181,41,2
4YIJ,3511,B,216,TYR,C,12,42,9,1,16,70,13,1,21,99,23,1,32,131,29,1,38,160,38,1
4YIJ,3512,B,216,TYR,C,10,42,9,1,16,67,15,1,22,101,24,1,31,125,29,1,40,154,44,1
4YIJ,3513,B,216,TYR,C,12,43,8,1,18,74,17,1,22,100,24,1,30,122,33,1,40,160,43,1
4YIJ,3514,B,216,TYR,C,11,43,10,1,15,63,18,1,22,89,22,1,32,125,29,1,40,159,42,1
4YIJ,3515,B,216,TYR,C,12,43,11,1,16,67,17,1,24,90,22,1,30,122,33,1,40,160,44,1
4YIJ,3516,B,216,TYR,C,12,45,14,1,17,58,16,1,21,84,21,1,32,116,30,1,44,162,43,1
4YIJ,3517,B,216,TYR,C,11,45,11,1,16,63,16,1,23,85,23,1,30,120,30,1,40,159,46,1
4YIJ,3518,B,216,TYR,OH,10,42,11,1,17,58,17,1,24,82,25,1,31,108,30,1,40,151,42,1
4YIJ,3519,B,216,TYR,H,11,44,9,1,16,68,17,1,21,98,22,1,29,123,29,1,39,160,41,2
4YIJ,3520,B,216,TYR,H,10,43,9,1,17,65,13,1,22,99,19,1,30,124,31,1,39,155,38,1
4YIJ,3521,B,216,TYR,H,10,47,10,1,19,72,16,1,23,99,25,1,30,125,35,1,39,162,42,1
4YIJ,3522,B,216,TYR,H,9,38,11,1,15,64,15,1,22,91,20,1,35,120,27,1,43,167,41,1
4YIJ,3523,B,216,TYR,H,11,41,10,1,17,63,15,1,22,94,25,1,32,130,38,1,43,158,44,1
4YIJ,3524,B,216,TYR,H,10,41,12,0,18,58,18,1,21,79,22,1,29,111,32,1,45,153,39,1
4YIJ,3525,B,216,TYR,HO,12,41,13,0,18,56,17,1,21,80,26,1,31,108,33,1,40,150,38,1
4YIJ,3526,B,217,ILE,N,13,48,8,1,15,69,15,1,18,103,21,1,32,143,31,2,39,181,39,2
4YIJ,3527,B,217,ILE,CA,10,49,8,1,14,68,12,1,21,105,23,2,31,140,33,2,40,183,42,2
4YIJ,3528,B,217,ILE,C,11,47,8,1,14,70,16,2,22,96,20,2,28,130,32,2,35,174,41,2
4YIJ,3529,B,217,ILE,O,10,42,9,2,15,63,13,2,23,95,21,2,24,134,30,2,37,172,42,2
4YIJ,3530,B,217,ILE,HN,11,47,10,1,14,71,15,1,19,99,21,2,30,146,30,2,39,185,43,2
4YIJ,3531,B,217,ILE,H,10,45,8,0,13,75,12,1,21,104,22,1,32,139,32,2,40,186,43,2
4YIJ,3532,B,217,ILE,C,10,48,6,0,15,74,14,1,21,98,25,2,30,138,34,2,45,194,44,2
4YIJ,3533,B,217,ILE,C,13,46,9,0,16,76,14,0,21,104,24,1,28,142,33,2,45,197,49,3
4YIJ,3534,B,217,ILE,C,7,43,6,0,14,72,11,0,26,106,27,2,33,134,33,2,46,196,48,2
4YIJ,3535,B,217,ILE,C,10,44,11,0,17,70,14,0,22,110,20,0,32,153,34,2,41,189,42,2
4YIJ,3536,B,217,ILE,H,7,40,8,0,15,72,14,2,20,107,24,2,32,142,31,2,45,185,49,2
4YIJ,3537,B,217,ILE,H,11,46,10,0,18,68,13,0,20,103,25,0,33,149,33,2,47,196,45,3
4YIJ,3538,B,217,ILE,H,12,48,11,0,16,78,16,1,23,106,21,1,29,140,31,1,40,188,45,3
4YIJ,3539,B,217,ILE,H,7,41,5,0,14,75,17,0,26,106,25,1,38,134,35,2,51,185,48,2
4YIJ,3540,B,217,ILE,H,8,43,5,0,12,72,13,0,24,102,25,0,34,140,35,2,47,186,47,2
4YIJ,3541,B,217,ILE,H,8,47,7,0,14,69,14,1,19,102,21,2,35,135,36,2,48,176,45,2
4YIJ,3542,B,217,ILE,H,11,45,11,0,17,70,15,0,21,108,23,1,32,150,32,2,43,191,40,2
4YIJ,3543,B,217,ILE,H,10,42,10,0,14,76,13,0,22,111,22,1,29,151,32,2,42,181,44,2
4YIJ,3544,B,217,ILE,H,6,43,8,0,16,67,16,0,25,108,23,0,31,151,31,2,43,194,47,2
4YIJ,3545,B,218,TYR,N,13,44,10,1,15,68,17,1,17,89,22,2,29,120,29,2,35,159,41,2
4YIJ,3546,B,218,TYR,CA,11,43,11,0,14,58,14,2,19,85,24,2,25,112,27,2,36,142,34,2
4YIJ,3547,B,218,TYR,C,10,44,13,0,15,62,15,1,20,80,23,2,29,108,28,2,32,139,36,2
4YIJ,3548,B,218,TYR,O,11,41,11,0,15,66,16,0,23,89,22,1,27,111,29,2,31,146,37,2
4YIJ,3549,B,218,TYR,HN,12,45,11,0,15,70,18,1,21,95,22,2,27,119,27,2,36,161,40,2
4YIJ,3550,B,218,TYR,H,9,37,11,2,15,58,15,2,18,87,21,2,23,112,29,2,37,146,38,2
4YIJ,3551,B,218,TYR,C,12,41,12,0,14,57,16,1,19,72,21,2,25,100,28,2,31,128,32,2
4YIJ,3552,B,218,TYR,C,11,38,12,1,15,56,18,1,20,73,22,1,24,99,25,2,29,126,32,2
4YIJ,3553,B,218,TYR,C,13,38,11,1,17,56,18,1,23,79,22,1,26,105,25,1,31,140,32,2
4YIJ,3554,B,218,TYR,C,7,29,12,1,13,47,14,1,18,69,20,1,23,98,26,2,29,119,31,2
4YIJ,3555,B,218,TYR,C,10,36,11,1,18,55,16,1,20,76,20,1,26,103,26,1,32,135,33,1
4YIJ,3556,B,218,TYR,C,8,26,10,1,13,44,13,1,19,69,19,1,24,92,23,1,29,122,30,2
4YIJ,3557,B,218,TYR,C,9,30,11,1,14,48,14,1,19,73,18,1,27,96,26,1,32,131,33,2
4YIJ,3558,B,218,TYR,OH,7,28,7,1,11,46,13,1,19,67,19,1,27,95,24,1,33,119,34,1
4YIJ,3559,B,218,TYR,H,12,36,12,0,13,53,13,1,17,66,22,2,22,94,27,2,31,122,33,2
4YIJ,3560,B,218,TYR,H,13,42,13,0,15,58,17,0,20,75,22,1,23,98,27,2,29,122,32,2
4YIJ,3561,B,218,TYR,H,13,41,13,1,17,60,18,1,23,84,21,1,28,116,27,1,34,149,34,2
4YIJ,3562,B,218,TYR,H,8,23,10,1,11,42,16,1,17,65,18,2,25,94,23,2,28,115,31,2
4YIJ,3563,B,218,TYR,H,10,38,10,1,16,60,14,1,22,80,20,1,25,110,27,1,34,144,36,1
4YIJ,3564,B,218,TYR,H,6,21,7,1,11,38,15,1,17,69,16,1,22,88,22,1,28,109,29,2
4YIJ,3565,B,218,TYR,HO,4,25,5,1,10,43,11,1,18,61,15,1,25,86,23,1,30,115,33,1
4YIJ,3566,B,219,ALA,N,10,54,12,1,15,66,16,1,19,77,22,2,27,109,29,2,35,148,35,2
4YIJ,3567,B,219,ALA,CA,12,49,14,1,14,63,16,1,20,76,23,1,24,100,29,1,35,141,34,2
4YIJ,3568,B,219,ALA,C,12,37,10,1,14,58,18,1,17,71,21,1,25,87,26,1,29,110,34,2
4YIJ,3569,B,219,ALA,O,11,31,10,1,13,49,16,1,19,76,19,1,26,92,27,1,32,118,35,2
4YIJ,3570,B,219,ALA,HN,9,47,11,1,12,62,17,1,21,81,23,2,29,111,28,2,32,145,37,2
4YIJ,3571,B,219,ALA,H,11,46,13,0,13,60,17,1,20,77,22,1,24,105,29,1,30,135,33,2
4YIJ,3572,B,219,ALA,C,14,45,11,1,15,59,17,1,18,85,24,1,28,115,29,1,35,149,34,2
4YIJ,3573,B,219,ALA,H,13,40,13,1,16,55,15,1,19,79,24,1,25,109,28,1,33,138,34,1
4YIJ,3574,B,219,ALA,H,9,41,10,1,18,60,19,1,23,86,25,1,28,124,29,2,38,154,39,2
4YIJ,3575,B,219,ALA,H,12,40,8,1,17,62,19,1,20,93,26,1,27,122,28,1,36,155,34,2
4YIJ,3576,B,220,ASP,N,10,34,10,0,13,49,15,1,16,63,17,1,21,79,21,1,28,99,26,1
4YIJ,3577,B,220,ASP,CA,8,29,6,0,12,38,12,0,14,51,17,1,17,74,20,1,24,85,23,1
4YIJ,3578,B,220,ASP,C,7,24,6,0,12,38,7,0,14,53,17,1,17,71,20,1,24,88,23,1
4YIJ,3579,B,220,ASP,O,6,16,5,0,9,28,9,0,14,46,12,0,18,63,19,1,22,84,21,1
4YIJ,3580,B,220,ASP,HN,10,36,12,0,12,52,16,0,17,60,16,1,23,80,20,1,25,107,26,1
4YIJ,3581,B,220,ASP,H,8,29,8,0,10,38,12,0,14,48,14,0,17,63,17,1,21,80,22,1
4YIJ,3582,B,220,ASP,C,8,24,8,0,10,34,11,0,16,46,15,1,18,67,19,1,26,84,24,1
4YIJ,3583,B,220,ASP,C,8,23,6,0,10,32,9,0,13,46,13,0,17,58,19,1,21,73,23,1
4YIJ,3584,B,220,ASP,O,7,23,7,0,11,35,11,0,14,47,14,0,16,57,18,1,23,71,22,1
4YIJ,3585,B,220,ASP,O,5,18,5,0,9,27,7,0,12,37,10,0,15,50,18,0,21,66,20,1
4YIJ,3586,B,220,ASP,H,6,21,4,0,10,28,11,0,12,38,13,0,17,57,17,1,25,78,21,1
4YIJ,3587,B,220,ASP,H,7,24,8,0,10,35,11,1,17,53,16,1,24,75,20,1,27,93,26,1
4YIJ,3588,B,221,GLY,N,10,34,9,0,12,48,12,0,13,61,16,1,17,72,22,1,25,93,29,2
4YIJ,3589,B,221,GLY,CA,7,31,8,0,10,43,12,0,12,52,15,0,17,71,20,2,26,93,29,2
4YIJ,3590,B,221,GLY,C,7,29,7,0,9,38,13,0,14,60,15,2,20,74,22,2,27,107,27,2
4YIJ,3591,B,221,GLY,O,5,28,7,0,10,39,9,0,12,49,15,1,20,72,20,2,24,104,28,2
4YIJ,3592,B,221,GLY,HN,10,37,12,0,12,52,12,0,16,62,18,1,19,81,23,1,25,103,30,2
4YIJ,3593,B,221,GLY,H,8,33,9,0,10,43,11,0,13,57,17,0,18,74,22,2,28,101,28,2
4YIJ,3594,B,221,GLY,H,6,25,8,0,8,35,9,0,12,48,13,0,14,61,17,0,20,77,24,2
4YIJ,3595,B,222,LYS,N,7,26,9,0,9,40,13,1,18,64,16,2,23,86,24,2,26,116,31,2
4YIJ,3596,B,222,LYS,CA,8,33,9,1,13,45,12,2,15,61,21,2,22,94,26,2,29,118,32,2
4YIJ,3597,B,222,LYS,C,10,34,9,2,14,52,15,2,17,78,21,2,20,101,26,2,33,138,34,2
4YIJ,3598,B,222,LYS,O,9,35,10,2,14,54,17,2,18,83,21,2,26,112,28,2,34,140,37,2
4YIJ,3599,B,222,LYS,HN,6,25,11,1,10,42,14,1,19,68,16,2,24,90,26,2,27,115,33,2
4YIJ,3600,B,222,LYS,H,8,33,8,1,13,50,10,2,15,61,18,2,19,86,26,2,23,112,30,2
4YIJ,3601,B,222,LYS,C,8,30,6,1,11,46,16,1,16,67,21,2,24,87,28,2,29,124,34,2
4YIJ,3602,B,222,LYS,C,8,23,8,1,9,39,14,1,14,59,18,1,23,84,24,1,29,115,31,2
4YIJ,3603,B,222,LYS,C,9,26,10,1,11,36,15,1,14,60,21,1,22,85,25,1,34,115,32,1
4YIJ,3604,B,222,LYS,C,7,23,9,0,12,34,13,1,13,50,19,1,19,72,22,1,31,98,26,1
4YIJ,3605,B,222,LYS,N,8,25,10,0,10,36,14,1,14,54,19,1,21,73,22,1,30,100,27,2
4YIJ,3606,B,222,LYS,H,9,36,9,1,15,58,14,1,17,72,22,2,22,92,27,2,31,124,32,2
4YIJ,3607,B,222,LYS,H,9,32,9,1,11,45,16,1,17,72,20,1,27,97,31,2,32,140,37,2
4YIJ,3608,B,222,LYS,H,7,18,9,1,9,33,13,1,15,51,18,1,22,79,21,1,28,112,31,2
4YIJ,3609,B,222,LYS,H,8,22,8,0,10,40,12,1,14,55,16,1,17,76,23,1,29,96,28,2
4YIJ,3610,B,222,LYS,H,7,27,11,1,12,44,15,1,16,64,19,1,26,91,28,1,30,115,33,2
4YIJ,3611,B,222,LYS,H,8,26,11,1,12,38,15,1,17,61,19,1,25,89,28,1,35,125,33,1
4YIJ,3612,B,222,LYS,H,7,21,9,0,11,31,11,1,15,42,18,1,18,66,22,1,28,96,26,1
4YIJ,3613,B,222,LYS,H,7,24,8,0,11,32,10,0,13,46,17,1,18,66,21,1,25,87,24,1
4YIJ,3614,B,222,LYS,HN,9,24,8,0,9,35,14,0,14,47,16,1,19,68,22,1,28,89,25,2
4YIJ,3615,B,222,LYS,HN,7,28,11,0,10,41,13,1,17,59,17,1,23,76,23,1,28,106,30,2
4YIJ,3616,B,222,LYS,HN,7,24,10,0,10,35,14,1,17,58,19,1,24,78,23,2,30,104,28,2
4YIJ,3617,B,223,MET,N,10,41,11,1,15,58,15,1,19,76,21,1,21,110,25,1,34,146,33,1
4YIJ,3618,B,223,MET,CA,9,42,11,1,14,59,14,1,20,87,20,1,25,121,26,1,31,159,36,1
4YIJ,3619,B,223,MET,C,10,43,11,1,13,66,15,1,19,88,20,1,26,128,28,1,35,168,38,1
4YIJ,3620,B,223,MET,O,10,43,12,1,15,69,13,1,17,96,17,1,28,124,30,1,34,161,39,1
4YIJ,3621,B,223,MET,HN,10,42,8,1,15,59,14,1,18,75,20,1,21,96,24,1,29,134,31,1
4YIJ,3622,B,223,MET,H,9,40,11,1,14,58,15,1,19,89,21,1,25,122,29,1,36,160,33,1
4YIJ,3623,B,223,MET,C,10,39,11,0,16,61,15,1,18,86,20,1,28,121,26,1,32,154,30,1
4YIJ,3624,B,223,MET,C,11,42,8,0,13,61,18,0,19,91,20,1,29,125,25,1,36,163,35,1
4YIJ,3625,B,223,MET,S,11,43,12,0,13,66,15,0,23,98,20,0,30,125,27,1,37,162,37,1
4YIJ,3626,B,223,MET,C,9,41,8,0,16,56,15,0,18,79,20,0,26,111,26,0,37,155,36,1
4YIJ,3627,B,223,MET,H,9,42,10,0,14,63,12,1,21,93,19,1,25,118,25,1,34,145,31,1
4YIJ,3628,B,223,MET,H,10,41,10,0,15,59,16,0,18,83,19,1,25,106,25,1,33,143,29,1
4YIJ,3629,B,223,MET,H,10,49,10,0,14,66,16,0,18,89,22,1,28,121,25,1,36,160,37,1
4YIJ,3630,B,223,MET,H,9,47,10,0,13,63,16,1,18,94,22,1,30,130,27,1,35,172,39,1
4YIJ,3631,B,223,MET,H,9,41,5,0,14,54,14,0,19,75,23,0,25,105,26,0,34,150,32,0
4YIJ,3632,B,223,MET,H,8,37,7,0,16,52,15,0,17,73,17,0,26,104,24,0,32,151,31,1
4YIJ,3633,B,223,MET,H,11,41,8,0,13,58,13,0,18,75,20,0,28,114,27,0,35,146,36,0
4YIJ,3634,B,224,VAL,N,10,48,10,2,11,67,15,2,18,92,21,2,29,127,28,2,40,180,39,2
4YIJ,3635,B,224,VAL,CA,9,47,8,2,13,67,17,2,19,96,23,2,28,134,30,2,42,182,43,2
4YIJ,3636,B,224,VAL,C,9,39,8,2,12,68,15,2,21,107,25,2,28,141,32,2,46,182,47,2
4YIJ,3637,B,224,VAL,O,8,40,10,2,13,69,15,2,19,108,21,2,33,142,36,2,44,181,48,2
4YIJ,3638,B,224,VAL,HN,9,45,9,2,14,60,15,2,17,93,22,2,27,134,29,2,38,171,41,2
4YIJ,3639,B,224,VAL,H,8,48,10,2,16,65,16,2,20,94,21,2,29,135,32,2,40,173,42,2
4YIJ,3640,B,224,VAL,C,10,47,8,2,13,66,14,2,22,97,24,2,30,134,35,2,43,181,45,2
4YIJ,3641,B,224,VAL,C,12,44,8,1,16,69,16,1,21,93,26,2,32,134,36,2,47,182,48,2
4YIJ,3642,B,224,VAL,C,7,46,8,1,16,66,14,2,21,99,22,2,32,130,32,2,41,172,49,2
4YIJ,3643,B,224,VAL,H,9,42,9,2,15,72,15,2,22,100,25,2,31,143,35,2,42,186,47,2
4YIJ,3644,B,224,VAL,H,8,43,9,1,17,69,18,1,24,102,27,2,33,132,40,2,46,188,46,2
4YIJ,3645,B,224,VAL,H,8,46,10,1,16,65,16,1,23,96,26,2,33,130,32,2,45,182,46,2
4YIJ,3646,B,224,VAL,H,8,46,10,1,18,69,16,2,23,95,25,2,37,134,40,2,47,187,49,2
4YIJ,3647,B,224,VAL,H,7,41,9,1,15,66,15,1,26,96,21,2,33,135,33,2,46,182,49,2
4YIJ,3648,B,224,VAL,H,8,41,10,1,15,72,13,2,21,94,19,2,30,125,30,2,39,173,47,2
4YIJ,3649,B,224,VAL,H,10,44,9,1,15,65,15,1,21,96,22,2,30,131,37,2,43,169,44,2
4YIJ,3650,B,225,ASN,N,8,47,8,2,12,73,14,2,18,101,21,2,29,139,36,2,45,190,43,2
4YIJ,3651,B,225,ASN,CA,9,48,10,1,14,72,16,2,19,101,25,2,29,142,31,2,47,184,46,2
4YIJ,3652,B,225,ASN,C,7,42,8,1,12,67,16,2,21,103,25,2,33,148,30,2,43,192,42,2
4YIJ,3653,B,225,ASN,O,7,46,11,1,14,64,17,1,22,105,26,2,32,149,34,2,45,187,48,2
4YIJ,3654,B,225,ASN,HN,9,48,8,2,12,70,13,2,16,98,22,2,26,133,31,2,42,188,44,2
4YIJ,3655,B,225,ASN,H,8,47,11,1,16,73,17,2,21,97,23,2,31,146,35,2,44,185,48,2
4YIJ,3656,B,225,ASN,C,10,53,8,1,13,73,14,1,20,102,26,2,32,134,32,2,41,180,45,2
4YIJ,3657,B,225,ASN,C,10,51,7,1,14,72,14,1,19,101,21,1,29,134,32,2,41,182,45,2
4YIJ,3658,B,225,ASN,O,9,47,7,1,15,70,14,1,20,101,19,2,28,141,29,2,40,180,44,2
4YIJ,3659,B,225,ASN,N,10,52,8,1,11,72,13,1,21,98,24,1,32,142,31,1,42,189,47,2
4YIJ,3660,B,225,ASN,H,11,49,10,1,14,77,16,1,23,105,23,1,31,133,35,2,44,184,46,2
4YIJ,3661,B,225,ASN,H,11,55,10,1,15,79,13,1,20,101,25,1,29,130,34,2,43,176,42,2
4YIJ,3662,B,225,ASN,HN,9,46,9,1,11,68,15,1,24,97,25,1,36,150,32,1,43,187,47,1
4YIJ,3663,B,225,ASN,HN,10,47,8,1,13,71,15,1,21,103,21,1,32,140,31,1,40,185,42,2
4YIJ,3664,B,226,GLU,N,9,40,7,1,10,65,15,2,21,104,21,2,34,142,29,2,45,178,39,2
4YIJ,3665,B,226,GLU,CA,9,43,9,1,15,62,15,1,18,100,20,2,36,138,26,2,44,178,39,2
4YIJ,3666,B,226,GLU,C,9,49,9,1,16,65,15,2,21,87,18,2,32,137,29,2,47,180,39,2
4YIJ,3667,B,226,GLU,O,11,46,12,1,17,66,13,1,25,94,18,2,35,129,32,2,41,169,41,2
4YIJ,3668,B,226,GLU,HN,8,43,8,1,11,72,11,2,21,107,20,2,30,129,29,2,45,175,38,2
4YIJ,3669,B,226,GLU,H,11,41,10,1,15,64,16,1,21,101,24,1,34,140,26,2,45,172,39,2
4YIJ,3670,B,226,GLU,C,9,42,8,1,12,68,12,1,22,89,18,2,29,126,26,2,41,164,33,2
4YIJ,3671,B,226,GLU,C,11,48,7,1,15,62,11,1,21,81,20,1,28,111,24,2,41,149,29,2
4YIJ,3672,B,226,GLU,C,6,34,4,1,11,54,8,1,22,78,15,1,27,96,23,2,35,132,28,2
4YIJ,3673,B,226,GLU,O,6,35,4,1,9,55,8,1,18,74,13,1,28,98,21,2,35,126,29,2
4YIJ,3674,B,226,GLU,O,6,28,3,1,10,48,8,1,19,71,12,1,25,88,22,1,35,114,26,2
4YIJ,3675,B,226,GLU,H,9,44,8,1,13,72,12,2,21,92,15,2,28,116,24,2,38,159,32,2
4YIJ,3676,B,226,GLU,H,9,39,7,1,15,66,12,1,22,98,18,1,32,126,24,2,35,157,35,2
4YIJ,3677,B,226,GLU,H,12,43,5,1,15,63,13,1,22,85,18,1,29,109,24,1,37,154,33,2
4YIJ,3678,B,226,GLU,H,10,49,8,1,16,59,13,1,20,79,18,2,33,111,25,2,40,147,30,2
4YIJ,3679,B,227,ALA,N,10,48,12,2,12,73,14,2,23,93,21,2,30,137,32,2,42,180,41,2
4YIJ,3680,B,227,ALA,CA,11,50,11,1,13,72,17,2,21,97,24,2,31,128,31,2,42,166,41,2
4YIJ,3681,B,227,ALA,C,12,49,11,1,15,70,14,1,20,101,27,2,31,130,32,2,48,162,44,2
4YIJ,3682,B,227,ALA,O,12,51,11,1,17,74,16,1,22,96,22,1,33,128,36,2,46,164,44,2
4YIJ,3683,B,227,ALA,HN,9,47,12,2,14,67,13,2,19,99,22,2,27,138,31,2,42,175,41,2
4YIJ,3684,B,227,ALA,H,12,50,12,1,17,74,17,2,23,93,22,2,30,121,27,2,40,154,38,2
4YIJ,3685,B,227,ALA,C,12,53,10,1,13,72,17,2,22,97,24,2,30,129,30,2,42,165,41,2
4YIJ,3686,B,227,ALA,H,12,52,12,1,14,73,15,1,21,94,26,2,34,127,33,2,42,166,41,3
4YIJ,3687,B,227,ALA,H,11,46,9,1,13,70,16,2,22,97,25,2,30,136,31,2,41,173,43,2
4YIJ,3688,B,227,ALA,H,12,49,10,1,16,70,16,2,22,97,23,2,30,127,29,2,41,161,39,2
4YIJ,3689,B,228,LEU,N,11,49,9,1,14,73,18,1,18,97,27,2,32,124,34,2,45,173,50,2
4YIJ,3690,B,228,LEU,CA,10,48,14,0,13,68,17,1,22,94,25,1,32,128,38,2,44,177,50,2
4YIJ,3691,B,228,LEU,C,10,43,13,0,14,68,18,0,21,98,24,1,34,141,35,2,47,183,50,2
4YIJ,3692,B,228,LEU,O,10,40,11,0,15,65,17,0,22,99,27,0,36,145,31,1,52,185,50,2
4YIJ,3693,B,228,LEU,HN,8,45,10,1,16,75,18,2,18,98,24,2,33,127,33,2,49,175,45,2
4YIJ,3694,B,228,LEU,H,11,45,16,1,16,64,19,1,21,90,23,1,33,132,37,1,45,174,49,2
4YIJ,3695,B,228,LEU,C,10,47,12,0,16,72,18,1,23,94,28,2,33,128,39,2,47,178,51,2
4YIJ,3696,B,228,LEU,C,10,53,11,1,18,71,19,1,25,91,31,1,35,129,40,2,47,178,50,2
4YIJ,3697,B,228,LEU,C,10,46,12,0,19,66,22,1,28,96,30,2,38,129,40,2,49,181,48,2
4YIJ,3698,B,228,LEU,C,11,47,11,0,19,69,20,1,26,93,32,1,36,125,40,1,44,163,49,2
4YIJ,3699,B,228,LEU,H,12,46,14,0,19,68,16,0,24,95,28,1,36,139,40,2,44,180,52,2
4YIJ,3700,B,228,LEU,H,11,42,13,0,17,72,18,1,23,99,27,2,36,134,39,2,44,178,49,2
4YIJ,3701,B,228,LEU,H,9,55,12,1,18,67,18,1,24,95,26,2,32,129,41,2,45,172,50,2
4YIJ,3702,B,228,LEU,H,12,44,11,1,18,71,21,1,28,96,28,1,39,129,40,2,47,176,50,2
4YIJ,3703,B,228,LEU,H,11,46,15,0,21,63,20,0,30,94,34,1,37,131,41,2,46,175,48,2
4YIJ,3704,B,228,LEU,H,9,44,13,0,19,68,22,2,25,98,28,2,36,136,36,2,45,173,50,2
4YIJ,3705,B,228,LEU,H,12,44,13,1,15,65,18,1,25,93,31,1,35,122,38,1,42,164,48,1
4YIJ,3706,B,228,LEU,H,12,43,11,0,18,65,22,1,24,94,29,1,30,125,36,1,44,163,49,1
4YIJ,3707,B,228,LEU,H,9,42,13,0,17,73,18,0,27,98,30,1,37,125,40,1,45,160,48,1
4YIJ,3708,B,229,VAL,N,11,50,13,0,13,69,19,0,24,97,28,2,36,141,35,2,48,189,49,2
4YIJ,3709,B,229,VAL,CA,12,53,13,0,18,70,18,0,25,101,28,0,32,139,37,1,47,183,45,2
4YIJ,3710,B,229,VAL,C,15,45,11,0,20,74,21,0,26,106,29,0,36,138,34,0,47,178,45,2
4YIJ,3711,B,229,VAL,O,16,45,14,0,19,72,20,0,30,109,26,0,35,141,37,0,44,171,45,0
4YIJ,3712,B,229,VAL,HN,10,50,11,0,15,75,18,1,21,96,27,2,33,135,37,2,47,185,47,2
4YIJ,3713,B,229,VAL,H,12,53,14,0,16,75,20,0,26,100,25,0,34,144,34,0,43,182,49,2
4YIJ,3714,B,229,VAL,C,14,46,13,0,20,73,18,0,27,94,31,1,31,141,37,1,45,181,43,2
4YIJ,3715,B,229,VAL,C,16,46,16,0,21,67,18,0,28,100,29,0,32,133,36,1,43,170,41,1
4YIJ,3716,B,229,VAL,C,16,51,12,0,21,71,20,0,23,92,31,1,32,142,36,1,45,183,43,1
4YIJ,3717,B,229,VAL,H,14,46,13,0,18,68,21,1,28,100,29,1,35,138,35,1,41,183,44,2
4YIJ,3718,B,229,VAL,H,10,41,15,0,22,66,20,0,30,100,24,1,34,134,36,1,41,165,41,1
4YIJ,3719,B,229,VAL,H,14,47,14,0,22,71,19,0,26,101,27,0,35,135,35,0,45,160,43,1
4YIJ,3720,B,229,VAL,H,17,46,14,0,22,69,17,0,25,100,27,0,32,132,36,1,46,172,44,1
4YIJ,3721,B,229,VAL,H,14,46,12,0,19,65,22,1,28,104,31,1,35,136,35,1,46,181,45,1
4YIJ,3722,B,229,VAL,H,12,45,12,0,19,68,19,1,24,102,30,1,30,141,37,1,45,184,46,2
4YIJ,3723,B,229,VAL,H,13,47,13,0,19,73,22,0,26,97,29,0,35,135,36,1,47,181,44,1
4YIJ,3724,B,230,ARG,N,11,40,12,0,16,74,18,0,26,100,28,0,33,139,35,2,45,171,44,2
4YIJ,3725,B,230,ARG,CA,10,45,12,0,19,62,20,0,26,96,29,0,35,132,33,0,42,169,41,2
4YIJ,3726,B,230,ARG,C,11,40,14,0,18,63,19,0,25,92,22,0,35,129,35,0,42,169,45,1
4YIJ,3727,B,230,ARG,O,12,44,13,0,21,63,17,0,29,92,23,0,33,129,35,0,46,172,49,0
4YIJ,3728,B,230,ARG,HN,9,45,13,0,15,70,19,0,26,94,23,1,32,133,35,2,41,171,46,2
4YIJ,3729,B,230,ARG,H,12,43,13,0,17,61,20,0,27,94,27,0,36,131,32,0,40,169,38,1
4YIJ,3730,B,230,ARG,C,13,42,11,0,18,57,22,0,26,90,26,0,33,125,32,1,43,159,38,2
4YIJ,3731,B,230,ARG,C,13,37,11,0,18,56,17,0,24,83,24,0,32,109,34,0,44,151,38,1
4YIJ,3732,B,230,ARG,C,10,33,8,0,17,53,19,0,23,75,24,0,32,108,28,0,37,135,42,0
4YIJ,3733,B,230,ARG,N,9,26,8,0,14,40,12,0,21,71,21,0,29,104,29,0,39,131,41,0
4YIJ,3734,B,230,ARG,C,7,27,7,0,14,44,14,0,21,72,22,0,32,102,33,0,42,139,44,0
4YIJ,3735,B,230,ARG,N,10,37,8,0,16,51,15,0,21,77,24,0,35,106,35,0,47,144,45,0
4YIJ,3736,B,230,ARG,N,7,23,7,0,11,43,13,0,19,66,19,0,29,93,28,0,40,132,44,0
4YIJ,3737,B,230,ARG,H,13,39,12,0,18,60,18,0,23,91,26,1,33,123,32,2,38,160,37,2
4YIJ,3738,B,230,ARG,H,12,40,12,0,20,62,18,0,26,89,25,0,33,119,31,2,38,150,39,2
4YIJ,3739,B,230,ARG,H,10,37,12,0,17,58,14,0,23,83,23,0,34,110,35,0,44,156,42,1
4YIJ,3740,B,230,ARG,H,10,34,10,0,18,56,16,0,23,74,24,0,30,105,30,0,40,144,38,1
4YIJ,3741,B,230,ARG,H,12,33,11,0,17,58,17,0,22,76,24,0,30,95,27,0,34,126,34,0
4YIJ,3742,B,230,ARG,H,12,36,10,0,15,54,18,0,25,83,23,0,32,110,30,0,36,141,39,0
4YIJ,3743,B,230,ARG,HN,9,21,7,0,13,39,12,0,18,65,18,0,29,96,30,0,36,126,37,0
4YIJ,3744,B,230,ARG,HN,11,40,9,0,17,59,18,0,26,81,23,0,34,116,35,0,46,150,46,0
4YIJ,3745,B,230,ARG,HN,11,28,10,0,15,56,17,0,22,79,28,0,33,106,34,0,46,136,41,0
4YIJ,3746,B,230,ARG,HN,7,19,6,0,12,34,12,0,17,59,18,0,27,94,28,0,38,125,42,0
4YIJ,3747,B,230,ARG,HN,8,19,8,0,13,46,16,0,23,69,21,0,29,94,31,0,37,124,44,0
4YIJ,3748,B,231,GLN,N,12,44,9,0,19,71,15,0,29,92,22,0,32,126,29,1,49,181,46,1
4YIJ,3749,B,231,GLN,CA,10,40,9,0,20,66,15,0,26,97,23,0,36,136,33,1,47,176,47,1
4YIJ,3750,B,231,GLN,C,13,37,10,0,16,66,16,0,25,106,22,0,33,139,30,0,46,174,46,1
4YIJ,3751,B,231,GLN,O,12,38,11,0,16,66,15,0,23,100,25,0,33,135,31,0,46,173,42,0
4YIJ,3752,B,231,GLN,HN,10,46,11,0,18,71,13,0,25,91,22,1,33,129,36,1,47,180,47,2
4YIJ,3753,B,231,GLN,H,13,37,9,0,19,64,17,0,27,99,24,0,37,133,32,0,48,170,45,1
4YIJ,3754,B,231,GLN,C,10,46,8,0,15,61,14,0,25,91,23,1,34,129,35,1,47,175,45,2
4YIJ,3755,B,231,GLN,C,13,45,9,0,17,59,14,1,21,82,26,1,35,128,34,2,45,175,42,2
4YIJ,3756,B,231,GLN,C,10,41,8,0,17,56,14,1,25,83,26,2,32,128,31,2,44,175,41,2
4YIJ,3757,B,231,GLN,O,10,36,9,0,13,60,16,1,25,94,24,2,33,127,31,2,42,163,44,2
4YIJ,3758,B,231,GLN,N,8,35,7,1,16,54,15,2,25,86,21,2,32,128,32,2,43,169,40,2
4YIJ,3759,B,231,GLN,H,7,37,9,0,14,60,15,0,25,95,23,0,33,128,32,2,46,175,43,2
4YIJ,3760,B,231,GLN,H,8,41,10,0,13,67,16,0,23,93,24,1,34,129,34,1,44,177,45,2
4YIJ,3761,B,231,GLN,H,11,45,9,1,15,61,15,1,24,86,22,1,33,126,32,2,45,169,47,2
4YIJ,3762,B,231,GLN,H,15,42,10,0,19,59,12,0,24,82,23,1,30,128,34,2,48,167,44,2
4YIJ,3763,B,231,GLN,HN,8,38,11,1,17,67,14,2,26,89,21,2,34,121,28,2,38,163,42,2
4YIJ,3764,B,231,GLN,HN,8,34,7,1,13,55,14,2,26,85,20,2,33,121,30,2,40,165,38,2
4YIJ,3765,B,232,GLY,N,15,48,12,0,19,72,17,0,25,109,23,0,35,145,38,0,45,180,44,0
4YIJ,3766,B,232,GLY,CA,14,49,13,0,18,74,16,0,25,101,27,0,33,137,37,0,42,171,43,0
4YIJ,3767,B,232,GLY,C,12,54,11,0,18,72,16,0,26,99,28,0,32,135,37,0,44,177,45,0
4YIJ,3768,B,232,GLY,O,12,52,10,0,18,72,17,0,23,99,26,0,32,133,34,0,42,164,42,0
4YIJ,3769,B,232,GLY,HN,15,48,13,0,20,69,18,0,26,105,23,0,33,149,38,0,47,189,48,0
4YIJ,3770,B,232,GLY,H,15,55,12,0,19,77,17,0,25,101,27,0,34,137,37,0,43,181,45,0
4YIJ,3771,B,232,GLY,H,14,47,13,0,17,75,20,0,27,103,24,0,32,131,32,0,39,168,42,0
4YIJ,3772,B,233,LEU,N,12,45,11,0,13,75,18,0,27,95,27,0,34,131,35,0,45,174,46,0
4YIJ,3773,B,233,LEU,CA,11,43,12,0,18,69,20,0,26,96,27,0,35,131,36,0,42,173,44,0
4YIJ,3774,B,233,LEU,C,12,43,9,0,19,73,17,0,26,100,31,0,34,140,37,0,46,170,50,0
4YIJ,3775,B,233,LEU,O,10,41,10,0,18,68,19,0,27,99,30,0,33,124,37,0,43,170,47,0
4YIJ,3776,B,233,LEU,HN,10,46,9,0,15,74,18,0,23,100,29,0,36,139,33,0,50,180,47,1
4YIJ,3777,B,233,LEU,H,11,45,12,0,19,66,22,0,25,100,27,0,33,128,34,0,40,159,44,0
4YIJ,3778,B,233,LEU,C,10,45,14,0,18,66,19,0,26,91,27,0,31,126,36,1,41,166,44,1
4YIJ,3779,B,233,LEU,C,12,44,12,0,18,65,17,0,22,93,25,0,29,123,33,1,42,166,45,1
4YIJ,3780,B,233,LEU,C,12,34,12,0,16,62,19,0,24,90,27,1,32,124,33,1,44,162,38,2
4YIJ,3781,B,233,LEU,C,12,39,10,0,16,63,17,0,23,90,22,0,30,113,31,0,38,155,41,0
4YIJ,3782,B,233,LEU,H,11,44,13,0,18,66,19,0,25,92,28,0,31,127,36,0,40,159,46,1
4YIJ,3783,B,233,LEU,H,10,43,13,0,17,61,22,0,27,93,27,0,34,130,33,1,45,177,47,1
4YIJ,3784,B,233,LEU,H,12,44,14,0,15,69,16,0,24,88,23,0,31,125,36,1,45,163,42,1
4YIJ,3785,B,233,LEU,H,11,35,13,0,16,61,16,0,23,94,27,1,33,127,32,2,43,155,40,2
4YIJ,3786,B,233,LEU,H,11,42,14,0,15,59,20,0,24,85,26,1,33,122,34,1,36,161,40,2
4YIJ,3787,B,233,LEU,H,11,37,11,0,16,55,21,1,21,95,28,1,36,131,33,1,42,163,40,2
4YIJ,3788,B,233,LEU,H,9,40,10,0,16,60,15,0,22,84,22,0,25,113,29,0,38,149,41,1
4YIJ,3789,B,233,LEU,H,10,40,11,0,14,59,16,0,26,84,24,0,31,122,29,0,35,150,41,0
4YIJ,3790,B,233,LEU,H,12,38,12,0,16,67,15,0,22,89,23,0,28,108,29,0,37,142,39,0
4YIJ,3791,B,234,GLU,N,14,44,9,0,16,70,16,0,24,103,27,0,36,147,39,0,47,179,50,0
4YIJ,3792,B,234,GLU,CA,10,44,7,0,17,67,18,0,25,94,27,0,35,132,39,0,47,179,50,0
4YIJ,3793,B,234,GLU,C,10,49,10,0,15,65,15,0,19,96,29,0,35,128,36,0,47,167,43,0
4YIJ,3794,B,234,GLU,O,11,50,9,0,16,72,19,0,23,101,24,0,33,135,34,0,48,168,45,0
4YIJ,3795,B,234,GLU,HN,11,43,9,0,16,67,15,0,25,107,28,0,34,144,38,0,49,179,49,0
4YIJ,3796,B,234,GLU,H,8,43,8,0,15,67,14,0,29,95,28,0,35,121,34,0,46,168,51,0
4YIJ,3797,B,234,GLU,C,10,45,11,0,17,63,19,0,25,89,30,0,35,135,37,0,47,180,47,0
4YIJ,3798,B,234,GLU,C,11,41,13,0,17,64,17,0,25,90,28,0,39,134,37,0,45,175,47,0
4YIJ,3799,B,234,GLU,C,12,39,14,0,17,64,21,0,24,89,26,0,35,124,36,0,44,160,46,1
4YIJ,3800,B,234,GLU,O,11,37,13,0,21,60,21,0,24,93,25,0,32,122,35,0,45,153,44,0
4YIJ,3801,B,234,GLU,O,10,38,13,0,19,61,21,0,27,92,27,0,36,118,36,0,42,164,44,1
4YIJ,3802,B,234,GLU,H,12,44,11,0,13,63,20,0,24,91,28,0,35,123,36,0,43,171,41,0
4YIJ,3803,B,234,GLU,H,10,44,12,0,19,65,19,0,25,101,27,0,35,135,37,0,45,173,46,2
4YIJ,3804,B,234,GLU,H,12,42,10,0,14,65,20,0,28,98,27,0,35,133,39,0,48,170,53,1
4YIJ,3805,B,234,GLU,H,10,45,13,0,16,60,18,0,23,82,27,0,36,123,37,0,46,171,44,0
4YIJ,3806,B,235,LYS,N,10,46,13,0,13,64,19,0,19,80,25,0,32,121,36,0,44,159,44,0
4YIJ,3807,B,235,LYS,CA,10,49,11,0,14,59,17,0,18,76,23,0,32,116,32,0,43,152,42,0
4YIJ,3808,B,235,LYS,C,9,39,10,0,14,54,15,0,22,84,21,0,28,115,30,0,42,150,42,0
4YIJ,3809,B,235,LYS,O,9,39,10,0,13,58,18,0,20,86,23,0,31,116,31,0,39,142,40,0
4YIJ,3810,B,235,LYS,HN,10,46,13,0,12,58,20,0,18,79,22,0,30,118,32,0,42,157,47,0
4YIJ,3811,B,235,LYS,H,10,48,12,0,13,61,17,0,23,89,25,0,32,115,32,0,46,156,43,0
4YIJ,3812,B,235,LYS,C,8,40,8,0,11,56,17,0,19,72,21,0,28,102,27,0,37,145,38,0
4YIJ,3813,B,235,LYS,C,8,32,7,0,11,49,15,0,16,72,19,0,24,96,26,0,32,126,34,0
4YIJ,3814,B,235,LYS,C,7,28,7,0,10,49,10,0,14,63,18,0,20,89,24,0,27,111,29,0
4YIJ,3815,B,235,LYS,C,4,21,5,0,10,35,8,0,14,55,13,0,18,85,20,0,28,107,25,0
4YIJ,3816,B,235,LYS,N,5,18,3,0,7,30,7,0,12,49,13,0,15,67,16,0,21,88,20,0
4YIJ,3817,B,235,LYS,H,10,40,10,0,12,57,15,0,20,78,19,0,28,100,32,0,38,139,39,0
4YIJ,3818,B,235,LYS,H,6,33,5,0,10,53,11,0,22,74,19,0,28,102,27,0,38,132,40,0
4YIJ,3819,B,235,LYS,H,8,31,10,0,11,46,13,0,15,69,16,0,22,96,27,0,32,123,32,0
4YIJ,3820,B,235,LYS,H,7,35,11,0,12,50,15,0,15,75,21,0,22,99,26,0,32,126,38,0
4YIJ,3821,B,235,LYS,H,8,27,7,0,8,47,13,0,12,63,19,0,17,82,23,0,23,100,29,0
4YIJ,3822,B,235,LYS,H,7,31,7,0,12,50,12,0,15,66,16,0,19,86,25,0,29,107,31,0
4YIJ,3823,B,235,LYS,H,5,22,5,0,8,34,7,0,14,57,12,0,22,87,21,0,27,116,29,0
4YIJ,3824,B,235,LYS,H,6,19,5,0,10,33,10,0,14,53,12,0,17,82,18,0,23,106,27,0
4YIJ,3825,B,235,LYS,HN,3,12,3,0,7,22,4,0,10,43,7,0,14,61,16,0,21,82,18,0
4YIJ,3826,B,235,LYS,HN,5,18,3,0,5,29,8,0,11,44,10,0,13,62,16,0,20,82,18,0
4YIJ,3827,B,235,LYS,HN,4,19,3,0,8,36,8,0,10,51,13,0,15,63,15,0,20,81,23,0
4YIJ,3828,B,236,VAL,N,8,39,9,0,17,57,14,0,22,84,20,0,31,110,29,0,43,148,41,0
4YIJ,3829,B,236,VAL,CA,11,36,9,0,14,56,12,0,19,79,19,0,31,102,31,0,38,135,36,0
4YIJ,3830,B,236,VAL,C,11,31,8,0,12,53,12,0,16,75,18,0,24,88,26,0,33,123,34,0
4YIJ,3831,B,236,VAL,O,10,21,6,0,10,41,10,0,16,70,15,0,21,85,23,0,29,107,31,0
4YIJ,3832,B,236,VAL,HN,8,36,9,0,16,58,12,0,22,78,19,0,30,114,26,0,39,140,42,0
4YIJ,3833,B,236,VAL,H,9,42,10,0,16,61,14,0,26,87,21,0,34,112,32,0,41,149,41,1
4YIJ,3834,B,236,VAL,C,9,39,9,0,16,53,13,0,21,73,23,0,27,99,28,0,41,136,35,0
4YIJ,3835,B,236,VAL,C,10,39,9,0,16,53,14,0,20,67,23,0,28,96,28,0,36,127,34,1
4YIJ,3836,B,236,VAL,C,10,43,10,0,19,62,18,0,25,81,25,0,33,116,27,0,42,151,40,1
4YIJ,3837,B,236,VAL,H,8,33,10,0,16,51,11,0,20,69,20,0,25,96,25,0,35,127,32,0
4YIJ,3838,B,236,VAL,H,10,35,12,0,15,51,15,0,22,72,20,0,26,94,29,0,32,117,32,1
4YIJ,3839,B,236,VAL,H,11,44,12,0,14,54,15,0,22,77,24,0,30,106,28,1,38,138,37,1
4YIJ,3840,B,236,VAL,H,9,38,10,0,16,49,12,0,18,66,19,0,22,88,24,0,36,118,31,0
4YIJ,3841,B,236,VAL,H,11,40,11,0,17,60,19,0,24,82,22,0,31,106,28,0,37,143,36,1
4YIJ,3842,B,236,VAL,H,14,40,11,0,18,60,17,0,28,92,23,0,33,121,31,0,40,153,40,1
4YIJ,3843,B,236,VAL,H,12,45,14,0,20,67,20,0,27,90,26,0,34,120,34,1,43,159,43,1
4YIJ,3844,B,237,ALA,N,10,39,8,0,14,52,12,0,17,75,19,0,25,94,23,0,31,125,34,0
4YIJ,3845,B,237,ALA,CA,9,38,8,0,14,44,13,0,17,58,18,0,19,91,22,0,25,113,29,0
4YIJ,3846,B,237,ALA,C,9,35,7,0,12,49,11,0,17,63,18,0,21,86,23,0,28,118,29,0
4YIJ,3847,B,237,ALA,O,9,39,8,0,13,51,12,0,17,73,18,0,23,101,26,0,34,130,34,0
4YIJ,3848,B,237,ALA,HN,9,40,8,0,14,55,13,0,19,78,21,0,24,107,27,0,33,141,38,0
4YIJ,3849,B,237,ALA,H,8,34,6,0,12,40,11,0,17,56,15,0,17,82,22,0,23,102,25,0
4YIJ,3850,B,237,ALA,C,10,31,9,0,13,47,12,0,17,62,17,0,20,80,22,0,24,106,29,0
4YIJ,3851,B,237,ALA,H,8,29,9,0,13,40,10,0,17,59,16,0,18,74,21,0,22,93,25,0
4YIJ,3852,B,237,ALA,H,11,37,10,0,14,52,14,0,17,66,20,0,20,87,23,0,27,118,31,0
4YIJ,3853,B,237,ALA,H,10,34,9,0,13,48,14,0,16,64,15,0,20,82,23,0,24,107,28,0
4YIJ,3854,B,238,TYR,N,6,26,7,0,10,37,10,0,14,50,14,0,18,63,20,0,26,95,25,0
4YIJ,3855,B,238,TYR,CA,5,25,5,0,8,35,11,0,13,47,12,0,19,67,17,0,25,90,23,0
4YIJ,3856,B,238,TYR,C,5,27,7,0,9,39,10,0,17,56,13,0,20,73,19,0,26,94,27,0
4YIJ,3857,B,238,TYR,O,7,31,5,0,12,42,10,0,15,63,14,0,24,80,21,0,32,110,31,0
4YIJ,3858,B,238,TYR,HN,6,22,7,0,9,34,8,0,13,46,13,0,20,56,18,0,22,84,23,0
4YIJ,3859,B,238,TYR,H,4,20,2,0,6,26,7,0,10,36,11,0,18,58,16,0,22,77,18,0
4YIJ,3860,B,238,TYR,C,8,29,6,0,10,41,11,0,13,54,14,0,19,71,18,0,30,94,27,0
4YIJ,3861,B,238,TYR,C,9,18,4,0,10,32,8,0,12,46,14,0,16,68,20,0,29,90,22,0
4YIJ,3862,B,238,TYR,C,3,13,3,0,9,22,5,0,10,32,11,0,14,58,17,0,24,79,22,0
4YIJ,3863,B,238,TYR,C,8,17,6,0,10,30,11,0,15,48,17,0,19,75,20,0,26,98,25,0
4YIJ,3864,B,238,TYR,C,2,10,4,0,7,14,5,0,12,27,8,0,14,51,15,0,21,74,20,0
4YIJ,3865,B,238,TYR,C,7,13,5,0,10,24,11,0,13,38,15,0,19,75,18,0,24,93,26,0
4YIJ,3866,B,238,TYR,C,4,9,4,0,9,15,7,0,12,30,14,0,16,55,16,0,21,83,24,0
4YIJ,3867,B,238,TYR,OH,2,6,5,0,6,13,6,0,12,26,10,0,15,42,17,0,20,68,20,0
4YIJ,3868,B,238,TYR,H,7,27,4,0,11,39,9,0,14,56,14,0,21,72,18,0,30,94,33,0
4YIJ,3869,B,238,TYR,H,10,31,6,0,10,45,11,0,16,62,17,0,22,74,21,0,29,108,32,0
4YIJ,3870,B,238,TYR,H,2,11,2,0,5,19,4,0,10,32,7,0,12,47,14,0,23,74,20,0
4YIJ,3871,B,238,TYR,H,9,23,9,0,12,37,14,0,16,61,17,0,22,80,21,0,28,109,30,0
4YIJ,3872,B,238,TYR,H,0,7,1,0,2,11,5,0,9,19,6,0,13,39,11,0,16,62,15,0
4YIJ,3873,B,238,TYR,H,7,15,8,0,11,24,12,0,15,45,16,0,20,70,22,0,24,92,26,0
4YIJ,3874,B,238,TYR,HO,4,9,5,0,7,17,8,0,11,29,13,0,15,48,20,0,21,72,24,0
4YIJ,3875,B,239,VAL,N,7,27,7,0,10,43,9,0,14,56,11,0,21,76,17,0,25,92,26,0
4YIJ,3876,B,239,VAL,CA,7,33,7,0,13,46,9,0,17,61,14,0,21,73,21,0,25,100,25,0
4YIJ,3877,B,239,VAL,C,7,27,6,0,10,41,8,0,15,51,12,0,18,62,16,0,23,79,23,0
4YIJ,3878,B,239,VAL,O,5,23,6,0,8,35,8,0,12,47,12,0,18,56,13,0,19,69,18,0
4YIJ,3879,B,239,VAL,HN,5,26,5,0,9,34,8,0,13,50,10,0,18,67,16,0,24,83,23,0
4YIJ,3880,B,239,VAL,H,9,36,7,0,15,51,12,0,19,65,19,0,23,84,23,0,27,108,26,0
4YIJ,3881,B,239,VAL,C,7,28,8,0,12,43,10,0,17,52,13,0,20,74,20,0,26,98,25,0
4YIJ,3882,B,239,VAL,C,10,27,7,0,15,39,13,0,17,60,14,0,22,79,20,0,26,98,26,0
4YIJ,3883,B,239,VAL,C,9,27,8,0,12,40,11,0,16,63,17,0,22,88,21,0,29,106,27,0
4YIJ,3884,B,239,VAL,H,7,19,6,0,8,39,8,0,15,49,12,0,17,63,16,0,24,84,21,0
4YIJ,3885,B,239,VAL,H,9,23,9,0,11,36,12,0,17,51,15,0,22,70,20,0,26,94,24,0
4YIJ,3886,B,239,VAL,H,13,30,11,0,16,46,14,0,20,69,18,0,24,89,25,0,29,107,27,0
4YIJ,3887,B,239,VAL,H,9,26,9,0,13,40,11,0,17,53,15,0,22,74,19,0,26,88,22,0
4YIJ,3888,B,239,VAL,H,7,24,8,0,12,34,13,0,16,59,17,0,23,83,21,0,28,104,27,0
4YIJ,3889,B,239,VAL,H,9,24,7,0,9,40,13,0,15,60,14,0,21,80,21,0,26,99,28,0
4YIJ,3890,B,239,VAL,H,10,32,9,0,14,49,16,0,19,72,19,0,27,100,23,0,31,117,32,0
4YIJ,3891,B,240,TYR,N,6,25,6,0,9,36,10,0,14,50,14,0,20,67,18,0,25,87,22,0
4YIJ,3892,B,240,TYR,CA,6,23,6,0,8,31,10,0,13,40,13,0,17,60,16,0,24,78,19,0
4YIJ,3893,B,240,TYR,C,8,24,8,0,9,33,12,0,14,45,14,0,19,63,16,0,25,84,24,0
4YIJ,3894,B,240,TYR,O,9,27,10,0,9,39,12,0,16,52,14,0,22,76,19,0,27,90,27,0
4YIJ,3895,B,240,TYR,HN,8,29,6,0,10,41,13,0,15,55,15,0,21,75,20,0,32,99,27,0
4YIJ,3896,B,240,TYR,H,5,20,4,0,8,24,7,0,10,33,11,0,16,46,13,0,19,69,16,0
4YIJ,3897,B,240,TYR,C,6,21,7,0,9,31,8,0,13,48,12,0,15,65,17,0,24,81,23,0
4YIJ,3898,B,240,TYR,C,7,17,4,0,8,28,8,0,10,41,10,0,15,58,13,0,24,72,22,0
4YIJ,3899,B,240,TYR,C,5,10,3,0,7,22,4,0,9,30,8,0,11,48,11,0,17,67,14,0
4YIJ,3900,B,240,TYR,C,6,18,4,0,9,32,6,0,10,51,10,0,17,64,18,0,28,88,28,0
4YIJ,3901,B,240,TYR,C,3,8,2,0,5,11,3,0,7,29,5,0,10,42,10,0,14,59,12,0
4YIJ,3902,B,240,TYR,C,3,13,3,0,8,23,5,0,9,43,8,0,19,65,16,0,24,81,23,0
4YIJ,3903,B,240,TYR,C,2,9,2,0,4,16,4,0,8,31,5,0,13,49,9,0,19,67,17,0
4YIJ,3904,B,240,TYR,OH,2,10,1,0,3,14,2,0,6,23,5,0,13,38,8,0,19,65,14,0
4YIJ,3905,B,240,TYR,H,7,15,7,0,9,31,8,0,12,38,10,0,16,57,16,0,19,76,19,0
4YIJ,3906,B,240,TYR,H,6,22,8,0,12,41,11,0,14,54,15,0,20,76,21,0,30,91,26,0
4YIJ,3907,B,240,TYR,H,5,9,3,0,6,16,5,0,9,27,7,0,10,37,10,0,16,52,12,0
4YIJ,3908,B,240,TYR,H,7,25,4,0,9,43,8,0,14,55,16,0,23,74,21,0,33,102,32,0
4YIJ,3909,B,240,TYR,H,1,4,2,0,3,9,3,0,6,17,3,0,9,34,5,0,12,47,11,0
4YIJ,3910,B,240,TYR,H,2,15,3,0,5,24,5,0,16,46,9,0,21,71,17,0,28,88,25,0
4YIJ,3911,B,240,TYR,HO,2,9,1,0,3,16,3,0,7,27,5,0,14,44,10,0,21,68,15,0
4YIJ,3912,B,241,LYS,N,7,22,7,0,8,30,9,0,11,39,12,0,16,53,16,0,21,75,21,0
4YIJ,3913,B,241,LYS,CA,6,21,6,0,10,29,9,0,12,40,16,0,16,56,16,0,21,72,21,0
4YIJ,3914,B,241,LYS,C,7,23,6,0,11,28,12,0,14,47,16,0,18,62,21,0,21,78,21,0
4YIJ,3915,B,241,LYS,O,10,23,8,0,11,32,13,0,14,48,15,0,19,64,21,0,21,80,22,0
4YIJ,3916,B,241,LYS,HN,6,21,5,0,7,25,8,0,8,34,11,0,15,48,12,0,17,62,18,0
4YIJ,3917,B,241,LYS,H,8,22,7,0,10,32,12,0,13,47,15,0,17,57,17,0,23,76,21,0
4YIJ,3918,B,241,LYS,C,7,12,4,0,8,21,7,0,11,32,12,0,13,44,16,0,17,57,16,0
4YIJ,3919,B,241,LYS,C,4,11,4,0,7,22,6,0,10,27,10,0,12,39,12,0,13,46,15,0
4YIJ,3920,B,241,LYS,C,3,7,3,0,5,13,5,0,9,20,7,0,9,28,11,0,12,37,12,0
4YIJ,3921,B,241,LYS,C,2,4,0,0,4,8,3,0,6,14,4,0,9,19,7,0,10,31,10,0
4YIJ,3922,B,241,LYS,N,1,3,1,0,3,5,1,0,5,9,2,0,7,14,5,0,8,20,8,0
4YIJ,3923,B,241,LYS,H,8,12,5,0,8,23,9,0,10,32,11,0,14,42,15,0,16,57,18,0
4YIJ,3924,B,241,LYS,H,5,13,4,0,7,18,4,0,8,28,11,0,14,39,14,0,16,51,17,0
4YIJ,3925,B,241,LYS,H,3,12,3,0,5,16,4,0,8,26,9,0,11,35,11,0,15,42,14,0
4YIJ,3926,B,241,LYS,H,4,14,4,0,7,23,9,0,12,31,11,0,13,40,13,0,16,54,18,0
4YIJ,3927,B,241,LYS,H,4,6,2,0,4,10,5,0,7,17,7,0,9,25,10,0,12,34,11,0
4YIJ,3928,B,241,LYS,H,4,8,3,0,6,12,6,0,9,21,8,0,9,30,11,0,12,39,11,0
4YIJ,3929,B,241,LYS,H,2,4,1,0,3,8,2,0,8,15,6,0,9,22,8,0,9,33,10,0
4YIJ,3930,B,241,LYS,H,1,2,0,0,2,6,2,0,5,13,4,0,8,20,6,0,10,28,10,0
4YIJ,3931,B,241,LYS,HN,0,1,1,0,2,5,1,0,3,7,1,0,5,11,5,0,8,18,6,0
4YIJ,3932,B,241,LYS,HN,0,1,0,0,2,5,1,0,3,6,1,0,5,11,4,0,7,17,6,0
4YIJ,3933,B,241,LYS,HN,2,5,1,0,2,7,1,0,5,9,3,0,6,13,6,0,8,22,8,0
4YIJ,3934,B,242,GLY,N,9,26,7,0,12,37,12,0,16,54,16,0,17,66,19,0,22,79,21,0
4YIJ,3935,B,242,GLY,CA,10,28,10,0,13,41,14,0,15,55,16,0,19,67,18,0,24,91,24,0
4YIJ,3936,B,242,GLY,C,11,30,12,0,12,43,15,0,16,65,17,0,22,84,21,0,26,113,28,0
4YIJ,3937,B,242,GLY,O,11,30,11,0,13,43,14,0,18,65,18,0,21,87,23,0,31,116,27,0
4YIJ,3938,B,242,GLY,HN,9,25,7,0,11,36,8,0,16,48,16,0,16,62,17,0,21,74,21,0
4YIJ,3939,B,242,GLY,H,10,25,10,0,12,41,12,0,16,47,16,0,19,63,20,0,22,85,24,0
4YIJ,3940,B,242,GLY,H,10,29,10,0,11,38,12,0,14,49,15,0,18,63,17,0,21,86,22,0
4YIJ,3941,B,243,ASN,N,10,33,11,0,12,52,15,0,17,68,16,0,21,93,21,0,29,114,29,0
4YIJ,3942,B,243,ASN,CA,11,37,10,0,14,57,14,0,18,84,20,0,24,104,26,0,33,128,34,0
4YIJ,3943,B,243,ASN,C,12,41,10,0,15,64,13,0,16,80,22,0,26,101,28,0,36,131,33,0
4YIJ,3944,B,243,ASN,O,11,42,10,0,15,62,15,0,21,87,22,0,26,105,29,0,35,137,35,1
4YIJ,3945,B,243,ASN,HN,9,31,10,0,11,54,14,0,16,71,16,0,21,88,22,0,28,105,26,0
4YIJ,3946,B,243,ASN,H,12,39,11,0,13,52,16,0,16,83,20,0,27,112,25,0,35,132,36,0
4YIJ,3947,B,243,ASN,C,11,41,11,0,17,63,15,0,22,82,21,0,27,111,29,0,32,132,33,0
4YIJ,3948,B,243,ASN,C,10,38,12,0,15,60,16,0,21,83,19,0,24,100,26,0,34,130,31,0
4YIJ,3949,B,243,ASN,O,9,33,13,0,14,55,15,0,18,75,18,0,25,96,21,0,34,129,30,0
4YIJ,3950,B,243,ASN,N,11,33,12,0,17,53,14,0,20,80,21,0,24,101,28,0,34,124,29,0
4YIJ,3951,B,243,ASN,H,12,48,10,0,17,66,17,0,23,93,25,0,30,117,30,0,35,144,39,1
4YIJ,3952,B,243,ASN,H,12,42,8,0,15,61,15,0,23,81,24,0,27,108,28,0,31,133,34,0
4YIJ,3953,B,243,ASN,HN,11,34,12,0,16,56,14,0,20,84,24,0,29,106,29,0,35,127,31,0
4YIJ,3954,B,243,ASN,HN,11,36,11,0,12,54,13,0,20,72,21,0,24,95,26,0,33,116,29,0
4YIJ,3955,B,244,ASN,N,11,42,9,0,14,62,14,0,18,75,19,0,24,98,29,0,35,131,33,0
4YIJ,3956,B,244,ASN,CA,9,41,12,0,13,54,15,0,20,77,17,0,26,101,21,0,36,127,31,1
4YIJ,3957,B,244,ASN,C,7,31,10,0,13,51,14,0,21,79,17,0,27,101,24,0,34,125,31,1
4YIJ,3958,B,244,ASN,O,8,27,11,0,10,43,13,0,19,76,17,0,27,100,22,0,29,117,29,1
4YIJ,3959,B,244,ASN,HN,11,38,10,0,12,56,13,0,21,78,19,0,22,91,25,0,32,124,33,0
4YIJ,3960,B,244,ASN,H,11,42,14,0,12,59,16,0,21,78,19,0,29,103,21,0,36,129,34,1
4YIJ,3961,B,244,ASN,C,9,34,10,0,11,45,16,0,18,67,17,0,23,94,21,0,34,113,25,0
4YIJ,3962,B,244,ASN,C,9,31,10,0,11,45,13,0,16,63,18,0,23,81,18,0,28,98,23,0
4YIJ,3963,B,244,ASN,O,9,28,11,0,13,48,12,0,16,64,15,0,22,84,22,0,27,96,26,0
4YIJ,3964,B,244,ASN,N,9,27,9,0,12,45,14,0,14,55,17,0,22,67,18,0,24,87,21,0
4YIJ,3965,B,244,ASN,H,9,34,10,0,12,47,13,0,17,62,17,0,21,87,21,0,32,106,25,0
4YIJ,3966,B,244,ASN,H,9,32,11,0,13,46,15,0,16,63,17,0,26,90,21,0,32,113,22,0
4YIJ,3967,B,244,ASN,HN,9,22,8,0,11,43,14,0,17,55,16,0,19,66,18,0,27,81,19,0
4YIJ,3968,B,244,ASN,HN,7,28,8,0,11,37,12,0,14,53,14,0,20,61,18,0,24,78,20,0
4YIJ,3969,B,245,THR,N,10,35,12,0,12,57,14,0,21,80,20,0,26,103,27,1,36,126,34,1
4YIJ,3970,B,245,THR,CA,9,30,9,0,13,48,15,0,17,76,19,0,26,96,24,1,32,121,31,1
4YIJ,3971,B,245,THR,C,8,28,7,0,10,46,11,0,14,70,18,1,20,90,24,1,31,120,29,1
4YIJ,3972,B,245,THR,O,8,26,6,0,10,40,11,0,13,59,16,0,19,79,20,1,26,108,27,1
4YIJ,3973,B,245,THR,HN,10,40,11,0,14,56,15,0,19,76,21,0,32,109,31,1,34,133,35,1
4YIJ,3974,B,245,THR,H,9,30,9,0,12,48,13,0,19,65,18,0,23,90,23,0,26,112,29,1
4YIJ,3975,B,245,THR,C,10,33,10,0,15,53,14,0,17,72,20,0,24,98,24,1,32,119,33,1
4YIJ,3976,B,245,THR,OH,13,38,10,0,15,56,14,0,19,69,21,0,25,83,24,0,28,107,28,1
4YIJ,3977,B,245,THR,C,9,30,7,0,13,48,12,0,17,62,18,0,21,88,22,1,27,112,27,1
4YIJ,3978,B,245,THR,H,9,37,12,0,13,55,15,0,21,78,18,1,28,103,28,1,34,129,34,1
4YIJ,3979,B,245,THR,HO,12,42,11,0,16,58,16,0,20,77,23,0,26,87,26,0,34,116,31,1
4YIJ,3980,B,245,THR,H,7,34,7,0,13,46,14,0,17,64,18,0,21,83,21,1,31,110,26,1
4YIJ,3981,B,245,THR,H,9,24,6,0,12,39,10,0,15,57,16,0,19,81,22,0,25,100,27,1
4YIJ,3982,B,245,THR,H,6,23,7,0,13,47,9,0,16,64,16,1,21,92,20,1,27,116,31,1
4YIJ,3983,B,246,HIS,N,7,32,8,0,8,52,9,1,14,68,18,1,20,100,27,1,35,128,33,1
4YIJ,3984,B,246,HIS,CA,6,36,5,1,8,45,11,1,10,68,18,1,19,92,25,1,29,123,34,1
4YIJ,3985,B,246,HIS,C,7,37,8,1,8,48,13,1,14,71,18,1,22,95,23,1,31,123,35,1
4YIJ,3986,B,246,HIS,O,6,38,7,1,10,54,15,1,15,79,19,1,24,97,23,1,32,125,35,1
4YIJ,3987,B,246,HIS,HN,6,37,8,0,12,58,12,1,14,74,20,1,25,102,29,1,37,134,37,1
4YIJ,3988,B,246,HIS,H,5,31,6,0,7,41,9,1,9,57,16,1,15,83,19,1,23,113,28,1
4YIJ,3989,B,246,HIS,C,5,35,5,1,10,56,13,1,11,75,17,1,19,99,28,1,33,125,34,1
4YIJ,3990,B,246,HIS,C,4,32,5,1,7,49,9,1,12,75,18,1,24,94,24,1,34,125,34,1
4YIJ,3991,B,246,HIS,N,3,25,5,1,5,37,6,1,9,58,14,1,20,88,20,1,27,117,31,1
4YIJ,3992,B,246,HIS,C,3,32,5,1,8,55,11,1,18,82,18,1,25,102,27,1,34,133,38,1
4YIJ,3993,B,246,HIS,C,2,25,3,1,5,38,10,1,10,60,13,1,21,86,18,1,27,123,28,1
4YIJ,3994,B,246,HIS,N,1,29,5,1,8,46,9,1,15,66,16,1,23,97,27,1,31,132,34,1
4YIJ,3995,B,246,HIS,H,5,37,8,1,8,52,12,1,14,69,18,1,21,100,26,1,31,128,31,1
4YIJ,3996,B,246,HIS,H,7,39,7,1,11,65,13,1,15,82,22,1,26,110,30,1,35,136,38,1
4YIJ,3997,B,246,HIS,HN,4,22,4,0,5,35,7,1,7,50,12,1,16,77,17,1,24,109,25,1
4YIJ,3998,B,246,HIS,H,5,41,7,1,10,62,14,1,23,88,19,1,25,115,29,1,34,144,40,1
4YIJ,3999,B,246,HIS,H,1,21,3,0,5,31,7,1,8,53,13,1,18,77,15,1,24,106,26,1
4YIJ,4000,B,246,HIS,HN,4,36,5,1,10,48,10,1,14,69,17,1,25,95,24,1,31,135,33,1
4YIJ,4001,B,247,GLU,N,9,41,8,0,12,55,10,0,18,67,14,1,25,93,22,1,33,123,31,1
4YIJ,4002,B,247,GLU,CA,11,42,7,0,15,53,11,0,19,67,17,1,28,93,21,1,31,118,30,1
4YIJ,4003,B,247,GLU,C,10,37,7,0,15,48,9,0,16,65,13,0,23,85,21,1,28,109,29,1
4YIJ,4004,B,247,GLU,O,11,35,8,0,13,53,10,0,20,71,15,0,24,91,24,1,29,106,29,1
4YIJ,4005,B,247,GLU,HN,8,37,8,0,13,52,11,0,17,69,16,1,23,90,22,1,35,116,28,1
4YIJ,4006,B,247,GLU,H,9,44,9,0,16,56,13,0,23,78,19,1,29,103,24,1,35,125,35,1
4YIJ,4007,B,247,GLU,C,11,32,7,0,14,48,11,0,21,66,17,0,26,87,22,0,30,110,26,1
4YIJ,4008,B,247,GLU,C,12,31,5,0,15,42,11,0,18,56,18,0,24,74,21,0,28,101,24,0
4YIJ,4009,B,247,GLU,C,7,23,6,0,14,36,9,0,16,53,15,0,24,67,19,0,26,90,23,0
4YIJ,4010,B,247,GLU,O,11,25,6,0,12,37,10,0,19,47,14,0,22,74,16,0,29,91,26,0
4YIJ,4011,B,247,GLU,O,6,20,3,0,10,28,6,0,16,45,14,0,20,60,18,0,25,77,21,0
4YIJ,4012,B,247,GLU,H,10,26,7,0,13,44,9,0,19,62,15,0,24,82,21,0,29,104,25,1
4YIJ,4013,B,247,GLU,H,11,36,9,0,17,56,14,0,22,74,19,0,26,92,22,0,30,114,26,1
4YIJ,4014,B,247,GLU,H,10,34,5,0,16,46,16,0,20,57,19,0,25,81,22,0,28,109,25,1
4YIJ,4015,B,247,GLU,H,10,30,5,0,13,39,9,0,15,47,14,0,22,68,20,0,28,94,22,0
4YIJ,4016,B,248,GLN,N,8,29,8,0,12,43,9,0,14,54,11,0,16,69,16,1,24,90,24,1
4YIJ,4017,B,248,GLN,CA,7,24,9,0,10,36,9,0,14,48,10,0,16,66,13,0,19,81,19,1
4YIJ,4018,B,248,GLN,C,8,29,6,0,10,37,11,0,15,50,11,0,18,70,14,1,23,83,20,1
4YIJ,4019,B,248,GLN,O,7,30,6,0,10,36,9,0,13,49,13,0,16,61,16,0,22,85,21,1
4YIJ,4020,B,248,GLN,HN,8,27,7,0,12,41,9,0,14,51,12,0,15,63,14,0,22,90,22,1
4YIJ,4021,B,248,GLN,H,7,22,9,0,10,35,9,0,14,53,11,0,15,62,14,0,20,80,19,0
4YIJ,4022,B,248,GLN,C,6,20,7,0,7,27,9,0,13,39,9,0,14,50,11,0,18,65,13,0
4YIJ,4023,B,248,GLN,C,5,12,6,0,8,21,7,0,11,33,9,0,14,44,10,0,16,62,13,0
4YIJ,4024,B,248,GLN,C,5,12,3,0,8,17,8,0,10,29,9,0,12,43,12,0,16,61,12,0
4YIJ,4025,B,248,GLN,O,7,12,5,0,9,22,8,0,11,33,10,0,14,50,12,0,19,66,18,0
4YIJ,4026,B,248,GLN,N,4,10,3,0,7,15,4,0,8,20,8,0,11,32,11,0,14,48,11,0
4YIJ,4027,B,248,GLN,H,5,18,4,0,7,25,9,0,8,31,10,0,15,43,10,0,16,59,13,0
4YIJ,4028,B,248,GLN,H,6,16,5,0,8,29,7,0,11,39,9,0,15,46,11,0,17,64,13,0
4YIJ,4029,B,248,GLN,H,2,9,5,0,7,15,6,0,10,25,7,0,11,38,10,0,16,52,12,0
4YIJ,4030,B,248,GLN,H,6,14,6,0,10,23,6,0,12,34,9,0,14,52,11,0,17,70,18,0
4YIJ,4031,B,248,GLN,HN,3,6,2,0,4,14,4,0,8,20,8,0,10,27,10,0,15,40,11,0
4YIJ,4032,B,248,GLN,HN,2,9,2,0,6,13,4,0,8,18,6,0,11,28,11,0,13,46,11,0
4YIJ,4033,B,249,LEU,N,9,28,9,0,10,42,10,0,15,57,13,1,20,68,16,1,23,92,23,1
4YIJ,4034,B,249,LEU,CA,8,32,8,0,12,42,10,1,15,55,13,1,19,77,16,1,24,104,23,1
4YIJ,4035,B,249,LEU,C,7,33,8,0,13,47,12,1,17,69,15,1,24,91,23,1,32,118,27,1
4YIJ,4036,B,249,LEU,O,8,34,10,0,12,51,11,0,20,68,16,1,24,91,22,1,31,115,31,1
4YIJ,4037,B,249,LEU,HN,8,30,7,0,12,42,11,0,13,57,13,1,20,70,18,1,23,94,24,1
4YIJ,4038,B,249,LEU,H,7,27,7,0,12,36,10,0,12,49,13,1,17,66,13,1,22,91,20,1
4YIJ,4039,B,249,LEU,C,10,28,7,1,11,39,7,1,15,57,12,1,17,80,16,1,24,103,23,1
4YIJ,4040,B,249,LEU,C,8,27,6,1,11,41,8,1,15,59,12,1,18,88,17,1,27,110,25,1
4YIJ,4041,B,249,LEU,C,5,21,4,0,10,34,6,1,12,44,10,1,16,64,14,1,23,93,18,1
4YIJ,4042,B,249,LEU,C,7,22,4,1,12,40,10,1,14,63,11,1,21,90,22,1,28,115,27,1
4YIJ,4043,B,249,LEU,H,8,28,7,1,12,50,8,1,14,70,14,1,21,90,22,1,30,113,26,1
4YIJ,4044,B,249,LEU,H,8,23,6,0,10,34,8,1,14,51,10,1,15,69,13,1,20,88,21,1
4YIJ,4045,B,249,LEU,H,8,31,7,1,14,46,11,1,17,72,13,1,24,97,21,1,29,122,27,1
4YIJ,4046,B,249,LEU,H,4,18,4,0,7,36,6,1,13,50,10,1,18,67,15,1,24,93,18,1
4YIJ,4047,B,249,LEU,H,3,17,4,0,11,30,6,1,11,41,8,1,14,57,11,1,18,82,19,1
4YIJ,4048,B,249,LEU,H,6,19,5,0,8,33,7,0,13,45,11,1,17,60,13,1,21,90,16,1
4YIJ,4049,B,249,LEU,H,6,24,5,1,10,39,7,1,16,65,15,1,23,94,19,1,30,118,25,1
4YIJ,4050,B,249,LEU,H,7,30,5,1,13,46,11,1,16,74,15,1,24,102,24,1,30,132,30,1
4YIJ,4051,B,249,LEU,H,6,21,4,1,9,34,7,1,14,56,11,1,19,76,16,1,25,107,25,1
4YIJ,4052,B,250,LEU,N,9,41,9,1,11,54,14,1,20,77,21,1,30,100,25,1,36,127,35,1
4YIJ,4053,B,250,LEU,CA,9,45,11,0,15,61,16,1,26,88,23,1,34,110,32,1,40,142,34,1
4YIJ,4054,B,250,LEU,C,11,42,10,0,15,61,16,0,21,78,21,1,32,104,30,1,38,137,34,1
4YIJ,4055,B,250,LEU,O,10,41,13,0,16,61,16,0,25,86,24,1,34,109,28,1,41,146,35,1
4YIJ,4056,B,250,LEU,HN,8,42,8,1,12,59,15,1,21,79,19,1,29,99,25,1,34,123,33,1
4YIJ,4057,B,250,LEU,H,11,41,12,1,14,64,15,1,25,87,25,1,36,114,30,1,42,145,35,1
4YIJ,4058,B,250,LEU,C,10,51,9,1,19,68,17,1,25,95,28,1,31,122,34,1,43,147,40,1
4YIJ,4059,B,250,LEU,C,14,46,10,1,18,72,16,1,25,101,28,1,36,131,36,1,43,158,45,1
4YIJ,4060,B,250,LEU,C,10,40,12,1,19,65,13,1,26,94,20,1,29,128,34,1,37,163,44,1
4YIJ,4061,B,250,LEU,C,10,46,9,1,17,70,15,1,29,106,29,1,38,134,39,1,44,166,46,1
4YIJ,4062,B,250,LEU,H,14,50,12,0,21,70,18,1,25,92,28,1,35,119,37,1,42,156,40,1
4YIJ,4063,B,250,LEU,H,11,45,8,1,18,74,18,1,26,91,26,1,33,117,34,1,38,143,42,1
4YIJ,4064,B,250,LEU,H,13,50,13,1,17,71,21,1,24,100,25,1,34,129,34,1,45,175,46,1
4YIJ,4065,B,250,LEU,H,11,43,12,1,20,63,14,1,25,99,19,1,29,129,32,1,38,168,44,2
4YIJ,4066,B,250,LEU,H,9,47,11,1,15,64,14,1,24,90,19,1,30,124,31,1,36,155,44,1
4YIJ,4067,B,250,LEU,H,11,37,9,1,17,63,13,1,22,91,19,1,30,123,29,1,38,152,42,1
4YIJ,4068,B,250,LEU,H,10,47,9,1,19,76,16,1,28,100,24,1,37,138,39,1,44,180,46,1
4YIJ,4069,B,250,LEU,H,10,39,9,1,20,69,17,1,28,108,30,1,38,136,38,1,47,166,46,1
4YIJ,4070,B,250,LEU,H,11,48,7,1,16,73,15,1,29,101,27,1,38,134,37,1,43,168,47,1
4YIJ,4071,B,251,ARG,N,9,40,10,0,10,54,14,0,16,68,21,0,21,89,26,1,30,116,30,1
4YIJ,4072,B,251,ARG,CA,8,37,11,0,11,44,12,0,14,60,18,0,20,84,23,0,25,111,31,1
4YIJ,4073,B,251,ARG,C,9,30,10,0,10,44,12,0,15,60,16,0,19,80,23,0,29,101,29,0
4YIJ,4074,B,251,ARG,O,8,27,10,0,11,39,12,0,16,63,15,0,21,84,22,0,29,102,29,0
4YIJ,4075,B,251,ARG,HN,9,39,9,0,11,50,14,0,14,67,20,0,21,84,25,1,30,111,28,1
4YIJ,4076,B,251,ARG,H,8,33,10,0,12,47,15,0,17,66,20,0,20,99,23,0,31,116,32,0
4YIJ,4077,B,251,ARG,C,8,31,10,0,10,39,13,0,11,50,15,0,15,67,20,0,21,95,25,0
4YIJ,4078,B,251,ARG,C,9,26,10,0,11,42,13,0,11,55,16,0,14,73,19,0,26,94,28,0
4YIJ,4079,B,251,ARG,C,4,21,7,0,9,29,11,0,11,43,14,0,13,62,19,0,22,75,23,0
4YIJ,4080,B,251,ARG,N,2,20,7,0,8,27,10,0,11,42,15,0,17,61,19,0,22,79,23,0
4YIJ,4081,B,251,ARG,C,3,16,7,0,5,26,10,0,11,41,14,0,16,61,17,0,24,79,22,0
4YIJ,4082,B,251,ARG,N,2,13,7,0,7,26,9,0,12,47,13,0,18,63,17,0,21,83,21,0
4YIJ,4083,B,251,ARG,N,2,16,7,0,6,22,10,0,9,41,13,0,17,55,18,0,21,76,20,0
4YIJ,4084,B,251,ARG,H,8,28,9,0,9,35,12,0,11,44,15,0,14,63,17,0,21,86,24,0
4YIJ,4085,B,251,ARG,H,9,27,9,0,9,39,11,0,11,48,14,0,14,59,18,0,18,80,22,0
4YIJ,4086,B,251,ARG,H,7,30,10,0,11,44,13,0,12,61,18,0,19,78,22,0,27,98,31,1
4YIJ,4087,B,251,ARG,H,10,27,10,0,11,46,14,0,11,61,17,0,20,79,21,0,29,104,28,0
4YIJ,4088,B,251,ARG,H,3,17,8,0,7,28,9,0,11,35,13,0,12,54,16,0,17,76,20,0
4YIJ,4089,B,251,ARG,H,6,15,7,0,6,27,9,0,10,39,13,0,13,54,17,0,17,68,22,0
4YIJ,4090,B,251,ARG,HN,3,16,6,0,8,29,11,0,11,44,14,0,18,59,20,0,22,77,22,0
4YIJ,4091,B,251,ARG,HN,2,14,7,0,8,31,10,0,12,54,13,0,18,72,19,0,23,87,23,0
4YIJ,4092,B,251,ARG,HN,3,15,4,0,5,27,11,0,10,44,12,0,16,58,15,0,21,80,20,0
4YIJ,4093,B,251,ARG,HN,1,16,6,0,7,26,8,0,10,41,16,0,17,55,19,0,21,77,22,0
4YIJ,4094,B,251,ARG,HN,2,15,6,0,5,23,10,0,8,36,12,0,13,50,16,0,21,73,18,0
4YIJ,4095,B,252,LYS,N,9,31,9,0,11,43,12,0,14,59,16,0,20,73,19,0,29,91,27,0
4YIJ,4096,B,252,LYS,CA,7,27,7,0,10,37,12,0,14,52,16,0,20,72,19,0,28,87,22,0
4YIJ,4097,B,252,LYS,C,9,29,8,0,13,46,14,0,16,61,17,0,24,77,22,0,30,102,26,0
4YIJ,4098,B,252,LYS,O,9,28,9,0,14,39,12,0,15,60,18,0,24,80,21,0,31,102,28,0
4YIJ,4099,B,252,LYS,HN,8,32,8,0,11,45,11,0,13,58,15,0,20,71,21,0,26,87,26,1
4YIJ,4100,B,252,LYS,H,7,22,7,0,10,35,11,0,13,40,13,0,19,65,17,0,25,84,22,0
4YIJ,4101,B,252,LYS,C,7,20,7,0,9,34,9,0,12,48,13,0,18,63,16,0,21,77,20,0
4YIJ,4102,B,252,LYS,C,7,15,5,0,8,28,7,0,14,42,10,0,16,53,15,0,19,70,19,0
4YIJ,4103,B,252,LYS,C,2,9,4,0,6,21,5,0,10,32,8,0,13,47,12,0,17,59,14,0
4YIJ,4104,B,252,LYS,C,1,1,2,0,3,11,4,0,8,25,6,0,11,36,8,0,15,52,15,0
4YIJ,4105,B,252,LYS,N,1,4,2,0,5,13,4,0,8,27,6,0,13,40,12,0,17,56,17,0
4YIJ,4106,B,252,LYS,H,7,21,7,0,9,38,9,0,13,57,13,0,19,71,16,0,24,84,21,1
4YIJ,4107,B,252,LYS,H,8,21,5,0,9,30,9,0,12,42,11,0,14,56,15,0,21,73,20,0
4YIJ,4108,B,252,LYS,H,4,14,4,0,7,25,7,0,12,33,10,0,15,47,12,0,20,66,19,0
4YIJ,4109,B,252,LYS,H,7,19,7,0,11,31,8,0,14,43,11,0,16,63,17,0,22,76,20,0
4YIJ,4110,B,252,LYS,H,4,12,3,0,6,24,7,0,10,34,10,0,13,55,11,0,18,67,14,0
4YIJ,4111,B,252,LYS,H,2,10,3,0,5,16,5,0,10,27,8,0,11,41,11,0,14,55,15,0
4YIJ,4112,B,252,LYS,H,0,1,1,0,2,8,3,0,4,18,5,0,9,30,8,0,13,46,11,0
4YIJ,4113,B,252,LYS,H,1,0,0,0,1,6,3,0,4,15,5,0,10,30,7,0,13,45,12,0
4YIJ,4114,B,252,LYS,HN,0,2,1,0,4,7,2,0,6,20,6,0,11,37,11,0,17,56,16,0
4YIJ,4115,B,252,LYS,HN,3,4,2,0,5,17,5,0,10,25,9,0,14,44,13,0,17,60,19,0
4YIJ,4116,B,252,LYS,HN,3,9,3,0,6,19,5,0,10,33,8,0,15,44,12,0,18,64,20,0
4YIJ,4117,B,253,ALA,N,11,42,10,0,13,59,14,0,21,68,19,0,30,88,26,0,35,121,29,1
4YIJ,4118,B,253,ALA,CA,14,45,11,0,19,61,17,0,23,77,25,0,30,101,26,0,39,136,35,1
4YIJ,4119,B,253,ALA,C,15,40,11,0,19,58,19,0,25,92,23,0,32,116,30,0,39,140,37,0
4YIJ,4120,B,253,ALA,O,16,39,12,0,19,61,19,0,25,88,25,0,34,116,29,0,40,142,35,0
4YIJ,4121,B,253,ALA,HN,9,45,10,0,14,59,13,0,21,73,19,0,29,86,23,1,35,115,32,1
4YIJ,4122,B,253,ALA,H,13,43,11,0,18,57,17,0,27,74,22,0,29,97,27,0,32,123,34,1
4YIJ,4123,B,253,ALA,C,14,49,13,0,20,66,15,0,23,83,23,1,32,112,32,1,41,147,37,1
4YIJ,4124,B,253,ALA,H,16,49,13,0,18,71,15,0,28,90,27,1,34,119,33,1,42,151,38,1
4YIJ,4125,B,253,ALA,H,14,48,14,0,19,66,19,0,25,89,25,1,32,121,30,1,43,152,37,1
4YIJ,4126,B,253,ALA,H,14,48,12,0,19,65,16,0,22,82,21,1,32,105,28,1,41,134,36,1
4YIJ,4127,B,254,GLU,N,12,40,10,0,17,59,15,0,26,85,20,0,31,113,31,0,41,142,32,0
4YIJ,4128,B,254,GLU,CA,11,42,11,0,19,62,13,0,25,81,22,0,36,116,28,0,40,143,35,0
4YIJ,4129,B,254,GLU,C,10,37,9,0,15,56,13,0,25,78,19,0,30,95,26,0,40,124,33,0
4YIJ,4130,B,254,GLU,O,10,39,10,0,20,57,13,0,24,82,21,0,31,98,28,0,37,123,33,0
4YIJ,4131,B,254,GLU,HN,9,38,10,0,18,59,15,0,25,83,22,0,34,109,25,0,38,140,33,1
4YIJ,4132,B,254,GLU,H,13,46,11,0,20,64,15,0,26,92,24,0,35,122,29,0,45,149,37,0
4YIJ,4133,B,254,GLU,C,12,41,8,0,16,59,14,0,24,79,19,0,31,105,27,0,43,141,33,0
4YIJ,4134,B,254,GLU,C,11,45,9,0,19,58,10,0,25,71,18,0,28,98,24,0,38,132,33,0
4YIJ,4135,B,254,GLU,C,9,35,7,0,16,51,9,0,21,70,14,0,26,97,25,0,34,127,33,0
4YIJ,4136,B,254,GLU,O,10,28,4,0,14,45,9,0,17,63,15,0,26,85,18,0,33,110,27,0
4YIJ,4137,B,254,GLU,O,8,31,7,0,13,49,9,0,24,75,12,0,29,101,27,0,38,127,35,0
4YIJ,4138,B,254,GLU,H,12,34,9,0,14,54,12,0,21,73,18,0,27,99,24,0,39,125,31,0
4YIJ,4139,B,254,GLU,H,13,38,10,0,17,61,17,0,24,87,20,0,34,116,27,0,38,147,38,0
4YIJ,4140,B,254,GLU,H,12,46,7,0,21,62,13,0,25,79,22,0,35,108,28,0,41,141,33,0
4YIJ,4141,B,254,GLU,H,11,39,7,0,16,56,12,0,21,65,15,0,30,86,23,0,36,122,33,0
4YIJ,4142,B,255,ALA,N,9,34,11,0,13,53,15,0,21,67,18,0,27,86,23,0,34,113,33,0
4YIJ,4143,B,255,ALA,CA,7,31,10,0,11,44,12,0,18,61,18,0,25,75,19,0,30,98,25,0
4YIJ,4144,B,255,ALA,C,10,27,8,0,15,46,15,0,20,60,17,0,22,75,20,0,29,93,28,0
4YIJ,4145,B,255,ALA,O,8,30,10,0,14,41,11,0,17,54,16,0,22,69,21,0,25,87,26,0
4YIJ,4146,B,255,ALA,HN,8,30,11,0,12,50,14,0,21,69,16,0,28,88,22,0,32,113,32,0
4YIJ,4147,B,255,ALA,H,9,32,9,0,12,44,11,0,16,56,14,0,23,72,19,0,31,93,26,0
4YIJ,4148,B,255,ALA,C,8,25,8,0,9,36,9,0,16,49,14,0,23,70,20,0,26,80,22,0
4YIJ,4149,B,255,ALA,H,7,26,6,0,9,32,9,0,13,40,13,0,20,59,17,0,24,75,22,0
4YIJ,4150,B,255,ALA,H,9,23,7,0,10,37,10,0,16,49,15,0,23,69,20,0,27,85,23,0
4YIJ,4151,B,255,ALA,H,7,22,7,0,8,33,11,0,16,49,15,0,23,68,16,0,26,82,21,0
4YIJ,4152,B,256,GLN,N,11,33,10,0,14,46,13,0,20,58,16,0,23,77,20,0,28,104,31,0
4YIJ,4153,B,256,GLN,CA,10,30,11,0,15,43,12,0,20,59,15,0,23,84,23,0,31,103,32,0
4YIJ,4154,B,256,GLN,C,13,35,12,0,17,54,14,0,19,69,19,0,26,92,27,0,33,117,32,0
4YIJ,4155,B,256,GLN,O,11,34,11,0,15,50,16,0,20,68,20,0,26,88,24,0,36,114,35,0
4YIJ,4156,B,256,GLN,HN,11,33,10,0,15,46,14,0,20,64,18,0,23,84,22,0,30,109,28,0
4YIJ,4157,B,256,GLN,H,11,27,9,0,12,34,12,0,18,49,16,0,20,74,20,0,27,96,28,0
4YIJ,4158,B,256,GLN,C,11,31,9,0,15,43,12,0,22,59,17,0,24,80,22,0,29,108,34,0
4YIJ,4159,B,256,GLN,C,10,22,6,0,14,36,9,0,16,45,16,0,21,61,22,0,27,94,27,0
4YIJ,4160,B,256,GLN,C,9,17,5,0,13,27,9,0,15,41,17,0,19,59,21,0,25,85,26,0
4YIJ,4161,B,256,GLN,O,9,13,5,0,11,27,10,0,14,37,14,0,15,48,20,0,22,72,26,0
4YIJ,4162,B,256,GLN,N,7,15,9,0,11,28,13,0,17,45,19,0,24,67,20,0,29,98,30,0
4YIJ,4163,B,256,GLN,H,11,29,8,0,17,44,13,0,23,61,17,0,25,87,26,0,31,117,34,0
4YIJ,4164,B,256,GLN,H,14,28,10,0,15,48,12,0,21,63,15,0,27,88,25,0,33,115,33,0
4YIJ,4165,B,256,GLN,H,8,21,5,0,15,36,8,0,18,45,15,0,21,66,24,0,29,96,29,0
4YIJ,4166,B,256,GLN,H,10,22,7,0,13,33,8,0,15,43,14,0,20,57,20,0,28,84,26,0
4YIJ,4167,B,256,GLN,HN,8,17,9,0,13,30,16,0,20,52,18,0,27,80,24,0,30,108,36,0
4YIJ,4168,B,256,GLN,HN,7,13,7,0,9,25,12,0,15,41,19,0,24,67,25,0,31,98,33,0
4YIJ,4169,B,257,ALA,N,17,48,14,0,17,63,17,0,23,79,25,0,31,109,29,0,40,139,33,0
4YIJ,4170,B,257,ALA,CA,16,51,14,0,21,68,19,0,25,83,26,0,31,117,33,0,40,140,36,0
4YIJ,4171,B,257,ALA,C,13,50,15,0,20,69,18,0,25,84,25,0,30,105,31,0,36,125,37,0
4YIJ,4172,B,257,ALA,O,14,48,15,0,19,67,18,0,24,88,24,0,28,105,32,0,34,129,38,0
4YIJ,4173,B,257,ALA,HN,15,47,13,0,19,63,19,0,23,80,25,0,32,110,27,0,38,138,35,0
4YIJ,4174,B,257,ALA,H,17,46,14,0,20,67,19,0,26,90,26,0,29,116,33,0,40,139,37,0
4YIJ,4175,B,257,ALA,C,19,55,14,0,24,77,22,0,28,95,28,0,33,124,32,0,38,156,37,0
4YIJ,4176,B,257,ALA,H,20,58,14,0,23,78,21,0,27,96,30,0,31,128,31,0,40,155,38,0
4YIJ,4177,B,257,ALA,H,18,50,16,0,23,78,20,0,29,96,28,0,33,120,34,0,41,155,37,0
4YIJ,4178,B,257,ALA,H,17,50,15,0,24,70,21,0,30,107,26,0,35,130,34,0,38,155,38,0
4YIJ,4179,B,258,LYS,N,12,42,12,0,15,60,19,0,23,78,26,0,29,91,28,0,33,118,35,0
4YIJ,4180,B,258,LYS,CA,9,39,10,0,13,50,15,0,18,70,24,0,25,85,28,0,33,104,31,0
4YIJ,4181,B,258,LYS,C,10,37,10,0,12,47,14,0,17,59,19,0,21,78,28,0,26,93,32,0
4YIJ,4182,B,258,LYS,O,10,35,11,0,11,44,11,0,14,57,18,0,19,71,22,0,22,86,32,0
4YIJ,4183,B,258,LYS,HN,11,40,11,0,16,61,19,0,23,75,24,0,29,97,27,0,35,114,32,0
4YIJ,4184,B,258,LYS,H,11,37,11,0,16,55,15,0,17,70,23,0,23,84,27,0,32,113,33,0
4YIJ,4185,B,258,LYS,C,10,32,8,0,11,42,12,0,14,60,20,0,23,82,26,0,31,103,29,0
4YIJ,4186,B,258,LYS,C,9,26,7,0,11,39,12,0,13,50,16,0,17,65,20,0,25,87,27,0
4YIJ,4187,B,258,LYS,C,3,18,5,0,8,30,7,0,13,40,12,0,16,58,17,0,21,80,25,0
4YIJ,4188,B,258,LYS,C,1,9,2,0,4,20,7,0,8,34,10,0,13,47,13,0,17,56,17,0
4YIJ,4189,B,258,LYS,N,0,6,1,0,3,11,3,0,4,23,7,0,8,35,9,0,16,51,13,0
4YIJ,4190,B,258,LYS,H,8,28,8,0,11,40,12,0,14,58,16,0,20,74,23,0,30,98,27,0
4YIJ,4191,B,258,LYS,H,9,30,8,0,10,43,14,0,17,62,21,0,28,94,28,0,33,112,31,0
4YIJ,4192,B,258,LYS,H,9,28,6,0,12,41,13,0,14,54,17,0,18,68,20,0,23,88,29,0
4YIJ,4193,B,258,LYS,H,7,27,7,0,10,37,8,0,12,48,15,0,15,60,18,0,20,72,25,0
4YIJ,4194,B,258,LYS,H,3,19,3,0,5,25,8,0,11,34,11,0,14,53,15,0,22,76,21,0
4YIJ,4195,B,258,LYS,H,3,18,6,0,7,27,7,0,15,41,13,0,18,64,19,0,25,87,24,0
4YIJ,4196,B,258,LYS,H,2,13,3,0,4,21,7,0,9,35,10,0,13,49,14,0,18,65,21,0
4YIJ,4197,B,258,LYS,H,2,9,1,0,3,20,5,0,7,30,8,0,13,42,11,0,14,53,16,0
4YIJ,4198,B,258,LYS,HN,0,4,1,0,1,10,1,0,3,15,6,0,6,28,9,0,13,42,10,0
4YIJ,4199,B,258,LYS,HN,0,5,0,0,1,10,3,0,4,20,5,0,7,28,9,0,14,50,13,0
4YIJ,4200,B,258,LYS,HN,1,9,1,0,2,14,4,0,6,25,6,0,9,35,11,0,18,62,14,0
4YIJ,4201,B,259,LYS,N,10,34,10,0,13,44,14,0,16,52,19,0,20,69,26,0,26,94,32,0
4YIJ,4202,B,259,LYS,CA,8,28,9,0,9,35,11,0,13,48,19,0,18,63,23,0,22,87,27,0
4YIJ,4203,B,259,LYS,C,8,26,10,0,9,36,13,0,14,51,20,0,21,68,24,0,27,93,32,0
4YIJ,4204,B,259,LYS,O,7,21,10,0,9,30,13,0,11,45,20,0,19,69,24,0,24,85,30,0
4YIJ,4205,B,259,LYS,HN,9,34,10,0,14,44,15,0,17,57,18,0,23,74,25,0,27,95,31,0
4YIJ,4206,B,259,LYS,H,7,21,6,0,9,31,11,0,11,42,17,0,16,57,21,0,20,75,25,0
4YIJ,4207,B,259,LYS,C,7,21,10,0,11,28,14,0,13,42,15,0,17,59,22,0,23,82,27,0
4YIJ,4208,B,259,LYS,C,6,17,9,0,7,26,12,0,11,34,14,0,14,51,20,0,20,72,25,0
4YIJ,4209,B,259,LYS,C,3,14,7,0,6,20,9,0,9,29,15,0,13,43,17,0,21,62,24,0
4YIJ,4210,B,259,LYS,C,2,4,5,0,3,14,9,0,9,28,10,0,13,38,18,0,18,51,24,0
4YIJ,4211,B,259,LYS,N,1,5,4,0,3,10,6,0,6,24,10,0,11,35,15,0,21,53,24,0
4YIJ,4212,B,259,LYS,H,9,23,11,0,12,32,14,0,14,45,16,0,17,65,23,0,27,89,25,0
4YIJ,4213,B,259,LYS,H,7,21,7,0,8,27,13,0,14,39,15,0,17,56,20,0,20,72,24,0
4YIJ,4214,B,259,LYS,H,6,13,6,0,7,26,10,0,8,33,12,0,13,45,21,0,20,64,23,0
4YIJ,4215,B,259,LYS,H,6,17,11,0,7,26,12,0,13,40,15,0,16,55,21,0,23,75,28,0
4YIJ,4216,B,259,LYS,H,4,13,7,0,6,21,9,0,10,29,16,0,15,44,20,0,24,69,27,0
4YIJ,4217,B,259,LYS,H,3,12,7,0,6,18,9,0,9,24,13,0,12,39,17,0,19,59,20,0
4YIJ,4218,B,259,LYS,H,2,4,4,0,3,10,7,0,7,25,9,0,12,39,13,0,14,49,19,0
4YIJ,4219,B,259,LYS,H,2,5,6,0,4,22,10,0,9,28,11,0,14,47,18,0,22,60,26,0
4YIJ,4220,B,259,LYS,HN,2,6,4,0,3,8,5,0,7,19,9,0,10,38,16,0,18,49,22,0
4YIJ,4221,B,259,LYS,HN,2,6,4,0,3,14,10,0,8,27,12,0,15,42,20,0,22,60,27,0
4YIJ,4222,B,259,LYS,HN,1,5,4,0,3,10,5,0,4,18,9,0,10,32,13,0,19,50,22,0
4YIJ,4223,B,260,GLU,N,9,30,11,0,12,46,15,0,18,61,16,0,24,80,28,0,33,104,32,0
4YIJ,4224,B,260,GLU,CA,9,33,10,0,13,49,14,0,20,58,19,0,28,85,27,0,35,115,36,0
4YIJ,4225,B,260,GLU,C,9,37,8,0,13,48,13,0,21,69,21,0,29,87,29,0,35,113,33,0
4YIJ,4226,B,260,GLU,O,9,35,11,0,13,47,14,0,22,65,20,0,28,91,28,0,36,119,35,0
4YIJ,4227,B,260,GLU,HN,9,37,10,0,15,51,15,0,20,65,18,0,27,86,24,0,34,107,32,0
4YIJ,4228,B,260,GLU,H,8,27,8,0,13,44,15,0,18,57,20,0,26,77,26,0,34,112,35,0
4YIJ,4229,B,260,GLU,C,10,37,11,0,16,49,18,0,24,68,20,0,33,93,28,0,39,127,38,0
4YIJ,4230,B,260,GLU,C,12,32,11,0,15,44,15,0,22,66,20,0,29,87,29,0,40,119,34,0
4YIJ,4231,B,260,GLU,C,13,31,9,0,18,47,15,0,25,68,24,0,32,91,28,0,42,122,37,0
4YIJ,4232,B,260,GLU,O,15,33,9,0,18,54,17,0,25,76,24,0,36,103,30,0,43,127,43,0
4YIJ,4233,B,260,GLU,O,10,25,9,0,17,39,13,0,22,63,20,0,32,90,28,0,36,119,35,0
4YIJ,4234,B,260,GLU,H,10,37,11,0,17,44,16,0,23,73,22,0,33,103,30,0,42,128,37,0
4YIJ,4235,B,260,GLU,H,12,40,13,0,17,55,17,0,25,75,20,0,33,96,27,0,37,130,39,0
4YIJ,4236,B,260,GLU,H,11,29,9,0,13,40,15,0,19,58,20,0,28,83,27,0,36,108,32,0
4YIJ,4237,B,260,GLU,H,11,28,10,0,16,46,15,0,19,58,22,0,26,81,30,0,40,117,37,0
4YIJ,4238,B,261,LYS,N,8,36,9,0,12,52,16,0,17,68,22,0,21,85,30,0,31,102,32,0
4YIJ,4239,B,261,LYS,CA,8,36,12,0,11,51,14,0,15,66,23,0,21,80,26,0,26,100,32,0
4YIJ,4240,B,261,LYS,C,9,39,11,0,16,55,18,0,17,71,22,0,23,91,29,0,31,115,31,0
4YIJ,4241,B,261,LYS,O,8,39,11,0,13,52,18,0,17,67,21,0,23,84,25,0,27,113,34,0
4YIJ,4242,B,261,LYS,HN,9,32,11,0,13,48,15,0,17,69,22,0,23,86,26,0,28,98,33,0
4YIJ,4243,B,261,LYS,H,11,38,12,0,11,52,15,0,14,66,20,0,21,79,26,0,26,100,28,0
4YIJ,4244,B,261,LYS,C,8,24,10,0,9,44,15,0,14,58,17,0,14,68,22,0,22,89,29,0
4YIJ,4245,B,261,LYS,C,6,23,8,0,8,34,11,0,12,49,16,0,15,64,21,0,18,75,22,0
4YIJ,4246,B,261,LYS,C,5,13,7,0,5,22,10,0,9,34,14,0,11,50,16,0,15,67,20,0
4YIJ,4247,B,261,LYS,C,1,11,7,0,5,17,8,0,6,27,11,0,9,38,13,0,13,52,17,0
4YIJ,4248,B,261,LYS,N,2,9,6,0,4,19,8,0,6,27,10,0,8,35,13,0,14,53,17,0
4YIJ,4249,B,261,LYS,H,8,23,12,0,10,40,15,0,13,52,16,0,15,66,19,0,20,87,27,0
4YIJ,4250,B,261,LYS,H,7,27,10,0,11,41,13,0,13,55,17,0,15,71,25,0,21,92,31,0
4YIJ,4251,B,261,LYS,H,5,22,10,0,7,36,12,0,11,50,13,0,18,64,22,0,21,79,25,0
4YIJ,4252,B,261,LYS,H,7,24,8,0,8,34,13,0,12,44,16,0,14,62,19,0,19,73,22,0
4YIJ,4253,B,261,LYS,H,3,12,8,0,6,19,11,0,9,31,14,0,11,48,16,0,15,63,17,0
4YIJ,4254,B,261,LYS,H,2,11,8,0,6,21,9,0,8,35,13,0,11,56,16,0,17,72,25,0
4YIJ,4255,B,261,LYS,H,2,11,7,0,5,19,9,0,7,26,10,0,9,34,14,0,11,48,16,0
4YIJ,4256,B,261,LYS,H,0,3,6,0,2,13,8,0,5,20,10,0,7,28,11,0,10,46,15,0
4YIJ,4257,B,261,LYS,HN,0,5,5,0,2,13,6,0,7,23,8,0,7,29,12,0,9,41,13,0
4YIJ,4258,B,261,LYS,HN,2,8,6,0,2,14,7,0,6,26,10,0,8,41,12,0,15,57,23,0
4YIJ,4259,B,261,LYS,HN,2,16,6,0,6,24,8,0,8,31,10,0,11,41,15,0,16,57,20,0
4YIJ,4260,B,262,LEU,N,13,42,15,0,17,54,18,0,21,82,23,0,28,106,30,0,38,130,37,0
4YIJ,4261,B,262,LEU,CA,11,40,12,0,18,59,17,0,20,83,23,0,31,118,32,0,42,142,42,0
4YIJ,4262,B,262,LEU,C,10,43,9,0,16,60,15,0,20,86,25,0,26,113,31,0,40,148,39,0
4YIJ,4263,B,262,LEU,O,11,45,12,0,17,61,19,0,20,86,24,0,27,121,33,0,39,149,38,0
4YIJ,4264,B,262,LEU,HN,12,46,13,0,16,58,20,0,23,80,23,0,29,109,30,0,37,133,38,0
4YIJ,4265,B,262,LEU,H,9,38,11,0,17,57,18,0,23,85,23,0,30,109,32,0,40,135,42,0
4YIJ,4266,B,262,LEU,C,14,38,12,0,18,57,18,0,25,96,26,0,38,121,34,0,43,148,42,0
4YIJ,4267,B,262,LEU,C,10,35,12,0,20,64,16,0,28,96,29,0,34,122,37,0,46,166,44,0
4YIJ,4268,B,262,LEU,C,11,36,10,0,19,64,19,0,29,91,27,0,35,123,34,0,45,155,45,0
4YIJ,4269,B,262,LEU,C,12,38,12,0,19,59,15,0,33,87,26,0,38,136,41,0,50,173,48,0
4YIJ,4270,B,262,LEU,H,15,42,15,0,19,63,20,0,28,90,24,0,34,123,31,0,43,149,43,0
4YIJ,4271,B,262,LEU,H,13,39,13,0,20,57,19,0,27,91,26,0,38,118,34,0,44,150,43,0
4YIJ,4272,B,262,LEU,H,12,38,12,0,19,69,17,0,26,88,24,0,36,122,35,0,49,168,43,0
4YIJ,4273,B,262,LEU,H,9,33,11,0,16,60,19,0,29,89,26,0,36,128,34,0,45,163,48,0
4YIJ,4274,B,262,LEU,H,10,37,13,0,19,59,20,0,30,89,26,0,36,119,36,0,45,152,42,0
4YIJ,4275,B,262,LEU,H,9,32,11,0,17,65,18,0,26,87,25,0,35,116,34,0,42,146,44,0
4YIJ,4276,B,262,LEU,H,14,36,10,0,20,62,19,0,32,86,25,0,42,139,38,0,48,177,50,0
4YIJ,4277,B,262,LEU,H,15,39,14,0,21,57,16,0,32,96,27,0,41,137,36,0,46,171,48,0
4YIJ,4278,B,262,LEU,H,12,39,9,0,23,59,18,0,32,84,31,0,38,129,38,0,51,168,49,0
4YIJ,4279,B,263,ASN,N,9,41,8,0,12,62,12,0,20,81,24,0,27,111,28,0,36,143,41,0
4YIJ,4280,B,263,ASN,CA,8,39,9,0,13,62,13,0,16,80,21,0,25,106,26,0,38,137,36,0
4YIJ,4281,B,263,ASN,C,11,37,9,0,14,58,13,0,17,84,20,0,26,103,27,0,31,134,34,0
4YIJ,4282,B,263,ASN,O,7,38,8,0,13,53,12,0,16,76,18,0,20,99,24,0,27,113,31,0
4YIJ,4283,B,263,ASN,HN,7,43,9,0,13,57,13,0,20,80,19,0,28,105,29,0,35,138,39,0
4YIJ,4284,B,263,ASN,H,8,38,8,0,11,57,12,0,16,74,16,0,25,105,24,0,32,132,34,0
4YIJ,4285,B,263,ASN,C,8,42,8,0,12,55,14,0,19,83,21,0,29,111,25,0,37,162,38,0
4YIJ,4286,B,263,ASN,C,6,39,7,0,11,58,11,0,20,86,19,0,30,115,30,0,43,155,41,0
4YIJ,4287,B,263,ASN,O,5,34,6,0,10,60,8,0,19,84,19,0,31,104,28,0,36,141,39,0
4YIJ,4288,B,263,ASN,N,7,39,7,0,12,58,12,0,17,88,19,0,31,127,30,0,44,167,41,0
4YIJ,4289,B,263,ASN,H,10,40,8,0,15,58,14,0,19,83,21,0,28,114,25,0,36,151,36,0
4YIJ,4290,B,263,ASN,H,10,43,12,0,12,61,16,0,23,89,19,0,29,126,28,0,38,171,40,0
4YIJ,4291,B,263,ASN,HN,9,40,9,0,11,61,15,0,21,91,21,0,30,122,29,0,46,169,42,0
4YIJ,4292,B,263,ASN,HN,8,40,6,0,11,57,14,0,18,84,21,0,31,124,31,0,45,169,39,1
4YIJ,4293,B,264,ILE,N,12,40,11,0,15,62,16,0,23,83,22,0,27,113,28,0,37,145,40,0
4YIJ,4294,B,264,ILE,CA,12,40,10,0,17,62,14,0,22,82,22,0,28,107,32,0,37,137,35,0
4YIJ,4295,B,264,ILE,C,7,39,9,0,15,58,16,0,20,82,21,0,29,97,29,0,34,129,37,0
4YIJ,4296,B,264,ILE,O,8,36,10,0,12,51,13,0,22,78,20,0,24,93,26,0,31,111,33,0
4YIJ,4297,B,264,ILE,HN,11,45,12,0,16,60,17,0,25,87,21,0,28,121,32,0,38,148,41,0
4YIJ,4298,B,264,ILE,H,11,41,8,0,18,57,17,0,20,76,20,0,25,98,27,0,30,125,36,0
4YIJ,4299,B,264,ILE,C,12,42,8,0,18,65,17,0,24,88,23,0,32,118,30,0,38,140,40,0
4YIJ,4300,B,264,ILE,C,10,42,11,0,15,70,18,0,28,95,25,0,34,120,34,0,42,150,41,0
4YIJ,4301,B,264,ILE,C,15,50,11,0,17,66,16,0,23,88,23,0,33,116,29,0,37,142,43,0
4YIJ,4302,B,264,ILE,C,9,47,12,0,18,70,17,0,27,96,25,0,34,121,34,0,40,152,44,0
4YIJ,4303,B,264,ILE,H,13,43,9,0,18,61,13,0,24,83,23,0,27,106,28,0,35,138,39,0
4YIJ,4304,B,264,ILE,H,12,39,10,0,15,64,16,0,26,90,24,0,34,116,32,0,40,144,41,0
4YIJ,4305,B,264,ILE,H,12,48,11,0,18,70,17,0,21,92,22,0,36,120,33,0,41,154,45,0
4YIJ,4306,B,264,ILE,H,14,51,12,0,19,67,19,0,25,87,24,0,32,119,30,0,37,149,43,0
4YIJ,4307,B,264,ILE,H,13,41,11,0,16,69,17,0,24,93,27,0,34,116,33,0,37,143,38,0
4YIJ,4308,B,264,ILE,H,12,44,11,0,17,64,16,0,24,83,20,0,30,107,30,0,33,130,37,0
4YIJ,4309,B,264,ILE,H,10,46,11,0,18,71,18,0,25,95,25,0,34,124,35,0,45,156,41,0
4YIJ,4310,B,264,ILE,H,10,47,12,0,17,73,17,0,28,103,25,0,32,125,38,0,43,158,49,0
4YIJ,4311,B,264,ILE,H,11,40,12,0,15,63,17,0,27,94,24,0,33,125,31,0,38,145,42,0
4YIJ,4312,B,265,TRP,N,9,38,8,0,11,53,15,0,18,72,22,0,27,97,27,0,38,126,39,0
4YIJ,4313,B,265,TRP,CA,8,37,9,0,11,47,14,0,16,63,23,0,21,86,27,0,34,113,33,0
4YIJ,4314,B,265,TRP,C,8,31,12,0,11,47,13,0,15,58,19,0,18,71,22,0,24,97,30,0
4YIJ,4315,B,265,TRP,O,10,29,12,0,11,39,13,0,13,53,16,0,16,64,21,0,20,82,27,0
4YIJ,4316,B,265,TRP,HN,11,37,10,0,14,51,16,0,18,78,23,0,27,109,31,0,36,129,40,0
4YIJ,4317,B,265,TRP,H,8,31,11,0,10,44,13,0,16,58,17,0,21,81,26,0,30,103,31,0
4YIJ,4318,B,265,TRP,C,10,40,11,0,14,48,17,0,18,67,23,0,24,91,30,0,29,111,33,0
4YIJ,4319,B,265,TRP,C,10,32,9,0,16,52,17,0,24,79,24,0,28,100,30,0,31,120,38,0
4YIJ,4320,B,265,TRP,C,10,37,15,0,19,62,19,0,25,85,24,0,30,111,35,0,35,131,40,0
4YIJ,4321,B,265,TRP,C,8,30,8,0,16,47,15,0,21,70,20,0,28,96,31,0,33,118,38,0
4YIJ,4322,B,265,TRP,N,14,38,13,0,20,61,20,0,26,83,25,0,28,111,32,0,40,141,42,0
4YIJ,4323,B,265,TRP,C,11,32,10,0,18,51,15,0,25,76,25,0,30,101,30,0,38,134,39,0
4YIJ,4324,B,265,TRP,C,6,19,7,0,12,41,10,0,18,57,18,0,25,86,27,0,29,103,35,0
4YIJ,4325,B,265,TRP,C,7,34,10,0,13,46,13,0,22,61,21,0,32,90,30,0,39,132,34,0
4YIJ,4326,B,265,TRP,C,3,20,5,0,9,30,9,0,16,48,16,0,26,75,25,0,28,106,35,0
4YIJ,4327,B,265,TRP,C,5,22,5,0,7,38,11,0,17,51,17,0,26,81,26,0,36,113,33,0
4YIJ,4328,B,265,TRP,H,12,36,12,0,13,47,15,0,16,59,20,0,22,78,26,0,27,101,33,0
4YIJ,4329,B,265,TRP,H,11,40,13,0,14,51,18,0,20,68,23,0,24,95,31,0,34,117,33,0
4YIJ,4330,B,265,TRP,H,12,41,15,0,20,64,21,0,24,92,23,0,28,113,33,0,35,133,41,0
4YIJ,4331,B,265,TRP,HN,14,46,13,0,19,67,20,0,27,87,26,0,34,117,32,0,38,148,43,0
4YIJ,4332,B,265,TRP,H,6,19,6,0,10,37,10,0,16,56,16,0,23,72,25,0,26,94,32,0
4YIJ,4333,B,265,TRP,H,7,39,7,0,16,48,16,0,21,69,21,0,33,97,28,0,41,135,39,0
4YIJ,4334,B,265,TRP,H,3,14,4,0,4,25,6,0,11,42,12,0,20,63,19,0,28,90,30,0
4YIJ,4335,B,265,TRP,H,4,23,4,0,7,30,7,0,12,46,14,0,25,74,23,0,33,102,30,0
4YIJ,4336,B,266,SER,N,8,34,13,0,10,51,15,0,16,67,17,0,20,82,22,0,26,99,29,0
4YIJ,4337,B,266,SER,CA,7,28,10,0,10,40,13,0,14,58,15,0,17,78,19,0,24,94,24,0
4YIJ,4338,B,266,SER,C,7,21,9,0,10,29,11,0,10,42,14,0,14,61,19,0,17,81,21,0
4YIJ,4339,B,266,SER,O,4,18,8,0,9,23,10,0,10,32,12,0,11,53,17,0,16,71,19,0
4YIJ,4340,B,266,SER,HN,8,36,11,0,10,52,15,0,15,70,18,0,24,88,21,0,27,108,31,0
4YIJ,4341,B,266,SER,H,7,25,12,0,10,43,13,0,15,62,17,0,18,77,20,0,22,91,23,0
4YIJ,4342,B,266,SER,C,9,27,9,0,10,43,12,0,11,60,16,0,20,78,20,0,24,96,26,0
4YIJ,4343,B,266,SER,OH,7,30,9,0,8,40,10,0,12,52,14,0,14,68,21,0,24,96,26,0
4YIJ,4344,B,266,SER,H,10,32,8,0,11,46,11,0,13,67,19,0,21,86,23,0,26,106,29,0
4YIJ,4345,B,266,SER,H,8,27,9,0,9,35,11,0,11,53,16,0,16,74,20,0,22,90,23,0
4YIJ,4346,B,266,SER,HO,7,21,7,0,8,34,9,0,11,45,13,0,13,61,19,0,19,83,24,0
4YIJ,4347,B,267,GLU,N,5,16,5,0,8,27,7,0,10,42,11,0,13,58,13,0,20,78,15,0
4YIJ,4348,B,267,GLU,CA,3,11,5,0,3,17,5,0,9,27,9,0,10,43,11,0,15,58,15,0
4YIJ,4349,B,267,GLU,C,1,5,3,0,3,10,5,0,7,21,6,0,10,32,8,0,11,46,11,0
4YIJ,4350,B,267,GLU,O,3,4,4,0,4,14,5,0,7,26,6,0,10,36,8,0,12,49,12,0
4YIJ,4351,B,267,GLU,HN,6,23,6,0,7,32,8,0,10,51,12,0,16,64,14,0,22,79,16,0
4YIJ,4352,B,267,GLU,H,3,8,4,0,4,19,7,0,8,29,8,0,11,46,10,0,17,61,13,0
4YIJ,4353,B,267,GLU,C,3,11,4,0,4,14,5,0,7,22,6,0,10,37,11,0,15,52,12,0
4YIJ,4354,B,267,GLU,C,3,14,5,0,6,21,6,0,8,30,8,0,13,42,12,0,15,54,12,0
4YIJ,4355,B,267,GLU,C,2,12,3,0,5,22,5,0,7,27,8,0,12,36,10,0,14,45,11,0
4YIJ,4356,B,267,GLU,O,2,8,3,0,3,14,4,0,6,24,6,0,9,28,9,0,14,37,10,0
4YIJ,4357,B,267,GLU,O,3,15,3,0,6,22,5,0,8,29,7,0,11,37,10,0,13,46,14,0
4YIJ,4358,B,267,GLU,H,1,8,2,0,3,11,3,0,4,14,6,0,7,26,7,0,11,41,12,0
4YIJ,4359,B,267,GLU,H,2,11,3,0,4,13,6,0,7,23,7,0,9,35,10,0,15,49,13,0
4YIJ,4360,B,267,GLU,H,5,19,6,0,8,30,8,0,13,40,10,0,13,49,12,0,17,62,15,0
4YIJ,4361,B,267,GLU,H,3,13,3,0,5,20,6,0,8,31,8,0,12,41,11,0,14,55,12,0
4YIJ,4362,B,267,GLU,O,1,4,2,0,1,7,3,0,5,12,5,0,6,21,7,0,10,33,9,0
