atom_number,atom_name,x,y,z,atom_type,bonds,Multipole_Atoms
1,N,-7.970363,-4.50258,-14.201603,231,"['2', '5', '6', '7']","2, 5, 6, 1"
2,CA,-6.731504,-5.103594,-13.691048,8,"['1', '3', '8', '9']","1, 3, 7, 3"
3,C,-6.99042,-6.559972,-13.257735,9,"['2', '4', '22']","2, 4, 6"
4,O,-8.141985,-6.999409,-13.131459,11,['3'],3
5,H,-7.909211,-3.517589,-14.442438,232,['1'],1
6,H,-8.717999,-4.570237,-13.519781,232,['1'],1
7,H,-8.305696,-4.987596,-15.028461,232,['1'],1
8,H,-6.01454,-5.13791,-14.544382,12,['2'],2
9,C,-6.130614,-4.287705,-12.501406,19,"['2', '10', '13', '14']","2, 4, 8, 9"
10,C,-5.839122,-2.778737,-12.750965,21,"['9', '11', '12', '15']","3, 5, 6, 7"
11,C,-5.21165,-2.146764,-11.479888,23,"['10', '16', '17', '18']","4, 6, 8, 9"
12,C,-4.88119,-2.576788,-13.95108,23,"['10', '19', '20', '21']","4, 8, 9, 7"
13,H,-5.177901,-4.777638,-12.182405,20,['9'],3
14,H,-6.814557,-4.387989,-11.622781,20,['9'],3
15,H,-6.801958,-2.250617,-12.963686,22,['10'],4
16,H,-5.01321,-1.061705,-11.633462,24,['11'],5
17,H,-4.239612,-2.618177,-11.206163,24,['11'],5
18,H,-5.881439,-2.223562,-10.593216,24,['11'],5
19,H,-4.636738,-1.49627,-14.084049,24,['12'],6
20,H,-5.312645,-2.918085,-14.915843,24,['12'],6
21,H,-3.914743,-3.113608,-13.807492,24,['12'],6
22,N,-5.915012,-7.329977,-12.951353,7,"['3', '23', '26']","3, 8, 6"
23,CA,-6.007687,-8.673781,-12.383826,8,"['22', '24', '27', '28']","6, 9, 8, 9"
24,C,-4.929678,-8.816808,-11.303368,9,"['23', '25', '40']","8, 7, 11"
25,O,-3.88979,-8.15754,-11.372389,11,['24'],9
26,HN,-4.952012,-6.965145,-12.98386,10,['22'],6
27,H,-7.005257,-8.782894,-11.883693,12,['23'],8
28,C,-5.855229,-9.774738,-13.464392,106,"['23', '29', '34', '35']","8, 8, 9, 10"
29,C,-4.467084,-9.92758,-14.046214,108,"['28', '30', '31']","9, 9, 8"
30,N,-4.109477,-9.501763,-15.298051,109,"['29', '32', '36']","8, 9, 11"
31,C,-3.335415,-10.463539,-13.471627,111,"['29', '33', '37']","8, 8, 7"
32,C,-2.800396,-9.757333,-15.512433,113,"['30', '33', '38']","9, 8, 6"
33,N,-2.317878,-10.339384,-14.394212,115,"['31', '32', '39']","8, 9, 10"
34,H,-6.582252,-9.612708,-14.293055,107,['28'],9
35,H,-6.132824,-10.762734,-13.030818,107,['28'],9
36,HN,-4.741101,-9.093715,-16.010775,110,['30'],9
37,H,-3.190502,-10.915839,-12.508269,112,['31'],8
38,H,-2.260965,-9.571902,-16.424185,114,['32'],9
39,HN,-1.347725,-10.653402,-14.247595,116,['33'],8
40,N,-5.221468,-9.679573,-10.304346,7,"['24', '41', '44']","9, 8, 9"
41,CA,-4.382627,-10.038536,-9.162854,8,"['40', '42', '45', '46']","11, 9, 12, 13"
42,C,-3.574802,-11.302506,-9.54131,9,"['41', '43', '62']","8, 8, 9"
43,O,-4.083855,-12.148447,-10.281477,11,['42'],9
44,HN,-6.069676,-10.256569,-10.379018,10,['40'],11
45,H,-3.668456,-9.209151,-8.939755,12,['41'],8
46,C,-5.326791,-10.311931,-7.940935,182,"['41', '47', '51', '52']","8, 12, 7, 3"
47,C,-6.080792,-9.047604,-7.424494,184,"['46', '48', '53', '54']","13, 7, 5, 6"
48,C,-7.401944,-9.344253,-6.667309,186,"['47', '49', '55', '56']","12, 14, 16, 9"
49,C,-8.253759,-8.122243,-6.233798,188,"['48', '50', '57', '58']","7, 15, 16, 9"
50,N,-8.697251,-7.273565,-7.332948,190,"['49', '59', '60', '61']","14, 16, 6, 8"
51,H,-4.750843,-10.764968,-7.108013,183,['46'],13
52,H,-6.056396,-11.112948,-8.212142,183,['46'],13
53,H,-6.309542,-8.382907,-8.289558,185,['47'],12
54,H,-5.401823,-8.453761,-6.766885,185,['47'],12
55,H,-7.166694,-9.943814,-5.754626,187,['48'],7
56,H,-8.042058,-10.012182,-7.290785,187,['48'],7
57,H,-7.702439,-7.499071,-5.49983,189,['49'],14
58,H,-9.162642,-8.482353,-5.697259,189,['49'],14
59,HN,-9.485759,-6.674722,-7.086281,191,['50'],15
60,HN,-9.016583,-7.799905,-8.133942,191,['50'],15
61,HN,-7.94301,-6.684961,-7.69385,191,['50'],15
62,N,-2.302949,-11.409497,-9.065981,7,"['42', '63', '66']","9, 17, 17"
63,CA,-1.364249,-12.524423,-9.228295,8,"['62', '64', '67', '68']","9, 17, 18, 17"
64,C,-0.819756,-12.938047,-7.842165,9,"['63', '65', '77']","17, 18, 17"
65,O,-0.637956,-12.0858,-6.966634,11,['64'],17
66,HN,-1.915284,-10.651953,-8.48972,10,['62'],9
67,H,-1.921424,-13.386262,-9.668825,12,['63'],17
68,C,-0.141274,-12.146647,-10.134494,153,"['63', '69', '73', '74']","17, 18, 17, 18"
69,C,-0.513272,-11.634743,-11.541673,155,"['68', '70', '75', '76']","17, 8, 17, 18"
70,C,0.517022,-11.794027,-12.647417,157,"['69', '71', '72']","18, 9, 17"
71,O,1.404114,-12.686923,-12.555249,158,['70'],8
72,O,0.369249,-11.065726,-13.674349,158,['70'],8
73,H,0.487133,-13.060004,-10.257589,154,['68'],17
74,H,0.517842,-11.403239,-9.628381,154,['68'],17
75,H,-0.790762,-10.557595,-11.470252,156,['69'],18
76,H,-1.422886,-12.187014,-11.876254,156,['69'],18
77,N,-0.536022,-14.252057,-7.60698,50,"['64', '78', '84']","17, 19, 18"
78,CA,-0.067101,-14.734226,-6.30396,51,"['77', '79', '81', '82']","17, 20, 9, 17"
79,C,1.350784,-14.281696,-5.928431,52,"['78', '80', '91']","19, 8, 22"
80,O,2.253676,-14.23574,-6.768651,53,['79'],20
81,H,-0.775906,-14.409081,-5.499854,54,['78'],19
82,C,-0.108704,-16.273445,-6.471004,55,"['78', '83', '85', '86']","19, 17, 17, 18"
83,C,0.260652,-16.4374,-7.948827,57,"['82', '84', '87', '88']","17, 18, 17, 21"
84,C,-0.603002,-15.3378,-8.577617,59,"['77', '83', '89', '90']","17, 17, 8, 9"
85,H,-1.136174,-16.664838,-6.280114,56,['82'],17
86,H,0.580282,-16.799194,-5.772782,56,['82'],17
87,H,0.039432,-17.445928,-8.363966,58,['83'],17
88,H,1.345849,-16.227727,-8.115523,58,['83'],17
89,H,-1.657038,-15.688276,-8.699364,60,['84'],18
90,H,-0.220663,-15.066971,-9.587073,60,['84'],18
91,N,1.566202,-14.049565,-4.611465,7,"['79', '92', '95']","20, 22, 24"
92,CA,2.851965,-13.745777,-3.996239,8,"['91', '93', '96', '97']","22, 23, 25, 22"
93,C,2.795388,-14.133423,-2.514775,9,"['92', '94', '101']","22, 22, 23"
94,O,1.723484,-14.117561,-1.91549,11,['93'],23
95,HN,0.789639,-14.095164,-3.931579,10,['91'],22
96,H,3.646286,-14.354692,-4.491003,12,['92'],22
97,C,3.142384,-12.234324,-4.142413,13,"['92', '98', '99', '100']","22, 22, 23, 22"
98,H,4.126378,-11.969202,-3.698875,14,['97'],22
99,H,2.3624,-11.628113,-3.629134,14,['97'],22
100,H,3.167801,-11.934714,-5.214691,14,['97'],22
101,N,3.945184,-14.485694,-1.896487,7,"['93', '102', '105']","23, 22, 23"
102,CA,4.018189,-14.84742,-0.482575,8,"['101', '103', '106', '107']","23, 23, 8, 9"
103,C,4.877457,-13.822175,0.262026,9,"['102', '104', '115']","22, 22, 24"
104,O,5.799875,-13.204775,-0.285697,11,['103'],23
105,HN,4.844053,-14.446233,-2.398328,10,['101'],23
106,H,2.991342,-14.798056,-0.036019,12,['102'],22
107,C,4.527306,-16.301928,-0.26821,37,"['102', '108', '109', '110']","22, 26, 24, 25"
108,OH,5.852099,-16.451327,-0.767909,39,"['107', '111']","9, 26"
109,C,3.633606,-17.316971,-1.006053,41,"['107', '112', '113', '114']","9, 27, 28, 27"
110,H,4.536687,-16.528794,0.826143,38,['107'],9
111,HO,6.155142,-17.3149,-0.490467,40,['108'],26
112,H,3.926324,-18.360272,-0.760973,42,['109'],24
113,H,3.694361,-17.205771,-2.10953,42,['109'],24
114,H,2.561528,-17.213572,-0.719018,42,['109'],24
115,N,4.536899,-13.581861,1.554507,7,"['103', '116', '119']","23, 25, 26"
116,CA,5.282977,-12.671528,2.41111,8,"['115', '117', '120', '121']","24, 8, 24, 25"
117,C,6.641661,-13.303185,2.73132,9,"['116', '118', '134']","25, 9, 27"
118,O,6.720605,-14.412961,3.257064,11,['117'],8
119,HN,3.718333,-14.041164,1.976239,10,['115'],24
120,H,5.435592,-11.719353,1.851822,12,['116'],25
121,C,4.520927,-12.376237,3.734154,19,"['116', '122', '125', '126']","25, 26, 27, 29"
122,C,5.230204,-11.341796,4.66439,21,"['121', '123', '124', '127']","25, 27, 28, 8"
123,C,5.240205,-9.927282,4.03251,23,"['122', '128', '129', '130']","26, 9, 26, 29"
124,C,4.491363,-11.287891,6.017863,23,"['122', '131', '132', '133']","26, 26, 27, 28"
125,H,4.411416,-13.341089,4.290688,20,['121'],25
126,H,3.47708,-12.044898,3.516015,20,['121'],25
127,H,6.284988,-11.651959,4.865641,22,['122'],26
128,H,5.569557,-9.154543,4.762848,24,['123'],27
129,H,4.233891,-9.624331,3.666219,24,['123'],27
130,H,5.945941,-9.865567,3.17593,24,['123'],27
131,H,4.973999,-10.573862,6.722441,24,['124'],28
132,H,4.496691,-12.287266,6.514361,24,['124'],28
133,H,3.42441,-10.996944,5.910621,24,['124'],28
134,N,7.719872,-12.525497,2.472518,7,"['117', '135', '138']","8, 24, 9"
135,CA,9.056627,-12.77525,2.977473,8,"['134', '136', '139', '140']","27, 25, 30, 31"
136,C,9.203223,-12.02918,4.3083,9,"['135', '137', '153']","24, 8, 8"
137,O,9.463007,-12.645462,5.33894,11,['136'],25
138,HN,7.599716,-11.636542,1.968662,10,['134'],27
139,H,9.154413,-13.856561,3.245128,12,['135'],24
140,C,10.182509,-12.440715,1.932624,25,"['135', '141', '142', '144']","24, 8, 9, 33"
141,C,10.024288,-13.374815,0.685363,27,"['140', '143', '145', '146']","31, 32, 34, 35"
142,C,11.598059,-12.611386,2.550558,29,"['140', '147', '148', '149']","31, 8, 9, 3"
143,C,10.980385,-13.046635,-0.471875,31,"['141', '150', '151', '152']","8, 5, 1, 4"
144,H,10.059839,-11.377941,1.614055,26,['140'],31
145,H,8.979763,-13.315718,0.298553,28,['141'],8
146,H,10.162989,-14.440681,0.985137,28,['141'],8
147,H,12.411203,-12.335779,1.844662,30,['142'],9
148,H,11.783828,-13.657982,2.882098,30,['142'],9
149,H,11.74079,-11.965706,3.445412,30,['142'],9
150,H,10.776737,-13.688772,-1.356885,32,['143'],32
151,H,12.042236,-13.214486,-0.189204,32,['143'],32
152,H,10.876042,-11.992009,-0.806983,32,['143'],32
153,N,8.997594,-10.684679,4.32309,7,"['136', '154', '157']","25, 9, 30"
154,CA,9.100593,-9.878409,5.53222,8,"['153', '155', '158', '159']","8, 8, 31, 8"
155,C,8.366054,-8.53861,5.391314,9,"['154', '156', '175']","9, 9, 8"
156,O,8.376407,-7.89437,4.335914,11,['155'],8
157,HN,8.73518,-10.170983,3.468422,10,['153'],8
158,H,8.62045,-10.455212,6.362281,12,['154'],9
159,C,10.607896,-9.62983,5.847133,182,"['154', '160', '164', '165']","9, 9, 33, 34"
160,C,10.884541,-9.144684,7.293057,184,"['159', '161', '166', '167']","8, 8, 35, 8"
161,C,12.401536,-9.040613,7.562314,186,"['160', '162', '168', '169']","9, 9, 9, 8"
162,C,12.840233,-8.910261,9.031974,188,"['161', '163', '170', '171']","8, 32, 9, 3"
163,N,12.484121,-10.073814,9.835049,190,"['162', '172', '173', '174']","9, 5, 1, 4"
164,H,11.028076,-8.898546,5.114137,183,['159'],8
165,H,11.17476,-10.578297,5.674231,183,['159'],8
166,H,10.400739,-9.843343,8.010502,185,['160'],9
167,H,10.408463,-8.147762,7.461417,185,['160'],9
168,H,12.803879,-8.171097,6.988834,187,['161'],8
169,H,12.915239,-9.930663,7.132432,187,['161'],8
170,H,12.425719,-7.991428,9.503998,189,['162'],9
171,H,13.95167,-8.80863,9.064363,189,['162'],9
172,HN,13.165929,-10.211464,10.583588,191,['163'],32
173,HN,12.472693,-10.940629,9.309926,191,['163'],32
174,HN,11.584205,-9.982705,10.291238,191,['163'],32
175,N,7.759309,-8.069449,6.51029,7,"['155', '176', '179']","8, 9, 12"
176,CA,7.199185,-6.727855,6.637802,8,"['175', '177', '180', '181']","8, 8, 8, 9"
177,C,8.363925,-5.764311,6.888918,9,"['176', '178', '185']","9, 9, 9"
178,O,9.195086,-6.02439,7.76099,11,['177'],8
179,HN,7.787482,-8.622295,7.377329,10,['175'],8
180,H,6.669099,-6.455162,5.69332,12,['176'],9
181,C,6.219552,-6.65246,7.83263,13,"['176', '182', '183', '184']","9, 8, 9, 36"
182,H,5.769244,-5.637328,7.913569,14,['181'],9
183,H,6.743056,-6.844179,8.7986,14,['181'],9
184,H,5.387073,-7.385964,7.741039,14,['181'],9
185,N,8.430031,-4.663828,6.098006,7,"['177', '186', '189']","8, 8, 9"
186,CA,9.461888,-3.644024,6.22382,8,"['185', '187', '190', '191']","9, 9, 37, 38"
187,C,8.902292,-2.49383,7.060079,9,"['186', '188', '204']","8, 8, 8"
188,O,9.293938,-2.31832,8.209844,11,['187'],9
189,HN,7.664589,-4.428801,5.449226,10,['185'],9
190,H,10.307794,-4.045026,6.835439,12,['186'],8
191,C,10.059004,-3.201385,4.84017,25,"['186', '192', '193', '195']","8, 8, 9, 9"
192,C,10.688203,-4.439071,4.115625,27,"['191', '194', '196', '197']","38, 36, 8, 9"
193,C,11.126881,-2.086247,5.023606,29,"['191', '198', '199', '200']","38, 8, 9, 37"
194,C,11.122975,-4.157099,2.668911,31,"['192', '201', '202', '203']","8, 38, 8, 9"
195,H,9.225036,-2.798988,4.214034,26,['191'],38
196,H,9.959009,-5.280305,4.102244,28,['192'],8
197,H,11.557317,-4.827653,4.698877,28,['192'],8
198,H,11.510663,-1.706318,4.051134,30,['193'],9
199,H,11.992047,-2.415189,5.640577,30,['193'],9
200,H,10.687356,-1.192494,5.522765,30,['193'],9
201,H,11.405228,-5.096748,2.143891,32,['194'],36
202,H,12.002407,-3.47801,2.640082,32,['194'],36
203,H,10.304529,-3.670882,2.094403,32,['194'],36
204,N,7.964154,-1.714844,6.476057,7,"['187', '205', '208']","9, 9, 1"
205,CA,7.307879,-0.581199,7.115115,8,"['204', '206', '209', '210']","8, 8, 4, 39"
206,C,5.865922,-0.500775,6.601007,9,"['205', '207', '216']","9, 9, 9"
207,O,5.310536,-1.462956,6.062485,11,['206'],8
208,HN,7.64666,-1.890884,5.510719,10,['204'],8
209,H,7.228748,-0.777091,8.208195,12,['205'],9
210,C,8.16044,0.694956,6.864193,137,"['205', '211', '214', '215']","9, 1, 9, 36"
211,C,8.455561,0.969298,5.403308,139,"['210', '212', '213']","39, 4, 8"
212,O,7.500374,0.942014,4.580049,140,['211'],1
213,O,9.655428,1.164105,5.068672,140,['211'],1
214,H,9.122929,0.590773,7.416677,138,['210'],39
215,H,7.682537,1.602485,7.299693,138,['210'],39
216,N,5.225444,0.672118,6.813238,1,"['206', '217', '220']","8, 8, 38"
217,CA,3.88393,0.931462,6.379017,2,"['216', '218', '221', '222']","9, 9, 40, 6"
218,C,3.616707,0.831625,4.884737,3,"['217', '219', '223']","8, 37, 3"
219,O,2.535436,0.356663,4.49568,5,['218'],9
220,HN,5.613194,1.364531,7.466662,4,['216'],9
221,H,3.190512,0.240968,6.905728,6,['217'],8
222,H,3.584567,1.951428,6.705094,6,['217'],8
223,N,4.557382,1.259476,3.999091,7,"['218', '224', '227']","9, 5, 1"
224,CA,4.330288,1.265923,2.557592,8,"['223', '225', '228', '229']","3, 1, 4, 40"
225,C,5.285235,0.419021,1.713328,9,"['224', '226', '235']","5, 4, 32"
226,O,5.015668,0.216254,0.516717,11,['225'],1
227,HN,5.513832,1.514834,4.307073,10,['223'],3
228,H,3.358744,0.75043,2.371508,12,['224'],5
229,C,4.153267,2.714558,2.023414,137,"['224', '230', '233', '234']","5, 6, 30, 31"
230,C,5.354416,3.633006,2.125967,139,"['229', '231', '232']","40, 41, 42"
231,O,6.457067,3.258187,1.695412,140,['230'],6
232,O,5.157336,4.802618,2.583004,140,['230'],6
233,H,3.290742,3.179745,2.551103,138,['229'],40
234,H,3.86116,2.668752,0.949901,138,['229'],40
235,N,6.323494,-0.215837,2.301262,7,"['225', '236', '239']","1, 33, 41"
236,CA,7.17729,-1.196938,1.664477,8,"['235', '237', '240', '241']","32, 34, 42, 7"
237,C,7.099049,-2.530448,2.420635,9,"['236', '238', '249']","33, 35, 45"
238,O,6.804079,-2.622093,3.614402,11,['237'],34
239,HN,6.624726,0.021502,3.258087,10,['235'],32
240,H,6.789974,-1.373578,0.632447,12,['236'],33
241,C,8.661294,-0.750044,1.536902,37,"['236', '242', '243', '244']","33, 3, 5, 6"
242,OH,9.303586,-0.695987,2.799268,39,"['241', '245']","7, 16"
243,C,8.871749,0.606002,0.841568,41,"['241', '246', '247', '248']","7, 6, 43, 44"
244,H,9.184337,-1.54047,0.946722,38,['241'],7
245,HO,9.108137,0.124311,3.252567,40,['242'],3
246,H,9.959239,0.820103,0.752404,42,['243'],5
247,H,8.414771,1.444831,1.420455,42,['243'],5
248,H,8.422757,0.605912,-0.173509,42,['243'],5
249,N,7.359879,-3.636334,1.686704,7,"['237', '250', '253']","34, 43, 47"
250,CA,7.430335,-4.998822,2.200866,8,"['249', '251', '254', '255']","45, 46, 48, 49"
251,C,8.207708,-5.864003,1.203042,9,"['250', '252', '271']","43, 46, 51"
252,O,8.230535,-5.577573,0.003073,11,['251'],46
253,HN,7.521851,-3.547623,0.671415,10,['249'],45
254,H,8.014383,-4.983713,3.154471,12,['250'],43
255,C,6.002504,-5.562432,2.465071,182,"['250', '256', '260', '261']","43, 50, 53, 54"
256,C,5.092827,-5.594095,1.209737,184,"['255', '257', '262', '263']","49, 50, 54, 55"
257,C,3.586755,-5.731235,1.508369,186,"['256', '258', '264', '265']","50, 51, 47, 48"
258,C,2.952121,-4.602478,2.351711,188,"['257', '259', '266', '267']","50, 52, 56, 45"
259,N,3.389696,-3.252591,2.005325,190,"['258', '268', '269', '270']","51, 50, 57, 58"
260,H,5.558769,-4.957556,3.291532,183,['255'],49
261,H,6.092334,-6.593353,2.887982,183,['255'],49
262,H,5.415033,-6.457345,0.579996,185,['256'],50
263,H,5.276656,-4.703476,0.562767,185,['256'],50
264,H,3.398783,-6.709233,2.013074,187,['257'],50
265,H,3.049233,-5.805951,0.533312,187,['257'],50
266,H,3.187657,-4.771937,3.426659,189,['258'],51
267,H,1.841005,-4.652361,2.27725,189,['258'],51
268,HN,2.988219,-2.557551,2.628387,191,['259'],52
269,HN,3.128477,-2.986074,1.060959,191,['259'],52
270,HN,4.397367,-3.151632,2.08437,191,['259'],52
271,N,8.859614,-6.94861,1.677263,7,"['251', '272', '275']","46, 53, 43"
272,CA,9.560979,-7.913462,0.845868,8,"['271', '273', '276', '277']","51, 59, 44, 54"
273,C,8.614845,-9.100212,0.630048,9,"['272', '274', '293']","53, 56, 54"
274,O,8.186746,-9.745249,1.597198,11,['273'],59
275,HN,8.74668,-7.2341,2.659754,10,['271'],51
276,H,9.772462,-7.439262,-0.142347,12,['272'],53
277,C,10.899939,-8.345181,1.527354,182,"['272', '278', '282', '283']","53, 47, 49, 50"
278,C,11.883089,-9.103427,0.599822,184,"['277', '279', '284', '285']","54, 43, 61, 58"
279,C,12.482155,-8.225495,-0.534057,186,"['278', '280', '286', '287']","47, 60, 51, 53"
280,C,13.958639,-7.835207,-0.3304,188,"['279', '281', '288', '289']","43, 60, 62, 48"
281,N,14.45232,-6.831355,-1.262017,190,"['280', '290', '291', '292']","60, 56, 48, 63"
282,H,10.661056,-8.988627,2.40844,183,['277'],54
283,H,11.417198,-7.455461,1.958833,183,['277'],54
284,H,11.357166,-9.98142,0.158144,185,['278'],47
285,H,12.701878,-9.544111,1.218933,185,['278'],47
286,H,11.87576,-7.30098,-0.658147,187,['279'],43
287,H,12.389758,-8.78092,-1.497041,187,['279'],43
288,H,14.618064,-8.726075,-0.405368,189,['280'],60
289,H,14.097622,-7.429205,0.697921,189,['280'],60
290,HN,15.332128,-6.444572,-0.928117,191,['281'],60
291,HN,13.78718,-6.059136,-1.332593,191,['281'],60
292,HN,14.63252,-7.181111,-2.198651,191,['281'],60
293,N,8.26563,-9.382664,-0.646325,7,"['273', '294', '297']","59, 56, 51"
294,CA,7.403579,-10.472349,-1.083284,8,"['293', '295', '298', '299']","54, 64, 58, 61"
295,C,8.191975,-11.343421,-2.068362,9,"['294', '296', '312']","56, 58, 66"
296,O,9.120345,-10.871254,-2.731669,11,['295'],64
297,HN,8.752124,-8.913957,-1.425441,10,['293'],54
298,H,7.116622,-11.106611,-0.209665,12,['294'],56
299,C,6.134627,-9.939375,-1.82,19,"['294', '300', '303', '304']","56, 56, 54, 63"
300,C,5.270533,-8.896688,-1.061591,21,"['299', '301', '302', '305']","61, 48, 56, 48"
301,C,4.06247,-8.49054,-1.941031,23,"['300', '306', '307', '308']","56, 61, 52, 58"
302,C,4.754008,-9.463577,0.279787,23,"['300', '309', '310', '311']","56, 58, 51, 65"
303,H,5.500773,-10.817625,-2.093696,20,['299'],61
304,H,6.454482,-9.500483,-2.795092,20,['299'],61
305,H,5.88682,-7.986183,-0.864054,22,['300'],56
306,H,3.439844,-7.713593,-1.445104,24,['301'],48
307,H,3.395927,-9.353504,-2.169657,24,['301'],48
308,H,4.390354,-8.066236,-2.917066,24,['301'],48
309,H,4.018494,-8.787681,0.769264,24,['302'],56
310,H,5.585801,-9.601207,1.003298,24,['302'],56
311,H,4.254529,-10.451598,0.155789,24,['302'],56
312,N,7.763385,-12.614907,-2.224443,7,"['295', '313', '316']","64, 67, 68"
313,CA,8.19528,-13.521654,-3.267612,8,"['312', '314', '317', '318']","66, 68, 67, 68"
314,C,7.087138,-13.487729,-4.329393,9,"['313', '315', '329']","67, 67, 76"
315,O,5.939192,-13.850972,-4.055424,11,['314'],68
316,HN,6.978112,-12.958618,-1.656189,10,['312'],66
317,H,9.156633,-13.147006,-3.689968,12,['313'],67
318,C,8.380659,-14.969029,-2.719779,175,"['313', '319', '322', '323']","67, 67, 71, 70"
319,C,9.050523,-15.889579,-3.760221,177,"['318', '320', '324', '325']","68, 69, 72, 73"
320,S,9.149796,-17.62947,-3.237823,179,"['319', '321']","67, 70"
321,C,10.354543,-17.511232,-1.886637,180,"['320', '326', '327', '328']","69, 74, 70, 75"
322,H,7.388844,-15.383336,-2.4132,176,['318'],68
323,H,8.987692,-14.944852,-1.788128,176,['318'],68
324,H,10.068189,-15.509206,-4.005392,178,['319'],67
325,H,8.472691,-15.84674,-4.711057,178,['319'],67
326,H,10.594728,-18.538571,-1.536338,181,['321'],70
327,H,9.920967,-16.936464,-1.039863,181,['321'],70
328,H,11.287941,-17.024845,-2.243838,181,['321'],70
329,N,7.422379,-13.029077,-5.555501,7,"['314', '330', '333']","68, 76, 78"
330,CA,6.544827,-12.907022,-6.714178,8,"['329', '331', '334', '335']","76, 76, 78, 78"
331,C,7.248073,-13.577462,-7.895478,9,"['330', '332', '350']","76, 77, 91"
332,O,8.430386,-13.327631,-8.130466,11,['331'],76
333,HN,8.415422,-12.854426,-5.772308,10,['329'],76
334,H,5.581855,-13.438125,-6.512471,12,['330'],76
335,C,6.260359,-11.410356,-7.015955,70,"['330', '336', '343', '344']","76, 78, 84, 85"
336,C,5.705126,-11.148642,-8.403877,72,"['335', '337', '338']","78, 79, 80"
337,C,4.401475,-11.525177,-8.770218,73,"['336', '339', '345']","78, 81, 86"
338,C,6.512959,-10.532756,-9.374402,73,"['336', '340', '346']","78, 82, 87"
339,C,3.927486,-11.289297,-10.069738,75,"['337', '341', '347']","79, 83, 88"
340,C,6.042518,-10.285991,-10.664107,75,"['338', '341', '348']","80, 83, 89"
341,C,4.745717,-10.666051,-11.022312,77,"['339', '340', '342']","81, 82, 81"
342,OH,4.291093,-10.425888,-12.285385,78,"['341', '349']","83, 90"
343,H,7.208605,-10.829746,-6.911379,71,['335'],78
344,H,5.558009,-10.989384,-6.259077,71,['335'],78
345,H,3.744199,-12.028959,-8.040876,74,['337'],79
346,H,7.55228,-10.26375,-9.137812,74,['338'],80
347,H,2.910927,-11.611297,-10.346925,76,['339'],81
348,H,6.706303,-9.798076,-11.396359,76,['340'],82
349,HO,4.914103,-9.930519,-12.798888,79,['342'],81
350,N,6.512968,-14.468574,-8.608912,7,"['331', '351', '354']","76, 92, 95"
351,CA,7.013584,-15.318336,-9.680595,8,"['350', '352', '355', '356']","91, 93, 96, 97"
352,C,8.306126,-16.043447,-9.262857,9,"['351', '353', '372']","92, 94"
353,O,9.271867,-16.102663,-10.014987,11,['352'],93
354,HN,5.516381,-14.603671,-8.391189,10,['350'],91
355,H,6.282486,-16.14989,-9.828903,12,['351'],92
356,C,7.157268,-14.530182,-11.027053,182,"['351', '357', '361', '362']","92, 98, 102, 103"
357,C,5.792794,-14.084635,-11.614375,184,"['356', '358', '363', '364']","97, 99, 104, 105"
358,C,5.826123,-13.464991,-13.040584,186,"['357', '359', '365', '366']","98, 100, 106"
359,C,4.416922,-13.42057,-13.695426,188,"['358', '360', '367', '368']","99, 101"
360,N,4.375412,-12.7371,-14.982747,190,"['359', '369', '370', '371']",100
361,H,7.672744,-15.191767,-11.765587,183,['356'],97
362,H,7.842288,-13.660895,-10.885554,183,['356'],97
363,H,5.296569,-13.379934,-10.912254,185,['357'],98
364,H,5.131765,-14.984095,-11.64796,185,['357'],98
365,H,6.512513,-14.064605,-13.687574,187,['358'],99
366,H,6.270085,-12.444036,-12.987754,187,['358'],99
367,H,3.685331,-12.913198,-13.025826,189,['359'],100
368,H,4.027137,-14.452309,-13.838643,189,['359'],100
369,HN,3.423002,-12.56469,-15.309637,191,['360'],101
370,HN,4.801227,-13.278486,-15.726638,191,['360'],101
371,HN,4.824924,-11.828443,-14.965823,191,['360'],101
372,N,8.311824,-16.592878,-8.018254,1,"['352', '373', '376']",93
373,CA,9.439008,-17.301006,-7.457979,2,"['372', '374', '377', '378']",
374,C,10.708231,-16.523697,-7.114904,3,"['373', '375', '379']",
375,O,11.753831,-17.136177,-6.867614,5,['374'],
376,HN,7.456975,-16.619499,-7.441682,4,['372'],
377,H,9.127676,-17.828014,-6.5276,6,['373'],
378,H,9.744372,-18.110827,-8.161411,6,['373'],
379,N,10.690605,-15.169139,-7.135638,7,"['374', '380', '383']",
380,CA,11.843621,-14.314447,-6.864643,8,"['379', '381', '384', '385']",
381,C,11.522539,-13.326792,-5.735221,9,"['380', '382', '396']",
382,O,10.369225,-12.927671,-5.559818,11,['381'],
383,HN,9.832839,-14.638981,-7.340878,10,['379'],
384,H,12.701218,-14.957678,-6.552124,12,['380'],
385,C,12.224289,-13.504574,-8.140152,167,"['380', '386', '390', '391']",
386,C,12.753865,-14.369568,-9.307784,169,"['385', '387', '392', '393']",
387,C,14.157714,-14.925804,-9.075457,171,"['386', '388', '389']",
388,O,14.985932,-14.282932,-8.412379,172,['387'],
389,N,14.411732,-16.128754,-9.632195,173,"['387', '394', '395']",
390,H,12.994695,-12.741429,-7.884086,168,['385'],
391,H,11.330773,-12.932843,-8.488686,168,['385'],
392,H,12.821228,-13.750331,-10.234356,170,['386'],
393,H,12.027502,-15.179597,-9.552973,170,['386'],
394,HN,13.714865,-16.607312,-10.21713,174,['389'],
395,HN,15.342464,-16.553355,-9.508089,174,['389'],
396,N,12.538478,-12.879012,-4.939367,50,"['381', '397', '403']",
397,CA,12.32177,-11.879558,-3.89465,51,"['396', '398', '400', '401']",
398,C,12.427758,-10.447246,-4.430118,52,"['397', '399', '410']",
399,O,13.4376,-10.053394,-5.018176,53,['398'],
400,H,11.321597,-12.018411,-3.410933,54,['397'],
401,C,13.435156,-12.198644,-2.877702,55,"['397', '402', '404', '405']",
402,C,14.586979,-12.630545,-3.782287,57,"['401', '403', '406', '407']",
403,C,13.870553,-13.465865,-4.849618,59,"['396', '402', '408', '409']",
404,H,13.141016,-13.036827,-2.207821,56,['401'],
405,H,13.703655,-11.342723,-2.219038,56,['401'],
406,H,15.369528,-13.18509,-3.220811,58,['402'],
407,H,15.070709,-11.738758,-4.250319,58,['402'],
408,H,13.81358,-14.536459,-4.539833,60,['403'],
409,H,14.413757,-13.429576,-5.823607,60,['403'],
410,N,11.381019,-9.624796,-4.185481,7,"['398', '411', '414']",
411,CA,11.298829,-8.220317,-4.542876,8,"['410', '412', '415', '416']",
412,C,10.806911,-7.396595,-3.348123,9,"['411', '413', '427']",
413,O,9.881654,-7.777004,-2.624609,11,['412'],
414,HN,10.569899,-9.96963,-3.652201,10,['410'],
415,H,12.316416,-7.852942,-4.826125,12,['411'],
416,C,10.311016,-7.993353,-5.728176,175,"['411', '417', '420', '421']",
417,C,10.745322,-8.619053,-7.073736,177,"['416', '418', '422', '423']",
418,S,9.442559,-8.520559,-8.344208,179,"['417', '419']",
419,C,9.041036,-6.757292,-8.369544,180,"['418', '424', '425', '426']",
420,H,10.175744,-6.893004,-5.861716,176,['416'],
421,H,9.311024,-8.389039,-5.434336,176,['416'],
422,H,11.013562,-9.690129,-6.929478,178,['417'],
423,H,11.67002,-8.119966,-7.44359,178,['417'],
424,H,8.391788,-6.542979,-9.245821,181,['419'],
425,H,9.974122,-6.15557,-8.449496,181,['419'],
426,H,8.490126,-6.491137,-7.442274,181,['419'],
427,N,11.387693,-6.186829,-3.170566,7,"['412', '428', '431']",
428,CA,10.810618,-5.147394,-2.338902,8,"['427', '429', '432', '433']",
429,C,9.658991,-4.569513,-3.177384,9,"['428', '430', '441']",
430,O,9.890208,-4.177543,-4.320483,11,['429'],
431,HN,12.095041,-5.870769,-3.848577,10,['427'],
432,H,10.417176,-5.590581,-1.392462,12,['428'],
433,C,11.81729,-4.000536,-2.000612,37,"['428', '434', '435', '436']",
434,OH,12.954518,-4.53929,-1.315704,39,"['433', '437']",
435,C,11.188089,-2.958847,-1.053056,41,"['433', '438', '439', '440']",
436,H,12.159872,-3.523046,-2.951536,38,['433'],
437,HO,13.611039,-3.846798,-1.354295,40,['434'],
438,H,11.911578,-2.165211,-0.757933,42,['435'],
439,H,10.80762,-3.42533,-0.117695,42,['435'],
440,H,10.327255,-2.440885,-1.531516,42,['435'],
441,N,8.438074,-4.46614,-2.616092,7,"['429', '442', '445']",
442,CA,7.280508,-3.804347,-3.196925,8,"['441', '443', '446', '447']",
443,C,6.996869,-2.53672,-2.382628,9,"['442', '444', '461']",
444,O,7.070282,-2.551025,-1.149644,11,['443'],
445,HN,8.305478,-4.754978,-1.639717,10,['441'],
446,H,7.514072,-3.499247,-4.245654,12,['442'],
447,C,6.015009,-4.712408,-3.168608,61,"['442', '448', '454', '455']",
448,C,5.977536,-5.699671,-4.316986,63,"['447', '449', '450']",
449,C,6.657109,-6.928136,-4.251962,64,"['448', '451', '456']",
450,C,5.221365,-5.410441,-5.469284,64,"['448', '452', '457']",
451,C,6.558072,-7.851656,-5.299586,66,"['449', '453', '458']",
452,C,5.129851,-6.329808,-6.518676,66,"['450', '453', '459']",
453,C,5.798023,-7.553635,-6.434147,68,"['451', '452', '460']",
454,H,5.101959,-4.076575,-3.240453,62,['447'],
455,H,5.923875,-5.253934,-2.198927,62,['447'],
456,H,7.258935,-7.185628,-3.365103,65,['449'],
457,H,4.677381,-4.455252,-5.553676,65,['450'],
458,H,7.069734,-8.824308,-5.228978,67,['451'],
459,H,4.5237,-6.092719,-7.407132,67,['452'],
460,H,5.723093,-8.28455,-7.254408,69,['453'],
461,N,6.620793,-1.442665,-3.089055,7,"['443', '462', '465']",
462,CA,6.152867,-0.156807,-2.587039,8,"['461', '463', '466', '467']",
463,C,4.68939,-0.006415,-3.033272,9,"['462', '464', '485']",
464,O,4.35575,-0.239108,-4.196029,11,['463'],
465,HN,6.45999,-1.549114,-4.101641,10,['461'],
466,H,6.202141,-0.165286,-1.470773,12,['462'],
467,C,7.055512,0.984503,-3.151472,202,"['462', '468', '474', '475']",
468,C,6.644785,2.451119,-2.867115,204,"['467', '469', '476', '477']",
469,C,6.7874,2.888691,-1.390111,206,"['468', '470', '478', '479']",
470,N,6.556612,4.327059,-1.248322,208,"['469', '471', '480']",
471,C,5.359432,4.931636,-1.184261,210,"['470', '472', '473']",
472,N,4.229641,4.284685,-1.471772,211,"['471', '481', '482']",
473,N,5.288917,6.232936,-0.902437,211,"['471', '483', '484']",
474,H,7.103067,0.868689,-4.261068,203,['467'],
475,H,8.100788,0.825219,-2.80033,203,['467'],
476,H,5.606534,2.614234,-3.239232,205,['468'],
477,H,7.281453,3.113926,-3.501846,205,['468'],
478,H,7.807611,2.650842,-1.020236,207,['469'],
479,H,6.103653,2.318553,-0.720849,207,['469'],
480,HN,7.393718,4.899675,-1.067865,209,['470'],
481,HN,4.228477,3.297424,-1.746767,212,['472'],
482,HN,3.336919,4.792281,-1.491792,212,['472'],
483,HN,6.148211,6.772143,-0.73206,212,['473'],
484,HN,4.373897,6.702287,-0.859203,212,['473'],
485,N,3.792838,0.340568,-2.078948,7,"['463', '486', '489']",
486,CA,2.359844,0.46646,-2.296514,8,"['485', '487', '490', '491']",
487,C,2.067874,1.671832,-3.20534,9,"['486', '488', '504']",
488,O,2.398196,2.81015,-2.869999,11,['487'],
489,HN,4.122477,0.491939,-1.11478,10,['485'],
490,H,1.998859,-0.455469,-2.814854,12,['486'],
491,C,1.59519,0.645182,-0.945917,19,"['486', '492', '495', '496']",
492,C,1.708993,-0.520101,0.075568,21,"['491', '493', '494', '497']",
493,C,0.839631,-0.213048,1.314606,23,"['492', '498', '499', '500']",
494,C,1.257013,-1.858738,-0.536417,23,"['492', '501', '502', '503']",
495,H,0.521088,0.839997,-1.175141,20,['491'],
496,H,1.959946,1.5831,-0.464047,20,['491'],
497,H,2.771384,-0.626411,0.404501,22,['492'],
498,H,0.960161,-0.974537,2.116676,24,['493'],
499,H,-0.244877,-0.162634,1.067665,24,['493'],
500,H,1.113635,0.762399,1.776816,24,['493'],
501,H,1.153305,-2.669884,0.217309,24,['494'],
502,H,1.983762,-2.206304,-1.303844,24,['494'],
503,H,0.267118,-1.771678,-1.039689,24,['494'],
504,N,1.403356,1.418662,-4.358875,7,"['487', '505', '508']",
505,CA,0.918935,2.43968,-5.279381,8,"['504', '506', '509', '510']",
506,C,-0.020757,3.431642,-4.573945,9,"['505', '507', '523']",
507,O,-0.878715,3.040201,-3.77505,11,['506'],
508,HN,1.290658,0.44208,-4.661796,10,['504'],
509,H,1.804353,3.013612,-5.645294,12,['505'],
510,C,0.142098,1.810847,-6.481454,19,"['505', '511', '514', '515']",
511,C,1.024471,1.322022,-7.662082,21,"['510', '512', '513', '516']",
512,C,0.1447,0.520604,-8.654177,23,"['511', '517', '518', '519']",
513,C,1.66563,2.52007,-8.410227,23,"['511', '520', '521', '522']",
514,H,-0.585208,2.555455,-6.882066,20,['510'],
515,H,-0.504731,0.983861,-6.101419,20,['510'],
516,H,1.831064,0.658334,-7.269411,22,['511'],
517,H,0.753321,0.076247,-9.474259,24,['512'],
518,H,-0.629128,1.168771,-9.12642,24,['512'],
519,H,-0.396696,-0.317255,-8.160889,24,['512'],
520,H,2.169194,2.195111,-9.349752,24,['513'],
521,H,2.442212,3.032357,-7.800398,24,['513'],
522,H,0.909433,3.285723,-8.70101,24,['513'],
523,N,0.062888,4.714538,-5.017046,7,"['506', '524', '527']",
524,CA,-0.846952,5.807091,-4.726806,8,"['523', '525', '528', '529']",
525,C,-0.938953,6.291217,-3.271541,9,"['524', '526', '542']",
526,O,-1.853149,7.054089,-2.93742,11,['525'],
527,HN,0.818587,4.983334,-5.663265,10,['523'],
528,H,-0.461186,6.707856,-5.260225,12,['524'],
529,C,-2.271538,5.475131,-5.258909,19,"['524', '530', '533', '534']",
530,C,-2.42001,5.15619,-6.770575,21,"['529', '531', '532', '535']",
531,C,-3.923177,5.011863,-7.119244,23,"['530', '536', '537', '538']",
532,C,-1.802436,6.281528,-7.626217,23,"['530', '539', '540', '541']",
533,H,-2.933903,6.332486,-4.991337,20,['529'],
534,H,-2.652357,4.610166,-4.666443,20,['529'],
535,H,-1.904756,4.194575,-7.005081,22,['530'],
536,H,-4.057235,4.587801,-8.137884,24,['531'],
537,H,-4.449066,5.990087,-7.089679,24,['531'],
538,H,-4.457297,4.328578,-6.423402,24,['531'],
539,H,-1.964445,6.109351,-8.711506,24,['532'],
540,H,-0.700637,6.35251,-7.491314,24,['532'],
541,H,-2.241151,7.269953,-7.374488,24,['532'],
542,N,-0.024066,5.859785,-2.373492,7,"['525', '543', '546']",
543,CA,-0.067993,6.201135,-0.957971,8,"['542', '544', '547', '548']",
544,C,1.316252,6.647186,-0.483382,9,"['543', '545', '558']",
545,O,2.341908,6.364687,-1.121166,11,['544'],
546,HN,0.831742,5.369855,-2.665184,10,['542'],
547,H,-0.748016,7.07896,-0.810412,12,['543'],
548,C,-0.610162,5.010239,-0.087953,15,"['543', '549', '550', '551']",
549,C,-1.977004,4.504693,-0.610003,17,"['548', '552', '553', '554']",
550,C,0.379043,3.821477,-0.029377,17,"['548', '555', '556', '557']",
551,H,-0.76736,5.3947,0.9484,16,['548'],
552,H,-2.438929,3.776353,0.094948,18,['549'],
553,H,-1.895254,4.01228,-1.604942,18,['549'],
554,H,-2.693384,5.349393,-0.718808,18,['549'],
555,H,-0.017259,2.986672,0.59098,18,['550'],
556,H,1.351747,4.116844,0.424336,18,['550'],
557,H,0.596954,3.421074,-1.044734,18,['550'],
558,N,1.367518,7.228351,0.733883,7,"['544', '559', '562']",
559,CA,2.600389,7.436638,1.478762,8,"['558', '560', '563', '564']",
560,C,2.27277,7.377887,2.972038,9,"['559', '561', '570']",
561,O,1.489139,8.193215,3.475021,11,['560'],
562,HN,0.501322,7.583533,1.173381,10,['558'],
563,H,3.30393,6.599526,1.237939,12,['559'],
564,C,3.245592,8.792991,1.091038,137,"['559', '565', '568', '569']",
565,C,4.710093,8.963176,1.44599,139,"['564', '566', '567']",
566,O,5.347315,7.958916,1.845344,140,['565'],
567,O,5.2627,10.065919,1.176615,140,['565'],
568,H,2.677741,9.628903,1.558073,138,['564'],
569,H,3.156084,8.947941,-0.007303,138,['564'],
570,N,2.83696,6.3736,3.69153,7,"['560', '571', '574']",
571,CA,2.768717,6.299321,5.143815,8,"['570', '572', '575', '576']",
572,C,3.917574,7.16005,5.684571,9,"['571', '573', '584']",
573,O,4.971196,7.313329,5.025159,11,['572'],
574,HN,3.468916,5.687902,3.249765,10,['570'],
575,H,1.791699,6.727489,5.477943,12,['571'],
576,C,2.877527,4.852353,5.714972,37,"['571', '577', '578', '579']",
577,OH,4.124534,4.280017,5.354306,39,"['576', '580']",
578,C,1.743091,3.93916,5.215073,41,"['576', '581', '582', '583']",
579,H,2.840708,4.90975,6.829609,38,['576'],
580,HO,4.807702,4.721557,5.856211,40,['577'],
581,H,1.859865,2.885613,5.542792,42,['578'],
582,H,1.643241,3.936683,4.10767,42,['578'],
583,H,0.77772,4.288902,5.644564,42,['578'],
584,N,3.832846,7.617475,6.96162,50,"['572', '585', '591']",
585,CA,4.972829,8.284384,7.58531,51,"['584', '586', '588', '589']",
586,C,6.10631,7.272087,7.744865,52,"['585', '587', '598']",
587,O,5.845425,6.087218,7.975693,53,['586'],
588,H,5.306056,9.147505,6.956693,54,['585'],
589,C,4.435185,8.768403,8.95097,55,"['585', '590', '592', '593']",
590,C,2.919752,8.785562,8.736006,57,"['589', '591', '594', '595']",
591,C,2.704674,7.546722,7.865866,59,"['584', '590', '596', '597']",
592,H,4.842383,9.765656,9.232336,56,['589'],
593,H,4.713439,8.063215,9.766514,56,['589'],
594,H,2.606333,9.714508,8.205486,58,['590'],
595,H,2.360758,8.743533,9.695169,58,['590'],
596,H,1.710464,7.578992,7.367926,60,['591'],
597,H,2.741669,6.611808,8.475192,60,['591'],
598,N,7.366407,7.725578,7.565053,7,"['586', '599', '602']",
599,CA,8.538949,6.872933,7.740931,8,"['598', '600', '603', '604']",
600,C,8.647447,6.563107,9.237983,9,"['599', '601', '613']",
601,O,8.001446,7.205683,10.067932,11,['600'],
602,HN,7.522108,8.726619,7.374123,10,['598'],
603,H,8.335149,5.897694,7.229134,12,['599'],
604,C,9.852798,7.487721,7.171738,153,"['599', '605', '609', '610']",
605,C,9.767687,8.004963,5.719011,155,"['604', '606', '611', '612']",
606,C,9.215126,7.026378,4.709908,157,"['605', '607', '608']",
607,O,7.96191,7.004699,4.528295,158,['606'],
608,O,9.99368,6.263255,4.082023,158,['606'],
609,H,10.647699,6.704224,7.210992,154,['604'],
610,H,10.218822,8.310535,7.831736,154,['604'],
611,H,10.777611,8.32415,5.375382,156,['605'],
612,H,9.153241,8.935597,5.684754,156,['605'],
613,N,9.40631,5.501949,9.605038,7,"['600', '614', '617']",
614,CA,9.368283,4.949626,10.954081,8,"['613', '615', '618', '619']",
615,C,9.787424,5.929476,12.064609,9,"['614', '616', '633']",
616,O,9.296785,5.820767,13.183849,11,['615'],
617,HN,10.080565,5.094923,8.941037,10,['613'],
618,H,8.294267,4.74112,11.191736,12,['614'],
619,C,10.143893,3.604812,11.030249,61,"['614', '620', '626', '627']",
620,C,10.019682,2.904095,12.368348,63,"['619', '621', '622']",
621,C,8.942699,2.039112,12.643437,64,"['620', '623', '628']",
622,C,10.954217,3.162648,13.386679,64,"['620', '624', '629']",
623,C,8.787669,1.475197,13.915181,66,"['621', '625', '630']",
624,C,10.784527,2.615294,14.65949,66,"['622', '625', '631']",
625,C,9.704289,1.771331,14.925018,68,"['623', '624', '632']",
626,H,11.222778,3.770725,10.805829,62,['619'],
627,H,9.775404,2.906491,10.241987,62,['619'],
628,H,8.176353,1.835844,11.878122,65,['621'],
629,H,11.79215,3.858208,13.217357,65,['622'],
630,H,7.926951,0.829271,14.154282,67,['623'],
631,H,11.490291,2.870094,15.462626,67,['624'],
632,H,9.552089,1.362483,15.934759,69,['625'],
633,N,10.647649,6.93414,11.760086,7,"['615', '634', '637']",
634,CA,11.045444,8.008562,12.67153,8,"['633', '635', '638', '639']",
635,C,10.099431,9.228738,12.701943,9,"['634', '636', '647']",
636,O,10.461666,10.256923,13.293632,11,['635'],
637,HN,10.986749,7.066308,10.795057,10,['633'],
638,H,11.060745,7.611431,13.714139,12,['634'],
639,C,12.467759,8.522962,12.281161,147,"['634', '640', '643', '644']",
640,C,12.436718,9.258419,10.941262,149,"['639', '641', '642']",
641,O,11.983661,8.685408,9.95064,150,['640'],
642,N,12.947008,10.508116,10.910701,151,"['640', '645', '646']",
643,H,13.21299,7.697836,12.208536,148,['639'],
644,H,12.813429,9.222371,13.081105,148,['639'],
645,HN,13.297453,10.949938,11.772912,152,['642'],
646,HN,12.921631,11.021464,10.017109,152,['642'],
647,N,8.940538,9.186337,12.007071,7,"['635', '648', '651']",
648,CA,7.934145,10.235313,11.883378,8,"['647', '649', '652', '653']",
649,C,6.67269,9.805983,12.642955,9,"['648', '650', '662']",
650,O,6.44467,8.617186,12.876868,11,['649'],
651,HN,8.627971,8.303675,11.584313,10,['647'],
652,H,8.309445,11.178467,12.347926,12,['648'],
653,C,7.597341,10.473125,10.382814,153,"['648', '654', '658', '659']",
654,C,8.809552,10.920976,9.532123,155,"['653', '655', '660', '661']",
655,C,8.559285,11.053715,8.044605,157,"['654', '656', '657']",
656,O,7.436402,10.711017,7.569825,158,['655'],
657,O,9.489789,11.457183,7.299817,158,['655'],
658,H,6.786729,11.232541,10.278733,154,['653'],
659,H,7.181964,9.529462,9.953937,154,['653'],
660,H,9.651326,10.200647,9.646245,156,['654'],
661,H,9.184688,11.904778,9.897454,156,['654'],
662,N,5.864405,10.810445,13.073839,7,"['649', '663', '666']",
663,CA,4.669731,10.605653,13.890818,8,"['662', '664', '667', '668']",
664,C,3.651354,9.791277,13.081428,9,"['663', '665', '684']",
665,O,3.32555,10.158842,11.952063,11,['664'],
666,HN,6.027144,11.765287,12.728652,10,['662'],
667,H,4.98328,10.008424,14.783217,12,['663'],
668,C,4.061278,11.963877,14.36718,182,"['663', '669', '673', '674']",
669,C,2.956263,11.826571,15.44919,184,"['668', '670', '675', '676']",
670,C,2.221375,13.16738,15.716292,186,"['669', '671', '677', '678']",
671,C,1.412298,13.227248,17.033848,188,"['670', '672', '679', '680']",
672,N,2.268816,13.201848,18.213956,190,"['671', '681', '682', '683']",
673,H,3.662157,12.509546,13.478578,183,['668'],
674,H,4.877235,12.596126,14.79369,183,['668'],
675,H,3.427253,11.416007,16.375532,185,['669'],
676,H,2.204807,11.058552,15.141607,185,['669'],
677,H,1.525956,13.366138,14.865801,187,['670'],
678,H,2.948958,14.014303,15.706672,187,['670'],
679,H,0.684387,12.384388,17.084845,189,['671'],
680,H,0.814012,14.170081,17.069067,189,['671'],
681,HN,1.765047,13.28088,19.090232,191,['672'],
682,HN,2.932511,13.971995,18.231022,191,['672'],
683,HN,2.826679,12.358764,18.300658,191,['672'],
684,N,3.156663,8.680373,13.685605,7,"['664', '685', '688']",
685,CA,2.283444,7.667182,13.111959,8,"['684', '686', '689', '690']",
686,C,2.983528,6.631235,12.214015,9,"['685', '687', '705']",
687,O,2.315313,5.756722,11.650404,11,['686'],
688,HN,3.429829,8.465819,14.656865,10,['684'],
689,H,1.940775,7.041653,13.970622,12,['685'],
690,C,1.012459,8.2387,12.414234,70,"['685', '691', '698', '699']",
691,C,0.144659,9.049763,13.352189,72,"['690', '692', '693']",
692,C,-0.658456,8.396362,14.300714,73,"['691', '694', '700']",
693,C,0.098127,10.452946,13.287887,73,"['691', '695', '701']",
694,C,-1.46342,9.123784,15.180164,75,"['692', '696', '702']",
695,C,-0.706012,11.181769,14.170616,75,"['693', '696', '703']",
696,C,-1.478544,10.522175,15.134612,77,"['694', '695', '697']",
697,OH,-2.25673,11.196936,16.023191,78,"['696', '704']",
698,H,0.407946,7.405307,11.988724,71,['690'],
699,H,1.309988,8.87005,11.547166,71,['690'],
700,H,-0.658111,7.295447,14.366593,74,['692'],
701,H,0.695527,10.996957,12.538117,74,['693'],
702,H,-2.118508,8.581443,15.879398,76,['694'],
703,H,-0.739246,12.280649,14.09873,76,['695'],
704,HO,-2.464733,12.0753,15.726868,79,['697'],
705,N,4.329942,6.69113,12.070936,1,"['686', '706', '709']",
706,CA,5.128179,5.744103,11.328065,2,"['705', '707', '710', '711']",
707,C,5.330828,4.381067,11.979004,3,"['706', '708', '712']",
708,O,5.308771,3.359658,11.279493,5,['707'],
709,HN,4.893851,7.415273,12.535075,4,['705'],
710,H,4.680023,5.575274,10.322827,6,['706'],
711,H,6.130627,6.180404,11.125307,6,['706'],
712,N,5.425714,4.306354,13.340026,50,"['707', '713', '719']",
713,CA,5.388759,3.017772,14.02425,51,"['712', '714', '716', '717']",
714,C,4.035909,2.328878,13.88289,52,"['713', '715', '726']",
715,O,3.975038,1.138248,13.564094,53,['714'],
716,H,6.164657,2.338459,13.593892,54,['713'],
717,C,5.721927,3.358805,15.490901,55,"['713', '718', '720', '721']",
718,C,6.686872,4.532693,15.311568,57,"['717', '719', '722', '723']",
719,C,5.967339,5.335812,14.22167,59,"['712', '718', '724', '725']",
720,H,6.177453,2.491299,16.025372,56,['717'],
721,H,4.816943,3.67442,16.066095,56,['717'],
722,H,7.69051,4.187319,14.96604,58,['718'],
723,H,6.837484,5.115662,16.246112,58,['718'],
724,H,6.679442,6.02943,13.717485,60,['719'],
725,H,5.143314,5.945349,14.664651,60,['719'],
726,N,2.936963,3.098224,14.08951,7,"['714', '727', '730']",
727,CA,1.557716,2.669903,13.962485,8,"['726', '728', '731', '732']",
728,C,1.245481,2.144923,12.561248,9,"['727', '729', '741']",
729,O,0.624953,1.089711,12.42453,11,['728'],
730,HN,3.054802,4.059085,14.443029,10,['726'],
731,H,1.417999,1.786415,14.633588,12,['727'],
732,C,0.502833,3.762617,14.33941,153,"['727', '733', '737', '738']",
733,C,0.470071,4.235216,15.807344,155,"['732', '734', '739', '740']",
734,C,1.564877,5.134241,16.354902,157,"['733', '735', '736']",
735,O,2.524257,5.434802,15.578761,158,['734'],
736,O,1.437966,5.530503,17.542662,158,['734'],
737,H,-0.50871,3.349122,14.099076,154,['732'],
738,H,0.622567,4.650203,13.674481,154,['732'],
739,H,0.415518,3.345668,16.475455,156,['733'],
740,H,-0.474277,4.801929,15.973845,156,['733'],
741,N,1.664005,2.882331,11.502392,7,"['728', '742', '745']",
742,CA,1.462339,2.502407,10.113306,8,"['741', '743', '746', '747']",
743,C,2.175992,1.195694,9.769713,9,"['742', '744', '751']",
744,O,1.602337,0.320137,9.115956,11,['743'],
745,HN,2.106774,3.798521,11.65946,10,['741'],
746,H,0.374561,2.303278,9.958655,12,['742'],
747,C,1.921872,3.609534,9.135516,13,"['742', '748', '749', '750']",
748,H,1.721118,3.31118,8.083199,14,['747'],
749,H,3.01338,3.816909,9.230754,14,['747'],
750,H,1.383517,4.568168,9.314557,14,['747'],
751,N,3.441181,1.054383,10.232679,7,"['743', '752', '755']",
752,CA,4.237988,-0.141247,10.051403,8,"['751', '753', '756', '757']",
753,C,3.612971,-1.358889,10.726791,9,"['752', '754', '762']",
754,O,3.517261,-2.417335,10.103361,11,['753'],
755,HN,3.903499,1.824328,10.738528,10,['751'],
756,H,4.236931,-0.402621,8.968597,12,['752'],
757,C,5.694107,0.054683,10.537603,33,"['752', '758', '759', '760']",
758,OH,6.319655,1.008367,9.685899,35,"['757', '761']",
759,H,6.273969,-0.896104,10.489689,34,['757'],
760,H,5.709083,0.417607,11.592816,34,['757'],
761,HO,6.644371,1.711922,10.235971,36,['758'],
762,N,3.130766,-1.210151,11.984313,7,"['753', '763', '766']",
763,CA,2.432222,-2.253272,12.717898,8,"['762', '764', '767', '768']",
764,C,1.127591,-2.671408,12.035557,9,"['763', '765', '772']",
765,O,0.800533,-3.858152,11.982707,11,['764'],
766,HN,3.274157,-0.324282,12.488253,10,['762'],
767,H,3.078117,-3.164673,12.726134,12,['763'],
768,C,2.137189,-1.836059,14.179131,13,"['763', '769', '770', '771']",
769,H,1.59967,-2.645739,14.721951,14,['768'],
770,H,1.506092,-0.91829,14.229475,14,['768'],
771,H,3.079378,-1.636255,14.738606,14,['768'],
772,N,0.374177,-1.694113,11.476833,7,"['764', '773', '776']",
773,CA,-0.876349,-1.916453,10.774237,8,"['772', '774', '777', '778']",
774,C,-0.690738,-2.811743,9.549297,9,"['773', '775', '792']",
775,O,-1.429518,-3.790623,9.369867,11,['774'],
776,HN,0.638793,-0.709258,11.607796,10,['772'],
777,H,-1.558533,-2.470492,11.463695,12,['773'],
778,C,-1.533246,-0.572221,10.368757,61,"['773', '779', '785', '786']",
779,C,-2.87202,-0.758191,9.690385,63,"['778', '780', '781']",
780,C,-4.056693,-0.738261,10.444072,64,"['779', '782', '787']",
781,C,-2.957915,-0.967387,8.302384,64,"['779', '783', '788']",
782,C,-5.297856,-0.896275,9.822395,66,"['780', '784', '789']",
783,C,-4.198132,-1.13153,7.681432,66,"['781', '784', '790']",
784,C,-5.370765,-1.083603,8.439723,68,"['782', '783', '791']",
785,H,-0.865969,0.011433,9.690006,62,['778'],
786,H,-1.665906,0.061989,11.276609,62,['778'],
787,H,-4.018753,-0.582637,11.534597,65,['780'],
788,H,-2.047118,-1.007241,7.683354,65,['781'],
789,H,-6.214338,-0.849794,10.431114,67,['782'],
790,H,-4.242319,-1.290012,6.593132,67,['783'],
791,H,-6.346633,-1.172144,7.941844,69,['784'],
792,N,0.277927,-2.426927,8.675226,7,"['774', '793', '796']",
793,CA,0.646675,-3.121654,7.455657,8,"['792', '794', '797', '798']",
794,C,1.205702,-4.511324,7.751534,9,"['793', '795', '806']",
795,O,0.826752,-5.478505,7.092316,11,['794'],
796,HN,0.810817,-1.563435,8.854772,10,['792'],
797,H,-0.27836,-3.289458,6.853092,12,['793'],
798,C,1.642814,-2.283778,6.593265,37,"['793', '799', '800', '801']",
799,OH,0.915364,-1.157652,6.118622,39,"['798', '802']",
800,C,2.189099,-3.002358,5.346605,41,"['798', '803', '804', '805']",
801,H,2.489952,-1.930013,7.232451,38,['798'],
802,HO,1.532612,-0.575485,5.677641,40,['799'],
803,H,2.844604,-2.306718,4.773846,42,['800'],
804,H,1.362563,-3.35953,4.694134,42,['800'],
805,H,2.812735,-3.875551,5.641766,42,['800'],
806,N,2.115643,-4.602558,8.752296,7,"['794', '807', '810']",
807,CA,2.723846,-5.827142,9.241064,8,"['806', '808', '811', '812']",
808,C,1.65999,-6.840979,9.646502,9,"['807', '809', '828']",
809,O,1.643363,-7.947333,9.111153,11,['808'],
810,HN,2.4651,-3.741274,9.191758,10,['806'],
811,H,3.277264,-6.299362,8.394147,12,['807'],
812,C,3.711246,-5.550364,10.411431,182,"['807', '813', '817', '818']",
813,C,4.279859,-6.803016,11.122744,184,"['812', '814', '819', '820']",
814,C,5.045807,-6.422896,12.411025,186,"['813', '815', '821', '822']",
815,C,5.552758,-7.60562,13.260863,188,"['814', '816', '823', '824']",
816,N,6.438608,-8.495122,12.532512,190,"['815', '825', '826', '827']",
817,H,3.184141,-4.922424,11.169031,183,['812'],
818,H,4.55523,-4.918647,10.043036,183,['812'],
819,H,4.926015,-7.375038,10.417655,185,['813'],
820,H,3.448759,-7.493563,11.406484,185,['813'],
821,H,4.377909,-5.810477,13.065741,187,['814'],
822,H,5.903355,-5.75478,12.153703,187,['814'],
823,H,4.701398,-8.202871,13.654868,189,['815'],
824,H,6.102464,-7.212368,14.147149,189,['815'],
825,HN,6.883694,-9.182718,13.128738,191,['816'],
826,HN,7.169072,-8.002154,12.033046,191,['816'],
827,HN,5.956331,-9.060218,11.834857,191,['816'],
828,N,0.752422,-6.471119,10.58614,7,"['808', '829', '832']",
829,CA,-0.322575,-7.337301,11.045109,8,"['828', '830', '833', '834']",
830,C,-1.213225,-7.773178,9.880262,9,"['829', '831', '850']",
831,O,-1.629045,-8.927855,9.799462,11,['830'],
832,HN,0.82187,-5.548559,11.03628,10,['828'],
833,H,0.144477,-8.279923,11.426545,12,['829'],
834,C,-1.173877,-6.687294,12.187229,182,"['829', '835', '839', '840']",
835,C,-2.359109,-7.566181,12.676462,184,"['834', '836', '841', '842']",
836,C,-3.236968,-6.9072,13.770706,186,"['835', '837', '843', '844']",
837,C,-4.529488,-7.712281,14.051416,188,"['836', '838', '845', '846']",
838,N,-5.553514,-6.961423,14.767724,190,"['837', '847', '848', '849']",
839,H,-1.55671,-5.695865,11.843308,183,['834'],
840,H,-0.499044,-6.471307,13.050769,183,['834'],
841,H,-1.951757,-8.535208,13.0536,185,['835'],
842,H,-2.997836,-7.824091,11.800179,185,['835'],
843,H,-3.489897,-5.865025,13.457545,187,['836'],
844,H,-2.641302,-6.818332,14.7085,187,['836'],
845,H,-4.301241,-8.640013,14.624858,189,['837'],
846,H,-4.980273,-8.041301,13.086992,189,['837'],
847,HN,-6.43354,-7.466497,14.790885,191,['838'],
848,HN,-5.74683,-6.061042,14.343226,191,['838'],
849,HN,-5.35083,-6.752997,15.74515,191,['838'],
850,N,-1.545823,-6.840559,8.954897,7,"['830', '851', '854']",
851,CA,-2.392523,-7.143968,7.819126,8,"['850', '852', '855', '856']",
852,C,-1.802559,-8.186069,6.864932,9,"['851', '853', '867']",
853,O,-2.569198,-8.948566,6.282626,11,['852'],
854,HN,-1.240791,-5.862691,9.057211,10,['850'],
855,H,-3.30437,-7.658854,8.213256,12,['851'],
856,C,-2.844764,-5.846034,7.084476,175,"['851', '857', '860', '861']",
857,C,-3.772059,-6.073377,5.875344,177,"['856', '858', '862', '863']",
858,S,-4.65762,-4.541822,5.459827,179,"['857', '859']",
859,C,-5.723327,-5.145775,4.131682,180,"['858', '864', '865', '866']",
860,H,-1.941116,-5.279578,6.753287,176,['856'],
861,H,-3.353593,-5.189764,7.830857,176,['856'],
862,H,-4.502669,-6.883895,6.098957,178,['857'],
863,H,-3.178287,-6.438225,5.008812,178,['857'],
864,H,-6.305179,-4.293642,3.722271,181,['859'],
865,H,-6.42293,-5.91321,4.525516,181,['859'],
866,H,-5.114171,-5.581321,3.31095,181,['859'],
867,N,-0.459478,-8.222853,6.664809,7,"['852', '868', '871']",
868,CA,0.174476,-9.173711,5.762559,8,"['867', '869', '872', '873']",
869,C,0.615987,-10.486254,6.42132,9,"['868', '870', '883']",
870,O,0.495462,-11.538052,5.793087,11,['869'],
871,HN,0.17221,-7.580287,7.162314,10,['867'],
872,H,-0.611579,-9.52768,5.047447,12,['868'],
873,C,1.309998,-8.566963,4.865975,15,"['868', '874', '875', '876']",
874,C,0.733077,-7.422447,3.991711,17,"['873', '877', '878', '879']",
875,C,2.528278,-8.0354,5.660217,17,"['873', '880', '881', '882']",
876,H,1.663195,-9.380598,4.182076,16,['873'],
877,H,1.457497,-7.092533,3.218324,18,['874'],
878,H,0.446541,-6.536067,4.603671,18,['874'],
879,H,-0.181245,-7.760688,3.452794,18,['874'],
880,H,3.335689,-7.674729,4.98507,18,['875'],
881,H,2.978669,-8.831274,6.291864,18,['875'],
882,H,2.267292,-7.197963,6.341284,18,['875'],
883,N,1.111316,-10.451564,7.683225,7,"['869', '884', '887']",
884,CA,1.50126,-11.630493,8.442022,8,"['883', '885', '888', '889']",
885,C,0.319214,-12.505702,8.859917,9,"['884', '886', '898']",
886,O,0.457066,-13.720172,8.990732,11,['885'],
887,HN,1.200926,-9.555149,8.175505,10,['883'],
888,H,2.097488,-12.295273,7.76634,12,['884'],
889,C,2.337971,-11.303236,9.714198,153,"['884', '890', '894', '895']",
890,C,3.754217,-10.765785,9.435846,155,"['889', '891', '896', '897']",
891,C,4.618536,-10.603704,10.6574,157,"['890', '892', '893']",
892,O,4.183069,-10.871086,11.804822,158,['891'],
893,O,5.794382,-10.155378,10.5259,158,['891'],
894,H,2.439036,-12.244637,10.30612,154,['889'],
895,H,1.785363,-10.591413,10.374536,154,['889'],
896,H,3.696664,-9.785099,8.911923,156,['890'],
897,H,4.279441,-11.467294,8.751204,156,['890'],
898,N,-0.860107,-11.884681,9.09946,7,"['885', '899', '902']",
899,CA,-2.064764,-12.612968,9.465089,8,"['898', '900', '903', '904']",
900,C,-2.793502,-13.251726,8.277107,9,"['899', '901', '912']",
901,O,-3.643634,-14.125052,8.489179,11,['900'],
902,HN,-0.912213,-10.85967,9.177008,10,['898'],
903,H,-1.768769,-13.479641,10.10624,12,['899'],
904,C,-3.062803,-11.723524,10.263876,147,"['899', '905', '908', '909']",
905,C,-2.535733,-11.312669,11.635271,149,"['904', '906', '907']",
906,O,-1.333676,-11.307746,11.89063,150,['905'],
907,N,-3.464152,-11.101252,12.590118,151,"['905', '910', '911']",
908,H,-4.014298,-12.293661,10.383551,148,['904'],
909,H,-3.329974,-10.807047,9.689345,148,['904'],
910,HN,-4.456241,-11.305137,12.396766,152,['907'],
911,HN,-3.149609,-10.874246,13.541989,152,['907'],
912,N,-2.49749,-12.798015,7.029478,7,"['900', '913', '916']",
913,CA,-3.155465,-13.227677,5.805977,8,"['912', '914', '917', '918']",
914,C,-2.773752,-14.671668,5.468224,9,"['913', '915', '922']",
915,O,-1.614857,-15.076658,5.594336,11,['914'],
916,HN,-1.708654,-12.157994,6.877078,10,['912'],
917,H,-4.259674,-13.164917,5.972344,12,['913'],
918,C,-2.757883,-12.321036,4.609141,13,"['913', '919', '920', '921']",
919,H,-3.358382,-12.57575,3.706766,14,['918'],
920,H,-1.682829,-12.451531,4.348626,14,['918'],
921,H,-2.924278,-11.245121,4.834332,14,['918'],
922,N,-3.760479,-15.428911,4.93026,7,"['914', '923', '926']",
923,CA,-3.588959,-16.730679,4.30899,8,"['922', '924', '927', '928']",
924,C,-3.194106,-16.608746,2.821568,9,"['923', '925', '944']",
925,O,-2.57287,-17.518024,2.261655,11,['924'],
926,HN,-4.667919,-14.976786,4.746326,10,['922'],
927,H,-2.718352,-17.245183,4.784954,12,['923'],
928,C,-4.862438,-17.633661,4.425753,182,"['923', '929', '933', '934']",
929,C,-5.587365,-17.716537,5.793804,184,"['928', '930', '935', '936']",
930,C,-4.826402,-18.414668,6.947845,186,"['929', '931', '937', '938']",
931,C,-3.739259,-17.528326,7.581165,188,"['930', '932', '939', '940']",
932,N,-3.263027,-17.963876,8.881484,190,"['931', '941', '942', '943']",
933,H,-4.616039,-18.660911,4.06286,183,['928'],
934,H,-5.611268,-17.250235,3.68748,183,['928'],
935,H,-6.539856,-18.270888,5.615639,185,['929'],
936,H,-5.919114,-16.700788,6.118686,185,['929'],
937,H,-4.399422,-19.385416,6.602247,187,['930'],
938,H,-5.566779,-18.67869,7.743023,187,['930'],
939,H,-4.098821,-16.47963,7.70553,189,['931'],
940,H,-2.854035,-17.472909,6.90999,189,['931'],
941,HN,-2.372726,-17.497863,9.031181,191,['932'],
942,HN,-3.115313,-18.956164,9.014533,191,['932'],
943,HN,-3.866188,-17.611175,9.620786,191,['932'],
944,N,-3.577039,-15.499484,2.134162,7,"['924', '945', '948']",
945,CA,-3.313757,-15.265023,0.721853,8,"['944', '946', '949', '950']",
946,C,-2.964813,-13.793454,0.475882,9,"['945', '947', '966']",
947,O,-3.796325,-12.889818,0.651602,11,['946'],
948,HN,-4.189395,-14.792685,2.575287,10,['944'],
949,H,-2.441913,-15.892793,0.408383,12,['945'],
950,C,-4.571939,-15.701249,-0.091355,182,"['945', '951', '955', '956']",
951,C,-4.540545,-15.419812,-1.618257,184,"['950', '952', '957', '958']",
952,C,-5.45791,-16.389354,-2.412151,186,"['951', '953', '959', '960']",
953,C,-6.317875,-15.803629,-3.551843,188,"['952', '954', '961', '962']",
954,N,-7.342599,-14.875622,-3.101535,190,"['953', '963', '964', '965']",
955,H,-5.481745,-15.224301,0.348117,183,['950'],
956,H,-4.70259,-16.798781,0.082216,183,['950'],
957,H,-3.494481,-15.523754,-1.997233,185,['951'],
958,H,-4.805593,-14.351195,-1.791981,185,['951'],
959,H,-6.148296,-16.912947,-1.709543,187,['952'],
960,H,-4.823871,-17.205849,-2.833239,187,['952'],
961,H,-6.834718,-16.640822,-4.075261,189,['953'],
962,H,-5.690014,-15.296329,-4.316302,189,['953'],
963,HN,-7.986603,-14.621107,-3.839295,191,['954'],
964,HN,-6.930665,-13.987047,-2.829196,191,['954'],
965,HN,-7.8848,-15.28218,-2.3407,191,['954'],
966,N,-1.717978,-13.547532,-0.000628,7,"['946', '967', '970']",
967,CA,-1.241826,-12.260304,-0.483548,8,"['966', '968', '971', '972']",
968,C,-1.365716,-12.29746,-2.017638,9,"['967', '969', '985']",
969,O,-1.020983,-13.287254,-2.666002,11,['968'],
970,HN,-1.093359,-14.329198,-0.243279,10,['966'],
971,H,-1.898315,-11.45279,-0.081572,12,['967'],
972,C,0.24044,-11.975473,-0.042003,25,"['967', '973', '974', '976']",
973,C,0.422906,-11.961101,1.508837,27,"['972', '975', '977', '978']",
974,C,0.773654,-10.65134,-0.652286,29,"['972', '979', '980', '981']",
975,C,-0.343555,-10.861253,2.259497,31,"['973', '982', '983', '984']",
976,H,0.868511,-12.810804,-0.43799,26,['972'],
977,H,1.508046,-11.869298,1.751619,28,['973'],
978,H,0.126781,-12.951203,1.930918,28,['973'],
979,H,1.790233,-10.402326,-0.275797,30,['974'],
980,H,0.103542,-9.7912,-0.432219,30,['974'],
981,H,0.857738,-10.7284,-1.759114,30,['974'],
982,H,-0.135506,-10.930732,3.350713,32,['975'],
983,H,-1.443206,-10.960873,2.133712,32,['975'],
984,H,-0.053161,-9.839522,1.933019,32,['975'],
985,N,-1.875216,-11.196264,-2.611611,7,"['968', '986', '989']",
986,CA,-2.000595,-10.984976,-4.044768,8,"['985', '987', '990', '991']",
987,C,-1.405643,-9.618882,-4.406237,9,"['986', '988', '1000']",
988,O,-1.630982,-8.615017,-3.71861,11,['987'],
989,HN,-2.190109,-10.407618,-2.025795,10,['985'],
990,H,-1.41238,-11.769073,-4.584926,12,['986'],
991,C,-3.491966,-11.046123,-4.488748,153,"['986', '992', '996', '997']",
992,C,-4.145658,-12.44302,-4.418429,155,"['991', '993', '998', '999']",
993,C,-5.657732,-12.417689,-4.486821,157,"['992', '994', '995']",
994,O,-6.287325,-12.422743,-3.387591,158,['993'],
995,O,-6.240483,-12.485853,-5.598086,158,['993'],
996,H,-3.582129,-10.655312,-5.523797,154,['991'],
997,H,-4.076891,-10.345173,-3.855264,154,['991'],
998,H,-3.852085,-12.95952,-3.477608,156,['992'],
999,H,-3.760447,-13.082047,-5.246128,156,['992'],
1000,N,-0.655773,-9.554613,-5.533157,7,"['987', '1001', '1004']",
1001,CA,-0.133812,-8.334799,-6.132719,8,"['1000', '1002', '1005', '1006']",
1002,C,-0.989458,-8.034622,-7.365205,9,"['1001', '1003', '1016']",
1003,O,-1.323802,-8.921179,-8.153431,11,['1002'],
1004,HN,-0.569689,-10.387665,-6.131254,10,['1000'],
1005,H,-0.259427,-7.489807,-5.408548,12,['1001'],
1006,C,1.389585,-8.400766,-6.519222,15,"['1001', '1007', '1008', '1009']",
1007,C,2.239109,-8.83267,-5.301467,17,"['1006', '1010', '1011', '1012']",
1008,C,1.707702,-9.346046,-7.705675,17,"['1006', '1013', '1014', '1015']",
1009,H,1.698342,-7.362566,-6.804403,16,['1006'],
1010,H,3.329288,-8.8174,-5.525631,18,['1007'],
1011,H,1.982582,-9.859603,-4.96671,18,['1007'],
1012,H,2.08157,-8.161606,-4.433491,18,['1007'],
1013,H,2.793813,-9.347391,-7.949142,18,['1008'],
1014,H,1.181489,-9.031968,-8.633877,18,['1008'],
1015,H,1.407896,-10.398134,-7.500206,18,['1008'],
1016,N,-1.36857,-6.757355,-7.562558,7,"['1002', '1017', '1020']",
1017,CA,-2.13388,-6.301574,-8.707772,8,"['1016', '1018', '1021', '1022']",
1018,C,-1.417599,-5.081926,-9.284196,9,"['1017', '1019', '1031']",
1019,O,-1.417836,-3.99011,-8.702321,11,['1018'],
1020,HN,-1.230117,-6.051493,-6.824926,10,['1016'],
1021,H,-2.184247,-7.106504,-9.483959,12,['1017'],
1022,C,-3.564137,-5.95959,-8.225202,153,"['1017', '1023', '1027', '1028']",
1023,C,-4.552637,-5.54765,-9.326551,155,"['1022', '1024', '1029', '1030']",
1024,C,-5.901512,-5.162802,-8.769782,157,"['1023', '1025', '1026']",
1025,O,-6.033739,-4.032647,-8.219892,158,['1024'],
1026,O,-6.84738,-5.987536,-8.807406,158,['1024'],
1027,H,-3.482845,-5.127587,-7.491086,154,['1022'],
1028,H,-3.986577,-6.831313,-7.669594,154,['1022'],
1029,H,-4.692701,-6.380825,-10.046691,156,['1023'],
1030,H,-4.14899,-4.68924,-9.907736,156,['1023'],
1031,N,-0.703422,-5.298643,-10.412863,7,"['1018', '1032', '1035']",
1032,CA,-0.016267,-4.243458,-11.145243,8,"['1031', '1033', '1036', '1037']",
1033,C,-1.061521,-3.382164,-11.853257,9,"['1032', '1034', '1051']",
1034,O,-2.127448,-3.866622,-12.243808,11,['1033'],
1035,HN,-0.680692,-6.238493,-10.82909,10,['1031'],
1036,H,0.527342,-3.597819,-10.408836,12,['1032'],
1037,C,0.97858,-4.794022,-12.208565,61,"['1032', '1038', '1044', '1045']",
1038,C,2.121171,-5.535926,-11.552673,63,"['1037', '1039', '1040']",
1039,C,2.113163,-6.936559,-11.470544,64,"['1038', '1041', '1046']",
1040,C,3.199957,-4.835056,-10.983402,64,"['1038', '1042', '1047']",
1041,C,3.147156,-7.612543,-10.820984,66,"['1039', '1043', '1048']",
1042,C,4.249722,-5.515386,-10.357552,66,"['1040', '1043', '1049']",
1043,C,4.224865,-6.909879,-10.275914,68,"['1041', '1042', '1050']",
1044,H,1.385999,-3.95113,-12.814321,62,['1037'],
1045,H,0.441816,-5.44816,-12.932015,62,['1037'],
1046,H,1.280707,-7.524279,-11.891554,65,['1039'],
1047,H,3.233134,-3.733929,-11.017243,65,['1040'],
1048,H,3.097742,-8.70539,-10.733912,67,['1041'],
1049,H,5.089184,-4.943937,-9.928447,67,['1042'],
1050,H,5.040242,-7.453463,-9.773484,69,['1043'],
1051,N,-0.719762,-2.084247,-12.020818,7,"['1033', '1052', '1055']",
1052,CA,-1.511308,-1.141667,-12.802998,8,"['1051', '1053', '1056', '1057']",
1053,C,-1.01761,-1.216822,-14.263424,9,"['1052', '1054', '1063']",
1054,O,-0.187485,-2.057781,-14.612757,11,['1053'],
1055,HN,0.21787,-1.753813,-11.752926,10,['1051'],
1056,H,-2.565362,-1.512267,-12.825818,12,['1052'],
1057,C,-1.487362,0.259956,-12.131149,137,"['1052', '1058', '1061', '1062']",
1058,C,-2.73044,1.096537,-12.337832,139,"['1057', '1059', '1060']",
1059,O,-3.402811,0.930257,-13.397173,140,['1058'],
1060,O,-3.109432,1.881902,-11.43408,140,['1058'],
1061,H,-0.593756,0.824992,-12.486027,138,['1057'],
1062,H,-1.350938,0.142454,-11.030208,138,['1057'],
1063,N,-1.61279,-0.383483,-15.150969,7,"['1053', '1064', '1067']",
1064,CA,-1.383873,-0.349057,-16.584913,8,"['1063', '1065', '1068', '1069']",
1065,C,0.02064,0.113031,-16.990258,9,"['1064', '1066', '1085']",
1066,O,0.473326,-0.223569,-18.089285,11,['1065'],
1067,HN,-2.283449,0.309339,-14.801003,10,['1063'],
1068,H,-1.459177,-1.393674,-16.974322,12,['1064'],
1069,C,-2.419385,0.566326,-17.314934,182,"['1064', '1070', '1074', '1075']",
1070,C,-3.905183,0.199215,-17.107814,184,"['1069', '1071', '1076', '1077']",
1071,C,-4.323473,-1.120346,-17.797019,186,"['1070', '1072', '1078', '1079']",
1072,C,-5.855281,-1.324652,-17.754118,188,"['1071', '1073', '1080', '1081']",
1073,N,-6.427453,-1.559442,-19.068929,190,"['1072', '1082', '1083', '1084']",
1074,H,-2.188206,0.600035,-18.405647,183,['1069'],
1075,H,-2.258845,1.615443,-16.958151,183,['1069'],
1076,H,-4.510929,1.038722,-17.529275,185,['1070'],
1077,H,-4.158498,0.171042,-16.021554,185,['1070'],
1078,H,-3.810316,-1.98802,-17.320914,187,['1071'],
1079,H,-3.956705,-1.119733,-18.851588,187,['1071'],
1080,H,-6.353345,-0.414613,-17.3469,189,['1072'],
1081,H,-6.137992,-2.160159,-17.074559,189,['1072'],
1082,HN,-7.294689,-1.032074,-19.150241,191,['1073'],
1083,HN,-6.607895,-2.549628,-19.243516,191,['1073'],
1084,HN,-5.851468,-1.239786,-19.839448,191,['1073'],
1085,N,0.628432,1.039913,-16.218967,1,"['1065', '1086', '1089']",
1086,CA,1.952431,1.565256,-16.457276,2,"['1085', '1087', '1090', '1091']",
1087,C,3.079253,0.769391,-15.799118,3,"['1086', '1088', '1092']",
1088,O,3.019588,-0.450283,-15.604704,5,['1087'],
1089,HN,0.181443,1.442577,-15.38252,4,['1085'],
1090,H,2.166424,1.583075,-17.551698,6,['1086'],
1091,H,1.984563,2.629934,-16.1317,6,['1086'],
1092,N,4.184368,1.513814,-15.543242,7,"['1087', '1093', '1096']",
1093,CA,5.446388,1.150096,-14.917879,8,"['1092', '1094', '1097', '1098']",
1094,C,5.251399,0.26234,-13.688765,9,"['1093', '1095', '1109']",
1095,O,4.666416,0.677302,-12.681825,11,['1094'],
1096,HN,4.225979,2.433626,-16.005245,10,['1092'],
1097,H,6.062022,0.608917,-15.678312,12,['1093'],
1098,C,6.174133,2.463511,-14.505515,167,"['1093', '1099', '1103', '1104']",
1099,C,7.51851,2.293122,-13.782809,169,"['1098', '1100', '1105', '1106']",
1100,C,8.203581,3.645883,-13.602247,171,"['1099', '1101', '1102']",
1101,O,7.86739,4.39432,-12.682839,172,['1100'],
1102,N,9.127659,3.97371,-14.527189,173,"['1100', '1107', '1108']",
1103,H,5.501026,3.071932,-13.855048,168,['1098'],
1104,H,6.350755,3.07538,-15.421983,168,['1098'],
1105,H,8.201949,1.592135,-14.305205,170,['1099'],
1106,H,7.361825,1.873288,-12.765157,170,['1099'],
1107,HN,9.375938,3.319004,-15.280961,174,['1102'],
1108,HN,9.569388,4.901384,-14.475575,174,['1102'],
1109,N,5.778359,-0.983477,-13.753192,7,"['1094', '1110', '1113']",
1110,CA,5.713206,-1.969188,-12.692798,8,"['1109', '1111', '1114', '1115']",
1111,C,6.901134,-1.946242,-11.722094,9,"['1110', '1112', '1133']",
1112,O,6.806747,-2.562294,-10.655482,11,['1111'],
1113,HN,6.255543,-1.295981,-14.608737,10,['1109'],
1114,H,4.831093,-1.732837,-12.0464,12,['1110'],
1115,C,5.540952,-3.415684,-13.262524,202,"['1110', '1116', '1122', '1123']",
1116,C,4.291616,-3.600461,-14.156314,204,"['1115', '1117', '1124', '1125']",
1117,C,4.107906,-5.042068,-14.663142,206,"['1116', '1118', '1126', '1127']",
1118,N,2.805947,-5.209739,-15.300017,208,"['1117', '1119', '1128']",
1119,C,2.045778,-6.317517,-15.25924,210,"['1118', '1120', '1121']",
1120,N,2.475404,-7.490022,-14.767314,211,"['1119', '1129', '1130']",
1121,N,0.813103,-6.252905,-15.779024,211,"['1119', '1131', '1132']",
1122,H,5.494885,-4.123017,-12.401849,203,['1115'],
1123,H,6.463747,-3.695612,-13.823811,203,['1115'],
1124,H,4.369412,-2.907456,-15.027691,205,['1116'],
1125,H,3.399475,-3.257641,-13.583841,205,['1116'],
1126,H,4.219847,-5.735512,-13.800626,207,['1117'],
1127,H,4.916858,-5.286517,-15.390984,207,['1117'],
1128,HN,2.455748,-4.366084,-15.778977,209,['1118'],
1129,HN,3.411903,-7.55381,-14.349146,212,['1120'],
1130,HN,1.871636,-8.324943,-14.758304,212,['1120'],
1131,HN,0.466322,-5.362195,-16.158449,212,['1121'],
1132,HN,0.175631,-7.061384,-15.777525,212,['1121'],
1133,N,8.025562,-1.26286,-12.045905,7,"['1111', '1134', '1137']",
1134,CA,9.207498,-1.168373,-11.191493,8,"['1133', '1135', '1138', '1139']",
1135,C,9.682615,0.295093,-11.196547,9,"['1134', '1136', '1147']",
1136,O,9.690275,0.932056,-12.249448,11,['1135'],
1137,HN,8.095682,-0.689456,-12.897309,10,['1133'],
1138,H,8.923336,-1.433712,-10.144489,12,['1134'],
1139,C,10.328492,-2.156667,-11.648007,37,"['1134', '1140', '1141', '1142']",
1140,OH,10.723124,-1.919487,-13.000027,39,"['1139', '1143']",
1141,C,9.90933,-3.639839,-11.581465,41,"['1139', '1144', '1145', '1146']",
1142,H,11.220301,-1.990684,-10.99311,38,['1139'],
1143,HO,11.617956,-1.582204,-12.954537,40,['1140'],
1144,H,10.735821,-4.302658,-11.919245,42,['1141'],
1145,H,9.029807,-3.870813,-12.222966,42,['1141'],
1146,H,9.662194,-3.936554,-10.537957,42,['1141'],
1147,N,9.980933,0.870988,-10.0,7,"['1135', '1148', '1151']",
1148,CA,10.419974,2.263411,-9.851953,8,"['1147', '1149', '1152', '1153']",
1149,C,11.937337,2.35635,-10.070917,9,"['1148', '1150', '1159']",
1150,O,12.626291,1.35646,-10.277467,11,['1149'],
1151,HN,10.011554,0.299008,-9.143426,10,['1147'],
1152,H,9.953132,2.861019,-10.674409,12,['1148'],
1153,C,9.977739,2.867484,-8.482208,137,"['1148', '1154', '1157', '1158']",
1154,C,10.613876,2.359854,-7.207852,139,"['1153', '1155', '1156']",
1155,O,11.467195,1.436047,-7.265718,140,['1154'],
1156,O,10.28462,2.897818,-6.116495,140,['1154'],
1157,H,8.877996,2.734358,-8.376404,138,['1153'],
1158,H,10.131623,3.970927,-8.503789,138,['1153'],
1159,N,12.481684,3.600578,-9.964876,7,"['1149', '1160', '1163']",
1160,CA,13.906329,3.891709,-10.050975,8,"['1159', '1161', '1164', '1165']",
1161,C,14.809944,3.226314,-8.996854,9,"['1160', '1162', '1181']",
1162,O,16.028358,3.271555,-9.148601,11,['1161'],
1163,HN,11.86463,4.418441,-9.881446,10,['1159'],
1164,H,14.265503,3.436716,-11.010784,12,['1160'],
1165,C,14.198579,5.428165,-10.124051,182,"['1160', '1166', '1170', '1171']",
1166,C,13.919293,6.262567,-8.84596,184,"['1165', '1167', '1172', '1173']",
1167,C,14.073759,7.792699,-9.086712,186,"['1166', '1168', '1174', '1175']",
1168,C,13.771108,8.646154,-7.833787,188,"['1167', '1169', '1176', '1177']",
1169,N,13.574923,10.067128,-8.105576,190,"['1168', '1178', '1179', '1180']",
1170,H,13.647328,5.858403,-10.994733,183,['1165'],
1171,H,15.276898,5.546796,-10.392318,183,['1165'],
1172,H,14.607224,5.930688,-8.030928,185,['1166'],
1173,H,12.889773,6.049164,-8.473956,185,['1166'],
1174,H,13.392419,8.096562,-9.91833,187,['1167'],
1175,H,15.1035,8.01903,-9.453035,187,['1167'],
1176,H,14.564896,8.527802,-7.061566,189,['1168'],
1177,H,12.82837,8.281618,-7.362991,189,['1168'],
1178,HN,13.187755,10.495545,-7.265935,191,['1169'],
1179,HN,12.873083,10.221676,-8.819257,191,['1169'],
1180,HN,14.388515,10.614468,-8.398298,191,['1169'],
1181,N,14.250672,2.607914,-7.92154,7,"['1161', '1182', '1185']",
1182,CA,14.996723,1.858978,-6.918649,8,"['1181', '1183', '1186', '1187']",
1183,C,14.890983,0.331406,-7.069452,9,"['1182', '1184', '1202']",
1184,O,15.405908,-0.413803,-6.222969,11,['1183'],
1185,HN,13.231093,2.519441,-7.808591,10,['1181'],
1186,H,16.08794,2.072903,-7.039262,12,['1182'],
1187,C,14.551714,2.262736,-5.478211,70,"['1182', '1188', '1195', '1196']",
1188,C,14.729749,3.743611,-5.215129,72,"['1187', '1189', '1190']",
1189,C,13.626805,4.60018,-5.059823,73,"['1188', '1191', '1197']",
1190,C,16.021404,4.286396,-5.102285,73,"['1188', '1192', '1198']",
1191,C,13.811768,5.962864,-4.798089,75,"['1189', '1193', '1199']",
1192,C,16.209142,5.649548,-4.856161,75,"['1190', '1193', '1200']",
1193,C,15.103844,6.494964,-4.702975,77,"['1191', '1192', '1194']",
1194,OH,15.261372,7.824479,-4.463977,78,"['1193', '1201']",
1195,H,15.137767,1.695443,-4.718211,71,['1187'],
1196,H,13.487823,1.972502,-5.31368,71,['1187'],
1197,H,12.601568,4.19998,-5.126263,74,['1189'],
1198,H,16.905663,3.636041,-5.208146,74,['1190'],
1199,H,12.933472,6.614793,-4.662286,76,['1191'],
1200,H,17.23276,6.049826,-4.777114,76,['1192'],
1201,HO,16.16848,8.079268,-4.353546,79,['1194'],
1202,N,14.201273,-0.176606,-8.121586,1,"['1183', '1203', '1206']",
1203,CA,13.940714,-1.583662,-8.309121,2,"['1202', '1204', '1207', '1208']",
1204,C,12.974905,-2.189512,-7.299642,3,"['1203', '1205', '1209']",
1205,O,13.17867,-3.320862,-6.837237,5,['1204'],
1206,HN,13.776421,0.421683,-8.842961,4,['1202'],
1207,H,13.506602,-1.760536,-9.318898,6,['1203'],
1208,H,14.884899,-2.166198,-8.291754,6,['1203'],
1209,N,11.944956,-1.410203,-6.888548,7,"['1204', '1210', '1213']",
1210,CA,10.81834,-1.852563,-6.088019,8,"['1209', '1211', '1214', '1215']",
1211,C,9.642512,-2.069875,-7.048028,9,"['1210', '1212', '1233']",
1212,O,9.384547,-1.244906,-7.929816,11,['1211'],
1213,HN,11.854726,-0.437325,-7.222508,10,['1209'],
1214,H,11.084512,-2.820339,-5.601499,12,['1210'],
1215,C,10.39508,-0.809664,-5.007101,202,"['1210', '1216', '1222', '1223']",
1216,C,11.533226,-0.413207,-4.039779,204,"['1215', '1217', '1224', '1225']",
1217,C,11.098035,0.592916,-2.954526,206,"['1216', '1218', '1226', '1227']",
1218,N,10.661537,1.866194,-3.510653,208,"['1217', '1219', '1228']",
1219,C,10.370634,2.979871,-2.82867,210,"['1218', '1220', '1221']",
1220,N,10.408796,3.018917,-1.494199,211,"['1219', '1229', '1230']",
1221,N,10.026262,4.076573,-3.511246,211,"['1219', '1231', '1232']",
1222,H,9.527969,-1.219071,-4.436016,203,['1215'],
1223,H,10.002961,0.093264,-5.535466,203,['1215'],
1224,H,12.376851,0.026304,-4.622437,205,['1216'],
1225,H,11.949032,-1.322427,-3.552098,205,['1216'],
1226,H,11.94411,0.763213,-2.247428,207,['1217'],
1227,H,10.27894,0.147063,-2.346107,207,['1217'],
1228,HN,10.637317,1.97254,-4.535775,209,['1218'],
1229,HN,10.623986,2.169245,-0.958829,212,['1220'],
1230,HN,10.354331,3.920947,-1.000118,212,['1220'],
1231,HN,9.993268,4.003779,-4.543444,212,['1221'],
1232,HN,9.827647,4.963795,-3.028646,212,['1221'],
1233,N,8.894186,-3.178287,-6.851895,1,"['1211', '1234', '1237']",
1234,CA,7.657025,-3.458205,-7.540649,2,"['1233', '1235', '1238', '1239']",
1235,C,6.571698,-2.506928,-7.048662,3,"['1234', '1236', '1240']",
1236,O,6.330804,-2.391494,-5.840014,5,['1235'],
1237,HN,9.105872,-3.811635,-6.070869,4,['1233'],
1238,H,7.806838,-3.3851,-8.642289,6,['1234'],
1239,H,7.321958,-4.497992,-7.336708,6,['1234'],
1240,N,5.881995,-1.826014,-7.98882,7,"['1235', '1241', '1244']",
1241,CA,4.767922,-0.927832,-7.740923,8,"['1240', '1242', '1245', '1246']",
1242,C,3.48953,-1.7219,-8.009438,9,"['1241', '1243', '1259']",
1243,O,3.273309,-2.223501,-9.113115,11,['1242'],
1244,HN,6.033954,-2.048382,-8.980674,10,['1240'],
1245,H,4.77891,-0.601718,-6.672718,12,['1241'],
1246,C,4.828667,0.312398,-8.684346,19,"['1241', '1247', '1250', '1251']",
1247,C,6.110839,1.185051,-8.543468,21,"['1246', '1248', '1249', '1252']",
1248,C,6.079763,2.320198,-9.599565,23,"['1247', '1253', '1254', '1255']",
1249,C,6.194639,1.799435,-7.123295,23,"['1247', '1256', '1257', '1258']",
1250,H,3.92916,0.94133,-8.499764,20,['1246'],
1251,H,4.723386,-0.036148,-9.740613,20,['1246'],
1252,H,7.018443,0.555326,-8.724996,22,['1247'],
1253,H,7.016003,2.920784,-9.596859,24,['1248'],
1254,H,5.238816,3.031213,-9.436708,24,['1248'],
1255,H,5.971177,1.917347,-10.632129,24,['1248'],
1256,H,7.098258,2.436201,-6.999069,24,['1249'],
1257,H,6.257374,1.013675,-6.339651,24,['1249'],
1258,H,5.311193,2.433643,-6.884251,24,['1249'],
1259,N,2.625133,-1.859754,-6.976002,7,"['1242', '1260', '1263']",
1260,CA,1.385058,-2.61097,-7.07401,8,"['1259', '1261', '1264', '1265']",
1261,C,0.396473,-2.189747,-5.981266,9,"['1260', '1262', '1269']",
1262,O,0.734527,-1.494694,-5.010642,11,['1261'],
1263,HN,2.815211,-1.435477,-6.056902,10,['1259'],
1264,H,0.906292,-2.390254,-8.061179,12,['1260'],
1265,C,1.700319,-4.127602,-6.966843,13,"['1260', '1266', '1267', '1268']",
1266,H,0.780556,-4.744718,-7.057304,14,['1265'],
1267,H,2.179092,-4.385078,-5.995607,14,['1265'],
1268,H,2.385766,-4.451788,-7.782972,14,['1265'],
1269,N,-0.860923,-2.659118,-6.145052,7,"['1261', '1270', '1273']",
1270,CA,-1.892756,-2.708315,-5.128868,8,"['1269', '1271', '1274', '1275']",
1271,C,-1.776921,-4.10587,-4.51474,9,"['1270', '1272', '1290']",
1272,O,-1.789913,-5.117239,-5.226139,11,['1271'],
1273,HN,-1.104261,-3.158157,-7.013176,10,['1269'],
1274,H,-1.685185,-1.94003,-4.350087,12,['1270'],
1275,C,-3.312943,-2.479703,-5.71139,70,"['1270', '1276', '1283', '1284']",
1276,C,-3.40004,-1.220782,-6.549233,72,"['1275', '1277', '1278']",
1277,C,-3.529766,0.039833,-5.942998,73,"['1276', '1279', '1285']",
1278,C,-3.411495,-1.294938,-7.953003,73,"['1276', '1280', '1286']",
1279,C,-3.664817,1.196375,-6.715758,75,"['1277', '1281', '1287']",
1280,C,-3.549775,-0.138685,-8.722474,75,"['1278', '1281', '1288']",
1281,C,-3.690454,1.112459,-8.112213,77,"['1279', '1280', '1282']",
1282,OH,-3.910415,2.232803,-8.851218,78,"['1281', '1289']",
1283,H,-4.063223,-2.424019,-4.889434,71,['1275'],
1284,H,-3.62195,-3.347898,-6.333545,71,['1275'],
1285,H,-3.541693,0.129425,-4.844502,74,['1277'],
1286,H,-3.340103,-2.266858,-8.467383,74,['1278'],
1287,H,-3.765537,2.172079,-6.216054,76,['1279'],
1288,H,-3.578675,-0.216261,-9.819272,76,['1280'],
1289,HO,-3.568018,2.075004,-9.730984,79,['1282'],
1290,N,-1.522669,-4.1683,-3.188813,7,"['1271', '1291', '1294']",
1291,CA,-1.317192,-5.4112,-2.456538,8,"['1290', '1292', '1295', '1296']",
1292,C,-2.637032,-5.733007,-1.759831,9,"['1291', '1293', '1309']",
1293,O,-3.244118,-4.844531,-1.15384,11,['1292'],
1294,HN,-1.650513,-3.328685,-2.603852,10,['1290'],
1295,H,-1.078147,-6.237052,-3.172448,12,['1291'],
1296,C,-0.151743,-5.282652,-1.411379,25,"['1291', '1297', '1298', '1300']",
1297,C,1.186039,-4.836,-2.086156,27,"['1296', '1299', '1301', '1302']",
1298,C,0.058473,-6.609614,-0.632859,29,"['1296', '1303', '1304', '1305']",
1299,C,1.721499,-5.74565,-3.197004,31,"['1297', '1306', '1307', '1308']",
1300,H,-0.443939,-4.495221,-0.670633,26,['1296'],
1301,H,1.974517,-4.717629,-1.308308,28,['1297'],
1302,H,1.045457,-3.821259,-2.524916,28,['1297'],
1303,H,0.915602,-6.561448,0.072344,30,['1298'],
1304,H,0.22859,-7.475676,-1.310798,30,['1298'],
1305,H,-0.834599,-6.862827,-0.01801,30,['1298'],
1306,H,2.706523,-5.38978,-3.574593,32,['1299'],
1307,H,1.034278,-5.789265,-4.069998,32,['1299'],
1308,H,1.87004,-6.782715,-2.832166,32,['1299'],
1309,N,-3.062157,-7.011906,-1.805115,7,"['1292', '1310', '1313']",
1310,CA,-4.250451,-7.525028,-1.153449,8,"['1309', '1311', '1314', '1315']",
1311,C,-3.837964,-8.616848,-0.164741,9,"['1310', '1312', '1330']",
1312,O,-2.953699,-9.43477,-0.439772,11,['1311'],
1313,HN,-2.499957,-7.729294,-2.28577,10,['1309'],
1314,H,-4.727941,-6.698027,-0.576572,12,['1310'],
1315,C,-5.266328,-8.086107,-2.178962,70,"['1310', '1316', '1323', '1324']",
1316,C,-5.767034,-7.016509,-3.123773,72,"['1315', '1317', '1318']",
1317,C,-7.013288,-6.406967,-2.910819,73,"['1316', '1319', '1325']",
1318,C,-5.011782,-6.619136,-4.237717,73,"['1316', '1320', '1326']",
1319,C,-7.51313,-5.448653,-3.794044,75,"['1317', '1321', '1327']",
1320,C,-5.50442,-5.648102,-5.108964,75,"['1318', '1321', '1328']",
1321,C,-6.760969,-5.070557,-4.906956,77,"['1319', '1320', '1322']",
1322,OH,-7.281847,-4.184204,-5.788688,78,"['1321', '1329']",
1323,H,-6.126257,-8.549242,-1.645447,71,['1315'],
1324,H,-4.811859,-8.914246,-2.759967,71,['1315'],
1325,H,-7.624249,-6.68766,-2.042974,74,['1317'],
1326,H,-4.026267,-7.068719,-4.443975,74,['1318'],
1327,H,-8.51415,-5.018461,-3.626855,76,['1319'],
1328,H,-4.905665,-5.345343,-5.974154,76,['1320'],
1329,HO,-6.804829,-4.245398,-6.611392,79,['1322'],
1330,N,-4.505409,-8.594645,1.011853,7,"['1311', '1331', '1334']",
1331,CA,-4.396073,-9.500054,2.138281,8,"['1330', '1332', '1335', '1336']",
1332,C,-5.7987,-10.075036,2.389437,9,"['1331', '1333', '1340']",
1333,O,-6.702711,-9.366634,2.858685,11,['1332'],
1334,HN,-5.254104,-7.898671,1.140348,10,['1330'],
1335,H,-3.676409,-10.322813,1.907566,12,['1331'],
1336,C,-3.898952,-8.688616,3.356798,13,"['1331', '1337', '1338', '1339']",
1337,H,-3.854662,-9.31546,4.273863,14,['1336'],
1338,H,-4.583886,-7.842039,3.581183,14,['1336'],
1339,H,-2.87812,-8.274493,3.19239,14,['1336'],
1340,N,-5.99701,-11.350547,1.978968,7,"['1332', '1341', '1344']",
1341,CA,-7.245751,-12.095055,1.902044,8,"['1340', '1342', '1345', '1346']",
1342,C,-8.36835,-11.288468,1.225521,9,"['1341', '1343', '1352']",
1343,O,-9.4593,-11.092266,1.772667,11,['1342'],
1344,HN,-5.184951,-11.916919,1.693239,10,['1340'],
1345,H,-7.062956,-12.962332,1.219807,12,['1341'],
1346,C,-7.668537,-12.651962,3.281249,137,"['1341', '1347', '1350', '1351']",
1347,C,-6.604515,-13.366176,4.071913,139,"['1346', '1348', '1349']",
1348,O,-5.627927,-13.870169,3.466917,140,['1347'],
1349,O,-6.742566,-13.420227,5.336892,140,['1347'],
1350,H,-8.540421,-13.337649,3.155897,138,['1346'],
1351,H,-8.026482,-11.805209,3.897151,138,['1346'],
1352,N,-8.074438,-10.765806,0.015184,1,"['1342', '1353', '1356']",
1353,CA,-8.906706,-9.945788,-0.827186,2,"['1352', '1354', '1357', '1358']",
1354,C,-9.090707,-8.476004,-0.47468,3,"['1353', '1355', '1359']",
1355,O,-9.549392,-7.70937,-1.319598,5,['1354'],
1356,HN,-7.123645,-10.895293,-0.355026,4,['1352'],
1357,H,-8.503495,-9.962629,-1.864736,6,['1353'],
1358,H,-9.930024,-10.37884,-0.905676,6,['1353'],
1359,N,-8.73373,-8.028261,0.754176,7,"['1354', '1360', '1363']",
1360,CA,-8.823947,-6.627827,1.152416,8,"['1359', '1361', '1364', '1365']",
1361,C,-7.523573,-5.91808,0.773892,9,"['1360', '1362', '1381']",
1362,O,-6.421788,-6.412246,1.032342,11,['1361'],
1363,HN,-8.294183,-8.647892,1.448126,10,['1359'],
1364,H,-9.673881,-6.160833,0.591394,12,['1360'],
1365,C,-9.086833,-6.518638,2.679548,182,"['1360', '1366', '1370', '1371']",
1366,C,-9.404329,-5.080314,3.150804,184,"['1365', '1367', '1372', '1373']",
1367,C,-9.837797,-5.07015,4.633121,186,"['1366', '1368', '1374', '1375']",
1368,C,-9.940789,-3.678236,5.27145,188,"['1367', '1369', '1376', '1377']",
1369,N,-10.834465,-2.778347,4.57728,190,"['1368', '1378', '1379', '1380']",
1370,H,-8.212649,-6.931444,3.237645,183,['1365'],
1371,H,-9.95016,-7.18145,2.931804,183,['1365'],
1372,H,-10.217691,-4.660188,2.50932,185,['1366'],
1373,H,-8.515353,-4.425547,2.990882,185,['1366'],
1374,H,-9.114737,-5.662857,5.241149,187,['1367'],
1375,H,-10.817022,-5.596708,4.737069,187,['1367'],
1376,H,-8.940888,-3.196308,5.350405,189,['1368'],
1377,H,-10.317595,-3.778825,6.315414,189,['1368'],
1378,HN,-10.932914,-1.931926,5.12192,191,['1369'],
1379,HN,-11.768917,-3.133752,4.418955,191,['1369'],
1380,HN,-10.535593,-2.403504,3.685975,191,['1369'],
1381,N,-7.630944,-4.734711,0.122985,7,"['1361', '1382', '1385']",
1382,CA,-6.472824,-3.984695,-0.347917,8,"['1381', '1383', '1386', '1387']",
1383,C,-5.828476,-3.289366,0.8608,9,"['1382', '1384', '1398']",
1384,O,-6.49058,-2.562318,1.604621,11,['1383'],
1385,HN,-8.555884,-4.315487,-0.042285,10,['1381'],
1386,H,-5.752491,-4.711172,-0.800909,12,['1382'],
1387,C,-6.891409,-2.916759,-1.40164,175,"['1382', '1388', '1391', '1392']",
1388,C,-5.698173,-2.456737,-2.266314,177,"['1387', '1389', '1393', '1394']",
1389,S,-5.992015,-0.877137,-3.103294,179,"['1388', '1390']",
1390,C,-7.529432,-1.219917,-3.989357,180,"['1389', '1395', '1396', '1397']",
1391,H,-7.372363,-2.060798,-0.874117,176,['1387'],
1392,H,-7.680023,-3.336136,-2.069071,176,['1387'],
1393,H,-5.463691,-3.248206,-3.014787,178,['1388'],
1394,H,-4.780749,-2.360035,-1.644234,178,['1388'],
1395,H,-7.7556,-0.371293,-4.667271,181,['1390'],
1396,H,-8.372764,-1.343227,-3.275843,181,['1390'],
1397,H,-7.423215,-2.144855,-4.595655,181,['1390'],
1398,N,-4.495977,-3.465804,1.008077,7,"['1383', '1399', '1402']",
1399,CA,-3.650613,-2.872585,2.026842,8,"['1398', '1400', '1403', '1404']",
1400,C,-3.592903,-1.353968,1.855592,9,"['1399', '1401', '1414']",
1401,O,-3.723536,-0.609048,2.826297,11,['1400'],
1402,HN,-3.99755,-4.013516,0.298139,10,['1398'],
1403,H,-4.117174,-3.047024,3.024114,12,['1399'],
1404,C,-2.202306,-3.487222,2.031084,15,"['1399', '1405', '1406', '1407']",
1405,C,-1.312565,-2.847211,3.12955,17,"['1404', '1408', '1409', '1410']",
1406,C,-2.242608,-5.018861,2.266997,17,"['1404', '1411', '1412', '1413']",
1407,H,-1.744652,-3.290522,1.028431,16,['1404'],
1408,H,-0.284502,-3.267313,3.135315,18,['1405'],
1409,H,-1.742883,-2.99415,4.146608,18,['1405'],
1410,H,-1.207759,-1.748743,2.991026,18,['1405'],
1411,H,-1.232097,-5.478581,2.195339,18,['1406'],
1412,H,-2.887126,-5.550767,1.532646,18,['1406'],
1413,H,-2.638382,-5.255162,3.27727,18,['1406'],
1414,N,-3.381109,-0.902682,0.594288,7,"['1400', '1415', '1418']",
1415,CA,-3.271144,0.49507,0.212524,8,"['1414', '1416', '1419', '1420']",
1416,C,-4.488867,1.279711,0.70457,9,"['1415', '1417', '1428']",
1417,O,-4.350999,2.305421,1.374224,11,['1416'],
1418,HN,-3.153374,-1.575228,-0.14951,10,['1414'],
1419,H,-2.398556,0.928912,0.757381,12,['1415'],
1420,C,-3.076367,0.717006,-1.32077,147,"['1415', '1421', '1424', '1425']",
1421,C,-2.101809,-0.213867,-2.035887,149,"['1420', '1422', '1423']",
1422,O,-2.11181,-1.431424,-1.812325,150,['1421'],
1423,N,-1.318668,0.336096,-2.983474,151,"['1421', '1426', '1427']",
1424,H,-2.764361,1.776548,-1.474888,148,['1420'],
1425,H,-4.046803,0.634069,-1.85975,148,['1420'],
1426,HN,-1.322847,1.354465,-3.168524,152,['1423'],
1427,HN,-0.700908,-0.28127,-3.527848,152,['1423'],
1428,N,-5.704569,0.767513,0.372355,7,"['1416', '1429', '1432']",
1429,CA,-6.959044,1.365619,0.776225,8,"['1428', '1430', '1433', '1434']",
1430,C,-7.161726,1.327009,2.287727,9,"['1429', '1431', '1443']",
1431,O,-7.614699,2.311801,2.868127,11,['1430'],
1432,HN,-5.778675,-0.050616,-0.248162,10,['1428'],
1433,H,-6.935072,2.446768,0.515615,12,['1429'],
1434,C,-8.16795,0.67689,0.091397,153,"['1429', '1435', '1439', '1440']",
1435,C,-9.476737,1.465262,0.297491,155,"['1434', '1436', '1441', '1442']",
1436,C,-10.729245,0.623242,0.271432,157,"['1435', '1437', '1438']",
1437,O,-10.639879,-0.579491,0.636408,158,['1436'],
1438,O,-11.816066,1.192796,0.020295,158,['1436'],
1439,H,-8.28153,-0.343079,0.531552,154,['1434'],
1440,H,-8.018174,0.515789,-1.001005,154,['1434'],
1441,H,-9.573372,2.262332,-0.473183,156,['1435'],
1442,H,-9.489719,1.997105,1.277112,156,['1435'],
1443,N,-6.843614,0.180866,2.937531,7,"['1430', '1444', '1447']",
1444,CA,-7.022157,-0.018468,4.365272,8,"['1443', '1445', '1448', '1449']",
1445,C,-6.276816,1.022543,5.207272,9,"['1444', '1446', '1453']",
1446,O,-6.840944,1.565678,6.159048,11,['1445'],
1447,HN,-6.505984,-0.633328,2.406127,10,['1443'],
1448,H,-8.104521,0.12983,4.597673,12,['1444'],
1449,C,-6.607649,-1.452144,4.767995,13,"['1444', '1450', '1451', '1452']",
1450,H,-6.820251,-1.660063,5.837419,14,['1449'],
1451,H,-5.518086,-1.613985,4.599241,14,['1449'],
1452,H,-7.149854,-2.211228,4.161379,14,['1449'],
1453,N,-5.007221,1.317491,4.82698,7,"['1445', '1454', '1457']",
1454,CA,-4.157868,2.324981,5.442957,8,"['1453', '1455', '1458', '1459']",
1455,C,-4.761563,3.722345,5.345516,9,"['1454', '1456', '1472']",
1456,O,-4.834643,4.451536,6.338372,11,['1455'],
1457,HN,-4.582584,0.799093,4.045668,10,['1453'],
1458,H,-4.078084,2.105256,6.534444,12,['1454'],
1459,C,-2.748226,2.372108,4.789657,19,"['1454', '1460', '1463', '1464']",
1460,C,-1.821001,1.19317,5.182312,21,"['1459', '1461', '1462', '1465']",
1461,C,-0.753341,1.024579,4.077555,23,"['1460', '1466', '1467', '1468']",
1462,C,-1.149835,1.485266,6.548784,23,"['1460', '1469', '1470', '1471']",
1463,H,-2.248685,3.332966,5.05536,20,['1459'],
1464,H,-2.875586,2.417404,3.679105,20,['1459'],
1465,H,-2.414858,0.247584,5.247295,22,['1460'],
1466,H,-0.106442,0.143353,4.275868,24,['1461'],
1467,H,-0.085316,1.910292,3.988812,24,['1461'],
1468,H,-1.224466,0.858197,3.082931,24,['1461'],
1469,H,-0.451205,0.670538,6.84526,24,['1462'],
1470,H,-1.897916,1.575007,7.367232,24,['1462'],
1471,H,-0.558857,2.428062,6.54173,24,['1462'],
1472,N,-5.162289,4.11613,4.11239,7,"['1455', '1473', '1476']",
1473,CA,-5.738912,5.415999,3.83286,8,"['1472', '1474', '1477', '1478']",
1474,C,-7.033051,5.611794,4.630649,9,"['1473', '1475', '1488']",
1475,O,-7.245236,6.653704,5.250424,11,['1474'],
1476,HN,-5.089008,3.474766,3.309138,10,['1472'],
1477,H,-5.0347,6.196915,4.210116,12,['1473'],
1478,C,-5.948168,5.637408,2.296041,15,"['1473', '1479', '1480', '1481']",
1479,C,-6.679944,6.965744,2.012512,17,"['1478', '1482', '1483', '1484']",
1480,C,-4.591784,5.666702,1.547614,17,"['1478', '1485', '1486', '1487']",
1481,H,-6.564474,4.786356,1.908092,16,['1478'],
1482,H,-6.839991,7.126369,0.923504,18,['1479'],
1483,H,-6.121898,7.842839,2.412599,18,['1479'],
1484,H,-7.686018,6.976484,2.480306,18,['1479'],
1485,H,-4.738361,5.78276,0.450573,18,['1480'],
1486,H,-4.012114,4.729356,1.692685,18,['1480'],
1487,H,-3.949076,6.51077,1.886445,18,['1480'],
1488,N,-7.898054,4.567859,4.656344,7,"['1474', '1489', '1492']",
1489,CA,-9.163249,4.551598,5.360919,8,"['1488', '1490', '1493', '1494']",
1490,C,-9.036705,4.73951,6.875791,9,"['1489', '1491', '1512']",
1491,O,-9.96706,5.256804,7.497143,11,['1490'],
1492,HN,-7.68165,3.723647,4.113735,10,['1488'],
1493,H,-9.721476,5.454912,5.012712,12,['1489'],
1494,C,-9.992689,3.261878,5.038703,202,"['1489', '1495', '1501', '1502']",
1495,C,-11.399302,3.175543,5.684468,204,"['1494', '1496', '1503', '1504']",
1496,C,-12.324039,4.324454,5.204823,206,"['1495', '1497', '1505', '1506']",
1497,N,-13.61105,4.301092,5.883357,208,"['1496', '1498', '1507']",
1498,C,-13.896096,4.773052,7.11072,210,"['1497', '1499', '1500']",
1499,N,-12.95845,5.197228,7.958574,211,"['1498', '1508', '1509']",
1500,N,-15.181264,4.863096,7.455652,211,"['1498', '1510', '1511']",
1501,H,-9.386136,2.383263,5.366286,203,['1494'],
1502,H,-10.093741,3.142589,3.933653,203,['1494'],
1503,H,-11.29868,3.201143,6.794179,205,['1495'],
1504,H,-11.872555,2.195626,5.439843,205,['1495'],
1505,H,-12.488554,4.235248,4.10531,207,['1496'],
1506,H,-11.851554,5.319683,5.358604,207,['1496'],
1507,HN,-14.374733,3.994977,5.260442,209,['1497'],
1508,HN,-11.963258,5.204202,7.701457,212,['1499'],
1509,HN,-13.221158,5.529307,8.902094,212,['1499'],
1510,HN,-15.927677,4.549519,6.821763,212,['1500'],
1511,HN,-15.43107,5.337139,8.3404,212,['1500'],
1512,N,-7.91683,4.285989,7.497048,7,"['1490', '1513', '1516']",
1513,CA,-7.640541,4.469281,8.913534,8,"['1512', '1514', '1517', '1518']",
1514,C,-6.806295,5.718226,9.242242,9,"['1513', '1515', '1529']",
1515,O,-6.40376,5.902292,10.391422,11,['1514'],
1516,HN,-7.172765,3.806202,6.971123,10,['1512'],
1517,H,-8.609002,4.647216,9.43724,12,['1513'],
1518,C,-6.962884,3.223933,9.564044,167,"['1513', '1519', '1523', '1524']",
1519,C,-7.788629,1.920385,9.488586,169,"['1518', '1520', '1525', '1526']",
1520,C,-9.09651,1.963563,10.271544,171,"['1519', '1521', '1522']",
1521,O,-9.141963,2.298323,11.456915,172,['1520'],
1522,N,-10.199473,1.577548,9.59262,173,"['1520', '1527', '1528']",
1523,H,-6.769543,3.439582,10.644551,168,['1518'],
1524,H,-5.96094,3.061303,9.10039,168,['1518'],
1525,H,-7.182399,1.103332,9.936834,170,['1519'],
1526,H,-7.938948,1.636483,8.421526,170,['1519'],
1527,HN,-10.140269,1.277504,8.610084,174,['1522'],
1528,HN,-11.109248,1.633989,10.068159,174,['1522'],
1529,N,-6.490502,6.584984,8.248812,1,"['1514', '1530', '1533']",
1530,CA,-5.667348,7.753971,8.456105,2,"['1529', '1531', '1534', '1535']",
1531,C,-4.200844,7.482952,8.78077,3,"['1530', '1532', '1536']",
1532,O,-3.551623,8.29088,9.447354,5,['1531'],
1533,HN,-6.805466,6.464265,7.277224,4,['1529'],
1534,H,-5.695978,8.408304,7.556538,6,['1530'],
1535,H,-6.081801,8.36864,9.287994,6,['1530'],
1536,N,-3.65764,6.321026,8.335309,7,"['1531', '1537', '1540']",
1537,CA,-2.263623,5.929279,8.478617,8,"['1536', '1538', '1541', '1542']",
1538,C,-1.431982,6.126413,7.201859,9,"['1537', '1539', '1555']",
1539,O,-0.209856,5.962326,7.223265,11,['1538'],
1540,HN,-4.223583,5.649244,7.797418,10,['1536'],
1541,H,-1.766761,6.611283,9.210871,12,['1537'],
1542,C,-2.159256,4.462737,8.991943,19,"['1537', '1543', '1546', '1547']",
1543,C,-2.723849,4.271957,10.433442,21,"['1542', '1544', '1545', '1548']",
1544,C,-2.799388,2.763935,10.765642,23,"['1543', '1549', '1550', '1551']",
1545,C,-1.837705,4.986749,11.486649,23,"['1543', '1552', '1553', '1554']",
1546,H,-1.091488,4.142069,8.955175,20,['1542'],
1547,H,-2.690654,3.792994,8.273543,20,['1542'],
1548,H,-3.760388,4.689468,10.484619,22,['1543'],
1549,H,-3.269808,2.585175,11.758776,24,['1544'],
1550,H,-1.790216,2.29647,10.787025,24,['1544'],
1551,H,-3.41236,2.206727,10.021561,24,['1544'],
1552,H,-2.191564,4.787419,12.523342,24,['1545'],
1553,H,-1.851899,6.092034,11.362523,24,['1545'],
1554,H,-0.772014,4.664995,11.433832,24,['1545'],
1555,N,-2.067351,6.545047,6.081355,7,"['1538', '1556', '1559']",
1556,CA,-1.40865,6.970226,4.860039,8,"['1555', '1557', '1560', '1561']",
1557,C,-2.252152,8.072481,4.213633,9,"['1556', '1558', '1565']",
1558,O,-3.482646,8.047745,4.287343,11,['1557'],
1559,HN,-3.09023,6.64337,6.037886,10,['1555'],
1560,H,-0.402063,7.385897,5.112777,12,['1556'],
1561,C,-1.273272,5.785906,3.87643,13,"['1556', '1562', '1563', '1564']",
1562,H,-0.701954,6.093212,2.974803,14,['1561'],
1563,H,-2.26738,5.415116,3.537961,14,['1561'],
1564,H,-0.731731,4.930028,4.32924,14,['1561'],
1565,N,-1.569649,9.028039,3.542003,7,"['1557', '1566', '1569']",
1566,CA,-2.177444,10.018505,2.662301,8,"['1565', '1567', '1570', '1571']",
1567,C,-2.201928,9.408949,1.254013,9,"['1566', '1568', '1587']",
1568,O,-1.343924,8.583375,0.90997,11,['1567'],
1569,HN,-0.546675,8.935994,3.45117,10,['1565'],
1570,H,-3.231322,10.223547,2.977916,12,['1566'],
1571,C,-1.339581,11.335428,2.60365,182,"['1566', '1572', '1576', '1577']",
1572,C,-1.285503,12.161745,3.914264,184,"['1571', '1573', '1578', '1579']",
1573,C,-0.26032,13.319942,3.796304,186,"['1572', '1574', '1580', '1581']",
1574,C,-0.159175,14.24585,5.031316,188,"['1573', '1575', '1582', '1583']",
1575,N,1.049533,15.068231,4.990792,190,"['1574', '1584', '1585', '1586']",
1576,H,-1.759693,11.978814,1.790426,183,['1571'],
1577,H,-0.305545,11.076564,2.268863,183,['1571'],
1578,H,-1.011571,11.49503,4.765847,185,['1572'],
1579,H,-2.304079,12.554755,4.14441,185,['1572'],
1580,H,-0.508527,13.939621,2.900121,187,['1573'],
1581,H,0.741393,12.874833,3.586075,187,['1573'],
1582,H,-0.140107,13.647641,5.97108,189,['1574'],
1583,H,-1.051459,14.910393,5.089805,189,['1574'],
1584,HN,1.159014,15.677749,5.79424,191,['1575'],
1585,HN,1.142961,15.632972,4.153108,191,['1575'],
1586,HN,1.87659,14.473413,4.981618,191,['1575'],
1587,N,-3.123251,9.905945,0.393241,7,"['1567', '1588', '1591']",
1588,CA,-3.086754,9.661484,-1.042998,8,"['1587', '1589', '1592', '1593']",
1589,C,-1.987232,10.581303,-1.597066,9,"['1588', '1590', '1603']",
1590,O,-1.979382,11.791132,-1.336643,11,['1589'],
1591,HN,-3.805454,10.619213,0.706048,10,['1587'],
1592,H,-2.798747,8.594456,-1.21476,12,['1588'],
1593,C,-4.463644,9.913359,-1.748339,15,"['1588', '1594', '1595', '1596']",
1594,C,-4.35053,9.663412,-3.276628,17,"['1593', '1597', '1598', '1599']",
1595,C,-5.534947,8.957,-1.166721,17,"['1593', '1600', '1601', '1602']",
1596,H,-4.777642,10.971681,-1.557591,16,['1593'],
1597,H,-5.332826,9.736119,-3.792203,18,['1594'],
1598,H,-3.932352,8.653909,-3.497741,18,['1594'],
1599,H,-3.679051,10.406806,-3.760712,18,['1594'],
1600,H,-6.529687,9.110435,-1.637888,18,['1595'],
1601,H,-5.668141,9.129175,-0.076374,18,['1595'],
1602,H,-5.255278,7.888596,-1.299464,18,['1595'],
1603,N,-1.010173,9.981788,-2.314298,7,"['1589', '1604', '1607']",
1604,CA,0.243148,10.58494,-2.74789,8,"['1603', '1605', '1608', '1609']",
1605,C,0.890004,9.73031,-3.844209,9,"['1604', '1606', '1613']",
1606,O,0.537329,8.568208,-4.034451,11,['1605'],
1607,HN,-1.13797,9.00818,-2.623446,10,['1603'],
1608,H,0.031612,11.595869,-3.172928,12,['1604'],
1609,C,1.190162,10.687776,-1.527791,13,"['1604', '1610', '1611', '1612']",
1610,H,2.183342,11.114632,-1.794153,14,['1609'],
1611,H,1.370533,9.687286,-1.076869,14,['1609'],
1612,H,0.76247,11.336755,-0.730803,14,['1609'],
1613,N,1.882836,10.318124,-4.559503,7,"['1605', '1614', '1617']",
1614,CA,2.610798,9.694114,-5.659855,8,"['1613', '1615', '1618', '1619']",
1615,C,1.68205,9.156593,-6.75115,9,"['1614', '1616', '1634']",
1616,O,1.848563,8.051954,-7.268986,11,['1615'],
1617,HN,2.240893,11.236813,-4.266823,10,['1613'],
1618,H,3.19379,10.494743,-6.176345,12,['1614'],
1619,C,3.604478,8.609281,-5.158387,70,"['1614', '1620', '1627', '1628']",
1620,C,4.609029,9.24264,-4.224721,72,"['1619', '1621', '1622']",
1621,C,5.641379,10.073855,-4.696468,73,"['1620', '1623', '1629']",
1622,C,4.43908,9.10062,-2.843688,73,"['1620', '1624', '1630']",
1623,C,6.487994,10.746473,-3.805417,75,"['1621', '1625', '1631']",
1624,C,5.286001,9.771803,-1.970543,75,"['1622', '1625', '1632']",
1625,C,6.308678,10.603408,-2.425804,77,"['1623', '1624', '1626']",
1626,OH,7.081404,11.278856,-1.527094,78,"['1625', '1633']",
1627,H,4.128615,8.123544,-6.008422,71,['1619'],
1628,H,3.048482,7.791405,-4.643378,71,['1619'],
1629,H,5.776469,10.235126,-5.778017,74,['1621'],
1630,H,3.617765,8.490717,-2.433833,74,['1622'],
1631,H,7.268861,11.416199,-4.195127,76,['1623'],
1632,H,5.130365,9.688183,-0.894612,76,['1624'],
1633,HO,6.777453,11.093529,-0.641809,79,['1626'],
1634,N,0.663713,9.979703,-7.101753,7,"['1615', '1635', '1638']",
1635,CA,-0.25933,9.68789,-8.175762,8,"['1634', '1636', '1639', '1640']",
1636,C,0.425387,10.142073,-9.4748,9,"['1635', '1637', '1650']",
1637,O,0.571695,11.340342,-9.729748,11,['1636'],
1638,HN,0.572536,10.918301,-6.695161,10,['1634'],
1639,H,-0.433285,8.585973,-8.21953,12,['1635'],
1640,C,-1.649983,10.389205,-7.985058,15,"['1635', '1641', '1642', '1643']",
1641,C,-2.643634,9.822045,-9.027827,17,"['1640', '1644', '1645', '1646']",
1642,C,-2.223242,10.167753,-6.558757,17,"['1640', '1647', '1648', '1649']",
1643,H,-1.53057,11.488801,-8.150565,16,['1640'],
1644,H,-3.646595,10.282968,-8.923833,18,['1641'],
1645,H,-2.779016,8.723391,-8.933617,18,['1641'],
1646,H,-2.312065,10.032873,-10.068569,18,['1641'],
1647,H,-3.272635,10.530039,-6.476277,18,['1642'],
1648,H,-1.639555,10.716796,-5.787225,18,['1642'],
1649,H,-2.224174,9.09706,-6.259062,18,['1642'],
1650,N,0.883022,9.15615,-10.282572,7,"['1636', '1651', '1654']",
1651,CA,1.438666,9.34045,-11.617694,8,"['1650', '1652', '1655', '1656']",
1652,C,0.383162,8.890143,-12.63394,9,"['1651', '1653', '1671']",
1653,O,-0.419143,7.988394,-12.372467,11,['1652'],
1654,HN,0.781182,8.172919,-9.997478,10,['1650'],
1655,H,1.640917,10.428114,-11.784195,12,['1651'],
1656,C,2.749316,8.532449,-11.813923,70,"['1651', '1657', '1664', '1665']",
1657,C,3.840714,8.96169,-10.854437,72,"['1656', '1658', '1659']",
1658,C,4.657208,10.065265,-11.157137,73,"['1657', '1660', '1666']",
1659,C,4.070856,8.274174,-9.65089,73,"['1657', '1661', '1667']",
1660,C,5.689604,10.456964,-10.298432,75,"['1658', '1662', '1668']",
1661,C,5.122276,8.642936,-8.806752,75,"['1659', '1662', '1669']",
1662,C,5.932544,9.737257,-9.124754,77,"['1660', '1661', '1663']",
1663,OH,6.966603,10.118188,-8.3217,78,"['1662', '1670']",
1664,H,3.131947,8.646063,-12.855808,71,['1656'],
1665,H,2.567702,7.437697,-11.712972,71,['1656'],
1666,H,4.512032,10.621674,-12.097378,74,['1658'],
1667,H,3.45704,7.400781,-9.378655,74,['1659'],
1668,H,6.327273,11.313825,-10.570161,76,['1660'],
1669,H,5.329523,8.045597,-7.90531,76,['1661'],
1670,HO,7.094525,9.486438,-7.622722,79,['1663'],
1671,N,0.362896,9.577896,-13.804101,7,"['1652', '1672', '1675']",
1672,CA,-0.619531,9.351831,-14.857143,8,"['1671', '1673', '1676', '1677']",
1673,C,-0.319287,7.984336,-15.476036,9,"['1672', '1674', '1693']",
1674,O,0.801799,7.729192,-15.900005,11,['1673'],
1675,HN,1.193689,10.115355,-14.082558,10,['1671'],
1676,H,-1.63494,9.327493,-14.389262,12,['1672'],
1677,C,-0.571432,10.494093,-15.924647,182,"['1672', '1678', '1682', '1683']",
1678,C,-1.52903,10.273261,-17.125575,184,"['1677', '1679', '1684', '1685']",
1679,C,-1.569678,11.466724,-18.114005,186,"['1678', '1680', '1686', '1687']",
1680,C,-2.047866,11.101832,-19.541882,188,"['1679', '1681', '1688', '1689']",
1681,N,-3.425946,10.628025,-19.598852,190,"['1680', '1690', '1691', '1692']",
1682,H,0.472669,10.583871,-16.312526,183,['1677'],
1683,H,-0.807474,11.470032,-15.434615,183,['1677'],
1684,H,-2.55894,10.051365,-16.754838,185,['1678'],
1685,H,-1.190576,9.35554,-17.667444,185,['1678'],
1686,H,-0.548157,11.905417,-18.210699,187,['1679'],
1687,H,-2.20185,12.283798,-17.691274,187,['1679'],
1688,H,-1.38013,10.330679,-19.989096,189,['1680'],
1689,H,-1.962572,11.993776,-20.206557,189,['1680'],
1690,HN,-3.670374,10.242589,-20.511383,191,['1681'],
1691,HN,-4.049522,11.407775,-19.394809,191,['1681'],
1692,HN,-3.644412,9.925932,-18.898024,191,['1681'],
1693,N,-1.354167,7.114387,-15.524446,1,"['1673', '1694', '1697']",
1694,CA,-1.285554,5.764205,-16.031493,2,"['1693', '1695', '1698', '1699']",
1695,C,-1.068545,4.653043,-15.007991,3,"['1694', '1696', '1700']",
1696,O,-1.298471,3.478197,-15.302343,5,['1695'],
1697,HN,-2.24897,7.331582,-15.061627,4,['1693'],
1698,H,-2.22714,5.536538,-16.571379,6,['1694'],
1699,H,-0.4805,5.680962,-16.798191,6,['1694'],
1700,N,-0.724862,5.022043,-13.749315,7,"['1695', '1701', '1704']",
1701,CA,-0.656276,4.13499,-12.59859,8,"['1700', '1702', '1705', '1706']",
1702,C,-1.650515,4.570405,-11.515898,9,"['1701', '1703', '1714']",
1703,O,-1.356019,4.522714,-10.31754,11,['1702'],
1704,HN,-0.572346,6.011665,-13.501218,10,['1700'],
1705,H,-0.991256,3.112651,-12.894818,12,['1701'],
1706,C,0.806526,4.075214,-12.064468,147,"['1701', '1707', '1710', '1711']",
1707,C,1.646071,2.996998,-12.73451,149,"['1706', '1708', '1709']",
1708,O,1.145194,2.232125,-13.55988,150,['1707'],
1709,N,2.920709,2.900876,-12.302799,151,"['1707', '1712', '1713']",
1710,H,0.777954,3.855445,-10.974856,148,['1706'],
1711,H,1.315954,5.062608,-12.164147,148,['1706'],
1712,HN,3.325029,3.583539,-11.650417,152,['1709'],
1713,HN,3.500125,2.128387,-12.666291,152,['1709'],
1714,N,-2.839737,5.071364,-11.942206,7,"['1702', '1715', '1718']",
1715,CA,-3.826356,5.694122,-11.084086,8,"['1714', '1716', '1719', '1720']",
1716,C,-5.246475,5.141898,-11.227888,9,"['1715', '1717', '1728']",
1717,O,-6.205705,5.870541,-10.956179,11,['1716'],
1718,HN,-3.096949,5.049863,-12.938608,10,['1714'],
1719,H,-3.564546,5.479886,-10.023313,12,['1715'],
1720,C,-3.767267,7.232035,-11.302684,147,"['1715', '1721', '1724', '1725']",
1721,C,-4.358202,7.755511,-12.605667,149,"['1720', '1722', '1723']",
1722,O,-3.958001,7.324798,-13.698363,150,['1721'],
1723,N,-5.263417,8.756192,-12.497282,151,"['1721', '1726', '1727']",
1724,H,-2.720735,7.607131,-11.217127,148,['1720'],
1725,H,-4.327053,7.702679,-10.463665,148,['1720'],
1726,HN,-5.510963,9.131542,-11.563478,152,['1723'],
1727,HN,-5.714172,9.136204,-13.339219,152,['1723'],
1728,N,-5.407108,3.82828,-11.550161,7,"['1716', '1729', '1732']",
1729,CA,-6.69127,3.147268,-11.675815,8,"['1728', '1730', '1733', '1734']",
1730,C,-7.584927,3.314806,-10.450456,9,"['1729', '1731', '1742']",
1731,O,-8.714225,3.804809,-10.538307,11,['1730'],
1732,HN,-4.579397,3.221893,-11.653235,10,['1728'],
1733,H,-7.254091,3.621094,-12.514594,12,['1729'],
1734,C,-6.522171,1.635297,-12.019566,37,"['1729', '1735', '1736', '1737']",
1735,OH,-6.111382,1.565303,-13.379045,39,"['1734', '1738']",
1736,C,-7.797134,0.780578,-11.900526,41,"['1734', '1739', '1740', '1741']",
1737,H,-5.712567,1.203442,-11.37886,38,['1734'],
1738,HO,-5.19061,1.318646,-13.369575,40,['1735'],
1739,H,-7.632249,-0.245063,-12.291489,42,['1736'],
1740,H,-8.64837,1.221098,-12.465193,42,['1736'],
1741,H,-8.127963,0.674456,-10.844404,42,['1736'],
1742,N,-7.082768,2.92567,-9.255203,7,"['1730', '1743', '1746']",
1743,CA,-7.85697,3.008314,-8.027672,8,"['1742', '1744', '1747', '1748']",
1744,C,-7.784533,4.362274,-7.31077,9,"['1743', '1745', '1760']",
1745,O,-8.177693,4.439831,-6.143954,11,['1744'],
1746,HN,-6.089141,2.661722,-9.166362,10,['1742'],
1747,H,-8.942497,2.911822,-8.284581,12,['1743'],
1748,C,-7.489894,1.864147,-7.042769,106,"['1743', '1749', '1754', '1755']",
1749,C,-7.745544,0.459202,-7.535964,108,"['1748', '1750', '1751']",
1750,N,-8.949887,0.024784,-8.052155,109,"['1749', '1752', '1756']",
1751,C,-6.934595,-0.650738,-7.480338,111,"['1749', '1753', '1757']",
1752,C,-8.879807,-1.298514,-8.335572,113,"['1750', '1753', '1758']",
1753,N,-7.646481,-1.704395,-7.996518,115,"['1751', '1752', '1759']",
1754,H,-8.072045,1.990021,-6.103306,107,['1748'],
1755,H,-6.421913,1.948875,-6.743906,107,['1748'],
1756,HN,-9.811819,0.562569,-8.184771,110,['1750'],
1757,H,-5.942875,-0.76172,-7.090319,112,['1751'],
1758,H,-9.695227,-1.889531,-8.719038,114,['1752'],
1759,HN,-7.27972,-2.6676,-8.080805,116,['1753'],
1760,N,-7.331065,5.455641,-7.981674,7,"['1744', '1761', '1764']",
1761,CA,-7.18905,6.772005,-7.387751,8,"['1760', '1762', '1765', '1766']",
1762,C,-8.414707,7.219838,-6.6046,9,"['1761', '1763', '1775']",
1763,O,-8.297443,7.606725,-5.441286,11,['1762'],
1764,HN,-7.10326,5.409514,-8.982661,10,['1760'],
1765,H,-6.401071,6.693045,-6.59901,12,['1761'],
1766,C,-6.731172,7.854078,-8.418058,153,"['1761', '1767', '1771', '1772']",
1767,C,-6.846218,9.302114,-7.906942,155,"['1766', '1768', '1773', '1774']",
1768,C,-6.228418,10.383953,-8.766887,157,"['1767', '1769', '1770']",
1769,O,-6.047328,10.184003,-10.005565,158,['1768'],
1770,O,-5.798761,11.420632,-8.182554,158,['1768'],
1771,H,-7.313216,7.766828,-9.367044,154,['1766'],
1772,H,-5.671025,7.656825,-8.694896,154,['1766'],
1773,H,-6.385033,9.368863,-6.895329,156,['1767'],
1774,H,-7.925524,9.551855,-7.772008,156,['1767'],
1775,N,-9.59703,7.206487,-7.265067,7,"['1762', '1776', '1779']",
1776,CA,-10.82137,7.707108,-6.672291,8,"['1775', '1777', '1780', '1781']",
1777,C,-11.426737,6.826114,-5.581398,9,"['1776', '1778', '1792']",
1778,O,-12.084129,7.345404,-4.681363,11,['1777'],
1779,HN,-9.658776,6.839378,-8.225134,10,['1775'],
1780,H,-10.552385,8.624234,-6.090052,12,['1776'],
1781,C,-11.864393,8.112246,-7.752612,167,"['1776', '1782', '1786', '1787']",
1782,C,-11.371002,9.293107,-8.629663,169,"['1781', '1783', '1788', '1789']",
1783,C,-10.921809,10.508442,-7.826652,171,"['1782', '1784', '1785']",
1784,O,-9.730496,10.8054,-7.73583,172,['1783'],
1785,N,-11.897537,11.170546,-7.179264,173,"['1783', '1790', '1791']",
1786,H,-12.821637,8.404111,-7.256748,168,['1781'],
1787,H,-12.108249,7.245063,-8.410717,168,['1781'],
1788,H,-12.175817,9.60103,-9.334785,170,['1782'],
1789,H,-10.52327,8.979621,-9.279401,170,['1782'],
1790,HN,-12.881938,10.890673,-7.303326,174,['1785'],
1791,HN,-11.661142,11.983008,-6.595327,174,['1785'],
1792,N,-11.113029,5.50513,-5.574873,7,"['1777', '1793', '1796']",
1793,CA,-11.43411,4.608097,-4.47055,8,"['1792', '1794', '1797', '1798']",
1794,C,-10.691068,5.067234,-3.209899,9,"['1793', '1795', '1811']",
1795,O,-11.284763,5.244288,-2.145243,11,['1794'],
1796,HN,-10.527115,5.099299,-6.315137,10,['1792'],
1797,H,-12.524489,4.691565,-4.244836,12,['1793'],
1798,C,-11.067949,3.132378,-4.813099,19,"['1793', '1799', '1802', '1803']",
1799,C,-11.374015,2.101401,-3.676401,21,"['1798', '1800', '1801', '1804']",
1800,C,-12.87307,1.714067,-3.677631,23,"['1799', '1805', '1806', '1807']",
1801,C,-10.503321,0.837529,-3.885666,23,"['1799', '1808', '1809', '1810']",
1802,H,-9.977044,3.096016,-5.049741,20,['1798'],
1803,H,-11.588262,2.823254,-5.751819,20,['1798'],
1804,H,-11.111523,2.527529,-2.67582,22,['1799'],
1805,H,-13.087423,0.937057,-2.90538,24,['1800'],
1806,H,-13.221256,1.316815,-4.657129,24,['1800'],
1807,H,-13.52624,2.57827,-3.419547,24,['1800'],
1808,H,-10.721885,0.068705,-3.108288,24,['1801'],
1809,H,-9.420017,1.077357,-3.79656,24,['1801'],
1810,H,-10.66831,0.35433,-4.874971,24,['1801'],
1811,N,-9.356979,5.279391,-3.348868,7,"['1794', '1812', '1815']",
1812,CA,-8.487865,5.683985,-2.265061,8,"['1811', '1813', '1816', '1817']",
1813,C,-8.814765,7.087307,-1.751234,9,"['1812', '1814', '1830']",
1814,O,-8.775746,7.315123,-0.542419,11,['1813'],
1815,HN,-8.911964,5.191615,-4.27255,10,['1811'],
1816,H,-8.690552,5.01248,-1.394715,12,['1812'],
1817,C,-6.982496,5.588877,-2.645511,19,"['1812', '1818', '1821', '1822']",
1818,C,-6.51144,4.202223,-3.177861,21,"['1817', '1819', '1820', '1823']",
1819,C,-4.990059,4.245062,-3.426634,23,"['1818', '1824', '1825', '1826']",
1820,C,-6.807142,3.066989,-2.181801,23,"['1818', '1827', '1828', '1829']",
1821,H,-6.380294,5.874874,-1.750503,20,['1817'],
1822,H,-6.757276,6.370001,-3.413706,20,['1817'],
1823,H,-7.023828,3.975461,-4.143679,22,['1818'],
1824,H,-4.62455,3.315881,-3.919497,24,['1819'],
1825,H,-4.405293,4.375866,-2.487357,24,['1819'],
1826,H,-4.733506,5.097766,-4.090835,24,['1819'],
1827,H,-6.426333,2.08354,-2.538444,24,['1820'],
1828,H,-7.896769,2.932393,-2.004578,24,['1820'],
1829,H,-6.323155,3.270783,-1.202525,24,['1820'],
1830,N,-9.169006,8.044185,-2.64654,7,"['1813', '1831', '1834']",
1831,CA,-9.556926,9.385935,-2.250976,8,"['1830', '1832', '1835', '1836']",
1832,C,-10.886728,9.439678,-1.487721,9,"['1831', '1833', '1854']",
1833,O,-11.036284,10.283849,-0.602507,11,['1832'],
1834,HN,-9.133106,7.852059,-3.655837,10,['1830'],
1835,H,-8.812322,9.731557,-1.490116,12,['1831'],
1836,C,-9.557193,10.41913,-3.411533,202,"['1831', '1837', '1843', '1844']",
1837,C,-8.167357,10.680828,-4.037018,204,"['1836', '1838', '1845', '1846']",
1838,C,-8.165308,11.904714,-4.978366,206,"['1837', '1839', '1847', '1848']",
1839,N,-6.852633,12.112519,-5.566455,208,"['1838', '1840', '1849']",
1840,C,-5.784735,12.700197,-5.008839,210,"['1839', '1841', '1842']",
1841,N,-5.779116,13.123443,-3.742486,211,"['1840', '1850', '1851']",
1842,N,-4.728706,12.92574,-5.800678,211,"['1840', '1852', '1853']",
1843,H,-9.941669,11.380907,-2.999342,203,['1836'],
1844,H,-10.292596,10.123999,-4.196715,203,['1836'],
1845,H,-7.831114,9.774452,-4.592439,205,['1837'],
1846,H,-7.428966,10.829046,-3.214132,205,['1837'],
1847,H,-8.499208,12.820016,-4.440151,207,['1838'],
1848,H,-8.910684,11.762298,-5.795121,207,['1838'],
1849,HN,-6.772774,11.859742,-6.561845,209,['1839'],
1850,HN,-6.566446,12.911031,-3.117667,212,['1841'],
1851,HN,-5.004498,13.689487,-3.368318,212,['1841'],
1852,HN,-4.76403,12.563232,-6.769596,212,['1842'],
1853,HN,-3.899497,13.427302,-5.451272,212,['1842'],
1854,N,-11.840306,8.515438,-1.777943,7,"['1832', '1855', '1858']",
1855,CA,-13.065838,8.332653,-1.000238,8,"['1854', '1856', '1859', '1860']",
1856,C,-12.71829,7.873122,0.421213,9,"['1855', '1857', '1876']",
1857,O,-13.224942,8.438556,1.392482,11,['1856'],
1858,HN,-11.736094,7.904286,-2.600049,10,['1854'],
1859,H,-13.552133,9.331924,-0.885233,12,['1855'],
1860,C,-14.053201,7.343573,-1.700226,182,"['1855', '1861', '1865', '1866']",
1861,C,-15.381069,7.001122,-0.967752,184,"['1860', '1862', '1867', '1868']",
1862,C,-16.402691,8.164924,-0.915135,186,"['1861', '1863', '1869', '1870']",
1863,C,-17.797241,7.781665,-0.345341,188,"['1862', '1864', '1871', '1872']",
1864,N,-18.582662,6.857388,-1.170429,190,"['1863', '1873', '1874', '1875']",
1865,H,-13.508755,6.378536,-1.861961,183,['1860'],
1866,H,-14.280489,7.722104,-2.725988,183,['1860'],
1867,H,-15.151462,6.64225,0.063624,185,['1861'],
1868,H,-15.824754,6.117022,-1.48925,185,['1861'],
1869,H,-16.51998,8.61415,-1.93052,187,['1862'],
1870,H,-15.976368,8.975851,-0.274711,187,['1862'],
1871,H,-18.400132,8.706937,-0.18353,189,['1863'],
1872,H,-17.668333,7.326281,0.663994,189,['1863'],
1873,HN,-19.426565,6.526406,-0.696027,191,['1864'],
1874,HN,-18.060351,6.027323,-1.434023,191,['1864'],
1875,HN,-18.90162,7.278205,-2.038182,191,['1864'],
1876,N,-11.793993,6.881203,0.529971,7,"['1856', '1877', '1880']",
1877,CA,-11.258691,6.367805,1.78076,8,"['1876', '1878', '1881', '1882']",
1878,C,-10.617254,7.458769,2.643867,9,"['1877', '1879', '1886']",
1879,O,-10.822343,7.489693,3.85979,11,['1878'],
1880,HN,-11.431262,6.433085,-0.323838,10,['1876'],
1881,H,-12.113147,5.972541,2.380841,12,['1877'],
1882,C,-10.236541,5.229532,1.530173,13,"['1877', '1883', '1884', '1885']",
1883,H,-9.839016,4.824671,2.484562,14,['1882'],
1884,H,-9.357042,5.59693,0.953519,14,['1882'],
1885,H,-10.672365,4.375705,0.963991,14,['1882'],
1886,N,-9.832548,8.363452,2.003422,7,"['1878', '1887', '1890']",
1887,CA,-9.156639,9.487756,2.625027,8,"['1886', '1888', '1891', '1892']",
1888,C,-10.15255,10.500205,3.174275,9,"['1887', '1889', '1901']",
1889,O,-9.964529,11.019491,4.273184,11,['1888'],
1890,HN,-9.637164,8.234798,1.002526,10,['1886'],
1891,H,-8.578226,9.105174,3.500449,12,['1887'],
1892,C,-8.202162,10.203541,1.624041,153,"['1887', '1893', '1897', '1898']",
1893,C,-7.3627,11.332442,2.247365,155,"['1892', '1894', '1899', '1900']",
1894,C,-6.489414,12.021191,1.214788,157,"['1893', '1895', '1896']",
1895,O,-7.051121,12.845288,0.435198,158,['1894'],
1896,O,-5.262011,11.748268,1.206895,158,['1894'],
1897,H,-8.793302,10.631068,0.779997,154,['1892'],
1898,H,-7.509147,9.466338,1.163698,154,['1892'],
1899,H,-6.713995,10.933993,3.056212,156,['1893'],
1900,H,-8.00443,12.108268,2.723392,156,['1893'],
1901,N,-11.23045,10.779141,2.401403,7,"['1888', '1902', '1905']",
1902,CA,-12.310227,11.667719,2.77977,8,"['1901', '1903', '1906', '1907']",
1903,C,-13.064213,11.174367,4.013559,9,"['1902', '1904', '1911']",
1904,O,-13.482577,11.985809,4.838827,11,['1903'],
1905,HN,-11.311659,10.359186,1.46591,10,['1901'],
1906,H,-11.867418,12.652282,3.068816,12,['1902'],
1907,C,-13.306696,11.87243,1.614166,13,"['1902', '1908', '1909', '1910']",
1908,H,-14.123175,12.565244,1.912149,14,['1907'],
1909,H,-13.768929,10.907717,1.299675,14,['1907'],
1910,H,-12.806841,12.316775,0.723723,14,['1907'],
1911,N,-13.257472,9.836873,4.133531,7,"['1903', '1912', '1915']",
1912,CA,-13.891183,9.19024,5.269378,8,"['1911', '1913', '1916', '1917']",
1913,C,-13.011763,9.254464,6.523312,9,"['1912', '1914', '1928']",
1914,O,-13.502528,9.592492,7.599587,11,['1913'],
1915,HN,-12.928706,9.203232,3.391626,10,['1911'],
1916,H,-14.802795,9.775658,5.546027,12,['1912'],
1917,C,-14.314109,7.721799,4.946907,167,"['1912', '1918', '1922', '1923']",
1918,C,-15.456195,7.631392,3.899005,169,"['1917', '1919', '1924', '1925']",
1919,C,-15.568761,6.304563,3.15118,171,"['1918', '1920', '1921']",
1920,O,-14.581121,5.780201,2.630372,172,['1919'],
1921,N,-16.822111,5.821411,2.980395,173,"['1919', '1926', '1927']",
1922,H,-14.653581,7.216562,5.882674,168,['1917'],
1923,H,-13.423781,7.160537,4.580102,168,['1917'],
1924,H,-15.342466,8.418633,3.119187,170,['1918'],
1925,H,-16.41648,7.846245,4.421453,170,['1918'],
1926,HN,-17.637805,6.282573,3.404834,174,['1921'],
1927,HN,-16.956805,4.936317,2.47004,174,['1921'],
1928,N,-11.684662,9.004985,6.379723,7,"['1913', '1929', '1932']",
1929,CA,-10.706395,9.092429,7.457499,8,"['1928', '1930', '1933', '1934']",
1930,C,-10.55359,10.511852,8.011161,9,"['1929', '1931', '1938']",
1931,O,-10.492701,10.711704,9.226696,11,['1930'],
1932,HN,-11.317063,8.707866,5.465362,10,['1928'],
1933,H,-11.072817,8.469544,8.310542,12,['1929'],
1934,C,-9.320945,8.576075,7.003011,13,"['1929', '1935', '1936', '1937']",
1935,H,-8.610022,8.534716,7.857027,14,['1934'],
1936,H,-8.871849,9.222906,6.215141,14,['1934'],
1937,H,-9.390291,7.550513,6.582501,14,['1934'],
1938,N,-10.486901,11.516463,7.10335,7,"['1930', '1939', '1942']",
1939,CA,-10.398233,12.931,7.425486,8,"['1938', '1940', '1943', '1944']",
1940,C,-11.663474,13.416034,8.144786,9,"['1939', '1941', '1960']",
1941,O,-11.58365,14.222111,9.069571,11,['1940'],
1942,HN,-10.455063,11.288801,6.102142,10,['1938'],
1943,H,-9.574258,13.05347,8.165976,12,['1939'],
1944,C,-10.07314,13.772398,6.149299,182,"['1939', '1945', '1949', '1950']",
1945,C,-9.59939,15.228317,6.392047,184,"['1944', '1946', '1951', '1952']",
1946,C,-9.561248,16.092438,5.098639,186,"['1945', '1947', '1953', '1954']",
1947,C,-8.505306,15.617141,4.071754,188,"['1946', '1948', '1955', '1956']",
1948,N,-8.422576,16.43881,2.876376,190,"['1947', '1957', '1958', '1959']",
1949,H,-10.967033,13.768118,5.480165,183,['1944'],
1950,H,-9.2657,13.243741,5.585939,183,['1944'],
1951,H,-8.592728,15.21783,6.876274,185,['1945'],
1952,H,-10.276028,15.720632,7.132017,185,['1945'],
1953,H,-9.35394,17.152776,5.384513,187,['1946'],
1954,H,-10.575,16.115036,4.631592,187,['1946'],
1955,H,-8.717091,14.574398,3.746162,189,['1947'],
1956,H,-7.494454,15.602802,4.540679,189,['1947'],
1957,HN,-7.713665,16.053058,2.248661,191,['1948'],
1958,HN,-8.128043,17.391516,3.087751,191,['1948'],
1959,HN,-9.287037,16.543633,2.353031,191,['1948'],
1960,N,-12.844789,12.855495,7.767843,7,"['1940', '1961', '1964']",
1961,CA,-14.13747,13.112282,8.391535,8,"['1960', '1962', '1965', '1966']",
1962,C,-14.244023,12.57346,9.825428,9,"['1961', '1963', '1982']",
1963,O,-14.839562,13.230576,10.700719,11,['1962'],
1964,HN,-12.867493,12.220421,6.958668,10,['1960'],
1965,H,-14.232093,14.219928,8.493612,12,['1961'],
1966,C,-15.314375,12.553833,7.521167,182,"['1961', '1967', '1971', '1972']",
1967,C,-16.501872,13.531008,7.363768,184,"['1966', '1968', '1973', '1974']",
1968,C,-17.505451,13.102841,6.26449,186,"['1967', '1969', '1975', '1976']",
1969,C,-16.969669,13.14278,4.811621,188,"['1968', '1970', '1977', '1978']",
1970,N,-16.441961,14.437862,4.402454,190,"['1969', '1979', '1980', '1981']",
1971,H,-15.676352,11.580912,7.934537,183,['1966'],
1972,H,-14.921416,12.286866,6.516577,183,['1966'],
1973,H,-16.140271,14.568657,7.17387,185,['1967'],
1974,H,-17.045506,13.589699,8.338906,185,['1967'],
1975,H,-18.416443,13.74808,6.340988,187,['1968'],
1976,H,-17.879936,12.07341,6.482715,187,['1968'],
1977,H,-17.801691,12.880948,4.119533,189,['1969'],
1978,H,-16.180363,12.374144,4.657745,189,['1969'],
1979,HN,-16.116252,14.444463,3.442925,191,['1970'],
1980,HN,-15.681851,14.783328,4.979756,191,['1970'],
1981,HN,-17.204937,15.114031,4.425978,191,['1970'],
1982,N,-13.676557,11.363564,10.07056,7,"['1962', '1983', '1986']",
1983,CA,-13.614492,10.698099,11.362454,8,"['1982', '1984', '1987', '1988']",
1984,C,-12.507434,11.235402,12.285972,9,"['1983', '1985', '1997']",
1985,O,-12.566986,11.013753,13.499767,11,['1984'],
1986,HN,-13.204226,10.854336,9.30841,10,['1982'],
1987,H,-14.556603,10.918093,11.918726,12,['1983'],
1988,C,-13.490521,9.149691,11.200273,153,"['1983', '1989', '1993', '1994']",
1989,C,-14.75224,8.474151,10.599373,155,"['1988', '1990', '1995', '1996']",
1990,C,-14.643259,6.999206,10.280207,157,"['1989', '1991', '1992']",
1991,O,-13.573381,6.376481,10.524264,158,['1990'],
1992,O,-15.598129,6.395497,9.720268,158,['1990'],
1993,H,-13.27289,8.68583,12.192181,154,['1988'],
1994,H,-12.60691,8.912644,10.562179,154,['1988'],
1995,H,-15.04512,8.989641,9.656876,156,['1989'],
1996,H,-15.608512,8.59859,11.301411,156,['1989'],
1997,N,-11.554351,12.022474,11.721031,7,"['1984', '1998', '2001']",
1998,CA,-10.408335,12.624665,12.370885,8,"['1997', '1999', '2002', '2003']",
1999,C,-9.452648,11.5403,12.89573,9,"['1998', '2000', '2019']",
2000,O,-9.051145,11.561869,14.056426,11,['1999'],
2001,HN,-11.538,12.182287,10.706199,10,['1997'],
2002,H,-9.824071,13.162136,11.585295,12,['1998'],
2003,C,-10.794018,13.637514,13.492092,182,"['1998', '2004', '2008', '2009']",
2004,C,-11.722758,14.811977,13.096988,184,"['2003', '2005', '2010', '2011']",
2005,C,-10.951911,16.00477,12.483537,186,"['2004', '2006', '2012', '2013']",
2006,C,-11.823835,17.211731,12.075757,188,"['2005', '2007', '2014', '2015']",
2007,N,-12.498565,17.858112,13.195919,190,"['2006', '2016', '2017', '2018']",
2008,H,-9.854922,14.037698,13.944317,183,['2003'],
2009,H,-11.268594,13.06458,14.322651,183,['2003'],
2010,H,-12.235239,15.158219,14.026962,185,['2004'],
2011,H,-12.522262,14.461387,12.405052,185,['2004'],
2012,H,-10.398092,15.648487,11.584175,187,['2005'],
2013,H,-10.163977,16.355005,13.193817,187,['2005'],
2014,H,-12.581781,16.917782,11.313578,189,['2006'],
2015,H,-11.176723,17.968195,11.572989,189,['2006'],
2016,HN,-12.777423,18.803081,12.964492,191,['2007'],
2017,HN,-11.919281,17.930358,14.039279,191,['2007'],
2018,HN,-13.360816,17.377343,13.461164,191,['2007'],
2019,N,-9.159635,10.503871,12.067608,7,"['1999', '2020', '2023']",
2020,CA,-8.326781,9.378167,12.471206,8,"['2019', '2021', '2024', '2025']",
2021,C,-6.840382,9.722053,12.295896,9,"['2020', '2022', '2038']",
2022,O,-6.392117,9.994071,11.176389,11,['2021'],
2023,HN,-9.480748,10.508327,11.089011,10,['2019'],
2024,H,-8.512773,9.172926,13.555065,12,['2020'],
2025,C,-8.627296,8.090011,11.641194,19,"['2020', '2026', '2029', '2030']",
2026,C,-10.058339,7.509994,11.803183,21,"['2025', '2027', '2028', '2031']",
2027,C,-10.215866,6.277509,10.878405,23,"['2026', '2032', '2033', '2034']",
2028,C,-10.337354,7.085257,13.266646,23,"['2026', '2035', '2036', '2037']",
2029,H,-7.877599,7.309102,11.920349,20,['2025'],
2030,H,-8.428933,8.307498,10.564818,20,['2025'],
2031,H,-10.799072,8.28559,11.498694,22,['2026'],
2032,H,-11.256833,5.884876,10.903549,24,['2027'],
2033,H,-9.54865,5.44103,11.186225,24,['2027'],
2034,H,-10.000448,6.522883,9.813744,24,['2027'],
2035,H,-11.322222,6.571868,13.363199,24,['2028'],
2036,H,-10.373244,7.962693,13.950692,24,['2028'],
2037,H,-9.561353,6.382764,13.647108,24,['2028'],
2038,N,-6.054262,9.499879,13.379417,7,"['2021', '2039', '2042']",
2039,CA,-4.600902,9.424521,13.426141,8,"['2038', '2040', '2043', '2044']",
2040,C,-3.921521,10.633576,12.780907,9,"['2039', '2041', '2052']",
2041,O,-3.81422,11.683293,13.424047,11,['2040'],
2042,HN,-6.500378,9.341036,14.297818,10,['2038'],
2043,H,-4.311411,9.525912,14.50046,12,['2039'],
2044,C,-4.12898,8.028408,12.944258,147,"['2039', '2045', '2048', '2049']",
2045,C,-4.689276,6.893226,13.805456,149,"['2044', '2046', '2047']",
2046,O,-4.68391,6.963073,15.036517,150,['2045'],
2047,N,-5.210979,5.84345,13.136628,151,"['2045', '2050', '2051']",
2048,H,-3.018126,7.96737,12.989596,148,['2044'],
2049,H,-4.405304,7.877047,11.874061,148,['2044'],
2050,HN,-5.284269,5.852922,12.110353,152,['2047'],
2051,HN,-5.612131,5.052345,13.656921,152,['2047'],
2052,N,-3.45679,10.554141,11.505017,7,"['2040', '2053', '2056']",
2053,CA,-2.850482,11.683683,10.803819,8,"['2052', '2054', '2057', '2058']",
2054,C,-3.765227,12.918707,10.815118,9,"['2053', '2055', '2071']",
2055,O,-3.267983,14.043426,10.916837,11,['2054'],
2056,HN,-3.634245,9.716607,10.933137,10,['2052'],
2057,H,-1.945969,12.000612,11.379642,12,['2053'],
2058,C,-2.39226,11.300324,9.343116,25,"['2053', '2059', '2060', '2062']",
2059,C,-1.150197,10.349083,9.423492,27,"['2058', '2061', '2063', '2064']",
2060,C,-2.046776,12.53102,8.457837,29,"['2058', '2065', '2066', '2067']",
2061,C,-0.825046,9.648846,8.092875,31,"['2059', '2068', '2069', '2070']",
2062,H,-3.246141,10.760604,8.857783,26,['2058'],
2063,H,-1.345093,9.553802,10.181356,28,['2059'],
2064,H,-0.254326,10.895956,9.800194,28,['2059'],
2065,H,-1.735549,12.241324,7.431019,30,['2060'],
2066,H,-1.239847,13.147471,8.91336,30,['2060'],
2067,H,-2.932779,13.193935,8.333001,30,['2060'],
2068,H,-0.093709,8.825539,8.249117,32,['2061'],
2069,H,-0.385437,10.346155,7.34727,32,['2061'],
2070,H,-1.738817,9.198484,7.646797,32,['2061'],
2071,N,-5.099852,12.709265,10.697842,7,"['2054', '2072', '2075']",
2072,CA,-6.13836,13.724802,10.650457,8,"['2071', '2073', '2076', '2077']",
2073,C,-6.759358,14.04048,12.028852,9,"['2072', '2074', '2095']",
2074,O,-7.957731,14.311464,12.119215,11,['2073'],
2075,HN,-5.462781,11.745946,10.722298,10,['2071'],
2076,H,-5.68716,14.689991,10.316973,12,['2072'],
2077,C,-7.256069,13.30472,9.643707,89,"['2072', '2078', '2087', '2088']",
2078,C,-6.74651,12.794429,8.298026,91,"['2077', '2079', '2080']",
2079,C,-6.89885,11.479305,7.84762,92,"['2078', '2081', '2089']",
2080,C,-6.057007,13.480751,7.31784,94,"['2078', '2082', '2083']",
2081,N,-6.322603,11.403984,6.607236,95,"['2079', '2082', '2090']",
2082,C,-5.801244,12.615327,6.27564,97,"['2080', '2081', '2084']",
2083,C,-5.612428,14.806034,7.276253,98,"['2080', '2085', '2091']",
2084,C,-5.119868,12.988383,5.123646,100,"['2082', '2086', '2092']",
2085,C,-4.903786,15.223635,6.126301,102,"['2083', '2086', '2093']",
2086,C,-4.666543,14.322913,5.056373,104,"['2084', '2085', '2094']",
2087,H,-7.942019,14.165841,9.473683,90,['2077'],
2088,H,-7.88194,12.503545,10.105241,90,['2077'],
2089,H,-7.371377,10.619825,8.348793,93,['2079'],
2090,HN,-6.286033,10.553923,6.024252,96,['2081'],
2091,H,-5.797322,15.507741,8.111381,99,['2083'],
2092,H,-4.93785,12.275982,4.296034,101,['2084'],
2093,H,-4.533127,16.266612,6.064685,103,['2085'],
2094,H,-4.120046,14.661057,4.153806,105,['2086'],
2095,N,-5.962223,13.978632,13.121449,7,"['2073', '2096', '2099']",
2096,CA,-6.388056,14.261441,14.492251,8,"['2095', '2097', '2100', '2101']",
2097,C,-5.438166,15.278278,15.13165,233,"['2096', '2098', '2106']",
2098,O,-5.771673,15.853614,16.20514,234,['2097'],
2099,HN,-4.954398,14.112087,12.99757,10,['2095'],
2100,H,-7.409816,14.721428,14.483145,12,['2096'],
2101,C,-6.398784,12.964579,15.34948,33,"['2096', '2102', '2103', '2104']",
2102,OH,-5.095139,12.476869,15.644061,35,"['2101', '2105']",
2103,H,-6.980995,12.166646,14.844058,34,['2101'],
2104,H,-6.910794,13.157281,16.320816,34,['2101'],
2105,HO,-4.781661,12.024041,14.865273,36,['2102'],
2106,O,-4.34062,15.514032,14.545411,234,['2097'],
