PDB,atom_number,Chain ID,Residue ID,Residue Name,atom_name,Radius_7A_N_Count,Radius_7A_CA_C_Count,Radius_7A_O_Count,Radius_7A_S_Count,Radius_8A_N_Count,Radius_8A_CA_C_Count,Radius_8A_O_Count,Radius_8A_S_Count,Radius_9A_N_Count,Radius_9A_CA_C_Count,Radius_9A_O_Count,Radius_9A_S_Count,Radius_10A_N_Count,Radius_10A_CA_C_Count,Radius_10A_O_Count,Radius_10A_S_Count,Radius_11A_N_Count,Radius_11A_CA_C_Count,Radius_11A_O_Count,Radius_11A_S_Count
2KIX,1,A,1,MET,N,5,22,3,1,7,27,6,1,8,33,7,1,9,41,10,1,11,48,11,1
2KIX,2,A,1,MET,CA,6,23,3,1,7,32,5,1,9,38,8,1,11,45,9,1,12,55,11,1
2KIX,3,A,1,MET,C,5,23,5,0,6,30,7,1,8,36,8,1,11,41,9,1,12,50,10,1
2KIX,4,A,1,MET,O,5,19,5,0,5,23,6,1,8,33,7,1,10,38,8,1,11,43,9,1
2KIX,5,A,1,MET,H,5,19,5,1,6,25,5,1,7,29,6,1,9,39,8,1,11,46,11,1
2KIX,6,A,1,MET,H,6,20,4,1,7,26,5,1,8,34,9,1,9,41,9,1,11,51,10,1
2KIX,7,A,1,MET,H,4,15,1,1,6,23,5,1,7,29,6,1,8,39,8,1,9,45,10,1
2KIX,8,A,1,MET,H,6,24,4,1,9,33,6,1,10,43,8,1,12,52,11,1,14,64,13,1
2KIX,9,A,1,MET,C,6,15,2,0,7,28,4,1,7,36,6,1,10,44,8,1,12,52,11,1
2KIX,10,A,1,MET,C,4,17,2,1,7,27,3,1,8,39,5,1,10,46,8,1,13,56,13,1
2KIX,11,A,1,MET,S,3,10,1,0,3,17,1,0,7,26,3,1,9,40,5,1,11,49,7,1
2KIX,12,A,1,MET,C,2,11,1,0,4,18,2,1,6,27,3,1,10,39,6,1,12,54,9,1
2KIX,13,A,1,MET,H,2,10,1,0,6,23,3,1,7,34,5,1,9,39,8,1,10,44,10,1
2KIX,14,A,1,MET,H,5,20,2,0,6,28,3,0,9,35,7,1,11,43,9,1,12,59,10,1
2KIX,15,A,1,MET,H,6,20,3,1,8,31,4,1,8,42,6,1,11,53,9,1,14,68,13,1
2KIX,16,A,1,MET,H,3,16,2,1,7,28,3,1,9,36,6,1,9,43,8,1,11,52,11,1
2KIX,17,A,1,MET,H,2,9,1,0,4,16,2,1,5,27,3,1,8,40,4,1,12,46,9,1
2KIX,18,A,1,MET,H,2,16,1,0,5,23,3,1,8,34,4,1,12,48,9,1,14,62,9,1
2KIX,19,A,1,MET,H,2,7,1,0,3,16,1,0,4,19,2,1,7,36,3,1,12,50,8,1
2KIX,20,A,2,LEU,N,6,26,6,1,7,32,8,1,8,34,8,2,11,44,9,2,13,54,10,2
2KIX,21,A,2,LEU,CA,7,27,8,1,8,30,8,1,9,37,8,1,10,43,9,2,12,52,10,2
2KIX,22,A,2,LEU,C,8,28,8,0,8,32,8,0,9,39,9,1,10,46,9,2,13,52,10,2
2KIX,23,A,2,LEU,O,8,31,7,0,9,38,9,0,10,45,10,1,11,50,10,2,12,56,11,2
2KIX,24,A,2,LEU,HN,6,28,5,1,8,32,7,1,9,38,8,2,12,49,9,2,13,63,11,2
2KIX,25,A,2,LEU,H,7,27,6,0,8,33,8,1,9,41,9,1,10,46,9,1,11,54,11,2
2KIX,26,A,2,LEU,C,7,21,5,0,7,27,8,1,7,29,8,1,8,36,8,1,9,44,9,2
2KIX,27,A,2,LEU,C,6,14,3,0,7,23,6,0,7,28,8,1,8,35,8,1,10,42,9,1
2KIX,28,A,2,LEU,C,2,9,2,0,5,13,4,0,7,18,5,0,7,27,7,1,8,35,8,1
2KIX,29,A,2,LEU,C,6,15,4,0,7,23,6,0,8,32,8,0,9,35,9,1,10,44,9,1
2KIX,30,A,2,LEU,H,6,15,4,1,7,23,5,1,7,30,8,1,8,33,8,1,10,40,8,2
2KIX,31,A,2,LEU,H,6,17,5,0,7,23,6,1,7,27,8,1,8,34,8,1,9,40,9,2
2KIX,32,A,2,LEU,H,5,14,2,0,7,24,5,0,7,30,8,1,10,38,9,1,10,48,9,1
2KIX,33,A,2,LEU,H,2,6,2,0,3,10,3,0,6,15,4,0,7,22,6,0,7,32,7,1
2KIX,34,A,2,LEU,H,2,8,3,0,5,12,4,0,7,15,5,0,7,26,6,1,7,30,8,1
2KIX,35,A,2,LEU,H,2,8,2,0,4,11,3,0,7,17,4,1,7,23,7,1,7,31,8,1
2KIX,36,A,2,LEU,H,5,12,5,0,7,21,6,0,7,28,7,0,8,32,9,0,10,37,9,1
2KIX,37,A,2,LEU,H,4,10,2,0,6,18,5,0,7,27,7,0,8,34,9,0,10,42,9,1
2KIX,38,A,2,LEU,H,6,22,5,0,8,30,7,0,9,33,9,0,10,42,9,1,11,46,10,1
2KIX,39,A,3,GLU,N,6,25,5,0,8,31,6,0,8,36,7,1,9,41,7,2,12,49,8,2
2KIX,40,A,3,GLU,CA,6,24,4,0,7,29,6,0,8,35,7,0,9,38,7,2,10,48,8,2
2KIX,41,A,3,GLU,C,7,24,4,0,7,31,7,0,8,38,7,1,10,42,8,2,13,59,8,2
2KIX,42,A,3,GLU,O,6,22,4,0,7,28,7,0,8,37,7,0,10,46,8,1,12,62,8,1
2KIX,43,A,3,GLU,HN,6,22,4,0,6,28,5,0,8,33,6,2,8,38,7,2,10,46,7,2
2KIX,44,A,3,GLU,H,5,27,4,0,8,28,7,0,8,33,7,0,9,39,7,0,11,49,8,2
2KIX,45,A,3,GLU,C,4,16,3,0,6,24,4,0,7,30,5,0,8,32,7,1,8,37,7,2
2KIX,46,A,3,GLU,C,4,13,2,0,5,16,3,0,6,27,4,0,7,30,5,2,9,34,6,2
2KIX,47,A,3,GLU,C,3,12,2,0,3,12,2,0,4,15,2,0,6,23,4,0,6,30,4,2
2KIX,48,A,3,GLU,O,1,7,1,0,3,11,2,0,3,12,2,0,4,17,3,0,6,28,4,0
2KIX,49,A,3,GLU,O,3,8,1,0,3,12,2,0,4,15,2,0,4,21,3,1,7,28,4,2
2KIX,50,A,3,GLU,H,4,14,3,0,6,21,3,0,6,27,4,1,7,32,6,1,9,38,7,2
2KIX,51,A,3,GLU,H,3,14,2,0,6,18,4,0,6,28,4,0,8,30,7,0,8,35,7,1
2KIX,52,A,3,GLU,H,3,12,2,0,5,17,3,0,7,28,4,0,7,30,6,0,8,34,6,2
2KIX,53,A,3,GLU,H,4,14,2,0,5,19,3,0,6,24,4,2,8,32,5,2,9,38,6,2
2KIX,54,A,4,PRO,N,7,27,6,0,7,34,8,1,9,41,9,2,11,50,11,2,13,64,11,2
2KIX,55,A,4,PRO,CA,7,27,4,1,8,36,8,1,9,45,10,1,12,61,12,2,15,76,13,2
2KIX,56,A,4,PRO,C,8,33,5,1,9,42,6,1,10,54,11,2,14,70,13,2,18,84,18,2
2KIX,57,A,4,PRO,O,8,32,5,1,10,43,8,1,12,62,10,2,16,76,15,2,22,89,20,2
2KIX,58,A,4,PRO,H,6,25,5,0,9,34,7,1,9,47,10,1,12,61,12,1,15,74,14,2
2KIX,59,A,4,PRO,C,5,16,4,1,8,31,7,1,9,42,7,1,12,59,10,2,12,71,15,2
2KIX,60,A,4,PRO,C,5,20,4,1,8,26,7,1,10,43,7,2,10,52,11,2,12,64,13,2
2KIX,61,A,4,PRO,C,6,21,5,1,7,31,6,2,9,40,8,2,11,49,10,2,12,56,11,2
2KIX,62,A,4,PRO,H,5,17,4,1,8,32,6,1,11,45,7,1,12,64,12,2,15,71,15,2
2KIX,63,A,4,PRO,H,4,13,4,1,8,22,6,1,8,36,7,1,9,47,9,1,12,64,13,2
2KIX,64,A,4,PRO,H,6,23,5,1,10,33,6,2,10,50,9,2,12,57,12,2,16,73,16,2
2KIX,65,A,4,PRO,H,4,17,4,1,7,23,6,1,9,31,8,2,10,49,9,2,10,55,13,2
2KIX,66,A,4,PRO,H,6,24,6,2,7,31,6,2,9,43,8,2,12,49,11,2,12,56,12,2
2KIX,67,A,4,PRO,H,5,19,5,1,6,25,5,1,8,34,7,2,9,43,8,2,12,49,11,2
2KIX,68,A,5,PHE,N,8,32,6,0,9,39,8,1,11,47,9,2,13,63,14,2,18,84,14,2
2KIX,69,A,5,PHE,CA,8,30,6,0,10,38,8,1,11,52,10,2,16,73,13,2,19,97,16,2
2KIX,70,A,5,PHE,C,8,32,7,0,11,43,9,0,13,52,9,1,14,71,11,2,17,86,17,2
2KIX,71,A,5,PHE,O,8,27,7,0,11,44,8,0,13,59,11,0,17,76,12,1,17,94,18,2
2KIX,72,A,5,PHE,HN,8,34,7,0,10,39,8,0,11,45,10,2,12,57,11,2,16,73,15,2
2KIX,73,A,5,PHE,H,8,28,6,0,11,38,8,1,13,57,12,2,18,82,14,2,23,105,19,2
2KIX,74,A,5,PHE,C,9,27,5,1,9,37,5,2,12,51,9,2,16,70,15,2,18,90,17,2
2KIX,75,A,5,PHE,C,8,23,3,1,9,39,5,1,13,54,12,2,16,77,13,2,19,93,16,2
2KIX,76,A,5,PHE,C,5,21,2,1,11,44,7,2,13,65,11,2,19,82,16,2,24,108,19,2
2KIX,77,A,5,PHE,C,5,18,3,1,9,38,4,1,11,49,9,1,14,73,12,2,17,93,15,2
2KIX,78,A,5,PHE,C,4,17,2,0,8,40,6,1,13,61,9,2,18,82,14,2,23,106,21,2
2KIX,79,A,5,PHE,C,3,18,2,1,5,32,3,1,11,50,7,1,14,74,12,1,18,92,15,2
2KIX,80,A,5,PHE,C,2,18,1,0,6,34,3,1,9,55,7,1,16,75,13,1,20,97,18,2
2KIX,81,A,5,PHE,H,8,21,4,2,10,39,6,2,11,56,10,2,16,70,15,2,18,83,17,2
2KIX,82,A,5,PHE,H,7,25,5,1,10,36,6,2,11,46,8,2,13,62,11,2,17,79,17,2
2KIX,83,A,5,PHE,H,7,25,4,0,12,44,7,2,15,65,13,2,21,83,17,2,24,105,20,2
2KIX,84,A,5,PHE,H,7,21,4,1,9,35,5,1,11,49,8,1,11,61,9,2,15,85,13,2
2KIX,85,A,5,PHE,H,4,21,4,0,7,40,6,1,13,60,10,2,20,84,17,2,24,110,21,2
2KIX,86,A,5,PHE,H,2,13,0,0,4,29,3,1,7,45,7,1,13,67,10,1,18,92,14,1
2KIX,87,A,5,PHE,H,1,16,0,0,3,30,2,1,8,49,6,1,13,74,11,1,24,103,15,2
2KIX,88,A,6,GLN,N,8,38,7,0,9,49,8,0,10,54,8,1,12,62,9,1,13,79,12,2
2KIX,89,A,6,GLN,CA,8,34,7,0,9,49,8,0,11,56,9,0,12,65,9,1,14,77,14,1
2KIX,90,A,6,GLN,C,9,35,7,0,10,46,8,0,11,55,9,0,12,67,10,0,14,82,12,1
2KIX,91,A,6,GLN,O,7,32,6,0,11,48,8,0,11,56,9,0,12,75,12,0,14,87,14,0
2KIX,92,A,6,GLN,HN,8,38,6,0,9,45,7,1,10,50,8,1,11,59,10,2,12,71,11,2
2KIX,93,A,6,GLN,H,7,31,6,0,9,47,7,0,10,59,9,0,13,70,11,1,14,83,12,1
2KIX,94,A,6,GLN,C,8,29,5,0,8,43,7,0,10,51,8,0,10,61,9,1,13,71,12,1
2KIX,95,A,6,GLN,C,7,22,3,0,9,34,5,0,9,48,9,0,10,62,10,0,13,75,12,1
2KIX,96,A,6,GLN,C,3,13,2,0,7,24,3,0,8,37,5,0,10,51,10,0,11,64,11,1
2KIX,97,A,6,GLN,O,3,13,1,0,7,23,5,0,8,34,5,0,10,44,8,0,10,57,12,0
2KIX,98,A,6,GLN,N,1,8,1,0,4,14,2,0,7,31,4,0,10,50,7,0,12,62,11,1
2KIX,99,A,6,GLN,H,7,27,3,0,8,42,6,0,9,50,8,1,10,60,8,1,11,68,12,1
2KIX,100,A,6,GLN,H,8,28,5,0,8,42,6,0,10,49,8,0,10,56,11,1,11,62,11,1
2KIX,101,A,6,GLN,H,6,23,3,0,8,33,7,0,9,46,9,0,12,61,10,0,14,81,12,0
2KIX,102,A,6,GLN,H,5,24,3,0,7,35,4,0,10,48,9,0,11,64,11,0,15,80,11,1
2KIX,103,A,6,GLN,HN,1,9,1,0,3,20,2,0,8,36,4,0,10,52,7,0,12,67,12,1
2KIX,104,A,6,GLN,HN,0,8,1,0,3,9,1,0,4,21,2,0,8,41,5,0,11,56,7,0
2KIX,105,A,7,ILE,N,10,34,8,0,11,43,9,0,11,51,10,0,13,62,11,0,14,71,14,0
2KIX,106,A,7,ILE,CA,8,30,8,0,11,41,9,0,12,50,10,0,13,64,11,0,14,75,15,0
2KIX,107,A,7,ILE,C,8,31,8,0,10,40,10,0,13,56,10,0,14,70,12,0,16,86,16,0
2KIX,108,A,7,ILE,O,8,29,7,0,9,38,10,0,12,50,11,0,15,71,13,0,16,88,16,0
2KIX,109,A,7,ILE,HN,9,35,7,0,10,45,9,0,12,50,10,0,12,57,12,0,14,68,13,1
2KIX,110,A,7,ILE,H,9,27,8,0,10,34,9,0,12,46,10,0,13,60,11,0,13,74,13,0
2KIX,111,A,7,ILE,C,8,28,7,0,9,42,7,0,11,47,10,0,11,59,13,0,13,67,13,0
2KIX,112,A,7,ILE,C,7,18,5,0,9,32,8,0,9,44,10,0,11,56,10,0,13,66,13,0
2KIX,113,A,7,ILE,C,6,24,6,0,9,43,7,0,10,55,9,0,12,64,13,0,16,71,14,1
2KIX,114,A,7,ILE,C,3,8,3,0,7,22,6,0,8,36,7,0,10,48,10,0,11,56,13,0
2KIX,115,A,7,ILE,H,7,24,6,0,10,37,7,0,10,46,11,0,12,52,12,0,12,63,13,0
2KIX,116,A,7,ILE,H,7,19,5,0,8,35,8,0,9,46,10,0,12,56,10,0,15,69,14,0
2KIX,117,A,7,ILE,H,5,16,4,0,9,29,7,0,9,40,10,0,13,50,10,0,13,64,12,0
2KIX,118,A,7,ILE,H,5,21,5,0,7,31,8,0,9,50,10,0,12,59,11,0,13,66,14,1
2KIX,119,A,7,ILE,H,8,25,6,0,10,40,6,0,10,53,10,0,15,65,12,0,17,79,18,1
2KIX,120,A,7,ILE,H,7,27,7,0,9,44,8,0,11,54,10,0,13,62,13,1,15,71,15,2
2KIX,121,A,7,ILE,H,1,3,1,0,4,14,3,0,8,31,6,0,9,43,9,0,10,52,12,0
2KIX,122,A,7,ILE,H,3,11,2,0,6,22,5,0,8,35,6,0,10,48,10,0,11,57,13,0
2KIX,123,A,7,ILE,H,4,6,2,0,6,19,4,0,8,36,8,0,10,45,11,0,11,53,13,0
2KIX,124,A,8,LEU,N,8,34,8,0,9,47,10,0,13,58,11,0,16,77,15,0,21,92,16,0
2KIX,125,A,8,LEU,CA,7,32,8,0,10,50,10,0,12,64,13,0,21,77,15,0,23,102,20,0
2KIX,126,A,8,LEU,C,8,27,6,0,9,48,10,0,11,67,12,0,19,84,16,0,23,106,20,0
2KIX,127,A,8,LEU,O,7,28,7,0,11,41,9,0,13,73,13,0,18,83,16,0,22,107,24,0
2KIX,128,A,8,LEU,HN,9,37,7,0,10,46,9,0,12,61,12,0,16,73,12,0,18,91,18,1
2KIX,129,A,8,LEU,H,7,29,7,0,10,43,12,0,13,61,14,0,20,79,15,0,25,98,20,0
2KIX,130,A,8,LEU,C,8,34,6,0,11,48,8,0,16,66,14,0,19,83,18,0,25,109,22,1
2KIX,131,A,8,LEU,C,9,36,8,0,14,50,11,0,17,64,17,0,20,90,20,0,26,112,23,0
2KIX,132,A,8,LEU,C,8,31,8,0,12,51,11,0,18,66,17,0,22,88,18,1,24,110,21,1
2KIX,133,A,8,LEU,C,8,28,6,0,14,49,12,0,17,64,15,0,21,91,19,0,25,117,24,0
2KIX,134,A,8,LEU,H,7,34,7,0,11,48,8,0,15,62,14,0,18,82,18,1,24,100,22,1
2KIX,135,A,8,LEU,H,7,29,7,0,12,49,8,0,16,68,13,0,19,89,19,0,25,108,22,2
2KIX,136,A,8,LEU,H,10,34,7,0,14,49,10,0,19,62,16,0,19,84,22,0,25,109,23,0
2KIX,137,A,8,LEU,H,8,29,8,0,11,45,13,0,17,70,15,0,21,89,19,0,22,108,23,1
2KIX,138,A,8,LEU,H,8,32,6,0,10,51,12,0,18,70,17,0,21,90,17,1,27,113,20,1
2KIX,139,A,8,LEU,H,6,31,6,0,12,47,12,0,17,68,17,0,22,83,18,1,25,111,20,1
2KIX,140,A,8,LEU,H,6,28,8,0,13,45,12,0,17,65,14,0,21,89,19,0,23,122,24,0
2KIX,141,A,8,LEU,H,8,26,6,0,12,48,9,0,16,66,16,0,19,89,18,0,26,122,22,0
2KIX,142,A,8,LEU,H,7,25,8,0,12,41,11,0,18,68,17,0,19,90,20,0,25,115,23,0
2KIX,143,A,9,SER,N,8,38,6,0,8,49,9,0,12,65,12,0,16,87,15,0,23,109,20,0
2KIX,144,A,9,SER,CA,7,40,6,0,9,51,7,0,10,62,13,0,17,88,17,0,22,110,19,0
2KIX,145,A,9,SER,C,8,36,7,0,8,48,8,0,13,67,13,0,15,82,15,0,20,105,20,0
2KIX,146,A,9,SER,O,7,34,8,0,10,47,9,0,12,68,12,0,17,85,15,0,20,107,21,0
2KIX,147,A,9,SER,HN,7,37,7,0,10,51,10,0,12,64,12,0,15,85,13,0,22,104,19,0
2KIX,148,A,9,SER,H,7,33,7,0,9,49,7,0,12,65,11,0,16,88,16,0,24,113,22,0
2KIX,149,A,9,SER,C,7,40,5,0,9,53,9,0,13,62,13,0,16,79,15,0,21,112,19,0
2KIX,150,A,9,SER,OH,6,37,4,0,9,47,7,0,13,62,10,0,17,77,14,0,22,110,18,1
2KIX,151,A,9,SER,H,8,38,7,0,9,52,8,0,12,63,12,0,17,76,14,0,20,102,17,0
2KIX,152,A,9,SER,H,7,38,7,0,11,52,7,0,14,62,12,0,16,82,17,0,23,107,19,0
2KIX,153,A,9,SER,HO,5,35,5,0,9,46,8,0,12,59,10,0,16,83,14,0,22,102,16,1
2KIX,154,A,10,ILE,N,8,33,7,0,9,42,9,0,11,57,11,0,14,77,16,0,20,94,17,0
2KIX,155,A,10,ILE,CA,7,30,8,0,9,43,9,0,11,51,11,0,14,64,13,0,16,88,17,0
2KIX,156,A,10,ILE,C,8,28,7,0,9,41,9,0,10,51,9,0,12,62,12,0,15,81,17,0
2KIX,157,A,10,ILE,O,8,29,8,0,10,38,8,0,10,50,10,0,12,64,12,0,15,74,16,0
2KIX,158,A,10,ILE,HN,7,29,7,0,10,43,9,0,10,56,12,0,14,75,14,0,18,91,17,0
2KIX,159,A,10,ILE,H,7,33,7,0,8,41,9,0,12,53,11,0,15,67,14,0,18,86,16,0
2KIX,160,A,10,ILE,C,7,28,6,0,9,37,9,0,10,47,11,0,11,56,13,0,16,79,14,0
2KIX,161,A,10,ILE,C,8,21,6,0,9,32,8,0,9,49,10,0,12,66,12,0,17,80,14,0
2KIX,162,A,10,ILE,C,6,20,5,0,7,33,7,0,10,39,10,0,11,47,12,0,14,61,13,0
2KIX,163,A,10,ILE,C,6,12,4,0,6,23,7,0,10,34,8,0,13,60,10,0,14,75,13,0
2KIX,164,A,10,ILE,H,8,23,7,0,9,34,8,0,11,44,11,0,13,62,13,0,15,75,14,0
2KIX,165,A,10,ILE,H,5,18,6,0,9,33,7,0,10,50,11,0,13,64,12,0,16,77,15,0
2KIX,166,A,10,ILE,H,8,20,6,0,9,36,8,0,11,58,9,0,14,74,13,0,19,83,15,0
2KIX,167,A,10,ILE,H,3,14,3,0,8,27,6,0,9,36,7,0,10,42,12,0,12,55,13,0
2KIX,168,A,10,ILE,H,4,19,4,0,7,30,6,0,9,38,10,0,11,49,11,0,14,64,13,0
2KIX,169,A,10,ILE,H,5,22,5,0,8,30,7,0,8,40,9,0,11,48,10,0,12,60,13,0
2KIX,170,A,10,ILE,H,3,10,4,0,6,19,4,0,9,31,8,0,11,49,9,0,13,64,12,0
2KIX,171,A,10,ILE,H,6,18,6,0,6,24,7,0,10,35,8,0,13,56,10,0,14,76,14,0
2KIX,172,A,10,ILE,H,5,11,4,0,6,17,6,0,6,38,8,0,13,55,9,0,15,78,12,0
2KIX,173,A,11,SER,N,8,33,7,0,8,44,9,0,10,55,9,0,13,67,12,0,17,89,18,0
2KIX,174,A,11,SER,CA,7,30,7,0,9,43,8,0,9,56,10,0,14,71,13,0,16,87,18,0
2KIX,175,A,11,SER,C,8,32,7,0,8,44,9,0,12,61,13,0,14,82,14,0,20,100,16,0
2KIX,176,A,11,SER,O,7,30,8,0,9,43,9,0,13,64,13,0,17,88,15,0,22,103,18,0
2KIX,177,A,11,SER,HN,7,32,7,0,9,44,8,0,11,53,11,0,12,74,13,0,18,91,17,0
2KIX,178,A,11,SER,H,7,26,8,0,9,39,8,0,10,50,9,0,12,71,11,0,16,88,15,0
2KIX,179,A,11,SER,C,8,33,6,0,8,43,7,0,11,54,10,0,14,69,14,0,17,86,18,0
2KIX,180,A,11,SER,OH,7,27,5,0,8,37,6,0,9,48,10,0,12,61,12,0,15,78,17,0
2KIX,181,A,11,SER,H,7,32,7,0,8,48,7,0,14,58,11,0,16,71,16,0,18,94,20,0
2KIX,182,A,11,SER,H,7,33,5,0,9,45,7,0,12,56,12,0,14,69,13,0,20,89,20,0
2KIX,183,A,11,SER,HO,5,21,4,0,8,33,5,0,8,48,8,0,11,60,12,0,15,75,16,0
2KIX,184,A,12,SER,N,8,34,8,0,9,49,11,0,13,65,13,0,15,80,16,0,22,104,17,0
2KIX,185,A,12,SER,CA,7,35,8,0,10,47,10,0,12,63,14,0,16,87,17,0,27,116,20,0
2KIX,186,A,12,SER,C,8,35,7,0,9,46,9,0,12,59,13,0,21,81,17,0,22,114,24,0
2KIX,187,A,12,SER,O,8,32,8,0,10,46,8,0,15,63,13,0,19,88,17,0,27,115,22,0
2KIX,188,A,12,SER,HN,7,34,8,0,9,54,10,0,12,65,12,0,15,80,14,0,21,101,22,0
2KIX,189,A,12,SER,H,8,29,10,0,12,48,11,0,15,65,14,0,23,95,17,0,26,123,24,0
2KIX,190,A,12,SER,C,8,32,7,0,10,46,9,0,12,64,15,0,20,86,17,0,28,124,26,0
2KIX,191,A,12,SER,OH,10,30,6,0,12,44,11,0,14,65,16,0,20,92,20,0,28,120,24,0
2KIX,192,A,12,SER,H,8,27,7,0,9,48,10,0,13,66,13,0,18,90,17,0,24,122,27,0
2KIX,193,A,12,SER,H,7,30,6,0,10,44,9,0,12,57,17,0,21,89,20,0,31,125,26,0
2KIX,194,A,12,SER,HO,8,30,6,0,14,45,12,0,14,63,17,0,23,88,21,0,30,126,24,0
2KIX,195,A,13,PHE,N,8,32,8,0,8,41,11,0,11,51,11,0,15,65,17,0,23,98,21,0
2KIX,196,A,13,PHE,CA,7,30,8,0,9,37,10,0,12,50,13,0,16,68,16,0,20,87,22,0
2KIX,197,A,13,PHE,C,8,29,7,0,9,37,9,0,11,48,11,0,14,63,14,0,19,82,19,0
2KIX,198,A,13,PHE,O,7,25,8,0,10,37,8,0,10,50,11,0,15,68,15,0,18,87,19,0
2KIX,199,A,13,PHE,HN,7,33,8,0,9,41,9,0,11,51,12,0,15,69,16,0,21,98,19,0
2KIX,200,A,13,PHE,H,7,26,9,0,11,42,9,0,13,51,13,0,17,72,18,0,22,95,24,0
2KIX,201,A,13,PHE,C,7,30,6,0,9,36,11,0,12,47,14,0,17,69,16,0,21,90,20,0
2KIX,202,A,13,PHE,C,8,24,5,0,8,35,9,0,12,47,12,0,15,60,16,0,21,84,19,0
2KIX,203,A,13,PHE,C,4,21,6,0,11,37,10,0,14,52,13,0,17,69,19,0,22,86,21,0
2KIX,204,A,13,PHE,C,6,19,4,0,9,31,6,0,9,41,12,0,12,53,15,0,17,72,17,0
2KIX,205,A,13,PHE,C,3,18,5,0,7,26,8,0,14,46,11,0,17,63,17,0,22,86,19,0
2KIX,206,A,13,PHE,C,2,7,2,0,6,24,5,0,9,35,11,0,10,51,11,0,17,66,17,0
2KIX,207,A,13,PHE,C,2,10,0,0,4,24,7,0,9,38,9,0,14,50,14,0,19,74,17,0
2KIX,208,A,13,PHE,H,8,26,6,0,10,40,12,0,13,59,14,0,19,76,18,0,22,92,21,0
2KIX,209,A,13,PHE,H,7,28,6,0,8,36,9,0,11,42,12,0,15,62,15,0,21,81,18,0
2KIX,210,A,13,PHE,H,6,24,6,0,12,43,11,0,16,58,15,0,19,73,20,0,23,93,21,0
2KIX,211,A,13,PHE,H,7,19,5,0,8,30,5,0,9,36,11,0,10,47,14,0,16,68,15,0
2KIX,212,A,13,PHE,H,5,17,3,0,8,24,8,0,11,43,14,0,19,65,17,0,21,94,19,0
2KIX,213,A,13,PHE,H,2,6,2,0,5,16,3,0,8,28,8,0,9,45,11,0,15,59,12,0
2KIX,214,A,13,PHE,H,2,5,0,0,3,16,3,0,7,27,9,0,11,44,12,0,19,71,15,0
2KIX,215,A,14,ILE,N,8,31,6,0,8,38,10,0,10,48,10,0,12,60,12,0,18,77,15,0
2KIX,216,A,14,ILE,CA,7,31,7,0,9,37,8,0,9,43,11,0,11,58,11,0,15,74,14,0
2KIX,217,A,14,ILE,C,8,31,7,0,9,40,9,0,10,51,10,0,13,69,13,0,20,89,14,0
2KIX,218,A,14,ILE,O,8,29,8,0,9,40,8,0,11,53,10,0,14,69,13,0,18,86,15,0
2KIX,219,A,14,ILE,HN,7,30,8,0,9,42,9,0,11,48,11,0,12,63,11,0,15,78,16,0
2KIX,220,A,14,ILE,H,7,27,7,0,9,35,8,0,10,40,9,0,10,55,11,0,13,71,13,0
2KIX,221,A,14,ILE,C,7,23,5,0,8,35,7,0,9,42,10,0,11,55,12,0,12,69,13,0
2KIX,222,A,14,ILE,C,6,19,5,0,8,29,7,0,8,40,8,0,11,50,11,0,12,59,12,0
2KIX,223,A,14,ILE,C,7,18,5,0,7,33,5,0,9,40,9,0,9,49,11,0,11,62,12,0
2KIX,224,A,14,ILE,C,5,14,4,0,5,20,6,0,8,32,8,0,11,50,9,0,12,61,11,0
2KIX,225,A,14,ILE,H,8,21,6,0,8,36,8,0,10,49,9,0,12,61,13,0,17,75,13,0
2KIX,226,A,14,ILE,H,4,17,4,0,8,25,5,0,8,36,8,0,10,43,11,0,12,56,12,0
2KIX,227,A,14,ILE,H,6,22,6,0,7,31,7,0,10,44,9,0,11,51,11,0,12,64,13,0
2KIX,228,A,14,ILE,H,5,21,5,0,8,34,8,0,8,45,8,0,10,51,12,0,16,65,14,0
2KIX,229,A,14,ILE,H,2,11,3,0,7,24,5,0,8,37,6,0,9,45,11,0,9,59,12,0
2KIX,230,A,14,ILE,H,4,17,3,0,7,28,6,0,8,39,8,0,9,46,10,0,11,54,11,0
2KIX,231,A,14,ILE,H,5,14,4,0,5,24,7,0,9,34,8,0,11,53,9,0,11,70,10,0
2KIX,232,A,14,ILE,H,5,13,3,0,5,19,5,0,6,29,8,0,11,38,8,0,11,57,10,0
2KIX,233,A,14,ILE,H,2,8,2,0,5,16,4,0,7,28,7,0,9,44,9,0,12,59,10,0
2KIX,234,A,15,LEU,N,8,32,7,0,9,40,10,0,12,56,11,0,18,73,13,0,23,96,19,0
2KIX,235,A,15,LEU,CA,9,35,8,0,12,48,9,0,16,62,12,0,21,82,17,0,25,104,20,0
2KIX,236,A,15,LEU,C,10,34,8,0,13,49,10,0,16,66,12,0,21,84,16,0,24,108,22,0
2KIX,237,A,15,LEU,O,12,33,8,0,15,47,10,0,16,74,12,0,21,91,17,0,26,116,22,0
2KIX,238,A,15,LEU,HN,8,29,8,0,9,44,10,0,13,57,12,0,17,74,14,0,22,99,20,0
2KIX,239,A,15,LEU,H,9,31,7,0,11,45,10,0,17,64,12,0,21,80,17,0,26,97,21,0
2KIX,240,A,15,LEU,C,9,36,7,0,15,50,11,0,17,62,18,0,22,89,20,0,29,113,21,0
2KIX,241,A,15,LEU,C,13,38,8,0,17,52,11,0,19,64,18,0,25,88,20,0,30,118,23,0
2KIX,242,A,15,LEU,C,10,29,9,0,16,51,14,0,21,70,17,0,25,95,20,0,31,118,23,0
2KIX,243,A,15,LEU,C,11,35,10,0,17,54,13,0,21,68,15,0,27,90,20,0,31,121,25,0
2KIX,244,A,15,LEU,H,10,29,6,0,12,43,10,0,17,63,17,0,23,85,19,0,25,113,21,0
2KIX,245,A,15,LEU,H,9,29,7,0,15,49,11,0,18,65,17,0,23,95,19,0,28,113,22,0
2KIX,246,A,15,LEU,H,8,35,7,0,15,51,11,0,19,62,16,0,24,83,19,0,30,110,23,0
2KIX,247,A,15,LEU,H,9,26,9,0,15,46,12,0,22,77,15,0,27,95,20,0,29,116,24,0
2KIX,248,A,15,LEU,H,10,25,8,0,17,49,13,0,21,71,16,0,26,96,21,0,32,121,24,0
2KIX,249,A,15,LEU,H,8,26,8,0,15,48,13,0,20,72,16,0,23,91,20,0,29,114,25,0
2KIX,250,A,15,LEU,H,12,31,9,0,16,50,13,0,20,70,15,0,29,94,19,0,33,127,26,0
2KIX,251,A,15,LEU,H,12,39,9,0,17,51,12,0,23,74,15,0,28,96,20,0,32,124,24,0
2KIX,252,A,15,LEU,H,10,38,10,0,17,53,12,0,22,69,14,0,25,92,19,0,29,116,26,0
2KIX,253,A,16,SER,N,9,35,8,0,10,49,10,0,14,66,12,0,19,87,16,0,25,112,21,0
2KIX,254,A,16,SER,CA,8,37,8,0,12,48,10,0,16,67,14,0,19,90,17,0,27,112,23,0
2KIX,255,A,16,SER,C,9,38,7,0,11,52,9,0,17,65,11,0,18,84,16,0,23,112,20,0
2KIX,256,A,16,SER,O,9,37,8,0,12,52,8,0,16,69,12,0,20,88,15,0,27,119,21,0
2KIX,257,A,16,SER,HN,8,34,8,0,10,48,10,0,12,65,12,0,20,84,17,0,26,106,22,0
2KIX,258,A,16,SER,H,9,32,7,0,13,47,10,0,17,66,14,0,21,98,17,0,32,126,25,0
2KIX,259,A,16,SER,C,9,38,7,0,11,51,11,0,16,65,15,0,23,87,19,0,28,112,22,0
2KIX,260,A,16,SER,OH,10,32,7,0,11,51,11,0,19,63,16,0,24,88,21,0,28,120,26,0
2KIX,261,A,16,SER,H,8,32,8,0,10,54,10,0,16,64,15,0,21,85,18,0,26,108,24,0
2KIX,262,A,16,SER,H,9,38,6,0,11,53,10,0,18,64,16,0,21,89,20,0,28,118,22,0
2KIX,263,A,16,SER,HO,6,32,7,0,15,45,11,0,19,66,16,0,23,86,21,0,29,118,28,0
2KIX,264,A,17,ALA,N,9,39,7,0,9,51,10,0,12,61,11,0,17,76,14,0,22,95,17,0
2KIX,265,A,17,ALA,CA,7,37,8,0,10,50,8,0,12,58,11,0,14,69,12,0,19,82,15,0
2KIX,266,A,17,ALA,C,8,34,7,0,10,46,9,0,12,60,10,0,16,71,12,0,18,94,14,0
2KIX,267,A,17,ALA,O,8,31,8,0,11,42,8,0,12,56,10,0,17,75,11,0,18,94,15,0
2KIX,268,A,17,ALA,HN,7,35,8,0,10,47,9,0,12,61,11,0,16,81,13,0,21,94,17,0
2KIX,269,A,17,ALA,H,7,33,7,0,9,46,8,0,12,58,10,0,15,67,12,0,19,88,15,0
2KIX,270,A,17,ALA,C,7,33,5,0,8,42,6,0,9,51,10,0,11,61,11,0,15,76,13,0
2KIX,271,A,17,ALA,H,7,27,5,0,8,40,6,0,9,46,8,0,10,54,11,0,14,69,11,0
2KIX,272,A,17,ALA,H,7,28,6,0,8,42,8,0,10,51,10,0,12,64,11,0,15,75,13,0
2KIX,273,A,17,ALA,H,7,27,4,0,8,39,6,0,8,48,10,0,11,60,12,0,16,82,15,0
2KIX,274,A,18,LEU,N,8,31,8,0,10,44,9,0,13,57,10,0,17,73,12,0,20,92,15,0
2KIX,275,A,18,LEU,CA,7,32,7,0,11,40,9,0,14,57,11,0,17,80,12,0,19,99,16,0
2KIX,276,A,18,LEU,C,11,32,7,0,14,47,9,0,15,67,10,0,19,86,14,0,23,105,17,0
2KIX,277,A,18,LEU,O,10,33,8,0,15,50,8,0,16,69,10,0,18,87,15,0,23,99,18,0
2KIX,278,A,18,LEU,HN,7,30,7,0,10,45,9,0,14,57,11,0,17,74,11,0,19,93,16,0
2KIX,279,A,18,LEU,H,7,25,7,0,9,36,8,0,13,50,10,0,16,71,11,0,18,91,15,0
2KIX,280,A,18,LEU,C,8,29,6,0,11,45,8,0,16,57,11,0,17,75,15,0,22,96,16,0
2KIX,281,A,18,LEU,C,6,24,4,0,9,43,6,0,14,51,11,0,18,70,15,0,21,89,17,0
2KIX,282,A,18,LEU,C,5,28,4,0,10,45,8,0,16,58,11,0,21,74,15,0,26,94,20,0
2KIX,283,A,18,LEU,C,3,14,3,0,8,31,4,0,9,45,7,0,13,53,12,0,18,74,15,0
2KIX,284,A,18,LEU,H,6,24,6,0,8,39,8,0,13,54,10,0,18,70,14,0,20,89,15,0
2KIX,285,A,18,LEU,H,10,30,7,0,13,47,8,0,16,63,13,0,20,84,15,0,25,99,18,0
2KIX,286,A,18,LEU,H,3,23,3,0,9,35,6,0,14,53,11,0,18,69,15,0,23,90,18,0
2KIX,287,A,18,LEU,H,6,27,6,0,10,42,8,0,15,60,10,0,22,76,12,0,23,93,17,0
2KIX,288,A,18,LEU,H,9,33,6,0,15,52,11,0,17,65,12,0,24,83,15,0,28,109,21,0
2KIX,289,A,18,LEU,H,3,19,4,0,9,41,7,0,15,58,11,0,19,73,13,0,26,87,19,0
2KIX,290,A,18,LEU,H,1,7,2,0,4,23,3,0,8,38,6,0,12,54,10,0,18,68,14,0
2KIX,291,A,18,LEU,H,2,13,3,0,6,25,3,0,9,37,7,0,10,51,10,0,18,64,14,0
2KIX,292,A,18,LEU,H,4,18,3,0,7,29,5,0,10,39,8,0,12,55,10,0,18,71,12,0
2KIX,293,A,19,HIS,N,10,36,7,0,11,54,10,0,14,72,12,0,18,89,15,0,23,114,19,0
2KIX,294,A,19,HIS,CA,11,42,8,0,12,59,8,0,15,74,12,0,19,95,17,0,28,115,19,0
2KIX,295,A,19,HIS,C,10,40,7,0,13,61,9,0,15,76,11,0,20,94,14,0,25,111,21,0
2KIX,296,A,19,HIS,O,12,45,8,0,14,58,8,0,15,78,11,0,18,96,14,0,27,115,21,0
2KIX,297,A,19,HIS,HN,10,34,8,0,12,56,10,0,15,70,13,0,16,92,15,0,24,110,19,0
2KIX,298,A,19,HIS,H,11,42,7,0,13,62,10,0,17,77,13,0,22,96,15,0,29,120,23,0
2KIX,299,A,19,HIS,C,10,38,6,0,12,61,11,0,16,76,15,0,23,100,18,0,33,127,22,0
2KIX,300,A,19,HIS,C,9,41,5,0,14,59,8,0,20,76,13,0,25,103,18,0,34,138,28,0
2KIX,301,A,19,HIS,N,9,31,5,0,14,55,6,0,21,74,14,0,24,107,21,0,35,140,25,0
2KIX,302,A,19,HIS,C,10,40,5,0,14,55,9,0,21,77,10,0,25,108,19,0,34,147,24,0
2KIX,303,A,19,HIS,C,8,34,4,0,14,53,9,0,20,81,13,0,29,109,19,0,34,145,27,0
2KIX,304,A,19,HIS,N,8,34,6,0,13,53,10,0,20,82,12,0,29,111,17,0,34,148,27,0
2KIX,305,A,19,HIS,H,12,39,6,0,12,57,11,0,17,76,15,0,27,101,20,0,33,127,23,0
2KIX,306,A,19,HIS,H,10,31,8,0,10,50,8,0,16,77,14,0,25,97,18,0,31,128,24,0
2KIX,307,A,19,HIS,HN,8,32,6,0,15,47,7,0,18,76,17,0,28,108,21,0,35,139,24,0
2KIX,308,A,19,HIS,H,9,37,7,0,13,53,9,0,20,80,11,0,27,107,19,0,32,144,26,0
2KIX,309,A,19,HIS,H,8,34,5,0,15,52,9,0,22,81,13,0,26,109,18,0,36,141,30,0
2KIX,310,A,19,HIS,HN,9,33,3,0,14,52,10,0,20,86,13,0,28,115,17,0,36,142,29,0
2KIX,311,A,20,PHE,N,10,37,8,0,14,48,10,0,16,65,12,0,20,84,14,0,25,110,18,0
2KIX,312,A,20,PHE,CA,10,37,7,0,12,46,9,0,15,59,12,0,20,83,15,0,24,104,17,0
2KIX,313,A,20,PHE,C,10,32,8,0,11,46,9,0,15,57,10,0,18,74,13,0,21,95,18,0
2KIX,314,A,20,PHE,O,10,34,8,0,13,43,9,0,15,63,10,0,19,79,13,0,23,93,17,0
2KIX,315,A,20,PHE,HN,10,35,8,0,13,44,10,0,16,58,11,0,19,88,14,0,25,110,17,0
2KIX,316,A,20,PHE,H,10,35,8,0,12,46,9,0,15,64,11,0,23,86,15,0,28,108,20,0
2KIX,317,A,20,PHE,C,10,30,6,0,10,39,8,0,14,52,12,0,18,73,15,0,25,102,17,0
2KIX,318,A,20,PHE,C,8,21,5,0,9,37,6,0,13,48,12,0,15,65,14,0,21,89,16,0
2KIX,319,A,20,PHE,C,5,18,3,0,11,38,8,0,15,53,10,0,18,62,15,0,22,89,21,0
2KIX,320,A,20,PHE,C,4,16,5,0,7,29,5,0,10,40,8,0,13,54,14,0,16,73,14,0
2KIX,321,A,20,PHE,C,2,12,1,0,4,27,6,0,14,47,9,0,18,56,12,0,21,76,19,0
2KIX,322,A,20,PHE,C,2,10,3,0,5,20,4,0,8,35,6,0,12,48,10,0,14,65,14,0
2KIX,323,A,20,PHE,C,1,6,0,0,2,22,4,0,6,32,6,0,14,53,10,0,18,62,13,0
2KIX,324,A,20,PHE,H,9,27,5,0,11,39,10,0,14,59,12,0,21,80,15,0,25,101,18,0
2KIX,325,A,20,PHE,H,8,25,6,0,10,40,8,0,12,50,10,0,15,67,13,0,23,86,15,0
2KIX,326,A,20,PHE,H,4,26,6,0,14,43,9,0,17,58,11,0,21,72,18,0,26,94,23,0
2KIX,327,A,20,PHE,H,7,16,5,0,8,27,5,0,10,40,9,0,12,50,11,0,15,68,14,0
2KIX,328,A,20,PHE,H,2,12,1,0,5,25,5,0,12,41,8,0,18,61,14,0,23,77,19,0
2KIX,329,A,20,PHE,H,1,7,2,0,3,13,3,0,7,24,5,0,8,39,8,0,12,53,11,0
2KIX,330,A,20,PHE,H,1,4,0,0,2,11,0,0,3,26,5,0,9,40,9,0,16,54,11,0
2KIX,331,A,21,ILE,N,9,35,8,0,10,44,9,0,14,56,10,0,17,70,12,0,20,84,14,0
2KIX,332,A,21,ILE,CA,7,30,7,0,9,42,8,0,12,51,11,0,16,66,11,0,19,80,13,0
2KIX,333,A,21,ILE,C,8,33,7,0,12,46,9,0,15,58,10,0,17,70,13,0,21,89,14,0
2KIX,334,A,21,ILE,O,8,27,8,0,12,43,8,0,15,59,10,0,18,73,13,0,22,87,15,0
2KIX,335,A,21,ILE,HN,8,33,7,0,11,43,9,0,13,53,11,0,17,70,11,0,19,88,13,0
2KIX,336,A,21,ILE,H,7,29,7,0,8,36,8,0,11,45,10,0,15,61,11,0,17,79,12,0
2KIX,337,A,21,ILE,C,7,26,6,0,8,37,6,0,10,42,10,0,13,54,11,0,16,70,12,0
2KIX,338,A,21,ILE,C,6,22,5,0,8,30,6,0,8,37,8,0,11,47,11,0,14,61,12,0
2KIX,339,A,21,ILE,C,6,21,5,0,7,31,6,0,10,36,9,0,10,45,11,0,16,60,11,0
2KIX,340,A,21,ILE,C,4,15,3,0,5,22,6,0,8,29,7,0,10,43,9,0,13,53,11,0
2KIX,341,A,21,ILE,H,8,24,6,0,8,34,8,0,13,47,10,0,14,60,12,0,18,76,12,0
2KIX,342,A,21,ILE,H,3,19,3,0,8,27,5,0,8,35,7,0,9,42,10,0,12,51,12,0
2KIX,343,A,21,ILE,H,6,22,5,0,7,31,7,0,10,42,9,0,12,53,11,0,15,70,11,0
2KIX,344,A,21,ILE,H,6,21,5,0,8,31,7,0,9,39,9,0,13,50,11,0,18,68,13,0
2KIX,345,A,21,ILE,H,3,12,3,0,7,28,5,0,8,32,7,0,10,40,11,0,10,50,11,0
2KIX,346,A,21,ILE,H,4,18,4,0,8,26,6,0,8,36,8,0,11,44,9,0,15,57,11,0
2KIX,347,A,21,ILE,H,2,9,2,0,4,19,3,0,8,28,6,0,8,36,8,0,11,45,10,0
2KIX,348,A,21,ILE,H,5,15,4,0,5,22,7,0,7,33,8,0,11,47,9,0,14,60,9,0
2KIX,349,A,21,ILE,H,4,11,2,0,5,20,5,0,5,27,7,0,10,40,8,0,11,52,9,0
2KIX,350,A,22,ALA,N,10,41,8,0,11,54,10,0,15,67,10,0,19,80,14,0,24,97,15,0
2KIX,351,A,22,ALA,CA,9,43,8,0,13,55,10,0,19,67,13,0,22,86,14,0,27,107,18,0
2KIX,352,A,22,ALA,C,10,45,7,0,15,54,10,0,19,70,13,0,24,88,14,0,29,109,19,0
2KIX,353,A,22,ALA,O,11,41,9,0,15,55,9,0,20,71,12,0,24,88,17,0,29,106,20,0
2KIX,354,A,22,ALA,HN,10,40,8,0,12,56,9,0,16,64,11,0,19,82,12,0,23,97,17,0
2KIX,355,A,22,ALA,H,8,35,8,0,12,49,9,0,16,61,12,0,23,77,13,0,25,99,19,0
2KIX,356,A,22,ALA,C,11,44,6,0,14,56,9,0,20,70,14,0,24,92,16,0,29,114,20,0
2KIX,357,A,22,ALA,H,11,43,6,0,17,54,9,0,21,69,15,0,25,96,19,0,33,117,21,0
2KIX,358,A,22,ALA,H,13,40,8,0,13,61,9,0,20,78,15,0,24,100,17,0,28,113,21,0
2KIX,359,A,22,ALA,H,10,35,5,0,14,54,9,0,18,73,15,0,25,90,15,0,28,108,19,0
2KIX,360,A,23,TRP,N,11,39,8,0,14,50,10,0,16,66,12,0,21,84,14,0,30,108,19,0
2KIX,361,A,23,TRP,CA,12,35,8,0,14,47,9,0,16,66,12,0,23,92,15,0,31,118,21,0
2KIX,362,A,23,TRP,C,10,31,8,0,13,48,9,0,17,59,12,0,19,83,15,0,28,101,20,0
2KIX,363,A,23,TRP,O,11,29,8,0,13,41,9,0,16,64,11,0,22,81,16,0,27,105,21,0
2KIX,364,A,23,TRP,HN,11,40,8,0,13,56,10,0,16,67,11,0,19,84,14,0,26,105,18,0
2KIX,365,A,23,TRP,H,12,31,8,0,14,42,10,0,19,62,12,0,24,92,17,0,33,123,23,0
2KIX,366,A,23,TRP,C,10,34,6,0,14,54,8,0,19,73,15,0,24,91,17,0,32,112,21,0
2KIX,367,A,23,TRP,C,10,33,6,0,17,54,10,0,20,72,14,0,26,92,16,0,34,125,23,0
2KIX,368,A,23,TRP,C,8,29,6,0,16,50,9,0,21,65,14,0,26,88,21,0,34,120,23,0
2KIX,369,A,23,TRP,C,8,29,6,0,17,50,9,0,24,69,13,0,29,95,18,0,37,131,25,0
2KIX,370,A,23,TRP,N,10,26,5,0,17,45,10,0,23,69,16,0,29,99,19,0,36,121,23,0
2KIX,371,A,23,TRP,C,11,29,5,0,15,48,10,0,25,71,14,0,30,102,18,0,37,124,24,0
2KIX,372,A,23,TRP,C,8,26,3,0,15,49,8,0,22,70,12,0,31,95,18,0,39,134,27,0
2KIX,373,A,23,TRP,C,10,27,4,0,17,46,7,0,22,67,15,0,28,94,19,0,37,128,25,0
2KIX,374,A,23,TRP,C,7,28,3,0,11,47,5,0,24,68,10,0,34,89,21,0,39,136,30,0
2KIX,375,A,23,TRP,C,6,30,3,0,17,42,8,0,22,66,12,0,29,96,18,0,43,126,27,0
2KIX,376,A,23,TRP,H,11,30,6,0,14,54,9,0,20,79,14,0,25,96,17,0,34,120,22,0
2KIX,377,A,23,TRP,H,10,32,7,0,13,55,8,0,19,70,13,0,26,88,16,0,29,102,19,0
2KIX,378,A,23,TRP,H,9,30,5,0,16,46,9,0,19,63,14,0,24,84,19,0,32,111,23,0
2KIX,379,A,23,TRP,HN,10,24,4,0,16,42,9,0,21,64,15,0,29,96,18,0,32,117,22,0
2KIX,380,A,23,TRP,H,10,27,3,0,15,42,7,0,20,66,15,0,27,102,21,0,40,134,25,0
2KIX,381,A,23,TRP,H,13,30,5,0,17,50,7,0,21,65,16,0,26,90,19,0,36,125,25,0
2KIX,382,A,23,TRP,H,5,23,1,0,12,41,5,0,21,64,12,0,33,93,21,0,44,135,30,0
2KIX,383,A,23,TRP,H,9,27,3,0,13,40,5,0,22,65,14,0,31,97,18,0,43,134,33,0
2KIX,384,A,24,THR,N,10,39,7,0,13,56,10,0,16,68,11,0,19,81,14,0,25,97,18,0
2KIX,385,A,24,THR,CA,9,37,8,0,12,46,8,0,14,59,11,0,19,71,13,0,21,92,17,0
2KIX,386,A,24,THR,C,8,34,8,0,12,41,9,0,15,59,12,0,18,76,15,0,23,88,16,0
2KIX,387,A,24,THR,O,9,30,8,0,15,41,8,0,16,55,13,0,18,71,15,0,22,88,17,0
2KIX,388,A,24,THR,HN,10,38,8,0,12,53,10,0,16,68,11,0,19,82,14,0,24,101,16,0
2KIX,389,A,24,THR,H,11,30,8,0,12,49,9,0,14,60,9,0,17,73,12,0,23,90,18,0
2KIX,390,A,24,THR,C,7,34,6,0,10,45,6,0,13,50,11,0,15,64,12,0,20,79,13,0
2KIX,391,A,24,THR,OH,7,29,5,0,9,44,8,0,14,56,10,0,16,70,11,0,18,83,14,0
2KIX,392,A,24,THR,C,7,22,5,0,8,40,6,0,12,47,9,0,13,53,11,0,17,72,12,0
2KIX,393,A,24,THR,H,8,30,6,0,8,41,8,0,11,50,10,0,16,65,12,0,21,79,13,0
2KIX,394,A,24,THR,HO,8,29,5,0,9,42,6,0,13,58,10,0,16,70,13,0,22,86,15,0
2KIX,395,A,24,THR,H,6,21,5,0,8,35,7,0,11,43,9,0,14,55,11,0,18,71,14,0
2KIX,396,A,24,THR,H,3,17,3,0,7,33,5,0,10,42,7,0,12,49,11,0,15,57,11,0
2KIX,397,A,24,THR,H,5,24,4,0,11,34,6,0,11,48,9,0,13,56,9,0,15,70,13,0
2KIX,398,A,25,ILE,N,8,29,8,0,11,40,11,0,18,54,12,0,20,72,14,0,24,88,16,0
2KIX,399,A,25,ILE,CA,9,27,8,0,12,36,10,0,14,49,13,0,20,69,13,0,24,91,17,0
2KIX,400,A,25,ILE,C,10,30,9,0,12,41,11,0,17,56,12,0,22,74,16,0,27,88,18,0
2KIX,401,A,25,ILE,O,9,27,10,0,14,36,10,0,17,56,13,0,23,71,17,0,25,85,20,0
2KIX,402,A,25,ILE,HN,8,28,8,0,11,45,9,0,18,58,12,0,21,72,13,0,23,87,15,0
2KIX,403,A,25,ILE,H,9,26,7,0,10,31,11,0,13,43,12,0,19,61,14,0,24,83,17,0
2KIX,404,A,25,ILE,C,10,21,7,0,12,35,9,0,14,46,12,0,16,64,14,0,20,82,15,0
2KIX,405,A,25,ILE,C,5,17,5,0,10,26,7,0,12,39,9,0,16,56,13,0,19,75,14,0
2KIX,406,A,25,ILE,C,10,17,7,0,11,33,7,0,14,40,11,0,14,55,14,0,21,76,16,0
2KIX,407,A,25,ILE,C,5,12,3,0,6,18,6,0,12,34,10,0,16,53,11,0,17,67,13,0
2KIX,408,A,25,ILE,H,11,22,7,0,12,39,9,0,16,56,11,0,18,71,15,0,22,90,16,0
2KIX,409,A,25,ILE,H,4,14,3,0,9,26,5,0,11,33,9,0,14,46,13,0,16,62,14,0
2KIX,410,A,25,ILE,H,5,18,5,0,8,27,7,0,13,44,10,0,15,61,13,0,20,76,15,0
2KIX,411,A,25,ILE,H,10,21,7,0,13,34,9,0,13,43,12,0,18,63,15,0,27,85,20,0
2KIX,412,A,25,ILE,H,5,13,4,0,11,26,7,0,13,38,9,0,15,54,14,0,19,72,16,0
2KIX,413,A,25,ILE,H,7,15,6,0,11,26,8,0,11,38,10,0,15,48,12,0,20,72,17,0
2KIX,414,A,25,ILE,H,4,12,3,0,5,15,5,0,7,24,8,0,15,46,10,0,16,59,11,0
2KIX,415,A,25,ILE,H,2,8,2,0,7,17,4,0,12,28,7,0,14,47,11,0,17,62,13,0
2KIX,416,A,25,ILE,H,5,16,5,0,7,23,8,0,13,40,9,0,16,60,10,0,17,73,13,0
2KIX,417,A,26,GLY,N,11,38,9,0,14,52,12,0,20,67,13,0,22,82,17,0,30,98,21,0
2KIX,418,A,26,GLY,CA,11,38,10,0,16,55,10,0,18,66,15,0,26,80,19,0,32,100,20,0
2KIX,419,A,26,GLY,C,13,38,9,0,14,53,12,0,18,63,14,0,23,77,17,0,28,97,22,0
2KIX,420,A,26,GLY,O,12,31,11,0,14,46,11,0,18,63,14,0,23,77,17,0,29,92,23,0
2KIX,421,A,26,GLY,HN,10,39,9,0,15,55,12,0,19,69,13,0,24,84,15,0,28,100,20,0
2KIX,422,A,26,GLY,H,11,31,9,0,16,53,12,0,21,66,15,0,27,84,18,0,31,99,22,0
2KIX,423,A,26,GLY,H,12,40,8,0,15,56,12,0,21,69,15,0,27,84,19,0,34,106,23,0
2KIX,424,A,27,HIS,N,11,37,10,0,12,48,12,0,15,58,15,0,20,71,16,0,25,95,20,0
2KIX,425,A,27,HIS,CA,11,33,7,0,12,44,11,0,14,57,15,0,18,70,18,0,23,90,21,0
2KIX,426,A,27,HIS,C,9,29,8,0,13,42,11,0,14,51,13,0,16,63,17,0,20,80,21,0
2KIX,427,A,27,HIS,O,8,30,9,0,11,31,10,0,13,49,13,0,15,64,17,0,19,77,20,0
2KIX,428,A,27,HIS,HN,9,36,9,0,12,48,12,0,16,60,13,0,20,76,17,0,27,102,19,0
2KIX,429,A,27,HIS,H,10,30,9,0,12,42,12,0,14,55,15,0,19,74,19,0,26,95,23,0
2KIX,430,A,27,HIS,C,9,30,6,0,10,42,9,0,16,59,15,0,19,79,20,0,27,106,23,0
2KIX,431,A,27,HIS,C,7,27,6,0,11,44,7,0,14,55,15,0,18,72,22,0,25,97,24,0
2KIX,432,A,27,HIS,N,5,25,4,0,12,41,10,0,15,56,17,0,21,76,20,0,27,101,26,0
2KIX,433,A,27,HIS,C,6,21,5,0,9,43,7,0,14,52,12,0,15,62,18,0,21,82,22,0
2KIX,434,A,27,HIS,C,4,20,5,0,10,37,10,0,15,51,15,0,21,69,19,0,25,91,23,0
2KIX,435,A,27,HIS,N,4,21,4,0,7,34,8,0,15,53,13,0,18,65,16,0,22,77,21,0
2KIX,436,A,27,HIS,H,8,25,6,0,12,39,10,0,16,62,12,0,23,89,22,0,31,117,24,0
2KIX,437,A,27,HIS,H,8,28,6,0,9,40,9,0,13,55,12,0,20,78,17,0,24,103,23,0
2KIX,438,A,27,HIS,HN,7,25,4,0,13,40,11,0,17,59,16,0,24,83,20,0,29,112,28,0
2KIX,439,A,27,HIS,H,5,19,4,0,8,39,7,0,12,50,10,0,14,57,15,0,19,78,21,0
2KIX,440,A,27,HIS,H,5,19,4,0,11,35,8,0,16,49,15,0,20,73,19,0,24,95,24,0
2KIX,441,A,27,HIS,HN,2,14,2,0,6,28,7,0,12,44,10,0,16,62,15,0,20,71,18,0
2KIX,442,A,28,LEU,N,10,31,10,0,15,42,11,0,16,53,14,0,17,59,15,0,20,75,18,0
2KIX,443,A,28,LEU,CA,10,31,9,0,13,37,9,0,15,44,13,0,17,55,16,0,18,64,17,0
2KIX,444,A,28,LEU,C,11,29,9,0,13,40,12,0,15,43,14,0,17,48,16,0,18,60,17,0
2KIX,445,A,28,LEU,O,9,29,9,0,13,35,12,0,14,43,13,0,16,46,15,0,18,50,16,0
2KIX,446,A,28,LEU,HN,10,30,8,0,14,42,12,0,17,54,13,0,18,62,15,0,23,82,18,0
2KIX,447,A,28,LEU,H,9,29,8,0,11,34,9,0,14,41,12,0,17,50,14,0,17,62,18,0
2KIX,448,A,28,LEU,C,9,30,7,0,12,35,9,0,14,41,11,0,17,52,15,0,19,60,16,0
2KIX,449,A,28,LEU,C,6,22,6,0,11,34,7,0,13,38,12,0,14,42,13,0,16,52,16,0
2KIX,450,A,28,LEU,C,2,11,4,0,8,25,5,0,9,35,8,0,13,40,13,0,16,49,14,0
2KIX,451,A,28,LEU,C,8,18,5,0,10,33,9,0,12,38,11,0,14,42,14,0,15,48,16,0
2KIX,452,A,28,LEU,H,9,23,6,0,10,34,9,0,13,43,12,0,16,52,12,0,19,69,17,0
2KIX,453,A,28,LEU,H,9,26,7,0,12,35,10,0,14,44,12,0,17,53,15,0,20,64,17,0
2KIX,454,A,28,LEU,H,5,21,5,0,9,31,8,0,13,38,11,0,14,41,12,0,16,46,15,0
2KIX,455,A,28,LEU,H,1,6,2,0,3,16,4,0,9,30,5,0,12,36,10,0,13,41,13,0
2KIX,456,A,28,LEU,H,2,11,2,0,5,23,6,0,10,31,8,0,14,43,11,0,17,54,14,0
2KIX,457,A,28,LEU,H,2,9,4,0,7,18,5,0,10,31,8,0,12,41,10,0,16,50,14,0
2KIX,458,A,28,LEU,H,9,23,9,0,10,34,10,0,13,39,12,0,14,45,15,0,17,50,16,0
2KIX,459,A,28,LEU,H,6,18,5,0,10,28,8,0,12,38,11,0,14,42,14,0,16,50,16,0
2KIX,460,A,28,LEU,H,5,13,4,0,8,22,7,0,10,35,10,0,13,39,12,0,14,43,14,0
2KIX,461,A,29,ASN,N,9,33,8,0,13,45,13,0,15,50,14,0,17,56,15,0,20,71,17,0
2KIX,462,A,29,ASN,CA,9,34,10,0,12,41,13,0,15,48,14,0,19,57,16,0,23,63,16,0
2KIX,463,A,29,ASN,C,10,29,10,0,12,40,12,0,16,45,14,0,18,51,15,0,23,62,15,0
2KIX,464,A,29,ASN,O,9,28,10,0,12,34,10,0,16,43,13,0,19,49,14,0,22,54,15,0
2KIX,465,A,29,ASN,HN,10,34,9,0,13,44,11,0,15,49,14,0,19,63,16,0,19,78,17,0
2KIX,466,A,29,ASN,H,9,29,9,0,11,38,12,0,12,43,13,0,18,51,15,0,21,58,16,0
2KIX,467,A,29,ASN,C,10,28,7,0,11,38,14,0,17,51,15,0,22,63,17,0,24,80,17,0
2KIX,468,A,29,ASN,C,9,26,8,0,15,36,12,0,18,49,15,0,19,61,16,0,26,74,19,0
2KIX,469,A,29,ASN,O,12,25,7,0,15,37,11,0,18,48,14,0,22,59,17,0,27,76,21,0
2KIX,470,A,29,ASN,N,5,18,6,0,15,33,8,0,16,45,14,0,19,55,16,0,24,70,20,0
2KIX,471,A,29,ASN,H,9,25,6,0,12,36,11,0,14,53,16,0,22,62,16,0,25,77,18,0
2KIX,472,A,29,ASN,H,11,26,10,0,12,39,12,0,19,56,15,0,22,72,17,0,26,87,19,0
2KIX,473,A,29,ASN,HN,5,15,4,0,11,32,7,0,15,42,12,0,19,54,17,0,23,72,18,0
2KIX,474,A,29,ASN,HN,5,15,5,0,11,28,7,0,17,43,13,0,21,53,17,0,22,68,20,0
2KIX,475,A,30,GLN,N,10,29,9,0,12,38,12,0,14,46,13,0,18,51,15,0,24,71,18,0
2KIX,476,A,30,GLN,CA,9,23,8,0,12,35,9,0,14,41,13,0,17,52,16,0,23,69,18,0
2KIX,477,A,30,GLN,C,6,22,7,0,10,33,9,0,13,37,12,0,15,46,14,0,22,59,17,0
2KIX,478,A,30,GLN,O,5,20,7,0,8,25,8,0,12,34,11,0,17,45,13,0,23,57,17,0
2KIX,479,A,30,GLN,HN,11,30,9,0,13,38,11,0,14,45,13,0,19,66,15,0,24,74,18,0
2KIX,480,A,30,GLN,H,9,23,8,0,13,32,9,0,15,40,13,0,19,51,15,0,23,65,19,0
2KIX,481,A,30,GLN,C,8,19,7,0,11,28,9,0,12,40,13,0,18,66,19,0,26,83,21,0
2KIX,482,A,30,GLN,C,7,14,5,0,9,26,9,0,14,41,13,0,19,59,19,0,30,81,26,0
2KIX,483,A,30,GLN,C,1,6,4,0,9,24,7,0,14,42,13,0,25,55,19,0,27,78,26,0
2KIX,484,A,30,GLN,O,2,3,4,0,7,20,6,0,14,43,13,0,20,54,19,0,30,65,23,0
2KIX,485,A,30,GLN,N,3,5,4,0,9,23,7,0,18,37,13,0,23,61,20,0,29,85,29,0
2KIX,486,A,30,GLN,H,9,21,6,0,12,26,10,0,14,46,15,0,19,69,17,0,28,88,24,0
2KIX,487,A,30,GLN,H,7,21,7,0,11,28,10,0,13,45,13,0,19,65,17,0,23,85,20,0
2KIX,488,A,30,GLN,H,5,16,6,0,9,29,9,0,14,40,14,0,22,62,20,0,31,91,26,0
2KIX,489,A,30,GLN,H,5,13,5,0,8,28,9,0,14,40,12,0,22,56,17,0,25,72,24,0
2KIX,490,A,30,GLN,HN,4,7,5,0,9,25,8,0,17,43,14,0,22,63,23,0,33,102,30,0
2KIX,491,A,30,GLN,HN,1,6,3,0,8,18,9,0,14,35,12,0,24,56,19,0,32,83,29,0
2KIX,492,A,31,ILE,N,9,27,8,0,10,32,11,0,12,35,13,0,16,42,14,0,21,53,16,0
2KIX,493,A,31,ILE,CA,6,23,7,0,9,30,9,0,11,33,13,0,13,38,13,0,19,45,14,0
2KIX,494,A,31,ILE,C,5,22,6,0,7,28,10,0,11,33,12,0,14,36,12,0,17,40,14,0
2KIX,495,A,31,ILE,O,5,19,6,0,7,24,6,0,10,32,12,0,11,35,12,0,15,39,14,0
2KIX,496,A,31,ILE,HN,9,27,10,0,12,31,10,0,13,36,12,0,16,45,15,0,19,57,17,0
2KIX,497,A,31,ILE,H,5,16,6,0,7,26,9,0,9,33,11,0,13,37,13,0,19,44,14,0
2KIX,498,A,31,ILE,C,7,18,5,0,8,25,8,0,9,30,11,0,9,38,12,0,18,49,15,0
2KIX,499,A,31,ILE,C,3,8,4,0,6,20,5,0,7,26,7,0,9,32,10,0,13,41,13,0
2KIX,500,A,31,ILE,C,6,21,4,0,8,26,7,0,9,32,12,0,12,40,13,0,18,51,15,0
2KIX,501,A,31,ILE,C,2,3,3,0,5,13,4,0,6,22,6,0,9,29,8,0,13,40,11,0
2KIX,502,A,31,ILE,H,6,17,6,0,9,22,8,0,9,31,8,0,13,40,13,0,17,54,18,0
2KIX,503,A,31,ILE,H,2,9,4,0,6,19,5,0,7,25,6,0,9,30,11,0,11,35,13,0
2KIX,504,A,31,ILE,H,2,7,4,0,5,12,5,0,7,23,7,0,10,35,10,0,14,39,13,0
2KIX,505,A,31,ILE,H,6,22,5,0,8,25,8,0,8,34,11,0,13,39,13,0,15,44,14,0
2KIX,506,A,31,ILE,H,7,22,6,0,9,28,10,0,11,36,12,0,16,47,13,0,18,65,18,0
2KIX,507,A,31,ILE,H,6,19,3,0,7,21,6,0,8,28,10,0,11,37,11,0,16,52,15,0
2KIX,508,A,31,ILE,H,1,0,0,0,2,2,3,0,4,13,5,0,8,24,6,0,10,33,8,0
2KIX,509,A,31,ILE,H,2,4,3,0,4,13,3,0,6,21,6,0,8,28,8,0,13,37,10,0
2KIX,510,A,31,ILE,H,2,3,4,0,4,13,4,0,8,22,6,0,13,33,9,0,15,42,12,0
2KIX,511,A,32,LYS,N,5,24,8,0,6,28,11,0,10,31,12,0,15,37,12,0,18,42,12,0
2KIX,512,A,32,LYS,CA,4,21,8,0,6,26,8,0,8,28,11,0,13,33,12,0,17,41,12,0
2KIX,513,A,32,LYS,C,5,18,7,0,7,23,7,0,9,28,11,0,12,31,11,0,16,37,12,0
2KIX,514,A,32,LYS,O,5,13,6,0,6,19,7,0,8,24,9,0,10,28,10,0,13,31,11,0
2KIX,515,A,32,LYS,HN,6,26,10,0,8,28,11,0,13,32,11,0,16,38,12,0,19,42,15,0
2KIX,516,A,32,LYS,H,4,18,6,0,5,24,8,0,7,26,8,0,8,30,11,0,14,37,12,0
2KIX,517,A,32,LYS,C,6,21,8,0,6,25,10,0,8,30,12,0,14,38,12,0,16,45,13,0
2KIX,518,A,32,LYS,C,5,17,6,0,6,21,8,0,6,25,11,0,12,34,11,0,13,41,12,0
2KIX,519,A,32,LYS,C,2,10,5,0,5,20,5,0,6,22,7,0,8,25,9,0,9,32,11,0
2KIX,520,A,32,LYS,C,1,5,3,0,2,10,5,0,5,16,6,0,6,22,8,0,8,26,9,0
2KIX,521,A,32,LYS,N,1,4,2,0,2,9,5,0,4,14,6,0,7,20,8,0,10,23,8,0
2KIX,522,A,32,LYS,H,5,21,6,0,6,24,11,0,7,30,11,0,12,39,12,0,16,44,13,0
2KIX,523,A,32,LYS,H,6,23,10,0,8,29,11,0,10,36,12,0,16,44,12,0,18,48,14,0
2KIX,524,A,32,LYS,H,5,15,6,0,6,20,8,0,6,26,11,0,10,34,11,0,13,45,12,0
2KIX,525,A,32,LYS,H,5,16,6,0,6,21,8,0,9,25,10,0,12,33,12,0,17,40,13,0
2KIX,526,A,32,LYS,H,1,10,5,0,4,18,6,0,6,22,7,0,8,26,9,0,10,28,12,0
2KIX,527,A,32,LYS,H,2,9,5,0,3,17,5,0,6,22,7,0,6,24,9,0,8,29,11,0
2KIX,528,A,32,LYS,H,1,3,2,0,1,5,4,0,2,12,5,0,5,21,6,0,8,23,8,0
2KIX,529,A,32,LYS,H,1,4,2,0,2,9,5,0,3,16,5,0,6,20,7,0,7,26,10,0
2KIX,530,A,32,LYS,HN,2,6,3,0,3,12,6,0,6,17,6,0,8,20,8,0,11,28,11,0
2KIX,531,A,32,LYS,HN,1,3,2,0,1,5,2,0,3,11,5,0,5,16,6,0,8,20,8,0
2KIX,532,A,32,LYS,HN,1,4,3,0,3,10,5,0,7,15,6,0,8,22,7,0,10,24,8,0
2KIX,533,A,33,ARG,N,6,17,6,0,7,24,7,0,9,27,10,0,13,35,10,0,14,38,13,0
2KIX,534,A,33,ARG,CA,7,14,6,0,7,17,7,0,10,25,8,0,12,31,11,0,13,39,12,0
2KIX,535,A,33,ARG,C,3,10,3,0,7,14,6,0,7,17,6,0,10,23,7,0,11,31,11,0
2KIX,536,A,33,ARG,O,3,10,3,0,6,15,6,0,7,17,6,0,7,25,7,0,11,29,10,0
2KIX,537,A,33,ARG,HN,6,19,6,0,9,26,10,0,12,35,10,0,14,38,13,0,17,46,13,0
2KIX,538,A,33,ARG,H,7,13,5,0,10,17,7,0,10,26,10,0,12,34,12,0,15,43,12,0
2KIX,539,A,33,ARG,C,6,14,4,0,8,17,7,0,10,22,7,0,11,28,11,0,12,35,11,0
2KIX,540,A,33,ARG,C,3,7,4,0,8,15,5,0,9,19,7,0,11,24,8,0,11,32,11,0
2KIX,541,A,33,ARG,C,2,2,3,0,4,8,5,0,8,17,5,0,10,21,8,0,11,27,9,0
2KIX,542,A,33,ARG,N,3,3,1,0,3,3,3,0,4,10,5,0,8,17,6,0,11,25,9,0
2KIX,543,A,33,ARG,C,1,0,0,0,3,3,1,0,3,4,2,0,5,9,5,0,8,19,7,0
2KIX,544,A,33,ARG,N,0,0,1,0,1,1,1,0,4,4,2,0,5,9,4,0,7,16,5,0
2KIX,545,A,33,ARG,N,1,1,0,0,3,2,0,0,3,4,1,0,3,5,3,0,7,11,8,0
2KIX,546,A,33,ARG,H,6,16,7,0,10,20,7,0,11,26,9,0,12,33,11,0,14,40,12,0
2KIX,547,A,33,ARG,H,4,11,5,0,6,14,7,0,8,21,7,0,11,26,9,0,12,32,11,0
2KIX,548,A,33,ARG,H,3,4,3,0,6,9,4,0,8,16,5,0,10,20,8,0,11,28,9,0
2KIX,549,A,33,ARG,H,5,6,4,0,7,13,6,0,10,21,7,0,11,27,9,0,14,39,14,0
2KIX,550,A,33,ARG,H,3,5,5,0,6,11,5,0,9,19,6,0,11,24,8,0,11,32,10,0
2KIX,551,A,33,ARG,H,0,2,3,0,3,4,3,0,7,13,5,0,8,21,7,0,10,24,8,0
2KIX,552,A,33,ARG,HN,3,2,0,0,3,5,4,0,4,11,6,0,9,20,7,0,13,30,10,0
2KIX,553,A,33,ARG,HN,0,1,1,0,1,2,1,0,5,8,2,0,6,12,4,0,8,17,6,0
2KIX,554,A,33,ARG,HN,0,0,0,0,0,0,1,0,3,2,1,0,4,4,2,0,5,11,4,0
2KIX,555,A,33,ARG,HN,3,2,0,0,3,4,0,0,3,4,0,0,4,7,7,0,5,12,9,0
2KIX,556,A,33,ARG,HN,0,0,0,0,2,2,0,0,3,3,0,0,3,5,1,0,4,6,6,0
2KIX,557,A,33,ARG,O,2,6,2,0,3,10,3,0,6,15,6,0,9,17,7,0,10,26,7,0
2KIX,558,B,34,MET,N,3,8,1,1,3,13,2,1,4,19,3,1,7,27,5,1,11,38,9,1
2KIX,559,B,34,MET,CA,4,13,2,1,4,17,2,1,5,26,5,1,10,34,8,1,12,49,10,1
2KIX,560,B,34,MET,C,4,13,2,1,6,19,3,1,7,25,7,1,9,39,9,1,11,49,10,1
2KIX,561,B,34,MET,O,2,12,1,1,4,17,2,1,6,21,5,1,8,32,6,1,9,41,10,1
2KIX,562,B,34,MET,H,2,9,1,1,3,10,1,1,4,18,3,1,5,26,4,1,10,35,8,1
2KIX,563,B,34,MET,H,2,8,1,1,3,14,2,1,5,17,4,1,8,27,5,1,9,41,8,1
2KIX,564,B,34,MET,H,2,4,1,0,3,10,1,1,4,15,2,1,4,23,5,1,8,30,8,1
2KIX,565,B,34,MET,H,4,13,2,1,4,22,4,1,8,29,6,1,11,41,7,1,13,57,13,1
2KIX,566,B,34,MET,C,4,8,2,0,4,17,2,0,7,23,5,1,9,33,8,1,11,47,9,1
2KIX,567,B,34,MET,C,3,7,2,0,4,13,3,0,5,24,5,1,9,32,7,1,11,46,11,1
2KIX,568,B,34,MET,S,3,13,3,0,6,22,5,0,9,30,5,1,11,46,10,1,15,60,11,1
2KIX,569,B,34,MET,C,4,7,3,0,5,16,3,0,7,26,7,0,10,39,8,1,12,50,11,1
2KIX,570,B,34,MET,H,2,8,2,0,4,13,2,0,6,20,5,1,7,26,7,1,9,39,9,1
2KIX,571,B,34,MET,H,3,11,2,0,6,18,4,0,7,28,7,1,10,44,8,1,14,57,11,1
2KIX,572,B,34,MET,H,2,5,2,0,4,12,3,0,5,18,4,1,7,29,6,1,10,39,8,1
2KIX,573,B,34,MET,H,2,6,2,0,4,9,2,0,4,20,4,0,8,28,6,1,11,39,9,1
2KIX,574,B,34,MET,H,4,7,2,0,5,11,5,0,7,23,6,0,8,30,9,1,11,42,9,1
2KIX,575,B,34,MET,H,4,10,2,0,5,18,5,0,7,31,8,0,12,41,9,1,15,57,13,1
2KIX,576,B,34,MET,H,2,7,3,0,4,12,3,0,5,18,4,0,11,32,7,0,11,47,9,1
2KIX,577,B,35,LEU,N,5,15,3,2,8,22,4,2,8,34,8,2,8,48,10,2,14,55,11,2
2KIX,578,B,35,LEU,CA,6,20,4,1,7,26,8,2,8,33,8,2,10,44,9,2,12,59,10,2
2KIX,579,B,35,LEU,C,7,21,6,1,7,26,8,1,8,32,8,2,10,40,10,2,11,55,10,2
2KIX,580,B,35,LEU,O,7,20,6,1,7,26,8,1,8,33,8,1,11,41,10,2,11,57,10,2
2KIX,581,B,35,LEU,HN,5,15,4,1,8,24,6,2,8,42,9,2,14,53,10,2,14,65,11,2
2KIX,582,B,35,LEU,H,5,17,3,1,6,24,5,2,7,28,8,2,8,34,8,2,10,49,9,2
2KIX,583,B,35,LEU,C,7,25,5,2,7,29,7,2,10,42,8,2,11,53,9,2,14,66,10,2
2KIX,584,B,35,LEU,C,4,23,4,0,7,27,7,1,7,34,8,2,11,46,8,2,12,58,11,2
2KIX,585,B,35,LEU,C,4,16,1,1,5,24,3,1,7,34,6,2,9,42,8,2,11,50,10,2
2KIX,586,B,35,LEU,C,6,22,4,0,6,29,7,0,10,43,8,2,10,52,10,2,12,64,12,2
2KIX,587,B,35,LEU,H,6,23,4,2,8,34,5,2,8,43,8,2,12,54,9,2,15,65,12,2
2KIX,588,B,35,LEU,H,7,26,6,1,9,35,7,2,10,50,9,2,11,58,10,2,14,71,14,2
2KIX,589,B,35,LEU,H,4,22,4,0,7,24,6,0,7,28,8,2,9,39,8,2,11,53,10,2
2KIX,590,B,35,LEU,H,4,10,1,0,4,20,2,1,5,28,5,1,8,38,8,2,10,45,9,2
2KIX,591,B,35,LEU,H,4,15,1,1,6,28,3,1,6,38,5,2,9,42,7,2,13,53,10,2
2KIX,592,B,35,LEU,H,3,12,1,1,5,19,2,1,6,30,4,2,8,38,8,2,9,44,9,2
2KIX,593,B,35,LEU,H,5,27,5,0,7,32,6,1,10,47,8,2,11,58,10,2,13,72,14,2
2KIX,594,B,35,LEU,H,4,18,3,0,6,25,6,0,9,38,8,1,10,50,9,1,11,62,11,2
2KIX,595,B,35,LEU,H,6,24,5,0,8,36,7,0,10,44,10,2,11,56,11,2,11,67,13,2
2KIX,596,B,36,GLU,N,7,22,6,0,7,29,6,1,8,32,6,1,9,43,7,2,10,53,8,2
2KIX,597,B,36,GLU,CA,5,25,6,0,7,27,6,0,8,32,6,1,9,41,7,1,10,52,7,1
2KIX,598,B,36,GLU,C,6,22,5,0,7,29,6,0,8,36,7,0,10,45,7,1,11,54,9,1
2KIX,599,B,36,GLU,O,7,25,5,0,8,33,6,0,9,43,7,0,11,49,8,1,12,57,10,1
2KIX,600,B,36,GLU,HN,5,22,5,0,7,28,6,0,8,32,6,1,9,43,7,2,11,53,8,2
2KIX,601,B,36,GLU,H,6,24,6,0,8,29,6,1,8,34,7,1,10,43,7,1,10,52,8,1
2KIX,602,B,36,GLU,C,5,15,3,0,5,23,4,0,7,26,6,0,8,31,6,1,9,39,7,1
2KIX,603,B,36,GLU,C,3,10,2,0,5,20,3,0,5,27,6,0,8,29,6,0,8,34,7,1
2KIX,604,B,36,GLU,C,1,7,1,0,3,10,2,0,5,17,3,0,5,26,4,0,8,29,6,0
2KIX,605,B,36,GLU,O,1,4,1,0,1,7,1,0,3,11,3,0,5,20,3,0,6,27,4,0
2KIX,606,B,36,GLU,O,1,6,1,0,2,10,2,0,4,13,3,0,5,23,3,0,6,27,5,0
2KIX,607,B,36,GLU,H,4,17,2,0,6,21,4,0,7,26,6,1,7,30,6,1,8,35,7,1
2KIX,608,B,36,GLU,H,4,15,3,0,5,21,3,0,6,26,5,0,8,29,6,1,8,34,6,1
2KIX,609,B,36,GLU,H,4,11,2,0,5,19,2,0,6,25,6,0,7,29,6,0,8,35,7,1
2KIX,610,B,36,GLU,H,4,10,2,0,5,19,3,0,5,26,6,0,8,29,6,1,8,35,7,1
2KIX,611,B,37,PRO,N,5,22,5,0,6,27,7,0,7,33,9,0,9,40,10,0,11,48,11,1
2KIX,612,B,37,PRO,CA,5,20,5,0,5,28,6,0,9,35,9,0,9,41,10,0,10,48,11,0
2KIX,613,B,37,PRO,C,5,29,4,0,7,36,8,0,9,40,10,0,10,48,11,0,11,63,13,0
2KIX,614,B,37,PRO,O,6,26,4,0,6,36,7,0,9,43,10,0,11,53,10,0,13,65,14,0
2KIX,615,B,37,PRO,H,5,17,4,0,5,27,6,0,6,32,8,0,9,38,9,0,10,47,11,0
2KIX,616,B,37,PRO,C,3,16,3,0,6,22,5,0,7,31,7,0,9,39,10,0,9,44,10,0
2KIX,617,B,37,PRO,C,3,17,5,0,6,22,5,0,7,29,8,0,8,37,9,0,9,44,10,0
2KIX,618,B,37,PRO,C,4,16,4,0,5,22,6,0,6,26,8,0,8,36,8,0,10,43,10,1
2KIX,619,B,37,PRO,H,4,12,3,0,6,24,4,0,6,34,7,0,8,40,8,0,9,49,12,0
2KIX,620,B,37,PRO,H,3,10,3,0,4,17,4,0,6,25,5,0,7,34,7,0,9,39,10,0
2KIX,621,B,37,PRO,H,3,19,4,0,6,24,5,0,7,32,8,0,9,41,9,0,10,53,10,0
2KIX,622,B,37,PRO,H,3,14,2,0,4,17,5,0,6,23,7,0,7,30,8,0,8,40,9,0
2KIX,623,B,37,PRO,H,4,18,5,0,5,22,6,0,6,28,8,0,9,34,8,0,10,42,10,2
2KIX,624,B,37,PRO,H,3,15,4,0,5,18,4,0,5,23,6,0,8,30,8,0,9,39,9,0
2KIX,625,B,38,PHE,N,7,27,4,0,9,35,8,0,10,39,10,0,10,49,11,0,12,66,14,1
2KIX,626,B,38,PHE,CA,7,29,5,0,9,36,8,0,10,45,8,0,12,61,13,0,15,81,15,1
2KIX,627,B,38,PHE,C,8,32,7,0,9,41,9,0,11,47,9,0,12,67,13,1,15,83,16,1
2KIX,628,B,38,PHE,O,8,31,7,0,9,42,9,0,12,56,11,0,13,70,12,1,16,91,17,1
2KIX,629,B,38,PHE,HN,6,22,4,0,9,31,6,0,9,37,10,0,10,49,11,0,11,62,13,1
2KIX,630,B,38,PHE,H,7,25,6,0,9,34,6,0,10,48,10,0,14,69,12,0,16,83,17,0
2KIX,631,B,38,PHE,C,7,26,4,0,8,37,7,0,10,48,8,0,13,62,14,0,16,82,14,1
2KIX,632,B,38,PHE,C,6,26,5,0,8,38,6,0,13,50,12,0,14,72,12,0,18,96,16,1
2KIX,633,B,38,PHE,C,5,26,4,0,9,41,7,0,10,56,10,0,15,75,14,1,19,98,17,2
2KIX,634,B,38,PHE,C,4,22,4,0,9,37,8,0,13,54,11,0,16,76,12,0,22,100,16,0
2KIX,635,B,38,PHE,C,4,21,3,0,7,38,6,0,10,56,11,0,17,80,15,0,23,108,17,1
2KIX,636,B,38,PHE,C,5,22,5,0,8,33,7,0,13,58,11,0,19,79,14,0,22,110,18,0
2KIX,637,B,38,PHE,C,3,21,3,0,7,33,8,0,11,53,10,0,17,83,13,0,25,112,22,0
2KIX,638,B,38,PHE,H,6,21,3,0,7,35,4,0,10,48,9,0,13,58,12,0,15,74,14,0
2KIX,639,B,38,PHE,H,7,23,4,0,9,36,5,0,10,47,9,0,10,59,12,1,15,72,16,2
2KIX,640,B,38,PHE,H,7,29,3,0,10,41,9,0,10,54,10,1,13,72,13,2,20,93,16,2
2KIX,641,B,38,PHE,H,6,22,4,0,9,35,8,0,10,53,10,0,17,76,13,0,23,94,17,0
2KIX,642,B,38,PHE,H,5,21,3,0,6,39,5,0,10,54,10,0,18,80,15,1,21,107,20,2
2KIX,643,B,38,PHE,H,5,24,6,0,9,37,7,0,14,57,12,0,19,79,16,0,22,108,18,0
2KIX,644,B,38,PHE,H,2,22,3,0,7,37,6,0,11,55,11,0,18,87,12,0,25,115,26,0
2KIX,645,B,39,GLN,N,8,38,6,0,8,46,6,0,9,52,10,1,12,64,13,1,12,78,14,2
2KIX,646,B,39,GLN,CA,8,37,6,0,9,49,7,1,9,57,10,1,11,68,12,1,14,82,14,2
2KIX,647,B,39,GLN,C,8,35,7,0,9,49,8,1,10,58,9,1,11,70,13,1,14,85,15,1
2KIX,648,B,39,GLN,O,7,33,8,0,10,46,9,1,11,64,10,1,13,79,11,1,14,92,14,1
2KIX,649,B,39,GLN,HN,7,31,5,0,8,42,8,0,8,49,9,1,11,56,11,1,12,69,13,2
2KIX,650,B,39,GLN,H,8,36,7,0,9,53,9,1,10,63,10,1,12,75,13,2,17,88,14,2
2KIX,651,B,39,GLN,C,8,35,6,1,9,46,6,1,10,53,11,1,10,64,12,2,13,72,12,2
2KIX,652,B,39,GLN,C,9,27,4,1,9,43,7,1,9,59,9,1,12,67,12,2,15,77,13,2
2KIX,653,B,39,GLN,C,6,26,5,1,9,45,8,1,11,56,10,1,14,73,11,2,17,86,13,2
2KIX,654,B,39,GLN,O,6,23,5,1,10,36,7,1,10,51,10,1,14,65,10,1,15,84,13,2
2KIX,655,B,39,GLN,N,6,30,6,1,9,48,9,1,13,64,11,1,18,84,11,2,21,97,15,2
2KIX,656,B,39,GLN,H,7,30,5,1,9,40,8,1,9,49,9,1,10,57,11,2,13,67,12,2
2KIX,657,B,39,GLN,H,8,32,5,1,8,44,8,1,10,49,10,1,10,58,12,1,11,66,12,2
2KIX,658,B,39,GLN,H,7,27,5,1,9,45,7,2,11,64,8,2,14,70,12,2,15,75,14,2
2KIX,659,B,39,GLN,H,6,21,4,1,9,34,7,1,9,52,9,1,12,64,11,2,13,70,12,2
2KIX,660,B,39,GLN,HN,6,34,6,1,9,56,9,1,13,67,11,2,18,84,11,2,21,94,15,2
2KIX,661,B,39,GLN,HN,5,28,5,1,8,45,8,1,13,62,11,1,18,87,12,1,22,102,18,2
2KIX,662,B,40,ILE,N,9,31,7,0,10,45,9,0,11,52,9,1,12,61,14,1,14,75,15,1
2KIX,663,B,40,ILE,CA,8,27,8,0,10,36,9,0,10,51,10,0,13,60,10,1,13,76,14,1
2KIX,664,B,40,ILE,C,8,30,8,0,9,41,9,0,11,50,10,0,12,69,12,0,15,81,16,1
2KIX,665,B,40,ILE,O,7,28,8,0,10,38,9,0,11,52,10,0,13,67,12,0,15,82,16,0
2KIX,666,B,40,ILE,HN,8,34,7,0,10,42,7,0,10,49,11,1,11,59,12,1,13,64,15,1
2KIX,667,B,40,ILE,H,7,23,8,0,10,31,9,0,11,49,10,0,13,62,10,1,13,76,14,1
2KIX,668,B,40,ILE,C,8,23,6,0,9,33,8,0,10,43,9,0,11,54,12,0,13,63,12,1
2KIX,669,B,40,ILE,C,5,15,6,0,7,27,7,0,9,35,9,0,11,50,10,0,12,64,11,0
2KIX,670,B,40,ILE,C,6,18,5,0,9,37,6,0,9,46,8,0,10,54,11,0,11,58,13,0
2KIX,671,B,40,ILE,C,2,5,3,0,5,17,6,0,7,30,7,0,10,40,10,0,10,49,12,0
2KIX,672,B,40,ILE,H,8,20,5,0,9,30,7,0,9,42,10,0,11,49,11,0,11,63,12,1
2KIX,673,B,40,ILE,H,5,18,5,0,7,29,8,0,9,38,9,0,12,51,9,0,13,66,13,0
2KIX,674,B,40,ILE,H,5,15,7,0,7,25,8,0,9,35,9,0,12,50,10,0,13,68,11,0
2KIX,675,B,40,ILE,H,7,20,5,0,7,38,6,0,10,50,9,0,10,56,12,0,14,64,15,0
2KIX,676,B,40,ILE,H,6,23,5,0,9,34,7,0,9,49,9,0,11,53,11,0,12,61,13,1
2KIX,677,B,40,ILE,H,4,14,4,0,7,27,6,0,9,41,9,0,9,52,11,0,11,54,12,0
2KIX,678,B,40,ILE,H,1,2,2,0,3,14,4,0,7,26,6,0,10,41,8,0,10,48,12,0
2KIX,679,B,40,ILE,H,1,3,3,0,3,12,4,0,8,25,6,0,9,36,9,0,10,44,12,0
2KIX,680,B,40,ILE,H,2,3,0,0,3,12,3,0,5,23,7,0,9,35,9,0,11,46,10,0
2KIX,681,B,41,LEU,N,8,37,8,0,9,43,9,0,11,54,11,0,13,68,13,0,17,83,15,0
2KIX,682,B,41,LEU,CA,7,36,6,0,9,46,10,0,11,53,13,0,16,73,15,0,21,93,19,0
2KIX,683,B,41,LEU,C,8,34,7,0,9,47,11,0,11,60,11,0,14,77,15,0,22,102,22,0
2KIX,684,B,41,LEU,O,7,35,7,0,11,47,9,0,12,67,13,0,17,80,17,0,21,97,23,0
2KIX,685,B,41,LEU,HN,8,35,7,0,10,44,8,0,10,57,12,0,13,66,12,0,17,78,16,1
2KIX,686,B,41,LEU,H,6,36,7,0,9,42,9,0,10,54,12,0,15,69,15,0,22,94,19,0
2KIX,687,B,41,LEU,C,7,31,6,0,10,43,8,0,14,59,13,0,17,78,17,0,20,97,20,0
2KIX,688,B,41,LEU,C,9,32,6,0,11,46,10,0,14,57,15,0,18,82,19,0,25,107,21,0
2KIX,689,B,41,LEU,C,7,28,7,0,10,47,9,0,17,60,15,0,19,82,17,0,24,102,19,0
2KIX,690,B,41,LEU,C,7,33,6,0,12,46,12,0,15,57,16,0,21,87,19,0,25,114,22,0
2KIX,691,B,41,LEU,H,6,29,7,0,9,45,8,0,14,58,10,0,16,74,15,0,18,86,19,0
2KIX,692,B,41,LEU,H,7,30,7,0,10,46,8,0,14,62,12,0,15,85,19,0,21,100,20,0
2KIX,693,B,41,LEU,H,6,32,5,0,11,46,10,0,14,57,15,0,20,72,18,0,24,97,22,0
2KIX,694,B,41,LEU,H,6,29,6,0,8,44,8,0,16,57,13,0,19,75,15,0,21,97,18,0
2KIX,695,B,41,LEU,H,6,33,6,0,9,45,12,0,17,62,15,0,20,79,17,0,24,101,21,0
2KIX,696,B,41,LEU,H,7,26,5,0,8,45,10,0,17,65,15,0,20,84,16,0,24,104,21,0
2KIX,697,B,41,LEU,H,7,32,7,0,11,45,12,0,18,62,18,0,20,87,20,0,24,108,22,0
2KIX,698,B,41,LEU,H,5,35,8,0,12,45,12,0,18,62,14,0,20,84,18,0,23,113,24,0
2KIX,699,B,41,LEU,H,7,28,5,0,12,43,12,0,14,59,16,0,19,89,19,0,25,114,20,0
2KIX,700,B,42,SER,N,9,40,8,0,9,49,10,0,10,62,12,0,14,84,16,0,22,107,19,1
2KIX,701,B,42,SER,CA,8,41,8,0,10,49,8,0,11,65,14,0,16,87,15,0,23,114,20,1
2KIX,702,B,42,SER,C,9,34,8,0,10,52,10,0,13,68,12,0,15,82,15,0,20,108,19,1
2KIX,703,B,42,SER,O,7,31,8,0,10,49,10,0,13,69,13,0,16,86,15,0,21,106,21,0
2KIX,704,B,42,SER,HN,8,39,8,0,9,51,9,0,11,63,13,0,13,81,15,1,21,100,17,1
2KIX,705,B,42,SER,H,8,35,7,0,9,46,7,0,12,68,14,0,16,90,16,0,22,116,23,0
2KIX,706,B,42,SER,C,8,41,7,0,11,53,9,0,14,64,13,0,16,89,16,1,23,120,21,1
2KIX,707,B,42,SER,OH,8,37,8,0,10,53,8,0,16,70,14,1,19,91,15,1,23,113,20,2
2KIX,708,B,42,SER,H,9,41,7,0,11,55,10,0,14,64,11,0,18,88,17,1,24,127,22,1
2KIX,709,B,42,SER,H,7,39,5,0,9,50,9,0,12,63,13,0,17,84,16,1,23,115,20,2
2KIX,710,B,42,SER,HO,9,36,8,0,12,54,9,1,16,73,13,1,19,97,19,1,25,114,21,2
2KIX,711,B,43,ILE,N,9,33,8,0,9,46,10,0,11,58,12,0,15,74,16,1,18,97,17,1
2KIX,712,B,43,ILE,CA,8,32,8,0,10,43,9,0,11,49,11,0,13,68,14,1,16,88,17,1
2KIX,713,B,43,ILE,C,8,30,7,0,10,42,10,0,11,52,10,0,12,65,12,0,15,84,16,0
2KIX,714,B,43,ILE,O,8,30,8,0,10,39,8,0,11,49,11,0,13,63,14,0,16,77,14,0
2KIX,715,B,43,ILE,HN,8,32,7,0,10,46,11,0,10,57,13,0,15,78,14,1,18,96,17,1
2KIX,716,B,43,ILE,H,8,31,8,0,9,40,10,0,11,52,11,0,15,68,13,1,17,86,18,1
2KIX,717,B,43,ILE,C,8,30,6,0,9,37,7,0,10,45,11,0,11,60,14,1,16,81,14,1
2KIX,718,B,43,ILE,C,7,21,6,0,9,31,9,1,9,49,11,1,14,69,13,1,17,85,14,1
2KIX,719,B,43,ILE,C,8,21,6,0,8,34,7,0,10,40,10,0,10,47,12,1,12,63,14,1
2KIX,720,B,43,ILE,C,5,18,6,0,9,36,7,1,10,55,10,1,15,71,14,1,20,87,16,1
2KIX,721,B,43,ILE,H,8,25,7,0,9,35,7,0,10,43,11,0,11,57,14,1,15,75,14,1
2KIX,722,B,43,ILE,H,6,21,7,0,8,27,10,1,13,54,11,1,14,76,13,1,17,91,15,1
2KIX,723,B,43,ILE,H,5,16,4,0,7,25,8,1,9,38,10,1,13,61,12,1,15,77,13,1
2KIX,724,B,43,ILE,H,5,22,5,0,9,32,8,0,9,41,9,0,11,49,10,0,13,58,14,0
2KIX,725,B,43,ILE,H,4,16,4,0,8,29,6,0,8,36,8,0,10,42,12,1,10,55,14,1
2KIX,726,B,43,ILE,H,6,20,5,0,8,32,7,0,9,41,10,0,11,49,11,1,14,64,13,1
2KIX,727,B,43,ILE,H,4,14,5,1,7,30,8,1,13,51,9,1,16,73,13,1,20,87,17,1
2KIX,728,B,43,ILE,H,8,22,7,0,10,44,7,1,12,58,13,1,18,79,16,1,22,95,19,1
2KIX,729,B,43,ILE,H,5,19,5,0,8,34,6,1,10,49,9,1,14,61,14,1,18,80,17,1
2KIX,730,B,44,SER,N,8,34,7,0,9,44,10,0,11,54,10,0,12,72,14,0,16,87,18,0
2KIX,731,B,44,SER,CA,7,32,8,0,9,45,8,0,9,58,11,0,16,73,14,0,17,95,17,0
2KIX,732,B,44,SER,C,8,34,7,0,8,45,9,0,12,60,12,0,16,80,14,0,20,107,19,0
2KIX,733,B,44,SER,O,7,30,8,0,10,41,8,0,13,65,12,0,17,86,14,0,20,101,20,0
2KIX,734,B,44,SER,HN,7,34,7,0,10,44,9,0,10,56,12,0,12,70,13,0,16,85,17,0
2KIX,735,B,44,SER,H,7,26,7,0,8,40,8,0,9,53,9,0,13,77,13,0,17,87,15,0
2KIX,736,B,44,SER,C,7,34,5,0,8,47,9,0,11,57,11,0,15,69,16,0,19,96,21,0
2KIX,737,B,44,SER,OH,7,29,4,0,8,39,6,0,9,47,10,0,13,65,13,0,16,85,17,0
2KIX,738,B,44,SER,H,8,35,6,0,9,47,8,0,14,58,14,0,15,78,16,0,19,95,21,0
2KIX,739,B,44,SER,H,7,31,5,0,8,49,9,0,12,59,12,0,14,75,17,0,21,93,20,0
2KIX,740,B,44,SER,HO,4,24,3,0,8,35,5,0,9,51,8,0,13,63,13,0,16,77,19,0
2KIX,741,B,45,SER,N,8,36,7,0,8,45,9,0,11,62,12,0,16,82,17,0,22,107,19,0
2KIX,742,B,45,SER,CA,7,32,8,0,9,46,8,0,12,63,15,0,18,83,16,0,25,113,23,0
2KIX,743,B,45,SER,C,8,35,7,0,9,46,10,0,12,59,11,0,16,78,18,0,24,107,23,0
2KIX,744,B,45,SER,O,8,33,8,0,11,46,9,0,12,63,13,0,19,83,16,0,26,105,23,0
2KIX,745,B,45,SER,HN,7,34,7,0,9,49,9,0,12,68,13,0,15,89,17,0,23,99,21,0
2KIX,746,B,45,SER,H,7,28,7,0,10,45,11,0,14,60,13,0,18,89,17,0,27,122,26,0
2KIX,747,B,45,SER,C,7,31,6,0,9,45,11,0,13,66,14,0,18,88,19,0,28,119,26,0
2KIX,748,B,45,SER,OH,7,25,6,0,10,46,8,0,13,66,13,0,19,93,20,0,26,125,24,0
2KIX,749,B,45,SER,H,7,26,5,0,8,41,9,0,13,62,15,0,18,87,20,0,29,123,26,0
2KIX,750,B,45,SER,H,7,26,5,0,9,45,10,0,11,68,14,0,21,89,17,0,26,113,26,0
2KIX,751,B,45,SER,HO,8,29,8,0,10,45,9,0,14,66,12,0,17,95,20,0,25,119,23,0
2KIX,752,B,46,PHE,N,8,31,7,0,9,41,10,0,13,50,11,0,16,69,17,0,23,97,23,0
2KIX,753,B,46,PHE,CA,7,30,8,0,10,42,9,0,13,47,13,0,17,63,17,0,21,89,21,0
2KIX,754,B,46,PHE,C,8,31,7,0,9,38,9,0,11,50,11,0,13,62,14,0,19,78,17,0
2KIX,755,B,46,PHE,O,8,25,8,0,10,39,8,0,11,53,12,0,15,66,14,0,19,78,17,0
2KIX,756,B,46,PHE,HN,7,32,7,0,9,39,10,0,15,49,12,0,15,69,15,0,20,103,21,0
2KIX,757,B,46,PHE,H,8,30,8,0,10,41,10,0,14,55,13,0,17,69,17,0,26,90,21,0
2KIX,758,B,46,PHE,C,7,31,5,0,9,36,9,0,13,46,13,0,17,68,17,0,23,89,22,0
2KIX,759,B,46,PHE,C,7,25,5,0,9,34,7,0,12,45,12,0,16,58,16,0,23,81,21,0
2KIX,760,B,46,PHE,C,4,19,5,0,11,37,9,0,14,50,12,0,18,62,19,0,23,82,22,0
2KIX,761,B,46,PHE,C,4,18,5,0,8,31,5,0,9,37,9,0,14,53,15,0,17,66,18,0
2KIX,762,B,46,PHE,C,3,17,2,0,6,25,7,0,11,43,10,0,15,61,17,0,23,76,19,0
2KIX,763,B,46,PHE,C,2,8,2,0,5,22,4,0,9,34,8,0,10,47,12,0,17,61,16,0
2KIX,764,B,46,PHE,C,2,7,0,0,4,21,3,0,7,33,9,0,12,48,13,0,18,66,14,0
2KIX,765,B,46,PHE,H,8,27,6,0,11,37,11,0,13,54,14,0,20,74,19,0,24,95,23,0
2KIX,766,B,46,PHE,H,7,27,6,0,8,35,8,0,12,42,13,0,16,63,16,0,20,84,18,0
2KIX,767,B,46,PHE,H,6,24,5,0,10,38,10,0,16,57,16,0,21,67,19,0,24,91,23,0
2KIX,768,B,46,PHE,H,7,22,5,0,8,30,5,0,8,37,9,0,12,45,13,0,16,64,16,0
2KIX,769,B,46,PHE,H,3,16,2,0,7,23,4,0,11,36,11,0,17,59,18,0,22,81,19,0
2KIX,770,B,46,PHE,H,2,7,2,0,5,15,2,0,7,25,7,0,9,36,9,0,11,57,13,0
2KIX,771,B,46,PHE,H,1,2,0,0,2,14,0,0,5,26,7,0,8,39,11,0,16,57,14,0
2KIX,772,B,47,ILE,N,8,31,6,0,9,42,10,0,10,47,10,0,12,59,13,0,17,83,15,0
2KIX,773,B,47,ILE,CA,7,33,7,0,9,38,8,0,9,47,11,0,11,58,11,0,15,79,15,0
2KIX,774,B,47,ILE,C,8,32,7,0,9,40,9,0,10,50,10,0,14,70,13,0,21,91,14,0
2KIX,775,B,47,ILE,O,7,30,8,0,10,42,8,0,12,53,10,0,14,69,13,0,20,89,17,0
2KIX,776,B,47,ILE,HN,7,31,8,0,9,42,8,0,11,49,11,0,13,65,12,0,16,80,16,0
2KIX,777,B,47,ILE,H,7,28,7,0,8,36,8,0,10,45,9,0,11,56,11,0,13,71,12,0
2KIX,778,B,47,ILE,C,7,25,5,0,8,38,6,0,9,45,10,0,10,58,12,0,15,73,13,0
2KIX,779,B,47,ILE,C,6,17,5,0,8,28,7,0,9,43,8,0,11,55,11,0,13,67,13,0
2KIX,780,B,47,ILE,C,7,21,5,0,8,34,6,0,8,43,9,0,9,51,12,0,15,64,13,0
2KIX,781,B,47,ILE,C,4,18,3,0,8,27,5,0,8,35,8,0,10,48,11,0,13,59,13,0
2KIX,782,B,47,ILE,H,6,23,6,0,8,38,8,0,10,51,11,0,12,66,12,0,17,81,15,0
2KIX,783,B,47,ILE,H,5,20,7,0,8,30,7,0,10,48,9,0,12,58,11,0,13,71,13,0
2KIX,784,B,47,ILE,H,4,13,3,0,6,23,6,0,8,39,8,0,10,54,9,0,12,66,12,0
2KIX,785,B,47,ILE,H,5,16,3,0,8,31,6,0,8,41,8,0,10,50,9,0,12,57,12,0
2KIX,786,B,47,ILE,H,6,23,5,0,8,35,8,0,8,45,8,0,12,57,12,0,17,76,16,0
2KIX,787,B,47,ILE,H,3,15,3,0,7,28,5,0,8,39,6,0,9,48,11,0,11,63,13,0
2KIX,788,B,47,ILE,H,7,19,5,0,8,31,5,0,8,38,10,0,10,45,11,0,13,60,13,0
2KIX,789,B,47,ILE,H,3,14,3,0,7,26,4,0,8,34,7,0,9,42,10,0,10,54,11,0
2KIX,790,B,47,ILE,H,3,15,3,0,5,23,6,0,8,28,6,0,9,44,10,0,12,56,12,0
2KIX,791,B,48,LEU,N,8,32,7,0,8,40,10,0,11,54,11,0,17,72,13,0,23,101,20,0
2KIX,792,B,48,LEU,CA,7,32,8,0,11,44,9,0,17,60,12,0,20,84,17,0,27,106,22,0
2KIX,793,B,48,LEU,C,9,29,8,0,12,44,9,0,15,65,11,0,20,84,17,0,26,110,23,0
2KIX,794,B,48,LEU,O,10,32,8,0,14,42,8,0,16,67,11,0,24,93,18,0,30,118,23,0
2KIX,795,B,48,LEU,HN,8,29,8,0,9,42,10,0,13,56,12,0,17,75,14,0,22,100,20,0
2KIX,796,B,48,LEU,H,9,32,7,0,11,44,10,0,18,64,13,0,22,80,16,0,26,104,21,0
2KIX,797,B,48,LEU,C,8,30,7,0,12,45,10,0,17,59,16,0,22,91,19,0,31,121,22,0
2KIX,798,B,48,LEU,C,12,32,7,0,16,45,11,0,20,65,16,0,27,91,20,0,34,128,22,0
2KIX,799,B,48,LEU,C,9,36,7,0,16,49,11,0,21,67,16,0,28,93,18,0,34,128,23,0
2KIX,800,B,48,LEU,C,9,23,6,0,14,47,10,0,22,67,16,0,26,92,21,0,33,135,27,0
2KIX,801,B,48,LEU,H,11,27,6,0,12,44,12,0,17,67,16,0,24,88,20,0,29,115,22,0
2KIX,802,B,48,LEU,H,9,23,7,0,11,40,10,0,17,64,14,0,22,94,19,0,32,122,25,0
2KIX,803,B,48,LEU,H,11,30,8,0,15,44,11,0,19,66,13,0,28,96,19,0,34,131,24,0
2KIX,804,B,48,LEU,H,9,32,8,0,16,49,12,0,24,72,17,0,29,101,20,0,34,132,23,0
2KIX,805,B,48,LEU,H,9,33,8,0,13,49,12,0,19,69,15,0,28,97,20,0,30,122,24,0
2KIX,806,B,48,LEU,H,9,36,8,0,16,50,13,0,21,65,14,0,27,88,19,0,31,114,25,0
2KIX,807,B,48,LEU,H,7,19,7,0,15,38,9,0,23,62,15,0,26,97,21,0,32,131,30,0
2KIX,808,B,48,LEU,H,7,25,6,0,15,47,10,0,23,67,17,0,25,90,21,0,32,123,28,0
2KIX,809,B,48,LEU,H,8,22,6,0,15,42,10,0,24,66,16,0,29,100,21,0,36,140,28,0
2KIX,810,B,49,SER,N,9,34,8,0,9,49,10,0,14,64,13,0,19,85,17,0,27,105,18,0
2KIX,811,B,49,SER,CA,8,36,7,0,12,51,11,0,15,65,15,0,21,86,15,0,28,114,24,0
2KIX,812,B,49,SER,C,9,36,7,0,11,51,10,0,16,68,13,0,19,82,16,0,26,111,18,0
2KIX,813,B,49,SER,O,9,34,8,0,12,51,10,0,16,69,13,0,21,88,16,0,28,119,22,0
2KIX,814,B,49,SER,HN,7,36,8,0,10,51,9,0,13,59,14,0,17,83,15,0,27,98,21,0
2KIX,815,B,49,SER,H,8,33,8,0,14,49,11,0,18,65,14,0,25,92,17,0,30,119,24,0
2KIX,816,B,49,SER,C,8,38,9,0,13,52,11,0,16,67,15,0,22,87,21,0,29,111,22,0
2KIX,817,B,49,SER,OH,8,34,7,0,9,52,11,0,18,65,14,0,21,86,18,0,24,106,22,0
2KIX,818,B,49,SER,H,11,33,8,0,14,51,9,0,18,70,19,0,23,93,21,0,29,116,22,0
2KIX,819,B,49,SER,H,8,34,9,0,13,51,11,0,18,70,15,0,22,84,20,0,27,111,23,0
2KIX,820,B,49,SER,HO,6,35,8,0,13,45,12,0,18,64,14,0,21,84,19,0,24,107,24,0
2KIX,821,B,50,ALA,N,9,39,7,0,10,51,9,0,13,65,11,0,16,77,16,0,21,93,17,0
2KIX,822,B,50,ALA,CA,8,35,8,0,10,49,8,0,11,58,11,0,16,68,12,0,19,85,17,0
2KIX,823,B,50,ALA,C,9,34,7,0,10,48,9,0,13,61,11,0,15,74,12,0,20,95,15,0
2KIX,824,B,50,ALA,O,9,33,8,0,11,46,9,0,13,59,10,0,15,78,12,0,20,96,15,0
2KIX,825,B,50,ALA,HN,8,34,7,0,10,50,9,0,12,62,12,0,15,80,14,0,22,90,18,0
2KIX,826,B,50,ALA,H,7,33,7,0,9,46,9,0,11,60,10,0,15,73,14,0,19,90,17,0
2KIX,827,B,50,ALA,C,7,36,5,0,9,44,6,0,10,50,11,0,12,62,12,0,17,79,14,0
2KIX,828,B,50,ALA,H,7,25,4,0,8,39,6,0,9,49,11,0,12,62,12,0,16,78,16,0
2KIX,829,B,50,ALA,H,7,26,5,0,8,41,6,0,9,50,9,0,11,56,11,0,13,70,12,0
2KIX,830,B,50,ALA,H,8,28,6,0,8,41,8,0,10,51,10,0,12,62,12,0,15,79,13,0
2KIX,831,B,51,LEU,N,8,31,8,0,11,45,10,0,14,61,10,0,17,74,12,0,20,92,15,0
2KIX,832,B,51,LEU,CA,8,30,7,0,11,41,9,0,16,60,11,0,18,85,13,0,21,101,17,0
2KIX,833,B,51,LEU,C,11,35,8,0,14,50,9,0,16,66,10,0,19,85,14,0,26,113,18,0
2KIX,834,B,51,LEU,O,11,36,8,0,15,52,8,0,16,69,10,0,22,89,15,0,27,106,18,0
2KIX,835,B,51,LEU,HN,8,31,8,0,10,45,9,0,12,58,11,0,16,70,12,0,19,89,15,0
2KIX,836,B,51,LEU,H,8,25,8,0,11,39,9,0,14,54,10,0,17,74,11,0,22,100,16,0
2KIX,837,B,51,LEU,C,8,27,6,0,11,44,8,0,16,59,14,0,18,81,15,0,25,98,17,0
2KIX,838,B,51,LEU,C,7,27,5,0,10,44,7,0,15,57,14,0,19,74,15,0,27,99,18,0
2KIX,839,B,51,LEU,C,7,30,4,0,13,49,9,0,18,64,13,0,23,82,16,0,29,105,21,0
2KIX,840,B,51,LEU,C,3,19,3,0,9,33,6,0,11,48,9,0,15,61,13,0,24,86,16,0
2KIX,841,B,51,LEU,H,6,26,7,0,9,40,8,0,13,57,9,0,18,76,15,0,21,92,16,0
2KIX,842,B,51,LEU,H,9,30,8,0,14,50,8,0,17,64,14,0,21,84,15,0,25,101,18,0
2KIX,843,B,51,LEU,H,4,25,4,0,10,38,9,0,15,57,11,0,22,77,17,0,26,98,21,0
2KIX,844,B,51,LEU,H,10,33,7,0,16,53,10,0,17,66,13,0,24,88,19,0,31,117,23,0
2KIX,845,B,51,LEU,H,4,24,4,0,12,42,9,0,17,63,10,0,24,78,16,0,29,100,23,0
2KIX,846,B,51,LEU,H,6,28,7,0,12,47,9,0,21,70,12,0,23,86,14,0,27,105,22,0
2KIX,847,B,51,LEU,H,3,16,3,0,7,30,5,0,9,39,7,0,13,57,12,0,19,79,16,0
2KIX,848,B,51,LEU,H,5,20,3,0,8,30,7,0,10,46,9,0,13,60,12,0,22,87,14,0
2KIX,849,B,51,LEU,H,2,11,2,0,4,27,3,0,10,45,8,0,16,60,13,0,19,76,16,0
2KIX,850,B,52,HIS,N,9,36,7,0,12,48,10,0,13,69,11,0,18,94,16,0,27,118,20,0
2KIX,851,B,52,HIS,CA,11,38,8,0,12,59,9,0,14,74,13,0,23,95,15,0,29,127,22,0
2KIX,852,B,52,HIS,C,8,36,7,0,13,62,9,0,18,77,11,0,21,92,16,0,27,117,22,0
2KIX,853,B,52,HIS,O,9,42,8,0,15,59,8,0,18,82,11,0,19,95,17,0,31,121,22,0
2KIX,854,B,52,HIS,HN,10,35,8,0,11,47,10,0,14,65,11,0,18,95,15,0,27,118,19,0
2KIX,855,B,52,HIS,H,10,44,8,0,12,57,9,0,19,72,12,0,24,103,16,0,31,133,22,0
2KIX,856,B,52,HIS,C,11,33,6,0,12,58,10,0,17,71,12,0,24,106,19,0,33,134,23,0
2KIX,857,B,52,HIS,C,11,38,6,0,14,59,8,0,19,81,15,0,24,111,18,0,35,144,25,0
2KIX,858,B,52,HIS,N,10,35,7,0,16,58,10,0,21,83,14,0,25,109,20,0,33,138,24,0
2KIX,859,B,52,HIS,C,7,35,4,0,15,61,8,0,20,85,12,0,27,114,17,0,37,142,28,0
2KIX,860,B,52,HIS,C,8,34,7,0,14,60,11,0,22,86,13,0,29,115,17,0,32,137,27,0
2KIX,861,B,52,HIS,N,9,35,6,0,14,60,9,0,22,91,13,0,28,119,17,0,37,138,28,0
2KIX,862,B,52,HIS,H,9,29,6,0,12,48,8,0,17,77,13,0,25,103,19,0,32,138,24,0
2KIX,863,B,52,HIS,H,9,32,8,0,13,50,9,0,18,72,13,0,23,101,21,0,32,134,22,0
2KIX,864,B,52,HIS,HN,10,40,6,0,15,56,11,0,19,76,16,0,25,103,20,0,33,132,23,0
2KIX,865,B,52,HIS,H,8,35,3,0,13,61,7,0,21,83,11,0,27,114,20,0,37,145,26,0
2KIX,866,B,52,HIS,H,10,38,6,0,15,57,11,0,22,82,16,0,29,110,20,0,34,138,24,0
2KIX,867,B,52,HIS,HN,9,37,1,0,13,57,10,0,19,80,14,0,28,114,18,0,38,143,26,0
2KIX,868,B,53,PHE,N,10,35,7,0,10,48,11,0,18,66,12,0,24,88,15,0,28,110,20,0
2KIX,869,B,53,PHE,CA,9,33,8,0,12,47,9,0,15,62,12,0,23,82,16,0,26,101,20,0
2KIX,870,B,53,PHE,C,10,34,7,0,12,45,9,0,15,61,10,0,16,79,13,0,26,94,18,0
2KIX,871,B,53,PHE,O,10,35,8,0,13,43,8,0,13,63,10,0,18,81,14,0,24,93,17,0
2KIX,872,B,53,PHE,HN,10,33,8,0,11,46,10,0,17,61,12,0,23,89,14,0,27,113,20,0
2KIX,873,B,53,PHE,H,10,36,8,0,13,54,9,0,19,64,12,0,25,88,17,0,29,109,23,0
2KIX,874,B,53,PHE,C,9,32,6,0,11,44,8,0,15,57,13,0,19,77,17,0,27,101,19,0
2KIX,875,B,53,PHE,C,7,30,5,0,11,41,7,0,14,52,12,0,16,64,16,0,25,88,19,0
2KIX,876,B,53,PHE,C,6,23,4,0,12,41,10,0,14,56,11,0,21,72,17,0,26,85,20,0
2KIX,877,B,53,PHE,C,6,20,4,0,9,36,6,0,12,42,9,0,14,57,13,0,18,75,15,0
2KIX,878,B,53,PHE,C,2,15,0,0,8,28,6,0,13,43,9,0,18,64,14,0,22,80,18,0
2KIX,879,B,53,PHE,C,2,10,2,0,4,25,5,0,10,37,7,0,13,52,12,0,18,65,13,0
2KIX,880,B,53,PHE,C,2,11,0,0,3,22,4,0,10,37,9,0,14,50,12,0,18,69,14,0
2KIX,881,B,53,PHE,H,10,31,6,0,13,42,9,0,18,61,15,0,23,86,18,0,29,104,22,0
2KIX,882,B,53,PHE,H,9,26,6,0,10,37,8,0,13,51,12,0,18,76,15,0,24,97,17,0
2KIX,883,B,53,PHE,H,6,25,6,0,13,43,8,0,19,60,15,0,24,77,17,0,27,89,22,0
2KIX,884,B,53,PHE,H,7,22,5,0,9,31,6,0,10,44,9,0,14,55,12,0,16,72,16,0
2KIX,885,B,53,PHE,H,4,16,3,0,7,27,5,0,10,40,10,0,17,62,16,0,25,85,18,0
2KIX,886,B,53,PHE,H,2,8,2,0,5,19,3,0,7,29,7,0,10,44,8,0,15,59,12,0
2KIX,887,B,53,PHE,H,1,7,0,0,2,14,0,0,5,26,7,0,11,40,9,0,16,59,12,0
2KIX,888,B,54,ILE,N,9,35,7,0,11,47,10,0,14,56,10,0,16,72,12,0,22,91,15,0
2KIX,889,B,54,ILE,CA,7,32,7,0,10,42,8,0,13,53,11,0,15,64,11,0,18,82,13,0
2KIX,890,B,54,ILE,C,8,29,7,0,11,45,9,0,15,55,10,0,18,74,12,0,21,85,14,0
2KIX,891,B,54,ILE,O,7,27,8,0,10,41,8,0,15,59,10,0,18,70,12,0,20,84,15,0
2KIX,892,B,54,ILE,HN,8,35,8,0,11,46,9,0,14,54,11,0,16,72,11,0,21,94,15,0
2KIX,893,B,54,ILE,H,7,29,7,0,10,36,8,0,12,45,9,0,15,62,11,0,18,74,13,0
2KIX,894,B,54,ILE,C,8,27,6,0,8,36,7,0,11,43,10,0,14,57,12,0,18,71,12,0
2KIX,895,B,54,ILE,C,6,20,3,0,8,33,6,0,9,37,8,0,11,40,11,0,13,57,12,0
2KIX,896,B,54,ILE,C,8,23,6,0,9,34,8,0,12,45,9,0,15,61,12,0,18,80,12,0
2KIX,897,B,54,ILE,C,4,15,3,0,7,27,6,0,8,35,8,0,12,42,9,0,14,55,11,0
2KIX,898,B,54,ILE,H,7,24,5,0,8,36,8,0,10,43,10,0,14,56,11,0,16,75,12,0
2KIX,899,B,54,ILE,H,5,16,3,0,7,27,4,0,8,37,8,0,10,40,10,0,13,53,12,0
2KIX,900,B,54,ILE,H,2,12,3,0,8,25,3,0,8,34,7,0,9,38,10,0,13,50,12,0
2KIX,901,B,54,ILE,H,7,24,8,0,11,38,8,0,14,56,10,0,16,73,11,0,21,88,13,0
2KIX,902,B,54,ILE,H,6,19,6,0,8,24,8,0,11,41,9,0,14,54,10,0,16,75,12,0
2KIX,903,B,54,ILE,H,7,23,5,0,10,34,7,0,12,41,10,0,17,58,11,0,17,79,12,0
2KIX,904,B,54,ILE,H,4,16,4,0,8,27,6,0,9,34,8,0,12,47,10,0,15,59,11,0
2KIX,905,B,54,ILE,H,2,11,2,0,4,17,5,0,7,28,7,0,8,39,8,0,12,47,9,0
2KIX,906,B,54,ILE,H,5,19,5,0,6,27,8,0,9,39,8,0,13,49,9,0,16,64,11,0
2KIX,907,B,55,ALA,N,10,41,8,0,13,55,10,0,15,67,12,0,20,81,12,0,24,99,17,0
2KIX,908,B,55,ALA,CA,11,45,8,0,14,55,10,0,18,66,13,0,22,87,15,0,28,105,19,0
2KIX,909,B,55,ALA,C,12,50,9,0,15,59,9,0,18,72,13,0,23,89,15,0,30,112,20,0
2KIX,910,B,55,ALA,O,11,43,9,0,16,59,12,0,20,76,13,0,25,92,16,0,30,107,21,0
2KIX,911,B,55,ALA,HN,11,40,8,0,12,54,10,0,17,70,11,0,20,81,13,0,23,104,17,0
2KIX,912,B,55,ALA,H,10,35,8,0,12,51,9,0,16,65,11,0,21,84,15,0,27,98,17,0
2KIX,913,B,55,ALA,C,12,44,6,0,15,55,11,0,18,70,14,0,24,92,18,0,30,122,21,0
2KIX,914,B,55,ALA,H,10,44,6,0,17,56,11,0,20,66,17,0,26,94,21,0,33,124,23,0
2KIX,915,B,55,ALA,H,12,41,8,0,15,61,9,0,21,74,16,0,24,100,16,0,30,120,22,0
2KIX,916,B,55,ALA,H,10,38,5,0,14,51,9,0,18,67,14,0,23,90,17,0,30,111,21,0
2KIX,917,B,56,TRP,N,11,42,8,0,13,52,10,0,16,68,12,0,24,87,13,0,29,110,21,0
2KIX,918,B,56,TRP,CA,10,37,8,0,13,50,10,0,17,70,11,0,26,92,18,0,31,118,21,0
2KIX,919,B,56,TRP,C,11,31,9,0,12,52,9,0,15,59,11,0,23,84,17,0,31,105,20,0
2KIX,920,B,56,TRP,O,9,30,8,0,13,43,9,0,16,66,13,0,24,84,16,0,28,102,20,0
2KIX,921,B,56,TRP,HN,12,39,8,0,12,56,10,0,15,70,11,0,22,85,15,0,28,110,19,0
2KIX,922,B,56,TRP,H,11,31,8,0,13,47,9,0,19,74,14,0,28,102,18,0,34,122,22,0
2KIX,923,B,56,TRP,C,10,38,6,0,13,51,11,0,21,74,16,0,24,91,17,0,35,117,23,0
2KIX,924,B,56,TRP,C,10,32,7,0,17,53,10,0,20,69,16,0,25,95,19,0,37,124,24,0
2KIX,925,B,56,TRP,C,9,29,6,0,16,48,11,0,19,66,15,0,26,94,20,0,32,116,25,0
2KIX,926,B,56,TRP,C,8,30,7,0,18,50,11,0,22,71,16,0,32,98,21,0,35,134,27,0
2KIX,927,B,56,TRP,N,8,19,8,0,14,42,11,0,23,73,15,0,27,93,20,0,32,119,25,0
2KIX,928,B,56,TRP,C,10,23,7,0,14,46,12,0,24,74,17,0,28,98,21,0,35,126,26,0
2KIX,929,B,56,TRP,C,7,31,6,0,17,49,9,0,26,71,14,0,33,99,20,0,36,135,28,0
2KIX,930,B,56,TRP,C,10,26,4,0,16,47,13,0,23,63,16,0,29,96,20,0,39,124,27,0
2KIX,931,B,56,TRP,C,6,30,7,0,16,42,7,0,27,68,14,0,34,94,21,0,39,132,28,0
2KIX,932,B,56,TRP,C,8,26,6,0,16,47,12,0,23,65,16,0,34,90,19,0,41,130,28,0
2KIX,933,B,56,TRP,H,11,34,6,0,15,59,10,0,21,79,15,0,27,95,17,0,34,123,25,0
2KIX,934,B,56,TRP,H,10,31,7,0,11,52,9,0,20,71,15,0,24,90,16,0,30,107,21,0
2KIX,935,B,56,TRP,H,9,25,6,0,15,45,9,0,16,58,14,0,22,87,18,0,30,110,23,0
2KIX,936,B,56,TRP,HN,7,13,5,0,12,37,11,0,20,65,16,0,28,90,20,0,29,113,24,0
2KIX,937,B,56,TRP,H,9,30,3,0,15,50,9,0,23,69,16,0,28,101,20,0,40,145,26,0
2KIX,938,B,56,TRP,H,10,28,8,0,14,41,12,0,23,65,15,0,29,86,20,0,35,120,26,0
2KIX,939,B,56,TRP,H,5,30,6,0,13,45,7,0,23,64,12,0,33,93,20,0,43,138,32,0
2KIX,940,B,56,TRP,H,11,26,6,0,13,47,10,0,25,62,15,0,33,87,20,0,39,122,27,0
2KIX,941,B,57,THR,N,10,42,8,0,12,54,10,0,16,64,10,0,19,79,13,0,26,102,19,0
2KIX,942,B,57,THR,CA,9,39,6,0,10,47,9,0,13,56,10,0,19,69,12,0,21,89,17,0
2KIX,943,B,57,THR,C,9,31,7,0,12,41,8,0,15,58,11,0,19,68,14,0,22,88,16,0
2KIX,944,B,57,THR,O,10,29,8,0,13,40,8,0,15,56,11,0,17,70,15,0,23,82,17,0
2KIX,945,B,57,THR,HN,9,40,8,0,13,52,9,0,15,65,11,0,19,82,12,0,23,101,19,0
2KIX,946,B,57,THR,H,9,36,6,0,11,47,8,0,13,55,10,0,16,68,12,0,22,89,16,0
2KIX,947,B,57,THR,C,6,32,6,0,10,43,8,0,10,48,10,0,15,63,11,0,20,78,12,0
2KIX,948,B,57,THR,OH,7,27,5,0,8,38,8,0,12,51,9,0,15,67,11,0,19,80,12,0
2KIX,949,B,57,THR,C,5,23,5,0,9,38,5,0,10,44,7,0,12,51,10,0,15,60,11,0
2KIX,950,B,57,THR,H,7,30,6,0,9,39,8,0,11,48,9,0,17,62,11,0,20,80,12,0
2KIX,951,B,57,THR,HO,7,29,7,0,10,38,8,0,14,57,9,0,15,72,11,0,18,87,14,0
2KIX,952,B,57,THR,H,4,19,4,0,9,36,5,0,10,44,7,0,12,52,10,0,14,60,11,0
2KIX,953,B,57,THR,H,6,20,5,0,8,33,5,0,10,45,7,0,13,49,11,0,15,58,11,0
2KIX,954,B,57,THR,H,3,18,3,0,5,31,5,0,10,38,6,0,10,45,9,0,13,56,10,0
2KIX,955,B,58,ILE,N,7,30,6,0,12,39,9,0,15,54,12,0,21,69,13,0,23,83,15,0
2KIX,956,B,58,ILE,CA,9,25,6,0,11,37,9,0,15,48,12,0,19,65,14,0,24,87,17,0
2KIX,957,B,58,ILE,C,10,28,8,0,13,41,10,0,18,56,12,0,21,73,15,0,26,91,19,0
2KIX,958,B,58,ILE,O,10,25,8,0,13,38,10,0,19,57,12,0,20,72,16,0,23,86,18,0
2KIX,959,B,58,ILE,HN,7,29,8,0,12,44,9,0,15,55,11,0,20,73,13,0,22,82,14,0
2KIX,960,B,58,ILE,H,8,21,5,0,10,31,9,0,12,43,10,0,19,57,13,0,21,78,16,0
2KIX,961,B,58,ILE,C,8,25,6,0,12,35,8,0,12,44,12,0,18,61,14,0,23,84,16,0
2KIX,962,B,58,ILE,C,6,18,5,0,9,25,6,0,12,36,10,0,15,55,13,0,18,68,14,0
2KIX,963,B,58,ILE,C,10,19,6,0,11,33,7,0,13,43,12,0,17,56,13,0,23,81,17,0
2KIX,964,B,58,ILE,C,6,15,3,0,8,21,6,0,11,33,8,0,15,49,11,0,15,65,13,0
2KIX,965,B,58,ILE,H,10,27,7,0,12,38,10,0,15,55,12,0,19,70,15,0,24,87,16,0
2KIX,966,B,58,ILE,H,3,18,3,0,9,23,5,0,11,30,8,0,13,41,12,0,16,58,13,0
2KIX,967,B,58,ILE,H,5,19,5,0,8,24,7,0,11,40,9,0,17,56,11,0,18,73,14,0
2KIX,968,B,58,ILE,H,10,23,7,0,12,34,10,0,13,50,11,0,20,66,16,0,25,88,19,0
2KIX,969,B,58,ILE,H,5,13,4,0,11,28,7,0,12,43,10,0,16,57,14,0,22,76,18,0
2KIX,970,B,58,ILE,H,6,17,5,0,10,26,6,0,12,37,9,0,16,53,12,0,20,71,15,0
2KIX,971,B,58,ILE,H,3,13,2,0,6,18,5,0,8,25,7,0,14,40,8,0,15,56,11,0
2KIX,972,B,58,ILE,H,3,13,2,0,8,18,3,0,10,30,7,0,12,42,11,0,15,62,13,0
2KIX,973,B,58,ILE,H,6,17,5,0,8,27,8,0,12,40,8,0,14,55,11,0,17,72,14,0
2KIX,974,B,59,GLY,N,11,40,8,0,16,51,11,0,18,68,14,0,21,82,16,0,29,102,21,0
2KIX,975,B,59,GLY,CA,13,39,9,0,15,56,10,0,18,67,14,0,25,85,18,0,31,106,20,0
2KIX,976,B,59,GLY,C,14,41,10,0,16,54,11,0,19,67,14,0,23,80,17,0,31,101,22,0
2KIX,977,B,59,GLY,O,12,37,10,0,15,54,11,0,20,67,14,0,24,80,18,0,33,102,24,0
2KIX,978,B,59,GLY,HN,10,42,10,0,15,57,11,0,18,70,12,0,23,82,17,0,27,105,18,0
2KIX,979,B,59,GLY,H,12,35,8,0,14,53,11,0,20,68,16,0,24,83,19,0,31,107,24,0
2KIX,980,B,59,GLY,H,13,40,8,0,16,57,12,0,20,67,17,0,27,88,17,0,34,116,24,0
2KIX,981,B,60,HIS,N,11,38,10,0,13,51,12,0,16,61,14,0,20,77,17,0,25,98,19,0
2KIX,982,B,60,HIS,CA,10,39,8,0,13,46,12,0,15,56,15,0,19,72,17,0,31,92,20,0
2KIX,983,B,60,HIS,C,10,32,11,0,13,45,11,0,14,53,13,0,20,66,17,0,24,82,20,0
2KIX,984,B,60,HIS,O,8,28,9,0,13,37,11,0,17,52,14,0,19,64,17,0,24,77,21,0
2KIX,985,B,60,HIS,HN,10,38,9,0,13,51,12,0,16,62,13,0,21,84,17,0,24,99,19,0
2KIX,986,B,60,HIS,H,11,36,10,0,13,44,11,0,14,56,15,0,25,75,19,0,31,102,21,0
2KIX,987,B,60,HIS,C,9,36,7,0,10,42,11,0,15,54,15,0,20,72,18,0,28,98,23,0
2KIX,988,B,60,HIS,C,9,32,6,0,11,42,10,0,13,50,12,0,20,66,18,0,27,85,23,0
2KIX,989,B,60,HIS,N,7,28,6,0,10,38,9,0,13,48,11,0,15,59,16,0,24,71,19,0
2KIX,990,B,60,HIS,C,7,26,7,0,10,43,9,0,17,53,14,0,21,65,18,0,29,90,24,0
2KIX,991,B,60,HIS,C,6,20,7,0,7,30,8,0,12,48,12,0,16,56,14,0,22,66,19,0
2KIX,992,B,60,HIS,N,6,21,6,0,8,38,10,0,14,49,13,0,20,60,15,0,26,70,21,0
2KIX,993,B,60,HIS,H,8,30,7,0,11,46,11,0,17,63,13,0,24,89,21,0,29,111,24,0
2KIX,994,B,60,HIS,H,8,30,7,0,9,45,9,0,13,54,15,0,19,72,16,0,23,94,20,0
2KIX,995,B,60,HIS,HN,8,28,7,0,10,34,9,0,12,44,10,0,13,52,14,0,19,71,18,0
2KIX,996,B,60,HIS,H,6,28,6,0,13,44,10,0,16,53,15,0,26,73,20,0,32,99,27,0
2KIX,997,B,60,HIS,H,4,16,5,0,7,24,7,0,10,38,10,0,14,55,12,0,20,63,15,0
2KIX,998,B,60,HIS,HN,7,19,4,0,8,34,10,0,14,44,12,0,21,57,16,0,26,76,19,0
2KIX,999,B,61,LEU,N,11,30,11,0,14,44,11,0,17,53,13,0,20,63,15,0,25,75,17,0
2KIX,1000,B,61,LEU,CA,10,31,9,0,12,39,11,0,16,44,12,0,20,60,14,0,22,68,17,0
2KIX,1001,B,61,LEU,C,10,31,8,0,13,36,11,0,18,43,15,0,20,54,15,0,22,68,18,0
2KIX,1002,B,61,LEU,O,9,30,9,0,12,36,11,0,17,40,13,0,18,46,15,0,21,58,17,0
2KIX,1003,B,61,LEU,HN,10,31,8,0,14,44,12,0,16,56,14,0,19,67,15,0,23,76,16,0
2KIX,1004,B,61,LEU,H,10,29,9,0,12,36,10,0,16,41,12,0,20,53,14,0,21,63,18,0
2KIX,1005,B,61,LEU,C,9,28,8,0,12,36,9,0,13,41,13,0,17,50,14,0,20,67,17,0
2KIX,1006,B,61,LEU,C,9,24,5,0,11,33,10,0,13,40,10,0,17,52,13,0,19,62,15,0
2KIX,1007,B,61,LEU,C,6,15,3,0,7,26,7,0,12,34,10,0,15,42,10,0,17,53,15,0
2KIX,1008,B,61,LEU,C,8,21,6,0,11,29,6,0,12,38,10,0,14,50,13,0,18,55,14,0
2KIX,1009,B,61,LEU,H,10,27,8,0,11,37,9,0,15,43,12,0,16,52,14,0,22,70,19,0
2KIX,1010,B,61,LEU,H,10,26,6,0,12,35,9,0,13,38,10,0,14,44,14,0,19,56,16,0
2KIX,1011,B,61,LEU,H,7,24,7,0,11,32,9,0,15,47,11,0,18,58,14,0,20,70,15,0
2KIX,1012,B,61,LEU,H,5,16,3,0,8,25,7,0,12,34,10,0,15,44,10,0,19,54,13,0
2KIX,1013,B,61,LEU,H,4,11,2,0,7,19,6,0,7,29,8,0,14,42,11,0,17,55,11,0
2KIX,1014,B,61,LEU,H,3,9,3,0,7,24,4,0,11,33,8,0,12,37,10,0,15,43,12,0
2KIX,1015,B,61,LEU,H,7,17,4,0,8,24,7,0,13,36,9,0,14,49,12,0,16,61,13,0
2KIX,1016,B,61,LEU,H,9,23,6,0,12,33,8,0,13,44,12,0,15,52,13,0,20,56,14,0
2KIX,1017,B,61,LEU,H,6,16,4,0,11,25,6,0,11,36,7,0,13,42,12,0,15,51,14,0
2KIX,1018,B,62,ASN,N,9,33,7,0,13,41,11,0,17,50,14,0,22,67,16,0,23,80,18,0
2KIX,1019,B,62,ASN,CA,8,29,8,0,12,44,13,0,18,48,15,0,20,58,16,0,24,77,19,0
2KIX,1020,B,62,ASN,C,10,32,8,0,14,40,11,0,15,44,14,0,20,49,16,0,23,70,21,0
2KIX,1021,B,62,ASN,O,9,27,8,0,13,35,10,0,15,43,12,0,17,44,15,0,22,54,20,0
2KIX,1022,B,62,ASN,HN,9,33,9,0,14,43,11,0,15,55,12,0,23,76,17,0,26,84,19,0
2KIX,1023,B,62,ASN,H,8,27,8,0,12,36,11,0,16,47,13,0,19,52,16,0,23,69,17,0
2KIX,1024,B,62,ASN,C,9,26,7,0,12,39,11,0,18,58,17,0,24,69,18,0,32,89,21,0
2KIX,1025,B,62,ASN,C,8,24,7,0,13,38,10,0,16,56,16,0,24,74,20,0,30,92,24,0
2KIX,1026,B,62,ASN,O,9,23,6,0,13,37,10,0,20,52,16,0,22,76,20,0,29,99,26,0
2KIX,1027,B,62,ASN,N,8,26,6,0,13,39,8,0,15,52,14,0,19,67,20,0,27,80,21,0
2KIX,1028,B,62,ASN,H,9,20,6,0,12,37,12,0,18,60,16,0,27,77,19,0,31,96,25,0
2KIX,1029,B,62,ASN,H,7,25,8,0,13,33,12,0,16,50,15,0,27,68,19,0,29,87,23,0
2KIX,1030,B,62,ASN,HN,10,25,5,0,12,36,9,0,15,50,15,0,17,63,16,0,25,73,21,0
2KIX,1031,B,62,ASN,HN,9,25,5,0,13,34,8,0,14,48,10,0,20,64,20,0,25,80,23,0
2KIX,1032,B,63,GLN,N,13,31,8,0,14,37,10,0,15,45,14,0,20,62,18,0,26,77,21,0
2KIX,1033,B,63,GLN,CA,12,28,8,0,15,32,9,0,16,44,16,0,19,60,18,0,24,76,21,0
2KIX,1034,B,63,GLN,C,10,27,7,0,13,33,9,0,15,37,12,0,18,48,17,0,24,64,18,0
2KIX,1035,B,63,GLN,O,10,23,6,0,11,31,8,0,14,35,13,0,18,49,15,0,24,61,19,0
2KIX,1036,B,63,GLN,HN,11,29,7,0,14,40,11,0,17,55,13,0,23,68,18,0,28,82,23,0
2KIX,1037,B,63,GLN,H,12,23,8,0,15,34,9,0,17,44,14,0,18,53,18,0,24,71,21,0
2KIX,1038,B,63,GLN,C,10,23,6,0,16,35,9,0,20,52,17,0,21,67,18,0,27,89,23,0
2KIX,1039,B,63,GLN,C,13,20,6,0,17,35,10,0,19,49,12,0,25,63,20,0,28,88,24,0
2KIX,1040,B,63,GLN,C,8,22,6,0,17,36,10,0,19,52,16,0,26,72,19,0,31,97,24,0
2KIX,1041,B,63,GLN,O,10,24,6,0,15,38,9,0,20,56,15,0,27,76,19,0,32,94,25,0
2KIX,1042,B,63,GLN,N,10,20,6,0,14,34,11,0,21,54,15,0,25,74,18,0,29,97,24,0
2KIX,1043,B,63,GLN,H,11,23,6,0,17,36,12,0,20,54,16,0,23,73,18,0,30,92,25,0
2KIX,1044,B,63,GLN,H,9,25,6,0,17,37,11,0,19,53,15,0,23,69,18,0,27,90,21,0
2KIX,1045,B,63,GLN,H,10,22,7,0,15,34,10,0,17,43,11,0,22,59,17,0,27,80,25,0
2KIX,1046,B,63,GLN,H,9,24,7,0,17,33,10,0,18,49,14,0,25,61,19,0,28,88,26,0
2KIX,1047,B,63,GLN,HN,11,19,6,0,15,34,11,0,18,51,15,0,27,71,19,0,29,90,23,0
2KIX,1048,B,63,GLN,HN,11,22,7,0,12,39,11,0,21,53,15,0,26,79,18,0,29,96,23,0
2KIX,1049,B,64,ILE,N,12,29,7,0,14,32,9,0,15,37,13,0,18,43,15,0,22,59,19,0
2KIX,1050,B,64,ILE,CA,11,26,6,0,12,30,9,0,14,35,11,0,16,38,13,0,18,43,15,0
2KIX,1051,B,64,ILE,C,9,23,6,0,11,31,9,0,14,34,11,0,15,37,13,0,17,39,14,0
2KIX,1052,B,64,ILE,O,6,20,6,0,10,27,6,0,12,33,10,0,14,34,12,0,16,39,13,0
2KIX,1053,B,64,ILE,HN,13,29,8,0,14,34,10,0,16,39,14,0,19,48,15,0,22,62,19,0
2KIX,1054,B,64,ILE,H,11,20,6,0,12,28,8,0,14,33,10,0,14,36,12,0,21,47,18,0
2KIX,1055,B,64,ILE,C,10,22,6,0,12,26,7,0,14,33,10,0,15,40,12,0,19,46,15,0
2KIX,1056,B,64,ILE,C,7,22,5,0,11,27,9,0,14,33,10,0,19,44,13,0,19,55,14,0
2KIX,1057,B,64,ILE,C,10,17,5,0,12,23,7,0,13,31,9,0,16,42,13,0,19,56,17,0
2KIX,1058,B,64,ILE,C,6,17,3,0,7,21,7,0,10,28,10,0,17,38,10,0,19,48,13,0
2KIX,1059,B,64,ILE,H,7,17,5,0,11,24,6,0,13,30,8,0,14,35,11,0,16,40,14,0
2KIX,1060,B,64,ILE,H,8,23,8,0,13,30,10,0,17,37,11,0,18,52,12,0,22,63,17,0
2KIX,1061,B,64,ILE,H,8,24,7,0,10,29,9,0,15,36,11,0,16,41,12,0,20,49,15,0
2KIX,1062,B,64,ILE,H,9,15,6,0,12,23,7,0,13,30,8,0,14,38,11,0,19,53,16,0
2KIX,1063,B,64,ILE,H,7,13,4,0,10,20,6,0,13,25,9,0,15,36,12,0,17,54,14,0
2KIX,1064,B,64,ILE,H,10,20,6,0,12,26,7,0,15,35,12,0,17,51,14,0,25,64,17,0
2KIX,1065,B,64,ILE,H,4,13,3,0,6,21,5,0,9,24,8,0,12,32,10,0,19,42,12,0
2KIX,1066,B,64,ILE,H,6,13,3,0,7,23,8,0,10,33,9,0,15,39,10,0,19,49,12,0
2KIX,1067,B,64,ILE,H,4,13,4,0,7,20,5,0,9,24,9,0,15,39,11,0,18,51,11,0
2KIX,1068,B,65,LYS,N,9,23,7,0,10,29,8,0,13,34,11,0,13,36,13,0,16,40,13,0
2KIX,1069,B,65,LYS,CA,7,20,7,0,9,24,7,0,10,29,10,0,13,34,11,0,15,38,14,0
2KIX,1070,B,65,LYS,C,7,16,6,0,8,20,7,0,9,24,8,0,9,28,9,0,17,35,13,0
2KIX,1071,B,65,LYS,O,6,13,6,0,7,17,6,0,8,23,7,0,9,24,8,0,13,31,11,0
2KIX,1072,B,65,LYS,HN,9,24,7,0,12,28,10,0,13,34,12,0,16,38,12,0,18,43,17,0
2KIX,1073,B,65,LYS,H,5,19,6,0,9,21,7,0,9,27,7,0,11,31,10,0,13,36,11,0
2KIX,1074,B,65,LYS,C,7,18,7,0,8,26,10,0,11,29,10,0,14,37,13,0,15,44,14,0
2KIX,1075,B,65,LYS,C,5,14,5,0,7,19,7,0,8,26,9,0,9,30,11,0,14,42,12,0
2KIX,1076,B,65,LYS,C,3,10,6,0,6,17,6,0,6,22,11,0,9,37,11,0,15,45,14,0
2KIX,1077,B,65,LYS,C,2,4,3,0,3,10,5,0,5,15,6,0,6,24,10,0,8,37,12,0
2KIX,1078,B,65,LYS,N,2,0,1,0,3,7,5,0,3,14,7,0,7,24,8,0,10,39,12,0
2KIX,1079,B,65,LYS,H,6,23,7,0,7,27,10,0,11,34,11,0,14,38,12,0,16,45,15,0
2KIX,1080,B,65,LYS,H,7,20,8,0,8,28,10,0,12,32,11,0,14,43,14,0,20,52,14,0
2KIX,1081,B,65,LYS,H,4,10,5,0,6,18,6,0,8,19,8,0,9,27,11,0,13,38,11,0
2KIX,1082,B,65,LYS,H,4,10,5,0,5,17,6,0,7,25,8,0,8,26,10,0,11,32,11,0
2KIX,1083,B,65,LYS,H,6,13,6,0,6,20,8,0,6,26,10,0,10,36,12,0,15,50,13,0
2KIX,1084,B,65,LYS,H,4,11,6,0,6,17,8,0,7,25,11,0,13,42,12,0,19,52,15,0
2KIX,1085,B,65,LYS,H,1,2,2,0,3,9,5,0,3,12,6,0,6,18,7,0,9,34,12,0
2KIX,1086,B,65,LYS,H,1,1,4,0,3,10,5,0,4,15,6,0,6,21,8,0,7,28,11,0
2KIX,1087,B,65,LYS,HN,1,0,0,0,2,4,3,0,3,13,6,0,4,16,8,0,7,27,9,0
2KIX,1088,B,65,LYS,HN,1,0,1,0,3,6,4,0,3,15,7,0,6,24,9,0,10,36,13,0
2KIX,1089,B,65,LYS,HN,2,5,1,0,3,11,6,0,5,17,8,0,9,31,10,0,13,45,14,0
2KIX,1090,B,66,ARG,N,5,16,5,0,6,21,7,0,7,24,8,0,9,30,10,0,16,43,13,0
2KIX,1091,B,66,ARG,CA,3,13,5,0,6,15,5,0,7,21,7,0,10,30,9,0,15,38,12,0
2KIX,1092,B,66,ARG,C,1,8,2,0,4,13,5,0,7,18,5,0,9,23,7,0,12,33,11,0
2KIX,1093,B,66,ARG,O,1,7,3,0,2,11,5,0,5,15,5,0,7,20,5,0,10,27,8,0
2KIX,1094,B,66,ARG,HN,6,18,6,0,7,23,8,0,8,28,9,0,12,38,12,0,18,46,14,0
2KIX,1095,B,66,ARG,H,3,13,4,0,7,17,7,0,8,26,7,0,12,33,9,0,19,40,15,0
2KIX,1096,B,66,ARG,C,3,9,4,0,3,12,5,0,7,19,5,0,10,28,8,0,16,37,12,0
2KIX,1097,B,66,ARG,C,3,12,4,0,4,16,5,0,8,24,8,0,15,32,11,0,17,48,13,0
2KIX,1098,B,66,ARG,C,5,7,3,0,5,15,5,0,9,21,7,0,11,28,10,0,17,41,14,0
2KIX,1099,B,66,ARG,N,5,12,4,0,8,20,6,0,11,28,10,0,12,36,13,0,21,45,17,0
2KIX,1100,B,66,ARG,C,6,15,5,0,7,21,9,0,12,30,11,0,13,40,14,0,20,47,18,0
2KIX,1101,B,66,ARG,N,4,12,5,0,7,20,6,0,9,26,10,0,14,36,11,0,16,45,15,0
2KIX,1102,B,66,ARG,N,6,18,7,0,11,25,8,0,13,32,14,0,17,46,17,0,21,55,19,0
2KIX,1103,B,66,ARG,H,2,8,4,0,3,11,5,0,6,19,5,0,9,24,6,0,13,33,10,0
2KIX,1104,B,66,ARG,H,1,5,3,0,4,12,3,0,7,16,5,0,11,25,8,0,15,34,10,0
2KIX,1105,B,66,ARG,H,3,13,3,0,4,17,5,0,11,23,10,0,14,36,12,0,21,50,16,0
2KIX,1106,B,66,ARG,H,4,15,5,0,4,19,6,0,9,24,10,0,14,32,11,0,20,50,14,0
2KIX,1107,B,66,ARG,H,4,7,3,0,6,12,4,0,6,18,7,0,10,26,9,0,14,35,12,0
2KIX,1108,B,66,ARG,H,3,6,3,0,5,13,4,0,7,18,6,0,12,29,9,0,17,38,14,0
2KIX,1109,B,66,ARG,HN,6,11,5,0,8,19,6,0,11,29,11,0,13,36,13,0,21,46,19,0
2KIX,1110,B,66,ARG,HN,3,12,4,0,5,19,6,0,9,25,8,0,10,31,10,0,17,41,13,0
2KIX,1111,B,66,ARG,HN,4,10,5,0,7,19,7,0,10,27,10,0,13,34,12,0,16,44,16,0
2KIX,1112,B,66,ARG,HN,8,17,6,0,11,27,10,0,15,32,16,0,18,46,18,0,23,57,20,0
2KIX,1113,B,66,ARG,HN,6,16,5,0,9,24,9,0,13,34,15,0,18,49,17,0,22,57,19,0
2KIX,1114,B,66,ARG,O,2,7,2,0,3,13,2,0,9,20,7,0,10,24,9,0,13,33,11,0
2KIX,1115,C,67,MET,N,7,22,5,0,9,28,6,0,11,35,9,0,11,46,12,0,12,56,12,0
2KIX,1116,C,67,MET,CA,4,21,4,0,7,25,5,0,11,36,9,0,11,46,12,0,11,51,12,0
2KIX,1117,C,67,MET,C,4,20,3,0,7,27,7,0,9,34,9,0,11,44,9,0,11,47,12,0
2KIX,1118,C,67,MET,O,3,17,2,0,5,22,5,0,8,29,6,0,9,34,9,0,11,43,9,0
2KIX,1119,C,67,MET,H,5,20,5,0,7,25,5,0,11,34,7,0,11,41,12,0,11,51,12,0
2KIX,1120,C,67,MET,H,8,24,6,0,11,33,7,0,11,43,11,0,12,54,12,0,13,64,13,0
2KIX,1121,C,67,MET,H,5,20,4,0,9,26,5,0,9,33,8,0,11,43,10,0,13,57,13,0
2KIX,1122,C,67,MET,H,5,21,4,0,10,29,7,0,11,41,10,0,11,48,12,0,12,53,13,0
2KIX,1123,C,67,MET,C,2,14,2,0,3,19,4,0,8,24,5,0,10,36,9,0,11,43,12,0
2KIX,1124,C,67,MET,C,2,9,3,0,2,17,3,0,6,23,5,0,9,33,6,0,11,41,10,0
2KIX,1125,C,67,MET,S,1,4,0,0,1,9,0,0,2,16,3,0,5,21,4,0,8,28,6,0
2KIX,1126,C,67,MET,C,0,4,0,0,1,8,0,0,2,13,1,0,4,20,4,0,5,27,5,0
2KIX,1127,C,67,MET,H,2,11,1,0,3,19,2,0,5,24,5,0,8,27,6,0,11,40,10,0
2KIX,1128,C,67,MET,H,2,8,1,0,3,18,4,0,5,22,4,0,9,31,7,0,11,40,10,0
2KIX,1129,C,67,MET,H,2,11,3,0,5,19,4,0,7,25,5,0,10,36,9,0,12,43,11,0
2KIX,1130,C,67,MET,H,2,13,2,0,4,20,3,0,8,27,6,0,9,36,9,0,13,46,11,0
2KIX,1131,C,67,MET,H,0,6,0,0,0,10,0,0,4,14,3,0,5,21,4,0,7,33,6,0
2KIX,1132,C,67,MET,H,0,5,0,0,1,9,1,0,3,16,4,0,5,20,4,0,7,29,6,0
2KIX,1133,C,67,MET,H,0,0,0,0,0,4,0,0,1,8,0,0,2,13,1,0,4,22,4,0
2KIX,1134,C,68,LEU,N,8,25,6,1,8,30,9,1,10,39,9,1,11,45,10,1,11,50,12,1
2KIX,1135,C,68,LEU,CA,6,24,5,0,8,29,9,1,8,33,9,1,10,43,9,1,11,47,10,1
2KIX,1136,C,68,LEU,C,6,26,6,0,7,31,8,0,8,34,9,1,10,40,9,1,11,49,10,1
2KIX,1137,C,68,LEU,O,7,26,6,0,7,28,8,0,8,34,9,1,10,38,9,1,11,49,10,1
2KIX,1138,C,68,LEU,HN,8,28,9,1,10,39,9,1,11,44,10,1,11,50,12,1,12,56,12,1
2KIX,1139,C,68,LEU,H,5,18,4,0,7,24,5,1,8,30,9,1,8,34,9,1,10,42,9,1
2KIX,1140,C,68,LEU,C,7,21,7,0,8,30,8,0,9,35,9,1,10,43,9,1,11,48,10,1
2KIX,1141,C,68,LEU,C,7,14,4,0,7,24,7,0,7,33,8,0,8,36,9,1,10,42,9,1
2KIX,1142,C,68,LEU,C,3,10,4,0,5,13,4,0,7,23,6,0,7,30,8,1,8,35,9,1
2KIX,1143,C,68,LEU,C,6,17,5,0,7,21,7,0,7,29,8,0,9,37,8,0,10,46,9,0
2KIX,1144,C,68,LEU,H,6,21,6,0,8,30,7,0,10,34,9,1,10,47,9,1,11,52,11,1
2KIX,1145,C,68,LEU,H,8,27,8,0,8,34,9,0,10,42,9,0,10,47,10,1,11,54,11,1
2KIX,1146,C,68,LEU,H,6,12,4,0,7,24,4,0,7,29,8,0,8,34,8,0,9,40,9,2
2KIX,1147,C,68,LEU,H,1,6,3,0,4,11,4,0,7,15,5,0,7,25,6,0,7,34,8,1
2KIX,1148,C,68,LEU,H,3,10,3,0,5,13,5,0,7,21,6,0,7,31,7,1,8,35,9,1
2KIX,1149,C,68,LEU,H,2,10,4,0,5,13,4,0,7,21,6,0,7,29,7,1,8,34,9,1
2KIX,1150,C,68,LEU,H,5,17,5,0,7,21,7,0,7,29,8,0,9,37,9,0,10,48,9,1
2KIX,1151,C,68,LEU,H,3,12,3,0,7,17,5,0,7,23,7,0,7,30,8,0,8,39,8,1
2KIX,1152,C,68,LEU,H,6,19,6,0,7,26,8,0,8,31,8,0,9,41,9,0,12,49,9,1
2KIX,1153,C,69,GLU,N,6,25,4,0,7,30,5,0,8,36,7,0,9,42,7,1,11,48,9,2
2KIX,1154,C,69,GLU,CA,5,24,4,0,7,28,5,0,7,35,6,0,9,42,8,1,12,49,9,2
2KIX,1155,C,69,GLU,C,6,26,5,0,7,31,6,0,8,39,8,0,11,50,9,1,13,58,9,2
2KIX,1156,C,69,GLU,O,7,30,6,0,8,37,7,0,10,47,8,0,12,56,9,1,14,63,11,2
2KIX,1157,C,69,GLU,HN,6,25,4,0,8,30,5,0,8,33,7,0,9,41,7,1,12,46,8,2
2KIX,1158,C,69,GLU,H,5,19,3,0,6,24,4,0,7,30,5,0,7,35,6,1,11,44,8,2
2KIX,1159,C,69,GLU,C,5,18,2,0,5,25,4,1,8,31,5,1,10,40,8,1,11,48,8,1
2KIX,1160,C,69,GLU,C,4,16,1,0,5,21,3,1,6,28,4,1,10,35,7,1,11,41,8,1
2KIX,1161,C,69,GLU,C,3,8,1,0,4,16,2,0,5,25,3,1,7,32,5,1,9,36,6,1
2KIX,1162,C,69,GLU,O,2,9,1,0,3,14,2,0,5,21,3,1,6,29,4,1,9,34,5,1
2KIX,1163,C,69,GLU,O,2,7,1,0,4,11,2,0,5,22,2,0,7,30,4,1,8,35,6,1
2KIX,1164,C,69,GLU,H,5,21,3,0,6,26,3,1,8,38,6,1,11,45,8,1,12,53,8,1
2KIX,1165,C,69,GLU,H,4,14,2,0,5,21,2,1,7,28,5,1,9,37,6,1,11,44,8,1
2KIX,1166,C,69,GLU,H,4,18,1,0,5,25,4,0,7,31,6,1,10,36,6,1,11,43,8,1
2KIX,1167,C,69,GLU,H,3,14,1,1,4,19,2,1,6,25,4,1,7,35,5,1,10,40,7,1
2KIX,1168,C,70,PRO,N,6,23,5,0,6,30,9,0,9,40,9,1,10,51,11,1,14,68,12,1
2KIX,1169,C,70,PRO,CA,6,24,4,0,8,33,8,0,9,47,11,0,13,63,12,1,17,77,15,1
2KIX,1170,C,70,PRO,C,7,29,6,0,8,41,8,0,11,53,12,0,16,69,14,1,17,90,17,1
2KIX,1171,C,70,PRO,O,6,29,7,0,10,44,8,0,15,59,11,0,16,77,16,0,21,91,21,1
2KIX,1172,C,70,PRO,H,6,23,5,0,7,35,8,0,10,45,10,0,13,65,12,0,17,76,16,1
2KIX,1173,C,70,PRO,C,5,15,4,0,6,30,5,0,9,49,9,1,11,62,12,1,17,72,14,1
2KIX,1174,C,70,PRO,C,2,10,3,0,5,19,5,0,7,33,6,1,10,51,10,1,11,62,13,1
2KIX,1175,C,70,PRO,C,4,12,4,0,6,23,6,0,7,33,7,1,10,44,9,1,11,59,11,1
2KIX,1176,C,70,PRO,H,5,14,4,0,7,29,5,1,10,51,10,1,12,62,12,1,17,71,17,1
2KIX,1177,C,70,PRO,H,5,17,3,0,7,38,5,0,9,47,11,1,13,61,12,1,19,74,17,1
2KIX,1178,C,70,PRO,H,2,7,2,0,2,13,4,1,6,29,6,1,9,47,6,1,10,59,12,1
2KIX,1179,C,70,PRO,H,2,9,2,0,5,21,5,0,6,33,7,0,8,47,9,1,12,59,12,1
2KIX,1180,C,70,PRO,H,3,11,4,0,5,17,6,1,8,31,6,1,8,42,9,1,11,57,9,1
2KIX,1181,C,70,PRO,H,2,10,4,0,6,19,4,0,6,29,7,1,8,38,9,1,10,51,9,1
2KIX,1182,C,71,PHE,N,8,29,5,0,8,36,10,0,13,45,12,1,15,63,14,1,19,83,16,1
2KIX,1183,C,71,PHE,CA,7,31,7,0,10,37,8,0,14,48,11,0,15,67,14,1,19,92,17,1
2KIX,1184,C,71,PHE,C,9,33,7,0,10,43,8,0,12,52,13,0,15,69,14,0,18,84,17,1
2KIX,1185,C,71,PHE,O,8,28,7,0,11,44,8,0,13,59,11,0,17,77,14,0,18,95,21,0
2KIX,1186,C,71,PHE,HN,7,24,7,0,8,35,9,0,11,41,11,1,13,53,13,1,16,73,14,1
2KIX,1187,C,71,PHE,H,7,26,5,0,9,35,9,0,13,52,11,0,18,78,16,1,23,101,19,1
2KIX,1188,C,71,PHE,C,7,23,5,0,10,35,8,0,11,47,10,1,15,63,15,1,17,80,15,1
2KIX,1189,C,71,PHE,C,7,16,4,0,8,36,5,0,11,49,9,0,16,63,14,1,17,84,16,1
2KIX,1190,C,71,PHE,C,3,14,3,0,9,32,6,0,12,52,9,0,15,69,14,1,20,95,17,1
2KIX,1191,C,71,PHE,C,4,12,4,0,8,33,4,0,10,45,9,0,12,61,11,0,18,75,16,1
2KIX,1192,C,71,PHE,C,2,13,2,0,5,29,5,0,10,45,9,0,14,66,12,0,18,95,16,1
2KIX,1193,C,71,PHE,C,2,14,2,0,4,21,4,0,9,42,4,0,12,63,10,0,17,81,14,0
2KIX,1194,C,71,PHE,C,2,14,1,0,4,26,3,0,6,39,5,0,13,63,9,0,18,93,14,0
2KIX,1195,C,71,PHE,H,6,16,3,0,8,33,8,1,11,48,9,1,15,63,14,1,17,78,18,1
2KIX,1196,C,71,PHE,H,7,23,6,0,9,29,8,0,11,42,9,1,12,54,11,1,16,70,15,1
2KIX,1197,C,71,PHE,H,3,14,2,0,10,33,8,0,13,52,10,0,17,81,13,1,22,97,20,1
2KIX,1198,C,71,PHE,H,5,17,4,0,8,30,6,0,11,45,8,0,12,55,12,0,14,70,13,1
2KIX,1199,C,71,PHE,H,2,12,1,0,5,31,4,0,10,49,8,0,15,69,11,0,20,98,19,1
2KIX,1200,C,71,PHE,H,2,14,2,0,4,21,2,0,7,34,5,0,13,60,9,0,15,83,12,0
2KIX,1201,C,71,PHE,H,1,17,1,0,3,25,1,0,5,37,5,0,12,55,9,0,16,87,15,1
2KIX,1202,C,72,GLN,N,9,38,6,0,9,48,9,0,10,55,10,0,12,65,12,0,16,76,13,1
2KIX,1203,C,72,GLN,CA,9,39,7,0,10,50,8,0,10,59,11,0,12,68,11,0,14,78,15,1
2KIX,1204,C,72,GLN,C,10,39,8,0,10,52,9,0,12,59,9,1,12,72,12,1,13,81,14,1
2KIX,1205,C,72,GLN,O,8,38,8,0,12,51,9,0,12,63,10,1,13,77,11,1,14,86,16,1
2KIX,1206,C,72,GLN,HN,8,37,6,0,9,43,9,0,9,49,10,0,11,57,11,0,13,69,13,2
2KIX,1207,C,72,GLN,H,8,36,6,0,10,50,7,0,11,63,9,0,13,71,12,0,15,85,16,1
2KIX,1208,C,72,GLN,C,9,34,6,0,9,44,9,0,10,54,10,0,10,62,11,1,13,72,12,1
2KIX,1209,C,72,GLN,C,8,27,5,0,8,42,7,0,11,54,9,0,11,67,13,1,14,77,13,1
2KIX,1210,C,72,GLN,C,5,25,1,0,9,38,4,0,10,56,10,0,12,66,12,0,17,82,14,1
2KIX,1211,C,72,GLN,O,5,31,2,0,8,43,6,0,11,58,10,0,17,70,12,0,18,95,15,1
2KIX,1212,C,72,GLN,N,4,18,1,0,6,35,1,0,9,46,8,0,11,63,11,0,15,72,14,1
2KIX,1213,C,72,GLN,H,7,29,5,0,9,41,7,0,9,51,10,0,11,59,10,0,11,70,12,1
2KIX,1214,C,72,GLN,H,9,32,6,0,9,43,8,0,10,49,10,1,10,58,11,1,11,64,11,1
2KIX,1215,C,72,GLN,H,5,19,4,0,8,34,5,0,9,49,8,1,11,59,12,1,11,70,13,1
2KIX,1216,C,72,GLN,H,6,34,5,0,9,43,8,0,10,55,9,1,13,69,12,1,14,84,14,1
2KIX,1217,C,72,GLN,HN,3,15,0,0,5,27,2,0,9,44,6,0,11,59,10,0,13,67,13,1
2KIX,1218,C,72,GLN,HN,1,18,0,0,5,31,3,0,8,46,4,0,12,57,9,0,17,78,14,0
2KIX,1219,C,73,ILE,N,11,39,9,0,11,48,10,0,12,55,12,1,13,64,13,1,14,78,15,1
2KIX,1220,C,73,ILE,CA,10,35,9,0,12,45,10,1,13,55,11,1,13,67,13,1,14,80,15,1
2KIX,1221,C,73,ILE,C,10,31,9,0,12,46,11,0,14,60,11,1,15,78,13,1,16,90,17,1
2KIX,1222,C,73,ILE,O,9,30,8,0,12,43,10,0,14,56,12,1,16,76,13,1,17,95,17,1
2KIX,1223,C,73,ILE,HN,10,39,8,0,11,50,11,0,12,51,12,1,12,60,12,1,14,72,15,1
2KIX,1224,C,73,ILE,H,10,31,10,1,12,39,10,1,13,53,11,1,14,67,12,1,14,77,14,1
2KIX,1225,C,73,ILE,C,10,32,7,0,10,42,8,1,12,51,11,1,12,58,13,1,13,70,13,1
2KIX,1226,C,73,ILE,C,9,26,7,1,10,36,8,1,11,46,11,1,13,57,12,1,14,65,13,1
2KIX,1227,C,73,ILE,C,10,26,7,0,10,43,7,0,11,53,11,1,12,62,13,1,14,69,15,1
2KIX,1228,C,73,ILE,C,5,16,5,1,10,30,6,1,10,39,8,1,11,51,11,1,12,57,13,1
2KIX,1229,C,73,ILE,H,9,28,6,0,10,44,9,1,11,48,12,1,12,54,12,1,13,61,13,1
2KIX,1230,C,73,ILE,H,7,24,7,0,11,38,10,1,11,46,10,1,13,57,11,1,15,70,13,1
2KIX,1231,C,73,ILE,H,7,22,5,1,10,32,8,1,11,42,11,1,13,52,11,1,14,65,13,1
2KIX,1232,C,73,ILE,H,7,21,6,0,10,34,8,0,10,48,8,1,11,57,12,1,12,64,15,1
2KIX,1233,C,73,ILE,H,9,27,6,0,11,44,7,0,11,53,11,0,12,63,14,1,16,74,18,1
2KIX,1234,C,73,ILE,H,9,28,6,0,10,47,8,0,11,56,11,0,12,64,14,1,16,72,15,1
2KIX,1235,C,73,ILE,H,5,16,4,0,8,26,6,1,10,37,7,1,11,51,9,1,11,58,13,1
2KIX,1236,C,73,ILE,H,5,13,4,1,8,26,5,1,10,36,7,1,10,48,10,1,12,53,13,1
2KIX,1237,C,73,ILE,H,3,7,3,1,6,21,5,1,10,33,8,1,11,43,9,1,11,56,12,1
2KIX,1238,C,74,LEU,N,10,32,9,0,12,47,10,0,14,61,12,0,16,78,16,0,21,95,18,1
2KIX,1239,C,74,LEU,CA,7,31,8,0,10,45,11,0,15,66,14,0,21,84,17,0,24,106,22,0
2KIX,1240,C,74,LEU,C,8,27,8,0,10,48,12,0,15,67,12,0,21,90,16,0,23,112,22,0
2KIX,1241,C,74,LEU,O,8,26,8,0,11,42,11,0,12,70,14,0,22,86,18,0,24,112,22,0
2KIX,1242,C,74,LEU,HN,11,35,8,0,11,51,9,0,14,62,12,0,16,77,15,0,20,91,20,1
2KIX,1243,C,74,LEU,H,8,31,8,0,10,42,12,0,13,60,14,0,20,84,15,0,25,103,21,0
2KIX,1244,C,74,LEU,C,9,34,7,0,10,49,10,0,15,64,16,0,22,82,19,0,26,112,22,0
2KIX,1245,C,74,LEU,C,10,32,9,0,14,47,12,0,17,64,17,0,20,95,21,0,26,115,24,0
2KIX,1246,C,74,LEU,C,8,31,8,0,14,47,13,0,19,68,15,0,21,89,20,0,23,104,24,0
2KIX,1247,C,74,LEU,C,10,24,8,0,13,46,11,0,16,66,18,0,21,96,20,0,26,119,24,0
2KIX,1248,C,74,LEU,H,9,34,6,0,10,49,11,0,16,63,16,0,20,77,19,0,24,105,22,0
2KIX,1249,C,74,LEU,H,8,30,7,0,11,49,10,0,16,68,16,0,20,88,19,0,25,108,22,0
2KIX,1250,C,74,LEU,H,8,31,9,0,15,44,13,0,18,63,16,0,20,85,22,0,27,113,25,0
2KIX,1251,C,74,LEU,H,8,30,8,0,13,52,13,0,17,69,16,0,21,88,18,0,24,107,22,0
2KIX,1252,C,74,LEU,H,8,28,7,0,12,42,12,0,18,60,15,0,21,87,18,0,23,97,24,0
2KIX,1253,C,74,LEU,H,7,26,8,0,11,45,12,0,19,68,16,0,22,87,21,0,23,107,23,0
2KIX,1254,C,74,LEU,H,7,27,7,0,12,45,12,0,16,64,16,0,21,88,20,0,26,121,24,0
2KIX,1255,C,74,LEU,H,10,26,8,0,11,48,10,0,17,71,19,0,20,92,20,0,26,118,21,0
2KIX,1256,C,74,LEU,H,6,24,8,0,13,37,10,0,18,68,18,0,20,90,23,0,25,119,23,0
2KIX,1257,C,75,SER,N,8,39,8,0,10,48,10,0,14,69,12,0,17,88,15,0,21,114,21,0
2KIX,1258,C,75,SER,CA,7,37,9,0,10,53,9,0,11,64,12,0,18,90,15,0,24,111,20,0
2KIX,1259,C,75,SER,C,8,37,8,0,10,49,10,0,13,69,12,0,16,84,15,0,22,109,21,0
2KIX,1260,C,75,SER,O,7,37,9,0,10,49,10,0,14,62,13,0,17,86,15,0,23,106,22,0
2KIX,1261,C,75,SER,HN,8,40,8,0,12,50,9,0,13,69,12,0,17,88,14,0,21,106,20,0
2KIX,1262,C,75,SER,H,7,31,8,0,8,49,9,0,13,67,14,0,18,91,15,0,24,114,21,0
2KIX,1263,C,75,SER,C,8,40,6,0,10,54,8,0,15,63,12,0,18,83,15,0,24,109,21,0
2KIX,1264,C,75,SER,OH,7,36,6,0,9,46,8,0,12,66,10,0,19,83,14,0,23,113,21,0
2KIX,1265,C,75,SER,H,9,39,6,0,11,54,8,0,14,66,12,0,18,81,16,0,19,102,17,1
2KIX,1266,C,75,SER,H,8,40,7,0,10,53,9,0,15,65,13,0,19,81,17,0,24,112,19,0
2KIX,1267,C,75,SER,HO,5,35,6,0,9,45,8,0,10,66,12,0,19,84,16,0,25,112,23,0
2KIX,1268,C,76,ILE,N,9,36,8,0,10,46,10,0,13,60,11,0,14,80,15,1,21,98,19,1
2KIX,1269,C,76,ILE,CA,8,33,9,0,10,46,9,0,13,54,11,1,14,67,14,1,18,87,18,1
2KIX,1270,C,76,ILE,C,8,31,7,0,10,42,10,0,11,55,10,0,14,67,13,1,16,83,18,1
2KIX,1271,C,76,ILE,O,8,29,8,0,9,39,8,0,11,52,11,0,13,66,13,0,16,81,15,1
2KIX,1272,C,76,ILE,HN,8,30,8,0,12,47,10,0,12,63,13,0,15,80,13,1,19,97,18,1
2KIX,1273,C,76,ILE,H,7,31,8,0,9,42,9,0,12,56,10,0,16,67,13,1,19,87,19,1
2KIX,1274,C,76,ILE,C,8,32,6,0,11,44,7,1,12,52,12,1,13,61,14,1,16,76,14,1
2KIX,1275,C,76,ILE,C,8,27,5,0,11,40,7,1,11,51,11,1,14,69,13,1,17,81,17,1
2KIX,1276,C,76,ILE,C,8,26,5,1,8,36,7,1,11,46,10,1,12,53,12,1,14,64,14,1
2KIX,1277,C,76,ILE,C,8,19,5,1,8,31,8,1,12,43,10,1,13,63,11,1,15,74,14,1
2KIX,1278,C,76,ILE,H,9,28,7,0,10,40,10,1,13,52,13,1,15,62,13,1,16,76,14,1
2KIX,1279,C,76,ILE,H,6,24,5,0,11,40,6,1,11,50,9,1,14,63,14,1,17,79,17,1
2KIX,1280,C,76,ILE,H,10,23,6,0,11,43,6,0,12,63,11,1,14,77,15,1,18,82,16,1
2KIX,1281,C,76,ILE,H,7,24,5,0,9,34,7,1,9,46,9,1,12,52,11,1,14,66,15,1
2KIX,1282,C,76,ILE,H,4,18,3,1,9,31,5,1,9,41,8,1,12,50,13,1,12,58,14,1
2KIX,1283,C,76,ILE,H,5,23,4,0,9,37,7,1,9,44,9,1,13,52,11,1,14,62,13,1
2KIX,1284,C,76,ILE,H,8,24,7,1,8,32,9,1,12,42,11,1,14,62,11,1,14,76,13,1
2KIX,1285,C,76,ILE,H,8,19,5,1,8,27,7,1,9,39,9,1,13,60,12,1,15,79,14,1
2KIX,1286,C,76,ILE,H,4,16,5,1,8,27,5,1,11,37,9,1,12,53,10,1,14,68,13,1
2KIX,1287,C,77,SER,N,8,34,7,0,9,41,9,0,11,59,11,0,14,73,14,1,20,98,19,1
2KIX,1288,C,77,SER,CA,7,29,7,0,9,44,8,0,9,55,12,0,15,79,15,0,19,99,18,1
2KIX,1289,C,77,SER,C,8,33,7,0,8,42,9,0,12,61,13,0,16,83,15,0,20,105,19,0
2KIX,1290,C,77,SER,O,7,31,8,0,9,45,9,0,13,63,12,0,17,87,14,0,20,99,21,0
2KIX,1291,C,77,SER,HN,7,32,7,0,10,43,10,0,12,58,12,0,16,76,15,1,20,97,19,1
2KIX,1292,C,77,SER,H,7,26,7,0,8,39,8,0,9,52,9,0,13,74,14,1,18,93,17,1
2KIX,1293,C,77,SER,C,7,30,5,0,8,44,7,0,11,60,13,0,15,78,15,0,20,94,20,1
2KIX,1294,C,77,SER,OH,7,25,5,0,8,37,7,0,9,53,9,0,16,73,15,1,18,87,19,1
2KIX,1295,C,77,SER,H,7,30,7,0,9,46,10,0,14,60,13,0,18,77,16,0,22,104,22,1
2KIX,1296,C,77,SER,H,7,28,5,0,8,49,8,0,12,61,13,0,14,75,16,0,25,96,20,0
2KIX,1297,C,77,SER,HO,3,19,3,0,8,31,5,0,9,51,8,0,12,71,14,1,19,81,17,1
2KIX,1298,C,78,SER,N,8,32,7,0,8,45,10,0,13,62,14,0,15,80,18,0,24,112,20,0
2KIX,1299,C,78,SER,CA,7,32,9,0,10,45,10,0,12,61,14,0,19,86,18,0,26,122,26,0
2KIX,1300,C,78,SER,C,8,32,7,0,9,48,9,0,13,60,13,0,16,85,18,0,25,107,23,0
2KIX,1301,C,78,SER,O,7,31,8,0,10,45,8,0,15,63,13,0,19,90,18,0,27,111,24,0
2KIX,1302,C,78,SER,HN,7,31,7,0,9,50,11,0,13,63,16,0,18,83,16,0,22,110,23,0
2KIX,1303,C,78,SER,H,8,29,9,0,12,45,11,0,15,66,13,0,21,96,17,0,26,122,26,0
2KIX,1304,C,78,SER,C,8,32,7,0,10,45,9,0,13,61,15,0,19,88,22,0,27,129,26,0
2KIX,1305,C,78,SER,OH,7,28,6,0,9,41,7,0,14,56,16,0,19,89,22,0,32,126,28,0
2KIX,1306,C,78,SER,H,10,26,6,0,12,41,11,0,15,64,18,0,20,92,22,0,27,130,24,0
2KIX,1307,C,78,SER,H,8,27,7,0,8,45,9,0,13,66,15,0,17,91,20,0,28,116,26,0
2KIX,1308,C,78,SER,HO,7,27,6,0,8,43,9,0,14,61,15,0,20,88,21,0,31,122,29,0
2KIX,1309,C,79,PHE,N,8,31,8,0,9,42,11,0,11,53,11,0,15,72,17,0,23,95,23,0
2KIX,1310,C,79,PHE,CA,7,30,7,0,9,40,10,0,10,52,13,0,15,68,16,0,21,88,22,0
2KIX,1311,C,79,PHE,C,8,27,7,0,9,37,9,0,11,49,11,0,13,66,14,0,20,85,18,0
2KIX,1312,C,79,PHE,O,7,26,8,0,10,35,8,0,11,55,12,0,15,69,14,0,19,85,18,0
2KIX,1313,C,79,PHE,HN,8,32,8,0,9,41,10,0,10,55,13,0,15,70,14,0,22,95,23,0
2KIX,1314,C,79,PHE,H,7,28,9,0,10,44,10,0,14,54,14,0,19,70,16,0,23,94,23,0
2KIX,1315,C,79,PHE,C,8,28,7,0,8,37,9,0,13,47,13,0,15,68,17,0,22,87,20,0
2KIX,1316,C,79,PHE,C,7,27,6,0,8,33,7,0,13,44,13,0,13,62,17,0,21,85,21,0
2KIX,1317,C,79,PHE,C,6,21,5,0,7,32,6,0,9,37,10,0,13,47,14,0,16,73,17,0
2KIX,1318,C,79,PHE,C,6,19,5,0,11,35,8,0,14,50,14,0,16,70,21,0,22,86,21,0
2KIX,1319,C,79,PHE,C,2,12,3,0,5,25,4,0,9,34,9,0,12,47,12,0,16,65,17,0
2KIX,1320,C,79,PHE,C,3,13,4,0,7,29,7,0,13,45,11,0,15,64,17,0,21,82,21,0
2KIX,1321,C,79,PHE,C,2,10,0,0,4,23,6,0,10,36,8,0,13,48,13,0,19,70,17,0
2KIX,1322,C,79,PHE,H,7,26,6,0,11,39,10,0,13,55,15,0,17,72,18,0,23,90,22,0
2KIX,1323,C,79,PHE,H,7,28,7,0,8,37,9,0,11,43,12,0,15,63,14,0,19,83,18,0
2KIX,1324,C,79,PHE,H,7,22,5,0,8,31,5,0,9,36,11,0,10,42,12,0,16,66,16,0
2KIX,1325,C,79,PHE,H,8,22,6,0,12,41,10,0,15,59,16,0,19,72,20,0,21,91,21,0
2KIX,1326,C,79,PHE,H,2,8,2,0,4,20,4,0,7,28,7,0,9,42,10,0,13,53,13,0
2KIX,1327,C,79,PHE,H,5,16,3,0,8,27,6,0,10,39,13,0,19,66,16,0,20,87,20,0
2KIX,1328,C,79,PHE,H,1,4,0,0,3,17,2,0,6,28,8,0,11,39,11,0,15,69,16,0
2KIX,1329,C,80,ILE,N,8,30,8,0,8,39,9,0,10,48,10,0,12,58,13,0,16,83,15,0
2KIX,1330,C,80,ILE,CA,7,30,7,0,9,37,8,0,9,45,11,0,11,60,11,0,15,78,15,0
2KIX,1331,C,80,ILE,C,8,30,7,0,9,40,9,0,11,51,10,0,13,68,13,0,20,91,16,0
2KIX,1332,C,80,ILE,O,8,29,8,0,9,39,8,0,12,53,10,0,15,70,13,0,19,92,17,0
2KIX,1333,C,80,ILE,HN,7,31,8,0,9,42,9,0,11,46,10,0,12,60,12,0,16,84,17,0
2KIX,1334,C,80,ILE,H,7,27,7,0,9,35,8,0,10,42,10,0,11,56,11,0,13,72,13,0
2KIX,1335,C,80,ILE,C,7,23,5,0,8,39,6,0,9,44,10,0,10,55,11,0,13,71,13,0
2KIX,1336,C,80,ILE,C,6,21,5,0,8,28,7,0,8,41,8,0,11,55,11,0,13,66,12,1
2KIX,1337,C,80,ILE,C,7,21,5,0,7,35,5,0,9,41,9,0,9,49,11,0,13,60,12,0
2KIX,1338,C,80,ILE,C,5,15,4,0,5,21,7,0,9,37,8,1,12,55,9,1,13,68,11,1
2KIX,1339,C,80,ILE,H,8,23,6,0,8,37,8,0,10,50,10,0,11,61,13,0,16,78,13,0
2KIX,1340,C,80,ILE,H,4,16,3,0,8,26,5,0,8,36,7,0,10,48,10,0,12,56,12,1
2KIX,1341,C,80,ILE,H,6,24,6,0,7,31,7,0,10,44,9,0,12,54,11,0,13,70,12,1
2KIX,1342,C,80,ILE,H,3,12,3,0,7,28,5,0,9,37,6,0,9,47,11,0,9,58,12,0
2KIX,1343,C,80,ILE,H,4,17,4,0,7,28,6,0,8,40,8,0,9,47,9,0,11,56,11,0
2KIX,1344,C,80,ILE,H,5,23,5,0,8,35,8,0,8,46,8,0,11,52,10,0,15,68,14,0
2KIX,1345,C,80,ILE,H,3,8,2,0,5,19,5,0,7,32,7,0,10,52,9,1,13,62,10,1
2KIX,1346,C,80,ILE,H,5,18,6,0,5,28,7,0,8,39,9,1,12,60,9,1,12,73,11,1
2KIX,1347,C,80,ILE,H,5,15,3,0,5,23,5,0,8,34,8,1,12,46,8,1,12,63,9,1
2KIX,1348,C,81,LEU,N,8,32,7,0,9,40,10,0,13,56,11,0,18,73,15,0,24,97,19,0
2KIX,1349,C,81,LEU,CA,8,33,8,0,13,46,9,0,15,64,14,0,22,81,17,0,27,103,20,0
2KIX,1350,C,81,LEU,C,10,31,7,0,12,44,10,0,17,65,12,0,20,87,17,0,25,112,22,0
2KIX,1351,C,81,LEU,O,10,34,8,0,15,50,8,0,17,75,12,0,20,90,18,0,27,114,24,0
2KIX,1352,C,81,LEU,HN,8,31,8,0,9,44,10,0,13,55,12,0,18,75,13,0,22,98,20,0
2KIX,1353,C,81,LEU,H,8,32,7,0,12,44,10,0,15,63,12,0,21,82,16,0,26,101,20,0
2KIX,1354,C,81,LEU,C,9,36,7,0,13,50,12,0,17,64,17,0,22,87,20,0,30,112,21,0
2KIX,1355,C,81,LEU,C,11,37,8,0,16,53,11,0,22,68,17,0,24,90,21,0,32,115,24,0
2KIX,1356,C,81,LEU,C,10,30,8,0,14,51,13,0,22,70,17,0,27,98,21,0,32,128,25,0
2KIX,1357,C,81,LEU,C,10,38,8,0,19,54,13,0,21,70,14,0,28,95,19,0,31,127,26,0
2KIX,1358,C,81,LEU,H,11,30,6,0,12,44,9,0,16,61,18,0,23,84,19,0,28,109,21,0
2KIX,1359,C,81,LEU,H,9,29,7,0,14,47,11,0,17,66,18,0,24,92,19,0,30,118,24,0
2KIX,1360,C,81,LEU,H,10,37,6,0,15,50,11,0,21,66,15,0,23,81,20,0,28,107,23,0
2KIX,1361,C,81,LEU,H,9,29,9,0,14,46,14,0,19,70,16,0,24,98,20,0,32,119,25,0
2KIX,1362,C,81,LEU,H,9,29,8,0,13,49,12,0,21,76,16,0,29,99,21,0,31,126,24,0
2KIX,1363,C,81,LEU,H,9,27,7,0,15,51,14,0,23,71,16,0,29,97,21,0,33,133,26,0
2KIX,1364,C,81,LEU,H,11,38,7,0,17,56,13,0,22,73,16,0,28,100,20,0,34,130,24,0
2KIX,1365,C,81,LEU,H,11,35,10,0,14,55,11,0,23,68,13,0,26,91,18,0,30,125,26,0
2KIX,1366,C,81,LEU,H,11,36,9,0,17,51,12,0,22,73,15,0,29,98,20,0,33,135,26,0
2KIX,1367,C,82,SER,N,9,37,8,0,10,47,10,0,14,66,13,0,21,87,18,0,27,117,22,0
2KIX,1368,C,82,SER,CA,8,34,8,0,12,49,10,0,15,65,14,0,21,88,18,0,27,125,23,0
2KIX,1369,C,82,SER,C,9,33,7,0,11,54,10,0,17,66,12,0,19,87,17,0,26,117,19,0
2KIX,1370,C,82,SER,O,10,35,8,0,12,49,8,0,16,71,12,0,21,97,16,0,28,115,22,0
2KIX,1371,C,82,SER,HN,7,35,8,0,11,48,10,0,14,64,13,0,20,83,18,0,26,110,21,0
2KIX,1372,C,82,SER,H,10,32,7,0,14,46,10,0,17,65,13,0,24,103,18,0,33,131,25,0
2KIX,1373,C,82,SER,C,9,37,7,0,11,49,12,0,17,63,14,0,22,89,20,0,28,115,24,0
2KIX,1374,C,82,SER,OH,8,32,7,0,12,45,12,0,16,66,15,0,23,92,22,0,29,120,25,0
2KIX,1375,C,82,SER,H,9,32,9,0,11,51,11,0,16,64,15,0,22,85,20,0,26,104,21,0
2KIX,1376,C,82,SER,H,10,38,7,0,13,50,11,0,17,68,17,0,21,91,20,0,29,110,22,0
2KIX,1377,C,82,SER,HO,6,30,10,0,10,44,11,0,17,66,14,0,22,83,21,0,27,116,24,0
2KIX,1378,C,83,ALA,N,9,40,7,0,9,49,9,0,12,64,11,0,19,75,14,0,23,100,17,0
2KIX,1379,C,83,ALA,CA,7,35,8,0,10,51,8,0,11,58,11,0,15,69,12,0,20,90,16,0
2KIX,1380,C,83,ALA,C,9,33,7,0,10,46,9,0,13,62,10,0,16,75,12,0,19,97,14,0
2KIX,1381,C,83,ALA,O,9,31,8,0,10,43,8,0,13,58,10,0,16,77,11,0,20,93,14,0
2KIX,1382,C,83,ALA,HN,7,35,7,0,10,50,9,0,12,59,12,0,17,77,13,0,21,94,17,0
2KIX,1383,C,83,ALA,H,7,31,7,0,9,46,8,0,11,60,10,0,15,69,12,0,20,93,18,0
2KIX,1384,C,83,ALA,C,7,32,5,0,8,42,6,0,10,53,10,0,11,61,12,0,16,77,13,0
2KIX,1385,C,83,ALA,H,6,28,4,0,8,38,6,0,8,50,10,0,12,61,12,0,17,79,14,0
2KIX,1386,C,83,ALA,H,7,25,5,0,8,40,6,0,9,47,9,0,11,55,11,0,13,69,12,0
2KIX,1387,C,83,ALA,H,7,28,6,0,8,42,8,0,10,52,10,0,12,65,12,0,16,77,13,0
2KIX,1388,C,84,LEU,N,8,31,7,0,11,40,9,0,14,59,10,0,17,73,12,0,21,91,14,0
2KIX,1389,C,84,LEU,CA,8,30,7,0,11,42,9,0,14,56,11,0,17,81,12,0,23,103,17,0
2KIX,1390,C,84,LEU,C,11,37,8,0,14,48,9,0,16,62,10,0,21,89,15,0,24,107,17,0
2KIX,1391,C,84,LEU,O,10,34,8,0,15,47,8,0,18,68,11,0,20,87,15,0,25,103,17,0
2KIX,1392,C,84,LEU,HN,7,29,7,0,10,46,9,0,14,58,11,0,17,76,11,0,19,91,16,0
2KIX,1393,C,84,LEU,H,8,26,7,0,10,36,8,0,14,52,10,0,17,73,11,0,21,99,16,0
2KIX,1394,C,84,LEU,C,8,29,6,0,11,42,8,0,14,55,12,0,19,81,16,0,24,97,16,0
2KIX,1395,C,84,LEU,C,8,26,5,0,10,47,6,0,17,63,14,0,20,77,15,0,27,94,18,0
2KIX,1396,C,84,LEU,C,5,22,4,0,10,38,7,0,14,57,10,0,20,75,12,0,26,84,16,0
2KIX,1397,C,84,LEU,C,4,24,4,0,10,39,7,0,15,58,12,0,20,75,18,0,27,93,21,0
2KIX,1398,C,84,LEU,H,8,23,5,0,9,39,8,0,12,51,10,0,17,66,13,0,21,92,16,0
2KIX,1399,C,84,LEU,H,10,27,8,0,12,47,8,0,17,62,13,0,19,85,16,0,25,99,17,0
2KIX,1400,C,84,LEU,H,10,31,5,0,16,56,11,0,19,67,13,0,22,83,16,0,30,105,21,0
2KIX,1401,C,84,LEU,H,4,15,2,0,9,36,8,0,13,56,11,0,21,71,13,0,26,90,18,0
2KIX,1402,C,84,LEU,H,3,14,3,0,7,27,5,0,10,45,8,0,15,63,12,0,22,78,15,0
2KIX,1403,C,84,LEU,H,6,18,5,0,9,37,8,0,15,55,9,0,20,74,11,0,23,91,17,0
2KIX,1404,C,84,LEU,H,3,19,2,0,5,32,5,0,13,48,9,0,16,67,12,0,25,85,19,0
2KIX,1405,C,84,LEU,H,4,27,3,0,10,37,6,0,16,57,12,0,23,74,18,0,27,96,21,0
2KIX,1406,C,84,LEU,H,6,26,3,0,12,42,10,0,16,58,12,0,24,85,15,0,30,99,22,0
2KIX,1407,C,85,HIS,N,11,40,7,0,11,55,10,0,13,69,12,0,19,90,16,0,26,120,18,0
2KIX,1408,C,85,HIS,CA,10,43,8,0,12,56,8,0,14,73,12,0,21,100,17,0,31,123,19,0
2KIX,1409,C,85,HIS,C,10,46,7,0,13,58,9,0,16,74,11,0,20,94,16,0,27,116,21,0
2KIX,1410,C,85,HIS,O,10,43,8,0,14,58,8,0,16,82,10,0,20,100,18,0,30,116,24,0
2KIX,1411,C,85,HIS,HN,11,36,8,0,12,55,9,0,15,70,12,0,16,91,16,0,25,114,19,0
2KIX,1412,C,85,HIS,H,10,40,7,0,13,59,11,0,19,73,13,0,23,101,15,0,30,127,22,0
2KIX,1413,C,85,HIS,C,11,43,6,0,11,56,10,0,15,73,13,0,26,103,18,0,32,127,25,0
2KIX,1414,C,85,HIS,C,10,41,5,0,13,59,8,0,19,80,14,0,28,105,18,0,36,135,28,0
2KIX,1415,C,85,HIS,N,12,39,6,0,15,62,10,0,22,81,14,0,25,101,20,0,34,139,25,0
2KIX,1416,C,85,HIS,C,8,36,5,0,13,57,8,0,19,85,13,0,30,109,18,0,37,138,27,0
2KIX,1417,C,85,HIS,C,8,39,7,0,14,55,10,0,23,80,13,0,28,111,16,0,35,143,27,0
2KIX,1418,C,85,HIS,N,7,37,5,0,13,55,9,0,20,86,13,0,29,111,16,0,39,145,30,0
2KIX,1419,C,85,HIS,H,11,38,6,0,12,55,10,0,17,77,16,0,28,107,19,0,35,132,24,0
2KIX,1420,C,85,HIS,H,11,35,7,0,11,58,9,0,18,75,13,0,24,100,19,0,33,132,24,0
2KIX,1421,C,85,HIS,HN,9,34,6,0,17,60,8,0,20,77,18,0,25,103,20,0,35,135,23,0
2KIX,1422,C,85,HIS,H,6,34,6,0,14,59,9,0,22,81,12,0,31,105,19,0,35,145,30,0
2KIX,1423,C,85,HIS,H,7,38,5,0,15,53,11,0,23,85,15,0,28,109,18,0,33,143,26,0
2KIX,1424,C,85,HIS,HN,8,35,4,0,14,52,9,0,19,79,13,0,27,112,19,0,44,147,29,0
2KIX,1425,C,86,PHE,N,10,37,8,0,12,51,10,0,16,64,12,0,21,84,15,0,26,111,18,0
2KIX,1426,C,86,PHE,CA,9,35,8,0,12,47,8,0,15,63,12,0,20,85,16,0,25,100,18,0
2KIX,1427,C,86,PHE,C,10,33,7,0,13,46,9,0,15,59,10,0,17,77,13,0,23,95,16,0
2KIX,1428,C,86,PHE,O,11,34,8,0,13,45,8,0,15,62,10,0,19,79,13,0,22,95,18,0
2KIX,1429,C,86,PHE,HN,9,35,8,0,12,45,9,0,15,62,12,0,20,86,13,0,25,109,19,0
2KIX,1430,C,86,PHE,H,10,35,8,0,13,51,9,0,17,69,13,0,23,89,16,0,30,105,22,0
2KIX,1431,C,86,PHE,C,10,32,6,0,10,40,7,0,13,55,13,0,18,76,16,0,25,102,17,0
2KIX,1432,C,86,PHE,C,8,23,5,0,9,40,6,0,13,52,11,0,16,63,15,0,21,90,17,0
2KIX,1433,C,86,PHE,C,4,21,3,0,12,40,7,0,14,53,11,0,17,65,15,0,23,87,20,0
2KIX,1434,C,86,PHE,C,5,16,4,0,8,29,5,0,10,43,8,0,13,56,14,0,16,74,15,0
2KIX,1435,C,86,PHE,C,2,11,1,0,6,30,5,0,12,46,9,0,16,61,12,0,21,79,19,0
2KIX,1436,C,86,PHE,C,2,8,2,0,5,22,4,0,9,33,6,0,12,48,10,0,16,64,15,0
2KIX,1437,C,86,PHE,C,2,7,0,0,2,18,4,0,9,33,6,0,14,50,11,0,18,65,13,0
2KIX,1438,C,86,PHE,H,9,28,5,0,11,41,11,0,15,59,14,0,22,85,16,0,28,107,21,0
2KIX,1439,C,86,PHE,H,8,26,6,0,10,37,8,0,12,49,11,0,16,73,14,0,24,95,17,0
2KIX,1440,C,86,PHE,H,6,27,5,0,13,42,9,0,16,56,11,0,21,76,19,0,28,96,22,0
2KIX,1441,C,86,PHE,H,7,17,5,0,8,26,5,0,10,38,9,0,13,51,11,0,16,70,14,0
2KIX,1442,C,86,PHE,H,2,11,1,0,7,23,5,0,10,42,9,0,17,64,13,0,25,80,19,0
2KIX,1443,C,86,PHE,H,1,8,2,0,3,12,2,0,7,27,5,0,10,36,8,0,12,55,11,0
2KIX,1444,C,86,PHE,H,1,5,0,0,2,10,0,0,3,25,5,0,10,39,9,0,16,58,12,0
2KIX,1445,C,87,ILE,N,9,35,7,0,11,45,9,0,15,55,10,0,17,71,12,0,21,86,12,0
2KIX,1446,C,87,ILE,CA,7,31,7,0,10,41,8,0,13,52,11,0,16,62,11,0,19,81,13,0
2KIX,1447,C,87,ILE,C,9,31,7,0,13,47,9,0,15,58,10,0,18,72,12,0,22,87,14,0
2KIX,1448,C,87,ILE,O,9,27,8,0,12,42,8,0,17,57,10,0,20,73,12,0,21,85,17,0
2KIX,1449,C,87,ILE,HN,8,31,7,0,12,41,9,0,14,55,11,0,16,72,11,0,21,88,13,0
2KIX,1450,C,87,ILE,H,7,29,7,0,8,37,8,0,12,45,9,0,16,59,11,0,18,77,12,0
2KIX,1451,C,87,ILE,C,7,26,6,0,8,36,6,0,12,43,10,0,14,56,11,0,18,65,12,0
2KIX,1452,C,87,ILE,C,6,22,5,0,8,28,5,0,8,37,8,0,12,47,11,0,16,61,12,0
2KIX,1453,C,87,ILE,C,6,21,4,0,8,31,5,0,11,38,9,0,11,48,11,0,18,59,11,0
2KIX,1454,C,87,ILE,C,5,14,3,0,5,20,6,0,8,30,7,0,10,43,9,0,15,56,11,0
2KIX,1455,C,87,ILE,H,8,23,6,0,9,35,8,0,13,49,9,0,16,63,12,0,19,76,12,0
2KIX,1456,C,87,ILE,H,3,18,3,0,8,27,5,0,8,34,6,0,10,42,10,0,14,51,12,0
2KIX,1457,C,87,ILE,H,6,22,5,0,7,30,7,0,10,41,9,0,13,51,11,0,16,70,11,0
2KIX,1458,C,87,ILE,H,4,17,3,0,6,26,6,0,9,35,8,0,11,42,9,0,16,53,11,0
2KIX,1459,C,87,ILE,H,6,23,5,0,9,32,8,0,10,42,9,0,15,52,10,0,18,67,12,0
2KIX,1460,C,87,ILE,H,3,11,3,0,7,27,5,0,10,32,6,0,11,42,11,0,13,51,11,0
2KIX,1461,C,87,ILE,H,2,9,2,0,5,18,3,0,7,27,6,0,8,38,8,0,13,47,10,0
2KIX,1462,C,87,ILE,H,5,14,5,0,5,22,7,0,8,33,8,0,13,45,9,0,14,61,9,0
2KIX,1463,C,87,ILE,H,3,12,2,0,5,18,5,0,5,25,7,0,10,40,8,0,12,53,9,0
2KIX,1464,C,88,ALA,N,11,42,8,0,13,56,10,0,16,67,10,0,20,78,14,0,27,94,15,0
2KIX,1465,C,88,ALA,CA,12,44,8,0,14,55,9,0,17,66,13,0,24,85,15,0,28,101,20,0
2KIX,1466,C,88,ALA,C,13,48,8,0,15,59,10,0,20,73,13,0,24,90,17,0,31,110,20,0
2KIX,1467,C,88,ALA,O,13,43,9,0,18,56,9,0,20,75,15,0,26,92,19,0,31,111,22,0
2KIX,1468,C,88,ALA,HN,12,41,8,0,13,58,9,0,17,69,11,0,20,80,12,0,24,97,15,0
2KIX,1469,C,88,ALA,H,11,34,8,0,14,50,9,0,18,64,13,0,22,84,15,0,26,99,20,0
2KIX,1470,C,88,ALA,C,12,43,6,0,14,56,11,0,19,68,14,0,26,87,18,0,31,115,20,0
2KIX,1471,C,88,ALA,H,13,42,8,0,15,62,9,0,22,74,14,0,26,96,18,0,30,120,20,0
2KIX,1472,C,88,ALA,H,11,38,5,0,13,50,9,0,19,64,13,0,24,86,18,0,30,114,20,0
2KIX,1473,C,88,ALA,H,11,40,6,0,16,55,11,0,22,68,16,0,27,93,19,0,33,122,24,0
2KIX,1474,C,89,TRP,N,12,43,8,0,14,54,10,0,17,67,13,0,23,86,15,0,30,109,21,0
2KIX,1475,C,89,TRP,CA,12,36,8,0,14,49,10,0,19,66,13,0,25,91,17,0,31,116,22,0
2KIX,1476,C,89,TRP,C,10,31,8,0,15,51,10,0,20,65,12,0,22,81,17,0,29,100,21,0
2KIX,1477,C,89,TRP,O,11,31,9,0,18,43,10,0,19,68,13,0,23,79,18,0,28,101,23,0
2KIX,1478,C,89,TRP,HN,12,39,8,0,13,57,10,0,17,68,11,0,20,82,16,0,29,107,20,0
2KIX,1479,C,89,TRP,H,12,32,8,0,15,46,11,0,21,65,14,0,27,94,18,0,33,121,25,0
2KIX,1480,C,89,TRP,C,10,33,6,0,13,48,10,0,19,72,16,0,25,96,18,0,35,116,22,0
2KIX,1481,C,89,TRP,C,10,32,7,0,17,52,11,0,22,66,15,0,27,98,19,0,38,126,27,0
2KIX,1482,C,89,TRP,C,9,27,6,0,15,48,11,0,20,64,15,0,28,92,22,0,33,118,27,0
2KIX,1483,C,89,TRP,C,7,24,7,0,18,47,10,0,24,70,16,0,33,98,22,0,36,136,27,0
2KIX,1484,C,89,TRP,N,9,19,8,0,14,45,11,0,25,71,17,0,27,93,20,0,35,123,27,0
2KIX,1485,C,89,TRP,C,9,22,7,0,16,45,13,0,23,76,17,0,32,99,23,0,38,126,26,0
2KIX,1486,C,89,TRP,C,6,26,5,0,15,46,11,0,26,71,15,0,30,99,21,0,41,142,29,0
2KIX,1487,C,89,TRP,C,11,23,6,0,15,45,13,0,23,70,17,0,33,95,23,0,39,129,26,0
2KIX,1488,C,89,TRP,C,7,28,5,0,16,44,10,0,24,71,13,0,34,98,21,0,45,135,32,0
2KIX,1489,C,89,TRP,C,8,24,5,0,14,47,9,0,22,65,18,0,33,97,20,0,44,136,27,0
2KIX,1490,C,89,TRP,H,11,31,6,0,14,55,10,0,20,77,16,0,28,98,18,0,36,124,24,0
2KIX,1491,C,89,TRP,H,10,33,7,0,12,51,9,0,18,70,16,0,23,85,17,0,33,111,20,0
2KIX,1492,C,89,TRP,H,8,27,6,0,15,43,10,0,17,64,12,0,24,85,19,0,32,109,27,0
2KIX,1493,C,89,TRP,HN,8,22,5,0,13,37,10,0,22,64,18,0,28,89,21,0,33,113,25,0
2KIX,1494,C,89,TRP,H,10,26,3,0,14,45,11,0,24,71,15,0,31,101,22,0,41,140,28,0
2KIX,1495,C,89,TRP,H,11,25,8,0,14,48,13,0,24,67,16,0,28,90,20,0,37,118,27,0
2KIX,1496,C,89,TRP,H,6,22,4,0,12,45,8,0,21,68,11,0,33,92,22,0,49,137,34,0
2KIX,1497,C,89,TRP,H,7,27,5,0,14,45,9,0,24,67,17,0,31,94,21,0,43,132,29,0
2KIX,1498,C,90,THR,N,10,41,7,0,13,53,10,0,18,63,11,0,22,83,16,0,27,98,18,0
2KIX,1499,C,90,THR,CA,9,36,8,0,12,47,8,0,16,58,12,0,20,74,14,0,24,89,19,0
2KIX,1500,C,90,THR,C,10,31,7,0,13,40,10,0,16,61,12,0,22,75,16,0,25,88,16,0
2KIX,1501,C,90,THR,O,10,31,8,0,13,41,10,0,16,55,14,0,20,71,16,0,24,86,18,0
2KIX,1502,C,90,THR,HN,11,38,8,0,13,54,9,0,17,65,11,0,20,79,15,0,26,99,18,0
2KIX,1503,C,90,THR,H,10,31,8,0,12,48,9,0,15,59,10,0,20,73,13,0,23,91,20,0
2KIX,1504,C,90,THR,C,8,32,6,0,10,41,6,0,11,50,10,0,17,67,13,0,20,79,14,0
2KIX,1505,C,90,THR,OH,7,29,5,0,10,39,7,0,12,52,9,0,16,67,11,0,21,77,14,0
2KIX,1506,C,90,THR,C,7,23,4,0,9,37,5,0,11,46,9,0,13,53,11,0,19,65,14,0
2KIX,1507,C,90,THR,H,8,30,6,0,9,40,8,0,13,50,10,0,18,67,12,0,21,80,14,0
2KIX,1508,C,90,THR,HO,5,26,5,0,8,33,7,0,12,50,9,0,15,65,10,0,19,76,12,0
2KIX,1509,C,90,THR,H,6,20,5,0,9,34,6,0,11,42,9,0,14,51,11,0,16,65,14,0
2KIX,1510,C,90,THR,H,2,18,3,0,6,31,5,0,10,40,6,0,11,48,11,0,13,57,11,0
2KIX,1511,C,90,THR,H,6,22,4,0,9,36,6,0,11,45,9,0,12,53,10,0,16,68,14,0
2KIX,1512,C,91,ILE,N,10,30,7,0,12,41,10,0,16,56,13,0,21,70,15,0,25,89,17,0
2KIX,1513,C,91,ILE,CA,9,26,8,0,13,35,9,0,15,47,14,0,20,66,15,0,24,91,17,0
2KIX,1514,C,91,ILE,C,11,29,9,0,13,42,12,0,19,57,13,0,21,72,18,0,25,91,19,0
2KIX,1515,C,91,ILE,O,10,28,10,0,14,39,11,0,19,57,14,0,21,69,17,0,23,81,20,0
2KIX,1516,C,91,ILE,HN,8,26,7,0,12,43,9,0,18,56,13,0,22,74,14,0,24,86,17,0
2KIX,1517,C,91,ILE,H,8,23,8,0,11,30,9,0,14,39,11,0,19,61,15,0,22,77,16,0
2KIX,1518,C,91,ILE,C,9,24,7,0,11,32,7,0,14,39,12,0,18,59,15,0,22,85,17,0
2KIX,1519,C,91,ILE,C,6,15,4,0,10,27,7,0,11,34,9,0,15,46,13,0,19,62,15,0
2KIX,1520,C,91,ILE,C,10,21,6,0,11,31,8,0,14,41,12,0,16,55,15,0,22,77,17,0
2KIX,1521,C,91,ILE,C,5,16,5,0,9,23,5,0,11,36,10,0,13,51,12,0,19,61,13,0
2KIX,1522,C,91,ILE,H,10,21,6,0,12,34,9,0,14,49,11,0,19,69,14,0,25,92,17,0
2KIX,1523,C,91,ILE,H,5,13,3,0,7,22,6,0,11,30,8,0,13,41,11,0,17,59,14,0
2KIX,1524,C,91,ILE,H,5,15,4,0,9,24,5,0,10,31,8,0,14,37,10,0,17,55,15,0
2KIX,1525,C,91,ILE,H,5,14,4,0,11,26,6,0,13,38,10,0,16,52,15,0,19,72,16,0
2KIX,1526,C,91,ILE,H,6,16,5,0,12,28,7,0,13,38,10,0,16,51,13,0,19,70,17,0
2KIX,1527,C,91,ILE,H,11,21,7,0,13,35,9,0,15,48,13,0,19,65,16,0,25,85,21,0
2KIX,1528,C,91,ILE,H,6,18,5,0,9,28,5,0,11,40,10,0,13,49,12,0,19,61,13,0
2KIX,1529,C,91,ILE,H,4,12,4,0,5,19,5,0,9,26,6,0,11,41,10,0,16,52,12,0
2KIX,1530,C,91,ILE,H,5,17,6,0,8,26,8,0,12,43,9,0,15,56,10,0,20,70,14,0
2KIX,1531,C,92,GLY,N,11,39,10,0,15,54,13,0,19,66,15,0,24,84,18,0,29,101,22,0
2KIX,1532,C,92,GLY,CA,13,40,11,0,16,56,13,0,21,68,15,0,26,87,21,0,29,101,22,0
2KIX,1533,C,92,GLY,C,14,39,10,0,15,54,12,0,19,67,18,0,24,81,20,0,31,97,23,0
2KIX,1534,C,92,GLY,O,11,29,11,0,16,52,12,0,18,71,16,0,25,82,20,0,30,94,24,0
2KIX,1535,C,92,GLY,HN,11,40,10,0,16,56,13,0,20,72,15,0,24,87,17,0,29,108,22,0
2KIX,1536,C,92,GLY,H,11,35,10,0,16,54,13,0,21,69,15,0,26,86,21,0,29,97,25,0
2KIX,1537,C,92,GLY,H,14,44,9,0,17,56,14,0,23,71,18,0,27,88,20,0,33,108,26,0
2KIX,1538,C,93,HIS,N,12,37,11,0,14,50,13,0,16,59,16,0,22,77,18,0,27,95,23,0
2KIX,1539,C,93,HIS,CA,12,36,10,0,12,44,13,0,16,58,17,0,19,74,19,0,29,92,20,0
2KIX,1540,C,93,HIS,C,12,30,11,0,13,46,13,0,14,54,14,0,19,63,17,0,22,79,21,0
2KIX,1541,C,93,HIS,O,9,30,10,0,13,36,11,0,15,53,14,0,18,63,19,0,22,79,21,0
2KIX,1542,C,93,HIS,HN,12,41,10,0,14,48,13,0,17,61,15,0,22,76,19,0,26,103,21,0
2KIX,1543,C,93,HIS,H,11,33,11,0,15,45,14,0,15,57,16,0,21,73,19,0,29,99,22,0
2KIX,1544,C,93,HIS,C,10,32,8,0,12,42,13,0,16,61,18,0,22,76,20,0,27,102,23,0
2KIX,1545,C,93,HIS,C,10,30,8,0,12,44,11,0,17,55,15,0,21,67,21,0,26,95,24,0
2KIX,1546,C,93,HIS,N,6,24,6,0,11,45,10,0,13,53,14,0,20,60,18,0,23,78,23,0
2KIX,1547,C,93,HIS,C,7,29,8,0,12,44,11,0,19,56,16,0,22,72,20,0,24,97,27,0
2KIX,1548,C,93,HIS,C,6,21,5,0,9,36,10,0,14,50,12,0,19,57,15,0,23,77,21,0
2KIX,1549,C,93,HIS,N,7,27,6,0,11,38,10,0,16,50,14,0,22,69,18,0,23,86,24,0
2KIX,1550,C,93,HIS,H,9,28,8,0,13,44,14,0,19,61,17,0,24,85,23,0,32,116,24,0
2KIX,1551,C,93,HIS,H,9,30,7,0,10,42,10,0,15,60,17,0,23,79,20,0,26,99,23,0
2KIX,1552,C,93,HIS,HN,8,25,6,0,9,38,8,0,13,49,13,0,16,61,17,0,21,78,21,0
2KIX,1553,C,93,HIS,H,8,28,7,0,14,42,10,0,21,56,17,0,23,79,23,0,26,104,28,0
2KIX,1554,C,93,HIS,H,3,12,2,0,7,30,8,0,11,44,11,0,17,54,14,0,21,71,18,0
2KIX,1555,C,93,HIS,HN,7,23,5,0,11,33,9,0,15,52,14,0,20,67,20,0,24,90,23,0
2KIX,1556,C,94,LEU,N,12,31,11,0,15,45,13,0,16,52,14,0,20,61,16,0,22,73,20,0
2KIX,1557,C,94,LEU,CA,10,33,10,0,13,40,10,0,17,44,14,0,17,54,16,0,20,67,17,0
2KIX,1558,C,94,LEU,C,11,32,10,0,14,37,11,0,15,42,15,0,17,51,16,0,20,66,18,0
2KIX,1559,C,94,LEU,O,10,28,9,0,13,34,11,0,14,42,13,0,17,48,16,0,19,55,18,0
2KIX,1560,C,94,LEU,HN,12,34,11,0,15,43,12,0,18,52,15,0,19,64,16,0,24,79,18,0
2KIX,1561,C,94,LEU,H,9,30,10,0,11,37,11,0,16,42,13,0,18,51,16,0,18,63,17,0
2KIX,1562,C,94,LEU,C,10,29,8,0,11,36,10,0,14,43,12,0,18,50,16,0,19,60,17,0
2KIX,1563,C,94,LEU,C,8,22,5,0,9,34,8,0,12,39,10,0,14,41,13,0,17,50,16,0
2KIX,1564,C,94,LEU,C,2,11,4,0,8,24,5,0,10,35,8,0,12,38,12,0,16,46,14,0
2KIX,1565,C,94,LEU,C,7,19,6,0,10,31,8,0,11,37,10,0,14,41,14,0,14,47,15,0
2KIX,1566,C,94,LEU,H,8,27,7,0,11,34,10,0,13,44,13,0,17,51,13,0,20,61,16,0
2KIX,1567,C,94,LEU,H,9,24,8,0,12,36,10,0,14,42,12,0,19,54,15,0,21,62,16,0
2KIX,1568,C,94,LEU,H,6,20,5,0,9,32,9,0,13,38,11,0,14,41,12,0,16,46,15,0
2KIX,1569,C,94,LEU,H,3,8,4,0,7,21,6,0,11,32,8,0,11,39,10,0,16,49,14,0
2KIX,1570,C,94,LEU,H,1,4,3,0,3,17,5,0,9,31,5,0,11,36,10,0,13,39,12,0
2KIX,1571,C,94,LEU,H,2,13,3,0,7,20,5,0,10,30,8,0,12,40,10,0,15,48,14,0
2KIX,1572,C,94,LEU,H,7,22,8,0,11,29,9,0,12,37,11,0,14,45,12,0,15,49,17,0
2KIX,1573,C,94,LEU,H,7,19,5,0,9,26,7,0,11,34,10,0,13,39,12,0,16,48,15,0
2KIX,1574,C,94,LEU,H,3,14,5,0,7,23,7,0,11,32,9,0,11,38,11,0,14,44,14,0
2KIX,1575,C,95,ASN,N,10,32,9,0,13,40,11,0,14,46,13,0,17,61,16,0,23,77,17,0
2KIX,1576,C,95,ASN,CA,9,30,9,0,12,36,11,0,14,46,14,0,18,61,15,0,24,71,19,0
2KIX,1577,C,95,ASN,C,10,29,8,0,12,37,11,0,15,47,14,0,18,53,17,0,23,71,20,0
2KIX,1578,C,95,ASN,O,10,29,8,0,13,35,12,0,14,44,14,0,18,51,16,0,21,60,21,0
2KIX,1579,C,95,ASN,HN,10,35,11,0,13,43,11,0,16,50,13,0,19,67,15,0,22,78,18,0
2KIX,1580,C,95,ASN,H,9,26,7,0,9,36,10,0,13,44,13,0,18,54,16,0,20,62,18,0
2KIX,1581,C,95,ASN,C,8,28,8,0,11,37,11,0,15,47,14,0,22,64,16,0,24,83,22,0
2KIX,1582,C,95,ASN,C,7,22,7,0,11,34,10,0,14,48,13,0,20,61,17,0,26,72,21,0
2KIX,1583,C,95,ASN,O,7,20,3,0,9,30,9,0,12,39,11,0,17,53,14,0,22,67,18,0
2KIX,1584,C,95,ASN,N,9,22,6,0,10,36,10,0,14,50,14,0,22,62,18,0,27,77,20,0
2KIX,1585,C,95,ASN,H,10,27,9,0,12,39,12,0,18,52,14,0,22,75,18,0,29,88,22,0
2KIX,1586,C,95,ASN,H,8,26,7,0,11,35,10,0,17,49,15,0,20,62,20,0,26,77,22,0
2KIX,1587,C,95,ASN,HN,10,26,9,0,10,42,10,0,18,54,15,0,22,68,19,0,28,90,23,0
2KIX,1588,C,95,ASN,HN,9,20,5,0,10,33,9,0,10,47,12,0,18,56,17,0,24,72,20,0
2KIX,1589,C,96,GLN,N,12,30,9,0,12,39,12,0,15,47,14,0,19,58,17,0,25,75,19,0
2KIX,1590,C,96,GLN,CA,10,28,8,0,14,39,11,0,16,44,15,0,20,54,18,0,25,76,22,0
2KIX,1591,C,96,GLN,C,9,28,8,0,11,35,10,0,15,42,13,0,19,49,17,0,23,66,20,0
2KIX,1592,C,96,GLN,O,7,23,8,0,10,34,10,0,15,40,13,0,20,50,16,0,21,58,21,0
2KIX,1593,C,96,GLN,HN,10,28,11,0,13,38,11,0,16,47,13,0,18,65,16,0,25,77,20,0
2KIX,1594,C,96,GLN,H,8,23,7,0,14,36,11,0,18,43,15,0,19,54,19,0,27,78,22,0
2KIX,1595,C,96,GLN,C,9,21,6,0,13,32,13,0,17,49,14,0,24,71,20,0,30,89,23,0
2KIX,1596,C,96,GLN,C,9,22,8,0,13,33,13,0,17,48,15,0,24,71,19,0,30,99,26,0
2KIX,1597,C,96,GLN,C,10,24,7,0,14,33,12,0,17,49,16,0,24,75,19,0,33,110,24,0
2KIX,1598,C,96,GLN,O,11,23,8,0,14,38,12,0,20,56,16,0,22,77,20,0,30,107,27,0
2KIX,1599,C,96,GLN,N,9,18,7,0,14,32,11,0,16,52,14,0,23,78,23,0,38,115,27,0
2KIX,1600,C,96,GLN,H,9,22,7,0,13,33,11,0,17,52,14,0,22,66,19,0,27,88,22,0
2KIX,1601,C,96,GLN,H,10,22,8,0,12,28,8,0,19,47,17,0,24,74,20,0,31,88,26,0
2KIX,1602,C,96,GLN,H,7,19,7,0,13,30,10,0,17,43,14,0,25,69,20,0,34,102,29,0
2KIX,1603,C,96,GLN,H,9,24,10,0,11,37,13,0,19,54,14,0,23,72,17,0,30,95,25,0
2KIX,1604,C,96,GLN,HN,5,18,7,0,13,27,7,0,18,44,16,0,25,68,23,0,38,115,30,0
2KIX,1605,C,96,GLN,HN,8,22,6,0,13,33,11,0,18,61,15,0,28,80,21,0,38,120,28,0
2KIX,1606,C,97,ILE,N,9,27,9,0,11,35,11,0,15,38,13,0,19,45,17,0,24,61,19,0
2KIX,1607,C,97,ILE,CA,7,23,7,0,9,31,10,0,12,35,13,0,16,41,13,0,20,48,18,0
2KIX,1608,C,97,ILE,C,5,23,7,0,7,28,10,0,11,34,13,0,16,38,13,0,19,42,14,0
2KIX,1609,C,97,ILE,O,5,20,6,0,7,27,8,0,10,33,13,0,13,38,13,0,17,43,14,0
2KIX,1610,C,97,ILE,HN,9,27,9,0,13,36,12,0,15,40,13,0,18,51,16,0,24,66,19,0
2KIX,1611,C,97,ILE,H,5,18,8,0,8,30,9,0,12,35,11,0,18,39,14,0,20,48,17,0
2KIX,1612,C,97,ILE,C,7,19,7,0,9,27,9,0,10,33,12,0,11,41,14,0,20,50,16,0
2KIX,1613,C,97,ILE,C,4,10,5,0,8,21,7,0,9,28,9,0,11,37,11,0,14,40,14,0
2KIX,1614,C,97,ILE,C,6,21,4,0,8,25,11,0,10,34,13,0,14,42,14,0,19,53,15,0
2KIX,1615,C,97,ILE,C,3,3,3,0,7,12,5,0,9,24,7,0,10,31,9,0,12,41,13,0
2KIX,1616,C,97,ILE,H,8,21,6,0,10,25,9,0,11,33,10,0,13,47,16,0,21,60,19,0
2KIX,1617,C,97,ILE,H,3,9,5,0,7,20,7,0,8,26,8,0,10,32,12,0,13,38,13,0
2KIX,1618,C,97,ILE,H,3,8,5,0,7,16,8,0,9,26,9,0,9,37,10,0,13,41,15,0
2KIX,1619,C,97,ILE,H,7,23,9,0,10,30,12,0,13,39,13,0,17,49,13,0,20,64,18,0
2KIX,1620,C,97,ILE,H,6,17,3,0,7,22,7,0,9,29,12,0,13,41,13,0,18,52,15,0
2KIX,1621,C,97,ILE,H,7,21,5,0,8,24,10,0,8,33,12,0,14,39,14,0,17,47,14,0
2KIX,1622,C,97,ILE,H,4,2,4,0,7,12,5,0,9,23,7,0,12,36,10,0,13,45,13,0
2KIX,1623,C,97,ILE,H,1,1,0,0,3,4,4,0,8,17,6,0,9,28,8,0,9,32,9,0
2KIX,1624,C,97,ILE,H,3,3,2,0,5,13,4,0,8,21,6,0,10,27,9,0,11,39,13,0
2KIX,1625,C,98,LYS,N,5,23,8,0,6,26,9,0,11,32,12,0,15,38,13,0,17,41,14,0
2KIX,1626,C,98,LYS,CA,4,20,7,0,6,26,8,0,9,27,10,0,12,32,12,0,16,39,13,0
2KIX,1627,C,98,LYS,C,4,15,6,0,6,21,7,0,7,24,8,0,9,27,9,0,11,30,13,0
2KIX,1628,C,98,LYS,O,2,10,6,0,5,17,6,0,7,21,7,0,8,25,8,0,9,27,10,0
2KIX,1629,C,98,LYS,HN,5,22,7,0,7,27,10,0,15,33,12,0,15,38,13,0,17,46,16,0
2KIX,1630,C,98,LYS,H,4,20,7,0,5,25,8,0,7,27,9,0,11,30,10,0,14,37,13,0
2KIX,1631,C,98,LYS,C,4,21,8,0,8,26,10,0,10,29,10,0,13,34,13,0,16,43,15,0
2KIX,1632,C,98,LYS,C,4,15,7,0,7,22,7,0,9,25,10,0,10,30,10,0,12,36,12,0
2KIX,1633,C,98,LYS,C,4,10,4,0,8,18,7,0,10,23,10,0,10,33,11,0,12,40,14,0
2KIX,1634,C,98,LYS,C,4,9,5,0,7,16,7,0,11,33,10,0,13,40,13,0,15,46,15,0
2KIX,1635,C,98,LYS,N,3,6,3,0,5,11,6,0,11,28,8,0,14,41,12,0,17,50,17,0
2KIX,1636,C,98,LYS,H,6,23,9,0,8,28,10,0,12,33,11,0,15,42,13,0,16,45,16,0
2KIX,1637,C,98,LYS,H,6,20,7,0,10,25,9,0,10,30,10,0,13,34,13,0,15,44,16,0
2KIX,1638,C,98,LYS,H,3,12,7,0,6,18,7,0,8,23,7,0,9,26,10,0,10,30,10,0
2KIX,1639,C,98,LYS,H,4,14,5,0,5,21,7,0,7,25,9,0,10,32,10,0,12,36,11,0
2KIX,1640,C,98,LYS,H,6,12,5,0,8,16,7,0,9,21,8,0,10,30,12,0,13,39,14,0
2KIX,1641,C,98,LYS,H,1,6,3,0,5,11,5,0,8,19,8,0,10,22,10,0,11,35,11,0
2KIX,1642,C,98,LYS,H,4,10,5,0,7,17,7,0,9,29,9,0,13,39,13,0,14,47,14,0
2KIX,1643,C,98,LYS,H,6,15,7,0,8,28,8,0,12,35,12,0,15,45,15,0,18,52,18,0
2KIX,1644,C,98,LYS,HN,3,7,4,0,5,15,6,0,9,28,9,0,16,42,13,0,19,51,17,0
2KIX,1645,C,98,LYS,HN,2,4,2,0,4,6,3,0,8,19,6,0,13,32,10,0,14,46,15,0
2KIX,1646,C,98,LYS,HN,4,5,4,0,8,16,6,0,12,31,10,0,14,42,14,0,19,50,19,0
2KIX,1647,C,99,ARG,N,3,14,5,0,5,19,5,0,5,23,7,0,7,26,10,0,10,33,12,0
2KIX,1648,C,99,ARG,CA,2,8,4,0,3,13,5,0,4,18,6,0,5,22,8,0,6,28,9,0
2KIX,1649,C,99,ARG,C,1,6,3,0,2,10,4,0,3,15,5,0,5,18,6,0,6,24,8,0
2KIX,1650,C,99,ARG,O,2,9,3,0,2,13,5,0,3,16,5,0,5,20,7,0,7,29,9,0
2KIX,1651,C,99,ARG,HN,4,16,5,0,5,20,7,0,6,25,7,0,8,29,11,0,13,39,12,0
2KIX,1652,C,99,ARG,H,1,8,4,0,3,10,4,0,4,14,5,0,5,20,7,0,5,25,8,0
2KIX,1653,C,99,ARG,C,2,8,3,0,3,13,5,0,4,16,6,0,5,22,7,0,8,33,10,0
2KIX,1654,C,99,ARG,C,1,10,3,0,4,11,5,0,4,17,6,0,5,23,8,0,9,31,14,0
2KIX,1655,C,99,ARG,C,1,3,4,0,2,10,4,0,4,15,6,0,5,21,8,0,8,32,13,0
2KIX,1656,C,99,ARG,N,0,1,2,0,1,8,4,0,4,16,6,0,6,22,11,0,10,33,15,0
2KIX,1657,C,99,ARG,C,0,0,0,0,0,5,4,0,3,10,6,0,4,20,7,0,8,27,11,0
2KIX,1658,C,99,ARG,N,0,0,0,0,0,4,2,0,2,6,6,0,3,12,6,0,4,20,10,0
2KIX,1659,C,99,ARG,N,0,0,2,0,0,2,3,0,2,11,7,0,6,22,7,0,11,33,12,0
2KIX,1660,C,99,ARG,H,2,8,5,0,3,13,5,0,3,19,7,0,8,28,9,0,9,38,12,0
2KIX,1661,C,99,ARG,H,1,3,2,0,2,8,4,0,3,14,5,0,4,17,7,0,7,25,8,0
2KIX,1662,C,99,ARG,H,1,7,3,0,4,11,4,0,4,14,6,0,5,20,7,0,7,27,13,0
2KIX,1663,C,99,ARG,H,3,12,4,0,4,15,6,0,5,21,8,0,8,30,10,0,11,40,16,0
2KIX,1664,C,99,ARG,H,1,4,4,0,2,11,5,0,4,16,6,0,5,27,10,0,11,38,14,0
2KIX,1665,C,99,ARG,H,0,1,3,0,1,4,4,0,2,13,5,0,5,16,6,0,5,24,10,0
2KIX,1666,C,99,ARG,HN,0,3,3,0,3,11,4,0,6,20,7,0,8,29,13,0,12,40,18,0
2KIX,1667,C,99,ARG,HN,0,1,1,0,0,5,2,0,2,6,4,0,4,12,6,0,4,18,10,0
2KIX,1668,C,99,ARG,HN,0,0,0,0,0,0,1,0,1,7,4,0,2,8,6,0,4,16,7,0
2KIX,1669,C,99,ARG,HN,0,1,3,0,0,1,5,0,5,14,6,0,7,28,9,0,15,37,16,0
2KIX,1670,C,99,ARG,HN,0,1,2,0,0,1,3,0,2,8,5,0,6,17,8,0,8,34,10,0
2KIX,1671,C,99,ARG,O,1,5,1,0,1,7,3,0,2,10,4,0,3,15,6,0,4,19,6,0
2KIX,1672,D,100,MET,N,3,9,2,0,4,14,2,0,6,28,5,0,9,41,6,0,12,55,11,0
2KIX,1673,D,100,MET,CA,3,10,2,0,4,15,4,0,7,22,6,0,8,35,7,0,12,54,9,0
2KIX,1674,D,100,MET,C,4,14,3,0,6,19,5,0,7,26,7,0,7,34,8,0,11,45,8,0
2KIX,1675,D,100,MET,O,3,13,2,0,4,16,4,0,7,22,5,0,7,27,7,0,7,34,8,0
2KIX,1676,D,100,MET,H,2,8,2,0,4,10,2,0,4,18,2,0,8,35,6,0,9,50,9,0
2KIX,1677,D,100,MET,H,4,11,2,0,4,21,3,0,7,33,5,0,11,48,7,0,13,60,13,0
2KIX,1678,D,100,MET,H,2,6,2,0,4,12,2,0,6,28,3,0,8,43,8,0,13,52,11,0
2KIX,1679,D,100,MET,H,4,12,3,0,5,18,4,0,7,29,6,0,12,46,7,0,12,64,11,0
2KIX,1680,D,100,MET,C,3,6,2,0,3,11,2,0,4,17,3,0,6,22,6,0,9,40,7,0
2KIX,1681,D,100,MET,C,2,4,2,0,2,6,2,0,3,11,2,0,6,23,4,0,7,36,8,0
2KIX,1682,D,100,MET,S,2,1,1,0,2,6,2,0,4,13,3,0,5,24,4,0,7,34,8,0
2KIX,1683,D,100,MET,C,0,0,0,0,2,7,2,0,4,12,4,0,5,18,5,0,6,24,6,0
2KIX,1684,D,100,MET,H,2,5,1,0,3,8,2,0,3,14,3,0,4,17,5,0,8,31,6,0
2KIX,1685,D,100,MET,H,3,6,2,0,3,13,3,0,4,17,5,0,6,20,6,0,7,35,7,0
2KIX,1686,D,100,MET,H,1,0,1,0,2,5,2,0,3,6,2,0,3,18,3,0,7,27,7,0
2KIX,1687,D,100,MET,H,2,5,2,0,2,7,2,0,4,17,3,0,7,27,5,0,8,39,10,0
2KIX,1688,D,100,MET,H,0,4,1,0,2,7,3,0,5,13,3,0,5,18,6,0,6,29,7,0
2KIX,1689,D,100,MET,H,0,3,1,0,3,7,1,0,4,14,4,0,5,20,6,0,6,26,7,0
2KIX,1690,D,100,MET,H,0,0,0,0,0,2,0,0,2,8,2,0,4,14,4,0,5,19,5,0
2KIX,1691,D,101,LEU,N,7,19,4,1,7,25,6,1,7,32,8,1,10,42,8,1,11,53,9,1
2KIX,1692,D,101,LEU,CA,7,23,4,0,7,25,8,1,7,31,8,1,9,36,8,1,10,48,9,1
2KIX,1693,D,101,LEU,C,7,23,7,0,7,28,8,0,8,33,8,1,10,43,9,1,10,48,10,1
2KIX,1694,D,101,LEU,O,7,24,7,0,8,30,8,1,10,36,9,1,10,46,9,1,11,49,11,1
2KIX,1695,D,101,LEU,HN,7,19,5,1,7,29,6,1,10,39,8,1,11,51,9,1,11,59,12,1
2KIX,1696,D,101,LEU,H,6,16,3,0,7,24,5,1,7,25,8,1,7,31,8,1,9,38,8,1
2KIX,1697,D,101,LEU,C,7,24,4,0,7,28,7,0,8,33,8,1,9,42,8,1,10,51,9,1
2KIX,1698,D,101,LEU,C,6,19,3,0,7,25,5,0,7,29,8,0,8,33,8,1,10,41,8,1
2KIX,1699,D,101,LEU,C,5,11,1,0,6,21,3,0,6,26,5,0,7,28,8,1,9,33,8,1
2KIX,1700,D,101,LEU,C,4,18,4,0,7,24,5,0,8,29,6,0,10,35,8,0,10,49,9,1
2KIX,1701,D,101,LEU,H,6,22,3,0,7,27,7,1,8,32,7,1,9,44,8,1,10,54,9,1
2KIX,1702,D,101,LEU,H,7,24,6,0,8,32,7,0,9,39,9,1,10,48,9,1,10,55,11,1
2KIX,1703,D,101,LEU,H,5,18,3,0,7,23,6,0,7,28,7,0,8,32,8,1,10,37,8,1
2KIX,1704,D,101,LEU,H,3,10,2,0,6,20,3,0,6,25,5,1,7,28,7,1,7,32,8,1
2KIX,1705,D,101,LEU,H,3,7,1,0,5,17,3,0,6,22,4,0,7,28,6,0,8,29,8,1
2KIX,1706,D,101,LEU,H,4,9,1,0,6,19,2,0,6,27,5,0,7,29,7,1,9,37,8,1
2KIX,1707,D,101,LEU,H,4,15,3,0,4,20,5,0,8,26,5,0,9,33,7,0,10,44,9,0
2KIX,1708,D,101,LEU,H,5,21,4,0,8,28,6,0,10,33,7,0,10,42,9,0,11,56,10,1
2KIX,1709,D,101,LEU,H,4,19,4,0,7,23,4,0,9,28,6,0,10,44,7,0,10,54,10,1
2KIX,1710,D,102,GLU,N,7,25,5,0,7,27,6,0,8,34,6,0,9,42,7,1,10,47,7,1
2KIX,1711,D,102,GLU,CA,5,23,5,0,8,31,5,0,8,34,7,0,10,41,7,0,11,48,8,1
2KIX,1712,D,102,GLU,C,6,25,4,0,7,33,6,0,9,38,7,0,10,46,8,0,11,54,8,0
2KIX,1713,D,102,GLU,O,7,29,5,0,9,36,7,0,10,45,8,0,11,54,9,0,12,60,10,0
2KIX,1714,D,102,GLU,HN,5,20,3,0,7,27,5,0,8,31,6,0,9,38,7,1,10,43,7,1
2KIX,1715,D,102,GLU,H,6,28,5,0,8,31,7,0,10,36,7,0,10,44,7,1,11,50,8,1
2KIX,1716,D,102,GLU,C,5,17,3,0,5,24,3,0,8,29,5,0,8,32,7,0,9,39,7,0
2KIX,1717,D,102,GLU,C,3,11,2,0,5,21,3,0,7,28,4,0,8,31,6,0,8,35,7,1
2KIX,1718,D,102,GLU,C,2,3,2,0,2,11,2,0,5,19,2,0,6,28,4,0,7,30,6,0
2KIX,1719,D,102,GLU,O,2,6,2,0,2,11,2,0,4,16,2,0,6,24,3,0,7,29,5,1
2KIX,1720,D,102,GLU,O,1,2,1,0,1,5,1,0,2,12,2,0,5,23,3,0,6,28,4,0
2KIX,1721,D,102,GLU,H,4,13,3,0,5,21,3,0,5,25,5,0,8,32,5,0,8,37,7,0
2KIX,1722,D,102,GLU,H,5,13,2,0,5,24,3,0,6,26,5,0,8,32,6,0,9,38,7,0
2KIX,1723,D,102,GLU,H,3,10,1,0,5,19,3,0,5,28,4,0,8,32,7,0,10,36,7,0
2KIX,1724,D,102,GLU,H,4,13,2,0,6,23,2,0,7,29,6,0,8,32,6,1,10,37,7,1
2KIX,1725,D,103,PRO,N,6,22,5,0,6,29,6,0,8,34,8,0,9,42,9,0,11,53,10,0
2KIX,1726,D,103,PRO,CA,5,23,3,0,6,29,7,0,7,39,7,0,10,51,10,0,13,64,11,0
2KIX,1727,D,103,PRO,C,5,28,5,0,7,35,5,0,9,47,8,0,12,63,11,0,16,71,14,0
2KIX,1728,D,103,PRO,O,6,26,4,0,6,43,6,0,10,54,7,0,13,66,12,0,17,76,16,0
2KIX,1729,D,103,PRO,H,5,21,3,0,5,28,7,0,7,38,7,0,9,51,9,0,12,63,11,0
2KIX,1730,D,103,PRO,C,4,14,2,0,5,26,4,0,7,30,6,0,8,46,7,0,10,57,12,0
2KIX,1731,D,103,PRO,C,3,15,2,0,5,22,5,0,7,29,6,0,8,39,7,0,10,46,9,0
2KIX,1732,D,103,PRO,C,5,18,4,0,5,24,6,0,6,27,7,0,8,35,8,0,10,40,9,0
2KIX,1733,D,103,PRO,H,3,11,2,0,6,22,2,0,6,37,4,0,9,53,10,0,10,60,13,0
2KIX,1734,D,103,PRO,H,3,11,1,0,4,18,5,0,5,25,5,0,7,38,7,0,8,51,8,0
2KIX,1735,D,103,PRO,H,3,18,3,0,6,23,4,0,7,32,7,0,9,41,8,0,11,54,11,0
2KIX,1736,D,103,PRO,H,2,11,1,0,3,16,3,0,6,22,5,0,7,33,6,0,8,42,8,0
2KIX,1737,D,103,PRO,H,5,18,5,0,5,25,6,0,8,29,7,0,8,36,7,0,10,41,9,0
2KIX,1738,D,103,PRO,H,3,15,4,0,5,18,4,0,6,24,6,0,6,30,7,0,10,36,8,0
2KIX,1739,D,104,PHE,N,7,26,4,0,8,33,5,0,9,41,9,0,13,55,11,0,14,71,13,0
2KIX,1740,D,104,PHE,CA,8,31,5,0,9,33,7,0,9,46,9,0,14,67,12,0,17,81,16,0
2KIX,1741,D,104,PHE,C,9,31,7,0,9,40,8,0,11,48,10,0,13,64,12,0,17,83,15,0
2KIX,1742,D,104,PHE,O,8,28,8,0,11,43,8,0,12,57,10,0,16,71,12,0,18,91,20,0
2KIX,1743,D,104,PHE,HN,6,25,4,0,8,32,7,0,9,38,9,0,11,47,10,0,13,63,13,0
2KIX,1744,D,104,PHE,H,6,27,5,0,10,41,7,0,12,49,9,0,15,71,12,0,20,85,16,0
2KIX,1745,D,104,PHE,C,8,24,4,0,8,33,4,0,11,47,9,0,14,59,12,0,15,78,14,0
2KIX,1746,D,104,PHE,C,6,24,3,0,8,37,5,0,13,47,10,0,14,66,12,0,18,88,15,0
2KIX,1747,D,104,PHE,C,6,21,3,0,10,38,6,0,10,48,10,0,15,67,13,0,18,91,15,1
2KIX,1748,D,104,PHE,C,3,19,1,0,10,36,7,0,12,55,9,0,16,76,14,0,23,96,17,0
2KIX,1749,D,104,PHE,C,4,22,1,0,7,33,5,0,11,49,11,0,16,72,14,0,20,96,16,0
2KIX,1750,D,104,PHE,C,4,18,3,0,7,32,6,0,12,58,9,0,19,81,15,0,23,101,18,0
2KIX,1751,D,104,PHE,C,3,18,0,0,6,32,5,0,9,52,10,0,14,77,13,0,25,104,17,0
2KIX,1752,D,104,PHE,H,5,19,2,0,9,29,4,0,10,45,7,0,14,57,12,0,15,75,14,0
2KIX,1753,D,104,PHE,H,8,21,4,0,9,33,6,0,10,39,8,0,11,55,10,0,15,71,14,1
2KIX,1754,D,104,PHE,H,8,23,5,0,10,38,7,0,10,49,9,0,12,61,11,1,17,81,15,1
2KIX,1755,D,104,PHE,H,5,21,3,0,9,38,5,0,12,56,10,0,17,71,14,0,21,93,16,0
2KIX,1756,D,104,PHE,H,3,22,2,0,7,33,5,0,10,49,10,0,16,71,13,0,22,92,19,1
2KIX,1757,D,104,PHE,H,5,18,3,0,7,34,6,0,13,54,8,0,17,76,14,0,21,102,19,0
2KIX,1758,D,104,PHE,H,2,19,0,0,5,31,3,0,9,52,9,0,14,71,12,0,27,107,19,0
2KIX,1759,D,105,GLN,N,8,38,6,0,9,45,8,0,10,51,9,0,11,60,11,0,13,74,12,1
2KIX,1760,D,105,GLN,CA,9,38,6,0,10,49,8,0,11,54,9,0,13,65,11,1,13,80,14,1
2KIX,1761,D,105,GLN,C,9,33,7,0,10,48,8,0,12,57,9,0,12,69,12,0,14,82,16,1
2KIX,1762,D,105,GLN,O,8,31,8,0,11,45,8,0,12,59,9,0,14,77,12,0,14,90,16,1
2KIX,1763,D,105,GLN,HN,7,37,6,0,9,44,8,0,10,47,10,0,10,57,10,0,11,66,12,1
2KIX,1764,D,105,GLN,H,9,36,7,0,10,46,8,0,12,60,9,0,13,73,11,1,15,83,15,1
2KIX,1765,D,105,GLN,C,9,35,6,0,9,46,8,1,10,50,10,1,12,61,11,1,13,73,13,1
2KIX,1766,D,105,GLN,C,8,25,5,0,10,40,7,1,11,54,10,1,12,63,12,1,14,78,13,1
2KIX,1767,D,105,GLN,C,7,21,4,1,9,39,7,1,12,58,11,1,15,70,12,1,16,85,14,1
2KIX,1768,D,105,GLN,O,6,23,4,1,10,37,9,1,11,54,10,1,16,79,12,1,20,92,13,1
2KIX,1769,D,105,GLN,N,7,25,4,1,9,41,7,1,11,56,10,1,13,69,12,1,17,80,13,1
2KIX,1770,D,105,GLN,H,8,32,5,0,9,45,7,1,9,51,10,1,11,58,10,1,12,67,13,1
2KIX,1771,D,105,GLN,H,9,33,6,0,9,44,8,0,10,47,10,1,10,55,11,1,12,62,11,1
2KIX,1772,D,105,GLN,H,5,20,4,1,9,35,5,1,10,44,9,1,11,59,12,1,13,68,12,1
2KIX,1773,D,105,GLN,H,8,27,5,0,10,38,9,1,10,50,9,1,13,66,12,1,15,81,14,1
2KIX,1774,D,105,GLN,HN,7,28,4,1,10,39,4,1,10,54,9,1,13,70,11,1,14,75,14,1
2KIX,1775,D,105,GLN,HN,6,23,4,1,8,40,7,1,11,57,10,1,15,66,12,1,19,84,14,1
2KIX,1776,D,106,ILE,N,10,35,8,0,11,45,9,0,12,52,10,0,13,62,13,0,14,73,14,0
2KIX,1777,D,106,ILE,CA,9,28,9,0,10,39,9,0,12,52,10,0,13,65,12,0,14,76,15,0
2KIX,1778,D,106,ILE,C,7,33,8,0,10,41,10,0,12,58,10,0,15,68,13,0,16,86,15,0
2KIX,1779,D,106,ILE,O,7,29,8,0,10,40,9,0,12,56,11,0,14,70,14,0,17,87,16,0
2KIX,1780,D,106,ILE,HN,10,36,7,0,10,47,8,0,12,51,12,0,12,57,12,0,13,68,14,0
2KIX,1781,D,106,ILE,H,9,26,9,0,10,34,10,0,12,50,10,0,13,64,11,0,15,74,14,0
2KIX,1782,D,106,ILE,C,8,28,6,0,8,39,9,0,11,48,11,0,11,58,12,0,13,65,15,0
2KIX,1783,D,106,ILE,C,6,20,5,0,8,31,6,0,9,43,10,0,11,52,11,0,13,67,13,0
2KIX,1784,D,106,ILE,C,8,22,5,0,8,41,6,0,10,53,8,0,11,57,13,0,14,69,15,0
2KIX,1785,D,106,ILE,C,4,12,4,0,7,27,8,0,9,35,10,0,12,52,11,0,14,61,12,0
2KIX,1786,D,106,ILE,H,8,24,5,0,8,35,8,0,11,46,11,0,11,54,12,0,13,62,13,0
2KIX,1787,D,106,ILE,H,3,12,3,0,7,26,5,0,9,38,7,0,9,47,11,0,12,58,13,0
2KIX,1788,D,106,ILE,H,6,23,5,0,8,33,8,0,8,44,8,0,12,55,11,0,16,74,14,0
2KIX,1789,D,106,ILE,H,7,26,5,0,9,41,5,0,9,52,9,0,13,63,13,0,16,73,16,0
2KIX,1790,D,106,ILE,H,6,26,6,0,8,45,6,0,10,53,10,0,11,58,12,0,14,68,15,0
2KIX,1791,D,106,ILE,H,5,19,4,0,7,30,6,0,8,47,7,0,11,54,11,0,12,65,14,0
2KIX,1792,D,106,ILE,H,3,12,2,0,6,23,7,0,9,35,11,0,10,43,11,0,13,57,12,0
2KIX,1793,D,106,ILE,H,6,19,5,0,6,27,9,0,11,41,10,0,13,53,10,0,14,68,13,0
2KIX,1794,D,106,ILE,H,3,12,2,0,5,20,5,0,7,32,8,0,11,45,10,0,13,58,11,0
2KIX,1795,D,107,LEU,N,8,39,7,0,9,46,10,0,12,57,11,0,15,72,14,0,18,89,15,0
2KIX,1796,D,107,LEU,CA,7,36,8,0,9,48,10,0,12,60,13,0,19,78,15,0,23,96,19,0
2KIX,1797,D,107,LEU,C,7,35,7,0,9,47,11,0,12,64,11,0,16,81,15,0,24,104,21,0
2KIX,1798,D,107,LEU,O,7,29,7,0,10,46,10,0,13,68,14,0,16,85,16,0,22,103,23,0
2KIX,1799,D,107,LEU,HN,8,37,6,0,10,49,9,0,12,59,11,0,14,70,12,0,18,84,17,0
2KIX,1800,D,107,LEU,H,7,30,8,0,9,47,10,0,13,62,14,0,19,81,15,0,23,99,21,0
2KIX,1801,D,107,LEU,C,8,35,7,0,10,49,7,0,15,60,14,0,18,78,17,0,24,99,20,0
2KIX,1802,D,107,LEU,C,9,36,7,0,12,48,10,0,15,60,16,0,20,85,19,0,25,110,22,0
2KIX,1803,D,107,LEU,C,6,31,8,0,11,49,11,0,14,63,15,0,21,87,16,0,23,110,21,0
2KIX,1804,D,107,LEU,C,6,30,5,0,11,45,12,0,15,59,14,0,20,87,20,0,24,118,25,0
2KIX,1805,D,107,LEU,H,7,33,6,0,10,48,8,0,15,64,15,0,17,77,17,0,24,100,20,0
2KIX,1806,D,107,LEU,H,7,30,7,0,11,43,8,0,13,65,13,0,18,82,18,0,22,104,21,0
2KIX,1807,D,107,LEU,H,8,36,7,0,14,49,11,0,17,61,16,0,18,78,20,0,23,107,22,0
2KIX,1808,D,107,LEU,H,7,27,8,0,9,46,12,0,17,68,14,0,20,87,17,0,23,112,24,0
2KIX,1809,D,107,LEU,H,6,28,5,0,10,43,11,0,16,67,14,0,21,90,16,0,24,110,20,0
2KIX,1810,D,107,LEU,H,8,32,7,0,10,47,11,0,18,65,15,0,20,84,15,0,24,106,20,0
2KIX,1811,D,107,LEU,H,5,28,5,0,12,41,10,0,12,56,13,0,18,85,20,0,25,126,24,0
2KIX,1812,D,107,LEU,H,6,25,7,0,12,40,11,0,17,63,15,0,19,84,20,0,26,124,26,0
2KIX,1813,D,107,LEU,H,6,27,8,0,10,48,11,0,17,63,13,0,21,87,18,0,23,115,27,0
2KIX,1814,D,108,SER,N,9,40,8,0,9,48,10,0,11,57,13,0,17,85,16,0,23,113,18,0
2KIX,1815,D,108,SER,CA,8,39,8,0,10,49,10,0,12,63,14,0,17,88,16,0,24,115,19,0
2KIX,1816,D,108,SER,C,9,35,8,0,9,48,10,0,15,69,14,0,15,82,16,0,25,105,20,0
2KIX,1817,D,108,SER,O,7,32,9,0,11,48,11,0,14,67,13,0,16,85,15,0,23,106,22,0
2KIX,1818,D,108,SER,HN,8,39,8,0,10,47,10,0,12,63,12,0,16,83,14,0,22,105,19,0
2KIX,1819,D,108,SER,H,7,32,8,0,10,49,11,0,14,63,14,0,18,93,15,0,26,118,22,0
2KIX,1820,D,108,SER,C,8,41,8,0,10,54,9,0,15,65,14,0,19,85,16,0,24,112,21,1
2KIX,1821,D,108,SER,OH,8,36,7,0,12,56,11,0,14,69,13,0,19,80,15,1,20,105,18,1
2KIX,1822,D,108,SER,H,9,39,8,0,12,53,10,0,16,68,13,0,18,88,18,0,24,108,20,1
2KIX,1823,D,108,SER,H,9,39,7,0,11,51,8,0,14,64,13,0,18,85,17,0,23,110,21,0
2KIX,1824,D,108,SER,HO,7,30,8,0,12,55,10,0,14,68,13,0,19,82,16,1,20,102,17,1
2KIX,1825,D,109,ILE,N,9,35,8,0,9,43,11,0,12,58,13,0,15,76,16,0,22,93,16,0
2KIX,1826,D,109,ILE,CA,7,33,8,0,10,44,9,0,11,49,12,0,13,68,15,0,20,86,17,0
2KIX,1827,D,109,ILE,C,8,30,8,0,9,44,10,0,11,52,10,0,12,61,13,0,16,84,18,0
2KIX,1828,D,109,ILE,O,8,33,8,0,9,40,9,0,10,52,11,0,13,63,14,0,17,76,16,0
2KIX,1829,D,109,ILE,HN,8,29,8,0,10,42,11,0,11,60,13,0,16,77,14,0,20,97,17,0
2KIX,1830,D,109,ILE,H,7,33,8,0,9,42,10,0,12,53,11,0,15,65,15,0,19,86,18,0
2KIX,1831,D,109,ILE,C,7,28,6,0,9,36,7,0,10,45,11,0,13,58,14,0,18,81,15,0
2KIX,1832,D,109,ILE,C,8,21,5,0,9,30,9,0,10,49,10,0,16,69,13,0,18,80,15,1
2KIX,1833,D,109,ILE,C,6,23,6,0,7,33,7,0,10,39,9,0,10,48,13,0,14,60,14,0
2KIX,1834,D,109,ILE,C,6,15,6,0,6,24,8,0,12,40,8,0,15,59,12,1,16,75,16,1
2KIX,1835,D,109,ILE,H,8,23,7,0,9,34,8,0,11,45,12,0,14,61,13,0,17,79,14,0
2KIX,1836,D,109,ILE,H,5,18,4,0,9,32,7,0,10,47,11,0,14,64,13,1,18,79,17,1
2KIX,1837,D,109,ILE,H,8,19,6,0,8,33,9,0,14,60,10,0,16,77,15,1,19,89,16,1
2KIX,1838,D,109,ILE,H,3,16,4,0,7,28,6,0,9,36,7,0,10,42,12,0,12,57,14,0
2KIX,1839,D,109,ILE,H,4,21,5,0,7,33,7,0,9,39,9,0,11,48,11,0,14,59,13,0
2KIX,1840,D,109,ILE,H,6,24,5,0,8,33,7,0,8,40,9,0,11,47,11,0,12,59,15,0
2KIX,1841,D,109,ILE,H,3,11,3,0,6,20,6,0,11,33,8,0,14,48,9,0,15,67,16,1
2KIX,1842,D,109,ILE,H,6,20,7,0,8,25,8,0,13,40,9,0,14,57,13,0,15,79,15,1
2KIX,1843,D,109,ILE,H,5,12,4,0,9,25,7,0,10,39,9,1,15,57,11,1,16,77,14,1
2KIX,1844,D,110,SER,N,8,36,7,0,9,43,10,0,10,57,10,0,13,67,13,0,16,89,18,0
2KIX,1845,D,110,SER,CA,7,33,8,0,9,44,8,0,9,58,10,0,13,75,15,0,18,92,17,0
2KIX,1846,D,110,SER,C,8,34,7,0,9,47,9,0,11,61,11,0,15,82,15,0,18,101,20,0
2KIX,1847,D,110,SER,O,7,31,8,0,10,42,8,0,12,64,11,0,16,84,15,0,18,103,20,0
2KIX,1848,D,110,SER,HN,7,32,7,0,9,45,9,0,12,56,12,0,12,75,13,0,17,87,19,0
2KIX,1849,D,110,SER,H,7,30,7,0,9,39,8,0,10,52,9,0,12,74,12,0,15,88,17,0
2KIX,1850,D,110,SER,C,8,36,6,0,8,44,9,0,10,61,12,0,13,76,16,0,19,94,19,0
2KIX,1851,D,110,SER,OH,7,29,5,0,8,40,7,0,9,51,12,0,13,71,14,0,17,85,17,0
2KIX,1852,D,110,SER,H,8,33,6,0,8,49,8,0,13,60,14,0,15,80,17,0,21,100,21,0
2KIX,1853,D,110,SER,H,7,32,5,0,10,50,10,0,12,62,13,0,14,74,15,0,20,93,20,0
2KIX,1854,D,110,SER,HO,6,22,4,0,8,39,5,0,9,49,8,0,11,68,13,0,14,81,17,0
2KIX,1855,D,111,SER,N,8,38,8,0,9,48,10,0,10,63,11,0,15,82,17,0,22,105,22,0
2KIX,1856,D,111,SER,CA,8,35,8,0,9,45,9,0,9,61,13,0,18,82,19,0,24,112,24,0
2KIX,1857,D,111,SER,C,8,37,7,0,9,48,10,0,13,60,11,0,17,77,19,0,24,106,24,0
2KIX,1858,D,111,SER,O,7,33,8,0,11,47,9,0,13,63,13,0,19,79,18,0,26,105,25,0
2KIX,1859,D,111,SER,HN,9,34,8,0,9,51,9,0,11,62,12,0,15,83,19,0,21,103,21,0
2KIX,1860,D,111,SER,H,7,30,8,0,9,44,11,0,15,62,14,0,18,90,18,0,27,117,22,0
2KIX,1861,D,111,SER,C,8,29,6,0,8,41,10,0,13,62,13,0,18,86,21,0,28,116,26,0
2KIX,1862,D,111,SER,OH,8,27,7,0,10,40,9,0,13,65,15,0,20,94,21,0,24,124,25,0
2KIX,1863,D,111,SER,H,7,28,5,0,8,41,9,0,13,54,15,0,19,81,20,0,30,129,27,0
2KIX,1864,D,111,SER,H,8,24,5,0,9,44,10,0,11,70,14,0,18,90,20,0,26,115,27,0
2KIX,1865,D,111,SER,HO,8,29,8,0,10,43,12,0,15,67,14,0,18,94,20,0,25,116,25,0
2KIX,1866,D,112,PHE,N,8,31,8,0,8,42,11,0,13,52,12,0,15,68,18,0,22,95,21,0
2KIX,1867,D,112,PHE,CA,7,30,8,0,9,38,10,0,13,50,13,0,16,68,17,0,21,89,21,0
2KIX,1868,D,112,PHE,C,8,28,7,0,9,36,9,0,12,50,11,0,13,63,15,0,18,85,19,0
2KIX,1869,D,112,PHE,O,8,26,8,0,10,37,8,0,11,52,11,0,15,68,14,0,20,82,19,0
2KIX,1870,D,112,PHE,HN,7,32,8,0,9,40,10,0,12,51,14,0,16,71,15,0,19,92,20,0
2KIX,1871,D,112,PHE,H,8,29,8,0,12,42,10,0,14,52,14,0,17,68,19,0,22,91,22,0
2KIX,1872,D,112,PHE,C,7,29,6,0,9,36,9,0,12,47,13,0,16,64,17,0,23,84,19,0
2KIX,1873,D,112,PHE,C,7,24,5,0,8,34,7,0,11,45,11,0,15,57,17,0,21,75,18,0
2KIX,1874,D,112,PHE,C,4,18,5,0,9,32,8,0,14,48,12,0,17,61,17,0,21,75,22,0
2KIX,1875,D,112,PHE,C,5,17,5,0,8,28,5,0,8,37,9,0,10,46,14,0,17,66,17,0
2KIX,1876,D,112,PHE,C,2,10,2,0,4,25,7,0,12,42,10,0,15,55,14,0,20,72,19,0
2KIX,1877,D,112,PHE,C,2,8,2,0,5,19,4,0,8,31,8,0,9,44,10,0,17,60,16,0
2KIX,1878,D,112,PHE,C,2,5,1,0,2,16,3,0,7,32,8,0,12,48,11,0,17,62,15,0
2KIX,1879,D,112,PHE,H,7,25,7,0,10,37,11,0,13,52,15,0,20,70,18,0,24,89,22,0
2KIX,1880,D,112,PHE,H,7,27,6,0,8,35,9,0,11,44,13,0,16,64,15,0,19,73,17,0
2KIX,1881,D,112,PHE,H,5,19,6,0,11,39,9,0,16,53,13,0,19,67,21,0,23,82,23,0
2KIX,1882,D,112,PHE,H,7,19,5,0,8,26,5,0,8,35,10,0,10,44,14,0,13,62,14,0
2KIX,1883,D,112,PHE,H,3,9,2,0,5,26,6,0,10,35,10,0,16,58,15,0,19,74,20,0
2KIX,1884,D,112,PHE,H,2,8,2,0,4,15,2,0,7,24,6,0,8,36,9,0,10,50,10,0
2KIX,1885,D,112,PHE,H,1,2,0,0,2,8,0,0,5,21,5,0,6,40,9,0,15,55,13,0
2KIX,1886,D,113,ILE,N,8,32,7,0,9,39,10,0,10,48,10,0,12,62,13,0,17,80,16,0
2KIX,1887,D,113,ILE,CA,7,30,7,0,9,38,8,0,10,46,11,0,11,59,11,0,15,78,15,0
2KIX,1888,D,113,ILE,C,8,31,7,0,9,39,9,0,10,50,10,0,13,67,13,0,20,92,14,0
2KIX,1889,D,113,ILE,O,8,30,8,0,9,40,8,0,12,52,10,0,15,69,12,0,19,90,16,0
2KIX,1890,D,113,ILE,HN,7,32,8,0,9,41,9,0,11,49,11,0,12,64,13,0,15,82,17,0
2KIX,1891,D,113,ILE,H,7,25,7,0,8,36,8,0,10,43,9,0,11,55,11,0,14,71,12,0
2KIX,1892,D,113,ILE,C,7,25,5,0,8,38,7,0,9,45,10,0,10,59,11,0,12,72,13,0
2KIX,1893,D,113,ILE,C,6,21,5,0,8,27,7,0,8,43,8,0,11,53,11,0,12,61,13,0
2KIX,1894,D,113,ILE,C,7,20,4,0,8,34,5,0,9,42,9,0,9,50,11,0,12,63,12,0
2KIX,1895,D,113,ILE,C,5,14,3,0,5,21,6,0,8,35,8,0,11,51,9,0,12,60,12,0
2KIX,1896,D,113,ILE,H,8,23,6,0,8,37,8,0,10,53,9,0,11,65,13,0,16,76,13,0
2KIX,1897,D,113,ILE,H,4,18,3,0,8,26,5,0,8,38,7,0,9,48,10,0,11,57,12,0
2KIX,1898,D,113,ILE,H,6,22,6,0,8,32,7,0,9,43,9,0,12,54,12,0,12,66,13,0
2KIX,1899,D,113,ILE,H,4,19,4,0,8,31,6,0,8,39,8,0,10,49,9,0,11,57,11,0
2KIX,1900,D,113,ILE,H,6,24,4,0,8,35,8,0,8,45,8,0,10,52,12,0,16,72,14,0
2KIX,1901,D,113,ILE,H,3,14,3,0,7,27,4,0,8,38,6,0,9,47,11,0,9,60,12,0
2KIX,1902,D,113,ILE,H,5,16,4,0,5,24,7,0,8,39,8,0,11,55,9,0,12,69,11,0
2KIX,1903,D,113,ILE,H,5,16,2,0,5,20,5,0,6,30,8,0,11,41,9,0,11,57,10,0
2KIX,1904,D,113,ILE,H,2,9,2,0,4,16,3,0,7,32,6,0,8,47,9,0,12,57,10,0
2KIX,1905,D,114,LEU,N,8,33,7,0,9,38,10,0,12,55,12,0,18,70,13,0,23,99,18,0
2KIX,1906,D,114,LEU,CA,7,31,8,0,11,45,9,0,15,58,12,0,20,84,16,0,25,105,21,0
2KIX,1907,D,114,LEU,C,9,31,7,0,12,41,9,0,16,61,11,0,19,89,16,0,26,116,23,0
2KIX,1908,D,114,LEU,O,10,30,8,0,15,43,8,0,17,67,12,0,19,94,18,0,31,119,21,0
2KIX,1909,D,114,LEU,HN,8,29,8,0,9,41,10,0,12,60,12,0,17,73,12,0,22,97,20,0
2KIX,1910,D,114,LEU,H,8,31,7,0,14,42,10,0,16,61,12,0,20,82,14,0,25,107,20,0
2KIX,1911,D,114,LEU,C,8,31,7,0,13,46,10,0,15,63,16,0,22,87,19,0,31,116,22,0
2KIX,1912,D,114,LEU,C,10,32,7,0,14,51,10,0,20,63,17,0,26,89,20,0,33,120,23,0
2KIX,1913,D,114,LEU,C,8,28,6,0,13,47,10,0,22,66,16,0,28,97,20,0,32,123,24,0
2KIX,1914,D,114,LEU,C,10,33,7,0,17,51,12,0,21,71,14,0,28,92,19,0,32,130,26,0
2KIX,1915,D,114,LEU,H,9,28,7,0,12,39,9,0,15,64,16,0,23,85,19,0,26,116,22,0
2KIX,1916,D,114,LEU,H,8,24,7,0,14,43,9,0,17,62,15,0,22,91,20,0,31,123,23,0
2KIX,1917,D,114,LEU,H,9,35,6,0,15,50,11,0,22,62,15,0,24,84,20,0,31,112,24,0
2KIX,1918,D,114,LEU,H,8,23,7,0,14,46,10,0,22,73,17,0,27,98,20,0,32,126,27,0
2KIX,1919,D,114,LEU,H,7,27,9,0,13,45,11,0,19,71,18,0,28,93,19,0,32,118,25,0
2KIX,1920,D,114,LEU,H,9,23,7,0,12,46,12,0,23,74,13,0,28,98,18,0,29,121,25,0
2KIX,1921,D,114,LEU,H,9,34,6,0,17,50,11,0,24,71,16,0,29,98,20,0,32,130,25,0
2KIX,1922,D,114,LEU,H,11,34,10,0,14,52,11,0,23,69,12,0,26,90,17,0,30,125,27,0
2KIX,1923,D,114,LEU,H,9,28,6,0,18,46,10,0,19,70,13,0,29,95,20,0,34,137,25,0
2KIX,1924,D,115,SER,N,9,34,8,0,10,48,10,0,14,65,13,0,20,86,17,0,27,113,19,0
2KIX,1925,D,115,SER,CA,9,36,8,0,12,53,11,0,15,66,15,0,22,86,16,0,28,119,23,0
2KIX,1926,D,115,SER,C,9,33,7,0,12,55,10,0,15,70,13,0,20,84,16,0,25,114,20,0
2KIX,1927,D,115,SER,O,10,36,8,0,12,49,9,0,17,71,13,0,22,93,17,0,28,121,20,0
2KIX,1928,D,115,SER,HN,9,32,8,0,10,50,10,0,13,64,14,0,16,81,16,0,29,102,18,0
2KIX,1929,D,115,SER,H,9,33,8,0,15,47,11,0,18,66,15,0,25,99,17,0,33,134,24,0
2KIX,1930,D,115,SER,C,10,39,9,0,12,53,11,0,18,65,14,0,23,89,20,0,27,109,22,0
2KIX,1931,D,115,SER,OH,11,36,8,0,15,55,11,0,19,71,20,0,22,91,20,0,29,115,23,0
2KIX,1932,D,115,SER,H,8,33,9,0,11,53,11,0,18,68,16,0,24,87,19,0,25,107,25,0
2KIX,1933,D,115,SER,H,9,35,9,0,10,54,11,0,17,64,14,0,22,84,20,0,25,106,23,0
2KIX,1934,D,115,SER,HO,9,33,6,0,15,52,12,0,19,76,18,0,20,90,21,0,26,112,25,0
2KIX,1935,D,116,ALA,N,9,40,7,0,10,50,9,0,13,67,11,0,16,78,15,0,24,94,17,0
2KIX,1936,D,116,ALA,CA,7,35,8,0,10,50,8,0,11,58,12,0,15,72,12,0,18,92,17,0
2KIX,1937,D,116,ALA,C,9,34,7,0,10,46,9,0,14,59,10,0,14,72,12,0,20,94,15,0
2KIX,1938,D,116,ALA,O,9,32,8,0,11,44,8,0,13,59,10,0,15,75,12,0,20,92,15,0
2KIX,1939,D,116,ALA,HN,7,34,7,0,10,48,9,0,13,62,12,0,15,80,14,0,23,89,18,0
2KIX,1940,D,116,ALA,H,7,32,7,0,9,46,8,0,12,60,10,0,15,72,13,0,20,91,17,0
2KIX,1941,D,116,ALA,C,7,33,5,0,8,42,7,0,10,52,10,0,12,64,12,0,16,79,14,0
2KIX,1942,D,116,ALA,H,8,29,6,0,8,41,8,0,10,50,10,0,12,65,12,0,15,80,13,0
2KIX,1943,D,116,ALA,H,8,26,5,0,8,37,6,0,8,50,10,0,12,66,13,0,17,79,14,0
2KIX,1944,D,116,ALA,H,7,26,5,0,8,41,6,0,9,46,9,0,11,56,11,0,14,71,12,0
2KIX,1945,D,117,LEU,N,8,33,7,0,11,41,10,0,13,60,10,0,17,72,12,0,19,90,13,0
2KIX,1946,D,117,LEU,CA,8,30,7,0,11,38,8,0,13,54,11,0,17,76,11,0,23,102,16,0
2KIX,1947,D,117,LEU,C,11,36,8,0,12,46,9,0,16,64,10,0,20,86,14,0,25,112,16,0
2KIX,1948,D,117,LEU,O,11,35,8,0,13,47,8,0,18,67,10,0,21,84,13,0,24,103,17,0
2KIX,1949,D,117,LEU,HN,8,29,8,0,10,46,9,0,13,57,11,0,16,73,11,0,18,90,14,0
2KIX,1950,D,117,LEU,H,9,25,7,0,11,38,9,0,13,51,9,0,15,73,11,0,20,97,15,0
2KIX,1951,D,117,LEU,C,9,28,6,0,11,42,7,0,15,57,11,0,18,79,15,0,25,99,16,0
2KIX,1952,D,117,LEU,C,8,23,5,0,9,44,6,0,18,62,13,0,20,76,15,0,25,97,18,0
2KIX,1953,D,117,LEU,C,5,20,4,0,9,38,7,0,13,56,11,0,20,73,13,0,25,87,17,0
2KIX,1954,D,117,LEU,C,3,26,4,0,11,41,6,0,16,59,11,0,20,76,16,0,28,94,20,0
2KIX,1955,D,117,LEU,H,8,25,5,0,9,37,7,0,12,49,9,0,16,67,13,0,22,91,16,0
2KIX,1956,D,117,LEU,H,9,25,7,0,11,44,8,0,17,59,11,0,19,82,15,0,23,101,16,0
2KIX,1957,D,117,LEU,H,9,29,5,0,14,49,9,0,19,67,12,0,21,84,15,0,29,106,19,0
2KIX,1958,D,117,LEU,H,3,12,3,0,7,29,5,0,11,44,8,0,14,66,12,0,21,78,15,0
2KIX,1959,D,117,LEU,H,6,19,5,0,9,35,8,0,14,50,8,0,19,74,11,0,24,90,17,0
2KIX,1960,D,117,LEU,H,3,14,2,0,9,36,7,0,12,59,9,0,22,70,13,0,26,92,18,0
2KIX,1961,D,117,LEU,H,3,18,2,0,6,32,5,0,12,47,10,0,18,68,12,0,25,87,19,0
2KIX,1962,D,117,LEU,H,4,26,3,0,10,40,6,0,16,58,11,0,24,75,17,0,27,96,21,0
2KIX,1963,D,117,LEU,H,4,28,3,0,12,41,10,0,16,56,12,0,24,84,15,0,30,99,22,0
2KIX,1964,D,118,HIS,N,9,36,8,0,13,51,10,0,13,67,11,0,17,90,15,0,28,119,20,0
2KIX,1965,D,118,HIS,CA,10,43,8,0,12,55,9,0,14,70,12,0,22,95,15,0,29,120,21,0
2KIX,1966,D,118,HIS,C,9,40,8,0,12,59,9,0,16,77,11,0,23,89,13,0,26,115,22,0
2KIX,1967,D,118,HIS,O,10,42,8,0,13,64,8,0,17,80,11,0,22,97,15,0,28,109,23,0
2KIX,1968,D,118,HIS,HN,10,35,8,0,12,51,10,0,14,66,11,0,16,89,16,0,27,119,20,0
2KIX,1969,D,118,HIS,H,11,42,8,0,12,57,9,0,17,74,12,0,25,100,15,0,30,123,21,0
2KIX,1970,D,118,HIS,C,11,39,6,0,11,58,11,0,19,71,13,0,22,100,17,0,33,128,24,0
2KIX,1971,D,118,HIS,C,12,42,6,0,16,61,8,0,19,78,13,0,24,103,18,0,35,143,25,0
2KIX,1972,D,118,HIS,N,10,38,6,0,17,59,11,0,21,82,15,0,25,105,19,0,33,138,24,0
2KIX,1973,D,118,HIS,C,10,41,4,0,16,56,8,0,18,75,11,0,28,105,18,0,34,147,27,0
2KIX,1974,D,118,HIS,C,8,38,7,0,15,58,11,0,23,87,14,0,28,111,19,0,34,138,25,0
2KIX,1975,D,118,HIS,N,10,35,7,0,14,52,9,0,20,85,12,0,27,115,15,0,36,143,27,0
2KIX,1976,D,118,HIS,H,11,36,5,0,11,53,9,0,17,77,14,0,26,99,19,0,33,130,22,0
2KIX,1977,D,118,HIS,H,9,29,8,0,11,54,9,0,20,75,14,0,23,102,17,0,31,128,22,0
2KIX,1978,D,118,HIS,HN,12,37,6,0,15,58,11,0,21,78,18,0,26,104,20,0,34,132,23,0
2KIX,1979,D,118,HIS,H,8,36,3,0,14,57,7,0,19,75,13,0,27,104,20,0,37,145,26,0
2KIX,1980,D,118,HIS,H,9,38,7,0,15,58,10,0,24,85,16,0,29,110,20,0,36,141,25,0
2KIX,1981,D,118,HIS,HN,10,33,2,0,14,52,9,0,19,84,12,0,30,114,19,0,38,146,27,0
2KIX,1982,D,119,PHE,N,10,36,8,0,13,48,10,0,15,66,12,0,23,83,15,0,28,112,20,0
2KIX,1983,D,119,PHE,CA,9,37,8,0,12,46,9,0,15,64,13,0,19,80,17,0,26,104,20,0
2KIX,1984,D,119,PHE,C,10,34,7,0,11,47,9,0,15,56,10,0,17,78,13,0,24,92,17,0
2KIX,1985,D,119,PHE,O,10,35,8,0,13,43,8,0,15,62,10,0,19,79,13,0,25,93,19,0
2KIX,1986,D,119,PHE,HN,9,37,8,0,12,46,10,0,15,59,13,0,22,91,15,0,26,109,18,0
2KIX,1987,D,119,PHE,H,10,36,9,0,14,50,9,0,16,65,14,0,22,89,18,0,32,106,21,0
2KIX,1988,D,119,PHE,C,9,29,6,0,11,41,10,0,13,52,12,0,19,78,16,0,25,101,17,0
2KIX,1989,D,119,PHE,C,8,25,5,0,10,38,7,0,13,48,11,0,17,64,16,0,21,91,17,0
2KIX,1990,D,119,PHE,C,5,20,4,0,11,39,8,0,16,55,12,0,19,69,16,0,23,86,22,0
2KIX,1991,D,119,PHE,C,4,19,4,0,8,33,5,0,11,40,8,0,13,56,14,0,18,73,16,0
2KIX,1992,D,119,PHE,C,2,12,1,0,4,30,6,0,12,47,9,0,17,61,12,0,21,77,19,0
2KIX,1993,D,119,PHE,C,2,9,2,0,4,21,4,0,9,34,7,0,12,49,11,0,17,65,14,0
2KIX,1994,D,119,PHE,C,1,9,0,0,2,21,4,0,8,36,8,0,14,52,11,0,18,64,14,0
2KIX,1995,D,119,PHE,H,10,27,6,0,11,40,10,0,16,58,14,0,23,83,16,0,27,106,21,0
2KIX,1996,D,119,PHE,H,9,26,6,0,10,38,8,0,13,48,12,0,18,70,13,0,21,92,16,0
2KIX,1997,D,119,PHE,H,4,24,6,0,13,43,7,0,18,61,12,0,22,75,18,0,26,90,23,0
2KIX,1998,D,119,PHE,H,7,17,5,0,9,28,5,0,9,41,9,0,13,50,12,0,15,71,14,0
2KIX,1999,D,119,PHE,H,1,14,2,0,6,22,5,0,11,42,8,0,17,62,14,0,23,77,19,0
2KIX,2000,D,119,PHE,H,2,10,2,0,3,15,3,0,6,27,7,0,10,41,8,0,13,56,11,0
2KIX,2001,D,119,PHE,H,1,5,0,0,2,13,0,0,3,27,5,0,11,39,10,0,16,57,12,0
2KIX,2002,D,120,ILE,N,9,37,7,0,10,46,9,0,14,56,10,0,16,67,12,0,22,91,13,0
2KIX,2003,D,120,ILE,CA,7,31,7,0,10,41,8,0,12,52,11,0,18,62,11,0,20,81,13,0
2KIX,2004,D,120,ILE,C,8,29,7,0,12,46,9,0,17,56,10,0,18,74,12,0,21,90,14,0
2KIX,2005,D,120,ILE,O,8,27,8,0,12,42,8,0,17,57,10,0,20,75,13,0,21,84,15,0
2KIX,2006,D,120,ILE,HN,8,32,7,0,12,46,9,0,14,57,11,0,16,70,11,0,21,90,15,0
2KIX,2007,D,120,ILE,H,7,29,7,0,10,37,8,0,12,47,9,0,15,61,11,0,19,76,13,0
2KIX,2008,D,120,ILE,C,7,26,6,0,8,36,6,0,11,40,10,0,14,57,12,0,18,70,12,0
2KIX,2009,D,120,ILE,C,6,23,5,0,8,30,6,0,9,39,8,0,12,50,11,0,15,65,12,0
2KIX,2010,D,120,ILE,C,6,21,5,0,7,31,6,0,9,35,9,0,13,44,11,0,18,60,12,0
2KIX,2011,D,120,ILE,C,4,14,3,0,5,23,6,0,8,30,6,0,9,46,9,0,14,54,11,0
2KIX,2012,D,120,ILE,H,8,23,6,0,9,36,8,0,12,48,10,0,16,64,12,0,19,73,12,0
2KIX,2013,D,120,ILE,H,4,20,4,0,8,28,5,0,8,36,7,0,11,46,11,0,14,58,12,0
2KIX,2014,D,120,ILE,H,6,22,5,0,7,32,7,0,10,42,9,0,14,56,11,0,15,71,12,0
2KIX,2015,D,120,ILE,H,5,23,5,0,8,30,8,0,11,38,9,0,15,50,10,0,18,68,13,0
2KIX,2016,D,120,ILE,H,3,12,3,0,7,27,5,0,9,32,7,0,11,39,10,0,13,50,11,0
2KIX,2017,D,120,ILE,H,4,18,3,0,6,28,6,0,8,35,8,0,9,42,9,0,16,57,12,0
2KIX,2018,D,120,ILE,H,4,11,3,0,5,18,5,0,5,27,7,0,10,43,8,0,12,56,9,0
2KIX,2019,D,120,ILE,H,2,7,3,0,3,17,3,0,8,28,6,0,8,35,7,0,10,46,11,0
2KIX,2020,D,120,ILE,H,5,14,3,0,5,22,6,0,7,32,9,0,11,49,9,0,13,58,11,0
2KIX,2021,D,121,ALA,N,10,38,8,0,15,52,10,0,16,67,11,0,18,79,12,0,23,97,15,0
2KIX,2022,D,121,ALA,CA,11,42,8,0,14,55,9,0,16,65,12,0,21,85,15,0,26,99,16,0
2KIX,2023,D,121,ALA,C,13,45,7,0,15,60,9,0,18,71,11,0,23,87,15,0,29,108,18,0
2KIX,2024,D,121,ALA,O,11,40,8,0,17,58,9,0,19,68,11,0,23,88,16,0,28,107,19,0
2KIX,2025,D,121,ALA,HN,9,39,8,0,13,54,10,0,17,70,11,0,19,79,13,0,22,96,14,0
2KIX,2026,D,121,ALA,H,10,33,8,0,12,50,8,0,16,61,11,0,20,77,14,0,24,98,16,0
2KIX,2027,D,121,ALA,C,13,45,6,0,14,55,10,0,19,67,13,0,24,82,16,0,29,115,20,0
2KIX,2028,D,121,ALA,H,11,37,5,0,13,51,9,0,18,68,12,0,24,81,17,0,27,109,21,0
2KIX,2029,D,121,ALA,H,11,42,6,0,16,55,9,0,19,65,13,0,24,86,20,0,32,114,20,0
2KIX,2030,D,121,ALA,H,12,42,8,0,14,61,9,0,21,74,12,0,24,92,16,0,30,120,21,0
2KIX,2031,D,122,TRP,N,11,38,8,0,14,53,10,0,16,69,12,0,23,86,14,0,28,109,22,0
2KIX,2032,D,122,TRP,CA,12,35,8,0,14,48,10,0,19,69,11,0,25,93,18,0,31,116,20,0
2KIX,2033,D,122,TRP,C,11,32,8,0,15,50,9,0,18,65,12,0,23,88,17,0,29,106,20,0
2KIX,2034,D,122,TRP,O,11,31,8,0,14,40,10,0,18,68,14,0,25,89,17,0,27,104,21,0
2KIX,2035,D,122,TRP,HN,12,37,8,0,13,58,10,0,17,72,11,0,22,85,14,0,28,107,18,0
2KIX,2036,D,122,TRP,H,11,33,8,0,16,45,9,0,20,66,13,0,25,96,19,0,35,123,22,0
2KIX,2037,D,122,TRP,C,11,38,6,0,15,54,11,0,20,76,16,0,27,93,17,0,34,120,21,0
2KIX,2038,D,122,TRP,C,12,35,7,0,19,55,11,0,21,70,16,0,27,94,22,0,37,123,23,0
2KIX,2039,D,122,TRP,C,12,31,7,0,18,55,10,0,21,70,17,0,27,87,22,0,34,121,25,0
2KIX,2040,D,122,TRP,C,11,33,6,0,19,50,11,0,22,72,15,0,32,94,22,0,39,130,24,0
2KIX,2041,D,122,TRP,N,11,26,5,0,19,46,12,0,22,73,17,0,28,100,21,0,37,122,26,0
2KIX,2042,D,122,TRP,C,11,28,5,0,16,48,14,0,24,70,18,0,31,99,21,0,39,126,26,0
2KIX,2043,D,122,TRP,C,9,30,4,0,16,48,10,0,23,71,15,0,30,94,22,0,41,137,27,0
2KIX,2044,D,122,TRP,C,12,28,5,0,18,46,12,0,22,65,18,0,32,94,22,0,39,133,24,0
2KIX,2045,D,122,TRP,C,6,32,5,0,15,43,8,0,26,65,13,0,34,92,19,0,40,137,30,0
2KIX,2046,D,122,TRP,C,8,30,4,0,17,42,10,0,24,65,13,0,31,94,22,0,45,138,27,0
2KIX,2047,D,122,TRP,H,12,34,6,0,15,56,10,0,22,82,14,0,29,100,16,0,32,123,23,0
2KIX,2048,D,122,TRP,H,10,36,8,0,13,59,10,0,19,73,14,0,28,89,16,0,31,108,21,0
2KIX,2049,D,122,TRP,H,10,39,6,0,17,50,9,0,20,64,15,0,25,85,21,0,32,109,24,0
2KIX,2050,D,122,TRP,HN,11,24,4,0,17,41,13,0,21,69,17,0,27,101,22,0,34,118,25,0
2KIX,2051,D,122,TRP,H,10,28,3,0,14,46,9,0,22,71,13,0,28,101,20,0,42,135,27,0
2KIX,2052,D,122,TRP,H,14,30,7,0,19,50,11,0,23,67,19,0,28,90,20,0,39,127,25,0
2KIX,2053,D,122,TRP,H,6,25,4,0,12,44,7,0,24,64,10,0,34,96,22,0,46,134,31,0
2KIX,2054,D,122,TRP,H,11,30,5,0,17,43,10,0,23,65,15,0,32,93,22,0,46,131,28,0
2KIX,2055,D,123,THR,N,9,39,8,0,14,54,10,0,17,69,11,0,22,88,15,0,27,105,19,0
2KIX,2056,D,123,THR,CA,9,36,8,0,13,48,8,0,16,63,12,0,19,76,13,0,23,96,17,0
2KIX,2057,D,123,THR,C,11,32,7,0,12,42,10,0,14,60,11,0,21,75,14,0,23,89,16,0
2KIX,2058,D,123,THR,O,10,30,8,0,14,43,9,0,14,53,11,0,18,72,15,0,23,86,17,0
2KIX,2059,D,123,THR,HN,11,40,8,0,12,55,10,0,17,67,11,0,22,88,13,0,24,105,19,0
2KIX,2060,D,123,THR,H,10,33,8,0,12,50,9,0,16,59,10,0,18,79,15,0,23,95,19,0
2KIX,2061,D,123,THR,C,7,32,6,0,10,44,6,0,13,53,10,0,16,70,13,0,20,81,14,0
2KIX,2062,D,123,THR,OH,7,28,5,0,9,41,7,0,13,58,10,0,17,70,12,0,20,86,14,0
2KIX,2063,D,123,THR,C,7,21,5,0,8,39,5,0,12,47,9,0,13,55,12,0,19,70,12,0
2KIX,2064,D,123,THR,H,8,32,6,0,9,40,8,0,14,50,10,0,16,70,13,0,22,82,13,0
2KIX,2065,D,123,THR,HO,5,27,6,0,9,35,7,0,12,58,9,0,16,69,11,0,21,84,14,0
2KIX,2066,D,123,THR,H,7,21,5,0,10,33,7,0,11,47,10,0,15,55,12,0,17,67,14,0
2KIX,2067,D,123,THR,H,2,18,3,0,6,32,5,0,11,41,6,0,12,50,11,0,15,60,12,0
2KIX,2068,D,123,THR,H,5,22,4,0,10,38,6,0,12,48,9,0,14,57,9,0,18,70,14,0
2KIX,2069,D,124,ILE,N,9,30,9,0,12,40,11,0,15,53,11,0,21,70,13,0,23,91,16,0
2KIX,2070,D,124,ILE,CA,8,28,8,0,12,34,10,0,14,47,12,0,19,64,12,0,24,88,17,0
2KIX,2071,D,124,ILE,C,10,28,8,0,13,37,10,0,15,51,12,0,20,72,16,0,29,94,17,0
2KIX,2072,D,124,ILE,O,8,27,9,0,12,33,9,0,16,56,13,0,22,71,14,0,25,82,19,0
2KIX,2073,D,124,ILE,HN,8,27,8,0,12,44,10,0,19,56,12,0,21,74,12,0,22,87,15,0
2KIX,2074,D,124,ILE,H,8,25,8,0,10,30,9,0,14,38,11,0,16,57,13,0,22,76,16,0
2KIX,2075,D,124,ILE,C,10,20,6,0,11,34,9,0,13,44,11,0,17,58,14,0,24,87,14,0
2KIX,2076,D,124,ILE,C,6,19,6,0,11,26,8,0,11,39,10,0,15,53,12,0,19,66,14,0
2KIX,2077,D,124,ILE,C,10,18,6,0,10,30,6,0,12,38,12,0,17,55,13,0,24,81,16,0
2KIX,2078,D,124,ILE,C,6,16,4,0,8,22,7,0,13,32,10,0,15,54,10,0,16,69,13,0
2KIX,2079,D,124,ILE,H,11,24,8,0,12,36,9,0,15,51,13,0,19,73,14,0,25,86,16,0
2KIX,2080,D,124,ILE,H,5,15,4,0,10,25,6,0,11,32,8,0,14,43,12,0,17,61,13,0
2KIX,2081,D,124,ILE,H,6,18,5,0,10,28,8,0,12,44,10,0,16,57,12,0,21,70,13,0
2KIX,2082,D,124,ILE,H,5,13,4,0,10,23,6,0,13,39,8,0,15,51,13,0,23,75,19,0
2KIX,2083,D,124,ILE,H,6,16,5,0,11,27,7,0,12,33,9,0,15,49,12,0,22,71,15,0
2KIX,2084,D,124,ILE,H,10,21,6,0,11,29,8,0,12,46,11,0,22,61,15,0,27,89,21,0
2KIX,2085,D,124,ILE,H,5,12,2,0,7,19,6,0,8,28,9,0,15,44,10,0,15,60,11,0
2KIX,2086,D,124,ILE,H,5,11,3,0,8,21,5,0,11,29,9,0,14,51,11,0,19,64,12,0
2KIX,2087,D,124,ILE,H,7,19,5,0,10,29,9,0,14,40,10,0,15,63,11,0,21,76,15,0
2KIX,2088,D,125,GLY,N,11,35,8,0,13,47,11,0,18,63,13,0,21,82,15,0,30,104,21,0
2KIX,2089,D,125,GLY,CA,10,33,10,0,15,53,10,0,18,63,15,0,23,82,18,0,30,103,22,0
2KIX,2090,D,125,GLY,C,10,35,9,0,15,52,11,0,18,63,14,0,21,77,19,0,30,101,23,0
2KIX,2091,D,125,GLY,O,10,29,10,0,17,50,11,0,18,64,14,0,22,78,18,0,31,95,23,0
2KIX,2092,D,125,GLY,HN,11,37,9,0,15,53,11,0,17,65,14,0,23,82,16,0,27,106,19,0
2KIX,2093,D,125,GLY,H,11,27,8,0,14,48,11,0,17,64,13,0,25,86,19,0,29,100,22,0
2KIX,2094,D,125,GLY,H,11,38,8,0,15,54,11,0,20,65,15,0,26,83,18,0,33,107,23,0
2KIX,2095,D,126,HIS,N,10,36,10,0,12,48,12,0,15,56,15,0,23,75,17,0,30,101,22,0
2KIX,2096,D,126,HIS,CA,11,37,9,0,11,45,13,0,14,54,15,0,22,74,18,0,30,102,23,0
2KIX,2097,D,126,HIS,C,10,29,9,0,12,44,11,0,14,51,14,0,17,67,17,0,23,80,21,0
2KIX,2098,D,126,HIS,O,9,29,9,0,13,35,10,0,15,56,14,0,16,64,18,0,24,79,21,0
2KIX,2099,D,126,HIS,HN,10,37,9,0,12,47,12,0,16,59,14,0,23,80,16,0,29,106,20,0
2KIX,2100,D,126,HIS,H,9,33,9,0,14,43,12,0,17,56,14,0,23,78,20,0,31,108,27,0
2KIX,2101,D,126,HIS,C,9,36,8,0,11,44,11,0,17,61,16,0,23,83,21,0,31,109,23,0
2KIX,2102,D,126,HIS,C,9,32,7,0,14,44,9,0,16,57,18,0,22,81,21,0,31,105,24,0
2KIX,2103,D,126,HIS,N,7,26,6,0,11,43,9,0,16,52,15,0,18,65,20,0,25,90,24,0
2KIX,2104,D,126,HIS,C,7,29,5,0,14,43,11,0,19,67,16,0,25,87,23,0,33,113,27,0
2KIX,2105,D,126,HIS,C,6,22,4,0,11,36,11,0,15,55,15,0,19,68,19,0,27,89,22,0
2KIX,2106,D,126,HIS,N,8,25,5,0,12,41,10,0,16,59,16,0,24,80,19,0,30,99,25,0
2KIX,2107,D,126,HIS,H,8,29,7,0,13,45,11,0,19,70,16,0,26,92,21,0,33,119,24,0
2KIX,2108,D,126,HIS,H,8,30,7,0,10,45,10,0,16,59,15,0,22,79,18,0,27,103,22,0
2KIX,2109,D,126,HIS,HN,5,25,8,0,12,40,10,0,13,51,13,0,19,62,19,0,21,76,23,0
2KIX,2110,D,126,HIS,H,7,25,7,0,15,46,11,0,23,74,17,0,29,92,23,0,33,118,28,0
2KIX,2111,D,126,HIS,H,5,18,2,0,9,30,10,0,13,43,13,0,19,61,17,0,25,82,21,0
2KIX,2112,D,126,HIS,HN,7,23,6,0,11,39,11,0,17,61,15,0,21,84,18,0,31,102,25,0
2KIX,2113,D,127,LEU,N,11,32,11,0,13,43,12,0,16,53,13,0,18,61,16,0,23,74,18,0
2KIX,2114,D,127,LEU,CA,11,32,9,0,13,39,11,0,15,44,13,0,17,56,15,0,20,64,17,0
2KIX,2115,D,127,LEU,C,11,30,9,0,12,40,12,0,15,45,13,0,19,49,15,0,22,63,15,0
2KIX,2116,D,127,LEU,O,10,29,9,0,12,36,12,0,15,43,13,0,18,45,14,0,21,52,15,0
2KIX,2117,D,127,LEU,HN,11,33,9,0,13,45,12,0,15,53,13,0,19,62,15,0,26,84,17,0
2KIX,2118,D,127,LEU,H,10,29,8,0,13,37,10,0,15,41,12,0,17,52,14,0,20,63,17,0
2KIX,2119,D,127,LEU,C,10,29,8,0,12,36,10,0,14,42,11,0,17,52,14,0,20,65,15,0
2KIX,2120,D,127,LEU,C,9,22,6,0,11,33,8,0,13,37,10,0,15,43,12,0,18,54,15,0
2KIX,2121,D,127,LEU,C,4,12,3,0,10,25,6,0,11,32,9,0,12,40,10,0,18,48,13,0
2KIX,2122,D,127,LEU,C,7,18,6,0,9,31,7,0,14,37,10,0,15,44,12,0,17,49,14,0
2KIX,2123,D,127,LEU,H,9,24,6,0,11,34,10,0,14,43,12,0,16,54,13,0,19,67,15,0
2KIX,2124,D,127,LEU,H,10,24,7,0,11,38,10,0,14,44,12,0,18,57,14,0,22,65,16,0
2KIX,2125,D,127,LEU,H,8,22,5,0,10,31,7,0,13,37,10,0,14,42,12,0,18,49,14,0
2KIX,2126,D,127,LEU,H,4,12,2,0,7,21,7,0,10,30,10,0,12,41,11,0,19,52,12,0
2KIX,2127,D,127,LEU,H,3,10,3,0,8,19,5,0,12,32,8,0,12,40,11,0,16,50,12,0
2KIX,2128,D,127,LEU,H,3,5,2,0,4,17,4,0,11,27,5,0,11,36,9,0,15,41,12,0
2KIX,2129,D,127,LEU,H,6,18,6,0,9,27,7,0,14,38,10,0,15,44,12,0,18,52,14,0
2KIX,2130,D,127,LEU,H,4,15,4,0,7,21,6,0,13,35,8,0,15,41,10,0,15,45,13,0
2KIX,2131,D,127,LEU,H,9,23,7,0,13,34,9,0,14,39,11,0,15,45,13,0,17,48,15,0
2KIX,2132,D,128,ASN,N,10,34,8,0,12,43,12,0,15,50,12,0,19,58,14,0,23,66,16,0
2KIX,2133,D,128,ASN,CA,9,33,9,0,12,40,11,0,15,47,13,0,18,54,14,0,20,60,16,0
2KIX,2134,D,128,ASN,C,8,32,10,0,13,40,11,0,15,44,13,0,18,49,14,0,21,62,16,0
2KIX,2135,D,128,ASN,O,7,30,9,0,13,35,11,0,14,40,12,0,15,45,14,0,19,53,16,0
2KIX,2136,D,128,ASN,HN,8,32,9,0,12,46,10,0,16,53,13,0,22,65,14,0,22,72,16,0
2KIX,2137,D,128,ASN,H,10,32,9,0,12,38,10,0,13,41,12,0,16,50,14,0,19,54,16,0
2KIX,2138,D,128,ASN,C,11,29,6,0,13,40,10,0,16,48,14,0,20,62,17,0,23,71,17,0
2KIX,2139,D,128,ASN,C,9,25,5,0,12,34,7,0,16,46,13,0,19,62,17,0,20,69,17,0
2KIX,2140,D,128,ASN,O,7,16,3,0,12,30,6,0,16,46,11,0,18,60,15,0,21,70,18,0
2KIX,2141,D,128,ASN,N,8,23,5,0,11,33,7,0,14,43,11,0,17,53,12,0,20,67,17,0
2KIX,2142,D,128,ASN,H,9,25,6,0,13,41,12,0,17,53,15,0,20,70,17,0,25,83,18,0
2KIX,2143,D,128,ASN,H,9,28,7,0,12,34,11,0,15,44,14,0,18,57,16,0,21,68,17,0
2KIX,2144,D,128,ASN,HN,9,26,6,0,11,39,9,0,14,45,12,0,17,54,13,0,20,60,15,0
2KIX,2145,D,128,ASN,HN,8,19,4,0,8,26,6,0,14,40,9,0,18,49,11,0,19,62,15,0
2KIX,2146,D,129,GLN,N,9,30,9,0,12,38,12,0,15,45,14,0,18,59,15,0,24,73,20,0
2KIX,2147,D,129,GLN,CA,8,26,8,0,12,34,11,0,13,43,14,0,19,58,17,0,27,70,20,0
2KIX,2148,D,129,GLN,C,8,26,8,0,10,35,9,0,13,40,14,0,19,50,17,0,26,64,19,0
2KIX,2149,D,129,GLN,O,6,22,8,0,9,28,10,0,14,41,12,0,20,50,16,0,25,62,20,0
2KIX,2150,D,129,GLN,HN,9,32,10,0,12,42,12,0,16,49,14,0,20,65,16,0,25,81,21,0
2KIX,2151,D,129,GLN,H,7,22,9,0,11,31,11,0,13,40,14,0,21,51,16,0,26,69,21,0
2KIX,2152,D,129,GLN,C,10,20,8,0,12,33,10,0,16,50,18,0,22,68,20,0,28,89,22,0
2KIX,2153,D,129,GLN,C,8,21,7,0,15,33,11,0,17,48,15,0,21,65,23,0,28,89,26,0
2KIX,2154,D,129,GLN,C,10,22,7,0,14,33,12,0,20,52,17,0,23,78,23,0,33,102,28,0
2KIX,2155,D,129,GLN,O,10,24,6,0,13,40,12,0,19,56,16,0,25,82,23,0,32,102,28,0
2KIX,2156,D,129,GLN,N,10,20,8,0,13,33,14,0,18,53,17,0,27,79,20,0,31,99,26,0
2KIX,2157,D,129,GLN,H,9,20,6,0,13,36,11,0,17,51,16,0,23,73,20,0,27,94,24,0
2KIX,2158,D,129,GLN,H,9,21,9,0,12,35,10,0,17,55,17,0,22,73,20,0,28,91,22,0
2KIX,2159,D,129,GLN,H,9,22,9,0,15,33,11,0,16,42,15,0,22,61,22,0,28,85,24,0
2KIX,2160,D,129,GLN,H,8,16,6,0,12,35,10,0,18,42,15,0,22,58,21,0,26,83,25,0
2KIX,2161,D,129,GLN,HN,8,19,8,0,13,32,12,0,20,48,18,0,24,74,20,0,30,95,26,0
2KIX,2162,D,129,GLN,HN,9,23,10,0,13,39,13,0,20,60,16,0,25,80,21,0,33,98,25,0
2KIX,2163,D,130,ILE,N,8,27,8,0,11,35,11,0,15,38,14,0,17,46,17,0,26,59,20,0
2KIX,2164,D,130,ILE,CA,7,22,8,0,10,31,9,0,13,36,12,0,15,42,16,0,22,50,17,0
2KIX,2165,D,130,ILE,C,5,23,7,0,8,29,8,0,13,33,11,0,17,38,13,0,18,43,15,0
2KIX,2166,D,130,ILE,O,6,19,6,0,8,28,8,0,10,32,9,0,15,37,12,0,18,40,14,0
2KIX,2167,D,130,ILE,HN,10,33,10,0,12,34,12,0,15,39,13,0,18,48,15,0,22,65,20,0
2KIX,2168,D,130,ILE,H,8,17,8,0,10,28,10,0,12,36,11,0,17,43,15,0,20,51,17,0
2KIX,2169,D,130,ILE,C,8,20,4,0,10,30,8,0,12,35,12,0,15,45,15,0,19,55,18,0
2KIX,2170,D,130,ILE,C,7,22,5,0,11,27,9,0,13,35,11,0,16,44,14,0,19,56,17,0
2KIX,2171,D,130,ILE,C,8,19,6,0,11,25,8,0,12,36,13,0,16,50,17,0,22,63,18,0
2KIX,2172,D,130,ILE,C,6,17,3,0,8,22,6,0,11,30,9,0,14,41,12,0,18,53,16,0
2KIX,2173,D,130,ILE,H,7,14,4,0,9,24,6,0,11,32,9,0,13,37,13,0,17,49,17,0
2KIX,2174,D,130,ILE,H,7,23,8,0,12,31,10,0,15,39,12,0,17,51,16,0,20,67,18,0
2KIX,2175,D,130,ILE,H,6,23,5,0,10,28,9,0,13,36,12,0,15,40,13,0,20,48,14,0
2KIX,2176,D,130,ILE,H,9,22,7,0,11,28,10,0,14,41,16,0,20,58,17,0,26,77,22,0
2KIX,2177,D,130,ILE,H,8,17,5,0,11,25,10,0,13,36,12,0,15,46,16,0,21,66,19,0
2KIX,2178,D,130,ILE,H,7,15,5,0,11,25,8,0,12,34,12,0,16,47,16,0,24,62,19,0
2KIX,2179,D,130,ILE,H,6,14,3,0,7,22,6,0,11,32,9,0,16,37,10,0,17,53,14,0
2KIX,2180,D,130,ILE,H,6,14,3,0,8,22,6,0,9,30,10,0,17,48,13,0,20,60,15,0
2KIX,2181,D,130,ILE,H,4,12,3,0,6,21,3,0,9,26,6,0,12,32,12,0,16,46,13,0
2KIX,2182,D,131,LYS,N,5,22,7,0,7,27,8,0,12,31,11,0,15,37,12,0,17,41,14,0
2KIX,2183,D,131,LYS,CA,6,20,6,0,9,26,7,0,9,27,10,0,12,31,11,0,16,35,12,0
2KIX,2184,D,131,LYS,C,7,16,6,0,8,22,6,0,9,26,9,0,11,30,10,0,13,33,12,0
2KIX,2185,D,131,LYS,O,5,11,6,0,7,16,6,0,8,21,7,0,9,26,9,0,10,29,10,0
2KIX,2186,D,131,LYS,HN,4,20,7,0,8,26,9,0,13,30,11,0,16,37,12,0,18,44,16,0
2KIX,2187,D,131,LYS,H,5,16,6,0,6,22,7,0,9,27,7,0,9,29,10,0,15,33,11,0
2KIX,2188,D,131,LYS,C,8,23,7,0,9,26,10,0,9,29,10,0,12,34,11,0,14,39,12,0
2KIX,2189,D,131,LYS,C,8,18,4,0,8,23,7,0,9,26,9,0,9,27,10,0,12,33,11,0
2KIX,2190,D,131,LYS,C,6,13,3,0,8,21,5,0,9,23,9,0,9,27,10,0,11,34,11,0
2KIX,2191,D,131,LYS,C,6,14,3,0,9,20,5,0,9,25,8,0,9,31,11,0,13,38,11,0
2KIX,2192,D,131,LYS,N,5,9,2,0,6,14,4,0,9,18,5,0,9,27,7,0,12,36,11,0
2KIX,2193,D,131,LYS,H,7,25,6,0,9,26,10,0,11,30,11,0,12,37,12,0,15,40,13,0
2KIX,2194,D,131,LYS,H,9,22,8,0,9,28,10,0,11,31,11,0,12,37,12,0,15,41,13,0
2KIX,2195,D,131,LYS,H,5,13,5,0,8,19,6,0,8,24,7,0,9,26,10,0,9,30,10,0
2KIX,2196,D,131,LYS,H,6,14,3,0,8,22,6,0,9,24,8,0,9,26,9,0,10,30,11,0
2KIX,2197,D,131,LYS,H,7,13,4,0,8,21,7,0,9,24,10,0,10,31,11,0,12,35,11,0
2KIX,2198,D,131,LYS,H,5,8,3,0,6,15,4,0,8,21,6,0,9,23,9,0,9,28,10,0
2KIX,2199,D,131,LYS,H,3,10,2,0,8,19,3,0,9,24,7,0,9,27,11,0,13,34,11,0
2KIX,2200,D,131,LYS,H,9,16,5,0,9,24,6,0,11,31,10,0,13,36,11,0,13,42,12,0
2KIX,2201,D,131,LYS,HN,4,8,2,0,6,14,4,0,7,16,5,0,9,26,6,0,11,32,11,0
2KIX,2202,D,131,LYS,HN,4,10,2,0,5,14,5,0,9,20,6,0,11,30,8,0,12,38,10,0
2KIX,2203,D,131,LYS,HN,2,4,1,0,5,12,2,0,6,15,5,0,9,20,5,0,9,30,10,0
2KIX,2204,D,132,ARG,N,4,17,5,0,6,21,8,0,7,27,9,0,11,31,11,0,15,36,11,0
2KIX,2205,D,132,ARG,CA,3,12,5,0,4,18,5,0,7,20,9,0,10,28,11,0,13,34,12,0
2KIX,2206,D,132,ARG,C,3,11,4,0,4,15,5,0,6,22,7,0,11,26,10,0,15,36,13,0
2KIX,2207,D,132,ARG,O,2,7,3,0,4,11,4,0,6,16,5,0,9,24,6,0,12,29,11,0
2KIX,2208,D,132,ARG,HN,4,20,6,0,7,24,8,0,9,29,10,0,13,35,11,0,16,42,14,0
2KIX,2209,D,132,ARG,H,2,10,4,0,3,13,5,0,7,18,6,0,7,23,9,0,12,31,10,0
2KIX,2210,D,132,ARG,C,3,12,3,0,5,18,7,0,7,20,8,0,10,31,12,0,13,38,12,0
2KIX,2211,D,132,ARG,C,5,13,5,0,6,17,8,0,7,23,11,0,10,34,11,0,13,43,12,0
2KIX,2212,D,132,ARG,C,1,10,3,0,5,13,6,0,6,16,7,0,7,23,10,0,10,38,11,0
2KIX,2213,D,132,ARG,N,2,10,3,0,5,10,4,0,6,15,6,0,6,23,10,0,10,39,11,0
2KIX,2214,D,132,ARG,C,2,8,3,0,3,10,3,0,5,13,4,0,6,15,7,0,6,27,10,0
2KIX,2215,D,132,ARG,N,1,6,1,0,1,8,3,0,3,10,3,0,5,13,5,0,6,17,7,0
2KIX,2216,D,132,ARG,N,2,7,2,0,2,10,3,0,4,11,4,0,5,16,6,0,6,27,10,0
2KIX,2217,D,132,ARG,H,4,14,6,0,6,18,8,0,9,28,12,0,12,35,12,0,14,41,12,0
2KIX,2218,D,132,ARG,H,2,9,3,0,3,13,5,0,7,19,9,0,8,24,9,0,13,34,12,0
2KIX,2219,D,132,ARG,H,6,15,6,0,6,19,8,0,8,29,10,0,10,38,12,0,14,43,13,0
2KIX,2220,D,132,ARG,H,4,11,4,0,7,17,8,0,7,25,10,0,11,39,11,0,15,45,13,0
2KIX,2221,D,132,ARG,H,0,7,2,0,2,10,3,0,6,13,7,0,7,19,8,0,8,28,10,0
2KIX,2222,D,132,ARG,H,2,11,2,0,6,14,6,0,6,16,6,0,6,22,9,0,8,30,11,0
2KIX,2223,D,132,ARG,HN,3,10,3,0,5,13,4,0,6,18,10,0,10,32,10,0,11,44,11,0
2KIX,2224,D,132,ARG,HN,1,6,1,0,2,6,2,0,3,11,3,0,6,15,6,0,6,16,6,0
2KIX,2225,D,132,ARG,HN,1,5,1,0,1,6,1,0,3,9,3,0,4,12,5,0,5,13,5,0
2KIX,2226,D,132,ARG,HN,2,7,1,0,3,11,3,0,5,14,5,0,5,22,7,0,9,35,10,0
2KIX,2227,D,132,ARG,HN,1,3,0,0,2,7,2,0,2,11,3,0,4,12,4,0,5,19,6,0
2KIX,2228,D,132,ARG,O,4,12,4,0,6,18,5,0,9,24,9,0,14,32,11,0,17,44,14,0
