atom_number,atom_name,x,y,z,atom_type,bonds
1,N,-7.983489,-4.765861,-13.567242,231,"['2', '5', '6', '7']"
2,CA,-6.622308,-5.312362,-13.501805,8,"['1', '3', '8', '9']"
3,C,-6.703565,-6.828141,-13.230927,9,"['2', '4', '22']"
4,O,-7.741979,-7.444035,-13.485242,11,['3']
5,H,-8.105036,-3.888191,-13.079096,232,['1']
6,H,-8.660131,-5.399737,-13.148859,232,['1']
7,H,-8.300816,-4.6278,-14.519254,232,['1']
8,H,-6.175756,-5.211421,-14.517488,12,['2']
9,C,-5.766322,-4.515229,-12.476464,19,"['2', '10', '13', '14']"
10,C,-5.599144,-2.983675,-12.716896,21,"['9', '11', '12', '15']"
11,C,-4.891701,-2.346999,-11.49183,23,"['10', '16', '17', '18']"
12,C,-4.779434,-2.712834,-14.001782,23,"['10', '19', '20', '21']"
13,H,-4.743321,-4.956822,-12.400083,20,['9']
14,H,-6.237741,-4.677191,-11.479137,20,['9']
15,H,-6.602384,-2.504655,-12.826955,22,['10']
16,H,-4.776884,-1.247627,-11.624746,24,['11']
17,H,-3.869783,-2.761259,-11.329477,24,['11']
18,H,-5.462373,-2.495238,-10.546454,24,['11']
19,H,-4.587255,-1.619629,-14.126426,24,['12']
20,H,-5.295459,-3.056031,-14.923023,24,['12']
21,H,-3.782993,-3.21199,-13.969712,24,['12']
22,N,-5.610139,-7.477543,-12.759515,7,"['3', '23', '26']"
23,CA,-5.608349,-8.88665,-12.381401,8,"['22', '24', '27', '28']"
24,C,-4.702013,-9.060404,-11.154413,9,"['23', '25', '40']"
25,O,-3.570458,-8.572563,-11.159153,11,['24']
26,HN,-4.734808,-6.988976,-12.526197,10,['22']
27,H,-6.647021,-9.183947,-12.103156,12,['23']
28,C,-5.077435,-9.796401,-13.521989,106,"['23', '29', '34', '35']"
29,C,-5.801702,-9.823883,-14.841843,108,"['28', '30', '31']"
30,N,-7.047787,-10.3806,-15.029735,109,"['29', '32', '36']"
31,C,-5.390475,-9.402025,-16.08274,111,"['29', '33', '37']"
32,C,-7.375881,-10.349933,-16.342336,113,"['30', '33', '38']"
33,N,-6.372525,-9.738588,-16.992231,115,"['31', '32', '39']"
34,H,-5.050636,-10.847364,-13.148662,107,['28']
35,H,-4.008273,-9.54876,-13.718206,107,['28']
36,HN,-7.648056,-10.802934,-14.306211,110,['30']
37,H,-4.465903,-8.926701,-16.372503,112,['31']
38,H,-8.261227,-10.779086,-16.790766,114,['32']
39,HN,-6.335392,-9.56454,-18.007267,116,['33']
40,N,-5.221882,-9.765889,-10.121898,7,"['24', '41', '44']"
41,CA,-4.527797,-10.173575,-8.901488,8,"['40', '42', '45', '46']"
42,C,-3.73963,-11.468408,-9.237639,9,"['41', '43', '62']"
43,O,-4.339361,-12.414458,-9.757148,11,['42']
44,HN,-6.153857,-10.186544,-10.240173,10,['40']
45,H,-3.80623,-9.37652,-8.595864,12,['41']
46,C,-5.57811,-10.449729,-7.754036,182,"['41', '47', '51', '52']"
47,C,-6.373894,-9.212085,-7.228083,184,"['46', '48', '53', '54']"
48,C,-7.513123,-9.554591,-6.209878,186,"['47', '49', '55', '56']"
49,C,-8.349717,-8.336534,-5.721667,188,"['48', '50', '57', '58']"
50,N,-9.203992,-8.573982,-4.546776,190,"['49', '59', '60', '61']"
51,H,-5.040301,-10.921888,-6.902155,183,['46']
52,H,-6.290415,-11.233272,-8.10552,183,['46']
53,H,-6.805142,-8.649021,-8.090235,185,['47']
54,H,-5.655124,-8.506377,-6.745149,185,['47']
55,H,-7.0602,-10.067839,-5.328596,187,['48']
56,H,-8.206521,-10.296134,-6.672147,187,['48']
57,H,-8.989755,-7.958837,-6.553284,189,['49']
58,H,-7.663787,-7.50315,-5.467576,189,['49']
59,HN,-9.777374,-7.765562,-4.30906,191,['50']
60,HN,-8.666242,-8.750978,-3.704124,191,['50']
61,HN,-9.848856,-9.354421,-4.649565,191,['50']
62,N,-2.405033,-11.504652,-8.954745,7,"['42', '63', '66']"
63,CA,-1.467004,-12.627934,-9.087246,8,"['62', '64', '67', '68']"
64,C,-1.006953,-13.065864,-7.67014,9,"['63', '65', '77']"
65,O,-0.980323,-12.249587,-6.746474,11,['64']
66,HN,-1.994902,-10.715861,-8.437965,10,['62']
67,H,-1.999257,-13.479119,-9.576493,12,['63']
68,C,-0.177139,-12.255223,-9.898969,153,"['63', '69', '73', '74']"
69,C,-0.343927,-11.698184,-11.331375,155,"['68', '70', '75', '76']"
70,C,0.954256,-11.685088,-12.11835,157,"['69', '71', '72']"
71,O,1.495021,-12.774496,-12.445714,158,['70']
72,O,1.502463,-10.576416,-12.384447,158,['70']
73,H,0.446186,-13.176728,-9.977867,154,['68']
74,H,0.442346,-11.538455,-9.309185,154,['68']
75,H,-0.7462,-10.661237,-11.294675,156,['69']
76,H,-1.083755,-12.298157,-11.903735,156,['69']
77,N,-0.570636,-14.346354,-7.468082,50,"['64', '78', '84']"
78,CA,-0.15008,-14.834506,-6.148348,51,"['77', '79', '81', '82']"
79,C,1.268146,-14.426804,-5.717886,52,"['78', '80', '91']"
80,O,2.220036,-14.466181,-6.505989,53,['79']
81,H,-0.874251,-14.49123,-5.364772,54,['78']
82,C,-0.239669,-16.370585,-6.307633,55,"['78', '83', '85', '86']"
83,C,0.151947,-16.572494,-7.772353,57,"['82', '84', '87', '88']"
84,C,-0.609191,-15.425097,-8.447632,59,"['77', '83', '89', '90']"
85,H,-1.28666,-16.72006,-6.137625,56,['82']
86,H,0.40586,-16.918729,-5.588187,56,['82']
87,H,-0.144657,-17.564797,-8.180182,58,['83']
88,H,1.253107,-16.44961,-7.911788,58,['83']
89,H,-1.663107,-15.730472,-8.655097,60,['84']
90,H,-0.137232,-15.162722,-9.419604,60,['84']
91,N,1.430804,-14.146188,-4.400129,7,"['79', '92', '95']"
92,CA,2.693721,-13.840681,-3.737711,8,"['91', '93', '96', '97']"
93,C,2.613956,-14.283883,-2.271575,9,"['92', '94', '101']"
94,O,1.527783,-14.389046,-1.707497,11,['93']
95,HN,0.632323,-14.194087,-3.748451,10,['91']
96,H,3.511929,-14.414023,-4.234507,12,['92']
97,C,2.965326,-12.322273,-3.82429,13,"['92', '98', '99', '100']"
98,H,3.952654,-12.053463,-3.390301,14,['97']
99,H,2.190032,-11.745449,-3.272071,14,['97']
100,H,2.961694,-11.965075,-4.878911,14,['97']
101,N,3.77518,-14.558729,-1.631161,7,"['93', '102', '105']"
102,CA,3.855278,-14.977771,-0.235425,8,"['101', '103', '106', '107']"
103,C,4.769596,-14.010255,0.527757,9,"['102', '104', '115']"
104,O,5.742482,-13.472203,-0.013027,11,['103']
105,HN,4.677546,-14.368012,-2.087728,10,['101']
106,H,2.838661,-14.881164,0.228401,12,['102']
107,C,4.283013,-16.473814,-0.085187,37,"['102', '108', '109', '110']"
108,OH,5.499729,-16.756391,-0.782583,39,"['107', '111']"
109,C,3.21808,-17.422412,-0.673332,41,"['107', '112', '113', '114']"
110,H,4.442127,-16.689989,1.000133,38,['107']
111,HO,5.836456,-17.577324,-0.417462,40,['108']
112,H,3.474692,-18.488322,-0.485549,42,['109']
113,H,3.11072,-17.294936,-1.772614,42,['109']
114,H,2.203451,-17.237169,-0.252325,42,['109']
115,N,4.410243,-13.727392,1.807079,7,"['103', '116', '119']"
116,CA,5.149028,-12.814549,2.672242,8,"['115', '117', '120', '121']"
117,C,6.546956,-13.382089,2.949559,9,"['116', '118', '134']"
118,O,6.698258,-14.551611,3.319988,11,['117']
119,HN,3.54401,-14.114951,2.206602,10,['115']
120,H,5.247627,-11.84318,2.134849,12,['116']
121,C,4.388091,-12.583024,4.011105,19,"['116', '122', '125', '126']"
122,C,5.058047,-11.56878,4.992572,21,"['121', '123', '124', '127']"
123,C,5.083441,-10.140107,4.39622,23,"['122', '128', '129', '130']"
124,C,4.272508,-11.549677,6.324773,23,"['122', '131', '132', '133']"
125,H,4.284725,-13.568249,4.530552,20,['121']
126,H,3.340353,-12.256502,3.79888,20,['121']
127,H,6.106662,-11.883262,5.218506,22,['122']
128,H,5.400537,-9.386421,5.151562,24,['123']
129,H,4.084149,-9.81857,4.026244,24,['123']
130,H,5.798462,-10.049188,3.550183,24,['123']
131,H,4.719979,-10.835371,7.05193,24,['124']
132,H,4.279024,-12.54942,6.816439,24,['124']
133,H,3.20681,-11.260974,6.187259,24,['124']
134,N,7.567783,-12.496514,2.808799,7,"['117', '135', '138']"
135,CA,8.91724,-12.663714,3.319606,8,"['134', '136', '139', '140']"
136,C,9.012647,-11.879593,4.634981,9,"['135', '137', '153']"
137,O,9.139889,-12.482407,5.699528,11,['136']
138,HN,7.390672,-11.57647,2.379466,10,['134']
139,H,9.066981,-13.732318,3.613993,12,['135']
140,C,10.034786,-12.299581,2.274245,25,"['135', '141', '142', '144']"
141,C,9.928449,-13.261919,1.044411,27,"['140', '143', '145', '146']"
142,C,11.448785,-12.382515,2.910525,29,"['140', '147', '148', '149']"
143,C,10.89187,-12.943764,-0.110816,31,"['141', '150', '151', '152']"
144,H,9.867551,-11.251338,1.931054,26,['140']
145,H,8.888776,-13.231436,0.641512,28,['141']
146,H,10.083754,-14.316784,1.371702,28,['141']
147,H,12.252446,-12.098439,2.198131,30,['142']
148,H,11.677821,-13.405667,3.284265,30,['142']
149,H,11.547136,-11.693906,3.779728,30,['142']
150,H,10.708356,-13.620522,-0.974599,32,['143']
151,H,11.955342,-13.079678,0.182568,32,['143']
152,H,10.762273,-11.904699,-0.484373,32,['143']
153,N,8.872452,-10.528159,4.609811,7,"['136', '154', '157']"
154,CA,8.822985,-9.709197,5.818545,8,"['153', '155', '158', '159']"
155,C,8.131573,-8.360724,5.569689,9,"['154', '156', '175']"
156,O,8.136662,-7.837127,4.452652,11,['155']
157,HN,8.69864,-10.021648,3.728108,10,['153']
158,H,8.19093,-10.256858,6.567074,12,['154']
159,C,10.246761,-9.483618,6.416401,182,"['154', '160', '164', '165']"
160,C,11.198635,-8.551469,5.611835,184,"['159', '161', '166', '167']"
161,C,12.198278,-7.809081,6.532003,186,"['160', '162', '168', '169']"
162,C,13.271642,-6.971478,5.802675,188,"['161', '163', '170', '171']"
163,N,14.426935,-7.729697,5.344288,190,"['162', '172', '173', '174']"
164,H,10.745205,-10.466413,6.596908,183,['159']
165,H,10.097449,-9.053554,7.437117,183,['159']
166,H,10.604802,-7.779691,5.066237,185,['160']
167,H,11.722834,-9.147961,4.830793,185,['160']
168,H,12.688817,-8.533596,7.222322,187,['161']
169,H,11.620016,-7.120135,7.197032,187,['161']
170,H,13.66327,-6.198865,6.501384,189,['162']
171,H,12.834497,-6.407175,4.949425,189,['162']
172,HN,15.153514,-7.150096,4.934148,191,['163']
173,HN,14.188637,-8.475706,4.69744,191,['163']
174,HN,14.857706,-8.21133,6.129592,191,['163']
175,N,7.613037,-7.749322,6.663141,7,"['155', '176', '179']"
176,CA,7.097223,-6.383494,6.725984,8,"['175', '177', '180', '181']"
177,C,8.285704,-5.45181,6.99932,9,"['176', '178', '185']"
178,O,9.073357,-5.724752,7.906757,11,['177']
179,HN,7.724353,-8.193586,7.58413,10,['175']
180,H,6.614549,-6.107892,5.759584,12,['176']
181,C,6.067937,-6.276366,7.874994,13,"['176', '182', '183', '184']"
182,H,5.683352,-5.234217,7.963237,14,['181']
183,H,6.514206,-6.530647,8.862972,14,['181']
184,H,5.193205,-6.946552,7.71892,14,['181']
185,N,8.449734,-4.38628,6.171493,7,"['177', '186', '189']"
186,CA,9.558542,-3.435579,6.262054,8,"['185', '187', '190', '191']"
187,C,9.150438,-2.215215,7.099529,9,"['186', '188', '204']"
188,O,9.807195,-1.869281,8.086398,11,['187']
189,HN,7.72244,-4.140657,5.48202,10,['185']
190,H,10.404279,-3.901663,6.823851,12,['186']
191,C,10.09119,-3.028566,4.838034,25,"['186', '192', '193', '195']"
192,C,10.62658,-4.286796,4.077775,27,"['191', '194', '196', '197']"
193,C,11.209372,-1.953116,4.935547,29,"['191', '198', '199', '200']"
194,C,10.878959,-4.042368,2.581886,31,"['192', '201', '202', '203']"
195,H,9.232944,-2.598853,4.263229,26,['191']
196,H,9.893464,-5.121726,4.16547,28,['192']
197,H,11.559072,-4.647712,4.565882,28,['192']
198,H,11.557697,-1.616471,3.934135,30,['193']
199,H,12.090418,-2.288589,5.523968,30,['193']
200,H,10.822523,-1.029065,5.42156,30,['193']
201,H,11.197995,-4.970328,2.058741,32,['194']
202,H,11.668203,-3.277867,2.413697,32,['194']
203,H,9.954827,-3.676826,2.083529,32,['194']
204,N,8.074752,-1.524641,6.654004,7,"['187', '205', '208']"
205,CA,7.475512,-0.359725,7.302212,8,"['204', '206', '209', '210']"
206,C,6.005373,-0.299461,6.85793,9,"['205', '207', '216']"
207,O,5.365709,-1.349715,6.704883,11,['206']
208,HN,7.684504,-1.724343,5.719195,10,['204']
209,H,7.45328,-0.534978,8.402004,12,['205']
210,C,8.33661,0.88821,6.986475,137,"['205', '211', '214', '215']"
211,C,8.628496,1.059328,5.510688,139,"['210', '212', '213']"
212,O,7.68864,0.892315,4.683733,140,['211']
213,O,9.820479,1.279703,5.177889,140,['211']
214,H,9.291516,0.800142,7.558138,138,['210']
215,H,7.87251,1.823279,7.365743,138,['210']
216,N,5.402606,0.911788,6.779921,1,"['206', '217', '220']"
217,CA,4.03039,1.106189,6.401921,2,"['216', '218', '221', '222']"
218,C,3.692684,0.987677,4.924545,3,"['217', '219', '223']"
219,O,2.573802,0.571927,4.595293,5,['218']
220,HN,5.88642,1.771997,7.061296,4,['216']
221,H,3.389426,0.378619,6.947452,6,['217']
222,H,3.686684,2.107178,6.74332,6,['217']
223,N,4.623598,1.347367,3.999722,7,"['218', '224', '227']"
224,CA,4.362042,1.314844,2.564907,8,"['223', '225', '228', '229']"
225,C,5.363921,0.52343,1.722042,9,"['224', '226', '235']"
226,O,5.173666,0.418098,0.499178,11,['225']
227,HN,5.581838,1.624276,4.272903,10,['223']
228,H,3.432491,0.716697,2.408605,12,['224']
229,C,4.063194,2.73804,2.010582,137,"['224', '230', '233', '234']"
230,C,5.1712,3.761973,2.121954,139,"['229', '231', '232']"
231,O,6.348698,3.478714,1.869243,140,['230']
232,O,4.841966,4.948691,2.446191,140,['230']
233,H,3.150457,3.122065,2.522013,138,['229']
234,H,3.787172,2.654074,0.934736,138,['229']
235,N,6.363066,-0.156349,2.337645,7,"['225', '236', '239']"
236,CA,7.174882,-1.175285,1.697744,8,"['235', '237', '240', '241']"
237,C,7.05004,-2.495898,2.478357,9,"['236', '238', '249']"
238,O,6.936566,-2.548974,3.71141,11,['237']
239,HN,6.642421,0.042938,3.310786,10,['235']
240,H,6.758353,-1.353691,0.676882,12,['236']
241,C,8.670111,-0.782947,1.515644,37,"['236', '242', '243', '244']"
242,OH,9.33489,-0.688072,2.763287,39,"['241', '245']"
243,C,8.875817,0.549509,0.76627,41,"['241', '246', '247', '248']"
244,H,9.167046,-1.603501,0.943478,38,['241']
245,HO,8.922555,-0.013481,3.29385,40,['242']
246,H,9.957954,0.784522,0.665252,42,['243']
247,H,8.397799,1.398208,1.310294,42,['243']
248,H,8.429832,0.499552,-0.250688,42,['243']
249,N,7.119726,-3.615452,1.71648,7,"['237', '250', '253']"
250,CA,7.066672,-4.989338,2.196294,8,"['249', '251', '254', '255']"
251,C,7.854497,-5.882176,1.224047,9,"['250', '252', '265']"
252,O,7.863446,-5.66574,0.008039,11,['251']
253,HN,7.201067,-3.527083,0.691154,10,['249']
254,H,7.577498,-5.03598,3.190399,12,['250']
255,C,5.571663,-5.423357,2.399267,15,"['250', '256', '257', '258']"
256,C,4.727945,-5.317855,1.106219,17,"['255', '259', '260', '261']"
257,C,5.441205,-6.85191,2.972657,17,"['255', '262', '263', '264']"
258,H,5.144567,-4.713982,3.154661,16,['255']
259,H,3.665223,-5.595724,1.2878,18,['256']
260,H,5.110757,-5.977101,0.296269,18,['256']
261,H,4.714983,-4.280994,0.702981,18,['256']
262,H,4.378112,-7.124143,3.159711,18,['257']
263,H,5.964381,-6.94805,3.946021,18,['257']
264,H,5.866128,-7.625284,2.297413,18,['257']
265,N,8.596881,-6.882915,1.758819,7,"['251', '266', '269']"
266,CA,9.361041,-7.850444,0.987996,8,"['265', '267', '270', '271']"
267,C,8.469924,-9.090691,0.8253,9,"['266', '268', '287']"
268,O,8.100856,-9.736914,1.817325,11,['267']
269,HN,8.478538,-7.123991,2.751378,10,['265']
270,H,9.561935,-7.409535,-0.019089,12,['266']
271,C,10.729368,-8.184929,1.678566,182,"['266', '272', '276', '277']"
272,C,11.709137,-8.947101,0.751633,184,"['271', '273', '278', '279']"
273,C,13.13262,-9.160355,1.338351,186,"['272', '274', '280', '281']"
274,C,14.062196,-9.843712,0.304902,188,"['273', '275', '282', '283']"
275,N,15.398777,-10.180838,0.786123,190,"['274', '284', '285', '286']"
276,H,10.54538,-8.757213,2.617316,183,['271']
277,H,11.207669,-7.226632,1.992298,183,['271']
278,H,11.790551,-8.37906,-0.20677,185,['272']
279,H,11.256125,-9.929074,0.483005,185,['272']
280,H,13.06645,-9.777743,2.265748,187,['273']
281,H,13.566334,-8.177422,1.639535,187,['273']
282,H,14.168692,-9.192306,-0.594111,189,['274']
283,H,13.588695,-10.793181,-0.036133,189,['274']
284,HN,16.076748,-10.249468,0.030001,191,['275']
285,HN,15.362739,-11.100467,1.228152,191,['275']
286,HN,15.804079,-9.53335,1.451756,191,['275']
287,N,8.117956,-9.436684,-0.435956,7,"['267', '288', '291']"
288,CA,7.295,-10.575938,-0.81901,8,"['287', '289', '292', '293']"
289,C,8.077213,-11.436076,-1.823473,9,"['288', '290', '306']"
290,O,9.000863,-10.97313,-2.4987,11,['289']
291,HN,8.582697,-8.980111,-1.23432,10,['287']
292,H,7.075413,-11.202539,0.07965,12,['288']
293,C,5.968104,-10.131774,-1.50902,19,"['288', '294', '297', '298']"
294,C,5.061672,-9.104187,-0.777023,21,"['293', '295', '296', '299']"
295,C,3.824698,-8.814968,-1.666406,23,"['294', '300', '301', '302']"
296,C,4.586027,-9.651647,0.585904,23,"['294', '303', '304', '305']"
297,H,5.368356,-11.048859,-1.722839,20,['293']
298,H,6.221198,-9.714244,-2.51161,20,['293']
299,H,5.622451,-8.150458,-0.615133,22,['294']
300,H,3.091905,-8.152695,-1.157529,24,['295']
301,H,3.273363,-9.738285,-1.95269,24,['295']
302,H,4.110869,-8.29902,-2.611916,24,['295']
303,H,3.88813,-8.942675,1.087055,24,['296']
304,H,5.438445,-9.796158,1.283352,24,['296']
305,H,4.051088,-10.623456,0.491741,24,['296']
306,N,7.653303,-12.710787,-1.972433,7,"['289', '307', '310']"
307,CA,8.078393,-13.630708,-3.007619,8,"['306', '308', '311', '312']"
308,C,6.987098,-13.609633,-4.09408,9,"['307', '309', '323']"
309,O,5.864758,-14.087582,-3.866955,11,['308']
310,HN,6.903285,-13.062344,-1.363633,10,['306']
311,H,9.046012,-13.269931,-3.428003,12,['307']
312,C,8.265327,-15.059407,-2.407703,175,"['307', '313', '316', '317']"
313,C,8.78886,-16.083239,-3.433894,177,"['312', '314', '318', '319']"
314,S,8.844169,-17.772762,-2.755378,179,"['313', '315']"
315,C,10.355414,-17.676543,-1.754101,180,"['314', '320', '321', '322']"
316,H,7.293566,-15.408769,-1.983029,176,['312']
317,H,8.96227,-15.007078,-1.540826,176,['312']
318,H,9.793988,-15.779633,-3.803971,178,['313']
319,H,8.121077,-16.087511,-4.324482,178,['313']
320,H,10.524697,-18.663104,-1.269656,181,['315']
321,H,10.24369,-16.901897,-0.964751,181,['315']
322,H,11.222787,-17.44085,-2.408565,181,['315']
323,N,7.315199,-13.09938,-5.305115,7,"['308', '324', '327']"
324,CA,6.473816,-13.060244,-6.504282,8,"['323', '325', '328', '329']"
325,C,7.234569,-13.800462,-7.610756,9,"['324', '326', '344']"
326,O,8.433973,-13.580304,-7.785853,11,['325']
327,HN,8.301647,-12.869815,-5.497438,10,['323']
328,H,5.508221,-13.587393,-6.305589,12,['324']
329,C,6.179331,-11.596724,-6.932413,70,"['324', '330', '337', '338']"
330,C,5.597628,-11.452299,-8.327986,72,"['329', '331', '332']"
331,C,4.271787,-11.807673,-8.631473,73,"['330', '333', '339']"
332,C,6.401098,-10.964623,-9.372331,73,"['330', '334', '340']"
333,C,3.768165,-11.640117,-9.928735,75,"['331', '335', '341']"
334,C,5.894956,-10.786249,-10.656396,75,"['332', '335', '342']"
335,C,4.568421,-11.088557,-10.939126,77,"['333', '334', '336']"
336,OH,4.150692,-10.804646,-12.211531,78,"['335', '343']"
337,H,7.123276,-11.001704,-6.901704,71,['329']
338,H,5.491648,-11.102835,-6.205394,71,['329']
339,H,3.603082,-12.201626,-7.845209,74,['331']
340,H,7.451696,-10.685282,-9.186802,74,['332']
341,H,2.740316,-11.960642,-10.152922,76,['333']
342,H,6.548912,-10.394122,-11.45493,76,['334']
343,HO,3.179021,-10.728886,-12.190243,79,['336']
344,N,6.538215,-14.723438,-8.322059,7,"['325', '345', '348']"
345,CA,7.073266,-15.62019,-9.339242,8,"['344', '346', '349', '350']"
346,C,8.367452,-16.310917,-8.882624,9,"['345', '347', '366']"
347,O,9.352673,-16.372528,-9.611559,11,['346']
348,HN,5.541804,-14.874043,-8.116998,10,['344']
349,H,6.356267,-16.467994,-9.46448,12,['345']
350,C,7.22267,-14.888395,-10.706625,182,"['345', '351', '355', '356']"
351,C,5.851985,-14.601118,-11.363556,184,"['350', '352', '357', '358']"
352,C,5.960495,-13.761992,-12.656923,186,"['351', '353', '359', '360']"
353,C,4.635268,-13.711101,-13.44977,188,"['352', '354', '361', '362']"
354,N,4.566831,-12.545899,-14.319868,190,"['353', '363', '364', '365']"
355,H,7.825467,-15.525757,-11.39874,183,['350']
356,H,7.809814,-13.9498,-10.565808,183,['350']
357,H,5.183058,-14.073012,-10.644381,185,['351']
358,H,5.359808,-15.577221,-11.59224,185,['351']
359,H,6.755246,-14.185779,-13.316803,187,['352']
360,H,6.305358,-12.738155,-12.390448,187,['352']
361,H,3.756561,-13.644714,-12.764062,189,['353']
362,H,4.512511,-14.63331,-14.062102,189,['353']
363,HN,3.722342,-12.539406,-14.88056,191,['354']
364,HN,5.360865,-12.445991,-14.942793,191,['354']
365,HN,4.524685,-11.71847,-13.725905,191,['354']
366,N,8.345227,-16.833404,-7.629618,1,"['346', '367', '370']"
367,CA,9.458155,-17.527219,-7.026705,2,"['366', '368', '371', '372']"
368,C,10.715986,-16.7267,-6.692521,3,"['367', '369', '373']"
369,O,11.778644,-17.313225,-6.457336,5,['368']
370,HN,7.477139,-16.824124,-7.075475,4,['366']
371,H,9.127193,-18.024083,-6.086796,6,['367']
372,H,9.770851,-18.361704,-7.697308,6,['367']
373,N,10.672034,-15.373446,-6.73757,7,"['368', '374', '377']"
374,CA,11.805601,-14.482597,-6.512627,8,"['373', '375', '378', '379']"
375,C,11.48667,-13.497849,-5.382862,9,"['374', '376', '390']"
376,O,10.333661,-13.101898,-5.206431,11,['375']
377,HN,9.795258,-14.867633,-6.923733,10,['373']
378,H,12.693346,-15.095568,-6.22681,12,['374']
379,C,12.115691,-13.668594,-7.805163,167,"['374', '380', '384', '385']"
380,C,12.66577,-14.513889,-8.977586,169,"['379', '381', '386', '387']"
381,C,14.119865,-14.946067,-8.804636,171,"['380', '382', '383']"
382,O,14.918795,-14.254953,-8.156522,172,['381']
383,N,14.45374,-16.105201,-9.409072,173,"['381', '388', '389']"
384,H,12.841345,-12.855021,-7.577037,168,['379']
385,H,11.17825,-13.156941,-8.132382,168,['379']
386,H,12.609565,-13.929952,-9.923954,170,['380']
387,H,12.00847,-15.401435,-9.139999,170,['380']
388,HN,13.778654,-16.617767,-9.991216,174,['383']
389,HN,15.402782,-16.488796,-9.291846,174,['383']
390,N,12.509768,-13.046499,-4.601156,50,"['375', '391', '397']"
391,CA,12.309598,-12.038503,-3.566301,51,"['390', '392', '394', '395']"
392,C,12.389821,-10.622439,-4.143856,52,"['391', '393', '404']"
393,O,13.370766,-10.260706,-4.800998,53,['392']
394,H,11.32439,-12.176521,-3.051068,54,['391']
395,C,13.464782,-12.325419,-2.586089,55,"['391', '396', '398', '399']"
396,C,14.599302,-12.75573,-3.511453,57,"['395', '397', '400', '401']"
397,C,13.862858,-13.589268,-4.566129,59,"['390', '396', '402', '403']"
398,H,13.199761,-13.152174,-1.885829,56,['395']
399,H,13.735195,-11.439365,-1.980091,56,['395']
400,H,15.398436,-13.315968,-2.978585,58,['396']
401,H,15.067905,-11.85991,-3.987231,58,['396']
402,H,13.849993,-14.665263,-4.272342,60,['397']
403,H,14.368007,-13.516242,-5.558166,60,['397']
404,N,11.360668,-9.79053,-3.867094,7,"['392', '405', '408']"
405,CA,11.265486,-8.397047,-4.261594,8,"['404', '406', '409', '410']"
406,C,10.799333,-7.549228,-3.075406,9,"['405', '407', '421']"
407,O,9.944815,-7.958382,-2.28582,11,['406']
408,HN,10.562341,-10.113763,-3.300882,10,['404']
409,H,12.27598,-8.030646,-4.571753,12,['405']
410,C,10.252953,-8.216297,-5.435177,175,"['405', '411', '414', '415']"
411,C,10.682224,-8.895728,-6.753405,177,"['410', '412', '416', '417']"
412,S,9.476306,-8.730227,-8.110866,179,"['411', '413']"
413,C,9.08064,-6.962651,-8.091369,180,"['412', '418', '419', '420']"
414,H,10.11439,-7.121254,-5.603473,176,['410']
415,H,9.254697,-8.597674,-5.117341,176,['410']
416,H,10.86508,-9.979868,-6.578486,178,['411']
417,H,11.660788,-8.469855,-7.073185,178,['411']
418,H,8.467508,-6.713011,-8.983937,181,['413']
419,H,10.015018,-6.358688,-8.106128,181,['413']
420,H,8.489238,-6.71999,-7.182625,181,['413']
421,N,11.322429,-6.304447,-3.001948,7,"['406', '422', '425']"
422,CA,10.751273,-5.234747,-2.199982,8,"['421', '423', '426', '427']"
423,C,9.670717,-4.603286,-3.092521,9,"['422', '424', '435']"
424,O,9.957599,-4.271175,-4.246548,11,['423']
425,HN,12.031382,-6.001257,-3.685237,10,['421']
426,H,10.288559,-5.650587,-1.271887,12,['422']
427,C,11.81955,-4.167129,-1.803792,37,"['422', '428', '429', '430']"
428,OH,12.824039,-4.800725,-1.009395,39,"['427', '431']"
429,C,11.223238,-3.03701,-0.94667,41,"['427', '432', '433', '434']"
430,H,12.292723,-3.747895,-2.724599,38,['427']
431,HO,13.555703,-5.007929,-1.584682,40,['428']
432,H,12.003067,-2.329707,-0.587803,42,['429']
433,H,10.693434,-3.433192,-0.054339,42,['429']
434,H,10.481198,-2.437049,-1.519262,42,['429']
435,N,8.442456,-4.427482,-2.563536,7,"['423', '436', '439']"
436,CA,7.313229,-3.762516,-3.196045,8,"['435', '437', '440', '441']"
437,C,6.997219,-2.499679,-2.387345,9,"['436', '438', '455']"
438,O,7.068676,-2.502985,-1.153702,11,['437']
439,HN,8.26415,-4.683233,-1.583207,10,['435']
440,H,7.586709,-3.455773,-4.234595,12,['436']
441,C,6.056682,-4.674539,-3.223219,61,"['436', '442', '448', '449']"
442,C,6.158152,-5.799749,-4.232718,63,"['441', '443', '444']"
443,C,6.656696,-7.071036,-3.900182,64,"['442', '445', '450']"
444,C,5.682464,-5.589992,-5.539393,64,"['442', '446', '451']"
445,C,6.637236,-8.111881,-4.837806,66,"['443', '447', '452']"
446,C,5.658165,-6.627754,-6.473003,66,"['444', '447', '453']"
447,C,6.137044,-7.891353,-6.124174,68,"['445', '446', '454']"
448,H,5.157387,-4.065898,-3.498632,62,['441']
449,H,5.828359,-5.084431,-2.212909,62,['441']
450,H,7.030126,-7.268793,-2.881619,65,['443']
451,H,5.259295,-4.612921,-5.821528,65,['444']
452,H,7.006158,-9.113985,-4.563821,67,['445']
453,H,5.2302,-6.450076,-7.471407,67,['446']
454,H,6.1097,-8.706689,-6.862922,69,['447']
455,N,6.651138,-1.403055,-3.103519,7,"['437', '456', '459']"
456,CA,6.219303,-0.106025,-2.604692,8,"['455', '457', '460', '461']"
457,C,4.774789,0.098003,-3.078578,9,"['456', '458', '479']"
458,O,4.490861,0.013439,-4.272156,11,['457']
459,HN,6.503464,-1.504829,-4.118612,10,['455']
460,H,6.245433,-0.12408,-1.488075,12,['456']
461,C,7.168867,1.009323,-3.144042,202,"['456', '462', '468', '469']"
462,C,6.781948,2.484078,-2.873503,204,"['461', '463', '470', '471']"
463,C,6.875447,2.926772,-1.395556,206,"['462', '464', '472', '473']"
464,N,6.616416,4.360621,-1.27468,208,"['463', '465', '474']"
465,C,5.412174,4.952713,-1.261388,210,"['464', '466', '467']"
466,N,4.281373,4.293357,-1.53629,211,"['465', '475', '476']"
467,N,5.342894,6.268332,-1.036607,211,"['465', '477', '478']"
468,H,7.237739,0.886423,-4.252907,203,['461']
469,H,8.198722,0.820425,-2.76394,203,['461']
470,H,5.759171,2.66028,-3.281608,205,['462']
471,H,7.450861,3.131791,-3.489675,205,['462']
472,H,7.893275,2.709199,-1.004212,207,['463']
473,H,6.186281,2.349275,-0.738127,207,['463']
474,HN,7.451778,4.938874,-1.101004,209,['464']
475,HN,4.281099,3.298434,-1.78282,212,['466']
476,HN,3.388507,4.798938,-1.583096,212,['466']
477,HN,6.20123,6.833844,-0.93578,212,['467']
478,HN,4.421487,6.727544,-0.998906,212,['467']
479,N,3.853524,0.354178,-2.1199,7,"['457', '480', '483']"
480,CA,2.422371,0.466798,-2.357515,8,"['479', '481', '484', '485']"
481,C,2.115812,1.662482,-3.27503,9,"['480', '482', '498']"
482,O,2.401378,2.81627,-2.937185,11,['481']
483,HN,4.161583,0.442162,-1.140701,10,['479']
484,H,2.082538,-0.462745,-2.877998,12,['480']
485,C,1.642879,0.629138,-1.013402,19,"['480', '486', '489', '490']"
486,C,1.732803,-0.562891,-0.019962,21,"['485', '487', '488', '491']"
487,C,0.917709,-0.23534,1.255096,23,"['486', '492', '493', '494']"
488,C,1.179007,-1.861304,-0.646001,23,"['486', '495', '496', '497']"
489,H,0.573132,0.837501,-1.246298,20,['485']
490,H,2.016975,1.549264,-0.506877,20,['485']
491,H,2.799355,-0.729082,0.271825,22,['486']
492,H,1.04428,-1.023235,2.031665,24,['487']
493,H,-0.172165,-0.145694,1.050123,24,['487']
494,H,1.24404,0.717895,1.72805,24,['487']
495,H,1.1547,-2.689805,0.096373,24,['488']
496,H,1.809897,-2.210734,-1.493752,24,['488']
497,H,0.145451,-1.745386,-1.035006,24,['488']
498,N,1.478109,1.386084,-4.439448,7,"['481', '499', '502']"
499,CA,0.966953,2.38057,-5.370949,8,"['498', '500', '503', '504']"
500,C,-0.010885,3.347629,-4.686055,9,"['499', '501', '517']"
501,O,-0.86608,2.945819,-3.889255,11,['500']
502,HN,1.41654,0.404875,-4.747078,10,['498']
503,H,1.838461,2.981985,-5.725281,12,['499']
504,C,0.231663,1.723307,-6.586217,19,"['499', '505', '508', '509']"
505,C,1.164242,1.245376,-7.732207,21,"['504', '506', '507', '510']"
506,C,0.340496,0.443373,-8.772719,23,"['505', '511', '512', '513']"
507,C,1.821333,2.460294,-8.435499,23,"['505', '514', '515', '516']"
508,H,-0.507662,2.4409,-7.012243,20,['504']
509,H,-0.393504,0.877096,-6.212165,20,['504']
510,H,1.962916,0.587782,-7.311581,22,['505']
511,H,0.993559,0.020799,-9.570455,24,['506']
512,H,-0.432734,1.073019,-9.269112,24,['506']
513,H,-0.190051,-0.417177,-8.307327,24,['506']
514,H,2.350352,2.155623,-9.366614,24,['507']
515,H,2.581671,2.956037,-7.793169,24,['507']
516,H,1.070061,3.232833,-8.718355,24,['507']
517,N,0.049377,4.628769,-5.136356,7,"['500', '518', '521']"
518,CA,-0.866418,5.716236,-4.849592,8,"['517', '519', '522', '523']"
519,C,-0.939385,6.220932,-3.401578,9,"['518', '520', '536']"
520,O,-1.834841,7.010733,-3.077364,11,['519']
521,HN,0.797468,4.895806,-5.791524,10,['517']
522,H,-0.488181,6.611885,-5.395687,12,['518']
523,C,-2.294116,5.379232,-5.378039,19,"['518', '524', '527', '528']"
524,C,-2.402448,5.044873,-6.891042,21,"['523', '525', '526', '529']"
525,C,-3.887903,4.826488,-7.265793,23,"['524', '530', '531', '532']"
526,C,-1.825515,6.191112,-7.750583,23,"['524', '533', '534', '535']"
527,H,-2.966409,6.232813,-5.125867,20,['523']
528,H,-2.677989,4.517945,-4.781636,20,['523']
529,H,-1.839381,4.105612,-7.108721,22,['524']
530,H,-3.981602,4.356462,-8.269405,24,['525']
531,H,-4.447192,5.784687,-7.28743,24,['525']
532,H,-4.411047,4.154889,-6.551033,24,['525']
533,H,-1.917625,5.973551,-8.834302,24,['526']
534,H,-0.739054,6.343009,-7.569202,24,['526']
535,H,-2.346383,7.15304,-7.564614,24,['526']
536,N,-0.023113,5.792401,-2.502096,7,"['519', '537', '540']"
537,CA,-0.050754,6.161169,-1.092803,8,"['536', '538', '541', '542']"
538,C,1.324374,6.646811,-0.630677,9,"['537', '539', '552']"
539,O,2.358322,6.409094,-1.275284,11,['538']
540,HN,0.804589,5.250662,-2.783962,10,['536']
541,H,-0.749508,7.025443,-0.95371,12,['537']
542,C,-0.556512,4.983039,-0.186374,15,"['537', '543', '544', '545']"
543,C,-1.920576,4.450249,-0.678227,17,"['542', '546', '547', '548']"
544,C,0.453858,3.814044,-0.11122,17,"['542', '549', '550', '551']"
545,H,-0.706121,5.389258,0.8435,16,['542']
546,H,-2.357406,3.720865,0.041106,18,['543']
547,H,-1.846073,3.950125,-1.669913,18,['543']
548,H,-2.652818,5.281474,-0.779958,18,['543']
549,H,0.084688,2.992832,0.54367,18,['544']
550,H,1.431086,4.135649,0.312845,18,['544']
551,H,0.659142,3.3799,-1.115003,18,['544']
552,N,1.349525,7.225069,0.589646,7,"['538', '553', '556']"
553,CA,2.562113,7.491086,1.341954,8,"['552', '554', '557', '558']"
554,C,2.220432,7.485696,2.838083,9,"['553', '555', '564']"
555,O,1.443036,8.322885,3.312566,11,['554']
556,HN,0.471543,7.554283,1.019739,10,['552']
557,H,3.293128,6.668271,1.138532,12,['553']
558,C,3.167607,8.843979,0.895042,137,"['553', '559', '562', '563']"
559,C,4.578905,9.121257,1.36,139,"['558', '560', '561']"
560,O,5.26614,8.152852,1.788709,140,['559']
561,O,5.05109,10.270659,1.197856,140,['559']
562,H,2.50953,9.679557,1.225287,138,['558']
563,H,3.196405,8.897896,-0.216145,138,['558']
564,N,2.778016,6.511624,3.597612,7,"['554', '565', '568']"
565,CA,2.746923,6.473378,5.050051,8,"['564', '566', '569', '570']"
566,C,3.894691,7.364019,5.539255,9,"['565', '567', '578']"
567,O,4.957238,7.469379,4.883541,11,['566']
568,HN,3.385711,5.804233,3.161465,10,['564']
569,H,1.768339,6.887834,5.392228,12,['565']
570,C,2.908634,5.051293,5.672525,37,"['565', '571', '572', '573']"
571,OH,4.200894,4.532548,5.380169,39,"['570', '574']"
572,C,1.826868,4.072156,5.183564,41,"['570', '575', '576', '577']"
573,H,2.831071,5.145411,6.783294,38,['570']
574,HO,4.819797,4.980609,5.956959,40,['571']
575,H,1.966152,3.03874,5.563067,42,['572']
576,H,1.756185,4.01513,4.076397,42,['572']
577,H,0.838176,4.405683,5.56952,42,['572']
578,N,3.804332,7.876283,6.79671,50,"['566', '579', '585']"
579,CA,4.954085,8.523861,7.414704,51,"['578', '580', '582', '583']"
580,C,6.034208,7.462407,7.602595,52,"['579', '581', '592']"
581,O,5.721415,6.295043,7.859807,53,['580']
582,H,5.327565,9.355714,6.766341,54,['579']
583,C,4.421346,9.065261,8.763406,55,"['579', '584', '586', '587']"
584,C,2.90538,9.071381,8.540884,57,"['583', '585', '588', '589']"
585,C,2.710639,7.781755,7.743597,59,"['578', '584', '590', '591']"
586,H,4.831498,10.070186,9.007785,56,['583']
587,H,4.695715,8.389647,9.606431,56,['583']
588,H,2.593229,9.962735,7.948469,58,['584']
589,H,2.339301,9.088096,9.496276,58,['584']
590,H,1.700048,7.732787,7.2834,60,['585']
591,H,2.825737,6.879809,8.39141,60,['585']
592,N,7.305788,7.852747,7.389506,7,"['580', '593', '596']"
593,CA,8.448828,6.971527,7.574122,8,"['592', '594', '597', '598']"
594,C,8.554571,6.693843,9.077897,9,"['593', '595', '607']"
595,O,7.947817,7.386497,9.898134,11,['594']
596,HN,7.503004,8.854099,7.237265,10,['592']
597,H,8.228608,5.995393,7.071921,12,['593']
598,C,9.756341,7.581816,6.989407,153,"['593', '599', '603', '604']"
599,C,9.658695,8.052399,5.520835,155,"['598', '600', '605', '606']"
600,C,9.195772,7.004309,4.536087,157,"['599', '601', '602']"
601,O,9.970049,6.054201,4.245703,158,['600']
602,O,8.033383,7.116708,4.0405,158,['600']
603,H,10.574479,6.828008,7.071258,154,['598']
604,H,10.078505,8.443711,7.621249,154,['598']
605,H,10.655012,8.423347,5.187414,156,['599']
606,H,8.981798,8.93451,5.453843,156,['599']
607,N,9.284342,5.619395,9.463919,7,"['594', '608', '611']"
608,CA,9.289696,5.125491,10.837167,8,"['607', '609', '612', '613']"
609,C,9.751368,6.15543,11.88206,9,"['608', '610', '627']"
610,O,9.29632,6.123778,13.021926,11,['609']
611,HN,9.919076,5.162344,8.794521,10,['607']
612,H,8.228954,4.91388,11.12056,12,['608']
613,C,10.0981,3.805456,10.947281,61,"['608', '614', '620', '621']"
614,C,10.04386,3.173985,12.323753,63,"['613', '615', '616']"
615,C,8.952582,2.370974,12.706249,64,"['614', '617', '622']"
616,C,11.060548,3.422855,13.262995,64,"['614', '618', '623']"
617,C,8.877737,1.839708,13.998595,66,"['615', '619', '624']"
618,C,10.980062,2.896157,14.554296,66,"['616', '619', '625']"
619,C,9.892006,2.100899,14.921021,68,"['617', '618', '626']"
620,H,11.163023,3.987091,10.672038,62,['613']
621,H,9.719792,3.056785,10.211808,62,['613']
622,H,8.125765,2.175087,12.005027,65,['615']
623,H,11.914464,4.071099,13.00749,65,['616']
624,H,8.018036,1.224647,14.310435,67,['617']
625,H,11.770573,3.116898,15.28721,67,['618']
626,H,9.821586,1.687531,15.937777,69,['619']
627,N,10.618677,7.117065,11.485251,7,"['609', '628', '631']"
628,CA,11.10808,8.220011,12.304912,8,"['627', '629', '632', '633']"
629,C,10.168979,9.440754,12.406835,9,"['628', '630', '641']"
630,O,10.588268,10.468255,12.961703,11,['629']
631,HN,10.869123,7.212287,10.490139,10,['627']
632,H,11.259435,7.856534,13.347982,12,['628']
633,C,12.466137,8.716929,11.710685,147,"['628', '634', '637', '638']"
634,C,12.257517,9.420718,10.369771,149,"['633', '635', '636']"
635,O,11.560066,8.889179,9.505508,150,['634']
636,N,12.891548,10.596725,10.206701,151,"['634', '639', '640']"
637,H,13.199738,7.892147,11.563831,148,['633']
638,H,12.911802,9.445523,12.42694,148,['633']
639,HN,13.600626,10.896275,10.889166,152,['636']
640,HN,12.739945,11.135619,9.342519,152,['636']
641,N,8.956995,9.402412,11.805457,7,"['629', '642', '645']"
642,CA,7.97096,10.474204,11.68379,8,"['641', '643', '646', '647']"
643,C,6.68543,10.075373,12.4156,9,"['642', '644', '656']"
644,O,6.449061,8.895841,12.685693,11,['643']
645,HN,8.605314,8.515862,11.422098,10,['641']
646,H,8.358268,11.403095,12.166347,12,['642']
647,C,7.676235,10.73105,10.177545,153,"['642', '648', '652', '653']"
648,C,8.917033,11.204553,9.386081,155,"['647', '649', '654', '655']"
649,C,8.789176,11.234134,7.872971,157,"['648', '650', '651']"
650,O,7.784205,10.690261,7.337909,158,['649']
651,O,9.726488,11.769464,7.220253,158,['649']
652,H,6.858448,11.475786,10.042398,154,['647']
653,H,7.297532,9.785789,9.720076,154,['647']
654,H,9.781837,10.542517,9.608543,156,['648']
655,H,9.212194,12.222452,9.727362,156,['648']
656,N,5.872384,11.094187,12.80754,7,"['643', '657', '660']"
657,CA,4.685518,10.898862,13.634398,8,"['656', '658', '661', '662']"
658,C,3.640527,10.086652,12.854867,9,"['657', '659', '678']"
659,O,3.269067,10.453599,11.737715,11,['658']
660,HN,6.034984,12.041163,12.440357,10,['656']
661,H,5.01829,10.286757,14.508659,12,['657']
662,C,4.095863,12.240768,14.175982,182,"['657', '663', '667', '668']"
663,C,2.880336,12.041835,15.127067,184,"['662', '664', '669', '670']"
664,C,2.555749,13.279022,16.00269,186,"['663', '665', '671', '672']"
665,C,1.547648,13.019096,17.15304,188,"['664', '666', '673', '674']"
666,N,2.03264,12.089493,18.17293,190,"['665', '675', '676', '677']"
667,H,3.815159,12.907719,13.326975,183,['662']
668,H,4.907091,12.762341,14.73925,183,['662']
669,H,3.103814,11.164291,15.779583,185,['663']
670,H,1.985747,11.751404,14.525926,185,['663']
671,H,2.150435,14.086986,15.347172,187,['664']
672,H,3.493733,13.699148,16.438832,187,['664']
673,H,0.58754,12.631578,16.737978,189,['665']
674,H,1.300983,13.988328,17.650998,189,['665']
675,HN,1.391891,11.947737,18.945395,191,['666']
676,HN,2.869786,12.420137,18.65003,191,['666']
677,HN,2.236532,11.163421,17.815014,191,['666']
678,N,3.169321,8.9816,13.493987,7,"['658', '679', '682']"
679,CA,2.297268,7.932679,12.984316,8,"['678', '680', '683', '684']"
680,C,3.001203,6.888713,12.103181,9,"['679', '681', '699']"
681,O,2.337598,6.003124,11.55556,11,['680']
682,HN,3.511105,8.778669,14.44744,10,['678']
683,H,1.99349,7.32966,13.875236,12,['679']
684,C,0.994027,8.427918,12.291891,70,"['679', '685', '692', '693']"
685,C,0.145739,9.290007,13.197902,72,"['684', '686', '687']"
686,C,-0.579011,8.726404,14.261804,73,"['685', '688', '694']"
687,C,0.058418,10.672888,12.982225,73,"['685', '689', '695']"
688,C,-1.352117,9.529641,15.106531,75,"['686', '690', '696']"
689,C,-0.705245,11.472514,13.831265,75,"['687', '690', '697']"
690,C,-1.403849,10.91318,14.907381,77,"['688', '689', '691']"
691,OH,-2.128339,11.692402,15.754681,78,"['690', '698']"
692,H,0.390557,7.555208,11.951795,71,['684']
693,H,1.252846,8.99374,11.368509,71,['684']
694,H,-0.543327,7.638762,14.441592,74,['686']
695,H,0.595588,11.14581,12.144306,74,['687']
696,H,-1.94195,9.064507,15.910593,76,['688']
697,H,-0.762538,12.555501,13.651257,76,['689']
698,HO,-2.146356,12.578147,15.398937,79,['691']
699,N,4.345531,6.959057,11.96335,1,"['680', '700', '703']"
700,CA,5.156585,6.001433,11.253427,2,"['699', '701', '704', '705']"
701,C,5.347058,4.661221,11.950146,3,"['700', '702', '706']"
702,O,5.328817,3.619294,11.283481,5,['701']
703,HN,4.902015,7.697686,12.41216,4,['699']
704,H,4.726937,5.808828,10.244891,6,['700']
705,H,6.161516,6.435941,11.063609,6,['700']
706,N,5.425061,4.631521,13.313227,50,"['701', '707', '713']"
707,CA,5.363377,3.367625,14.04048,51,"['706', '708', '710', '711']"
708,C,3.996685,2.701157,13.905298,52,"['707', '709', '720']"
709,O,3.917471,1.51691,13.572098,53,['708']
710,H,6.125832,2.657998,13.63273,54,['707']
711,C,5.71491,3.7481,15.494245,55,"['707', '712', '714', '715']"
712,C,6.692182,4.907587,15.276358,57,"['711', '713', '716', '717']"
713,C,5.987351,5.679992,14.155595,59,"['706', '712', '718', '719']"
714,H,6.16647,2.889268,16.047303,56,['711']
715,H,4.81789,4.087418,16.069323,56,['711']
716,H,7.692382,4.539186,14.943131,58,['712']
717,H,6.846248,5.529434,16.184668,58,['712']
718,H,6.71426,6.338175,13.623642,60,['713']
719,H,5.178195,6.325851,14.572507,60,['713']
720,N,2.90267,3.478093,14.117288,7,"['708', '721', '724']"
721,CA,1.522677,3.042727,13.976775,8,"['720', '722', '725', '726']"
722,C,1.204452,2.479115,12.588546,9,"['721', '723', '735']"
723,O,0.519443,1.456339,12.486886,11,['722']
724,HN,3.020824,4.422445,14.51451,10,['720']
725,H,1.382496,2.1702,14.661329,12,['721']
726,C,0.45966,4.131149,14.345001,153,"['721', '727', '731', '732']"
727,C,0.373497,4.520064,15.838758,155,"['726', '728', '733', '734']"
728,C,1.529967,5.257113,16.48984,157,"['727', '729', '730']"
729,O,2.41765,5.741562,15.75338,158,['728']
730,O,1.506965,5.317689,17.767157,158,['728']
731,H,-0.545298,3.746515,14.042766,154,['726']
732,H,0.626627,5.046125,13.730412,154,['726']
733,H,0.194061,3.599251,16.436711,156,['727']
734,H,-0.520113,5.166606,15.988301,156,['727']
735,N,1.676726,3.149574,11.508141,7,"['722', '736', '739']"
736,CA,1.496268,2.728876,10.126156,8,"['735', '737', '740', '741']"
737,C,2.238613,1.426656,9.817443,9,"['736', '738', '745']"
738,O,1.66807,0.510913,9.222918,11,['737']
739,HN,2.134544,4.061116,11.638109,10,['735']
740,H,0.41468,2.501674,9.966875,12,['736']
741,C,1.928871,3.827026,9.123733,13,"['736', '742', '743', '744']"
742,H,1.722067,3.51025,8.077628,14,['741']
743,H,3.016197,4.057965,9.201755,14,['741']
744,H,1.375,4.778825,9.290777,14,['741']
745,N,3.514889,1.324103,10.262652,7,"['737', '746', '749']"
746,CA,4.336956,0.13475,10.116556,8,"['745', '747', '750', '751']"
747,C,3.774442,-1.077477,10.864488,9,"['746', '748', '756']"
748,O,3.887418,-2.207933,10.37761,11,['747']
749,HN,3.974287,2.124069,10.718681,10,['745']
750,H,4.315925,-0.171653,9.04587,12,['746']
751,C,5.800731,0.388665,10.554826,33,"['746', '752', '753', '754']"
752,OH,6.366959,1.379506,9.704161,35,"['751', '755']"
753,H,6.4131,-0.53957,10.474047,34,['751']
754,H,5.840835,0.730711,11.615281,34,['751']
755,HO,6.647503,2.103265,10.255498,36,['752']
756,N,3.138991,-0.859183,12.041844,7,"['747', '757', '760']"
757,CA,2.443783,-1.877783,12.811894,8,"['756', '758', '761', '762']"
758,C,1.129616,-2.304834,12.151492,9,"['757', '759', '766']"
759,O,0.765839,-3.48085,12.184134,11,['758']
760,HN,3.178271,0.072899,12.476285,10,['756']
761,H,3.086187,-2.791298,12.850134,12,['757']
762,C,2.154866,-1.413026,14.260682,13,"['757', '763', '764', '765']"
763,H,1.665872,-2.224913,14.84383,14,['762']
764,H,1.484412,-0.52359,14.287328,14,['762']
765,H,3.09488,-1.144923,14.793903,14,['762']
766,N,0.398399,-1.34818,11.526922,7,"['758', '767', '770']"
767,CA,-0.85297,-1.594657,10.832175,8,"['766', '768', '771', '772']"
768,C,-0.658048,-2.54546,9.653076,9,"['767', '769', '786']"
769,O,-1.396614,-3.534951,9.530958,11,['768']
770,HN,0.687844,-0.363582,11.57543,10,['766']
771,H,-1.533397,-2.115506,11.54761,12,['767']
772,C,-1.52466,-0.280183,10.358484,61,"['767', '773', '779', '780']"
773,C,-2.879367,-0.496309,9.715974,63,"['772', '774', '775']"
774,C,-4.045745,-0.472608,10.499429,64,"['773', '776', '781']"
775,C,-3.003487,-0.741132,8.336167,64,"['773', '777', '782']"
776,C,-5.301189,-0.676578,9.92082,66,"['774', '778', '783']"
777,C,-4.259848,-0.942199,7.75613,66,"['775', '778', '784']"
778,C,-5.411711,-0.905632,8.547171,68,"['776', '777', '785']"
779,H,-0.866292,0.259223,9.636371,62,['772']
780,H,-1.642049,0.408272,11.225023,62,['772']
781,H,-3.982632,-0.298279,11.58562,65,['774']
782,H,-2.109974,-0.788484,7.693198,65,['775']
783,H,-6.201203,-0.647862,10.555001,67,['776']
784,H,-4.33446,-1.135975,6.675139,67,['777']
785,H,-6.401989,-1.05756,8.091559,69,['778']
786,N,0.319393,-2.210406,8.770259,7,"['768', '787', '790']"
787,CA,0.705656,-2.974478,7.599123,8,"['786', '788', '791', '792']"
788,C,1.267639,-4.338976,7.986534,9,"['787', '789', '800']"
789,O,0.876094,-5.3486,7.403317,11,['788']
790,HN,0.8302,-1.32338,8.885348,10,['786']
791,H,-0.21156,-3.182284,6.996766,12,['787']
792,C,1.708103,-2.197946,6.689968,37,"['787', '793', '794', '795']"
793,OH,1.018311,-1.0398,6.234792,39,"['792', '796']"
794,C,2.145988,-2.986241,5.440532,41,"['792', '797', '798', '799']"
795,H,2.603226,-1.881979,7.281007,38,['792']
796,HO,1.636854,-0.4749,5.773284,40,['793']
797,H,2.744505,-2.34514,4.754423,42,['794']
798,H,1.276431,-3.377771,4.870736,42,['794']
799,H,2.787698,-3.854079,5.711231,42,['794']
800,N,2.159238,-4.373275,9.008505,7,"['788', '801', '804']"
801,CA,2.733032,-5.582826,9.577529,8,"['800', '802', '805', '806']"
802,C,1.646702,-6.576868,9.98218,9,"['801', '803', '822']"
803,O,1.616007,-7.703023,9.488975,11,['802']
804,HN,2.52803,-3.492014,9.391899,10,['800']
805,H,3.3229,-6.094547,8.78101,12,['801']
806,C,3.665023,-5.246085,10.775894,182,"['801', '807', '811', '812']"
807,C,4.224362,-6.463319,11.537902,184,"['806', '808', '813', '814']"
808,C,4.995191,-6.055802,12.814951,186,"['807', '809', '815', '816']"
809,C,5.588306,-7.233208,13.616509,188,"['808', '810', '817', '818']"
810,N,6.507969,-8.026237,12.818864,190,"['809', '819', '820', '821']"
811,H,3.110329,-4.600042,11.495866,183,['806']
812,H,4.518457,-4.626628,10.411322,183,['806']
813,H,4.869507,-7.052506,10.845503,185,['807']
814,H,3.395869,-7.148009,11.838189,185,['807']
815,H,4.312642,-5.490907,13.496206,187,['808']
816,H,5.812008,-5.341362,12.550819,187,['808']
817,H,4.783959,-7.89942,14.005106,189,['809']
818,H,6.133177,-6.840585,14.50428,189,['809']
819,HN,7.093647,-8.639336,13.376933,191,['810']
820,HN,7.121269,-7.457917,12.24456,191,['810']
821,HN,5.990009,-8.624558,12.171885,191,['810']
822,N,0.73953,-6.16007,10.898418,7,"['802', '823', '826']"
823,CA,-0.360266,-6.97216,11.390352,8,"['822', '824', '827', '828']"
824,C,-1.271466,-7.454192,10.25722,9,"['823', '825', '844']"
825,O,-1.74334,-8.589408,10.289081,11,['824']
826,HN,0.836247,-5.225102,11.316872,10,['822']
827,H,0.075429,-7.907886,11.820413,12,['823']
828,C,-1.153804,-6.216796,12.507408,182,"['823', '829', '833', '834']"
829,C,-2.383641,-6.957303,13.09134,184,"['828', '830', '835', '836']"
830,C,-3.027223,-6.21923,14.298171,186,"['829', '831', '837', '838']"
831,C,-4.297046,-6.938002,14.81442,188,"['830', '832', '839', '840']"
832,N,-5.030781,-6.209585,15.839946,190,"['831', '841', '842', '843']"
833,H,-1.482647,-5.22568,12.111389,183,['828']
834,H,-0.439679,-5.985381,13.33565,183,['828']
835,H,-2.082521,-7.987053,13.396795,185,['829']
836,H,-3.137266,-7.092187,12.280106,185,['829']
837,H,-3.278953,-5.174798,13.993795,187,['830']
838,H,-2.281276,-6.139179,15.125063,187,['830']
839,H,-4.030045,-7.937829,15.228038,189,['831']
840,H,-4.99519,-7.120541,13.966702,189,['831']
841,HN,-5.895715,-6.677048,16.086709,191,['832']
842,HN,-5.294256,-5.259465,15.577185,191,['832']
843,HN,-4.523717,-6.128766,16.722239,191,['832']
844,N,-1.541614,-6.594061,9.243301,7,"['824', '845', '848']"
845,CA,-2.416632,-6.92141,8.130212,8,"['844', '846', '849', '850']"
846,C,-1.839575,-8.003111,7.205628,9,"['845', '847', '861']"
847,O,-2.595247,-8.84215,6.723325,11,['846']
848,HN,-1.165033,-5.637018,9.257079,10,['844']
849,H,-3.342992,-7.381433,8.555628,12,['845']
850,C,-2.802901,-5.643762,7.319875,175,"['845', '851', '854', '855']"
851,C,-3.942578,-5.874669,6.307023,177,"['850', '852', '856', '857']"
852,S,-4.514307,-4.295328,5.615004,179,"['851', '853']"
853,C,-5.738755,-4.906937,4.432988,180,"['852', '858', '859', '860']"
854,H,-1.896154,-5.259917,6.791791,176,['850']
855,H,-3.100967,-4.840822,8.035215,176,['850']
856,H,-4.795402,-6.387746,6.80909,178,['851']
857,H,-3.601213,-6.561279,5.500546,178,['851']
858,H,-6.191067,-4.041996,3.903171,181,['853']
859,H,-6.532911,-5.46998,4.967797,181,['853']
860,H,-5.249956,-5.565213,3.682321,181,['853']
861,N,-0.51461,-7.967213,6.904825,7,"['846', '862', '865']"
862,CA,0.135983,-8.927873,6.022254,8,"['861', '863', '866', '867']"
863,C,0.510111,-10.24173,6.722809,9,"['862', '864', '877']"
864,O,0.421718,-11.305427,6.108044,11,['863']
865,HN,0.091142,-7.234273,7.295122,10,['861']
866,H,-0.619899,-9.250753,5.260939,12,['862']
867,C,1.354025,-8.362611,5.202801,15,"['862', '868', '869', '870']"
868,C,0.914293,-7.159226,4.328172,17,"['867', '871', '872', '873']"
869,C,2.559417,-7.946381,6.081342,17,"['867', '874', '875', '876']"
870,H,1.691015,-9.176751,4.512177,16,['867']
871,H,1.731036,-6.824786,3.649601,18,['868']
872,H,0.612673,-6.279702,4.941097,18,['868']
873,H,0.048368,-7.427029,3.681694,18,['868']
874,H,3.402028,-7.558862,5.466354,18,['869']
875,H,2.96002,-8.80618,6.661059,18,['869']
876,H,2.300516,-7.154034,6.815084,18,['869']
877,N,0.949505,-10.194582,8.005664,7,"['863', '878', '881']"
878,CA,1.298835,-11.364695,8.800777,8,"['877', '879', '882', '883']"
879,C,0.090452,-12.189676,9.246035,9,"['878', '880', '892']"
880,O,0.195992,-13.402822,9.404914,11,['879']
881,HN,1.064386,-9.286151,8.47256,10,['877']
882,H,1.884387,-12.066045,8.156073,12,['878']
883,C,2.130997,-11.021185,10.064638,153,"['878', '884', '888', '889']"
884,C,3.528411,-10.430252,9.793124,155,"['883', '885', '890', '891']"
885,C,4.315835,-10.082892,11.036896,157,"['884', '886', '887']"
886,O,3.839861,-10.340009,12.177966,158,['885']
887,O,5.442407,-9.529126,10.900898,158,['885']
888,H,2.261112,-11.954772,10.661121,154,['883']
889,H,1.554367,-10.32231,10.716002,154,['883']
890,H,3.445086,-9.51722,9.161424,156,['884']
891,H,4.136051,-11.161584,9.21633,156,['884']
892,N,-1.081872,-11.537936,9.428332,7,"['879', '893', '896']"
893,CA,-2.3407,-12.213608,9.712342,8,"['892', '894', '897', '898']"
894,C,-3.113533,-12.624534,8.449695,9,"['893', '895', '906']"
895,O,-4.275114,-13.057345,8.537445,11,['894']
896,HN,-1.1253,-10.509883,9.406576,10,['892']
897,H,-2.121495,-13.186302,10.220353,12,['893']
898,C,-3.239645,-11.354597,10.649976,147,"['893', '899', '902', '903']"
899,C,-2.69021,-11.207724,12.064815,149,"['898', '900', '901']"
900,O,-1.62222,-11.72741,12.397641,150,['899']
901,N,-3.476005,-10.54917,12.943059,151,"['899', '904', '905']"
902,H,-4.238459,-11.838948,10.719996,148,['898']
903,H,-3.414503,-10.345311,10.211279,148,['898']
904,HN,-4.443961,-10.313319,12.690693,152,['901']
905,HN,-3.156817,-10.46226,13.916188,152,['901']
906,N,-2.509518,-12.47049,7.241021,7,"['894', '907', '910']"
907,CA,-3.126245,-12.846584,5.985365,8,"['906', '908', '911', '912']"
908,C,-2.86994,-14.338223,5.763473,9,"['907', '909', '916']"
909,O,-1.728468,-14.811296,5.706912,11,['908']
910,HN,-1.514909,-12.229805,7.154041,10,['906']
911,H,-4.224266,-12.654075,6.064721,12,['907']
912,C,-2.564949,-12.042893,4.790211,13,"['907', '913', '914', '915']"
913,H,-3.142698,-12.26333,3.865104,14,['912']
914,H,-1.503101,-12.299944,4.586912,14,['912']
915,H,-2.61082,-10.948426,4.974098,14,['912']
916,N,-3.955557,-15.092895,5.500864,7,"['908', '917', '920']"
917,CA,-3.909942,-16.444548,4.990251,8,"['916', '918', '921', '922']"
918,C,-3.490131,-16.499867,3.516663,9,"['917', '919', '938']"
919,O,-2.915079,-17.511211,3.080474,11,['918']
920,HN,-4.856396,-14.610936,5.389518,10,['916']
921,H,-3.087177,-16.97828,5.522617,12,['917']
922,C,-5.258308,-17.203909,5.203549,182,"['917', '923', '927', '928']"
923,C,-5.762179,-17.190815,6.670647,184,"['922', '924', '929', '930']"
924,C,-4.627427,-17.540822,7.656336,186,"['923', '925', '931', '932']"
925,C,-5.058378,-17.753637,9.112829,188,"['924', '926', '933', '934']"
926,N,-3.8873,-17.875816,9.970612,190,"['925', '935', '936', '937']"
927,H,-5.13613,-18.256236,4.849972,183,['922']
928,H,-6.042166,-16.761091,4.541705,183,['922']
929,H,-6.626977,-17.881929,6.772007,185,['923']
930,H,-6.159699,-16.174358,6.910462,185,['923']
931,H,-3.878118,-16.713026,7.636415,187,['924']
932,H,-4.08909,-18.450817,7.298717,187,['924']
933,H,-5.682386,-18.668605,9.213072,189,['925']
934,H,-5.666827,-16.896048,9.478975,189,['925']
935,HN,-4.128975,-18.015045,10.946003,191,['926']
936,HN,-3.316372,-17.035722,9.883455,191,['926']
937,HN,-3.264699,-18.631494,9.710591,191,['926']
938,N,-3.734929,-15.411643,2.746532,7,"['918', '939', '942']"
939,CA,-3.35297,-15.236843,1.358242,8,"['938', '940', '943', '944']"
940,C,-2.932396,-13.77786,1.100854,9,"['939', '941', '960']"
941,O,-3.638931,-12.831027,1.462306,11,['940']
942,HN,-4.324128,-14.64558,3.116784,10,['938']
943,H,-2.487266,-15.906316,1.130948,12,['939']
944,C,-4.577923,-15.630976,0.475783,182,"['939', '945', '949', '950']"
945,C,-4.356874,-15.361723,-1.026591,184,"['944', '946', '951', '952']"
946,C,-5.512753,-15.772028,-1.958797,186,"['945', '947', '953', '954']"
947,C,-6.874204,-15.156624,-1.586253,188,"['946', '948', '955', '956']"
948,N,-7.806365,-15.178776,-2.700515,190,"['947', '957', '958', '959']"
949,H,-5.473457,-15.069838,0.837057,183,['944']
950,H,-4.817963,-16.711745,0.633485,183,['944']
951,H,-3.431801,-15.88994,-1.350948,185,['945']
952,H,-4.150786,-14.277111,-1.178557,185,['945']
953,H,-5.608718,-16.881047,-1.984334,187,['946']
954,H,-5.23368,-15.473128,-2.995427,187,['946']
955,H,-6.762073,-14.096431,-1.262191,189,['947']
956,H,-7.329399,-15.710519,-0.734671,189,['947']
957,HN,-8.713229,-14.835291,-2.405358,191,['948']
958,HN,-7.887817,-16.08721,-3.150942,191,['948']
959,HN,-7.490175,-14.499891,-3.393291,191,['948']
960,N,-1.810889,-13.591517,0.352331,7,"['940', '961', '964']"
961,CA,-1.370323,-12.31251,-0.198724,8,"['960', '962', '965', '966']"
962,C,-1.592091,-12.373729,-1.725854,9,"['961', '963', '979']"
963,O,-1.323072,-13.389523,-2.382697,11,['962']
964,HN,-1.294258,-14.399484,-0.021205,10,['960']
965,H,-2.00726,-11.496895,0.222037,12,['961']
966,C,0.131849,-11.995926,0.149043,25,"['961', '967', '968', '970']"
967,C,0.387553,-11.909432,1.688091,27,"['966', '969', '971', '972']"
968,C,0.612399,-10.687656,-0.535375,29,"['966', '973', '974', '975']"
969,C,-0.265747,-10.719671,2.412593,31,"['967', '976', '977', '978']"
970,H,0.749387,-12.839093,-0.247482,26,['966']
971,H,1.48602,-11.874529,1.879236,28,['967']
972,H,0.048927,-12.851367,2.182113,28,['967']
973,H,1.641384,-10.40773,-0.218704,30,['968']
974,H,-0.053686,-9.827337,-0.302999,30,['968']
975,H,0.639376,-10.786284,-1.642645,30,['968']
976,H,-0.052166,-10.768094,3.504211,32,['969']
977,H,-1.371774,-10.719295,2.300215,32,['969']
978,H,0.114305,-9.7385,2.053542,32,['969']
979,N,-2.136853,-11.277174,-2.304183,7,"['962', '980', '983']"
980,CA,-2.404983,-11.085229,-3.725842,8,"['979', '981', '984', '985']"
981,C,-1.750126,-9.740527,-4.126766,9,"['980', '982', '994']"
982,O,-1.986699,-8.721895,-3.469182,11,['981']
983,HN,-2.363797,-10.463783,-1.710996,10,['979']
984,H,-1.921867,-11.904387,-4.314679,12,['980']
985,C,-3.964435,-11.063166,-3.989785,153,"['980', '986', '990', '991']"
986,C,-4.780521,-12.279526,-3.459124,155,"['985', '987', '992', '993']"
987,C,-6.296838,-12.299085,-3.55036,157,"['986', '988', '989']"
988,O,-6.974417,-11.584999,-2.751032,158,['987']
989,O,-6.883726,-13.163976,-4.26494,158,['987']
990,H,-4.126754,-10.96839,-5.084176,154,['985']
991,H,-4.374963,-10.13383,-3.546782,154,['985']
992,H,-4.553588,-12.404146,-2.376215,156,['986']
993,H,-4.394906,-13.198467,-3.956379,156,['986']
994,N,-0.913208,-9.709802,-5.197743,7,"['981', '995', '998']"
995,CA,-0.313081,-8.500581,-5.777487,8,"['994', '996', '999', '1000']"
996,C,-1.078252,-8.178585,-7.064771,9,"['995', '997', '1010']"
997,O,-1.529887,-9.074671,-7.78544,11,['996']
998,HN,-0.821914,-10.543073,-5.793807,10,['994']
999,H,-0.458685,-7.640077,-5.073923,12,['995']
1000,C,1.227088,-8.582119,-6.085934,15,"['995', '1001', '1002', '1003']"
1001,C,2.025284,-8.85497,-4.790308,17,"['1000', '1004', '1005', '1006']"
1002,C,1.613166,-9.634389,-7.155408,17,"['1000', '1007', '1008', '1009']"
1003,H,1.545956,-7.571927,-6.460234,16,['1000']
1004,H,3.121107,-8.886739,-4.988352,18,['1001']
1005,H,1.730563,-9.800341,-4.291135,18,['1001']
1006,H,1.875721,-8.022318,-4.066708,18,['1001']
1007,H,2.705437,-9.60023,-7.372555,18,['1002']
1008,H,1.100845,-9.435755,-8.122723,18,['1002']
1009,H,1.360806,-10.672685,-6.847248,18,['1002']
1010,N,-1.237094,-6.882406,-7.407916,7,"['996', '1011', '1014']"
1011,CA,-1.923135,-6.447128,-8.610576,8,"['1010', '1012', '1015', '1016']"
1012,C,-1.202207,-5.239999,-9.213285,9,"['1011', '1013', '1025']"
1013,O,-1.208899,-4.136425,-8.660135,11,['1012']
1014,HN,-1.008922,-6.135228,-6.737407,10,['1010']
1015,H,-1.91991,-7.28048,-9.358221,12,['1011']
1016,C,-3.387455,-6.103066,-8.239511,153,"['1011', '1017', '1021', '1022']"
1017,C,-4.255532,-5.70941,-9.439709,155,"['1016', '1018', '1023', '1024']"
1018,C,-5.674067,-5.390642,-9.052478,157,"['1017', '1019', '1020']"
1019,O,-5.876058,-4.431013,-8.253452,158,['1018']
1020,O,-6.596117,-6.054649,-9.589433,158,['1018']
1021,H,-3.380693,-5.263111,-7.50749,154,['1016']
1022,H,-3.853871,-6.975764,-7.722101,154,['1016']
1023,H,-4.271536,-6.531209,-10.184144,156,['1017']
1024,H,-3.831146,-4.819098,-9.956153,156,['1017']
1025,N,-0.548706,-5.469731,-10.375406,7,"['1012', '1026', '1029']"
1026,CA,0.14362,-4.45192,-11.155226,8,"['1025', '1027', '1030', '1031']"
1027,C,-0.880908,-3.617766,-11.93255,9,"['1026', '1028', '1045']"
1028,O,-1.938759,-4.115889,-12.337874,11,['1027']
1029,HN,-0.58315,-6.408166,-10.792617,10,['1025']
1030,H,0.685963,-3.77143,-10.448617,12,['1026']
1031,C,1.144665,-5.08683,-12.163736,61,"['1026', '1032', '1038', '1039']"
1032,C,2.284498,-5.787195,-11.45595,63,"['1031', '1033', '1034']"
1033,C,2.278148,-7.176949,-11.248824,64,"['1032', '1035', '1040']"
1034,C,3.381054,-5.044461,-10.981753,64,"['1032', '1036', '1041']"
1035,C,3.339745,-7.800535,-10.588384,66,"['1033', '1037', '1042']"
1036,C,4.456139,-5.674314,-10.347219,66,"['1034', '1037', '1043']"
1037,C,4.441824,-7.058389,-10.158302,68,"['1035', '1036', '1044']"
1038,H,1.563161,-4.293446,-12.826075,62,['1031']
1039,H,0.614901,-5.793116,-12.841518,62,['1031']
1040,H,1.431477,-7.798992,-11.584714,65,['1033']
1041,H,3.406323,-3.94836,-11.094061,65,['1034']
1042,H,3.29959,-8.881481,-10.401849,67,['1035']
1043,H,5.308448,-5.069473,-9.998294,67,['1036']
1044,H,5.281849,-7.562762,-9.655009,69,['1037']
1045,N,-0.529712,-2.327199,-12.150523,7,"['1027', '1046', '1049']"
1046,CA,-1.30635,-1.381326,-12.950062,8,"['1045', '1047', '1050', '1051']"
1047,C,-0.730003,-1.351589,-14.383344,9,"['1046', '1048', '1057']"
1048,O,0.163153,-2.129455,-14.716597,11,['1047']
1049,HN,0.405273,-1.995009,-11.87768,10,['1045']
1050,H,-2.337923,-1.793149,-13.061081,12,['1046']
1051,C,-1.385932,-0.019226,-12.203415,137,"['1046', '1052', '1055', '1056']"
1052,C,-2.643561,0.78162,-12.450803,139,"['1051', '1053', '1054']"
1053,O,-3.335663,0.519264,-13.474966,140,['1052']
1054,O,-3.014699,1.631193,-11.598561,140,['1052']
1055,H,-0.489452,0.593091,-12.459027,138,['1051']
1056,H,-1.321767,-0.194823,-11.102811,138,['1051']
1057,N,-1.316203,-0.513696,-15.279709,7,"['1047', '1058', '1061']"
1058,CA,-1.010813,-0.436103,-16.706314,8,"['1057', '1059', '1062', '1063']"
1059,C,0.328964,0.227535,-17.081861,9,"['1058', '1060', '1079']"
1060,O,0.722152,0.18486,-18.26035,11,['1059']
1061,HN,-2.015098,0.162763,-14.946065,10,['1057']
1062,H,-0.909168,-1.482844,-17.087639,12,['1058']
1063,C,-2.1329,0.306442,-17.508314,182,"['1058', '1064', '1068', '1069']"
1064,C,-3.588829,-0.190485,-17.338011,184,"['1063', '1065', '1070', '1071']"
1065,C,-3.789382,-1.669059,-17.74875,186,"['1064', '1066', '1072', '1073']"
1066,C,-5.112191,-1.970969,-18.483128,188,"['1065', '1067', '1074', '1075']"
1067,N,-6.310745,-1.659712,-17.722062,190,"['1066', '1076', '1077', '1078']"
1068,H,-1.869059,0.281636,-18.592594,183,['1063']
1069,H,-2.090107,1.388673,-17.225126,183,['1063']
1070,H,-4.226753,0.477109,-17.966645,185,['1064']
1071,H,-3.932801,-0.020614,-16.289091,185,['1064']
1072,H,-3.682396,-2.320623,-16.84982,187,['1065']
1073,H,-2.964525,-1.992006,-18.428768,187,['1065']
1074,H,-5.143384,-3.05264,-18.744773,189,['1066']
1075,H,-5.16124,-1.426971,-19.454558,189,['1066']
1076,HN,-7.104534,-2.190042,-18.06427,191,['1067']
1077,HN,-6.605873,-0.68876,-17.819697,191,['1067']
1078,HN,-6.250433,-1.825327,-16.724546,191,['1067']
1079,N,0.9374,0.99657,-16.152449,1,"['1059', '1080', '1083']"
1080,CA,2.209754,1.665386,-16.304284,2,"['1079', '1081', '1084', '1085']"
1081,C,3.367286,0.832671,-15.760251,3,"['1080', '1082', '1086']"
1082,O,3.349527,-0.40163,-15.7726,5,['1081']
1083,HN,0.549293,1.123612,-15.207236,4,['1079']
1084,H,2.416543,1.880601,-17.377603,6,['1080']
1085,H,2.169799,2.657484,-15.800999,6,['1080']
1086,N,4.437503,1.553378,-15.333573,7,"['1081', '1087', '1090']"
1087,CA,5.665615,1.006027,-14.772112,8,"['1086', '1088', '1091', '1092']"
1088,C,5.351222,0.020044,-13.635856,9,"['1087', '1089', '1103']"
1089,O,4.792253,0.399886,-12.601652,11,['1088']
1090,HN,4.4542,2.555199,-15.563415,10,['1086']
1091,H,6.196541,0.457591,-15.590275,12,['1087']
1092,C,6.614807,2.103996,-14.185525,167,"['1087', '1093', '1097', '1098']"
1093,C,7.073426,3.246921,-15.119815,169,"['1092', '1094', '1099', '1100']"
1094,C,7.950494,2.810739,-16.283256,171,"['1093', '1095', '1096']"
1095,O,7.971372,1.648228,-16.674708,172,['1094']
1096,N,8.693942,3.788022,-16.84661,173,"['1094', '1101', '1102']"
1097,H,7.527355,1.596822,-13.777952,168,['1092']
1098,H,6.126137,2.568666,-13.29577,168,['1092']
1099,H,7.643381,3.966429,-14.488195,170,['1093']
1100,H,6.2115,3.818514,-15.532627,170,['1093']
1101,HN,8.646288,4.767661,-16.536628,174,['1096']
1102,HN,9.314519,3.536433,-17.625612,174,['1096']
1103,N,5.784195,-1.251867,-13.789807,7,"['1088', '1104', '1107']"
1104,CA,5.739071,-2.293484,-12.779087,8,"['1103', '1105', '1108', '1109']"
1105,C,6.884281,-2.225441,-11.760305,9,"['1104', '1106', '1127']"
1106,O,6.794458,-2.866747,-10.707324,11,['1105']
1107,HN,6.198606,-1.526734,-14.689744,10,['1103']
1108,H,4.817457,-2.143754,-12.161644,12,['1104']
1109,C,5.709224,-3.725301,-13.408143,202,"['1104', '1110', '1116', '1117']"
1110,C,4.460445,-4.004836,-14.274303,204,"['1109', '1111', '1118', '1119']"
1111,C,4.327773,-5.480163,-14.701752,206,"['1110', '1112', '1120', '1121']"
1112,N,3.064678,-5.677728,-15.400343,208,"['1111', '1113', '1122']"
1113,C,2.163081,-6.649334,-15.183893,210,"['1112', '1114', '1115']"
1114,N,2.368679,-7.742769,-14.438802,211,"['1113', '1123', '1124']"
1115,N,0.987425,-6.54128,-15.813948,211,"['1113', '1125', '1126']"
1116,H,5.766346,-4.46944,-12.57791,203,['1109']
1117,H,6.631281,-3.875236,-14.021677,203,['1109']
1118,H,4.49958,-3.347969,-15.177405,205,['1110']
1119,H,3.55835,-3.685015,-13.70355,205,['1110']
1120,H,4.398474,-6.129334,-13.801861,207,['1111']
1121,H,5.174763,-5.752433,-15.373891,207,['1111']
1122,HN,2.883209,-4.963124,-16.122157,209,['1112']
1123,HN,3.241537,-7.86635,-13.91114,212,['1114']
1124,HN,1.643793,-8.474234,-14.375912,212,['1114']
1125,HN,0.768211,-5.702978,-16.369356,212,['1115']
1126,HN,0.292051,-7.29563,-15.724246,212,['1115']
1127,N,7.978913,-1.484747,-12.051614,7,"['1105', '1128', '1131']"
1128,CA,9.111773,-1.280218,-11.158162,8,"['1127', '1129', '1132', '1133']"
1129,C,9.506738,0.204679,-11.216785,9,"['1128', '1130', '1141']"
1130,O,9.199732,0.892022,-12.19447,11,['1129']
1131,HN,8.034716,-0.904007,-12.899396,10,['1127']
1132,H,8.780482,-1.487007,-10.1107,12,['1128']
1133,C,10.311024,-2.220017,-11.492984,37,"['1128', '1134', '1135', '1136']"
1134,OH,10.793753,-1.987464,-12.817802,39,"['1133', '1137']"
1135,C,9.966739,-3.721169,-11.41869,41,"['1133', '1138', '1139', '1140']"
1136,H,11.1361,-1.991159,-10.772912,38,['1133']
1137,HO,11.653201,-1.573964,-12.7238,40,['1134']
1138,H,10.868205,-4.335813,-11.625401,42,['1135']
1139,H,9.178426,-4.018728,-12.144829,42,['1135']
1140,H,9.612412,-3.998786,-10.401618,42,['1135']
1141,N,10.135309,0.717816,-10.127545,7,"['1129', '1142', '1145']"
1142,CA,10.601546,2.100046,-10.002768,8,"['1141', '1143', '1146', '1147']"
1143,C,12.120059,2.173478,-10.233246,9,"['1142', '1144', '1153']"
1144,O,12.797457,1.167079,-10.454747,11,['1143']
1145,HN,10.372422,0.104349,-9.332766,10,['1141']
1146,H,10.136763,2.703912,-10.821924,12,['1142']
1147,C,10.170622,2.690003,-8.624454,137,"['1142', '1148', '1151', '1152']"
1148,C,10.818959,2.17058,-7.359275,139,"['1147', '1149', '1150']"
1149,O,11.704682,1.280396,-7.431079,140,['1148']
1150,O,10.476426,2.684456,-6.257638,140,['1148']
1151,H,9.07275,2.541423,-8.510226,138,['1147']
1152,H,10.310095,3.795564,-8.639835,138,['1147']
1153,N,12.679322,3.410399,-10.114169,7,"['1143', '1154', '1157']"
1154,CA,14.104462,3.712149,-10.197812,8,"['1153', '1155', '1158', '1159']"
1155,C,15.007106,3.089317,-9.113145,9,"['1154', '1156', '1175']"
1156,O,16.229807,3.186028,-9.223578,11,['1155']
1157,HN,12.062473,4.226475,-10.017741,10,['1153']
1158,H,14.477005,3.234195,-11.141389,12,['1154']
1159,C,14.362054,5.255744,-10.315261,182,"['1154', '1160', '1164', '1165']"
1160,C,14.152355,6.106602,-9.031375,184,"['1159', '1161', '1166', '1167']"
1161,C,14.234098,7.643266,-9.286148,186,"['1160', '1162', '1168', '1169']"
1162,C,14.242115,8.494785,-7.989303,188,"['1161', '1163', '1170', '1171']"
1163,N,14.1512,9.941262,-8.195915,190,"['1162', '1172', '1173', '1174']"
1164,H,13.746539,5.661446,-11.154453,183,['1159']
1165,H,15.417292,5.388974,-10.657187,183,['1159']
1166,H,14.918591,5.801248,-8.278466,185,['1160']
1167,H,13.168279,5.858011,-8.569162,185,['1160']
1168,H,13.380589,7.947612,-9.939152,187,['1161']
1169,H,15.15238,7.87759,-9.876578,187,['1161']
1170,H,15.171662,8.290927,-7.410493,189,['1162']
1171,H,13.398244,8.192722,-7.327313,189,['1162']
1172,HN,14.32966,10.451188,-7.326779,191,['1163']
1173,HN,13.23476,10.228665,-8.518593,191,['1163']
1174,HN,14.810385,10.347995,-8.855874,191,['1163']
1175,N,14.434166,2.459839,-8.052744,7,"['1155', '1176', '1179']"
1176,CA,15.14519,1.718756,-7.016739,8,"['1175', '1177', '1180', '1181']"
1177,C,15.01084,0.188118,-7.151631,9,"['1176', '1178', '1196']"
1178,O,15.494954,-0.569088,-6.294303,11,['1177']
1179,HN,13.411946,2.362806,-7.96944,10,['1175']
1180,H,16.242163,1.913685,-7.114893,12,['1176']
1181,C,14.668456,2.157324,-5.59719,70,"['1176', '1182', '1189', '1190']"
1182,C,14.841346,3.645061,-5.363918,72,"['1181', '1183', '1184']"
1183,C,13.738893,4.516261,-5.341,73,"['1182', '1185', '1191']"
1184,C,16.122563,4.180904,-5.146131,73,"['1182', '1186', '1192']"
1185,C,13.913914,5.885459,-5.108698,75,"['1183', '1187', '1193']"
1186,C,16.302097,5.551692,-4.931199,75,"['1184', '1187', '1194']"
1187,C,15.196533,6.410605,-4.912461,77,"['1185', '1186', '1188']"
1188,OH,15.340388,7.746891,-4.699425,78,"['1187', '1195']"
1189,H,15.230479,1.603162,-4.810029,71,['1181']
1190,H,13.598026,1.876378,-5.455738,71,['1181']
1191,H,12.718976,4.12299,-5.482141,74,['1183']
1192,H,17.003002,3.51696,-5.135554,74,['1184']
1193,H,13.031861,6.544812,-5.066062,76,['1185']
1194,H,17.318173,5.944781,-4.765623,76,['1186']
1195,HO,16.235621,8.004238,-4.520712,79,['1188']
1196,N,14.326244,-0.30766,-8.213218,1,"['1177', '1197', '1200']"
1197,CA,14.069693,-1.705369,-8.460563,2,"['1196', '1198', '1201', '1202']"
1198,C,13.044018,-2.37537,-7.554188,3,"['1197', '1199', '1203']"
1199,O,13.026672,-3.614322,-7.448603,5,['1198']
1200,HN,13.872786,0.30673,-8.903131,4,['1196']
1201,H,13.72661,-1.836471,-9.511381,6,['1197']
1202,H,15.014337,-2.28552,-8.393286,6,['1197']
1203,N,12.174259,-1.572345,-6.893123,7,"['1198', '1204', '1207']"
1204,CA,11.026417,-2.025494,-6.12471,8,"['1203', '1205', '1208', '1209']"
1205,C,9.881515,-2.236482,-7.122527,9,"['1204', '1206', '1227']"
1206,O,9.765838,-1.505314,-8.11122,11,['1205']
1207,HN,12.147147,-0.561166,-7.103199,10,['1203']
1208,H,11.27729,-3.00028,-5.640404,12,['1204']
1209,C,10.566261,-0.984662,-5.050117,202,"['1204', '1210', '1216', '1217']"
1210,C,11.672207,-0.555473,-4.057045,204,"['1209', '1211', '1218', '1219']"
1211,C,11.215343,0.482553,-3.005748,206,"['1210', '1212', '1220', '1221']"
1212,N,10.794724,1.744342,-3.60319,208,"['1211', '1213', '1222']"
1213,C,10.562511,2.899025,-2.965509,210,"['1212', '1214', '1215']"
1214,N,10.621094,3.008471,-1.636339,211,"['1213', '1223', '1224']"
1215,N,10.280891,3.986208,-3.691286,211,"['1213', '1225', '1226']"
1216,H,9.700464,-1.415294,-4.490783,203,['1209']
1217,H,10.154263,-0.095318,-5.586373,203,['1209']
1218,H,12.534995,-0.133105,-4.62371,205,['1210']
1219,H,12.0638,-1.456195,-3.532439,205,['1210']
1220,H,12.050892,0.669324,-2.289108,207,['1211']
1221,H,10.383439,0.056702,-2.400127,207,['1211']
1222,HN,10.750926,1.80717,-4.631259,209,['1212']
1223,HN,10.783542,2.179934,-1.05091,212,['1214']
1224,HN,10.591645,3.939206,-1.197236,212,['1214']
1225,HN,10.237454,3.87491,-4.719264,212,['1215']
1226,HN,10.148417,4.902759,-3.240341,212,['1215']
1227,N,9.016293,-3.236492,-6.84627,1,"['1205', '1228', '1231']"
1228,CA,7.773655,-3.445068,-7.555273,2,"['1227', '1229', '1232', '1233']"
1229,C,6.76145,-2.384541,-7.129744,3,"['1228', '1230', '1234']"
1230,O,6.752805,-1.954639,-5.971031,5,['1229']
1231,HN,9.108787,-3.768431,-5.970098,4,['1227']
1232,H,7.943606,-3.415619,-8.655757,6,['1228']
1233,H,7.356387,-4.447806,-7.321651,6,['1228']
1234,N,5.872534,-1.980955,-8.064625,7,"['1229', '1235', '1238']"
1235,CA,4.794468,-1.026535,-7.862177,8,"['1234', '1236', '1239', '1240']"
1236,C,3.478991,-1.771101,-8.108647,9,"['1235', '1237', '1253']"
1237,O,3.207498,-2.216703,-9.228068,11,['1236']
1238,HN,5.866175,-2.425295,-8.992749,10,['1234']
1239,H,4.801432,-0.657546,-6.807102,12,['1235']
1240,C,4.935882,0.169379,-8.856112,19,"['1235', '1241', '1244', '1245']"
1241,C,6.238285,1.008991,-8.702357,21,"['1240', '1242', '1243', '1246']"
1242,C,6.310612,2.067346,-9.833668,23,"['1241', '1247', '1248', '1249']"
1243,C,6.266908,1.72093,-7.326057,23,"['1241', '1250', '1251', '1252']"
1244,H,4.049233,0.830876,-8.738332,20,['1240']
1245,H,4.858316,-0.226639,-9.897828,20,['1240']
1246,H,7.132263,0.342676,-8.78845,22,['1241']
1247,H,7.246747,2.665855,-9.790174,24,['1242']
1248,H,5.460835,2.784987,-9.800065,24,['1242']
1249,H,6.296092,1.586148,-10.837895,24,['1242']
1250,H,7.181822,2.339828,-7.195649,24,['1243']
1251,H,6.2627,0.990338,-6.486073,24,['1243']
1252,H,5.389439,2.390141,-7.178632,24,['1243']
1253,N,2.671002,-1.94392,-7.037308,7,"['1236', '1254', '1257']"
1254,CA,1.42897,-2.70256,-7.067062,8,"['1253', '1255', '1258', '1259']"
1255,C,0.424748,-2.226228,-6.002169,9,"['1254', '1256', '1265']"
1256,O,0.668526,-1.353274,-5.152193,11,['1255']
1257,HN,3.050789,-1.864144,-6.081456,10,['1253']
1258,H,0.943063,-2.567113,-8.062343,12,['1254']
1259,C,1.778203,-4.201093,-6.843689,137,"['1254', '1260', '1263', '1264']"
1260,C,2.50284,-4.535773,-5.544876,139,"['1259', '1261', '1262']"
1261,O,3.115076,-3.598676,-4.95304,140,['1260']
1262,O,2.487559,-5.730062,-5.1744,140,['1260']
1263,H,2.42642,-4.558504,-7.67673,138,['1259']
1264,H,0.863334,-4.827863,-6.893903,138,['1259']
1265,N,-0.785131,-2.830176,-6.07756,7,"['1255', '1266', '1269']"
1266,CA,-1.814,-2.846594,-5.058475,8,"['1265', '1267', '1270', '1271']"
1267,C,-1.771938,-4.245736,-4.440773,9,"['1266', '1268', '1286']"
1268,O,-1.826129,-5.255407,-5.152418,11,['1267']
1269,HN,-0.997015,-3.417772,-6.895188,10,['1265']
1270,H,-1.56765,-2.096105,-4.27588,12,['1266']
1271,C,-3.227279,-2.559459,-5.628267,70,"['1266', '1272', '1279', '1280']"
1272,C,-3.260551,-1.333498,-6.515479,72,"['1271', '1273', '1274']"
1273,C,-3.419264,-0.049162,-5.969681,73,"['1272', '1275', '1281']"
1274,C,-3.220056,-1.46779,-7.913567,73,"['1272', '1276', '1282']"
1275,C,-3.548416,1.069669,-6.798201,75,"['1273', '1277', '1283']"
1276,C,-3.350458,-0.350009,-8.73928,75,"['1274', '1277', '1284']"
1277,C,-3.537842,0.923466,-8.190557,77,"['1275', '1276', '1278']"
1278,OH,-3.783121,1.999342,-8.987339,78,"['1277', '1285']"
1279,H,-3.951466,-2.429086,-4.790941,71,['1271']
1280,H,-3.59354,-3.437992,-6.205559,71,['1271']
1281,H,-3.462139,0.087985,-4.877233,74,['1273']
1282,H,-3.119225,-2.46232,-8.37757,74,['1274']
1283,H,-3.682763,2.061003,-6.341254,76,['1275']
1284,H,-3.35564,-0.480273,-9.830417,76,['1276']
1285,HO,-3.451326,1.814133,-9.865706,79,['1278']
1286,N,-1.597308,-4.308834,-3.103186,7,"['1267', '1287', '1290']"
1287,CA,-1.440287,-5.541295,-2.3419,8,"['1286', '1288', '1291', '1292']"
1288,C,-2.742696,-5.772573,-1.576498,9,"['1287', '1289', '1305']"
1289,O,-3.327422,-4.831551,-1.029824,11,['1288']
1290,HN,-1.689606,-3.454836,-2.533578,10,['1286']
1291,H,-1.28155,-6.394851,-3.047498,12,['1287']
1292,C,-0.186943,-5.448928,-1.392262,25,"['1287', '1293', '1294', '1296']"
1293,C,1.083576,-5.217107,-2.270347,27,"['1292', '1295', '1297', '1298']"
1294,C,-0.022677,-6.736668,-0.543408,29,"['1292', '1299', '1300', '1301']"
1295,C,2.428841,-5.120174,-1.538357,31,"['1293', '1302', '1303', '1304']"
1296,H,-0.330621,-4.579542,-0.703825,26,['1292']
1297,H,0.964875,-4.274378,-2.854305,28,['1293']
1298,H,1.170488,-6.017546,-3.042756,28,['1293']
1299,H,0.839472,-6.664413,0.155408,30,['1294']
1300,H,0.137893,-7.631888,-1.184628,30,['1294']
1301,H,-0.914487,-6.934572,0.091316,30,['1294']
1302,H,3.220832,-4.820347,-2.261927,32,['1295']
1303,H,2.742368,-6.087854,-1.099012,32,['1295']
1304,H,2.417775,-4.366032,-0.724609,32,['1295']
1305,N,-3.211583,-7.039219,-1.530672,7,"['1288', '1306', '1309']"
1306,CA,-4.395186,-7.492748,-0.829099,8,"['1305', '1307', '1310', '1311']"
1307,C,-3.990944,-8.603952,0.146019,9,"['1306', '1308', '1326']"
1308,O,-3.193751,-9.489946,-0.183864,11,['1307']
1309,HN,-2.678658,-7.79361,-1.983026,10,['1305']
1310,H,-4.803082,-6.638844,-0.239606,12,['1306']
1311,C,-5.491036,-8.024513,-1.793932,70,"['1306', '1312', '1319', '1320']"
1312,C,-5.887448,-7.041889,-2.876425,72,"['1311', '1313', '1314']"
1313,C,-7.087216,-6.320269,-2.776252,73,"['1312', '1315', '1321']"
1314,C,-5.091824,-6.845622,-4.018151,73,"['1312', '1316', '1322']"
1315,C,-7.484181,-5.424417,-3.76979,75,"['1313', '1317', '1323']"
1316,C,-5.478235,-5.9351,-5.005435,75,"['1314', '1317', '1324']"
1317,C,-6.683766,-5.231551,-4.897694,77,"['1315', '1316', '1318']"
1318,OH,-7.146903,-4.422429,-5.884433,78,"['1317', '1325']"
1319,H,-6.391128,-8.306285,-1.204177,71,['1311']
1320,H,-5.15042,-8.968681,-2.264242,71,['1311']
1321,H,-7.726824,-6.429096,-1.889443,74,['1313']
1322,H,-4.14357,-7.392509,-4.145944,74,['1314']
1323,H,-8.439055,-4.883252,-3.66648,76,['1315']
1324,H,-4.833621,-5.786575,-5.881889,76,['1316']
1325,HO,-6.597142,-4.51371,-6.658914,79,['1318']
1326,N,-4.609792,-8.566083,1.346693,7,"['1307', '1327', '1330']"
1327,CA,-4.510013,-9.503736,2.449319,8,"['1326', '1328', '1331', '1332']"
1328,C,-5.907569,-10.098349,2.64368,9,"['1327', '1329', '1336']"
1329,O,-6.850302,-9.38588,3.001942,11,['1328']
1330,HN,-5.345509,-7.861446,1.499237,10,['1326']
1331,H,-3.769268,-10.306407,2.215819,12,['1327']
1332,C,-4.081762,-8.727074,3.717708,13,"['1327', '1333', '1334', '1335']"
1333,H,-4.081458,-9.382435,4.617024,14,['1332']
1334,H,-4.784363,-7.892143,3.935035,14,['1332']
1335,H,-3.056946,-8.302401,3.618157,14,['1332']
1336,N,-6.069868,-11.401826,2.311462,7,"['1328', '1337', '1340']"
1337,CA,-7.330035,-12.137699,2.32942,8,"['1336', '1338', '1341', '1342']"
1338,C,-8.439809,-11.430773,1.538973,9,"['1337', '1339', '1348']"
1339,O,-9.630736,-11.492501,1.868916,11,['1338']
1340,HN,-5.245563,-11.99084,2.121601,10,['1336']
1341,H,-7.161825,-13.102561,1.790125,12,['1337']
1342,C,-7.744599,-12.455606,3.789373,137,"['1337', '1343', '1346', '1347']"
1343,C,-6.624631,-13.060766,4.603966,139,"['1342', '1344', '1345']"
1344,O,-5.751837,-13.726115,3.981557,140,['1343']
1345,O,-6.582951,-12.861126,5.844275,140,['1343']
1346,H,-8.602589,-13.166995,3.797971,138,['1342']
1347,H,-8.091557,-11.525171,4.294,138,['1342']
1348,N,-8.046509,-10.778405,0.417868,1,"['1338', '1349', '1352']"
1349,CA,-8.867195,-9.976334,-0.44975,2,"['1348', '1350', '1353', '1354']"
1350,C,-9.038828,-8.487557,-0.174718,3,"['1349', '1351', '1355']"
1351,O,-9.373713,-7.759679,-1.110762,5,['1350']
1352,HN,-7.07492,-10.862518,0.088325,4,['1348']
1353,H,-8.473366,-10.066534,-1.483989,6,['1349']
1354,H,-9.894719,-10.404786,-0.502625,6,['1349']
1355,N,-8.780621,-7.98401,1.06267,7,"['1350', '1356', '1359']"
1356,CA,-8.89489,-6.560057,1.411095,8,"['1355', '1357', '1360', '1361']"
1357,C,-7.589026,-5.85612,1.030746,9,"['1356', '1358', '1377']"
1358,O,-6.497654,-6.35619,1.313866,11,['1357']
1359,HN,-8.32086,-8.566113,1.778748,10,['1355']
1360,H,-9.733328,-6.124101,0.811143,12,['1356']
1361,C,-9.191674,-6.379676,2.93523,182,"['1356', '1362', '1366', '1367']"
1362,C,-9.503174,-4.923817,3.392392,184,"['1361', '1363', '1368', '1369']"
1363,C,-9.971147,-4.881501,4.872387,186,"['1362', '1364', '1370', '1371']"
1364,C,-9.883326,-3.524089,5.601314,188,"['1363', '1365', '1372', '1373']"
1365,N,-10.825539,-2.516825,5.157918,190,"['1364', '1374', '1375', '1376']"
1366,H,-8.325451,-6.782649,3.516078,183,['1361']
1367,H,-10.061505,-7.029321,3.195994,183,['1361']
1368,H,-10.287169,-4.479724,2.732394,185,['1362']
1369,H,-8.591255,-4.295805,3.250562,185,['1362']
1370,H,-9.341979,-5.591701,5.459604,187,['1363']
1371,H,-11.010865,-5.280732,4.948003,187,['1363']
1372,H,-8.857761,-3.099458,5.512757,189,['1364']
1373,H,-10.061362,-3.679816,6.691165,189,['1364']
1374,HN,-10.730691,-1.674488,5.725143,191,['1365']
1375,HN,-11.810514,-2.758277,5.204854,191,['1365']
1376,HN,-10.668338,-2.160484,4.21639,191,['1365']
1377,N,-7.673835,-4.689638,0.34281,7,"['1357', '1378', '1381']"
1378,CA,-6.495176,-3.981523,-0.152138,8,"['1377', '1379', '1382', '1383']"
1379,C,-5.831838,-3.250887,1.025729,9,"['1378', '1380', '1394']"
1380,O,-6.486963,-2.507141,1.758512,11,['1379']
1381,HN,-8.585772,-4.239304,0.185665,10,['1377']
1382,H,-5.788608,-4.741172,-0.5689,12,['1378']
1383,C,-6.86636,-2.948313,-1.258738,175,"['1378', '1384', '1387', '1388']"
1384,C,-5.641249,-2.532406,-2.105842,177,"['1383', '1385', '1389', '1390']"
1385,S,-5.875199,-0.973681,-2.998159,179,"['1384', '1386']"
1386,C,-7.392899,-1.313183,-3.922031,180,"['1385', '1391', '1392', '1393']"
1387,H,-7.346686,-2.065008,-0.777105,176,['1383']
1388,H,-7.641967,-3.378807,-1.932177,176,['1383']
1389,H,-5.389838,-3.347783,-2.822032,178,['1384']
1390,H,-4.739537,-2.430701,-1.462001,178,['1384']
1391,H,-7.5869,-0.471119,-4.618541,181,['1386']
1392,H,-8.254912,-1.409259,-3.225651,181,['1386']
1393,H,-7.276246,-2.249942,-4.509156,181,['1386']
1394,N,-4.495285,-3.418863,1.147593,7,"['1379', '1395', '1398']"
1395,CA,-3.618447,-2.791935,2.116978,8,"['1394', '1396', '1399', '1400']"
1396,C,-3.532293,-1.282921,1.865985,9,"['1395', '1397', '1410']"
1397,O,-3.695161,-0.488112,2.793186,11,['1396']
1398,HN,-4.01321,-3.999904,0.453286,10,['1394']
1399,H,-4.067297,-2.904439,3.130687,12,['1395']
1400,C,-2.186408,-3.442954,2.134305,15,"['1395', '1401', '1402', '1403']"
1401,C,-1.282149,-2.783134,3.208242,17,"['1400', '1404', '1405', '1406']"
1402,C,-2.249502,-4.967524,2.420676,17,"['1400', '1407', '1408', '1409']"
1403,H,-1.727107,-3.288014,1.124679,16,['1400']
1404,H,-0.257543,-3.215606,3.202681,18,['1401']
1405,H,-1.695673,-2.905131,4.235068,18,['1401']
1406,H,-1.161331,-1.690824,3.039542,18,['1401']
1407,H,-1.235621,-5.426979,2.386772,18,['1402']
1408,H,-2.869545,-5.519521,1.681093,18,['1402']
1409,H,-2.670255,-5.178063,3.428878,18,['1402']
1410,N,-3.284395,-0.888031,0.589247,7,"['1396', '1411', '1414']"
1411,CA,-3.142469,0.49633,0.158402,8,"['1410', '1412', '1415', '1416']"
1412,C,-4.337501,1.337948,0.622825,9,"['1411', '1413', '1424']"
1413,O,-4.17075,2.377015,1.265732,11,['1412']
1414,HN,-3.039442,-1.591138,-0.121241,10,['1410']
1415,H,-2.254155,0.918931,0.687559,12,['1411']
1416,C,-2.938503,0.685047,-1.378888,147,"['1411', '1417', '1420', '1421']"
1417,C,-2.030307,-0.303263,-2.101554,149,"['1416', '1418', '1419']"
1418,O,-2.124682,-1.515402,-1.870923,150,['1417']
1419,N,-1.233825,0.203944,-3.065012,151,"['1417', '1422', '1423']"
1420,H,-2.549023,1.717317,-1.540233,148,['1416']
1421,H,-3.91236,0.664393,-1.915578,148,['1416']
1422,HN,-1.210829,1.220254,-3.259337,152,['1419']
1423,HN,-0.639251,-0.435485,-3.614049,152,['1419']
1424,N,-5.571718,0.872694,0.277807,7,"['1412', '1425', '1428']"
1425,CA,-6.813673,1.524535,0.645467,8,"['1424', '1426', '1429', '1430']"
1426,C,-7.013414,1.551648,2.16386,9,"['1425', '1427', '1439']"
1427,O,-7.397483,2.589713,2.702641,11,['1426']
1428,HN,-5.664362,0.048278,-0.330319,10,['1424']
1429,H,-6.752799,2.591002,0.322122,12,['1425']
1430,C,-8.05209,0.853495,-0.016868,153,"['1425', '1431', '1435', '1436']"
1431,C,-9.364277,1.632365,0.219537,155,"['1430', '1432', '1437', '1438']"
1432,C,-10.593876,0.7518,0.32914,157,"['1431', '1433', '1434']"
1433,O,-10.694345,-0.250497,-0.410603,158,['1432']
1434,O,-11.438089,1.050384,1.221896,158,['1432']
1435,H,-8.182002,-0.163237,0.425536,154,['1430']
1436,H,-7.920542,0.679872,-1.109265,154,['1430']
1437,H,-9.542815,2.357008,-0.605865,156,['1431']
1438,H,-9.322347,2.241878,1.146832,156,['1431']
1439,N,-6.787722,0.40601,2.859284,7,"['1426', '1440', '1443']"
1440,CA,-7.008019,0.249983,4.291357,8,"['1439', '1441', '1444', '1445']"
1441,C,-6.227972,1.255469,5.14511,9,"['1440', '1442', '1449']"
1442,O,-6.787572,1.844323,6.073826,11,['1441']
1443,HN,-6.485919,-0.444019,2.36164,10,['1439']
1444,H,-8.085222,0.469346,4.492059,12,['1440']
1445,C,-6.701142,-1.194391,4.755525,13,"['1440', '1446', '1447', '1448']"
1446,H,-6.931707,-1.333674,5.83375,14,['1445']
1447,H,-5.625885,-1.444321,4.604401,14,['1445']
1448,H,-7.29508,-1.937135,4.177545,14,['1445']
1449,N,-4.932764,1.477861,4.803318,7,"['1441', '1450', '1453']"
1450,CA,-4.067013,2.46952,5.427225,8,"['1449', '1451', '1454', '1455']"
1451,C,-4.653068,3.875791,5.326135,9,"['1450', '1452', '1468']"
1452,O,-4.730502,4.611667,6.314845,11,['1451']
1453,HN,-4.501397,0.908073,4.061961,10,['1449']
1454,H,-3.994706,2.24646,6.518326,12,['1450']
1455,C,-2.654428,2.49646,4.780232,19,"['1450', '1456', '1459', '1460']"
1456,C,-1.73999,1.312077,5.187074,21,"['1455', '1457', '1458', '1461']"
1457,C,-0.673092,1.113963,4.085638,23,"['1456', '1462', '1463', '1464']"
1458,C,-1.06765,1.618414,6.549954,23,"['1456', '1465', '1466', '1467']"
1459,H,-2.14557,3.45324,5.042124,20,['1455']
1460,H,-2.772602,2.534233,3.66859,20,['1455']
1461,H,-2.345005,0.374926,5.26655,22,['1456']
1462,H,-0.01381,0.2481,4.312665,24,['1457']
1463,H,-0.013873,2.001541,3.959614,24,['1457']
1464,H,-1.142345,0.903111,3.098551,24,['1457']
1465,H,-0.383072,0.79637,6.85923,24,['1458']
1466,H,-1.815389,1.736505,7.364897,24,['1458']
1467,H,-0.45977,2.549974,6.525091,24,['1458']
1468,N,-5.051914,4.260059,4.090297,7,"['1451', '1469', '1472']"
1469,CA,-5.646008,5.54592,3.789412,8,"['1468', '1470', '1473', '1474']"
1470,C,-6.949902,5.733619,4.575836,9,"['1469', '1471', '1484']"
1471,O,-7.188372,6.783808,5.173479,11,['1470']
1472,HN,-4.973568,3.609263,3.295623,10,['1468']
1473,H,-4.95798,6.34545,4.155122,12,['1469']
1474,C,-5.84201,5.723955,2.244694,15,"['1469', '1475', '1476', '1477']"
1475,C,-6.579133,7.034832,1.913157,17,"['1474', '1478', '1479', '1480']"
1476,C,-4.481712,5.736597,1.502746,17,"['1474', '1481', '1482', '1483']"
1477,H,-6.452142,4.859141,1.878059,16,['1474']
1478,H,-6.713908,7.165473,0.816715,18,['1475']
1479,H,-6.041986,7.929095,2.302912,18,['1475']
1480,H,-7.59532,7.037813,2.357682,18,['1475']
1481,H,-4.622947,5.835665,0.403461,18,['1476']
1482,H,-3.908196,4.797334,1.661089,18,['1476']
1483,H,-3.834946,6.581408,1.83059,18,['1476']
1484,N,-7.797001,4.675484,4.623716,7,"['1470', '1485', '1488']"
1485,CA,-9.071102,4.664463,5.309609,8,"['1484', '1486', '1489', '1490']"
1486,C,-8.97309,4.880399,6.822442,9,"['1485', '1487', '1508']"
1487,O,-9.907825,5.423725,7.416934,11,['1486']
1488,HN,-7.557128,3.815753,4.116903,10,['1484']
1489,H,-9.625987,5.560474,4.938259,12,['1485']
1490,C,-9.898581,3.37545,4.987675,202,"['1485', '1491', '1497', '1498']"
1491,C,-11.299404,3.300751,5.638805,204,"['1490', '1492', '1499', '1500']"
1492,C,-12.220626,4.456826,5.188139,206,"['1491', '1493', '1501', '1502']"
1493,N,-13.495941,4.366107,5.876908,208,"['1492', '1494', '1503']"
1494,C,-13.797033,4.869344,7.085736,210,"['1493', '1495', '1496']"
1495,N,-12.876422,5.403832,7.887576,211,"['1494', '1504', '1505']"
1496,N,-15.06566,4.778671,7.483412,211,"['1494', '1506', '1507']"
1497,H,-9.304419,2.488008,5.318173,203,['1490']
1498,H,-10.00437,3.252727,3.883519,203,['1490']
1499,H,-11.177049,3.302652,6.746506,205,['1491']
1500,H,-11.773034,2.330145,5.366101,205,['1491']
1501,H,-12.389323,4.397514,4.087766,207,['1492']
1502,H,-11.76242,5.454144,5.374503,207,['1492']
1503,HN,-14.23957,3.981752,5.272055,209,['1493']
1504,HN,-11.887686,5.477498,7.61615,212,['1495']
1505,HN,-13.150823,5.760489,8.816498,212,['1495']
1506,HN,-15.778179,4.371919,6.861987,212,['1496']
1507,HN,-15.36446,5.291837,8.330668,212,['1496']
1508,N,-7.877623,4.421538,7.479194,7,"['1486', '1509', '1512']"
1509,CA,-7.635443,4.633385,8.89901,8,"['1508', '1510', '1513', '1514']"
1510,C,-6.780378,5.872874,9.216619,9,"['1509', '1511', '1525']"
1511,O,-6.404933,6.081715,10.371999,11,['1510']
1512,HN,-7.140807,3.901149,6.980767,10,['1508']
1513,H,-8.611506,4.85355,9.395861,12,['1509']
1514,C,-7.014189,3.380163,9.591109,167,"['1509', '1515', '1519', '1520']"
1515,C,-7.871437,2.095557,9.507135,169,"['1514', '1516', '1521', '1522']"
1516,C,-9.184327,2.177515,10.271527,171,"['1515', '1517', '1518']"
1517,O,-9.221428,2.328744,11.493474,172,['1516']
1518,N,-10.308706,2.019334,9.540557,173,"['1516', '1523', '1524']"
1519,H,-6.84284,3.607317,10.672763,168,['1514']
1520,H,-6.005563,3.179369,9.158413,168,['1514']
1521,H,-7.293061,1.268303,9.974952,170,['1515']
1522,H,-8.010515,1.796186,8.442341,170,['1515']
1523,HN,-10.248615,1.853095,8.525386,174,['1518']
1524,HN,-11.21037,2.126343,10.02427,174,['1518']
1525,N,-6.444585,6.722729,8.213446,1,"['1510', '1526', '1529']"
1526,CA,-5.621109,7.89372,8.414917,2,"['1525', '1527', '1530', '1531']"
1527,C,-4.156908,7.628772,8.750777,3,"['1526', '1528', '1532']"
1528,O,-3.525051,8.426977,9.448324,5,['1527']
1529,HN,-6.74448,6.587386,7.238128,4,['1525']
1530,H,-5.64028,8.536132,7.506404,6,['1526']
1531,H,-6.041914,8.52041,9.234224,6,['1526']
1532,N,-3.599666,6.484821,8.280985,7,"['1527', '1533', '1536']"
1533,CA,-2.204086,6.099524,8.420163,8,"['1532', '1534', '1537', '1538']"
1534,C,-1.383942,6.244858,7.126198,9,"['1533', '1535', '1551']"
1535,O,-0.164942,6.059459,7.143378,11,['1534']
1536,HN,-4.15954,5.811545,7.73882,10,['1532']
1537,H,-1.697224,6.816283,9.11047,12,['1533']
1538,C,-2.096012,4.665327,9.020343,19,"['1533', '1539', '1542', '1543']"
1539,C,-2.680304,4.560081,10.464719,21,"['1538', '1540', '1541', '1544']"
1540,C,-2.727856,3.082506,10.916148,23,"['1539', '1545', '1546', '1547']"
1541,C,-1.833807,5.37562,11.475822,23,"['1539', '1548', '1549', '1550']"
1542,H,-1.025447,4.353581,9.016554,20,['1538']
1543,H,-2.610349,3.946557,8.33813,20,['1538']
1544,H,-3.728016,4.951668,10.468101,22,['1539']
1545,H,-3.212724,2.977142,11.913412,24,['1540']
1546,H,-1.709103,2.642727,10.996257,24,['1540']
1547,H,-3.314551,2.452871,10.209818,24,['1540']
1548,H,-2.210129,5.25338,12.516562,24,['1541']
1549,H,-1.862936,6.465938,11.259203,24,['1541']
1550,H,-0.762869,5.06683,11.473904,24,['1541']
1551,N,-2.016228,6.675478,6.006569,7,"['1534', '1552', '1555']"
1552,CA,-1.363168,7.081241,4.771948,8,"['1551', '1553', '1556', '1557']"
1553,C,-2.205659,8.176721,4.10913,9,"['1552', '1554', '1561']"
1554,O,-3.432279,8.188724,4.235574,11,['1553']
1555,HN,-3.036351,6.802532,5.973465,10,['1551']
1556,H,-0.356399,7.502517,5.011957,12,['1552']
1557,C,-1.230633,5.885055,3.802286,13,"['1552', '1558', '1559', '1560']"
1558,H,-0.696716,6.187814,2.876144,14,['1557']
1559,H,-2.224973,5.485967,3.499567,14,['1557']
1560,H,-0.654856,5.048765,4.249226,14,['1557']
1561,N,-1.530077,9.089809,3.372417,7,"['1553', '1562', '1565']"
1562,CA,-2.14434,10.063327,2.478004,8,"['1561', '1563', '1566', '1567']"
1563,C,-2.148803,9.441197,1.071453,9,"['1562', '1564', '1583']"
1564,O,-1.307445,8.588644,0.755665,11,['1563']
1565,HN,-0.513912,8.972401,3.245852,10,['1561']
1566,H,-3.205183,10.246542,2.783363,12,['1562']
1567,C,-1.343621,11.406532,2.426666,182,"['1562', '1568', '1572', '1573']"
1568,C,-1.129615,12.13735,3.77934,184,"['1567', '1569', '1574', '1575']"
1569,C,-0.206732,13.378361,3.623055,186,"['1568', '1570', '1576', '1577']"
1570,C,0.156763,14.083752,4.954299,188,"['1569', '1571', '1578', '1579']"
1571,N,1.36185,14.901273,4.845485,190,"['1570', '1580', '1581', '1582']"
1572,H,-1.870789,12.092005,1.717226,183,['1567']
1573,H,-0.352963,11.197605,1.954745,183,['1567']
1574,H,-0.679793,11.421897,4.508015,185,['1568']
1575,H,-2.115605,12.436608,4.206792,185,['1568']
1576,H,-0.689738,14.117123,2.939746,187,['1569']
1577,H,0.72722,13.057391,3.101244,187,['1569']
1578,H,0.343064,13.327163,5.752158,189,['1570']
1579,H,-0.683871,14.721854,5.310807,189,['1570']
1580,HN,1.63166,15.341865,5.722176,191,['1571']
1581,HN,1.388875,15.584995,4.095512,191,['1571']
1582,HN,2.145972,14.287092,4.645884,191,['1571']
1583,N,-3.039374,9.941087,0.182328,7,"['1563', '1584', '1587']"
1584,CA,-2.998218,9.666884,-1.24801,8,"['1583', '1585', '1588', '1589']"
1585,C,-1.890712,10.561817,-1.822019,9,"['1584', '1586', '1599']"
1586,O,-1.8409,11.769757,-1.55759,11,['1585']
1587,HN,-3.708583,10.674468,0.470949,10,['1583']
1588,H,-2.717538,8.594221,-1.394586,12,['1584']
1589,C,-4.365838,9.917276,-1.974296,15,"['1584', '1590', '1591', '1592']"
1590,C,-4.250087,9.590062,-3.4878,17,"['1589', '1593', '1594', '1595']"
1591,C,-5.463418,9.017323,-1.355923,17,"['1589', '1596', '1597', '1598']"
1592,H,-4.657412,10.990909,-1.841053,16,['1589']
1593,H,-5.223794,9.679344,-4.016883,18,['1590']
1594,H,-3.871916,8.554789,-3.655571,18,['1590']
1595,H,-3.544524,10.281045,-3.999495,18,['1590']
1596,H,-6.433573,9.11545,-1.888915,18,['1591']
1597,H,-5.649633,9.301523,-0.298163,18,['1591']
1598,H,-5.170923,7.944979,-1.358686,18,['1591']
1599,N,-0.956412,9.945539,-2.579588,7,"['1585', '1600', '1603']"
1600,CA,0.281159,10.53677,-3.064297,8,"['1599', '1601', '1604', '1605']"
1601,C,0.862568,9.685859,-4.195482,9,"['1600', '1602', '1609']"
1602,O,0.477617,8.536428,-4.390895,11,['1601']
1603,HN,-1.103987,8.96948,-2.871864,10,['1599']
1604,H,0.067208,11.554632,-3.469777,12,['1600']
1605,C,1.278605,10.610106,-1.882865,13,"['1600', '1606', '1607', '1608']"
1606,H,2.266525,11.027655,-2.179612,14,['1605']
1607,H,1.461621,9.600197,-1.453377,14,['1605']
1608,H,0.888685,11.251596,-1.06088,14,['1605']
1609,N,1.852709,10.257194,-4.927202,7,"['1601', '1610', '1613']"
1610,CA,2.579269,9.591842,-6.000234,8,"['1609', '1611', '1614', '1615']"
1611,C,1.672577,9.034532,-7.109756,9,"['1610', '1612', '1630']"
1612,O,1.879436,7.943484,-7.64077,11,['1611']
1613,HN,2.22728,11.172506,-4.645992,10,['1609']
1614,H,3.191938,10.363135,-6.525768,12,['1610']
1615,C,3.537709,8.518319,-5.405554,70,"['1610', '1616', '1623', '1624']"
1616,C,4.588703,9.173662,-4.531094,72,"['1615', '1617', '1618']"
1617,C,4.514007,9.156045,-3.127262,73,"['1616', '1619', '1625']"
1618,C,5.642278,9.878836,-5.135126,73,"['1616', '1620', '1626']"
1619,C,5.479135,9.815789,-2.355771,75,"['1617', '1621', '1627']"
1620,C,6.613297,10.519871,-4.363894,75,"['1618', '1621', '1628']"
1621,C,6.538651,10.494315,-2.968143,77,"['1619', '1620', '1622']"
1622,OH,7.466954,11.133732,-2.205781,78,"['1621', '1629']"
1623,H,4.034883,7.950132,-6.221953,71,['1615']
1624,H,2.963137,7.75916,-4.825763,71,['1615']
1625,H,3.691682,8.62626,-2.620219,74,['1617']
1626,H,5.710863,9.948599,-6.231767,74,['1618']
1627,H,5.41507,9.808781,-1.256889,76,['1619']
1628,H,7.421381,11.074091,-4.86392,76,['1620']
1629,HO,8.30854,11.188896,-2.637656,79,['1622']
1630,N,0.647053,9.837742,-7.488842,7,"['1611', '1631', '1634']"
1631,CA,-0.306271,9.531779,-8.539412,8,"['1630', '1632', '1635', '1636']"
1632,C,0.310391,9.913808,-9.897806,9,"['1631', '1633', '1646']"
1633,O,0.27043,11.088456,-10.304971,11,['1632']
1634,HN,0.536015,10.770219,-7.070545,10,['1630']
1635,H,-0.513528,8.434117,-8.546311,12,['1631']
1636,C,-1.667275,10.288143,-8.313781,15,"['1631', '1637', '1638', '1639']"
1637,C,-2.721372,9.817446,-9.345156,17,"['1636', '1640', '1641', '1642']"
1638,C,-2.226811,10.06605,-6.882172,17,"['1636', '1643', '1644', '1645']"
1639,H,-1.488926,11.38269,-8.453141,16,['1636']
1640,H,-3.611692,10.485231,-9.338883,18,['1637']
1641,H,-3.080088,8.78669,-9.134161,18,['1637']
1642,H,-2.339677,9.830319,-10.388872,18,['1637']
1643,H,-3.25691,10.474028,-6.775392,18,['1638']
1644,H,-1.606897,10.565545,-6.10605,18,['1638']
1645,H,-2.27589,8.990547,-6.60527,18,['1638']
1646,N,0.971085,8.939452,-10.566894,7,"['1632', '1647', '1650']"
1647,CA,1.509628,9.059111,-11.923951,8,"['1646', '1648', '1651', '1652']"
1648,C,0.43613,8.54502,-12.891815,9,"['1647', '1649', '1667']"
1649,O,-0.318621,7.629313,-12.561882,11,['1648']
1650,HN,1.047269,8.001495,-10.148112,10,['1646']
1651,H,1.695426,10.138593,-12.149254,12,['1647']
1652,C,2.831832,8.261372,-12.112737,70,"['1647', '1653', '1660', '1661']"
1653,C,3.922452,8.755961,-11.182581,72,"['1652', '1654', '1655']"
1654,C,4.704655,9.868309,-11.538968,73,"['1653', '1656', '1662']"
1655,C,4.171247,8.134459,-9.947043,73,"['1653', '1657', '1663']"
1656,C,5.689368,10.36055,-10.676289,75,"['1654', '1658', '1664']"
1657,C,5.181912,8.602577,-9.100155,75,"['1655', '1658', '1665']"
1658,C,5.936023,9.726712,-9.454723,77,"['1656', '1657', '1659']"
1659,OH,6.910561,10.229753,-8.645324,78,"['1658', '1666']"
1660,H,3.192799,8.348519,-13.165779,71,['1652']
1661,H,2.663985,7.169456,-11.969465,71,['1652']
1662,H,4.559432,10.359295,-12.515732,74,['1654']
1663,H,3.588445,7.252129,-9.63724,74,['1655']
1664,H,6.294276,11.231327,-10.975435,76,['1656']
1665,H,5.384627,8.074127,-8.15546,76,['1657']
1666,HO,7.18944,9.577805,-8.012283,79,['1659']
1667,N,0.317197,9.198263,-14.078244,7,"['1648', '1668', '1671']"
1668,CA,-0.732928,8.894764,-15.049117,8,"['1667', '1669', '1672', '1673']"
1669,C,-0.347939,7.582973,-15.73816,9,"['1668', '1670', '1689']"
1670,O,0.65983,7.532127,-16.435269,11,['1669']
1671,HN,1.097979,9.767714,-14.429104,10,['1667']
1672,H,-1.687445,8.763995,-14.482637,12,['1668']
1673,C,-0.905774,10.033038,-16.111329,182,"['1668', '1674', '1678', '1679']"
1674,C,-2.286129,10.137593,-16.821929,184,"['1673', '1675', '1680', '1681']"
1675,C,-3.054752,8.826994,-17.120313,186,"['1674', '1676', '1682', '1683']"
1676,C,-4.364513,9.039735,-17.922214,188,"['1675', '1677', '1684', '1685']"
1677,N,-5.316024,7.952734,-17.735125,190,"['1676', '1686', '1687', '1688']"
1678,H,-0.104425,9.905736,-16.881004,183,['1673']
1679,H,-0.692815,11.024579,-15.643721,183,['1673']
1680,H,-2.142814,10.701008,-17.77649,185,['1674']
1681,H,-2.947822,10.790614,-16.203089,185,['1674']
1682,H,-3.289162,8.315798,-16.156727,187,['1675']
1683,H,-2.395792,8.124998,-17.687847,187,['1675']
1684,H,-4.125447,9.113111,-19.009393,189,['1676']
1685,H,-4.875032,9.990057,-17.645622,189,['1676']
1686,HN,-6.070574,7.975461,-18.413048,191,['1677']
1687,HN,-5.753546,7.981327,-16.816946,191,['1677']
1688,HN,-4.852917,7.048108,-17.841798,191,['1677']
1689,N,-1.194829,6.544295,-15.56564,1,"['1669', '1690', '1693']"
1690,CA,-0.999401,5.204097,-16.077002,2,"['1689', '1691', '1694', '1695']"
1691,C,-0.840871,4.139948,-14.993401,3,"['1690', '1692', '1696']"
1692,O,-1.214199,2.981625,-15.190046,5,['1691']
1693,HN,-2.017559,6.641841,-14.948123,4,['1689']
1694,H,-1.857533,4.911342,-16.7194,6,['1690']
1695,H,-0.098294,5.155161,-16.731913,6,['1690']
1696,N,-0.423502,4.563512,-13.77747,7,"['1691', '1697', '1700']"
1697,CA,-0.456729,3.799296,-12.54515,8,"['1696', '1698', '1701', '1702']"
1698,C,-1.44548,4.417525,-11.55443,9,"['1697', '1699', '1710']"
1699,O,-1.136306,4.585559,-10.371619,11,['1698']
1700,HN,-0.036538,5.512159,-13.659444,10,['1696']
1701,H,-0.846464,2.775889,-12.749074,12,['1697']
1702,C,0.965354,3.701195,-11.925295,147,"['1697', '1703', '1706', '1707']"
1703,C,1.863093,2.668993,-12.577189,149,"['1702', '1704', '1705']"
1704,O,1.409431,1.875012,-13.406114,150,['1703']
1705,N,3.138169,2.657578,-12.146018,151,"['1703', '1708', '1709']"
1706,H,0.853385,3.406511,-10.860256,148,['1702']
1707,H,1.459408,4.699912,-11.915109,148,['1702']
1708,HN,3.485022,3.32503,-11.443312,152,['1705']
1709,HN,3.758287,1.91516,-12.501662,152,['1705']
1710,N,-2.654286,4.807346,-12.035276,7,"['1698', '1711', '1714']"
1711,CA,-3.661209,5.47949,-11.234226,8,"['1710', '1712', '1715', '1716']"
1712,C,-5.079389,4.920219,-11.386539,9,"['1711', '1713', '1724']"
1713,O,-6.050363,5.668177,-11.207013,11,['1712']
1714,HN,-2.905848,4.661984,-13.02239,10,['1710']
1715,H,-3.429233,5.307914,-10.158259,12,['1711']
1716,C,-3.579331,7.004848,-11.511305,147,"['1711', '1717', '1720', '1721']"
1717,C,-4.223624,7.492036,-12.803287,149,"['1716', '1718', '1719']"
1718,O,-3.800362,7.109662,-13.903441,150,['1717']
1719,N,-5.20739,8.410958,-12.671464,151,"['1717', '1722', '1723']"
1720,H,-2.52243,7.35885,-11.486455,148,['1716']
1721,H,-4.088361,7.519186,-10.665141,148,['1716']
1722,HN,-5.46693,8.777765,-11.733523,152,['1719']
1723,HN,-5.700817,8.744354,-13.508846,152,['1719']
1724,N,-5.243142,3.590406,-11.624152,7,"['1712', '1725', '1728']"
1725,CA,-6.527564,2.901989,-11.713245,8,"['1724', '1726', '1729', '1730']"
1726,C,-7.405863,3.139859,-10.484824,9,"['1725', '1727', '1738']"
1727,O,-8.471525,3.765429,-10.568881,11,['1726']
1728,HN,-4.414086,2.980475,-11.712743,10,['1724']
1729,H,-7.083696,3.333048,-12.578629,12,['1725']
1730,C,-6.403361,1.371604,-11.989209,37,"['1725', '1731', '1732', '1733']"
1731,OH,-6.022437,1.218931,-13.349632,39,"['1730', '1734']"
1732,C,-7.709288,0.568908,-11.823819,41,"['1730', '1735', '1736', '1737']"
1733,H,-5.597329,0.945049,-11.342516,38,['1730']
1734,HO,-5.081634,1.074385,-13.358273,40,['1731']
1735,H,-7.578051,-0.485257,-12.14385,42,['1732']
1736,H,-8.543201,0.99915,-12.424704,42,['1732']
1737,H,-8.048836,0.541154,-10.764689,42,['1732']
1738,N,-6.963099,2.643946,-9.301879,7,"['1726', '1739', '1742']"
1739,CA,-7.733285,2.716456,-8.067325,8,"['1738', '1740', '1743', '1744']"
1740,C,-7.672892,4.076095,-7.344486,9,"['1739', '1741', '1756']"
1741,O,-8.062179,4.160881,-6.175866,11,['1740']
1742,HN,-5.995452,2.293626,-9.224666,10,['1738']
1743,H,-8.8158,2.603908,-8.329685,12,['1739']
1744,C,-7.360203,1.563837,-7.085091,106,"['1739', '1745', '1750', '1751']"
1745,C,-7.58833,0.151357,-7.557224,108,"['1744', '1746', '1747']"
1746,N,-8.811232,-0.363253,-7.93228,109,"['1745', '1748', '1752']"
1747,C,-6.710884,-0.907457,-7.627341,111,"['1745', '1749', '1753']"
1748,C,-8.692591,-1.673806,-8.250294,113,"['1746', '1749', '1754']"
1749,N,-7.406674,-2.005212,-8.067593,115,"['1747', '1748', '1755']"
1750,H,-7.948471,1.688108,-6.146374,107,['1744']
1751,H,-6.294956,1.662304,-6.770574,107,['1744']
1752,HN,-9.728735,0.104952,-7.949416,110,['1746']
1753,H,-5.67094,-0.959562,-7.368324,112,['1747']
1754,H,-9.487946,-2.343356,-8.526316,114,['1748']
1755,HN,-7.013162,-2.949303,-8.202686,116,['1749']
1756,N,-7.240432,5.173645,-8.023784,7,"['1740', '1757', '1760']"
1757,CA,-7.118604,6.504826,-7.456678,8,"['1756', '1758', '1761', '1762']"
1758,C,-8.393354,7.004118,-6.791961,9,"['1757', '1759', '1771']"
1759,O,-8.358388,7.504985,-5.666844,11,['1758']
1760,HN,-7.017167,5.121754,-9.024923,10,['1756']
1761,H,-6.382515,6.44811,-6.618025,12,['1757']
1762,C,-6.606933,7.542973,-8.50489,153,"['1757', '1763', '1767', '1768']"
1763,C,-6.683205,9.006725,-8.019685,155,"['1762', '1764', '1769', '1770']"
1764,C,-6.206608,10.073975,-8.982566,157,"['1763', '1765', '1766']"
1765,O,-6.123181,9.795858,-10.201153,158,['1764']
1766,O,-5.925557,11.204028,-8.449265,158,['1764']
1767,H,-7.188234,7.462662,-9.453197,154,['1762']
1768,H,-5.553969,7.310621,-8.784405,154,['1762']
1769,H,-6.110144,9.108061,-7.070679,156,['1763']
1770,H,-7.73921,9.277138,-7.789818,156,['1763']
1771,N,-9.533919,6.931728,-7.521825,7,"['1758', '1772', '1775']"
1772,CA,-10.785296,7.485919,-7.040707,8,"['1771', '1773', '1776', '1777']"
1773,C,-11.344418,6.732426,-5.822137,9,"['1772', '1774', '1788']"
1774,O,-12.05334,7.327456,-5.00266,11,['1773']
1775,HN,-9.549453,6.434364,-8.422983,10,['1771']
1776,H,-10.562479,8.510282,-6.647434,12,['1772']
1777,C,-11.862688,7.611872,-8.159441,167,"['1772', '1778', '1782', '1783']"
1778,C,-11.424243,8.423808,-9.406089,169,"['1777', '1779', '1784', '1785']"
1779,C,-10.897847,9.825242,-9.125094,171,"['1778', '1780', '1781']"
1780,O,-11.46453,10.558936,-8.311687,172,['1779']
1781,N,-9.822216,10.20733,-9.85209,173,"['1779', '1786', '1787']"
1782,H,-12.780137,8.080411,-7.725557,168,['1777']
1783,H,-12.157384,6.591386,-8.506212,168,['1777']
1784,H,-12.292097,8.540708,-10.094828,170,['1778']
1785,H,-10.67743,7.838508,-9.989109,170,['1778']
1786,HN,-9.371741,9.58354,-10.535631,174,['1781']
1787,HN,-9.428661,11.146627,-9.705444,174,['1781']
1788,N,-11.009096,5.424402,-5.6771,7,"['1773', '1789', '1792']"
1789,CA,-11.344197,4.591495,-4.528673,8,"['1788', '1790', '1793', '1794']"
1790,C,-10.59641,5.065427,-3.278474,9,"['1789', '1791', '1807']"
1791,O,-11.206193,5.313383,-2.23567,11,['1790']
1792,HN,-10.422023,4.95961,-6.38037,10,['1788']
1793,H,-12.430862,4.714745,-4.304856,12,['1789']
1794,C,-11.03041,3.095797,-4.830129,19,"['1789', '1795', '1798', '1799']"
1795,C,-11.26319,2.11322,-3.638025,21,"['1794', '1796', '1797', '1800']"
1796,C,-12.774376,1.851832,-3.433209,23,"['1795', '1801', '1802', '1803']"
1797,C,-10.524187,0.781019,-3.921188,23,"['1795', '1804', '1805', '1806']"
1798,H,-9.960448,3.019739,-5.142925,20,['1794']
1799,H,-11.623664,2.761196,-5.715782,20,['1794']
1800,H,-10.83796,2.541031,-2.697472,22,['1795']
1801,H,-12.943379,1.113255,-2.61388,24,['1796']
1802,H,-13.263042,1.436392,-4.343608,24,['1796']
1803,H,-13.329716,2.773696,-3.150487,24,['1796']
1804,H,-10.670167,0.062174,-3.078727,24,['1797']
1805,H,-9.426057,0.938667,-4.009377,24,['1797']
1806,H,-10.876886,0.280741,-4.850916,24,['1797']
1807,N,-9.251996,5.201141,-3.397904,7,"['1790', '1808', '1811']"
1808,CA,-8.368126,5.643346,-2.335379,8,"['1807', '1809', '1812', '1813']"
1809,C,-8.693939,7.058993,-1.848331,9,"['1808', '1810', '1826']"
1810,O,-8.675839,7.301694,-0.642032,11,['1809']
1811,HN,-8.793297,4.960964,-4.287551,10,['1807']
1812,H,-8.560961,5.005448,-1.437615,12,['1808']
1813,C,-6.866525,5.504901,-2.731983,19,"['1808', '1814', '1817', '1818']"
1814,C,-6.220794,4.123309,-2.402848,21,"['1813', '1815', '1816', '1819']"
1815,C,-7.023502,2.936267,-2.988739,23,"['1814', '1820', '1821', '1822']"
1816,C,-4.786107,4.0811,-2.982374,23,"['1814', '1823', '1824', '1825']"
1817,H,-6.287373,6.277497,-2.174032,20,['1813']
1818,H,-6.725385,5.774597,-3.806088,20,['1813']
1819,H,-6.161447,4.003322,-1.291899,22,['1814']
1820,H,-6.529951,1.965493,-2.755714,24,['1815']
1821,H,-7.130236,2.997407,-4.094214,24,['1815']
1822,H,-8.04523,2.86823,-2.554936,24,['1815']
1823,H,-4.246546,3.155799,-2.681948,24,['1816']
1824,H,-4.168896,4.93734,-2.627168,24,['1816']
1825,H,-4.787855,4.116523,-4.094324,24,['1816']
1826,N,-9.055567,7.997092,-2.760274,7,"['1809', '1827', '1830']"
1827,CA,-9.471188,9.345269,-2.399765,8,"['1826', '1828', '1831', '1832']"
1828,C,-10.804289,9.410967,-1.638036,9,"['1827', '1829', '1850']"
1829,O,-10.97272,10.278417,-0.779149,11,['1828']
1830,HN,-8.995916,7.786007,-3.76498,10,['1826']
1831,H,-8.732176,9.73079,-1.653039,12,['1827']
1832,C,-9.488735,10.329123,-3.60531,202,"['1827', '1833', '1839', '1840']"
1833,C,-8.091981,10.609767,-4.213032,204,"['1832', '1834', '1841', '1842']"
1834,C,-8.110909,11.769992,-5.230141,206,"['1833', '1835', '1843', '1844']"
1835,N,-6.797086,11.986923,-5.820201,208,"['1834', '1836', '1845']"
1836,C,-5.762645,12.670433,-5.309292,210,"['1835', '1837', '1838']"
1837,N,-5.759931,13.168172,-4.068252,211,"['1836', '1846', '1847']"
1838,N,-4.729547,12.895917,-6.132943,211,"['1836', '1848', '1849']"
1839,H,-9.937643,11.292677,-3.257561,203,['1832']
1840,H,-10.193529,9.955873,-4.385605,203,['1832']
1841,H,-7.702565,9.684235,-4.69962,205,['1833']
1842,H,-7.383358,10.842038,-3.382505,205,['1833']
1843,H,-8.480095,12.705392,-4.751151,207,['1834']
1844,H,-8.841374,11.546161,-6.040635,207,['1834']
1845,HN,-6.684726,11.664124,-6.795467,209,['1835']
1846,HN,-6.499279,12.911665,-3.401968,212,['1837']
1847,HN,-5.02187,13.80836,-3.739316,212,['1837']
1848,HN,-4.777633,12.507256,-7.091812,212,['1838']
1849,HN,-3.900031,13.41252,-5.809308,212,['1838']
1850,N,-11.745908,8.466872,-1.900249,7,"['1828', '1851', '1854']"
1851,CA,-12.97891,8.303309,-1.129722,8,"['1850', '1852', '1855', '1856']"
1852,C,-12.661046,7.858655,0.306639,9,"['1851', '1853', '1872']"
1853,O,-13.23728,8.382225,1.261853,11,['1852']
1854,HN,-11.609134,7.802485,-2.673805,10,['1850']
1855,H,-13.462372,9.306298,-1.030836,12,['1851']
1856,C,-13.959842,7.316262,-1.843642,182,"['1851', '1857', '1861', '1862']"
1857,C,-15.272912,6.948908,-1.104234,184,"['1856', '1858', '1863', '1864']"
1858,C,-16.370587,8.035191,-1.199679,186,"['1857', '1859', '1865', '1866']"
1859,C,-17.647458,7.713607,-0.393165,188,"['1858', '1860', '1867', '1868']"
1860,N,-18.401734,6.535566,-0.822372,190,"['1859', '1869', '1870', '1871']"
1861,H,-13.406119,6.364572,-2.034589,183,['1856']
1862,H,-14.201592,7.715642,-2.858153,183,['1856']
1863,H,-15.052577,6.72165,-0.033319,185,['1857']
1864,H,-15.65766,5.988988,-1.532094,185,['1857']
1865,H,-16.635213,8.230119,-2.266844,187,['1858']
1866,H,-15.958534,8.998068,-0.812536,187,['1858']
1867,H,-18.338228,8.588481,-0.409586,189,['1859']
1868,H,-17.378382,7.562857,0.679156,189,['1859']
1869,HN,-19.131133,6.368089,-0.129955,191,['1860']
1870,HN,-17.840525,5.688738,-0.858721,191,['1860']
1871,HN,-18.865046,6.636604,-1.720643,191,['1860']
1872,N,-11.718978,6.888699,0.45116,7,"['1852', '1873', '1876']"
1873,CA,-11.204945,6.398535,1.722143,8,"['1872', '1874', '1877', '1878']"
1874,C,-10.557544,7.505011,2.562508,9,"['1873', '1875', '1882']"
1875,O,-10.779726,7.579112,3.772774,11,['1874']
1876,HN,-11.294506,6.466429,-0.386872,10,['1872']
1877,H,-12.064485,6.021785,2.326608,12,['1873']
1878,C,-10.190344,5.249175,1.498074,13,"['1873', '1879', '1880', '1881']"
1879,H,-9.769265,4.883505,2.457495,14,['1878']
1880,H,-9.322805,5.577908,0.881433,14,['1878']
1881,H,-10.657787,4.375381,0.989384,14,['1878']
1882,N,-9.746037,8.366938,1.898878,7,"['1874', '1883', '1886']"
1883,CA,-9.036483,9.498201,2.471092,8,"['1882', '1884', '1887', '1888']"
1884,C,-10.006398,10.532942,3.027875,9,"['1883', '1885', '1897']"
1885,O,-9.823912,11.035006,4.138766,11,['1884']
1886,HN,-9.52604,8.17515,0.913724,10,['1882']
1887,H,-8.425192,9.131602,3.329916,12,['1883']
1888,C,-8.131453,10.16973,1.39831,153,"['1883', '1889', '1893', '1894']"
1889,C,-7.193827,11.258208,1.950154,155,"['1888', '1890', '1895', '1896']"
1890,C,-6.366676,11.915822,0.860266,157,"['1889', '1891', '1892']"
1891,O,-6.99452,12.525208,-0.05066,158,['1890']
1892,O,-5.114855,11.777057,0.928451,158,['1890']
1893,H,-8.757591,10.622251,0.594984,154,['1888']
1894,H,-7.509356,9.400917,0.887888,154,['1888']
1895,H,-6.507442,10.823446,2.708519,156,['1889']
1896,H,-7.761802,12.064932,2.464936,156,['1889']
1897,N,-11.059796,10.844208,2.232248,7,"['1884', '1898', '1901']"
1898,CA,-12.123537,11.759488,2.579479,8,"['1897', '1899', '1902', '1903']"
1899,C,-12.820262,11.354198,3.874166,9,"['1898', '1900', '1907']"
1900,O,-13.07125,12.203525,4.73161,11,['1899']
1901,HN,-11.107159,10.453307,1.281921,10,['1897']
1902,H,-11.671388,12.761825,2.77641,12,['1898']
1903,C,-13.162266,11.878382,1.436454,13,"['1898', '1904', '1905', '1906']"
1904,H,-13.95939,12.600741,1.712487,14,['1903']
1905,H,-13.643376,10.896276,1.216501,14,['1903']
1906,H,-12.693435,12.241036,0.493437,14,['1903']
1907,N,-13.164965,10.047764,4.008674,7,"['1899', '1908', '1911']"
1908,CA,-13.869082,9.546306,5.170209,8,"['1907', '1909', '1912', '1913']"
1909,C,-12.990453,9.511346,6.423471,9,"['1908', '1910', '1924']"
1910,O,-13.464594,9.829294,7.516644,11,['1909']
1911,HN,-12.978033,9.368659,3.256909,10,['1907']
1912,H,-14.671184,10.285353,5.404183,12,['1908']
1913,C,-14.529315,8.166646,4.908257,167,"['1908', '1914', '1918', '1919']"
1914,C,-15.469165,7.72499,6.050627,169,"['1913', '1915', '1920', '1921']"
1915,C,-16.657109,8.647611,6.314672,171,"['1914', '1916', '1917']"
1916,O,-16.953514,9.533079,5.513796,172,['1915']
1917,N,-17.287307,8.45637,7.492171,173,"['1915', '1922', '1923']"
1918,H,-13.74211,7.393259,4.751316,168,['1913']
1919,H,-15.11896,8.200417,3.962951,168,['1913']
1920,H,-14.900201,7.608121,7.002073,170,['1914']
1921,H,-15.892378,6.722766,5.813085,170,['1914']
1922,HN,-16.964774,7.709144,8.125356,174,['1917']
1923,HN,-18.06728,9.07767,7.755479,174,['1917']
1924,N,-11.676792,9.202295,6.273887,7,"['1909', '1925', '1928']"
1925,CA,-10.691354,9.282454,7.345877,8,"['1924', '1926', '1929', '1930']"
1926,C,-10.536446,10.710004,7.88812,9,"['1925', '1927', '1934']"
1927,O,-10.388839,10.921782,9.097205,11,['1926']
1928,HN,-11.33261,8.853629,5.367877,10,['1924']
1929,H,-11.054955,8.66278,8.201633,12,['1925']
1930,C,-9.311992,8.757154,6.880677,13,"['1925', '1931', '1932', '1933']"
1931,H,-8.593001,8.706558,7.727133,14,['1930']
1932,H,-8.86612,9.403437,6.089855,14,['1930']
1933,H,-9.389821,7.733018,6.455795,14,['1930']
1934,N,-10.56822,11.712361,6.974008,7,"['1926', '1935', '1938']"
1935,CA,-10.491683,13.131429,7.280306,8,"['1934', '1936', '1939', '1940']"
1936,C,-11.747206,13.645582,8.007833,9,"['1935', '1937', '1956']"
1937,O,-11.640122,14.480779,8.911767,11,['1936']
1938,HN,-10.581123,11.47774,5.971915,10,['1934']
1939,H,-9.663092,13.261967,8.014091,12,['1935']
1940,C,-10.157973,13.943727,5.988153,182,"['1935', '1941', '1945', '1946']"
1941,C,-9.523781,15.335205,6.221111,184,"['1940', '1942', '1947', '1948']"
1942,C,-9.396679,16.185593,4.930584,186,"['1941', '1943', '1949', '1950']"
1943,C,-8.44257,15.603059,3.858834,188,"['1942', '1944', '1951', '1952']"
1944,N,-8.318052,16.480097,2.703618,190,"['1943', '1953', '1954', '1955']"
1945,H,-11.080016,14.029644,5.363433,183,['1940']
1946,H,-9.434288,13.344621,5.3825,183,['1940']
1947,H,-8.521545,15.212353,6.69661,185,['1941']
1948,H,-10.137695,15.897541,6.964049,185,['1941']
1949,H,-9.045452,17.206166,5.21793,187,['1942']
1950,H,-10.410939,16.342441,4.491354,187,['1942']
1951,H,-8.79205,14.605254,3.508594,189,['1943']
1952,H,-7.425643,15.454785,4.287752,189,['1943']
1953,HN,-7.679032,16.12908,1.996994,191,['1944']
1954,HN,-7.965539,17.397199,2.976059,191,['1944']
1955,HN,-9.199354,16.708783,2.248048,191,['1944']
1956,N,-12.942811,13.086683,7.664559,7,"['1936', '1957', '1960']"
1957,CA,-14.227613,13.305031,8.328862,8,"['1956', '1958', '1961', '1962']"
1958,C,-14.260857,12.738363,9.76303,9,"['1957', '1959', '1978']"
1959,O,-14.775921,13.406635,10.681188,11,['1958']
1960,HN,-12.988099,12.486892,6.828769,10,['1956']
1961,H,-14.378041,14.404637,8.450051,12,['1957']
1962,C,-15.419078,12.698113,7.508857,182,"['1957', '1963', '1967', '1968']"
1963,C,-15.807515,13.506523,6.240194,184,"['1962', '1964', '1969', '1970']"
1964,C,-16.574779,12.663561,5.186937,186,"['1963', '1965', '1971', '1972']"
1965,C,-17.420006,13.444187,4.158635,188,"['1964', '1966', '1973', '1974']"
1966,N,-16.679112,14.389969,3.330223,190,"['1965', '1975', '1976', '1977']"
1967,H,-16.32426,12.608015,8.158484,183,['1962']
1968,H,-15.169492,11.643618,7.240148,183,['1962']
1969,H,-14.895207,13.942339,5.767325,185,['1963']
1970,H,-16.43753,14.367461,6.567608,185,['1963']
1971,H,-17.279968,11.977438,5.719273,187,['1964']
1972,H,-15.863595,11.990585,4.655222,187,['1964']
1973,H,-18.208414,14.007924,4.708222,189,['1965']
1974,H,-17.968987,12.747606,3.485801,189,['1965']
1975,HN,-17.277828,15.177013,3.089611,191,['1966']
1976,HN,-16.373544,13.984382,2.444931,191,['1966']
1977,HN,-15.887435,14.810645,3.806689,191,['1966']
1978,N,-13.751489,11.491313,9.953739,7,"['1958', '1979', '1982']"
1979,CA,-13.655072,10.772012,11.219239,8,"['1978', '1980', '1983', '1984']"
1980,C,-12.530973,11.275991,12.140767,9,"['1979', '1981', '1993']"
1981,O,-12.577029,11.03195,13.350794,11,['1980']
1982,HN,-13.390642,10.970232,9.142517,10,['1978']
1983,H,-14.582061,10.977865,11.806448,12,['1979']
1984,C,-13.560155,9.223381,11.014227,153,"['1979', '1985', '1989', '1990']"
1985,C,-14.863388,8.58433,10.467653,155,"['1984', '1986', '1991', '1992']"
1986,C,-14.800924,7.113515,10.103668,157,"['1985', '1987', '1988']"
1987,O,-13.747908,6.451846,10.314817,158,['1986']
1988,O,-15.769972,6.585793,9.494236,158,['1986']
1989,H,-13.287242,8.726348,11.975968,154,['1984']
1990,H,-12.722734,8.983784,10.316814,154,['1984']
1991,H,-15.188653,9.136641,9.55585,156,['1985']
1992,H,-15.691131,8.708123,11.202973,156,['1985']
1993,N,-11.593732,12.097119,11.594034,7,"['1980', '1994', '1997']"
1994,CA,-10.493777,12.749069,12.285697,8,"['1993', '1995', '1998', '1999']"
1995,C,-9.487342,11.723154,12.822666,9,"['1994', '1996', '2015']"
1996,O,-9.036951,11.825181,13.963167,11,['1995']
1997,HN,-11.541777,12.219632,10.574524,10,['1993']
1998,H,-9.919407,13.342695,11.533304,12,['1994']
1999,C,-10.973191,13.705953,13.419188,182,"['1994', '2000', '2004', '2005']"
2000,C,-12.037045,14.763608,13.049598,184,"['1999', '2001', '2006', '2007']"
2001,C,-11.475932,15.943899,12.223238,186,"['2000', '2002', '2008', '2009']"
2002,C,-11.618358,17.332081,12.87243,188,"['2001', '2003', '2010', '2011']"
2003,N,-12.972528,17.758474,13.216288,190,"['2002', '2012', '2013', '2014']"
2004,H,-10.085736,14.199705,13.882814,183,['1999']
2005,H,-11.384996,13.07135,14.239928,183,['1999']
2006,H,-12.46817,15.132928,14.011128,185,['2000']
2007,H,-12.879357,14.286998,12.500142,185,['2000']
2008,H,-11.939333,15.949308,11.208822,187,['2001']
2009,H,-10.388995,15.781036,12.029404,187,['2001']
2010,H,-11.16805,18.109841,12.214043,189,['2002']
2011,H,-11.013385,17.364141,13.808286,189,['2002']
2012,HN,-12.88253,18.493067,13.920249,191,['2003']
2013,HN,-13.606568,17.087915,13.648215,191,['2003']
2014,HN,-13.48136,18.129998,12.421915,191,['2003']
2015,N,-9.19392,10.666952,12.027953,7,"['1995', '2016', '2019']"
2016,CA,-8.33372,9.571317,12.447346,8,"['2015', '2017', '2020', '2021']"
2017,C,-6.866305,9.954413,12.219021,9,"['2016', '2018', '2034']"
2018,O,-6.483824,10.33411,11.107028,11,['2017']
2019,HN,-9.506406,10.643078,11.045325,10,['2015']
2020,H,-8.491905,9.393617,13.540914,12,['2016']
2021,C,-8.648743,8.262198,11.661402,19,"['2016', '2022', '2025', '2026']"
2022,C,-10.119825,7.773908,11.786948,21,"['2021', '2023', '2024', '2027']"
2023,C,-10.33929,6.540036,10.87914,23,"['2022', '2028', '2029', '2030']"
2024,C,-10.478229,7.411774,13.24955,23,"['2022', '2031', '2032', '2033']"
2025,H,-7.949495,7.459859,12.001439,20,['2021']
2026,H,-8.398513,8.424425,10.586075,20,['2021']
2027,H,-10.798031,8.589561,11.440776,22,['2022']
2028,H,-11.409733,6.237389,10.877545,24,['2023']
2029,H,-9.74981,5.658642,11.218868,24,['2023']
2030,H,-10.070447,6.747287,9.818723,24,['2023']
2031,H,-11.513258,7.005786,13.332008,24,['2024']
2032,H,-10.440869,8.297112,13.922274,24,['2024']
2033,H,-9.79572,6.641766,13.675386,24,['2024']
2034,N,-6.033563,9.692249,13.255926,7,"['2017', '2035', '2038']"
2035,CA,-4.578772,9.687509,13.273362,8,"['2034', '2036', '2039', '2040']"
2036,C,-3.969209,10.904898,12.567354,9,"['2035', '2037', '2048']"
2037,O,-3.916465,11.988942,13.162493,11,['2036']
2038,HN,-6.444941,9.411104,14.15906,10,['2034']
2039,H,-4.274668,9.837874,14.33844,12,['2035']
2040,C,-4.070666,8.285513,12.846806,147,"['2035', '2041', '2044', '2045']"
2041,C,-4.60843,7.183427,13.766348,149,"['2040', '2042', '2043']"
2042,O,-4.537829,7.301419,14.991871,150,['2041']
2043,N,-5.226564,6.146189,13.162054,151,"['2041', '2046', '2047']"
2044,H,-2.958956,8.249796,12.897604,148,['2040']
2045,H,-4.338606,8.071063,11.786229,148,['2040']
2046,HN,-5.371948,6.133642,12.142686,152,['2043']
2047,HN,-5.614274,5.382149,13.731693,152,['2043']
2048,N,-3.506579,10.790085,11.290978,7,"['2036', '2049', '2052']"
2049,CA,-2.906185,11.884675,10.523607,8,"['2048', '2050', '2053', '2054']"
2050,C,-3.811229,13.128966,10.432717,9,"['2049', '2051', '2067']"
2051,O,-3.298524,14.247835,10.297373,11,['2050']
2052,HN,-3.672224,9.921665,10.763453,10,['2048']
2053,H,-2.008712,12.235854,11.090576,12,['2049']
2054,C,-2.413419,11.417029,9.091828,25,"['2049', '2055', '2056', '2058']"
2055,C,-1.158869,10.488224,9.2269,27,"['2054', '2057', '2059', '2060']"
2056,C,-2.058372,12.592009,8.135336,29,"['2054', '2061', '2062', '2063']"
2057,C,-0.80403,9.744922,7.925274,31,"['2055', '2064', '2065', '2066']"
2058,H,-3.25324,10.840497,8.626318,26,['2054']
2059,H,-1.350207,9.718993,10.011663,28,['2055']
2060,H,-0.273504,11.062267,9.588005,28,['2055']
2061,H,-1.699126,12.244602,7.143185,30,['2056']
2062,H,-1.274266,13.251174,8.569624,30,['2056']
2063,H,-2.950548,13.221585,7.921834,30,['2056']
2064,H,-0.044121,8.956069,8.113978,32,['2057']
2065,H,-0.385615,10.420139,7.14752,32,['2057']
2066,H,-1.697773,9.243686,7.494045,32,['2057']
2067,N,-5.157683,12.952233,10.459292,7,"['2050', '2068', '2071']"
2068,CA,-6.180606,13.982227,10.348377,8,"['2067', '2069', '2072', '2073']"
2069,C,-6.799413,14.436986,11.692503,9,"['2068', '2070', '2091']"
2070,O,-7.839674,15.126762,11.707564,11,['2069']
2071,HN,-5.537942,12.006835,10.611686,10,['2067']
2072,H,-5.713069,14.909847,9.938975,12,['2068']
2073,C,-7.295305,13.51834,9.362555,89,"['2068', '2074', '2083', '2084']"
2074,C,-6.763698,12.95861,8.041366,91,"['2073', '2075', '2076']"
2075,C,-6.867014,11.623465,7.641336,92,"['2074', '2077', '2085']"
2076,C,-6.08954,13.625238,7.03616,94,"['2074', '2078', '2079']"
2077,N,-6.280758,11.515621,6.404069,95,"['2075', '2078', '2086']"
2078,C,-5.798126,12.732327,6.027084,97,"['2076', '2077', '2080']"
2079,C,-5.693067,14.963459,6.950423,98,"['2076', '2081', '2087']"
2080,C,-5.124705,13.087732,4.864174,100,"['2078', '2082', '2088']"
2081,C,-4.993791,15.361866,5.788621,102,"['2079', '2082', '2089']"
2082,C,-4.71801,14.434087,4.753499,104,"['2080', '2081', '2090']"
2083,H,-7.969063,14.374467,9.135323,90,['2073']
2084,H,-7.930761,12.740588,9.849591,90,['2073']
2085,H,-7.313563,10.767087,8.170585,93,['2075']
2086,HN,-6.211272,10.648804,5.854516,96,['2077']
2087,H,-5.909586,15.688702,7.756233,99,['2079']
2088,H,-4.911765,12.357604,4.060134,101,['2080']
2089,H,-4.648483,16.409375,5.689414,103,['2081']
2090,H,-4.176684,14.765272,3.846132,105,['2082']
2091,N,-6.157789,14.086873,12.83849,7,"['2069', '2092', '2095']"
2092,CA,-6.547845,14.482692,14.189127,8,"['2091', '2093', '2096', '2097']"
2093,C,-5.672381,15.64501,14.665436,233,"['2092', '2094', '2102']"
2094,O,-4.571426,15.835454,14.066014,234,['2093']
2095,HN,-5.180092,13.780525,12.786195,10,['2091']
2096,H,-7.611539,14.823962,14.194303,12,['2092']
2097,C,-6.376108,13.297591,15.189238,33,"['2092', '2098', '2099', '2100']"
2098,OH,-5.01324,12.994337,15.451481,35,"['2097', '2101']"
2099,H,-6.890895,12.385956,14.812694,34,['2097']
2100,H,-6.858929,13.547206,16.161328,34,['2097']
2101,HO,-4.698504,12.43547,14.748549,36,['2098']
2102,O,-6.086489,16.363963,15.620288,234,['2093']
