atom_number,atom_name,x,y,z,atom_type,bonds,Multipole_Atoms,Dipole_Vector,recalculated_x,recalculated_y,recalculated_z,Description,Updated_Description,Residue_Number_PDB,Residue Name,Residue ID,Chain ID
1,N,-7.475599,-4.72165,-14.500998,231,"['2', '5', '6', '7']","2, 5, 6, 1","-0.168526, 0.045033, -0.007817",-0.5022433025965128,1.3559808770214117,0.2077284975736082,N-Terminal NH3+,Leucine NH3+,7,Leucine,1,A
2,CA,-6.38687,-5.381665,-13.784665,8,"['1', '3', '8', '9']","1, 3, 7, 3","0.385000, 0.116936, 0.487602",0.0,0.0,0.0,Alanine CA,Leucine CA,7,Leucine,1,A
3,C,-6.834876,-6.769952,-13.306569,9,"['2', '4', '22']","2, 4, 6","0.161937, -0.159191, 0.212215",1.5351305988810855,1.1102230246251563e-16,0.0,Alanine C,Leucine C,7,Leucine,1,A
4,O,-8.012763,-7.135916,-13.392851,11,['3'],3,"0.328163, -0.025215, -0.028025",2.182966313082127,1.0531385972390463,-5.551115123125783e-17,Alanine O,Leucine O,7,Leucine,1,A
5,H,-7.334227,-3.730132,-14.628753,232,['1'],1,"-0.080486, 0.124719, -0.002107",-1.479962207732001,1.4652201054495724,-0.0193130410180866,N-Terminal H3N+,Leucine H3N+,7,Leucine,1,A
6,H,-8.351534,-4.819111,-13.998866,232,['1'],1,"-0.228085, -0.040749, -0.016461",-0.0020934937472691,2.0207365005803566,-0.3726571034063108,N-Terminal H3N+,Leucine H3N+,7,Leucine,1,A
7,H,-7.630859,-5.124721,-15.41775,232,['1'],1,"-0.205475, 0.032011, -0.138995",-0.377928031384997,1.6683343844125431,1.1637552377378502,N-Terminal H3N+,Leucine H3N+,7,Leucine,1,A
8,H,-5.553943,-5.518641,-14.514552,12,['2'],2,"0.277296, -0.075663, -0.187873",-0.3465179763791594,-0.6110333162481573,0.8670804017822518,Alanine HA,Leucine HA,7,Leucine,1,A
9,C,-5.912314,-4.515912,-12.583776,19,"['2', '10', '13', '14']","2, 4, 8, 9","0.480946, 0.479089, 0.880366",-0.5474305207097864,-0.5932531938725565,-1.3286220370825643,Leucine CB,Leucine CB,7,Leucine,1,A
10,C,-5.689331,-2.995573,-12.845172,21,"['9', '11', '12', '15']","3, 5, 6, 7","0.255244, 0.231300, 0.134843",-2.0688235376357134,-0.4136677308086147,-1.6160108182330044,Leucine CG,Leucine CG,7,Leucine,1,A
11,C,-5.101907,-2.323757,-11.577722,23,"['10', '16', '17', '18']","4, 6, 8, 9","0.081104, 0.224715, 0.211968",-2.4530775685083617,-1.1715966512561198,-2.912438906265427,Leucine CD,Leucine CD,7,Leucine,1,A
12,C,-4.750658,-2.782351,-14.056897,23,"['10', '19', '20', '21']","4, 8, 9, 7","0.245846, 0.166821, 0.097069",-2.912963667013971,-0.919079004598118,-0.4215088365947441,Leucine CD,Leucine CD,7,Leucine,1,A
13,H,-4.960648,-4.952773,-12.192184,20,['9'],3,"0.101309, 0.051206, 0.047434",-0.3081317026087371,-1.6851258832114226,-1.3488731919225645,Leucine HB,Leucine HB,7,Leucine,1,A
14,H,-6.648231,-4.631241,-11.747425,20,['9'],3,"-0.099376, -0.017769, 0.222123",0.0321039184248713,-0.155107458371267,-2.18098683730012,Leucine HB,Leucine HB,7,Leucine,1,A
15,H,-6.672093,-2.510174,-13.0697,22,['10'],4,"0.074538, 0.128002, 0.133786",-2.2909126471078967,0.6718437194432623,-1.7715340623314968,Leucine HG,Leucine HG,7,Leucine,1,A
16,H,-4.954224,-1.230368,-11.733306,24,['11'],5,"0.023091, 0.102965, -0.028420",-3.5334317051621573,-1.0394001911271782,-3.1509241054087025,Leucine HD,Leucine HD,7,Leucine,1,A
17,H,-4.11316,-2.746432,-11.288221,24,['11'],5,"0.069561, -0.009931, -0.005829",-2.2692242275973564,-2.2674010331426,-2.838301734015264,Leucine HD,Leucine HD,7,Leucine,1,A
18,H,-5.781682,-2.429966,-10.701278,24,['11'],5,"-0.032279, 0.000177, 0.059228",-1.885688563369737,-0.7952258636329689,-3.794449810117375,Leucine HD,Leucine HD,7,Leucine,1,A
19,H,-4.518647,-1.697995,-14.185863,24,['12'],6,"0.053200, 0.191987, 0.037608",-4.001468963040215,-0.8752271787749553,-0.6654811831994274,Leucine HD,Leucine HD,7,Leucine,1,A
20,H,-5.17564,-3.12449,-15.024421,24,['12'],6,"0.189685, 0.102156, 0.088309",-2.780849658193598,-0.3268653451871284,0.5088676229642115,Leucine HD,Leucine HD,7,Leucine,1,A
21,H,-3.777589,-3.309093,-13.921567,24,['12'],6,"0.129445, -0.043630, 0.075062",-2.678437006883285,-1.979725730744461,-0.171188261675322,Leucine HD,Leucine HD,7,Leucine,1,A
22,N,-5.874201,-7.560457,-12.772175,7,"['3', '23', '26']","3, 8, 6","0.244386, -0.020396, 0.102148",-0.441748137088583,1.2589853159305788,0.5893675048931237,Alanine N,Histidine N,8,Histidine,2,A
23,CA,-6.101258,-8.866612,-12.163945,8,"['22', '24', '27', '28']","6, 9, 8, 9","-0.308371, 0.080598, -0.386980",0.0,0.0,0.0,Alanine CA,Histidine CA,8,Histidine,2,A
24,C,-5.072699,-9.03998,-11.037027,9,"['23', '25', '40']","8, 7, 11","-0.209495, -0.234392, 0.173302",1.535556660833132,-1.1102230246251563e-16,0.0,Alanine C,Histidine C,8,Histidine,2,A
25,O,-4.007836,-8.421064,-11.079164,11,['24'],9,"-0.038196, -0.195643, 0.151644",2.148031129246904,1.069411415749462,0.0,Alanine O,Histidine O,8,Histidine,2,A
26,HN,-4.906947,-7.226203,-12.648145,10,['22'],6,"0.302568, -0.045620, 0.177543",0.2594311332809169,2.0091058776336705,0.4979549693942374,Alanine HN,Histidine HN,8,Histidine,2,A
27,H,-7.123632,-8.881014,-11.709055,12,['23'],8,"-0.379356, 0.006953, 0.134698",-0.3493530507815592,-0.8442024608696908,0.6462627767024621,Alanine HA,Histidine HA,8,Histidine,2,A
28,C,-5.975865,-9.998893,-13.217303,106,"['23', '29', '34', '35']","8, 8, 9, 10","0.175356, -0.205934, -0.341937",-0.5612119184722468,-0.1675193860088814,-1.4367759677311938,Histidine (+) CB,Histidine (+) CB,8,Histidine,2,A
29,C,-4.613593,-10.164517,-13.83585,108,"['28', '30', '31']","9, 9, 8","0.337618, 0.005571, -0.229683",-0.0839652637402823,0.8441474178035543,-2.444040883818358,Histidine (+) CG,Histidine (+) CG,8,Histidine,2,A
30,N,-4.292133,-9.805928,-15.124305,109,"['29', '32', '36']","8, 9, 11","0.054247, -0.034983, -0.167084",-0.8547023153186155,1.8639567332174265,-2.951970255941516,Histidine (+) ND1,Histidine (+) ND1,8,Histidine,2,A
31,C,-3.45613,-10.659873,-13.281027,111,"['29', '33', '37']","8, 8, 7","0.282036, -0.086950, -0.145241",1.1544376808356906,0.9788822863852612,-3.028105423477999,Histidine (+) CD2,Histidine (+) CD2,8,Histidine,2,A
32,C,-2.993569,-10.069341,-15.370232,113,"['30', '33', '38']","9, 8, 6","0.029993, -0.126413, -0.037806",-0.1356292003774082,2.602410547127114,-3.8201607765560777,Histidine (+) CE1,Histidine (+) CE1,8,Histidine,2,A
33,N,-2.475482,-10.593353,-14.238322,115,"['31', '32', '39']","8, 9, 10","0.250245, -0.142149, 0.016917",1.1012510534573894,2.062037971119992,-3.8686136462955742,Histidine (+) NE2,Histidine (+) NE2,8,Histidine,2,A
34,H,-6.736299,-9.856573,-14.021682,107,['28'],9,"0.025053, 0.002719, 0.012503",-1.6769598332111504,-0.1716456525425354,-1.4116763446805638,Histidine (+) HB,Histidine (+) HB,8,Histidine,2,A
35,H,-6.242151,-10.972618,-12.74886,107,['28'],9,"0.062485, 0.091504, -0.088115",-0.2858598240919625,-1.17236839492664,-1.827860545626293,Histidine (+) HB,Histidine (+) HB,8,Histidine,2,A
36,HN,-4.942021,-9.442724,-15.843134,110,['30'],9,"-0.077589, 0.012131, -0.316119",-1.8585581031276148,2.030287872455121,-2.76330600706732,Histidine (+) HD1,Histidine (+) HD1,8,Histidine,2,A
37,H,-3.274733,-11.05563,-12.29199,112,['31'],8,"0.047722, -0.023507, -0.061538",2.046461237766392,0.3806147886839059,-2.9093930100501644,Histidine (+) HD2,Histidine (+) HD2,8,Histidine,2,A
38,H,-2.492222,-9.945021,-16.31601,114,['32'],9,"-0.154379, -0.085061, -0.044785",-0.5079387396951018,3.424069853737543,-4.409704577207491,Histidine (+) HE1,Histidine (+) HE1,8,Histidine,2,A
39,HN,-1.503254,-10.89853,-14.108624,116,['33'],8,"0.481038, -0.109922, 0.194998",1.8821149752754456,2.4011837771639795,-4.443429716323802,Histidine (+) HE2,Histidine (+) HE2,8,Histidine,2,A
40,N,-5.42759,-9.870987,-10.029021,7,"['24', '41', '44']","9, 8, 9","-0.095744, -0.097263, 0.151297",-0.4564218098297121,1.074210885784672,0.8810777263349028,Alanine N,Lysine N,9,Lysine,3,A
41,CA,-4.622445,-10.219165,-8.858952,8,"['40', '42', '45', '46']","11, 9, 12, 13","-0.355335, 0.319896, 0.252726",0.0,0.0,0.0,Alanine CA,Lysine CA,9,Lysine,3,A
42,C,-3.830727,-11.514268,-9.183623,9,"['41', '43', '62']","8, 8, 9","0.237672, 0.144298, 0.308316",1.5522630029650255,1.1102230246251563e-16,0.0,Alanine C,Lysine C,9,Lysine,3,A
43,O,-4.373787,-12.420459,-9.82579,11,['42'],9,"0.208815, 0.153075, 0.199487",2.1656598988720086,1.073414643118714,1.1102230246251563e-16,Alanine O,Lysine O,9,Lysine,3,A
44,HN,-6.307943,-10.398164,-10.094678,10,['40'],11,"-0.060038, -0.089284, 0.052959",-0.4518645140554216,2.001322218766794,0.4364524426427385,Alanine HN,Lysine HN,9,Lysine,3,A
45,H,-3.890538,-9.400447,-8.648147,12,['41'],8,"0.321617, 0.273584, 0.089100",-0.3538720312432627,-0.9853529707840116,0.3927847714320038,Alanine HA,Lysine HA,9,Lysine,3,A
46,C,-5.590261,-10.416476,-7.637409,182,"['41', '47', '51', '52']","8, 12, 7, 3","-0.086711, -0.056789, 0.369217",-0.5845007356839289,0.2594337094142586,-1.4348588020535349,Lysine CB,Lysine CB,9,Lysine,3,A
47,C,-6.323355,-9.114248,-7.179538,184,"['46', '48', '53', '54']","13, 7, 5, 6","0.072938, 0.004383, -0.033766",-2.1406677871455204,0.1463041985917518,-1.5265989306091274,Lysine CG,Lysine CG,9,Lysine,3,A
48,C,-7.476671,-9.297433,-6.14286,186,"['47', '49', '55', '56']","12, 14, 16, 9","0.343159, -0.266510, -0.089149",-2.7929006077674856,0.6369604189288938,-2.857855719103738,Lysine CD,Lysine CD,9,Lysine,3,A
49,C,-8.405601,-8.064233,-6.003347,188,"['48', '50', '57', '58']","7, 15, 16, 9","-0.077901, -0.008867, 0.089759",-4.324772102495481,0.8577553943308949,-2.769672021369693,Lysine CE,Lysine CE,9,Lysine,3,A
50,N,-9.449623,-8.177516,-4.981521,190,"['49', '59', '60', '61']","14, 16, 6, 8","-0.079489, 0.062741, 0.079876",-4.976475534169548,1.2426882347021688,-4.024284588817091,Lysine NZ,Lysine NZ,9,Lysine,3,A
51,H,-5.024311,-10.838156,-6.780401,183,['46'],13,"-0.065691, -0.080707, 0.068978",-0.1232733602942885,-0.4471710380518564,-2.156353899759355,Lysine HB,Lysine HB,9,Lysine,3,A
52,H,-6.336329,-11.211945,-7.873541,183,['46'],13,"0.025220, -0.079944, 0.096543",-0.251951396384478,1.2596604057087852,-1.8010612118766236,Lysine HB,Lysine HB,9,Lysine,3,A
53,H,-6.738406,-8.597049,-8.076763,185,['47'],12,"0.009129, 0.032119, -0.007456",-2.5962132615846425,0.7167407838542765,-0.6828837762240323,Lysine HG,Lysine HG,9,Lysine,3,A
54,H,-5.572918,-8.40648,-6.751388,185,['47'],12,"0.006929, 0.031048, 0.044681",-2.437979432856628,-0.9171050595914044,-1.35875915514484,Lysine HG,Lysine HG,9,Lysine,3,A
55,H,-7.036702,-9.551827,-5.149122,187,['48'],7,"0.081695, -0.140401, 0.049297",-2.564099239411996,-0.0961130641887573,-3.667829448942805,Lysine HD,Lysine HD,9,Lysine,3,A
56,H,-8.095961,-10.179212,-6.427479,187,['48'],7,"0.022624, -0.138538, 0.006837",-2.3135365296797694,1.5910225976208447,-3.177289161201907,Lysine HD,Lysine HD,9,Lysine,3,A
57,H,-8.902553,-7.840201,-6.975407,189,['49'],14,"-0.056196, 0.171068, 0.011068",-4.561839317180806,1.637044296340758,-2.0090405640570204,Lysine HE,Lysine HE,9,Lysine,3,A
58,H,-7.808071,-7.157926,-5.779999,189,['49'],14,"-0.046422, 0.082104, 0.028857",-4.822883746664082,-0.0586364897474629,-2.394932761360856,Lysine HE,Lysine HE,9,Lysine,3,A
59,HN,-10.182912,-7.489231,-5.130886,191,['50'],15,"-0.036610, 0.023411, 0.006200",-5.893500279475592,1.645998978482231,-3.8506039554149902,Lysine HN,Lysine HN,9,Lysine,3,A
60,HN,-9.108011,-8.004427,-4.039408,191,['50'],15,"-0.028563, 0.052790, 0.057048",-5.143705238851139,0.4556827571353392,-4.646291075427895,Lysine HN,Lysine HN,9,Lysine,3,A
61,HN,-9.912293,-9.081657,-4.96715,191,['50'],15,"-0.027580, 0.025972, 0.046099",-4.46110816021686,1.936948074100753,-4.557333130401589,Lysine HN,Lysine HN,9,Lysine,3,A
62,N,-2.524817,-11.575944,-8.793586,7,"['42', '63', '66']","9, 17, 17","0.148635, 0.260732, 0.194700",-0.4850579623062448,1.2112762229048657,0.6770286130575556,Alanine N,Glutamate N,10,Glutamate,4,A
63,CA,-1.568802,-12.682133,-8.945968,8,"['62', '64', '67', '68']","9, 17, 18, 17","-0.142484, 0.355404, -0.491151",0.0,0.0,0.0,Alanine CA,Glutamate CA,10,Glutamate,4,A
64,C,-1.031232,-13.088071,-7.552699,9,"['63', '65', '77']","17, 18, 17","-0.056919, -0.197850, -0.310409",1.5475676628519357,5.551115123125783e-17,0.0,Alanine C,Glutamate C,10,Glutamate,4,A
65,O,-0.957556,-12.248144,-6.652531,11,['64'],17,"-0.034682, -0.376420, -0.184183",2.1632589265412334,1.0687058596010757,0.0,Alanine O,Glutamate O,10,Glutamate,4,A
66,HN,-2.128748,-10.793171,-8.255953,10,['62'],9,"0.224512, 0.364245, 0.218781",-0.0687757447353565,2.066807842533758,0.285329457928995,Alanine HN,Glutamate HN,10,Glutamate,4,A
67,H,-2.109795,-13.552962,-9.387777,12,['63'],17,"-0.195246, -0.282135, -0.133318",-0.3572559838903127,-0.8880216356587232,0.574454090722288,Alanine HA,Glutamate HA,10,Glutamate,4,A
68,C,-0.345338,-12.28298,-9.842009,153,"['63', '69', '73', '74']","17, 18, 17, 18","0.084779, 0.083485, -0.489485",-0.4864149039375599,-0.0764538827745112,-1.4888358188269497,Glutamate CB,Glutamate CB,10,Glutamate,4,A
69,C,-0.697262,-11.774739,-11.25685,155,"['68', '70', '75', '76']","17, 8, 17, 18","-0.305501, -0.167544, 0.697718",-2.015751734745612,-0.0119256331703252,-1.6910719038241817,Glutamate CG,Glutamate CG,10,Glutamate,4,A
70,C,0.420002,-11.713,-12.283519,157,"['69', '71', '72']","18, 9, 17","-0.555869, 0.068764, 0.321009",-2.568154520861977,-0.4328957358265042,-3.041544087891119,Glutamate CD,Glutamate CD,10,Glutamate,4,A
71,O,1.551047,-12.197368,-12.011188,158,['70'],8,"-0.717481, -0.297523, 0.210520",-1.8030380052513209,-0.947008003049378,-3.9008022675093095,Glutamate OE,Glutamate OE,10,Glutamate,4,A
72,O,0.17825,-11.158902,-13.393374,158,['70'],8,"0.373106, -0.111350, 0.321265",-3.79667245141588,-0.2411476040644244,-3.267869279609378,Glutamate OE,Glutamate OE,10,Glutamate,4,A
73,H,0.302714,-13.183169,-9.957591,154,['68'],17,"0.022904, -0.011734, 0.004059",-0.1292367128752399,-1.042390269639418,-1.9166926471104493,Glutamate HB,Glutamate HB,10,Glutamate,4,A
74,H,0.279314,-11.522286,-9.317839,154,['68'],17,"-0.019487, 0.000326, 0.075305",0.0029397165915308,0.7240460660735153,-2.0916057242644537,Glutamate HB,Glutamate HB,10,Glutamate,4,A
75,H,-1.130667,-10.753606,-11.168006,156,['69'],18,"-0.066528, 0.069555, 0.105794",-2.354165773200553,1.030530261761684,-1.4981797066047973,Glutamate HG,Glutamate HG,10,Glutamate,4,A
76,H,-1.497162,-12.436769,-11.664657,156,['69'],18,"-0.119726, -0.197532, -0.111815",-2.4871004049541536,-0.6593253373745253,-0.914454665901952,Glutamate HG,Glutamate HG,10,Glutamate,4,A
77,N,-0.610281,-14.372475,-7.33992,50,"['64', '78', '84']","17, 19, 18","-0.012253, -0.126168, -0.122493",-0.6258860483308099,0.9989216750749608,0.8598293790859197,Proline N,Proline N,11,Proline,5,A
78,CA,-0.240684,-14.853969,-6.013102,51,"['77', '79', '81', '82']","17, 20, 9, 17","-0.711289, -0.190558, 0.135983",0.0,0.0,0.0,Proline CA,Proline CA,11,Proline,5,A
79,C,1.199889,-14.552853,-5.581664,52,"['78', '80', '91']","19, 8, 22","-0.298353, -0.016016, 0.236599",1.533642775104098,0.0,0.0,Proline C,Proline C,11,Proline,5,A
80,O,2.147809,-14.654363,-6.367583,53,['79'],20,"-0.346866, 0.059757, 0.142280",2.1830158674856674,1.0511136322737884,-2.775557561562892e-17,Proline O,Proline O,11,Proline,5,A
81,H,-0.931469,-14.416931,-5.245926,54,['78'],19,"-0.285359, 0.139245, 0.234614",-0.3472374499158411,-1.024270021455707,0.2950291869765918,Proline HA,Proline HA,11,Proline,5,A
82,C,-0.503139,-16.369108,-6.12552,55,"['78', '83', '85', '86']","19, 17, 17, 18","-0.026649, -0.686167, 0.053863",-0.5756357303369265,0.3493144808063664,-1.387007398152027,Proline CB,Proline CB,11,Proline,5,A
83,C,-0.175911,-16.709566,-7.580717,57,"['82', '84', '87', '88']","17, 18, 17, 21","-0.052749, -0.349468, 0.042964",-0.7444813161366721,1.869660673169805,-1.3619725009296764,Proline CG,Proline CG,11,Proline,5,A
84,C,-0.441304,-15.40823,-8.349602,59,"['77', '83', '89', '90']","17, 17, 8, 9","0.101804, -0.389504, -0.122009",-0.95456355371715,2.209331971975754,0.1197770847934506,Proline CD,Proline CD,11,Proline,5,A
85,H,-1.574946,-16.57834,-5.899222,56,['82'],17,"-0.088228, 0.036822, 0.080031",-1.5598191375169643,-0.1582403734074418,-1.519408874248374,Proline HB,Proline HB,11,Proline,5,A
86,H,0.089518,-16.967618,-5.397926,56,['82'],17,"-0.017361, 0.035113, 0.014288",0.0682276591710868,-0.0002113215251571,-2.2249341358449817,Proline HB,Proline HB,11,Proline,5,A
87,H,-0.799978,-17.555509,-7.957641,58,['83'],17,"-0.084673, -0.083361, -0.094016",-1.6028039978326425,2.200651975953644,-1.9951216248189056,Proline HG,Proline HG,11,Proline,5,A
88,H,0.891245,-17.012748,-7.682917,58,['83'],17,"0.046099, 0.054569, -0.015813",0.1696365139302695,2.373004844326449,-1.7521254601345722,Proline HG,Proline HG,11,Proline,5,A
89,H,-1.341952,-15.520383,-8.99475,60,['84'],18,"-0.045835, -0.013451, -0.045185",-2.004065851777889,2.538692197174593,0.2930624726344252,Proline HD,Proline HD,11,Proline,5,A
90,H,0.421238,-15.181897,-9.017515,60,['84'],18,"0.032322, 0.024982, -0.011372",-0.2878214858124557,3.05282489336706,0.4118178536441881,Proline HD,Proline HD,11,Proline,5,A
91,N,1.36372,-14.239963,-4.271487,7,"['79', '92', '95']","20, 22, 24","-0.292316, -0.003401, -0.001192",-0.4901217354991347,1.2829946006611983,0.4798848773794882,Alanine N,Alanine N,12,Alanine,6,A
92,CA,2.62782,-13.981837,-3.599173,8,"['91', '93', '96', '97']","22, 23, 25, 22","-0.101809, 0.395266, -0.605270",0.0,0.0,0.0,Alanine CA,Alanine CA,12,Alanine,6,A
93,C,2.540875,-14.445519,-2.139055,9,"['92', '94', '101']","22, 22, 23","0.287803, 0.032465, -0.203420",1.5344396384586136,0.0,0.0,Alanine C,Alanine C,12,Alanine,6,A
94,O,1.45675,-14.598966,-1.574115,11,['93'],23,"0.160594, 0.034321, -0.135282",2.1798146001571865,1.0495338774172878,0.0,Alanine O,Alanine O,12,Alanine,6,A
95,HN,0.553756,-14.213141,-3.632306,10,['91'],22,"-0.182939, 0.009824, 0.235807",0.1558894205537372,2.062546335689405,0.279180790697764,Alanine HN,Alanine HN,12,Alanine,6,A
96,H,3.435431,-14.572376,-4.097065,12,['92'],22,"0.282433, -0.133399, -0.133342",-0.3410864083117308,-0.8061534119355687,0.694726579307028,Alanine HA,Alanine HA,12,Alanine,6,A
97,C,2.949766,-12.470042,-3.665872,13,"['92', '98', '99', '100']","22, 22, 23, 22","0.090140, 0.212454, -0.056935",-0.5385497832108366,-0.2583284901957809,-1.4271834597201345,Alanine CB,Alanine CB,12,Alanine,6,A
98,H,3.933121,-12.245794,-3.197041,14,['97'],22,"0.020807, -0.040206, -0.016330",-0.2159101641350984,-1.2529148407223378,-1.8063646771332955,Alanine HB,Alanine HB,12,Alanine,6,A
99,H,2.180317,-11.865229,-3.135697,14,['97'],22,"-0.021976, -0.032637, 0.009054",-0.1732197380015547,0.5087876311636956,-2.1462125784717863,Alanine HB,Alanine HB,12,Alanine,6,A
100,H,3.002748,-12.114784,-4.719277,14,['97'],22,"-0.025466, -0.041773, 0.004488",-1.651287501229617,-0.2477808970126345,-1.4467014537102891,Alanine HB,Alanine HB,12,Alanine,6,A
101,N,3.716486,-14.661533,-1.50653,7,"['93', '102', '105']","23, 22, 23","0.167996, 0.015949, -0.201707",-0.4797284874534296,1.157187483332606,0.7387798240700634,Alanine N,Threonine N,13,Threonine,7,A
102,CA,3.837274,-15.026626,-0.103984,8,"['101', '103', '106', '107']","23, 23, 8, 9","-0.387357, -0.145422, -0.496125",0.0,0.0,0.0,Alanine CA,Threonine CA,13,Threonine,7,A
103,C,4.714609,-13.998206,0.61127,9,"['102', '104', '115']","22, 22, 24","-0.270695, -0.245071, 0.278502",1.5293634895409929,-1.1102230246251563e-16,8.326672684688674e-17,Alanine C,Threonine C,13,Threonine,7,A
104,O,5.645445,-13.430645,0.023402,11,['103'],23,"-0.329441, -0.142354, 0.383909",2.170068693966978,1.0600314967313258,1.1102230246251563e-16,Alanine O,Threonine O,13,Threonine,7,A
105,HN,4.603679,-14.457988,-1.991009,10,['101'],23,"0.265603, 0.100960, -0.182791",-0.0604889271567247,2.0605154718257057,0.4713875579099615,Alanine HN,Threonine HN,13,Threonine,7,A
106,H,2.8297,-14.962294,0.375964,12,['102'],22,"-0.323566, -0.039287, 0.128216",-0.3102826086167534,-0.9289537238552072,0.5389468769085926,Alanine HA,Threonine HA,13,Threonine,7,A
107,C,4.310106,-16.500348,0.058178,37,"['102', '108', '109', '110']","22, 26, 24, 25","0.324457, -0.337935, -0.227415",-0.643918927126711,-0.0745880924400097,-1.4147537522502431,Threonine CB,Threonine CB,13,Threonine,7,A
108,OH,4.408594,-16.792024,1.448072,39,"['107', '111']","9, 26","-0.086841, -0.062194, -0.134281",-0.1335309219375268,-1.2235635778071288,-2.082540787569438,Threonine OG1,Threonine OG1,13,Threonine,7,A
109,C,5.692249,-16.80587,-0.535339,41,"['107', '112', '113', '114']","9, 27, 28, 27","0.183980, -0.083668, -0.030068",-0.3340631677942931,1.1173854929982787,-2.330785287868926,Threonine CG2,Threonine CG2,13,Threonine,7,A
110,H,3.536543,-17.168492,-0.395636,38,['107'],9,"-0.107304, 0.040265, 0.024262",-1.7492145860078716,-0.191868905518437,-1.2909394411100268,Threonine HB,Threonine HB,13,Threonine,7,A
111,HO,3.950268,-17.609943,1.59829,40,['108'],26,"-0.021501, -0.024346, 0.003312",-0.8762096125076118,-1.698375430668553,-2.4355304861675764,Threonine HG1,Threonine HG1,13,Threonine,7,A
112,H,5.99963,-17.855969,-0.334189,42,['109'],24,"0.002534, 0.006786, 0.002053",-0.769795658076906,0.9768731474493724,-3.344711216683484,Threonine HG2,Threonine HG2,13,Threonine,7,A
113,H,6.47658,-16.142513,-0.106208,42,['109'],24,"-0.017113, 0.011517, 0.044907",0.7626468815625125,1.260436783816902,-2.4578066955367506,Threonine HG2,Threonine HG2,13,Threonine,7,A
114,H,5.694605,-16.679065,-1.639825,42,['109'],24,"-0.018580, -0.026470, 0.020941",-0.7639885809355088,2.0597254620121896,-1.9268869035057103,Threonine HG2,Threonine HG2,13,Threonine,7,A
115,N,4.388048,-13.712987,1.896286,7,"['103', '116', '119']","23, 25, 26","-0.205591, -0.066952, 0.204649",-0.4457791435664216,0.8742105775792188,1.07437335128846,Alanine N,Leucine N,14,Leucine,8,A
116,CA,5.12505,-12.763871,2.716803,8,"['115', '117', '120', '121']","24, 8, 24, 25","-0.733188, 0.083557, 0.210020",0.0,0.0,0.0,Alanine CA,Leucine CA,14,Leucine,8,A
117,C,6.491355,-13.376409,3.029095,9,"['116', '118', '134']","25, 9, 27","-0.057110, 0.240136, -0.043966",1.5295484456966382,-8.326672684688674e-17,-1.1102230246251563e-16,Alanine C,Leucine C,14,Leucine,8,A
118,O,6.59374,-14.518664,3.484349,11,['117'],8,"-0.057939, 0.219973, 0.019575",2.171395335571293,1.0538111537292767,-3.3306690738754696e-16,Alanine O,Leucine O,14,Leucine,8,A
119,HN,3.65441,-14.248896,2.381964,10,['115'],24,"-0.117727, -0.123809, 0.141727",-0.7873409215158971,1.8016712727855373,0.7837559022245639,Alanine HN,Leucine HN,14,Leucine,8,A
120,H,5.25921,-11.825853,2.129263,12,['116'],25,"0.013123, 0.272369, -0.160228",-0.3757659550967845,-1.028662014739721,0.2091275494663929,Alanine HA,Leucine HA,14,Leucine,8,A
121,C,4.365868,-12.438601,4.034037,19,"['116', '122', '125', '126']","25, 26, 27, 29","-0.150879, 0.101933, 0.363359",-0.5394747448265244,0.4713046544356669,-1.3798921027318158,Leucine CB,Leucine CB,14,Leucine,8,A
122,C,5.088749,-11.43596,4.988653,21,"['121', '123', '124', '127']","25, 27, 28, 8","-0.033640, -0.045724, 0.118482",-0.1003653111837742,-0.4003010339780118,-2.599164037826224,Leucine CG,Leucine CG,14,Leucine,8,A
123,C,5.174749,-10.023824,4.362929,23,"['122', '128', '129', '130']","26, 9, 26, 29","-0.033097, -0.040885, 0.048052",-0.7168173975683649,-1.8174522862572813,-2.5304344224673163,Leucine CD,Leucine CD,14,Leucine,8,A
124,C,4.31564,-11.348593,6.323881,23,"['122', '131', '132', '133']","26, 26, 27, 28","-0.049567, -0.112100, 0.118197",-0.5533338190229918,0.2826051544628851,-3.909363640653609,Leucine CD,Leucine CD,14,Leucine,8,A
125,H,4.214724,-13.398119,4.587289,20,['121'],25,"0.008908, -0.095831, 0.122220",-0.1772707172870921,1.5150685282466956,-1.5501046014656268,Leucine HB,Leucine HB,14,Leucine,8,A
126,H,3.33771,-12.06906,3.801319,20,['121'],25,"-0.023053, -0.018453, 0.015326",-1.653405654107396,0.548784644290804,-1.3485572708392135,Leucine HB,Leucine HB,14,Leucine,8,A
127,H,6.123621,-11.791024,5.216094,22,['122'],26,"0.000502, -0.021259, 0.027170",1.0126880150798507,-0.4945659232054674,-2.630569969008344,Leucine HG,Leucine HG,14,Leucine,8,A
128,H,5.536689,-9.272454,5.100312,24,['123'],27,"-0.027433, -0.018073, -0.001260",-0.5438535615942086,-2.38351068318904,-3.473277215247296,Leucine HD,Leucine HD,14,Leucine,8,A
129,H,4.18722,-9.663876,3.996851,24,['123'],27,"0.002997, -0.007764, 0.013178",-1.817842261398673,-1.7910999828024594,-2.36968929514124,Leucine HD,Leucine HD,14,Leucine,8,A
130,H,5.884377,-9.987621,3.508301,24,['123'],27,"0.010301, 0.029173, 0.032005",-0.2719154489804831,-2.4279312513172537,-1.7151741797601114,Leucine HD,Leucine HD,14,Leucine,8,A
131,H,4.811425,-10.658897,7.0433,24,['124'],28,"-0.021596, -0.038489, 0.006627",-0.2397789815320059,-0.2969897520023494,-4.806470180863609,Leucine HD,Leucine HD,14,Leucine,8,A
132,H,4.259215,-12.34523,6.821555,24,['124'],28,"-0.040091, -0.176162, 0.012305",-0.1030022941687508,1.2981198504106923,-4.009762448945784,Leucine HD,Leucine HD,14,Leucine,8,A
133,H,3.269289,-11.000026,6.186826,24,['124'],28,"-0.016426, -0.032582, 0.006797",-1.6555848270929785,0.4152650700523147,-3.9601327623665545,Leucine HD,Leucine HD,14,Leucine,8,A
134,N,7.554268,-12.572407,2.792844,7,"['117', '135', '138']","8, 24, 9","-0.081956, 0.082642, -0.192738",-0.4353403283759531,-0.6613723640001357,-1.2130323403592302,Alanine N,Isoleucine N,15,Isoleucine,9,A
135,CA,8.891457,-12.8137,3.294925,8,"['134', '136', '139', '140']","27, 25, 30, 31","-0.139520, -0.371803, -0.383631",0.0,0.0,0.0,Alanine CA,Isoleucine CA,15,Isoleucine,9,A
136,C,9.015414,-12.09199,4.638095,9,"['135', '137', '153']","24, 8, 8","-0.004330, 0.055554, -0.230298",1.529815776768236,-1.1102230246251563e-16,0.0,Alanine C,Isoleucine C,15,Isoleucine,9,A
137,O,9.241973,-12.729711,5.665436,11,['136'],25,"0.023420, 0.069203, -0.247564",2.149320148742416,1.0628550784127997,0.0,Alanine O,Isoleucine O,15,Isoleucine,9,A
138,HN,7.421742,-11.669572,2.314331,10,['134'],27,"0.014466, 0.248861, -0.098518",-0.4402865342243355,-1.6909705162603874,-1.1736362875115125,Alanine HN,Isoleucine HN,15,Isoleucine,9,A
139,H,9.003639,-13.89837,3.543527,12,['135'],24,"0.035914, -0.328741, 0.178881",-0.284345801495746,1.0807542783579591,-0.0448822839292643,Alanine HA,Isoleucine HA,15,Isoleucine,9,A
140,C,10.017055,-12.440394,2.265744,25,"['135', '141', '142', '144']","24, 8, 9, 33","0.064744, -0.185430, -0.233185",-0.6362992420436194,-0.6079666050992458,1.3004005689247489,Isoleucine CB,Isoleucine CB,15,Isoleucine,9,A
141,C,9.914366,-13.388966,1.025992,27,"['140', '143', '145', '146']","31, 32, 34, 35","-0.107638, 0.081142, 0.096585",-2.180616308327162,-0.3588994580510195,1.2811847822989078,Isoleucine CG1,Isoleucine CG1,15,Isoleucine,9,A
142,C,11.423026,-12.545291,2.915602,29,"['140', '147', '148', '149']","31, 8, 9, 3","-0.005553, -0.030517, 0.111928",-0.001291734610802,0.0126883246377862,2.573831437606313,Isoleucine CG2,Isoleucine CG2,15,Isoleucine,9,A
143,C,10.904914,-13.05038,-0.097966,31,"['141', '150', '151', '152']","8, 5, 1, 4","-0.071599, 0.002121, 0.046831",-2.9274515964149845,-1.0020033596268891,2.4592178165168264,Isoleucine CD,Isoleucine CD,15,Isoleucine,9,A
144,H,9.858469,-11.386373,1.930921,26,['140'],31,"-0.043498, 0.046959, 0.055261",-0.4458740636516104,-1.70881945105176,1.309203531983839,Isoleucine HB,Isoleucine HB,15,Isoleucine,9,A
145,H,8.881207,-13.34451,0.607506,28,['141'],8,"-0.058138, -0.013039, 0.000185",-2.610786268015515,-0.7595727561454859,0.3330607917845746,Isoleucine HG1,Isoleucine HG1,15,Isoleucine,9,A
146,H,10.059111,-14.449977,1.33897,28,['141'],8,"-0.006146, -0.015688, 0.004134",-2.39464040034998,0.7358370626960113,1.261276899274935,Isoleucine HG1,Isoleucine HG1,15,Isoleucine,9,A
147,H,12.245432,-12.304504,2.210511,30,['142'],9,"-0.042601, -0.054300, 0.046959",-0.4401260847024244,-0.3822296172105107,3.51348433036617,Isoleucine HG2,Isoleucine HG2,15,Isoleucine,9,A
148,H,11.618664,-13.563878,3.318826,30,['142'],9,"0.018207, -0.025149, 0.044814",-0.1119425375993806,1.1197960549071675,2.5950957543073736,Isoleucine HG2,Isoleucine HG2,15,Isoleucine,9,A
149,H,11.530405,-11.839261,3.769605,30,['142'],9,"0.007857, -0.004200, 0.051207",1.090297543570627,-0.1988311172368848,2.6288051405775943,Isoleucine HG2,Isoleucine HG2,15,Isoleucine,9,A
150,H,10.723139,-13.67956,-0.995963,32,['143'],32,"-0.020023, 0.027193, 0.029751",-4.027440521565112,-0.8900809054299095,2.346054377952993,Isoleucine HD,Isoleucine HD,15,Isoleucine,9,A
151,H,11.957114,-13.229973,0.210723,32,['143'],32,"-0.031171, -0.017860, 0.025221",-2.6558925617855897,-0.5298670596814848,3.4277271811359897,Isoleucine HD,Isoleucine HD,15,Isoleucine,9,A
152,H,10.812821,-11.990262,-0.420875,32,['143'],32,"-0.044696, 0.000848, -0.023449",-2.718301898060503,-2.0917387714304554,2.5322565240187016,Isoleucine HD,Isoleucine HD,15,Isoleucine,9,A
153,N,8.86102,-10.742584,4.655923,7,"['136', '154', '157']","25, 9, 30","-0.048192, 0.021250, -0.253312",-0.5266941312027087,1.1338656906565476,0.7478715800500617,Alanine N,Lysine N,16,Lysine,10,A
154,CA,8.967785,-9.947481,5.871975,8,"['153', '155', '158', '159']","8, 8, 31, 8","0.353082, -0.650952, -0.159840",0.0,0.0,0.0,Alanine CA,Lysine CA,16,Lysine,10,A
155,C,8.359421,-8.55044,5.677278,9,"['154', '156', '175']","9, 9, 8","0.042023, -0.180714, 0.378305",1.5361436241400082,2.775557561562892e-17,-1.3877787807814457e-17,Alanine C,Lysine C,16,Lysine,10,A
156,O,8.416152,-7.970682,4.588887,11,['155'],8,"-0.039260, -0.166456, 0.427342",2.178882392185704,1.0539542636457726,-5.551115123125783e-17,Alanine O,Lysine O,16,Lysine,10,A
157,HN,8.633578,-10.211978,3.799733,10,['153'],8,"-0.093286, 0.197820, -0.313508",0.1544553848458204,1.882274210782952,0.9534291887369212,Alanine HN,Lysine HN,16,Lysine,10,A
158,H,8.394356,-10.477411,6.674015,12,['154'],9,"-0.166062, -0.240378, 0.234237",-0.3564999719089336,-0.9332085426778024,0.5049201624446193,Alanine HA,Lysine HA,16,Lysine,10,A
159,C,10.475975,-9.82187,6.263992,182,"['154', '160', '164', '165']","9, 9, 33, 34","0.220922, -0.109688, 0.078485",-0.532742710445552,0.0703367597011921,-1.468104380625528,Lysine CB,Lysine CB,16,Lysine,10,A
160,C,10.716369,-9.381471,7.728896,184,"['159', '161', '166', '167']","8, 8, 35, 8","-0.132672, -0.094627, -0.022269",-0.4130950505739707,-1.260202839486504,-2.2510686813019376,Lysine CG,Lysine CG,16,Lysine,10,A
161,C,12.21307,-9.197182,8.075823,186,"['160', '162', '168', '169']","9, 9, 9, 8","-0.054921, -0.569750, 0.074303",-0.8822083243002041,-1.1504471948112416,-3.721551968227285,Lysine CD,Lysine CD,16,Lysine,10,A
162,C,12.899476,-7.98888,7.398265,188,"['161', '163', '170', '171']","8, 32, 9, 3","-0.194140, 0.182998, 0.233194",0.0307149352739812,-0.3058753396513123,-4.639975218697436,Lysine CE,Lysine CE,16,Lysine,10,A
163,N,12.366101,-6.702244,7.828792,190,"['162', '172', '173', '174']","9, 5, 1, 4","-0.206230, 0.103157, 0.032133",1.3575095430360202,-0.8805543818343157,-4.826079093292248,Lysine NZ,Lysine NZ,16,Lysine,10,A
164,H,10.96999,-9.126392,5.546335,183,['159'],8,"-0.039744, -0.045738, -0.004234",-0.0049300819090006,0.8987224977419985,-1.9953262850698763,Lysine HB,Lysine HB,16,Lysine,10,A
165,H,10.98183,-10.807929,6.119006,183,['159'],8,"-0.017521, -0.082927, 0.002509",-1.611470283412367,0.3627247368119211,-1.4592349463583965,Lysine HB,Lysine HB,16,Lysine,10,A
166,H,10.295404,-10.169266,8.401723,185,['160'],9,"-0.000624, -0.048053, 0.033521",-1.0481133824699294,-2.023765545963904,-1.7370138431650073,Lysine HG,Lysine HG,16,Lysine,10,A
167,H,10.142523,-8.455127,7.963871,185,['160'],9,"-0.057329, 0.064467, -0.012718",0.6268460352521286,-1.6583744250269696,-2.200003868015045,Lysine HG,Lysine HG,16,Lysine,10,A
168,H,12.770757,-10.127303,7.808521,187,['161'],8,"0.056635, -0.121059, -0.009761",-1.915087635584178,-0.7261463185202306,-3.748372082213307,Lysine HD,Lysine HD,16,Lysine,10,A
169,H,12.322852,-9.112499,9.183858,187,['161'],8,"0.018076, -0.072715, 0.070942",-0.98910775835015,-2.177003335910161,-4.147838092104076,Lysine HD,Lysine HD,16,Lysine,10,A
170,H,12.820427,-8.060529,6.291098,189,['162'],9,"0.017930, 0.034770, 0.066249",0.137186795102559,0.7288691783373556,-4.246060741877855,Lysine HE,Lysine HE,16,Lysine,10,A
171,H,13.988421,-8.003157,7.633657,189,['162'],9,"-0.008912, 0.082989, 0.067730",-0.4433622246456858,-0.2090884364611234,-5.643617376655817,Lysine HE,Lysine HE,16,Lysine,10,A
172,HN,12.809156,-5.926718,7.344491,191,['163'],32,"-0.040231, -0.024578, 0.008903",1.948726955308549,-0.2905260705092281,-5.404537675701256,Lysine HN,Lysine HN,16,Lysine,10,A
173,HN,12.502375,-6.555793,8.823904,191,['163'],32,"0.011817, -0.032633, -0.044741",1.3106054227592865,-1.7916819158084203,-5.270953245560429,Lysine HN,Lysine HN,16,Lysine,10,A
174,HN,11.365603,-6.616268,7.649962,191,['163'],32,"-0.399835, 0.112873, -0.035200",1.854596283363111,-1.0055825157249287,-3.944239522958268,Lysine HN,Lysine HN,16,Lysine,10,A
175,N,7.826448,-7.96973,6.780477,7,"['155', '176', '179']","8, 9, 12","-0.029977, -0.071501, 0.161883",-0.4769607279066728,1.2262211924082471,0.6354857287615783,Alanine N,Alanine N,17,Alanine,11,A
176,CA,7.404862,-6.573498,6.868531,8,"['175', '177', '180', '181']","8, 8, 8, 9","-0.674656, -0.383107, 0.306297",0.0,0.0,0.0,Alanine CA,Alanine CA,17,Alanine,11,A
177,C,8.65296,-5.676091,6.953983,9,"['176', '178', '185']","9, 9, 9","-0.438294, 0.240091, -0.167591",1.5396070880445438,-1.52655665885959e-16,-4.163336342344337e-17,Alanine C,Alanine C,17,Alanine,11,A
178,O,9.712514,-6.112097,7.438466,11,['177'],8,"-0.721701, 0.246480, -0.144283",2.171295809613916,1.0716571500638872,0.0,Alanine O,Alanine O,17,Alanine,11,A
179,HN,7.773795,-8.504789,7.657843,10,['175'],8,"-0.017891, -0.061237, 0.127597",-0.7828239057471322,1.9687902772202548,-0.0078419020524515,Alanine HN,Alanine HN,17,Alanine,11,A
180,H,6.833248,-6.30646,5.945882,12,['176'],9,"-0.151420, 0.066879, -0.278073",-0.3589426980073837,-0.8793425880412171,0.589279040900958,Alanine HA,Alanine HA,17,Alanine,11,A
181,C,6.510413,-6.372679,8.113067,13,"['176', '182', '183', '184']","9, 8, 9, 36","-0.341496, 0.214205, 0.285791",-0.5389657840890589,-0.085717864753361,-1.4461692400619603,Alanine CB,Alanine CB,17,Alanine,11,A
182,H,6.203569,-5.305766,8.221364,14,['181'],9,"-0.008834, 0.228877, 0.062264",-0.1598183953456068,-0.9977010776927348,-1.96455009140564,Alanine HB,Alanine HB,17,Alanine,11,A
183,H,7.02992,-6.654704,9.057463,14,['181'],9,"0.001728, 0.027678, 0.063783",-0.2297927689741603,0.7873720153249295,-2.065390958446935,Alanine HB,Alanine HB,17,Alanine,11,A
184,H,5.577358,-6.977361,8.053382,14,['181'],9,"0.011348, -0.000014, -0.008161",-1.6511262533934583,-0.1336383402478319,-1.470602248861561,Alanine HB,Alanine HB,17,Alanine,11,A
185,N,8.543809,-4.422788,6.441707,7,"['177', '186', '189']","8, 8, 9","-0.072570, 0.177348, -0.136299",-0.5047467089677823,-0.6623177819211047,-1.2032380629377972,Alanine N,Isoleucine N,18,Isoleucine,12,A
186,CA,9.606994,-3.417446,6.429831,8,"['185', '187', '190', '191']","9, 9, 37, 38","0.259473, -0.297597, -0.236535",0.0,0.0,0.0,Alanine CA,Isoleucine CA,18,Isoleucine,12,A
187,C,9.163765,-2.170176,7.202124,9,"['186', '188', '204']","8, 8, 8","-0.096730, 0.014809, -0.229441",1.5325047723220966,0.0,-1.1102230246251563e-16,Alanine C,Isoleucine C,18,Isoleucine,12,A
188,O,9.784627,-1.797713,8.204646,11,['187'],9,"-0.330114, -0.103243, -0.207840",2.16129146386231,1.064836121869893,0.0,Alanine O,Isoleucine O,18,Isoleucine,12,A
189,HN,7.630771,-4.087583,6.099164,10,['185'],9,"-0.150845, 0.084763, -0.041174",-0.1404852012485281,-1.6150172628513677,-1.354940868934597,Alanine HN,Isoleucine HN,18,Isoleucine,12,A
190,H,10.486769,-3.798115,7.002033,12,['186'],8,"0.245570, -0.016318, 0.210130",-0.2759085815297752,1.0814494946625846,-0.0258749323142941,Alanine HA,Isoleucine HA,18,Isoleucine,12,A
191,C,10.096716,-3.072354,4.976601,25,"['186', '192', '193', '195']","8, 8, 9, 9","0.165274, 0.013677, -0.314494",-0.5931175330114797,-0.6117061953903227,1.3209166064530626,Isoleucine CB,Isoleucine CB,18,Isoleucine,12,A
192,C,10.672396,-4.34514,4.273666,27,"['191', '194', '196', '197']","38, 36, 8, 9","-0.152960, 0.173203, 0.069903",-2.1497441014758394,-0.4638614623962461,1.344685066600523,Isoleucine CG1,Isoleucine CG1,18,Isoleucine,12,A
193,C,11.17118,-1.946425,5.01026,29,"['191', '198', '199', '200']","38, 8, 9, 37","-0.048069, 0.247435, -0.064011",0.0294570174190037,0.072660198953052,2.572861292159156,Isoleucine CG2,Isoleucine CG2,18,Isoleucine,12,A
194,C,10.894679,-4.163293,2.76371,31,"['192', '201', '202', '203']","8, 38, 8, 9","-0.019110, 0.047495, 0.044336",-2.8269611855391004,-1.292346385158985,2.448059408898582,Isoleucine CD,Isoleucine CD,18,Isoleucine,12,A
195,H,9.214217,-2.708426,4.392081,26,['191'],38,"-0.088177, 0.143038, -0.082713",-0.3362537838209705,-1.7009508426392776,1.3427985025385654,Isoleucine HB,Isoleucine HB,18,Isoleucine,12,A
196,H,9.97023,-5.200916,4.404552,28,['192'],8,"-0.005663, 0.011961, 0.006188",-2.5772018606548874,-0.7969617690403827,0.3705983925518474,Isoleucine HG1,Isoleucine HG1,18,Isoleucine,12,A
197,H,11.624246,-4.655179,4.763891,28,['192'],8,"-0.010231, 0.045870, -0.032566",-2.430325629847502,0.609896924966967,1.4485122602916345,Isoleucine HG1,Isoleucine HG1,18,Isoleucine,12,A
198,H,11.503664,-1.6509,3.991188,30,['193'],9,"-0.087850, 0.101881, -0.038073",-0.3397354747679535,-0.3715395749677177,3.5230043559271973,Isoleucine HG2,Isoleucine HG2,18,Isoleucine,12,A
199,H,12.068008,-2.220012,5.608184,30,['193'],9,"-0.053278, 0.036845, -0.026656",-0.151269672880522,1.1695199588365195,2.602860433659602,Isoleucine HG2,Isoleucine HG2,18,Isoleucine,12,A
200,H,10.755529,-1.009837,5.448385,30,['193'],9,"-0.053310, 0.140364, -0.029766",1.1327276844996028,-0.0810812950972199,2.6056292542062707,Isoleucine HG2,Isoleucine HG2,18,Isoleucine,12,A
201,H,11.285141,-5.090511,2.290498,32,['194'],36,"-0.019684, 0.049546, 0.014026",-3.9330024993326393,-1.1814117205407395,2.425934710484845,Isoleucine HD,Isoleucine HD,18,Isoleucine,12,A
202,H,11.620739,-3.351025,2.544214,32,['194'],36,"-0.015716, 0.038616, 0.027190",-2.4864784374812485,-0.9925986177244168,3.462625175930452,Isoleucine HD,Isoleucine HD,18,Isoleucine,12,A
203,H,9.940973,-3.902789,2.25464,32,['194'],36,"-0.020233, 0.039808, 0.035385",-2.595655032601719,-2.3731585352740554,2.325943508504941,Isoleucine HD,Isoleucine HD,18,Isoleucine,12,A
204,N,8.110258,-1.491835,6.689622,7,"['187', '205', '208']","9, 9, 1","-0.086314, -0.010970, -0.164667",-0.4447251818016177,1.0919293812857478,-0.8593477017642175,Alanine N,Aspartate N,19,Aspartate,13,A
205,CA,7.487845,-0.331204,7.317401,8,"['204', '206', '209', '210']","8, 8, 4, 39","0.714361, 0.125743, 0.137648",0.0,0.0,0.0,Alanine CA,Aspartate CA,19,Aspartate,13,A
206,C,6.006127,-0.318442,6.912872,9,"['205', '207', '216']","9, 9, 9","0.353433, 0.345181, 0.025317",1.5359996132841311,-3.469446951953614e-18,0.0,Alanine C,Aspartate C,19,Aspartate,13,A
207,O,5.374604,-1.382999,6.829164,11,['206'],8,"0.006452, 0.351346, -0.199356",2.158405651243957,1.0731824909833148,5.551115123125783e-17,Alanine O,Aspartate O,19,Aspartate,13,A
208,HN,7.764769,-1.689747,5.735391,10,['204'],8,"-0.076272, 0.007550, -0.276841",0.1382213382450423,1.2278989769698796,-1.7024219772826812,Alanine HN,Aspartate HN,19,Aspartate,13,A
209,H,7.495242,-0.484289,8.419817,12,['205'],9,"-0.052679, -0.027525, 0.420227",-0.2987456356833843,0.2347749648977468,1.0461560738758782,Alanine HA,Aspartate HA,19,Aspartate,13,A
210,C,8.312404,0.931191,6.961269,137,"['205', '211', '214', '215']","9, 1, 9, 36","0.206561, 0.076636, 0.386509",-0.691137872928375,-1.3088546789983997,-0.4578171597898443,Aspartate CB,Aspartate CB,19,Aspartate,13,A
211,C,8.547527,1.141669,5.479943,139,"['210', '212', '213']","39, 4, 8","0.120901, 0.066282, 0.409779",-0.5260730759171921,-1.6361894082106694,-1.9273463768278,Aspartate CG,Aspartate CG,19,Aspartate,13,A
212,O,7.604583,0.884559,4.680434,140,['211'],1,"0.295373, 0.291175, 0.518685",0.5919743645773969,-1.4123272993120113,-2.469858365008656,Aspartate OD,Aspartate OD,19,Aspartate,13,A
213,O,9.698373,1.504358,5.121508,140,['211'],1,"-0.062015, 0.098566, -0.170643",-1.538835859736489,-2.05786539284794,-2.5445711198127,Aspartate OD,Aspartate OD,19,Aspartate,13,A
214,H,9.302069,0.851902,7.469186,138,['210'],39,"0.056131, -0.105914, 0.121885",-1.7802550005064184,-1.220549278017431,-0.2348165427307431,Aspartate HB,Aspartate HB,19,Aspartate,13,A
215,H,7.855647,1.85501,7.379157,138,['210'],39,"0.034539, 0.038827, 0.110752",-0.3529040430765585,-2.1852245292521992,0.137390908253514,Aspartate HB,Aspartate HB,19,Aspartate,13,A
216,N,5.386338,0.880495,6.796452,1,"['206', '217', '220']","8, 8, 38","0.160962, 0.157927, 0.119845",-0.6672616407592218,-1.0985575342251288,-0.6408393943832702,Glycine N,Glycine N,20,Glycine,14,A
217,CA,4.019293,1.040357,6.386118,2,"['216', '218', '221', '222']","9, 9, 40, 6","0.095533, -0.143028, 0.582400",0.0,0.0,0.0,Glycine CA,Glycine CA,20,Glycine,14,A
218,C,3.709877,0.933421,4.898796,3,"['217', '219', '223']","8, 37, 3","0.356781, 0.150925, 0.243214",1.5229249163488,0.0,-1.7347234759768068e-17,Glycine C,Glycine C,20,Glycine,14,A
219,O,2.601199,0.505592,4.54935,5,['218'],9,"0.315478, 0.204560, -0.169463",2.119495205435801,1.0855509928233,-1.1275702593849246e-16,Glycine O,Glycine O,20,Glycine,14,A
220,HN,5.850935,1.751899,7.075911,4,['216'],9,"0.107109, 0.069689, 0.052640",-1.0957684668597252,-1.7709550246231511,0.0053464544231807,Glycine HN,Glycine HN,20,Glycine,14,A
221,H,3.389926,0.287082,6.909922,6,['217'],8,"-0.149410, -0.142922, 0.082593",-0.3307955450776921,0.9528247175957906,-0.4696765287144493,Glycine HA,Glycine HA,20,Glycine,14,A
222,H,3.636796,2.024167,6.733483,6,['217'],8,"-0.092535, 0.143460, 0.026605",-0.3306122419647129,0.07278487327905,1.058416941483279,Glycine HA,Glycine HA,20,Glycine,14,A
223,N,4.646079,1.318393,3.986867,7,"['218', '224', '227']","9, 5, 1","0.240868, 0.164193, 0.088381",-0.6378475934190114,-1.3118221971523865,-0.112767606026118,Alanine N,Aspartate N,21,Aspartate,15,A
224,CA,4.398947,1.312799,2.544876,8,"['223', '225', '228', '229']","3, 1, 4, 40","-0.430421, 0.517581, 0.172892",0.0,0.0,0.0,Alanine CA,Aspartate CA,21,Aspartate,15,A
225,C,5.377161,0.487115,1.70262,9,"['224', '226', '235']","5, 4, 32","0.179559, 0.133728, 0.429254",1.5323354290715858,0.0,0.0,Alanine C,Aspartate C,21,Aspartate,15,A
226,O,5.174608,0.361805,0.482151,11,['225'],1,"0.213523, -0.010917, 0.584250",2.141388513700356,1.0841260231053305,0.0,Alanine O,Aspartate O,21,Aspartate,15,A
227,HN,5.609224,1.561356,4.27592,10,['223'],3,"0.356671, 0.019763, 0.137916",-0.3127917157566469,-2.027873741893835,0.5594227010101669,Alanine HN,Aspartate HN,21,Aspartate,15,A
228,H,3.443289,0.76131,2.376221,12,['224'],5,"-0.337651, -0.244460, -0.002002",-0.2202074684525463,0.5558714630354052,-0.9425404110862292,Alanine HA,Aspartate HA,21,Aspartate,15,A
229,C,4.169263,2.748945,1.989363,137,"['224', '230', '233', '234']","5, 6, 30, 31","-0.395321, -0.236961, -0.063832",-0.6151386328534503,0.8478702529156166,1.1517748316980172,Aspartate CB,Aspartate CB,21,Aspartate,15,A
230,C,5.339824,3.704812,2.027693,139,"['229', '231', '232']","40, 41, 42","-0.066775, -0.540641, -0.004232",-0.4040024864145323,0.3569180732846117,2.56590051574894,Aspartate CG,Aspartate CG,21,Aspartate,15,A
231,O,6.468346,3.340557,1.624219,140,['230'],6,"0.275686, -0.233876, 0.035821",0.7344714464951678,0.0028040074507714,2.949977605209828,Aspartate OD,Aspartate OD,21,Aspartate,15,A
232,O,5.119112,4.892733,2.396741,140,['230'],6,"-0.289092, -1.247320, -0.450412",-1.3878496226341897,0.3981042323474373,3.3573643673195783,Aspartate OD,Aspartate OD,21,Aspartate,15,A
233,H,3.309611,3.200407,2.537557,138,['229'],40,"-0.093096, -0.099569, 0.085081",-1.708507764320377,0.953410056470996,0.960094231728302,Aspartate HB,Aspartate HB,21,Aspartate,15,A
234,H,3.839377,2.67244,0.927676,138,['229'],40,"-0.057327, -0.068582, -0.084282",-0.2009459667786716,1.880865464671304,1.0950086282870946,Aspartate HB,Aspartate HB,21,Aspartate,15,A
235,N,6.374142,-0.189595,2.321834,7,"['225', '236', '239']","1, 33, 41","0.141009, 0.126110, 0.396178",-0.4665449660038423,1.0714753782169986,0.8581251018891207,Alanine N,Threonine N,22,Threonine,16,A
236,CA,7.201631,-1.206263,1.702358,8,"['235', '237', '240', '241']","32, 34, 42, 7","-0.217765, 0.582720, -0.170968",0.0,0.0,0.0,Alanine CA,Threonine CA,22,Threonine,16,A
237,C,7.045033,-2.521652,2.490919,9,"['236', '238', '249']","33, 35, 45","0.135809, 0.143882, -0.308778",1.5416223939882294,2.220446049250313e-16,6.938893903907228e-18,Alanine C,Threonine C,22,Threonine,16,A
238,O,6.956051,-2.559159,3.724492,11,['237'],34,"-0.065092, 0.040150, -0.285368",2.213653535305388,1.038942280784625,-2.775557561562892e-17,Alanine O,Threonine O,22,Threonine,16,A
239,HN,6.62872,-0.001872,3.303679,10,['235'],32,"0.223316, 0.139161, 0.460899",-0.1503524262127255,2.004147462660812,0.5511812185526443,Alanine HN,Threonine HN,22,Threonine,16,A
240,H,6.815778,-1.38075,0.67072,12,['236'],33,"-0.104883, -0.076522, -0.450808",-0.3396210423659671,-0.965873108508616,0.4419863116253238,Alanine HA,Threonine HA,22,Threonine,16,A
241,C,8.701403,-0.808989,1.559739,37,"['236', '242', '243', '244']","33, 3, 5, 6","0.215970, 0.507989, -0.054110",-0.5642723729839915,0.0528656809305072,-1.4513045066724533,Threonine CB,Threonine CB,22,Threonine,16,A
242,OH,9.321311,-0.658843,2.825721,39,"['241', '245']","7, 16","-0.100989, 0.176999, 0.128924",-0.1077875133528116,1.2022240378685285,-2.144223776406117,Threonine OG1,Threonine OG1,22,Threonine,16,A
243,C,8.939308,0.490411,0.758742,41,"['241', '246', '247', '248']","7, 6, 43, 44","-0.014577, 0.144476, 0.104641",-2.10687250540342,0.0323459623672475,-1.5325394476993583,Threonine CG2,Threonine CG2,22,Threonine,16,A
244,H,9.221451,-1.651728,1.043555,38,['241'],7,"-0.078140, 0.028759, 0.060251",-0.1620671605007231,-0.8342975329756116,-1.9974521654828288,Threonine HB,Threonine HB,22,Threonine,16,A
245,HO,8.903826,0.052918,3.301663,40,['242'],3,"-0.072676, 0.221618, 0.245932",-0.4292384578055451,1.985315544812125,-1.7073539837066762,Threonine HG1,Threonine HG1,22,Threonine,16,A
246,H,10.028455,0.676871,0.629519,42,['243'],5,"-0.054573, -0.053796, 0.123766",-2.44270435045701,-0.0038683489827282,-2.592545390342769,Threonine HG2,Threonine HG2,22,Threonine,16,A
247,H,8.507129,1.377078,1.280657,42,['243'],5,"-0.086572, 0.078264, 0.116529",-2.5525535228726346,0.945324214653682,-1.0708128341339136,Threonine HG2,Threonine HG2,22,Threonine,16,A
248,H,8.477654,0.432482,-0.250434,42,['243'],5,"0.009641, -0.034017, 0.124120",-2.526757151466717,-0.8526551447271122,-1.0077668224843428,Threonine HG2,Threonine HG2,22,Threonine,16,A
249,N,7.039628,-3.652384,1.73764,7,"['237', '250', '253']","34, 43, 47","-0.070560, 0.174017, -0.238073",-0.4702197100891597,1.056702444891311,0.8883822389660839,Alanine N,Valine N,23,Valine,17,A
250,CA,6.945641,-5.022353,2.228864,8,"['249', '251', '254', '255']","45, 46, 48, 49","-0.391232, 0.651847, 0.259602",0.0,0.0,0.0,Alanine CA,Valine CA,23,Valine,17,A
251,C,7.764068,-5.941291,1.29904,9,"['250', '252', '265']","43, 46, 48","-0.087616, -0.059816, 0.482354",1.5423496598206907,0.0,4.163336342344337e-17,Alanine C,Valine C,23,Valine,17,A
252,O,7.751418,-5.781453,0.074225,11,['251'],46,"-0.076585, -0.207297, 0.437660",2.1787994186128192,1.0586839459925896,2.775557561562892e-17,Alanine O,Valine O,23,Valine,17,A
253,HN,7.10711,-3.576231,0.711317,10,['249'],45,"0.003826, 0.067857, -0.380437",0.1389475798762227,1.8885559264993543,0.9134221677760542,Alanine HN,Valine HN,23,Valine,17,A
254,H,7.401911,-5.062923,3.250122,12,['250'],43,"0.102288, 0.031706, 0.323475",-0.3493923658690013,-0.983048696816781,0.4053842309751214,Alanine HA,Valine HA,23,Valine,17,A
255,C,5.43542,-5.445168,2.356211,15,"['250', '256', '257', '258']","43, 50, 50, 51","-0.217873, -0.008041, 0.073661",-0.6262361862466974,0.1833538198943954,-1.4317705358193145,Valine CB,Valine CB,23,Valine,17,A
256,C,4.661354,-5.397043,1.011959,17,"['255', '259', '260', '261']","49, 52, 53, 54","0.054284, 0.045123, -0.003016",-0.2552584623740698,1.5320428923590943,-2.104021189734649,Valine CG,Valine CG,23,Valine,17,A
257,C,5.303603,-6.8535,2.97967,17,"['255', '262', '263', '264']","49, 54, 55, 47","-0.010966, 0.013624, -0.008913",-0.2329530844035525,-0.9854221497798916,-2.363847250961672,Valine CG,Valine CG,23,Valine,17,A
258,H,4.958069,-4.713263,3.058737,16,['255'],49,"0.029124, 0.049925, 0.013648",-1.7391341521920791,0.1558328404046256,-1.2983823804810208,Valine HB,Valine HB,23,Valine,17,A
259,H,3.59154,-5.679437,1.13858,18,['256'],50,"0.018420, 0.010034, -0.000197",-0.7310243336456392,1.6417164443807568,-3.104970634608443,Valine HG,Valine HG,23,Valine,17,A
260,H,5.098769,-6.084445,0.255567,18,['256'],50,"0.025357, 0.018940, 0.000522",0.8424067068106019,1.6382363178072223,-2.244862881869392,Valine HG,Valine HG,23,Valine,17,A
261,H,4.670864,-4.37598,0.569342,18,['256'],50,"0.021400, 0.028549, 0.005546",-0.5917284953601905,2.400436695782492,-1.4947182947504187,Valine HG,Valine HG,23,Valine,17,A
262,H,4.238819,-7.134098,3.143908,18,['257'],50,"0.000388, -0.010024, 0.009233",-0.7297977778727942,-0.9063855174229164,-3.3570103222753014,Valine HG,Valine HG,23,Valine,17,A
263,H,5.805588,-6.913751,3.970027,18,['257'],50,"-0.004036, -0.040628, -0.019261",-0.5277323474844395,-1.9690702268099904,-1.9372704615233824,Valine HG,Valine HG,23,Valine,17,A
264,H,5.754565,-7.641577,2.338602,18,['257'],50,"-0.012644, -0.030643, 0.012101",0.8623587213697245,-1.0265964333397537,-2.5482299792851646,Valine HG,Valine HG,23,Valine,17,A
265,N,8.534931,-6.908733,1.862325,7,"['251', '266', '269']","46, 56, 57","-0.011846, 0.073826, 0.344662",-0.4228358780604977,0.610965704016551,1.261610295937049,Alanine N,Lysine N,24,Lysine,18,A
266,CA,9.328211,-7.883168,1.110718,8,"['265', '267', '270', '271']","48, 45, 58, 51","0.261051, 0.560183, 0.275347",0.0,0.0,0.0,Alanine CA,Lysine CA,24,Lysine,18,A
267,C,8.438972,-9.119124,0.910605,9,"['266', '268', '287']","56, 50, 53","0.143417, 0.182489, -0.405041",1.5357012879547889,0.0,-1.786765180256111e-16,Alanine C,Lysine C,24,Lysine,18,A
268,O,8.055978,-9.78637,1.882881,11,['267'],45,"0.061753, 0.378675, -0.358565",2.1677869931421223,1.0666254778626991,-3.400058012914542e-16,Alanine O,Lysine O,24,Lysine,18,A
269,HN,8.440008,-7.114741,2.865909,10,['265'],48,"-0.045102, -0.163951, 0.386969",-0.332847119610574,1.6354049335760985,1.2941188385233011,Alanine HN,Lysine HN,24,Lysine,18,A
270,H,9.574126,-7.438418,0.114713,12,['266'],56,"0.028804, 0.155905, -0.386767",-0.3705506374080429,-1.054834754829615,-0.0178486657775566,Alanine HA,Lysine HA,24,Lysine,18,A
271,C,10.664738,-8.253269,1.851048,182,"['266', '272', '276', '277']","56, 53, 44, 54","0.066695, 0.027921, 0.104526",-0.5725156614655947,0.7657332996891045,-1.2478966351240186,Lysine CB,Lysine CB,24,Lysine,18,A
272,C,11.747326,-8.961492,0.979186,184,"['271', '273', '278', '279']","51, 59, 47, 43","-0.178441, 0.082692, -0.048702",-0.5157833289831301,-0.0083115323961621,-2.6011726538615814,Lysine CG,Lysine CG,24,Lysine,18,A
273,C,13.037723,-9.317571,1.781911,186,"['272', '274', '280', '281']","53, 56, 60, 60","-0.493724, 0.108960, 0.053096",-1.0810033207173275,0.8177663433572517,-3.798839469637039,Lysine CD,Lysine CD,24,Lysine,18,A
274,C,14.166635,-10.003573,0.961372,188,"['273', '275', '282', '283']","59, 43, 49, 50","0.284237, 0.007375, 0.277682",-1.0756661949915844,0.0904273234488097,-5.173348386842239,Lysine CE,Lysine CE,24,Lysine,18,A
275,N,15.411499,-10.170793,1.719773,190,"['274', '284', '285', '286']","56, 61, 58, 51","0.326939, -0.134660, 0.033719",-1.7607414526220078,0.8453341000234548,-6.228624954269607,Lysine NZ,Lysine NZ,24,Lysine,18,A
276,H,10.418182,-8.878361,2.741614,183,['271'],51,"-0.077689, -0.003702, 0.035908",-0.0427123779367001,1.7431283582817996,-1.3408753969816845,Lysine HB,Lysine HB,24,Lysine,18,A
277,H,11.106964,-7.314914,2.260995,183,['271'],51,"-0.051698, 0.024880, -0.004827",-1.6372056732728482,1.0245621454713123,-1.0391544705790476,Lysine HB,Lysine HB,24,Lysine,18,A
278,H,12.01082,-8.290992,0.124692,185,['272'],53,"-0.005770, 0.048339, -0.037017",-1.0966399631739991,-0.9570586963702332,-2.49326656765875,Lysine HG,Lysine HG,24,Lysine,18,A
279,H,11.3112,-9.880874,0.524273,185,['272'],53,"-0.024367, -0.014139, -0.016308",0.5359641463517674,-0.3145182939789738,-2.8072785845298607,Lysine HG,Lysine HG,24,Lysine,18,A
280,H,12.765097,-9.972794,2.643432,187,['273'],59,"-0.038228, -0.062404, 0.107304",-0.5080696878356553,1.771336365489588,-3.890008621489768,Lysine HD,Lysine HD,24,Lysine,18,A
281,H,13.439321,-8.379552,2.233633,187,['273'],59,"-0.059884, 0.047484, 0.018017",-2.127341089836463,1.1185978559203855,-3.554113015789554,Lysine HD,Lysine HD,24,Lysine,18,A
282,H,14.403435,-9.379978,0.066813,189,['274'],56,"0.069665, -0.031383, 0.033709",-1.5980951973931368,-0.8905379845966324,-5.073569780081925,Lysine HE,Lysine HE,24,Lysine,18,A
283,H,13.839008,-10.99686,0.577029,189,['274'],56,"0.069412, 0.022188, 0.030568",-0.03646034389186,-0.1367458409694166,-5.505194148537801,Lysine HE,Lysine HE,24,Lysine,18,A
284,HN,16.227913,-10.303399,1.121014,191,['275'],43,"0.382667, 0.116736, -0.077442",-2.048735303582443,0.2600086390180851,-7.014170724559812,Lysine HN,Lysine HN,24,Lysine,18,A
285,HN,15.426505,-10.92077,2.406733,191,['275'],43,"0.131468, -0.009219, 0.089445",-1.2553534372667412,1.6358066170951604,-6.6214873676595705,Lysine HN,Lysine HN,24,Lysine,18,A
286,HN,15.666447,-9.338778,2.234951,191,['275'],43,"0.061010, -0.108110, -0.034318",-2.6451175104390425,1.226999869997194,-5.920621637723578,Lysine HN,Lysine HN,24,Lysine,18,A
287,N,8.093615,-9.429989,-0.359861,7,"['267', '288', '291']","45, 62, 48","0.086987, 0.181663, -0.266138",-0.4684359569473851,1.3027793545887862,0.4564198316243627,Alanine N,Leucine N,25,Leucine,19,A
288,CA,7.270747,-10.559051,-0.775905,8,"['287', '289', '292', '293']","53, 48, 63, 54","-0.347804, 0.486046, 0.139603",0.0,0.0,0.0,Alanine CA,Leucine CA,25,Leucine,19,A
289,C,8.091495,-11.445774,-1.71767,9,"['288', '290', '306']","62, 56, 61","-0.375030, -0.157498, 0.171042",1.5319354664795777,-1.3877787807814454e-16,0.0,Alanine C,Leucine C,25,Leucine,19,A
290,O,9.094479,-11.019907,-2.294554,11,['289'],48,"-0.357006, -0.180190, 0.093345",2.177432767174249,1.0504608465796774,0.0,Alanine O,Leucine O,25,Leucine,19,A
291,HN,8.547163,-8.939728,-1.145313,10,['287'],53,"0.221131, 0.139486, -0.309162",-0.0263585151754421,2.094281738930286,-0.0345872882701409,Alanine HN,Leucine HN,25,Leucine,19,A
292,H,6.987912,-11.175353,0.111621,12,['288'],62,"-0.117575, -0.225231, 0.272146",-0.3404112229494838,-0.7981322575208837,0.7033002857241379,Alanine HA,Leucine HA,25,Leucine,19,A
293,C,5.995645,-10.071636,-1.535329,19,"['288', '294', '297', '298']","62, 56, 51, 58","-0.271585, 0.109397, -0.024373",-0.4984156191224128,-0.2965436074973127,-1.4504575360458862,Leucine CB,Leucine CB,25,Leucine,19,A
294,C,5.114258,-9.027044,-0.795985,21,"['293', '295', '296', '299']","54, 64, 58, 61","0.012495, 0.047760, 0.023806",-2.029778214338674,-0.1796283503920403,-1.6868987870946903,Leucine CG,Leucine CG,25,Leucine,19,A
295,C,3.909876,-8.639229,-1.688172,23,"['294', '300', '301', '302']","56, 56, 48, 56","-0.008780, 0.030514, -0.032738",-2.351037248217541,-0.484978161217268,-3.1703030628395785,Leucine CD,Leucine CD,25,Leucine,19,A
296,C,4.589656,-9.594529,0.542053,23,"['294', '303', '304', '305']","56, 54, 63, 48","-0.020938, 0.025201, 0.001614",-2.804929272391962,-1.1690753614207836,-0.7881621056144277,Leucine CD,Leucine CD,25,Leucine,19,A
297,H,5.374289,-10.962123,-1.793841,20,['293'],54,"0.005397, 0.000296, 0.014442",-0.1569546536059686,-1.318685319827206,-1.7411628146235063,Leucine HB,Leucine HB,25,Leucine,19,A
298,H,6.311723,-9.642972,-2.516376,20,['293'],54,"-0.006694, 0.023202, -0.016498",0.0259079596461115,0.3956058367868052,-2.1519739469113444,Leucine HB,Leucine HB,25,Leucine,19,A
299,H,5.717834,-8.10732,-0.595691,22,['294'],56,"0.037001, 0.010447, 0.001138",-2.3618982805208377,0.8636217406431219,-1.4596557023103975,Leucine HG,Leucine HG,25,Leucine,19,A
300,H,3.283139,-7.861662,-1.196876,24,['295'],64,"0.014336, -0.002028, 0.007041",-3.438919274662692,-0.3694697606360654,-3.375124868824109,Leucine HD,Leucine HD,25,Leucine,19,A
301,H,3.247315,-9.505028,-1.914386,24,['295'],64,"0.001600, 0.006754, -0.003376",-2.0657976227108845,-1.5196435458773383,-3.4667379776945086,Leucine HD,Leucine HD,25,Leucine,19,A
302,H,4.239436,-8.214904,-2.66361,24,['295'],64,"0.027101, 0.018374, -0.037669",-1.820427206370953,0.2113416013471141,-3.858585390683934,Leucine HD,Leucine HD,25,Leucine,19,A
303,H,3.884182,-8.891377,1.03961,24,['296'],58,"-0.000481, 0.008018, 0.008848",-3.895771040938011,-1.1605335456161368,-1.011030993992966,Leucine HD,Leucine HD,25,Leucine,19,A
304,H,5.419002,-9.764334,1.261348,24,['296'],58,"0.013697, 0.029557, 0.006505",-2.704502578504167,-0.9027812993074265,0.2856329280879708,Leucine HD,Leucine HD,25,Leucine,19,A
305,H,4.053975,-10.562302,0.41484,24,['296'],58,"0.001032, 0.002697, -0.006845",-2.453548792460252,-2.21894796438987,-0.9065729856756636,Leucine HD,Leucine HD,25,Leucine,19,A
306,N,7.624907,-12.698292,-1.926643,7,"['289', '307', '310']","48, 52, 51","-0.196653, -0.102971, 0.197729",-0.399962843980339,0.7341120725011259,1.1838655700983367,Alanine N,Methionine N,26,Methionine,20,A
307,CA,8.092426,-13.587166,-2.971515,8,"['306', '308', '311', '312']","61, 58, 65, 66","0.323605, 0.071153, 0.631559",0.0,0.0,0.0,Alanine CA,Methionine CA,26,Methionine,20,A
308,C,6.969985,-13.63553,-4.021133,9,"['307', '309', '323']","52, 58, 70","0.379694, 0.094251, -0.090314",1.5375014864711507,-1.1102230246251563e-16,-5.551115123125783e-17,Alanine C,Methionine C,26,Methionine,20,A
309,O,5.831124,-14.004724,-3.711482,11,['308'],58,"0.293420, 0.098708, -0.182531",2.169139714820417,1.0631206315587156,-5.551115123125783e-17,Alanine O,Methionine O,26,Methionine,20,A
310,HN,6.81509,-13.038332,-1.390467,10,['306'],61,"-0.336108, -0.132383, 0.287981",-0.164101272281101,1.7357462651589797,1.1801586631374523,Alanine HN,Methionine HN,26,Methionine,20,A
311,H,9.017909,-13.152823,-3.414717,12,['307'],52,"0.404676, 0.213592, -0.245423",-0.3867403298475813,-1.0415669278352329,0.0846811068140899,Alanine HA,Methionine HA,26,Methionine,20,A
312,C,8.392028,-15.009578,-2.420081,175,"['307', '313', '316', '317']","52, 67, 68, 67","0.036926, -0.161286, 0.003261",-0.5504300933512498,0.6606641807945319,-1.295239848465304,Methionine CB,Methionine CB,26,Methionine,20,A
313,C,9.061943,-15.923167,-3.465206,177,"['312', '314', '318', '319']","66, 68, 68, 67","-0.072316, 0.130128, 0.227245",-0.2972747165559096,-0.1945304957372308,-2.5523284110583866,Methionine CG,Methionine CG,26,Methionine,20,A
314,S,9.064517,-17.665614,-2.947571,179,"['313', '315']","67, 67","0.090749, -0.026094, 0.059451",-0.5977209105405614,0.7370938347205537,-4.083955767150341,Methionine SD,Methionine SD,26,Methionine,20,A
315,C,10.455091,-17.648816,-1.7841,180,"['314', '320', '321', '322']","68, 69, 70, 71","-0.001789, -0.027617, -0.011364",-2.407702766279219,0.6558720776229445,-4.154749115650181,Methionine CE,Methionine CE,26,Methionine,20,A
316,H,7.432027,-15.461131,-2.090862,176,['312'],66,"-0.101376, -0.032785, 0.040468",-0.0601351505338764,1.6504599663578512,-1.4127232672945225,Methionine HB,Methionine HB,26,Methionine,20,A
317,H,9.024285,-14.946043,-1.507476,176,['312'],66,"-0.053517, 0.064154, 0.069502",-1.63701806459374,0.8726908927197236,-1.1903363190665148,Methionine HB,Methionine HB,26,Methionine,20,A
318,H,10.097394,-15.57527,-3.677821,178,['313'],67,"-0.005097, 0.001742, -0.025087",-0.9189936701570224,-1.1171080529728556,-2.525637066894316,Methionine HG,Methionine HG,26,Methionine,20,A
319,H,8.509265,-15.848606,-4.428306,178,['313'],67,"0.024128, -0.009129, 0.013254",0.761345056443276,-0.5378533880355053,-2.5575717157511173,Methionine HG,Methionine HG,26,Methionine,20,A
320,H,10.550917,-18.657994,-1.327693,181,['315'],67,"0.014063, -0.010943, -0.003053",-2.757493744520392,1.2444395341442245,-5.030628575549859,Methionine HE,Methionine HE,26,Methionine,20,A
321,H,10.275259,-16.90434,-0.978624,181,['315'],67,"-0.005868, -0.019477, 0.009764",-2.849716736021649,1.087203137359234,-3.230653440497816,Methionine HE,Methionine HE,26,Methionine,20,A
322,H,11.396596,-17.411048,-2.325596,181,['315'],67,"0.003177, -0.040886, -0.017760",-2.7328532010123965,-0.3998154378245054,-4.281178026055272,Methionine HE,Methionine HE,26,Methionine,20,A
323,N,7.300762,-13.26184,-5.279893,7,"['308', '324', '327']","58, 72, 70","0.276952, 0.163420, 0.016537",-0.4447413274519288,0.9468464231005428,1.0176921904308802,Alanine N,Tyrosine N,27,Tyrosine,21,A
324,CA,6.427306,-13.201363,-6.447552,8,"['323', '325', '328', '329']","70, 73, 75, 76","-0.011918, 0.470273, 0.618211",0.0,0.0,0.0,Alanine CA,Tyrosine CA,27,Tyrosine,21,A
325,C,7.158825,-13.877802,-7.614118,9,"['324', '326', '344']","72, 74, 85","-0.331431, 0.009829, 0.009170",1.5341336318710963,0.0,0.0,Alanine C,Tyrosine C,27,Tyrosine,21,A
326,O,8.334311,-13.59743,-7.848599,11,['325'],73,"-0.223292, 0.061422, -0.126598",2.1493169057172814,1.0662582583599949,-1.1102230246251563e-16,Alanine O,Tyrosine O,27,Tyrosine,21,A
327,HN,8.290839,-13.072178,-5.50055,10,['323'],70,"0.416612, 0.038890, -0.061175",0.1115181140194012,1.8158065733514923,1.0376256515415707,Alanine HN,Tyrosine HN,27,Tyrosine,21,A
328,H,5.479896,-13.757257,-6.237972,12,['324'],72,"-0.279119, -0.140218, 0.120101",-0.3660104471597822,-1.0255520349678222,0.2545721899172273,Alanine HA,Tyrosine HA,27,Tyrosine,21,A
329,C,6.104178,-11.714232,-6.770247,70,"['324', '330', '337', '338']","72, 76, 79, 80","-0.105056, 0.224100, -0.009126",-0.5644114988307315,0.4314150055668945,-1.383988125501575,Tyrosine CB,Tyrosine CB,27,Tyrosine,21,A
330,C,5.520292,-11.496151,-8.149451,72,"['329', '331', '332']","76, 76, 77","-0.061019, 0.004350, 0.030100",0.1097737713334667,-0.2406139099423892,-2.5606517203263826,Tyrosine CG,Tyrosine CG,27,Tyrosine,21,A
331,C,4.156856,-11.725717,-8.38934,73,"['330', '333', '339']","76, 78, 81","-0.150279, -0.003624, -0.023107",-0.2567168530525321,-1.539882152728236,-2.9437857207731444,Tyrosine CD,Tyrosine CD,27,Tyrosine,21,A
332,C,6.337218,-11.118878,-9.231056,73,"['330', '334', '340']","76, 78, 82","0.005935, -0.034095, 0.039876",1.1554182346651916,0.3937677645365885,-3.256180245563816,Tyrosine CD,Tyrosine CD,27,Tyrosine,21,A
333,C,3.64077,-11.601171,-9.682166,75,"['331', '335', '341']","76, 78, 83","-0.207649, -0.107990, 0.024710",0.4253569555450762,-2.1853073267515675,-3.9788978867484586,Tyrosine CE,Tyrosine CE,27,Tyrosine,21,A
334,C,5.813345,-10.978976,-10.519474,75,"['332', '335', '342']","77, 78, 81","-0.071128, -0.042131, 0.184089",1.8236562481116871,-0.2491909897064417,-4.302171846956643,Tyrosine CE,Tyrosine CE,27,Tyrosine,21,A
335,C,4.460913,-11.240829,-10.760724,77,"['333', '334', '336']","78, 78, 78","-0.255979, -0.087193, -0.076366",1.4776837303241377,-1.5563565595266522,-4.659190138848457,Tyrosine CZ,Tyrosine CZ,27,Tyrosine,21,A
336,OH,3.995407,-11.160897,-12.045095,78,"['335', '343']","78, 84","-0.392881, 0.010038, 0.374706",2.197117755688584,-2.1811660450125885,-5.641392570272707,Tyrosine OH,Tyrosine OH,27,Tyrosine,21,A
337,H,7.026924,-11.093814,-6.690768,71,['329'],76,"0.029568, -0.024637, 0.003460",-0.4584143437069834,1.5331920267854795,-1.516455424490325,Tyrosine HB,Tyrosine HB,27,Tyrosine,21,A
338,H,5.392949,-11.306027,-6.013288,71,['329'],76,"0.001437, -0.024098, 0.024552",-1.659130959215467,0.219805969987251,-1.4316940922458712,Tyrosine HB,Tyrosine HB,27,Tyrosine,21,A
339,H,3.48474,-12.039107,-7.571125,74,['331'],76,"-0.061768, -0.032167, 0.021972",-1.061195798070342,-2.0790410340098147,-2.413172562682216,Tyrosine HD,Tyrosine HD,27,Tyrosine,21,A
340,H,7.420762,-10.975903,-9.087887,74,['332'],77,"0.047657, -0.021406, 0.049887",1.5001750789642936,1.3955118788387495,-2.951782050937267,Tyrosine HD,Tyrosine HD,27,Tyrosine,21,A
341,H,2.574805,-11.795634,-9.861581,76,['333'],78,"-0.146782, -0.067333, -0.185447",0.1392463811014002,-3.207075793444085,-4.26247666148897,Tyrosine HE,Tyrosine HE,27,Tyrosine,21,A
342,H,6.474674,-10.687379,-11.348667,76,['334'],78,"-0.017425, 0.015457, 0.089583",2.6409484844970983,0.2673668899853982,-4.82671664501626,Tyrosine HE,Tyrosine HE,27,Tyrosine,21,A
343,HO,3.091214,-11.469273,-12.026705,79,['336'],78,"-0.635987, -0.252359, -0.018426",1.8879595800317888,-3.084745799794525,-5.672437374955251,Tyrosine HH,Tyrosine HH,27,Tyrosine,21,A
344,N,6.468095,-14.82327,-8.307064,7,"['325', '345', '348']","73, 86, 89","-0.175268, 0.020951, -0.027082",-0.5243430648716314,-0.9443432564845357,0.9812883776766144,Alanine N,Lysine N,28,Lysine,22,A
345,CA,7.01657,-15.711571,-9.326742,8,"['344', '346', '349', '350']","85, 87, 90, 91","-0.216889, 0.283478, -0.335773",0.0,0.0,0.0,Alanine CA,Lysine CA,28,Lysine,22,A
346,C,8.309888,-16.387261,-8.834362,9,"['345', '347', '366']","86, 88","-0.051766, 0.005841, -0.043419",1.540021587388956,0.0,-1.3877787807814454e-16,Alanine C,Lysine C,28,Lysine,22,A
347,O,9.305683,-16.443926,-9.54716,11,['346'],87,"-0.074772, -0.024276, -0.014137",2.173259524055425,1.049718680704688,-2.0816681711721683e-16,Alanine O,Lysine O,28,Lysine,22,A
348,HN,5.486689,-15.0153,-8.067001,10,['344'],85,"-0.086406, -0.031836, 0.038251",-1.1875253753219668,-1.627918817613942,0.5932456261177532,Alanine HN,Lysine HN,28,Lysine,22,A
349,H,6.305764,-16.564279,-9.457159,12,['345'],86,"-0.169992, -0.316080, -0.074998",-0.2645071027469435,-0.3801413279022672,-1.0172970363694758,Alanine HA,Lysine HA,28,Lysine,22,A
350,C,7.204456,-15.003959,-10.709988,182,"['345', '351', '355', '356']","86, 92, 96, 97","0.198480, 0.000349, -0.190775",-0.5949349538439896,1.4382038712576222,0.1643393241139696,Lysine CB,Lysine CB,28,Lysine,22,A
351,C,5.87,-14.619661,-11.398133,184,"['350', '352', '357', '358']","91, 93, 98, 99","0.052967, -0.085936, 0.222773",-2.104245689980408,1.5293143174348494,-0.1757802109699939,Lysine CG,Lysine CG,28,Lysine,22,A
352,C,6.041794,-13.843753,-12.732459,186,"['351', '353', '359', '360']","92, 94, 100, 101","0.241879, -0.260588, 0.353329",-2.727019063913488,2.9321410337219613,0.0612910989077093,Lysine CD,Lysine CD,28,Lysine,22,A
353,C,4.72105,-13.727954,-13.54068,188,"['352', '354', '361', '362']","93, 95, 102, 103","0.055083, 0.338484, -0.091274",-4.145400526075624,3.0774363817538086,-0.5535898622653526,Lysine CE,Lysine CE,28,Lysine,22,A
354,N,4.647662,-12.535208,-14.376713,190,"['353', '363', '364', '365']","94, 104, 105, 106","0.064733, 0.213593, -0.105491",-4.9976525369641625,4.025247083770651,0.155142371535101,Lysine NZ,Lysine NZ,28,Lysine,22,A
355,H,7.770287,-15.69858,-11.380215,183,['350'],91,"0.113914, -0.086983, 0.021037",-0.0292665777499998,2.126336970838027,-0.51268313583847,Lysine HB,Lysine HB,28,Lysine,22,A
356,H,7.863664,-14.113315,-10.577566,183,['350'],91,"0.041212, -0.025036, 0.076454",-0.3897636272006328,1.8017825050502745,1.199256138093177,Lysine HB,Lysine HB,28,Lysine,22,A
357,H,5.257186,-14.007207,-10.695562,185,['351'],92,"0.000412, 0.041784, 0.032419",-2.6629784494288504,0.7749005287564588,0.4266519011588711,Lysine HG,Lysine HG,28,Lysine,22,A
358,H,5.289016,-15.555178,-11.580496,185,['351'],92,"0.008289, -0.045589, 0.012112",-2.24000318768956,1.2344018635030691,-1.2437630177818282,Lysine HG,Lysine HG,28,Lysine,22,A
359,H,6.805791,-14.347151,-13.372598,187,['352'],93,"0.056991, -0.047282, -0.021019",-2.069209826600412,3.721923563355685,-0.3750682311460265,Lysine HD,Lysine HD,28,Lysine,22,A
360,H,6.459544,-12.836054,-12.499831,187,['352'],93,"0.025976, 0.012046, 0.087985",-2.7439455592194366,3.126282404147723,1.1595218331028796,Lysine HD,Lysine HD,28,Lysine,22,A
361,H,3.842894,-13.692881,-12.855118,189,['353'],94,"-0.046441, 0.100028, -0.023869",-4.679079031720118,2.098914677639824,-0.5454745249388153,Lysine HE,Lysine HE,28,Lysine,22,A
362,H,4.587995,-14.622593,-14.192085,189,['353'],94,"-0.045075, 0.067540, -0.042797",-4.072883746808039,3.398092788951341,-1.61864001724343,Lysine HE,Lysine HE,28,Lysine,22,A
363,HN,3.794454,-12.500674,-14.926244,191,['354'],95,"0.043632, 0.030606, 0.003908",-5.905030477524855,4.134527413094995,-0.2874227547317554,Lysine HN,Lysine HN,28,Lysine,22,A
364,HN,5.39831,-12.487941,-15.060944,191,['354'],95,"0.038790, -0.014623, -0.283563",-4.606757320959661,4.963595583243168,0.1792602942580328,Lysine HN,Lysine HN,28,Lysine,22,A
365,HN,4.653161,-11.703837,-13.789747,191,['354'],95,"-0.066169, 0.051191, 0.187625",-5.170135051756931,3.691062805117928,1.1008208125445822,Lysine HN,Lysine HN,28,Lysine,22,A
366,N,8.282702,-16.875192,-7.565981,1,"['346', '367', '370']",87,"-0.180879, -0.131133, 0.028138",-0.6934278435075346,-1.2124877731745196,0.3622301345053839,Glycine N,Glycine N,29,Glycine,23,A
367,CA,9.40088,-17.534917,-6.936203,2,"['366', '368', '371', '372']",,"-0.357349, -0.362944, -0.264908",0.0,0.0,0.0,Glycine CA,Glycine CA,29,Glycine,23,A
368,C,10.650303,-16.718206,-6.618723,3,"['367', '369', '373']",,"-0.392131, -0.019356, -0.104634",1.526062987183032,1.3183898417423734e-16,0.0,Glycine C,Glycine C,29,Glycine,23,A
369,O,11.713761,-17.298205,-6.373303,5,['368'],,"-0.132944, 0.362339, 0.117729",2.1373963796317303,1.0741714097117687,0.0,Glycine O,Glycine O,29,Glycine,23,A
370,HN,7.413005,-16.871085,-7.013459,4,['366'],,"-0.146437, 0.041688, 0.029650",-1.2883249911474282,-1.6109231100162351,-0.378726656291318,Glycine HN,Glycine HN,29,Glycine,23,A
371,H,9.074285,-17.998441,-5.977694,6,['367'],,"0.060735, -0.138519, 0.201133",-0.3160505306660413,0.3258073243051492,-1.016966049176094,Glycine HA,Glycine HA,29,Glycine,23,A
372,H,9.72831,-18.389143,-7.573428,6,['367'],,"0.112669, -0.180171, -0.140667",-0.3216534277540471,0.8228742567564826,0.6799891135764887,Glycine HA,Glycine HA,29,Glycine,23,A
373,N,10.600677,-15.365524,-6.687189,7,"['368', '374', '377']",,"-0.201766, 0.168834, -0.138532",-0.5000679306870399,1.0969812631921685,0.8218024233261287,Alanine N,Glutamine N,30,Glutamine,24,A
374,CA,11.740603,-14.486351,-6.449663,8,"['373', '375', '378', '379']",,"-0.035675, -0.356215, -0.479851",0.0,0.0,0.0,Alanine CA,Glutamine CA,30,Glutamine,24,A
375,C,11.428651,-13.520216,-5.300857,9,"['374', '376', '390']",,"0.298627, -0.135609, -0.211375",1.5331295164352563,-5.551115123125783e-17,1.1102230246251563e-16,Alanine C,Glutamine C,30,Glutamine,24,A
376,O,10.290886,-13.061727,-5.172449,11,['375'],,"0.376633, 0.021113, -0.028761",2.149780756926147,1.0681531820909609,2.220446049250313e-16,Alanine O,Glutamine O,30,Glutamine,24,A
377,HN,9.732005,-14.859482,-6.907729,10,['373'],,"-0.219356, 0.191788, -0.106486",-0.1696775920079188,2.022227372716143,0.5150952309320704,Alanine HN,Glutamine HN,30,Glutamine,24,A
378,H,12.627297,-15.109575,-6.183054,12,['374'],,"0.309967, -0.261718, 0.058142",-0.3733816751535835,-0.9643839133610842,0.4198387249919462,Alanine HA,Glutamine HA,30,Glutamine,24,A
379,C,12.044874,-13.642267,-7.723414,167,"['374', '380', '384', '385']",,"0.138489, -0.068424, -0.568805",-0.4844415523907651,0.164757268461812,-1.471622123815835,Glutamine CB,Glutamine CB,30,Glutamine,24,A
380,C,12.488134,-14.463983,-8.957395,169,"['379', '381', '386', '387']",,"-0.128804, -0.058769, -0.079940",-2.017103459083129,0.0763723543503255,-1.6653779168869942,Glutamine CG,Glutamine CG,30,Glutamine,24,A
381,C,13.89557,-15.041229,-8.81495,171,"['380', '382', '383']",,"-0.059271, -0.402116, -0.222586",-2.560507235268388,-1.339726663059252,-1.4816511481345227,Glutamine CD,Glutamine CD,30,Glutamine,24,A
382,O,14.791009,-14.380698,-8.272643,172,['381'],,"-0.363333, -0.071320, -0.117961",-1.920095805135661,-2.314518405660854,-1.8962151910061744,Glutamine OE1,Glutamine OE1,30,Glutamine,24,A
383,N,14.082741,-16.275433,-9.330478,173,"['381', '388', '389']",,"0.047282, -0.261529, -0.093773",-3.7626481432233305,-1.4368305331771127,-0.8737945108668204,Glutamine NE2,Glutamine NE2,30,Glutamine,24,A
384,H,12.838751,-12.896117,-7.487734,168,['379'],,"-0.004334, -0.042005, 0.029833",0.0008277627261094,-0.6123996404648464,-2.106497234953893,Glutamine HB,Glutamine HB,30,Glutamine,24,A
385,H,11.136011,-13.048994,-7.986765,168,['379'],,"-0.037543, -0.013730, 0.042473",-0.1229820503824086,1.1471733186851834,-1.860934706672312,Glutamine HB,Glutamine HB,30,Glutamine,24,A
386,H,12.500938,-13.806873,-9.856342,170,['380'],,"-0.004004, -0.024059, -0.042986",-2.2792163246513057,0.3880411361663876,-2.701825030573907,Glutamine HG,Glutamine HG,30,Glutamine,24,A
387,H,11.736634,-15.259641,-9.178286,170,['380'],,"-0.116790, -0.144846, -0.062884",-2.531112231028444,0.8055092844380878,-0.9939830581112792,Glutamine HG,Glutamine HG,30,Glutamine,24,A
388,HN,13.336171,-16.761877,-9.845902,174,['383'],,"-0.012755, -0.062597, -0.077186",-4.30350183115702,-0.6001288872756587,-0.6148271889778876,Glutamine HE2,Glutamine HE2,30,Glutamine,24,A
389,HN,15.004231,-16.72356,-9.22146,174,['383'],,"0.138589, -0.175890, 0.010289",-4.150854937715723,-2.3735064725397814,-0.6900005450191795,Glutamine HE2,Glutamine HE2,30,Glutamine,24,A
390,N,12.431308,-13.171121,-4.441421,50,"['375', '391', '397']",,"0.149676, -0.068418, -0.070760",-0.5141111261218043,1.0274587446067924,0.9031110584495154,Proline N,Proline N,31,Proline,25,A
391,CA,12.253405,-12.153251,-3.408037,51,"['390', '392', '394', '395']",,"-0.213697, -0.475026, 0.438700",0.0,0.0,0.0,Proline CA,Proline CA,31,Proline,25,A
392,C,12.314352,-10.750781,-4.017574,52,"['391', '393', '404']",,"-0.181136, -0.017285, 0.211036",1.53041562723268,5.551115123125783e-17,0.0,Proline C,Proline C,31,Proline,25,A
393,O,13.146353,-10.481996,-4.882424,53,['392'],,"-0.149853, -0.080364, 0.115764",2.1543173447507726,1.059803382521482,2.220446049250313e-16,Proline O,Proline O,31,Proline,25,A
394,H,11.278003,-12.287511,-2.878058,54,['391'],,"-0.380390, -0.058188, 0.146730",-0.3729609443737207,-1.0127198078350277,0.2925940437456813,Proline HA,Proline HA,31,Proline,25,A
395,C,13.440786,-12.416075,-2.457931,55,"['391', '396', '398', '399']",,"0.517071, 0.083372, 0.248105",-0.5719754887617298,0.4268870563342642,-1.368306612847809,Proline CB,Proline CB,31,Proline,25,A
396,C,14.548023,-12.821356,-3.429462,57,"['395', '397', '400', '401']",,"0.272125, 0.093444, 0.107191",-0.5123365129881758,1.9510457731546644,-1.2818060602479748,Proline CG,Proline CG,31,Proline,25,A
397,C,13.794073,-13.691189,-4.444828,59,"['390', '396', '402', '403']",,"0.341783, 0.096433, 0.026847",-0.9350730043737518,2.2160006656460944,0.1697830441961411,Proline CD,Proline CD,31,Proline,25,A
398,H,13.221091,-13.252392,-1.755399,56,['395'],,"-0.048423, -0.026742, 0.016085",-1.6269297594250505,0.0900576507507509,-1.4902109478055128,Proline HB,Proline HB,31,Proline,25,A
399,H,13.709826,-11.528173,-1.84563,56,['395'],,"-0.034899, 0.003806, -0.078270",0.0085419656957074,0.0218703563460227,-2.225409847940228,Proline HB,Proline HB,31,Proline,25,A
400,H,15.38824,-13.349025,-2.927176,58,['396'],,"0.040278, -0.041220, 0.011421",-1.1624822125012952,2.44968245636465,-2.033711928031927,Proline HG,Proline HG,31,Proline,25,A
401,H,14.966999,-11.919386,-3.939844,58,['396'],,"0.013216, 0.131800, -0.162142",0.5341882877302198,2.3091307875934817,-1.4434894524553188,Proline HG,Proline HG,31,Proline,25,A
402,H,13.811062,-14.763698,-4.138684,60,['397'],,"-0.002215, -0.056419, -0.026204",-2.0391733114454973,2.357481600120538,0.242129343633753,Proline HD,Proline HD,31,Proline,25,A
403,H,14.26882,-13.62102,-5.451628,60,['397'],,"-0.007951, 0.015527, -0.126731",-0.4508737050115692,3.1430486210709425,0.5571946720672993,Proline HD,Proline HD,31,Proline,25,A
404,N,11.430325,-9.833926,-3.564281,7,"['392', '405', '408']",,"-0.148784, -0.310675, 0.091974",-0.4844820880206142,0.9211932479382796,1.017668381234826,Alanine N,Methionine N,32,Methionine,26,A
405,CA,11.28379,-8.495966,-4.118681,8,"['404', '406', '409', '410']",,"0.086814, -0.641762, -0.368495",0.0,0.0,0.0,Alanine CA,Methionine CA,32,Methionine,26,A
406,C,10.684235,-7.567532,-3.058137,9,"['405', '407', '421']",,"0.287240, 0.074329, -0.274554",1.5317341369562143,5.551115123125783e-17,0.0,Alanine C,Methionine C,32,Methionine,26,A
407,O,9.691398,-7.896858,-2.401512,11,['406'],,"0.231240, 0.176722, -0.269760",2.1753723586714377,1.0540717020285026,0.0,Alanine O,Methionine O,32,Methionine,26,A
408,HN,10.710368,-10.091012,-2.87319,10,['404'],,"-0.349357, -0.142440, 0.159576",0.1199954299609984,1.7410500409025529,1.1741287046753826,Alanine HN,Methionine HN,32,Methionine,26,A
409,H,12.28862,-8.113901,-4.426361,12,['405'],,"0.325739, 0.063269, -0.139068",-0.3747627466870324,-1.0286540194282972,0.2274813564549839,Alanine HA,Methionine HA,32,Methionine,26,A
410,C,10.333675,-8.616959,-5.351261,175,"['405', '411', '414', '415']",,"-0.102180, 0.017124, -0.175536",-0.554856824791974,0.5037035748772093,-1.3693165770966516,Methionine CB,Methionine CB,32,Methionine,26,A
411,C,10.13014,-7.335612,-6.185166,177,"['410', '412', '416', '417']",,"0.076732, -0.195016, 0.097734",-0.2759026689147177,-0.3947288837102254,-2.5914777268368736,Methionine CG,Methionine CG,32,Methionine,26,A
412,S,8.883609,-7.555354,-7.509704,179,"['411', '413']",,"0.307304, -0.328680, 0.431055",-0.8382606253070035,0.3663191185888125,-4.16026275387147,Methionine SD,Methionine SD,32,Methionine,26,A
413,C,9.451609,-9.057367,-8.348288,180,"['412', '418', '419', '420']",,"0.160682, 0.000768, -0.028111",-2.5516274192031814,0.8244223516781614,-3.790931148627599,Methionine CE,Methionine CE,32,Methionine,26,A
414,H,9.34363,-8.983846,-4.989738,176,['410'],,"-0.059263, -0.048732, 0.083598",-0.1394014933637943,1.5223827054459025,-1.5568898930419457,Methionine HB,Methionine HB,32,Methionine,26,A
415,H,10.736819,-9.417976,-6.015405,176,['410'],,"0.075007, -0.114939, 0.011753",-1.6580197770728389,0.6341346751691448,-1.2632043697282156,Methionine HB,Methionine HB,32,Methionine,26,A
416,H,11.09923,-7.022602,-6.635744,178,['411'],,"0.023928, 0.015814, -0.043817",-0.7774723633583441,-1.379730274644047,-2.456084507811092,Methionine HG,Methionine HG,32,Methionine,26,A
417,H,9.81181,-6.495099,-5.527559,178,['411'],,"0.006240, 0.048090, 0.002250",0.8134759038680469,-0.6130418054694544,-2.667877019194441,Methionine HG,Methionine HG,32,Methionine,26,A
418,H,8.98999,-9.114634,-9.356745,181,['413'],,"0.040411, 0.013163, 0.045173",-3.103887534409573,0.9861282163434064,-4.740782247371022,Methionine HE,Methionine HE,32,Methionine,26,A
419,H,9.169469,-9.95323,-7.75278,181,['413'],,"0.049160, 0.005272, -0.017107",-2.5718847104271387,1.7534045215188974,-3.1798787427708937,Methionine HE,Methionine HE,32,Methionine,26,A
420,H,10.554604,-9.030691,-8.463969,181,['413'],,"0.196527, 0.088563, -0.040375",-3.047290494137121,0.0077694787862724,-3.2269383524799387,Methionine HE,Methionine HE,32,Methionine,26,A
421,N,11.271281,-6.356296,-2.90866,7,"['406', '422', '425']",,"0.278967, 0.057741, -0.073491",-0.3999172910666899,0.775994947320172,1.1642123805751448,Alanine N,Threonine N,33,Threonine,27,A
422,CA,10.682851,-5.286185,-2.117392,8,"['421', '423', '426', '427']",,"0.343334, -0.381029, 0.147263",0.0,0.0,0.0,Alanine CA,Threonine CA,33,Threonine,27,A
423,C,9.58949,-4.663991,-2.996312,9,"['422', '424', '435']",,"-0.221977, -0.065028, 0.385618",1.5346217828367348,-1.1102230246251563e-16,0.0,Alanine C,Threonine C,33,Threonine,27,A
424,O,9.88229,-4.229059,-4.112891,11,['423'],,"0.024693, -0.129099, 0.446317",2.141846054712679,1.0737434663408802,0.0,Alanine O,Threonine O,33,Threonine,27,A
425,HN,12.087019,-6.093297,-3.481699,10,['421'],,"0.173067, 0.085191, -0.174755",-0.5462753580796709,1.7836381001220372,1.002332032794012,Alanine HN,Threonine HN,33,Threonine,27,A
426,H,10.231296,-5.707705,-1.18625,12,['422'],,"-0.151439, -0.113061, 0.297862",-0.3824746408069497,-1.0458676525501396,0.092089386347475,Alanine HA,Threonine HA,33,Threonine,27,A
427,C,11.726737,-4.195945,-1.716084,37,"['422', '428', '429', '430']",,"-0.002765, 0.447170, 0.341737",-0.5315453558453653,0.6095545736363586,-1.3361407507812273,Threonine CB,Threonine CB,33,Threonine,27,A
428,OH,12.750722,-4.809051,-0.932802,39,"['427', '431']",,"0.005471, -0.064081, -0.172068",-1.95828018919416,0.6327586051869997,-1.2929640532004314,Threonine OG1,Threonine OG1,33,Threonine,27,A
429,C,11.100318,-3.097274,-0.835904,41,"['427', '432', '433', '434']",,"-0.043965, 0.199878, 0.129984",-0.143905346113868,-0.2507470381211863,-2.554258939572748,Threonine CG2,Threonine CG2,33,Threonine,27,A
430,H,12.180132,-3.752203,-2.635995,38,['427'],,"-0.025534, -0.065595, -0.050851",-0.1478043050801222,1.6525300244575285,-1.4529964372152406,Threonine HB,Threonine HB,33,Threonine,27,A
431,HO,13.494696,-4.990054,-1.500238,40,['428'],,"0.156700, -0.037119, -0.085885",-2.2367333513056096,1.5098603152184462,-1.0451749502296876,Threonine HG1,Threonine HG1,33,Threonine,27,A
432,H,11.866265,-2.384599,-0.458904,42,['429'],,"0.014929, -0.008092, 0.010586",-0.6165868348231763,0.1220681147150142,-3.489293984093152,Threonine HG2,Threonine HG2,33,Threonine,27,A
433,H,10.579426,-3.525341,0.048066,42,['429'],,"0.012801, -0.009033, 0.034868",-0.4526176546999385,-1.3108344626832822,-2.424319892840208,Threonine HG2,Threonine HG2,33,Threonine,27,A
434,H,10.347884,-2.497797,-1.395609,42,['429'],,"-0.014430, -0.009713, 0.018275",0.9557850927201672,-0.2529680727776871,-2.7259426331841694,Threonine HG2,Threonine HG2,33,Threonine,27,A
435,N,8.335922,-4.599644,-2.500311,7,"['423', '436', '439']",,"-0.120797, -0.146107, 0.259778",-0.4524882446273039,1.0253336511771125,0.9258098747226192,Alanine N,Phenylalanine N,34,Phenylalanine,28,A
436,CA,7.207136,-3.920734,-3.115211,8,"['435', '437', '440', '441']",,"0.034189, -0.568759, -0.113087",0.0,0.0,0.0,Alanine CA,Phenylalanine CA,34,Phenylalanine,28,A
437,C,6.949277,-2.624594,-2.338718,9,"['436', '438', '455']",,"-0.098767, -0.036931, -0.395072",1.5327790259949408,0.0,-2.775557561562892e-17,Alanine C,Phenylalanine C,34,Phenylalanine,28,A
438,O,6.997908,-2.604955,-1.106615,11,['437'],,"-0.031938, 0.066843, -0.384025",2.165377913874817,1.058606212972578,0.0,Alanine O,Phenylalanine O,34,Phenylalanine,28,A
439,HN,8.147513,-4.935536,-1.546879,10,['435'],,"-0.116144, -0.138866, 0.403905",-0.22182670279318,1.982300537611132,0.6285497244224405,Alanine HN,Phenylalanine HN,34,Phenylalanine,28,A
440,H,7.465346,-3.653644,-4.167622,12,['436'],,"0.045546, 0.175432, -0.469986",-0.350726037671378,-0.9984897547157614,0.3543837487075183,Alanine HA,Phenylalanine HA,34,Phenylalanine,28,A
441,C,5.915741,-4.789758,-3.084986,61,"['436', '442', '448', '449']",,"-0.140997, -0.132055, -0.076074",-0.5022964367810582,0.2598925686589087,-1.450507308350747,Phenylalanine CB,Phenylalanine CB,34,Phenylalanine,28,A
442,C,5.893042,-5.833204,-4.18254,63,"['441', '443', '444']",,"0.054537, 0.044357, 0.045141",-1.9368423940456496,-0.1806900618144009,-1.6551641544469315,Phenylalanine CG,Phenylalanine CG,34,Phenylalanine,28,A
443,C,6.52595,-7.078506,-4.028315,64,"['442', '445', '450']",,"0.046221, 0.012263, 0.054279",-3.018232533926433,0.6509976207333813,-1.3174869086042194,Phenylalanine CD,Phenylalanine CD,34,Phenylalanine,28,A
444,C,5.196598,-5.575547,-5.378434,64,"['442', '446', '451']",,"-0.029164, 0.033570, 0.008997",-2.20763121312972,-1.4379777154384303,-2.227427210676004,Phenylalanine CD,Phenylalanine CD,34,Phenylalanine,28,A
445,C,6.431387,-8.052647,-5.029586,66,"['443', '447', '452']",,"0.060972, 0.063296, -0.050627",-4.333307364375381,0.2490691502311965,-1.5810550387156694,Phenylalanine CE,Phenylalanine CE,34,Phenylalanine,28,A
446,C,5.10264,-6.547986,-6.37795,66,"['444', '447', '453']",,"-0.019134, -0.004463, 0.039343",-3.520479518592272,-1.839134708447132,-2.4901063734303426,Phenylalanine CE,Phenylalanine CE,34,Phenylalanine,28,A
447,C,5.712175,-7.792456,-6.200742,68,"['445', '446', '454']",,"0.128355, 0.035120, -0.031853",-4.585591078793375,-0.9914833002709904,-2.175995522086467,Phenylalanine CZ,Phenylalanine CZ,34,Phenylalanine,28,A
448,H,5.022606,-4.135148,-3.215777,62,['441'],,"0.014438, 0.016123, -0.000760",0.1352454337881081,-0.3021997531838353,-2.172243583594413,Phenylalanine HB,Phenylalanine HB,34,Phenylalanine,28,A
449,H,5.779129,-5.274324,-2.090421,62,['441'],,"0.022168, 0.017389, 0.041537",-0.3852319310891648,1.3322381305184692,-1.731572218277646,Phenylalanine HB,Phenylalanine HB,34,Phenylalanine,28,A
450,H,7.094292,-7.302766,-3.110869,65,['443'],,"0.078568, 0.025851, 0.038634",-2.8387115879626874,1.6334762828524112,-0.8510962484049781,Phenylalanine HD,Phenylalanine HD,34,Phenylalanine,28,A
451,H,4.702223,-4.602944,-5.536783,65,['444'],,"0.036177, 0.073735, -0.000796",-1.3822338244443024,-2.120184885154952,-2.489629747608178,Phenylalanine HD,Phenylalanine HD,34,Phenylalanine,28,A
452,H,6.924681,-9.028416,-4.897451,67,['445'],,"0.002879, 0.031789, -0.007103",-5.1744799044380825,0.910084538022882,-1.3194997195782672,Phenylalanine HE,Phenylalanine HE,34,Phenylalanine,28,A
453,H,4.54421,-6.330716,-7.301695,67,['446'],,"-0.010429, 0.005418, -0.016462",-3.710769822783818,-2.8221835343244286,-2.9481017324646435,Phenylalanine HE,Phenylalanine HE,34,Phenylalanine,28,A
454,H,5.642752,-8.559006,-6.988658,69,['447'],,"0.036116, 0.009414, 0.004167",-5.621269414227644,-1.3070445405323423,-2.3785333398929693,Phenylalanine HZ,Phenylalanine HZ,34,Phenylalanine,28,A
455,N,6.625368,-1.536939,-3.079342,7,"['437', '456', '459']",,"0.032976, -0.028575, -0.314772",-0.4186194166368079,0.9421082820265684,1.028941299820649,Alanine N,Arginine N,35,Arginine,29,A
456,CA,6.174606,-0.234724,-2.607558,8,"['455', '457', '460', '461']",,"0.586196, -0.317558, -0.042205",0.0,0.0,0.0,Alanine CA,Arginine CA,35,Arginine,29,A
457,C,4.709377,-0.087892,-3.048768,9,"['456', '458', '479']",,"0.007159, 0.076763, 0.288656",1.537244913071759,0.0,-1.3877787807814457e-17,Alanine C,Arginine C,35,Arginine,29,A
458,O,4.372063,-0.351277,-4.204936,11,['457'],,"0.040020, 0.069097, 0.185040",2.1654348544756643,1.060780012332415,0.0,Alanine O,Arginine O,35,Arginine,29,A
459,HN,6.488309,-1.6598,-4.092424,10,['455'],,"-0.080886, -0.105240, -0.425431",-0.0089483232255511,1.8777720219944367,0.8988717243674846,Alanine HN,Arginine HN,35,Arginine,29,A
460,H,6.232573,-0.216273,-1.491688,12,['456'],,"-0.031604, -0.039341, 0.492401",-0.3737587485411833,-1.0178872947592426,0.2703263258482978,Alanine HA,Arginine HA,35,Arginine,29,A
461,C,7.077919,0.884969,-3.21502,202,"['456', '462', '468', '469']",,"0.062427, 0.061706, 0.002598",-0.5796963935306262,0.4401262293644679,-1.3816431757928676,Arginine CB,Arginine CB,35,Arginine,29,A
462,C,6.699567,2.360352,-2.933676,204,"['461', '463', '470', '471']",,"0.025459, -0.127264, -0.173765",-0.1588955390126557,-0.3617309973672966,-2.638230342568014,Arginine CG,Arginine CG,35,Arginine,29,A
463,C,6.876909,2.812489,-1.464138,206,"['462', '464', '472', '473']",,"0.069228, -0.238210, 0.119730",-0.706520263710446,-1.807767396964428,-2.7053561730420963,Arginine CD,Arginine CD,35,Arginine,29,A
464,N,6.62577,4.247089,-1.315027,208,"['463', '465', '474']",,"-0.131829, -0.201581, 0.090276",-0.372915602306007,-2.4441895314815785,-3.980917556993439,Arginine NE,Arginine NE,35,Arginine,29,A
465,C,5.424587,4.847149,-1.329585,210,"['464', '466', '467']",,"-0.165019, 0.058959, 0.037018",0.8334889824398397,-2.9097815359999726,-4.342769186374524,Arginine CZ,Arginine CZ,35,Arginine,29,A
466,N,4.30304,4.200843,-1.654737,211,"['465', '475', '476']",,"-0.134185, -0.020646, -0.079413",1.9340846560402385,-2.690048873538634,-3.6204744665760646,Arginine NH,Arginine NH,35,Arginine,29,A
467,N,5.340977,6.159064,-1.088307,211,"['465', '477', '478']",,"-0.005201, 0.024638, 0.047337",0.969241348126971,-3.552301261260273,-5.506842367265989,Arginine NH,Arginine NH,35,Arginine,29,A
468,H,7.085263,0.752951,-4.32426,203,['461'],,"-0.025863, -0.013003, -0.019557",-0.2809393979844258,1.5026330324759054,-1.554036955303964,Arginine HB,Arginine HB,35,Arginine,29,A
469,H,8.13062,0.711538,-2.895183,203,['461'],,"-0.069010, -0.029058, -0.019873",-1.691444119841836,0.4582183625393428,-1.3165042359025063,Arginine HB,Arginine HB,35,Arginine,29,A
470,H,5.656826,2.52788,-3.289113,205,['462'],,"-0.000824, 0.005893, -0.072871",0.9530126339924424,-0.3428183759659077,-2.709028735135876,Arginine HG,Arginine HG,35,Arginine,29,A
471,H,7.330336,3.008455,-3.589008,205,['462'],,"0.005240, 0.040359, -0.020411",-0.51012112128251,0.1990284774391041,-3.537983898808861,Arginine HG,Arginine HG,35,Arginine,29,A
472,H,7.913695,2.589486,-1.129475,207,['463'],,"0.087632, -0.127864, 0.097675",-1.8120887637381733,-1.7921245944752142,-2.586492949752793,Arginine HD,Arginine HD,35,Arginine,29,A
473,H,6.226302,2.236393,-0.767582,207,['463'],,"-0.033429, -0.154316, 0.271262",-0.3413400386223982,-2.433292387382509,-1.8593489506331489,Arginine HD,Arginine HD,35,Arginine,29,A
474,HN,7.452229,4.809112,-1.06544,209,['464'],,"-0.103125, 0.073699, 0.044773",-1.1786096089754468,-2.6414408449728413,-4.591775223493514,Arginine HE,Arginine HE,35,Arginine,29,A
475,HN,4.300504,3.199811,-1.871356,212,['466'],,"-0.115820, 0.050864, -0.066909",1.9030595145781024,-2.18622162076262,-2.729300618531572,Arginine HH,Arginine HH,35,Arginine,29,A
476,HN,3.415707,4.709832,-1.743286,212,['466'],,"-0.141058, 0.163209, -0.020354",2.853879940039332,-2.9824552593339,-3.970825321420429,Arginine HH,Arginine HH,35,Arginine,29,A
477,HN,6.180074,6.711108,-0.857452,212,['467'],,"0.006902, 0.019872, 0.015966",0.1559245776348263,-3.7261629682076056,-6.11546238177717,Arginine HH,Arginine HH,35,Arginine,29,A
478,HN,4.419078,6.618626,-1.117848,212,['467'],,"-0.125656, -0.069032, -0.031126",1.9003261283686124,-3.892443447711083,-5.788537404007564,Arginine HH,Arginine HH,35,Arginine,29,A
479,N,3.8242,0.305798,-2.10118,7,"['457', '480', '483']",,"0.080746, -0.072547, 0.288907",-0.5044000843153061,0.6750024129309846,1.1882944396676518,Alanine N,Leucine N,36,Leucine,30,A
480,CA,2.38893,0.436124,-2.313563,8,"['479', '481', '484', '485']",,"0.117775, -0.191327, 0.574815",0.0,0.0,0.0,Alanine CA,Leucine CA,36,Leucine,30,A
481,C,2.096608,1.596444,-3.282012,9,"['480', '482', '498']",,"-0.110843, -0.337672, -0.006742",1.5393791344840944,1.1102230246251563e-16,1.1102230246251563e-16,Alanine C,Leucine C,36,Leucine,30,A
482,O,2.435262,2.750988,-3.010688,11,['481'],,"-0.139710, -0.236631, -0.126029",2.174622916285597,1.057232439111913,5.551115123125783e-17,Alanine O,Leucine O,36,Leucine,30,A
483,HN,4.160524,0.46983,-1.140695,10,['479'],,"0.171534, -0.009083, 0.402347",-1.0488832548851748,1.5355149891514848,1.0282696029780292,Alanine HN,Leucine HN,36,Leucine,30,A
484,H,2.014537,-0.508468,-2.77939,12,['480'],,"-0.096226, -0.314820, -0.151543",-0.3478389271207392,-1.062008883722108,0.0237522739293567,Alanine HA,Leucine HA,36,Leucine,30,A
485,C,1.639308,0.683161,-0.965336,19,"['480', '486', '489', '490']",,"-0.172882, -0.017064, 0.227622",-0.5196355451882113,0.6878848603839152,-1.3028698265036116,Leucine CB,Leucine CB,36,Leucine,30,A
486,C,1.776226,-0.422377,0.119543,21,"['485', '487', '488', '491']",,"0.019733, -0.017499, 0.026273",-2.061459729535387,0.7292792573156612,-1.5003234698577526,Leucine CG,Leucine CG,36,Leucine,30,A
487,C,0.880911,-0.076352,1.332499,23,"['486', '492', '493', '494']",,"0.033240, -0.008731, 0.088915",-2.3937144771518093,1.3312905976657528,-2.8858824316353573,Leucine CD,Leucine CD,36,Leucine,30,A
488,C,1.369861,-1.808863,-0.420432,23,"['486', '495', '496', '497']",,"0.014817, 0.016781, 0.020696",-2.6896608890496685,-0.6761103871225729,-1.4039274505587924,Leucine CD,Leucine CD,36,Leucine,30,A
489,H,0.560588,0.84616,-1.190191,20,['485'],,"-0.009178, -0.003288, -0.034511",-0.0504690018486162,0.1807428234065319,-2.1766289422598977,Leucine HB,Leucine HB,36,Leucine,30,A
490,H,1.993898,1.65132,-0.539979,20,['485'],,"-0.016383, 0.043403, -0.033614",-0.1248119322186285,1.7306695529371936,-1.329494898300864,Leucine HB,Leucine HB,36,Leucine,30,A
491,H,2.83782,-0.475821,0.463186,22,['486'],,"0.058779, -0.008734, 0.015763",-2.5195276136965683,1.374390916868291,-0.7116959572573178,Leucine HG,Leucine HG,36,Leucine,30,A
492,H,1.030625,-0.799323,2.166518,24,['487'],,"0.020076, 0.004118, 0.056341",-3.491785274197853,1.4635523657654714,-3.017929356521175,Leucine HD,Leucine HD,36,Leucine,30,A
493,H,-0.202767,-0.084194,1.079506,24,['487'],,"0.046589, -0.020093, 0.021665",-2.0346771897468257,0.6949451020469988,-3.725276021767897,Leucine HD,Leucine HD,36,Leucine,30,A
494,H,1.119323,0.927288,1.750874,24,['487'],,"-0.007044, 0.002302, 0.047263",-1.9456925270607832,2.3418514721500414,-3.0170854162324448,Leucine HD,Leucine HD,36,Leucine,30,A
495,H,1.364094,-2.576177,0.386481,24,['488'],,"0.004499, 0.014674, 0.001388",-3.7745775350081794,-0.6569370977434521,-1.6539292080536525,Leucine HD,Leucine HD,36,Leucine,30,A
496,H,2.093273,-2.165501,-1.186274,24,['488'],,"0.011667, 0.001881, 0.013002",-2.6140489298990017,-1.075824983155278,-0.368774984926889,Leucine HD,Leucine HD,36,Leucine,30,A
497,H,0.357192,-1.808248,-0.882191,24,['488'],,"-0.024692, 0.003749, -0.004147",-2.206395233861793,-1.4086949500299746,-2.088393973167901,Leucine HD,Leucine HD,36,Leucine,30,A
498,N,1.438848,1.286256,-4.427291,7,"['481', '499', '502']",,"0.067798, -0.256710, -0.061306",-0.546553688702782,1.1126521596772314,0.7663522507959202,Alanine N,Leucine N,37,Leucine,31,A
499,CA,0.970666,2.25947,-5.405898,8,"['498', '500', '503', '504']",,"0.143645, -0.624645, -0.206588",0.0,0.0,0.0,Alanine CA,Leucine CA,37,Leucine,31,A
500,C,-0.053974,3.23478,-4.804297,9,"['499', '501', '517']",,"0.229869, -0.004529, -0.309489",1.537218425891714,0.0,0.0,Alanine C,Leucine C,37,Leucine,31,A
501,O,-0.862852,2.877678,-3.941162,11,['500'],,"0.153007, 0.365613, -0.260584",2.1876051663804903,1.0506210417221735,2.220446049250313e-16,Alanine O,Leucine O,37,Leucine,31,A
502,HN,1.326113,0.295757,-4.680678,10,['498'],,"0.018920, -0.302632, -0.069037",-1.199010519159518,1.731847942380223,0.267454377410816,Alanine HN,Leucine HN,37,Leucine,31,A
503,H,1.852951,2.872587,-5.711972,12,['499'],,"0.291177, 0.157567, -0.033435",-0.3188745186421084,-0.9417264808704148,0.5094024410799263,Alanine HA,Leucine HA,37,Leucine,31,A
504,C,0.326997,1.575375,-6.653585,19,"['499', '505', '508', '509']",,"-0.110226, -0.081678, -0.284952",-0.4932841191629165,0.008418371013918,-1.4817619611010864,Leucine CB,Leucine CB,37,Leucine,31,A
505,C,1.326503,1.147929,-7.760565,21,"['504', '506', '507', '510']",,"-0.017814, -0.011599, 0.009188",-1.8639328347855988,-0.676755441407588,-1.724632281407356,Leucine CG,Leucine CG,37,Leucine,31,A
506,C,0.58015,0.330187,-8.845407,23,"['505', '511', '512', '513']",,"-0.032865, -0.011882, -0.033269",-2.3098361837155865,-0.4394002564944466,-3.190053607765366,Leucine CD,Leucine CD,37,Leucine,31,A
507,C,1.979359,2.390102,-8.420887,23,"['505', '514', '515', '516']",,"-0.022203, -0.031770, -0.021619",-1.7694043027172248,-2.2026057602926548,-1.4637012113287986,Leucine CD,Leucine CD,37,Leucine,31,A
508,H,-0.421845,2.265932,-7.111766,20,['504'],,"-0.071108, -0.010497, -0.034647",0.2646813378885828,-0.4953981203445181,-2.1292343148938846,Leucine HB,Leucine HB,37,Leucine,31,A
509,H,-0.28431,0.705369,-6.315284,20,['504'],,"-0.085122, 0.000486, -0.004966",-0.5054058366528638,1.060212367362059,-1.854101467596301,Leucine HB,Leucine HB,37,Leucine,31,A
510,H,2.122319,0.509132,-7.308346,22,['505'],,"-0.009503, -0.011465, -0.004224",-2.622702431900202,-0.2310977352827914,-1.0379411976643629,Leucine HG,Leucine HG,37,Leucine,31,A
511,H,1.274839,-0.046862,-9.630229,24,['506'],,"0.022897, 0.013496, 0.007156",-3.3192538897724777,-0.8659757051884529,-3.3895870838448205,Leucine HD,Leucine HD,37,Leucine,31,A
512,H,-0.201456,0.938672,-9.35421,24,['506'],,"-0.053269, 0.029422, 0.020335",-1.6019147424566866,-0.9007042750348015,-3.915373028954708,Leucine HD,Leucine HD,37,Leucine,31,A
513,H,0.062313,-0.55607,-8.416281,24,['506'],,"-0.039003, 0.021262, 0.002038",-2.359026447760292,0.6435187261111599,-3.4402985827991333,Leucine HD,Leucine HD,37,Leucine,31,A
514,H,2.541614,2.112231,-9.339669,24,['507'],,"-0.015570, -0.029114, -0.027367",-2.680048798394516,-2.732129902906882,-1.8212401967154528,Leucine HD,Leucine HD,37,Leucine,31,A
515,H,2.710559,2.888081,-7.746756,24,['507'],,"0.006245, -0.017313, -0.033320",-1.677013389474942,-2.4381851413049755,-0.3806243885714706,Leucine HD,Leucine HD,37,Leucine,31,A
516,H,1.225856,3.154626,-8.719538,24,['507'],,"-0.029060, 0.011030, -0.008829",-0.898969461726543,-2.6665375114974696,-1.981935381564185,Leucine HD,Leucine HD,37,Leucine,31,A
517,N,-0.052649,4.466192,-5.382065,7,"['500', '518', '521']",,"0.005847, 0.076729, -0.189590",-0.6484904127673453,-1.2628156593382431,0.2867150742966866,Alanine N,Glutamate N,38,Glutamate,32,A
518,CA,-0.968636,5.565302,-5.157624,8,"['517', '519', '522', '523']",,"-0.351185, -0.132081, -0.569014",0.0,0.0,0.0,Alanine CA,Glutamate CA,38,Glutamate,32,A
519,C,-1.053082,6.112086,-3.714626,9,"['518', '520', '532']",,"0.240123, -0.077207, -0.155858",1.545427804064622,0.0,5.551115123125783e-17,Alanine C,Glutamate C,38,Glutamate,32,A
520,O,-1.973494,6.877856,-3.402896,11,['519'],,"0.096951, -0.281927, -0.107496",2.157725356550245,1.0750949924374662,0.0,Alanine O,Glutamate O,38,Glutamate,32,A
521,HN,0.643764,4.679637,-6.109608,10,['517'],,"0.075306, 0.033578, -0.060778",-1.2903476853122633,-1.5523960676385429,-0.4643049522357819,Alanine HN,Glutamate HN,38,Glutamate,32,A
522,H,-0.579858,6.44111,-5.732563,12,['518'],,"0.097771, 0.371529, -0.092538",-0.2482087947616348,0.2656355584397973,-1.0566801711796967,Alanine HA,Glutamate HA,38,Glutamate,32,A
523,C,-2.376226,5.2146,-5.728638,153,"['518', '524', '528', '529']",,"-0.333739, -0.066279, -0.444851",-0.580334425743577,1.1202180451938,0.9157958149167604,Glutamate CB,Glutamate CB,38,Glutamate,32,A
524,C,-2.443689,4.852496,-7.233132,155,"['523', '525', '530', '531']",,"0.370013, 0.015764, 0.473753",-2.109540461660852,1.3547448310759844,0.840305115893995,Glutamate CG,Glutamate CG,38,Glutamate,32,A
525,C,-3.852886,4.866865,-7.795754,157,"['524', '526', '527']",,"0.548888, -0.100573, 0.093044",-2.5527864222915406,2.660729371003955,1.4731744291867974,Glutamate CD,Glutamate CD,38,Glutamate,32,A
526,O,-4.587297,3.84144,-7.805054,158,['525'],,"0.726892, -0.061214, 0.269405",-2.8841430809119952,2.7451040335158305,2.6872692025302527,Glutamate OE,Glutamate OE,38,Glutamate,32,A
527,O,-4.316974,5.955826,-8.218723,158,['525'],,"0.597911, 0.151536, 0.158266",-2.5370798292393406,3.7021039492948784,0.769321605899078,Glutamate OE,Glutamate OE,38,Glutamate,32,A
528,H,-3.043307,6.093813,-5.558477,154,['523'],,"-0.002295, 0.054399, 0.100331",-0.0739284301107489,2.07849377010087,0.6470432735483994,Glutamate HB,Glutamate HB,38,Glutamate,32,A
529,H,-2.820627,4.384248,-5.138361,154,['523'],,"0.004002, 0.001102, 0.079258",-0.2986821685632732,0.9199803193594728,1.972195591806143,Glutamate HB,Glutamate HB,38,Glutamate,32,A
530,H,-1.991107,3.857784,-7.435882,156,['524'],,"0.078208, -0.093708, -0.114032",-2.6755191427610048,0.5223175436059513,1.3116043157484132,Glutamate HG,Glutamate HG,38,Glutamate,32,A
531,H,-1.841042,5.573846,-7.831695,156,['524'],,"0.099042, -0.018460, -0.138067",-2.4461422108126665,1.3707574087878442,-0.2218858998376193,Glutamate HG,Glutamate HG,38,Glutamate,32,A
532,N,-0.103801,5.75655,-2.802766,7,"['519', '533', '536']",,"0.106058, -0.119917, -0.126918",-0.551541832890246,1.3260742318821774,0.2908779452728633,Alanine N,Valine N,39,Valine,33,A
533,CA,-0.118401,6.15204,-1.39186,8,"['532', '534', '537', '538']",,"-0.600196, -0.155363, -0.351694",0.0,0.0,0.0,Alanine CA,Valine CA,39,Valine,33,A
534,C,1.286243,6.528622,-0.880245,9,"['533', '535', '548']",,"-0.498798, 0.074557, 0.346863",1.5416188496788044,0.0,-2.775557561562892e-17,Alanine C,Valine C,39,Valine,33,A
535,O,2.312098,6.277333,-1.531546,11,['534'],,"-0.508167, 0.264326, 0.130261",2.198794775828178,1.0525385680518862,-4.163336342344337e-17,Alanine O,Valine O,39,Valine,33,A
536,HN,0.755372,5.267736,-3.087167,10,['532'],,"0.173274, -0.054661, -0.045581",0.0175027323288254,2.1008570193701983,-0.0750472032656462,Alanine HN,Valine HN,39,Valine,33,A
537,H,-0.737884,7.078131,-1.284978,12,['533'],,"-0.265214, 0.329796, 0.096689",-0.3027476238742419,-0.7019886397174766,0.817547133466999,Alanine HA,Valine HA,39,Valine,33,A
538,C,-0.752503,5.039924,-0.476507,15,"['533', '539', '540', '541']",,"-0.173090, -0.150310, 0.082529",-0.5456485643518565,-0.5782376359238458,-1.358185311027535,Valine CB,Valine CB,39,Valine,33,A
539,C,-2.149219,4.607274,-0.980723,17,"['538', '542', '543', '544']",,"-0.016264, 0.035477, -0.052159",-2.0912844527171623,-0.5591949369477154,-1.4118738388979803,Valine CG,Valine CG,39,Valine,33,A
540,C,0.154748,3.791055,-0.357262,17,"['538', '545', '546', '547']",,"-0.016658, 0.014472, -0.072380",0.015495728052999,0.1800244678711597,-2.5858469872383822,Valine CG,Valine CG,39,Valine,33,A
541,H,-0.887004,5.481541,0.541972,16,['538'],,"-0.018916, -0.003305, -0.030861",-0.2223208338049372,-1.6468650893584085,-1.420716195847293,Valine HB,Valine HB,39,Valine,33,A
542,H,-2.657962,3.942292,-0.246546,18,['539'],,"-0.036762, 0.015160, 0.037910",-2.4736144224653938,-1.111864519266877,-2.29980204247836,Valine HG,Valine HG,39,Valine,33,A
543,H,-2.101909,4.06509,-1.951533,18,['539'],,"0.052251, 0.007918, -0.069144",-2.50280250449123,0.4740283470699396,-1.4540202561104754,Valine HG,Valine HG,39,Valine,33,A
544,H,-2.807357,5.492474,-1.129339,18,['539'],,"0.016357, 0.012833, -0.020936",-2.5240330412875465,-1.0498272924406196,-0.5114184355970589,Valine HG,Valine HG,39,Valine,33,A
545,H,-0.281132,3.026607,0.324573,18,['540'],,"0.016669, 0.018724, 0.003191",-0.3421131387858194,-0.2609286687516607,-3.5434206481072223,Valine HG,Valine HG,39,Valine,33,A
546,H,1.155999,4.043403,0.058307,18,['540'],,"-0.017590, -0.011362, -0.000571",1.1273414079836253,0.1442892912028073,-2.6233016669738336,Valine HG,Valine HG,39,Valine,33,A
547,H,0.323809,3.310214,-1.346489,18,['540'],,"0.014179, -0.009984, -0.059739",-0.2762164016194532,1.2538595593580726,-2.5739316096003377,Valine HG,Valine HG,39,Valine,33,A
548,N,1.339682,7.050504,0.37137,7,"['534', '549', '552']",,"-0.204925, 0.062473, 0.141541",-0.4963333821228484,0.7505973964855996,1.149712509923039,Alanine N,Aspartate N,40,Aspartate,34,A
549,CA,2.557779,7.289342,1.139991,8,"['548', '550', '553', '554']",,"0.168613, 0.337598, -0.695766",0.0,0.0,0.0,Alanine CA,Aspartate CA,40,Aspartate,34,A
550,C,2.232194,7.30407,2.647102,9,"['549', '551', '560']",,"0.396522, -0.267558, -0.130116",1.5419487905018114,2.775557561562892e-17,0.0,Alanine C,Aspartate C,40,Aspartate,34,A
551,O,1.390571,8.091713,3.096079,11,['550'],,"0.390168, -0.172620, -0.045236",2.16601517450464,1.068097497639909,0.0,Alanine O,Aspartate O,40,Aspartate,34,A
552,HN,0.471961,7.386888,0.816732,10,['548'],,"-0.320043, 0.197044, 0.069160",0.1254000894582714,1.5063325153576588,1.4764435319581737,Alanine HN,Aspartate HN,40,Aspartate,34,A
553,H,3.277573,6.454101,0.940115,12,['549'],,"0.326551, -0.251858, -0.010094",-0.3553236531257917,-1.059511041473887,0.0828420208424558,Alanine HA,Aspartate HA,40,Aspartate,34,A
554,C,3.173437,8.638702,0.699325,137,"['549', '555', '558', '559']",,"-0.357478, 0.211522, -0.229826",-0.5478185896829287,0.6447803639075043,-1.295433047763223,Aspartate CB,Aspartate CB,40,Aspartate,34,A
555,C,4.537456,8.96568,1.258094,139,"['554', '556', '557']",,"-0.399682, 0.156313, -0.013092",-0.2865657421763005,-0.1066608877547953,-2.578697726298355,Aspartate CG,Aspartate CG,40,Aspartate,34,A
556,O,5.303854,8.005202,1.549746,140,['555'],,"-0.550697, 0.664485, -0.764595",-0.1725033779516352,-1.3628846009095437,-2.5167579848783457,Aspartate OD,Aspartate OD,40,Aspartate,34,A
557,O,4.911265,10.163901,1.309032,140,['555'],,"-0.355799, 0.363278, 0.070796",-0.3042641147987268,0.5141430017706131,-3.670645853052844,Aspartate OD,Aspartate OD,40,Aspartate,34,A
558,H,2.473933,9.470069,0.953785,138,['554'],,"-0.161782, 0.033699, 0.045943",-0.1434654413056141,1.6797444338239864,-1.398266562165212,Aspartate HB,Aspartate HB,40,Aspartate,34,A
559,H,3.28262,8.663652,-0.409257,138,['554'],,"-0.075926, 0.002666, -0.089686",-1.654169864488767,0.7575693068627972,-1.2264186159715758,Aspartate HB,Aspartate HB,40,Aspartate,34,A
560,N,2.894013,6.428189,3.448496,7,"['550', '561', '564']",,"0.178587, -0.287073, -0.178357",-0.454037890305762,1.2371743170824605,0.6358050317198196,Alanine N,Threonine N,41,Threonine,35,A
561,CA,2.864374,6.436909,4.911385,8,"['560', '562', '565', '566']",,"-0.437521, -0.247413, -0.442219",0.0,0.0,0.0,Alanine CA,Threonine CA,41,Threonine,35,A
562,C,4.005034,7.342515,5.406545,9,"['561', '563', '574']",,"-0.459188, -0.132199, 0.317521",1.5383143009268294,0.0,-8.326672684688674e-17,Alanine C,Threonine C,41,Threonine,35,A
563,O,5.032483,7.512393,4.721325,11,['562'],,"-0.521292, 0.387327, 0.738180",2.179613011218754,1.069005329763567,2.775557561562892e-17,Alanine O,Threonine O,41,Threonine,35,A
564,HN,3.561772,5.757961,3.038966,10,['560'],,"0.367923, -0.284259, -0.161543",-0.4852794850819689,2.053713431847679,0.0072270240077521,Alanine HN,Threonine HN,41,Threonine,35,A
565,H,1.892244,6.874703,5.243356,12,['561'],,"-0.335378, 0.113092, 0.129151",-0.3562485065280992,-0.8638440448957783,0.6113636690805238,Alanine HA,Threonine HA,41,Threonine,35,A
566,C,2.994385,5.018998,5.558969,37,"['561', '567', '568', '569']",,"-0.366993, -0.424401, 0.103902",-0.5298739457046567,-0.1975876429428351,-1.4584005712141208,Threonine CB,Threonine CB,41,Threonine,35,A
567,OH,4.227736,4.409633,5.206037,39,"['566', '570']",,"0.052894, 0.085403, 0.040748",-0.0876809933670471,0.851935505255924,-2.306933389287714,Threonine OG1,Threonine OG1,41,Threonine,35,A
568,C,1.837515,4.091197,5.145413,41,"['566', '571', '572', '573']",,"-0.160365, -0.108152, 0.019388",-2.067007075222688,-0.2697103582693786,-1.505427305196286,Threonine CG2,Threonine CG2,41,Threonine,35,A
569,H,2.988662,5.133978,6.66995,38,['566'],,"0.057910, 0.082163, 0.032813",-0.1088208928468915,-1.1495330359505884,-1.8634267813542416,Threonine HB,Threonine HB,41,Threonine,35,A
570,HO,4.904865,4.768245,5.774262,40,['567'],,"0.013292, 0.062548, 0.094664",0.8084281009717753,0.6579262408033119,-2.5702484024559946,Threonine HG1,Threonine HG1,41,Threonine,35,A
571,H,1.960606,3.05391,5.520084,42,['568'],,"-0.003814, -0.023506, -0.031621",-2.465785308079524,-0.3171737440081952,-2.539940340834208,Threonine HG2,Threonine HG2,41,Threonine,35,A
572,H,1.699082,4.033054,4.043833,42,['568'],,"0.027372, 0.022774, 0.028424",-2.5584658023387927,0.5889256147554502,-0.9982435261702588,Threonine HG2,Threonine HG2,41,Threonine,35,A
573,H,0.888877,4.470793,5.587499,42,['568'],,"0.004495, 0.069460, 0.087398",-2.404653095825279,-1.20196610929241,-0.9991254297190976,Threonine HG2,Threonine HG2,41,Threonine,35,A
574,N,3.949836,7.80936,6.690776,50,"['562', '575', '581']",,"-0.096466, 0.010277, 0.292958",-0.4542076135963832,1.136638855459566,0.7957861464235523,Proline N,Proline N,42,Proline,36,A
575,CA,5.098409,8.47792,7.295206,51,"['574', '576', '578', '579']",,"-0.019236, 0.549338, 0.042123",0.0,0.0,0.0,Proline CA,Proline CA,42,Proline,36,A
576,C,6.192948,7.435711,7.515862,52,"['575', '577', '588']",,"0.287694, 0.382992, 0.036336",1.527384788629898,-1.0408340855860844e-16,0.0,Proline C,Proline C,42,Proline,36,A
577,O,5.888706,6.278504,7.823167,53,['576'],,"0.088036, 0.307617, -0.033677",2.143375935660353,1.0708326224102935,0.0,Proline O,Proline O,42,Proline,36,A
578,H,5.469428,9.299138,6.630137,54,['575'],,"0.191734, 0.336830, -0.239102",-0.3905613667398824,-0.9590625500122472,0.4266517556746727,Proline HA,Proline HA,42,Proline,36,A
579,C,4.569547,9.052482,8.634609,55,"['575', '580', '582', '583']",,"-0.082867, 0.423552, 0.483404",-0.5775404274513494,0.2459580405333403,-1.4176630771284515,Proline CB,Proline CB,42,Proline,36,A
580,C,3.051486,9.035855,8.434839,57,"['579', '581', '584', '585']",,"0.019494, 0.143243, 0.342873",-1.682912578283409,1.2737637981784962,-1.1598619086548116,Proline CG,Proline CG,42,Proline,36,A
581,C,2.850978,7.744572,7.638006,59,"['574', '580', '586', '587']",,"-0.195645, 0.149224, 0.296069",-1.0606090415697704,2.139520432472968,-0.0617900383244555,Proline CD,Proline CD,42,Proline,36,A
582,H,4.971511,10.070472,8.838595,56,['579'],,"0.068252, 0.026723, -0.032099",-0.9546440458621824,-0.6928824990562141,-1.8822707479612228,Proline HB,Proline HB,42,Proline,36,A
583,H,4.865015,8.410392,9.497199,56,['579'],,"0.062228, -0.058432, 0.021974",0.1969395162458215,0.6579203670647713,-2.1062197367822804,Proline HB,Proline HB,42,Proline,36,A
584,H,2.717977,9.926679,7.854059,58,['580'],,"-0.030391, 0.021277, -0.041197",-2.613664278725721,0.7745801698997692,-0.804027624416727,Proline HG,Proline HG,42,Proline,36,A
585,H,2.501602,9.043119,9.400979,58,['580'],,"-0.036540, -0.013492, 0.076801",-1.9423465498417167,1.848644060336775,-2.075317192835481,Proline HG,Proline HG,42,Proline,36,A
586,H,1.842249,7.706361,7.175492,60,['581'],,"-0.080950, -0.085868, 0.001198",-1.824218762380349,2.7739423896613573,0.4355252044329373,Proline HD,Proline HD,42,Proline,36,A
587,H,2.949559,6.848845,8.296314,60,['581'],,"0.025754, -0.071863, 0.042043",-0.2836633046579251,2.8214745519903035,-0.4821570157642233,Proline HD,Proline HD,42,Proline,36,A
588,N,7.468988,7.825848,7.307096,7,"['576', '589', '592']",,"-0.059344, 0.426564, -0.150442",-0.4161555614302953,1.336144946919524,0.4119119493800313,Alanine N,Glutamate N,43,Glutamate,37,A
589,CA,8.611857,6.944211,7.518536,8,"['588', '590', '593', '594']",,"-0.079259, 0.400346, -0.755389",0.0,0.0,0.0,Alanine CA,Glutamate CA,43,Glutamate,37,A
590,C,8.710959,6.7112,9.032543,9,"['589', '591', '603']",,"0.053249, -0.087607, -0.412754",1.5350350251945395,0.0,0.0,Alanine C,Glutamate C,43,Glutamate,37,A
591,O,8.132836,7.453227,9.82936,11,['590'],,"0.024138, -0.162059, -0.354348",2.170976812094342,1.056089791173879,0.0,Alanine O,Glutamate O,43,Glutamate,37,A
592,HN,7.660823,8.823925,7.13019,10,['588'],,"0.031023, 0.540381, -0.025309",-0.7297566207663793,1.987762046119906,-0.32382144635715,Alanine HN,Glutamate HN,43,Glutamate,37,A
593,H,8.382385,5.956107,7.044408,12,['589'],,"-0.092865, -0.284690, -0.147255",-0.3324583058496168,-0.7261749272132165,0.7848220970019149,Alanine HA,Glutamate HA,43,Glutamate,37,A
594,C,9.939831,7.505391,6.92131,153,"['589', '595', '599', '600']",,"0.183702, 0.146446, -0.452700",-0.5884950918950624,-0.4288961166446079,-1.3801588604557793,Glutamate CB,Glutamate CB,43,Glutamate,37,A
595,C,9.852689,8.020935,5.466027,155,"['594', '596', '601', '602']",,"0.488544, 0.411483, 0.771150",-2.107725585123352,-0.2021405088159557,-1.558340107933133,Glutamate CG,Glutamate CG,43,Glutamate,37,A
596,C,9.25619,7.068482,4.453854,157,"['595', '597', '598']",,"0.461273, 0.283459, 0.202477",-2.999965307765788,-0.7712210791022682,-0.4778182256926324,Glutamate CD,Glutamate CD,43,Glutamate,37,A
597,O,9.996001,6.227255,3.88166,158,['596'],,"-0.093489, 0.401182, 0.306642",-3.388864464684597,-1.964804800997832,-0.5584687028131927,Glutamate OE,Glutamate OE,43,Glutamate,37,A
598,O,8.018494,7.152668,4.205661,158,['596'],,"1.190645, 0.496343, 0.907935",-3.337443178880388,-0.0185760909699164,0.4814589212300952,Glutamate OE,Glutamate OE,43,Glutamate,37,A
599,H,10.714341,6.702132,6.963939,154,['594'],,"0.043812, -0.021274, 0.016159",-0.3745167318701028,-1.5139479645451963,-1.5343786439809408,Glutamate HB,Glutamate HB,43,Glutamate,37,A
600,H,10.333233,8.328825,7.565408,154,['594'],,"0.035893, 0.012937, 0.082066",-0.0528157019008252,0.0977095266515895,-2.206841996335543,Glutamate HB,Glutamate HB,43,Glutamate,37,A
601,H,10.868531,8.312761,5.113324,156,['595'],,"0.104834, 0.109873, -0.035993",-2.43431194758076,-0.6226432808417244,-2.5371227988428595,Glutamate HG,Glutamate HG,43,Glutamate,37,A
602,H,9.262658,8.966125,5.445325,156,['595'],,"0.013417, 0.211838, 0.089840",-2.309711785488197,0.8909699077850262,-1.6374633146780608,Glutamate HG,Glutamate HG,43,Glutamate,37,A
603,N,9.404184,5.627367,9.463564,7,"['590', '604', '607']",,"-0.043492, -0.147120, -0.235345",-0.5851376485226473,-1.04896423027406,-0.8375647821135599,Alanine N,Phenylalanine N,50,Phenylalanine,38,A
604,CA,9.386979,5.195481,10.862637,8,"['603', '605', '608', '609']",,"-0.219447, -0.451246, -0.433056",0.0,0.0,0.0,Alanine CA,Phenylalanine CA,50,Phenylalanine,38,A
605,C,9.83147,6.29163,11.851205,9,"['604', '606', '623']",,"0.003888, -0.090760, -0.217008",1.541551676041384,0.0,1.6653345369377348e-16,Alanine C,Phenylalanine C,50,Phenylalanine,38,A
606,O,9.277426,6.427699,12.944367,11,['605'],,"0.090029, -0.130415, -0.183186",2.1795771888926296,1.0551806148199956,2.220446049250313e-16,Alanine O,Phenylalanine O,50,Phenylalanine,38,A
607,HN,10.003545,5.105618,8.807355,10,['603'],,"0.135697, -0.060290, -0.114063",-1.2041316841376977,-1.736500540369754,-0.3834655802027966,Alanine HN,Phenylalanine HN,50,Phenylalanine,38,A
608,H,8.322251,4.991395,11.134067,12,['604'],,"-0.350201, -0.018712, 0.145545",-0.2780598747897516,0.9820713377594242,-0.4551808957582959,Alanine HA,Phenylalanine HA,50,Phenylalanine,38,A
609,C,10.199341,3.887563,11.047689,61,"['604', '610', '616', '617']",,"0.061846, -0.209233, 0.113408",-0.5771126186237017,-0.0545375801710529,1.4383297376632316,Phenylalanine CB,Phenylalanine CB,50,Phenylalanine,38,A
610,C,10.105031,3.302906,12.441929,63,"['609', '611', '612']",,"-0.034384, 0.051474, 0.077358",-0.1259373988587497,1.0912066319863436,2.320562406933008,Phenylalanine CG,Phenylalanine CG,50,Phenylalanine,38,A
611,C,9.048671,2.441372,12.794314,64,"['610', '613', '618']",,"-0.017461, -0.013269, 0.162974",-0.8171601630428764,2.317796167274408,2.321855920159089,Phenylalanine CD,Phenylalanine CD,50,Phenylalanine,38,A
612,C,11.060482,3.632397,13.418931,64,"['610', '614', '619']",,"-0.082761, -0.000730, 0.119889",1.0103809879722705,0.9570996912657724,3.137128198946315,Phenylalanine CD,Phenylalanine CD,50,Phenylalanine,38,A
613,C,8.957431,1.915471,14.088066,66,"['611', '615', '620']",,"-0.027208, -0.130216, 0.124385",-0.3877612506776247,3.378567373847736,3.1275058802965567,Phenylalanine CE,Phenylalanine CE,50,Phenylalanine,38,A
614,C,10.959008,3.1168,14.712881,66,"['612', '615', '621']",,"-0.019067, -0.007136, 0.152772",1.444282853416477,2.022055573276117,3.929619197078536,Phenylalanine CE,Phenylalanine CE,50,Phenylalanine,38,A
615,C,9.911642,2.255203,15.048249,68,"['613', '614', '622']",,"-0.040005, -0.021742, 0.111928",0.7446959408295475,3.231342438759305,3.929848316994191,Phenylalanine CZ,Phenylalanine CZ,50,Phenylalanine,38,A
616,H,11.272152,4.056918,10.794107,62,['609'],,"0.007940, 0.000307, -0.019344",-0.3099726297927703,-1.0202384777598137,1.9281933832154112,Phenylalanine HB,Phenylalanine HB,50,Phenylalanine,38,A
617,H,9.84575,3.112534,10.328,62,['609'],,"0.004027, 0.027343, 0.009874",-1.691688809975379,-0.040474650777233,1.4041105832047374,Phenylalanine HB,Phenylalanine HB,50,Phenylalanine,38,A
618,H,8.269341,2.178407,12.061434,65,['611'],,"0.007968, 0.051460, 0.095428",-1.6988404399864516,2.4669456759294737,1.6784173078255944,Phenylalanine HD,Phenylalanine HD,50,Phenylalanine,38,A
619,H,11.886564,4.324377,13.187879,65,['612'],,"-0.079292, -0.014826, 0.035325",1.5924494321843934,0.0212594008208795,3.1427934315537422,Phenylalanine HD,Phenylalanine HD,50,Phenylalanine,38,A
620,H,8.128595,1.245986,14.370103,67,['613'],,"-0.056412, -0.081671, 0.138972",-0.9219325765715296,4.34261325298893,3.1266770295088184,Phenylalanine HE,Phenylalanine HE,50,Phenylalanine,38,A
621,H,11.701489,3.397396,15.473863,67,['614'],,"-0.013784, -0.007069, 0.110376",2.345896222823685,1.9115887472858983,4.549293440018187,Phenylalanine HE,Phenylalanine HE,50,Phenylalanine,38,A
622,H,9.829409,1.851037,16.068694,69,['615'],,"-0.005128, -0.014724, 0.068037",1.0879872464975868,4.072003563568823,4.5518293235826,Phenylalanine HZ,Phenylalanine HZ,50,Phenylalanine,38,A
623,N,10.797107,7.13834,11.425376,7,"['605', '624', '627']",,"0.069063, -0.157124, -0.213617",-0.654947263385031,-1.2665310203766902,0.3122201803231795,Alanine N,Asparagine N,51,Asparagine,39,A
624,CA,11.310144,8.3138,12.122244,8,"['623', '625', '628', '629']",,"0.525630, -0.488793, 0.122117",0.0,0.0,0.0,Alanine CA,Asparagine CA,51,Asparagine,39,A
625,C,10.40854,9.56815,12.122035,9,"['624', '626', '637']",,"-0.292464, -0.300838, -0.105745",1.5447600910811343,1.566672139241554e-17,-3.447762908503904e-17,Alanine C,Asparagine C,51,Asparagine,39,A
626,O,10.898226,10.654546,12.466112,11,['625'],,"-0.038198, -0.480590, 0.010206",2.1410637239114703,1.0875934933670506,0.0,Alanine O,Asparagine O,51,Asparagine,39,A
627,HN,11.184349,7.009699,10.479043,10,['623'],,"0.088906, -0.005600, -0.257497",-0.9852911102174878,-1.3389425105115254,1.2857090294069191,Alanine HN,Asparagine HN,51,Asparagine,39,A
628,H,11.45046,8.050848,13.197108,12,['624'],,"0.041888, -0.074106, 0.306643",-0.2955591339238061,0.302612830615638,-1.0321023329868997,Alanine HA,Asparagine HA,51,Asparagine,39,A
629,C,12.694102,8.687651,11.506156,147,"['624', '630', '633', '634']",,"0.240586, 0.265772, -0.003165",-0.5040998332919131,1.0780405973920613,1.0091484371283723,Asparagine CB,Asparagine CB,51,Asparagine,39,A
630,C,12.582487,9.03118,10.022484,149,"['629', '631', '632']",,"0.058172, 0.316788, 0.054906",-0.1598080418812648,0.7127868233077697,2.451301524887932,Asparagine CG,Asparagine CG,51,Asparagine,39,A
631,O,12.499685,8.111957,9.202179,150,['630'],,"0.092797, 0.286843, -0.032185",-0.8577813505666256,-0.1195381583127364,3.038494656056236,Asparagine OD1,Asparagine OD1,51,Asparagine,39,A
632,N,12.536536,10.339485,9.706743,151,"['630', '635', '636']",,"-0.009139, 0.195782, -0.062640",0.929401850151494,1.301882592738692,2.980502651156171,Asparagine ND2,Asparagine ND2,51,Asparagine,39,A
633,H,13.424501,7.852354,11.605392,148,['629'],,"-0.008177, 0.053882, -0.023713",-1.6086766553638774,1.2095335153691202,0.9485578622072076,Asparagine HB,Asparagine HB,51,Asparagine,39,A
634,H,13.131526,9.5555,12.053067,148,['629'],,"-0.055208, 0.142379, -0.015444",-0.0547816092761522,2.0685554400309343,0.7629640254012915,Asparagine HB,Asparagine HB,51,Asparagine,39,A
635,HN,12.588767,11.054868,10.442762,152,['632'],,"-0.016150, 0.019943, 0.044582",1.479710706823239,1.9711235017952216,2.427780614030069,Asparagine HD2,Asparagine HD2,51,Asparagine,39,A
636,HN,12.425769,10.626816,8.72517,152,['632'],,"-0.025225, 0.113822, -0.070064",1.227497820868032,1.0650494330625269,3.936202830553124,Asparagine HD2,Asparagine HD2,51,Asparagine,39,A
637,N,9.120632,9.471362,11.716133,7,"['625', '638', '641']",,"-0.186381, -0.300470, -0.147232",-0.4948755976810885,1.2877060370929512,0.489337145790258,Alanine N,Glutamate N,52,Glutamate,40,A
638,CA,8.125868,10.540354,11.614939,8,"['637', '639', '642', '643']",,"0.457675, -0.055255, -0.617418",0.0,0.0,0.0,Alanine CA,Glutamate CA,52,Glutamate,40,A
639,C,6.863424,10.152731,12.404872,9,"['638', '640', '652']",,"0.153164, 0.310643, -0.160863",1.5388341651243649,4.857225732735061e-17,2.220446049250313e-16,Alanine C,Glutamate C,52,Glutamate,40,A
640,O,6.626745,8.972404,12.67585,11,['639'],,"0.209064, 0.306536, 0.029477",2.1694221535269884,1.0606491603430113,2.220446049250313e-16,Alanine O,Glutamate O,52,Glutamate,40,A
641,HN,8.728278,8.562876,11.437785,10,['637'],,"-0.169697, -0.298954, -0.161738",-0.0870351912918253,2.0726659395930733,-0.0343710143516663,Alanine HN,Glutamate HN,52,Glutamate,40,A
642,H,8.528388,11.479169,12.063802,12,['638'],,"0.112752, 0.248224, 0.132566",-0.336289355392741,-0.8199551085784315,0.6778326023139251,Alanine HA,Glutamate HA,52,Glutamate,40,A
643,C,7.77891,10.762607,10.112854,153,"['638', '644', '648', '649']",,"0.224103, 0.110566, -0.686949",-0.5424118196027576,-0.2311859230535672,-1.4416581023027246,Glutamate CB,Glutamate CB,52,Glutamate,40,A
644,C,8.972495,11.257059,9.258205,155,"['643', '645', '650', '651']",,"-0.259596, -0.014151, 0.521513",-2.08488513586239,-0.3490736146213251,-1.521854152915207,Glutamate CG,Glutamate CG,52,Glutamate,40,A
645,C,8.830999,11.099233,7.754027,157,"['644', '646', '647']",,"0.046476, 0.163011, 0.366955",-2.7011907116976865,-0.1597450641283834,-2.8972827250841027,Glutamate CD,Glutamate CD,52,Glutamate,40,A
646,O,7.734363,10.702694,7.280571,158,['645'],,"-0.044650, 0.459459, 0.101546",-1.94467601822588,-0.0444843672396479,-3.896489795348812,Glutamate OE,Glutamate OE,52,Glutamate,40,A
647,O,9.859524,11.286855,7.044361,158,['645'],,"-0.191015, -0.290271, 0.638238",-3.9565374240108215,-0.0330140875961286,-2.966097066153264,Glutamate OE,Glutamate OE,52,Glutamate,40,A
648,H,6.926133,11.467777,9.984649,154,['643'],,"-0.013574, -0.047318, -0.025182",-0.086241979003809,-1.1295911406111565,-1.916744414721038,Glutamate HB,Glutamate HB,52,Glutamate,40,A
649,H,7.422298,9.792012,9.690265,154,['643'],,"-0.009768, -0.128943, -0.067604",-0.2222924460923641,0.6302170143559163,-2.076730382925668,Glutamate HB,Glutamate HB,52,Glutamate,40,A
650,H,9.895967,10.706171,9.534428,156,['644'],,"0.085598, -0.029373, 0.056872",-2.5619327475689264,0.4120945746404395,-0.8694540970613949,Glutamate HG,Glutamate HG,52,Glutamate,40,A
651,H,9.17431,12.3332,9.475484,156,['644'],,"0.027582, 0.162143, -0.015386",-2.409989229425045,-1.3428792241104992,-1.131115558911934,Glutamate HG,Glutamate HG,52,Glutamate,40,A
652,N,6.069985,11.178106,12.826957,7,"['639', '653', '656']",,"0.066534, 0.120996, -0.014093",-0.474927554086357,0.7512252556386491,1.1669270100486997,Alanine N,Lysine N,53,Lysine,41,A
653,CA,4.852265,11.023617,13.630017,8,"['652', '654', '657', '658']",,"0.395117, 0.332764, 0.187936",0.0,0.0,0.0,Alanine CA,Lysine CA,53,Lysine,41,A
654,C,3.825302,10.208483,12.825662,9,"['653', '655', '674']",,"0.021696, -0.083713, 0.268114",1.5382078557041643,-1.1102230246251563e-16,2.220446049250313e-16,Alanine C,Lysine C,53,Lysine,41,A
655,O,3.456284,10.595233,11.711951,11,['654'],,"0.113406, -0.137044, 0.209150",2.1620076664259367,1.066290689487854,4.440892098500626e-16,Alanine O,Lysine O,53,Lysine,41,A
656,HN,6.319271,12.139849,12.562429,10,['652'],,"0.034593, 0.091861, -0.052343",-1.0126848503272674,1.6046733219970113,0.9681516116769714,Alanine HN,Lysine HN,53,Lysine,41,A
657,H,5.134016,10.452741,14.550987,12,['653'],,"0.095152, -0.214290, 0.398952",-0.3671768006414496,-1.0516898398363177,0.1122428266428113,Alanine HA,Lysine HA,53,Lysine,41,A
658,C,4.252922,12.406884,14.056319,182,"['653', '659', '663', '664']",,"-0.061138, 0.082429, 0.156956",-0.5558046134718402,0.5890330465941651,-1.3410795359729473,Lysine CB,Lysine CB,53,Lysine,41,A
659,C,3.03245,12.326831,15.020345,184,"['658', '660', '665', '666']",,"0.053822, -0.192635, 0.033250",-0.2026570376136188,-0.2311223963247365,-2.61698641086036,Lysine CG,Lysine CG,53,Lysine,41,A
660,C,2.307763,13.690137,15.179012,186,"['659', '661', '667', '668']",,"0.347637, -0.292701, -0.177718",-0.5242487720294774,0.5365677192857359,-3.927017081204905,Lysine CD,Lysine CD,53,Lysine,41,A
661,C,1.207342,13.711629,16.268362,188,"['660', '662', '669', '670']",,"-0.237872, 0.378318, -0.074150",-0.3705967988136709,-0.3024923708954583,-5.219472473857593,Lysine CE,Lysine CE,53,Lysine,41,A
662,N,0.368686,14.904494,16.192601,190,"['661', '671', '672', '673']",,"-0.302153, 0.175352, 0.154675",-0.4031914821921725,0.5186046560058717,-6.42643054384646,Lysine NZ,Lysine NZ,53,Lysine,41,A
663,H,3.967486,12.965358,13.133459,183,['658'],,"-0.023559, -0.076564, -0.006201",-0.1786071375257876,1.6336116701242087,-1.4488527319727291,Lysine HB,Lysine HB,53,Lysine,41,A
664,H,5.054369,13.007114,14.553794,183,['658'],,"0.028006, -0.019469, 0.060150",-1.6690942079538955,0.6610744165533464,-1.267113042434419,Lysine HB,Lysine HB,53,Lysine,41,A
665,H,3.374434,11.940477,16.011153,185,['659'],,"0.058462, -0.072742, 0.066527",-0.7443497606783828,-1.2075790247540144,-2.5849800206982607,Lysine HG,Lysine HG,53,Lysine,41,A
666,H,2.299834,11.574132,14.642696,185,['659'],,"-0.075497, -0.063394, -0.015308",0.8828165068604137,-0.4911679880597396,-2.612064041088412,Lysine HG,Lysine HG,53,Lysine,41,A
667,H,1.864806,13.968738,14.19321,187,['660'],,"0.003861, 0.005178, -0.066253",0.1393403950533584,1.4323457531664203,-3.980553382918448,Lysine HD,Lysine HD,53,Lysine,41,A
668,H,3.057218,14.483092,15.418082,187,['660'],,"0.068548, 0.011440, 0.022187",-1.5698319680980857,0.9267921451327958,-3.881239668419929,Lysine HD,Lysine HD,53,Lysine,41,A
669,H,1.679696,13.685363,17.27817,189,['661'],,"-0.062583, 0.079246, -0.005918",-1.2000841014343604,-1.0449407171051983,-5.284600570232925,Lysine HE,Lysine HE,53,Lysine,41,A
670,H,0.546117,12.817304,16.19985,189,['661'],,"-0.039113, 0.047441, -0.007121",0.5806116406434221,-0.8829507292588512,-5.21991891050164,Lysine HE,Lysine HE,53,Lysine,41,A
671,HN,0.141828,15.261323,17.123022,191,['662'],,"-0.072642, 0.242275, 0.337611",-0.9273582638771498,0.0613872510884272,-7.1752136594844735,Lysine HN,Lysine HN,53,Lysine,41,A
672,HN,-0.503261,14.699101,15.704038,191,['662'],,"-0.206780, 0.011106, -0.150560",0.5432724245478788,0.7024591889604146,-6.760459351252988,Lysine HN,Lysine HN,53,Lysine,41,A
673,HN,0.793703,15.683131,15.702728,191,['662'],,"-0.108617, -0.063877, 0.080199",-0.8434040492408681,1.4231238557492063,-6.304166496411926,Lysine HN,Lysine HN,53,Lysine,41,A
674,N,3.351302,9.091771,13.438853,7,"['654', '675', '678']",,"-0.030259, -0.041402, 0.256494",-0.6239569011618844,-1.3151738289044188,0.0237982613303543,Alanine N,Tyrosine N,54,Tyrosine,42,A
675,CA,2.478457,8.056193,12.904727,8,"['674', '676', '679', '680']",,"-0.403896, 0.273710, 0.247027",0.0,0.0,0.0,Alanine CA,Tyrosine CA,54,Tyrosine,42,A
676,C,3.180682,6.959791,12.086575,9,"['675', '677', '695']",,"0.137309, 0.247706, 0.231122",1.5377223388287624,-8.326672684688674e-17,0.0,Alanine C,Tyrosine C,54,Tyrosine,42,A
677,O,2.511495,6.051341,11.579667,11,['676'],,"0.141402, 0.412544, 0.093902",2.1495586411859264,1.0750370705472965,0.0,Alanine O,Tyrosine O,54,Tyrosine,42,A
678,HN,3.655709,8.884818,14.404246,10,['674'],,"0.069845, -0.054396, 0.219220",-0.8510280155224612,-1.6557517011950051,-0.92484404862428,Alanine HN,Tyrosine HN,54,Tyrosine,42,A
679,H,2.122568,7.487304,13.792512,12,['675'],,"-0.053014, -0.361309, 0.414039",-0.2292521738583238,0.4141280334148558,-1.007171928514779,Alanine HA,Tyrosine HA,54,Tyrosine,42,A
680,C,1.201962,8.562462,12.174511,70,"['675', '681', '688', '689']",,"-0.131389, 0.004476, -0.095174",-0.5553885399957791,1.0271766616972475,1.027333863623629,Tyrosine CB,Tyrosine CB,54,Tyrosine,42,A
681,C,0.313122,9.3728,13.091681,72,"['680', '682', '683']",,"0.148268, -0.069820, -0.039370",-2.0270497661958635,1.3007891515725256,0.8099989390774067,Tyrosine CG,Tyrosine CG,54,Tyrosine,42,A
682,C,-0.430833,8.742896,14.104565,73,"['681', '684', '690']",,"0.125519, 0.005504, 0.057538",-2.456573905994778,2.063033342615665,-0.290307788725342,Tyrosine CD,Tyrosine CD,54,Tyrosine,42,A
683,C,0.222885,10.76654,12.959479,73,"['681', '685', '691']",,"0.023134, -0.022710, -0.012167",-2.991661278070491,0.7905192281835515,1.6916340728014194,Tyrosine CD,Tyrosine CD,54,Tyrosine,42,A
684,C,-1.213148,9.492359,14.987847,75,"['682', '686', '692']",,"0.133385, -0.023295, 0.069038",-3.818154449501569,2.275107014162251,-0.5248750935623621,Tyrosine CE,Tyrosine CE,54,Tyrosine,42,A
685,C,-0.569225,11.513985,13.83361,75,"['683', '686', '693']",,"-0.055580, 0.007082, -0.058799",-4.351407189770379,1.013666154651495,1.4646675772357711,Tyrosine CE,Tyrosine CE,54,Tyrosine,42,A
686,C,-1.275741,10.883938,14.865231,77,"['684', '685', '687']",,"0.002209, 0.036632, -0.017253",-4.7737013681150895,1.739776455166051,0.3444901687290536,Tyrosine CZ,Tyrosine CZ,54,Tyrosine,42,A
687,OH,-2.013545,11.590823,15.76256,78,"['686', '694']",,"-0.063588, 0.044650, -0.067752",-6.09207075541431,1.9289068349477685,0.0699499386025701,Tyrosine OH,Tyrosine OH,54,Tyrosine,42,A
688,H,0.623107,7.694108,11.784062,71,['680'],,"0.074373, -0.069014, -0.011401",0.0071481536181439,1.985245747437412,0.9423733008375836,Tyrosine HB,Tyrosine HB,54,Tyrosine,42,A
689,H,1.488912,9.165724,11.284763,71,['680'],,"0.096936, 0.052165, 0.039172",-0.3810821002999408,0.6591119570028277,2.0627383666497527,Tyrosine HB,Tyrosine HB,54,Tyrosine,42,A
690,H,-0.384402,7.648978,14.233872,74,['682'],,"0.009273, -0.006702, 0.004036",-1.7242010432809651,2.4807489179946947,-1.0007136000614698,Tyrosine HD,Tyrosine HD,54,Tyrosine,42,A
691,H,0.791064,11.286755,12.171204,74,['683'],,"0.073693, -0.055800, -0.005447",-2.6837035358387613,0.1936615407684902,2.565562804371723,Tyrosine HD,Tyrosine HD,54,Tyrosine,42,A
692,H,-1.790073,8.976341,15.772145,76,['684'],,"-0.028157, -0.043159, -0.052800",-4.130982686458441,2.878509465143188,-1.3922183710861202,Tyrosine HE,Tyrosine HE,54,Tyrosine,42,A
693,H,-0.628008,12.605845,13.71269,76,['685'],,"-0.141233, 0.079302, 0.030414",-5.092415765429687,0.6063386798419684,2.168390510039341,Tyrosine HE,Tyrosine HE,54,Tyrosine,42,A
694,HO,-2.166582,12.482367,15.475848,79,['687'],,"-0.069967, 0.067985, -0.039387",-6.645085441041308,1.7207077736188217,0.8124475524651462,Tyrosine HH,Tyrosine HH,54,Tyrosine,42,A
695,N,4.527469,7.010504,11.947274,1,"['676', '696', '699']",,"0.204233, 0.247868, 0.056737",-0.6380356363340565,-0.9710815338478423,-0.8550306464738671,Glycine N,Glycine N,55,Glycine,43,A
696,CA,5.325382,6.027102,11.256317,2,"['695', '697', '700', '701']",,"-0.254314, 0.504758, -0.345044",0.0,0.0,0.0,Glycine CA,Glycine CA,55,Glycine,43,A
697,C,5.484926,4.679643,11.950798,3,"['696', '698', '702']",,"0.035750, 0.426401, -0.084796",1.5242715978387846,1.1102230246251563e-16,0.0,Glycine C,Glycine C,55,Glycine,43,A
698,O,5.423639,3.642629,11.288687,5,['697'],,"0.134573, 0.233451, 0.112855",2.1329114007599967,1.0710288040879343,8.673617379884035e-19,Glycine O,Glycine O,55,Glycine,43,A
699,HN,5.087515,7.761989,12.370199,4,['695'],,"0.202141, 0.236769, 0.131622",-1.051039376322776,-1.7574999583941435,-0.3371303131514772,Glycine HN,Glycine HN,55,Glycine,43,A
700,H,4.896042,5.833095,10.246792,6,['696'],,"-0.009870, -0.095621, -0.223193",-0.3333907651317066,1.025960672901098,-0.2781502699247694,Glycine HA,Glycine HA,55,Glycine,43,A
701,H,6.339066,6.43946,11.061892,6,['696'],,"0.225613, 0.106989, -0.130028",-0.3470069031010989,-0.1398781484283479,1.046621118379254,Glycine HA,Glycine HA,55,Glycine,43,A
702,N,5.580932,4.637963,13.314371,50,"['697', '703', '709']",,"0.088893, 0.171628, 0.123287",-0.5550789847877444,-0.9687539780534676,-0.9413048358855852,Proline N,Proline N,56,Proline,44,A
703,CA,5.507604,3.367282,14.030363,51,"['702', '704', '706', '707']",,"0.520991, -0.070071, 0.161484",0.0,0.0,0.0,Proline CA,Proline CA,56,Proline,44,A
704,C,4.149579,2.68929,13.871225,52,"['703', '705', '716']",,"0.085750, 0.317044, 0.137069",1.5261814950172203,-2.4286128663675305e-17,0.0,Proline C,Proline C,56,Proline,44,A
705,O,4.072218,1.481859,13.640833,53,['704'],,"0.190360, 0.453734, 0.187992",2.1554322465224747,1.0587720762638542,0.0,Proline O,Proline O,56,Proline,44,A
706,H,6.284885,2.664847,13.640972,54,['703'],,"0.265426, -0.237898, -0.156486",-0.3389864287020224,1.0304678596896968,-0.2691286390731843,Proline HA,Proline HA,56,Proline,44,A
707,C,5.803525,3.749837,15.49835,55,"['703', '708', '710', '711']",,"0.324571, 0.001902, 0.574470",-0.5863325323446545,-0.4288588593896683,1.3642571746823615,Proline CB,Proline CB,56,Proline,44,A
708,C,6.793058,4.904203,15.316816,57,"['707', '709', '712', '713']",,"0.054889, 0.027938, 0.222115",-1.960725102660371,-0.9612746925364772,0.94920361611847,Proline CG,Proline CG,56,Proline,44,A
709,C,6.121885,5.681913,14.17638,59,"['702', '708', '714', '715']",,"0.173662, 0.194299, 0.246045",-1.5900776658909868,-1.7712614828963626,-0.3007732585411274,Proline CD,Proline CD,56,Proline,44,A
710,H,6.216711,2.884757,16.067782,56,['707'],,"0.023551, -0.149530, -0.058360",-0.6290652401640902,0.428981046725205,2.075329246120444,Proline HB,Proline HB,56,Proline,44,A
711,H,4.882575,4.101197,16.026246,56,['707'],,"-0.091137, 0.035827, -0.031772",0.0220128997112645,-1.2386858258918527,1.83793750838703,Proline HB,Proline HB,56,Proline,44,A
712,H,7.799135,4.529136,15.011895,58,['708'],,"0.115326, -0.013769, -0.081678",-2.657536574844418,-0.126574834603073,0.6970669070544125,Proline HG,Proline HG,56,Proline,44,A
713,H,6.91733,5.523757,16.23214,58,['708'],,"-0.027696, 0.123089, -0.042948",-2.441978460454301,-1.5900566720036382,1.7303163748066308,Proline HG,Proline HG,56,Proline,44,A
714,H,6.858607,6.341656,13.663348,60,['709'],,"0.081055, 0.055304, -0.069294",-2.4852166045757245,-1.9338294107070308,-0.9438283989876596,Proline HD,Proline HD,56,Proline,44,A
715,H,5.298111,6.323504,14.573099,60,['709'],,"-0.143199, 0.037945, 0.033954",-1.183455612824488,-2.770737217428285,-0.0120946459633001,Proline HD,Proline HD,56,Proline,44,A
716,N,3.062996,3.490574,13.995008,7,"['704', '717', '720']",,"0.199280, 0.371036, 0.182376",-0.5436710232445361,-0.9595123721256617,-0.9359841075937269,Alanine N,Glutamate N,57,Glutamate,45,A
717,CA,1.677219,3.090565,13.885814,8,"['716', '718', '721', '722']",,"0.141068, 0.295582, 0.595987",0.0,0.0,0.0,Alanine CA,Glutamate CA,57,Glutamate,45,A
718,C,1.350295,2.52329,12.505237,9,"['717', '719', '731']",,"0.216357, 0.302403, 0.082686",1.527963703865377,0.0,1.3877787807814457e-17,Alanine C,Glutamate C,57,Glutamate,45,A
719,O,0.672858,1.498024,12.410412,11,['718'],,"0.145175, 0.358935, 0.103366",2.1392291387708178,1.070251189412963,-2.0816681711721685e-17,Alanine O,Glutamate O,57,Glutamate,45,A
720,HN,3.206231,4.48119,14.230354,10,['716'],,"-0.013861, 0.446336, 0.197794",-1.1547404634543956,-1.670998290016922,-0.5145508480127595,Alanine HN,Glutamate HN,57,Glutamate,45,A
721,H,1.514452,2.239433,14.591421,12,['717'],,"-0.061093, -0.284950, 0.127405",-0.2867256925820282,1.019627374849522,-0.3562982035217536,Alanine HA,Glutamate HA,57,Glutamate,45,A
722,C,0.653837,4.223522,14.222721,153,"['717', '723', '727', '728']",,"-0.004774, 0.321099, 0.384949",-0.5060696786120313,-0.1783784644224259,1.4684969227893576,Glutamate CB,Glutamate CB,57,Glutamate,45,A
723,C,0.706282,4.794122,15.653628,155,"['722', '724', '729', '730']",,"-0.443308, -0.323306, -0.488079",-2.0220153333807267,-0.0191499932925079,1.6973740654741147,Glutamate CG,Glutamate CG,57,Glutamate,45,A
724,C,1.834991,5.727589,16.064411,157,"['723', '725', '726']",,"-0.307158, -0.242915, -0.082681",-2.9812345292453,-1.1163654757105197,1.2613648462067528,Glutamate CD,Glutamate CD,57,Glutamate,45,A
725,O,2.756604,5.961237,15.235576,158,['724'],,"-0.058947, 0.200593, 0.279576",-2.516282084114709,-2.115664693068759,0.6480544314473966,Glutamate OE,Glutamate OE,57,Glutamate,45,A
726,O,1.753842,6.243241,17.204281,158,['724'],,"0.233114, -0.512337, -0.384242",-4.185232525375769,-0.9723179295026676,1.5798375953554302,Glutamate OE,Glutamate OE,57,Glutamate,45,A
727,H,-0.369692,3.80735,14.062286,154,['722'],,"0.040301, -0.026287, -0.087752",0.0123935774764109,0.5862625901074736,2.09544990863724,Glutamate HB,Glutamate HB,57,Glutamate,45,A
728,H,0.753165,5.060028,13.490641,154,['722'],,"0.068225, 0.009355, -0.076781",-0.1764210353466291,-1.1660091895079934,1.870326225952076,Glutamate HB,Glutamate HB,57,Glutamate,45,A
729,H,0.711749,3.952936,16.382487,156,['723'],,"-0.039128, -0.076383, 0.052825",-2.3694381652569567,0.9170688878978972,1.205794164583436,Glutamate HG,Glutamate HG,57,Glutamate,45,A
730,H,-0.236613,5.357211,15.840012,156,['723'],,"-0.094464, 0.009001, -0.006013",-2.197732053865506,0.1220987618630033,2.788259770628918,Glutamate HG,Glutamate HG,57,Glutamate,45,A
731,N,1.818594,3.191988,11.421811,7,"['718', '732', '735']",,"0.099375, 0.330891, 0.066006",-0.5322354621309079,-0.9241906511234566,-0.9868571750680551,Alanine N,Alanine N,58,Alanine,46,A
732,CA,1.64688,2.738644,10.052036,8,"['731', '733', '736', '737']",,"-0.287757, 0.654792, -0.024047",0.0,0.0,0.0,Alanine CA,Alanine CA,58,Alanine,46,A
733,C,2.370605,1.413605,9.80543,9,"['732', '734', '741']",,"0.101370, 0.297820, 0.144447",1.5298106897201365,-4.163336342344337e-17,-2.775557561562892e-17,Alanine C,Alanine C,58,Alanine,46,A
734,O,1.796004,0.491061,9.222594,11,['733'],,"0.180465, 0.334749, 0.114829",2.1509885462305025,1.065405845025352,1.1102230246251563e-16,Alanine O,Alanine O,58,Alanine,46,A
735,HN,2.282021,4.103609,11.541267,10,['731'],,"0.120221, 0.365184, 0.045818",-1.121849749075792,-1.6850875652148165,-0.6215107002489856,Alanine HN,Alanine HN,58,Alanine,46,A
736,H,0.563109,2.524235,9.886996,12,['732'],,"-0.286290, -0.149296, -0.061861",-0.3003979700704475,1.035595461210531,-0.2916712217886811,Alanine HA,Alanine HA,58,Alanine,46,A
737,C,2.110867,3.791983,9.017496,13,"['732', '738', '739', '740']",,"0.005366, 0.240436, -0.167348",-0.5260732571774807,-0.2896612181574095,1.426332115416407,Alanine CB,Alanine CB,58,Alanine,46,A
738,H,1.923309,3.429144,7.982997,14,['737'],,"-0.024294, 0.016880, 0.019733",-0.1337704208868078,0.4628777178092337,2.1452215080064527,Alanine HB,Alanine HB,58,Alanine,46,A
739,H,3.199501,4.014243,9.108429,14,['737'],,"0.040305, -0.000870, 0.043714",-0.2182287289122509,-1.298478702768322,1.7873187262560193,Alanine HB,Alanine HB,58,Alanine,46,A
740,H,1.560537,4.754083,9.130196,14,['737'],,"-0.028415, 0.052338, 0.017412",-1.6379102372558207,-0.2393484842313561,1.4762116446359348,Alanine HB,Alanine HB,58,Alanine,46,A
741,N,3.631024,1.297252,10.291705,7,"['733', '742', '745']",,"0.228862, 0.323578, 0.071331",-0.5797516993966481,-1.0399478222954373,-0.8296751889135143,Alanine N,Serine N,59,Serine,47,A
742,CA,4.422336,0.084319,10.199059,8,"['741', '743', '746', '747']",,"0.043728, 0.461984, -0.511756",0.0,0.0,0.0,Alanine CA,Serine CA,59,Serine,47,A
743,C,3.799961,-1.107397,10.924759,9,"['742', '744', '752']",,"-0.028813, 0.307231, 0.168745",1.5278017395202164,1.1102230246251563e-16,-5.551115123125783e-17,Alanine C,Serine C,59,Serine,47,A
744,O,3.873125,-2.233237,10.423362,11,['743'],,"-0.006650, 0.353267, 0.274862",2.138013306848821,1.0732704557581785,2.775557561562892e-17,Alanine O,Serine O,59,Serine,47,A
745,HN,4.107597,2.103181,10.722972,10,['741'],,"0.187790, 0.252012, 0.124427",-1.1976821014365575,-1.7030116525166017,-0.3386120789711818,Alanine HN,Serine HN,59,Serine,47,A
746,H,4.442743,-0.231019,9.13085,12,['742'],,"0.042486, -0.162443, -0.337332",-0.2697383615012874,0.9845677222474856,-0.4458616200313698,Alanine HA,Serine HA,59,Serine,47,A
747,C,5.868768,0.29062,10.706267,33,"['742', '748', '749', '750']",,"0.235300, -0.067002, 0.169694",-0.5092247592022753,-0.0652332296645495,1.458910675419136,Serine CB,Serine CB,59,Serine,47,A
748,OH,6.518613,1.183554,9.812879,35,"['747', '751']",,"-0.061642, 0.013410, 0.170023",-1.8948120598711315,0.2475378008494854,1.449221216126621,Serine OG,Serine OG,59,Serine,47,A
749,H,6.434397,-0.671514,10.730896,34,['747'],,"-0.003544, -0.048676, 0.026109",0.0225395249673001,0.6687429964433655,2.1106393251100948,Serine HB,Serine HB,59,Serine,47,A
750,H,5.869775,0.717942,11.736295,34,['747'],,"-0.059819, 0.015407, 0.063869",-0.353695335929318,-1.0830394319394707,1.887214212205937,Serine HB,Serine HB,59,Serine,47,A
751,HO,7.304287,1.494548,10.243793,36,['748'],,"-0.021885, 0.023679, 0.019122",-2.252768251114729,-0.0229219040933938,2.284928515879703,Serine HG,Serine HG,59,Serine,47,A
752,N,3.176791,-0.875229,12.106539,7,"['743', '753', '756']",,"0.110251, 0.263384, 0.231332",-0.5516868404059339,-1.053216894593099,-0.8367723167651914,Alanine N,Alanine N,60,Alanine,48,A
753,CA,2.46781,-1.888108,12.871545,8,"['752', '754', '757', '758']",,"0.565980, 0.131452, 0.521938",0.0,0.0,0.0,Alanine CA,Alanine CA,60,Alanine,48,A
754,C,1.165467,-2.322414,12.193694,9,"['753', '755', '762']",,"0.206184, 0.276787, 0.090140",1.531078368172576,-2.775557561562892e-17,-1.1102230246251563e-16,Alanine C,Alanine C,60,Alanine,48,A
755,O,0.809209,-3.501158,12.214276,11,['754'],,"0.070702, 0.395319, 0.133831",2.159363761574185,1.0592630755681918,-1.1102230246251563e-16,Alanine O,Alanine O,60,Alanine,48,A
756,HN,3.249338,0.050652,12.549444,10,['752'],,"0.104264, 0.320719, 0.185634",-1.0721176458604234,-1.790641993752447,-0.3427687416173827,Alanine HN,Alanine HN,60,Alanine,48,A
757,H,3.108876,-2.80193,12.922391,12,['753'],,"0.184480, -0.332728, 0.008102",-0.3085899859038072,0.9853136823876574,-0.4272595787756694,Alanine HA,Alanine HA,60,Alanine,48,A
758,C,2.163473,-1.412264,14.313553,13,"['753', '759', '760', '761']",,"0.034160, 0.037403, 0.316780",-0.5145244840871558,-0.0939597959469653,1.4576939685645454,Alanine CB,Alanine CB,60,Alanine,48,A
759,H,1.654289,-2.213173,14.89565,14,['758'],,"0.019390, -0.021777, -0.016758",-0.1119345308016787,0.7410611780146218,2.0743152397706552,Alanine HB,Alanine HB,60,Alanine,48,A
760,H,1.507439,-0.511643,14.326189,14,['758'],,"-0.008529, 0.021430, -0.043970",-0.2175632913412384,-1.0514183992928428,1.9442590065346856,Alanine HB,Alanine HB,60,Alanine,48,A
761,H,3.102037,-1.158868,14.857065,14,['758'],,"0.061854, 0.002410, -0.018506",-1.6253780149681385,-0.0221554772055366,1.494650453723891,Alanine HB,Alanine HB,60,Alanine,48,A
762,N,0.436227,-1.366111,11.567891,7,"['754', '763', '766']",,"0.136782, 0.353383, 0.124213",-0.5357555205466372,-0.8330332882177188,-1.0627814225465069,Alanine N,Phenylalanine N,61,Phenylalanine,49,A
763,CA,-0.812114,-1.609681,10.865893,8,"['762', '764', '767', '768']",,"0.033755, 0.442462, 0.569744",0.0,0.0,0.0,Alanine CA,Phenylalanine CA,61,Phenylalanine,49,A
764,C,-0.618674,-2.56053,9.685864,9,"['763', '765', '782']",,"0.214405, 0.312191, 0.094083",1.5277438578642686,-5.551115123125783e-17,0.0,Alanine C,Phenylalanine C,61,Phenylalanine,49,A
765,O,-1.342233,-3.561118,9.572306,11,['764'],,"0.315295, 0.380233, -0.078580",2.146594049646875,1.074538892604466,1.1102230246251563e-16,Alanine O,Phenylalanine O,61,Phenylalanine,49,A
766,HN,0.730921,-0.382427,11.618429,10,['762'],,"0.078411, 0.329199, 0.058192",-1.1497103017291608,-1.5992073819872548,-0.7577082515931276,Alanine HN,Phenylalanine HN,61,Phenylalanine,49,A
767,H,-1.504209,-2.133489,11.569474,12,['763'],,"-0.191334, -0.242832, 0.179114",-0.305065882122765,1.0551320212532718,-0.2050067285252959,Alanine HA,Phenylalanine HA,61,Phenylalanine,49,A
768,C,-1.461821,-0.281198,10.397447,61,"['763', '769', '775', '776']",,"-0.104148, 0.211726, -0.034371",-0.5472685652828078,-0.4348746765308099,1.384849831288404,Phenylalanine CB,Phenylalanine CB,61,Phenylalanine,49,A
769,C,-2.817789,-0.489842,9.759608,63,"['768', '770', '771']",,"0.149125, 0.002759, -0.017522",-0.0964344790441239,0.4802364469313477,2.5021413707185376,Phenylalanine CG,Phenylalanine CG,61,Phenylalanine,49,A
770,C,-3.98261,-0.449899,10.543953,64,"['769', '772', '777']",,"0.059961, 0.024713, -0.040062",-0.8746098097661034,1.5926722487714169,2.8634310408658874,Phenylalanine CD,Phenylalanine CD,61,Phenylalanine,49,A
771,C,-2.939841,-0.755165,8.384014,64,"['769', '773', '778']",,"0.094210, -0.030841, -0.067294",1.1157537899775607,0.2567336887067588,3.179044580476928,Phenylalanine CD,Phenylalanine CD,61,Phenylalanine,49,A
772,C,-5.237759,-0.658737,9.967091,66,"['770', '774', '779']",,"0.085903, 0.002554, -0.010284",-0.4579880923076599,2.4533353886969307,3.8819924742632703,Phenylalanine CE,Phenylalanine CE,61,Phenylalanine,49,A
773,C,-4.195518,-0.961594,7.806622,66,"['771', '774', '780']",,"0.107584, -0.024334, -0.055621",1.531218692972701,1.116231401530334,4.199520831089494,Phenylalanine CE,Phenylalanine CE,61,Phenylalanine,49,A
774,C,-5.347176,-0.908252,8.597071,68,"['772', '773', '781']",,"0.110193, 0.032272, -0.040209",0.7416559349948728,2.2132399979580173,4.556079283670849,Phenylalanine CZ,Phenylalanine CZ,61,Phenylalanine,49,A
775,H,-0.79848,0.251886,9.674602,62,['768'],,"0.087425, 0.013326, -0.033317",-0.2367372188225377,-1.4803941663739637,1.6239397862963103,Phenylalanine HB,Phenylalanine HB,61,Phenylalanine,49,A
776,H,-1.568097,0.407125,11.265934,62,['768'],,"0.056099, 0.005100, 0.016295",-1.6599479604835086,-0.4552299818846053,1.3551339312724708,Phenylalanine HB,Phenylalanine HB,61,Phenylalanine,49,A
777,H,-3.918979,-0.249577,11.625834,65,['770'],,"0.020699, 0.020212, -0.022287",-1.8268755575864104,1.797386128852977,2.347750443173689,Phenylalanine HD,Phenylalanine HD,61,Phenylalanine,49,A
778,H,-2.045577,-0.815354,7.742937,65,['771'],,"0.097568, 0.014723, -0.039553",1.7616124034976175,-0.5936019162750812,2.906819402383281,Phenylalanine HD,Phenylalanine HD,61,Phenylalanine,49,A
779,H,-6.139992,-0.615568,10.596927,67,['772'],,"0.010850, 0.028337, 0.061941",-1.0855801407452617,3.3155535673970338,4.156381557141898,Phenylalanine HE,Phenylalanine HE,61,Phenylalanine,49,A
780,H,-4.266467,-1.173291,6.729049,67,['773'],,"0.020082, -0.031502, -0.027913",2.4863100116508323,0.9249548017837312,4.711601670522144,Phenylalanine HE,Phenylalanine HE,61,Phenylalanine,49,A
781,H,-6.338728,-1.058722,8.145029,69,['774'],,"0.072419, 0.041149, 0.018536",1.0589153347777538,2.886088416884129,5.366498951352994,Phenylalanine HZ,Phenylalanine HZ,61,Phenylalanine,49,A
782,N,0.342949,-2.205487,8.790142,7,"['764', '783', '786']",,"0.155336, 0.385092, -0.049477",-0.5221674077338179,-0.8880955066275116,-1.0212669938138443,Alanine N,Threonine N,62,Threonine,50,A
783,CA,0.722701,-2.960033,7.610817,8,"['782', '784', '787', '788']",,"-0.403838, 0.388374, -0.040886",0.0,0.0,0.0,Alanine CA,Threonine CA,62,Threonine,50,A
784,C,1.286465,-4.324853,7.990492,9,"['783', '785', '796']",,"0.163773, 0.278270, 0.044891",1.5247021301621504,0.0,0.0,Alanine C,Threonine C,62,Threonine,50,A
785,O,0.866152,-5.333815,7.426286,11,['784'],,"0.116602, 0.306508, 0.075511",2.131954686147977,1.0696915812970018,2.775557561562892e-17,Alanine O,Threonine O,62,Threonine,50,A
786,HN,0.852915,-1.317441,8.90674,10,['782'],,"0.173298, 0.311611, 0.022369",-1.0994953373225211,-1.6598613617090976,-0.6560875317366219,Alanine HN,Threonine HN,62,Threonine,50,A
787,H,-0.198459,-3.164282,7.013066,12,['783'],,"-0.249013, -0.111940, -0.221575",-0.3066204393216668,1.043951142875755,-0.2524075574950015,Alanine HA,Threonine HA,62,Threonine,50,A
788,C,1.719313,-2.181878,6.696892,37,"['783', '789', '790', '791']",,"0.283054, 0.062742, -0.616189",-0.5556377190978953,-0.3280977593243517,1.4204359097249082,Threonine CB,Threonine CB,62,Threonine,50,A
789,OH,1.024105,-1.02939,6.235397,39,"['788', '792']",,"0.154997, 0.041659, -0.021644",-1.959249602928217,-0.1017582060182663,1.3641822466219713,Threonine OG1,Threonine OG1,62,Threonine,50,A
790,C,2.166009,-2.966886,5.447668,41,"['788', '793', '794', '795']",,"0.092355, -0.035830, -0.144510",0.0011442275592641,0.579643816598245,2.5350365439765774,Threonine CG2,Threonine CG2,62,Threonine,50,A
791,H,2.61078,-1.859716,7.290091,38,['788'],,"0.027690, 0.000874, 0.017945",-0.3666783902076289,-1.4024044805772224,1.6664974073840235,Threonine HB,Threonine HB,62,Threonine,50,A
792,HO,1.637568,-0.482217,5.746527,40,['789'],,"0.177092, 0.232381, -0.241119",-2.343951640640737,-0.3826696020552196,2.1935326857937394,Threonine HG1,Threonine HG1,62,Threonine,50,A
793,H,2.752244,-2.316597,4.75909,42,['790'],,"0.023356, 0.050580, 0.002984",-0.5356590472567533,0.4038510132339254,3.4950501143296817,Threonine HG2,Threonine HG2,62,Threonine,50,A
794,H,1.301641,-3.372097,4.879879,42,['790'],,"0.001251, 0.035315, 0.039950",-0.0971272772434903,1.6567516590055258,2.282264414115442,Threonine HG2,Threonine HG2,62,Threonine,50,A
795,H,2.822011,-3.823791,5.718094,42,['790'],,"0.004308, 0.026293, 0.011070",1.0780925394261676,0.3761298536727446,2.726137106420503,Threonine HG2,Threonine HG2,62,Threonine,50,A
796,N,2.214862,-4.360161,8.981073,7,"['784', '797', '800']",,"0.174031, 0.284794, 0.092728",-0.5294259921615108,-0.7168381197354046,-1.1503304140806714,Alanine N,Lysine N,63,Lysine,51,A
797,CA,2.801396,-5.574438,9.527807,8,"['796', '798', '801', '802']",,"0.478191, 0.390660, -0.159847",0.0,0.0,0.0,Alanine CA,Lysine CA,63,Lysine,51,A
798,C,1.724059,-6.576018,9.937818,9,"['797', '799', '818']",,"0.046724, 0.276017, 0.146657",1.5270646771142349,1.6653345369377348e-16,5.551115123125783e-17,Alanine C,Lysine C,63,Lysine,51,A
799,O,1.705671,-7.703537,9.446666,11,['798'],,"0.077298, 0.364088, 0.202941",2.147688573604968,1.0619291313989168,6.245004513516506e-17,Alanine O,Lysine O,63,Lysine,51,A
800,HN,2.598738,-3.480305,9.353611,10,['796'],,"0.144825, 0.236585, 0.146376",-1.2773087307840905,-1.3929020230018456,-0.9408049179554174,Alanine HN,Lysine HN,63,Lysine,51,A
801,H,3.376327,-6.073861,8.711334,12,['797'],,"0.128459, -0.213177, -0.229801",-0.2972665587863907,1.0716724248031688,-0.0987317292606121,Alanine HA,Lysine HA,63,Lysine,51,A
802,C,3.766206,-5.269333,10.71146,182,"['797', '803', '807', '808']",,"0.230863, 0.059906, 0.211877",-0.5629766961224048,-0.5590856684267804,1.3399486096551931,Lysine CB,Lysine CB,63,Lysine,51,A
803,C,4.330646,-6.516016,11.423505,184,"['802', '804', '809', '810']",,"-0.043215, -0.047031, -0.000217",0.0476765128282488,0.0686130425930189,2.609954942197024,Lysine CG,Lysine CG,63,Lysine,51,A
804,C,5.372974,-6.177788,12.517354,186,"['803', '805', '811', '812']",,"-0.296159, 0.230876, -0.161539",-0.6158257039552026,-0.4266983684808203,3.918306152213847,Lysine CD,Lysine CD,63,Lysine,51,A
805,C,6.016194,-7.452359,13.099546,188,"['804', '806', '813', '814']",,"0.197918, 0.048467, 0.071794",-0.077325106386546,0.3314731157299322,5.148104442281316,Lysine CE,Lysine CE,63,Lysine,51,A
806,N,7.148477,-7.196866,13.97153,190,"['805', '815', '816', '817']",,"0.081293, -0.081479, 0.093308",-0.8095953463086429,0.0652539309506941,6.37309636175422,Lysine NZ,Lysine NZ,63,Lysine,51,A
807,H,3.24769,-4.630804,11.465117,183,['802'],,"-0.012515, 0.035569, 0.013546",-0.4136141578375001,-1.6639401978072126,1.379499852500778,Lysine HB,Lysine HB,63,Lysine,51,A
808,H,4.615772,-4.656685,10.328957,183,['802'],,"-0.003835, 0.034556, -0.001295",-1.6668692374000764,-0.4022248018345137,1.3549296347351305,Lysine HB,Lysine HB,63,Lysine,51,A
809,H,4.791154,-7.192379,10.664928,185,['803'],,"0.026282, -0.053622, 0.027725",-0.0372678709604782,1.179270432597234,2.5451613896336727,Lysine HG,Lysine HG,63,Lysine,51,A
810,H,3.50169,-7.099831,11.892579,185,['803'],,"-0.032684, -0.041605, 0.062806",1.1413616217275775,-0.1532929134509264,2.661423873418536,Lysine HG,Lysine HG,63,Lysine,51,A
811,H,4.891506,-5.589904,13.337281,187,['804'],,"-0.072727, 0.049248, 0.112277",-0.4415897811547318,-1.52360858121658,4.045306727845853,Lysine HD,Lysine HD,63,Lysine,51,A
812,H,6.16625,-5.519341,12.086575,187,['804'],,"0.068196, 0.069075, -0.078427",-1.7230067462382737,-0.2932405757534519,3.849393395809031,Lysine HD,Lysine HD,63,Lysine,51,A
813,H,6.379123,-8.091253,12.262055,189,['805'],,"-0.033126, -0.155700, -0.034965",-0.1391914512571069,1.4270478229126875,4.955276037444847,Lysine HE,Lysine HE,63,Lysine,51,A
814,H,5.267912,-8.073,13.642052,189,['805'],,"0.029931, -0.025009, -0.008411",1.0033147316709177,0.1209318675387192,5.31340382417436,Lysine HE,Lysine HE,63,Lysine,51,A
815,HN,7.762478,-8.00878,13.936345,191,['806'],,"0.176680, -0.175357, -0.009452",-0.7196943789131862,0.8804163366325128,6.977139095380236,Lysine HN,Lysine HN,63,Lysine,51,A
816,HN,6.90159,-7.078034,14.953188,191,['806'],,"0.053596, -0.039648, 0.160340",-0.4497865367464151,-0.7209518433935558,6.91267468313692,Lysine HN,Lysine HN,63,Lysine,51,A
817,HN,7.71282,-6.405708,13.68091,191,['806'],,"-0.027391, -0.084301, 0.004052",-1.8046763299920392,-0.068571557235479,6.228948654049877,Lysine HN,Lysine HN,63,Lysine,51,A
818,N,0.807781,-6.166657,10.846185,7,"['798', '819', '822']",,"0.128964, 0.284157, 0.226956",-0.5568909790030665,-1.0596469340959345,-0.8243925219712351,Alanine N,Lysine N,64,Lysine,52,A
819,CA,-0.275937,-7.001401,11.337469,8,"['818', '820', '823', '824']",,"0.449598, 0.100645, 0.457207",0.0,0.0,0.0,Alanine CA,Lysine CA,64,Lysine,52,A
820,C,-1.206473,-7.473323,10.217794,9,"['819', '821', '840']",,"0.174660, 0.208903, 0.043182",1.5304508247588358,1.1102230246251563e-16,1.1102230246251563e-16,Alanine C,Lysine C,64,Lysine,52,A
821,O,-1.677054,-8.609562,10.243812,11,['820'],,"0.087926, 0.272218, 0.061100",2.147900940330439,1.063916271981313,2.220446049250313e-16,Alanine O,Lysine O,64,Lysine,52,A
822,HN,0.883699,-5.225906,11.25797,10,['818'],,"0.025351, 0.344404, 0.167298",-1.1943965293684258,-1.7178771580422327,-0.3546452298162233,Alanine HN,Lysine HN,64,Lysine,52,A
823,H,0.179262,-7.940536,11.742022,12,['819'],,"0.124827, -0.377250, 0.119361",-0.2831508614706958,0.9758578114477,-0.4694368212229486,Alanine HA,Lysine HA,64,Lysine,52,A
824,C,-1.052312,-6.280073,12.48259,182,"['819', '825', '829', '830']",,"0.015685, 0.092360, 0.141140",-0.588146320371215,-0.0576256905429278,1.444000524402,Lysine CB,Lysine CB,64,Lysine,52,A
825,C,-2.294394,-7.019018,13.043628,184,"['824', '826', '831', '832']",,"0.213005, -0.124225, -0.183319",-0.015539751499529,0.9623412379008351,2.461527048557017,Lysine CG,Lysine CG,64,Lysine,52,A
826,C,-2.654155,-6.533879,14.47046,186,"['825', '827', '833', '834']",,"0.681410, -0.058461, -0.075916",-0.9902625591382967,1.203928730161081,3.641437347909557,Lysine CD,Lysine CD,64,Lysine,52,A
827,C,-3.972556,-7.124547,15.010144,188,"['826', '828', '835', '836']",,"0.015732, 0.218138, -0.097670",-0.4013523376850711,2.089311647458875,4.75840222815699,Lysine CE,Lysine CE,64,Lysine,52,A
828,N,-5.147632,-6.413165,14.512887,190,"['827', '837', '838', '839']",,"-0.062561, 0.110152, 0.080513",0.4575448674663178,1.3386930458036508,5.671090447419893,Lysine NZ,Lysine NZ,64,Lysine,52,A
829,H,-1.356477,-5.260004,12.145827,183,['824'],,"0.015509, 0.036263, -0.020125",-0.471377725813359,-1.088504361589465,1.856457420406064,Lysine HB,Lysine HB,64,Lysine,52,A
830,H,-0.318117,-6.114984,13.309926,183,['824'],,"0.075426, -0.000684, -0.010797",-1.6907308778619172,0.1014449218624362,1.3450795120031371,Lysine HB,Lysine HB,64,Lysine,52,A
831,H,-2.068663,-8.11379,13.080419,185,['825'],,"0.057725, -0.119683, -0.003875",0.157874645584952,1.931947999899421,1.9317875201126664,Lysine HG,Lysine HG,64,Lysine,52,A
832,H,-3.137734,-6.90082,12.323541,185,['825'],,"0.098382, -0.004481, -0.052439",0.987590424637244,0.6093440393171393,2.7974455474356423,Lysine HG,Lysine HG,64,Lysine,52,A
833,H,-2.67716,-5.419242,14.517787,187,['826'],,"0.096110, 0.050691, -0.000148",-1.354603308503351,0.236301154795653,4.0611246248998585,Lysine HD,Lysine HD,64,Lysine,52,A
834,H,-1.82679,-6.843183,15.154705,187,['826'],,"0.139030, -0.080738, 0.057370",-1.8985292954746584,1.7121577332900295,3.2350534853984465,Lysine HD,Lysine HD,64,Lysine,52,A
835,H,-3.993871,-7.081492,16.12411,189,['827'],,"-0.107697, 0.054102, 0.041155",-1.2166442031500209,2.5531591332153383,5.361206504410976,Lysine HE,Lysine HE,64,Lysine,52,A
836,H,-4.051145,-8.201954,14.735239,189,['827'],,"-0.031232, 0.041720, -0.014016",0.1797746096463779,2.930735908912552,4.3147227076499375,Lysine HE,Lysine HE,64,Lysine,52,A
837,HN,-5.960181,-7.018593,14.463766,191,['828'],,"0.040030, 0.050894, 0.045949",1.1742098048894674,1.927553432794672,6.08197562034179,Lysine HN,Lysine HN,64,Lysine,52,A
838,HN,-5.002245,-6.005094,13.594419,191,['828'],,"0.045062, 0.007533, 0.044856",0.9152662961286115,0.5504736940068929,5.223380569228173,Lysine HN,Lysine HN,64,Lysine,52,A
839,HN,-5.409964,-5.661206,15.149144,191,['828'],,"-0.089332, 0.048158, 0.204402",-0.0803082071992542,0.9793554553951118,6.458919078624787,Lysine HN,Lysine HN,64,Lysine,52,A
840,N,-1.500194,-6.604739,9.219577,7,"['820', '841', '844']",,"0.070711, 0.299815, 0.085450",-0.5816092811071332,-1.1047619062481595,-0.7430079064733923,Alanine N,Methionine N,65,Methionine,53,A
841,CA,-2.372676,-6.937424,8.106507,8,"['840', '842', '845', '846']",,"-0.187831, 0.308980, 0.405920",0.0,0.0,0.0,Alanine CA,Methionine CA,65,Methionine,53,A
842,C,-1.787602,-7.996313,7.162597,9,"['841', '843', '857']",,"0.136870, 0.086862, 0.084349",1.5344456940201567,2.775557561562892e-17,0.0,Alanine C,Methionine C,65,Methionine,53,A
843,O,-2.54614,-8.794759,6.618142,11,['842'],,"0.095205, 0.056171, 0.113203",2.1311310946831368,1.0739151232851976,-2.220446049250313e-16,Alanine O,Methionine O,65,Methionine,53,A
844,HN,-1.124611,-5.646916,9.23189,10,['840'],,"0.089132, 0.276568, 0.022073",-1.1069499676341674,-1.7965341524843843,-0.1915485502162035,Alanine HN,Methionine HN,65,Methionine,53,A
845,H,-3.284884,-7.428831,8.529588,12,['841'],,"-0.250792, -0.259599, 0.082807",-0.2689662494328581,0.9446240507121156,-0.5366044790683877,Alanine HA,Methionine HA,65,Methionine,53,A
846,C,-2.810848,-5.654011,7.334627,175,"['841', '847', '850', '851']",,"-0.074843, 0.066134, -0.095513",-0.5779088211077155,0.0677128169914178,1.4478876798474318,Methionine CB,Methionine CB,65,Methionine,53,A
847,C,-3.813672,-5.900411,6.190181,177,"['846', '848', '852', '853']",,"0.222491, -0.026674, 0.195137",-0.0862407044554938,1.2662669089821057,2.2832655186317967,Methionine CG,Methionine CG,65,Methionine,53,A
848,S,-4.610784,-4.343787,5.697305,179,"['847', '849']",,"0.183120, -0.409874, 0.095294",-1.1611767274714586,1.519086674925792,3.726174830288909,Methionine SD,Methionine SD,65,Methionine,53,A
849,C,-5.697615,-4.957476,4.391354,180,"['848', '854', '855', '856']",,"0.061769, -0.053840, -0.046674",-0.3487320874980191,2.953704554078994,4.464503397713602,Methionine CE,Methionine CE,65,Methionine,53,A
850,H,-1.903235,-5.145426,6.928697,176,['846'],,"0.142129, 0.014959, 0.020675",-0.3330991845979817,-0.8817107496326606,1.9825486545826247,Methionine HB,Methionine HB,65,Methionine,53,A
851,H,-3.254195,-4.944118,8.072697,176,['846'],,"0.058139, 0.040041, 0.101680",-1.6908581759856776,0.0972487175511657,1.372235034071804,Methionine HB,Methionine HB,65,Methionine,53,A
852,H,-4.588584,-6.631724,6.515781,178,['847'],,"0.006863, -0.075768, -0.035971",-0.0773375990394865,2.187314779325789,1.6564368123951438,Methionine HG,Methionine HG,65,Methionine,53,A
853,H,-3.294609,-6.371701,5.326185,178,['847'],,"0.000354, -0.077071, 0.000478",0.9683867308056604,1.1020982123036884,2.5976527987663296,Methionine HG,Methionine HG,65,Methionine,53,A
854,H,-6.246582,-4.099823,3.948736,181,['849'],,"0.038586, 0.004658, -0.041709",-0.8776228086605107,3.222058795315653,5.403175191100682,Methionine HE,Methionine HE,65,Methionine,53,A
855,H,-6.416954,-5.690078,4.815542,181,['849'],,"0.055272, -0.027548, -0.020201",-0.3783959864325896,3.807904128016258,3.754888792695924,Methionine HE,Methionine HE,65,Methionine,53,A
856,H,-5.100538,-5.443277,3.589884,181,['849'],,"-0.006140, -0.034629, -0.062321",0.7071926140416087,2.7128007551393787,4.713192160557664,Methionine HE,Methionine HE,65,Methionine,53,A
857,N,-0.450209,-7.992405,6.924303,7,"['842', '858', '861']",,"0.133154, 0.266170, 0.049432",-0.5723715830560526,-1.00846314727582,-0.8825192416233516,Alanine N,Valine N,66,Valine,54,A
858,CA,0.212706,-8.940722,6.038478,8,"['857', '859', '862', '863']",,"-0.280166, 0.345350, -0.313348",0.0,0.0,0.0,Alanine CA,Valine CA,66,Valine,54,A
859,C,0.564501,-10.26478,6.728155,9,"['858', '860', '873']",,"0.078343, 0.245470, 0.116404",1.5338004021768947,-1.1102230246251563e-16,0.0,Alanine C,Valine C,66,Valine,54,A
860,O,0.39789,-11.327441,6.129963,11,['859'],,"0.044301, 0.215070, 0.093607",2.1439532071186345,1.0689035736340895,6.938893903907228e-18,Alanine O,Valine O,66,Valine,54,A
861,HN,0.161151,-7.298532,7.374156,10,['857'],,"0.139776, 0.251331, 0.106259",-0.8288596093954989,-1.898920132883994,-0.4365497802651775,Alanine HN,Valine HN,66,Valine,54,A
862,H,-0.530385,-9.251715,5.260849,12,['858'],,"-0.258253, -0.192695, -0.233426",-0.2516336311010335,1.0038264498714105,-0.4273414515448616,Alanine HA,Valine HA,66,Valine,54,A
863,C,1.442924,-8.360717,5.249719,15,"['858', '864', '865', '866']",,"0.084172, 0.064470, -0.085518",-0.5731936558206782,0.0002324775638574,1.4640464017616068,Valine CB,Valine CB,66,Valine,54,A
864,C,0.990845,-7.168413,4.365628,17,"['863', '867', '868', '869']",,"-0.046162, -0.005758, 0.115320",-2.103677026872283,0.2537551200595718,1.4335821995809448,Valine CG,Valine CG,66,Valine,54,A
865,C,2.621572,-7.910478,6.148581,17,"['863', '870', '871', '872']",,"-0.036474, -0.009443, 0.061849",-0.2873517886196042,-1.297290008714494,2.260669891640012,Valine CG,Valine CG,66,Valine,54,A
866,H,1.811782,-9.171006,4.571221,16,['863'],,"-0.029771, -0.005168, 0.027065",-0.0941954975966526,0.854581501302176,2.005925109356188,Valine HB,Valine HB,66,Valine,54,A
867,H,1.814779,-6.799995,3.715028,18,['864'],,"-0.032457, 0.001453, 0.034038",-2.5252799903323364,0.3638174688595903,2.4573090379799014,Valine HG,Valine HG,66,Valine,54,A
868,H,0.637349,-6.305744,4.975451,18,['864'],,"-0.006363, 0.033977, 0.085762",-2.6552488074965988,-0.5752032377854254,0.9339444020877536,Valine HG,Valine HG,66,Valine,54,A
869,H,0.153672,-7.46454,3.694138,18,['864'],,"0.014835, -0.001731, 0.027860",-2.341996928458045,1.1904685634919776,0.8811148235675214,Valine HG,Valine HG,66,Valine,54,A
870,H,3.478959,-7.537848,5.545393,18,['865'],,"-0.033880, -0.017396, 0.021611",-0.6835990201944638,-1.2376362442612492,3.298567241029062,Valine HG,Valine HG,66,Valine,54,A
871,H,3.012154,-8.747863,6.76566,18,['865'],,"-0.004840, -0.014720, 0.017162",0.802579009501414,-1.4931682302074665,2.351427849098465,Valine HG,Valine HG,66,Valine,54,A
872,H,2.338991,-7.098451,6.85035,18,['865'],,"-0.039517, 0.059268, 0.046080",-0.7375977846878432,-2.196250484468424,1.7907037165722863,Valine HG,Valine HG,66,Valine,54,A
873,N,1.057273,-10.21724,7.99031,7,"['859', '874', '877']",,"0.137543, 0.214978, 0.108982",-0.5736331205955353,-1.1316845958533468,-0.712929363649077,Alanine N,Glutamate N,67,Glutamate,55,A
874,CA,1.39944,-11.38728,8.78527,8,"['873', '875', '878', '879']",,"0.556889, 0.202214, -0.072315",0.0,0.0,0.0,Alanine CA,Glutamate CA,67,Glutamate,55,A
875,C,0.176799,-12.216257,9.198186,9,"['874', '876', '888']",,"0.098553, 0.203061, 0.038135",1.5338036068760563,-3.122502256758253e-17,5.551115123125783e-17,Alanine C,Glutamate C,67,Glutamate,55,A
876,O,0.25903,-13.439311,9.325121,11,['875'],,"0.121715, 0.232069, -0.039943",2.1634527561005705,1.0593759801802405,0.0,Alanine O,Glutamate O,67,Glutamate,55,A
877,HN,1.203675,-9.307656,8.446089,10,['873'],,"0.064770, 0.296672, 0.170400",-1.0592382256734951,-1.8272038749597328,-0.1324539465859962,Alanine HN,Glutamate HN,67,Glutamate,55,A
878,H,2.004715,-12.079372,8.148188,12,['874'],,"0.146421, -0.336150, -0.209956",-0.2799361212727265,0.936052745174444,-0.544668397349405,Alanine HA,Glutamate HA,67,Glutamate,55,A
879,C,2.205681,-11.027778,10.064994,153,"['874', '880', '884', '885']",,"0.435981, 0.117105, 0.195831",-0.4924644024598643,0.0935732019507795,1.471625843224944,Glutamate CB,Glutamate CB,67,Glutamate,55,A
880,C,3.608671,-10.422181,9.834452,155,"['879', '881', '886', '887']",,"-0.615856, -0.217884, -0.394555",-2.000202127787743,0.371825088158593,1.6654843475983927,Glutamate CG,Glutamate CG,67,Glutamate,55,A
881,C,4.394535,-10.173493,11.106356,157,"['880', '882', '883']",,"-0.169966, -0.073732, -0.505693",-2.41863683745906,0.5468146349208398,3.1116720205240824,Glutamate CD,Glutamate CD,67,Glutamate,55,A
882,O,3.825071,-10.304327,12.221733,158,['881'],,"0.074955, -0.096814, -0.820619",-1.593716740191194,0.2970068140649338,4.029591145907033,Glutamate OE,Glutamate OE,67,Glutamate,55,A
883,O,5.625634,-9.877773,11.000021,158,['881'],,"-0.475437, 0.145086, -0.489408",-3.588437590120863,0.9835050990193276,3.3466823097952627,Glutamate OE,Glutamate OE,67,Glutamate,55,A
884,H,2.334744,-11.963233,10.658615,154,['879'],,"-0.053822, -0.050726, -0.000471",0.0700512736802295,0.920370052396564,1.9656929326212984,Glutamate HB,Glutamate HB,67,Glutamate,55,A
885,H,1.604308,-10.339689,10.706155,154,['879'],,"-0.048065, -0.017180, 0.028698",-0.2123770661867567,-0.8371563094538187,2.0207133095096816,Glutamate HB,Glutamate HB,67,Glutamate,55,A
886,H,3.535834,-9.467798,9.268076,156,['880'],,"-0.066124, 0.128831, -0.078963",-2.6104326435421847,-0.4408356041924876,1.213671079329819,Glutamate HG,Glutamate HG,67,Glutamate,55,A
887,H,4.211956,-11.114859,9.207529,156,['880'],,"0.031743, -0.081887, -0.104470",-2.2755003347120417,1.3068605776798738,1.1300335268520194,Glutamate HG,Glutamate HG,67,Glutamate,55,A
888,N,-0.989813,-11.552598,9.385988,7,"['875', '889', '892']",,"0.109661, 0.234359, 0.163696",-0.5823727798634168,-1.2722366788750166,0.4042728092368108,Alanine N,Asparagine N,68,Asparagine,56,A
889,CA,-2.25487,-12.20244,9.699862,8,"['888', '890', '893', '894']",,"0.146740, 0.204543, 0.416563",0.0,0.0,0.0,Alanine CA,Asparagine CA,68,Asparagine,56,A
890,C,-3.089974,-12.553414,8.458568,9,"['889', '891', '902']",,"0.300036, 0.044792, 0.012723",1.5366822163114924,2.220446049250313e-16,0.0,Alanine C,Asparagine C,68,Asparagine,56,A
891,O,-4.303798,-12.802857,8.566107,11,['890'],,"0.458784, -0.013036, -0.246845",2.166434913023794,1.0726447178491032,2.775557561562892e-17,Alanine O,Asparagine O,68,Asparagine,56,A
892,HN,-1.026911,-10.525239,9.340161,10,['888'],,"0.006964, 0.227485, 0.025873",-0.759840070394436,-1.3695706343875371,1.4132199596415616,Alanine HN,Asparagine HN,68,Asparagine,56,A
893,H,-2.04083,-13.189346,10.18043,12,['889'],,"0.138396, -0.371310, 0.110191",-0.2791035675140915,0.1993352759735517,-1.064475844448082,Alanine HA,Asparagine HA,68,Asparagine,56,A
894,C,-3.103396,-11.351204,10.687199,147,"['889', '895', '898', '899']",,"-0.274865, 0.054074, 0.089154",-0.5308382778034625,1.1728957515463487,0.8729030477459567,Asparagine CB,Asparagine CB,68,Asparagine,56,A
895,C,-2.504798,-11.218953,12.080214,149,"['894', '896', '897']",,"-0.123796, 0.142944, -0.169276",-2.011592973811968,1.473769836646876,0.6908563559504707,Asparagine CG,Asparagine CG,68,Asparagine,56,A
896,O,-1.336434,-11.52852,12.313983,150,['895'],,"-0.066453, 0.231531, -0.078688",-2.764664445844559,0.6891849187050494,0.1139127071468086,Asparagine OD1,Asparagine OD1,68,Asparagine,56,A
897,N,-3.368822,-10.88649,13.062031,151,"['895', '900', '901']",,"-0.097479, -0.031561, -0.007782",-2.4110636744864697,2.7071641255687706,1.0652831549265525,Asparagine ND2,Asparagine ND2,68,Asparagine,56,A
898,H,-4.100391,-11.836966,10.778923,148,['894'],,"-0.083752, -0.069081, -0.032586",0.0478291163871326,2.0835355267085145,0.6004029750151989,Asparagine HB,Asparagine HB,68,Asparagine,56,A
899,H,-3.293384,-10.335986,10.271444,148,['894'],,"0.046349, 0.046657, -0.018471",-0.3236264027586006,0.9884645599174876,1.951171855644872,Asparagine HB,Asparagine HB,68,Asparagine,56,A
900,HN,-4.37986,-10.854825,12.865288,152,['897'],,"-0.101722, -0.136502, -0.038855",-1.7099270437326193,3.4125452593855545,1.3350111638327231,Asparagine HD2,Asparagine HD2,68,Asparagine,56,A
901,HN,-3.015814,-10.83377,14.025824,152,['897'],,"0.010582, -0.035389, -0.019423",-3.39347382684551,2.968835633319704,0.91465345039839,Asparagine HD2,Asparagine HD2,68,Asparagine,56,A
902,N,-2.475444,-12.531273,7.24677,7,"['890', '903', '906']",,"0.222745, 0.088779, -0.083715",-0.4507452721167655,0.7921654572676675,1.1272632301278565,Alanine N,Alanine N,69,Alanine,57,A
903,CA,-3.123309,-12.876752,5.996836,8,"['902', '904', '907', '908']",,"-0.005010, 0.774721, -0.073571",0.0,0.0,0.0,Alanine CA,Alanine CA,69,Alanine,57,A
904,C,-2.81725,-14.343885,5.6922,9,"['903', '905', '912']",,"-0.397385, 0.229842, 0.010427",1.5293640651153018,-6.938893903907228e-18,5.551115123125783e-17,Alanine C,Alanine C,69,Alanine,57,A
905,O,-1.658627,-14.773339,5.63954,11,['904'],,"-0.450084, -0.032313, 0.142270",2.183698299013725,1.0495035875086671,5.551115123125783e-17,Alanine O,Alanine O,69,Alanine,57,A
906,HN,-1.45859,-12.404659,7.153567,10,['902'],,"0.212560, 0.025704, -0.022689",-0.3501474266845853,1.804890913181866,0.9756809555744592,Alanine HN,Alanine HN,69,Alanine,57,A
907,H,-4.225342,-12.73193,6.109771,12,['903'],,"-0.480269, 0.012296, 0.038528",-0.3819655066166068,-1.0433973077679983,0.1167427466509687,Alanine HA,Alanine HA,69,Alanine,57,A
908,C,-2.608402,-11.995247,4.835701,13,"['903', '909', '910', '911']",,"0.058425, 0.167231, -0.184172",-0.5113037828131813,0.5847775941045654,-1.336794067541147,Alanine CB,Alanine CB,69,Alanine,57,A
909,H,-3.202572,-12.176801,3.912011,14,['908'],,"-0.027455, -0.054440, 0.036893",-0.2720526954898943,-0.0996970532211315,-2.1814575711323627,Alanine HB,Alanine HB,69,Alanine,57,A
910,H,-1.541975,-12.216349,4.60502,14,['908'],,"0.088285, -0.029160, 0.037465",-0.0398337284800842,1.5701850431975997,-1.5513972167098045,Alanine HB,Alanine HB,69,Alanine,57,A
911,H,-2.675598,-10.914253,5.086553,14,['908'],,"0.028534, 0.006633, 0.093594",-1.611726173417161,0.7417490891783414,-1.3162863044323498,Alanine HB,Alanine HB,69,Alanine,57,A
912,N,-3.871453,-15.119501,5.35811,7,"['904', '913', '916']",,"-0.357846, 0.224000, 0.153070",-0.5680333601054793,-1.2022282729864453,-0.5691094616752619,Alanine N,Lysine N,70,Lysine,58,A
913,CA,-3.750087,-16.455374,4.817172,8,"['912', '914', '917', '918']",,"-0.154273, 0.059188, 0.626888",0.0,0.0,0.0,Alanine CA,Lysine CA,70,Lysine,58,A
914,C,-3.335667,-16.47197,3.340803,9,"['913', '915', '934']",,"-0.204535, 0.331871, 0.224162",1.5335203904014452,0.0,0.0,Alanine C,Lysine C,70,Lysine,58,A
915,O,-2.748734,-17.468699,2.886374,11,['914'],,"-0.199245, 0.417478, -0.067335",2.140413772758993,1.084502274973003,0.0,Alanine O,Lysine O,70,Lysine,58,A
916,HN,-4.788322,-14.668258,5.242844,10,['912'],,"-0.345053, 0.304299, -0.155704",-0.7097220732220488,-1.9855714904877133,0.0819304534882639,Alanine HN,Lysine HN,70,Lysine,58,A
917,H,-2.904061,-16.954482,5.346235,12,['913'],,"0.343761, -0.161455, 0.125526",-0.2753135358366356,0.8489612333534587,-0.6695100653142593,Alanine HA,Lysine HA,70,Lysine,58,A
918,C,-5.050909,-17.298906,4.976551,182,"['913', '919', '923', '924']",,"-0.130675, -0.147249, 0.005894",-0.4958457779749149,0.2819510264665135,1.450422820934616,Lysine CB,Lysine CB,70,Lysine,58,A
919,C,-5.57014,-17.430828,6.424182,184,"['918', '920', '925', '926']",,"-0.046353, 0.121312, -0.107600",-2.0284161174744493,0.3732352646283881,1.6102198795918106,Lysine CG,Lysine CG,70,Lysine,58,A
920,C,-4.457097,-17.75158,7.444471,186,"['919', '921', '927', '928']",,"-0.075046, 0.221286, -0.430775",-2.706419864210949,1.222299010923366,0.5137993931848822,Lysine CD,Lysine CD,70,Lysine,58,A
921,C,-4.964287,-18.471446,8.705129,188,"['920', '922', '929', '930']",,"0.356450, 0.111330, 0.243891",-4.049368537966033,1.832691348483272,0.9481004419144612,Lysine CE,Lysine CE,70,Lysine,58,A
922,N,-3.958241,-18.484636,9.749879,190,"['921', '931', '932', '933']",,"0.214265, 0.153509, 0.238295",-4.783165124717268,2.362150862238715,-0.1854869103800533,Lysine NZ,Lysine NZ,70,Lysine,58,A
923,H,-4.865704,-18.320175,4.562385,183,['918'],,"0.001596, -0.021705, -0.025116",-0.0360126488611885,1.237016532030254,1.804298662712148,Lysine HB,Lysine HB,70,Lysine,58,A
924,H,-5.858247,-16.868647,4.335733,183,['918'],,"0.002636, 0.019322, -0.018205",-0.101741962139908,-0.5024435033248608,2.1410548260043605,Lysine HB,Lysine HB,70,Lysine,58,A
925,H,-6.350111,-18.224593,6.437753,185,['919'],,"-0.004155, 0.013153, -0.018511",-2.243671202209636,0.7954083820051996,2.617213879358933,Lysine HG,Lysine HG,70,Lysine,58,A
926,H,-6.088599,-16.490787,6.73014,185,['919'],,"-0.030217, 0.099069, 0.033280",-2.473253766838486,-0.6505836891152739,1.6090667145937108,Lysine HG,Lysine HG,70,Lysine,58,A
927,H,-3.928362,-16.804363,7.714982,187,['920'],,"0.052741, 0.140112, -0.001786",-2.8342145191875923,0.596060632338204,-0.4035069710040033,Lysine HD,Lysine HD,70,Lysine,58,A
928,H,-3.689185,-18.404024,6.968112,187,['920'],,"0.016671, -0.008887, -0.054192",-2.0332317419031964,2.0604168259324203,0.2194081740406795,Lysine HD,Lysine HD,70,Lysine,58,A
929,H,-5.239314,-19.52078,8.459237,189,['921'],,"0.008308, 0.023654, 0.077085",-3.875607963577946,2.6540501780665453,1.6777452224775198,Lysine HE,Lysine HE,70,Lysine,58,A
930,H,-5.872875,-17.977253,9.119403,189,['921'],,"0.088604, -0.023314, 0.080587",-4.699089248124425,1.0767651375478144,1.4459160548486445,Lysine HE,Lysine HE,70,Lysine,58,A
931,HN,-4.186816,-19.112622,10.512813,191,['922'],,"-0.008155, 0.086875, 0.012586",-5.572640184891113,2.93771581640571,0.0867911608545799,Lysine HN,Lysine HN,70,Lysine,58,A
932,HN,-3.943126,-17.557809,10.167332,191,['922'],,"-0.036599, 0.325153, 0.227090",-5.191006021169433,1.5718245673171591,-0.6779845338257497,Lysine HN,Lysine HN,70,Lysine,58,A
933,HN,-3.01592,-18.680862,9.419047,191,['922'],,"0.111447, 0.060817, 0.022754",-4.207885297956663,2.86917568274809,-0.8547419250424209,Lysine HN,Lysine HN,70,Lysine,58,A
934,N,-3.662273,-15.392229,2.583228,7,"['914', '935', '938']",,"-0.225767, 0.217339, 0.251140",-0.4851977065935174,0.68995667679847,1.180288164950663,Alanine N,Lysine N,71,Lysine,59,A
935,CA,-3.397193,-15.198857,1.170119,8,"['934', '936', '939', '940']",,"-0.430999, -0.539319, 0.349556",0.0,0.0,0.0,Alanine CA,Lysine CA,71,Lysine,59,A
936,C,-2.994114,-13.736235,0.917804,9,"['935', '937', '956']",,"0.138207, -0.312172, -0.064186",1.5379852581705713,6.938893903907227e-17,0.0,Alanine C,Lysine C,71,Lysine,59,A
937,O,-3.749858,-12.798683,1.195689,11,['936'],,"0.308385, -0.232327, -0.162467",2.185940163133957,1.0523912108141589,0.0,Alanine O,Lysine O,71,Lysine,59,A
938,HN,-4.227169,-14.628952,2.995864,10,['934'],,"-0.357610, 0.334937, 0.264631",0.0249331681999435,1.5704773266957943,1.3711221601607733,Alanine HN,Lysine HN,71,Lysine,59,A
939,H,-2.558834,-15.868978,0.85929,12,['935'],,"0.202706, -0.232883, -0.057929",-0.3665717780914341,-1.055416266787547,0.0156291416949716,Alanine HA,Lysine HA,71,Lysine,59,A
940,C,-4.694152,-15.580307,0.387588,182,"['935', '941', '945', '946']",,"-0.212007, -0.126027, -0.021680",-0.574290153110194,0.7385088917073535,-1.2509024554504018,Lysine CB,Lysine CB,71,Lysine,59,A
941,C,-4.6292,-15.364146,-1.139899,184,"['940', '942', '947', '948']",,"0.038692, 0.037193, 0.095705",-0.1011058362327642,0.1897654923428571,-2.61440462241206,Lysine CG,Lysine CG,71,Lysine,59,A
942,C,-5.770261,-16.051787,-1.923965,186,"['941', '943', '949', '950']",,"0.351143, -0.253837, 0.131433",-0.925473275384374,0.6971087211211848,-3.819664352278365,Lysine CD,Lysine CD,71,Lysine,59,A
943,C,-7.190245,-15.517043,-1.63987,188,"['942', '944', '951', '952']",,"-0.085881, 0.091393, -0.283351",-0.8356927151524447,2.2129582104496075,-4.097433053762538,Lysine CE,Lysine CE,71,Lysine,59,A
944,N,-7.787037,-14.862065,-2.787622,190,"['943', '953', '954', '955']",,"0.062382, 0.285751, -0.055429",-0.1809231389954837,2.5188270554043983,-5.354498118537332,Lysine NZ,Lysine NZ,71,Lysine,59,A
945,H,-5.55221,-15.003167,0.807472,183,['940'],,"0.004362, -0.006395, 0.061729",-0.3191970259467551,1.8226699499523404,-1.178937320286994,Lysine HB,Lysine HB,71,Lysine,59,A
946,H,-4.928264,-16.652874,0.59837,183,['940'],,"-0.008747, -0.034600, 0.045639",-1.690236598457496,0.693846348763461,-1.2028791493219295,Lysine HB,Lysine HB,71,Lysine,59,A
947,H,-3.661026,-15.766439,-1.512174,185,['941'],,"0.020372, 0.045808, -0.060574",-0.168870736657734,-0.9204712000069172,-2.590495775082541,Lysine HG,Lysine HG,71,Lysine,59,A
948,H,-4.605498,-14.274997,-1.371758,185,['941'],,"-0.015914, 0.011300, 0.005984",0.9789230924559504,0.4168492958211418,-2.764525854352586,Lysine HG,Lysine HG,71,Lysine,59,A
949,H,-5.759259,-17.142655,-1.706076,187,['942'],,"-0.035827, -0.085320, 0.026108",-1.9957498043876456,0.4338785113118191,-3.668642294758855,Lysine HD,Lysine HD,71,Lysine,59,A
950,H,-5.546998,-15.99417,-3.015044,187,['942'],,"0.121949, -0.017571, -0.126587",-0.6331687074129287,0.1200368116233165,-4.728050570200296,Lysine HD,Lysine HD,71,Lysine,59,A
951,H,-7.204346,-14.799585,-0.788973,189,['943'],,"-0.045507, -0.056938, -0.058719",-0.2966810718756545,2.755063843648566,-3.2883851840786686,Lysine HE,Lysine HE,71,Lysine,59,A
952,H,-7.850826,-16.355361,-1.324959,189,['943'],,"-0.067984, -0.022906, 0.094958",-1.857721658088951,2.652909736835944,-4.11201930881377,Lysine HE,Lysine HE,71,Lysine,59,A
953,HN,-8.775165,-14.694462,-2.633321,191,['944'],,"0.099922, 0.151582, 0.097314",-0.3058178782919357,3.495376856318444,-5.597496676197262,Lysine HN,Lysine HN,71,Lysine,59,A
954,HN,-7.642211,-15.33386,-3.672784,191,['944'],,"0.036511, 0.120707, 0.124795",-0.4464274895974662,1.9242552687317864,-6.131073091639967,Lysine HN,Lysine HN,71,Lysine,59,A
955,HN,-7.377017,-13.933227,-2.870045,191,['944'],,"0.230781, 0.548313, -0.040089",0.8233816135079975,2.411752295596689,-5.221995509189285,Lysine HN,Lysine HN,71,Lysine,59,A
956,N,-1.789842,-13.534988,0.321791,7,"['936', '957', '960']",,"0.140095, -0.094715, 0.047619",-0.4037258072436014,1.0174299198795251,0.9633241205744014,Alanine N,Isoleucine N,72,Isoleucine,60,A
957,CA,-1.313814,-12.253469,-0.185415,8,"['956', '958', '961', '962']",,"0.112394, -0.058213, 0.631667",0.0,0.0,0.0,Alanine CA,Isoleucine CA,72,Isoleucine,60,A
958,C,-1.485677,-12.309536,-1.711977,9,"['957', '959', '975']",,"-0.028404, 0.392885, 0.307550",1.537228655438741,1.0408340855860844e-17,0.0,Alanine C,Isoleucine C,72,Isoleucine,60,A
959,O,-1.173355,-13.318264,-2.359138,11,['958'],,"0.027306, 0.398813, 0.260685",2.181772421824108,1.057571701022094,0.0,Alanine O,Isoleucine O,72,Isoleucine,60,A
960,HN,-1.23306,-14.336345,-0.002337,10,['956'],,"0.052438, -0.075292, -0.106332",-0.1148677089912856,1.9685028587048088,0.7001521967958709,Alanine HN,Isoleucine HN,72,Isoleucine,60,A
961,H,-1.952853,-11.434168,0.225343,12,['957'],,"-0.263775, 0.331796, 0.162475",-0.3663450726822864,-0.9982669938693672,0.3429306101216813,Alanine HA,Isoleucine HA,72,Isoleucine,60,A
962,C,0.184487,-11.962463,0.198436,25,"['957', '963', '964', '966']",,"0.260326, 0.016419, 0.427745",-0.559312165685336,0.2708981690055605,-1.4459308600980252,Isoleucine CB,Isoleucine CB,72,Isoleucine,60,A
963,C,0.397941,-11.881555,1.743154,27,"['962', '965', '967', '968']",,"-0.063912, -0.117370, 0.064960",-2.120126755411551,0.2627514720635873,-1.4912504136121831,Isoleucine CG1,Isoleucine CG1,72,Isoleucine,60,A
964,C,0.7038,-10.658674,-0.469103,29,"['962', '969', '970', '971']",,"-0.014642, -0.015302, 0.025825",-0.0020174262820469,-0.7504711037395511,-2.4761674577475854,Isoleucine CG2,Isoleucine CG2,72,Isoleucine,60,A
965,C,-0.283364,-10.7009,2.456895,31,"['963', '972', '973', '974']",,"-0.006830, -0.033028, 0.095277",-2.795806685939225,-1.0895410937033665,-1.204352530760906,Isoleucine CD,Isoleucine CD,72,Isoleucine,60,A
966,H,0.799813,-12.81347,-0.185963,26,['962'],,"-0.001481, -0.060283, -0.110067",-0.215335658678262,1.2899066796257446,-1.7523674921067456,Isoleucine HB,Isoleucine HB,72,Isoleucine,60,A
967,H,1.491305,-11.83784,1.962299,28,['963'],,"-0.032842, -0.017089, 0.051418",-2.4615842306348377,0.6179493996564008,-2.4925603524392725,Isoleucine HG1,Isoleucine HG1,72,Isoleucine,60,A
968,H,0.056538,-12.828713,2.225701,28,['963'],,"0.000306, -0.067487, 0.134679",-2.526610891540707,1.0177909114660093,-0.7762665084757043,Isoleucine HG1,Isoleucine HG1,72,Isoleucine,60,A
969,H,1.721254,-10.388024,-0.110206,30,['964'],,"-0.005988, 0.009285, 0.016334",-0.4820473488672401,-0.6352097103664791,-3.472940855188323,Isoleucine HG2,Isoleucine HG2,72,Isoleucine,60,A
970,H,0.036676,-9.791842,-0.26635,30,['964'],,"-0.021846, 0.002112, 0.022625",-0.1603944914353844,-1.8018306424823305,-2.1488743900895875,Isoleucine HG2,Isoleucine HG2,72,Isoleucine,60,A
971,H,0.774926,-10.761653,-1.573852,30,['964'],,"-0.019853, 0.005188, 0.035885",1.0908698503433718,-0.621280051038195,-2.634410965703492,Isoleucine HG2,Isoleucine HG2,72,Isoleucine,60,A
972,H,-0.062195,-10.737925,3.54781,32,['965'],,"0.017752, -0.078172, 0.091000",-3.902528360286647,-0.9819767436765408,-1.267433118455893,Isoleucine HD,Isoleucine HD,72,Isoleucine,60,A
973,H,-1.389923,-10.729558,2.350923,32,['965'],,"0.014331, -0.015589, 0.024621",-2.5658108785386067,-1.4643204217184582,-0.1829972790978548,Isoleucine HD,Isoleucine HD,72,Isoleucine,60,A
974,H,0.069685,-9.712387,2.090722,32,['965'],,"-0.008421, -0.042040, 0.011200",-2.507699404695761,-1.879653611087428,-1.9314017848465712,Isoleucine HD,Isoleucine HD,72,Isoleucine,60,A
975,N,-2.003908,-11.212229,-2.304742,7,"['958', '976', '979']",,"-0.114759, 0.184237, 0.215948",-0.4568964365474497,0.9529887265814942,0.9959068903516156,Alanine N,Glutamate N,73,Glutamate,61,A
976,CA,-2.173179,-11.032288,-3.735735,8,"['975', '977', '980', '981']",,"-0.400602, -0.456886, 0.296814",0.0,0.0,0.0,Alanine CA,Glutamate CA,73,Glutamate,61,A
977,C,-1.559111,-9.686221,-4.127806,9,"['976', '978', '990']",,"0.064766, -0.397281, -0.244026",1.5305866673122432,0.0,-2.775557561562892e-17,Alanine C,Glutamate C,73,Glutamate,61,A
978,O,-1.787156,-8.663863,-3.472701,11,['977'],,"0.172714, -0.271660, -0.356990",2.170393335817101,1.0568965844162403,5.551115123125783e-17,Alanine O,Glutamate O,73,Glutamate,61,A
979,HN,-2.29234,-10.410307,-1.722982,10,['975'],,"-0.140457, 0.269038, 0.269149",-0.0163904078218927,1.884869907903309,0.9482779825046042,Alanine HN,Glutamate HN,73,Glutamate,61,A
980,H,-1.6275,-11.842966,-4.279759,12,['976'],,"0.193461, -0.311124, -0.203256",-0.3546658736438993,-1.024431125726984,0.2750990549150547,Alanine HA,Glutamate HA,73,Glutamate,61,A
981,C,-3.678898,-11.040595,-4.131363,153,"['976', '982', '986', '987']",,"-0.337954, -0.378167, -0.001455",-0.5100536836923457,0.3803937249479228,-1.4208891868707112,Glutamate CB,Glutamate CB,73,Glutamate,61,A
982,C,-4.445611,-12.341734,-3.812199,155,"['981', '983', '988', '989']",,"0.660835, 0.233044, -0.042784",-2.043693815004252,0.4134473994115586,-1.5927396533235396,Glutamate CG,Glutamate CG,73,Glutamate,61,A
983,C,-5.952529,-12.240519,-3.944856,157,"['982', '984', '985']",,"0.552032, -0.045472, -0.088224",-2.5252718949089754,1.0458041437499397,-2.883805769153028,Glutamate CD,Glutamate CD,73,Glutamate,61,A
984,O,-6.676349,-12.434245,-2.924115,158,['983'],,"0.673766, 0.684933, -0.034808",-3.247508566390112,2.084496664509414,-2.830426164029185,Glutamate OE,Glutamate OE,73,Glutamate,61,A
985,O,-6.470557,-12.053948,-5.076096,158,['983'],,"0.611719, -0.019979, 0.064796",-2.279249206723504,0.487933207538884,-3.9843140789144735,Glutamate OE,Glutamate OE,73,Glutamate,61,A
986,H,-3.766427,-10.815256,-5.215297,154,['981'],,"0.037628, 0.018129, 0.006986",-0.0693391946268345,-0.32140149593786,-2.1602173374152445,Glutamate HB,Glutamate HB,73,Glutamate,61,A
987,H,-4.182761,-10.199151,-3.612549,154,['981'],,"0.066792, 0.038368, -0.015639",-0.1050965874970519,1.379492268005587,-1.6833501287308814,Glutamate HB,Glutamate HB,73,Glutamate,61,A
988,H,-4.21361,-12.673754,-2.777971,156,['982'],,"0.102188, -0.056119, 0.092846",-2.5075339859804497,0.9640651285505292,-0.7469490689992546,Glutamate HG,Glutamate HG,73,Glutamate,61,A
989,H,-4.08579,-13.158008,-4.483153,156,['982'],,"0.059293, -0.154713, -0.057104",-2.445332833509168,-0.6265347975627158,-1.5372707969808297,Glutamate HG,Glutamate HG,73,Glutamate,61,A
990,N,-0.794607,-9.667465,-5.243982,7,"['977', '991', '994']",,"0.100361, -0.302991, -0.115042",-0.4292581194578578,1.0492661838174038,0.910375559591626,Alanine N,Valine N,74,Valine,62,A
991,CA,-0.260371,-8.469263,-5.870807,8,"['990', '992', '995', '996']",,"0.315656, -0.252346, 0.529098",0.0,0.0,0.0,Alanine CA,Valine CA,74,Valine,62,A
992,C,-1.109608,-8.192641,-7.114267,9,"['991', '993', '1006']",,"0.193246, 0.307360, 0.284270",1.5309852986403882,-5.551115123125783e-17,-1.1102230246251563e-16,Alanine C,Valine C,74,Valine,62,A
993,O,-1.485668,-9.102099,-7.861194,11,['992'],,"0.203671, 0.415236, 0.181920",2.181913706410868,1.050108150930365,-2.220446049250313e-16,Alanine O,Valine O,74,Valine,62,A
994,HN,-0.722994,-10.515022,-5.822184,10,['990'],,"-0.047666, -0.336500, -0.246372",-0.1525071032585028,1.997374524253012,0.6234987695735714,Alanine HN,Valine HN,74,Valine,62,A
995,H,-0.378189,-7.604202,-5.168162,12,['991'],,"-0.067512, 0.295843, 0.271353",-0.3490305513492172,-0.9904319186538446,0.3913360443487486,Alanine HA,Valine HA,74,Valine,62,A
996,C,1.264236,-8.563992,-6.240272,15,"['991', '997', '998', '999']",,"0.243825, 0.002577, 0.043644",-0.5627368546008273,0.147673482144382,-1.4599398101498295,Valine CB,Valine CB,74,Valine,62,A
997,C,2.09975,-9.004542,-5.01412,17,"['996', '1000', '1001', '1002']",,"-0.004220, 0.000020, 0.033482",-2.1016714171536828,0.3117980215728155,-1.4409603070568977,Valine CG,Valine CG,74,Valine,62,A
998,C,1.568035,-9.523765,-7.415802,17,"['996', '1003', '1004', '1005']",,"-0.006836, 0.017467, 0.001845",0.0500925804461394,1.3263650177899076,-2.253951883211446,Valine CG,Valine CG,74,Valine,62,A
999,H,1.596183,-7.534889,-6.531365,16,['996'],,"0.009331, -0.010834, 0.006969",-0.3245024589270697,-0.8030916926145458,-2.0014810230326416,Valine HB,Valine HB,74,Valine,62,A
1000,H,3.192796,-8.96979,-5.224176,18,['997'],,"0.039247, 0.028753, 0.004102",-2.5310979472332686,0.3058615494300449,-2.468402955732873,Valine HG,Valine HG,74,Valine,62,A
1001,H,1.85313,-10.037735,-4.688709,18,['997'],,"-0.021381, 0.010309, -0.000947",-2.4158485993860386,1.2582130614949527,-0.9512738880664232,Valine HG,Valine HG,74,Valine,62,A
1002,H,1.922517,-8.339896,-4.143843,18,['997'],,"0.015794, 0.013323, 0.008387",-2.5901059645337794,-0.5166069819214072,-0.8880364954468905,Valine HG,Valine HG,74,Valine,62,A
1003,H,2.653516,-9.527971,-7.659425,18,['998'],,"0.017234, -0.005064, -0.009585",-0.3549136891108921,1.365616096978564,-3.2893591134006224,Valine HG,Valine HG,74,Valine,62,A
1004,H,1.041441,-9.211437,-8.344353,18,['998'],,"-0.020170, -0.004019, 0.013871",1.1527915630903498,1.221388650610911,-2.3544103125756486,Valine HG,Valine HG,74,Valine,62,A
1005,H,1.259942,-10.570733,-7.197622,18,['998'],,"-0.016756, 0.001439, -0.000676",-0.1453818699752784,2.3094163500950886,-1.7701485974036115,Valine HG,Valine HG,74,Valine,62,A
1006,N,-1.419026,-6.909481,-7.377918,7,"['992', '1007', '1010']",,"0.031463, 0.152609, 0.266383",-0.4313402151565289,0.6016798611725621,1.2492325748154685,Alanine N,Glutamate N,75,Glutamate,63,A
1007,CA,-2.118686,-6.448147,-8.563794,8,"['1006', '1008', '1011', '1012']",,"-0.435032, -0.355073, 0.527433",0.0,0.0,0.0,Alanine CA,Glutamate CA,75,Glutamate,63,A
1008,C,-1.288354,-5.31742,-9.169614,9,"['1007', '1009', '1021']",,"-0.132280, -0.320810, -0.113800",1.5280748185717208,-5.551115123125783e-17,5.551115123125783e-17,Alanine C,Glutamate C,75,Glutamate,63,A
1009,O,-1.106514,-4.2565,-8.562975,11,['1008'],,"-0.055939, -0.233319, -0.364033",2.1714231735029808,1.0548605607037551,4.8301206784229216e-17,Alanine O,Glutamate O,75,Glutamate,63,A
1010,HN,-1.259312,-6.185082,-6.661713,10,['1006'],,"-0.062972, 0.254061, 0.361106",-0.092468169280527,1.5629793261103393,1.405056675185587,Alanine HN,Glutamate HN,75,Glutamate,63,A
1011,H,-2.220588,-7.284485,-9.301145,12,['1007'],,"-0.077767, -0.327820, -0.195306",-0.3819056889606151,-1.049830743940673,-0.0743990515093559,Alanine HA,Glutamate HA,75,Glutamate,63,A
1012,C,-3.519753,-5.948162,-8.134849,153,"['1007', '1013', '1017', '1018']",,"-0.394924, 0.198994, -0.142589",-0.561404241875304,0.8504131803339239,-1.165585797639005,Glutamate CB,Glutamate CB,75,Glutamate,63,A
1013,C,-4.433423,-5.451017,-9.26989,155,"['1012', '1014', '1019', '1020']",,"0.528770, -0.377687, 0.163338",-0.2400087390987835,0.3441471348612489,-2.5835645399347014,Glutamate CG,Glutamate CG,75,Glutamate,63,A
1014,C,-5.657178,-4.701995,-8.779689,157,"['1013', '1015', '1016']",,"0.303143, -0.416675, -0.338986",-0.5450704427670066,1.3544804816454457,-3.672174278197632,Glutamate CD,Glutamate CD,75,Glutamate,63,A
1015,O,-5.549236,-3.895268,-7.826793,158,['1014'],,"0.812228, -0.300171, -0.436945",-0.2672488090397997,2.563008712894112,-3.4912174634126805,Glutamate OE,Glutamate OE,75,Glutamate,63,A
1016,O,-6.767473,-4.885995,-9.34626,158,['1014'],,"0.248734, -0.182081, -0.264535",-1.059919050412637,0.9661994157306498,-4.75466326665129,Glutamate OE,Glutamate OE,75,Glutamate,63,A
1017,H,-3.359633,-5.109612,-7.418212,154,['1012'],,"0.062181, 0.048377, 0.038378",-0.1380147255460466,1.875291473533328,-1.0527190254686434,Glutamate HB,Glutamate HB,75,Glutamate,63,A
1018,H,-4.051285,-6.750351,-7.56884,154,['1012'],,"0.070025, -0.023427, 0.046013",-1.668224629104673,0.9525329109716182,-1.061087769648445,Glutamate HB,Glutamate HB,75,Glutamate,63,A
1019,H,-4.770682,-6.30678,-9.895056,156,['1013'],,"0.060516, -0.121109, -0.068965",-0.8086544578870714,-0.5873845618184335,-2.79756738428688,Glutamate HG,Glutamate HG,75,Glutamate,63,A
1020,H,-3.882483,-4.757029,-9.934182,156,['1013'],,"0.085599, 0.064528, -0.120185",0.8362575803300045,0.0986635783164184,-2.672033303559558,Glutamate HG,Glutamate HG,75,Glutamate,63,A
1021,N,-0.727451,-5.562587,-10.375457,7,"['1008', '1022', '1025']",,"-0.024758, -0.158138, -0.049004",-0.444060994113786,1.1680004681956655,0.7473231745184824,Alanine N,Phenylalanine N,76,Phenylalanine,64,A
1022,CA,0.000856,-4.558318,-11.137638,8,"['1021', '1023', '1026', '1027']",,"0.252680, -0.346625, 0.122811",0.0,0.0,0.0,Alanine CA,Phenylalanine CA,76,Phenylalanine,64,A
1023,C,-1.023625,-3.713691,-11.893966,9,"['1022', '1024', '1041']",,"0.252368, 0.179719, -0.054051",1.5280667956846652,2.775557561562892e-17,0.0,Alanine C,Phenylalanine C,76,Phenylalanine,64,A
1024,O,-2.079072,-4.212362,-12.30186,11,['1023'],,"0.207826, 0.083990, 0.057369",2.1619370317616227,1.0617095530801923,2.220446049250313e-16,Alanine O,Phenylalanine O,76,Phenylalanine,64,A
1025,HN,-0.952684,-6.431054,-10.87667,10,['1021'],,"-0.069781, -0.068216, -0.038458",-0.5250144722086845,2.0407029643851105,0.2106517729364243,Alanine HN,Phenylalanine HN,76,Phenylalanine,64,A
1026,H,0.548102,-3.887346,-10.425485,12,['1022'],,"0.158833, 0.225983, 0.298067",-0.3485078777772861,-0.9246950725331547,0.5294570678242727,Alanine HA,Phenylalanine HA,76,Phenylalanine,64,A
1027,C,1.003131,-5.182948,-12.152799,61,"['1022', '1028', '1034', '1035']",,"0.242177, 0.018943, -0.038730",-0.5147656965640423,-0.005642353540338,-1.4697802930824253,Phenylalanine CB,Phenylalanine CB,76,Phenylalanine,64,A
1028,C,2.13538,-5.886722,-11.435771,63,"['1027', '1029', '1030']",,"-0.004945, 0.119436, 0.151352",-2.0177775215294163,-0.1787914828200036,-1.5186641033364263,Phenylalanine CG,Phenylalanine CG,76,Phenylalanine,64,A
1029,C,2.098606,-7.269967,-11.195566,64,"['1028', '1031', '1036']",,"0.027659, 0.043309, 0.116754",-2.8765917967084023,0.9279102521772108,-1.618997595396409,Phenylalanine CD,Phenylalanine CD,76,Phenylalanine,64,A
1030,C,3.239383,-5.155029,-10.962087,64,"['1028', '1032', '1037']",,"0.058662, 0.194778, 0.135416",-2.5879639222447155,-1.4615146187847206,-1.4287606717324288,Phenylalanine CD,Phenylalanine CD,76,Phenylalanine,64,A
1031,C,3.129506,-7.897126,-10.488771,66,"['1029', '1033', '1038']",,"0.000834, -0.015047, 0.099824",-4.264241696792072,0.7545843401620846,-1.6136800463459364,Phenylalanine CE,Phenylalanine CE,76,Phenylalanine,64,A
1032,C,4.282079,-5.786196,-10.27629,66,"['1030', '1033', '1039']",,"0.063332, 0.154012, 0.067261",-3.975344637464768,-1.6367780187871062,-1.4477803239139877,Phenylalanine CE,Phenylalanine CE,76,Phenylalanine,64,A
1033,C,4.228314,-7.161461,-10.037849,68,"['1031', '1032', '1040']",,"-0.010504, 0.092027, 0.060297",-4.817483435632562,-0.5262116281019802,-1.5402094450399115,Phenylalanine CZ,Phenylalanine CZ,76,Phenylalanine,64,A
1034,H,1.42353,-4.377333,-12.799446,62,['1027'],,"-0.040436, 0.056538, -0.031916",-0.0312589369194423,-0.8421826398211043,-2.0268482896881106,Phenylalanine HB,Phenylalanine HB,76,Phenylalanine,64,A
1035,H,0.473326,-5.877577,-12.841477,62,['1027'],,"-0.028494, 0.067593, 0.023403",-0.2026463549535192,0.925532181347246,-1.992251034387147,Phenylalanine HB,Phenylalanine HB,76,Phenylalanine,64,A
1036,H,1.240993,-7.87447,-11.533954,65,['1029'],,"0.049667, -0.007720, 0.021701",-2.468258215023298,1.950609079201045,-1.6717343813648906,Phenylalanine HD,Phenylalanine HD,76,Phenylalanine,64,A
1037,H,3.292418,-4.063647,-11.104532,65,['1030'],,"0.037904, 0.128305, 0.146700",-1.949763747099854,-2.3531424816724984,-1.3195899350799598,Phenylalanine HD,Phenylalanine HD,76,Phenylalanine,64,A
1038,H,3.06731,-8.972545,-10.271603,67,['1031'],,"0.019783, -0.054688, 0.030560",-4.924461227371539,1.6322601909412506,-1.650443895457471,Phenylalanine HE,Phenylalanine HE,76,Phenylalanine,64,A
1039,H,5.137066,-5.189833,-9.917894,67,['1032'],,"0.096162, 0.114502, -0.006783",-4.396320066582557,-2.6531823433199184,-1.3784894305434394,Phenylalanine HE,Phenylalanine HE,76,Phenylalanine,64,A
1040,H,5.036444,-7.658083,-9.477903,69,['1033'],,"0.019215, 0.002372, 0.030474",-5.910941538073266,-0.6586164487328359,-1.5321241262158265,Phenylalanine HZ,Phenylalanine HZ,76,Phenylalanine,64,A
1041,N,-0.688235,-2.414915,-12.065994,7,"['1023', '1042', '1045']",,"0.102155, 0.046691, -0.048388",-0.4485302112035544,1.38599674757622,-0.0534378389704734,Alanine N,Aspartate N,77,Aspartate,65,A
1042,CA,-1.479853,-1.481115,-12.857436,8,"['1041', '1043', '1046', '1047']",,"-0.121527, 0.283591, 0.587350",0.0,0.0,0.0,Alanine CA,Aspartate CA,77,Aspartate,65,A
1043,C,-0.998153,-1.57125,-14.31947,9,"['1042', '1044', '1053']",,"-0.173438, 0.187538, -0.003442",1.5419800988926553,0.0,-5.551115123125783e-17,Alanine C,Aspartate C,77,Aspartate,65,A
1044,O,-0.119231,-2.365587,-14.655512,11,['1043'],,"-0.075269, 0.163427, 0.052572",2.1815986795937143,1.052277267947456,-1.1102230246251563e-16,Alanine O,Aspartate O,77,Aspartate,65,A
1045,HN,0.238316,-2.069133,-11.778404,10,['1041'],,"0.096742, 0.051194, 0.002217",-0.451976301029108,1.8091366360389844,-0.9924323621076608,Alanine HN,Aspartate HN,77,Aspartate,65,A
1046,H,-2.53276,-1.845787,-12.86018,12,['1042'],,"-0.367375, -0.096169, -0.061563",-0.304999896056856,-0.4178983784092361,0.9868851789834712,Alanine HA,Aspartate HA,77,Aspartate,65,A
1047,C,-1.441983,-0.063921,-12.227931,137,"['1042', '1048', '1051', '1052']",,"0.428855, 0.008145, 0.175454",-0.6678779551691826,-0.833238396750145,-1.1250788091246222,Aspartate CB,Aspartate CB,77,Aspartate,65,A
1048,C,-2.699783,0.760931,-12.446325,139,"['1047', '1049', '1050']",,"0.423754, -0.200687, 0.082558",-0.9019476697415016,-2.294463214953601,-0.7784219174776976,Aspartate CG,Aspartate CG,77,Aspartate,65,A
1049,O,-3.432413,0.47951,-13.430633,140,['1048'],,"0.200806, 0.031675, 0.194273",-0.181088967281437,-2.8177923031839978,0.1111263563695036,Aspartate OD,Aspartate OD,77,Aspartate,65,A
1050,O,-3.010495,1.634127,-11.596649,140,['1048'],,"0.245792, -0.151537, -0.382107",-1.855676381221052,-2.904765975128468,-1.3251344490319847,Aspartate OD,Aspartate OD,77,Aspartate,65,A
1051,H,-0.568754,0.491871,-12.630676,138,['1047'],,"0.248324, 0.093925, -0.116810",-0.045713647472248,-0.7729829726301259,-2.0431844821395044,Aspartate HB,Aspartate HB,77,Aspartate,65,A
1052,H,-1.273088,-0.136391,-11.131933,138,['1047'],,"0.100345, -0.080189, 0.073021",-1.650055050755312,-0.390457289781335,-1.397589510100694,Aspartate HB,Aspartate HB,77,Aspartate,65,A
1053,N,-1.64599,-0.788708,-15.218405,7,"['1043', '1054', '1057']",,"-0.283466, 0.156438, 0.113555",-0.5960692920684757,-1.1793248940280605,-0.6025228897757228,Alanine N,Lysine N,78,Lysine,66,A
1054,CA,-1.38745,-0.744742,-16.646818,8,"['1053', '1055', '1058', '1059']",,"-0.430863, -0.089698, 0.132512",0.0,0.0,0.0,Alanine CA,Lysine CA,78,Lysine,66,A
1055,C,0.042232,-0.33028,-17.015192,9,"['1054', '1056', '1075']",,"-0.029568, 0.061899, 0.330465",1.533449958245785,0.0,0.0,Alanine C,Lysine C,78,Lysine,66,A
1056,O,0.530948,-0.721056,-18.080792,11,['1055'],,"0.024895, -0.070279, 0.345609",2.13945995237893,1.0769421794333929,0.0,Alanine O,Lysine O,78,Lysine,66,A
1057,HN,-2.387152,-0.164455,-14.879951,10,['1053'],,"-0.274199, 0.224016, 0.279114",-1.1996589119428835,-1.7374199061830344,0.0121099734496399,Alanine HN,Lysine HN,78,Lysine,66,A
1058,H,-1.474182,-1.788685,-17.031937,12,['1054'],,"0.053785, -0.276688, -0.127302",-0.2705051144013363,0.8727229565303407,-0.6409662202188667,Alanine HA,Lysine HA,78,Lysine,66,A
1059,C,-2.391492,0.208425,-17.394464,182,"['1054', '1060', '1064', '1065']",,"0.044987, 0.178646, -0.096302",-0.4988724423463614,0.2189969808031763,1.4760653161820003,Lysine CB,Lysine CB,78,Lysine,66,A
1060,C,-3.340107,-0.529228,-18.365744,184,"['1059', '1061', '1066', '1067']",,"0.235887, 0.106806, 0.000383",-1.3493420793783435,1.4957998160859538,1.660084666617084,Lysine CG,Lysine CG,78,Lysine,66,A
1061,C,-4.700403,-0.870785,-17.718186,186,"['1060', '1062', '1068', '1069']",,"0.462348, 0.266421, 0.067868",-2.865463698735001,1.214838499284589,1.566096747129592,Lysine CD,Lysine CD,78,Lysine,66,A
1062,C,-5.482903,-1.896098,-18.558761,188,"['1061', '1063', '1070', '1071']",,"-0.284459, 0.035174, 0.108760",-3.670206924896547,2.5163443994344843,1.3969516602481775,Lysine CE,Lysine CE,78,Lysine,66,A
1063,N,-6.894931,-1.944785,-18.217794,190,"['1062', '1072', '1073', '1074']",,"-0.231096, 0.128781, -0.157424",-5.081751718066161,2.3501524239258487,1.700881777206482,Lysine NZ,Lysine NZ,78,Lysine,66,A
1064,H,-1.804785,0.947378,-17.996178,183,['1059'],,"0.033194, 0.114444, -0.019986",0.3924042251097392,0.3109535156656366,2.146517607995846,Lysine HB,Lysine HB,78,Lysine,66,A
1065,H,-2.953615,0.859186,-16.683934,183,['1059'],,"0.040470, 0.056737, -0.000046",-1.0177561550136027,-0.6832913272339204,1.8772641809089723,Lysine HB,Lysine HB,78,Lysine,66,A
1066,H,-2.835565,-1.440448,-18.765329,185,['1060'],,"0.032071, -0.003210, -0.023139",-1.029236898146649,2.270652456949952,0.924089593071266,Lysine HG,Lysine HG,78,Lysine,66,A
1067,H,-3.515211,0.121686,-19.256781,185,['1060'],,"0.031527, 0.050161, -0.032526",-1.122617403226717,1.9342206717496504,2.66242216273506,Lysine HG,Lysine HG,78,Lysine,66,A
1068,H,-5.289564,0.070486,-17.593134,187,['1061'],,"-0.009666, 0.107040, 0.025410",-3.1903896725946184,0.6650359578230318,2.4830918719693003,Lysine HD,Lysine HD,78,Lysine,66,A
1069,H,-4.54695,-1.275501,-16.690557,187,['1061'],,"0.046876, 0.029957, 0.037006",-3.0786445817068624,0.5344830495775125,0.7087551590241149,Lysine HD,Lysine HD,78,Lysine,66,A
1070,H,-5.049393,-2.915991,-18.444345,189,['1062'],,"-0.038601, -0.105591, -0.082755",-3.5691754756230214,2.913083640134742,0.3608077060838569,Lysine HE,Lysine HE,78,Lysine,66,A
1071,H,-5.4091,-1.654072,-19.642851,189,['1062'],,"-0.048214, -0.096280, 0.067090",-3.2755569612222835,3.3126129948871066,2.067386090787668,Lysine HE,Lysine HE,78,Lysine,66,A
1072,HN,-7.377733,-2.558303,-18.8673,191,['1063'],,"0.068580, -0.129091, -0.124817",-5.5416768034878,3.2551479364675058,1.672382836114561,Lysine HN,Lysine HN,78,Lysine,66,A
1073,HN,-7.314103,-1.01571,-18.290514,191,['1063'],,"-0.257495, 0.415822, -0.042506",-5.203978219404627,1.963543588331708,2.638841270052576,Lysine HN,Lysine HN,78,Lysine,66,A
1074,HN,-7.089817,-2.282112,-17.28569,191,['1063'],,"-0.020917, 0.126283, -0.229471",-5.578538133642102,1.7413759150696937,1.0659153652561149,Lysine HN,Lysine HN,78,Lysine,66,A
1075,N,0.622798,0.614297,-16.24377,1,"['1055', '1076', '1079']",,"-0.160337, 0.165666, 0.271409",-0.6139851461898422,1.0883253026878636,-0.7179892148644067,Glycine N,Glycine N,79,Glycine,67,A
1076,CA,1.937565,1.174685,-16.428949,2,"['1075', '1077', '1080', '1081']",,"-0.685056, 0.030406, -0.255680",0.0,0.0,0.0,Glycine CA,Glycine CA,79,Glycine,67,A
1077,C,3.071157,0.413857,-15.74532,3,"['1076', '1078', '1082']",,"-0.150039, 0.520861, -0.109022",1.5268394407039003,1.249000902703301e-16,0.0,Glycine C,Glycine C,79,Glycine,67,A
1078,O,3.069554,-0.815532,-15.607893,5,['1077'],,"-0.173639, 0.370192, 0.209179",2.199788724896684,1.0379910038932998,0.0,Glycine O,Glycine O,79,Glycine,67,A
1079,HN,0.133637,1.033576,-15.440158,4,['1075'],,"-0.111300, 0.187806, 0.229012",-0.8262771021970613,0.8365185352797668,-1.6938944805578118,Glycine HN,Glycine HN,79,Glycine,67,A
1080,H,2.180719,1.22157,-17.515998,6,['1076'],,"0.051597, 0.001598, -0.191932",-0.3295514898416751,0.0138265910685069,1.0649893146245917,Glycine HA,Glycine HA,79,Glycine,67,A
1081,H,1.9237,2.23267,-16.082101,6,['1076'],,"-0.025564, 0.170012, 0.034466",-0.3821924543676814,-0.9593440339544108,-0.4164324505781039,Glycine HA,Glycine HA,79,Glycine,67,A
1082,N,4.132986,1.199801,-15.424477,7,"['1077', '1083', '1086']",,"-0.029829, 0.322317, -0.159242",-0.5089478511632934,0.5976828520424315,1.227007922299889,Alanine N,Glutamine N,80,Glutamine,68,A
1083,CA,5.417136,0.849197,-14.833007,8,"['1082', '1084', '1087', '1088']",,"-0.157111, 0.501375, -0.478446",0.0,0.0,0.0,Alanine CA,Glutamine CA,80,Glutamine,68,A
1084,C,5.217872,-0.093192,-13.638816,9,"['1083', '1085', '1099']",,"0.153717, -0.054956, -0.341567",1.5342409567919897,1.1102230246251563e-16,-5.551115123125783e-17,Alanine C,Glutamine C,80,Glutamine,68,A
1085,O,4.614413,0.273422,-12.625128,11,['1084'],,"0.201773, -0.280268, -0.186832",2.17644238895698,1.0553242494827058,-1.1102230246251563e-16,Alanine O,Glutamine O,80,Glutamine,68,A
1086,HN,4.133757,2.146073,-15.833078,10,['1082'],,"0.065804, 0.327446, -0.227331",-1.4083226117147292,1.0807923088374267,1.0851757592891895,Alanine HN,Glutamine HN,80,Glutamine,68,A
1087,H,6.03715,0.363506,-15.625674,12,['1083'],,"0.193265, -0.089647, -0.281620",-0.3991761584663735,-1.0417458657674783,-0.0637026391477992,Alanine HA,Glutamine HA,80,Glutamine,68,A
1088,C,6.104614,2.162035,-14.32482,167,"['1083', '1089', '1093', '1094']",,"0.459322, 0.078673, 0.135985",-0.5001309351442591,0.8554412267586702,-1.2134714652476788,Glutamine CB,Glutamine CB,80,Glutamine,68,A
1089,C,7.626865,2.068626,-14.105408,169,"['1088', '1090', '1095', '1096']",,"-0.030847, 0.060421, 0.204615",-0.4696809420566782,0.144758390258997,-2.5802624799429554,Glutamine CG,Glutamine CG,80,Glutamine,68,A
1090,C,8.430085,2.673539,-15.248868,171,"['1089', '1091', '1092']",,"0.137627, 0.036738, 0.176928",-1.8355849213630533,-0.3715444924186895,-3.011911098871268,Glutamine CD,Glutamine CD,80,Glutamine,68,A
1091,O,8.074221,2.512661,-16.41377,172,['1090'],,"0.180101, -0.078229, 0.438020",-2.597261200092742,-0.8793773933573273,-2.192476795141713,Glutamine OE1,Glutamine OE1,80,Glutamine,68,A
1092,N,9.495976,3.427065,-14.905422,173,"['1090', '1097', '1098']",,"0.099344, 0.048565, 0.051022",-2.16954041471876,-0.1861555476926485,-4.306509445503887,Glutamine NE2,Glutamine NE2,80,Glutamine,68,A
1093,H,5.613256,2.509512,-13.38617,168,['1088'],,"-0.052212, -0.061873, -0.033727",0.0808591864940155,1.8051871401132504,-1.2740515842473847,Glutamine HB,Glutamine HB,80,Glutamine,68,A
1094,H,5.917864,2.980577,-15.053238,168,['1088'],,"-0.021926, -0.011196, -0.078779",-1.5456268447502453,1.1831275374779715,-1.0262834962103369,Glutamine HB,Glutamine HB,80,Glutamine,68,A
1095,H,7.968635,1.018179,-13.984374,170,['1089'],,"0.194891, -0.030918, 0.066825",0.2253630465529779,-0.7222929362383421,-2.585804409371009,Glutamine HG,Glutamine HG,80,Glutamine,68,A
1096,H,7.886935,2.572159,-13.146938,170,['1089'],,"0.064595, -0.000733, 0.097429",-0.0667131447129514,0.8464040752552853,-3.3452179785956777,Glutamine HG,Glutamine HG,80,Glutamine,68,A
1097,HN,9.742661,3.565695,-13.918574,174,['1092'],,"-0.012288, -0.013647, 0.026395",-1.518608650293571,0.2727423500016818,-4.954306712234023,Glutamine HE2,Glutamine HE2,80,Glutamine,68,A
1098,HN,10.053907,3.865097,-15.649662,174,['1092'],,"0.040605, 0.022974, -0.007020",-3.090345458292849,-0.5075588123662622,-4.631886495356305,Glutamine HE2,Glutamine HE2,80,Glutamine,68,A
1099,N,5.76508,-1.328066,-13.734076,7,"['1084', '1100', '1103']",,"-0.062854, -0.039169, -0.371548",-0.6100498180057934,-1.2975980813319463,-0.2327731238088941,Alanine N,Arginine N,81,Arginine,69,A
1100,CA,5.704388,-2.352281,-12.705774,8,"['1099', '1101', '1104', '1105']",,"-0.436159, -0.018457, -0.307843",0.0,0.0,0.0,Alanine CA,Arginine CA,81,Arginine,69,A
1101,C,6.874378,-2.337254,-11.710391,9,"['1100', '1102', '1123']",,"-0.014566, 0.141027, -0.294003",1.5361932585186024,0.0,-5.551115123125783e-17,Alanine C,Arginine C,81,Arginine,69,A
1102,O,6.811268,-3.042667,-10.698254,11,['1101'],,"0.103559, 0.076105, -0.385121",2.137045819419762,1.079346042516725,-1.1102230246251563e-16,Alanine O,Arginine O,81,Arginine,69,A
1103,HN,6.264038,-1.599215,-14.590865,10,['1099'],,"0.150704, -0.177639, -0.321813",-0.7878476889933217,-1.8540227386457413,0.6130092207050649,Alanine HN,Arginine HN,81,Arginine,69,A
1104,H,4.806128,-2.158414,-12.066904,12,['1100'],,"-0.291846, 0.116713, 0.286829",-0.2682746057474698,0.6742511733403049,-0.8520706598335974,Alanine HA,Arginine HA,81,Arginine,69,A
1105,C,5.578452,-3.781346,-13.326512,202,"['1100', '1106', '1112', '1113']",,"0.069411, -0.168500, 0.031490",-0.5121038441528042,0.6443307628051689,1.328905502988015,Arginine CB,Arginine CB,81,Arginine,69,A
1106,C,4.329489,-3.985637,-14.216503,204,"['1105', '1107', '1114', '1115']",,"0.204470, 0.490252, 0.208780",-2.0420064132126345,0.8679704746180951,1.3846798395180415,Arginine CG,Arginine CG,81,Arginine,69,A
1107,C,4.145094,-5.44136,-14.682704,206,"['1106', '1108', '1116', '1117']",,"0.351361, 0.348009, 0.081056",-2.4987614482077984,1.647244419081842,2.631508335599792,Arginine CD,Arginine CD,81,Arginine,69,A
1108,N,2.821324,-5.635079,-15.262893,208,"['1107', '1109', '1118']",,"0.234925, 0.076023, 0.157806",-3.884797308795594,2.078771890107708,2.4929371463263035,Arginine NE,Arginine NE,81,Arginine,69,A
1109,C,2.054176,-6.728916,-15.115062,210,"['1108', '1110', '1111']",,"-0.059990, 0.048826, 0.007843",-4.38398197100762,3.255024090468191,2.9101839260543088,Arginine CZ,Arginine CZ,81,Arginine,69,A
1110,N,2.45149,-7.854165,-14.502444,211,"['1109', '1119', '1120']",,"-0.031201, 0.041442, 0.023426",-3.6954398055179705,4.158378315278815,3.623770200712543,Arginine NH,Arginine NH,81,Arginine,69,A
1111,N,0.836507,-6.706229,-15.671717,211,"['1109', '1121', '1122']",,"-0.069848, 0.048115, -0.017710",-5.671843734919952,3.506331171212137,2.643062023591086,Arginine NH,Arginine NH,81,Arginine,69,A
1112,H,5.564757,-4.518479,-12.488413,203,['1105'],,"0.029750, 0.019321, 0.086268",0.013305040308998,1.6203154652983731,1.4606701080337383,Arginine HB,Arginine HB,81,Arginine,69,A
1113,H,6.507864,-4.009531,-13.89966,203,['1105'],,"0.101464, 0.007108, -0.034066",-0.1778542102908809,0.0155893351765988,2.1875876847757576,Arginine HB,Arginine HB,81,Arginine,69,A
1114,H,4.403093,-3.310382,-15.101555,205,['1106'],,"0.049317, 0.135490, -0.075332",-2.552816306251556,-0.1232327219196245,1.3487162066096183,Arginine HG,Arginine HG,81,Arginine,69,A
1115,H,3.436614,-3.634408,-13.649343,205,['1106'],,"-0.027514, 0.057176, 0.002325",-2.3511052054081545,1.3945432678345262,0.4522437442420622,Arginine HG,Arginine HG,81,Arginine,69,A
1116,H,4.298182,-6.113582,-13.810659,207,['1107'],,"0.172798, 0.107812, 0.195712",-1.8236974797842955,2.5195761948821387,2.769735491102652,Arginine HD,Arginine HD,81,Arginine,69,A
1117,H,4.927935,-5.698267,-15.434322,207,['1107'],,"0.166338, 0.020707, -0.108696",-2.392064052227126,1.0051617858000017,3.537111125780344,Arginine HD,Arginine HD,81,Arginine,69,A
1118,HN,2.468906,-4.825021,-15.795557,209,['1108'],,"-0.047386, 0.065446, -0.011736",-4.490422596764358,1.4076045784359823,1.9960711711377188,Arginine HE,Arginine HE,81,Arginine,69,A
1119,HN,3.378224,-7.897399,-14.060195,212,['1110'],,"-0.022362, 0.042022, 0.012492",-2.703489760652865,3.994957596825136,3.8373540034345615,Arginine HH,Arginine HH,81,Arginine,69,A
1120,HN,1.830414,-8.672732,-14.428102,212,['1110'],,"-0.022843, -0.024139, 0.009680",-4.128298463682007,5.040349800004345,3.933727853324114,Arginine HH,Arginine HH,81,Arginine,69,A
1121,HN,0.492847,-5.861908,-16.147871,212,['1111'],,"-0.067534, 0.000596, -0.010182",-6.233847730138334,2.84096701549354,2.0961206848714253,Arginine HH,Arginine HH,81,Arginine,69,A
1122,HN,0.191205,-7.503165,-15.593455,212,['1111'],,"-0.055890, 0.053664, -0.042723",-6.120401737687452,4.387997547769786,2.924321189743828,Arginine HH,Arginine HH,81,Arginine,69,A
1123,N,7.944918,-1.549467,-11.960687,7,"['1101', '1124', '1127']",,"0.073491, 0.041307, -0.184108",-0.455674560104852,1.104198450817124,0.836976921293719,Alanine N,Threonine N,82,Threonine,70,A
1124,CA,9.114814,-1.416577,-11.099811,8,"['1123', '1125', '1128', '1129']",,"-0.417855, -0.322136, -0.002090",0.0,0.0,0.0,Alanine CA,Threonine CA,82,Threonine,70,A
1125,C,9.600628,0.040985,-11.170905,9,"['1124', '1126', '1137']",,"0.165761, -0.162577, 0.348357",1.538036600109373,0.0,-1.3877787807814457e-17,Alanine C,Threonine C,82,Threonine,70,A
1126,O,9.54587,0.652913,-12.240065,11,['1125'],,"0.159354, -0.037645, 0.196333",2.150071227566912,1.0705003671839224,5.551115123125783e-17,Alanine O,Threonine O,82,Threonine,70,A
1127,HN,7.987845,-0.943193,-12.789628,10,['1123'],,"0.028526, 0.146532, -0.133170",0.1707534539953875,1.918322751605392,0.8003212545770371,Alanine HN,Threonine HN,82,Threonine,70,A
1128,H,8.822938,-1.644739,-10.048008,12,['1124'],,"-0.040065, -0.119714, 0.481841",-0.3570361007995183,-0.9618524574399984,0.4369257617393545,Alanine HA,Threonine HA,82,Threonine,70,A
1129,C,10.226575,-2.408867,-11.562803,37,"['1124', '1130', '1131', '1132']",,"0.616194, 0.010253, 0.194257",-0.5678013027881776,0.1629506602064502,-1.444320712368042,Threonine CB,Threonine CB,82,Threonine,70,A
1130,OH,9.744743,-3.742785,-11.374779,39,"['1129', '1133']",,"0.247531, 0.281903, -0.129077",-1.9928104977996244,0.052020866125211,-1.3819051178269055,Threonine OG1,Threonine OG1,82,Threonine,70,A
1131,C,11.537528,-2.294747,-10.7702,41,"['1129', '1134', '1135', '1136']",,"0.287780, 0.049258, 0.137636",-0.0822036398672245,-0.9081129137652936,-2.4326821788845088,Threonine CG2,Threonine CG2,82,Threonine,70,A
1132,H,10.427072,-2.249926,-12.649883,38,['1129'],,"-0.019215, 0.038762, 0.013266",-0.3035972670122397,1.1782161388836436,-1.8272521033195768,Threonine HB,Threonine HB,82,Threonine,70,A
1133,HO,10.293832,-4.302733,-11.915387,40,['1130'],,"0.040817, -0.030329, -0.046807",-2.3250326426703407,0.4337237064689273,-2.188892658263585,Threonine HG1,Threonine HG1,82,Threonine,70,A
1134,H,12.33109,-2.927053,-11.2273,42,['1131'],,"0.013226, 0.042028, -0.030520",-0.4096370709495464,-0.6664184426776826,-3.4684732129909723,Threonine HG2,Threonine HG2,82,Threonine,70,A
1135,H,11.41483,-2.614459,-9.712548,42,['1131'],,"-0.065442, -0.055813, -0.000634",-0.4728323021248549,-1.917587553214204,-2.179169820636812,Threonine HG2,Threonine HG2,82,Threonine,70,A
1136,H,11.940274,-1.25634,-10.774847,42,['1131'],,"0.048895, 0.114401, -0.040492",1.029299560170038,-0.965967454598,-2.474257666686359,Threonine HG2,Threonine HG2,82,Threonine,70,A
1137,N,10.028636,0.62448,-10.022657,7,"['1125', '1138', '1141']",,"0.040377, -0.255282, 0.226243",-0.5173779061738328,1.3703592316523043,0.0569694183442901,Alanine N,Aspartate N,83,Aspartate,71,A
1138,CA,10.500194,2.008905,-9.92361,8,"['1137', '1139', '1142', '1143']",,"-0.639992, -0.229851, 0.345439",0.0,0.0,0.0,Alanine CA,Aspartate CA,83,Aspartate,71,A
1139,C,12.017956,2.082368,-10.1508,9,"['1138', '1140', '1149']",,"-0.253444, 0.054349, 0.059753",1.5364288454442,6.938893903907228e-18,0.0,Alanine C,Aspartate C,83,Aspartate,71,A
1140,O,12.701618,1.076575,-10.338442,11,['1139'],,"-0.185191, 0.149918, -0.124138",2.191439991745637,1.041721271491505,0.0,Alanine O,Aspartate O,83,Aspartate,71,A
1141,HN,10.153485,0.050083,-9.175494,10,['1137'],,"0.037262, -0.259920, 0.301845",-0.5467790860442495,1.872771685026886,-0.8429870429889019,Alanine HN,Aspartate HN,83,Aspartate,71,A
1142,H,10.033224,2.598681,-10.751018,12,['1138'],,"-0.141471, 0.121586, -0.316920",-0.3107490364735793,-0.5314681164057313,0.9335295319993292,Alanine HA,Aspartate HA,83,Aspartate,71,A
1143,C,10.078555,2.634051,-8.563293,137,"['1138', '1144', '1147', '1148']",,"-0.413401, 0.277662, -0.324580",-0.58777402756254,-0.7557492750655321,-1.2257300004025498,Aspartate CB,Aspartate CB,83,Aspartate,71,A
1144,C,10.726607,2.10959,-7.305665,139,"['1143', '1145', '1146']",,"-0.213046, 0.103632, -0.372269",-0.1586362137184008,-0.3204372037238503,-2.605223769465059,Aspartate CG,Aspartate CG,83,Aspartate,71,A
1145,O,11.623598,1.227705,-7.38112,140,['1144'],,"-0.239907, 0.157118, -0.081861",0.6964476788631463,0.5956441833125551,-2.738016439835242,Aspartate OD,Aspartate OD,83,Aspartate,71,A
1146,O,10.363945,2.600548,-6.202173,140,['1144'],,"-0.154796, 0.032744, -0.812726",-0.6565894411903892,-0.9181372762006276,-3.597723283159391,Aspartate OD,Aspartate OD,83,Aspartate,71,A
1147,H,8.977276,2.52309,-8.446756,138,['1143'],,"-0.160417, -0.029634, -0.084485",-1.6982107338440748,-0.6941374224000236,-1.1828003756110412,Aspartate HB,Aspartate HB,83,Aspartate,71,A
1148,H,10.246879,3.735523,-8.588994,138,['1143'],,"-0.065241, 0.088672, -0.046307",-0.3650287832065889,-1.844192188380884,-1.1367881220133538,Aspartate HB,Aspartate HB,83,Aspartate,71,A
1149,N,12.564289,3.329363,-10.082569,7,"['1139', '1150', '1153']",,"-0.090673, 0.080459, -0.079900",-0.6531254724013553,-1.2851997044282717,-0.2095424097980889,Alanine N,Lysine N,84,Lysine,72,A
1150,CA,13.983705,3.63132,-10.210238,8,"['1149', '1151', '1154', '1155']",,"-0.125066, 0.216817, -0.451689",0.0,0.0,0.0,Alanine CA,Lysine CA,84,Lysine,72,A
1151,C,14.918181,3.017216,-9.151395,9,"['1150', '1152', '1171']",,"-0.126271, -0.054706, 0.018773",1.539973251729068,0.0,0.0,Alanine C,Lysine C,84,Lysine,72,A
1152,O,16.135439,3.099204,-9.313449,11,['1151'],,"-0.124123, -0.037122, 0.001782",2.1345027239169907,1.0776062714757892,5.551115123125783e-17,Alanine O,Lysine O,84,Lysine,72,A
1153,HN,11.949809,4.143944,-9.958899,10,['1149'],,"-0.027696, 0.059810, 0.016040",-1.265803093934483,-1.5979123834098632,0.5541715794267164,Alanine HN,Lysine HN,84,Lysine,72,A
1154,H,14.327154,3.145865,-11.160423,12,['1150'],,"0.158578, -0.199399, -0.270797",-0.2513238658375677,0.6325736047017353,-0.8905965730599414,Alanine HA,Lysine HA,84,Lysine,72,A
1155,C,14.237909,5.172016,-10.353755,182,"['1150', '1156', '1160', '1161']",,"0.205619, 0.135757, -0.155567",-0.5588162061547293,0.7342576460784871,1.2678923945805156,Lysine CB,Lysine CB,84,Lysine,72,A
1156,C,14.076819,6.045819,-9.078848,184,"['1155', '1157', '1162', '1163']",,"0.046114, -0.145213, -0.018418",-0.1284284085064072,0.1895979168787158,2.658209499625784,Lysine CG,Lysine CG,84,Lysine,72,A
1157,C,14.027188,7.572683,-9.387101,186,"['1156', '1158', '1164', '1165']",,"0.089201, -0.401529, -0.293277",-0.9793677336016104,0.765534555089662,3.8299586521489646,Lysine CD,Lysine CD,84,Lysine,72,A
1158,C,14.01403,8.469337,-8.12138,188,"['1157', '1159', '1166', '1167']",,"-0.053635, 0.279763, -0.198366",-0.4746413192263661,0.350084400302886,5.236679517864886,Lysine CE,Lysine CE,84,Lysine,72,A
1159,N,13.5991,9.852367,-8.364467,190,"['1158', '1168', '1169', '1170']",,"0.075091, 0.252995, -0.041214",-1.4450850256108994,0.5585702015549576,6.313156576972013,Lysine NZ,Lysine NZ,84,Lysine,72,A
1160,H,13.592285,5.565305,-11.175245,183,['1155'],,"0.061927, 0.021255, -0.059523",-1.6722572449680886,0.7727255487024274,1.196326477057275,Lysine HB,Lysine HB,84,Lysine,72,A
1161,H,15.280168,5.302815,-10.735108,183,['1155'],,"0.058235, -0.043706, -0.018074",-0.2407269945018635,1.803394354614462,1.2000081992039822,Lysine HB,Lysine HB,84,Lysine,72,A
1162,H,14.919668,5.819208,-8.382155,185,['1156'],,"0.031376, -0.054478, 0.036904",0.9524172412463694,0.423346393437697,2.8139735824172107,Lysine HG,Lysine HG,84,Lysine,72,A
1163,H,13.151945,5.749543,-8.529716,185,['1156'],,"0.039344, -0.001653, 0.040396",-0.1939384457299302,-0.924113809957177,2.666692541956663,Lysine HG,Lysine HG,84,Lysine,72,A
1164,H,13.119912,7.777449,-10.005218,187,['1157'],,"-0.053798, 0.011302, -0.142942",-2.036570593354548,0.43248710225142,3.693763982248957,Lysine HD,Lysine HD,84,Lysine,72,A
1165,H,14.893878,7.861425,-10.030292,187,['1157'],,"0.086753, 0.050943, -0.068059",-1.010832501373775,1.8805959212048624,3.767779239709257,Lysine HD,Lysine HD,84,Lysine,72,A
1166,H,15.012322,8.474251,-7.626684,189,['1158'],,"-0.040947, 0.060917, 0.014790",0.4693150793875931,0.8829362057784185,5.494265363736177,Lysine HE,Lysine HE,84,Lysine,72,A
1167,H,13.305946,8.038335,-7.377095,189,['1158'],,"0.049348, 0.071695, 0.002360",-0.2206930704240528,-0.7345900455508257,5.226806842078578,Lysine HE,Lysine HE,84,Lysine,72,A
1168,HN,13.285212,10.298448,-7.502885,191,['1159'],,"-0.061195, 0.034738, 0.028489",-1.2210427312875318,-0.015231160652255,7.125803194458648,Lysine HN,Lysine HN,84,Lysine,72,A
1169,HN,12.817831,9.904628,-9.009782,191,['1159'],,"0.063274, 0.015638, 0.001098",-2.383710477780314,0.2949258618885922,6.032055466322041,Lysine HN,Lysine HN,84,Lysine,72,A
1170,HN,14.324715,10.46059,-8.75582,191,['1159'],,"0.152551, 0.331113, -0.135565",-1.5164003935289412,1.5226951195366945,6.652253579890681,Lysine HN,Lysine HN,84,Lysine,72,A
1171,N,14.386952,2.414006,-8.055188,7,"['1151', '1172', '1175']",,"-0.216192, 0.119717, 0.021106",-0.6111483128790858,-1.3200905518854875,-0.0950964927256258,Alanine N,Tyrosine N,85,Tyrosine,73,A
1172,CA,15.160353,1.743128,-7.017422,8,"['1171', '1173', '1176', '1177']",,"-0.023897, 0.562246, 0.183827",0.0,0.0,0.0,Alanine CA,Tyrosine CA,85,Tyrosine,73,A
1173,C,15.147886,0.210164,-7.095172,9,"['1172', '1174', '1192']",,"-0.218023, 0.338273, -0.253820",1.5349850533099665,0.0,0.0,Alanine C,Tyrosine C,85,Tyrosine,73,A
1174,O,15.838664,-0.457226,-6.30292,11,['1173'],,"-0.381250, 0.097021, -0.467336",2.155756779770277,1.0793003995716322,-1.1102230246251563e-16,Alanine O,Tyrosine O,85,Tyrosine,73,A
1175,HN,13.369907,2.293511,-7.937096,10,['1171'],,"-0.303052, -0.100174, 0.062680",-0.4885332139312822,-1.880353956476026,0.7615923378894587,Alanine HN,Tyrosine HN,85,Tyrosine,73,A
1176,H,16.238027,2.018612,-7.130636,12,['1172'],,"0.380314, 0.084799, -0.119620",-0.2781395342667139,0.5962615828021861,-0.9039914925927808,Alanine HA,Tyrosine HA,85,Tyrosine,73,A
1177,C,14.660738,2.168755,-5.603102,70,"['1172', '1178', '1185', '1186']",,"-0.016402, 0.045035, 0.258851",-0.4926468479887508,0.7385680847682307,1.2817530265548571,Tyrosine CB,Tyrosine CB,85,Tyrosine,73,A
1178,C,14.794521,3.661666,-5.392671,72,"['1177', '1179', '1180']",,"-0.042233, -0.129984, -0.047005",-1.995337506859432,0.9197991268549072,1.2755527122098638,Tyrosine CG,Tyrosine CG,85,Tyrosine,73,A
1179,C,13.67057,4.501135,-5.323673,73,"['1178', '1181', '1187']",,"-0.048603, -0.111304, 0.004521",-2.828067474322431,0.2109558641095201,2.156936173885623,Tyrosine CD,Tyrosine CD,85,Tyrosine,73,A
1180,C,16.07138,4.233796,-5.261222,73,"['1178', '1182', '1188']",,"-0.030597, -0.094660, 0.030925",-2.5837428807589355,1.818157377207588,0.3690693685286578,Tyrosine CD,Tyrosine CD,85,Tyrosine,73,A
1181,C,13.820796,5.878199,-5.125146,75,"['1179', '1183', '1189']",,"-0.019638, -0.136888, 0.037937",-4.214594251829902,0.3987943076135039,2.1335632130601194,Tyrosine CE,Tyrosine CE,85,Tyrosine,73,A
1182,C,16.225174,5.610723,-5.079892,75,"['1180', '1183', '1190']",,"-0.020846, -0.097515, -0.005003",-3.9692907558603134,1.9951777905771424,0.3318943000347605,Tyrosine CE,Tyrosine CE,85,Tyrosine,73,A
1183,C,15.098933,6.440145,-5.01256,77,"['1181', '1182', '1184']",,"-0.012946, -0.056820, 0.015876",-4.791883966483599,1.28402829486169,1.214220796842564,Tyrosine CZ,Tyrosine CZ,85,Tyrosine,73,A
1184,OH,15.223694,7.783757,-4.84154,78,"['1183', '1191']",,"0.017182, -0.021741, 0.064961",-6.143402681197802,1.4359271400391995,1.1934781191946855,Tyrosine OH,Tyrosine OH,85,Tyrosine,73,A
1185,H,15.238811,1.646073,-4.806365,71,['1177'],,"0.010688, -0.034518, 0.016591",-0.0157043852407675,1.742270980556702,1.3669651021998317,Tyrosine HB,Tyrosine HB,85,Tyrosine,73,A
1186,H,13.599613,1.853688,-5.460288,71,['1177'],,"-0.059758, -0.015133, -0.028224",-0.1766101384345241,0.1773052361236449,2.193210174014629,Tyrosine HB,Tyrosine HB,85,Tyrosine,73,A
1187,H,12.655611,4.078153,-5.404777,74,['1179'],,"-0.086528, -0.078251, -0.017506",-2.393290922549562,-0.4866897480827417,2.8917105287990053,Tyrosine HD,Tyrosine HD,85,Tyrosine,73,A
1188,H,16.970213,3.595699,-5.300163,74,['1180'],,"-0.019594, -0.068761, 0.107235",-1.9518138341826607,2.3959565226317334,-0.3261994804925876,Tyrosine HD,Tyrosine HD,85,Tyrosine,73,A
1189,H,12.923982,6.513628,-5.043543,76,['1181'],,"-0.015167, -0.039747, 0.053333",-4.846036123252655,-0.1450273579733179,2.854842336075963,Tyrosine HE,Tyrosine HE,85,Tyrosine,73,A
1190,H,17.237976,6.034259,-4.984094,76,['1182'],,"-0.022924, 0.002541, 0.025572",-4.405347339144085,2.702622543080243,-0.391779984180667,Tyrosine HE,Tyrosine HE,85,Tyrosine,73,A
1191,HO,16.114401,8.045634,-4.647093,79,['1184'],,"0.042464, 0.017103, 0.017190",-6.422018235743296,2.147049263943282,0.63095980265161,Tyrosine HH,Tyrosine HH,85,Tyrosine,73,A
1192,N,14.388758,-0.384327,-8.047088,1,"['1173', '1193', '1196']",,"-0.054988, 0.148827, -0.362007",-0.6218516667727179,-1.1499919020525144,0.6084320308955076,Glycine N,Glycine N,86,Glycine,74,A
1193,CA,14.21101,-1.811298,-8.154465,2,"['1192', '1194', '1197', '1198']",,"0.511127, 0.256331, -0.295714",0.0,0.0,0.0,Glycine CA,Glycine CA,86,Glycine,74,A
1194,C,13.160771,-2.414517,-7.22855,3,"['1193', '1195', '1199']",,"0.001614, 0.383777, -0.240108",1.5245306511536585,-5.421010862427522e-17,-1.1102230246251563e-16,Glycine C,Glycine C,86,Glycine,74,A
1195,O,13.27311,-3.590746,-6.857671,5,['1194'],,"-0.153892, 0.366942, -0.389468",2.137796977224243,1.075913731351584,0.0,Glycine O,Glycine O,86,Glycine,74,A
1196,HN,13.834756,0.154398,-8.72894,4,['1192'],,"-0.157137, 0.189719, -0.198093",-0.8674824408038118,-1.8918241521609207,-0.0634425311181035,Glycine HN,Glycine HN,86,Glycine,74,A
1197,H,13.938063,-2.083936,-9.19731,6,['1193'],,"-0.039948, -0.095282, -0.186053",-0.337458496968026,0.1024289845361865,-1.0545080861847225,Glycine HA,Glycine HA,86,Glycine,74,A
1198,H,15.175442,-2.331183,-7.955718,6,['1193'],,"0.140444, -0.082247, 0.071543",-0.3379773050401379,0.9302124322048968,0.5102803524605435,Glycine HA,Glycine HA,86,Glycine,74,A
1199,N,12.154259,-1.612546,-6.79531,7,"['1194', '1200', '1203']",,"-0.073432, 0.361677, -0.074807",-0.4465764766799986,1.060088967837348,0.8932672023009831,Alanine N,Arginine N,87,Arginine,75,A
1200,CA,10.995897,-2.052632,-6.030021,8,"['1199', '1201', '1204', '1205']",,"0.435727, 0.184912, 0.251349",0.0,0.0,0.0,Alanine CA,Arginine CA,87,Arginine,75,A
1201,C,9.84883,-2.311583,-7.018668,9,"['1200', '1202', '1223']",,"0.048738, -0.210378, 0.325941",1.53630765587463,0.0,0.0,Alanine C,Arginine C,87,Arginine,75,A
1202,O,9.6554,-1.5561,-7.97597,11,['1201'],,"0.019241, -0.241880, 0.318574",2.1694346458701643,1.0600693665662615,2.220446049250313e-16,Alanine O,Arginine O,87,Arginine,75,A
1203,HN,12.082091,-0.634877,-7.120274,10,['1199'],,"-0.086934, 0.455799, -0.114982",-0.3483618715727302,2.004817838207207,0.4876963109461981,Alanine HN,Arginine HN,87,Arginine,75,A
1204,H,11.250426,-3.007708,-5.508871,12,['1200'],,"0.033671, -0.408555, 0.206678",-0.3644304661739497,-0.9800720897462858,0.39395638634446,Alanine HA,Arginine HA,87,Arginine,75,A
1205,C,10.518119,-0.988007,-4.991396,202,"['1200', '1206', '1212', '1213']",,"-0.094286, 0.053155, 0.098992",-0.4910968312492548,0.2012807491280789,-1.4692685462165789,Arginine CB,Arginine CB,87,Arginine,75,A
1206,C,11.606105,-0.556219,-3.980379,204,"['1205', '1207', '1214', '1215']",,"0.115568, -0.227213, -0.198083",-2.026820282491064,0.3146872255643227,-1.6141900416451822,Arginine CG,Arginine CG,87,Arginine,75,A
1207,C,11.122148,0.485767,-2.946842,206,"['1206', '1208', '1216', '1217']",,"0.128242, -0.160896, -0.100186",-2.5062134978992807,0.4985660020080535,-3.071762912210536,Arginine CD,Arginine CD,87,Arginine,75,A
1208,N,10.734689,1.744271,-3.568498,208,"['1207', '1209', '1218']",,"0.075850, -0.128093, -0.105123",-2.028998598866825,1.7425407011167005,-3.659305136354466,Arginine NE,Arginine NE,87,Arginine,75,A
1209,C,10.484592,2.916888,-2.978401,210,"['1208', '1210', '1211']",,"0.021219, -0.015478, -0.214928",-2.41965600119899,2.3242980824120774,-4.797171011938417,Arginine CZ,Arginine CZ,87,Arginine,75,A
1210,N,10.565352,3.081889,-1.654149,211,"['1209', '1219', '1220']",,"0.129226, -0.076228, -0.045749",-3.3599507829057123,1.7928715009655305,-5.585093837557869,Arginine NH,Arginine NH,87,Arginine,75,A
1211,N,10.126818,3.952752,-3.746927,211,"['1209', '1221', '1222']",,"0.008420, -0.082499, -0.205780",-1.8325641833153443,3.471194414691221,-5.159939084715946,Arginine NH,Arginine NH,87,Arginine,75,A
1212,H,9.637811,-1.402698,-4.443304,203,['1205'],,"-0.005643, -0.021417, -0.025082",-0.1166357706321439,-0.6522341479270015,-2.0845789356913262,Arginine HB,Arginine HB,87,Arginine,75,A
1213,H,10.126531,-0.107318,-5.555798,203,['1205'],,"-0.003814, 0.024743, -0.093955",0.0160390384912657,1.1071763646329642,-1.8811790188930475,Arginine HB,Arginine HB,87,Arginine,75,A
1214,H,12.481986,-0.137816,-4.529492,205,['1206'],,"0.043339, 0.014451, -0.043919",-2.3979446103486906,1.1705845113188804,-1.0030760974013897,Arginine HG,Arginine HG,87,Arginine,75,A
1215,H,11.988245,-1.452996,-3.441053,205,['1206'],,"0.002639, 0.002341, 0.010010",-2.508053264405808,-0.5937753882891134,-1.18497797523392,Arginine HG,Arginine HG,87,Arginine,75,A
1216,H,11.930329,0.66636,-2.200472,207,['1207'],,"0.303192, -0.072278, 0.082877",-3.6203776745306335,0.4712228935722093,-3.0987643796233675,Arginine HD,Arginine HD,87,Arginine,75,A
1217,H,10.264755,0.068656,-2.371588,207,['1207'],,"-0.037476, -0.100052, 0.043230",-2.165933096669112,-0.3649692357674561,-3.6870170458371447,Arginine HD,Arginine HD,87,Arginine,75,A
1218,HN,10.684636,1.769999,-4.596137,209,['1208'],,"-0.080483, 0.230907, -0.455449",-1.334655858610996,2.2833284809631267,-3.125782987482652,Arginine HE,Arginine HE,87,Arginine,75,A
1219,HN,10.86038,2.299393,-1.056628,212,['1210'],,"0.087738, 0.006629, 0.019166",-3.832854828191736,0.9242213406613352,-5.3054842540371805,Arginine HH,Arginine HH,87,Arginine,75,A
1220,HN,10.411469,4.001125,-1.224861,212,['1210'],,"0.061052, -0.066098, -0.046274",-3.676252834615761,2.2773057095437994,-6.432583954297977,Arginine HH,Arginine HH,87,Arginine,75,A
1221,HN,10.08102,3.788946,-4.766743,212,['1211'],,"0.048731, -0.274330, -0.309075",-1.11448592164324,3.854889330994504,-4.522682183919269,Arginine HH,Arginine HH,87,Arginine,75,A
1222,HN,9.934957,4.887975,-3.365939,212,['1211'],,"0.025790, -0.083414, -0.071219",-2.0921229709690987,3.983679604482954,-6.012343170340742,Arginine HH,Arginine HH,87,Arginine,75,A
1223,N,9.049521,-3.370019,-6.751314,1,"['1201', '1224', '1227']",,"0.064070, -0.219594, 0.198129",-0.4930157385773943,0.9118346941368044,1.0078435639623984,Glycine N,Glycine N,88,Glycine,76,A
1224,CA,7.826783,-3.691901,-7.452427,2,"['1223', '1225', '1228', '1229']",,"0.612452, -0.261750, 0.022780",0.0,0.0,0.0,Glycine CA,Glycine CA,88,Glycine,76,A
1225,C,6.717652,-2.732444,-7.031489,3,"['1224', '1226', '1230']",,"0.108690, -0.144846, -0.472096",1.5257516540557967,0.0,3.122502256758253e-17,Glycine C,Glycine C,88,Glycine,76,A
1226,O,6.505901,-2.493332,-5.837474,5,['1225'],,"-0.030137, -0.048204, -0.445612",2.1594613171355013,1.0611771377528854,-9.020562075079396e-17,Glycine O,Glycine O,88,Glycine,76,A
1227,HN,9.18288,-3.892417,-5.876155,4,['1223'],,"0.108408, -0.065458, 0.353414",-0.6770190388698895,1.862106872794253,0.6618476961878028,Glycine HN,Glycine HN,88,Glycine,76,A
1228,H,7.995479,-3.664523,-8.55366,6,['1224'],,"0.023452, 0.018599, -0.234533",-0.4092335501155985,-1.022193717805982,0.1719590658464079,Glycine HA,Glycine HA,88,Glycine,76,A
1229,H,7.501707,-4.72741,-7.207226,6,['1224'],,"-0.111109, -0.172201, -0.008249",-0.3472125163428637,0.3147807533236542,-1.0091745989123235,Glycine HA,Glycine HA,88,Glycine,76,A
1230,N,5.970073,-2.186108,-8.013806,7,"['1225', '1231', '1234']",,"0.042610, 0.024888, -0.279442",-0.440229536219506,0.7213363091318783,1.1837556157509703,Alanine N,Leucine N,89,Leucine,77,A
1231,CA,4.85476,-1.27191,-7.824797,8,"['1230', '1232', '1235', '1236']",,"0.458496, 0.334798, -0.211142",0.0,0.0,0.0,Alanine CA,Leucine CA,89,Leucine,77,A
1232,C,3.565979,-2.064866,-8.035796,9,"['1231', '1233', '1249']",,"0.081523, 0.210963, 0.205034",1.527827301071034,0.0,-1.3877787807814457e-17,Alanine C,Leucine C,89,Leucine,77,A
1233,O,3.34934,-2.641407,-9.103234,11,['1232'],,"0.032984, 0.106515, 0.185446",2.157217954152636,1.0595391784448167,0.0,Alanine O,Leucine O,89,Leucine,77,A
1234,HN,6.08234,-2.522839,-8.978391,10,['1230'],,"0.067478, -0.129704, -0.343388",-0.2269516608368818,1.726695450618833,1.1702866745941385,Alanine HN,Leucine HN,89,Leucine,77,A
1235,H,4.862959,-0.875276,-6.780072,12,['1231'],,"0.025180, 0.117624, 0.426857",-0.3570534152751319,-1.057917528000452,0.0464697941869588,Alanine HA,Leucine HA,89,Leucine,77,A
1236,C,4.93776,-0.102084,-8.852661,19,"['1231', '1237', '1240', '1241']",,"0.063010, 0.206481, -0.135908",-0.5352117297202186,0.6999313274664025,-1.2866743231964373,Leucine CB,Leucine CB,89,Leucine,77,A
1237,C,6.211498,0.783273,-8.722297,21,"['1236', '1238', '1239', '1242']",,"0.027605, -0.055360, 0.008479",-2.0871706131907515,0.748298572505451,-1.3977802015883058,Leucine CG,Leucine CG,89,Leucine,77,A
1238,C,6.221533,1.846027,-9.850303,23,"['1237', '1243', '1244', '1245']",,"0.002649, -0.036249, -0.039177",-2.4914322334223207,1.5445123838348571,-2.664492643633875,Leucine CD,Leucine CD,89,Leucine,77,A
1239,C,6.243399,1.488916,-7.342877,23,"['1237', '1246', '1247', '1248']",,"0.005688, -0.021806, -0.000283",-2.670818708328136,-0.6851980104363902,-1.4764675664353222,Leucine CD,Leucine CD,89,Leucine,77,A
1240,H,4.028505,0.529853,-8.746595,20,['1236'],,"0.015700, -0.005449, -0.013013",-0.1108492955665068,0.1830404605716418,-2.1755384182919246,Leucine HB,Leucine HB,89,Leucine,77,A
1241,H,4.870312,-0.524494,-9.884513,20,['1236'],,"-0.053269, -0.012631, -0.056474",-0.1165793459765653,1.7344407624656142,-1.3339516632942043,Leucine HB,Leucine HB,89,Leucine,77,A
1242,H,7.125015,0.145968,-8.828752,22,['1237'],,"0.017602, -0.034529, 0.021323",-2.5122884456818224,1.2680795927491249,-0.5027348626073467,Leucine HG,Leucine HG,89,Leucine,77,A
1243,H,7.140048,2.472797,-9.822656,24,['1238'],,"-0.043911, -0.006372, -0.016490",-3.5953522906864266,1.6435561340663178,-2.758437507485506,Leucine HD,Leucine HD,89,Leucine,77,A
1244,H,5.352146,2.538188,-9.786291,24,['1238'],,"0.028141, -0.014429, 0.006745",-2.126148957654327,1.0641613067690343,-3.599826334377401,Leucine HD,Leucine HD,89,Leucine,77,A
1245,H,6.189693,1.371823,-10.857498,24,['1238'],,"-0.046168, -0.043268, -0.045742",-2.0793602463412832,2.5789807789320744,-2.6445726976230826,Leucine HD,Leucine HD,89,Leucine,77,A
1246,H,7.142383,2.132919,-7.225798,24,['1239'],,"-0.012241, -0.007081, 0.024451",-3.779558611133578,-0.6787736802541492,-1.561756161304081,Leucine HD,Leucine HD,89,Leucine,77,A
1247,H,6.276776,0.757987,-6.505427,24,['1239'],,"-0.007834, -0.018059, 0.007643",-2.435269978517692,-1.2779069522838342,-0.5654754502187394,Leucine HD,Leucine HD,89,Leucine,77,A
1248,H,5.351993,2.135477,-7.178559,24,['1239'],,"0.011862, -0.009255, 0.001739",-2.277147409440909,-1.254150953867836,-2.348798722175009,Leucine HD,Leucine HD,89,Leucine,77,A
1249,N,2.698462,-2.115741,-6.995931,7,"['1232', '1250', '1253']",,"0.113235, 0.083173, 0.135987",-0.5272546560501639,1.3285418873102708,0.2666131352531009,Alanine N,Alanine N,90,Alanine,78,A
1250,CA,1.455039,-2.868741,-7.027456,8,"['1249', '1251', '1254', '1255']",,"0.566002, -0.348142, -0.409743",0.0,0.0,0.0,Alanine CA,Alanine CA,90,Alanine,78,A
1251,C,0.498619,-2.410454,-5.918169,9,"['1250', '1252', '1259']",,"-0.219459, -0.313129, -0.389772",1.534693402324386,-2.220446049250313e-16,0.0,Alanine C,Alanine C,90,Alanine,78,A
1252,O,0.861214,-1.662365,-4.99921,11,['1251'],,"-0.132950, -0.407685, -0.203290",2.1963471400273447,1.047765365437656,0.0,Alanine O,Alanine O,90,Alanine,78,A
1253,HN,2.88687,-1.620067,-6.111895,10,['1249'],,"0.013689, 0.098750, 0.225377",0.1423340786466932,2.10016599505726,0.128928347615817,Alanine HN,Alanine HN,90,Alanine,78,A
1254,H,0.946229,-2.683447,-8.006426,12,['1250'],,"-0.163983, 0.040175, -0.326448",-0.3351840843473376,-0.6907396184877077,0.8137162604296979,Alanine HA,Alanine HA,90,Alanine,78,A
1255,C,1.776413,-4.379952,-6.87219,13,"['1250', '1256', '1257', '1258']",,"0.075962, -0.255674, -0.064452",-0.5393274774240865,-0.4910074410185842,-1.3708336989265892,Alanine CB,Alanine CB,90,Alanine,78,A
1256,H,0.858116,-5.001778,-6.932959,14,['1255'],,"0.003752, 0.040178, -0.018101",-0.1966580020888152,-1.5224634191429147,-1.5995387966201695,Alanine HB,Alanine HB,90,Alanine,78,A
1257,H,2.263636,-4.600924,-5.896099,14,['1255'],,"0.005817, 0.018679, -0.000047",-0.2034254401101619,0.1638096531393416,-2.2059102890193323,Alanine HB,Alanine HB,90,Alanine,78,A
1258,H,2.454623,-4.72812,-7.684219,14,['1255'],,"0.027364, 0.059861, -0.066617",-1.6528969285930526,-0.5138838072794683,-1.3753731322552474,Alanine HB,Alanine HB,90,Alanine,78,A
1259,N,-0.755504,-2.906378,-6.009959,7,"['1251', '1260', '1263']",,"-0.091828, -0.101716, -0.287581",-0.3873547199564869,0.8924140044380655,1.0758865549667622,Alanine N,Tyrosine N,91,Tyrosine,79,A
1260,CA,-1.771294,-2.890336,-4.974637,8,"['1259', '1261', '1264', '1265']",,"-0.158492, 0.412773, -0.456719",0.0,0.0,0.0,Alanine CA,Tyrosine CA,91,Tyrosine,79,A
1261,C,-1.719489,-4.273683,-4.33124,9,"['1260', '1262', '1280']",,"-0.074951, 0.345306, 0.220747",1.5265295215104753,0.0,0.0,Alanine C,Tyrosine C,91,Tyrosine,79,A
1262,O,-1.750962,-5.305649,-5.017667,11,['1261'],,"-0.099906, 0.275603, 0.395062",2.1713198940831977,1.0589484296468497,-6.938893903907228e-18,Alanine O,Tyrosine O,91,Tyrosine,79,A
1263,HN,-1.018016,-3.444699,-6.847193,10,['1259'],,"-0.088239, -0.210074, -0.367147",-0.2613096879949614,1.8907802888218672,0.8589989525905554,Alanine HN,Tyrosine HN,91,Tyrosine,79,A
1264,H,-1.505078,-2.120767,-4.214057,12,['1260'],,"0.075732, 0.234018, 0.252040",-0.3677850636962919,-1.026949006947631,0.2273746354987506,Alanine HA,Tyrosine HA,91,Tyrosine,79,A
1265,C,-3.192615,-2.591979,-5.522041,70,"['1260', '1266', '1273', '1274']",,"-0.285617, 0.144528, -0.091033",-0.5493250375153296,0.4408064869010708,-1.3830231624852556,Tyrosine CB,Tyrosine CB,91,Tyrosine,79,A
1266,C,-3.172056,-1.380005,-6.429673,72,"['1265', '1267', '1268']",,"0.128362, 0.017803, -0.028841",-2.0294688618229526,0.7486992750496496,-1.29656052922036,Tyrosine CG,Tyrosine CG,91,Tyrosine,79,A
1267,C,-3.164845,-0.086492,-5.887266,73,"['1266', '1269', '1275']",,"0.066761, 0.089533, 0.013369",-2.9727986207863584,-0.2892750215604406,-1.3096585737244395,Tyrosine CD,Tyrosine CD,91,Tyrosine,79,A
1268,C,-3.118109,-1.531642,-7.824213,73,"['1266', '1270', '1276']",,"0.080676, -0.018034, -0.094564",-2.477990511327981,2.0719352941536027,-1.160469979036992,Tyrosine CD,Tyrosine CD,91,Tyrosine,79,A
1269,C,-3.060384,1.029091,-6.720781,75,"['1267', '1271', '1277']",,"0.013927, 0.095472, -0.084169",-4.331506602141809,-0.0119266720400972,-1.1448092484169432,Tyrosine CE,Tyrosine CE,91,Tyrosine,79,A
1270,C,-3.02135,-0.415314,-8.655388,75,"['1268', '1271', '1278']",,"0.063553, 0.120917, -0.067094",-3.83664873710784,2.3472394169113224,-1.0034417847426975,Tyrosine CE,Tyrosine CE,91,Tyrosine,79,A
1271,C,-2.96723,0.871919,-8.109658,77,"['1269', '1270', '1272']",,"0.000757, 0.282947, -0.283415",-4.771295042558416,1.3065495729306051,-0.969976340894116,Tyrosine CZ,Tyrosine CZ,91,Tyrosine,79,A
1272,OH,-2.768374,1.962917,-8.886442,78,"['1271', '1279']",,"-0.118965, 0.011145, -0.212355",-6.080609760885195,1.5382016458636405,-0.7145433499264335,Tyrosine OH,Tyrosine OH,91,Tyrosine,79,A
1273,H,-3.90603,-2.415405,-4.685234,71,['1265'],,"-0.018353, 0.040953, 0.011097",-0.380853001762279,-0.3550784645128157,-2.1436607977835216,Tyrosine HB,Tyrosine HB,91,Tyrosine,79,A
1274,H,-3.598997,-3.460487,-6.082345,71,['1265'],,"-0.031966, 0.003598, -0.024505",-0.0122260869056318,1.3354226194977157,-1.763259590192787,Tyrosine HB,Tyrosine HB,91,Tyrosine,79,A
1275,H,-3.213242,0.064195,-4.797376,74,['1267'],,"-0.010228, 0.002326, 0.024100",-2.651630681714414,-1.3367260106076797,-1.421937842221534,Tyrosine HD,Tyrosine HD,91,Tyrosine,79,A
1276,H,-3.128146,-2.532922,-8.282946,74,['1268'],,"-0.014195, -0.027864, 0.003907",-1.7643126780319651,2.9108023315601503,-1.152445711302998,Tyrosine HD,Tyrosine HD,91,Tyrosine,79,A
1277,H,-3.025983,2.034956,-6.275798,76,['1269'],,"-0.038394, 0.039099, -0.029453",-5.054307860519851,-0.841517813330481,-1.1276460175253329,Tyrosine HE,Tyrosine HE,91,Tyrosine,79,A
1278,H,-2.969025,-0.551621,-9.744199,76,['1270'],,"-0.025462, 0.088072, -0.036726",-4.17025981218819,3.387437231734836,-0.8871703169824596,Tyrosine HE,Tyrosine HE,91,Tyrosine,79,A
1279,HO,-2.874255,1.761884,-9.813541,79,['1272'],,"-0.040495, 0.012535, -0.463655",-6.292776953522601,2.467407199698336,-0.7665022773799453,Tyrosine HH,Tyrosine HH,91,Tyrosine,79,A
1280,N,-1.510596,-4.298249,-2.998479,7,"['1261', '1281', '1284']",,"0.082915, 0.206668, 0.171802",-0.4159608935612404,0.9408118809274828,1.0266950849241587,Alanine N,Isoleucine N,92,Isoleucine,80,A
1281,CA,-1.342299,-5.507452,-2.209963,8,"['1280', '1282', '1285', '1286']",,"0.472785, 0.250755, -0.243118",0.0,0.0,0.0,Alanine CA,Isoleucine CA,92,Isoleucine,80,A
1282,C,-2.678444,-5.765642,-1.514529,9,"['1281', '1283', '1299']",,"0.254709, -0.389963, -0.173348",1.5282584812396756,-2.775557561562892e-17,0.0,Alanine C,Isoleucine C,92,Isoleucine,80,A
1283,O,-3.262142,-4.847851,-0.928182,11,['1282'],,"0.237033, -0.334325, -0.370347",2.150343264140286,1.067640858237216,0.0,Alanine O,Isoleucine O,92,Isoleucine,80,A
1284,HN,-1.617383,-3.431453,-2.448258,10,['1280'],,"-0.091284, 0.268212, 0.161149",-0.2186596833991934,1.9315488595644472,0.8145762751596979,Alanine HN,Isoleucine HN,92,Isoleucine,80,A
1285,H,-1.106012,-6.368766,-2.883133,12,['1281'],,"0.063755, -0.322786, -0.236292",-0.367396186330697,-1.0252381326855822,0.2544759623658796,Alanine HA,Isoleucine HA,92,Isoleucine,80,A
1286,C,-0.17831,-5.339666,-1.16828,25,"['1281', '1287', '1288', '1290']",,"0.405009, 0.070620, 0.041596",-0.571995500142038,0.4132399247621884,-1.4036309767192374,Isoleucine CB,Isoleucine CB,92,Isoleucine,80,A
1287,C,1.160446,-4.903347,-1.851595,27,"['1286', '1289', '1291', '1292']",,"-0.076835, 0.064336, 0.013949",-2.1271158224661484,0.5872473524472426,-1.3739075057411487,Isoleucine CG1,Isoleucine CG1,92,Isoleucine,80,A
1288,C,0.042576,-6.642341,-0.353748,29,"['1286', '1293', '1294', '1295']",,"-0.035571, -0.043302, 0.038688",-0.1743826695068111,-0.611697061988163,-2.499360582849487,Isoleucine CG2,Isoleucine CG2,92,Isoleucine,80,A
1289,C,1.684737,-5.832454,-2.954106,31,"['1287', '1296', '1297', '1298']",,"0.022079, 0.013204, 0.017400",-2.9302301592787265,-0.6356380871070865,-0.9121608880132998,Isoleucine CD,Isoleucine CD,92,Isoleucine,80,A
1290,H,-0.477026,-4.532162,-0.451493,26,['1286'],,"-0.058642, -0.004741, 0.024239",-0.1210793160819891,1.401641256457166,-1.677154219785198,Isoleucine HB,Isoleucine HB,92,Isoleucine,80,A
1291,H,1.950367,-4.779756,-1.073195,28,['1287'],,"0.027794, 0.020228, -0.005976",-2.4844069063619,0.8973078453804024,-2.3845320916347656,Isoleucine HG1,Isoleucine HG1,92,Isoleucine,80,A
1292,H,1.030045,-3.889064,-2.294506,28,['1287'],,"-0.011377, 0.028133, -0.010322",-2.386010804470799,1.4380668928385976,-0.7023242444905008,Isoleucine HG1,Isoleucine HG1,92,Isoleucine,80,A
1293,H,0.896179,-6.548499,0.35472,30,['1288'],,"-0.003282, -0.008100, 0.003707",-0.6141470938847047,-0.352377816331287,-3.488669477725364,Isoleucine HG2,Isoleucine HG2,92,Isoleucine,80,A
1294,H,0.240446,-7.522708,-1.00391,30,['1288'],,"-0.006719, -0.016982, 0.001993",-0.4945024802152429,-1.6472214139220762,-2.2501180480027108,Isoleucine HG2,Isoleucine HG2,92,Isoleucine,80,A
1295,H,-0.849025,-6.891893,0.263902,30,['1288'],,"-0.017808, -0.013341, 0.011204",0.9283593599422628,-0.6420936792764785,-2.646860171150487,Isoleucine HG2,Isoleucine HG2,92,Isoleucine,80,A
1296,H,2.688688,-5.507772,-3.309122,32,['1289'],,"0.007340, -0.014015, 0.002849",-4.024380116203951,-0.4628482419983748,-1.0233000483881969,Isoleucine HD,Isoleucine HD,92,Isoleucine,80,A
1297,H,1.014242,-5.852989,-3.840814,32,['1289'],,"0.003759, 0.017831, 0.011697",-2.744048577009872,-0.8821812486074948,0.1559164483510897,Isoleucine HD,Isoleucine HD,92,Isoleucine,80,A
1298,H,1.793053,-6.873114,-2.586403,32,['1289'],,"0.008043, 0.008756, 0.017715",-2.681793591549674,-1.5322685079097014,-1.5156873977635623,Isoleucine HD,Isoleucine HD,92,Isoleucine,80,A
1299,N,-3.165818,-7.022586,-1.5562,7,"['1282', '1300', '1303']",,"0.151714, -0.201860, -0.199685",-0.4512369620442194,1.00325570124597,0.9452242684403324,Alanine N,Tyrosine N,93,Tyrosine,81,A
1300,CA,-4.365109,-7.48836,-0.886617,8,"['1299', '1301', '1304', '1305']",,"-0.030692, 0.232479, -0.480701",0.0,0.0,0.0,Alanine CA,Tyrosine CA,93,Tyrosine,81,A
1301,C,-3.960173,-8.56527,0.119573,9,"['1300', '1302', '1320']",,"-0.331310, 0.221158, 0.154780",1.5284392785766792,0.0,0.0,Alanine C,Tyrosine C,93,Tyrosine,81,A
1302,O,-3.14095,-9.442454,-0.176644,11,['1301'],,"-0.249254, 0.219275, 0.278854",2.1685239300579244,1.0576456134320853,2.775557561562892e-17,Alanine O,Tyrosine O,93,Tyrosine,81,A
1303,HN,-2.633362,-7.761404,-2.037099,10,['1299'],,"0.214794, -0.293471, -0.252320",-0.106195233675982,1.9543059037517447,0.752675585610813,Alanine HN,Tyrosine HN,93,Tyrosine,81,A
1304,H,-4.820692,-6.634747,-0.329464,12,['1300'],,"-0.159588, 0.305862, 0.234165",-0.3553589364399152,-1.001827184421211,0.3416032902563459,Alanine HA,Tyrosine HA,93,Tyrosine,81,A
1305,C,-5.410442,-8.076581,-1.87285,70,"['1300', '1306', '1313', '1314']",,"-0.127036, 0.037295, -0.150591",-0.511744025301664,0.2640919477200293,-1.4421352404460854,Tyrosine CB,Tyrosine CB,93,Tyrosine,81,A
1306,C,-5.859718,-7.070828,-2.910672,72,"['1305', '1307', '1308']",,"0.103126, 0.080429, -0.009159",-2.022618313939717,0.2869921417370664,-1.526970315240878,Tyrosine CG,Tyrosine CG,93,Tyrosine,81,A
1307,C,-7.081157,-6.395439,-2.76074,73,"['1306', '1309', '1315']",,"0.047312, 0.096261, 0.100251",-2.7233839425300888,-0.837140947334778,-1.9915082238189985,Tyrosine CD,Tyrosine CD,93,Tyrosine,81,A
1308,C,-5.067168,-6.776122,-4.031309,73,"['1306', '1310', '1316']",,"0.125265, 0.048159, -0.023273",-2.7580178619915765,1.415379078942356,-1.1310601747107465,Tyrosine CD,Tyrosine CD,93,Tyrosine,81,A
1309,C,-7.498342,-5.437226,-3.684358,75,"['1307', '1311', '1317']",,"0.115501, 0.073446, 0.033639",-4.117078551316689,-0.8528577225886331,-2.0430252883004165,Tyrosine CE,Tyrosine CE,93,Tyrosine,81,A
1310,C,-5.475385,-5.802137,-4.943833,75,"['1308', '1311', '1318']",,"0.076437, 0.066824, -0.060004",-4.153145885008437,1.391288157356767,-1.1630816796757206,Tyrosine CE,Tyrosine CE,93,Tyrosine,81,A
1311,C,-6.690528,-5.126076,-4.780295,77,"['1309', '1310', '1312']",,"0.054847, 0.231857, -0.295533",-4.84375997215815,0.2615200862726583,-1.618111296078057,Tyrosine CZ,Tyrosine CZ,93,Tyrosine,81,A
1312,OH,-7.127162,-4.191158,-5.65731,78,"['1311', '1319']",,"0.149919, -0.052799, -0.206431",-6.195514746203202,0.2116248378680247,-1.6824985769497716,Tyrosine OH,Tyrosine OH,93,Tyrosine,81,A
1313,H,-6.296211,-8.437074,-1.304494,71,['1305'],,"0.038041, 0.049190, -0.004756",-0.1182623260835883,-0.5203314364445781,-2.125818335090235,Tyrosine HB,Tyrosine HB,93,Tyrosine,81,A
1314,H,-4.997541,-8.972496,-2.378578,71,['1305'],,"0.034993, 0.014102, 0.024802",-0.1040341120584621,1.221857629977381,-1.8234084463540423,Tyrosine HB,Tyrosine HB,93,Tyrosine,81,A
1315,H,-7.710861,-6.579027,-1.878934,74,['1307'],,"-0.180004, -0.052365, 0.082605",-2.1803579127038333,-1.748236390374177,-2.279329917928348,Tyrosine HD,Tyrosine HD,93,Tyrosine,81,A
1316,H,-4.09979,-7.281362,-4.189446,74,['1308'],,"0.099284, 0.008692, 0.024206",-2.2498469918335613,2.320462249248015,-0.758660141406098,Tyrosine HD,Tyrosine HD,93,Tyrosine,81,A
1317,H,-8.461004,-4.919585,-3.540962,76,['1309'],,"-0.040093, 0.004874, 0.001004",-4.642441684126101,-1.7500398199618616,-2.4094821162879123,Tyrosine HE,Tyrosine HE,93,Tyrosine,81,A
1318,H,-4.830566,-5.559198,-5.796395,76,['1310'],,"-0.002070, 0.076938, -0.063980",-4.714733370175214,2.2679099934040656,-0.8198230055025548,Tyrosine HE,Tyrosine HE,93,Tyrosine,81,A
1319,HO,-6.52113,-4.150706,-6.393795,79,['1312'],,"0.284642, 0.067058, -0.442084",-6.54829476113459,1.0672611158678822,-1.4485025825640538,Tyrosine HH,Tyrosine HH,93,Tyrosine,81,A
1320,N,-4.606,-8.511724,1.30485,7,"['1301', '1321', '1324']",,"-0.110902, 0.195116, 0.126843",-0.4093961119524251,0.5617675268076241,1.2708549697210467,Alanine N,Alanine N,94,Alanine,82,A
1321,CA,-4.519955,-9.443665,2.410446,8,"['1320', '1322', '1325', '1326']",,"0.556686, 0.491554, 0.180172",0.0,0.0,0.0,Alanine CA,Alanine CA,94,Alanine,82,A
1322,C,-5.919304,-10.033906,2.588032,9,"['1321', '1323', '1330']",,"0.352421, -0.297000, -0.018159",1.5290843172559192,-1.3877787807814457e-17,0.0,Alanine C,Alanine C,94,Alanine,82,A
1323,O,-6.863719,-9.327129,2.953528,11,['1322'],,"0.320243, -0.207142, 0.126672",2.1629959886368035,1.059809765409384,0.0,Alanine O,Alanine O,94,Alanine,82,A
1324,HN,-5.343687,-7.804853,1.44055,10,['1320'],,"-0.302876, 0.289139, 0.054986",0.0086029040855021,1.487316825554581,1.4466347432740363,Alanine HN,Alanine HN,94,Alanine,82,A
1325,H,-3.782942,-10.251842,2.183421,12,['1321'],,"0.243646, -0.294113, -0.094022",-0.3888835029039652,-1.041418962203425,-0.1099760994729567,Alanine HA,Alanine HA,94,Alanine,82,A
1326,C,-4.094838,-8.67595,3.683175,13,"['1321', '1327', '1328', '1329']",,"0.129653, 0.058631, 0.308637",-0.5375799468201745,0.8936245211967716,-1.1412243023383517,Alanine CB,Alanine CB,94,Alanine,82,A
1327,H,-4.122223,-9.333525,4.580215,14,['1326'],,"0.033892, -0.011188, 0.095270",-0.1545071255442471,0.5597288607629174,-2.1309740090789706,Alanine HB,Alanine HB,94,Alanine,82,A
1328,H,-4.778865,-7.824177,3.893063,14,['1326'],,"-0.061743, -0.055365, -0.015332",-0.216005579763409,1.9512505606651105,-1.0168046901682568,Alanine HB,Alanine HB,94,Alanine,82,A
1329,H,-3.057523,-8.279915,3.600902,14,['1326'],,"-0.009329, -0.034262, -0.005655",-1.6493121882433832,0.8699619484710814,-1.1971392646572996,Alanine HB,Alanine HB,94,Alanine,82,A
1330,N,-6.079979,-11.330158,2.234064,7,"['1322', '1331', '1334']",,"0.393039, -0.275085, 0.063820",-0.5671754892950285,-1.1249308954157051,0.7301009979969636,Alanine N,Aspartate N,95,Aspartate,83,A
1331,CA,-7.326554,-12.082353,2.255476,8,"['1330', '1332', '1335', '1336']",,"0.429512, -0.350304, 0.746474",0.0,0.0,0.0,Alanine CA,Aspartate CA,95,Aspartate,83,A
1332,C,-8.462981,-11.381086,1.49081,9,"['1331', '1333', '1342']",,"0.336301, -0.052160, 0.194957",1.5388163708428624,5.551115123125783e-17,-5.551115123125783e-17,Alanine C,Aspartate C,95,Aspartate,83,A
1333,O,-9.642796,-11.477429,1.8455,11,['1332'],,"0.241026, 0.136458, -0.111137",2.189961036229529,1.050267122551444,0.0,Alanine O,Aspartate O,95,Aspartate,83,A
1334,HN,-5.25632,-11.909446,2.013394,10,['1330'],,"0.321408, -0.280431, -0.079091",-1.3297908736285209,-1.5987640676295385,0.2235598993557414,Alanine HN,Aspartate HN,95,Aspartate,83,A
1335,H,-7.152795,-13.030745,1.689993,12,['1331'],,"0.071907, -0.307150, -0.110563",-0.2795231557378089,-0.1258667388988965,-1.0749116096123128,Alanine HA,Aspartate HA,95,Aspartate,83,A
1336,C,-7.704664,-12.450436,3.715237,137,"['1331', '1337', '1340', '1341']",,"-0.515945, 0.144320, 0.064041",-0.6138871868770004,1.3320935560606966,0.5079603565238261,Aspartate CB,Aspartate CB,95,Aspartate,83,A
1337,C,-6.578217,-13.132478,4.478028,139,"['1336', '1338', '1339']",,"-0.359222, 0.172594, -0.168932",-2.1356403468114578,1.3303289545202108,0.5213188618630673,Aspartate CG,Aspartate CG,95,Aspartate,83,A
1338,O,-5.615332,-13.59856,3.822384,140,['1337'],,"-0.444684, 0.360640, -0.113314",-2.733338538949368,0.44056977885738,-0.1308578696475518,Aspartate OD,Aspartate OD,95,Aspartate,83,A
1339,O,-6.635637,-13.209399,5.727814,140,['1337'],,"-0.103373, 0.416259, -0.325915",-2.7493311028603697,2.2044340424821467,1.1774460550018453,Aspartate OD,Aspartate OD,95,Aspartate,83,A
1340,H,-8.582222,-13.134185,3.717718,138,['1336'],,"-0.127174, -0.054621, -0.057522",-0.2786341516792875,2.173605456382066,-0.1378647109164509,Aspartate HB,Aspartate HB,95,Aspartate,83,A
1341,H,-8.012636,-11.530727,4.265163,138,['1336'],,"-0.055426, 0.172392, -0.033494",-0.2405875758802971,1.5479659363088687,1.5361512526207997,Aspartate HB,Aspartate HB,95,Aspartate,83,A
1342,N,-8.090136,-10.717324,0.364867,1,"['1332', '1343', '1346']",,"0.188864, -0.094107, -0.030274",-0.7119674439134478,-1.1959518344877202,-0.3770831228135362,Glycine N,Glycine N,96,Glycine,84,A
1343,CA,-8.914945,-9.910553,-0.500119,2,"['1342', '1344', '1347', '1348']",,"-0.018317, -0.496633, -0.050569",0.0,0.0,0.0,Glycine CA,Glycine CA,96,Glycine,84,A
1344,C,-9.116738,-8.428016,-0.183701,3,"['1343', '1345', '1349']",,"-0.028478, -0.241149, 0.110084",1.529299421938687,-5.551115123125783e-17,1.3877787807814457e-17,Glycine C,Glycine C,96,Glycine,84,A
1345,O,-9.534265,-7.688216,-1.072906,5,['1344'],,"-0.106229, -0.035859, 0.154187",2.117591301157792,1.079921771518129,8.326672684688674e-17,Glycine O,Glycine O,96,Glycine,84,A
1346,HN,-7.113043,-10.772748,0.046746,4,['1342'],,"0.156377, -0.046145, 0.044785",-0.9604458409910316,-1.214390926808161,-1.3755329248197017,Glycine HN,Glycine HN,96,Glycine,84,A
1347,H,-8.510349,-9.956133,-1.536153,6,['1343'],,"-0.019715, 0.057093, -0.163222",-0.3119326905226049,0.8353422140080187,-0.6663657335514113,Glycine HA,Glycine HA,96,Glycine,84,A
1348,H,-9.935342,-10.353933,-0.570967,6,['1343'],,"-0.208837, -0.055204, 0.002373",-0.3098385174973251,0.3178977059508243,1.0226223363193594,Glycine HA,Glycine HA,96,Glycine,84,A
1349,N,-8.783789,-7.946719,1.042,7,"['1344', '1350', '1353']",,"0.050825, -0.187188, 0.223812",-0.4565520232982928,0.9376607743829172,1.0388335884985924,Alanine N,Lysine N,97,Lysine,85,A
1350,CA,-8.90949,-6.544314,1.471281,8,"['1349', '1351', '1354', '1355']",,"-0.487105, -0.507441, 0.141708",0.0,0.0,0.0,Alanine CA,Lysine CA,97,Lysine,85,A
1351,C,-7.615263,-5.809142,1.084207,9,"['1350', '1352', '1371']",,"-0.381014, 0.048658, -0.007443",1.537962183731772,-5.551115123125783e-17,0.0,Alanine C,Lysine C,97,Lysine,85,A
1352,O,-6.514936,-6.301853,1.350836,11,['1351'],,"-0.335046, 0.249980, -0.004431",2.16128077864346,1.065855801376678,-1.3877787807814457e-17,Alanine O,Lysine O,97,Lysine,85,A
1353,HN,-8.270003,-8.540797,1.708687,10,['1349'],,"0.236537, -0.182458, 0.230373",-0.4759614744198859,1.9208122776637884,0.7315671330357145,Alanine HN,Lysine HN,97,Lysine,85,A
1354,H,-9.77497,-6.08611,0.930374,12,['1350'],,"-0.414473, 0.113838, -0.249357",-0.3731546866526141,-1.022371318081213,0.2590354926628246,Alanine HA,Lysine HA,97,Lysine,85,A
1355,C,-9.145405,-6.506311,3.023579,182,"['1350', '1356', '1360', '1361']",,"-0.049048, -0.031922, 0.154227",-0.5710433107724386,0.461151908704289,-1.3885163486104306,Lysine CB,Lysine CB,97,Lysine,85,A
1356,C,-10.084313,-5.421498,3.604969,184,"['1355', '1357', '1362', '1363']",,"-0.044899, -0.128606, -0.154073",-0.9889189262707226,-0.619782344935514,-2.414841306317829,Lysine CG,Lysine CG,97,Lysine,85,A
1357,C,-9.533075,-3.979177,3.629964,186,"['1356', '1358', '1364', '1365']",,"0.027965, -0.087332, -0.439491",0.1581224127611016,-1.3819991197108754,-3.1134826338336907,Lysine CD,Lysine CD,97,Lysine,85,A
1358,C,-10.236161,-3.045467,4.641952,188,"['1357', '1359', '1366', '1367']",,"0.057565, 0.067528, 0.153249",-0.2419067206088624,-2.052355044237654,-4.447972658729763,Lysine CE,Lysine CE,97,Lysine,85,A
1359,N,-9.973388,-3.368513,6.035386,190,"['1358', '1368', '1369', '1370']",,"-0.133523, 0.138542, 0.105788",-0.525898446268338,-1.1170955273498546,-5.52486866848593,Lysine NZ,Lysine NZ,97,Lysine,85,A
1360,H,-8.163573,-6.513439,3.550861,183,['1355'],,"0.057511, -0.062837, -0.038505",0.1190751044961582,1.2063496488640753,-1.847306162250522,Lysine HB,Lysine HB,97,Lysine,85,A
1361,H,-9.608838,-7.482437,3.310204,183,['1355'],,"0.010108, -0.028749, -0.036467",-1.4997742674382186,1.0487904863345026,-1.183856347141153,Lysine HB,Lysine HB,97,Lysine,85,A
1362,H,-10.331958,-5.741924,4.646002,185,['1356'],,"-0.023607, -0.066194, -0.091448",-1.6124933458978443,-0.1022244791526019,-3.183632157813172,Lysine HG,Lysine HG,97,Lysine,85,A
1363,H,-11.06103,-5.437099,3.061298,185,['1356'],,"-0.082862, -0.003669, -0.063505",-1.681473030489688,-1.3518681534070414,-1.9308817756801329,Lysine HG,Lysine HG,97,Lysine,85,A
1364,H,-9.636702,-3.530648,2.612612,187,['1357'],,"-0.003336, 0.084872, -0.065558",0.5413695529975475,-2.1749388141990806,-2.4269768572523587,Lysine HD,Lysine HD,97,Lysine,85,A
1365,H,-8.440192,-3.981667,3.840293,187,['1357'],,"0.049255, -0.008320, -0.067821",1.0236802495506492,-0.706188153068703,-3.29438843409552,Lysine HD,Lysine HD,97,Lysine,85,A
1366,H,-11.338968,-3.030259,4.479442,189,['1358'],,"-0.013700, 0.056124, 0.047410",-1.1217714650003965,-2.723961173749688,-4.315280153320881,Lysine HE,Lysine HE,97,Lysine,85,A
1367,H,-9.898263,-2.003707,4.467265,189,['1358'],,"-0.128580, 0.207819, -0.002503",0.5843855685295248,-2.712020532365557,-4.7826919450824,Lysine HE,Lysine HE,97,Lysine,85,A
1368,HN,-10.50354,-2.779042,6.675163,191,['1359'],,"-0.140014, 0.118738, 0.250644",-0.8512741325389663,-1.5865620233064948,-6.368422866289552,Lysine HN,Lysine HN,97,Lysine,85,A
1369,HN,-8.999002,-3.238534,6.281335,191,['1359'],,"-0.125663, 0.025750, -0.032778",0.294299307049112,-0.5894127346118565,-5.79989601937895,Lysine HN,Lysine HN,97,Lysine,85,A
1370,HN,-10.247356,-4.314999,6.275774,191,['1359'],,"-0.042740, 0.068890, -0.001280",-1.269385344148673,-0.4674642210421089,-5.292732927357666,Lysine HN,Lysine HN,97,Lysine,85,A
1371,N,-7.703319,-4.6473,0.387656,7,"['1351', '1372', '1375']",,"-0.193963, 0.037081, -0.099274",-0.467616565472227,0.8672543431902309,1.0881271009007354,Alanine N,Methionine N,98,Methionine,86,A
1372,CA,-6.520659,-3.9358,-0.112243,8,"['1371', '1373', '1376', '1377']",,"-0.414504, -0.210895, -0.364217",0.0,0.0,0.0,Alanine CA,Methionine CA,98,Methionine,86,A
1373,C,-5.843155,-3.22069,1.06937,9,"['1372', '1374', '1388']",,"0.261835, -0.202332, -0.207926",1.5383768276612204,0.0,1.1102230246251563e-16,Alanine C,Methionine C,98,Methionine,86,A
1374,O,-6.498999,-2.488682,1.820382,11,['1373'],,"0.072876, -0.276688, -0.199584",2.1666590745599947,1.065479941986628,0.0,Alanine O,Methionine O,98,Methionine,86,A
1375,HN,-8.618476,-4.213636,0.205705,10,['1371'],,"-0.130636, 0.061429, -0.023168",-0.808820828701413,1.8014539487737649,0.8244346405841804,Alanine HN,Methionine HN,98,Methionine,86,A
1376,H,-5.818099,-4.694282,-0.541387,12,['1372'],,"0.271580, -0.259070, -0.148430",-0.3727909649574456,-1.036208151491256,0.2008721829651172,Alanine HA,Methionine HA,98,Methionine,86,A
1377,C,-6.897515,-2.889488,-1.210106,175,"['1372', '1378', '1381', '1382']",,"0.075249, 0.099932, -0.187167",-0.522851392233874,0.4852812715993297,-1.3904031508605827,Methionine CB,Methionine CB,98,Methionine,86,A
1378,C,-5.684322,-2.480259,-2.079383,177,"['1377', '1379', '1383', '1384']",,"-0.186917, -0.123969, 0.073704",-0.4660136558036321,-0.6265688913687322,-2.4653481816618705,Methionine CG,Methionine CG,98,Methionine,86,A
1379,S,-5.915511,-0.905374,-2.951329,179,"['1378', '1380']",,"-0.273429, -0.414667, -0.357871",-0.5054826517688857,0.0063929046594775,-4.165878248137686,Methionine SD,Methionine SD,98,Methionine,86,A
1380,C,-7.406875,-1.240366,-3.91935,180,"['1379', '1385', '1386', '1387']",,"-0.079743, -0.081452, -0.046948",-2.0615301424791115,0.9294763856481456,-4.175041805375548,Methionine CE,Methionine CE,98,Methionine,86,A
1381,H,-7.354535,-2.000711,-0.71599,176,['1377'],,"-0.081416, 0.042144, 0.089757",0.0685474868568567,1.3767549544810862,-1.7041936799153412,Methionine HB,Methionine HB,98,Methionine,86,A
1382,H,-7.690033,-3.303826,-1.874905,176,['1377'],,"-0.070566, -0.058765, -0.030361",-1.575107558559517,0.8403431282184131,-1.298716143204807,Methionine HB,Methionine HB,98,Methionine,86,A
1383,H,-5.460955,-3.289632,-2.812018,178,['1378'],,"0.007955, -0.062042, -0.019304",-1.3066072652919942,-1.3408470515327764,-2.30742222862376,Methionine HG,Methionine HG,98,Methionine,86,A
1384,H,-4.767808,-2.396298,-1.453575,178,['1378'],,"0.062657, -0.020634, -0.057006",0.4573271632527045,-1.2363968057925072,-2.346039082114005,Methionine HG,Methionine HG,98,Methionine,86,A
1385,H,-7.55944,-0.417063,-4.648573,181,['1380'],,"-0.009504, -0.033677, 0.008130",-2.3061194780458987,1.2192417052558744,-5.21863282164707,Methionine HE,Methionine HE,98,Methionine,86,A
1386,H,-8.295394,-1.306725,-3.25495,181,['1380'],,"-0.046717, -0.013623, -0.010363",-1.9733628523229,1.8471219717101963,-3.554195610598335,Methionine HE,Methionine HE,98,Methionine,86,A
1387,H,-7.288038,-2.191481,-4.480332,181,['1380'],,"-0.019276, -0.132949, -0.090599",-2.8822022340416,0.291404467362766,-3.784139867104496,Methionine HE,Methionine HE,98,Methionine,86,A
1388,N,-4.506049,-3.385302,1.192712,7,"['1373', '1389', '1392']",,"0.156452, -0.323891, -0.104695",-0.507305745954548,-0.9085781726290406,-1.0142019448421364,Alanine N,Valine N,99,Valine,87,A
1389,CA,-3.637108,-2.777073,2.185928,8,"['1388', '1390', '1393', '1394']",,"-0.115321, -0.584729, 0.153597",0.0,0.0,0.0,Alanine CA,Valine CA,99,Valine,87,A
1390,C,-3.551477,-1.265548,1.966723,9,"['1389', '1391', '1404']",,"0.107504, -0.270805, -0.136767",1.5297357045617392,2.775557561562892e-17,0.0,Alanine C,Valine C,99,Valine,87,A
1391,O,-3.699318,-0.486088,2.908518,11,['1390'],,"0.118093, -0.252678, -0.242358",2.156685397893744,1.0598711039258053,0.0,Alanine O,Valine O,99,Valine,87,A
1392,HN,-4.014773,-3.942403,0.482377,10,['1388'],,"0.199695, -0.236923, -0.311379",-0.9284861160489936,-1.768871206994714,-0.641653376906346,Alanine HN,Valine HN,99,Valine,87,A
1393,H,-4.094453,-2.911064,3.193528,12,['1389'],,"-0.100904, 0.003159, 0.393138",-0.3023820471671099,1.039470447816498,-0.2654092740904064,Alanine HA,Valine HA,99,Valine,87,A
1394,C,-2.196384,-3.409317,2.204689,15,"['1389', '1395', '1396', '1397']",,"0.226413, -0.111645, 0.143910",-0.5467575070431024,-0.3258401106343689,1.43897690934455,Valine CB,Valine CB,99,Valine,87,A
1395,C,-1.304837,-2.758961,3.296556,17,"['1394', '1398', '1399', '1400']",,"0.019242, 0.056445, 0.071524",-0.0106971236208994,0.6812175136847589,2.491814376506483,Valine CG,Valine CG,99,Valine,87,A
1396,C,-2.251999,-4.936387,2.465429,17,"['1394', '1401', '1402', '1403']",,"-0.020103, 0.004656, 0.020615",-2.096124730706112,-0.2929388182790826,1.4763917717006831,Valine CG,Valine CG,99,Valine,87,A
1397,H,-1.729727,-3.232399,1.202363,16,['1394'],,"-0.001506, -0.003808, 0.022208",-0.2021939626509625,-1.3553050643212476,1.7132104187036334,Valine HB,Valine HB,99,Valine,87,A
1398,H,-0.280769,-3.192351,3.303811,18,['1395'],,"0.003467, 0.014796, 0.010685",-0.3826425410026615,0.4461081522008334,3.513075846640517,Valine HG,Valine HG,99,Valine,87,A
1399,H,-1.732434,-2.885097,4.317305,18,['1395'],,"-0.020383, 0.008450, 0.030949",-0.3055366565591834,1.7295376882930744,2.2577791927585573,Valine HG,Valine HG,99,Valine,87,A
1400,H,-1.177929,-1.665859,3.136667,18,['1395'],,"0.020468, 0.043087, 0.037965",1.099407532156561,0.6686732005887019,2.555472907899804,Valine HG,Valine HG,99,Valine,87,A
1401,H,-1.236731,-5.392447,2.438512,18,['1396'],,"0.008000, -0.010114, 0.011514",-2.4860661660979835,-0.5632126238442895,2.4835571540003465,Valine HG,Valine HG,99,Valine,87,A
1402,H,-2.864224,-5.477163,1.711086,18,['1396'],,"0.003706, -0.013428, 0.001593",-2.5566396568853538,-1.0031365733542188,0.7553947911921906,Valine HG,Valine HG,99,Valine,87,A
1403,H,-2.682687,-5.160452,3.464999,18,['1396'],,"0.005836, 0.026830, 0.028741",-2.484865631065348,0.720518999511394,1.2384396201738337,Valine HG,Valine HG,99,Valine,87,A
1404,N,-3.311995,-0.859727,0.695,7,"['1390', '1405', '1408']",,"0.136528, -0.286006, -0.121133",-0.508703842705336,-0.8206633391750326,-1.0856201153220724,Alanine N,Asparagine N,100,Asparagine,88,A
1405,CA,-3.181455,0.523202,0.2692,8,"['1404', '1406', '1409', '1410']",,"0.340301, -0.132607, -0.105041",0.0,0.0,0.0,Alanine CA,Asparagine CA,100,Asparagine,88,A
1406,C,-4.392712,1.342274,0.727414,9,"['1405', '1407', '1418']",,"0.025198, -0.156250, -0.117265",1.5323128045634158,5.551115123125783e-17,5.551115123125783e-17,Alanine C,Asparagine C,100,Asparagine,88,A
1407,O,-4.241394,2.386099,1.367187,11,['1406'],,"-0.002356, -0.202255, -0.135414",2.161972614376791,1.060804309561281,2.220446049250313e-16,Alanine O,Asparagine O,100,Asparagine,88,A
1408,HN,-3.065634,-1.558599,-0.018474,10,['1404'],,"0.131169, -0.153824, -0.246234",-1.2903697952640651,-1.4395324105589813,-0.8323211329399394,Alanine HN,Asparagine HN,100,Asparagine,88,A
1409,H,-2.305765,0.960659,0.807929,12,['1405'],,"0.219902, 0.195548, 0.248784",-0.2972785263318265,1.0567310211789274,-0.2082680125466205,Alanine HA,Asparagine HA,100,Asparagine,88,A
1410,C,-2.960756,0.697575,-1.266905,147,"['1405', '1411', '1414', '1415']",,"0.092320, 0.207828, -0.208123",-0.5405971814567043,-0.4024828649809143,1.4087209778919396,Asparagine CB,Asparagine CB,100,Asparagine,88,A
1411,C,-2.014687,-0.283644,-1.955718,149,"['1410', '1412', '1413']",,"0.116092, 0.434125, -0.197456",-2.0189150945726304,-0.770986493446932,1.5139913500721174,Asparagine CG,Asparagine CG,100,Asparagine,88,A
1412,O,-2.066995,-1.494146,-1.70265,150,['1411'],,"0.100275, 0.365478, -0.166236",-2.5489443157716285,-1.502340252968485,0.6676549307914188,Asparagine OD1,Asparagine OD1,100,Asparagine,88,A
1413,N,-1.216708,0.21831,-2.919464,151,"['1411', '1416', '1417']",,"0.097987, 0.300774, -0.181359",-2.6695806046367263,-0.3582619521843196,2.620258723777768,Asparagine ND2,Asparagine ND2,100,Asparagine,88,A
1414,H,-2.602046,1.739003,-1.441867,148,['1410'],,"0.027520, 0.068826, -0.025158",-0.319790778566662,0.4368604263118194,2.1091524281657272,Asparagine HB,Asparagine HB,100,Asparagine,88,A
1415,H,-3.927868,0.642914,-1.81402,148,['1410'],,"-0.025407, 0.021734, -0.024715",0.0310577247565059,-1.2635045332835628,1.8204012222633328,Asparagine HB,Asparagine HB,100,Asparagine,88,A
1416,HN,-1.211079,1.226775,-3.152635,152,['1413'],,"0.106220, 0.390076, -0.212888",-2.204698329874322,0.2182991979154986,3.343351918265385,Asparagine HD2,Asparagine HD2,100,Asparagine,88,A
1417,HN,-0.606108,-0.428013,-3.437893,152,['1413'],,"0.051261, 0.053794, -0.062402",-3.6527545478259817,-0.6362256543981007,2.744514854633751,Asparagine HD2,Asparagine HD2,100,Asparagine,88,A
1418,N,-5.621345,0.846686,0.403205,7,"['1406', '1419', '1422']",,"-0.040445, -0.075754, -0.194144",-0.5424089445246761,-0.977339762212072,-0.9232162683000544,Alanine N,Glutamate N,101,Glutamate,89,A
1419,CA,-6.861302,1.493695,0.7848,8,"['1418', '1420', '1423', '1424']",,"-0.118323, 0.014668, -0.683049",0.0,0.0,0.0,Alanine CA,Glutamate CA,101,Glutamate,89,A
1420,C,-7.059799,1.500863,2.30044,9,"['1419', '1421', '1433']",,"0.053825, -0.303552, -0.193288",1.5285997019602613,0.0,-2.775557561562892e-17,Alanine C,Glutamate C,101,Glutamate,89,A
1421,O,-7.465374,2.522609,2.849615,11,['1420'],,"0.082139, -0.407168, -0.287897",2.130576067599329,1.0712952930812212,5.551115123125783e-17,Alanine O,Glutamate O,101,Glutamate,89,A
1422,HN,-5.712742,0.018605,-0.200371,10,['1418'],,"-0.007229, -0.101111, -0.100361",-1.1328824228208694,-1.71013294029288,-0.5076073517294104,Alanine HN,Glutamate HN,101,Glutamate,89,A
1423,H,-6.786492,2.567878,0.495806,12,['1419'],,"0.034709, 0.354950, -0.037425",-0.2912212284322248,1.011673570775603,-0.3670013187027627,Alanine HA,Glutamate HA,101,Glutamate,89,A
1424,C,-8.116201,0.853188,0.114511,153,"['1419', '1425', '1429', '1430']",,"-0.631612, 0.074019, -0.026141",-0.5046542180688288,-0.1958338229705966,1.4633117558254838,Glutamate CB,Glutamate CB,101,Glutamate,89,A
1425,C,-9.383415,1.714979,0.30662,155,"['1424', '1426', '1431', '1432']",,"0.505036, -0.054796, -0.121755",-0.1455781438669847,1.0025546917241046,2.369043646696959,Glutamate CG,Glutamate CG,101,Glutamate,89,A
1426,C,-10.699428,0.970371,0.406653,157,"['1425', '1427', '1428']",,"0.255357, 0.193230, 0.011629",0.121006559711345,0.6920890867120275,3.8281123890269897,Glutamate CD,Glutamate CD,101,Glutamate,89,A
1427,O,-10.697775,-0.12893,1.020063,158,['1426'],,"-0.044001, 0.053871, -0.643737",0.7238464177260211,-0.3812869772803165,4.091143147584138,Glutamate OE,Glutamate OE,101,Glutamate,89,A
1428,O,-11.746204,1.557431,0.022356,158,['1426'],,"0.551139, 0.168193, -0.429686",-0.1213498681048569,1.5874714577408349,4.681117309019838,Glutamate OE,Glutamate OE,101,Glutamate,89,A
1429,H,-8.295068,-0.144024,0.583133,154,['1424'],,"-0.087575, -0.054983, 0.057501",-0.0214545979094094,-1.1104954100484885,1.8827686233565144,Glutamate HB,Glutamate HB,101,Glutamate,89,A
1430,H,-7.962452,0.653827,-0.972895,154,['1424'],,"0.057963, -0.022891, -0.008746",-1.6037410245012145,-0.3840218651238804,1.5125948652522827,Glutamate HB,Glutamate HB,101,Glutamate,89,A
1431,H,-9.448167,2.492854,-0.487618,156,['1425'],,"0.024997, 0.070612, -0.038623",-0.9210264152855376,1.7975533687182608,2.286864454047485,Glutamate HG,Glutamate HG,101,Glutamate,89,A
1432,H,-9.336567,2.274534,1.266793,156,['1425'],,"0.007479, 0.121563, 0.110799",0.8029947929486836,1.4776872036883262,2.034847293225729,Glutamate HG,Glutamate HG,101,Glutamate,89,A
1433,N,-6.786823,0.364443,2.990516,7,"['1420', '1434', '1437']",,"0.013043, -0.279832, -0.171653",-0.5767913241525541,-0.9405525310931184,-0.9505483313470556,Alanine N,Alanine N,102,Alanine,90,A
1434,CA,-6.967766,0.219714,4.428286,8,"['1433', '1435', '1438', '1439']",,"-0.364549, -0.484808, -0.236297",0.0,0.0,0.0,Alanine CA,Alanine CA,102,Alanine,90,A
1435,C,-6.190614,1.259151,5.246133,9,"['1434', '1436', '1443']",,"0.103831, -0.143725, -0.219628",1.534036578273804,-5.551115123125783e-17,0.0,Alanine C,Alanine C,102,Alanine,90,A
1436,O,-6.735986,1.847731,6.183274,11,['1435'],,"0.140108, -0.208598, -0.228933",2.1561813549107107,1.0653760676720745,0.0,Alanine O,Alanine O,102,Alanine,90,A
1437,HN,-6.485134,-0.480888,2.486943,10,['1433'],,"0.070447, -0.252919, -0.129293",-1.2652076182661804,-1.6029495737528818,-0.5677955619443251,Alanine HN,Alanine HN,102,Alanine,90,A
1438,H,-8.044531,0.415598,4.654442,12,['1434'],,"-0.332210, 0.130275, 0.104624",-0.2921964157754225,1.0289882168257378,-0.3236424682559182,Alanine HA,Alanine HA,102,Alanine,90,A
1439,C,-6.61232,-1.214097,4.890095,13,"['1434', '1440', '1441', '1442']",,"0.073914, -0.170145, 0.051058",-0.5452487517169938,-0.2494508478636863,1.4268501912846867,Alanine CB,Alanine CB,102,Alanine,90,A
1440,H,-6.81637,-1.354343,5.972288,14,['1439'],,"0.049976, 0.049561, -0.046085",-0.1666961411772526,0.5083942842948022,2.1443567828796564,Alanine HB,Alanine HB,102,Alanine,90,A
1441,H,-5.533451,-1.432671,4.714153,14,['1439'],,"0.075592, 0.027272, -0.055843",-0.2405900049862603,-1.2551591338461994,1.7989017892486985,Alanine HB,Alanine HB,102,Alanine,90,A
1442,H,-7.197789,-1.973172,4.326309,14,['1439'],,"0.049319, 0.054519, -0.090110",-1.6567605356952395,-0.2159450166388167,1.4424185159674303,Alanine HB,Alanine HB,102,Alanine,90,A
1443,N,-4.910214,1.509464,4.86945,7,"['1435', '1444', '1447']",,"0.158096, -0.243289, -0.152357",-0.5400824693598313,-0.9040480354282112,-1.006135482267462,Alanine N,Leucine N,103,Leucine,91,A
1444,CA,-4.052602,2.521843,5.470192,8,"['1443', '1445', '1448', '1449']",,"0.389210, -0.518567, 0.005841",0.0,0.0,0.0,Alanine CA,Leucine CA,103,Leucine,91,A
1445,C,-4.642656,3.923348,5.324108,9,"['1444', '1446', '1462']",,"0.147677, -0.307632, -0.253386",1.527651963962014,-2.775557561562892e-17,-1.1102230246251563e-16,Alanine C,Leucine C,103,Leucine,91,A
1446,O,-4.709691,4.692841,6.28727,11,['1445'],,"-0.083842, -0.304010, -0.375497",2.1673919193327,1.055948387005877,-8.326672684688674e-17,Alanine O,Leucine O,103,Leucine,91,A
1447,HN,-4.488089,0.954851,4.111719,10,['1443'],,"0.121209, -0.208766, -0.239723",-1.139484089304836,-1.6630098561718285,-0.6530972174634369,Alanine HN,Leucine HN,103,Leucine,91,A
1448,H,-3.986634,2.33099,6.568095,12,['1444'],,"-0.021984, -0.014418, 0.363605",-0.3055618615370741,1.0432861890754328,-0.2536799528943066,Alanine HA,Leucine HA,103,Leucine,91,A
1449,C,-2.63435,2.534419,4.837611,19,"['1444', '1450', '1453', '1454']",,"0.352591, -0.102569, -0.022314",-0.4757693460747396,-0.3696247890070735,1.431354832851761,Leucine CB,Leucine CB,103,Leucine,91,A
1450,C,-1.737792,1.334503,5.239345,21,"['1449', '1451', '1452', '1455']",,"0.055969, -0.091272, 0.033441",-1.961312435013831,-0.0345056974267424,1.724376652072921,Leucine CG,Leucine CG,103,Leucine,91,A
1451,C,-0.676678,1.12239,4.136231,23,"['1450', '1456', '1457', '1458']",,"0.095235, -0.092879, 0.012358",-2.4602773187875493,-0.9603283718304504,2.8564993322987187,Leucine CD,Leucine CD,103,Leucine,91,A
1452,C,-1.05234,1.621844,6.599298,23,"['1450', '1459', '1460', '1461']",,"0.089882, -0.084688, 0.023864",-2.0925014918034592,1.4513051294295016,2.1451343911216654,Leucine CD,Leucine CD,103,Leucine,91,A
1453,H,-2.118225,3.482208,5.115771,20,['1449'],,"0.003573, -0.007442, -0.000973",0.167803077126391,0.1520983529616424,2.176795299270988,Leucine HB,Leucine HB,103,Leucine,91,A
1454,H,-2.743109,2.583845,3.725365,20,['1449'],,"0.002810, -0.011570, -0.045665",-0.2820564973624537,-1.4585750867762457,1.598762106604135,Leucine HB,Leucine HB,103,Leucine,91,A
1455,H,-2.357034,0.406528,5.316932,22,['1450'],,"0.007793, -0.026375, -0.019489",-2.5808970164129845,-0.2252891856515489,0.8131496743822849,Leucine HG,Leucine HG,103,Leucine,91,A
1456,H,-0.037338,0.240242,4.356714,24,['1451'],,"0.066310, -0.050427, 0.057016",-3.537609744298654,-0.789952073697173,3.070696075433997,Leucine HD,Leucine HD,103,Leucine,91,A
1457,H,0.002881,1.995492,4.016805,24,['1451'],,"0.018915, -0.039488, 0.018321",-1.910331022165703,-0.8093338370464535,3.8120776010230975,Leucine HD,Leucine HD,103,Leucine,91,A
1458,H,-1.152152,0.92981,3.148548,24,['1451'],,"-0.006917, -0.008249, 0.045240",-2.358854881136134,-2.0328223456541923,2.576945303857695,Leucine HD,Leucine HD,103,Leucine,91,A
1459,H,-0.380161,0.785628,6.898383,24,['1452'],,"0.116953, -0.110742, -0.014759",-3.147895248968222,1.7114721863659286,2.3880145338766527,Leucine HD,Leucine HD,103,Leucine,91,A
1460,H,-1.793761,1.747395,7.418787,24,['1452'],,"0.032014, -0.030694, -0.016786",-1.769309716739387,2.1415412752576044,1.335102593297469,Leucine HD,Leucine HD,103,Leucine,91,A
1461,H,-0.426875,2.542017,6.575422,24,['1452'],,"-0.009102, -0.028562, 0.004008",-1.487614476542189,1.6939039070845507,3.047216655318556,Leucine HD,Leucine HD,103,Leucine,91,A
1462,N,-5.048117,4.271203,4.079545,7,"['1445', '1463', '1466']",,"0.096971, -0.128323, -0.292725",-0.5110432414319429,-0.902880389342932,-1.0125107671337072,Alanine N,Valine N,104,Valine,92,A
1463,CA,-5.641118,5.550098,3.741442,8,"['1462', '1464', '1467', '1468']",,"0.574695, 0.019190, -0.220548",0.0,0.0,0.0,Alanine CA,Valine CA,104,Valine,92,A
1464,C,-6.927944,5.779211,4.545519,9,"['1463', '1465', '1478']",,"0.141649, -0.208825, -0.266996",1.5345858538947896,-2.775557561562892e-17,-1.1102230246251563e-16,Alanine C,Valine C,104,Valine,92,A
1465,O,-7.132864,6.839412,5.137863,11,['1464'],,"0.024601, -0.144033, -0.287595",2.1750794435016614,1.0519780144135644,-2.220446049250313e-16,Alanine O,Valine O,104,Valine,92,A
1466,HN,-4.966325,3.59927,3.302745,10,['1462'],,"0.005702, -0.160419, -0.173735",-1.086969097243718,-1.6827454097103474,-0.6636238422313743,Alanine HN,Valine HN,104,Valine,92,A
1467,H,-4.942031,6.357506,4.065237,12,['1463'],,"0.239419, 0.411366, 0.132673",-0.2960144232986942,1.0400894429451877,-0.2757950795991643,Alanine HA,Valine HA,104,Valine,92,A
1468,C,-5.858756,5.667658,2.193347,15,"['1463', '1469', '1470', '1471']",,"0.005237, 0.105470, -0.238021",-0.6111035232514881,-0.3387535500253837,1.403418432928618,Valine CB,Valine CB,104,Valine,92,A
1469,C,-6.658528,6.92849,1.822231,17,"['1468', '1472', '1473', '1474']",,"0.016253, -0.013787, -0.033761",0.0533327891048134,0.4742188496673181,2.527989432832247,Valine CG,Valine CG,104,Valine,92,A
1470,C,-4.504335,5.72084,1.442895,17,"['1468', '1475', '1476', '1477']",,"0.022928, -0.018064, 0.031938",-2.132126708145272,-0.0454817191365218,1.4341247660158416,Valine CG,Valine CG,104,Valine,92,A
1471,H,-6.429526,4.764066,1.858381,16,['1468'],,"-0.029112, -0.026656, 0.028194",-0.4429027379471701,-1.4292455212760966,1.595758946031675,Valine HB,Valine HB,104,Valine,92,A
1472,H,-6.794286,7.028964,0.722164,18,['1469'],,"-0.070096, 0.006179, -0.057299",-0.3942288430748659,0.2549979506664145,3.523129345895178,Valine HG,Valine HG,104,Valine,92,A
1473,H,-6.167409,7.854028,2.197538,18,['1469'],,"0.017713, -0.005944, 0.014629",-0.0236626970461363,1.5695289766728495,2.3462169743972483,Valine HG,Valine HG,104,Valine,92,A
1474,H,-7.676588,6.888222,2.260585,18,['1469'],,"-0.010512, 0.012673, -0.026240",1.1306987248964713,0.2228248767858677,2.6073973388281,Valine HG,Valine HG,104,Valine,92,A
1475,H,-4.657534,5.771237,0.341766,18,['1470'],,"0.017969, -0.009119, 0.020402",-2.573096131250872,-0.3163852692892228,2.419341544319773,Valine HG,Valine HG,104,Valine,92,A
1476,H,-3.886114,4.816909,1.633988,18,['1470'],,"0.005395, -0.068549, -0.036883",-2.6853650371923266,-0.6324673725617731,0.6691540566438068,Valine HG,Valine HG,104,Valine,92,A
1477,H,-3.897197,6.607418,1.734033,18,['1470'],,"0.001259, 0.007121, 0.010134",-2.356328598300053,1.0301965446746264,1.255104595679486,Valine HG,Valine HG,104,Valine,92,A
1478,N,-7.79562,4.740706,4.608857,7,"['1464', '1479', '1482']",,"0.101778, -0.267206, -0.303570",-0.5926166206886655,-1.1174823180503743,-0.7023059084966515,Alanine N,Arginine N,105,Arginine,93,A
1479,CA,-9.058564,4.736009,5.314651,8,"['1478', '1480', '1483', '1484']",,"0.137941, -0.043227, -0.649137",0.0,0.0,0.0,Alanine CA,Arginine CA,105,Arginine,93,A
1480,C,-8.935785,4.976833,6.820748,9,"['1479', '1481', '1502']",,"0.213518, -0.147711, -0.173074",1.5301630812517997,7.37257477290143e-18,0.0,Alanine C,Arginine C,105,Arginine,93,A
1481,O,-9.840298,5.567587,7.415835,11,['1480'],,"0.367817, -0.064363, -0.049367",2.13628885730258,1.074185336364653,0.0,Alanine O,Arginine O,105,Arginine,93,A
1482,HN,-7.58108,3.884386,4.087039,10,['1478'],,"0.094872, -0.350748, -0.266547",-1.223784590429449,-1.7020077213792133,-0.1441281357749529,Alanine HN,Arginine HN,105,Arginine,93,A
1483,H,-9.629352,5.617455,4.933223,12,['1479'],,"-0.158078, 0.388776, -0.089384",-0.2825025647007272,0.913484968877344,-0.5779020882612109,Alanine HA,Arginine HA,105,Arginine,93,A
1484,C,-9.865898,3.425112,5.035611,202,"['1479', '1485', '1491', '1492']",,"-0.047935, -0.114464, -0.094462",-0.5457460302275985,0.1122377187072387,1.462076064627012,Arginine CB,Arginine CB,105,Arginine,93,A
1485,C,-11.253088,3.327083,5.714506,204,"['1484', '1486', '1493', '1494']",,"0.262902, -0.013116, -0.072813",-0.004263755520532,1.296963991178367,2.297554853981193,Arginine CG,Arginine CG,105,Arginine,93,A
1486,C,-12.207119,4.444863,5.23371,206,"['1485', '1487', '1495', '1496']",,"0.021812, 0.004695, -0.081228",-0.3781272617377904,2.659633222512112,1.6697565458660484,Arginine CD,Arginine CD,105,Arginine,93,A
1487,N,-13.467099,4.409995,5.95664,208,"['1486', '1488', '1497']",,"-0.054825, 0.099801, -0.026507",0.2268452277309101,3.7605481805505647,2.40009051390891,Arginine NE,Arginine NE,105,Arginine,93,A
1488,C,-13.763038,4.999576,7.127852,210,"['1487', '1489', '1490']",,"-0.074442, 0.187080, 0.255865",1.448681686036717,4.293384043553779,2.2265255160598567,Arginine CZ,Arginine CZ,105,Arginine,93,A
1489,N,-12.843305,5.608851,7.873099,211,"['1488', '1498', '1499']",,"-0.031301, 0.147188, 0.226653",2.3518966625968347,3.75720665469891,1.4084580239045466,Arginine NH,Arginine NH,105,Arginine,93,A
1490,N,-15.04221,4.98779,7.509397,211,"['1488', '1500', '1501']",,"-0.026794, 0.170563, 0.194401",1.719731206375228,5.422451257641975,2.885111794386686,Arginine NH,Arginine NH,105,Arginine,93,A
1491,H,-9.250977,2.554557,5.373378,203,['1484'],,"0.073522, -0.027198, 0.015694",-0.3009625047803761,-0.8353238482611377,2.002713182321554,Arginine HB,Arginine HB,105,Arginine,93,A
1492,H,-9.983763,3.274402,3.936375,203,['1484'],,"0.040407, -0.030362, -0.012796",-1.6608702902973742,0.1488630496152083,1.4530253320203244,Arginine HB,Arginine HB,105,Arginine,93,A
1493,H,-11.107817,3.365708,6.819522,205,['1485'],,"0.054464, 0.076378, -0.004611",1.1011081871075024,1.1843247651201738,2.3930597623667644,Arginine HG,Arginine HG,105,Arginine,93,A
1494,H,-11.671034,2.321057,5.471664,205,['1485'],,"0.053603, -0.012836, -0.086973",-0.4351549547073611,1.2042293906516524,3.322968174006092,Arginine HG,Arginine HG,105,Arginine,93,A
1495,H,-12.407112,4.312944,4.145081,207,['1486'],,"0.011204, -0.011061, -0.129051",-1.4864438154404265,2.777783091707358,1.6834659385899708,Arginine HD,Arginine HD,105,Arginine,93,A
1496,H,-11.748891,5.452921,5.337297,207,['1486'],,"0.139719, 0.156928, -0.054088",-0.0807488901653024,2.717756985212325,0.5996762543703753,Arginine HD,Arginine HD,105,Arginine,93,A
1497,HN,-14.231531,4.057807,5.359351,209,['1487'],,"-0.233832, -0.116529, -0.239900",-0.4778160620911568,4.277271547624086,2.949268306645932,Arginine HE,Arginine HE,105,Arginine,93,A
1498,HN,-11.851705,5.643331,7.603937,212,['1489'],,"0.070122, 0.005215, 0.025593",2.1719597551080243,2.8936161076322184,0.8804980926745188,Arginine HH,Arginine HH,105,Arginine,93,A
1499,HN,-13.123476,6.057173,8.760567,212,['1489'],,"-0.239242, 0.224591, 0.410793",3.273485016016887,4.211307566150303,1.300963256550364,Arginine HH,Arginine HH,105,Arginine,93,A
1500,HN,-15.753883,4.485727,6.9619,212,['1490'],,"0.056538, 0.044749, 0.066329",1.044724129650421,5.823175956774776,3.5500056519183643,Arginine HH,Arginine HH,105,Arginine,93,A
1501,HN,-15.342388,5.617919,8.273912,212,['1490'],,"-0.015847, 0.435696, 0.338416",2.547308603258336,5.978317229968416,2.606218900020839,Arginine HH,Arginine HH,105,Arginine,93,A
1502,N,-7.850689,4.477293,7.466433,7,"['1480', '1503', '1506']",,"0.163732, -0.256736, -0.084790",-0.5971460612168122,-1.320088523205996,0.1354671940620981,Alanine N,Glutamine N,106,Glutamine,94,A
1503,CA,-7.569022,4.688997,8.878316,8,"['1502', '1504', '1507', '1508']",,"-0.271096, -0.388309, 0.005450",0.0,0.0,0.0,Alanine CA,Glutamine CA,106,Glutamine,94,A
1504,C,-6.705047,5.928094,9.170919,9,"['1503', '1505', '1519']",,"-0.115602, -0.131706, -0.195398",1.5386457329882663,0.0,-1.1102230246251563e-16,Alanine C,Glutamine C,106,Glutamine,94,A
1505,O,-6.312891,6.146532,10.318626,11,['1504'],,"-0.181364, -0.038062, -0.301782",2.1530180616146177,1.0683068322571172,-1.1102230246251563e-16,Alanine O,Glutamine O,106,Glutamine,94,A
1506,HN,-7.147547,3.920994,6.958572,10,['1502'],,"0.162550, -0.178730, -0.153242",-0.7468965592008456,-1.6352119870018074,1.1050403144634755,Alanine HN,Glutamine HN,106,Glutamine,94,A
1507,H,-8.531599,4.902931,9.402272,12,['1503'],,"-0.336807, 0.123080, 0.193601",-0.2685779966428119,0.407753478714441,-1.0042186452842852,Alanine HA,Glutamine HA,106,Glutamine,94,A
1508,C,-6.917841,3.442543,9.554687,167,"['1503', '1509', '1513', '1514']",,"-0.010966, -0.404315, 0.183452",-0.5095163279252263,1.0038315296325533,1.0806837512478662,Glutamine CB,Glutamine CB,106,Glutamine,94,A
1509,C,-7.763488,2.149662,9.502905,169,"['1508', '1510', '1515', '1516']",,"0.262391, -0.004505, -0.137485",-2.0353870033459365,1.2509349491615138,1.080977421539751,Glutamine CG,Glutamine CG,106,Glutamine,94,A
1510,C,-9.063431,2.208226,10.294246,171,"['1509', '1511', '1512']",,"0.097293, -0.045408, -0.159506",-2.5676752413299857,1.9419938313010912,-0.1674651989862514,Glutamine CD,Glutamine CD,106,Glutamine,94,A
1511,O,-9.100138,2.527231,11.484905,172,['1510'],,"0.172104, 0.045934, -0.252775",-2.104960148262861,3.0067967785867578,-0.5832414299743163,Glutamine OE1,Glutamine OE1,106,Glutamine,94,A
1512,N,-10.177647,1.828682,9.631372,173,"['1510', '1517', '1518']",,"0.096053, 0.116317, -0.132242",-3.6250372360435583,1.3513166195307695,-0.7658120265859086,Glutamine NE2,Glutamine NE2,106,Glutamine,94,A
1513,H,-6.715507,3.673775,10.62955,168,['1508'],,"0.008554, 0.112686, 0.064053",-0.0052816513462241,1.9901551892975924,0.930181978935263,Glutamine HB,Glutamine HB,106,Glutamine,94,A
1514,H,-5.921017,3.250721,9.090681,168,['1508'],,"-0.020640, 0.029881, 0.009302",-0.1925002711486791,0.649720222538805,2.090565594153365,Glutamine HB,Glutamine HB,106,Glutamine,94,A
1515,H,-7.162502,1.328294,9.951469,170,['1509'],,"0.053055, -0.054641, 0.004595",-2.2740816978944447,1.922773524961038,1.9346149304263165,Glutamine HG,Glutamine HG,106,Glutamine,94,A
1516,H,-7.926223,1.852293,8.440099,170,['1509'],,"0.019238, -0.049213, -0.179659",-2.568354543471856,0.2951013416415166,1.2972996624892978,Glutamine HG,Glutamine HG,106,Glutamine,94,A
1517,HN,-10.120698,1.520389,8.647282,174,['1512'],,"0.055766, -0.035772, -0.125400",-4.028476502215906,0.483967421225372,-0.3763726638356819,Glutamine HE2,Glutamine HE2,106,Glutamine,94,A
1518,HN,-11.070633,1.904535,10.136842,174,['1512'],,"0.038565, 0.060737, 0.029615",-3.969253129828537,1.7800207366197158,-1.6355279532894471,Glutamine HE2,Glutamine HE2,106,Glutamine,94,A
1519,N,-6.373982,6.762115,8.153716,1,"['1504', '1520', '1523']",,"-0.192192, 0.023542, -0.283114",-0.6378778449621594,-1.1436955879299386,0.6103387024800451,Glycine N,Glycine N,107,Glycine,95,A
1520,CA,-5.549014,7.935498,8.32704,2,"['1519', '1521', '1524', '1525']",,"-0.599383, 0.047997, 0.105475",0.0,0.0,0.0,Glycine CA,Glycine CA,107,Glycine,95,A
1521,C,-4.080769,7.683923,8.656705,3,"['1520', '1522', '1526']",,"-0.314642, -0.162883, -0.184421",1.5256842310501209,0.0,5.551115123125783e-17,Glycine C,Glycine C,107,Glycine,95,A
1522,O,-3.43783,8.512057,9.306129,5,['1521'],,"-0.049136, -0.300591, -0.274335",2.148189533678368,1.064619725372734,0.0,Glycine O,Glycine O,107,Glycine,95,A
1523,HN,-6.67451,6.607206,7.182146,4,['1519'],,"-0.067110, -0.063494, -0.281749",-1.1114818260675143,-1.7614245779350963,-0.062247578939197,Glycine HN,Glycine HN,107,Glycine,95,A
1524,H,-5.578271,8.561909,7.408064,6,['1520'],,"0.033119, 0.095943, -0.081284",-0.3300158735883663,0.1019832148509545,-1.057569169659541,Glycine HA,Glycine HA,107,Glycine,95,A
1525,H,-5.964103,8.574897,9.138849,6,['1520'],,"-0.012483, 0.171112, 0.231385",-0.3294811128112692,0.9345526003696124,0.5081510061448699,Glycine HA,Glycine HA,107,Glycine,95,A
1526,N,-3.527829,6.518281,8.240413,7,"['1521', '1527', '1530']",,"-0.101883, -0.268487, 0.014871",-0.5899871230535682,-1.3106129055143123,-0.2232894765977719,Alanine N,Leucine N,108,Leucine,96,A
1527,CA,-2.130747,6.140577,8.385846,8,"['1526', '1528', '1531', '1532']",,"-0.150233, -0.241489, 0.518941",0.0,0.0,0.0,Alanine CA,Leucine CA,108,Leucine,96,A
1528,C,-1.311512,6.271419,7.091761,9,"['1527', '1529', '1545']",,"-0.215583, -0.013688, 0.086029",1.5371797557260511,1.1102230246251563e-16,2.775557561562892e-17,Alanine C,Leucine C,108,Leucine,96,A
1529,O,-0.085076,6.154538,7.12248,11,['1528'],,"-0.209480, 0.008865, 0.038905",2.154995175168935,1.066327433163292,0.0,Alanine O,Leucine O,108,Leucine,96,A
1530,HN,-4.090577,5.830196,7.720795,10,['1526'],,"-0.206113, -0.254441, -0.201974",-0.5110265566475448,-1.9431536458736536,0.5852935960617393,Alanine HN,Leucine HN,108,Leucine,96,A
1531,H,-1.627527,6.862812,9.073309,12,['1527'],,"0.194833, 0.284944, 0.209594",-0.2490804646358063,0.6637318711912175,-0.8630631873135446,Alanine HA,Leucine HA,108,Leucine,96,A
1532,C,-2.014983,4.706189,8.979719,19,"['1527', '1533', '1536', '1537']",,"0.071842, -0.181196, 0.188460",-0.5603524325326243,0.6321392264666241,1.3076545905115573,Leucine CB,Leucine CB,108,Leucine,96,A
1533,C,-2.568414,4.596859,10.433879,21,"['1532', '1534', '1535', '1538']",,"-0.027742, 0.060269, 0.008269",-2.0888019427431392,0.9350489182334274,1.237597188104829,Leucine CG,Leucine CG,108,Leucine,96,A
1534,C,-2.614809,3.114054,10.868753,23,"['1533', '1539', '1540', '1541']",,"-0.005230, 0.026153, -0.016022",-2.605843295235842,1.3563137506667564,2.6322952703769165,Leucine CD,Leucine CD,108,Leucine,96,A
1535,C,-1.690031,5.39521,11.431333,23,"['1533', '1542', '1543', '1544']",,"0.027738, -0.017733, 0.014979",-2.3924296214869,2.0624653979109686,0.2175100300353936,Leucine CD,Leucine CD,108,Leucine,96,A
1536,H,-0.945501,4.390219,8.952632,20,['1532'],,"0.040621, 0.034046, -0.034923",0.0055331229365458,1.568190553026931,1.526615653143796,Leucine HB,Leucine HB,108,Leucine,96,A
1537,H,-2.54687,3.993283,8.304681,20,['1532'],,"0.008023, 0.007942, -0.003958",-0.33621595425181,-0.0507763964103483,2.162174419528667,Leucine HB,Leucine HB,108,Leucine,96,A
1538,H,-3.612345,4.997945,10.464402,22,['1533'],,"-0.025322, 0.023122, -0.011845",-2.636717872347732,0.0087430612728454,0.9320826072219274,Leucine HG,Leucine HG,108,Leucine,96,A
1539,H,-3.079301,3.000438,11.874239,24,['1534'],,"-0.011601, 0.034106, -0.029146",-3.709538677823457,1.5029641945033587,2.6285993952024467,Leucine HD,Leucine HD,108,Leucine,96,A
1540,H,-1.596901,2.666293,10.917425,24,['1534'],,"0.021744, 0.009439, 0.013210",-2.1424399698638226,2.309052255806092,2.973678152238352,Leucine HD,Leucine HD,108,Leucine,96,A
1541,H,-3.221089,2.497759,10.166884,24,['1534'],,"-0.001656, -0.015716, -0.001171",-2.3905431148618934,0.5815921205674637,3.4026635503399745,Leucine HD,Leucine HD,108,Leucine,96,A
1542,H,-2.033642,5.258669,12.481466,24,['1535'],,"-0.011863, 0.003570, -0.007617",-3.471239573436032,2.3375278202895315,0.2185264264868119,Leucine HD,Leucine HD,108,Leucine,96,A
1543,H,-1.722683,6.488724,11.232149,24,['1535'],,"-0.000872, -0.009238, 0.004747",-2.149069062765966,1.7583118827923503,-0.8240174851345252,Leucine HD,Leucine HD,108,Leucine,96,A
1544,H,-0.620036,5.086167,11.389641,24,['1535'],,"0.050514, 0.002383, -0.000173",-1.813385734053848,2.99030297687083,0.4318945029673745,Leucine HD,Leucine HD,108,Leucine,96,A
1545,N,-1.963295,6.59576,5.949663,7,"['1528', '1546', '1549']",,"-0.188154, 0.008909, 0.040343",-0.4539957758464726,1.1886573829969236,0.7010932256215759,Alanine N,Alanine N,109,Alanine,97,A
1546,CA,-1.330857,6.971052,4.696775,8,"['1545', '1547', '1550', '1551']",,"0.214885, -0.668671, 0.194344",0.0,0.0,0.0,Alanine CA,Alanine CA,109,Alanine,97,A
1547,C,-2.169182,8.075949,4.050042,9,"['1546', '1548', '1555']",,"0.394106, -0.012440, -0.094148",1.5303103474534172,0.0,1.1102230246251563e-16,Alanine C,Alanine C,109,Alanine,97,A
1548,O,-3.388744,8.131148,4.224623,11,['1547'],,"0.193471, 0.102818, -0.096556",2.164476633328016,1.0576814496179916,0.0,Alanine O,Alanine O,109,Alanine,97,A
1549,HN,-2.98787,6.678933,5.915076,10,['1545'],,"-0.214955, 0.073214, -0.033109",0.1819490773961956,1.9873768691268427,0.5766373489683647,Alanine HN,Alanine HN,109,Alanine,97,A
1550,H,-0.309073,7.373546,4.904527,12,['1546'],,"0.340146, 0.123708, 0.055233",-0.3569424553699085,-0.9088570566726836,0.5438527284906892,Alanine HA,Alanine HA,109,Alanine,97,A
1551,C,-1.249077,5.763222,3.735498,13,"['1546', '1552', '1553', '1554']",,"0.053406, -0.212286, -0.112679",-0.5106130304021789,-0.0098459885643619,-1.4590312326066548,Alanine CB,Alanine CB,109,Alanine,97,A
1552,H,-0.745682,6.044798,2.785391,14,['1551'],,"-0.011177, 0.017238, 0.032254",-0.1815494417216298,-0.92971686626058,-1.9890780269758568,Alanine HB,Alanine HB,109,Alanine,97,A
1553,H,-2.259841,5.376009,3.474551,14,['1551'],,"-0.041971, 0.002573, 0.009007",-0.1261934351423304,0.8618467693672813,-2.035264187602966,Alanine HB,Alanine HB,109,Alanine,97,A
1554,H,-0.667324,4.924992,4.171825,14,['1551'],,"0.010397, 0.017473, 0.027489",-1.618913035396837,0.0121526877305333,-1.5103585548445526,Alanine HB,Alanine HB,109,Alanine,97,A
1555,N,-1.49842,8.94569,3.262005,7,"['1547', '1556', '1559']",,"0.269753, -0.081928, 0.004054",-0.4238950561384922,1.2198584274849158,0.6663914038133836,Alanine N,Lysine N,110,Lysine,98,A
1556,CA,-2.117338,9.915599,2.374291,8,"['1555', '1557', '1560', '1561']",,"0.145438, 0.144641, 0.535097",0.0,0.0,0.0,Alanine CA,Lysine CA,110,Lysine,98,A
1557,C,-2.131178,9.293164,0.970635,9,"['1556', '1558', '1577']",,"-0.326075, 0.272943, 0.049770",1.5355347736736535,5.551115123125783e-17,0.0,Alanine C,Lysine C,110,Lysine,98,A
1558,O,-1.268544,8.473968,0.628173,11,['1557'],,"-0.326087, 0.252333, 0.044846",2.1728738073124934,1.061272199775492,-1.1102230246251563e-16,Alanine O,Lysine O,110,Lysine,98,A
1559,HN,-0.494297,8.788875,3.090808,10,['1555'],,"0.350062, -0.105384, -0.076779",-0.2128859770918317,2.085608991196796,0.1485946423756149,Alanine HN,Lysine HN,110,Lysine,98,A
1560,H,-3.17525,10.101137,2.688587,12,['1556'],,"-0.388505, 0.051433, 0.092072",-0.3529762519342284,-0.8925624748327206,0.5754338527536879,Alanine HA,Lysine HA,110,Lysine,98,A
1561,C,-1.315869,11.256929,2.317815,182,"['1556', '1562', '1566', '1567']",,"-0.042822, 0.150669, -0.061969",-0.4993115143981407,-0.0658324597266607,-1.4802237547995138,Lysine CB,Lysine CB,110,Lysine,98,A
1562,C,-1.100914,11.974188,3.675975,184,"['1561', '1563', '1568', '1569']",,"-0.128468, -0.225767, -0.021758",-2.033507649982159,0.0383224218154568,-1.6818637531034537,Lysine CG,Lysine CG,110,Lysine,98,A
1563,C,-0.205919,13.23467,3.53223,186,"['1562', '1564', '1570', '1571']",,"-0.295029, -0.351972, -0.249784",-2.421116138538924,0.0719957094814652,-3.1849004514812744,Lysine CD,Lysine CD,110,Lysine,98,A
1564,C,0.149547,13.914808,4.876838,188,"['1563', '1565', '1572', '1573']",,"0.304516, 0.151467, -0.127073",-3.929143486417233,0.3076734895558077,-3.44417627352094,Lysine CE,Lysine CE,110,Lysine,98,A
1565,N,1.298629,14.81102,4.767148,190,"['1564', '1574', '1575', '1576']",,"0.305695, 0.004564, -0.004923",-4.20251403565965,0.7494624057213922,-4.810085635128853,Lysine NZ,Lysine NZ,110,Lysine,98,A
1566,H,-1.851985,11.944343,1.61728,183,['1561'],,"-0.069130, -0.005116, -0.054991",-0.1327555249408653,-1.0262953002956132,-1.9205139972035643,Lysine HB,Lysine HB,110,Lysine,98,A
1567,H,-0.32685,11.052206,1.840174,183,['1561'],,"-0.014323, -0.025282, -0.018065",0.0113785764324961,0.7435365618106791,-2.056703097078216,Lysine HB,Lysine HB,110,Lysine,98,A
1568,H,-0.630904,11.257624,4.390585,185,['1562'],,"-0.012556, -0.070953, 0.001681",-2.40051792476202,0.9632841546634328,-1.1770964113816662,Lysine HG,Lysine HG,110,Lysine,98,A
1569,H,-2.088674,12.246645,4.116271,185,['1562'],,"-0.061526, 0.001083, 0.019579",-2.537527689020028,-0.8142619092735947,-1.1691972331368188,Lysine HG,Lysine HG,110,Lysine,98,A
1570,H,-0.709622,13.973342,2.863431,187,['1563'],,"-0.025191, 0.004494, -0.052553",-2.1046402887726714,-0.8818525593700149,-3.6713792842353454,Lysine HD,Lysine HD,110,Lysine,98,A
1571,H,0.73407,12.943621,3.004783,187,['1563'],,"0.027117, -0.038270, -0.091674",-1.829463120734924,0.8755969342263608,-3.685560971637321,Lysine HD,Lysine HD,110,Lysine,98,A
1572,H,0.402316,13.148262,5.644602,189,['1564'],,"0.031116, 0.069082, 0.006447",-4.322524228416879,1.09332061922581,-2.759372157997315,Lysine HE,Lysine HE,110,Lysine,98,A
1573,H,-0.727252,14.478577,5.273755,189,['1564'],,"0.043653, 0.012611, 0.048297",-4.51259467441189,-0.6178823780339089,-3.227182900698472,Lysine HE,Lysine HE,110,Lysine,98,A
1574,HN,1.476239,15.337381,5.616994,191,['1565'],,"0.071417, -0.056268, -0.011313",-5.194334666831288,0.808924663151054,-5.018881022196347,Lysine HN,Lysine HN,110,Lysine,98,A
1575,HN,1.272331,15.458199,3.983808,191,['1565'],,"0.113130, -0.084016, 0.019280",-3.748550370071476,0.2086807118350136,-5.541266835877428,Lysine HN,Lysine HN,110,Lysine,98,A
1576,HN,2.142845,14.253638,4.628506,191,['1565'],,"0.437621, -0.178168, -0.030983",-3.857451325282628,1.7034233332362,-4.926220158102637,Lysine HN,Lysine HN,110,Lysine,98,A
1577,N,-3.05748,9.770582,0.106261,7,"['1557', '1578', '1581']",,"-0.316775, 0.229590, 0.119579",-0.3906508857726102,0.8833959779150713,1.092149200776867,Alanine N,Valine N,111,Valine,99,A
1578,CA,-3.010078,9.519093,-1.329111,8,"['1577', '1579', '1582', '1583']",,"-0.504339, -0.240997, 0.409079",0.0,0.0,0.0,Alanine CA,Valine CA,111,Valine,99,A
1579,C,-1.860774,10.387288,-1.861172,9,"['1578', '1580', '1593']",,"-0.081734, -0.462996, -0.154805",1.5354970368457246,0.0,-5.551115123125783e-17,Alanine C,Valine C,111,Valine,99,A
1580,O,-1.800152,11.595909,-1.586801,11,['1579'],,"0.008263, -0.562164, 0.043754",2.1691743961656704,1.0668515353371817,0.0,Alanine O,Valine O,111,Valine,99,A
1581,HN,-3.730474,10.487633,0.425342,10,['1577'],,"-0.290482, 0.378074, 0.160021",-0.5995116985754818,1.863608838972476,0.838268021697,Alanine HN,Valine HN,111,Valine,99,A
1582,H,-2.769,8.438831,-1.499518,12,['1578'],,"0.083182, -0.385961, -0.097739",-0.3713059842317904,-1.0333951961243262,0.2198849041608473,Alanine HA,Valine HA,111,Valine,99,A
1583,C,-4.35829,9.846942,-2.055509,15,"['1578', '1584', '1585', '1586']",,"-0.174430, -0.004960, -0.130192",-0.5720496455137432,0.4477719960585521,-1.387470381940581,Valine CB,Valine CB,111,Valine,99,A
1584,C,-4.249354,9.574303,-3.578993,17,"['1583', '1587', '1588', '1589']",,"0.035584, -0.080193, 0.001095",-0.1167682820934117,-0.5171369806955853,-2.5139126225256936,Valine CG,Valine CG,111,Valine,99,A
1585,C,-5.499985,8.979659,-1.473911,17,"['1583', '1590', '1591', '1592']",,"0.063911, 0.007335, 0.048638",-2.118500697494236,0.468483746503347,-1.3431569986355365,Valine CG,Valine CG,111,Valine,99,A
1586,H,-4.599984,10.926323,-1.887392,16,['1583'],,"0.017228, 0.037719, 0.024299",-0.200909360962834,1.479643599018376,-1.6093679769581763,Valine HB,Valine HB,111,Valine,99,A
1587,H,-5.220105,9.713689,-4.103428,18,['1584'],,"0.041358, -0.036885, 0.003465",-0.5828338955895467,-0.2724342804772719,-3.4935663688280982,Valine HG,Valine HG,111,Valine,99,A
1588,H,-3.904358,8.535722,-3.793985,18,['1584'],,"0.069792, -0.099783, -0.022171",-0.3712765492026664,-1.578247983677201,-2.2833409959854896,Valine HG,Valine HG,111,Valine,99,A
1589,H,-3.522425,10.262167,-4.064229,18,['1584'],,"-0.003861, -0.027958, -0.012523",0.9843980527927704,-0.4754105528948966,-2.664671494136373,Valine HG,Valine HG,111,Valine,99,A
1590,H,-6.47143,9.180678,-1.975622,18,['1585'],,"0.026464, -0.039172, 0.021620",-2.5581114951748702,0.773100926932383,-2.317722888587088,Valine HG,Valine HG,111,Valine,99,A
1591,H,-5.646723,9.183029,-0.391211,18,['1585'],,"0.027672, 0.006629, 0.022308",-2.4885074016876243,1.1887602134956154,-0.5819556208825256,Valine HG,Valine HG,111,Valine,99,A
1592,H,-5.283984,7.893733,-1.575105,18,['1585'],,"0.011613, 0.012437, -0.000922",-2.535761893092605,-0.5276569971931616,-1.079095171578718,Valine HG,Valine HG,111,Valine,99,A
1593,N,-0.93286,9.77184,-2.627145,7,"['1579', '1594', '1597']",,"-0.059480, -0.289547, -0.028052",-0.495755318398996,1.2939982493808269,0.4516387820952325,Alanine N,Alanine N,112,Alanine,100,A
1594,CA,0.305861,10.371602,-3.106768,8,"['1593', '1595', '1598', '1599']",,"-0.205943, 0.194736, 0.735513",0.0,0.0,0.0,Alanine CA,Alanine CA,112,Alanine,100,A
1595,C,0.897631,9.516256,-4.231367,9,"['1594', '1596', '1603']",,"0.052785, 0.271708, 0.160336",1.5318392289718252,5.551115123125783e-17,0.0,Alanine C,Alanine C,112,Alanine,100,A
1596,O,0.561205,8.345684,-4.376672,11,['1595'],,"0.126154, 0.118636, -0.029431",2.1621711223749536,1.0522435591838168,-1.1102230246251563e-16,Alanine O,Alanine O,112,Alanine,100,A
1597,HN,-1.097897,8.809033,-2.955456,10,['1593'],,"-0.035380, -0.335160, -0.158874",0.2191287061836774,2.0349376218649846,0.4960496032794965,Alanine HN,Alanine HN,112,Alanine,100,A
1598,H,0.085037,11.388604,-3.513198,12,['1594'],,"-0.093129, 0.325789, -0.086824",-0.3547988779258486,-0.7921034661558748,0.703513686438587,Alanine HA,Alanine HA,112,Alanine,100,A
1599,C,1.306666,10.461645,-1.929937,13,"['1594', '1600', '1601', '1602']",,"0.170635, 0.086287, 0.280501",-0.5276235883706214,-0.2665923569413754,-1.4301019042887648,Alanine CB,Alanine CB,112,Alanine,100,A
1600,H,2.287978,10.888299,-2.237243,14,['1599'],,"0.033052, -0.007981, 0.041180",-0.1611554762915271,-1.2320642087402935,-1.8460455073278683,Alanine HB,Alanine HB,112,Alanine,100,A
1601,H,1.506512,9.456908,-1.497688,14,['1599'],,"-0.036416, -0.013414, 0.010229",-0.2067323101123073,0.5353205213625738,-2.1302723007166784,Alanine HB,Alanine HB,112,Alanine,100,A
1602,H,0.917422,11.103689,-1.108262,14,['1599'],,"-0.038519, 0.028089, -0.005398",-1.6397295719550975,-0.3036603365558113,-1.4570730232849567,Alanine HB,Alanine HB,112,Alanine,100,A
1603,N,1.83324,10.110818,-5.013692,7,"['1595', '1604', '1607']",,"0.113599, 0.063739, 0.158979",-0.5990715960605619,-1.048647187259412,0.8152823735543258,Alanine N,Tyrosine N,113,Tyrosine,101,A
1604,CA,2.552289,9.451183,-6.095858,8,"['1603', '1605', '1608', '1609']",,"0.433590, -0.183684, 0.418068",0.0,0.0,0.0,Alanine CA,Tyrosine CA,113,Tyrosine,101,A
1605,C,1.644467,8.820512,-7.166567,9,"['1604', '1606', '1624']",,"0.023983, 0.029007, 0.117104",1.5389296464120767,1.6653345369377348e-16,0.0,Alanine C,Tyrosine C,113,Tyrosine,101,A
1606,O,1.928707,7.745557,-7.696511,11,['1605'],,"-0.002454, 0.116438, 0.110200",2.18049206749018,1.05145562560738,2.220446049250313e-16,Alanine O,Tyrosine O,113,Tyrosine,101,A
1607,HN,2.169371,11.053037,-4.776704,10,['1603'],,"0.037318, 0.055310, 0.060774",-1.3483732310062766,-1.583303841950577,0.3574468935747471,Alanine HN,Tyrosine HN,113,Tyrosine,101,A
1608,H,3.11632,10.234103,-6.657182,12,['1604'],,"0.177939, 0.156153, -0.185494",-0.2630334869626711,-0.2045363640138227,-1.0654377451870485,Alanine HA,Tyrosine HA,113,Tyrosine,101,A
1609,C,3.572581,8.424985,-5.515883,70,"['1604', '1610', '1617', '1618']",,"0.218792, -0.273047, 0.083178",-0.5848445765791683,1.3894875491588954,0.3971527074959228,Tyrosine CB,Tyrosine CB,113,Tyrosine,101,A
1610,C,4.595007,9.10478,-4.627965,72,"['1609', '1611', '1612']",,"0.033244, -0.058977, 0.059001",-2.084334568119103,1.4383102892988693,0.1849720119984508,Tyrosine CG,Tyrosine CG,113,Tyrosine,101,A
1611,C,4.540109,9.021202,-3.225595,73,"['1610', '1613', '1619']",,"0.092937, 0.009391, 0.061284",-2.993396493462893,1.356785958657715,1.2543647783812015,Tyrosine CD,Tyrosine CD,113,Tyrosine,101,A
1612,C,5.60998,9.88016,-5.211276,73,"['1610', '1614', '1620']",,"0.085411, 0.021471, 0.126498",-2.594993494678355,1.5255598671586144,-1.1201145865606832,Tyrosine CD,Tyrosine CD,113,Tyrosine,101,A
1613,C,5.487261,9.684064,-2.434936,75,"['1611', '1615', '1621']",,"0.082964, 0.032337, 0.080735",-4.373874785976167,1.3789739285505047,1.018967296829948,Tyrosine CE,Tyrosine CE,113,Tyrosine,101,A
1614,C,6.565103,10.522921,-4.422767,75,"['1612', '1615', '1622']",,"0.132504, 0.004859, 0.079809",-3.9704404376578455,1.5684665452652964,-1.351313235677028,Tyrosine CE,Tyrosine CE,113,Tyrosine,101,A
1615,C,6.510689,10.431452,-3.028521,77,"['1613', '1614', '1616']",,"0.134142, -0.031360, 0.077742",-4.870901788596004,1.4939872116760928,-0.284133984469558,Tyrosine CZ,Tyrosine CZ,113,Tyrosine,101,A
1616,OH,7.41797,11.07893,-2.2488,78,"['1615', '1623']",,"0.052034, -0.063655, 0.046922",-6.2139453427492,1.503796133984067,-0.4997475461411329,Tyrosine OH,Tyrosine OH,113,Tyrosine,101,A
1617,H,4.094336,7.898096,-6.344413,71,['1609'],,"-0.088791, -0.024275, -0.041234",-0.1002561651351066,2.191106156273837,-0.2019165201123919,Tyrosine HB,Tyrosine HB,113,Tyrosine,101,A
1618,H,3.037388,7.625121,-4.953122,71,['1609'],,"-0.085895, -0.014588, 0.014011",-0.3328787107288134,1.6251712009048798,1.457284929255057,Tyrosine HB,Tyrosine HB,113,Tyrosine,101,A
1619,H,3.74615,8.433402,-2.73733,74,['1611'],,"-0.020258, -0.018764, -0.048677",-2.623859047395184,1.2715224432845114,2.288992563048693,Tyrosine HD,Tyrosine HD,113,Tyrosine,101,A
1620,H,5.662233,9.998233,-6.30412,74,['1612'],,"-0.017645, 0.054544, 0.079853",-1.913860170038821,1.554173349435533,-1.9839538542323287,Tyrosine HD,Tyrosine HD,113,Tyrosine,101,A
1621,H,5.439443,9.624649,-1.336307,76,['1613'],,"0.034746, 0.087685, 0.114699",-5.085687967724878,1.3073944974266147,1.8562251796347369,Tyrosine HE,Tyrosine HE,113,Tyrosine,101,A
1622,H,7.34451,11.130054,-4.906112,76,['1614'],,"-0.065049, 0.003152, 0.013310",-4.342739559666301,1.6292364901586784,-2.384467879431964,Tyrosine HE,Tyrosine HE,113,Tyrosine,101,A
1623,HO,8.265832,11.157312,-2.666525,79,['1616'],,"0.071575, -0.039946, 0.001237",-6.455593240512438,2.0108477173539723,-1.263954893594479,Tyrosine HH,Tyrosine HH,113,Tyrosine,101,A
1624,N,0.533153,9.520842,-7.508156,7,"['1605', '1625', '1628']",,"-0.134520, 0.008168, 0.169068",-0.4626664172717654,0.2133694823378334,1.3632838970312802,Alanine N,Valine N,114,Valine,102,A
1625,CA,-0.413705,9.095893,-8.528454,8,"['1624', '1626', '1629', '1630']",,"-0.330826, -0.046532, 0.536443",0.0,0.0,0.0,Alanine CA,Valine CA,114,Valine,102,A
1626,C,0.116626,9.537475,-9.901285,9,"['1625', '1627', '1640']",,"-0.126903, -0.343213, 0.143813",1.5365254917657565,-2.775557561562892e-17,0.0,Alanine C,Valine C,114,Valine,102,A
1627,O,-0.035755,10.692462,-10.315278,11,['1626'],,"-0.083098, -0.402995, -0.076738",2.1857509884151,1.0521936123544056,0.0,Alanine O,Valine O,114,Valine,102,A
1628,HN,0.316721,10.426251,-7.073297,10,['1624'],,"-0.043399, 0.076664, 0.061413",-0.6656934411999543,1.1927495846605989,1.5984546020842547,Alanine HN,Valine HN,114,Valine,102,A
1629,H,-0.498294,7.978563,-8.516879,12,['1625'],,"-0.069904, -0.388762, -0.006810",-0.3606471267894072,-0.9962639147042333,-0.3648389653569659,Alanine HA,Valine HA,114,Valine,102,A
1630,C,-1.845981,9.682087,-8.268129,15,"['1625', '1631', '1632', '1633']",,"-0.377107, 0.068409, -0.041536",-0.5584742193485319,1.093050803414325,-0.977831038020038,Valine CB,Valine CB,114,Valine,102,A
1631,C,-2.829286,9.114985,-9.31961,17,"['1630', '1634', '1635', '1636']",,"-0.107717, -0.053392, -0.007720",-0.1213799068941392,0.7569668044528347,-2.4235494761856704,Valine CG,Valine CG,114,Valine,102,A
1632,C,-2.367016,9.319594,-6.853596,17,"['1630', '1637', '1638', '1639']",,"-0.021892, -0.063699, -0.042260",-2.1063210739431013,1.1690976577639156,-0.9312558833962384,Valine CG,Valine CG,114,Valine,102,A
1633,H,-1.801411,10.798056,-8.35976,16,['1630'],,"-0.015362, 0.074538, -0.073764",-0.1405035729579107,2.0897451817251578,-0.6817391789266266,Valine HB,Valine HB,114,Valine,102,A
1634,H,-3.860394,9.486882,-9.154994,18,['1631'],,"-0.072989, 0.030710, -0.042335",-0.5174654042395886,1.4941471022813668,-3.1503720136836786,Valine HG,Valine HG,114,Valine,102,A
1635,H,-2.876188,8.001454,-9.294256,18,['1631'],,"-0.058279, -0.078129, 0.014428",-0.4802386376688192,-0.2471098063895861,-2.7488869652443144,Valine HG,Valine HG,114,Valine,102,A
1636,H,-2.553911,9.418735,-10.352633,18,['1631'],,"-0.028189, 0.019148, 0.023569",0.983929727628287,0.7749620456019459,-2.538435309872358,Valine HG,Valine HG,114,Valine,102,A
1637,H,-3.373526,9.759516,-6.672351,18,['1632'],,"-0.015182, -0.017830, -0.004166",-2.489224303309564,1.962709745395386,-1.6117031388943794,Valine HG,Valine HG,114,Valine,102,A
1638,H,-1.704989,9.692457,-6.041825,18,['1632'],,"-0.039836, -0.062732, -0.006668",-2.4959542864777022,1.4035258874296666,0.0833908959140525,Valine HG,Valine HG,114,Valine,102,A
1639,H,-2.46706,8.218601,-6.718631,18,['1632'],,"-0.038592, -0.041477, -0.009099",-2.577851982663913,0.2128739529641147,-1.2532881297782894,Valine HG,Valine HG,114,Valine,102,A
1640,N,0.857533,8.637099,-10.594626,7,"['1626', '1641', '1644']",,"0.019914, -0.247766, 0.188730",-0.4559706097283272,1.2248488056729372,0.6563078546502066,Alanine N,Tyrosine N,115,Tyrosine,103,A
1641,CA,1.37818,8.85328,-11.944106,8,"['1640', '1642', '1645', '1646']",,"0.386401, -0.048830, 0.481036",0.0,0.0,0.0,Alanine CA,Tyrosine CA,115,Tyrosine,103,A
1642,C,0.316853,8.380637,-12.948132,9,"['1641', '1643', '1661']",,"0.225983, 0.147450, 0.021141",1.5355372398786034,0.0,-1.6653345369377348e-16,Alanine C,Tyrosine C,115,Tyrosine,103,A
1643,O,-0.473764,7.492279,-12.645728,11,['1642'],,"0.002481, 0.233805, 0.101931",2.157702470156268,1.05764539534881,-8.326672684688674e-17,Alanine O,Tyrosine O,115,Tyrosine,103,A
1644,HN,0.984729,7.693459,-10.205699,10,['1640'],,"-0.025671, -0.157924, 0.115001",-0.5077339448072504,2.0640197176709103,0.0638450111376396,Alanine HN,Tyrosine HN,115,Tyrosine,103,A
1645,H,1.526194,9.951466,-12.10629,12,['1641'],,"-0.013104, 0.349314, 0.022940",-0.3342831512393545,-0.8827821157253756,0.6026398556359482,Alanine HA,Tyrosine HA,115,Tyrosine,103,A
1646,C,2.730799,8.112586,-12.156239,70,"['1641', '1647', '1654', '1655']",,"0.294869, -0.023616, -0.019546",-0.568205160417978,-0.11538319862523,-1.444657670050379,Tyrosine CB,Tyrosine CB,115,Tyrosine,103,A
1647,C,3.803253,8.613164,-11.204315,72,"['1646', '1648', '1649']",,"-0.022413, -0.084023, 0.064584",-2.08596419589422,-0.172519844044074,-1.4508327778639385,Tyrosine CG,Tyrosine CG,115,Tyrosine,103,A
1648,C,4.521064,9.787888,-11.49168,73,"['1647', '1650', '1656']",,"0.022658, -0.096256, -0.040036",-2.755785358499376,-1.3839371449621731,-1.2026081129239128,Tyrosine CD,Tyrosine CD,115,Tyrosine,103,A
1649,C,4.111446,7.925612,-10.017223,73,"['1647', '1651', '1657']",,"-0.036903, -0.138127, 0.076423",-2.863541003254095,0.9714290848061352,-1.703128737513475,Tyrosine CD,Tyrosine CD,115,Tyrosine,103,A
1650,C,5.512701,10.26185,-10.62485,75,"['1648', '1652', '1658']",,"-0.053417, -0.077897, -0.065840",-4.153853569215464,-1.4530441586761955,-1.205376678192312,Tyrosine CE,Tyrosine CE,115,Tyrosine,103,A
1651,C,5.12565,8.378466,-9.166228,75,"['1649', '1652', '1659']",,"-0.015520, -0.221304, 0.010589",-4.26035601496268,0.8979173269457524,-1.7403152065421674,Tyrosine CE,Tyrosine CE,115,Tyrosine,103,A
1652,C,5.826111,9.552869,-9.461174,77,"['1650', '1651', '1653']",,"-0.108109, -0.212771, -0.073647",-4.913129552619926,-0.3124567097105721,-1.483912082987252,Tyrosine CZ,Tyrosine CZ,115,Tyrosine,103,A
1653,OH,6.819775,10.02255,-8.651256,78,"['1652', '1660']",,"-0.135102, -0.168053, 0.022220",-6.274068606787191,-0.4175969789096676,-1.5108558766334854,Tyrosine OH,Tyrosine OH,115,Tyrosine,103,A
1654,H,3.098968,8.243755,-13.201776,71,['1646'],,"0.050040, -0.022484, -0.036737",-0.1794145101311773,-1.0284229569744947,-1.9556386554246747,Tyrosine HB,Tyrosine HB,115,Tyrosine,103,A
1655,H,2.601729,7.013847,-12.023652,71,['1646'],,"0.008503, -0.005786, -0.012494",-0.2274931514755169,0.7414580398307586,-2.0701208477304087,Tyrosine HB,Tyrosine HB,115,Tyrosine,103,A
1656,H,4.319881,10.347453,-12.419597,74,['1648'],,"0.072785, -0.118235, -0.048891",-2.18224064690539,-2.3062507471205747,-1.015520885462597,Tyrosine HD,Tyrosine HD,115,Tyrosine,103,A
1657,H,3.576809,6.99987,-9.751041,74,['1649'],,"-0.021081, -0.017150, 0.088038",-2.3831120748542056,1.942143602013896,-1.9045963535107824,Tyrosine HD,Tyrosine HD,115,Tyrosine,103,A
1658,H,6.060921,11.183837,-10.878129,76,['1650'],,"-0.041333, -0.013945, -0.032751",-4.650951697807479,-2.417263352217547,-1.0106197893108582,Tyrosine HE,Tyrosine HE,115,Tyrosine,103,A
1659,H,5.381033,7.790775,-8.270473,76,['1651'],,"0.058380, -0.078804, 0.014713",-4.84167577874032,1.7987170694421155,-1.9925162461018664,Tyrosine HE,Tyrosine HE,115,Tyrosine,103,A
1660,HO,6.998447,9.407765,-7.948436,79,['1653'],,"0.009931, -0.086578, 0.052106",-6.667875496392036,0.3978337785395229,-1.800388337187737,Tyrosine HH,Tyrosine HH,115,Tyrosine,103,A
1661,N,0.280205,8.993429,-14.160355,7,"['1642', '1662', '1665']",,"-0.012212, 0.145072, 0.028323",-0.6211348173524638,-1.2106037546073525,-0.5424621586222431,Alanine N,Lysine N,116,Lysine,104,A
1662,CA,-0.780817,8.779348,-15.147288,8,"['1661', '1663', '1666', '1667']",,"-0.108261, 0.370261, 0.135151",0.0,0.0,0.0,Alanine CA,Lysine CA,116,Lysine,104,A
1663,C,-0.846027,7.363688,-15.735873,9,"['1662', '1664', '1683']",,"0.079084, 0.029714, 0.022588",1.5345285536362634,0.0,1.1102230246251563e-16,Alanine C,Lysine C,116,Lysine,104,A
1664,O,-1.911759,6.958792,-16.196837,11,['1663'],,"0.079967, -0.042928, 0.106208",2.130156408754462,1.07584419603551,0.0,Alanine O,Lysine O,116,Lysine,104,A
1665,HN,1.058954,9.602133,-14.446002,10,['1661'],,"0.068881, 0.034986, -0.038339",-1.1062170829584783,-1.8201697617874173,0.1296161491002192,Alanine HN,Lysine HN,116,Lysine,104,A
1666,H,-1.752638,8.87041,-14.59888,12,['1662'],,"-0.347571, -0.066306, 0.160581",-0.2530582472837097,0.8335429028312281,-0.7033117594427003,Alanine HA,Lysine HA,116,Lysine,104,A
1667,C,-0.73713,9.870648,-16.2642,182,"['1662', '1668', '1672', '1673']",,"-0.075884, 0.117217, -0.164095",-0.5802179018697138,0.3458014926759513,1.408582682601908,Lysine CB,Lysine CB,116,Lysine,104,A
1668,C,-1.790423,9.795556,-17.405398,184,"['1667', '1669', '1674', '1675']",,"0.109991, -0.092126, -0.094219",-0.0284640748889909,1.6009495496513353,2.14177358339109,Lysine CG,Lysine CG,116,Lysine,104,A
1669,C,-3.274167,9.73557,-16.951186,186,"['1668', '1670', '1676', '1677']",,"0.458987, -0.161034, 0.152217",-0.0842907604315964,2.929616010772365,1.339943217946223,Lysine CD,Lysine CD,116,Lysine,104,A
1670,C,-4.271916,9.843331,-18.133662,188,"['1669', '1671', '1678', '1679']",,"-0.239121, 0.070130, 0.150008",0.3122466060762385,4.164545018229561,2.190280477039235,Lysine CE,Lysine CE,116,Lysine,104,A
1671,N,-5.665143,9.844004,-17.693222,190,"['1670', '1680', '1681', '1682']",,"-0.237020, 0.113091, -0.156722",0.2018955907701125,5.41680372029578,1.4454716985072291,Lysine NZ,Lysine NZ,116,Lysine,104,A
1672,H,0.273356,9.849403,-16.741606,183,['1667'],,"-0.016156, -0.030518, -0.052731",-0.4204451074378191,-0.5310944381457752,2.083101752550803,Lysine HB,Lysine HB,116,Lysine,104,A
1673,H,-0.817074,10.87611,-15.783466,183,['1667'],,"-0.014304, -0.015133, -0.011170",-1.6887876994397557,0.4543537539474396,1.3206084487356002,Lysine HB,Lysine HB,116,Lysine,104,A
1674,H,-1.569626,8.897958,-18.033013,185,['1668'],,"0.040290, -0.096450, -0.039266",1.0309493737775028,1.4024218923607534,2.4359911680342896,Lysine HG,Lysine HG,116,Lysine,104,A
1675,H,-1.641759,10.672709,-18.080444,185,['1668'],,"0.007297, 0.018140, -0.038865",-0.5850668461349526,1.7209560491740732,3.1024906424332475,Lysine HG,Lysine HG,116,Lysine,104,A
1676,H,-3.471902,10.559576,-16.225397,187,['1669'],,"0.048061, 0.013445, 0.006340",-1.114448556732666,3.0747335494154275,0.9367428887297125,Lysine HD,Lysine HD,116,Lysine,104,A
1677,H,-3.452869,8.776937,-16.401914,187,['1669'],,"0.092929, -0.235789, 0.050368",0.5969988041077221,2.8548890628432693,0.455142802044408,Lysine HD,Lysine HD,116,Lysine,104,A
1678,H,-4.126968,9.017608,-18.868307,189,['1670'],,"-0.048573, 0.033453, 0.014365",1.349628404318316,4.072159540722828,2.587565764559283,Lysine HE,Lysine HE,116,Lysine,104,A
1679,H,-4.091382,10.794773,-18.687015,189,['1670'],,"-0.087396, 0.081281, 0.009179",-0.3609215313997214,4.237415779181392,3.076603475733529,Lysine HE,Lysine HE,116,Lysine,104,A
1680,HN,-6.287142,10.311262,-18.355163,191,['1671'],,"-0.410786, 0.152310, -0.200185",0.051159156797033,6.224176327110385,2.052766259066166,Lysine HN,Lysine HN,116,Lysine,104,A
1681,HN,-5.806879,10.335684,-16.818022,191,['1671'],,"-0.027160, 0.007111, -0.127084",-0.581366925519892,5.430811887370377,0.8019525007156946,Lysine HN,Lysine HN,116,Lysine,104,A
1682,HN,-6.056649,8.912454,-17.598216,191,['1671'],,"-0.031389, 0.068230, -0.052560",1.041481840043249,5.649686919824089,0.9249442391153888,Lysine HN,Lysine HN,116,Lysine,104,A
1683,N,0.269866,6.594287,-15.700928,1,"['1663', '1684', '1687']",,"0.166980, 0.043087, -0.123864",-0.6335097749937304,-1.2194941232889998,-0.4519451406453956,Glycine N,Glycine N,117,Glycine,105,A
1684,CA,0.25876,5.189872,-16.047699,2,"['1683', '1685', '1688', '1689']",,"-0.002171, 0.251421, -0.496396",0.0,0.0,0.0,Glycine CA,Glycine CA,117,Glycine,105,A
1685,C,-0.270615,4.239279,-14.973773,3,"['1684', '1686', '1690']",,"0.083943, 0.195078, -0.069884",1.5287844830943325,-1.1102230246251563e-16,-8.326672684688674e-17,Glycine C,Glycine C,117,Glycine,105,A
1686,O,-0.666591,3.115906,-15.284331,5,['1685'],,"-0.007428, 0.171984, 0.063569",2.146251500139372,1.0648683692975864,-2.6367796834847473e-16,Glycine O,Glycine O,117,Glycine,105,A
1687,HN,1.197723,6.972967,-15.465705,4,['1683'],,"0.104819, 0.060032, 0.022053",-1.0250252356331016,-1.805585803624732,0.2982942884034776,Glycine HN,Glycine HN,117,Glycine,105,A
1688,H,-0.363028,5.027151,-16.958085,6,['1684'],,"-0.165562, -0.069730, -0.183345",-0.3230322748850978,0.855691613971616,-0.6366656272661559,Glycine HA,Glycine HA,117,Glycine,105,A
1689,H,1.280993,4.852392,-16.327541,6,['1684'],,"0.126922, -0.108348, -0.096828",-0.3407073228351566,0.2550727391438921,1.027628833560606,Glycine HA,Glycine HA,117,Glycine,105,A
1690,N,-0.25341,4.663463,-13.684216,7,"['1685', '1691', '1694']",,"0.011895, 0.138979, 0.036630",-0.483164360167304,-0.2662915684286241,1.346010829538137,Alanine N,Asparagine N,118,Asparagine,106,A
1691,CA,-0.648569,3.859046,-12.538412,8,"['1690', '1692', '1695', '1696']",,"0.361844, -0.241460, -0.095146",0.0,0.0,0.0,Alanine CA,Asparagine CA,118,Asparagine,106,A
1692,C,-1.56434,4.685076,-11.627894,9,"['1691', '1693', '1704']",,"-0.095218, -0.198930, -0.052435",1.5329726395682992,0.0,-1.6653345369377348e-16,Alanine C,Asparagine C,118,Asparagine,106,A
1693,O,-1.137857,5.212109,-10.594261,11,['1692'],,"-0.061862, -0.054579, -0.144542",2.176118989374416,1.0556568968173652,-4.440892098500626e-16,Alanine O,Asparagine O,118,Asparagine,106,A
1694,HN,-0.109279,5.654616,-13.45292,10,['1690'],,"-0.046692, 0.283636, 0.045439",0.1021887444841235,0.1566178327524998,2.077560715365178,Alanine HN,Asparagine HN,118,Asparagine,106,A
1695,H,-1.235226,2.976155,-12.884161,12,['1691'],,"-0.241058, -0.321523, -0.149479",-0.3306397388199559,-0.8148857524841487,-0.6854516015317316,Alanine HA,Asparagine HA,118,Asparagine,106,A
1696,C,0.605133,3.36957,-11.760493,147,"['1691', '1697', '1700', '1701']",,"0.150426, 0.003214, 0.157873",-0.5506403184845577,1.359284110491321,-0.5154176719574554,Asparagine CB,Asparagine CB,118,Asparagine,106,A
1697,C,1.542085,2.450256,-12.531066,149,"['1696', '1698', '1699']",,"0.164743, 0.114320, 0.132908",-2.0634103056117006,1.4459866161425523,-0.6596732465122722,Asparagine CG,Asparagine CG,118,Asparagine,106,A
1698,O,1.127407,1.72878,-13.430945,150,['1697'],,"0.130945, 0.161684, 0.162314",-2.73893884026032,0.4487159115094322,-0.8863448535940814,Asparagine OD1,Asparagine OD1,118,Asparagine,106,A
1699,N,2.824636,2.435108,-12.100991,151,"['1697', '1702', '1703']",,"0.185374, -0.124452, -0.047560",-2.582300639906908,2.6938019272980784,-0.5976990151669422,Asparagine ND2,Asparagine ND2,118,Asparagine,106,A
1700,H,0.256331,2.805241,-10.866273,148,['1696'],,"-0.018841, 0.046467, 0.013903",-0.115229104217897,1.5469246587735703,-1.5228736575847035,Asparagine HB,Asparagine HB,118,Asparagine,106,A
1701,H,1.149166,4.253784,-11.361053,148,['1696'],,"-0.081904, 0.030241, 0.033474",-0.1619347796402351,2.1748053301786654,0.1335752099730093,Asparagine HB,Asparagine HB,118,Asparagine,106,A
1702,HN,3.161086,3.068399,-11.366817,152,['1699'],,"0.004038, -0.031479, -0.040224",-2.005979294627844,3.5136355002824944,-0.3763527365889224,Asparagine HD2,Asparagine HD2,118,Asparagine,106,A
1703,HN,3.461365,1.743645,-12.52436,152,['1699'],,"0.258632, -0.271334, -0.019925",-3.58672315231692,2.803224579789472,-0.8025118801356903,Asparagine HD2,Asparagine HD2,118,Asparagine,106,A
1704,N,-2.831574,4.863534,-12.074709,7,"['1692', '1705', '1708']",,"0.063274, -0.015533, -0.172572",-0.6019278991161214,-1.185246611606667,0.5817671425214455,Alanine N,Asparagine N,119,Asparagine,107,A
1705,CA,-3.8439,5.632035,-11.374579,8,"['1704', '1706', '1709', '1710']",,"0.725104, 0.441371, 0.250880",0.0,0.0,0.0,Alanine CA,Asparagine CA,119,Asparagine,107,A
1706,C,-5.24609,5.012016,-11.403117,9,"['1705', '1707', '1718']",,"0.386864, -0.227064, 0.118739",1.533419307921026,-3.426078865054194e-17,-3.469446951953614e-18,Alanine C,Asparagine C,119,Asparagine,107,A
1707,O,-6.243036,5.747182,-11.292722,11,['1706'],,"0.515985, -0.105595, 0.135490",2.1457373909305546,1.0824158146094025,0.0,Alanine O,Asparagine O,119,Asparagine,107,A
1708,HN,-3.111266,4.552797,-13.016418,10,['1704'],,"-0.032823, 0.011844, -0.190660",-0.2030033141933234,-1.460403492031381,1.4910244248200872,Alanine HN,Asparagine HN,119,Asparagine,107,A
1709,H,-3.569767,5.67545,-10.300425,12,['1705'],,"0.038368, 0.060738, 0.532184",-0.2882178936472348,0.0495961831899982,-1.0701921528513163,Alanine HA,Asparagine HA,119,Asparagine,107,A
1710,C,-3.889194,7.071863,-11.947509,147,"['1705', '1711', '1714', '1715']",,"-0.033907, 0.245666, 0.130790",-0.5300961337405203,1.2610746131211406,0.7294476746516613,Asparagine CB,Asparagine CB,119,Asparagine,107,A
1711,C,-4.561123,7.158775,-13.308998,149,"['1710', '1712', '1713']",,"0.008730, -0.050479, 0.234713",0.0745259689516599,1.458086748685962,2.110864666469221,Asparagine CG,Asparagine CG,119,Asparagine,107,A
1712,O,-4.335676,6.324023,-14.184155,150,['1711'],,"-0.020990, 0.128220, 0.003235",0.222181473649179,0.5107014163114203,2.8817057070840164,Asparagine OD1,Asparagine OD1,119,Asparagine,107,A
1713,N,-5.364308,8.226622,-13.513792,151,"['1711', '1716', '1717']",,"0.035645, -0.035757, 0.138340",0.381015495202756,2.7288549222845613,2.455184810139702,Asparagine ND2,Asparagine ND2,119,Asparagine,107,A
1714,H,-2.870839,7.517933,-11.99795,148,['1710'],,"0.067719, -0.060533, 0.023124",-1.6407248957005922,1.249230915187931,0.799683885627942,Asparagine HB,Asparagine HB,119,Asparagine,107,A
1715,H,-4.473906,7.684202,-11.219958,148,['1710'],,"-0.075492, -0.011400, 0.063939",-0.2565553923175597,2.134972740153986,0.0909688904964924,Asparagine HB,Asparagine HB,119,Asparagine,107,A
1716,HN,-5.552622,8.887609,-12.744563,152,['1713'],,"-0.013045, 0.033700, 0.130717",0.2716359227475248,3.491563829826808,1.7693346350349466,Asparagine HD2,Asparagine HD2,119,Asparagine,107,A
1717,HN,-5.831587,8.310937,-14.424005,152,['1713'],,"0.042677, -0.035568, 0.084656",0.7911529536071795,2.8916573337145826,3.382130886500742,Asparagine HD2,Asparagine HD2,119,Asparagine,107,A
1718,N,-5.368883,3.671481,-11.592087,7,"['1706', '1719', '1722']",,"0.322209, -0.220351, -0.177553",-0.5609530307719568,-0.9616733436711434,-0.932699930853497,Alanine N,Threonine N,120,Threonine,108,A
1719,CA,-6.656416,3.008032,-11.699359,8,"['1718', '1720', '1723', '1724']",,"0.330376, 0.204874, -0.509367",0.0,0.0,0.0,Alanine CA,Threonine CA,120,Threonine,108,A
1720,C,-7.510823,3.165968,-10.4366,9,"['1719', '1721', '1732']",,"0.403789, -0.082697, -0.013442",1.5328129024202524,0.0,6.938893903907228e-18,Alanine C,Threonine C,120,Threonine,108,A
1721,O,-8.714015,3.439707,-10.53568,11,['1720'],,"0.291119, -0.258046, 0.221938",2.150066806425164,1.0730417016014304,0.0,Alanine O,Threonine O,120,Threonine,108,A
1722,HN,-4.537867,3.05853,-11.626873,10,['1718'],,"0.322216, -0.227893, -0.000759",-1.1159844047111276,-1.7273644778979262,-0.5165703268084358,Alanine HN,Threonine HN,120,Threonine,108,A
1723,H,-7.226799,3.511087,-12.516542,12,['1719'],,"-0.198943, 0.113604, -0.266332",-0.303439163906828,1.0179022248067102,-0.3434951087629544,Alanine HA,Threonine HA,120,Threonine,108,A
1724,C,-6.558489,1.505111,-12.103333,37,"['1719', '1725', '1726', '1727']",,"-0.211811, -0.413264, -0.225878",-0.5422427279276129,-0.1439887095914542,1.4549214060442606,Threonine CB,Threonine CB,120,Threonine,108,A
1725,OH,-6.076781,1.451449,-13.441247,39,"['1724', '1728']",,"0.210015, 0.031961, 0.029995",-1.918479051475752,0.2173869647469593,1.4371089764749256,Threonine OG1,Threonine OG1,120,Threonine,108,A
1726,C,-7.90512,0.756697,-12.131938,41,"['1724', '1729', '1730', '1731']",,"-0.120968, -0.029079, -0.020484",0.1077049705455421,0.8038187929562934,2.4813646528658526,Threonine CG2,Threonine CG2,120,Threonine,108,A
1727,H,-5.828359,0.992582,-11.43031,38,['1724'],,"0.078504, 0.086920, -0.018886",-0.4475861086012065,-1.2100200072036111,1.7764072505211752,Threonine HB,Threonine HB,120,Threonine,108,A
1728,HO,-5.171113,1.159124,-13.403217,40,['1725'],,"0.362665, -0.094837, 0.003153",-2.4220988958071192,-0.5865146371159735,1.5222205483489086,Threonine HG1,Threonine HG1,120,Threonine,108,A
1729,H,-7.789272,-0.270518,-12.537622,42,['1726'],,"0.016378, 0.107446, -0.004202",-0.3969206698771597,0.7396098472403143,3.468482223119275,Threonine HG2,Threonine HG2,120,Threonine,108,A
1730,H,-8.65117,1.287711,-12.765712,42,['1726'],,"-0.015116, 0.037715, -0.014688",0.0561610065775648,1.8639925701313345,2.144302736089608,Threonine HG2,Threonine HG2,120,Threonine,108,A
1731,H,-8.350345,0.665027,-11.116551,42,['1726'],,"-0.019809, 0.034119, -0.031596",1.1829271542743531,0.5673954274051896,2.6414917809014784,Threonine HG2,Threonine HG2,120,Threonine,108,A
1732,N,-6.915613,3.008792,-9.226184,7,"['1720', '1733', '1736']",,"0.438430, -0.043553, -0.058941",-0.6329386286472115,-1.292001587439789,-0.1972508942977263,Alanine N,Histidine N,121,Histidine,109,A
1733,CA,-7.663349,3.061011,-7.982419,8,"['1732', '1734', '1737', '1738']",,"0.105654, -0.389015, -0.300460",0.0,0.0,0.0,Alanine CA,Histidine CA,121,Histidine,109,A
1734,C,-7.697723,4.423844,-7.279839,9,"['1733', '1735', '1750']",,"0.507193, 0.016365, -0.373430",1.533660332069979,5.551115123125783e-17,5.551115123125783e-17,Alanine C,Histidine C,121,Histidine,109,A
1735,O,-8.455278,4.554312,-6.308733,11,['1734'],,"0.383425, -0.100127, -0.411019",2.111445338544,1.095501175982398,0.0,Alanine O,Histidine O,121,Histidine,109,A
1736,HN,-5.894917,3.108105,-9.087845,10,['1732'],,"0.461661, 0.152726, 0.209522",-0.5041905350074063,-1.9312734479662488,0.6062268540121776,Alanine HN,Histidine HN,121,Histidine,109,A
1737,H,-8.743071,2.881564,-8.211603,12,['1733'],,"-0.355340, 0.056338, -0.114011",-0.2402500842841046,0.6488241757258468,-0.8785403889088745,Alanine HA,Histidine HA,121,Histidine,109,A
1738,C,-7.206566,1.940078,-7.00645,106,"['1733', '1739', '1744', '1745']",,"0.045066, -0.308681, 0.018835",-0.5592174643086913,0.7107182564571627,1.2648368970304626,Histidine (+) CB,Histidine (+) CB,121,Histidine,109,A
1739,C,-7.447477,0.524904,-7.453935,108,"['1738', '1740', '1741']",,"0.006409, -0.106629, -0.140899",-2.0163580826043668,1.0806193147331915,1.2346241344759994,Histidine (+) CG,Histidine (+) CG,121,Histidine,109,A
1740,N,-8.67818,0.003361,-7.826167,109,"['1739', '1742', '1746']",,"-0.057011, -0.106606, -0.040218",-2.622746971662863,1.859410097750248,0.259446679652478,Histidine (+) ND1,Histidine (+) ND1,121,Histidine,109,A
1741,C,-6.578084,-0.540666,-7.516257,111,"['1739', '1743', '1747']",,"-0.025401, -0.253360, -0.077825",-3.011275036277245,0.8220080264030395,2.15028133117982,Histidine (+) CD2,Histidine (+) CD2,121,Histidine,109,A
1742,C,-8.560989,-1.307782,-8.117687,113,"['1740', '1743', '1748']",,"0.063782, -0.175086, -0.012766",-3.924021674686177,2.0501167471287416,0.5563115116626266,Histidine (+) CE1,Histidine (+) CE1,121,Histidine,109,A
1743,N,-7.274734,-1.64073,-7.923785,115,"['1741', '1742', '1749']",,"0.078339, -0.297981, -0.002176",-4.159885233474169,1.4172829739344774,1.7168260865274036,Histidine (+) NE2,Histidine (+) NE2,121,Histidine,109,A
1744,H,-7.723397,2.077294,-6.029914,107,['1738'],,"0.013444, 0.024920, -0.125860",0.0216560746186694,1.643743409755302,1.4426431612620374,Histidine (+) HB,Histidine (+) HB,121,Histidine,109,A
1745,H,-6.118201,2.079235,-6.792463,107,['1738'],,"0.055227, 0.049271, -0.080270",-0.3619252259923949,0.0603043041116626,2.152378976786375,Histidine (+) HB,Histidine (+) HB,121,Histidine,109,A
1746,HN,-9.578616,0.499502,-7.865244,110,['1740'],,"-0.086009, -0.174303, -0.038859",-2.1795887431784164,2.272793705929392,-0.5719333002131187,Histidine (+) HD1,Histidine (+) HD1,121,Histidine,109,A
1747,H,-5.527936,-0.577608,-7.275567,112,['1741'],,"0.016658, -0.039243, -0.014811",-2.9573775633925976,0.2763488535230713,3.07842913128312,Histidine (+) HD2,Histidine (+) HD2,121,Histidine,109,A
1748,H,-9.369499,-1.958931,-8.418019,114,['1742'],,"-0.117802, 0.115860, 0.007100",-4.622105113730324,2.6336164607646486,-0.0268611444557053,Histidine (+) HE1,Histidine (+) HE1,121,Histidine,109,A
1749,HN,-6.87194,-2.585865,-8.040478,116,['1743'],,"0.333205, -0.432322, 0.009371",-5.062231696646469,1.3986545163028514,2.2213697138548216,Histidine (+) HE2,Histidine (+) HE2,121,Histidine,109,A
1750,N,-7.041068,5.488004,-7.811999,7,"['1734', '1751', '1754']",,"0.626882, -0.091818, -0.343288",-0.6049530549374549,-0.7321081743140826,-1.1032161993618208,Alanine N,Glutamate N,122,Glutamate,110,A
1751,CA,-7.117483,6.880967,-7.396245,8,"['1750', '1752', '1755', '1756']",,"0.841143, -0.272877, -0.437184",0.0,0.0,0.0,Alanine CA,Glutamate CA,122,Glutamate,110,A
1752,C,-8.439775,7.277563,-6.750364,9,"['1751', '1753', '1765']",,"0.254180, -0.271266, -0.308931",1.524108521937004,-1.1102230246251563e-16,0.0,Alanine C,Glutamate C,122,Glutamate,110,A
1753,O,-8.455782,7.768329,-5.620345,11,['1752'],,"0.131112, -0.188801, -0.494131",2.144575863145196,1.0644579417055595,0.0,Alanine O,Glutamate O,122,Glutamate,110,A
1754,HN,-6.127956,5.295261,-8.2564,10,['1750'],,"0.693220, -0.069793, -0.064947",-1.635635539290054,-0.7056953391483611,-1.0296525127952691,Alanine HN,Glutamate HN,122,Glutamate,110,A
1755,H,-6.354483,7.009245,-6.586103,12,['1751'],,"0.250859, 0.027925, 0.250549",-0.2852676977735379,1.0739891524360063,-0.1418588964597406,Alanine HA,Glutamate HA,122,Glutamate,110,A
1756,C,-6.75502,7.884023,-8.548427,153,"['1751', '1757', '1761', '1762']",,"0.245300, 0.302957, -0.221830",-0.5417241477743845,-0.4503715509858645,1.403112447528602,Glutamate CB,Glutamate CB,122,Glutamate,110,A
1757,C,-6.918699,9.361846,-8.140701,155,"['1756', '1758', '1763', '1764']",,"-0.126390, -0.846489, 0.046369",0.1576175224810724,0.2586322740184865,2.5800690864153144,Glutamate CG,Glutamate CG,122,Glutamate,110,A
1758,C,-6.246024,10.391469,-9.016197,157,"['1757', '1759', '1760']",,"-0.314236, -0.438971, 0.270711",-0.5290754686701565,0.1940735114853353,3.9229738953477895,Glutamate CD,Glutamate CD,122,Glutamate,110,A
1759,O,-6.098336,10.211586,-10.256467,158,['1758'],,"-0.491627, -0.596700, 0.156218",-1.2296124394083416,-0.7994019601501212,4.261638555182081,Glutamate OE,Glutamate OE,122,Glutamate,110,A
1760,O,-5.802176,11.426002,-8.430754,158,['1758'],,"-0.298912, -0.499396, -0.431534",-0.3968529284543952,1.2087973915597894,4.673211010203843,Glutamate OE,Glutamate OE,122,Glutamate,110,A
1761,H,-7.349225,7.677613,-9.468446,154,['1756'],,"0.082612, -0.080874, -0.048332",-0.4697946596945782,-1.555212215075393,1.5306776708646868,Glutamate HB,Glutamate HB,122,Glutamate,110,A
1762,H,-5.694891,7.705305,-8.842892,154,['1756'],,"0.160666, -0.214242, 0.015637",-1.6327673801471323,-0.2253486201373993,1.4420046328103948,Glutamate HB,Glutamate HB,122,Glutamate,110,A
1763,H,-6.510265,9.481952,-7.110073,156,['1757'],,"0.000628, -0.047368, 0.108301",0.2712758277937705,1.3357195394386352,2.3147340712379125,Glutamate HG,Glutamate HG,122,Glutamate,110,A
1764,H,-8.00023,9.627403,-8.090892,156,['1757'],,"-0.112133, -0.030792, 0.007454",1.1861461982217836,-0.1493170737476076,2.715777794784665,Glutamate HG,Glutamate HG,122,Glutamate,110,A
1765,N,-9.562613,7.159035,-7.503489,7,"['1752', '1766', '1769']",,"0.093824, 0.020928, -0.240431",-0.5892068746560505,-1.0373404001264983,-0.8342899709480165,Alanine N,Glutamine N,123,Glutamine,111,A
1766,CA,-10.874839,7.614772,-7.068005,8,"['1765', '1767', '1770', '1771']",,"0.212914, 0.344416, -0.410089",0.0,0.0,0.0,Alanine CA,Glutamine CA,123,Glutamine,111,A
1767,C,-11.428904,6.848619,-5.856563,9,"['1766', '1768', '1782']",,"0.119125, -0.075462, -0.215286",1.5367401091264583,0.0,-1.1102230246251563e-16,Alanine C,Glutamine C,123,Glutamine,111,A
1768,O,-12.048963,7.450925,-4.977062,11,['1767'],,"0.047744, -0.117307, -0.240279",2.153343323835047,1.0679738600401398,2.220446049250313e-16,Alanine O,Glutamine O,123,Glutamine,111,A
1769,HN,-9.495203,6.745423,-8.443412,10,['1765'],,"0.053801, -0.056187, -0.128236",-1.1482614869992902,-1.76101683326265,-0.3622469632526496,Alanine HN,Glutamine HN,123,Glutamine,111,A
1770,H,-10.757356,8.663976,-6.700227,12,['1766'],,"-0.012328, 0.276316, 0.146918",-0.2755197786642513,0.985457614951006,-0.4503932580410992,Alanine HA,Glutamine HA,123,Glutamine,111,A
1771,C,-11.867112,7.625892,-8.26378,167,"['1766', '1772', '1776', '1777']",,"-0.504428, 0.176736, -0.015665",-0.5904368173749114,-0.061475869615248,1.4360404916635314,Glutamine CB,Glutamine CB,123,Glutamine,111,A
1772,C,-13.28413,8.147373,-7.951407,169,"['1771', '1773', '1778', '1779']",,"0.062713, -0.113359, -0.117745",-0.0932755778747,1.0255423525096194,2.410043275807962,Glutamine CG,Glutamine CG,123,Glutamine,111,A
1773,C,-14.2184,8.449135,-9.121223,171,"['1772', '1774', '1775']",,"0.087996, -0.305672, -0.233302",-0.8290628342838151,1.1996009487775907,3.7369611066366746,Glutamine CD,Glutamine CD,123,Glutamine,111,A
1774,O,-15.043542,9.363205,-9.016524,172,['1773'],,"0.349038, -0.333952, 0.107312",-0.9047414762554292,2.324097701793944,4.244036013598172,Glutamine OE1,Glutamine OE1,123,Glutamine,111,A
1775,N,-14.072011,7.712906,-10.244661,173,"['1773', '1780', '1781']",,"0.052391, -0.219487, -0.156781",-1.4004183527801102,0.1040964614554762,4.283768759607024,Glutamine NE2,Glutamine NE2,123,Glutamine,111,A
1776,H,-11.943753,6.596889,-8.688835,168,['1771'],,"0.021572, -0.081575, -0.116426",-0.3848663699467021,-1.0660364450463669,1.8764852797456069,Glutamine HB,Glutamine HB,123,Glutamine,111,A
1777,H,-11.438734,8.260881,-9.075402,168,['1771'],,"0.026643, -0.013313, 0.017346",-1.7012824006149878,0.0208919210883182,1.3675813860629809,Glutamine HB,Glutamine HB,123,Glutamine,111,A
1778,H,-13.200339,9.093901,-7.369459,170,['1772'],,"-0.023473, 0.062999, 0.017946",-0.1366236220803447,2.014982788079657,1.8994277328683449,Glutamine HG,Glutamine HG,123,Glutamine,111,A
1779,H,-13.822615,7.428764,-7.291712,170,['1772'],,"-0.104261, -0.045724, 0.046166",0.9791909720020018,0.8569858375976949,2.6609749075471867,Glutamine HG,Glutamine HG,123,Glutamine,111,A
1780,HN,-13.385178,6.944898,-10.277999,174,['1775'],,"0.155669, -0.224873, -0.031946",-1.2914380166202108,-0.818183826858131,3.836320844967068,Glutamine HE2,Glutamine HE2,123,Glutamine,111,A
1781,HN,-14.689419,7.880589,-11.052658,174,['1775'],,"-0.021036, -0.066228, -0.101191",-1.898373841225052,0.1792225038914976,5.1829716222789886,Glutamine HE2,Glutamine HE2,123,Glutamine,111,A
1782,N,-11.151868,5.520222,-5.769765,7,"['1767', '1783', '1786']",,"0.122104, -0.152153, -0.179472",-0.5089746591835135,-0.8484677545563308,-1.0751863661394538,Alanine N,Leucine N,124,Leucine,112,A
1783,CA,-11.467188,4.662165,-4.629901,8,"['1782', '1784', '1787', '1788']",,"-0.329587, -0.339018, -0.547020",0.0,0.0,0.0,Alanine CA,Leucine CA,124,Leucine,112,A
1784,C,-10.694413,5.119781,-3.386905,9,"['1783', '1785', '1801']",,"0.102206, -0.123896, -0.260473",1.5335033942241534,1.1102230246251563e-16,0.0,Alanine C,Leucine C,124,Leucine,112,A
1785,O,-11.272548,5.329958,-2.318482,11,['1784'],,"0.106929, -0.193162, -0.301393",2.1709050474559204,1.0553015156534225,1.1102230246251563e-16,Alanine O,Leucine O,124,Leucine,112,A
1786,HN,-10.510613,5.093604,-6.451198,10,['1782'],,"0.244696, -0.085698, -0.082430",-0.8654785217703924,-1.7593162422309128,-0.7576617924454404,Alanine HN,Leucine HN,124,Leucine,112,A
1787,H,-12.549056,4.780707,-4.383421,12,['1783'],,"-0.315155, 0.048189, 0.172428",-0.3100222507094803,1.0530963310582748,-0.2002930032842602,Alanine HA,Leucine HA,124,Leucine,112,A
1788,C,-11.159927,3.166026,-4.961405,19,"['1783', '1789', '1792', '1793']",,"-0.033699, -0.372207, 0.064097",-0.5603324221970382,-0.4634903139122222,1.3834523616671266,Leucine CB,Leucine CB,124,Leucine,112,A
1789,C,-11.353223,2.145147,-3.793157,21,"['1788', '1790', '1791', '1794']",,"-0.116721, -0.046298, 0.123754",-0.0154476092313989,0.292747062646151,2.638667975279589,Leucine CG,Leucine CG,124,Leucine,112,A
1790,C,-12.854458,1.844289,-3.566785,23,"['1789', '1795', '1796', '1797']",,"-0.122922, -0.079857, 0.125951",-0.6782533291073788,1.684782946273052,2.7742814708018093,Leucine CD,Leucine CD,124,Leucine,112,A
1791,C,-10.60589,0.828166,-4.134971,23,"['1789', '1798', '1799', '1800']",,"-0.075589, -0.018087, 0.085142",-0.3089094656967919,-0.547777975255721,3.910351967986087,Leucine CD,Leucine CD,124,Leucine,112,A
1792,H,-10.097208,3.107239,-5.303558,20,['1788'],,"0.061333, 0.037849, -0.003707",-0.319676943744895,-1.5491601835307416,1.498787242048024,Leucine HB,Leucine HB,124,Leucine,112,A
1793,H,-11.770143,2.845737,-5.840246,20,['1788'],,"-0.019950, -0.003886, 0.034090",-1.675768419601795,-0.4090256360628513,1.3713590569732927,Leucine HB,Leucine HB,124,Leucine,112,A
1794,H,-10.91699,2.548317,-2.845363,22,['1789'],,"-0.042569, -0.024375, 0.065091",1.0929367324797818,0.4241733807332749,2.56538755778259,Leucine HG,Leucine HG,124,Leucine,112,A
1795,H,-12.991432,1.129857,-2.72077,24,['1790'],,"-0.003102, -0.035773, 0.109229",-0.2747278681865222,2.2303392341387585,3.659974351366964,Leucine HD,Leucine HD,124,Leucine,112,A
1796,H,-13.345768,1.392391,-4.458398,24,['1790'],,"-0.021186, -0.019960, 0.014989",-1.7833954757430703,1.628746388762101,2.9011349304502474,Leucine HD,Leucine HD,124,Leucine,112,A
1797,H,-13.428271,2.756245,-3.289907,24,['1790'],,"-0.024742, -0.034598, 0.059195",-0.4708487915583028,2.335816203639361,1.8963716876258447,Leucine HD,Leucine HD,124,Leucine,112,A
1798,H,-10.73766,0.070741,-3.327758,24,['1791'],,"-0.046960, -0.024800, 0.048397",0.0529574670325965,-0.0277579804842875,4.827565312268072,Leucine HD,Leucine HD,124,Leucine,112,A
1799,H,-9.510423,0.997703,-4.2358,24,['1791'],,"-0.052098, 0.003236, 0.028974",0.2119907905671592,-1.5308579081336031,3.876088309454458,Leucine HD,Leucine HD,124,Leucine,112,A
1800,H,-10.967628,0.365532,-5.081157,24,['1791'],,"-0.035749, 0.008353, 0.030020",-1.3961951039483889,-0.7429741782875445,4.051280774018693,Leucine HD,Leucine HD,124,Leucine,112,A
1801,N,-9.361698,5.308059,-3.542639,7,"['1784', '1802', '1805']",,"0.113777, -0.166764, -0.261530",-0.5559520112224021,-1.011418500995844,-0.8766512068086638,Alanine N,Leucine N,125,Leucine,113,A
1802,CA,-8.453781,5.731227,-2.495174,8,"['1801', '1803', '1806', '1807']",,"0.268560, -0.532798, -0.211030",0.0,0.0,0.0,Alanine CA,Leucine CA,125,Leucine,113,A
1803,C,-8.765811,7.139769,-1.980824,9,"['1802', '1804', '1820']",,"0.056580, -0.163884, -0.335437",1.5316361216568386,-5.551115123125783e-17,-4.163336342344337e-17,Alanine C,Leucine C,125,Leucine,113,A
1804,O,-8.704588,7.381416,-0.774254,11,['1803'],,"0.086089, -0.144345, -0.389933",2.146577100239363,1.0676142965031734,2.775557561562892e-17,Alanine O,Leucine O,125,Leucine,113,A
1805,HN,-8.93899,5.170595,-4.470561,10,['1801'],,"0.108087, -0.058919, -0.328027",-1.0800961366296684,-1.7650834342055337,-0.4120225950173899,Alanine HN,Leucine HN,125,Leucine,113,A
1806,H,-8.609776,5.065977,-1.611213,12,['1802'],,"-0.070282, -0.151297, 0.320188",-0.2831560963911292,1.0025895734510588,-0.4036283244889542,Alanine HA,Leucine HA,125,Leucine,113,A
1807,C,-6.971843,5.634113,-2.958782,19,"['1802', '1808', '1811', '1812']",,"0.289138, -0.099857, -0.055450",-0.5469021165561639,-0.145934349989884,1.4491738967092305,Leucine CB,Leucine CB,125,Leucine,113,A
1808,C,-6.520279,4.194432,-3.351695,21,"['1807', '1809', '1810', '1813']",,"0.038180, -0.024278, -0.046612",-2.094820344684233,0.0016403127341412,1.5638165213160908,Leucine CG,Leucine CG,125,Leucine,113,A
1809,C,-5.160763,4.262672,-4.072303,23,"['1808', '1814', '1815', '1816']",,"0.054945, 0.026611, -0.079005",-2.551022432321175,-0.4565804123081007,2.961718436293482,Leucine CD,Leucine CD,125,Leucine,113,A
1810,C,-6.385096,3.293138,-2.106348,23,"['1808', '1817', '1818', '1819']",,"0.032570, -0.001132, -0.042733",-2.533010177045976,1.4652218110489663,1.346070483603995,Leucine CD,Leucine CD,125,Leucine,113,A
1811,H,-6.309041,6.02796,-2.154185,20,['1807'],,"-0.009247, -0.005704, -0.012569",-0.0495382915636136,0.604059239001131,2.106393133405142,Leucine HB,Leucine HB,125,Leucine,113,A
1812,H,-6.825007,6.326107,-3.824926,20,['1807'],,"-0.004119, 0.034849, -0.040767",-0.2313022149652412,-1.1415473418169482,1.848890556718496,Leucine HB,Leucine HB,125,Leucine,113,A
1813,H,-7.261736,3.734776,-4.050383,22,['1808'],,"0.000931, -0.002978, -0.021343",-2.601114310775313,-0.642921858078338,0.8039395112767898,Leucine HG,Leucine HG,125,Leucine,113,A
1814,H,-4.790604,3.251495,-4.355888,24,['1809'],,"-0.002569, 0.015823, -0.016756",-3.651576217661888,-0.3508073586894018,3.09404564262463,Leucine HD,Leucine HD,125,Leucine,113,A
1815,H,-4.376327,4.743077,-3.442637,24,['1809'],,"0.022894, 0.019230, -0.005172",-2.057581626868997,0.1245405862938916,3.7749973737900393,Leucine HD,Leucine HD,125,Leucine,113,A
1816,H,-5.23783,4.845119,-5.019358,24,['1809'],,"0.005953, -0.003671, -0.078471",-2.317722542104784,-1.5338660206424453,3.126411734954122,Leucine HD,Leucine HD,125,Leucine,113,A
1817,H,-6.024477,2.273325,-2.37068,24,['1810'],,"-0.005864, -0.022115, -0.002081",-3.633096894505561,1.589982941339656,1.4651498638156228,Leucine HD,Leucine HD,125,Leucine,113,A
1818,H,-7.367021,3.154327,-1.60559,24,['1810'],,"0.012021, -0.019152, -0.037453",-2.2924609981134183,1.8048729170389208,0.316033109221554,Leucine HD,Leucine HD,125,Leucine,113,A
1819,H,-5.675123,3.707625,-1.354001,24,['1810'],,"0.022653, 0.003681, -0.003107",-2.0438214320041745,2.168250361461607,2.059044796841245,Leucine HD,Leucine HD,125,Leucine,113,A
1820,N,-9.150057,8.087047,-2.874124,7,"['1803', '1821', '1824']",,"0.117418, -0.146467, -0.349535",-0.5713851824288532,-1.1305629416579135,-0.7098792035202548,Alanine N,Arginine N,126,Arginine,114,A
1821,CA,-9.562679,9.429237,-2.50419,8,"['1820', '1822', '1825', '1826']",,"0.488383, -0.086577, -0.192672",0.0,0.0,0.0,Alanine CA,Arginine CA,126,Arginine,114,A
1822,C,-10.873272,9.46033,-1.716854,9,"['1821', '1823', '1844']",,"0.049635, -0.203813, -0.231762",1.5292216200387705,-5.551115123125783e-17,0.0,Alanine C,Arginine C,126,Arginine,114,A
1823,O,-11.042542,10.335708,-0.866647,11,['1822'],,"-0.009785, -0.180906, -0.307452",2.1298283416418258,1.0756683896992736,0.0,Alanine O,Arginine O,126,Arginine,114,A
1824,HN,-9.138449,7.874026,-3.878761,10,['1820'],,"0.093448, -0.088981, -0.409642",-1.1029129164589233,-1.8030276808907235,-0.1441251612727359,Alanine HN,Arginine HN,126,Arginine,114,A
1825,H,-8.810942,9.813194,-1.769186,12,['1821'],,"0.191585, 0.114751, 0.320419",-0.2580317728479373,0.9191886284025204,-0.5841868234139146,Alanine HA,Arginine HA,126,Arginine,114,A
1826,C,-9.640221,10.438537,-3.692824,202,"['1821', '1827', '1833', '1834']",,"0.050582, 0.097581, -0.084800",-0.5250031527134984,0.1872138540213327,1.45838016313421,Arginine CB,Arginine CB,126,Arginine,114,A
1827,C,-8.268102,10.734659,-4.338274,204,"['1826', '1828', '1835', '1836']",,"-0.043367, -0.344420, 0.110744",-2.027249933898006,0.5409041834622997,1.530228968452928,Arginine CG,Arginine CG,126,Arginine,114,A
1828,C,-8.309169,11.89875,-5.355878,206,"['1827', '1829', '1837', '1838']",,"-0.060101, -0.138274, -0.060882",-2.4923094448484,0.950058985162179,2.9474883854639806,Arginine CD,Arginine CD,126,Arginine,114,A
1829,N,-6.987652,12.130253,-5.923501,208,"['1828', '1830', '1839']",,"-0.032970, -0.064276, -0.043369",-3.91243246735376,1.2747853030012863,2.947156904094874,Arginine NE,Arginine NE,126,Arginine,114,A
1830,C,-5.863041,12.481045,-5.284383,210,"['1829', '1831', '1832']",,"0.140039, -0.010971, 0.026114",-4.540071722803645,2.238892511438518,2.259521097750642,Arginine CZ,Arginine CZ,126,Arginine,114,A
1831,N,-5.88513,12.888517,-4.014826,211,"['1830', '1840', '1841']",,"0.205899, -0.002153, 0.056696",-3.859210863801009,3.197261911546848,1.6300348671083893,Arginine NH,Arginine NH,126,Arginine,114,A
1832,N,-4.709837,12.424835,-5.956699,211,"['1830', '1842', '1843']",,"-0.007735, -0.085179, -0.103536",-5.875697240330801,2.2260354407715104,2.228104442356143,Arginine NH,Arginine NH,126,Arginine,114,A
1833,H,-10.080295,11.390687,-3.310864,203,['1826'],,"-0.004133, -0.039094, 0.014738",0.0681704923001012,1.0020221021023978,1.9383600953150708,Arginine HB,Arginine HB,126,Arginine,114,A
1834,H,-10.358101,10.056638,-4.457486,203,['1826'],,"-0.013275, -0.060813, 0.029011",-0.3112158294655374,-0.7343652618894684,2.050742744988042,Arginine HB,Arginine HB,126,Arginine,114,A
1835,H,-7.890975,9.814002,-4.841337,205,['1827'],,"0.029147, -0.163000, -0.085426",-2.628186771657796,-0.3297546177333131,1.1784696236291077,Arginine HG,Arginine HG,126,Arginine,114,A
1836,H,-7.537195,10.941976,-3.523549,205,['1827'],,"0.016739, -0.067852, 0.007976",-2.2299760552839576,1.3517522947503546,0.7937442999829023,Arginine HG,Arginine HG,126,Arginine,114,A
1837,H,-8.697037,12.829036,-4.883257,207,['1828'],,"-0.120624, 0.061009, 0.012031",-1.8976448232777576,1.8096849043161725,3.330452488000886,Arginine HD,Arginine HD,126,Arginine,114,A
1838,H,-9.020538,11.648232,-6.174966,207,['1828'],,"-0.106429, -0.024866, -0.061331",-2.3094527533062603,0.1086251073168451,3.6533656650256807,Arginine HD,Arginine HD,126,Arginine,114,A
1839,HN,-6.881475,11.939767,-6.930866,209,['1829'],,"0.277694, -0.050789, -0.304268",-4.525955276281358,0.6494041980100302,3.4901402843152134,Arginine HE,Arginine HE,126,Arginine,114,A
1840,HN,-6.764521,12.944542,-3.489327,212,['1831'],,"0.119448, -0.030852, -0.060106",-2.833846106786752,3.224072711633124,1.6529439609104102,Arginine HH,Arginine HH,126,Arginine,114,A
1841,HN,-5.008451,13.078305,-3.512409,212,['1831'],,"0.338069, 0.077118, 0.193863",-4.348019864050461,3.883794316937463,1.0411822425089006,Arginine HH,Arginine HH,126,Arginine,114,A
1842,HN,-4.732108,12.08269,-6.934021,212,['1832'],,"-0.207695, -0.135523, -0.256835",-6.366751566357765,1.4528121329429,2.711538879762898,Arginine HH,Arginine HH,126,Arginine,114,A
1843,HN,-3.822476,12.688556,-5.507374,212,['1832'],,"-0.041427, -0.005366, 0.004454",-6.399492797053112,2.9486246373114744,1.7158990796463258,Arginine HH,Arginine HH,126,Arginine,114,A
1844,N,-11.800285,8.504337,-1.977336,7,"['1822', '1845', '1848']",,"-0.001546, -0.178492, -0.295998",-0.498974931778179,-0.8649905896160555,-1.0624620439025718,Alanine N,Lysine N,127,Lysine,115,A
1845,CA,-13.016761,8.31631,-1.195772,8,"['1844', '1846', '1849', '1850']",,"-0.156804, 0.179116, -0.537577",0.0,0.0,0.0,Alanine CA,Lysine CA,127,Lysine,115,A
1846,C,-12.660764,7.924241,0.242515,9,"['1845', '1847', '1866']",,"0.082229, -0.194578, -0.203769",1.532684396455774,0.0,3.4694469519536136e-17,Alanine C,Lysine C,127,Lysine,115,A
1847,O,-13.155632,8.53262,1.194983,11,['1846'],,"0.068441, -0.192505, -0.280014",2.1559205140660853,1.064796402038918,0.0,Alanine O,Lysine O,127,Lysine,115,A
1848,HN,-11.671797,7.856076,-2.767988,10,['1844'],,"0.028970, -0.169466, -0.232922",-1.0452583744198294,-1.682593028979297,-0.7542693658392156,Alanine HN,Lysine HN,127,Lysine,115,A
1849,H,-13.541333,9.299623,-1.122847,12,['1845'],,"-0.135800, 0.311020, 0.101702",-0.3049457047300773,1.0493393666445496,-0.2308534287263072,Alanine HA,Lysine HA,127,Lysine,115,A
1850,C,-13.957012,7.266946,-1.862863,182,"['1845', '1851', '1855', '1856']",,"-0.131662, -0.175514, -0.111634",-0.5759644688034596,-0.4221763516449359,1.3857413931054086,Lysine CB,Lysine CB,127,Lysine,115,A
1851,C,-15.245248,6.89702,-1.087721,184,"['1850', '1852', '1857', '1858']",,"0.150044, -0.064555, 0.038322",-0.0531529694439296,0.3525393617699098,2.6201343843612586,Lysine CG,Lysine CG,127,Lysine,115,A
1852,C,-16.317243,8.014881,-1.110115,186,"['1851', '1853', '1859', '1860']",,"0.315037, 0.183291, 0.084897",-0.6091152076401662,1.7948295071137998,2.7200999430589152,Lysine CD,Lysine CD,127,Lysine,115,A
1853,C,-17.745951,7.551516,-0.734066,188,"['1852', '1854', '1861', '1862']",,"-0.045330, -0.347786, -0.105289",-0.4695419994397838,2.448764764977612,4.116600756150424,Lysine CE,Lysine CE,127,Lysine,115,A
1854,N,-18.26025,6.479736,-1.584493,190,"['1853', '1863', '1864', '1865']",,"-0.061152, -0.136695, -0.183867",-1.1128807644928749,1.691257625453469,5.1883936834828965,Lysine NZ,Lysine NZ,127,Lysine,115,A
1855,H,-13.37366,6.325059,-2.015948,183,['1850'],,"0.112245, -0.105025, -0.010068",-0.3431858931377715,-1.5046284392390623,1.5438467588340004,Lysine HB,Lysine HB,127,Lysine,115,A
1856,H,-14.214373,7.613035,-2.892697,183,['1850'],,"0.060549, 0.029002, 0.007835",-1.690680173071608,-0.3735659690072672,1.3455384435147946,Lysine HB,Lysine HB,127,Lysine,115,A
1857,H,-15.007292,6.621607,-0.032599,185,['1851'],,"-0.021788, -0.025854, 0.066268",1.0627067480542451,0.3752794532872484,2.6300233929909043,Lysine HG,Lysine HG,127,Lysine,115,A
1858,H,-15.645013,5.955467,-1.53906,185,['1851'],,"0.063324, -0.095897, 0.023426",-0.3286933317113202,-0.2420808063506344,3.5259739752275725,Lysine HG,Lysine HG,127,Lysine,115,A
1859,H,-16.360199,8.472238,-2.128084,187,['1852'],,"0.015844, -0.018700, -0.082900",-1.6913597269317564,1.7989757637304398,2.444398769021908,Lysine HD,Lysine HD,127,Lysine,115,A
1860,H,-16.006305,8.83917,-0.425031,187,['1852'],,"0.011137, 0.018424, 0.041469",-0.1048612045719603,2.438950890491881,1.9609488208929828,Lysine HD,Lysine HD,127,Lysine,115,A
1861,H,-18.442485,8.418799,-0.807836,189,['1853'],,"-0.038259, -0.139740, 0.039685",-0.9224083733130096,3.467089269062832,4.089979712979566,Lysine HE,Lysine HE,127,Lysine,115,A
1862,H,-17.795385,7.214205,0.325218,189,['1853'],,"-0.171537, -0.115180, 0.124363",0.5993050776605222,2.600944454722612,4.386252923833622,Lysine HE,Lysine HE,127,Lysine,115,A
1863,HN,-19.273578,6.42835,-1.621251,191,['1854'],,"0.030136, -0.053295, -0.068640",-1.369595992257872,2.2502234703887254,5.996155890554622,Lysine HN,Lysine HN,127,Lysine,115,A
1864,HN,-17.92886,5.561101,-1.301229,191,['1854'],,"0.004348, -0.019251, -0.053293",-0.535099009513971,0.927574436934954,5.5303064211934005,Lysine HN,Lysine HN,127,Lysine,115,A
1865,HN,-17.942504,6.609623,-2.543733,191,['1854'],,"0.143394, -0.000831, -0.280433",-1.972464425922168,1.262871857159073,4.84842884204833,Lysine HN,Lysine HN,127,Lysine,115,A
1866,N,-11.762918,6.915821,0.386567,7,"['1846', '1867', '1870']",,"0.051762, -0.233683, -0.222953",-0.5669702439014705,-0.951483483286128,-0.9396652478952306,Alanine N,Alanine N,128,Alanine,116,A
1867,CA,-11.245789,6.434377,1.655636,8,"['1866', '1868', '1871', '1872']",,"-0.172760, -0.656641, -0.288770",0.0,0.0,0.0,Alanine CA,Alanine CA,128,Alanine,116,A
1868,C,-10.559516,7.531227,2.476709,9,"['1867', '1869', '1876']",,"0.026988, -0.084588, -0.304320",1.5323874915823352,0.0,2.775557561562892e-17,Alanine C,Alanine C,128,Alanine,116,A
1869,O,-10.789763,7.630243,3.684781,11,['1868'],,"0.065645, -0.086526, -0.307324",2.1474464806450624,1.0695598377006008,0.0,Alanine O,Alanine O,128,Alanine,116,A
1870,HN,-11.440221,6.401868,-0.446806,10,['1866'],,"0.078544, -0.141644, -0.259181",-1.2368603236867135,-1.6246036142316862,-0.5384817892779099,Alanine HN,Alanine HN,128,Alanine,116,A
1871,H,-12.110709,6.096176,2.276088,12,['1867'],,"-0.242540, -0.045428, 0.238872",-0.2969814276832001,1.0264687131572705,-0.3249480260372496,Alanine HA,Alanine HA,128,Alanine,116,A
1872,C,-10.281262,5.242284,1.44317,13,"['1867', '1873', '1874', '1875']",,"0.169827, -0.303423, -0.045190",-0.5351573735114493,-0.2502306010694678,1.4309196649004234,Alanine CB,Alanine CB,128,Alanine,116,A
1873,H,-9.85033,4.887551,2.403455,14,['1872'],,"0.028666, 0.002057, -0.036754",-0.0815435225701111,0.4479529644321806,2.166079072264279,Alanine HB,Alanine HB,128,Alanine,116,A
1874,H,-9.422877,5.517388,0.787968,14,['1872'],,"0.042820, 0.070441, -0.039728",-0.3048855906253636,-1.2820221428490175,1.783308370967522,Alanine HB,Alanine HB,128,Alanine,116,A
1875,H,-10.798788,4.374871,0.970969,14,['1872'],,"-0.029500, -0.060064, -0.043684",-1.640816073173294,-0.1166583091147136,1.4846741096471867,Alanine HB,Alanine HB,128,Alanine,116,A
1876,N,-9.7072,8.367124,1.821981,7,"['1868', '1877', '1880']",,"0.136700, -0.140325, -0.255149",-0.499227504112093,-0.9779593549801944,-0.9534681907089138,Alanine N,Glutamate N,129,Glutamate,117,A
1877,CA,-8.968149,9.442262,2.464333,8,"['1876', '1878', '1881', '1882']",,"0.485101, -0.426221, -0.235511",0.0,0.0,0.0,Alanine CA,Glutamate CA,129,Glutamate,117,A
1878,C,-9.931601,10.512574,2.966749,9,"['1877', '1879', '1891']",,"0.060965, -0.144089, -0.319216",1.525198141457038,1.1102230246251563e-16,8.326672684688674e-17,Alanine C,Glutamate C,129,Glutamate,117,A
1879,O,-9.788781,10.999142,4.08766,11,['1878'],,"0.064568, -0.168702, -0.385267",2.1456702950933835,1.0623566950449712,-1.1102230246251563e-16,Alanine O,Glutamate O,129,Glutamate,117,A
1880,HN,-9.488863,8.195805,0.832188,10,['1876'],,"0.097656, -0.141637, -0.316015",-1.0834203486488754,-1.7302207429055458,-0.5667732815005728,Alanine HN,Glutamate HN,129,Glutamate,117,A
1881,H,-8.454221,9.014733,3.358801,12,['1877'],,"0.125098, -0.134399, 0.343418",-0.3300157075559734,1.0097944020503071,-0.3440653083401361,Alanine HA,Glutamate HA,129,Glutamate,117,A
1882,C,-7.944034,10.149418,1.522227,153,"['1877', '1883', '1887', '1888']",,"0.463120, 0.276033, 0.077573",-0.4610136881836768,-0.2632140777189723,1.4678656564532178,Glutamate CB,Glutamate CB,129,Glutamate,117,A
1883,C,-6.882545,10.955075,2.303518,155,"['1882', '1884', '1889', '1890']",,"-0.358502, -0.476227, -0.006452",-0.3088080516161999,0.9839443365124176,2.3665797708744467,Glutamate CG,Glutamate CG,129,Glutamate,117,A
1884,C,-6.152836,11.997917,1.473703,157,"['1883', '1885', '1886']",,"-0.005632, -0.340001, 0.269391",-0.311290104079485,0.6855717344757271,3.856396949470338,Glutamate CD,Glutamate CD,129,Glutamate,117,A
1885,O,-6.824941,13.011694,1.091299,158,['1884'],,"0.157196, -0.855341, -0.002138",0.6987247031431181,0.0661512474403909,4.327449075462777,Glutamate OE,Glutamate OE,129,Glutamate,117,A
1886,O,-4.93899,11.807322,1.232707,158,['1884'],,"-0.128025, 0.209431, 0.171685",-1.2912012892191629,1.0795040133156926,4.529017991873192,Glutamate OE,Glutamate OE,129,Glutamate,117,A
1887,H,-8.487284,10.84367,0.84031,154,['1882'],,"-0.028261, 0.002251, -0.004761",0.1447145179033244,-1.0915534790749648,1.902680988985108,Glutamate HB,Glutamate HB,129,Glutamate,117,A
1888,H,-7.434464,9.421986,0.853801,154,['1882'],,"-0.033522, -0.071484, -0.020010",-1.513567653471354,-0.618399843631151,1.5076832260747568,Glutamate HB,Glutamate HB,129,Glutamate,117,A
1889,H,-6.132734,10.251104,2.740324,156,['1883'],,"0.029295, -0.083081, 0.081200",-1.132581146453395,1.7043305924553098,2.1406755507524364,Glutamate HG,Glutamate HG,129,Glutamate,117,A
1890,H,-7.328764,11.479323,3.178407,156,['1883'],,"-0.019772, 0.023312, 0.166763",0.6291538474334237,1.5393573822276,2.140478138048393,Glutamate HG,Glutamate HG,129,Glutamate,117,A
1891,N,-10.9251,10.88443,2.11741,7,"['1878', '1892', '1895']",,"0.075911, -0.081470, -0.319397",-0.5290506763715173,-1.0536499538876731,-0.8379570559099923,Alanine N,Alanine N,130,Alanine,118,A
1892,CA,-11.950374,11.855953,2.429181,8,"['1891', '1893', '1896', '1897']",,"0.195560, 0.242769, -0.628264",0.0,0.0,0.0,Alanine CA,Alanine CA,130,Alanine,118,A
1893,C,-12.710804,11.476908,3.690947,9,"['1892', '1894', '1901']",,"0.225546, -0.199563, -0.232474",1.52117794346388,-5.551115123125783e-17,-1.1102230246251563e-16,Alanine C,Alanine C,130,Alanine,118,A
1894,O,-13.056325,12.345351,4.490277,11,['1893'],,"0.201686, -0.103666, -0.175878",2.140522299542081,1.062506010893152,-2.220446049250313e-16,Alanine O,Alanine O,130,Alanine,118,A
1895,HN,-10.970961,10.481367,1.172634,10,['1891'],,"-0.017211, -0.110858, -0.291811",-1.1893502446546345,-1.694047546461296,-0.3785442709148019,Alanine HN,Alanine HN,130,Alanine,118,A
1896,H,-11.453816,12.832346,2.647271,12,['1892'],,"0.118713, 0.301472, 0.132719",-0.3106250256357461,0.9817169737122936,-0.4326895687290917,Alanine HA,Alanine HA,130,Alanine,118,A
1897,C,-12.96205,12.035249,1.269206,13,"['1892', '1898', '1899', '1900']",,"-0.115870, 0.049503, -0.232095",-0.5011047463350895,-0.1050184750348518,1.462546593554817,Alanine CB,Alanine CB,130,Alanine,118,A
1898,H,-13.733904,12.796331,1.523503,14,['1897'],,"0.033890, 0.009908, -0.003234",-0.093972943186705,0.7220455874746989,2.0869503920853387,Alanine HB,Alanine HB,130,Alanine,118,A
1899,H,-13.486274,11.077045,1.040514,14,['1897'],,"0.035725, -0.120273, 0.010427",-0.1899759244496718,-1.0711413970248176,1.926304175114152,Alanine HB,Alanine HB,130,Alanine,118,A
1900,H,-12.459087,12.368209,0.334273,14,['1897'],,"0.030236, -0.038903, -0.022623",-1.610995706970155,-0.052823749141561,1.5204397844108657,Alanine HB,Alanine HB,130,Alanine,118,A
1901,N,-13.045825,10.17495,3.851543,7,"['1893', '1902', '1905']",,"0.003430, -0.226135, -0.236411",-0.5445959473670745,-1.0039798160185849,-0.8859296062090076,Alanine N,Glutamine N,131,Glutamine,119,A
1902,CA,-13.767956,9.695887,5.00846,8,"['1901', '1903', '1906', '1907']",,"-0.344718, 0.046254, -0.487983",0.0,0.0,0.0,Alanine CA,Glutamine CA,131,Glutamine,119,A
1903,C,-12.913505,9.736233,6.279824,9,"['1902', '1904', '1918']",,"0.125795, -0.191396, -0.249696",1.5323448474847288,-1.1102230246251563e-16,-5.551115123125783e-17,Alanine C,Glutamine C,131,Glutamine,119,A
1904,O,-13.416013,10.114993,7.339448,11,['1903'],,"0.072383, -0.206849, -0.278929",2.141268352216453,1.0714423056913671,-5.551115123125783e-17,Alanine O,Glutamine O,131,Glutamine,119,A
1905,HN,-12.85992,9.486543,3.107506,10,['1901'],,"0.039590, -0.180264, -0.252197",-1.0763754704114918,-1.768133137090706,-0.4439610951043115,Alanine HN,Glutamine HN,131,Glutamine,119,A
1906,H,-14.591849,10.420976,5.208909,12,['1902'],,"-0.249161, 0.159706, 0.180242",-0.2740101976407006,0.996693287792594,-0.4198266745087684,Alanine HA,Glutamine HA,131,Glutamine,119,A
1907,C,-14.365589,8.286486,4.752036,167,"['1902', '1908', '1912', '1913']",,"-0.429191, -0.371563, 0.260909",-0.5831063751946368,-0.1401430626357247,1.4316691400140096,Glutamine CB,Glutamine CB,131,Glutamine,119,A
1908,C,-15.385809,7.864795,5.823937,169,"['1907', '1909', '1914', '1915']",,"0.044978, -0.218994, 0.131195",-0.2737538169659161,1.0735377888316275,2.3254944513477334,Glutamine CG,Glutamine CG,131,Glutamine,119,A
1909,C,-16.593896,8.789436,5.973708,171,"['1908', '1910', '1911']",,"-0.136233, -0.282453, 0.503377",-0.798787149461275,2.413504003305156,1.8100363301300129,Glutamine CD,Glutamine CD,131,Glutamine,119,A
1910,O,-16.850131,9.64683,5.111832,172,['1909'],,"-0.149583, -0.544442, 0.480625",-1.6341774042242505,2.4591723101146616,0.891532865881127,Glutamine OE1,Glutamine OE1,131,Glutamine,119,A
1911,N,-17.284467,8.627889,7.120271,173,"['1909', '1916', '1917']",,"-0.141460, -0.112653, 0.334710",-0.2368235245223511,3.4948153501469825,2.386712242281384,Glutamine NE2,Glutamine NE2,131,Glutamine,119,A
1912,H,-13.542689,7.535341,4.696288,168,['1907'],,"0.013424, 0.051634, -0.024325",-0.1902796348913261,-1.0700026195317505,1.9065790441861623,Glutamine HB,Glutamine HB,131,Glutamine,119,A
1913,H,-14.870752,8.258917,3.757865,168,['1907'],,"0.022257, 0.036214, 0.007848",-1.6903653263478682,-0.2668928049567282,1.384363733519553,Glutamine HB,Glutamine HB,131,Glutamine,119,A
1914,H,-14.88195,7.787392,6.817827,170,['1908'],,"-0.032870, -0.049266, 0.241716",0.8297810000869744,1.1656296072996346,2.47182439672222,Glutamine HG,Glutamine HG,131,Glutamine,119,A
1915,H,-15.772238,6.844277,5.600414,170,['1908'],,"-0.042804, -0.083529, 0.049851",-0.7015541004040942,0.9160860807111952,3.341832372018891,Glutamine HG,Glutamine HG,131,Glutamine,119,A
1916,HN,-16.937396,7.952433,7.820296,174,['1911'],,"0.144355, -0.146383, 0.233934",0.5197227589385278,3.355603755035931,3.075908832791064,Glutamine HE2,Glutamine HE2,131,Glutamine,119,A
1917,HN,-18.110036,9.210446,7.32152,174,['1911'],,"-0.099673, 0.015872, 0.103704",-0.514857336532965,4.444986819561294,2.101564262977834,Glutamine HE2,Glutamine HE2,131,Glutamine,119,A
1918,N,-11.592282,9.448181,6.163855,7,"['1903', '1919', '1922']",,"0.121140, -0.207850, -0.209257",-0.5820614393286241,-1.0698788628951243,-0.8037253874626126,Alanine N,Alanine N,132,Alanine,120,A
1919,CA,-10.609849,9.600412,7.23206,8,"['1918', '1920', '1923', '1924']",,"0.127632, -0.743496, -0.142375",0.0,0.0,0.0,Alanine CA,Alanine CA,132,Alanine,120,A
1920,C,-10.410027,11.060026,7.679187,9,"['1919', '1921', '1928']",,"-0.005882, -0.166193, -0.334617",1.5395857932603174,-1.1102230246251563e-16,0.0,Alanine C,Alanine C,132,Alanine,120,A
1921,O,-10.214396,11.326292,8.872734,11,['1920'],,"-0.028731, -0.092302, -0.412420",2.164042093574101,1.0694754981412242,0.0,Alanine O,Alanine O,132,Alanine,120,A
1922,HN,-11.23369,9.056077,5.281135,10,['1918'],,"0.089099, -0.123283, -0.250010",-1.1636164696435929,-1.747467417800897,-0.2897255191201556,Alanine HN,Alanine HN,132,Alanine,120,A
1923,H,-10.990913,9.054292,8.129954,12,['1919'],,"-0.118833, -0.126874, 0.316406",-0.3064439278508125,0.975317727209496,-0.452236566197681,Alanine HA,Alanine HA,132,Alanine,120,A
1924,C,-9.245786,8.998205,6.814808,13,"['1919', '1925', '1926', '1927']",,"0.268453, -0.219106, -0.089252",-0.5150636033323791,-0.0653305298823693,1.4587192247686165,Alanine CB,Alanine CB,132,Alanine,120,A
1925,H,-8.531308,8.98551,7.666045,14,['1924'],,"-0.043397, -0.017670, -0.021287",-0.1871509455935072,0.8207281436976308,2.0440547879682933,Alanine HB,Alanine HB,132,Alanine,120,A
1926,H,-8.780091,9.578722,5.985601,14,['1924'],,"-0.040978, 0.044118, -0.066100",-0.1450770712842186,-0.9770499959434468,1.9815324327801207,Alanine HB,Alanine HB,132,Alanine,120,A
1927,H,-9.351735,7.947833,6.462782,14,['1924'],,"0.001642, -0.074833, -0.017624",-1.6268619547338852,-0.0899176764112551,1.5002972442916922,Alanine HB,Alanine HB,132,Alanine,120,A
1928,N,-10.475972,12.023208,6.721004,7,"['1920', '1929', '1932']",,"0.105381, -0.111685, -0.326860",-0.5475016359065973,-1.1516227969905597,-0.7070962800214956,Alanine N,Lysine N,133,Lysine,121,A
1929,CA,-10.40843,13.462093,6.946894,8,"['1928', '1930', '1933', '1934']",,"0.515255, -0.155857, -0.282856",0.0,0.0,0.0,Alanine CA,Lysine CA,133,Lysine,121,A
1930,C,-11.644701,13.988114,7.705582,9,"['1929', '1931', '1950']",,"0.027946, -0.141521, -0.261978",1.5429425002980504,-5.551115123125783e-17,-1.1102230246251563e-16,Alanine C,Lysine C,133,Lysine,121,A
1931,O,-11.525918,14.955851,8.465137,11,['1930'],,"-0.125231, -0.277172, -0.163615",2.151174673527265,1.0759190135562555,-2.220446049250313e-16,Alanine O,Lysine O,133,Lysine,121,A
1932,HN,-10.537529,11.740701,5.734935,10,['1928'],,"0.061321, -0.136962, -0.329953",-1.0793569694744272,-1.807979369193256,-0.1220685060305691,Alanine HN,Lysine HN,133,Lysine,121,A
1933,H,-9.548793,13.662284,7.631337,12,['1929'],,"0.248927, 0.065208, 0.250715",-0.283977486359576,0.9186926094116952,-0.5682210002738597,Alanine HA,Lysine HA,133,Lysine,121,A
1934,C,-10.208027,14.276657,5.619248,182,"['1929', '1935', '1939', '1940']",,"-0.029948, 0.176375, -0.176601",-0.5356931549019713,0.1203564988121371,1.471348677508448,Lysine CB,Lysine CB,133,Lysine,121,A
1935,C,-8.812485,14.116738,4.956561,184,"['1934', '1936', '1941', '1942']",,"-0.049377, -0.147746, 0.114143",-2.034233463688824,0.5099028598320771,1.5933986502701192,Lysine CG,Lysine CG,133,Lysine,121,A
1936,C,-8.697651,14.603755,3.479963,186,"['1935', '1937', '1943', '1944']",,"-0.255459, -0.237260, 0.283506",-2.686274585044064,0.286818868343772,2.9918942592201243,Lysine CD,Lysine CD,133,Lysine,121,A
1937,C,-7.574628,15.641183,3.193147,188,"['1936', '1938', '1945', '1946']",,"0.120579, -0.125095, -0.423874",-3.3734393435805554,1.5299019184289782,3.626126122804213,Lysine CE,Lysine CE,133,Lysine,121,A
1938,N,-7.158774,15.654628,1.792126,190,"['1937', '1947', '1948', '1949']",,"0.244312, -0.172759, -0.207860",-4.390958601902707,1.1740601297885158,4.613043718240983,Lysine NZ,Lysine NZ,133,Lysine,121,A
1939,H,-10.40099,15.358397,5.814351,183,['1934'],,"-0.126524, 0.016057, -0.050058",0.0836395954710391,0.859643046203381,2.032903370071636,Lysine HB,Lysine HB,133,Lysine,121,A
1940,H,-11.01403,13.984467,4.904225,183,['1934'],,"-0.107577, 0.037512, -0.000395",-0.3410905116142272,-0.8462268580054315,1.9949135237182591,Lysine HB,Lysine HB,133,Lysine,121,A
1941,H,-8.537107,13.033685,4.968904,185,['1935'],,"0.007340, -0.101102, 0.003811",-2.618043924151864,-0.0950987577609377,0.8571055141444539,Lysine HG,Lysine HG,133,Lysine,121,A
1942,H,-8.03535,14.592098,5.597118,185,['1935'],,"0.064128, -0.120602, -0.000612",-2.179875450843622,1.5578035729108255,1.245675031312974,Lysine HG,Lysine HG,133,Lysine,121,A
1943,H,-9.672596,15.013209,3.12344,187,['1936'],,"-0.060591, 0.040818, 0.017163",-1.9408236621594983,-0.1256370534053967,3.712631392198989,Lysine HD,Lysine HD,133,Lysine,121,A
1944,H,-8.523963,13.700656,2.845942,187,['1936'],,"0.028382, -0.111036, -0.051436",-3.4450835495705032,-0.5249271082121181,2.87780929752212,Lysine HD,Lysine HD,133,Lysine,121,A
1945,H,-6.671703,15.405234,3.7978,189,['1937'],,"0.045453, 0.014382, -0.049387",-3.880024097185445,2.1306013295776363,2.839307947178022,Lysine HE,Lysine HE,133,Lysine,121,A
1946,H,-7.895268,16.667823,3.490157,189,['1937'],,"0.053114, -0.021570, -0.054094",-2.620481890185125,2.2019352274159045,4.1019842364140855,Lysine HE,Lysine HE,133,Lysine,121,A
1947,HN,-6.314487,16.206835,1.625922,191,['1938'],,"0.163727, 0.078895, -0.155091",-4.960903389613284,1.968818615451394,4.911202681316714,Lysine HN,Lysine HN,133,Lysine,121,A
1948,HN,-7.8673,16.025342,1.168759,191,['1938'],,"0.156006, -0.073763, 0.085101",-4.003392355637221,0.7701087486108631,5.458407584017931,Lysine HN,Lysine HN,133,Lysine,121,A
1949,HN,-6.956251,14.693964,1.491446,191,['1938'],,"0.113973, -0.508792, -0.154685",-5.028587714670652,0.4805411428718269,4.204681283433599,Lysine HN,Lysine HN,133,Lysine,121,A
1950,N,-12.82788,13.331678,7.53317,7,"['1930', '1951', '1954']",,"-0.027453, -0.115842, -0.290809",-0.5321993401801091,-0.9602333627372224,-0.9639959923714532,Alanine N,Lysine N,134,Lysine,122,A
1951,CA,-14.06117,13.599661,8.269209,8,"['1950', '1952', '1955', '1956']",,"-0.088858, 0.260589, -0.511321",0.0,0.0,0.0,Alanine CA,Lysine CA,134,Lysine,122,A
1952,C,-13.965346,13.104374,9.72225,9,"['1951', '1953', '1972']",,"0.057717, -0.176649, -0.268375",1.5381221014685411,-5.551115123125783e-17,1.3877787807814457e-17,Alanine C,Lysine C,134,Lysine,122,A
1953,O,-14.351688,13.810796,10.657236,11,['1952'],,"0.329925, -0.319764, -0.096271",2.1698473218371226,1.0599123780738973,0.0,Alanine O,Lysine O,134,Lysine,122,A
1954,HN,-12.898863,12.587595,6.82575,10,['1950'],,"0.011246, -0.143956, -0.180427",-0.9653102757521028,-1.7961832016775543,-0.5483712363214976,Alanine HN,Lysine HN,134,Lysine,122,A
1955,H,-14.19868,14.705994,8.341192,12,['1951'],,"-0.033732, 0.368803, 0.094466",-0.2968131464154362,1.0278880868354427,-0.3215762683015403,Alanine HA,Lysine HA,134,Lysine,122,A
1956,C,-15.328025,12.955254,7.607691,182,"['1951', '1957', '1961', '1962']",,"-0.191376, -0.076677, -0.122488",-0.4963464728971104,-0.2554357102743722,1.4649849192934454,Lysine CB,Lysine CB,134,Lysine,122,A
1957,C,-15.695409,13.501452,6.207744,184,"['1956', '1958', '1963', '1964']",,"0.049259, 0.079005, 0.053871",-2.01762320368132,-0.0857233936155796,1.6887475154032798,Lysine CG,Lysine CG,134,Lysine,122,A
1958,C,-17.080478,13.000049,5.710296,186,"['1957', '1959', '1965', '1966']",,"-0.216884, 0.210076, 0.473622",-2.4123882246008383,-0.1185710884647319,3.192195959173637,Lysine CD,Lysine CD,134,Lysine,122,A
1959,C,-17.236692,12.90624,4.175535,188,"['1958', '1960', '1967', '1968']",,"0.209073, -0.170553, 0.025303",-3.841778861569699,-0.6260796868656401,3.4887961933153178,Lysine CE,Lysine CE,134,Lysine,122,A
1960,N,-16.347551,11.90779,3.594959,190,"['1959', '1969', '1970', '1971']",,"0.014002, -0.181602, -0.010987",-4.013338960101576,-2.0255266408694914,3.1191234087096884,Lysine NZ,Lysine NZ,134,Lysine,122,A
1961,H,-16.202434,13.110336,8.281076,183,['1956'],,"0.027656, -0.061922, -0.048177",0.0353775992387378,0.4437506703898538,2.1509126125927702,Lysine HB,Lysine HB,134,Lysine,122,A
1962,H,-15.198582,11.845257,7.560156,183,['1956'],,"0.040543, -0.099371, 0.010073",-0.1757603986412333,-1.2754279837121083,1.793540451286933,Lysine HB,Lysine HB,134,Lysine,122,A
1963,H,-14.880665,13.232882,5.499232,185,['1957'],,"0.118249, 0.041964, 0.029523",-2.5497043210156445,-0.8695743419626392,1.105314348766628,Lysine HG,Lysine HG,134,Lysine,122,A
1964,H,-15.706445,14.617876,6.224923,185,['1957'],,"-0.010866, 0.035206, -0.018738",-2.361579002449107,0.8825432704388709,1.251742326775181,Lysine HG,Lysine HG,134,Lysine,122,A
1965,H,-17.8771,13.674646,6.112264,187,['1958'],,"-0.131187, 0.089806, 0.048773",-2.299509439714233,0.9087258828445834,3.620197488351078,Lysine HD,Lysine HD,134,Lysine,122,A
1966,H,-17.314167,11.997056,6.145067,187,['1958'],,"-0.065484, -0.099434, 0.046983",-1.693253854962744,-0.7469654530504135,3.7732274644925656,Lysine HD,Lysine HD,134,Lysine,122,A
1967,H,-17.05565,13.896159,3.697356,189,['1959'],,"-0.040611, 0.035656, -0.033540",-4.600990067474007,-0.0016142678288511,2.964380066920892,Lysine HE,Lysine HE,134,Lysine,122,A
1968,H,-18.28513,12.625563,3.922895,189,['1959'],,"0.051954, 0.006066, -0.022932",-4.055380975172589,-0.5265410763809695,4.577967892295857,Lysine HE,Lysine HE,134,Lysine,122,A
1969,HN,-16.433797,11.87357,2.579758,191,['1960'],,"-0.006925, 0.032860, -0.063199",-4.966738167098794,-2.3441998762630134,3.288592498687482,Lysine HN,Lysine HN,134,Lysine,122,A
1970,HN,-16.560688,10.987917,3.990815,191,['1960'],,"-0.070695, -0.288119, 0.221488",-3.35645190555998,-2.603241425120146,3.6511391183159816,Lysine HN,Lysine HN,134,Lysine,122,A
1971,HN,-15.376236,12.095452,3.820155,191,['1960'],,"-0.062523, -0.027757, 0.026817",-3.800515959710735,-2.1826922400052644,2.139639647313957,Lysine HN,Lysine HN,134,Lysine,122,A
1972,N,-13.547775,11.825622,9.901265,7,"['1952', '1973', '1976']",,"-0.034639, -0.237566, -0.215456",-0.6042655114740152,-1.2506929523354493,-0.4389384778035318,Alanine N,Glutamate N,135,Glutamate,123,A
1973,CA,-13.48043,11.138327,11.18389,8,"['1972', '1974', '1977', '1978']",,"-0.412442, -0.373254, -0.224322",0.0,0.0,0.0,Alanine CA,Glutamate CA,135,Glutamate,123,A
1974,C,-12.320013,11.584967,12.08602,9,"['1973', '1975', '1987']",,"-0.063875, 0.002910, -0.198257",1.5361944669829408,1.1102230246251563e-16,5.551115123125783e-17,Alanine C,Glutamate C,135,Glutamate,123,A
1975,O,-12.36355,11.35296,13.296535,11,['1974'],,"0.093761, 0.071642, -0.245927",2.146727336159988,1.071596425571421,0.0,Alanine O,Glutamate O,135,Glutamate,123,A
1976,HN,-13.263178,11.264306,9.086666,10,['1972'],,"0.033602, -0.176161, -0.248804",-1.0308581019603331,-1.8178810784983543,0.3066881220089928,Alanine HN,Glutamate HN,135,Glutamate,123,A
1977,H,-14.392908,11.405966,11.771874,12,['1973'],,"-0.232032, 0.122034, 0.219547",-0.2661633687882182,0.7949796675878542,-0.7396866284435675,Alanine HA,Glutamate HA,135,Glutamate,123,A
1978,C,-13.45377,9.591247,10.982006,153,"['1973', '1979', '1983', '1984']",,"-0.271912, -0.466634, -0.099771",-0.548222718542934,0.4181584237191869,1.3998284948528812,Glutamate CB,Glutamate CB,135,Glutamate,123,A
1979,C,-14.759149,9.017647,10.37482,155,"['1978', '1980', '1985', '1986']",,"0.287895, 0.585171, 0.211372",-2.057626275878329,0.7694513317169753,1.4003995734057677,Glutamate CG,Glutamate CG,135,Glutamate,123,A
1980,C,-14.702441,7.56932,9.934706,157,"['1979', '1981', '1982']",,"-0.094305, 0.519742, 0.145471",-2.694339861226024,0.9463118315905844,2.7634415401137407,Glutamate CD,Glutamate CD,135,Glutamate,123,A
1981,O,-13.702787,6.856731,10.211436,158,['1980'],,"-0.143307, 0.443073, 0.558897",-1.98388867609614,0.9678084648918172,3.8019345366434494,Glutamate OE,Glutamate OE,135,Glutamate,123,A
1982,O,-15.626597,7.114415,9.207857,158,['1980'],,"-0.103150, 0.548406, 0.537585",-3.9515357645643774,0.9775492714102878,2.8517309683867147,Glutamate OE,Glutamate OE,135,Glutamate,123,A
1983,H,-13.237188,9.079364,11.949137,154,['1978'],,"0.087706, 0.007913, 0.054036",0.034500315450354,1.2806903463500945,1.8007610174427653,Glutamate HB,Glutamate HB,135,Glutamate,123,A
1984,H,-12.603311,9.323803,10.31167,154,['1978'],,"0.031465, -0.041906, 0.020136",-0.3772120273776738,-0.4131591909108225,2.1235850311453373,Glutamate HB,Glutamate HB,135,Glutamate,123,A
1985,H,-15.055679,9.61812,9.484383,156,['1979'],,"-0.051747, 0.115360, -0.120118",-2.629945172994733,-0.028303997636075,0.8736990606945418,Glutamate HG,Glutamate HG,135,Glutamate,123,A
1986,H,-15.600535,9.121481,11.09726,156,['1979'],,"-0.123618, 0.074911, 0.034436",-2.238753996998477,1.7004455637805962,0.8163842117430014,Glutamate HG,Glutamate HG,135,Glutamate,123,A
1987,N,-11.314264,12.289526,11.500041,7,"['1974', '1988', '1991']",,"-0.086020, 0.124911, -0.234801",-0.5205612204302834,-0.8144010253672977,1.086364443760394,Alanine N,Lysine N,136,Lysine,124,A
1988,CA,-10.134476,12.849403,12.139618,8,"['1987', '1989', '1992', '1993']",,"-0.480540, 0.483392, 0.052815",0.0,0.0,0.0,Alanine CA,Lysine CA,136,Lysine,124,A
1989,C,-9.242645,11.745768,12.703304,9,"['1988', '1990', '2009']",,"-0.128539, 0.040725, -0.199976",1.5267988251180964,0.0,-1.1102230246251563e-16,Alanine C,Lysine C,136,Lysine,124,A
1990,O,-8.864584,11.736309,13.875322,11,['1989'],,"0.016020, 0.035442, -0.409490",2.1871713148768634,1.0394969742600548,5.551115123125783e-17,Alanine O,Lysine O,136,Lysine,124,A
1991,HN,-11.266253,12.348071,10.474783,10,['1987'],,"0.016558, -0.075804, -0.226457",-0.9133557288198288,-1.703901289971153,0.7526155963336427,Alanine HN,Lysine HN,136,Lysine,124,A
1992,H,-9.501479,13.302651,11.340023,12,['1988'],,"0.223636, 0.147344, -0.175819",-0.2530880360830179,-0.514655803197041,-0.9573645939584604,Alanine HA,Lysine HA,136,Lysine,124,A
1993,C,-10.467589,13.956473,13.182135,182,"['1988', '1994', '1998', '1999']",,"-0.040091, 0.124929, 0.358295",-0.6099228309394154,1.4316695243586794,-0.0415507434282812,Lysine CB,Lysine CB,136,Lysine,124,A
1994,C,-11.207443,15.180687,12.590741,184,"['1993', '1995', '2000', '2001']",,"-0.105581, -0.140921, 0.118348",-2.145338388170193,1.4600794174724667,-0.2352584276717348,Lysine CG,Lysine CG,136,Lysine,124,A
1995,C,-10.349528,15.998214,11.597337,186,"['1994', '1996', '2002', '2003']",,"0.040074, -0.367931, 0.426238",-2.601917299520927,0.934667592893808,-1.6160908441773385,Lysine CD,Lysine CD,136,Lysine,124,A
1996,C,-11.148621,17.120359,10.90329,188,"['1995', '1997', '2004', '2005']",,"0.287935, 0.016424, -0.289281",-4.136054570957997,0.8259094162922309,-1.734643588949122,Lysine CE,Lysine CE,136,Lysine,124,A
1997,N,-10.444229,17.632263,9.739249,190,"['1996', '2006', '2007', '2008']",,"0.152574, 0.146966, -0.133533",-4.524390057375558,0.0116983991440298,-2.8745827163170388,Lysine NZ,Lysine NZ,136,Lysine,124,A
1998,H,-9.535129,14.291424,13.692618,183,['1993'],,"-0.022431, -0.060969, 0.065521",-0.118905156980298,2.031381861011522,-0.8424961063689528,Lysine HB,Lysine HB,136,Lysine,124,A
1999,H,-11.083931,13.512182,14.001059,183,['1993'],,"-0.018488, -0.075301, 0.086923",-0.3464446419148167,1.967493687822143,0.9025785809643024,Lysine HB,Lysine HB,136,Lysine,124,A
2000,H,-11.525476,15.845722,13.430385,185,['1994'],,"-0.024071, 0.021835, 0.066615",-2.5018306868997926,2.511519850172044,-0.1095411079380864,Lysine HG,Lysine HG,136,Lysine,124,A
2001,H,-12.15004,14.841717,12.099655,185,['1994'],,"-0.050668, -0.046620, -0.015205",-2.6322108954866046,0.875953360428781,0.581017956775978,Lysine HG,Lysine HG,136,Lysine,124,A
2002,H,-9.926289,15.322183,10.818213,187,['1995'],,"0.015763, -0.040848, 0.000272",-2.1536802227226364,-0.0684580300294701,-1.8058429958808329,Lysine HD,Lysine HD,136,Lysine,124,A
2003,H,-9.47066,16.434114,12.131447,187,['1995'],,"0.120239, -0.019757, 0.038632",-2.206450948398149,1.6013111609662554,-2.4203818249804745,Lysine HD,Lysine HD,136,Lysine,124,A
2004,H,-11.338156,17.956339,11.614956,189,['1996'],,"-0.027270, -0.030240, -0.057530",-4.588303946350064,1.8390678069669013,-1.83581250731832,Lysine HE,Lysine HE,136,Lysine,124,A
2005,H,-12.141381,16.747247,10.564941,189,['1996'],,"0.059650, -0.001177, -0.059116",-4.571159225824768,0.3631716133886655,-0.8204101980569218,Lysine HE,Lysine HE,136,Lysine,124,A
2006,HN,-10.904193,18.4588,9.362064,191,['1997'],,"-0.038565, 0.194262, -0.114019",-5.52977412941941,0.0503206474011608,-3.0317768876787308,Lysine HN,Lysine HN,136,Lysine,124,A
2007,HN,-10.399316,16.943156,8.995279,191,['1997'],,"-0.053154, -0.006684, 0.055321",-4.274709529753647,-0.9631291293779104,-2.7413613979019784,Lysine HN,Lysine HN,136,Lysine,124,A
2008,HN,-9.486458,17.891172,9.979892,191,['1997'],,"0.358418, 0.067797, 0.013908",-4.063244873739766,0.3360448712019854,-3.725707089040597,Lysine HN,Lysine HN,136,Lysine,124,A
2009,N,-8.946698,10.73409,11.85538,7,"['1989', '2010', '2013']",,"-0.154009, -0.019618, -0.200243",-0.4678379650149623,0.7530696527058145,1.149028530779023,Alanine N,Leucine N,137,Leucine,125,A
2010,CA,-8.130136,9.599284,12.24486,8,"['2009', '2011', '2014', '2015']",,"-0.584491, -0.269577, -0.193613",0.0,0.0,0.0,Alanine CA,Leucine CA,137,Leucine,125,A
2011,C,-6.651674,9.955322,12.027764,9,"['2010', '2012', '2028']",,"-0.229343, -0.155295, 0.285612",1.536145701456734,0.0,1.3877787807814457e-17,Alanine C,Leucine C,137,Leucine,125,A
2012,O,-6.24724,10.310945,10.916979,11,['2011'],,"-0.135587, -0.200465, 0.230270",2.16479868771072,1.0623903790904476,1.1102230246251563e-16,Alanine O,Leucine O,137,Leucine,125,A
2013,HN,-9.227102,10.780229,10.863918,10,['2009'],,"-0.102403, 0.028380, -0.224137",-0.5869002302939391,1.768848001030746,1.01572199664842,Alanine HN,Leucine HN,137,Leucine,125,A
2014,H,-8.289956,9.394874,13.333662,12,['2010'],,"-0.103774, -0.029814, 0.387509",-0.3550705397897848,-1.0575569355891965,0.0911806748416698,Alanine HA,Leucine HA,137,Leucine,125,A
2015,C,-8.518744,8.331678,11.429451,19,"['2010', '2016', '2019', '2020']",,"-0.106829, -0.319232, -0.022811",-0.5525752100566016,0.6072777185156328,-1.3223491959412046,Leucine CB,Leucine CB,137,Leucine,125,A
2016,C,-10.012541,7.909482,11.567337,21,"['2015', '2017', '2018', '2021']",,"-0.054859, -0.010477, 0.033704",-2.107619380966117,0.6732954071765245,-1.4009035078866092,Leucine CG,Leucine CG,137,Leucine,125,A
2017,C,-10.270405,6.625622,10.743436,23,"['2016', '2022', '2023', '2024']",,"-0.089746, -0.009706, -0.005297",-2.536927264799409,1.260841618068968,-2.7662193654234324,Leucine CD,Leucine CD,137,Leucine,125,A
2018,C,-10.401702,7.657406,13.046236,23,"['2016', '2025', '2026', '2027']",,"-0.093232, 0.017062, 0.011040",-2.749597184008372,-0.7256174173335175,-1.2191392217345285,Leucine CD,Leucine CD,137,Leucine,125,A
2019,H,-7.853147,7.492656,11.746033,20,['2015'],,"0.057467, -0.060667, -0.024540",-0.1511761301898487,0.011281422636216,-2.1772577522190906,Leucine HB,Leucine HB,137,Leucine,125,A
2020,H,-8.277726,8.505995,10.354031,20,['2015'],,"0.027384, -0.007802, 0.031923",-0.1282217063076861,1.6306833677410548,-1.4548982442309264,Leucine HB,Leucine HB,137,Leucine,125,A
2021,H,-10.657377,8.724254,11.158169,22,['2016'],,"-0.005609, -0.000772, 0.019290",-2.481572836177591,1.349640663583931,-0.5948010090847504,Leucine HG,Leucine HG,137,Leucine,125,A
2022,H,-11.352502,6.363384,10.746647,24,['2017'],,"-0.105966, 0.062564, -0.020719",-3.639624151890044,1.41027094378577,-2.8042121067097048,Leucine HD,Leucine HD,137,Leucine,125,A
2023,H,-9.716552,5.747472,11.146505,24,['2017'],,"-0.023059, 0.025211, 0.029824",-2.264367717638646,0.5950207111879726,-3.616371704761323,Leucine HD,Leucine HD,137,Leucine,125,A
2024,H,-9.98492,6.754834,9.675018,24,['2017'],,"-0.017675, -0.025351, -0.034064",-2.081220244566787,2.2602028034355266,-2.9487646523701345,Leucine HD,Leucine HD,137,Leucine,125,A
2025,H,-11.418653,7.209517,13.136355,24,['2018'],,"-0.062381, -0.017176, 0.022824",-3.8449056472436167,-0.7087715265589578,-1.4263369852655592,Leucine HD,Leucine HD,137,Leucine,125,A
2026,H,-10.431601,8.603021,13.633904,24,['2018'],,"-0.037298, 0.032824, 0.011598",-2.6422571278225337,-1.0984202806331465,-0.1751413797331101,Leucine HD,Leucine HD,137,Leucine,125,A
2027,H,-9.692202,6.965279,13.552883,24,['2018'],,"-0.019949, 0.018821, -0.049042",-2.298758283502224,-1.483707364296493,-1.8982306256280543,Leucine HD,Leucine HD,137,Leucine,125,A
2028,N,-5.838632,9.73945,13.090941,7,"['2011', '2029', '2032']",,"-0.128795, -0.035116, 0.190122",-0.5907373785131579,0.1849710301996425,-1.3174690732124543,Alanine N,Asparagine N,138,Asparagine,126,A
2029,CA,-4.384081,9.746484,13.146991,8,"['2028', '2030', '2033', '2034']",,"-0.130906, -0.386138, 0.247963",0.0,0.0,0.0,Alanine CA,Asparagine CA,138,Asparagine,126,A
2030,C,-3.738946,10.951303,12.445336,9,"['2029', '2031', '2042']",,"0.041739, -0.460517, -0.199858",1.5362642123056172,0.0,5.551115123125783e-17,Alanine C,Asparagine C,138,Asparagine,126,A
2031,O,-3.652064,12.037125,13.034915,11,['2030'],,"0.183085, -0.345089, -0.349681",2.155030525045768,1.0729816145055606,2.0816681711721685e-17,Alanine O,Asparagine O,138,Asparagine,126,A
2032,HN,-6.26682,9.478384,13.992305,10,['2028'],,"-0.100275, -0.007165, 0.154222",-1.3869694914894752,0.8405590186702592,-1.3041915796870172,Alanine HN,Asparagine HN,138,Asparagine,126,A
2033,H,-4.110964,9.907458,14.219515,12,['2029'],,"0.174410, 0.109887, 0.397503",-0.2489154890519106,0.91788731069395,0.5885042218353875,Alanine HA,Asparagine HA,138,Asparagine,126,A
2034,C,-3.864095,8.339644,12.748374,147,"['2029', '2035', '2038', '2039']",,"0.061488, -0.274492, -0.077923",-0.7028965291682403,-1.195256190918706,0.6969783682717485,Asparagine CB,Asparagine CB,138,Asparagine,126,A
2035,C,-4.41989,7.245864,13.666464,149,"['2034', '2036', '2037']",,"-0.073922, -0.062269, -0.216511",-2.213412854099305,-0.971576465910562,0.8252742421805683,Asparagine CG,Asparagine CG,138,Asparagine,126,A
2036,O,-4.312454,7.334771,14.88866,150,['2035'],,"0.038049, -0.056532, -0.197582",-2.6567821406003307,0.0543446592037084,1.3391998515763657,Asparagine OD1,Asparagine OD1,138,Asparagine,126,A
2037,N,-5.098688,6.244474,13.066867,151,"['2035', '2040', '2041']",,"-0.072737, -0.073841, -0.170077",-3.0099554040741414,-1.910029380552945,0.2703946945381987,Asparagine ND2,Asparagine ND2,138,Asparagine,126,A
2038,H,-2.754838,8.307879,12.830185,148,['2034'],,"0.027547, 0.021792, 0.010664",-0.2993550439281539,-1.325342761424401,1.7257567218831042,Asparagine HB,Asparagine HB,138,Asparagine,126,A
2039,H,-4.100338,8.112034,11.683211,148,['2034'],,"-0.034019, -0.020949, -0.056527",-0.4941176864399853,-2.1504004794705462,0.1619082171757921,Asparagine HB,Asparagine HB,138,Asparagine,126,A
2040,HN,-5.249544,6.233596,12.048477,152,['2037'],,"-0.135108, -0.024969, -0.219359",-2.616709291869701,-2.719611796153264,-0.2295331635641944,Asparagine HD2,Asparagine HD2,138,Asparagine,126,A
2041,HN,-5.510841,5.500641,13.644786,152,['2037'],,"-0.015593, -0.014019, -0.055345",-4.030338616981501,-1.7901496455018395,0.3103314670659165,Asparagine HD2,Asparagine HD2,138,Asparagine,126,A
2042,N,-3.278557,10.830046,11.172562,7,"['2030', '2043', '2046']",,"0.050216, -0.379113, -0.214424",-0.5795313556328919,-1.2066033929111255,-0.5957820843552305,Alanine N,Isoleucine N,139,Isoleucine,127,A
2043,CA,-2.648748,11.912386,10.411914,8,"['2042', '2044', '2047', '2048']",,"0.344860, -0.439469, 0.077240",0.0,0.0,0.0,Alanine CA,Isoleucine CA,139,Isoleucine,127,A
2044,C,-3.518259,13.181645,10.323912,9,"['2043', '2045', '2061']",,"-0.030347, -0.315025, 0.017499",1.54104254977142,-9.540979117872439e-17,0.0,Alanine C,Isoleucine C,139,Isoleucine,127,A
2045,O,-2.9864,14.2825,10.167893,11,['2044'],,"-0.118133, -0.237979, 0.221577",2.156562769946196,1.0678167042254951,0.0,Alanine O,Isoleucine O,139,Isoleucine,127,A
2046,HN,-3.48222,9.973478,10.639463,10,['2042'],,"-0.088169, -0.296570, -0.221061",-1.1396752960121097,-1.7903399726983131,0.0405136577873666,Alanine HN,Isoleucine HN,139,Isoleucine,127,A
2047,H,-1.736075,12.237813,10.969467,12,['2043'],,"0.250020, 0.124489, 0.144844",-0.2787683204981727,0.8693064661964326,-0.6452399370642663,Alanine HA,Isoleucine HA,139,Isoleucine,127,A
2048,C,-2.199765,11.426116,8.975116,25,"['2043', '2049', '2050', '2052']",,"0.265572, -0.205986, -0.119169",-0.5717928643681514,0.261843389762337,1.451524612084973,Isoleucine CB,Isoleucine CB,139,Isoleucine,127,A
2049,C,-0.970438,10.463317,9.093977,27,"['2048', '2051', '2053', '2054']",,"-0.119736, -0.068546, 0.044935",-2.065206950242266,0.7250394854790558,1.364815502548714,Isoleucine CG1,Isoleucine CG1,139,Isoleucine,127,A
2050,C,-1.839754,12.573976,7.990323,29,"['2048', '2055', '2056', '2057']",,"-0.087289, 0.044670, 0.056067",0.2267326954144292,1.30812810981061,2.2789622034097943,Isoleucine CG2,Isoleucine CG2,139,Isoleucine,127,A
2051,C,-0.655749,9.719148,7.783245,31,"['2049', '2058', '2059', '2060']",,"-0.028053, -0.053676, 0.056934",-2.7808404741508563,0.7186095546602511,2.728143180898215,Isoleucine CD,Isoleucine CD,139,Isoleucine,127,A
2052,H,-3.067072,10.868718,8.536577,26,['2048'],,"-0.079888, -0.026667, 0.002945",-0.516477806464239,-0.7125996258455787,2.0016441180798425,Isoleucine HB,Isoleucine HB,139,Isoleucine,127,A
2053,H,-1.174291,9.697134,9.878684,28,['2049'],,"-0.026278, -0.051762, 0.020901",-2.6260532604601097,0.0422496458086538,0.6839286087808176,Isoleucine HG1,Isoleucine HG1,139,Isoleucine,127,A
2054,H,-0.065218,11.011157,9.446743,28,['2049'],,"0.008923, -0.027482, 0.002792",-2.144888079365023,1.7350901341526077,0.8985061958306721,Isoleucine HG1,Isoleucine HG1,139,Isoleucine,127,A
2055,H,-1.557467,12.194481,6.985494,30,['2050'],,"-0.042847, -0.017772, 0.034906",-0.1877283681679735,1.4432163638136586,3.300410643146011,Isoleucine HG2,Isoleucine HG2,139,Isoleucine,127,A
2056,H,-1.004592,13.200972,8.373166,30,['2050'],,"-0.042928, -0.018466, 0.021443",0.2500589951985154,2.301118304051028,1.7783479099764563,Isoleucine HG2,Isoleucine HG2,139,Isoleucine,127,A
2057,H,-2.709716,13.24497,7.817723,30,['2050'],,"-0.037353, 0.000088, 0.006690",1.280107793635293,0.9845942944053634,2.4292431477025067,Isoleucine HG2,Isoleucine HG2,139,Isoleucine,127,A
2058,H,0.077485,8.902559,7.9578,32,['2051'],,"0.003743, -0.021175, 0.011613",-3.877097780923848,0.8483749536756375,2.6004717265037187,Isoleucine HD,Isoleucine HD,139,Isoleucine,127,A
2059,H,-0.220963,10.387812,7.009013,32,['2051'],,"-0.012763, -0.036133, 0.041898",-2.431213168354584,1.536108641914485,3.395257556321301,Isoleucine HD,Isoleucine HD,139,Isoleucine,127,A
2060,H,-1.572229,9.255767,7.35657,32,['2051'],,"-0.030282, -0.011483, 0.029301",-2.6210219214525345,-0.2453719666266752,3.259092099360958,Isoleucine HD,Isoleucine HD,139,Isoleucine,127,A
2061,N,-4.864233,13.047099,10.373091,7,"['2044', '2062', '2065']",,"-0.011932, -0.307514, -0.078015",-0.6238072485628363,-1.318407073853488,0.0239732421993353,Alanine N,Tryptophan N,140,Tryptophan,128,A
2062,CA,-5.816635,14.143189,10.233719,8,"['2061', '2063', '2066', '2067']",,"0.103410, -0.204745, -0.482721",0.0,0.0,0.0,Alanine CA,Tryptophan CA,140,Tryptophan,128,A
2063,C,-6.360944,14.715945,11.557494,9,"['2062', '2064', '2085']",,"0.328675, -0.221872, 0.086553",1.5416555950153064,-1.1102230246251563e-16,-1.0408340855860844e-17,Alanine C,Tryptophan C,140,Tryptophan,128,A
2064,O,-7.191,15.637726,11.532756,11,['2063'],,"0.240335, -0.429912, 0.233102",2.155940009025815,1.0779331159421572,-5.204170427930421e-17,Alanine O,Tryptophan O,140,Tryptophan,128,A
2065,HN,-5.289102,12.126185,10.552041,10,['2061'],,"-0.086010, -0.319442, 0.038705",-0.6622785273651637,-1.76093037725692,0.9531193295877648,Alanine HN,Tryptophan HN,140,Tryptophan,128,A
2066,H,-5.298634,15.010331,9.757955,12,['2062'],,"0.240476, 0.307147, -0.088361",-0.2692535955495802,0.5070007691179657,-0.957634789081107,Alanine HA,Tryptophan HA,140,Tryptophan,128,A
2067,C,-7.000875,13.685564,9.325767,89,"['2062', '2068', '2077', '2078']",,"0.060809, -0.102632, -0.354727",-0.5315319036168149,0.8443271241710173,1.2003363675885124,Tryptophan CB,Tryptophan CB,140,Tryptophan,128,A
2068,C,-6.525803,13.032375,8.027053,91,"['2067', '2069', '2070']",,"-0.228749, -0.021692, 0.201450",-2.0571054604387897,0.8191215451560923,1.305204523923362,Tryptophan CG,Tryptophan CG,140,Tryptophan,128,A
2069,C,-6.650724,11.671229,7.726622,92,"['2068', '2071', '2079']",,"-0.040600, 0.061544, 0.163110",-2.7766643323416846,0.1683008003217592,2.313792578223589,Tryptophan CD1,Tryptophan CD1,140,Tryptophan,128,A
2070,C,-5.82289,13.607818,6.98659,94,"['2068', '2072', '2073']",,"-0.088219, -0.171203, 0.180158",-2.9849082418504183,1.3225377816741313,0.4143966446352068,Tryptophan CD2,Tryptophan CD2,140,Tryptophan,128,A
2071,N,-6.061146,11.464447,6.506561,95,"['2069', '2072', '2080']",,"-0.030392, -0.044304, 0.038909",-4.109280060336758,0.3248935081477044,2.0335714107774074,Tryptophan NE1,Tryptophan NE1,140,Tryptophan,128,A
2072,C,-5.547209,12.636483,6.047456,97,"['2070', '2071', '2074']",,"-0.034384, -0.103530, 0.093488",-4.249519946204296,1.0218463432857214,0.8746207878883475,Tryptophan CE2,Tryptophan CE2,140,Tryptophan,128,A
2073,C,-5.381163,14.922323,6.812585,98,"['2070', '2075', '2081']",,"-0.020793, -0.108228, 0.009677",-2.8019158950680616,2.0061820309996508,-0.7907872496158879,Tryptophan CE3,Tryptophan CE3,140,Tryptophan,128,A
2074,C,-4.852039,12.888847,4.871655,100,"['2072', '2076', '2082']",,"-0.043810, -0.118951, 0.025157",-5.410830077280118,1.391123419355941,0.2079498574086337,Tryptophan CZ2,Tryptophan CZ2,140,Tryptophan,128,A
2075,C,-4.660171,15.216508,5.633896,102,"['2073', '2076', '2083']",,"0.045275, -0.028264, 0.085604",-3.959285444669239,2.3891583825746205,-1.504584753674492,Tryptophan CZ3,Tryptophan CZ3,140,Tryptophan,128,A
2076,C,-4.402493,14.209918,4.669635,104,"['2074', '2075', '2084']",,"0.000312, -0.117881, 0.057615",-5.252214636028096,2.088896183851698,-1.0069931801373144,Tryptophan CH2,Tryptophan CH2,140,Tryptophan,128,A
2077,H,-7.654182,14.553547,9.082742,90,['2067'],,"0.006922, 0.063935, 0.121257",-0.1870756363720372,1.8989282420656988,1.1085102424710715,Tryptophan HB,Tryptophan HB,140,Tryptophan,128,A
2078,H,-7.643193,12.956394,9.874235,90,['2067'],,"-0.005320, -0.023570, 0.044976",-0.1046977880272909,0.459571630730123,2.156816527907566,Tryptophan HB,Tryptophan HB,140,Tryptophan,128,A
2079,H,-7.102667,10.863579,8.323943,93,['2069'],,"0.019433, -0.004654, 0.069858",-2.404253744906753,-0.4002697010846249,3.1806151172053942,Tryptophan HD1,Tryptophan HD1,140,Tryptophan,128,A
2080,HN,-6.002179,10.555479,6.021664,96,['2071'],,"-0.005463, -0.016158, -0.015912",-4.884166276589317,-0.0450918193277321,2.605836421097526,Tryptophan HE1,Tryptophan HE1,140,Tryptophan,128,A
2081,H,-5.584078,15.71258,7.558996,99,['2073'],,"-0.008376, 0.016815, -0.050155",-1.7957552937201335,2.2477009215404418,-1.180812215486177,Tryptophan HE3,Tryptophan HE3,140,Tryptophan,128,A
2082,H,-4.651083,12.095355,4.127126,101,['2074'],,"-0.021075, -0.039223, -0.071810",-6.415884867299945,1.147673313065395,0.601565424486874,Tryptophan HZ2,Tryptophan HZ2,140,Tryptophan,128,A
2083,H,-4.294226,16.24748,5.462718,103,['2075'],,"0.008638, 0.023101, 0.034252",-3.8524476493733535,2.9320319230976075,-2.463748410194771,Tryptophan HZ3,Tryptophan HZ3,140,Tryptophan,128,A
2084,H,-3.849479,14.459467,3.743548,105,['2076'],,"-0.029845, -0.044374, -0.017158",-6.149957707296396,2.4093020138137646,-1.5701395210488749,Tryptophan HH2,Tryptophan HH2,140,Tryptophan,128,A
2085,N,-5.880716,14.187733,12.716076,7,"['2063', '2086', '2089']",,"0.297991, -0.000560, 0.335223",-0.4950683098313233,1.297970373548457,0.4448081157108497,Alanine N,Serine N,141,Serine,129,A
2086,CA,-6.304341,14.538564,14.067051,8,"['2085', '2087', '2090', '2091']",,"-0.231324, -0.161247, -0.197770",0.0,0.0,0.0,Alanine CA,Serine CA,141,Serine,129,A
2087,C,-5.417879,15.662666,14.614799,233,"['2086', '2088', '2096']",,"-0.369725, -0.411654, -0.174736",1.532790936609426,-5.551115123125783e-17,-5.551115123125783e-17,C-Terminal COO-,Serine COO-,141,Serine,129,A
2088,O,-4.306966,15.863338,14.065521,234,['2087'],,"-0.609415, -0.275163, -0.151317",2.126147805236156,1.106359296472209,-1.119980844177526e-16,C-Terminal COO-,Serine COO-,141,Serine,129,A
2089,HN,-4.932984,13.795631,12.693149,10,['2085'],,"0.206622, -0.058506, -0.001903",-0.2427132533487815,2.05452441530538,-0.2004890847525915,Alanine HN,Serine HN,141,Serine,129,A
2090,H,-7.361176,14.894558,14.065136,12,['2086'],,"-0.393240, 0.174225, 0.043895",-0.350810684587846,-0.8075187857849749,0.6844566360766533,Alanine HA,Serine HA,141,Serine,129,A
2091,C,-6.143451,13.319227,15.031287,33,"['2086', '2092', '2093', '2094']",,"-0.064651, -0.079760, -0.039412",-0.4566036580397242,-0.2934459969733666,-1.4655449231224718,Serine CB,Serine CB,141,Serine,129,A
2092,OH,-4.765552,13.035996,15.250112,35,"['2091', '2095']",,"-0.141086, -0.125008, -0.141297",0.2107642793899954,0.5721916631282045,-2.3776859822200644,Serine OG,Serine OG,141,Serine,129,A
2093,H,-6.662418,12.411878,14.64631,34,['2091'],,"-0.071007, 0.031424, -0.049762",-1.5597337012589547,-0.196368619233513,-1.585945653590741,Serine HB,Serine HB,141,Serine,129,A
2094,H,-6.603754,13.536407,16.022374,34,['2091'],,"-0.006101, -0.008469, -0.046600",-0.2093701525440147,-1.3408947138601162,-1.7536876395506389,Serine HB,Serine HB,141,Serine,129,A
2095,HO,-4.462132,12.524513,14.497115,36,['2092'],,"0.138802, -0.175249, -0.289106",-0.2579502379147662,1.4093090202752134,-2.3627103577266144,Serine HG,Serine HG,141,Serine,129,A
2096,O,-5.84002,16.333777,15.60542,234,['2087'],,"0.324525, -0.307427, -0.188049",2.134827334168804,-1.1168501004819698,-0.0109996777291464,C-Terminal COO-,Serine COO-,141,Serine,129,A
