atom_number,atom_name,x,y,z,atom_type,bonds
1,N,-7.475599,-4.72165,-14.500998,231,"['2', '5', '6', '7']"
2,CA,-6.38687,-5.381665,-13.784665,8,"['1', '3', '8', '9']"
3,C,-6.834876,-6.769952,-13.306569,9,"['2', '4', '22']"
4,O,-8.012763,-7.135916,-13.392851,11,['3']
5,H,-7.334227,-3.730132,-14.628753,232,['1']
6,H,-8.351534,-4.819111,-13.998866,232,['1']
7,H,-7.630859,-5.124721,-15.41775,232,['1']
8,H,-5.553943,-5.518641,-14.514552,12,['2']
9,C,-5.912314,-4.515912,-12.583776,19,"['2', '10', '13', '14']"
10,C,-5.689331,-2.995573,-12.845172,21,"['9', '11', '12', '15']"
11,C,-5.101907,-2.323757,-11.577722,23,"['10', '16', '17', '18']"
12,C,-4.750658,-2.782351,-14.056897,23,"['10', '19', '20', '21']"
13,H,-4.960648,-4.952773,-12.192184,20,['9']
14,H,-6.648231,-4.631241,-11.747425,20,['9']
15,H,-6.672093,-2.510174,-13.0697,22,['10']
16,H,-4.954224,-1.230368,-11.733306,24,['11']
17,H,-4.11316,-2.746432,-11.288221,24,['11']
18,H,-5.781682,-2.429966,-10.701278,24,['11']
19,H,-4.518647,-1.697995,-14.185863,24,['12']
20,H,-5.17564,-3.12449,-15.024421,24,['12']
21,H,-3.777589,-3.309093,-13.921567,24,['12']
22,N,-5.874201,-7.560457,-12.772175,7,"['3', '23', '26']"
23,CA,-6.101258,-8.866612,-12.163945,8,"['22', '24', '27', '28']"
24,C,-5.072699,-9.03998,-11.037027,9,"['23', '25', '40']"
25,O,-4.007836,-8.421064,-11.079164,11,['24']
26,HN,-4.906947,-7.226203,-12.648145,10,['22']
27,H,-7.123632,-8.881014,-11.709055,12,['23']
28,C,-5.975865,-9.998893,-13.217303,106,"['23', '29', '34', '35']"
29,C,-4.613593,-10.164517,-13.83585,108,"['28', '30', '31']"
30,N,-4.292133,-9.805928,-15.124305,109,"['29', '32', '36']"
31,C,-3.45613,-10.659873,-13.281027,111,"['29', '33', '37']"
32,C,-2.993569,-10.069341,-15.370232,113,"['30', '33', '38']"
33,N,-2.475482,-10.593353,-14.238322,115,"['31', '32', '39']"
34,H,-6.736299,-9.856573,-14.021682,107,['28']
35,H,-6.242151,-10.972618,-12.74886,107,['28']
36,HN,-4.942021,-9.442724,-15.843134,110,['30']
37,H,-3.274733,-11.05563,-12.29199,112,['31']
38,H,-2.492222,-9.945021,-16.31601,114,['32']
39,HN,-1.503254,-10.89853,-14.108624,116,['33']
40,N,-5.42759,-9.870987,-10.029021,7,"['24', '41', '44']"
41,CA,-4.622445,-10.219165,-8.858952,8,"['40', '42', '45', '46']"
42,C,-3.830727,-11.514268,-9.183623,9,"['41', '43', '62']"
43,O,-4.373787,-12.420459,-9.82579,11,['42']
44,HN,-6.307943,-10.398164,-10.094678,10,['40']
45,H,-3.890538,-9.400447,-8.648147,12,['41']
46,C,-5.590261,-10.416476,-7.637409,182,"['41', '47', '51', '52']"
47,C,-6.323355,-9.114248,-7.179538,184,"['46', '48', '53', '54']"
48,C,-7.476671,-9.297433,-6.14286,186,"['47', '49', '55', '56']"
49,C,-8.405601,-8.064233,-6.003347,188,"['48', '50', '57', '58']"
50,N,-9.449623,-8.177516,-4.981521,190,"['49', '59', '60', '61']"
51,H,-5.024311,-10.838156,-6.780401,183,['46']
52,H,-6.336329,-11.211945,-7.873541,183,['46']
53,H,-6.738406,-8.597049,-8.076763,185,['47']
54,H,-5.572918,-8.40648,-6.751388,185,['47']
55,H,-7.036702,-9.551827,-5.149122,187,['48']
56,H,-8.095961,-10.179212,-6.427479,187,['48']
57,H,-8.902553,-7.840201,-6.975407,189,['49']
58,H,-7.808071,-7.157926,-5.779999,189,['49']
59,HN,-10.182912,-7.489231,-5.130886,191,['50']
60,HN,-9.108011,-8.004427,-4.039408,191,['50']
61,HN,-9.912293,-9.081657,-4.96715,191,['50']
62,N,-2.524817,-11.575944,-8.793586,7,"['42', '63', '66']"
63,CA,-1.568802,-12.682133,-8.945968,8,"['62', '64', '67', '68']"
64,C,-1.031232,-13.088071,-7.552699,9,"['63', '65', '77']"
65,O,-0.957556,-12.248144,-6.652531,11,['64']
66,HN,-2.128748,-10.793171,-8.255953,10,['62']
67,H,-2.109795,-13.552962,-9.387777,12,['63']
68,C,-0.345338,-12.28298,-9.842009,153,"['63', '69', '73', '74']"
69,C,-0.697262,-11.774739,-11.25685,155,"['68', '70', '75', '76']"
70,C,0.420002,-11.713,-12.283519,157,"['69', '71', '72']"
71,O,1.551047,-12.197368,-12.011188,158,['70']
72,O,0.17825,-11.158902,-13.393374,158,['70']
73,H,0.302714,-13.183169,-9.957591,154,['68']
74,H,0.279314,-11.522286,-9.317839,154,['68']
75,H,-1.130667,-10.753606,-11.168006,156,['69']
76,H,-1.497162,-12.436769,-11.664657,156,['69']
77,N,-0.610281,-14.372475,-7.33992,50,"['64', '78', '84']"
78,CA,-0.240684,-14.853969,-6.013102,51,"['77', '79', '81', '82']"
79,C,1.199889,-14.552853,-5.581664,52,"['78', '80', '91']"
80,O,2.147809,-14.654363,-6.367583,53,['79']
81,H,-0.931469,-14.416931,-5.245926,54,['78']
82,C,-0.503139,-16.369108,-6.12552,55,"['78', '83', '85', '86']"
83,C,-0.175911,-16.709566,-7.580717,57,"['82', '84', '87', '88']"
84,C,-0.441304,-15.40823,-8.349602,59,"['77', '83', '89', '90']"
85,H,-1.574946,-16.57834,-5.899222,56,['82']
86,H,0.089518,-16.967618,-5.397926,56,['82']
87,H,-0.799978,-17.555509,-7.957641,58,['83']
88,H,0.891245,-17.012748,-7.682917,58,['83']
89,H,-1.341952,-15.520383,-8.99475,60,['84']
90,H,0.421238,-15.181897,-9.017515,60,['84']
91,N,1.36372,-14.239963,-4.271487,7,"['79', '92', '95']"
92,CA,2.62782,-13.981837,-3.599173,8,"['91', '93', '96', '97']"
93,C,2.540875,-14.445519,-2.139055,9,"['92', '94', '101']"
94,O,1.45675,-14.598966,-1.574115,11,['93']
95,HN,0.553756,-14.213141,-3.632306,10,['91']
96,H,3.435431,-14.572376,-4.097065,12,['92']
97,C,2.949766,-12.470042,-3.665872,13,"['92', '98', '99', '100']"
98,H,3.933121,-12.245794,-3.197041,14,['97']
99,H,2.180317,-11.865229,-3.135697,14,['97']
100,H,3.002748,-12.114784,-4.719277,14,['97']
101,N,3.716486,-14.661533,-1.50653,7,"['93', '102', '105']"
102,CA,3.837274,-15.026626,-0.103984,8,"['101', '103', '106', '107']"
103,C,4.714609,-13.998206,0.61127,9,"['102', '104', '115']"
104,O,5.645445,-13.430645,0.023402,11,['103']
105,HN,4.603679,-14.457988,-1.991009,10,['101']
106,H,2.8297,-14.962294,0.375964,12,['102']
107,C,4.310106,-16.500348,0.058178,37,"['102', '108', '109', '110']"
108,OH,4.408594,-16.792024,1.448072,39,"['107', '111']"
109,C,5.692249,-16.80587,-0.535339,41,"['107', '112', '113', '114']"
110,H,3.536543,-17.168492,-0.395636,38,['107']
111,HO,3.950268,-17.609943,1.59829,40,['108']
112,H,5.99963,-17.855969,-0.334189,42,['109']
113,H,6.47658,-16.142513,-0.106208,42,['109']
114,H,5.694605,-16.679065,-1.639825,42,['109']
115,N,4.388048,-13.712987,1.896286,7,"['103', '116', '119']"
116,CA,5.12505,-12.763871,2.716803,8,"['115', '117', '120', '121']"
117,C,6.491355,-13.376409,3.029095,9,"['116', '118', '134']"
118,O,6.59374,-14.518664,3.484349,11,['117']
119,HN,3.65441,-14.248896,2.381964,10,['115']
120,H,5.25921,-11.825853,2.129263,12,['116']
121,C,4.365868,-12.438601,4.034037,19,"['116', '122', '125', '126']"
122,C,5.088749,-11.43596,4.988653,21,"['121', '123', '124', '127']"
123,C,5.174749,-10.023824,4.362929,23,"['122', '128', '129', '130']"
124,C,4.31564,-11.348593,6.323881,23,"['122', '131', '132', '133']"
125,H,4.214724,-13.398119,4.587289,20,['121']
126,H,3.33771,-12.06906,3.801319,20,['121']
127,H,6.123621,-11.791024,5.216094,22,['122']
128,H,5.536689,-9.272454,5.100312,24,['123']
129,H,4.18722,-9.663876,3.996851,24,['123']
130,H,5.884377,-9.987621,3.508301,24,['123']
131,H,4.811425,-10.658897,7.0433,24,['124']
132,H,4.259215,-12.34523,6.821555,24,['124']
133,H,3.269289,-11.000026,6.186826,24,['124']
134,N,7.554268,-12.572407,2.792844,7,"['117', '135', '138']"
135,CA,8.891457,-12.8137,3.294925,8,"['134', '136', '139', '140']"
136,C,9.015414,-12.09199,4.638095,9,"['135', '137', '153']"
137,O,9.241973,-12.729711,5.665436,11,['136']
138,HN,7.421742,-11.669572,2.314331,10,['134']
139,H,9.003639,-13.89837,3.543527,12,['135']
140,C,10.017055,-12.440394,2.265744,25,"['135', '141', '142', '144']"
141,C,9.914366,-13.388966,1.025992,27,"['140', '143', '145', '146']"
142,C,11.423026,-12.545291,2.915602,29,"['140', '147', '148', '149']"
143,C,10.904914,-13.05038,-0.097966,31,"['141', '150', '151', '152']"
144,H,9.858469,-11.386373,1.930921,26,['140']
145,H,8.881207,-13.34451,0.607506,28,['141']
146,H,10.059111,-14.449977,1.33897,28,['141']
147,H,12.245432,-12.304504,2.210511,30,['142']
148,H,11.618664,-13.563878,3.318826,30,['142']
149,H,11.530405,-11.839261,3.769605,30,['142']
150,H,10.723139,-13.67956,-0.995963,32,['143']
151,H,11.957114,-13.229973,0.210723,32,['143']
152,H,10.812821,-11.990262,-0.420875,32,['143']
153,N,8.86102,-10.742584,4.655923,7,"['136', '154', '157']"
154,CA,8.967785,-9.947481,5.871975,8,"['153', '155', '158', '159']"
155,C,8.359421,-8.55044,5.677278,9,"['154', '156', '175']"
156,O,8.416152,-7.970682,4.588887,11,['155']
157,HN,8.633578,-10.211978,3.799733,10,['153']
158,H,8.394356,-10.477411,6.674015,12,['154']
159,C,10.475975,-9.82187,6.263992,182,"['154', '160', '164', '165']"
160,C,10.716369,-9.381471,7.728896,184,"['159', '161', '166', '167']"
161,C,12.21307,-9.197182,8.075823,186,"['160', '162', '168', '169']"
162,C,12.899476,-7.98888,7.398265,188,"['161', '163', '170', '171']"
163,N,12.366101,-6.702244,7.828792,190,"['162', '172', '173', '174']"
164,H,10.96999,-9.126392,5.546335,183,['159']
165,H,10.98183,-10.807929,6.119006,183,['159']
166,H,10.295404,-10.169266,8.401723,185,['160']
167,H,10.142523,-8.455127,7.963871,185,['160']
168,H,12.770757,-10.127303,7.808521,187,['161']
169,H,12.322852,-9.112499,9.183858,187,['161']
170,H,12.820427,-8.060529,6.291098,189,['162']
171,H,13.988421,-8.003157,7.633657,189,['162']
172,HN,12.809156,-5.926718,7.344491,191,['163']
173,HN,12.502375,-6.555793,8.823904,191,['163']
174,HN,11.365603,-6.616268,7.649962,191,['163']
175,N,7.826448,-7.96973,6.780477,7,"['155', '176', '179']"
176,CA,7.404862,-6.573498,6.868531,8,"['175', '177', '180', '181']"
177,C,8.65296,-5.676091,6.953983,9,"['176', '178', '185']"
178,O,9.712514,-6.112097,7.438466,11,['177']
179,HN,7.773795,-8.504789,7.657843,10,['175']
180,H,6.833248,-6.30646,5.945882,12,['176']
181,C,6.510413,-6.372679,8.113067,13,"['176', '182', '183', '184']"
182,H,6.203569,-5.305766,8.221364,14,['181']
183,H,7.02992,-6.654704,9.057463,14,['181']
184,H,5.577358,-6.977361,8.053382,14,['181']
185,N,8.543809,-4.422788,6.441707,7,"['177', '186', '189']"
186,CA,9.606994,-3.417446,6.429831,8,"['185', '187', '190', '191']"
187,C,9.163765,-2.170176,7.202124,9,"['186', '188', '204']"
188,O,9.784627,-1.797713,8.204646,11,['187']
189,HN,7.630771,-4.087583,6.099164,10,['185']
190,H,10.486769,-3.798115,7.002033,12,['186']
191,C,10.096716,-3.072354,4.976601,25,"['186', '192', '193', '195']"
192,C,10.672396,-4.34514,4.273666,27,"['191', '194', '196', '197']"
193,C,11.17118,-1.946425,5.01026,29,"['191', '198', '199', '200']"
194,C,10.894679,-4.163293,2.76371,31,"['192', '201', '202', '203']"
195,H,9.214217,-2.708426,4.392081,26,['191']
196,H,9.97023,-5.200916,4.404552,28,['192']
197,H,11.624246,-4.655179,4.763891,28,['192']
198,H,11.503664,-1.6509,3.991188,30,['193']
199,H,12.068008,-2.220012,5.608184,30,['193']
200,H,10.755529,-1.009837,5.448385,30,['193']
201,H,11.285141,-5.090511,2.290498,32,['194']
202,H,11.620739,-3.351025,2.544214,32,['194']
203,H,9.940973,-3.902789,2.25464,32,['194']
204,N,8.110258,-1.491835,6.689622,7,"['187', '205', '208']"
205,CA,7.487845,-0.331204,7.317401,8,"['204', '206', '209', '210']"
206,C,6.006127,-0.318442,6.912872,9,"['205', '207', '216']"
207,O,5.374604,-1.382999,6.829164,11,['206']
208,HN,7.764769,-1.689747,5.735391,10,['204']
209,H,7.495242,-0.484289,8.419817,12,['205']
210,C,8.312404,0.931191,6.961269,137,"['205', '211', '214', '215']"
211,C,8.547527,1.141669,5.479943,139,"['210', '212', '213']"
212,O,7.604583,0.884559,4.680434,140,['211']
213,O,9.698373,1.504358,5.121508,140,['211']
214,H,9.302069,0.851902,7.469186,138,['210']
215,H,7.855647,1.85501,7.379157,138,['210']
216,N,5.386338,0.880495,6.796452,1,"['206', '217', '220']"
217,CA,4.019293,1.040357,6.386118,2,"['216', '218', '221', '222']"
218,C,3.709877,0.933421,4.898796,3,"['217', '219', '223']"
219,O,2.601199,0.505592,4.54935,5,['218']
220,HN,5.850935,1.751899,7.075911,4,['216']
221,H,3.389926,0.287082,6.909922,6,['217']
222,H,3.636796,2.024167,6.733483,6,['217']
223,N,4.646079,1.318393,3.986867,7,"['218', '224', '227']"
224,CA,4.398947,1.312799,2.544876,8,"['223', '225', '228', '229']"
225,C,5.377161,0.487115,1.70262,9,"['224', '226', '235']"
226,O,5.174608,0.361805,0.482151,11,['225']
227,HN,5.609224,1.561356,4.27592,10,['223']
228,H,3.443289,0.76131,2.376221,12,['224']
229,C,4.169263,2.748945,1.989363,137,"['224', '230', '233', '234']"
230,C,5.339824,3.704812,2.027693,139,"['229', '231', '232']"
231,O,6.468346,3.340557,1.624219,140,['230']
232,O,5.119112,4.892733,2.396741,140,['230']
233,H,3.309611,3.200407,2.537557,138,['229']
234,H,3.839377,2.67244,0.927676,138,['229']
235,N,6.374142,-0.189595,2.321834,7,"['225', '236', '239']"
236,CA,7.201631,-1.206263,1.702358,8,"['235', '237', '240', '241']"
237,C,7.045033,-2.521652,2.490919,9,"['236', '238', '249']"
238,O,6.956051,-2.559159,3.724492,11,['237']
239,HN,6.62872,-0.001872,3.303679,10,['235']
240,H,6.815778,-1.38075,0.67072,12,['236']
241,C,8.701403,-0.808989,1.559739,37,"['236', '242', '243', '244']"
242,OH,9.321311,-0.658843,2.825721,39,"['241', '245']"
243,C,8.939308,0.490411,0.758742,41,"['241', '246', '247', '248']"
244,H,9.221451,-1.651728,1.043555,38,['241']
245,HO,8.903826,0.052918,3.301663,40,['242']
246,H,10.028455,0.676871,0.629519,42,['243']
247,H,8.507129,1.377078,1.280657,42,['243']
248,H,8.477654,0.432482,-0.250434,42,['243']
249,N,7.039628,-3.652384,1.73764,7,"['237', '250', '253']"
250,CA,6.945641,-5.022353,2.228864,8,"['249', '251', '254', '255']"
251,C,7.764068,-5.941291,1.29904,9,"['250', '252', '265']"
252,O,7.751418,-5.781453,0.074225,11,['251']
253,HN,7.10711,-3.576231,0.711317,10,['249']
254,H,7.401911,-5.062923,3.250122,12,['250']
255,C,5.43542,-5.445168,2.356211,15,"['250', '256', '257', '258']"
256,C,4.661354,-5.397043,1.011959,17,"['255', '259', '260', '261']"
257,C,5.303603,-6.8535,2.97967,17,"['255', '262', '263', '264']"
258,H,4.958069,-4.713263,3.058737,16,['255']
259,H,3.59154,-5.679437,1.13858,18,['256']
260,H,5.098769,-6.084445,0.255567,18,['256']
261,H,4.670864,-4.37598,0.569342,18,['256']
262,H,4.238819,-7.134098,3.143908,18,['257']
263,H,5.805588,-6.913751,3.970027,18,['257']
264,H,5.754565,-7.641577,2.338602,18,['257']
265,N,8.534931,-6.908733,1.862325,7,"['251', '266', '269']"
266,CA,9.328211,-7.883168,1.110718,8,"['265', '267', '270', '271']"
267,C,8.438972,-9.119124,0.910605,9,"['266', '268', '287']"
268,O,8.055978,-9.78637,1.882881,11,['267']
269,HN,8.440008,-7.114741,2.865909,10,['265']
270,H,9.574126,-7.438418,0.114713,12,['266']
271,C,10.664738,-8.253269,1.851048,182,"['266', '272', '276', '277']"
272,C,11.747326,-8.961492,0.979186,184,"['271', '273', '278', '279']"
273,C,13.037723,-9.317571,1.781911,186,"['272', '274', '280', '281']"
274,C,14.166635,-10.003573,0.961372,188,"['273', '275', '282', '283']"
275,N,15.411499,-10.170793,1.719773,190,"['274', '284', '285', '286']"
276,H,10.418182,-8.878361,2.741614,183,['271']
277,H,11.106964,-7.314914,2.260995,183,['271']
278,H,12.01082,-8.290992,0.124692,185,['272']
279,H,11.3112,-9.880874,0.524273,185,['272']
280,H,12.765097,-9.972794,2.643432,187,['273']
281,H,13.439321,-8.379552,2.233633,187,['273']
282,H,14.403435,-9.379978,0.066813,189,['274']
283,H,13.839008,-10.99686,0.577029,189,['274']
284,HN,16.227913,-10.303399,1.121014,191,['275']
285,HN,15.426505,-10.92077,2.406733,191,['275']
286,HN,15.666447,-9.338778,2.234951,191,['275']
287,N,8.093615,-9.429989,-0.359861,7,"['267', '288', '291']"
288,CA,7.270747,-10.559051,-0.775905,8,"['287', '289', '292', '293']"
289,C,8.091495,-11.445774,-1.71767,9,"['288', '290', '306']"
290,O,9.094479,-11.019907,-2.294554,11,['289']
291,HN,8.547163,-8.939728,-1.145313,10,['287']
292,H,6.987912,-11.175353,0.111621,12,['288']
293,C,5.995645,-10.071636,-1.535329,19,"['288', '294', '297', '298']"
294,C,5.114258,-9.027044,-0.795985,21,"['293', '295', '296', '299']"
295,C,3.909876,-8.639229,-1.688172,23,"['294', '300', '301', '302']"
296,C,4.589656,-9.594529,0.542053,23,"['294', '303', '304', '305']"
297,H,5.374289,-10.962123,-1.793841,20,['293']
298,H,6.311723,-9.642972,-2.516376,20,['293']
299,H,5.717834,-8.10732,-0.595691,22,['294']
300,H,3.283139,-7.861662,-1.196876,24,['295']
301,H,3.247315,-9.505028,-1.914386,24,['295']
302,H,4.239436,-8.214904,-2.66361,24,['295']
303,H,3.884182,-8.891377,1.03961,24,['296']
304,H,5.419002,-9.764334,1.261348,24,['296']
305,H,4.053975,-10.562302,0.41484,24,['296']
306,N,7.624907,-12.698292,-1.926643,7,"['289', '307', '310']"
307,CA,8.092426,-13.587166,-2.971515,8,"['306', '308', '311', '312']"
308,C,6.969985,-13.63553,-4.021133,9,"['307', '309', '323']"
309,O,5.831124,-14.004724,-3.711482,11,['308']
310,HN,6.81509,-13.038332,-1.390467,10,['306']
311,H,9.017909,-13.152823,-3.414717,12,['307']
312,C,8.392028,-15.009578,-2.420081,175,"['307', '313', '316', '317']"
313,C,9.061943,-15.923167,-3.465206,177,"['312', '314', '318', '319']"
314,S,9.064517,-17.665614,-2.947571,179,"['313', '315']"
315,C,10.455091,-17.648816,-1.7841,180,"['314', '320', '321', '322']"
316,H,7.432027,-15.461131,-2.090862,176,['312']
317,H,9.024285,-14.946043,-1.507476,176,['312']
318,H,10.097394,-15.57527,-3.677821,178,['313']
319,H,8.509265,-15.848606,-4.428306,178,['313']
320,H,10.550917,-18.657994,-1.327693,181,['315']
321,H,10.275259,-16.90434,-0.978624,181,['315']
322,H,11.396596,-17.411048,-2.325596,181,['315']
323,N,7.300762,-13.26184,-5.279893,7,"['308', '324', '327']"
324,CA,6.427306,-13.201363,-6.447552,8,"['323', '325', '328', '329']"
325,C,7.158825,-13.877802,-7.614118,9,"['324', '326', '344']"
326,O,8.334311,-13.59743,-7.848599,11,['325']
327,HN,8.290839,-13.072178,-5.50055,10,['323']
328,H,5.479896,-13.757257,-6.237972,12,['324']
329,C,6.104178,-11.714232,-6.770247,70,"['324', '330', '337', '338']"
330,C,5.520292,-11.496151,-8.149451,72,"['329', '331', '332']"
331,C,4.156856,-11.725717,-8.38934,73,"['330', '333', '339']"
332,C,6.337218,-11.118878,-9.231056,73,"['330', '334', '340']"
333,C,3.64077,-11.601171,-9.682166,75,"['331', '335', '341']"
334,C,5.813345,-10.978976,-10.519474,75,"['332', '335', '342']"
335,C,4.460913,-11.240829,-10.760724,77,"['333', '334', '336']"
336,OH,3.995407,-11.160897,-12.045095,78,"['335', '343']"
337,H,7.026924,-11.093814,-6.690768,71,['329']
338,H,5.392949,-11.306027,-6.013288,71,['329']
339,H,3.48474,-12.039107,-7.571125,74,['331']
340,H,7.420762,-10.975903,-9.087887,74,['332']
341,H,2.574805,-11.795634,-9.861581,76,['333']
342,H,6.474674,-10.687379,-11.348667,76,['334']
343,HO,3.091214,-11.469273,-12.026705,79,['336']
344,N,6.468095,-14.82327,-8.307064,7,"['325', '345', '348']"
345,CA,7.01657,-15.711571,-9.326742,8,"['344', '346', '349', '350']"
346,C,8.309888,-16.387261,-8.834362,9,"['345', '347', '366']"
347,O,9.305683,-16.443926,-9.54716,11,['346']
348,HN,5.486689,-15.0153,-8.067001,10,['344']
349,H,6.305764,-16.564279,-9.457159,12,['345']
350,C,7.204456,-15.003959,-10.709988,182,"['345', '351', '355', '356']"
351,C,5.87,-14.619661,-11.398133,184,"['350', '352', '357', '358']"
352,C,6.041794,-13.843753,-12.732459,186,"['351', '353', '359', '360']"
353,C,4.72105,-13.727954,-13.54068,188,"['352', '354', '361', '362']"
354,N,4.647662,-12.535208,-14.376713,190,"['353', '363', '364', '365']"
355,H,7.770287,-15.69858,-11.380215,183,['350']
356,H,7.863664,-14.113315,-10.577566,183,['350']
357,H,5.257186,-14.007207,-10.695562,185,['351']
358,H,5.289016,-15.555178,-11.580496,185,['351']
359,H,6.805791,-14.347151,-13.372598,187,['352']
360,H,6.459544,-12.836054,-12.499831,187,['352']
361,H,3.842894,-13.692881,-12.855118,189,['353']
362,H,4.587995,-14.622593,-14.192085,189,['353']
363,HN,3.794454,-12.500674,-14.926244,191,['354']
364,HN,5.39831,-12.487941,-15.060944,191,['354']
365,HN,4.653161,-11.703837,-13.789747,191,['354']
366,N,8.282702,-16.875192,-7.565981,1,"['346', '367', '370']"
367,CA,9.40088,-17.534917,-6.936203,2,"['366', '368', '371', '372']"
368,C,10.650303,-16.718206,-6.618723,3,"['367', '369', '373']"
369,O,11.713761,-17.298205,-6.373303,5,['368']
370,HN,7.413005,-16.871085,-7.013459,4,['366']
371,H,9.074285,-17.998441,-5.977694,6,['367']
372,H,9.72831,-18.389143,-7.573428,6,['367']
373,N,10.600677,-15.365524,-6.687189,7,"['368', '374', '377']"
374,CA,11.740603,-14.486351,-6.449663,8,"['373', '375', '378', '379']"
375,C,11.428651,-13.520216,-5.300857,9,"['374', '376', '390']"
376,O,10.290886,-13.061727,-5.172449,11,['375']
377,HN,9.732005,-14.859482,-6.907729,10,['373']
378,H,12.627297,-15.109575,-6.183054,12,['374']
379,C,12.044874,-13.642267,-7.723414,167,"['374', '380', '384', '385']"
380,C,12.488134,-14.463983,-8.957395,169,"['379', '381', '386', '387']"
381,C,13.89557,-15.041229,-8.81495,171,"['380', '382', '383']"
382,O,14.791009,-14.380698,-8.272643,172,['381']
383,N,14.082741,-16.275433,-9.330478,173,"['381', '388', '389']"
384,H,12.838751,-12.896117,-7.487734,168,['379']
385,H,11.136011,-13.048994,-7.986765,168,['379']
386,H,12.500938,-13.806873,-9.856342,170,['380']
387,H,11.736634,-15.259641,-9.178286,170,['380']
388,HN,13.336171,-16.761877,-9.845902,174,['383']
389,HN,15.004231,-16.72356,-9.22146,174,['383']
390,N,12.431308,-13.171121,-4.441421,50,"['375', '391', '397']"
391,CA,12.253405,-12.153251,-3.408037,51,"['390', '392', '394', '395']"
392,C,12.314352,-10.750781,-4.017574,52,"['391', '393', '404']"
393,O,13.146353,-10.481996,-4.882424,53,['392']
394,H,11.278003,-12.287511,-2.878058,54,['391']
395,C,13.440786,-12.416075,-2.457931,55,"['391', '396', '398', '399']"
396,C,14.548023,-12.821356,-3.429462,57,"['395', '397', '400', '401']"
397,C,13.794073,-13.691189,-4.444828,59,"['390', '396', '402', '403']"
398,H,13.221091,-13.252392,-1.755399,56,['395']
399,H,13.709826,-11.528173,-1.84563,56,['395']
400,H,15.38824,-13.349025,-2.927176,58,['396']
401,H,14.966999,-11.919386,-3.939844,58,['396']
402,H,13.811062,-14.763698,-4.138684,60,['397']
403,H,14.26882,-13.62102,-5.451628,60,['397']
404,N,11.430325,-9.833926,-3.564281,7,"['392', '405', '408']"
405,CA,11.28379,-8.495966,-4.118681,8,"['404', '406', '409', '410']"
406,C,10.684235,-7.567532,-3.058137,9,"['405', '407', '421']"
407,O,9.691398,-7.896858,-2.401512,11,['406']
408,HN,10.710368,-10.091012,-2.87319,10,['404']
409,H,12.28862,-8.113901,-4.426361,12,['405']
410,C,10.333675,-8.616959,-5.351261,175,"['405', '411', '414', '415']"
411,C,10.13014,-7.335612,-6.185166,177,"['410', '412', '416', '417']"
412,S,8.883609,-7.555354,-7.509704,179,"['411', '413']"
413,C,9.451609,-9.057367,-8.348288,180,"['412', '418', '419', '420']"
414,H,9.34363,-8.983846,-4.989738,176,['410']
415,H,10.736819,-9.417976,-6.015405,176,['410']
416,H,11.09923,-7.022602,-6.635744,178,['411']
417,H,9.81181,-6.495099,-5.527559,178,['411']
418,H,8.98999,-9.114634,-9.356745,181,['413']
419,H,9.169469,-9.95323,-7.75278,181,['413']
420,H,10.554604,-9.030691,-8.463969,181,['413']
421,N,11.271281,-6.356296,-2.90866,7,"['406', '422', '425']"
422,CA,10.682851,-5.286185,-2.117392,8,"['421', '423', '426', '427']"
423,C,9.58949,-4.663991,-2.996312,9,"['422', '424', '435']"
424,O,9.88229,-4.229059,-4.112891,11,['423']
425,HN,12.087019,-6.093297,-3.481699,10,['421']
426,H,10.231296,-5.707705,-1.18625,12,['422']
427,C,11.726737,-4.195945,-1.716084,37,"['422', '428', '429', '430']"
428,OH,12.750722,-4.809051,-0.932802,39,"['427', '431']"
429,C,11.100318,-3.097274,-0.835904,41,"['427', '432', '433', '434']"
430,H,12.180132,-3.752203,-2.635995,38,['427']
431,HO,13.494696,-4.990054,-1.500238,40,['428']
432,H,11.866265,-2.384599,-0.458904,42,['429']
433,H,10.579426,-3.525341,0.048066,42,['429']
434,H,10.347884,-2.497797,-1.395609,42,['429']
435,N,8.335922,-4.599644,-2.500311,7,"['423', '436', '439']"
436,CA,7.207136,-3.920734,-3.115211,8,"['435', '437', '440', '441']"
437,C,6.949277,-2.624594,-2.338718,9,"['436', '438', '455']"
438,O,6.997908,-2.604955,-1.106615,11,['437']
439,HN,8.147513,-4.935536,-1.546879,10,['435']
440,H,7.465346,-3.653644,-4.167622,12,['436']
441,C,5.915741,-4.789758,-3.084986,61,"['436', '442', '448', '449']"
442,C,5.893042,-5.833204,-4.18254,63,"['441', '443', '444']"
443,C,6.52595,-7.078506,-4.028315,64,"['442', '445', '450']"
444,C,5.196598,-5.575547,-5.378434,64,"['442', '446', '451']"
445,C,6.431387,-8.052647,-5.029586,66,"['443', '447', '452']"
446,C,5.10264,-6.547986,-6.37795,66,"['444', '447', '453']"
447,C,5.712175,-7.792456,-6.200742,68,"['445', '446', '454']"
448,H,5.022606,-4.135148,-3.215777,62,['441']
449,H,5.779129,-5.274324,-2.090421,62,['441']
450,H,7.094292,-7.302766,-3.110869,65,['443']
451,H,4.702223,-4.602944,-5.536783,65,['444']
452,H,6.924681,-9.028416,-4.897451,67,['445']
453,H,4.54421,-6.330716,-7.301695,67,['446']
454,H,5.642752,-8.559006,-6.988658,69,['447']
455,N,6.625368,-1.536939,-3.079342,7,"['437', '456', '459']"
456,CA,6.174606,-0.234724,-2.607558,8,"['455', '457', '460', '461']"
457,C,4.709377,-0.087892,-3.048768,9,"['456', '458', '479']"
458,O,4.372063,-0.351277,-4.204936,11,['457']
459,HN,6.488309,-1.6598,-4.092424,10,['455']
460,H,6.232573,-0.216273,-1.491688,12,['456']
461,C,7.077919,0.884969,-3.21502,202,"['456', '462', '468', '469']"
462,C,6.699567,2.360352,-2.933676,204,"['461', '463', '470', '471']"
463,C,6.876909,2.812489,-1.464138,206,"['462', '464', '472', '473']"
464,N,6.62577,4.247089,-1.315027,208,"['463', '465', '474']"
465,C,5.424587,4.847149,-1.329585,210,"['464', '466', '467']"
466,N,4.30304,4.200843,-1.654737,211,"['465', '475', '476']"
467,N,5.340977,6.159064,-1.088307,211,"['465', '477', '478']"
468,H,7.085263,0.752951,-4.32426,203,['461']
469,H,8.13062,0.711538,-2.895183,203,['461']
470,H,5.656826,2.52788,-3.289113,205,['462']
471,H,7.330336,3.008455,-3.589008,205,['462']
472,H,7.913695,2.589486,-1.129475,207,['463']
473,H,6.226302,2.236393,-0.767582,207,['463']
474,HN,7.452229,4.809112,-1.06544,209,['464']
475,HN,4.300504,3.199811,-1.871356,212,['466']
476,HN,3.415707,4.709832,-1.743286,212,['466']
477,HN,6.180074,6.711108,-0.857452,212,['467']
478,HN,4.419078,6.618626,-1.117848,212,['467']
479,N,3.8242,0.305798,-2.10118,7,"['457', '480', '483']"
480,CA,2.38893,0.436124,-2.313563,8,"['479', '481', '484', '485']"
481,C,2.096608,1.596444,-3.282012,9,"['480', '482', '498']"
482,O,2.435262,2.750988,-3.010688,11,['481']
483,HN,4.160524,0.46983,-1.140695,10,['479']
484,H,2.014537,-0.508468,-2.77939,12,['480']
485,C,1.639308,0.683161,-0.965336,19,"['480', '486', '489', '490']"
486,C,1.776226,-0.422377,0.119543,21,"['485', '487', '488', '491']"
487,C,0.880911,-0.076352,1.332499,23,"['486', '492', '493', '494']"
488,C,1.369861,-1.808863,-0.420432,23,"['486', '495', '496', '497']"
489,H,0.560588,0.84616,-1.190191,20,['485']
490,H,1.993898,1.65132,-0.539979,20,['485']
491,H,2.83782,-0.475821,0.463186,22,['486']
492,H,1.030625,-0.799323,2.166518,24,['487']
493,H,-0.202767,-0.084194,1.079506,24,['487']
494,H,1.119323,0.927288,1.750874,24,['487']
495,H,1.364094,-2.576177,0.386481,24,['488']
496,H,2.093273,-2.165501,-1.186274,24,['488']
497,H,0.357192,-1.808248,-0.882191,24,['488']
498,N,1.438848,1.286256,-4.427291,7,"['481', '499', '502']"
499,CA,0.970666,2.25947,-5.405898,8,"['498', '500', '503', '504']"
500,C,-0.053974,3.23478,-4.804297,9,"['499', '501', '517']"
501,O,-0.862852,2.877678,-3.941162,11,['500']
502,HN,1.326113,0.295757,-4.680678,10,['498']
503,H,1.852951,2.872587,-5.711972,12,['499']
504,C,0.326997,1.575375,-6.653585,19,"['499', '505', '508', '509']"
505,C,1.326503,1.147929,-7.760565,21,"['504', '506', '507', '510']"
506,C,0.58015,0.330187,-8.845407,23,"['505', '511', '512', '513']"
507,C,1.979359,2.390102,-8.420887,23,"['505', '514', '515', '516']"
508,H,-0.421845,2.265932,-7.111766,20,['504']
509,H,-0.28431,0.705369,-6.315284,20,['504']
510,H,2.122319,0.509132,-7.308346,22,['505']
511,H,1.274839,-0.046862,-9.630229,24,['506']
512,H,-0.201456,0.938672,-9.35421,24,['506']
513,H,0.062313,-0.55607,-8.416281,24,['506']
514,H,2.541614,2.112231,-9.339669,24,['507']
515,H,2.710559,2.888081,-7.746756,24,['507']
516,H,1.225856,3.154626,-8.719538,24,['507']
517,N,-0.052649,4.466192,-5.382065,7,"['500', '518', '521']"
518,CA,-0.968636,5.565302,-5.157624,8,"['517', '519', '522', '523']"
519,C,-1.053082,6.112086,-3.714626,9,"['518', '520', '532']"
520,O,-1.973494,6.877856,-3.402896,11,['519']
521,HN,0.643764,4.679637,-6.109608,10,['517']
522,H,-0.579858,6.44111,-5.732563,12,['518']
523,C,-2.376226,5.2146,-5.728638,153,"['518', '524', '528', '529']"
524,C,-2.443689,4.852496,-7.233132,155,"['523', '525', '530', '531']"
525,C,-3.852886,4.866865,-7.795754,157,"['524', '526', '527']"
526,O,-4.587297,3.84144,-7.805054,158,['525']
527,O,-4.316974,5.955826,-8.218723,158,['525']
528,H,-3.043307,6.093813,-5.558477,154,['523']
529,H,-2.820627,4.384248,-5.138361,154,['523']
530,H,-1.991107,3.857784,-7.435882,156,['524']
531,H,-1.841042,5.573846,-7.831695,156,['524']
532,N,-0.103801,5.75655,-2.802766,7,"['519', '533', '536']"
533,CA,-0.118401,6.15204,-1.39186,8,"['532', '534', '537', '538']"
534,C,1.286243,6.528622,-0.880245,9,"['533', '535', '548']"
535,O,2.312098,6.277333,-1.531546,11,['534']
536,HN,0.755372,5.267736,-3.087167,10,['532']
537,H,-0.737884,7.078131,-1.284978,12,['533']
538,C,-0.752503,5.039924,-0.476507,15,"['533', '539', '540', '541']"
539,C,-2.149219,4.607274,-0.980723,17,"['538', '542', '543', '544']"
540,C,0.154748,3.791055,-0.357262,17,"['538', '545', '546', '547']"
541,H,-0.887004,5.481541,0.541972,16,['538']
542,H,-2.657962,3.942292,-0.246546,18,['539']
543,H,-2.101909,4.06509,-1.951533,18,['539']
544,H,-2.807357,5.492474,-1.129339,18,['539']
545,H,-0.281132,3.026607,0.324573,18,['540']
546,H,1.155999,4.043403,0.058307,18,['540']
547,H,0.323809,3.310214,-1.346489,18,['540']
548,N,1.339682,7.050504,0.37137,7,"['534', '549', '552']"
549,CA,2.557779,7.289342,1.139991,8,"['548', '550', '553', '554']"
550,C,2.232194,7.30407,2.647102,9,"['549', '551', '560']"
551,O,1.390571,8.091713,3.096079,11,['550']
552,HN,0.471961,7.386888,0.816732,10,['548']
553,H,3.277573,6.454101,0.940115,12,['549']
554,C,3.173437,8.638702,0.699325,137,"['549', '555', '558', '559']"
555,C,4.537456,8.96568,1.258094,139,"['554', '556', '557']"
556,O,5.303854,8.005202,1.549746,140,['555']
557,O,4.911265,10.163901,1.309032,140,['555']
558,H,2.473933,9.470069,0.953785,138,['554']
559,H,3.28262,8.663652,-0.409257,138,['554']
560,N,2.894013,6.428189,3.448496,7,"['550', '561', '564']"
561,CA,2.864374,6.436909,4.911385,8,"['560', '562', '565', '566']"
562,C,4.005034,7.342515,5.406545,9,"['561', '563', '574']"
563,O,5.032483,7.512393,4.721325,11,['562']
564,HN,3.561772,5.757961,3.038966,10,['560']
565,H,1.892244,6.874703,5.243356,12,['561']
566,C,2.994385,5.018998,5.558969,37,"['561', '567', '568', '569']"
567,OH,4.227736,4.409633,5.206037,39,"['566', '570']"
568,C,1.837515,4.091197,5.145413,41,"['566', '571', '572', '573']"
569,H,2.988662,5.133978,6.66995,38,['566']
570,HO,4.904865,4.768245,5.774262,40,['567']
571,H,1.960606,3.05391,5.520084,42,['568']
572,H,1.699082,4.033054,4.043833,42,['568']
573,H,0.888877,4.470793,5.587499,42,['568']
574,N,3.949836,7.80936,6.690776,50,"['562', '575', '581']"
575,CA,5.098409,8.47792,7.295206,51,"['574', '576', '578', '579']"
576,C,6.192948,7.435711,7.515862,52,"['575', '577', '588']"
577,O,5.888706,6.278504,7.823167,53,['576']
578,H,5.469428,9.299138,6.630137,54,['575']
579,C,4.569547,9.052482,8.634609,55,"['575', '580', '582', '583']"
580,C,3.051486,9.035855,8.434839,57,"['579', '581', '584', '585']"
581,C,2.850978,7.744572,7.638006,59,"['574', '580', '586', '587']"
582,H,4.971511,10.070472,8.838595,56,['579']
583,H,4.865015,8.410392,9.497199,56,['579']
584,H,2.717977,9.926679,7.854059,58,['580']
585,H,2.501602,9.043119,9.400979,58,['580']
586,H,1.842249,7.706361,7.175492,60,['581']
587,H,2.949559,6.848845,8.296314,60,['581']
588,N,7.468988,7.825848,7.307096,7,"['576', '589', '592']"
589,CA,8.611857,6.944211,7.518536,8,"['588', '590', '593', '594']"
590,C,8.710959,6.7112,9.032543,9,"['589', '591', '603']"
591,O,8.132836,7.453227,9.82936,11,['590']
592,HN,7.660823,8.823925,7.13019,10,['588']
593,H,8.382385,5.956107,7.044408,12,['589']
594,C,9.939831,7.505391,6.92131,153,"['589', '595', '599', '600']"
595,C,9.852689,8.020935,5.466027,155,"['594', '596', '601', '602']"
596,C,9.25619,7.068482,4.453854,157,"['595', '597', '598']"
597,O,9.996001,6.227255,3.88166,158,['596']
598,O,8.018494,7.152668,4.205661,158,['596']
599,H,10.714341,6.702132,6.963939,154,['594']
600,H,10.333233,8.328825,7.565408,154,['594']
601,H,10.868531,8.312761,5.113324,156,['595']
602,H,9.262658,8.966125,5.445325,156,['595']
603,N,9.404184,5.627367,9.463564,7,"['590', '604', '607']"
604,CA,9.386979,5.195481,10.862637,8,"['603', '605', '608', '609']"
605,C,9.83147,6.29163,11.851205,9,"['604', '606', '623']"
606,O,9.277426,6.427699,12.944367,11,['605']
607,HN,10.003545,5.105618,8.807355,10,['603']
608,H,8.322251,4.991395,11.134067,12,['604']
609,C,10.199341,3.887563,11.047689,61,"['604', '610', '616', '617']"
610,C,10.105031,3.302906,12.441929,63,"['609', '611', '612']"
611,C,9.048671,2.441372,12.794314,64,"['610', '613', '618']"
612,C,11.060482,3.632397,13.418931,64,"['610', '614', '619']"
613,C,8.957431,1.915471,14.088066,66,"['611', '615', '620']"
614,C,10.959008,3.1168,14.712881,66,"['612', '615', '621']"
615,C,9.911642,2.255203,15.048249,68,"['613', '614', '622']"
616,H,11.272152,4.056918,10.794107,62,['609']
617,H,9.84575,3.112534,10.328,62,['609']
618,H,8.269341,2.178407,12.061434,65,['611']
619,H,11.886564,4.324377,13.187879,65,['612']
620,H,8.128595,1.245986,14.370103,67,['613']
621,H,11.701489,3.397396,15.473863,67,['614']
622,H,9.829409,1.851037,16.068694,69,['615']
623,N,10.797107,7.13834,11.425376,7,"['605', '624', '627']"
624,CA,11.310144,8.3138,12.122244,8,"['623', '625', '628', '629']"
625,C,10.40854,9.56815,12.122035,9,"['624', '626', '637']"
626,O,10.898226,10.654546,12.466112,11,['625']
627,HN,11.184349,7.009699,10.479043,10,['623']
628,H,11.45046,8.050848,13.197108,12,['624']
629,C,12.694102,8.687651,11.506156,147,"['624', '630', '633', '634']"
630,C,12.582487,9.03118,10.022484,149,"['629', '631', '632']"
631,O,12.499685,8.111957,9.202179,150,['630']
632,N,12.536536,10.339485,9.706743,151,"['630', '635', '636']"
633,H,13.424501,7.852354,11.605392,148,['629']
634,H,13.131526,9.5555,12.053067,148,['629']
635,HN,12.588767,11.054868,10.442762,152,['632']
636,HN,12.425769,10.626816,8.72517,152,['632']
637,N,9.120632,9.471362,11.716133,7,"['625', '638', '641']"
638,CA,8.125868,10.540354,11.614939,8,"['637', '639', '642', '643']"
639,C,6.863424,10.152731,12.404872,9,"['638', '640', '652']"
640,O,6.626745,8.972404,12.67585,11,['639']
641,HN,8.728278,8.562876,11.437785,10,['637']
642,H,8.528388,11.479169,12.063802,12,['638']
643,C,7.77891,10.762607,10.112854,153,"['638', '644', '648', '649']"
644,C,8.972495,11.257059,9.258205,155,"['643', '645', '650', '651']"
645,C,8.830999,11.099233,7.754027,157,"['644', '646', '647']"
646,O,7.734363,10.702694,7.280571,158,['645']
647,O,9.859524,11.286855,7.044361,158,['645']
648,H,6.926133,11.467777,9.984649,154,['643']
649,H,7.422298,9.792012,9.690265,154,['643']
650,H,9.895967,10.706171,9.534428,156,['644']
651,H,9.17431,12.3332,9.475484,156,['644']
652,N,6.069985,11.178106,12.826957,7,"['639', '653', '656']"
653,CA,4.852265,11.023617,13.630017,8,"['652', '654', '657', '658']"
654,C,3.825302,10.208483,12.825662,9,"['653', '655', '674']"
655,O,3.456284,10.595233,11.711951,11,['654']
656,HN,6.319271,12.139849,12.562429,10,['652']
657,H,5.134016,10.452741,14.550987,12,['653']
658,C,4.252922,12.406884,14.056319,182,"['653', '659', '663', '664']"
659,C,3.03245,12.326831,15.020345,184,"['658', '660', '665', '666']"
660,C,2.307763,13.690137,15.179012,186,"['659', '661', '667', '668']"
661,C,1.207342,13.711629,16.268362,188,"['660', '662', '669', '670']"
662,N,0.368686,14.904494,16.192601,190,"['661', '671', '672', '673']"
663,H,3.967486,12.965358,13.133459,183,['658']
664,H,5.054369,13.007114,14.553794,183,['658']
665,H,3.374434,11.940477,16.011153,185,['659']
666,H,2.299834,11.574132,14.642696,185,['659']
667,H,1.864806,13.968738,14.19321,187,['660']
668,H,3.057218,14.483092,15.418082,187,['660']
669,H,1.679696,13.685363,17.27817,189,['661']
670,H,0.546117,12.817304,16.19985,189,['661']
671,HN,0.141828,15.261323,17.123022,191,['662']
672,HN,-0.503261,14.699101,15.704038,191,['662']
673,HN,0.793703,15.683131,15.702728,191,['662']
674,N,3.351302,9.091771,13.438853,7,"['654', '675', '678']"
675,CA,2.478457,8.056193,12.904727,8,"['674', '676', '679', '680']"
676,C,3.180682,6.959791,12.086575,9,"['675', '677', '695']"
677,O,2.511495,6.051341,11.579667,11,['676']
678,HN,3.655709,8.884818,14.404246,10,['674']
679,H,2.122568,7.487304,13.792512,12,['675']
680,C,1.201962,8.562462,12.174511,70,"['675', '681', '688', '689']"
681,C,0.313122,9.3728,13.091681,72,"['680', '682', '683']"
682,C,-0.430833,8.742896,14.104565,73,"['681', '684', '690']"
683,C,0.222885,10.76654,12.959479,73,"['681', '685', '691']"
684,C,-1.213148,9.492359,14.987847,75,"['682', '686', '692']"
685,C,-0.569225,11.513985,13.83361,75,"['683', '686', '693']"
686,C,-1.275741,10.883938,14.865231,77,"['684', '685', '687']"
687,OH,-2.013545,11.590823,15.76256,78,"['686', '694']"
688,H,0.623107,7.694108,11.784062,71,['680']
689,H,1.488912,9.165724,11.284763,71,['680']
690,H,-0.384402,7.648978,14.233872,74,['682']
691,H,0.791064,11.286755,12.171204,74,['683']
692,H,-1.790073,8.976341,15.772145,76,['684']
693,H,-0.628008,12.605845,13.71269,76,['685']
694,HO,-2.166582,12.482367,15.475848,79,['687']
695,N,4.527469,7.010504,11.947274,1,"['676', '696', '699']"
696,CA,5.325382,6.027102,11.256317,2,"['695', '697', '700', '701']"
697,C,5.484926,4.679643,11.950798,3,"['696', '698', '702']"
698,O,5.423639,3.642629,11.288687,5,['697']
699,HN,5.087515,7.761989,12.370199,4,['695']
700,H,4.896042,5.833095,10.246792,6,['696']
701,H,6.339066,6.43946,11.061892,6,['696']
702,N,5.580932,4.637963,13.314371,50,"['697', '703', '709']"
703,CA,5.507604,3.367282,14.030363,51,"['702', '704', '706', '707']"
704,C,4.149579,2.68929,13.871225,52,"['703', '705', '716']"
705,O,4.072218,1.481859,13.640833,53,['704']
706,H,6.284885,2.664847,13.640972,54,['703']
707,C,5.803525,3.749837,15.49835,55,"['703', '708', '710', '711']"
708,C,6.793058,4.904203,15.316816,57,"['707', '709', '712', '713']"
709,C,6.121885,5.681913,14.17638,59,"['702', '708', '714', '715']"
710,H,6.216711,2.884757,16.067782,56,['707']
711,H,4.882575,4.101197,16.026246,56,['707']
712,H,7.799135,4.529136,15.011895,58,['708']
713,H,6.91733,5.523757,16.23214,58,['708']
714,H,6.858607,6.341656,13.663348,60,['709']
715,H,5.298111,6.323504,14.573099,60,['709']
716,N,3.062996,3.490574,13.995008,7,"['704', '717', '720']"
717,CA,1.677219,3.090565,13.885814,8,"['716', '718', '721', '722']"
718,C,1.350295,2.52329,12.505237,9,"['717', '719', '731']"
719,O,0.672858,1.498024,12.410412,11,['718']
720,HN,3.206231,4.48119,14.230354,10,['716']
721,H,1.514452,2.239433,14.591421,12,['717']
722,C,0.653837,4.223522,14.222721,153,"['717', '723', '727', '728']"
723,C,0.706282,4.794122,15.653628,155,"['722', '724', '729', '730']"
724,C,1.834991,5.727589,16.064411,157,"['723', '725', '726']"
725,O,2.756604,5.961237,15.235576,158,['724']
726,O,1.753842,6.243241,17.204281,158,['724']
727,H,-0.369692,3.80735,14.062286,154,['722']
728,H,0.753165,5.060028,13.490641,154,['722']
729,H,0.711749,3.952936,16.382487,156,['723']
730,H,-0.236613,5.357211,15.840012,156,['723']
731,N,1.818594,3.191988,11.421811,7,"['718', '732', '735']"
732,CA,1.64688,2.738644,10.052036,8,"['731', '733', '736', '737']"
733,C,2.370605,1.413605,9.80543,9,"['732', '734', '741']"
734,O,1.796004,0.491061,9.222594,11,['733']
735,HN,2.282021,4.103609,11.541267,10,['731']
736,H,0.563109,2.524235,9.886996,12,['732']
737,C,2.110867,3.791983,9.017496,13,"['732', '738', '739', '740']"
738,H,1.923309,3.429144,7.982997,14,['737']
739,H,3.199501,4.014243,9.108429,14,['737']
740,H,1.560537,4.754083,9.130196,14,['737']
741,N,3.631024,1.297252,10.291705,7,"['733', '742', '745']"
742,CA,4.422336,0.084319,10.199059,8,"['741', '743', '746', '747']"
743,C,3.799961,-1.107397,10.924759,9,"['742', '744', '752']"
744,O,3.873125,-2.233237,10.423362,11,['743']
745,HN,4.107597,2.103181,10.722972,10,['741']
746,H,4.442743,-0.231019,9.13085,12,['742']
747,C,5.868768,0.29062,10.706267,33,"['742', '748', '749', '750']"
748,OH,6.518613,1.183554,9.812879,35,"['747', '751']"
749,H,6.434397,-0.671514,10.730896,34,['747']
750,H,5.869775,0.717942,11.736295,34,['747']
751,HO,7.304287,1.494548,10.243793,36,['748']
752,N,3.176791,-0.875229,12.106539,7,"['743', '753', '756']"
753,CA,2.46781,-1.888108,12.871545,8,"['752', '754', '757', '758']"
754,C,1.165467,-2.322414,12.193694,9,"['753', '755', '762']"
755,O,0.809209,-3.501158,12.214276,11,['754']
756,HN,3.249338,0.050652,12.549444,10,['752']
757,H,3.108876,-2.80193,12.922391,12,['753']
758,C,2.163473,-1.412264,14.313553,13,"['753', '759', '760', '761']"
759,H,1.654289,-2.213173,14.89565,14,['758']
760,H,1.507439,-0.511643,14.326189,14,['758']
761,H,3.102037,-1.158868,14.857065,14,['758']
762,N,0.436227,-1.366111,11.567891,7,"['754', '763', '766']"
763,CA,-0.812114,-1.609681,10.865893,8,"['762', '764', '767', '768']"
764,C,-0.618674,-2.56053,9.685864,9,"['763', '765', '782']"
765,O,-1.342233,-3.561118,9.572306,11,['764']
766,HN,0.730921,-0.382427,11.618429,10,['762']
767,H,-1.504209,-2.133489,11.569474,12,['763']
768,C,-1.461821,-0.281198,10.397447,61,"['763', '769', '775', '776']"
769,C,-2.817789,-0.489842,9.759608,63,"['768', '770', '771']"
770,C,-3.98261,-0.449899,10.543953,64,"['769', '772', '777']"
771,C,-2.939841,-0.755165,8.384014,64,"['769', '773', '778']"
772,C,-5.237759,-0.658737,9.967091,66,"['770', '774', '779']"
773,C,-4.195518,-0.961594,7.806622,66,"['771', '774', '780']"
774,C,-5.347176,-0.908252,8.597071,68,"['772', '773', '781']"
775,H,-0.79848,0.251886,9.674602,62,['768']
776,H,-1.568097,0.407125,11.265934,62,['768']
777,H,-3.918979,-0.249577,11.625834,65,['770']
778,H,-2.045577,-0.815354,7.742937,65,['771']
779,H,-6.139992,-0.615568,10.596927,67,['772']
780,H,-4.266467,-1.173291,6.729049,67,['773']
781,H,-6.338728,-1.058722,8.145029,69,['774']
782,N,0.342949,-2.205487,8.790142,7,"['764', '783', '786']"
783,CA,0.722701,-2.960033,7.610817,8,"['782', '784', '787', '788']"
784,C,1.286465,-4.324853,7.990492,9,"['783', '785', '796']"
785,O,0.866152,-5.333815,7.426286,11,['784']
786,HN,0.852915,-1.317441,8.90674,10,['782']
787,H,-0.198459,-3.164282,7.013066,12,['783']
788,C,1.719313,-2.181878,6.696892,37,"['783', '789', '790', '791']"
789,OH,1.024105,-1.02939,6.235397,39,"['788', '792']"
790,C,2.166009,-2.966886,5.447668,41,"['788', '793', '794', '795']"
791,H,2.61078,-1.859716,7.290091,38,['788']
792,HO,1.637568,-0.482217,5.746527,40,['789']
793,H,2.752244,-2.316597,4.75909,42,['790']
794,H,1.301641,-3.372097,4.879879,42,['790']
795,H,2.822011,-3.823791,5.718094,42,['790']
796,N,2.214862,-4.360161,8.981073,7,"['784', '797', '800']"
797,CA,2.801396,-5.574438,9.527807,8,"['796', '798', '801', '802']"
798,C,1.724059,-6.576018,9.937818,9,"['797', '799', '818']"
799,O,1.705671,-7.703537,9.446666,11,['798']
800,HN,2.598738,-3.480305,9.353611,10,['796']
801,H,3.376327,-6.073861,8.711334,12,['797']
802,C,3.766206,-5.269333,10.71146,182,"['797', '803', '807', '808']"
803,C,4.330646,-6.516016,11.423505,184,"['802', '804', '809', '810']"
804,C,5.372974,-6.177788,12.517354,186,"['803', '805', '811', '812']"
805,C,6.016194,-7.452359,13.099546,188,"['804', '806', '813', '814']"
806,N,7.148477,-7.196866,13.97153,190,"['805', '815', '816', '817']"
807,H,3.24769,-4.630804,11.465117,183,['802']
808,H,4.615772,-4.656685,10.328957,183,['802']
809,H,4.791154,-7.192379,10.664928,185,['803']
810,H,3.50169,-7.099831,11.892579,185,['803']
811,H,4.891506,-5.589904,13.337281,187,['804']
812,H,6.16625,-5.519341,12.086575,187,['804']
813,H,6.379123,-8.091253,12.262055,189,['805']
814,H,5.267912,-8.073,13.642052,189,['805']
815,HN,7.762478,-8.00878,13.936345,191,['806']
816,HN,6.90159,-7.078034,14.953188,191,['806']
817,HN,7.71282,-6.405708,13.68091,191,['806']
818,N,0.807781,-6.166657,10.846185,7,"['798', '819', '822']"
819,CA,-0.275937,-7.001401,11.337469,8,"['818', '820', '823', '824']"
820,C,-1.206473,-7.473323,10.217794,9,"['819', '821', '840']"
821,O,-1.677054,-8.609562,10.243812,11,['820']
822,HN,0.883699,-5.225906,11.25797,10,['818']
823,H,0.179262,-7.940536,11.742022,12,['819']
824,C,-1.052312,-6.280073,12.48259,182,"['819', '825', '829', '830']"
825,C,-2.294394,-7.019018,13.043628,184,"['824', '826', '831', '832']"
826,C,-2.654155,-6.533879,14.47046,186,"['825', '827', '833', '834']"
827,C,-3.972556,-7.124547,15.010144,188,"['826', '828', '835', '836']"
828,N,-5.147632,-6.413165,14.512887,190,"['827', '837', '838', '839']"
829,H,-1.356477,-5.260004,12.145827,183,['824']
830,H,-0.318117,-6.114984,13.309926,183,['824']
831,H,-2.068663,-8.11379,13.080419,185,['825']
832,H,-3.137734,-6.90082,12.323541,185,['825']
833,H,-2.67716,-5.419242,14.517787,187,['826']
834,H,-1.82679,-6.843183,15.154705,187,['826']
835,H,-3.993871,-7.081492,16.12411,189,['827']
836,H,-4.051145,-8.201954,14.735239,189,['827']
837,HN,-5.960181,-7.018593,14.463766,191,['828']
838,HN,-5.002245,-6.005094,13.594419,191,['828']
839,HN,-5.409964,-5.661206,15.149144,191,['828']
840,N,-1.500194,-6.604739,9.219577,7,"['820', '841', '844']"
841,CA,-2.372676,-6.937424,8.106507,8,"['840', '842', '845', '846']"
842,C,-1.787602,-7.996313,7.162597,9,"['841', '843', '857']"
843,O,-2.54614,-8.794759,6.618142,11,['842']
844,HN,-1.124611,-5.646916,9.23189,10,['840']
845,H,-3.284884,-7.428831,8.529588,12,['841']
846,C,-2.810848,-5.654011,7.334627,175,"['841', '847', '850', '851']"
847,C,-3.813672,-5.900411,6.190181,177,"['846', '848', '852', '853']"
848,S,-4.610784,-4.343787,5.697305,179,"['847', '849']"
849,C,-5.697615,-4.957476,4.391354,180,"['848', '854', '855', '856']"
850,H,-1.903235,-5.145426,6.928697,176,['846']
851,H,-3.254195,-4.944118,8.072697,176,['846']
852,H,-4.588584,-6.631724,6.515781,178,['847']
853,H,-3.294609,-6.371701,5.326185,178,['847']
854,H,-6.246582,-4.099823,3.948736,181,['849']
855,H,-6.416954,-5.690078,4.815542,181,['849']
856,H,-5.100538,-5.443277,3.589884,181,['849']
857,N,-0.450209,-7.992405,6.924303,7,"['842', '858', '861']"
858,CA,0.212706,-8.940722,6.038478,8,"['857', '859', '862', '863']"
859,C,0.564501,-10.26478,6.728155,9,"['858', '860', '873']"
860,O,0.39789,-11.327441,6.129963,11,['859']
861,HN,0.161151,-7.298532,7.374156,10,['857']
862,H,-0.530385,-9.251715,5.260849,12,['858']
863,C,1.442924,-8.360717,5.249719,15,"['858', '864', '865', '866']"
864,C,0.990845,-7.168413,4.365628,17,"['863', '867', '868', '869']"
865,C,2.621572,-7.910478,6.148581,17,"['863', '870', '871', '872']"
866,H,1.811782,-9.171006,4.571221,16,['863']
867,H,1.814779,-6.799995,3.715028,18,['864']
868,H,0.637349,-6.305744,4.975451,18,['864']
869,H,0.153672,-7.46454,3.694138,18,['864']
870,H,3.478959,-7.537848,5.545393,18,['865']
871,H,3.012154,-8.747863,6.76566,18,['865']
872,H,2.338991,-7.098451,6.85035,18,['865']
873,N,1.057273,-10.21724,7.99031,7,"['859', '874', '877']"
874,CA,1.39944,-11.38728,8.78527,8,"['873', '875', '878', '879']"
875,C,0.176799,-12.216257,9.198186,9,"['874', '876', '888']"
876,O,0.25903,-13.439311,9.325121,11,['875']
877,HN,1.203675,-9.307656,8.446089,10,['873']
878,H,2.004715,-12.079372,8.148188,12,['874']
879,C,2.205681,-11.027778,10.064994,153,"['874', '880', '884', '885']"
880,C,3.608671,-10.422181,9.834452,155,"['879', '881', '886', '887']"
881,C,4.394535,-10.173493,11.106356,157,"['880', '882', '883']"
882,O,3.825071,-10.304327,12.221733,158,['881']
883,O,5.625634,-9.877773,11.000021,158,['881']
884,H,2.334744,-11.963233,10.658615,154,['879']
885,H,1.604308,-10.339689,10.706155,154,['879']
886,H,3.535834,-9.467798,9.268076,156,['880']
887,H,4.211956,-11.114859,9.207529,156,['880']
888,N,-0.989813,-11.552598,9.385988,7,"['875', '889', '892']"
889,CA,-2.25487,-12.20244,9.699862,8,"['888', '890', '893', '894']"
890,C,-3.089974,-12.553414,8.458568,9,"['889', '891', '902']"
891,O,-4.303798,-12.802857,8.566107,11,['890']
892,HN,-1.026911,-10.525239,9.340161,10,['888']
893,H,-2.04083,-13.189346,10.18043,12,['889']
894,C,-3.103396,-11.351204,10.687199,147,"['889', '895', '898', '899']"
895,C,-2.504798,-11.218953,12.080214,149,"['894', '896', '897']"
896,O,-1.336434,-11.52852,12.313983,150,['895']
897,N,-3.368822,-10.88649,13.062031,151,"['895', '900', '901']"
898,H,-4.100391,-11.836966,10.778923,148,['894']
899,H,-3.293384,-10.335986,10.271444,148,['894']
900,HN,-4.37986,-10.854825,12.865288,152,['897']
901,HN,-3.015814,-10.83377,14.025824,152,['897']
902,N,-2.475444,-12.531273,7.24677,7,"['890', '903', '906']"
903,CA,-3.123309,-12.876752,5.996836,8,"['902', '904', '907', '908']"
904,C,-2.81725,-14.343885,5.6922,9,"['903', '905', '912']"
905,O,-1.658627,-14.773339,5.63954,11,['904']
906,HN,-1.45859,-12.404659,7.153567,10,['902']
907,H,-4.225342,-12.73193,6.109771,12,['903']
908,C,-2.608402,-11.995247,4.835701,13,"['903', '909', '910', '911']"
909,H,-3.202572,-12.176801,3.912011,14,['908']
910,H,-1.541975,-12.216349,4.60502,14,['908']
911,H,-2.675598,-10.914253,5.086553,14,['908']
912,N,-3.871453,-15.119501,5.35811,7,"['904', '913', '916']"
913,CA,-3.750087,-16.455374,4.817172,8,"['912', '914', '917', '918']"
914,C,-3.335667,-16.47197,3.340803,9,"['913', '915', '934']"
915,O,-2.748734,-17.468699,2.886374,11,['914']
916,HN,-4.788322,-14.668258,5.242844,10,['912']
917,H,-2.904061,-16.954482,5.346235,12,['913']
918,C,-5.050909,-17.298906,4.976551,182,"['913', '919', '923', '924']"
919,C,-5.57014,-17.430828,6.424182,184,"['918', '920', '925', '926']"
920,C,-4.457097,-17.75158,7.444471,186,"['919', '921', '927', '928']"
921,C,-4.964287,-18.471446,8.705129,188,"['920', '922', '929', '930']"
922,N,-3.958241,-18.484636,9.749879,190,"['921', '931', '932', '933']"
923,H,-4.865704,-18.320175,4.562385,183,['918']
924,H,-5.858247,-16.868647,4.335733,183,['918']
925,H,-6.350111,-18.224593,6.437753,185,['919']
926,H,-6.088599,-16.490787,6.73014,185,['919']
927,H,-3.928362,-16.804363,7.714982,187,['920']
928,H,-3.689185,-18.404024,6.968112,187,['920']
929,H,-5.239314,-19.52078,8.459237,189,['921']
930,H,-5.872875,-17.977253,9.119403,189,['921']
931,HN,-4.186816,-19.112622,10.512813,191,['922']
932,HN,-3.943126,-17.557809,10.167332,191,['922']
933,HN,-3.01592,-18.680862,9.419047,191,['922']
934,N,-3.662273,-15.392229,2.583228,7,"['914', '935', '938']"
935,CA,-3.397193,-15.198857,1.170119,8,"['934', '936', '939', '940']"
936,C,-2.994114,-13.736235,0.917804,9,"['935', '937', '956']"
937,O,-3.749858,-12.798683,1.195689,11,['936']
938,HN,-4.227169,-14.628952,2.995864,10,['934']
939,H,-2.558834,-15.868978,0.85929,12,['935']
940,C,-4.694152,-15.580307,0.387588,182,"['935', '941', '945', '946']"
941,C,-4.6292,-15.364146,-1.139899,184,"['940', '942', '947', '948']"
942,C,-5.770261,-16.051787,-1.923965,186,"['941', '943', '949', '950']"
943,C,-7.190245,-15.517043,-1.63987,188,"['942', '944', '951', '952']"
944,N,-7.787037,-14.862065,-2.787622,190,"['943', '953', '954', '955']"
945,H,-5.55221,-15.003167,0.807472,183,['940']
946,H,-4.928264,-16.652874,0.59837,183,['940']
947,H,-3.661026,-15.766439,-1.512174,185,['941']
948,H,-4.605498,-14.274997,-1.371758,185,['941']
949,H,-5.759259,-17.142655,-1.706076,187,['942']
950,H,-5.546998,-15.99417,-3.015044,187,['942']
951,H,-7.204346,-14.799585,-0.788973,189,['943']
952,H,-7.850826,-16.355361,-1.324959,189,['943']
953,HN,-8.775165,-14.694462,-2.633321,191,['944']
954,HN,-7.642211,-15.33386,-3.672784,191,['944']
955,HN,-7.377017,-13.933227,-2.870045,191,['944']
956,N,-1.789842,-13.534988,0.321791,7,"['936', '957', '960']"
957,CA,-1.313814,-12.253469,-0.185415,8,"['956', '958', '961', '962']"
958,C,-1.485677,-12.309536,-1.711977,9,"['957', '959', '975']"
959,O,-1.173355,-13.318264,-2.359138,11,['958']
960,HN,-1.23306,-14.336345,-0.002337,10,['956']
961,H,-1.952853,-11.434168,0.225343,12,['957']
962,C,0.184487,-11.962463,0.198436,25,"['957', '963', '964', '966']"
963,C,0.397941,-11.881555,1.743154,27,"['962', '965', '967', '968']"
964,C,0.7038,-10.658674,-0.469103,29,"['962', '969', '970', '971']"
965,C,-0.283364,-10.7009,2.456895,31,"['963', '972', '973', '974']"
966,H,0.799813,-12.81347,-0.185963,26,['962']
967,H,1.491305,-11.83784,1.962299,28,['963']
968,H,0.056538,-12.828713,2.225701,28,['963']
969,H,1.721254,-10.388024,-0.110206,30,['964']
970,H,0.036676,-9.791842,-0.26635,30,['964']
971,H,0.774926,-10.761653,-1.573852,30,['964']
972,H,-0.062195,-10.737925,3.54781,32,['965']
973,H,-1.389923,-10.729558,2.350923,32,['965']
974,H,0.069685,-9.712387,2.090722,32,['965']
975,N,-2.003908,-11.212229,-2.304742,7,"['958', '976', '979']"
976,CA,-2.173179,-11.032288,-3.735735,8,"['975', '977', '980', '981']"
977,C,-1.559111,-9.686221,-4.127806,9,"['976', '978', '990']"
978,O,-1.787156,-8.663863,-3.472701,11,['977']
979,HN,-2.29234,-10.410307,-1.722982,10,['975']
980,H,-1.6275,-11.842966,-4.279759,12,['976']
981,C,-3.678898,-11.040595,-4.131363,153,"['976', '982', '986', '987']"
982,C,-4.445611,-12.341734,-3.812199,155,"['981', '983', '988', '989']"
983,C,-5.952529,-12.240519,-3.944856,157,"['982', '984', '985']"
984,O,-6.676349,-12.434245,-2.924115,158,['983']
985,O,-6.470557,-12.053948,-5.076096,158,['983']
986,H,-3.766427,-10.815256,-5.215297,154,['981']
987,H,-4.182761,-10.199151,-3.612549,154,['981']
988,H,-4.21361,-12.673754,-2.777971,156,['982']
989,H,-4.08579,-13.158008,-4.483153,156,['982']
990,N,-0.794607,-9.667465,-5.243982,7,"['977', '991', '994']"
991,CA,-0.260371,-8.469263,-5.870807,8,"['990', '992', '995', '996']"
992,C,-1.109608,-8.192641,-7.114267,9,"['991', '993', '1006']"
993,O,-1.485668,-9.102099,-7.861194,11,['992']
994,HN,-0.722994,-10.515022,-5.822184,10,['990']
995,H,-0.378189,-7.604202,-5.168162,12,['991']
996,C,1.264236,-8.563992,-6.240272,15,"['991', '997', '998', '999']"
997,C,2.09975,-9.004542,-5.01412,17,"['996', '1000', '1001', '1002']"
998,C,1.568035,-9.523765,-7.415802,17,"['996', '1003', '1004', '1005']"
999,H,1.596183,-7.534889,-6.531365,16,['996']
1000,H,3.192796,-8.96979,-5.224176,18,['997']
1001,H,1.85313,-10.037735,-4.688709,18,['997']
1002,H,1.922517,-8.339896,-4.143843,18,['997']
1003,H,2.653516,-9.527971,-7.659425,18,['998']
1004,H,1.041441,-9.211437,-8.344353,18,['998']
1005,H,1.259942,-10.570733,-7.197622,18,['998']
1006,N,-1.419026,-6.909481,-7.377918,7,"['992', '1007', '1010']"
1007,CA,-2.118686,-6.448147,-8.563794,8,"['1006', '1008', '1011', '1012']"
1008,C,-1.288354,-5.31742,-9.169614,9,"['1007', '1009', '1021']"
1009,O,-1.106514,-4.2565,-8.562975,11,['1008']
1010,HN,-1.259312,-6.185082,-6.661713,10,['1006']
1011,H,-2.220588,-7.284485,-9.301145,12,['1007']
1012,C,-3.519753,-5.948162,-8.134849,153,"['1007', '1013', '1017', '1018']"
1013,C,-4.433423,-5.451017,-9.26989,155,"['1012', '1014', '1019', '1020']"
1014,C,-5.657178,-4.701995,-8.779689,157,"['1013', '1015', '1016']"
1015,O,-5.549236,-3.895268,-7.826793,158,['1014']
1016,O,-6.767473,-4.885995,-9.34626,158,['1014']
1017,H,-3.359633,-5.109612,-7.418212,154,['1012']
1018,H,-4.051285,-6.750351,-7.56884,154,['1012']
1019,H,-4.770682,-6.30678,-9.895056,156,['1013']
1020,H,-3.882483,-4.757029,-9.934182,156,['1013']
1021,N,-0.727451,-5.562587,-10.375457,7,"['1008', '1022', '1025']"
1022,CA,0.000856,-4.558318,-11.137638,8,"['1021', '1023', '1026', '1027']"
1023,C,-1.023625,-3.713691,-11.893966,9,"['1022', '1024', '1041']"
1024,O,-2.079072,-4.212362,-12.30186,11,['1023']
1025,HN,-0.952684,-6.431054,-10.87667,10,['1021']
1026,H,0.548102,-3.887346,-10.425485,12,['1022']
1027,C,1.003131,-5.182948,-12.152799,61,"['1022', '1028', '1034', '1035']"
1028,C,2.13538,-5.886722,-11.435771,63,"['1027', '1029', '1030']"
1029,C,2.098606,-7.269967,-11.195566,64,"['1028', '1031', '1036']"
1030,C,3.239383,-5.155029,-10.962087,64,"['1028', '1032', '1037']"
1031,C,3.129506,-7.897126,-10.488771,66,"['1029', '1033', '1038']"
1032,C,4.282079,-5.786196,-10.27629,66,"['1030', '1033', '1039']"
1033,C,4.228314,-7.161461,-10.037849,68,"['1031', '1032', '1040']"
1034,H,1.42353,-4.377333,-12.799446,62,['1027']
1035,H,0.473326,-5.877577,-12.841477,62,['1027']
1036,H,1.240993,-7.87447,-11.533954,65,['1029']
1037,H,3.292418,-4.063647,-11.104532,65,['1030']
1038,H,3.06731,-8.972545,-10.271603,67,['1031']
1039,H,5.137066,-5.189833,-9.917894,67,['1032']
1040,H,5.036444,-7.658083,-9.477903,69,['1033']
1041,N,-0.688235,-2.414915,-12.065994,7,"['1023', '1042', '1045']"
1042,CA,-1.479853,-1.481115,-12.857436,8,"['1041', '1043', '1046', '1047']"
1043,C,-0.998153,-1.57125,-14.31947,9,"['1042', '1044', '1053']"
1044,O,-0.119231,-2.365587,-14.655512,11,['1043']
1045,HN,0.238316,-2.069133,-11.778404,10,['1041']
1046,H,-2.53276,-1.845787,-12.86018,12,['1042']
1047,C,-1.441983,-0.063921,-12.227931,137,"['1042', '1048', '1051', '1052']"
1048,C,-2.699783,0.760931,-12.446325,139,"['1047', '1049', '1050']"
1049,O,-3.432413,0.47951,-13.430633,140,['1048']
1050,O,-3.010495,1.634127,-11.596649,140,['1048']
1051,H,-0.568754,0.491871,-12.630676,138,['1047']
1052,H,-1.273088,-0.136391,-11.131933,138,['1047']
1053,N,-1.64599,-0.788708,-15.218405,7,"['1043', '1054', '1057']"
1054,CA,-1.38745,-0.744742,-16.646818,8,"['1053', '1055', '1058', '1059']"
1055,C,0.042232,-0.33028,-17.015192,9,"['1054', '1056', '1075']"
1056,O,0.530948,-0.721056,-18.080792,11,['1055']
1057,HN,-2.387152,-0.164455,-14.879951,10,['1053']
1058,H,-1.474182,-1.788685,-17.031937,12,['1054']
1059,C,-2.391492,0.208425,-17.394464,182,"['1054', '1060', '1064', '1065']"
1060,C,-3.340107,-0.529228,-18.365744,184,"['1059', '1061', '1066', '1067']"
1061,C,-4.700403,-0.870785,-17.718186,186,"['1060', '1062', '1068', '1069']"
1062,C,-5.482903,-1.896098,-18.558761,188,"['1061', '1063', '1070', '1071']"
1063,N,-6.894931,-1.944785,-18.217794,190,"['1062', '1072', '1073', '1074']"
1064,H,-1.804785,0.947378,-17.996178,183,['1059']
1065,H,-2.953615,0.859186,-16.683934,183,['1059']
1066,H,-2.835565,-1.440448,-18.765329,185,['1060']
1067,H,-3.515211,0.121686,-19.256781,185,['1060']
1068,H,-5.289564,0.070486,-17.593134,187,['1061']
1069,H,-4.54695,-1.275501,-16.690557,187,['1061']
1070,H,-5.049393,-2.915991,-18.444345,189,['1062']
1071,H,-5.4091,-1.654072,-19.642851,189,['1062']
1072,HN,-7.377733,-2.558303,-18.8673,191,['1063']
1073,HN,-7.314103,-1.01571,-18.290514,191,['1063']
1074,HN,-7.089817,-2.282112,-17.28569,191,['1063']
1075,N,0.622798,0.614297,-16.24377,1,"['1055', '1076', '1079']"
1076,CA,1.937565,1.174685,-16.428949,2,"['1075', '1077', '1080', '1081']"
1077,C,3.071157,0.413857,-15.74532,3,"['1076', '1078', '1082']"
1078,O,3.069554,-0.815532,-15.607893,5,['1077']
1079,HN,0.133637,1.033576,-15.440158,4,['1075']
1080,H,2.180719,1.22157,-17.515998,6,['1076']
1081,H,1.9237,2.23267,-16.082101,6,['1076']
1082,N,4.132986,1.199801,-15.424477,7,"['1077', '1083', '1086']"
1083,CA,5.417136,0.849197,-14.833007,8,"['1082', '1084', '1087', '1088']"
1084,C,5.217872,-0.093192,-13.638816,9,"['1083', '1085', '1099']"
1085,O,4.614413,0.273422,-12.625128,11,['1084']
1086,HN,4.133757,2.146073,-15.833078,10,['1082']
1087,H,6.03715,0.363506,-15.625674,12,['1083']
1088,C,6.104614,2.162035,-14.32482,167,"['1083', '1089', '1093', '1094']"
1089,C,7.626865,2.068626,-14.105408,169,"['1088', '1090', '1095', '1096']"
1090,C,8.430085,2.673539,-15.248868,171,"['1089', '1091', '1092']"
1091,O,8.074221,2.512661,-16.41377,172,['1090']
1092,N,9.495976,3.427065,-14.905422,173,"['1090', '1097', '1098']"
1093,H,5.613256,2.509512,-13.38617,168,['1088']
1094,H,5.917864,2.980577,-15.053238,168,['1088']
1095,H,7.968635,1.018179,-13.984374,170,['1089']
1096,H,7.886935,2.572159,-13.146938,170,['1089']
1097,HN,9.742661,3.565695,-13.918574,174,['1092']
1098,HN,10.053907,3.865097,-15.649662,174,['1092']
1099,N,5.76508,-1.328066,-13.734076,7,"['1084', '1100', '1103']"
1100,CA,5.704388,-2.352281,-12.705774,8,"['1099', '1101', '1104', '1105']"
1101,C,6.874378,-2.337254,-11.710391,9,"['1100', '1102', '1123']"
1102,O,6.811268,-3.042667,-10.698254,11,['1101']
1103,HN,6.264038,-1.599215,-14.590865,10,['1099']
1104,H,4.806128,-2.158414,-12.066904,12,['1100']
1105,C,5.578452,-3.781346,-13.326512,202,"['1100', '1106', '1112', '1113']"
1106,C,4.329489,-3.985637,-14.216503,204,"['1105', '1107', '1114', '1115']"
1107,C,4.145094,-5.44136,-14.682704,206,"['1106', '1108', '1116', '1117']"
1108,N,2.821324,-5.635079,-15.262893,208,"['1107', '1109', '1118']"
1109,C,2.054176,-6.728916,-15.115062,210,"['1108', '1110', '1111']"
1110,N,2.45149,-7.854165,-14.502444,211,"['1109', '1119', '1120']"
1111,N,0.836507,-6.706229,-15.671717,211,"['1109', '1121', '1122']"
1112,H,5.564757,-4.518479,-12.488413,203,['1105']
1113,H,6.507864,-4.009531,-13.89966,203,['1105']
1114,H,4.403093,-3.310382,-15.101555,205,['1106']
1115,H,3.436614,-3.634408,-13.649343,205,['1106']
1116,H,4.298182,-6.113582,-13.810659,207,['1107']
1117,H,4.927935,-5.698267,-15.434322,207,['1107']
1118,HN,2.468906,-4.825021,-15.795557,209,['1108']
1119,HN,3.378224,-7.897399,-14.060195,212,['1110']
1120,HN,1.830414,-8.672732,-14.428102,212,['1110']
1121,HN,0.492847,-5.861908,-16.147871,212,['1111']
1122,HN,0.191205,-7.503165,-15.593455,212,['1111']
1123,N,7.944918,-1.549467,-11.960687,7,"['1101', '1124', '1127']"
1124,CA,9.114814,-1.416577,-11.099811,8,"['1123', '1125', '1128', '1129']"
1125,C,9.600628,0.040985,-11.170905,9,"['1124', '1126', '1137']"
1126,O,9.54587,0.652913,-12.240065,11,['1125']
1127,HN,7.987845,-0.943193,-12.789628,10,['1123']
1128,H,8.822938,-1.644739,-10.048008,12,['1124']
1129,C,10.226575,-2.408867,-11.562803,37,"['1124', '1130', '1131', '1132']"
1130,OH,9.744743,-3.742785,-11.374779,39,"['1129', '1133']"
1131,C,11.537528,-2.294747,-10.7702,41,"['1129', '1134', '1135', '1136']"
1132,H,10.427072,-2.249926,-12.649883,38,['1129']
1133,HO,10.293832,-4.302733,-11.915387,40,['1130']
1134,H,12.33109,-2.927053,-11.2273,42,['1131']
1135,H,11.41483,-2.614459,-9.712548,42,['1131']
1136,H,11.940274,-1.25634,-10.774847,42,['1131']
1137,N,10.028636,0.62448,-10.022657,7,"['1125', '1138', '1141']"
1138,CA,10.500194,2.008905,-9.92361,8,"['1137', '1139', '1142', '1143']"
1139,C,12.017956,2.082368,-10.1508,9,"['1138', '1140', '1149']"
1140,O,12.701618,1.076575,-10.338442,11,['1139']
1141,HN,10.153485,0.050083,-9.175494,10,['1137']
1142,H,10.033224,2.598681,-10.751018,12,['1138']
1143,C,10.078555,2.634051,-8.563293,137,"['1138', '1144', '1147', '1148']"
1144,C,10.726607,2.10959,-7.305665,139,"['1143', '1145', '1146']"
1145,O,11.623598,1.227705,-7.38112,140,['1144']
1146,O,10.363945,2.600548,-6.202173,140,['1144']
1147,H,8.977276,2.52309,-8.446756,138,['1143']
1148,H,10.246879,3.735523,-8.588994,138,['1143']
1149,N,12.564289,3.329363,-10.082569,7,"['1139', '1150', '1153']"
1150,CA,13.983705,3.63132,-10.210238,8,"['1149', '1151', '1154', '1155']"
1151,C,14.918181,3.017216,-9.151395,9,"['1150', '1152', '1171']"
1152,O,16.135439,3.099204,-9.313449,11,['1151']
1153,HN,11.949809,4.143944,-9.958899,10,['1149']
1154,H,14.327154,3.145865,-11.160423,12,['1150']
1155,C,14.237909,5.172016,-10.353755,182,"['1150', '1156', '1160', '1161']"
1156,C,14.076819,6.045819,-9.078848,184,"['1155', '1157', '1162', '1163']"
1157,C,14.027188,7.572683,-9.387101,186,"['1156', '1158', '1164', '1165']"
1158,C,14.01403,8.469337,-8.12138,188,"['1157', '1159', '1166', '1167']"
1159,N,13.5991,9.852367,-8.364467,190,"['1158', '1168', '1169', '1170']"
1160,H,13.592285,5.565305,-11.175245,183,['1155']
1161,H,15.280168,5.302815,-10.735108,183,['1155']
1162,H,14.919668,5.819208,-8.382155,185,['1156']
1163,H,13.151945,5.749543,-8.529716,185,['1156']
1164,H,13.119912,7.777449,-10.005218,187,['1157']
1165,H,14.893878,7.861425,-10.030292,187,['1157']
1166,H,15.012322,8.474251,-7.626684,189,['1158']
1167,H,13.305946,8.038335,-7.377095,189,['1158']
1168,HN,13.285212,10.298448,-7.502885,191,['1159']
1169,HN,12.817831,9.904628,-9.009782,191,['1159']
1170,HN,14.324715,10.46059,-8.75582,191,['1159']
1171,N,14.386952,2.414006,-8.055188,7,"['1151', '1172', '1175']"
1172,CA,15.160353,1.743128,-7.017422,8,"['1171', '1173', '1176', '1177']"
1173,C,15.147886,0.210164,-7.095172,9,"['1172', '1174', '1192']"
1174,O,15.838664,-0.457226,-6.30292,11,['1173']
1175,HN,13.369907,2.293511,-7.937096,10,['1171']
1176,H,16.238027,2.018612,-7.130636,12,['1172']
1177,C,14.660738,2.168755,-5.603102,70,"['1172', '1178', '1185', '1186']"
1178,C,14.794521,3.661666,-5.392671,72,"['1177', '1179', '1180']"
1179,C,13.67057,4.501135,-5.323673,73,"['1178', '1181', '1187']"
1180,C,16.07138,4.233796,-5.261222,73,"['1178', '1182', '1188']"
1181,C,13.820796,5.878199,-5.125146,75,"['1179', '1183', '1189']"
1182,C,16.225174,5.610723,-5.079892,75,"['1180', '1183', '1190']"
1183,C,15.098933,6.440145,-5.01256,77,"['1181', '1182', '1184']"
1184,OH,15.223694,7.783757,-4.84154,78,"['1183', '1191']"
1185,H,15.238811,1.646073,-4.806365,71,['1177']
1186,H,13.599613,1.853688,-5.460288,71,['1177']
1187,H,12.655611,4.078153,-5.404777,74,['1179']
1188,H,16.970213,3.595699,-5.300163,74,['1180']
1189,H,12.923982,6.513628,-5.043543,76,['1181']
1190,H,17.237976,6.034259,-4.984094,76,['1182']
1191,HO,16.114401,8.045634,-4.647093,79,['1184']
1192,N,14.388758,-0.384327,-8.047088,1,"['1173', '1193', '1196']"
1193,CA,14.21101,-1.811298,-8.154465,2,"['1192', '1194', '1197', '1198']"
1194,C,13.160771,-2.414517,-7.22855,3,"['1193', '1195', '1199']"
1195,O,13.27311,-3.590746,-6.857671,5,['1194']
1196,HN,13.834756,0.154398,-8.72894,4,['1192']
1197,H,13.938063,-2.083936,-9.19731,6,['1193']
1198,H,15.175442,-2.331183,-7.955718,6,['1193']
1199,N,12.154259,-1.612546,-6.79531,7,"['1194', '1200', '1203']"
1200,CA,10.995897,-2.052632,-6.030021,8,"['1199', '1201', '1204', '1205']"
1201,C,9.84883,-2.311583,-7.018668,9,"['1200', '1202', '1223']"
1202,O,9.6554,-1.5561,-7.97597,11,['1201']
1203,HN,12.082091,-0.634877,-7.120274,10,['1199']
1204,H,11.250426,-3.007708,-5.508871,12,['1200']
1205,C,10.518119,-0.988007,-4.991396,202,"['1200', '1206', '1212', '1213']"
1206,C,11.606105,-0.556219,-3.980379,204,"['1205', '1207', '1214', '1215']"
1207,C,11.122148,0.485767,-2.946842,206,"['1206', '1208', '1216', '1217']"
1208,N,10.734689,1.744271,-3.568498,208,"['1207', '1209', '1218']"
1209,C,10.484592,2.916888,-2.978401,210,"['1208', '1210', '1211']"
1210,N,10.565352,3.081889,-1.654149,211,"['1209', '1219', '1220']"
1211,N,10.126818,3.952752,-3.746927,211,"['1209', '1221', '1222']"
1212,H,9.637811,-1.402698,-4.443304,203,['1205']
1213,H,10.126531,-0.107318,-5.555798,203,['1205']
1214,H,12.481986,-0.137816,-4.529492,205,['1206']
1215,H,11.988245,-1.452996,-3.441053,205,['1206']
1216,H,11.930329,0.66636,-2.200472,207,['1207']
1217,H,10.264755,0.068656,-2.371588,207,['1207']
1218,HN,10.684636,1.769999,-4.596137,209,['1208']
1219,HN,10.86038,2.299393,-1.056628,212,['1210']
1220,HN,10.411469,4.001125,-1.224861,212,['1210']
1221,HN,10.08102,3.788946,-4.766743,212,['1211']
1222,HN,9.934957,4.887975,-3.365939,212,['1211']
1223,N,9.049521,-3.370019,-6.751314,1,"['1201', '1224', '1227']"
1224,CA,7.826783,-3.691901,-7.452427,2,"['1223', '1225', '1228', '1229']"
1225,C,6.717652,-2.732444,-7.031489,3,"['1224', '1226', '1230']"
1226,O,6.505901,-2.493332,-5.837474,5,['1225']
1227,HN,9.18288,-3.892417,-5.876155,4,['1223']
1228,H,7.995479,-3.664523,-8.55366,6,['1224']
1229,H,7.501707,-4.72741,-7.207226,6,['1224']
1230,N,5.970073,-2.186108,-8.013806,7,"['1225', '1231', '1234']"
1231,CA,4.85476,-1.27191,-7.824797,8,"['1230', '1232', '1235', '1236']"
1232,C,3.565979,-2.064866,-8.035796,9,"['1231', '1233', '1249']"
1233,O,3.34934,-2.641407,-9.103234,11,['1232']
1234,HN,6.08234,-2.522839,-8.978391,10,['1230']
1235,H,4.862959,-0.875276,-6.780072,12,['1231']
1236,C,4.93776,-0.102084,-8.852661,19,"['1231', '1237', '1240', '1241']"
1237,C,6.211498,0.783273,-8.722297,21,"['1236', '1238', '1239', '1242']"
1238,C,6.221533,1.846027,-9.850303,23,"['1237', '1243', '1244', '1245']"
1239,C,6.243399,1.488916,-7.342877,23,"['1237', '1246', '1247', '1248']"
1240,H,4.028505,0.529853,-8.746595,20,['1236']
1241,H,4.870312,-0.524494,-9.884513,20,['1236']
1242,H,7.125015,0.145968,-8.828752,22,['1237']
1243,H,7.140048,2.472797,-9.822656,24,['1238']
1244,H,5.352146,2.538188,-9.786291,24,['1238']
1245,H,6.189693,1.371823,-10.857498,24,['1238']
1246,H,7.142383,2.132919,-7.225798,24,['1239']
1247,H,6.276776,0.757987,-6.505427,24,['1239']
1248,H,5.351993,2.135477,-7.178559,24,['1239']
1249,N,2.698462,-2.115741,-6.995931,7,"['1232', '1250', '1253']"
1250,CA,1.455039,-2.868741,-7.027456,8,"['1249', '1251', '1254', '1255']"
1251,C,0.498619,-2.410454,-5.918169,9,"['1250', '1252', '1259']"
1252,O,0.861214,-1.662365,-4.99921,11,['1251']
1253,HN,2.88687,-1.620067,-6.111895,10,['1249']
1254,H,0.946229,-2.683447,-8.006426,12,['1250']
1255,C,1.776413,-4.379952,-6.87219,13,"['1250', '1256', '1257', '1258']"
1256,H,0.858116,-5.001778,-6.932959,14,['1255']
1257,H,2.263636,-4.600924,-5.896099,14,['1255']
1258,H,2.454623,-4.72812,-7.684219,14,['1255']
1259,N,-0.755504,-2.906378,-6.009959,7,"['1251', '1260', '1263']"
1260,CA,-1.771294,-2.890336,-4.974637,8,"['1259', '1261', '1264', '1265']"
1261,C,-1.719489,-4.273683,-4.33124,9,"['1260', '1262', '1280']"
1262,O,-1.750962,-5.305649,-5.017667,11,['1261']
1263,HN,-1.018016,-3.444699,-6.847193,10,['1259']
1264,H,-1.505078,-2.120767,-4.214057,12,['1260']
1265,C,-3.192615,-2.591979,-5.522041,70,"['1260', '1266', '1273', '1274']"
1266,C,-3.172056,-1.380005,-6.429673,72,"['1265', '1267', '1268']"
1267,C,-3.164845,-0.086492,-5.887266,73,"['1266', '1269', '1275']"
1268,C,-3.118109,-1.531642,-7.824213,73,"['1266', '1270', '1276']"
1269,C,-3.060384,1.029091,-6.720781,75,"['1267', '1271', '1277']"
1270,C,-3.02135,-0.415314,-8.655388,75,"['1268', '1271', '1278']"
1271,C,-2.96723,0.871919,-8.109658,77,"['1269', '1270', '1272']"
1272,OH,-2.768374,1.962917,-8.886442,78,"['1271', '1279']"
1273,H,-3.90603,-2.415405,-4.685234,71,['1265']
1274,H,-3.598997,-3.460487,-6.082345,71,['1265']
1275,H,-3.213242,0.064195,-4.797376,74,['1267']
1276,H,-3.128146,-2.532922,-8.282946,74,['1268']
1277,H,-3.025983,2.034956,-6.275798,76,['1269']
1278,H,-2.969025,-0.551621,-9.744199,76,['1270']
1279,HO,-2.874255,1.761884,-9.813541,79,['1272']
1280,N,-1.510596,-4.298249,-2.998479,7,"['1261', '1281', '1284']"
1281,CA,-1.342299,-5.507452,-2.209963,8,"['1280', '1282', '1285', '1286']"
1282,C,-2.678444,-5.765642,-1.514529,9,"['1281', '1283', '1299']"
1283,O,-3.262142,-4.847851,-0.928182,11,['1282']
1284,HN,-1.617383,-3.431453,-2.448258,10,['1280']
1285,H,-1.106012,-6.368766,-2.883133,12,['1281']
1286,C,-0.17831,-5.339666,-1.16828,25,"['1281', '1287', '1288', '1290']"
1287,C,1.160446,-4.903347,-1.851595,27,"['1286', '1289', '1291', '1292']"
1288,C,0.042576,-6.642341,-0.353748,29,"['1286', '1293', '1294', '1295']"
1289,C,1.684737,-5.832454,-2.954106,31,"['1287', '1296', '1297', '1298']"
1290,H,-0.477026,-4.532162,-0.451493,26,['1286']
1291,H,1.950367,-4.779756,-1.073195,28,['1287']
1292,H,1.030045,-3.889064,-2.294506,28,['1287']
1293,H,0.896179,-6.548499,0.35472,30,['1288']
1294,H,0.240446,-7.522708,-1.00391,30,['1288']
1295,H,-0.849025,-6.891893,0.263902,30,['1288']
1296,H,2.688688,-5.507772,-3.309122,32,['1289']
1297,H,1.014242,-5.852989,-3.840814,32,['1289']
1298,H,1.793053,-6.873114,-2.586403,32,['1289']
1299,N,-3.165818,-7.022586,-1.5562,7,"['1282', '1300', '1303']"
1300,CA,-4.365109,-7.48836,-0.886617,8,"['1299', '1301', '1304', '1305']"
1301,C,-3.960173,-8.56527,0.119573,9,"['1300', '1302', '1320']"
1302,O,-3.14095,-9.442454,-0.176644,11,['1301']
1303,HN,-2.633362,-7.761404,-2.037099,10,['1299']
1304,H,-4.820692,-6.634747,-0.329464,12,['1300']
1305,C,-5.410442,-8.076581,-1.87285,70,"['1300', '1306', '1313', '1314']"
1306,C,-5.859718,-7.070828,-2.910672,72,"['1305', '1307', '1308']"
1307,C,-7.081157,-6.395439,-2.76074,73,"['1306', '1309', '1315']"
1308,C,-5.067168,-6.776122,-4.031309,73,"['1306', '1310', '1316']"
1309,C,-7.498342,-5.437226,-3.684358,75,"['1307', '1311', '1317']"
1310,C,-5.475385,-5.802137,-4.943833,75,"['1308', '1311', '1318']"
1311,C,-6.690528,-5.126076,-4.780295,77,"['1309', '1310', '1312']"
1312,OH,-7.127162,-4.191158,-5.65731,78,"['1311', '1319']"
1313,H,-6.296211,-8.437074,-1.304494,71,['1305']
1314,H,-4.997541,-8.972496,-2.378578,71,['1305']
1315,H,-7.710861,-6.579027,-1.878934,74,['1307']
1316,H,-4.09979,-7.281362,-4.189446,74,['1308']
1317,H,-8.461004,-4.919585,-3.540962,76,['1309']
1318,H,-4.830566,-5.559198,-5.796395,76,['1310']
1319,HO,-6.52113,-4.150706,-6.393795,79,['1312']
1320,N,-4.606,-8.511724,1.30485,7,"['1301', '1321', '1324']"
1321,CA,-4.519955,-9.443665,2.410446,8,"['1320', '1322', '1325', '1326']"
1322,C,-5.919304,-10.033906,2.588032,9,"['1321', '1323', '1330']"
1323,O,-6.863719,-9.327129,2.953528,11,['1322']
1324,HN,-5.343687,-7.804853,1.44055,10,['1320']
1325,H,-3.782942,-10.251842,2.183421,12,['1321']
1326,C,-4.094838,-8.67595,3.683175,13,"['1321', '1327', '1328', '1329']"
1327,H,-4.122223,-9.333525,4.580215,14,['1326']
1328,H,-4.778865,-7.824177,3.893063,14,['1326']
1329,H,-3.057523,-8.279915,3.600902,14,['1326']
1330,N,-6.079979,-11.330158,2.234064,7,"['1322', '1331', '1334']"
1331,CA,-7.326554,-12.082353,2.255476,8,"['1330', '1332', '1335', '1336']"
1332,C,-8.462981,-11.381086,1.49081,9,"['1331', '1333', '1342']"
1333,O,-9.642796,-11.477429,1.8455,11,['1332']
1334,HN,-5.25632,-11.909446,2.013394,10,['1330']
1335,H,-7.152795,-13.030745,1.689993,12,['1331']
1336,C,-7.704664,-12.450436,3.715237,137,"['1331', '1337', '1340', '1341']"
1337,C,-6.578217,-13.132478,4.478028,139,"['1336', '1338', '1339']"
1338,O,-5.615332,-13.59856,3.822384,140,['1337']
1339,O,-6.635637,-13.209399,5.727814,140,['1337']
1340,H,-8.582222,-13.134185,3.717718,138,['1336']
1341,H,-8.012636,-11.530727,4.265163,138,['1336']
1342,N,-8.090136,-10.717324,0.364867,1,"['1332', '1343', '1346']"
1343,CA,-8.914945,-9.910553,-0.500119,2,"['1342', '1344', '1347', '1348']"
1344,C,-9.116738,-8.428016,-0.183701,3,"['1343', '1345', '1349']"
1345,O,-9.534265,-7.688216,-1.072906,5,['1344']
1346,HN,-7.113043,-10.772748,0.046746,4,['1342']
1347,H,-8.510349,-9.956133,-1.536153,6,['1343']
1348,H,-9.935342,-10.353933,-0.570967,6,['1343']
1349,N,-8.783789,-7.946719,1.042,7,"['1344', '1350', '1353']"
1350,CA,-8.90949,-6.544314,1.471281,8,"['1349', '1351', '1354', '1355']"
1351,C,-7.615263,-5.809142,1.084207,9,"['1350', '1352', '1371']"
1352,O,-6.514936,-6.301853,1.350836,11,['1351']
1353,HN,-8.270003,-8.540797,1.708687,10,['1349']
1354,H,-9.77497,-6.08611,0.930374,12,['1350']
1355,C,-9.145405,-6.506311,3.023579,182,"['1350', '1356', '1360', '1361']"
1356,C,-10.084313,-5.421498,3.604969,184,"['1355', '1357', '1362', '1363']"
1357,C,-9.533075,-3.979177,3.629964,186,"['1356', '1358', '1364', '1365']"
1358,C,-10.236161,-3.045467,4.641952,188,"['1357', '1359', '1366', '1367']"
1359,N,-9.973388,-3.368513,6.035386,190,"['1358', '1368', '1369', '1370']"
1360,H,-8.163573,-6.513439,3.550861,183,['1355']
1361,H,-9.608838,-7.482437,3.310204,183,['1355']
1362,H,-10.331958,-5.741924,4.646002,185,['1356']
1363,H,-11.06103,-5.437099,3.061298,185,['1356']
1364,H,-9.636702,-3.530648,2.612612,187,['1357']
1365,H,-8.440192,-3.981667,3.840293,187,['1357']
1366,H,-11.338968,-3.030259,4.479442,189,['1358']
1367,H,-9.898263,-2.003707,4.467265,189,['1358']
1368,HN,-10.50354,-2.779042,6.675163,191,['1359']
1369,HN,-8.999002,-3.238534,6.281335,191,['1359']
1370,HN,-10.247356,-4.314999,6.275774,191,['1359']
1371,N,-7.703319,-4.6473,0.387656,7,"['1351', '1372', '1375']"
1372,CA,-6.520659,-3.9358,-0.112243,8,"['1371', '1373', '1376', '1377']"
1373,C,-5.843155,-3.22069,1.06937,9,"['1372', '1374', '1388']"
1374,O,-6.498999,-2.488682,1.820382,11,['1373']
1375,HN,-8.618476,-4.213636,0.205705,10,['1371']
1376,H,-5.818099,-4.694282,-0.541387,12,['1372']
1377,C,-6.897515,-2.889488,-1.210106,175,"['1372', '1378', '1381', '1382']"
1378,C,-5.684322,-2.480259,-2.079383,177,"['1377', '1379', '1383', '1384']"
1379,S,-5.915511,-0.905374,-2.951329,179,"['1378', '1380']"
1380,C,-7.406875,-1.240366,-3.91935,180,"['1379', '1385', '1386', '1387']"
1381,H,-7.354535,-2.000711,-0.71599,176,['1377']
1382,H,-7.690033,-3.303826,-1.874905,176,['1377']
1383,H,-5.460955,-3.289632,-2.812018,178,['1378']
1384,H,-4.767808,-2.396298,-1.453575,178,['1378']
1385,H,-7.55944,-0.417063,-4.648573,181,['1380']
1386,H,-8.295394,-1.306725,-3.25495,181,['1380']
1387,H,-7.288038,-2.191481,-4.480332,181,['1380']
1388,N,-4.506049,-3.385302,1.192712,7,"['1373', '1389', '1392']"
1389,CA,-3.637108,-2.777073,2.185928,8,"['1388', '1390', '1393', '1394']"
1390,C,-3.551477,-1.265548,1.966723,9,"['1389', '1391', '1404']"
1391,O,-3.699318,-0.486088,2.908518,11,['1390']
1392,HN,-4.014773,-3.942403,0.482377,10,['1388']
1393,H,-4.094453,-2.911064,3.193528,12,['1389']
1394,C,-2.196384,-3.409317,2.204689,15,"['1389', '1395', '1396', '1397']"
1395,C,-1.304837,-2.758961,3.296556,17,"['1394', '1398', '1399', '1400']"
1396,C,-2.251999,-4.936387,2.465429,17,"['1394', '1401', '1402', '1403']"
1397,H,-1.729727,-3.232399,1.202363,16,['1394']
1398,H,-0.280769,-3.192351,3.303811,18,['1395']
1399,H,-1.732434,-2.885097,4.317305,18,['1395']
1400,H,-1.177929,-1.665859,3.136667,18,['1395']
1401,H,-1.236731,-5.392447,2.438512,18,['1396']
1402,H,-2.864224,-5.477163,1.711086,18,['1396']
1403,H,-2.682687,-5.160452,3.464999,18,['1396']
1404,N,-3.311995,-0.859727,0.695,7,"['1390', '1405', '1408']"
1405,CA,-3.181455,0.523202,0.2692,8,"['1404', '1406', '1409', '1410']"
1406,C,-4.392712,1.342274,0.727414,9,"['1405', '1407', '1418']"
1407,O,-4.241394,2.386099,1.367187,11,['1406']
1408,HN,-3.065634,-1.558599,-0.018474,10,['1404']
1409,H,-2.305765,0.960659,0.807929,12,['1405']
1410,C,-2.960756,0.697575,-1.266905,147,"['1405', '1411', '1414', '1415']"
1411,C,-2.014687,-0.283644,-1.955718,149,"['1410', '1412', '1413']"
1412,O,-2.066995,-1.494146,-1.70265,150,['1411']
1413,N,-1.216708,0.21831,-2.919464,151,"['1411', '1416', '1417']"
1414,H,-2.602046,1.739003,-1.441867,148,['1410']
1415,H,-3.927868,0.642914,-1.81402,148,['1410']
1416,HN,-1.211079,1.226775,-3.152635,152,['1413']
1417,HN,-0.606108,-0.428013,-3.437893,152,['1413']
1418,N,-5.621345,0.846686,0.403205,7,"['1406', '1419', '1422']"
1419,CA,-6.861302,1.493695,0.7848,8,"['1418', '1420', '1423', '1424']"
1420,C,-7.059799,1.500863,2.30044,9,"['1419', '1421', '1433']"
1421,O,-7.465374,2.522609,2.849615,11,['1420']
1422,HN,-5.712742,0.018605,-0.200371,10,['1418']
1423,H,-6.786492,2.567878,0.495806,12,['1419']
1424,C,-8.116201,0.853188,0.114511,153,"['1419', '1425', '1429', '1430']"
1425,C,-9.383415,1.714979,0.30662,155,"['1424', '1426', '1431', '1432']"
1426,C,-10.699428,0.970371,0.406653,157,"['1425', '1427', '1428']"
1427,O,-10.697775,-0.12893,1.020063,158,['1426']
1428,O,-11.746204,1.557431,0.022356,158,['1426']
1429,H,-8.295068,-0.144024,0.583133,154,['1424']
1430,H,-7.962452,0.653827,-0.972895,154,['1424']
1431,H,-9.448167,2.492854,-0.487618,156,['1425']
1432,H,-9.336567,2.274534,1.266793,156,['1425']
1433,N,-6.786823,0.364443,2.990516,7,"['1420', '1434', '1437']"
1434,CA,-6.967766,0.219714,4.428286,8,"['1433', '1435', '1438', '1439']"
1435,C,-6.190614,1.259151,5.246133,9,"['1434', '1436', '1443']"
1436,O,-6.735986,1.847731,6.183274,11,['1435']
1437,HN,-6.485134,-0.480888,2.486943,10,['1433']
1438,H,-8.044531,0.415598,4.654442,12,['1434']
1439,C,-6.61232,-1.214097,4.890095,13,"['1434', '1440', '1441', '1442']"
1440,H,-6.81637,-1.354343,5.972288,14,['1439']
1441,H,-5.533451,-1.432671,4.714153,14,['1439']
1442,H,-7.197789,-1.973172,4.326309,14,['1439']
1443,N,-4.910214,1.509464,4.86945,7,"['1435', '1444', '1447']"
1444,CA,-4.052602,2.521843,5.470192,8,"['1443', '1445', '1448', '1449']"
1445,C,-4.642656,3.923348,5.324108,9,"['1444', '1446', '1462']"
1446,O,-4.709691,4.692841,6.28727,11,['1445']
1447,HN,-4.488089,0.954851,4.111719,10,['1443']
1448,H,-3.986634,2.33099,6.568095,12,['1444']
1449,C,-2.63435,2.534419,4.837611,19,"['1444', '1450', '1453', '1454']"
1450,C,-1.737792,1.334503,5.239345,21,"['1449', '1451', '1452', '1455']"
1451,C,-0.676678,1.12239,4.136231,23,"['1450', '1456', '1457', '1458']"
1452,C,-1.05234,1.621844,6.599298,23,"['1450', '1459', '1460', '1461']"
1453,H,-2.118225,3.482208,5.115771,20,['1449']
1454,H,-2.743109,2.583845,3.725365,20,['1449']
1455,H,-2.357034,0.406528,5.316932,22,['1450']
1456,H,-0.037338,0.240242,4.356714,24,['1451']
1457,H,0.002881,1.995492,4.016805,24,['1451']
1458,H,-1.152152,0.92981,3.148548,24,['1451']
1459,H,-0.380161,0.785628,6.898383,24,['1452']
1460,H,-1.793761,1.747395,7.418787,24,['1452']
1461,H,-0.426875,2.542017,6.575422,24,['1452']
1462,N,-5.048117,4.271203,4.079545,7,"['1445', '1463', '1466']"
1463,CA,-5.641118,5.550098,3.741442,8,"['1462', '1464', '1467', '1468']"
1464,C,-6.927944,5.779211,4.545519,9,"['1463', '1465', '1478']"
1465,O,-7.132864,6.839412,5.137863,11,['1464']
1466,HN,-4.966325,3.59927,3.302745,10,['1462']
1467,H,-4.942031,6.357506,4.065237,12,['1463']
1468,C,-5.858756,5.667658,2.193347,15,"['1463', '1469', '1470', '1471']"
1469,C,-6.658528,6.92849,1.822231,17,"['1468', '1472', '1473', '1474']"
1470,C,-4.504335,5.72084,1.442895,17,"['1468', '1475', '1476', '1477']"
1471,H,-6.429526,4.764066,1.858381,16,['1468']
1472,H,-6.794286,7.028964,0.722164,18,['1469']
1473,H,-6.167409,7.854028,2.197538,18,['1469']
1474,H,-7.676588,6.888222,2.260585,18,['1469']
1475,H,-4.657534,5.771237,0.341766,18,['1470']
1476,H,-3.886114,4.816909,1.633988,18,['1470']
1477,H,-3.897197,6.607418,1.734033,18,['1470']
1478,N,-7.79562,4.740706,4.608857,7,"['1464', '1479', '1482']"
1479,CA,-9.058564,4.736009,5.314651,8,"['1478', '1480', '1483', '1484']"
1480,C,-8.935785,4.976833,6.820748,9,"['1479', '1481', '1502']"
1481,O,-9.840298,5.567587,7.415835,11,['1480']
1482,HN,-7.58108,3.884386,4.087039,10,['1478']
1483,H,-9.629352,5.617455,4.933223,12,['1479']
1484,C,-9.865898,3.425112,5.035611,202,"['1479', '1485', '1491', '1492']"
1485,C,-11.253088,3.327083,5.714506,204,"['1484', '1486', '1493', '1494']"
1486,C,-12.207119,4.444863,5.23371,206,"['1485', '1487', '1495', '1496']"
1487,N,-13.467099,4.409995,5.95664,208,"['1486', '1488', '1497']"
1488,C,-13.763038,4.999576,7.127852,210,"['1487', '1489', '1490']"
1489,N,-12.843305,5.608851,7.873099,211,"['1488', '1498', '1499']"
1490,N,-15.04221,4.98779,7.509397,211,"['1488', '1500', '1501']"
1491,H,-9.250977,2.554557,5.373378,203,['1484']
1492,H,-9.983763,3.274402,3.936375,203,['1484']
1493,H,-11.107817,3.365708,6.819522,205,['1485']
1494,H,-11.671034,2.321057,5.471664,205,['1485']
1495,H,-12.407112,4.312944,4.145081,207,['1486']
1496,H,-11.748891,5.452921,5.337297,207,['1486']
1497,HN,-14.231531,4.057807,5.359351,209,['1487']
1498,HN,-11.851705,5.643331,7.603937,212,['1489']
1499,HN,-13.123476,6.057173,8.760567,212,['1489']
1500,HN,-15.753883,4.485727,6.9619,212,['1490']
1501,HN,-15.342388,5.617919,8.273912,212,['1490']
1502,N,-7.850689,4.477293,7.466433,7,"['1480', '1503', '1506']"
1503,CA,-7.569022,4.688997,8.878316,8,"['1502', '1504', '1507', '1508']"
1504,C,-6.705047,5.928094,9.170919,9,"['1503', '1505', '1519']"
1505,O,-6.312891,6.146532,10.318626,11,['1504']
1506,HN,-7.147547,3.920994,6.958572,10,['1502']
1507,H,-8.531599,4.902931,9.402272,12,['1503']
1508,C,-6.917841,3.442543,9.554687,167,"['1503', '1509', '1513', '1514']"
1509,C,-7.763488,2.149662,9.502905,169,"['1508', '1510', '1515', '1516']"
1510,C,-9.063431,2.208226,10.294246,171,"['1509', '1511', '1512']"
1511,O,-9.100138,2.527231,11.484905,172,['1510']
1512,N,-10.177647,1.828682,9.631372,173,"['1510', '1517', '1518']"
1513,H,-6.715507,3.673775,10.62955,168,['1508']
1514,H,-5.921017,3.250721,9.090681,168,['1508']
1515,H,-7.162502,1.328294,9.951469,170,['1509']
1516,H,-7.926223,1.852293,8.440099,170,['1509']
1517,HN,-10.120698,1.520389,8.647282,174,['1512']
1518,HN,-11.070633,1.904535,10.136842,174,['1512']
1519,N,-6.373982,6.762115,8.153716,1,"['1504', '1520', '1523']"
1520,CA,-5.549014,7.935498,8.32704,2,"['1519', '1521', '1524', '1525']"
1521,C,-4.080769,7.683923,8.656705,3,"['1520', '1522', '1526']"
1522,O,-3.43783,8.512057,9.306129,5,['1521']
1523,HN,-6.67451,6.607206,7.182146,4,['1519']
1524,H,-5.578271,8.561909,7.408064,6,['1520']
1525,H,-5.964103,8.574897,9.138849,6,['1520']
1526,N,-3.527829,6.518281,8.240413,7,"['1521', '1527', '1530']"
1527,CA,-2.130747,6.140577,8.385846,8,"['1526', '1528', '1531', '1532']"
1528,C,-1.311512,6.271419,7.091761,9,"['1527', '1529', '1545']"
1529,O,-0.085076,6.154538,7.12248,11,['1528']
1530,HN,-4.090577,5.830196,7.720795,10,['1526']
1531,H,-1.627527,6.862812,9.073309,12,['1527']
1532,C,-2.014983,4.706189,8.979719,19,"['1527', '1533', '1536', '1537']"
1533,C,-2.568414,4.596859,10.433879,21,"['1532', '1534', '1535', '1538']"
1534,C,-2.614809,3.114054,10.868753,23,"['1533', '1539', '1540', '1541']"
1535,C,-1.690031,5.39521,11.431333,23,"['1533', '1542', '1543', '1544']"
1536,H,-0.945501,4.390219,8.952632,20,['1532']
1537,H,-2.54687,3.993283,8.304681,20,['1532']
1538,H,-3.612345,4.997945,10.464402,22,['1533']
1539,H,-3.079301,3.000438,11.874239,24,['1534']
1540,H,-1.596901,2.666293,10.917425,24,['1534']
1541,H,-3.221089,2.497759,10.166884,24,['1534']
1542,H,-2.033642,5.258669,12.481466,24,['1535']
1543,H,-1.722683,6.488724,11.232149,24,['1535']
1544,H,-0.620036,5.086167,11.389641,24,['1535']
1545,N,-1.963295,6.59576,5.949663,7,"['1528', '1546', '1549']"
1546,CA,-1.330857,6.971052,4.696775,8,"['1545', '1547', '1550', '1551']"
1547,C,-2.169182,8.075949,4.050042,9,"['1546', '1548', '1555']"
1548,O,-3.388744,8.131148,4.224623,11,['1547']
1549,HN,-2.98787,6.678933,5.915076,10,['1545']
1550,H,-0.309073,7.373546,4.904527,12,['1546']
1551,C,-1.249077,5.763222,3.735498,13,"['1546', '1552', '1553', '1554']"
1552,H,-0.745682,6.044798,2.785391,14,['1551']
1553,H,-2.259841,5.376009,3.474551,14,['1551']
1554,H,-0.667324,4.924992,4.171825,14,['1551']
1555,N,-1.49842,8.94569,3.262005,7,"['1547', '1556', '1559']"
1556,CA,-2.117338,9.915599,2.374291,8,"['1555', '1557', '1560', '1561']"
1557,C,-2.131178,9.293164,0.970635,9,"['1556', '1558', '1577']"
1558,O,-1.268544,8.473968,0.628173,11,['1557']
1559,HN,-0.494297,8.788875,3.090808,10,['1555']
1560,H,-3.17525,10.101137,2.688587,12,['1556']
1561,C,-1.315869,11.256929,2.317815,182,"['1556', '1562', '1566', '1567']"
1562,C,-1.100914,11.974188,3.675975,184,"['1561', '1563', '1568', '1569']"
1563,C,-0.205919,13.23467,3.53223,186,"['1562', '1564', '1570', '1571']"
1564,C,0.149547,13.914808,4.876838,188,"['1563', '1565', '1572', '1573']"
1565,N,1.298629,14.81102,4.767148,190,"['1564', '1574', '1575', '1576']"
1566,H,-1.851985,11.944343,1.61728,183,['1561']
1567,H,-0.32685,11.052206,1.840174,183,['1561']
1568,H,-0.630904,11.257624,4.390585,185,['1562']
1569,H,-2.088674,12.246645,4.116271,185,['1562']
1570,H,-0.709622,13.973342,2.863431,187,['1563']
1571,H,0.73407,12.943621,3.004783,187,['1563']
1572,H,0.402316,13.148262,5.644602,189,['1564']
1573,H,-0.727252,14.478577,5.273755,189,['1564']
1574,HN,1.476239,15.337381,5.616994,191,['1565']
1575,HN,1.272331,15.458199,3.983808,191,['1565']
1576,HN,2.142845,14.253638,4.628506,191,['1565']
1577,N,-3.05748,9.770582,0.106261,7,"['1557', '1578', '1581']"
1578,CA,-3.010078,9.519093,-1.329111,8,"['1577', '1579', '1582', '1583']"
1579,C,-1.860774,10.387288,-1.861172,9,"['1578', '1580', '1593']"
1580,O,-1.800152,11.595909,-1.586801,11,['1579']
1581,HN,-3.730474,10.487633,0.425342,10,['1577']
1582,H,-2.769,8.438831,-1.499518,12,['1578']
1583,C,-4.35829,9.846942,-2.055509,15,"['1578', '1584', '1585', '1586']"
1584,C,-4.249354,9.574303,-3.578993,17,"['1583', '1587', '1588', '1589']"
1585,C,-5.499985,8.979659,-1.473911,17,"['1583', '1590', '1591', '1592']"
1586,H,-4.599984,10.926323,-1.887392,16,['1583']
1587,H,-5.220105,9.713689,-4.103428,18,['1584']
1588,H,-3.904358,8.535722,-3.793985,18,['1584']
1589,H,-3.522425,10.262167,-4.064229,18,['1584']
1590,H,-6.47143,9.180678,-1.975622,18,['1585']
1591,H,-5.646723,9.183029,-0.391211,18,['1585']
1592,H,-5.283984,7.893733,-1.575105,18,['1585']
1593,N,-0.93286,9.77184,-2.627145,7,"['1579', '1594', '1597']"
1594,CA,0.305861,10.371602,-3.106768,8,"['1593', '1595', '1598', '1599']"
1595,C,0.897631,9.516256,-4.231367,9,"['1594', '1596', '1603']"
1596,O,0.561205,8.345684,-4.376672,11,['1595']
1597,HN,-1.097897,8.809033,-2.955456,10,['1593']
1598,H,0.085037,11.388604,-3.513198,12,['1594']
1599,C,1.306666,10.461645,-1.929937,13,"['1594', '1600', '1601', '1602']"
1600,H,2.287978,10.888299,-2.237243,14,['1599']
1601,H,1.506512,9.456908,-1.497688,14,['1599']
1602,H,0.917422,11.103689,-1.108262,14,['1599']
1603,N,1.83324,10.110818,-5.013692,7,"['1595', '1604', '1607']"
1604,CA,2.552289,9.451183,-6.095858,8,"['1603', '1605', '1608', '1609']"
1605,C,1.644467,8.820512,-7.166567,9,"['1604', '1606', '1624']"
1606,O,1.928707,7.745557,-7.696511,11,['1605']
1607,HN,2.169371,11.053037,-4.776704,10,['1603']
1608,H,3.11632,10.234103,-6.657182,12,['1604']
1609,C,3.572581,8.424985,-5.515883,70,"['1604', '1610', '1617', '1618']"
1610,C,4.595007,9.10478,-4.627965,72,"['1609', '1611', '1612']"
1611,C,4.540109,9.021202,-3.225595,73,"['1610', '1613', '1619']"
1612,C,5.60998,9.88016,-5.211276,73,"['1610', '1614', '1620']"
1613,C,5.487261,9.684064,-2.434936,75,"['1611', '1615', '1621']"
1614,C,6.565103,10.522921,-4.422767,75,"['1612', '1615', '1622']"
1615,C,6.510689,10.431452,-3.028521,77,"['1613', '1614', '1616']"
1616,OH,7.41797,11.07893,-2.2488,78,"['1615', '1623']"
1617,H,4.094336,7.898096,-6.344413,71,['1609']
1618,H,3.037388,7.625121,-4.953122,71,['1609']
1619,H,3.74615,8.433402,-2.73733,74,['1611']
1620,H,5.662233,9.998233,-6.30412,74,['1612']
1621,H,5.439443,9.624649,-1.336307,76,['1613']
1622,H,7.34451,11.130054,-4.906112,76,['1614']
1623,HO,8.265832,11.157312,-2.666525,79,['1616']
1624,N,0.533153,9.520842,-7.508156,7,"['1605', '1625', '1628']"
1625,CA,-0.413705,9.095893,-8.528454,8,"['1624', '1626', '1629', '1630']"
1626,C,0.116626,9.537475,-9.901285,9,"['1625', '1627', '1640']"
1627,O,-0.035755,10.692462,-10.315278,11,['1626']
1628,HN,0.316721,10.426251,-7.073297,10,['1624']
1629,H,-0.498294,7.978563,-8.516879,12,['1625']
1630,C,-1.845981,9.682087,-8.268129,15,"['1625', '1631', '1632', '1633']"
1631,C,-2.829286,9.114985,-9.31961,17,"['1630', '1634', '1635', '1636']"
1632,C,-2.367016,9.319594,-6.853596,17,"['1630', '1637', '1638', '1639']"
1633,H,-1.801411,10.798056,-8.35976,16,['1630']
1634,H,-3.860394,9.486882,-9.154994,18,['1631']
1635,H,-2.876188,8.001454,-9.294256,18,['1631']
1636,H,-2.553911,9.418735,-10.352633,18,['1631']
1637,H,-3.373526,9.759516,-6.672351,18,['1632']
1638,H,-1.704989,9.692457,-6.041825,18,['1632']
1639,H,-2.46706,8.218601,-6.718631,18,['1632']
1640,N,0.857533,8.637099,-10.594626,7,"['1626', '1641', '1644']"
1641,CA,1.37818,8.85328,-11.944106,8,"['1640', '1642', '1645', '1646']"
1642,C,0.316853,8.380637,-12.948132,9,"['1641', '1643', '1661']"
1643,O,-0.473764,7.492279,-12.645728,11,['1642']
1644,HN,0.984729,7.693459,-10.205699,10,['1640']
1645,H,1.526194,9.951466,-12.10629,12,['1641']
1646,C,2.730799,8.112586,-12.156239,70,"['1641', '1647', '1654', '1655']"
1647,C,3.803253,8.613164,-11.204315,72,"['1646', '1648', '1649']"
1648,C,4.521064,9.787888,-11.49168,73,"['1647', '1650', '1656']"
1649,C,4.111446,7.925612,-10.017223,73,"['1647', '1651', '1657']"
1650,C,5.512701,10.26185,-10.62485,75,"['1648', '1652', '1658']"
1651,C,5.12565,8.378466,-9.166228,75,"['1649', '1652', '1659']"
1652,C,5.826111,9.552869,-9.461174,77,"['1650', '1651', '1653']"
1653,OH,6.819775,10.02255,-8.651256,78,"['1652', '1660']"
1654,H,3.098968,8.243755,-13.201776,71,['1646']
1655,H,2.601729,7.013847,-12.023652,71,['1646']
1656,H,4.319881,10.347453,-12.419597,74,['1648']
1657,H,3.576809,6.99987,-9.751041,74,['1649']
1658,H,6.060921,11.183837,-10.878129,76,['1650']
1659,H,5.381033,7.790775,-8.270473,76,['1651']
1660,HO,6.998447,9.407765,-7.948436,79,['1653']
1661,N,0.280205,8.993429,-14.160355,7,"['1642', '1662', '1665']"
1662,CA,-0.780817,8.779348,-15.147288,8,"['1661', '1663', '1666', '1667']"
1663,C,-0.846027,7.363688,-15.735873,9,"['1662', '1664', '1683']"
1664,O,-1.911759,6.958792,-16.196837,11,['1663']
1665,HN,1.058954,9.602133,-14.446002,10,['1661']
1666,H,-1.752638,8.87041,-14.59888,12,['1662']
1667,C,-0.73713,9.870648,-16.2642,182,"['1662', '1668', '1672', '1673']"
1668,C,-1.790423,9.795556,-17.405398,184,"['1667', '1669', '1674', '1675']"
1669,C,-3.274167,9.73557,-16.951186,186,"['1668', '1670', '1676', '1677']"
1670,C,-4.271916,9.843331,-18.133662,188,"['1669', '1671', '1678', '1679']"
1671,N,-5.665143,9.844004,-17.693222,190,"['1670', '1680', '1681', '1682']"
1672,H,0.273356,9.849403,-16.741606,183,['1667']
1673,H,-0.817074,10.87611,-15.783466,183,['1667']
1674,H,-1.569626,8.897958,-18.033013,185,['1668']
1675,H,-1.641759,10.672709,-18.080444,185,['1668']
1676,H,-3.471902,10.559576,-16.225397,187,['1669']
1677,H,-3.452869,8.776937,-16.401914,187,['1669']
1678,H,-4.126968,9.017608,-18.868307,189,['1670']
1679,H,-4.091382,10.794773,-18.687015,189,['1670']
1680,HN,-6.287142,10.311262,-18.355163,191,['1671']
1681,HN,-5.806879,10.335684,-16.818022,191,['1671']
1682,HN,-6.056649,8.912454,-17.598216,191,['1671']
1683,N,0.269866,6.594287,-15.700928,1,"['1663', '1684', '1687']"
1684,CA,0.25876,5.189872,-16.047699,2,"['1683', '1685', '1688', '1689']"
1685,C,-0.270615,4.239279,-14.973773,3,"['1684', '1686', '1690']"
1686,O,-0.666591,3.115906,-15.284331,5,['1685']
1687,HN,1.197723,6.972967,-15.465705,4,['1683']
1688,H,-0.363028,5.027151,-16.958085,6,['1684']
1689,H,1.280993,4.852392,-16.327541,6,['1684']
1690,N,-0.25341,4.663463,-13.684216,7,"['1685', '1691', '1694']"
1691,CA,-0.648569,3.859046,-12.538412,8,"['1690', '1692', '1695', '1696']"
1692,C,-1.56434,4.685076,-11.627894,9,"['1691', '1693', '1704']"
1693,O,-1.137857,5.212109,-10.594261,11,['1692']
1694,HN,-0.109279,5.654616,-13.45292,10,['1690']
1695,H,-1.235226,2.976155,-12.884161,12,['1691']
1696,C,0.605133,3.36957,-11.760493,147,"['1691', '1697', '1700', '1701']"
1697,C,1.542085,2.450256,-12.531066,149,"['1696', '1698', '1699']"
1698,O,1.127407,1.72878,-13.430945,150,['1697']
1699,N,2.824636,2.435108,-12.100991,151,"['1697', '1702', '1703']"
1700,H,0.256331,2.805241,-10.866273,148,['1696']
1701,H,1.149166,4.253784,-11.361053,148,['1696']
1702,HN,3.161086,3.068399,-11.366817,152,['1699']
1703,HN,3.461365,1.743645,-12.52436,152,['1699']
1704,N,-2.831574,4.863534,-12.074709,7,"['1692', '1705', '1708']"
1705,CA,-3.8439,5.632035,-11.374579,8,"['1704', '1706', '1709', '1710']"
1706,C,-5.24609,5.012016,-11.403117,9,"['1705', '1707', '1718']"
1707,O,-6.243036,5.747182,-11.292722,11,['1706']
1708,HN,-3.111266,4.552797,-13.016418,10,['1704']
1709,H,-3.569767,5.67545,-10.300425,12,['1705']
1710,C,-3.889194,7.071863,-11.947509,147,"['1705', '1711', '1714', '1715']"
1711,C,-4.561123,7.158775,-13.308998,149,"['1710', '1712', '1713']"
1712,O,-4.335676,6.324023,-14.184155,150,['1711']
1713,N,-5.364308,8.226622,-13.513792,151,"['1711', '1716', '1717']"
1714,H,-2.870839,7.517933,-11.99795,148,['1710']
1715,H,-4.473906,7.684202,-11.219958,148,['1710']
1716,HN,-5.552622,8.887609,-12.744563,152,['1713']
1717,HN,-5.831587,8.310937,-14.424005,152,['1713']
1718,N,-5.368883,3.671481,-11.592087,7,"['1706', '1719', '1722']"
1719,CA,-6.656416,3.008032,-11.699359,8,"['1718', '1720', '1723', '1724']"
1720,C,-7.510823,3.165968,-10.4366,9,"['1719', '1721', '1732']"
1721,O,-8.714015,3.439707,-10.53568,11,['1720']
1722,HN,-4.537867,3.05853,-11.626873,10,['1718']
1723,H,-7.226799,3.511087,-12.516542,12,['1719']
1724,C,-6.558489,1.505111,-12.103333,37,"['1719', '1725', '1726', '1727']"
1725,OH,-6.076781,1.451449,-13.441247,39,"['1724', '1728']"
1726,C,-7.90512,0.756697,-12.131938,41,"['1724', '1729', '1730', '1731']"
1727,H,-5.828359,0.992582,-11.43031,38,['1724']
1728,HO,-5.171113,1.159124,-13.403217,40,['1725']
1729,H,-7.789272,-0.270518,-12.537622,42,['1726']
1730,H,-8.65117,1.287711,-12.765712,42,['1726']
1731,H,-8.350345,0.665027,-11.116551,42,['1726']
1732,N,-6.915613,3.008792,-9.226184,7,"['1720', '1733', '1736']"
1733,CA,-7.663349,3.061011,-7.982419,8,"['1732', '1734', '1737', '1738']"
1734,C,-7.697723,4.423844,-7.279839,9,"['1733', '1735', '1750']"
1735,O,-8.455278,4.554312,-6.308733,11,['1734']
1736,HN,-5.894917,3.108105,-9.087845,10,['1732']
1737,H,-8.743071,2.881564,-8.211603,12,['1733']
1738,C,-7.206566,1.940078,-7.00645,106,"['1733', '1739', '1744', '1745']"
1739,C,-7.447477,0.524904,-7.453935,108,"['1738', '1740', '1741']"
1740,N,-8.67818,0.003361,-7.826167,109,"['1739', '1742', '1746']"
1741,C,-6.578084,-0.540666,-7.516257,111,"['1739', '1743', '1747']"
1742,C,-8.560989,-1.307782,-8.117687,113,"['1740', '1743', '1748']"
1743,N,-7.274734,-1.64073,-7.923785,115,"['1741', '1742', '1749']"
1744,H,-7.723397,2.077294,-6.029914,107,['1738']
1745,H,-6.118201,2.079235,-6.792463,107,['1738']
1746,HN,-9.578616,0.499502,-7.865244,110,['1740']
1747,H,-5.527936,-0.577608,-7.275567,112,['1741']
1748,H,-9.369499,-1.958931,-8.418019,114,['1742']
1749,HN,-6.87194,-2.585865,-8.040478,116,['1743']
1750,N,-7.041068,5.488004,-7.811999,7,"['1734', '1751', '1754']"
1751,CA,-7.117483,6.880967,-7.396245,8,"['1750', '1752', '1755', '1756']"
1752,C,-8.439775,7.277563,-6.750364,9,"['1751', '1753', '1765']"
1753,O,-8.455782,7.768329,-5.620345,11,['1752']
1754,HN,-6.127956,5.295261,-8.2564,10,['1750']
1755,H,-6.354483,7.009245,-6.586103,12,['1751']
1756,C,-6.75502,7.884023,-8.548427,153,"['1751', '1757', '1761', '1762']"
1757,C,-6.918699,9.361846,-8.140701,155,"['1756', '1758', '1763', '1764']"
1758,C,-6.246024,10.391469,-9.016197,157,"['1757', '1759', '1760']"
1759,O,-6.098336,10.211586,-10.256467,158,['1758']
1760,O,-5.802176,11.426002,-8.430754,158,['1758']
1761,H,-7.349225,7.677613,-9.468446,154,['1756']
1762,H,-5.694891,7.705305,-8.842892,154,['1756']
1763,H,-6.510265,9.481952,-7.110073,156,['1757']
1764,H,-8.00023,9.627403,-8.090892,156,['1757']
1765,N,-9.562613,7.159035,-7.503489,7,"['1752', '1766', '1769']"
1766,CA,-10.874839,7.614772,-7.068005,8,"['1765', '1767', '1770', '1771']"
1767,C,-11.428904,6.848619,-5.856563,9,"['1766', '1768', '1782']"
1768,O,-12.048963,7.450925,-4.977062,11,['1767']
1769,HN,-9.495203,6.745423,-8.443412,10,['1765']
1770,H,-10.757356,8.663976,-6.700227,12,['1766']
1771,C,-11.867112,7.625892,-8.26378,167,"['1766', '1772', '1776', '1777']"
1772,C,-13.28413,8.147373,-7.951407,169,"['1771', '1773', '1778', '1779']"
1773,C,-14.2184,8.449135,-9.121223,171,"['1772', '1774', '1775']"
1774,O,-15.043542,9.363205,-9.016524,172,['1773']
1775,N,-14.072011,7.712906,-10.244661,173,"['1773', '1780', '1781']"
1776,H,-11.943753,6.596889,-8.688835,168,['1771']
1777,H,-11.438734,8.260881,-9.075402,168,['1771']
1778,H,-13.200339,9.093901,-7.369459,170,['1772']
1779,H,-13.822615,7.428764,-7.291712,170,['1772']
1780,HN,-13.385178,6.944898,-10.277999,174,['1775']
1781,HN,-14.689419,7.880589,-11.052658,174,['1775']
1782,N,-11.151868,5.520222,-5.769765,7,"['1767', '1783', '1786']"
1783,CA,-11.467188,4.662165,-4.629901,8,"['1782', '1784', '1787', '1788']"
1784,C,-10.694413,5.119781,-3.386905,9,"['1783', '1785', '1801']"
1785,O,-11.272548,5.329958,-2.318482,11,['1784']
1786,HN,-10.510613,5.093604,-6.451198,10,['1782']
1787,H,-12.549056,4.780707,-4.383421,12,['1783']
1788,C,-11.159927,3.166026,-4.961405,19,"['1783', '1789', '1792', '1793']"
1789,C,-11.353223,2.145147,-3.793157,21,"['1788', '1790', '1791', '1794']"
1790,C,-12.854458,1.844289,-3.566785,23,"['1789', '1795', '1796', '1797']"
1791,C,-10.60589,0.828166,-4.134971,23,"['1789', '1798', '1799', '1800']"
1792,H,-10.097208,3.107239,-5.303558,20,['1788']
1793,H,-11.770143,2.845737,-5.840246,20,['1788']
1794,H,-10.91699,2.548317,-2.845363,22,['1789']
1795,H,-12.991432,1.129857,-2.72077,24,['1790']
1796,H,-13.345768,1.392391,-4.458398,24,['1790']
1797,H,-13.428271,2.756245,-3.289907,24,['1790']
1798,H,-10.73766,0.070741,-3.327758,24,['1791']
1799,H,-9.510423,0.997703,-4.2358,24,['1791']
1800,H,-10.967628,0.365532,-5.081157,24,['1791']
1801,N,-9.361698,5.308059,-3.542639,7,"['1784', '1802', '1805']"
1802,CA,-8.453781,5.731227,-2.495174,8,"['1801', '1803', '1806', '1807']"
1803,C,-8.765811,7.139769,-1.980824,9,"['1802', '1804', '1820']"
1804,O,-8.704588,7.381416,-0.774254,11,['1803']
1805,HN,-8.93899,5.170595,-4.470561,10,['1801']
1806,H,-8.609776,5.065977,-1.611213,12,['1802']
1807,C,-6.971843,5.634113,-2.958782,19,"['1802', '1808', '1811', '1812']"
1808,C,-6.520279,4.194432,-3.351695,21,"['1807', '1809', '1810', '1813']"
1809,C,-5.160763,4.262672,-4.072303,23,"['1808', '1814', '1815', '1816']"
1810,C,-6.385096,3.293138,-2.106348,23,"['1808', '1817', '1818', '1819']"
1811,H,-6.309041,6.02796,-2.154185,20,['1807']
1812,H,-6.825007,6.326107,-3.824926,20,['1807']
1813,H,-7.261736,3.734776,-4.050383,22,['1808']
1814,H,-4.790604,3.251495,-4.355888,24,['1809']
1815,H,-4.376327,4.743077,-3.442637,24,['1809']
1816,H,-5.23783,4.845119,-5.019358,24,['1809']
1817,H,-6.024477,2.273325,-2.37068,24,['1810']
1818,H,-7.367021,3.154327,-1.60559,24,['1810']
1819,H,-5.675123,3.707625,-1.354001,24,['1810']
1820,N,-9.150057,8.087047,-2.874124,7,"['1803', '1821', '1824']"
1821,CA,-9.562679,9.429237,-2.50419,8,"['1820', '1822', '1825', '1826']"
1822,C,-10.873272,9.46033,-1.716854,9,"['1821', '1823', '1844']"
1823,O,-11.042542,10.335708,-0.866647,11,['1822']
1824,HN,-9.138449,7.874026,-3.878761,10,['1820']
1825,H,-8.810942,9.813194,-1.769186,12,['1821']
1826,C,-9.640221,10.438537,-3.692824,202,"['1821', '1827', '1833', '1834']"
1827,C,-8.268102,10.734659,-4.338274,204,"['1826', '1828', '1835', '1836']"
1828,C,-8.309169,11.89875,-5.355878,206,"['1827', '1829', '1837', '1838']"
1829,N,-6.987652,12.130253,-5.923501,208,"['1828', '1830', '1839']"
1830,C,-5.863041,12.481045,-5.284383,210,"['1829', '1831', '1832']"
1831,N,-5.88513,12.888517,-4.014826,211,"['1830', '1840', '1841']"
1832,N,-4.709837,12.424835,-5.956699,211,"['1830', '1842', '1843']"
1833,H,-10.080295,11.390687,-3.310864,203,['1826']
1834,H,-10.358101,10.056638,-4.457486,203,['1826']
1835,H,-7.890975,9.814002,-4.841337,205,['1827']
1836,H,-7.537195,10.941976,-3.523549,205,['1827']
1837,H,-8.697037,12.829036,-4.883257,207,['1828']
1838,H,-9.020538,11.648232,-6.174966,207,['1828']
1839,HN,-6.881475,11.939767,-6.930866,209,['1829']
1840,HN,-6.764521,12.944542,-3.489327,212,['1831']
1841,HN,-5.008451,13.078305,-3.512409,212,['1831']
1842,HN,-4.732108,12.08269,-6.934021,212,['1832']
1843,HN,-3.822476,12.688556,-5.507374,212,['1832']
1844,N,-11.800285,8.504337,-1.977336,7,"['1822', '1845', '1848']"
1845,CA,-13.016761,8.31631,-1.195772,8,"['1844', '1846', '1849', '1850']"
1846,C,-12.660764,7.924241,0.242515,9,"['1845', '1847', '1866']"
1847,O,-13.155632,8.53262,1.194983,11,['1846']
1848,HN,-11.671797,7.856076,-2.767988,10,['1844']
1849,H,-13.541333,9.299623,-1.122847,12,['1845']
1850,C,-13.957012,7.266946,-1.862863,182,"['1845', '1851', '1855', '1856']"
1851,C,-15.245248,6.89702,-1.087721,184,"['1850', '1852', '1857', '1858']"
1852,C,-16.317243,8.014881,-1.110115,186,"['1851', '1853', '1859', '1860']"
1853,C,-17.745951,7.551516,-0.734066,188,"['1852', '1854', '1861', '1862']"
1854,N,-18.26025,6.479736,-1.584493,190,"['1853', '1863', '1864', '1865']"
1855,H,-13.37366,6.325059,-2.015948,183,['1850']
1856,H,-14.214373,7.613035,-2.892697,183,['1850']
1857,H,-15.007292,6.621607,-0.032599,185,['1851']
1858,H,-15.645013,5.955467,-1.53906,185,['1851']
1859,H,-16.360199,8.472238,-2.128084,187,['1852']
1860,H,-16.006305,8.83917,-0.425031,187,['1852']
1861,H,-18.442485,8.418799,-0.807836,189,['1853']
1862,H,-17.795385,7.214205,0.325218,189,['1853']
1863,HN,-19.273578,6.42835,-1.621251,191,['1854']
1864,HN,-17.92886,5.561101,-1.301229,191,['1854']
1865,HN,-17.942504,6.609623,-2.543733,191,['1854']
1866,N,-11.762918,6.915821,0.386567,7,"['1846', '1867', '1870']"
1867,CA,-11.245789,6.434377,1.655636,8,"['1866', '1868', '1871', '1872']"
1868,C,-10.559516,7.531227,2.476709,9,"['1867', '1869', '1876']"
1869,O,-10.789763,7.630243,3.684781,11,['1868']
1870,HN,-11.440221,6.401868,-0.446806,10,['1866']
1871,H,-12.110709,6.096176,2.276088,12,['1867']
1872,C,-10.281262,5.242284,1.44317,13,"['1867', '1873', '1874', '1875']"
1873,H,-9.85033,4.887551,2.403455,14,['1872']
1874,H,-9.422877,5.517388,0.787968,14,['1872']
1875,H,-10.798788,4.374871,0.970969,14,['1872']
1876,N,-9.7072,8.367124,1.821981,7,"['1868', '1877', '1880']"
1877,CA,-8.968149,9.442262,2.464333,8,"['1876', '1878', '1881', '1882']"
1878,C,-9.931601,10.512574,2.966749,9,"['1877', '1879', '1891']"
1879,O,-9.788781,10.999142,4.08766,11,['1878']
1880,HN,-9.488863,8.195805,0.832188,10,['1876']
1881,H,-8.454221,9.014733,3.358801,12,['1877']
1882,C,-7.944034,10.149418,1.522227,153,"['1877', '1883', '1887', '1888']"
1883,C,-6.882545,10.955075,2.303518,155,"['1882', '1884', '1889', '1890']"
1884,C,-6.152836,11.997917,1.473703,157,"['1883', '1885', '1886']"
1885,O,-6.824941,13.011694,1.091299,158,['1884']
1886,O,-4.93899,11.807322,1.232707,158,['1884']
1887,H,-8.487284,10.84367,0.84031,154,['1882']
1888,H,-7.434464,9.421986,0.853801,154,['1882']
1889,H,-6.132734,10.251104,2.740324,156,['1883']
1890,H,-7.328764,11.479323,3.178407,156,['1883']
1891,N,-10.9251,10.88443,2.11741,7,"['1878', '1892', '1895']"
1892,CA,-11.950374,11.855953,2.429181,8,"['1891', '1893', '1896', '1897']"
1893,C,-12.710804,11.476908,3.690947,9,"['1892', '1894', '1901']"
1894,O,-13.056325,12.345351,4.490277,11,['1893']
1895,HN,-10.970961,10.481367,1.172634,10,['1891']
1896,H,-11.453816,12.832346,2.647271,12,['1892']
1897,C,-12.96205,12.035249,1.269206,13,"['1892', '1898', '1899', '1900']"
1898,H,-13.733904,12.796331,1.523503,14,['1897']
1899,H,-13.486274,11.077045,1.040514,14,['1897']
1900,H,-12.459087,12.368209,0.334273,14,['1897']
1901,N,-13.045825,10.17495,3.851543,7,"['1893', '1902', '1905']"
1902,CA,-13.767956,9.695887,5.00846,8,"['1901', '1903', '1906', '1907']"
1903,C,-12.913505,9.736233,6.279824,9,"['1902', '1904', '1918']"
1904,O,-13.416013,10.114993,7.339448,11,['1903']
1905,HN,-12.85992,9.486543,3.107506,10,['1901']
1906,H,-14.591849,10.420976,5.208909,12,['1902']
1907,C,-14.365589,8.286486,4.752036,167,"['1902', '1908', '1912', '1913']"
1908,C,-15.385809,7.864795,5.823937,169,"['1907', '1909', '1914', '1915']"
1909,C,-16.593896,8.789436,5.973708,171,"['1908', '1910', '1911']"
1910,O,-16.850131,9.64683,5.111832,172,['1909']
1911,N,-17.284467,8.627889,7.120271,173,"['1909', '1916', '1917']"
1912,H,-13.542689,7.535341,4.696288,168,['1907']
1913,H,-14.870752,8.258917,3.757865,168,['1907']
1914,H,-14.88195,7.787392,6.817827,170,['1908']
1915,H,-15.772238,6.844277,5.600414,170,['1908']
1916,HN,-16.937396,7.952433,7.820296,174,['1911']
1917,HN,-18.110036,9.210446,7.32152,174,['1911']
1918,N,-11.592282,9.448181,6.163855,7,"['1903', '1919', '1922']"
1919,CA,-10.609849,9.600412,7.23206,8,"['1918', '1920', '1923', '1924']"
1920,C,-10.410027,11.060026,7.679187,9,"['1919', '1921', '1928']"
1921,O,-10.214396,11.326292,8.872734,11,['1920']
1922,HN,-11.23369,9.056077,5.281135,10,['1918']
1923,H,-10.990913,9.054292,8.129954,12,['1919']
1924,C,-9.245786,8.998205,6.814808,13,"['1919', '1925', '1926', '1927']"
1925,H,-8.531308,8.98551,7.666045,14,['1924']
1926,H,-8.780091,9.578722,5.985601,14,['1924']
1927,H,-9.351735,7.947833,6.462782,14,['1924']
1928,N,-10.475972,12.023208,6.721004,7,"['1920', '1929', '1932']"
1929,CA,-10.40843,13.462093,6.946894,8,"['1928', '1930', '1933', '1934']"
1930,C,-11.644701,13.988114,7.705582,9,"['1929', '1931', '1950']"
1931,O,-11.525918,14.955851,8.465137,11,['1930']
1932,HN,-10.537529,11.740701,5.734935,10,['1928']
1933,H,-9.548793,13.662284,7.631337,12,['1929']
1934,C,-10.208027,14.276657,5.619248,182,"['1929', '1935', '1939', '1940']"
1935,C,-8.812485,14.116738,4.956561,184,"['1934', '1936', '1941', '1942']"
1936,C,-8.697651,14.603755,3.479963,186,"['1935', '1937', '1943', '1944']"
1937,C,-7.574628,15.641183,3.193147,188,"['1936', '1938', '1945', '1946']"
1938,N,-7.158774,15.654628,1.792126,190,"['1937', '1947', '1948', '1949']"
1939,H,-10.40099,15.358397,5.814351,183,['1934']
1940,H,-11.01403,13.984467,4.904225,183,['1934']
1941,H,-8.537107,13.033685,4.968904,185,['1935']
1942,H,-8.03535,14.592098,5.597118,185,['1935']
1943,H,-9.672596,15.013209,3.12344,187,['1936']
1944,H,-8.523963,13.700656,2.845942,187,['1936']
1945,H,-6.671703,15.405234,3.7978,189,['1937']
1946,H,-7.895268,16.667823,3.490157,189,['1937']
1947,HN,-6.314487,16.206835,1.625922,191,['1938']
1948,HN,-7.8673,16.025342,1.168759,191,['1938']
1949,HN,-6.956251,14.693964,1.491446,191,['1938']
1950,N,-12.82788,13.331678,7.53317,7,"['1930', '1951', '1954']"
1951,CA,-14.06117,13.599661,8.269209,8,"['1950', '1952', '1955', '1956']"
1952,C,-13.965346,13.104374,9.72225,9,"['1951', '1953', '1972']"
1953,O,-14.351688,13.810796,10.657236,11,['1952']
1954,HN,-12.898863,12.587595,6.82575,10,['1950']
1955,H,-14.19868,14.705994,8.341192,12,['1951']
1956,C,-15.328025,12.955254,7.607691,182,"['1951', '1957', '1961', '1962']"
1957,C,-15.695409,13.501452,6.207744,184,"['1956', '1958', '1963', '1964']"
1958,C,-17.080478,13.000049,5.710296,186,"['1957', '1959', '1965', '1966']"
1959,C,-17.236692,12.90624,4.175535,188,"['1958', '1960', '1967', '1968']"
1960,N,-16.347551,11.90779,3.594959,190,"['1959', '1969', '1970', '1971']"
1961,H,-16.202434,13.110336,8.281076,183,['1956']
1962,H,-15.198582,11.845257,7.560156,183,['1956']
1963,H,-14.880665,13.232882,5.499232,185,['1957']
1964,H,-15.706445,14.617876,6.224923,185,['1957']
1965,H,-17.8771,13.674646,6.112264,187,['1958']
1966,H,-17.314167,11.997056,6.145067,187,['1958']
1967,H,-17.05565,13.896159,3.697356,189,['1959']
1968,H,-18.28513,12.625563,3.922895,189,['1959']
1969,HN,-16.433797,11.87357,2.579758,191,['1960']
1970,HN,-16.560688,10.987917,3.990815,191,['1960']
1971,HN,-15.376236,12.095452,3.820155,191,['1960']
1972,N,-13.547775,11.825622,9.901265,7,"['1952', '1973', '1976']"
1973,CA,-13.48043,11.138327,11.18389,8,"['1972', '1974', '1977', '1978']"
1974,C,-12.320013,11.584967,12.08602,9,"['1973', '1975', '1987']"
1975,O,-12.36355,11.35296,13.296535,11,['1974']
1976,HN,-13.263178,11.264306,9.086666,10,['1972']
1977,H,-14.392908,11.405966,11.771874,12,['1973']
1978,C,-13.45377,9.591247,10.982006,153,"['1973', '1979', '1983', '1984']"
1979,C,-14.759149,9.017647,10.37482,155,"['1978', '1980', '1985', '1986']"
1980,C,-14.702441,7.56932,9.934706,157,"['1979', '1981', '1982']"
1981,O,-13.702787,6.856731,10.211436,158,['1980']
1982,O,-15.626597,7.114415,9.207857,158,['1980']
1983,H,-13.237188,9.079364,11.949137,154,['1978']
1984,H,-12.603311,9.323803,10.31167,154,['1978']
1985,H,-15.055679,9.61812,9.484383,156,['1979']
1986,H,-15.600535,9.121481,11.09726,156,['1979']
1987,N,-11.314264,12.289526,11.500041,7,"['1974', '1988', '1991']"
1988,CA,-10.134476,12.849403,12.139618,8,"['1987', '1989', '1992', '1993']"
1989,C,-9.242645,11.745768,12.703304,9,"['1988', '1990', '2009']"
1990,O,-8.864584,11.736309,13.875322,11,['1989']
1991,HN,-11.266253,12.348071,10.474783,10,['1987']
1992,H,-9.501479,13.302651,11.340023,12,['1988']
1993,C,-10.467589,13.956473,13.182135,182,"['1988', '1994', '1998', '1999']"
1994,C,-11.207443,15.180687,12.590741,184,"['1993', '1995', '2000', '2001']"
1995,C,-10.349528,15.998214,11.597337,186,"['1994', '1996', '2002', '2003']"
1996,C,-11.148621,17.120359,10.90329,188,"['1995', '1997', '2004', '2005']"
1997,N,-10.444229,17.632263,9.739249,190,"['1996', '2006', '2007', '2008']"
1998,H,-9.535129,14.291424,13.692618,183,['1993']
1999,H,-11.083931,13.512182,14.001059,183,['1993']
2000,H,-11.525476,15.845722,13.430385,185,['1994']
2001,H,-12.15004,14.841717,12.099655,185,['1994']
2002,H,-9.926289,15.322183,10.818213,187,['1995']
2003,H,-9.47066,16.434114,12.131447,187,['1995']
2004,H,-11.338156,17.956339,11.614956,189,['1996']
2005,H,-12.141381,16.747247,10.564941,189,['1996']
2006,HN,-10.904193,18.4588,9.362064,191,['1997']
2007,HN,-10.399316,16.943156,8.995279,191,['1997']
2008,HN,-9.486458,17.891172,9.979892,191,['1997']
2009,N,-8.946698,10.73409,11.85538,7,"['1989', '2010', '2013']"
2010,CA,-8.130136,9.599284,12.24486,8,"['2009', '2011', '2014', '2015']"
2011,C,-6.651674,9.955322,12.027764,9,"['2010', '2012', '2028']"
2012,O,-6.24724,10.310945,10.916979,11,['2011']
2013,HN,-9.227102,10.780229,10.863918,10,['2009']
2014,H,-8.289956,9.394874,13.333662,12,['2010']
2015,C,-8.518744,8.331678,11.429451,19,"['2010', '2016', '2019', '2020']"
2016,C,-10.012541,7.909482,11.567337,21,"['2015', '2017', '2018', '2021']"
2017,C,-10.270405,6.625622,10.743436,23,"['2016', '2022', '2023', '2024']"
2018,C,-10.401702,7.657406,13.046236,23,"['2016', '2025', '2026', '2027']"
2019,H,-7.853147,7.492656,11.746033,20,['2015']
2020,H,-8.277726,8.505995,10.354031,20,['2015']
2021,H,-10.657377,8.724254,11.158169,22,['2016']
2022,H,-11.352502,6.363384,10.746647,24,['2017']
2023,H,-9.716552,5.747472,11.146505,24,['2017']
2024,H,-9.98492,6.754834,9.675018,24,['2017']
2025,H,-11.418653,7.209517,13.136355,24,['2018']
2026,H,-10.431601,8.603021,13.633904,24,['2018']
2027,H,-9.692202,6.965279,13.552883,24,['2018']
2028,N,-5.838632,9.73945,13.090941,7,"['2011', '2029', '2032']"
2029,CA,-4.384081,9.746484,13.146991,8,"['2028', '2030', '2033', '2034']"
2030,C,-3.738946,10.951303,12.445336,9,"['2029', '2031', '2042']"
2031,O,-3.652064,12.037125,13.034915,11,['2030']
2032,HN,-6.26682,9.478384,13.992305,10,['2028']
2033,H,-4.110964,9.907458,14.219515,12,['2029']
2034,C,-3.864095,8.339644,12.748374,147,"['2029', '2035', '2038', '2039']"
2035,C,-4.41989,7.245864,13.666464,149,"['2034', '2036', '2037']"
2036,O,-4.312454,7.334771,14.88866,150,['2035']
2037,N,-5.098688,6.244474,13.066867,151,"['2035', '2040', '2041']"
2038,H,-2.754838,8.307879,12.830185,148,['2034']
2039,H,-4.100338,8.112034,11.683211,148,['2034']
2040,HN,-5.249544,6.233596,12.048477,152,['2037']
2041,HN,-5.510841,5.500641,13.644786,152,['2037']
2042,N,-3.278557,10.830046,11.172562,7,"['2030', '2043', '2046']"
2043,CA,-2.648748,11.912386,10.411914,8,"['2042', '2044', '2047', '2048']"
2044,C,-3.518259,13.181645,10.323912,9,"['2043', '2045', '2061']"
2045,O,-2.9864,14.2825,10.167893,11,['2044']
2046,HN,-3.48222,9.973478,10.639463,10,['2042']
2047,H,-1.736075,12.237813,10.969467,12,['2043']
2048,C,-2.199765,11.426116,8.975116,25,"['2043', '2049', '2050', '2052']"
2049,C,-0.970438,10.463317,9.093977,27,"['2048', '2051', '2053', '2054']"
2050,C,-1.839754,12.573976,7.990323,29,"['2048', '2055', '2056', '2057']"
2051,C,-0.655749,9.719148,7.783245,31,"['2049', '2058', '2059', '2060']"
2052,H,-3.067072,10.868718,8.536577,26,['2048']
2053,H,-1.174291,9.697134,9.878684,28,['2049']
2054,H,-0.065218,11.011157,9.446743,28,['2049']
2055,H,-1.557467,12.194481,6.985494,30,['2050']
2056,H,-1.004592,13.200972,8.373166,30,['2050']
2057,H,-2.709716,13.24497,7.817723,30,['2050']
2058,H,0.077485,8.902559,7.9578,32,['2051']
2059,H,-0.220963,10.387812,7.009013,32,['2051']
2060,H,-1.572229,9.255767,7.35657,32,['2051']
2061,N,-4.864233,13.047099,10.373091,7,"['2044', '2062', '2065']"
2062,CA,-5.816635,14.143189,10.233719,8,"['2061', '2063', '2066', '2067']"
2063,C,-6.360944,14.715945,11.557494,9,"['2062', '2064', '2085']"
2064,O,-7.191,15.637726,11.532756,11,['2063']
2065,HN,-5.289102,12.126185,10.552041,10,['2061']
2066,H,-5.298634,15.010331,9.757955,12,['2062']
2067,C,-7.000875,13.685564,9.325767,89,"['2062', '2068', '2077', '2078']"
2068,C,-6.525803,13.032375,8.027053,91,"['2067', '2069', '2070']"
2069,C,-6.650724,11.671229,7.726622,92,"['2068', '2071', '2079']"
2070,C,-5.82289,13.607818,6.98659,94,"['2068', '2072', '2073']"
2071,N,-6.061146,11.464447,6.506561,95,"['2069', '2072', '2080']"
2072,C,-5.547209,12.636483,6.047456,97,"['2070', '2071', '2074']"
2073,C,-5.381163,14.922323,6.812585,98,"['2070', '2075', '2081']"
2074,C,-4.852039,12.888847,4.871655,100,"['2072', '2076', '2082']"
2075,C,-4.660171,15.216508,5.633896,102,"['2073', '2076', '2083']"
2076,C,-4.402493,14.209918,4.669635,104,"['2074', '2075', '2084']"
2077,H,-7.654182,14.553547,9.082742,90,['2067']
2078,H,-7.643193,12.956394,9.874235,90,['2067']
2079,H,-7.102667,10.863579,8.323943,93,['2069']
2080,HN,-6.002179,10.555479,6.021664,96,['2071']
2081,H,-5.584078,15.71258,7.558996,99,['2073']
2082,H,-4.651083,12.095355,4.127126,101,['2074']
2083,H,-4.294226,16.24748,5.462718,103,['2075']
2084,H,-3.849479,14.459467,3.743548,105,['2076']
2085,N,-5.880716,14.187733,12.716076,7,"['2063', '2086', '2089']"
2086,CA,-6.304341,14.538564,14.067051,8,"['2085', '2087', '2090', '2091']"
2087,C,-5.417879,15.662666,14.614799,233,"['2086', '2088', '2096']"
2088,O,-4.306966,15.863338,14.065521,234,['2087']
2089,HN,-4.932984,13.795631,12.693149,10,['2085']
2090,H,-7.361176,14.894558,14.065136,12,['2086']
2091,C,-6.143451,13.319227,15.031287,33,"['2086', '2092', '2093', '2094']"
2092,OH,-4.765552,13.035996,15.250112,35,"['2091', '2095']"
2093,H,-6.662418,12.411878,14.64631,34,['2091']
2094,H,-6.603754,13.536407,16.022374,34,['2091']
2095,HO,-4.462132,12.524513,14.497115,36,['2092']
2096,O,-5.84002,16.333777,15.60542,234,['2087']
