atom_number,atom_name,x,y,z,atom_type,bonds,Multipole_Atoms,Dipole_Vector
1,N,7.992293,4.921782,-20.802347,231,"['2', '5', '6', '7']","2, 5, 6, 1","0.121025, -0.062708, -0.273563"
2,CA,7.053732,5.536176,-19.856455,8,"['1', '3', '8', '9']","1, 3, 7, 3","-0.396660, -0.368299, -0.111200"
3,C,7.580228,5.471266,-18.412866,9,"['2', '4', '25']","2, 4, 7","0.112127, 0.070019, 0.086616"
4,O,7.782912,4.396183,-17.842247,11,['3'],3,"0.016006, 0.079629, -0.148171"
5,H,7.778474,5.191731,-21.760346,232,['1'],1,"0.061414, 0.080322, -0.497358"
6,H,8.021957,3.905021,-20.798243,232,['1'],1,"0.043606, -0.240935, -0.160590"
7,H,8.930372,5.293738,-20.67315,232,['1'],1,"0.237726, 0.178179, -0.172500"
8,H,6.985091,6.603997,-20.165722,12,['2'],2,"-0.075288, 0.376114, -0.019429"
9,C,5.645895,4.862409,-19.920986,182,"['2', '10', '14', '15']","2, 4, 9, 7","-0.731849, -0.420993, -0.025435"
10,C,4.432391,5.833991,-19.91773,184,"['9', '11', '16', '17']","3, 5, 6, 8","0.031928, -0.062393, -0.245811"
11,C,4.044717,6.446517,-18.545857,186,"['10', '12', '18', '19']","4, 6, 9, 8","0.230485, 0.056965, -0.441724"
12,C,2.944067,5.674977,-17.777964,188,"['11', '13', '20', '21']","5, 8, 9, 7","-0.010612, 0.097537, 0.146599"
13,N,2.728835,6.166562,-16.413889,190,"['12', '22', '23', '24']","6, 6, 8, 9","-0.070121, -0.048837, 0.147054"
14,H,5.542468,4.0708,-19.142358,183,['9'],3,"0.090282, -0.158237, -0.012697"
15,H,5.603541,4.284351,-20.87602,183,['9'],3,"-0.188477, -0.133769, -0.199616"
16,H,3.551479,5.293814,-20.34424,185,['10'],4,"-0.082468, -0.038917, -0.101471"
17,H,4.632179,6.648503,-20.655524,185,['10'],4,"-0.028514, -0.002311, -0.087221"
18,H,3.674818,7.485556,-18.723429,187,['11'],5,"-0.011960, 0.068585, -0.069450"
19,H,4.952811,6.565495,-17.914016,187,['11'],5,"0.086125, 0.042837, 0.080894"
20,H,3.216636,4.601034,-17.719604,189,['12'],6,"-0.059490, -0.029609, 0.044876"
21,H,1.971863,5.70871,-18.325011,189,['12'],6,"-0.079503, -0.039589, 0.040960"
22,HN,2.092812,5.569387,-15.879649,191,['13'],8,"-0.093650, -0.106261, 0.135154"
23,HN,2.3375,7.103504,-16.403128,191,['13'],8,"0.010636, -0.035300, 0.020644"
24,HN,3.594593,6.206389,-15.883786,191,['13'],8,"0.005378, 0.022856, 0.023012"
25,N,7.774644,6.654809,-17.775742,7,"['3', '26', '29']","3, 6, 8","0.032561, 0.192003, -0.114602"
26,CA,8.228411,6.787492,-16.387016,8,"['25', '27', '30', '31']","7, 8, 9, 8","0.443106, 0.088832, -0.424939"
27,C,7.00502,6.919841,-15.453316,9,"['26', '28', '47']","6, 9, 12","0.406744, -0.104221, 0.229163"
28,O,5.923024,7.369543,-15.865593,11,['27'],8,"0.351483, -0.197685, 0.285927"
29,HN,7.534277,7.538929,-18.250955,10,['25'],7,"-0.030863, 0.193935, -0.114598"
30,H,8.767267,5.851398,-16.090139,12,['26'],6,"0.149754, -0.352513, 0.057367"
31,C,9.20364,8.008802,-16.250956,182,"['26', '32', '36', '37']","6, 9, 11, 7","0.251935, 0.168300, 0.057383"
32,C,10.414068,7.963282,-17.237244,184,"['31', '33', '38', '39']","8, 8, 6, 10","-0.059542, 0.075141, -0.120890"
33,C,11.729233,7.382979,-16.64573,186,"['32', '34', '40', '41']","9, 9, 11, 8","-0.314821, 0.287068, 0.041031"
34,C,12.701527,6.834017,-17.723701,188,"['33', '35', '42', '43']","8, 10, 9, 8","0.261503, -0.078785, 0.119613"
35,N,13.85617,6.124932,-17.177808,190,"['34', '44', '45', '46']","9, 9, 12, 13","0.110986, -0.129397, 0.119894"
36,H,9.552949,8.114978,-15.195481,183,['31'],8,"-0.021290, 0.032020, 0.053092"
37,H,8.62342,8.943469,-16.448188,183,['31'],8,"0.003449, 0.021257, 0.009719"
38,H,10.629313,8.993083,-17.617813,185,['32'],9,"0.041974, 0.087987, -0.072963"
39,H,10.132284,7.39218,-18.153028,185,['32'],9,"-0.023439, -0.001791, -0.065131"
40,H,11.479211,6.562967,-15.930801,187,['33'],8,"-0.010549, -0.003430, 0.015443"
41,H,12.245486,8.172373,-16.04326,187,['33'],8,"0.057872, 0.122511, 0.025330"
42,H,13.072974,7.650707,-18.38417,189,['34'],9,"0.137628, 0.012349, -0.082911"
43,H,12.155357,6.117403,-18.380566,189,['34'],9,"0.093997, -0.014979, -0.015553"
44,HN,14.239877,5.452635,-17.835375,191,['35'],10,"0.006976, 0.022151, 0.047630"
45,HN,13.591289,5.609093,-16.337892,191,['35'],10,"-0.042674, -0.178755, 0.336598"
46,HN,14.62704,6.730333,-16.913256,191,['35'],10,"0.014167, -0.066508, -0.001369"
47,N,7.186368,6.567645,-14.152377,7,"['27', '48', '51']","8, 7, 7","0.157446, -0.021131, 0.200972"
48,CA,6.25614,6.892112,-13.06834,8,"['47', '49', '52', '53']","12, 14, 3, 5","-0.097036, -0.591033, 0.127544"
49,C,6.824066,8.140907,-12.373395,9,"['48', '50', '66']","7, 15, 17","-0.261602, -0.080451, 0.146269"
50,O,8.022019,8.404671,-12.452105,11,['49'],14,"-0.097638, 0.021683, 0.030177"
51,HN,8.127962,6.32576,-13.81547,10,['47'],12,"0.132350, 0.055147, 0.122611"
52,H,5.252517,7.146465,-13.489383,12,['48'],7,"-0.286143, 0.081271, -0.127327"
53,C,6.113128,5.781124,-11.988692,19,"['48', '54', '57', '58']","7, 6, 16, 9","-0.078222, -0.261741, 0.316965"
54,C,5.794387,4.327965,-12.425078,21,"['53', '55', '56', '59']","5, 16, 9, 16","-0.025868, 0.022575, 0.125711"
55,C,5.339856,3.518855,-11.176028,23,"['54', '60', '61', '62']","6, 6, 8, 9","0.021935, -0.053556, 0.169529"
56,C,4.694435,4.295514,-13.506356,23,"['54', '63', '64', '65']","6, 17, 17, 18","-0.053172, -0.030576, 0.176373"
57,H,5.308693,6.116148,-11.286895,20,['53'],5,"-0.035230, -0.030036, 0.086990"
58,H,7.030144,5.760929,-11.350273,20,['53'],5,"0.037125, -0.023336, 0.155444"
59,H,6.715722,3.858761,-12.847605,22,['54'],6,"-0.017482, 0.037046, 0.078843"
60,H,5.10003,2.461804,-11.420148,24,['55'],16,"-0.000903, 0.002040, -0.016254"
61,H,4.433499,3.954319,-10.695356,24,['55'],16,"-0.033824, 0.050798, 0.008666"
62,H,6.135794,3.498803,-10.396295,24,['55'],16,"0.043633, 0.064963, 0.064415"
63,H,4.364298,3.248116,-13.68971,24,['56'],9,"-0.052886, -0.084590, 0.045420"
64,H,5.043452,4.698661,-14.480898,24,['56'],9,"0.008644, -0.045452, 0.129139"
65,H,3.798011,4.880683,-13.194273,24,['56'],9,"-0.079196, 0.026587, 0.115593"
66,N,5.957799,8.89341,-11.657517,7,"['49', '67', '70']","14, 18, 8","-0.140355, -0.137815, 0.075188"
67,CA,6.338701,10.038428,-10.83481,8,"['66', '68', '71', '72']","17, 17, 9, 17","0.049707, -0.085720, -0.380426"
68,C,5.383756,10.063475,-9.636686,9,"['67', '69', '84']","18, 18, 18","0.152892, 0.243684, 0.217394"
69,O,4.275246,9.540382,-9.733154,11,['68'],17,"-0.040294, 0.219615, 0.164097"
70,HN,4.992569,8.576648,-11.477509,10,['66'],17,"-0.275051, -0.006759, 0.237728"
71,H,7.374018,9.888124,-10.44239,12,['67'],18,"0.298352, -0.098378, 0.125999"
72,C,6.233743,11.37252,-11.62228,106,"['67', '73', '78', '79']","18, 17, 19, 20","0.093222, 0.260405, -0.239556"
73,C,7.157351,11.559743,-12.796502,108,"['72', '74', '75']","17, 18, 17","0.234462, -0.087938, 0.025150"
74,N,8.534297,11.502067,-12.741425,109,"['73', '76', '80']","17, 18, 8","0.156713, -0.158204, 0.051014"
75,C,6.840621,11.834874,-14.108846,111,"['73', '77', '81']","17, 17, 9","0.220127, -0.060706, -0.072983"
76,C,9.060432,11.727439,-13.967424,113,"['74', '77', '82']","18, 17, 17","0.050890, 0.019108, -0.017579"
77,N,8.015849,11.922854,-14.799636,115,"['75', '76', '83']","17, 18, 17","0.124776, -0.002455, -0.228940"
78,H,6.403738,12.230029,-10.929712,107,['72'],17,"-0.046503, 0.001564, -0.033466"
79,H,5.179645,11.520533,-11.961553,107,['72'],17,"-0.008106, 0.071195, 0.020015"
80,HN,9.114679,11.312979,-11.903267,110,['74'],18,"0.215569, -0.040569, 0.107579"
81,H,5.870487,11.962283,-14.572063,112,['75'],17,"0.096501, -0.020167, 0.039466"
82,H,10.102088,11.768435,-14.236138,114,['76'],18,"-0.006427, 0.077445, 0.023748"
83,HN,8.077489,12.086906,-15.818031,116,['77'],17,"-0.185851, -0.037258, -0.395072"
84,N,5.863922,10.630717,-8.505878,7,"['68', '85', '88']","17, 17, 21","0.069328, 0.120308, 0.115116"
85,CA,5.080925,10.854207,-7.296856,8,"['84', '86', '89', '90']","18, 18, 8, 9","0.178841, -0.312949, 0.116477"
86,C,4.434389,12.237526,-7.464239,9,"['85', '87', '106']","17, 17, 8","-0.368846, -0.045008, 0.201058"
87,O,5.063411,13.119224,-8.054953,11,['86'],18,"-0.133603, -0.065253, 0.091614"
88,HN,6.718223,11.200186,-8.550113,10,['84'],18,"0.023093, 0.151396, 0.034759"
89,H,4.276128,10.081867,-7.212963,12,['85'],17,"-0.401201, -0.241364, 0.049518"
90,C,5.996381,10.863854,-6.028878,182,"['85', '91', '95', '96']","17, 22, 24, 25","-0.030927, -0.010924, 0.208075"
91,C,6.89133,9.612818,-5.80751,184,"['90', '92', '97', '98']","9, 22, 22, 22","-0.168933, 0.027445, -0.019938"
92,C,7.6813,9.707894,-4.475718,186,"['91', '93', '99', '100']","22, 23, 23, 22","-0.513132, 0.284484, 0.259382"
93,C,8.739215,8.616104,-4.213593,188,"['92', '94', '101', '102']","22, 22, 23, 22","0.045367, 0.100410, -0.183346"
94,N,9.882044,8.660899,-5.115154,190,"['93', '103', '104', '105']","23, 23, 22, 23","0.137348, 0.014642, -0.065955"
95,H,5.339205,10.996869,-5.138493,183,['90'],9,"-0.024753, 0.021465, 0.027677"
96,H,6.630167,11.78322,-6.047315,183,['90'],9,"-0.074077, 0.064493, 0.032644"
97,H,7.573112,9.477175,-6.678769,185,['91'],22,"-0.103593, -0.003017, -0.019034"
98,H,6.243177,8.70307,-5.781206,185,['91'],22,"-0.019758, -0.029111, 0.023209"
99,H,6.943048,9.668966,-3.636157,187,['92'],22,"-0.078101, 0.110173, 0.179221"
100,H,8.15854,10.712054,-4.37017,187,['92'],22,"-0.087547, 0.125454, 0.161232"
101,H,8.277981,7.609931,-4.289867,189,['93'],23,"0.029832, -0.049091, 0.014064"
102,H,9.113425,8.70487,-3.167258,189,['93'],23,"0.045872, -0.047282, -0.041076"
103,HN,10.629479,8.032213,-4.830502,191,['94'],22,"0.086693, -0.009613, 0.003117"
104,HN,10.316484,9.573454,-5.196835,191,['94'],22,"0.085250, -0.031860, -0.105744"
105,HN,9.630302,8.40329,-6.06309,191,['94'],22,"0.040928, 0.029245, -0.003967"
106,N,3.216082,12.45449,-6.917444,7,"['86', '107', '110']","18, 9, 25","-0.220335, -0.236094, 0.139774"
107,CA,2.540248,13.745451,-6.920425,8,"['106', '108', '111', '112']","8, 26, 26, 27","0.035637, -0.310363, -0.630672"
108,C,2.026258,14.065616,-5.505583,9,"['107', '109', '121']","9, 24, 25","0.027705, 0.082616, -0.270122"
109,O,1.806468,13.155625,-4.707733,11,['108'],26,"-0.039269, 0.159224, -0.120827"
110,HN,2.728391,11.720032,-6.383072,10,['106'],8,"-0.259778, -0.329052, 0.218435"
111,H,3.301223,14.51472,-7.185308,12,['107'],9,"0.232074, 0.167808, -0.107525"
112,C,1.418757,13.811115,-7.99221,153,"['107', '113', '117', '118']","9, 28, 8, 9","-0.476130, -0.239706, -0.201933"
113,C,0.238841,12.820919,-7.913094,155,"['112', '114', '119', '120']","27, 27, 26, 24","0.504877, 0.052851, 0.489075"
114,C,-0.823229,13.133584,-8.952107,157,"['113', '115', '116']","28, 24, 25","0.348312, -0.324481, 0.484290"
115,O,-0.77006,12.570317,-10.076169,158,['114'],27,"0.353069, -0.088731, 0.448249"
116,O,-1.629799,14.090163,-8.746388,158,['114'],27,"0.356785, -0.769897, 0.611799"
117,H,1.884415,13.714762,-9.001724,154,['112'],27,"0.051206, 0.036719, 0.001597"
118,H,0.983966,14.835379,-7.962234,154,['112'],27,"-0.012214, -0.017109, 0.017178"
119,H,-0.218081,12.846673,-6.896108,156,['113'],28,"-0.119821, -0.187667, 0.322227"
120,H,0.570901,11.769793,-8.042442,156,['113'],28,"-0.006507, -0.128431, 0.184033"
121,N,1.910958,15.38077,-5.134446,50,"['108', '122', '128']","26, 26, 9","0.035737, -0.018256, -0.126749"
122,CA,1.472823,15.760176,-3.78968,51,"['121', '123', '125', '126']","25, 27, 27, 29","0.257883, 0.179765, 0.045092"
123,C,0.035819,15.312551,-3.506877,52,"['122', '124', '135']","26, 28, 24","0.119479, -0.071178, 0.159699"
124,O,-0.896726,15.723024,-4.198288,53,['123'],27,"0.213333, -0.094487, 0.066136"
125,H,2.171797,15.322505,-3.031522,54,['122'],26,"0.247294, -0.174578, 0.186883"
126,C,1.573677,17.306923,-3.791178,55,"['122', '127', '129', '130']","26, 8, 26, 29","0.122453, 0.542220, 0.109572"
127,C,2.7537,17.554609,-4.728958,57,"['126', '128', '131', '132']","29, 9, 26, 27","0.040138, 0.268680, 0.108281"
128,C,2.503008,16.520266,-5.828582,59,"['121', '127', '133', '134']","25, 8, 28, 27","0.120119, 0.237353, 0.070970"
129,H,1.724683,17.738437,-2.778266,56,['126'],29,"-0.029505, -0.027616, -0.059966"
130,H,0.638307,17.753845,-4.204155,56,['126'],29,"-0.150403, -0.085128, -0.029879"
131,H,3.721883,17.354778,-4.209914,58,['127'],8,"0.165676, -0.058604, 0.017661"
132,H,2.795191,18.598516,-5.109631,58,['127'],8,"0.040986, 0.031353, -0.010636"
133,H,3.468173,16.285306,-6.328243,60,['128'],9,"0.003496, -0.040469, 0.019114"
134,H,1.800695,16.903119,-6.604919,60,['128'],9,"-0.061986, -0.042037, -0.039887"
135,N,-0.140602,14.499572,-2.439973,7,"['123', '136', '139']","27, 25, 30","0.299408, -0.029283, -0.047037"
136,CA,-1.421674,13.999675,-1.969588,8,"['135', '137', '140', '141']","24, 8, 31, 8","0.388868, -0.501558, -0.533017"
137,C,-1.793726,14.656016,-0.633669,9,"['136', '138', '145']","25, 9, 34","-0.072014, -0.094021, -0.309013"
138,O,-0.948506,15.054622,0.172658,11,['137'],8,"-0.088704, -0.145639, -0.210275"
139,HN,0.648813,14.294634,-1.811391,10,['135'],24,"0.200275, -0.044879, 0.229248"
140,H,-2.21028,14.264109,-2.718601,12,['136'],25,"-0.169723, 0.125305, -0.298370"
141,C,-1.363998,12.460234,-1.823664,13,"['136', '142', '143', '144']","25, 9, 32, 33","0.035616, -0.286005, -0.198779"
142,H,-2.289818,12.050643,-1.365345,14,['141'],8,"0.069338, 0.014641, -0.025075"
143,H,-0.510992,12.140808,-1.190393,14,['141'],8,"-0.014573, 0.035402, -0.014862"
144,H,-1.247492,11.975188,-2.822892,14,['141'],8,"0.034869, -0.011034, -0.221987"
145,N,-3.12399,14.746462,-0.402302,7,"['137', '146', '149']","8, 35, 3","0.037022, 0.102694, -0.235776"
146,CA,-3.761901,15.273467,0.792556,8,"['145', '147', '150', '151']","34, 8, 5, 1","0.369024, 0.278595, -0.403408"
147,C,-4.524733,14.119011,1.460851,9,"['146', '148', '159']","35, 9, 8","0.245552, 0.304424, 0.218811"
148,O,-5.415795,13.518568,0.849032,11,['147'],8,"0.409842, 0.096373, 0.290474"
149,HN,-3.785558,14.384932,-1.101476,10,['145'],34,"-0.072622, -0.036871, -0.070152"
150,H,-2.994615,15.679928,1.494233,12,['146'],35,"0.254908, 0.174654, 0.189000"
151,C,-4.726587,16.430641,0.387093,37,"['146', '152', '153', '154']","35, 4, 8, 9","-0.343050, 0.492969, 0.245923"
152,OH,-3.931895,17.450203,-0.209667,39,"['151', '155']","1, 8","0.015350, 0.005251, -0.054045"
153,C,-5.428011,17.057327,1.604517,41,"['151', '156', '157', '158']","1, 9, 30, 31","-0.068339, 0.087190, 0.220909"
154,H,-5.459836,16.061676,-0.371246,38,['151'],1,"0.030225, -0.014145, -0.061112"
155,HO,-4.488176,18.107485,-0.614741,40,['152'],4,"0.004499, 0.102315, -0.043800"
156,H,-6.091734,17.89406,1.297208,42,['153'],8,"0.028665, -0.047980, 0.027800"
157,H,-4.697497,17.465439,2.337975,42,['153'],8,"0.022030, 0.031746, -0.000091"
158,H,-6.066911,16.325075,2.149374,42,['153'],8,"-0.030706, 0.017349, 0.071861"
159,N,-4.171619,13.780202,2.725233,7,"['147', '160', '163']","8, 9, 32","0.186476, 0.042760, 0.154194"
160,CA,-4.792837,12.709149,3.50805,8,"['159', '161', '164', '165']","8, 8, 33, 34","0.645510, -0.038247, 0.019679"
161,C,-6.03166,13.244872,4.239667,9,"['160', '162', '178']","9, 9, 9","-0.003046, -0.088208, -0.053531"
162,O,-5.928448,14.180174,5.020821,11,['161'],8,"-0.012342, 0.061665, 0.001671"
163,HN,-3.470727,14.342944,3.226883,10,['159'],8,"0.101029, 0.089822, 0.102086"
164,H,-5.08738,11.883244,2.817,12,['160'],9,"-0.078466, -0.227877, -0.209186"
165,C,-3.782116,12.177022,4.56922,19,"['160', '166', '169', '170']","9, 35, 8, 9","0.148725, -0.129973, 0.212605"
166,C,-4.315657,11.00693,5.45354,21,"['165', '167', '168', '171']","34, 8, 9, 3","0.019286, 0.038548, 0.042741"
167,C,-4.416386,9.696364,4.633663,23,"['166', '172', '173', '174']","35, 5, 1, 4","0.010692, 0.035257, 0.019453"
168,C,-3.368687,10.805412,6.659856,23,"['166', '175', '176', '177']","35, 8, 9, 8","0.061583, 0.019356, 0.034128"
169,H,-3.5129,13.035503,5.234691,20,['165'],34,"-0.045770, 0.068512, 0.081936"
170,H,-2.830684,11.879758,4.072331,20,['165'],34,"-0.005156, 0.024241, 0.000148"
171,H,-5.326174,11.254002,5.861133,22,['166'],35,"-0.011411, 0.027115, 0.007108"
172,H,-4.693875,8.831687,5.277352,24,['167'],8,"0.009460, 0.015905, -0.000405"
173,H,-3.456738,9.435171,4.133053,24,['167'],8,"-0.005839, 0.015447, 0.006291"
174,H,-5.197536,9.763254,3.8437,24,['167'],8,"-0.034881, -0.007818, 0.003538"
175,H,-3.734836,10.00619,7.342143,24,['168'],9,"0.012865, 0.016229, -0.004381"
176,H,-3.294143,11.731475,7.27466,24,['168'],9,"0.020054, 0.043915, -0.004653"
177,H,-2.332906,10.541757,6.351135,24,['168'],9,"0.046516, 0.028629, 0.015705"
178,N,-7.189374,12.557832,4.065216,7,"['161', '179', '182']","8, 12, 8","0.054071, -0.002058, -0.228518"
179,CA,-8.419716,12.748033,4.830205,8,"['178', '180', '183', '184']","9, 8, 9, 36","0.128872, 0.484645, -0.409005"
180,C,-8.442405,11.871046,6.101045,9,"['179', '181', '197']","12, 9, 9","0.029468, 0.064037, -0.326520"
181,O,-8.845028,12.329127,7.175409,11,['180'],8,"0.208574, -0.057719, -0.182946"
182,HN,-7.203457,11.781211,3.393052,10,['178'],9,"-0.012003, -0.257281, -0.167081"
183,H,-8.440891,13.80213,5.204809,12,['179'],12,"0.028026, 0.376946, 0.190726"
184,C,-9.707716,12.511135,3.94777,25,"['179', '185', '186', '188']","12, 9, 8, 8","-0.091395, 0.328148, -0.244113"
185,C,-9.831485,13.622722,2.856644,27,"['184', '187', '189', '190']","36, 9, 9, 37","0.082355, 0.023202, 0.016747"
186,C,-10.990362,12.480255,4.821458,29,"['184', '191', '192', '193']","36, 38, 8, 9","0.002982, -0.022271, -0.038280"
187,C,-10.975099,13.388091,1.851324,31,"['185', '194', '195', '196']","9, 36, 9, 8","0.056737, 0.069294, 0.001890"
188,H,-9.59987,11.52379,3.43862,26,['184'],36,"0.034992, 0.004220, 0.035253"
189,H,-8.876024,13.688857,2.28655,28,['185'],9,"0.036170, 0.030681, -0.008931"
190,H,-9.954708,14.62663,3.328748,28,['185'],9,"0.025332, 0.123094, -0.002707"
191,H,-11.92019,12.349918,4.22743,30,['186'],8,"-0.047590, -0.037287, 0.005732"
192,H,-11.087142,13.410629,5.420101,30,['186'],8,"0.064001, -0.028198, 0.016402"
193,H,-10.972986,11.633749,5.541827,30,['186'],8,"0.016718, 0.020348, -0.011111"
194,H,-10.93246,14.12694,1.019779,32,['187'],9,"0.010096, 0.039140, -0.019038"
195,H,-11.977874,13.500331,2.318515,32,['187'],9,"0.023513, 0.029657, -0.001727"
196,H,-10.919259,12.376409,1.392936,32,['187'],9,"0.041553, 0.037977, -0.014089"
197,N,-8.087615,10.566024,5.970714,7,"['180', '198', '201']","8, 8, 38","0.039146, 0.064569, -0.254193"
198,CA,-7.977121,9.586267,7.052616,8,"['197', '199', '202', '203']","9, 9, 8, 9","-0.361654, 0.624128, 0.055677"
199,C,-7.38454,8.286257,6.494475,9,"['198', '200', '219']","8, 37, 37","0.029766, 0.016807, 0.484382"
200,O,-7.538504,7.980498,5.307126,11,['199'],9,"0.121248, 0.056808, 0.505437"
201,HN,-7.868235,10.185176,5.036703,10,['197'],9,"0.054633, -0.148700, -0.273232"
202,H,-7.248184,9.990586,7.800719,12,['198'],8,"0.225902, 0.153011, 0.223125"
203,C,-9.336778,9.26665,7.771801,182,"['198', '204', '208', '209']","8, 8, 1, 4","-0.093573, 0.049624, 0.203675"
204,C,-10.467726,8.642996,6.905513,184,"['203', '205', '210', '211']","9, 9, 39, 1","0.229195, 0.000263, -0.027619"
205,C,-11.765042,8.324752,7.698868,186,"['204', '206', '212', '213']","8, 8, 4, 8","0.290785, 0.188106, -0.206084"
206,C,-11.657197,7.122525,8.669211,188,"['205', '207', '214', '215']","9, 9, 9, 36","-0.318248, -0.195939, 0.218103"
207,N,-12.900511,6.83242,9.375897,190,"['206', '216', '217', '218']","8, 9, 8, 9","-0.188744, -0.237723, 0.161144"
208,H,-9.704662,10.197269,8.266615,183,['203'],9,"0.055127, 0.089791, -0.038323"
209,H,-9.106405,8.557178,8.604443,183,['203'],9,"0.012971, -0.070010, -0.022836"
210,H,-10.094228,7.70576,6.427174,185,['204'],8,"0.070994, -0.058989, 0.013555"
211,H,-10.703306,9.339175,6.068582,185,['204'],8,"0.063778, 0.011222, 0.005770"
212,H,-12.583963,8.115585,6.969838,187,['205'],9,"0.013735, -0.021358, 0.024018"
213,H,-12.089079,9.234759,8.259635,187,['205'],9,"0.020730, 0.059304, 0.036495"
214,H,-10.87342,7.318869,9.435778,189,['206'],8,"-0.047405, -0.114439, 0.041995"
215,H,-11.325555,6.195986,8.146645,189,['206'],8,"0.044005, -0.056989, 0.088067"
216,HN,-12.667594,6.415466,10.279122,191,['207'],9,"0.143581, -0.065219, 0.276072"
217,HN,-13.48869,6.188808,8.841599,191,['207'],9,"-0.224269, -0.129033, -0.171132"
218,HN,-13.4708,7.647967,9.575401,191,['207'],9,"0.014584, -0.130313, 0.007394"
219,N,-6.784163,7.446197,7.369854,7,"['199', '220', '223']","9, 38, 3","0.005322, -0.031076, 0.233506"
220,CA,-6.552172,6.039392,7.047557,8,"['219', '221', '224', '225']","37, 40, 5, 1","0.608448, 0.151049, 0.201916"
221,C,-7.895782,5.323851,7.229813,9,"['220', '222', '229']","38, 6, 40","0.156463, -0.213862, -0.101382"
222,O,-8.745513,5.784437,7.994938,11,['221'],40,"0.176416, -0.107494, -0.032405"
223,HN,-6.666583,7.713455,8.357904,10,['219'],37,"0.001686, 0.016273, 0.171925"
224,H,-6.237684,5.951264,5.978796,12,['220'],38,"0.068414, 0.002496, -0.306742"
225,C,-5.474995,5.408235,7.952311,13,"['220', '226', '227', '228']","38, 4, 1, 4","0.249681, -0.189606, 0.113583"
226,H,-5.303161,4.33817,7.689669,14,['225'],1,"-0.006645, -0.074111, 0.002086"
227,H,-5.767407,5.437846,9.026077,14,['225'],1,"-0.044948, -0.034431, 0.033612"
228,H,-4.501227,5.935109,7.840492,14,['225'],1,"-0.009956, 0.034038, -0.040640"
229,N,-8.12698,4.235776,6.45612,7,"['221', '230', '233']","40, 6, 30","0.097284, -0.046062, -0.150729"
230,CA,-9.342234,3.433712,6.54372,8,"['229', '231', '234', '235']","40, 41, 31, 32","-0.120363, 0.449250, -0.145505"
231,C,-9.024652,2.108144,7.24321,9,"['230', '232', '248']","6, 42, 44","0.164391, 0.012413, -0.397956"
232,O,-9.52559,1.847181,8.346757,11,['231'],41,"0.378299, -0.217675, -0.382063"
233,HN,-7.412147,3.884805,5.798707,10,['229'],40,"0.141800, -0.164171, -0.191825"
234,H,-10.073302,3.943023,7.217442,12,['230'],6,"-0.208514, 0.122665, 0.276850"
235,C,-10.043548,3.251231,5.156308,25,"['230', '236', '237', '239']","6, 33, 34, 41","-0.073253, 0.053617, -0.223573"
236,C,-10.453491,4.635302,4.553723,27,"['235', '238', '240', '241']","32, 35, 42, 7","0.195083, -0.219594, 0.092192"
237,C,-11.289654,2.336401,5.291667,29,"['235', '242', '243', '244']","32, 3, 5, 6","0.054346, -0.133888, 0.034596"
238,C,-10.815947,4.545842,3.063239,31,"['236', '245', '246', '247']","33, 16, 6, 43","0.064070, -0.072169, 0.071359"
239,H,-9.310329,2.76357,4.468591,26,['235'],32,"0.102318, -0.185488, -0.094290"
240,H,-9.607447,5.35414,4.654172,28,['236'],33,"0.029261, -0.004111, 0.027120"
241,H,-11.292632,5.076237,5.137847,28,['236'],33,"0.054460, -0.070070, 0.009398"
242,H,-11.828757,2.193393,4.331494,30,['237'],34,"0.021888, -0.015378, 0.040656"
243,H,-12.014216,2.725447,6.04015,30,['237'],34,"0.020231, -0.049410, 0.006930"
244,H,-10.999802,1.315364,5.630866,30,['237'],34,"0.002165, -0.081940, 0.023751"
245,H,-10.9701,5.550705,2.616363,32,['238'],35,"0.044462, -0.063390, 0.024391"
246,H,-11.741663,3.954756,2.891237,32,['238'],35,"0.019395, -0.019533, 0.020779"
247,H,-9.994262,4.054697,2.496668,32,['238'],35,"0.044832, -0.041875, 0.037496"
248,N,-8.193331,1.261368,6.594844,7,"['231', '249', '252']","41, 45, 46","0.196740, 0.006083, -0.281834"
249,CA,-7.648948,0.02934,7.157385,8,"['248', '250', '253', '254']","44, 43, 47, 48","-0.678761, -0.102564, -0.064637"
250,C,-6.160862,-0.028158,6.784976,9,"['249', '251', '260']","45, 46, 53","-0.231767, -0.137218, 0.016515"
251,O,-5.54049,0.986853,6.462964,11,['250'],43,"-0.091152, -0.071058, 0.039870"
252,HN,-7.841085,1.481889,5.649176,10,['248'],44,"0.150231, 0.044800, -0.293990"
253,H,-7.669265,0.100772,8.27102,12,['249'],45,"0.006471, 0.025478, 0.372609"
254,C,-8.479867,-1.206157,6.698986,137,"['249', '255', '258', '259']","45, 49, 51, 52","-0.291994, -0.019929, 0.447155"
255,C,-8.272811,-1.715506,5.282744,139,"['254', '256', '257']","48, 50, 50","-0.098156, 0.046973, 0.329501"
256,O,-7.58259,-1.026265,4.490866,140,['255'],49,"-0.715552, -0.179778, 0.325664"
257,O,-8.752799,-2.833666,4.957174,140,['255'],49,"-0.209156, 0.202769, 0.470526"
258,H,-9.566281,-0.997276,6.834717,138,['254'],48,"-0.108743, 0.075887, 0.075674"
259,H,-8.270508,-2.052593,7.394576,138,['254'],48,"-0.025480, -0.025119, 0.140437"
260,N,-5.573572,-1.246004,6.837206,1,"['250', '261', '264']","43, 54, 47","-0.177558, -0.092439, 0.118879"
261,CA,-4.223705,-1.486197,6.413273,2,"['260', '262', '265', '266']","53, 54, 48, 56","-0.157759, 0.143336, 0.534052"
262,C,-3.870369,-1.244855,4.946558,3,"['261', '263', '267']","54, 55, 45","-0.436157, -0.112221, 0.183487"
263,O,-2.715682,-0.895334,4.666398,5,['262'],54,"-0.344086, -0.175523, -0.188581"
264,HN,-6.020155,-2.017951,7.349782,4,['260'],53,"-0.118815, -0.059846, 0.116767"
265,H,-3.538124,-0.856342,7.021877,6,['261'],54,"0.167682, 0.111856, 0.072597"
266,H,-3.94204,-2.533103,6.657087,6,['261'],54,"0.090698, -0.117451, 0.005584"
267,N,-4.800735,-1.412709,3.968035,7,"['262', '268', '271']","54, 50, 51","-0.349817, -0.162289, 0.103250"
268,CA,-4.516691,-1.197138,2.549481,8,"['267', '269', '272', '273']","45, 57, 53, 59","0.431401, -0.568172, 0.210386"
269,C,-5.46988,-0.271025,1.782789,9,"['268', '270', '279']","50, 58, 43","-0.143921, -0.175117, 0.459994"
270,O,-5.27848,-0.067411,0.571287,11,['269'],57,"-0.207342, -0.088052, 0.613479"
271,HN,-5.789102,-1.606147,4.199372,10,['267'],45,"-0.509544, 0.011551, 0.138286"
272,H,-3.567817,-0.608737,2.494598,12,['268'],50,"0.326084, 0.223559, 0.056430"
273,C,-4.237313,-2.534205,1.801259,137,"['268', '274', '277', '278']","50, 56, 54, 47","0.393688, 0.277068, -0.017101"
274,C,-5.356277,-3.539598,1.689184,139,"['273', '275', '276']","59, 43, 44","0.120475, 0.623501, 0.095442"
275,O,-6.515291,-3.18761,1.342599,140,['274'],56,"-0.263669, 0.288725, 0.091230"
276,O,-5.094871,-4.75666,1.887431,140,['274'],56,"0.417430, 1.184970, -0.482513"
277,H,-3.354346,-3.02041,2.279835,138,['273'],59,"0.102632, 0.097258, 0.091495"
278,H,-3.912873,-2.293185,0.763671,138,['273'],59,"0.044909, 0.096311, -0.086428"
279,N,-6.420379,0.425055,2.44744,7,"['269', '280', '283']","57, 60, 50","-0.162445, -0.222659, 0.469002"
280,CA,-7.179075,1.533583,1.902208,8,"['279', '281', '284', '285']","43, 60, 61, 58","0.324605, -0.648186, -0.192244"
281,C,-6.977715,2.773046,2.797322,9,"['280', '282', '293']","60, 49, 54","-0.055698, -0.053445, -0.374432"
282,O,-7.020162,2.718002,4.033966,11,['281'],60,"0.152767, -0.092743, -0.381879"
283,HN,-6.739855,0.129996,3.380007,10,['279'],43,"-0.277950, -0.295298, 0.477228"
284,H,-6.758167,1.77294,0.896625,12,['280'],60,"0.132792, 0.103894, -0.437016"
285,C,-8.694868,1.217519,1.70371,37,"['280', '286', '287', '288']","60, 51, 53, 62","-0.172166, -0.421321, -0.287052"
286,OH,-9.310242,1.02366,2.971662,39,"['285', '289']","58, 48","0.072121, -0.077271, -0.007157"
287,C,-8.935877,-0.045556,0.845629,41,"['285', '290', '291', '292']","58, 56, 48, 63","0.142657, -0.250025, 0.041544"
288,H,-9.168357,2.102054,1.215601,38,['285'],58,"0.083251, -0.019168, 0.048868"
289,HO,-10.153798,0.611171,2.845115,40,['286'],51,"0.018315, -0.037333, 0.024526"
290,H,-10.019553,-0.221117,0.667272,42,['287'],53,"0.091822, -0.002932, 0.047307"
291,H,-8.529332,-0.959164,1.341254,42,['287'],53,"0.101796, -0.104098, 0.143152"
292,H,-8.443047,0.048044,-0.145404,42,['287'],53,"0.000350, 0.005986, 0.100526"
293,N,-6.830798,3.94987,2.140356,7,"['281', '294', '297']","60, 56, 51","0.060669, -0.120281, -0.303116"
294,CA,-6.777829,5.282594,2.725135,8,"['293', '295', '298', '299']","54, 64, 58, 61","0.438955, -0.545419, 0.152267"
295,C,-7.794139,6.167489,1.985833,9,"['294', '296', '309']","56, 58, 58","0.223314, 0.119330, 0.457197"
296,O,-8.168997,5.914414,0.835552,11,['295'],64,"0.113743, 0.181035, 0.480917"
297,HN,-6.87741,3.956408,1.110815,10,['293'],54,"-0.056200, -0.031048, -0.410772"
298,H,-7.106918,5.228792,3.793006,12,['294'],56,"-0.080706, -0.041849, 0.321055"
299,C,-5.341937,5.921309,2.69046,15,"['294', '300', '301', '302']","56, 56, 48, 56","0.240768, 0.034579, 0.051892"
300,C,-4.328224,5.078051,3.50508,17,"['299', '303', '304', '305']","61, 54, 63, 48","-0.014574, -0.069525, -0.003820"
301,C,-4.805282,6.1099,1.247755,17,"['299', '306', '307', '308']","61, 61, 52, 58","-0.003649, -0.024209, 0.007159"
302,H,-5.415986,6.928195,3.17733,16,['299'],61,"0.009564, 0.007998, 0.002237"
303,H,-3.346771,5.596361,3.596624,18,['300'],56,"0.005026, -0.013128, 0.013976"
304,H,-4.132335,4.084681,3.042697,18,['300'],56,"-0.012984, -0.038335, -0.001235"
305,H,-4.684062,4.88785,4.541931,18,['300'],56,"0.028241, -0.048620, -0.010833"
306,H,-3.802528,6.593676,1.240047,18,['301'],48,"-0.004522, 0.007282, -0.006032"
307,H,-5.474746,6.767566,0.651012,18,['301'],48,"0.012123, 0.001789, 0.003494"
308,H,-4.713805,5.145672,0.698683,18,['301'],48,"-0.003232, -0.026198, -0.001421"
309,N,-8.255894,7.255324,2.639061,7,"['295', '310', '313']","64, 51, 67","0.119288, -0.009776, 0.337966"
310,CA,-9.10233,8.280431,2.054886,8,"['309', '311', '314', '315']","58, 65, 68, 67","-0.178745, -0.504266, 0.296207"
311,C,-8.21214,9.501716,1.799266,9,"['310', '312', '331']","51, 66, 76","-0.195093, -0.060272, -0.421399"
312,O,-7.608447,10.026243,2.743048,11,['311'],65,"-0.106196, -0.319517, -0.331150"
313,HN,-7.89491,7.48562,3.573248,10,['309'],58,"0.146192, 0.156632, 0.433982"
314,H,-9.498953,7.905879,1.080026,12,['310'],51,"-0.060679, -0.126907, -0.373012"
315,C,-10.281519,8.640387,3.018852,182,"['310', '316', '320', '321']","51, 68, 69, 70","-0.033033, 0.031409, 0.127573"
316,C,-11.533751,9.174314,2.277357,184,"['315', '317', '322', '323']","67, 67, 71, 70","0.182715, 0.147973, 0.086465"
317,C,-12.417208,8.008669,1.769543,186,"['316', '318', '324', '325']","68, 68, 72, 73","0.397360, 0.197264, 0.315322"
318,C,-13.455057,8.419745,0.706408,188,"['317', '319', '326', '327']","67, 67, 74, 70","-0.107294, -0.460474, -0.112944"
319,N,-14.128148,7.259208,0.151112,190,"['318', '328', '329', '330']","68, 75, 76, 76","-0.040620, -0.361742, 0.014164"
320,H,-9.923976,9.404999,3.746896,183,['315'],67,"0.072939, 0.013810, 0.021797"
321,H,-10.553728,7.765718,3.65472,183,['315'],67,"0.084522, -0.005683, 0.004538"
322,H,-11.209789,9.835024,1.437831,185,['316'],68,"0.030583, 0.046856, -0.028656"
323,H,-12.128542,9.829379,2.959602,185,['316'],68,"-0.021856, 0.076956, 0.060201"
324,H,-12.932817,7.532214,2.637472,187,['317'],67,"-0.007810, 0.002373, 0.015576"
325,H,-11.761265,7.218577,1.332366,187,['317'],67,"0.072158, -0.041892, 0.016578"
326,H,-12.960278,8.967467,-0.125535,189,['318'],68,"-0.040905, -0.021781, -0.020865"
327,H,-14.217234,9.10361,1.135553,189,['318'],68,"0.021198, -0.097423, -0.054914"
328,HN,-14.754428,7.476396,-0.614125,191,['319'],67,"0.098264, -0.059195, 0.145400"
329,HN,-14.655833,6.72522,0.84297,191,['319'],67,"-0.124222, -0.390997, 0.148267"
330,HN,-13.455754,6.575302,-0.196146,191,['319'],67,"0.108763, -0.364673, -0.040780"
331,N,-8.129252,9.953043,0.526044,7,"['311', '332', '335']","65, 77, 78","-0.101701, -0.084931, -0.268862"
332,CA,-7.39265,11.12382,0.071699,8,"['331', '333', '336', '337']","76, 78, 78, 79","0.390436, -0.451700, -0.062732"
333,C,-8.403158,12.165635,-0.441253,9,"['332', '334', '350']","77, 78, 91","0.420642, 0.166035, 0.097856"
334,O,-9.507159,11.825016,-0.882023,11,['333'],78,"0.363698, 0.256116, 0.116548"
335,HN,-8.747548,9.558194,-0.196321,10,['331'],76,"-0.243737, -0.094938, -0.278174"
336,H,-6.834583,11.572123,0.929649,12,['332'],77,"0.243212, 0.206031, 0.275522"
337,C,-6.412149,10.770547,-1.093682,19,"['332', '338', '341', '342']","77, 80, 83, 81","0.267934, -0.080633, -0.121494"
338,C,-5.358963,9.652786,-0.837032,21,"['337', '339', '340', '343']","79, 81, 82, 84","0.025492, -0.024805, -0.021067"
339,C,-4.40668,9.56027,-2.06047,23,"['338', '344', '345', '346']","80, 85, 86, 87","0.029255, -0.018867, -0.098184"
340,C,-4.520622,9.927642,0.434907,23,"['338', '347', '348', '349']","80, 88, 89, 90","0.013017, 0.014510, -0.019968"
341,H,-5.879406,11.708029,-1.385127,20,['337'],79,"0.007857, 0.010829, 0.017478"
342,H,-7.014533,10.48988,-1.991899,20,['337'],79,"0.001346, -0.011706, -0.010770"
343,H,-5.885598,8.673802,-0.718999,22,['338'],80,"-0.009107, 0.019968, -0.010180"
344,H,-3.682848,8.721484,-1.959769,24,['339'],81,"-0.006572, 0.008970, -0.019944"
345,H,-3.810734,10.48767,-2.214745,24,['339'],81,"0.013688, -0.004297, -0.029391"
346,H,-4.961423,9.379647,-3.007426,24,['339'],81,"-0.015245, -0.025330, -0.057736"
347,H,-3.691798,9.191702,0.543871,24,['340'],82,"-0.008391, 0.014197, -0.009001"
348,H,-5.133321,9.847124,1.359529,24,['340'],82,"-0.007349, -0.009090, -0.002328"
349,H,-4.058143,10.940614,0.427482,24,['340'],82,"-0.005164, 0.021939, -0.004804"
350,N,-7.986517,13.455585,-0.44151,7,"['333', '351', '354']","78, 92, 95","0.195747, 0.107259, 0.160707"
351,CA,-8.657562,14.580119,-1.074656,8,"['350', '352', '355', '356']","91, 93, 96, 97","-0.174909, -0.047829, 0.671245"
352,C,-7.961801,14.794028,-2.427184,9,"['351', '353', '367']","92, 94","-0.253092, -0.169271, 0.052514"
353,O,-7.060561,15.624626,-2.563438,11,['352'],93,"-0.100091, -0.143684, 0.049521"
354,HN,-7.041234,13.667735,-0.093509,10,['350'],91,"0.398472, 0.022058, 0.185137"
355,H,-9.727769,14.314451,-1.25778,12,['351'],92,"-0.451738, -0.068149, -0.102471"
356,C,-8.575506,15.858147,-0.180375,175,"['351', '357', '360', '361']","92, 98, 101, 102","-0.018140, 0.187594, 0.062045"
357,C,-9.261439,17.099708,-0.787818,177,"['356', '358', '362', '363']","97, 99, 103, 104","0.169328, -0.131118, 0.200600"
358,S,-11.054124,16.847832,-0.9247,179,"['357', '359']","98, 100","0.112028, 0.289190, 0.541877"
359,C,-11.546273,17.300839,0.747382,180,"['358', '364', '365', '366']","99, 105, 106","-0.028314, 0.046393, 0.162941"
360,H,-7.50349,16.106331,-0.020711,176,['356'],97,"0.115138, -0.008650, -0.020487"
361,H,-8.978659,15.655917,0.837766,176,['356'],97,"0.017312, -0.061733, 0.084601"
362,H,-8.827498,17.320006,-1.788039,178,['357'],98,"0.064851, -0.003012, 0.062944"
363,H,-9.043455,17.999975,-0.168081,178,['357'],98,"0.005965, 0.036905, 0.017186"
364,H,-12.627861,17.089441,0.883973,181,['359'],100,"-0.042420, 0.009512, 0.094678"
365,H,-11.364928,18.384339,0.918806,181,['359'],100,"-0.018975, 0.025865, 0.074874"
366,H,-10.971161,16.716417,1.497239,181,['359'],100,"0.031150, 0.036848, 0.117316"
367,N,-8.309347,13.946339,-3.420782,7,"['352', '368', '371']",93,"-0.196951, -0.235961, 0.112412"
368,CA,-7.65221,13.8821,-4.716626,8,"['367', '369', '372', '373']",,"0.021332, -0.596485, 0.486790"
369,C,-8.347034,14.861777,-5.670417,9,"['368', '370', '388']",,"0.331691, -0.121562, 0.039933"
370,O,-9.532462,14.71184,-5.970037,11,['369'],,"0.234502, -0.081774, -0.064761"
371,HN,-9.195363,13.427276,-3.349485,10,['367'],,"-0.335934, -0.052423, 0.036002"
372,H,-6.580845,14.179557,-4.592957,12,['368'],,"0.338926, 0.104008, 0.058218"
373,C,-7.714583,12.424077,-5.254135,70,"['368', '374', '381', '382']",,"0.099365, -0.248255, -0.157089"
374,C,-6.867153,12.285381,-6.499697,72,"['373', '375', '376']",,"0.127233, -0.060410, -0.045798"
375,C,-5.498824,11.990416,-6.380825,73,"['374', '377', '383']",,"0.257483, -0.029995, -0.055526"
376,C,-7.400224,12.518562,-7.778315,73,"['374', '378', '384']",,"0.088201, -0.039808, -0.048863"
377,C,-4.680521,11.960813,-7.509671,75,"['375', '379', '385']",,"0.349924, 0.014473, 0.031487"
378,C,-6.581074,12.480722,-8.911058,75,"['376', '379', '386']",,"0.115910, -0.032394, -0.027046"
379,C,-5.211407,12.22167,-8.77708,77,"['377', '378', '380']",,"0.183783, 0.034092, 0.055410"
380,OH,-4.36713,12.208462,-9.836652,78,"['379', '387']",,"0.049443, 0.048735, -0.025033"
381,H,-8.763481,12.115251,-5.467961,71,['373'],,"-0.015883, 0.048870, -0.036614"
382,H,-7.327183,11.713622,-4.486246,71,['373'],,"0.023523, 0.041626, 0.002326"
383,H,-5.038262,11.789313,-5.399569,74,['375'],,"0.090276, -0.054079, -0.013713"
384,H,-8.470028,12.758457,-7.900805,74,['376'],,"0.012691, 0.037421, 0.028302"
385,H,-3.612045,11.713004,-7.384781,76,['377'],,"0.263534, -0.166340, 0.144119"
386,H,-7.018195,12.683665,-9.902923,76,['378'],,"-0.031613, -0.039110, -0.020496"
387,HO,-4.764082,12.19926,-10.695296,79,['380'],,"0.055788, -0.020265, -0.013280"
388,N,-7.614711,15.921562,-6.110685,7,"['369', '389', '392']",,"0.266334, -0.116718, -0.002217"
389,CA,-8.098485,17.017824,-6.94747,8,"['388', '390', '393', '394']",,"0.320823, -0.378258, -0.349298"
390,C,-9.339508,17.73807,-6.382395,9,"['389', '391', '410']",,"0.172341, -0.193696, 0.079893"
391,O,-10.132252,18.31845,-7.134675,11,['390'],,"0.116149, -0.268706, 0.208728"
392,HN,-6.645854,16.046877,-5.778146,10,['388'],,"0.190489, 0.045594, 0.100208"
393,H,-7.322451,17.818743,-6.918623,12,['389'],,"0.185560, 0.264038, 0.021030"
394,C,-8.319427,16.589683,-8.43496,182,"['389', '395', '399', '400']",,"-0.170874, -0.034725, -0.233781"
395,C,-7.036966,16.160197,-9.186684,184,"['394', '396', '401', '402']",,"-0.123926, -0.138693, 0.137901"
396,C,-6.039686,17.313519,-9.466734,186,"['395', '397', '403', '404']",,"-0.068865, -0.463327, 0.296121"
397,C,-6.482251,18.293412,-10.580845,188,"['396', '398', '405', '406']",,"0.316493, 0.146694, 0.036590"
398,N,-5.492618,19.339758,-10.803555,190,"['397', '407', '408', '409']",,"0.280393, 0.018902, -0.027871"
399,H,-8.818617,17.41562,-8.993871,183,['394'],,"-0.093354, 0.028668, 0.055252"
400,H,-9.064666,15.756813,-8.460727,183,['394'],,"-0.072185, -0.031264, 0.032935"
401,H,-7.325529,15.673804,-10.14861,185,['395'],,"-0.026737, -0.017239, 0.031800"
402,H,-6.520318,15.360948,-8.602514,185,['395'],,"0.016776, -0.097109, 0.044914"
403,H,-5.061251,16.856872,-9.756549,187,['396'],,"0.102971, -0.082427, 0.056693"
404,H,-5.819951,17.869581,-8.52598,187,['396'],,"0.053024, -0.025101, 0.056616"
405,H,-7.458142,18.777082,-10.350264,189,['397'],,"0.025750, 0.052820, -0.052110"
406,H,-6.618524,17.737513,-11.537896,189,['397'],,"-0.000410, 0.072496, -0.004476"
407,HN,-5.63175,19.845846,-11.671215,191,['398'],,"0.066025, -0.054074, 0.069704"
408,HN,-4.56326,18.921931,-10.861948,191,['398'],,"0.496097, -0.124880, -0.012840"
409,HN,-5.446869,20.02227,-10.053641,191,['398'],,"0.049998, -0.025905, -0.051823"
410,N,-9.461627,17.773576,-5.031536,1,"['390', '411', '414']",,"0.140096, 0.071379, 0.138875"
411,CA,-10.568741,18.367228,-4.322164,2,"['410', '412', '415', '416']",,"0.342846, 0.457172, -0.140931"
412,C,-11.798158,17.491433,-4.106187,3,"['411', '413', '417']",,"0.348855, 0.005404, 0.033677"
413,O,-12.86108,17.997121,-3.732598,5,['412'],,"0.320895, -0.112831, -0.364933"
414,HN,-8.743177,17.363633,-4.418963,4,['410'],,"0.113897, -0.084203, 0.031101"
415,H,-10.233982,18.724658,-3.32342,6,['411'],,"-0.033466, 0.127914, 0.213418"
416,H,-10.917704,19.281427,-4.855983,6,['411'],,"-0.134030, 0.183691, -0.098476"
417,N,-11.709925,16.161644,-4.3504,7,"['412', '418', '421']",,"0.201946, -0.151620, -0.091666"
418,CA,-12.808042,15.225462,-4.150692,8,"['417', '419', '422', '423']",,"-0.041351, 0.368605, -0.403133"
419,C,-12.378131,14.182253,-3.113422,9,"['418', '420', '434']",,"-0.202286, 0.248734, -0.061634"
420,O,-11.249358,13.689879,-3.160819,11,['419'],,"-0.288729, 0.053086, 0.037003"
421,HN,-10.832134,15.704683,-4.635157,10,['417'],,"0.220504, -0.190810, -0.131963"
422,H,-13.712437,15.774312,-3.796786,12,['418'],,"-0.337127, 0.213700, 0.044882"
423,C,-13.140172,14.496612,-5.487733,167,"['418', '424', '428', '429']",,"-0.155156, 0.115441, -0.491726"
424,C,-13.447755,15.442707,-6.672391,169,"['423', '425', '430', '431']",,"0.107005, -0.040034, -0.061503"
425,C,-14.641877,16.362285,-6.440629,171,"['424', '426', '427']",,"0.042347, 0.181447, -0.101709"
426,O,-15.529153,16.069037,-5.638748,172,['425'],,"0.094321, 0.060623, -0.108458"
427,N,-14.658742,17.488106,-7.187544,173,"['425', '432', '433']",,"0.040425, 0.189822, 0.034693"
428,H,-14.017904,13.826254,-5.327507,168,['423'],,"-0.027850, 0.061617, 0.044038"
429,H,-12.280645,13.842493,-5.770676,168,['423'],,"0.050216, 0.054502, 0.050208"
430,H,-13.654798,14.831676,-7.580598,170,['424'],,"0.011488, -0.016038, -0.058014"
431,H,-12.538375,16.045096,-6.907545,170,['424'],,"0.096872, 0.078459, -0.043443"
432,HN,-13.893792,17.728641,-7.83419,174,['427'],,"0.070159, 0.113266, -0.023108"
433,HN,-15.425561,18.158264,-7.045322,174,['427'],,"-0.002946, 0.090404, -0.008025"
434,N,-13.294391,13.738956,-2.20616,50,"['419', '435', '441']",,"-0.117550, 0.166480, -0.027966"
435,CA,-12.996626,12.585304,-1.355683,51,"['434', '436', '438', '439']",,"0.027390, 0.327224, 0.365796"
436,C,-12.948517,11.32162,-2.209216,52,"['435', '437', '448']",,"0.158915, 0.162258, 0.216591"
437,O,-13.884162,11.029508,-2.951935,53,['436'],,"0.087818, 0.144431, 0.187424"
438,H,-12.023743,12.741325,-0.824797,54,['435'],,"0.406536, 0.128002, 0.147922"
439,C,-14.179756,12.546036,-0.357602,55,"['435', '440', '442', '443']",,"-0.287204, 0.137983, 0.469988"
440,C,-14.503947,14.036425,-0.221937,57,"['439', '441', '444', '445']",,"-0.211023, 0.071499, 0.256782"
441,C,-14.421468,14.49474,-1.682758,59,"['434', '440', '446', '447']",,"-0.205142, 0.112222, 0.231426"
442,H,-13.912109,12.069316,0.610641,56,['439'],,"0.059797, 0.068869, -0.048104"
443,H,-15.046572,11.993093,-0.793583,56,['439'],,"0.008279, -0.034979, -0.137156"
444,H,-13.739571,14.558478,0.403455,58,['440'],,"0.076631, 0.117798, 0.073993"
445,H,-15.497154,14.23855,0.238182,58,['440'],,"-0.069316, 0.095466, 0.010303"
446,H,-14.280657,15.597477,-1.733072,60,['441'],,"0.031497, 0.030990, -0.021931"
447,H,-15.351668,14.247104,-2.247005,60,['441'],,"-0.059369, 0.003549, -0.071319"
448,N,-11.859573,10.528147,-2.114728,7,"['436', '449', '452']",,"0.164603, 0.424498, 0.098730"
449,CA,-11.692355,9.316406,-2.901098,8,"['448', '450', '453', '454']",,"-0.148872, 0.798657, -0.275140"
450,C,-10.953958,8.268218,-2.066242,9,"['449', '451', '465']",,"-0.216549, 0.095901, -0.342319"
451,O,-9.973457,8.551532,-1.374883,11,['450'],,"-0.207657, -0.134247, -0.247033"
452,HN,-11.044304,10.81324,-1.550893,10,['448'],,"0.350899, 0.203380, 0.166915"
453,H,-12.703742,8.915914,-3.16436,12,['449'],,"-0.340256, -0.000642, -0.131180"
454,C,-10.919898,9.68158,-4.20351,175,"['449', '455', '458', '459']",,"0.113333, 0.007386, -0.283262"
455,C,-10.829337,8.529779,-5.225561,177,"['454', '456', '460', '461']",,"0.004571, 0.164406, 0.076857"
456,S,-10.014507,9.033464,-6.779862,179,"['455', '457']",,"0.056354, -0.124699, -0.018590"
457,C,-11.203648,10.246649,-7.41561,180,"['456', '462', '463', '464']",,"-0.000315, -0.003191, 0.026450"
458,H,-9.896951,10.037821,-3.938097,176,['454'],,"0.062253, 0.066484, 0.054639"
459,H,-11.429531,10.552745,-4.677001,176,['454'],,"-0.033419, 0.096800, 0.054592"
460,H,-11.845152,8.133645,-5.457739,178,['455'],,"-0.000827, -0.029496, -0.066920"
461,H,-10.264794,7.6751,-4.787547,178,['455'],,"0.020241, -0.057051, -0.021895"
462,H,-10.999575,10.416449,-8.495018,181,['457'],,"-0.019271, 0.006036, 0.018095"
463,H,-11.09387,11.211364,-6.875138,181,['457'],,"0.012325, 0.005199, -0.014107"
464,H,-12.240653,9.861067,-7.300239,181,['457'],,"-0.021767, -0.008341, 0.003182"
465,N,-11.463243,7.012184,-2.0987,7,"['450', '466', '469']",,"-0.121636, -0.036773, -0.164269"
466,CA,-10.797926,5.874724,-1.484854,8,"['465', '467', '470', '471']",,"-0.194445, 0.340010, 0.123552"
467,C,-9.676988,5.476512,-2.446516,9,"['466', '468', '479']",,"0.331350, -0.066230, 0.331055"
468,O,-9.937127,5.35639,-3.644221,11,['467'],,"0.024560, 0.043881, 0.378942"
469,HN,-12.182366,6.769275,-2.792531,10,['465'],,"-0.031135, -0.048690, -0.143565"
470,H,-10.373105,6.171617,-0.494233,12,['466'],,"0.235601, 0.071358, 0.331825"
471,C,-11.739184,4.644269,-1.309369,37,"['466', '472', '473', '474']",,"0.233355, -0.579785, 0.117875"
472,OH,-12.851011,5.031816,-0.505335,39,"['471', '475']",,"0.224375, -0.563445, -0.196092"
473,C,-11.044809,3.484632,-0.571576,41,"['471', '476', '477', '478']",,"0.152943, -0.234276, 0.143632"
474,H,-12.120354,4.313327,-2.306289,38,['471'],,"-0.045621, 0.016085, -0.097975"
475,HO,-13.569857,4.454608,-0.765717,40,['472'],,"-0.143073, -0.120752, -0.110496"
476,H,-11.755156,2.668951,-0.31037,42,['473'],,"-0.006987, -0.002460, 0.018566"
477,H,-10.569805,3.827721,0.372776,42,['473'],,"-0.003539, 0.028554, 0.051256"
478,H,-10.240045,3.030737,-1.191568,42,['473'],,"0.033007, 0.007799, 0.001784"
479,N,-8.468687,5.201966,-1.919624,7,"['467', '480', '483']",,"0.179490, 0.066311, 0.277902"
480,CA,-7.335073,4.642066,-2.628868,8,"['479', '481', '484', '485']",,"-0.004612, 0.602887, -0.091446"
481,C,-6.988917,3.308119,-1.960176,9,"['480', '482', '499']",,"0.076094, 0.050866, -0.458678"
482,O,-6.897685,3.213538,-0.733465,11,['481'],,"0.024628, -0.053822, -0.427529"
483,HN,-8.316666,5.287261,-0.90503,10,['479'],,"0.107512, 0.059269, 0.466234"
484,H,-7.626725,4.436089,-3.686404,12,['480'],,"-0.066808, -0.135969, -0.503609"
485,C,-6.110325,5.598062,-2.588872,61,"['480', '486', '492', '493']",,"0.152409, 0.196219, -0.111057"
486,C,-6.132223,6.613371,-3.713839,63,"['485', '487', '488']",,"-0.001220, 0.024631, -0.042602"
487,C,-7.082293,7.64989,-3.754212,64,"['486', '489', '494']",,"0.020656, 0.040950, -0.019311"
488,C,-5.169425,6.543848,-4.739651,64,"['486', '490', '495']",,"0.074225, 0.077919, -0.088357"
489,C,-7.063786,8.589207,-4.790398,66,"['487', '491', '496']",,"0.036640, 0.043079, -0.088601"
490,C,-5.130149,7.50576,-5.753149,66,"['488', '491', '497']",,"0.170565, 0.141830, -0.068836"
491,C,-6.085462,8.522504,-5.784554,68,"['489', '490', '498']",,"0.111696, 0.100739, -0.088224"
492,H,-5.172998,5.001976,-2.677414,62,['485'],,"-0.005147, 0.006210, -0.008560"
493,H,-6.028899,6.125553,-1.611628,62,['485'],,"-0.016397, -0.020936, 0.008514"
494,H,-7.839452,7.750856,-2.96066,65,['487'],,"0.002143, 0.003130, 0.035229"
495,H,-4.404518,5.751668,-4.737215,65,['488'],,"-0.023300, 0.001090, -0.032007"
496,H,-7.801177,9.404265,-4.818345,67,['489'],,"-0.004592, 0.000920, -0.098013"
497,H,-4.333774,7.484552,-6.513827,67,['490'],,"0.106008, 0.105746, -0.055913"
498,H,-6.050098,9.285479,-6.575865,69,['491'],,"0.034244, 0.103289, -0.003888"
499,N,-6.809624,2.255494,-2.787943,7,"['481', '500', '503']",,"-0.066481, 0.050192, -0.352262"
500,CA,-6.396674,0.903901,-2.457466,8,"['499', '501', '504', '505']",,"-0.576470, 0.340967, -0.041639"
501,C,-4.941943,0.762493,-2.927074,9,"['500', '502', '523']",,"0.007888, -0.082037, 0.292987"
502,O,-4.62114,1.024315,-4.088094,11,['501'],,"-0.059769, -0.065304, 0.191881"
503,HN,-6.756384,2.443641,-3.797357,10,['499'],,"0.054629, 0.166868, -0.488331"
504,H,-6.446399,0.768255,-1.349557,12,['500'],,"0.048219, -0.017400, 0.455686"
505,C,-7.350646,-0.105393,-3.171561,202,"['500', '506', '512', '513']",,"-0.067134, -0.076690, -0.008668"
506,C,-7.015716,-1.610153,-3.063361,204,"['505', '507', '514', '515']",,"-0.012797, 0.128917, -0.132279"
507,C,-7.248171,-2.225703,-1.663832,206,"['506', '508', '516', '517']",,"-0.085940, 0.140338, 0.125538"
508,N,-7.016354,-3.667267,-1.7169,208,"['507', '509', '518']",,"0.060594, 0.126840, 0.135940"
509,C,-5.819273,-4.256652,-1.560816,210,"['508', '510', '511']",,"0.078695, -0.009904, 0.146870"
510,N,-4.670189,-3.592911,-1.717936,211,"['509', '519', '520']",,"0.104218, 0.008544, -0.015030"
511,N,-5.775529,-5.584279,-1.42155,211,"['509', '521', '522']",,"0.052420, 0.024585, 0.071798"
512,H,-7.36707,0.150633,-4.258355,203,['505'],,"0.027834, 0.016344, -0.017864"
513,H,-8.395488,0.065945,-2.821154,203,['505'],,"0.063907, 0.023189, -0.022323"
514,H,-5.966863,-1.769648,-3.405059,205,['506'],,"-0.001671, 0.001904, -0.046701"
515,H,-7.649928,-2.155175,-3.803133,205,['506'],,"-0.026424, -0.027196, 0.004222"
516,H,-8.290898,-2.035559,-1.331696,207,['507'],,"-0.089131, 0.090112, 0.104519"
517,H,-6.609691,-1.754964,-0.879844,207,['507'],,"0.041338, 0.114992, 0.279610"
518,HN,-7.85606,-4.262893,-1.811029,209,['508'],,"-0.073973, -0.180665, -0.031207"
519,HN,-4.647949,-2.580083,-1.878772,212,['510'],,"0.107653, -0.051135, -0.044286"
520,HN,-3.777628,-4.10278,-1.730885,212,['510'],,"0.106464, -0.191853, -0.021200"
521,HN,-6.642841,-6.118092,-1.282708,212,['511'],,"0.044122, 0.045269, 0.026459"
522,HN,-4.861505,-6.058394,-1.384456,212,['511'],,"0.191358, 0.082423, -0.012421"
523,N,-4.042691,0.384062,-1.990031,7,"['501', '524', '527']",,"-0.089073, 0.052012, 0.330613"
524,CA,-2.609897,0.267448,-2.203798,8,"['523', '525', '528', '529']",,"-0.197447, 0.196480, 0.617175"
525,C,-2.324435,-0.882074,-3.184994,9,"['524', '526', '542']",,"0.100036, 0.350702, 0.022458"
526,O,-2.727596,-2.027971,-2.969913,11,['525'],,"0.128588, 0.246204, -0.072224"
527,HN,-4.372068,0.173875,-1.037528,10,['523'],,"-0.173860, -0.056541, 0.431012"
528,H,-2.253237,1.218606,-2.67161,12,['524'],,"0.096004, 0.326018, -0.178582"
529,C,-1.84693,0.051107,-0.856505,19,"['524', '530', '533', '534']",,"0.181099, 0.031951, 0.197260"
530,C,-1.452939,1.356824,-0.101992,21,"['529', '531', '532', '535']",,"-0.027265, 0.031481, 0.009189"
531,C,-2.68831,2.191169,0.315534,23,"['530', '536', '537', '538']",,"-0.035425, 0.000766, 0.017937"
532,C,-0.643343,0.990394,1.167936,23,"['530', '539', '540', '541']",,"-0.025617, 0.005611, 0.056685"
533,H,-0.905497,-0.502718,-1.08102,20,['529'],,"0.017696, -0.012288, -0.013243"
534,H,-2.422773,-0.636228,-0.192884,20,['529'],,"0.010855, -0.030302, -0.000733"
535,H,-0.805936,1.983459,-0.76712,22,['530'],,"0.016019, 0.002164, 0.014938"
536,H,-2.392563,3.09207,0.898942,24,['531'],,"-0.004110, -0.020156, -0.000952"
537,H,-3.393374,1.613094,0.952216,24,['531'],,"-0.040665, -0.024269, 0.002026"
538,H,-3.260386,2.562308,-0.563287,24,['531'],,"-0.017522, -0.011917, -0.004728"
539,H,-0.308668,1.90294,1.708238,24,['532'],,"-0.009722, -0.008300, 0.018566"
540,H,0.27356,0.409135,0.92533,24,['532'],,"-0.030789, 0.025360, 0.019866"
541,H,-1.234986,0.383845,1.892307,24,['532'],,"-0.007227, -0.019547, 0.053839"
542,N,-1.615732,-0.558787,-4.294014,7,"['525', '543', '546']",,"-0.068157, 0.287867, -0.030650"
543,CA,-1.182697,-1.489494,-5.325253,8,"['542', '544', '547', '548']",,"-0.045764, 0.675602, -0.122768"
544,C,-0.297655,-2.611254,-4.761256,9,"['543', '545', '561']",,"-0.238352, 0.035693, -0.277003"
545,O,0.563808,-2.387505,-3.905059,11,['544'],,"-0.215943, -0.319729, -0.271910"
546,HN,-1.438438,0.436076,-4.48436,10,['542'],,"0.010033, 0.344343, -0.038507"
547,H,-2.098506,-1.970311,-5.746294,12,['543'],,"-0.268648, -0.097441, -0.068992"
548,C,-0.389327,-0.755724,-6.455397,19,"['543', '549', '552', '553']",,"0.114820, 0.108489, -0.262704"
549,C,-1.273844,-0.081176,-7.540585,21,"['548', '550', '551', '554']",,"-0.001317, 0.031684, 0.000588"
550,C,-0.383775,0.806214,-8.447132,23,"['549', '555', '556', '557']",,"0.023985, 0.044119, -0.014285"
551,C,-1.988461,-1.150773,-8.408054,23,"['549', '558', '559', '560']",,"0.040291, 0.047951, -0.038566"
552,H,0.301694,-1.473627,-6.957677,20,['548'],,"0.035523, 0.004319, -0.007718"
553,H,0.295467,-0.008833,-5.985836,20,['548'],,"0.069131, 0.001775, 0.009228"
554,H,-2.041951,0.562624,-7.047394,22,['549'],,"-0.005567, 0.032464, -0.002973"
555,H,-0.989869,1.365447,-9.196043,24,['550'],,"-0.031011, -0.002175, 0.012272"
556,H,0.370362,0.205426,-9.004541,24,['550'],,"0.020908, -0.017347, 0.012252"
557,H,0.180535,1.566063,-7.860559,24,['550'],,"0.044385, 0.004974, 0.006047"
558,H,-2.4667,-0.696685,-9.305663,24,['551'],,"0.002702, 0.032793, -0.040801"
559,H,-2.798731,-1.667929,-7.848865,24,['551'],,"0.030912, 0.036712, -0.043731"
560,H,-1.286172,-1.934123,-8.775319,24,['551'],,"0.035584, -0.019343, -0.013802"
561,N,-0.442754,-3.811941,-5.38295,7,"['544', '562', '565']",,"-0.016325, -0.074859, -0.194367"
562,CA,0.382203,-4.994259,-5.225876,8,"['561', '563', '566', '567']",,"0.374739, 0.091793, -0.470243"
563,C,0.42307,-5.654376,-3.83572,9,"['562', '564', '580']",,"-0.194404, 0.094490, -0.142211"
564,O,1.273452,-6.519546,-3.599651,11,['563'],,"-0.057323, 0.299295, -0.047391"
565,HN,-1.173406,-3.927923,-6.098872,10,['561'],,"-0.057689, -0.028684, -0.053485"
566,H,-0.064853,-5.793888,-5.861618,12,['562'],,"-0.150136, -0.399558, -0.134735"
567,C,1.829738,-4.705164,-5.726697,19,"['562', '568', '571', '572']",,"0.282423, -0.021825, -0.095799"
568,C,2.002128,-4.274668,-7.21063,21,"['567', '569', '570', '573']",,"-0.068708, -0.002814, 0.003072"
569,C,3.506144,-4.054392,-7.520573,23,"['568', '574', '575', '576']",,"-0.055994, 0.024522, -0.058003"
570,C,1.447462,-5.353658,-8.165942,23,"['568', '577', '578', '579']",,"0.039026, 0.067174, -0.088036"
571,H,2.443846,-5.615758,-5.53065,20,['567'],,"-0.035159, -0.063101, 0.091083"
572,H,2.256219,-3.916185,-5.063673,20,['567'],,"-0.023801, 0.023838, 0.057909"
573,H,1.457523,-3.315281,-7.386597,22,['568'],,"0.014789, -0.001977, -0.038202"
574,H,3.638544,-3.59775,-8.524779,24,['569'],,"-0.060316, 0.084446, 0.010816"
575,H,4.086709,-5.003157,-7.501337,24,['569'],,"-0.026223, 0.013517, -0.010494"
576,H,3.987308,-3.357867,-6.802312,24,['569'],,"-0.029154, -0.020624, -0.011611"
577,H,1.593311,-5.065469,-9.22974,24,['570'],,"-0.038348, 0.133377, -0.101301"
578,H,0.353829,-5.504877,-8.033243,24,['570'],,"0.020762, 0.021331, -0.019914"
579,H,1.953012,-6.332292,-8.023673,24,['570'],,"0.003045, 0.029256, -0.005436"
580,N,-0.465801,-5.27186,-2.886994,7,"['563', '581', '584']",,"-0.076724, 0.148918, -0.071468"
581,CA,-0.446973,-5.770518,-1.515521,8,"['580', '582', '585', '586']",,"0.626777, 0.200146, -0.256934"
582,C,-1.839767,-6.253943,-1.095927,9,"['581', '583', '596']",,"0.520528, -0.180778, 0.332400"
583,O,-2.865912,-5.803708,-1.633429,11,['582'],,"0.551484, -0.321957, 0.113493"
584,HN,-1.276541,-4.680252,-3.109798,10,['580'],,"-0.150586, 0.070830, -0.024808"
585,H,0.231578,-6.659456,-1.458037,12,['581'],,"0.320124, -0.385708, 0.043571"
586,C,0.088649,-4.685525,-0.512412,15,"['581', '587', '588', '589']",,"0.163178, 0.139090, 0.108657"
587,C,1.49494,-4.189052,-0.927724,17,"['586', '590', '591', '592']",,"0.007410, -0.042563, -0.046651"
588,C,-0.862402,-3.469274,-0.378675,17,"['586', '593', '594', '595']",,"0.017190, 0.002155, -0.050411"
589,H,0.183653,-5.171831,0.488418,16,['586'],,"0.007636, 0.002524, -0.015327"
590,H,1.966036,-3.577403,-0.124625,18,['587'],,"0.043276, -0.038504, 0.024386"
591,H,1.468541,-3.576384,-1.856492,18,['587'],,"-0.062752, -0.014546, -0.072250"
592,H,2.178295,-5.045726,-1.120583,18,['587'],,"0.007404, -0.023552, 0.003307"
593,H,-0.483256,-2.727034,0.359284,18,['588'],,"-0.014968, -0.012260, 0.005743"
594,H,-1.871607,-3.773339,-0.022754,18,['588'],,"0.010631, 0.016908, 0.009337"
595,H,-1.00314,-2.939337,-1.346509,18,['588'],,"-0.023451, 0.029316, -0.040507"
596,N,-1.897233,-7.077426,-0.022723,7,"['582', '597', '600']",,"0.213967, -0.120637, 0.132032"
597,CA,-3.126346,-7.371482,0.697417,8,"['596', '598', '601', '602']",,"-0.174170, -0.186560, -0.677126"
598,C,-2.825397,-7.582113,2.187931,9,"['597', '599', '608']",,"-0.309635, 0.330920, -0.077806"
599,O,-2.159704,-8.5483,2.573546,11,['598'],,"-0.340514, 0.181932, -0.001492"
600,HN,-1.045018,-7.559813,0.30473,10,['596'],,"0.362188, -0.240439, -0.001800"
601,H,-3.792685,-6.477041,0.60628,12,['597'],,"-0.352778, 0.321644, 0.034166"
602,C,-3.864767,-8.598678,0.105524,137,"['597', '603', '606', '607']",,"0.493217, -0.190105, -0.213763"
603,C,-5.310052,-8.73078,0.537819,139,"['602', '604', '605']",,"0.498761, -0.083379, 0.042150"
604,O,-5.893693,-7.722887,1.028212,140,['603'],,"0.359173, -0.547348, -0.610516"
605,O,-5.926979,-9.790009,0.241804,140,['603'],,"0.421536, 0.107006, 0.243864"
606,H,-3.312505,-9.530446,0.370863,138,['602'],,"0.178498, -0.077584, 0.087204"
607,H,-3.860075,-8.544179,-1.006326,138,['602'],,"0.104835, 0.008467, -0.083950"
608,N,-3.333195,-6.654442,3.033101,7,"['598', '609', '612']",,"-0.065896, 0.334115, -0.157319"
609,CA,-3.399066,-6.728061,4.483364,8,"['608', '610', '613', '614']",,"0.494599, 0.203580, -0.373908"
610,C,-4.638835,-7.555001,4.853286,9,"['609', '611', '622']",,"0.484319, 0.075875, 0.394579"
611,O,-5.67626,-7.4964,4.157453,11,['610'],,"0.474314, -0.705768, 0.774043"
612,HN,-3.804238,-5.83222,2.633023,10,['608'],,"-0.298258, 0.362647, -0.210453"
613,H,-2.471987,-7.229518,4.853923,12,['609'],,"0.337923, -0.136927, 0.169780"
614,C,-3.520572,-5.326433,5.160747,37,"['609', '615', '616', '617']",,"0.424043, 0.411558, 0.166195"
615,OH,-4.700066,-4.658321,4.71701,39,"['614', '618']",,"0.011852, 0.016930, 0.117556"
616,C,-2.306711,-4.4313,4.859498,41,"['614', '619', '620', '621']",,"0.175121, 0.119811, 0.022653"
617,H,-3.610884,-5.482662,6.263437,38,['614'],,"-0.063408, -0.083980, 0.027576"
618,HO,-5.31486,-4.622168,5.437369,40,['615'],,"-0.057039, -0.059708, 0.068077"
619,H,-2.384341,-3.435469,5.339905,42,['616'],,"0.017590, 0.034787, -0.039282"
620,H,-2.15341,-4.261551,3.772283,42,['616'],,"-0.024150, -0.015524, 0.036012"
621,H,-1.38274,-4.899215,5.267008,42,['616'],,"0.013869, -0.088456, 0.078678"
622,N,-4.665237,-8.183606,6.060099,50,"['610', '623', '629']",,"0.121188, -0.077217, 0.322542"
623,CA,-5.881087,-8.846409,6.53218,51,"['622', '624', '626', '627']",,"0.043244, -0.515205, 0.051211"
624,C,-6.962957,-7.810193,6.849388,52,"['623', '625', '636']",,"-0.221364, -0.331068, -0.008017"
625,O,-6.639244,-6.673342,7.204629,53,['624'],,"-0.099353, -0.267679, -0.076553"
626,H,-6.251582,-9.566003,5.760013,54,['623'],,"-0.137860, -0.229808, -0.269515"
627,C,-5.438396,-9.593313,7.813969,55,"['623', '628', '630', '631']",,"0.100507, -0.534002, 0.484854"
628,C,-3.914268,-9.645739,7.678073,57,"['627', '629', '632', '633']",,"0.026226, -0.301398, 0.350225"
629,C,-3.598049,-8.293516,7.040873,59,"['622', '628', '634', '635']",,"0.188247, -0.287124, 0.320919"
630,H,-5.898538,-10.604157,7.893055,56,['627'],,"-0.044664, -0.042975, -0.021175"
631,H,-5.734315,-9.03268,8.730942,56,['627'],,"-0.065588, 0.041045, 0.023028"
632,H,-3.602703,-10.493049,7.022061,58,['628'],,"0.059069, -0.101303, -0.050921"
633,H,-3.415653,-9.797603,8.66035,58,['628'],,"0.027943, -0.052247, 0.108268"
634,H,-2.568864,-8.284608,6.621687,60,['629'],,"0.072779, 0.044544, 0.010341"
635,H,-3.660541,-7.466869,7.78697,60,['629'],,"-0.007858, 0.047215, 0.042781"
636,N,-8.251732,-8.224071,6.763431,7,"['624', '637', '640']",,"0.044880, -0.311978, -0.157812"
637,CA,-9.384805,-7.419989,7.211823,8,"['636', '638', '641', '642']",,"-0.098384, -0.307155, -0.764454"
638,C,-9.263189,-7.217613,8.72391,9,"['637', '639', '651']",,"-0.094618, 0.127659, -0.439390"
639,O,-8.61632,-7.998581,9.42377,11,['638'],,"-0.053029, 0.192724, -0.325733"
640,HN,-8.458075,-9.204461,6.513983,10,['636'],,"-0.082334, -0.370093, -0.044943"
641,H,-9.309555,-6.409675,6.734033,12,['637'],,"0.000470, 0.354361, -0.185520"
642,C,-10.761267,-8.061937,6.87193,153,"['637', '643', '647', '648']",,"-0.332592, -0.002383, -0.514141"
643,C,-11.122847,-8.08873,5.373563,155,"['642', '644', '649', '650']",,"0.093679, -0.533667, 0.511821"
644,C,-11.386939,-6.751432,4.711385,157,"['643', '645', '646']",,"-0.079194, -0.292637, 0.381546"
645,O,-11.647142,-5.749726,5.421395,158,['644'],,"-0.035196, 0.083258, 0.143479"
646,O,-11.350635,-6.703528,3.448959,158,['644'],,"0.328620, -0.435366, 0.718531"
647,H,-11.574763,-7.518011,7.403839,154,['642'],,"0.020300, 0.018192, -0.061488"
648,H,-10.786554,-9.103077,7.27058,154,['642'],,"-0.004092, -0.033203, 0.084893"
649,H,-12.052345,-8.686874,5.239926,156,['643'],,"-0.022598, -0.131764, -0.003572"
650,H,-10.33281,-8.631288,4.805381,156,['643'],,"0.113083, -0.141710, -0.060454"
651,N,-9.895809,-6.141994,9.253836,7,"['638', '652', '655']",,"0.039702, 0.174265, -0.219484"
652,CA,-9.72604,-5.723087,10.637959,8,"['651', '653', '656', '657']",,"0.132826, 0.406640, -0.396722"
653,C,-10.028809,-6.797981,11.688222,9,"['652', '654', '671']",,"0.017465, 0.045341, -0.094869"
654,O,-9.368445,-6.8412,12.7215,11,['653'],,"-0.096260, -0.005534, -0.069508"
655,HN,-10.488433,-5.557573,8.647116,10,['651'],,"-0.088668, 0.068947, -0.128678"
656,H,-8.638952,-5.506581,10.781052,12,['652'],,"0.355523, 0.013859, 0.107942"
657,C,-10.535147,-4.434751,10.948679,61,"['652', '658', '664', '665']",,"-0.054821, 0.184749, 0.099586"
658,C,-10.254724,-3.878367,12.331827,63,"['657', '659', '660']",,"-0.043992, -0.140713, 0.064124"
659,C,-9.127213,-3.070921,12.56584,64,"['658', '661', '666']",,"-0.046480, -0.192691, 0.039655"
660,C,-11.075209,-4.213233,13.423317,64,"['658', '662', '667']",,"-0.065264, -0.179781, 0.048367"
661,C,-8.834512,-2.605092,13.853418,66,"['659', '663', '668']",,"0.004576, -0.142847, 0.068880"
662,C,-10.775456,-3.759049,14.711682,66,"['660', '663', '669']",,"-0.062919, -0.171306, 0.025706"
663,C,-9.658516,-2.94914,14.928371,68,"['661', '662', '670']",,"0.039921, -0.193502, 0.139905"
664,H,-11.628337,-4.635782,10.855237,62,['657'],,"0.001535, -0.013589, 0.011526"
665,H,-10.306176,-3.640232,10.200424,62,['657'],,"0.018348, -0.004377, 0.004257"
666,H,-8.4343,-2.840779,11.739535,65,['659'],,"0.014858, -0.076651, -0.050513"
667,H,-11.938091,-4.882989,13.284321,65,['660'],,"-0.090339, -0.102588, 0.041725"
668,H,-7.937001,-1.991899,14.033357,67,['661'],,"-0.004989, 0.012675, 0.050962"
669,H,-11.411628,-4.054329,15.560204,67,['662'],,"-0.008634, -0.025402, 0.012383"
670,H,-9.420023,-2.603554,15.946994,69,['663'],,"0.002936, 0.008115, 0.079447"
671,N,-11.029365,-7.67658,11.437935,7,"['653', '672', '675']",,"-0.060111, 0.099790, -0.052266"
672,CA,-11.430341,-8.719409,12.375214,8,"['671', '673', '676', '677']",,"-0.282750, 0.177317, 0.184750"
673,C,-10.630874,-10.034215,12.254636,9,"['672', '674', '685']",,"0.067082, 0.144706, -0.089768"
674,O,-10.956701,-11.01352,12.930096,11,['673'],,"0.075677, 0.076362, -0.100001"
675,HN,-11.478615,-7.711861,10.513368,10,['671'],,"0.020095, 0.012148, -0.117036"
676,H,-11.226138,-8.364308,13.417415,12,['672'],,"0.143675, 0.142157, 0.400896"
677,C,-12.955768,-8.992448,12.239181,147,"['672', '678', '681', '682']",,"-0.163523, -0.176408, 0.055171"
678,C,-13.839906,-7.780221,12.528786,149,"['677', '679', '680']",,"-0.089831, -0.221258, -0.159391"
679,O,-13.513762,-6.900471,13.336177,150,['678'],,"0.054734, -0.396186, -0.223341"
680,N,-15.003465,-7.747469,11.845348,151,"['678', '683', '684']",,"-0.159070, -0.150963, 0.037544"
681,H,-13.242017,-9.795695,12.954681,148,['677'],,"0.057940, -0.064237, -0.001143"
682,H,-13.171655,-9.409856,11.226962,148,['677'],,"-0.015974, -0.055714, -0.016397"
683,HN,-15.27442,-8.547988,11.254004,152,['680'],,"-0.075940, -0.175287, -0.076093"
684,HN,-15.668155,-6.987906,12.038177,152,['680'],,"-0.024120, -0.060922, 0.028754"
685,N,-9.604655,-10.086408,11.36666,7,"['673', '686', '689']",,"0.102132, 0.254541, -0.113922"
686,CA,-8.721278,-11.211762,11.073429,8,"['685', '687', '690', '691']",,"-0.586831, 0.102491, -0.456674"
687,C,-7.360094,-10.990141,11.73465,9,"['686', '688', '700']",,"-0.190558, -0.315207, -0.225949"
688,O,-7.016844,-9.87092,12.130916,11,['687'],,"-0.270516, -0.295429, -0.004288"
689,HN,-9.274755,-9.224516,10.915798,10,['685'],,"0.131034, 0.264688, -0.157788"
690,H,-9.155687,-12.148207,11.50389,12,['686'],,"-0.168651, -0.278009, 0.174712"
691,C,-8.539661,-11.346345,9.530478,153,"['686', '692', '696', '697']",,"-0.299274, -0.082624, -0.539531"
692,C,-9.86998,-11.66485,8.825841,155,"['691', '693', '698', '699']",,"0.293691, 0.137323, 0.557464"
693,C,-9.840393,-11.797835,7.322657,157,"['692', '694', '695']",,"-0.186824, -0.025702, 0.468043"
694,O,-8.939558,-11.201274,6.659058,158,['693'],,"-0.046527, -0.086332, 0.645056"
695,O,-10.738956,-12.500027,6.78955,158,['693'],,"0.139248, 0.044140, 0.206010"
696,H,-7.802416,-12.147098,9.287609,154,['691'],,"0.031761, 0.035556, -0.011020"
697,H,-8.111565,-10.403729,9.112841,154,['691'],,"0.026250, 0.114715, -0.029393"
698,H,-10.623456,-10.877611,9.057593,156,['692'],,"-0.113366, 0.103391, 0.066705"
699,H,-10.270968,-12.619492,9.236666,156,['692'],,"-0.033430, -0.056170, 0.092944"
700,N,-6.583574,-12.094574,11.908686,7,"['687', '701', '704']",,"-0.119844, -0.172837, -0.097500"
701,CA,-5.302081,-12.066496,12.607263,8,"['700', '702', '705', '706']",,"-0.414751, -0.357254, 0.038410"
702,C,-4.338325,-11.14763,11.842684,9,"['701', '703', '722']",,"0.030606, 0.008048, 0.203047"
703,O,-4.152201,-11.302635,10.638532,11,['702'],,"-0.074390, -0.007269, 0.128603"
704,HN,-6.850001,-12.986128,11.464585,10,['700'],,"-0.036659, -0.183752, -0.141301"
705,H,-5.498685,-11.614939,13.612794,12,['701'],,"-0.080145, 0.149355, 0.310253"
706,C,-4.68573,-13.495491,12.804917,182,"['701', '707', '711', '712']",,"0.054961, -0.112630, 0.008078"
707,C,-3.65155,-13.526478,13.958015,184,"['706', '708', '713', '714']",,"-0.077506, 0.137831, -0.070208"
708,C,-2.877564,-14.858783,14.133542,186,"['707', '709', '715', '716']",,"-0.317498, 0.194696, -0.274085"
709,C,-1.929034,-14.769442,15.351313,188,"['708', '710', '717', '718']",,"0.210703, -0.374626, -0.053607"
710,N,-1.087642,-15.933985,15.561929,190,"['709', '719', '720', '721']",,"0.143812, -0.262210, 0.091131"
711,H,-4.227502,-13.831721,11.844387,183,['706'],,"-0.008647, 0.050751, -0.067197"
712,H,-5.499506,-14.224633,13.032899,183,['706'],,"-0.012647, 0.026850, 0.008405"
713,H,-4.182936,-13.27993,14.908825,185,['707'],,"-0.050214, 0.002217, 0.008887"
714,H,-2.912514,-12.705491,13.793634,185,['707'],,"0.061132, 0.039401, -0.052692"
715,H,-2.291861,-15.073566,13.209297,187,['708'],,"0.024099, 0.044018, -0.067409"
716,H,-3.586203,-15.710938,14.260613,187,['708'],,"-0.075238, -0.076260, 0.063030"
717,H,-2.512427,-14.59769,16.285679,189,['709'],,"0.061701, -0.053097, -0.015283"
718,H,-1.256377,-13.88892,15.236478,189,['709'],,"0.054156, -0.078402, -0.025886"
719,HN,-0.433026,-15.723199,16.308837,191,['710'],,"0.131272, 0.011337, 0.111950"
720,HN,-0.512293,-16.209989,14.772958,191,['710'],,"0.050492, -0.024745, 0.075828"
721,HN,-1.604429,-16.755913,15.874704,191,['710'],,"-0.014548, -0.317506, 0.125658"
722,N,-3.722972,-10.184202,12.571847,7,"['702', '723', '726']",,"0.022034, -0.042009, 0.234965"
723,CA,-2.830184,-9.144684,12.087357,8,"['722', '724', '727', '728']",,"0.405767, -0.344637, 0.194249"
724,C,-3.51887,-7.977349,11.355742,9,"['723', '725', '743']",,"-0.124974, -0.302187, 0.203347"
725,O,-2.837562,-7.063842,10.875812,11,['724'],,"-0.164745, -0.448879, 0.043252"
726,HN,-3.910114,-10.120397,13.582913,10,['722'],,"-0.040521, 0.016194, 0.244352"
727,H,-2.415374,-8.656418,12.997919,12,['723'],,"0.086064, 0.305808, 0.407582"
728,C,-1.613378,-9.679951,11.279417,70,"['723', '729', '736', '737']",,"0.140820, -0.010304, -0.116393"
729,C,-0.946486,-10.873046,11.935987,72,"['728', '730', '731']",,"-0.109724, 0.070714, -0.059795"
730,C,-0.144215,-10.720746,13.079358,73,"['729', '732', '738']",,"-0.043248, 0.009788, -0.006559"
731,C,-1.133296,-12.165981,11.417199,73,"['729', '733', '739']",,"-0.048736, 0.047457, -0.072371"
732,C,0.465288,-11.828047,13.679799,75,"['730', '734', '740']",,"-0.001470, 0.026591, -0.066135"
733,C,-0.516779,-13.271683,12.007813,75,"['731', '734', '741']",,"0.127824, 0.092775, -0.090646"
734,C,0.279364,-13.108458,13.146438,77,"['732', '733', '735']",,"0.295304, -0.071088, -0.180659"
735,OH,0.871914,-14.18797,13.73008,78,"['734', '742']",,"0.242852, 0.054039, -0.252288"
736,H,-0.869111,-8.864919,11.131539,71,['728'],,"-0.055370, 0.054844, -0.013353"
737,H,-1.949275,-9.968206,10.257761,71,['728'],,"-0.077996, -0.040542, 0.009600"
738,H,0.02248,-9.719366,13.511226,74,['730'],,"0.009654, 0.015251, 0.000759"
739,H,-1.75697,-12.320119,10.520914,74,['731'],,"-0.118725, 0.084123, -0.016660"
740,H,1.121653,-11.68468,14.553915,76,['732'],,"0.106926, 0.028148, -0.009015"
741,H,-0.646033,-14.270772,11.561402,76,['733'],,"0.081477, 0.028991, -0.039369"
742,HO,1.637746,-14.393262,13.193647,79,['735'],,"0.304673, -0.056114, -0.202030"
743,N,-4.872572,-7.959495,11.279051,1,"['724', '744', '747']",,"-0.200827, -0.284581, 0.057836"
744,CA,-5.66384,-6.895006,10.708948,2,"['743', '745', '748', '749']",,"0.222807, -0.562571, -0.409100"
745,C,-5.779507,-5.629264,11.54729,3,"['744', '746', '750']",,"-0.082601, -0.552482, -0.058182"
746,O,-5.755878,-4.522568,10.990402,5,['745'],,"-0.001147, -0.472707, 0.262043"
747,HN,-5.448094,-8.70742,11.688456,4,['743'],,"-0.205032, -0.252043, 0.145048"
748,H,-5.258141,-6.607376,9.712358,6,['744'],,"0.005546, 0.103473, -0.185735"
749,H,-6.691755,-7.266095,10.503883,6,['744'],,"-0.279860, -0.091408, -0.130873"
750,N,-5.780857,-5.725184,12.909379,50,"['745', '751', '757']",,"-0.126522, -0.235631, 0.183717"
751,CA,-5.651859,-4.537253,13.748544,51,"['750', '752', '754', '755']",,"-0.564244, 0.043596, 0.208861"
752,C,-4.264038,-3.916158,13.653402,52,"['751', '753', '764']",,"-0.107710, -0.375629, 0.138963"
753,O,-4.139781,-2.694415,13.553364,53,['752'],,"-0.186024, -0.511462, 0.160348"
754,H,-6.393727,-3.76507,13.429349,54,['751'],,"-0.263121, 0.242611, -0.142133"
755,C,-5.965928,-5.032693,15.175489,55,"['751', '756', '758', '759']",,"-0.363901, -0.170783, 0.596573"
756,C,-6.972532,-6.147131,14.882646,57,"['755', '757', '760', '761']",,"-0.191229, -0.111681, 0.274191"
757,C,-6.29783,-6.839756,13.69263,59,"['750', '756', '762', '763']",,"-0.281759, -0.237955, 0.264086"
758,H,-6.378694,-4.233789,15.830835,56,['755'],,"-0.006208, -0.003980, -0.020936"
759,H,-5.062167,-5.450752,15.684562,56,['755'],,"0.093184, -0.050150, 0.014824"
760,H,-7.970844,-5.737116,14.594779,58,['756'],,"-0.176950, -0.029693, -0.102494"
761,H,-7.131623,-6.830209,15.746601,58,['756'],,"-0.037125, -0.086488, 0.029216"
762,H,-7.032558,-7.469513,13.14091,60,['757'],,"-0.125679, -0.072563, -0.069012"
763,H,-5.463833,-7.49903,14.033269,60,['757'],,"0.121953, -0.037117, 0.020046"
764,N,-3.213026,-4.773019,13.674856,7,"['752', '765', '768']",,"-0.164744, -0.363182, 0.147625"
765,CA,-1.814999,-4.410705,13.564567,8,"['764', '766', '769', '770']",,"-0.067310, -0.362255, 0.576396"
766,C,-1.522773,-3.683336,12.254421,9,"['765', '767', '779']",,"-0.147955, -0.331027, 0.057382"
767,O,-0.945559,-2.59659,12.275136,11,['766'],,"-0.096084, -0.404774, 0.090913"
768,HN,-3.38899,-5.773583,13.840765,10,['764'],,"-0.004456, -0.410107, 0.144227"
769,H,-1.596081,-3.658269,14.361687,12,['765'],,"0.093538, 0.267741, 0.167072"
770,C,-0.827337,-5.60972,13.722756,153,"['765', '771', '775', '776']",,"0.103054, -0.359653, 0.369424"
771,C,-0.792647,-6.292153,15.102785,155,"['770', '772', '777', '778']",,"0.508132, 0.331956, -0.532900"
772,C,-1.98318,-7.105692,15.572409,157,"['771', '773', '774']",,"0.384837, 0.280753, -0.062694"
773,O,-2.913932,-7.386257,14.758833,158,['772'],,"0.190574, -0.011870, 0.188799"
774,O,-2.011084,-7.505158,16.759443,158,['772'],,"0.651887, 0.368217, -0.209407"
775,H,0.203243,-5.232103,13.501732,154,['770'],,"0.014348, 0.040327, -0.083506"
776,H,-1.03048,-6.378645,12.940764,154,['770'],,"-0.041668, 0.004308, -0.063298"
777,H,-0.58735,-5.517753,15.87862,156,['771'],,"0.076563, 0.108048, 0.053148"
778,H,0.086042,-6.980557,15.126712,156,['771'],,"0.161303, -0.056848, -0.013866"
779,N,-1.935773,-4.272325,11.103779,7,"['766', '780', '783']",,"-0.045524, -0.356440, 0.043352"
780,CA,-1.759118,-3.699036,9.779387,8,"['779', '781', '784', '785']",,"0.287649, -0.690856, -0.088832"
781,C,-2.442102,-2.338973,9.653409,9,"['780', '782', '789']",,"-0.022174, -0.330407, 0.106842"
782,O,-1.854377,-1.38319,9.144387,11,['781'],,"-0.168753, -0.332698, 0.057657"
783,HN,-2.363704,-5.208014,11.133824,10,['779'],,"-0.133159, -0.384321, -0.009228"
784,H,-0.670796,-3.506234,9.622599,12,['780'],,"0.307989, 0.132252, -0.058602"
785,C,-2.277863,-4.638752,8.664601,13,"['780', '786', '787', '788']",,"0.025870, -0.268152, -0.214808"
786,H,-2.100383,-4.192092,7.662234,14,['785'],,"0.033445, -0.024621, 0.007572"
787,H,-3.369512,-4.83973,8.761527,14,['785'],,"0.002626, -0.012526, 0.046011"
788,H,-1.758235,-5.623954,8.675789,14,['785'],,"0.039933, -0.088427, -0.008963"
789,N,-3.693603,-2.243351,10.160995,7,"['781', '790', '793']",,"-0.153460, -0.284273, 0.029143"
790,CA,-4.466101,-1.018142,10.185804,8,"['789', '791', '794', '795']",,"-0.053543, -0.365563, -0.571082"
791,C,-3.790561,0.08377,11.0022,9,"['790', '792', '800']",,"0.039278, -0.292818, 0.124155"
792,O,-3.730656,1.231804,10.560874,11,['791'],,"-0.115412, -0.361033, 0.114992"
793,HN,-4.157661,-3.074889,10.554818,10,['789'],,"-0.111399, -0.220368, 0.101664"
794,H,-4.512636,-0.609065,9.151297,12,['790'],,"-0.054615, 0.198973, -0.320770"
795,C,-5.901218,-1.266659,10.710005,33,"['790', '796', '797', '798']",,"-0.199730, -0.093199, 0.078308"
796,OH,-6.588583,-2.110412,9.792945,35,"['795', '799']",,"0.064502, -0.102128, 0.155526"
797,H,-6.46032,-0.3081,10.795544,34,['795'],,"0.067516, 0.014325, -0.009256"
798,H,-5.875312,-1.739679,11.72154,34,['795'],,"0.079530, -0.049121, 0.041766"
799,HO,-6.468692,-3.003289,10.105674,36,['796'],,"0.085310, -0.277325, 0.127538"
800,N,-3.266407,-0.255853,12.203516,7,"['791', '801', '804']",,"-0.116227, -0.314419, 0.171151"
801,CA,-2.550627,0.651577,13.084069,8,"['800', '802', '805', '806']",,"-0.509186, -0.225703, 0.434136"
802,C,-1.203449,1.108577,12.517983,9,"['801', '803', '810']",,"-0.162710, -0.307739, -0.043976"
803,O,-0.779653,2.238125,12.771419,11,['802'],,"-0.090570, -0.375793, 0.040992"
804,HN,-3.385238,-1.213845,12.55859,10,['800'],,"-0.089455, -0.359180, 0.172671"
805,H,-3.157004,1.582461,13.196028,12,['801'],,"-0.106580, 0.296532, -0.005256"
806,C,-2.331475,0.018108,14.48074,13,"['801', '807', '808', '809']",,"0.039062, -0.115914, 0.274661"
807,H,-1.802693,0.720009,15.163604,14,['806'],,"0.022821, 0.024976, -0.003913"
808,H,-1.71611,-0.909268,14.410667,14,['806'],,"0.032100, -0.056379, -0.056904"
809,H,-3.297036,-0.260763,14.960259,14,['806'],,"-0.004291, -0.046785, -0.048189"
810,N,-0.516088,0.232589,11.748285,7,"['802', '811', '814']",,"-0.106414, -0.381011, 0.021044"
811,CA,0.761465,0.503197,11.115407,8,"['810', '812', '815', '816']",,"-0.022409, -0.478741, 0.508617"
812,C,0.605614,1.539819,10.006504,9,"['811', '813', '830']",,"-0.133980, -0.271426, 0.024255"
813,O,1.293463,2.562346,10.010727,11,['812'],,"-0.119189, -0.400337, 0.013199"
814,HN,-0.872318,-0.722326,11.615234,10,['810'],,"-0.087401, -0.364715, 0.031237"
815,H,1.434415,0.968381,11.875884,12,['811'],,"0.200990, 0.232286, 0.203384"
816,C,1.40452,-0.804105,10.584413,61,"['811', '817', '823', '824']",,"0.129160, -0.231388, -0.012564"
817,C,2.794838,-0.609697,10.020717,63,"['816', '818', '819']",,"-0.133042, -0.022879, -0.006368"
818,C,3.925873,-0.739254,10.846609,64,"['817', '820', '825']",,"-0.063761, -0.072088, -0.024853"
819,C,2.982907,-0.307798,8.660386,64,"['817', '821', '826']",,"-0.070473, 0.033886, -0.045378"
820,C,5.213822,-0.5941,10.321979,66,"['818', '822', '827']",,"-0.087520, -0.108663, -0.031021"
821,C,4.269973,-0.155669,8.137486,66,"['819', '822', '828']",,"-0.075481, 0.022167, -0.024043"
822,C,5.386921,-0.303923,8.966129,68,"['820', '821', '829']",,"-0.061427, -0.044939, -0.080349"
823,H,0.761834,-1.273339,9.801655,62,['816'],,"-0.059330, -0.007706, -0.027284"
824,H,1.457613,-1.554517,11.407741,62,['816'],,"-0.048412, -0.025046, 0.044959"
825,H,3.808032,-0.978961,11.916445,65,['818'],,"-0.044763, 0.018065, 0.047259"
826,H,2.118085,-0.187827,7.987397,65,['819'],,"-0.080247, -0.006789, -0.033409"
827,H,6.095007,-0.720996,10.972453,67,['820'],,"0.044270, -0.020775, 0.012885"
828,H,4.391506,0.075922,7.068754,67,['821'],,"-0.020837, 0.017592, -0.013767"
829,H,6.405047,-0.203709,8.559567,69,['822'],,"0.009259, -0.022895, 0.044411"
830,N,-0.338597,1.287392,9.065198,7,"['812', '831', '834']",,"-0.133703, -0.383254, -0.077529"
831,CA,-0.688836,2.190351,7.98517,8,"['830', '832', '835', '836']",,"0.399551, -0.432992, -0.082061"
832,C,-1.167979,3.536583,8.519225,9,"['831', '833', '844']",,"-0.113795, -0.307877, 0.030210"
833,O,-0.717435,4.583051,8.053932,11,['832'],,"-0.127837, -0.356694, 0.074508"
834,HN,-0.853966,0.395794,9.069154,10,['830'],,"-0.179796, -0.300469, -0.023757"
835,H,0.232902,2.406434,7.393106,12,['831'],,"0.253916, 0.113381, -0.207575"
836,C,-1.742416,1.559756,7.026179,37,"['831', '837', '838', '839']",,"-0.312487, 0.013159, -0.611805"
837,OH,-1.093425,0.45404,6.411486,39,"['836', '840']",,"-0.164580, -0.047024, -0.018357"
838,C,-2.218028,2.490346,5.895413,41,"['836', '841', '842', '843']",,"-0.110216, 0.031355, -0.146235"
839,H,-2.618703,1.190874,7.61469,38,['836'],,"-0.011678, 0.002562, 0.024869"
840,HO,-1.742711,-0.045412,5.919244,40,['837'],,"-0.191467, -0.218251, -0.263928"
841,H,-2.894273,1.944481,5.198457,42,['838'],,"-0.053675, -0.055834, 0.003490"
842,H,-1.370809,2.895992,5.303424,42,['838'],,"-0.012151, -0.048881, 0.038864"
843,H,-2.798024,3.352344,6.292249,42,['838'],,"0.000213, -0.040842, -0.002845"
844,N,-2.084759,3.50932,9.51831,7,"['832', '845', '848']",,"-0.167547, -0.316196, 0.036278"
845,CA,-2.647027,4.682992,10.161041,8,"['844', '846', '849', '850']",,"-0.406036, -0.342936, -0.286606"
846,C,-1.571558,5.589916,10.749476,9,"['845', '847', '866']",,"-0.047121, -0.247371, 0.048557"
847,O,-1.555897,6.788145,10.473382,11,['846'],,"-0.066234, -0.295994, 0.165778"
848,HN,-2.474008,2.607046,9.823723,10,['844'],,"-0.165719, -0.292655, 0.108877"
849,H,-3.123138,5.302678,9.366753,12,['845'],,"-0.099500, 0.259289, -0.218367"
850,C,-3.720799,4.293703,11.220094,182,"['845', '851', '855', '856']",,"-0.204552, 0.005017, 0.140864"
851,C,-4.435579,5.489594,11.881158,184,"['850', '852', '857', '858']",,"0.118204, 0.114581, -0.080010"
852,C,-5.540187,5.071893,12.878724,186,"['851', '853', '859', '860']",,"0.024894, -0.229706, -0.198248"
853,C,-6.445339,6.226765,13.361438,188,"['852', '854', '861', '862']",,"0.393480, 0.538477, 0.171437"
854,N,-5.741654,7.296574,14.048415,190,"['853', '863', '864', '865']",,"0.436311, 0.322100, -0.032451"
855,H,-3.250273,3.657312,12.00666,183,['850'],,"0.027309, -0.008291, -0.024308"
856,H,-4.483442,3.651107,10.719481,183,['850'],,"0.059281, -0.028687, -0.035411"
857,H,-4.880354,6.135625,11.088015,185,['851'],,"-0.024585, 0.094550, 0.034196"
858,H,-3.686225,6.136403,12.398254,185,['851'],,"0.030275, 0.136638, 0.007902"
859,H,-5.079015,4.567438,13.760754,187,['852'],,"0.006425, -0.004909, 0.017516"
860,H,-6.200467,4.310025,12.402109,187,['852'],,"-0.036232, 0.015730, -0.007085"
861,H,-7.22499,5.830097,14.051481,189,['853'],,"0.089419, 0.113119, -0.004817"
862,H,-6.978558,6.675078,12.492511,189,['853'],,"0.047949, 0.179064, 0.039178"
863,HN,-6.338954,8.07205,14.299421,191,['854'],,"0.187624, -0.083153, -0.110461"
864,HN,-5.033112,7.720469,13.448039,191,['854'],,"0.415688, 0.423803, -0.338813"
865,HN,-5.300878,6.958366,14.900832,191,['854'],,"0.048439, -0.034909, 0.188933"
866,N,-0.63746,5.017407,11.547274,7,"['846', '867', '870']",,"-0.117347, -0.302684, 0.129512"
867,CA,0.471876,5.757838,12.119036,8,"['866', '868', '871', '872']",,"-0.393151, -0.167931, 0.402323"
868,C,1.362452,6.365295,11.030832,9,"['867', '869', '888']",,"-0.123708, -0.234377, -0.007589"
869,O,1.745909,7.531375,11.11081,11,['868'],,"-0.018050, -0.347284, -0.020887"
870,HN,-0.698299,4.01887,11.79186,10,['866'],,"-0.018749, -0.324006, 0.103444"
871,H,0.048341,6.625887,12.682621,12,['867'],,"-0.106059, 0.348776, 0.116417"
872,C,1.335918,4.873619,13.074238,182,"['867', '873', '877', '878']",,"0.039628, -0.115952, 0.121953"
873,C,2.360218,5.684982,13.905398,184,"['872', '874', '879', '880']",,"-0.140407, 0.042978, -0.172707"
874,C,3.697323,4.94694,14.141703,186,"['873', '875', '881', '882']",,"-0.134184, -0.212130, -0.357683"
875,C,4.800876,5.85434,14.72571,188,"['874', '876', '883', '884']",,"-0.019941, 0.004751, 0.305030"
876,N,4.470808,6.371991,16.041356,190,"['875', '885', '886', '887']",,"0.077899, -0.039145, 0.209970"
877,H,1.853997,4.102368,12.454426,183,['872'],,"-0.035831, -0.026330, -0.056851"
878,H,0.678959,4.294033,13.765202,183,['872'],,"-0.044986, -0.039417, -0.020805"
879,H,1.884569,5.996005,14.862694,185,['873'],,"-0.030684, -0.008445, -0.054153"
880,H,2.580978,6.636968,13.36382,185,['873'],,"-0.008517, 0.096848, -0.072456"
881,H,4.075317,4.55226,13.168346,187,['874'],,"0.033325, 0.007498, -0.056785"
882,H,3.536078,4.056764,14.793945,187,['874'],,"-0.022567, -0.044726, 0.023344"
883,H,4.986096,6.712735,14.039136,189,['875'],,"0.015635, -0.019310, 0.031921"
884,H,5.763878,5.2983,14.788609,189,['875'],,"0.179578, -0.000661, -0.036785"
885,HN,5.160067,7.048862,16.351127,191,['876'],,"0.078378, 0.071452, 0.000916"
886,HN,4.425702,5.639584,16.748788,191,['876'],,"-0.117544, -0.109257, 0.271087"
887,HN,3.565672,6.826586,16.084014,191,['876'],,"0.043893, -0.103127, 0.051999"
888,N,1.750908,5.538724,10.029136,7,"['868', '889', '892']",,"-0.062967, -0.344017, 0.051458"
889,CA,2.689692,5.919087,8.993477,8,"['888', '890', '893', '894']",,"0.164733, -0.357428, 0.402507"
890,C,2.200882,7.084714,8.135084,9,"['889', '891', '905']",,"-0.145467, -0.083768, 0.100945"
891,O,3.013193,7.923714,7.748801,11,['890'],,"-0.145794, -0.078611, 0.126240"
892,HN,1.401997,4.5715,9.987377,10,['888'],,"-0.103829, -0.344290, -0.011633"
893,H,3.599225,6.321252,9.506045,12,['889'],,"0.277075, 0.223522, 0.142763"
894,C,3.109577,4.694438,8.123197,175,"['889', '895', '898', '899']",,"0.069278, -0.074005, -0.080792"
895,C,4.148259,5.015222,7.030169,177,"['894', '896', '900', '901']",,"-0.230828, 0.015617, 0.216508"
896,S,5.016621,3.509926,6.504123,179,"['895', '897']",,"-0.407616, 0.251187, -0.149585"
897,C,5.98369,4.168281,5.128976,180,"['896', '902', '903', '904']",,"0.017368, 0.075894, -0.038835"
898,H,2.200097,4.249943,7.650767,176,['894'],,"-0.129585, -0.027128, 0.026400"
899,H,3.507291,3.908299,8.808629,176,['894'],,"-0.061576, -0.056926, 0.114141"
900,H,4.887178,5.755565,7.414123,178,['895'],,"-0.004193, 0.075597, -0.016711"
901,H,3.642254,5.509257,6.172185,178,['895'],,"0.005592, 0.065399, 0.014305"
902,H,6.512857,3.333008,4.621026,181,['897'],,"-0.005247, 0.007130, -0.011659"
903,H,6.728792,4.891191,5.520646,181,['897'],,"0.005776, 0.017918, -0.001258"
904,H,5.324821,4.676252,4.392438,181,['897'],,"0.012431, 0.039375, -0.049711"
905,N,0.8884,7.122449,7.786683,7,"['890', '906', '909']",,"-0.134636, -0.256204, 0.014267"
906,CA,0.32296,8.182877,6.972207,8,"['905', '907', '910', '911']",,"0.307402, -0.300560, -0.317716"
907,C,-0.0128,9.431734,7.793342,9,"['906', '908', '921']",,"-0.092781, -0.212985, 0.058375"
908,O,0.36565,10.536012,7.40657,11,['907'],,"-0.100397, -0.136306, 0.078659"
909,HN,0.23906,6.382166,8.085056,10,['905'],,"-0.154458, -0.270553, 0.061366"
910,H,1.139376,8.541354,6.295661,12,['906'],,"0.293762, 0.222782, -0.188136"
911,C,-0.856655,7.76591,6.020868,15,"['906', '912', '913', '914']",,"-0.062373, -0.025285, -0.089683"
912,C,-0.377792,6.665608,5.038265,17,"['911', '915', '916', '917']",,"0.024367, 0.007681, 0.117423"
913,C,-2.137425,7.274504,6.738872,17,"['911', '918', '919', '920']",,"0.052002, 0.008751, 0.031492"
914,H,-1.125092,8.669309,5.416746,16,['911'],,"0.021812, 0.003840, 0.017840"
915,H,-1.143666,6.444637,4.261982,18,['912'],,"0.023962, 0.002186, 0.032319"
916,H,-0.145122,5.709919,5.561563,18,['912'],,"-0.006474, -0.032835, 0.070882"
917,H,0.543204,6.986117,4.501839,18,['912'],,"-0.021475, 0.003512, 0.025261"
918,H,-2.947568,7.048764,6.009147,18,['913'],,"0.034555, 0.010962, 0.017254"
919,H,-2.543787,8.04301,7.429331,18,['913'],,"0.022713, 0.013886, 0.000599"
920,H,-1.968771,6.354361,7.33636,18,['913'],,"0.051260, -0.088376, 0.028619"
921,N,-0.747852,9.282134,8.924122,7,"['907', '922', '925']",,"-0.145712, -0.223259, 0.040533"
922,CA,-1.16772,10.404774,9.748952,8,"['921', '923', '926', '927']",,"-0.544950, -0.192852, -0.110941"
923,C,0.002709,11.180351,10.335285,9,"['922', '924', '936']",,"-0.104478, -0.260101, 0.070884"
924,O,-0.010148,12.411739,10.326829,11,['923'],,"-0.185590, -0.317172, -0.140549"
925,HN,-1.00906,8.345514,9.261146,10,['921'],,"-0.070189, -0.252519, 0.157841"
926,H,-1.681251,11.146147,9.087568,12,['922'],,"-0.076972, 0.325814, -0.185492"
927,C,-2.124611,10.011034,10.910921,153,"['922', '928', '932', '933']",,"-0.402462, -0.100423, 0.212617"
928,C,-3.514987,9.526799,10.452573,155,"['927', '929', '934', '935']",,"0.709126, 0.322986, -0.176257"
929,C,-4.405089,8.996281,11.552577,157,"['928', '930', '931']",,"0.276502, 0.286837, -0.451791"
930,O,-3.928126,8.664204,12.675173,158,['929'],,"0.691791, 0.596429, -0.383971"
931,O,-5.629022,8.813622,11.305081,158,['929'],,"0.666922, 0.160407, -0.413199"
932,H,-2.261859,10.883611,11.597748,154,['927'],,"0.036553, 0.079102, 0.091990"
933,H,-1.636495,9.222577,11.530859,154,['927'],,"0.038006, -0.016203, 0.036511"
934,H,-3.403205,8.717536,9.697141,156,['928'],,"0.052767, -0.084127, -0.065531"
935,H,-4.048617,10.36711,9.952952,156,['928'],,"0.007003, 0.098915, -0.059109"
936,N,1.041608,10.465743,10.82308,7,"['923', '937', '940']",,"-0.184450, -0.269781, 0.114358"
937,CA,2.195448,11.048864,11.48826,8,"['936', '938', '941', '942']",,"-0.299089, -0.185912, 0.383525"
938,C,3.333138,11.415017,10.516008,9,"['937', '939', '950']",,"-0.402868, -0.041678, -0.077013"
939,O,4.509013,11.512593,10.914293,11,['938'],,"-0.463320, 0.223332, -0.348526"
940,HN,1.054555,9.438221,10.750797,10,['936'],,"0.024671, -0.297673, -0.007359"
941,H,1.887413,12.028819,11.932206,12,['937'],,"-0.130451, 0.376277, 0.143114"
942,C,2.684941,10.140291,12.657492,147,"['937', '943', '946', '947']",,"0.167108, -0.082793, 0.143474"
943,C,1.607523,9.784864,13.691376,149,"['942', '944', '945']",,"0.109843, 0.046325, -0.072040"
944,O,0.437412,10.139892,13.571313,150,['943'],,"0.136262, 0.088900, -0.039250"
945,N,2.015478,9.001748,14.714869,151,"['943', '948', '949']",,"-0.034947, 0.128088, 0.013773"
946,H,3.508009,10.666479,13.18861,148,['942'],,"-0.010677, 0.039426, -0.047952"
947,H,3.109297,9.194825,12.248484,148,['942'],,"-0.019002, -0.073127, -0.073962"
948,HN,3.010702,8.786721,14.823487,152,['945'],,"-0.042196, 0.101744, -0.038554"
949,HN,1.325355,8.742569,15.431719,152,['945'],,"-0.015862, 0.024142, 0.043373"
950,N,3.047936,11.574184,9.199062,7,"['938', '951', '954']",,"-0.286782, -0.021530, -0.159778"
951,CA,3.995924,12.02917,8.189865,8,"['950', '952', '955', '956']",,"-0.097055, -0.726731, -0.128857"
952,C,3.81125,13.53965,8.02264,9,"['951', '953', '960']",,"0.332608, -0.179595, -0.098299"
953,O,2.707005,14.066556,8.183244,11,['952'],,"0.302495, -0.169175, -0.016165"
954,HN,2.075081,11.568964,8.861116,10,['950'],,"-0.234302, 0.024531, -0.065846"
955,H,5.041187,11.822943,8.530663,12,['951'],,"0.333188, -0.041414, 0.152233"
956,C,3.736602,11.317676,6.839337,13,"['951', '957', '958', '959']",,"-0.015127, -0.170941, -0.245909"
957,H,4.475931,11.627132,6.06665,14,['956'],,"-0.006998, 0.065408, -0.011577"
958,H,2.722047,11.551055,6.444396,14,['956'],,"-0.064412, 0.005476, 0.008499"
959,H,3.795504,10.214248,6.958061,14,['956'],,"-0.073210, -0.017816, 0.095058"
960,N,4.903511,14.253576,7.656563,7,"['952', '961', '964']",,"0.279487, -0.153993, 0.042367"
961,CA,4.854184,15.668789,7.316377,8,"['960', '962', '965', '966']",,"0.196121, -0.023142, 0.495573"
962,C,4.14073,15.907659,5.972381,9,"['961', '963', '982']",,"0.140759, -0.211243, 0.046179"
963,O,3.510844,16.949827,5.786582,11,['962'],,"0.090600, -0.151853, 0.081690"
964,HN,5.794089,13.770862,7.467907,10,['960'],,"0.284800, -0.133311, -0.143778"
965,H,4.20956,16.191689,8.065144,12,['961'],,"-0.247211, 0.247351, 0.153193"
966,C,6.260471,16.341526,7.308652,182,"['961', '967', '971', '972']",,"0.120342, 0.127683, 0.068440"
967,C,6.955263,16.367091,8.695742,184,"['966', '968', '973', '974']",,"-0.297057, -0.008016, 0.079822"
968,C,8.449731,16.753405,8.615655,186,"['967', '969', '975', '976']",,"-0.538052, 0.165028, 0.352307"
969,C,9.363591,15.60253,8.135059,188,"['968', '970', '977', '978']",,"-0.017227, 0.174876, -0.158664"
970,N,10.318297,16.039953,7.129499,190,"['969', '979', '980', '981']",,"0.077725, 0.146103, 0.020670"
971,H,6.143305,17.393519,6.952291,183,['966'],,"-0.052114, -0.001339, 0.025376"
972,H,6.887185,15.822038,6.545723,183,['966'],,"-0.068751, -0.075362, -0.027907"
973,H,6.835091,15.401043,9.239778,185,['967'],,"-0.044887, -0.024555, 0.048624"
974,H,6.42447,17.119152,9.331389,185,['967'],,"-0.152447, 0.127133, 0.131557"
975,H,8.787106,17.065742,9.634196,187,['968'],,"0.001795, 0.054557, 0.079535"
976,H,8.556656,17.66965,7.989887,187,['968'],,"-0.068956, 0.103466, 0.035037"
977,H,8.774626,14.761726,7.707019,189,['969'],,"-0.067784, -0.154567, -0.058531"
978,H,9.922199,15.177118,8.999626,189,['969'],,"-0.044898, 0.000912, -0.096266"
979,HN,10.98188,15.314187,6.889042,191,['970'],,"-0.077741, 0.098416, 0.024325"
980,HN,10.85411,16.84708,7.447735,191,['970'],,"0.216660, 0.374413, 0.074230"
981,HN,9.859983,16.322856,6.270058,191,['970'],,"0.047228, -0.009227, 0.052319"
982,N,4.178366,14.934344,5.028136,7,"['962', '983', '986']",,"0.265419, -0.245843, 0.164884"
983,CA,3.402367,14.939642,3.797687,8,"['982', '984', '987', '988']",,"0.290981, 0.559657, 0.444945"
984,C,3.130188,13.509861,3.307686,9,"['983', '985', '1004']",,"-0.252469, 0.338025, -0.066539"
985,O,3.891441,12.568768,3.569788,11,['984'],,"-0.314370, 0.263752, -0.036492"
986,HN,4.842442,14.149754,5.113525,10,['982'],,"0.401719, -0.305495, 0.050020"
987,H,2.405382,15.399134,4.03198,12,['983'],,"-0.338089, 0.184037, 0.116816"
988,C,4.110181,15.77108,2.68043,182,"['983', '989', '993', '994']",,"-0.024310, 0.125919, -0.016548"
989,C,5.377775,15.116724,2.064698,184,"['988', '990', '995', '996']",,"-0.066034, -0.068201, 0.184989"
990,C,5.962663,15.945089,0.896342,186,"['989', '991', '997', '998']",,"-0.333680, -0.024299, 0.346191"
991,C,7.111974,15.2335,0.145825,188,"['990', '992', '999', '1000']",,"0.149513, 0.377714, -0.303510"
992,N,7.888779,16.122697,-0.708675,190,"['991', '1001', '1002', '1003']",,"0.143692, 0.190342, -0.219663"
993,H,4.354495,16.783902,3.079751,183,['988'],,"-0.035230, -0.047344, 0.066602"
994,H,3.364396,15.948967,1.868736,183,['988'],,"-0.005886, 0.001208, 0.009502"
995,H,5.123891,14.093999,1.699509,185,['989'],,"-0.029383, -0.023230, 0.026627"
996,H,6.141916,14.970842,2.866518,185,['989'],,"0.001990, -0.025547, 0.109196"
997,H,6.309215,16.923774,1.295974,187,['990'],,"0.054637, 0.078239, 0.028570"
998,H,5.154204,16.182701,0.16381,187,['990'],,"-0.042708, 0.000527, -0.001494"
999,H,6.68591,14.434361,-0.498813,189,['991'],,"0.091454, 0.035359, -0.085688"
1000,H,7.808231,14.722023,0.848856,189,['991'],,"-0.026602, 0.059016, -0.097520"
1001,HN,8.305187,15.630431,-1.501379,191,['992'],,"0.127835, -0.047316, -0.262537"
1002,HN,8.659698,16.545403,-0.197915,191,['992'],,"0.060032, 0.025043, 0.010782"
1003,HN,7.347348,16.887657,-1.111653,191,['992'],,"0.015611, 0.235934, -0.162515"
1004,N,2.07926,13.375924,2.459716,7,"['984', '1005', '1008']",,"-0.162440, 0.127631, -0.017273"
1005,CA,1.772593,12.181854,1.684646,8,"['1004', '1006', '1009', '1010']",,"-0.092588, 0.002700, 0.552471"
1006,C,1.95564,12.528647,0.199722,9,"['1005', '1007', '1023']",,"0.023306, -0.440065, 0.134947"
1007,O,1.722131,13.666545,-0.221803,11,['1006'],,"0.098587, -0.251250, 0.202044"
1008,HN,1.504498,14.192912,2.20576,10,['1004'],,"-0.113280, 0.144706, -0.100058"
1009,H,2.506546,11.378694,1.936821,12,['1005'],,"0.255939, -0.320591, 0.095601"
1010,C,0.315312,11.663422,1.9782,25,"['1005', '1011', '1012', '1014']",,"-0.236462, -0.100886, 0.337075"
1011,C,0.089346,11.434144,3.506149,27,"['1010', '1013', '1015', '1016']",,"0.076588, 0.090033, 0.015326"
1012,C,0.007174,10.341828,1.223289,29,"['1010', '1017', '1018', '1019']",,"0.031190, 0.019356, -0.015029"
1013,C,1.070023,10.450403,4.161878,31,"['1011', '1020', '1021', '1022']",,"0.018747, 0.028286, 0.120568"
1014,H,-0.406547,12.446362,1.627432,26,['1010'],,"0.008462, 0.061421, -0.056644"
1015,H,-0.948366,11.074888,3.687128,28,['1011'],,"0.043118, 0.014318, 0.028797"
1016,H,0.150761,12.411755,4.040437,28,['1011'],,"0.012084, 0.046033, 0.038295"
1017,H,-1.001041,9.943636,1.475256,30,['1012'],,"0.022305, 0.015069, -0.000809"
1018,H,0.755201,9.552455,1.45771,30,['1012'],,"0.046102, 0.005047, 0.013870"
1019,H,0.02009,10.478329,0.121057,30,['1012'],,"0.016569, 0.006561, -0.007148"
1020,H,0.923822,10.450525,5.261946,32,['1013'],,"-0.042538, 0.068687, 0.191047"
1021,H,2.131901,10.726468,3.995746,32,['1013'],,"-0.005613, 0.052084, 0.026709"
1022,H,0.928333,9.40669,3.805738,32,['1013'],,"0.001511, 0.069743, 0.008287"
1023,N,2.368663,11.520094,-0.599504,7,"['1006', '1024', '1027']",,"0.096290, -0.214975, 0.098170"
1024,CA,2.465406,11.534075,-2.047866,8,"['1023', '1025', '1028', '1029']",,"0.382066, 0.417656, 0.234825"
1025,C,1.870203,10.222809,-2.570253,9,"['1024', '1026', '1038']",,"-0.184492, 0.453117, -0.393544"
1026,O,2.150308,9.148506,-2.016792,11,['1025'],,"-0.207648, 0.437602, -0.389786"
1027,HN,2.613452,10.611196,-0.176875,10,['1023'],,"0.120289, -0.327434, 0.151277"
1028,H,1.883902,12.392854,-2.461116,12,['1024'],,"-0.186129, 0.304637, -0.257857"
1029,C,3.947131,11.580819,-2.510462,153,"['1024', '1030', '1034', '1035']",,"0.341073, 0.293327, 0.043963"
1030,C,4.778688,12.790076,-2.046688,155,"['1029', '1031', '1036', '1037']",,"-0.648978, -0.348597, -0.010819"
1031,C,6.233603,12.678936,-2.455267,157,"['1030', '1032', '1033']",,"-0.445020, -0.205531, 0.226284"
1032,O,6.88887,11.655598,-2.1379,158,['1031'],,"-0.038642, -0.077811, 0.164635"
1033,O,6.74336,13.6735,-3.048806,158,['1031'],,"-0.635000, -0.760871, 0.171224"
1034,H,3.959895,11.549707,-3.623959,154,['1029'],,"-0.111414, 0.001252, -0.023857"
1035,H,4.463128,10.654891,-2.171611,154,['1029'],,"-0.003857, -0.011322, -0.003647"
1036,H,4.746899,12.884881,-0.938422,156,['1030'],,"-0.077935, 0.030236, 0.107117"
1037,H,4.339123,13.724087,-2.463999,156,['1030'],,"-0.127039, 0.055819, 0.001973"
1038,N,1.097586,10.260379,-3.675142,7,"['1025', '1039', '1042']",,"-0.207880, 0.443320, -0.256398"
1039,CA,0.66119,9.070136,-4.396758,8,"['1038', '1040', '1043', '1044']",,"-0.728231, 0.307747, 0.545150"
1040,C,1.443642,8.982813,-5.715437,9,"['1039', '1041', '1050']",,"-0.292700, -0.147673, 0.266017"
1041,O,1.996074,9.948869,-6.251167,11,['1040'],,"-0.302603, -0.310612, 0.137942"
1042,HN,0.763651,11.139929,-4.104533,10,['1038'],,"-0.281639, 0.316549, -0.337516"
1043,H,0.9354,8.169477,-3.798773,12,['1039'],,"0.156351, -0.266298, 0.214120"
1044,C,-0.871472,9.049681,-4.642592,137,"['1039', '1045', '1048', '1049']",,"-0.259041, -0.195160, 0.124287"
1045,C,-1.394615,10.22339,-5.455211,139,"['1044', '1046', '1047']",,"-0.051138, -0.127926, 0.004008"
1046,O,-2.17017,9.959197,-6.428716,140,['1045'],,"0.009887, -0.156288, -0.042884"
1047,O,-0.896869,11.345224,-5.185226,140,['1045'],,"-0.286400, 0.016230, -0.219585"
1048,H,-1.412728,9.051781,-3.665592,138,['1044'],,"-0.009505, -0.014791, 0.080190"
1049,H,-1.161317,8.103675,-5.147294,138,['1044'],,"-0.005477, -0.036732, 0.000768"
1050,N,1.566098,7.741401,-6.235009,7,"['1040', '1051', '1054']",,"-0.093973, -0.031954, 0.255316"
1051,CA,2.225004,7.399684,-7.479373,8,"['1050', '1052', '1055', '1056']",,"0.417462, 0.396904, 0.566314"
1052,C,1.377949,6.339882,-8.187415,9,"['1051', '1053', '1065']",,"0.115254, 0.432266, -0.096733"
1053,O,1.304155,5.178365,-7.762487,11,['1052'],,"0.072045, 0.346226, -0.366270"
1054,HN,1.30733,6.933133,-5.653008,10,['1050'],,"0.051765, -0.207260, 0.280629"
1055,H,2.314302,8.309076,-8.126153,12,['1051'],,"0.084435, 0.358623, -0.187426"
1056,C,3.636468,6.829952,-7.152672,153,"['1051', '1057', '1061', '1062']",,"0.320588, -0.160431, -0.173644"
1057,C,4.488016,6.426482,-8.372745,155,"['1056', '1058', '1063', '1064']",,"-0.631372, 0.468401, 0.188442"
1058,C,5.681174,5.54424,-8.081335,157,"['1057', '1059', '1060']",,"-0.377495, 0.491113, -0.320234"
1059,O,5.634704,4.70683,-7.136675,158,['1058'],,"-0.860538, 0.491783, -0.379603"
1060,O,6.707064,5.617065,-8.801789,158,['1058'],,"-0.494279, 0.532785, 0.063595"
1061,H,3.475921,5.927832,-6.520803,154,['1056'],,"-0.090524, -0.019997, 0.017268"
1062,H,4.207217,7.556926,-6.527556,154,['1056'],,"-0.093339, 0.032160, 0.046290"
1063,H,4.846012,7.340447,-8.89375,156,['1057'],,"-0.077898, 0.174008, -0.068014"
1064,H,3.860376,5.877072,-9.11037,156,['1057'],,"-0.125978, -0.033799, -0.177239"
1065,N,0.704033,6.741353,-9.287586,7,"['1052', '1066', '1069']",,"0.009932, 0.247608, -0.008018"
1066,CA,0.048162,5.814276,-10.203961,8,"['1065', '1067', '1070', '1071']",,"-0.315679, 0.431363, 0.172765"
1067,C,1.132783,5.0378,-10.957899,9,"['1066', '1068', '1085']",,"-0.259303, 0.017511, -0.056391"
1068,O,2.258444,5.512848,-11.137893,11,['1067'],,"-0.194218, -0.007887, 0.031682"
1069,HN,0.635521,7.743723,-9.505987,10,['1065'],,"-0.011270, 0.154074, -0.000466"
1070,H,-0.560195,5.088777,-9.605748,12,['1066'],,"-0.187983, -0.213501, 0.251398"
1071,C,-0.852582,6.542591,-11.238532,61,"['1066', '1072', '1078', '1079']",,"-0.284252, 0.117047, -0.056546"
1072,C,-1.968734,7.317983,-10.578603,63,"['1071', '1073', '1074']",,"-0.100339, 0.078116, 0.194357"
1073,C,-1.856722,8.704867,-10.384976,64,"['1072', '1075', '1080']",,"-0.151763, 0.250778, 0.167186"
1074,C,-3.128483,6.661606,-10.127851,64,"['1072', '1076', '1081']",,"-0.030865, -0.040978, 0.121334"
1075,C,-2.871134,9.406004,-9.731811,66,"['1073', '1077', '1082']",,"0.069141, 0.321848, 0.250732"
1076,C,-4.15023,7.36881,-9.487767,66,"['1074', '1077', '1083']",,"0.061042, 0.070780, 0.064131"
1077,C,-4.019634,8.744747,-9.285664,68,"['1075', '1076', '1084']",,"0.175526, 0.202435, 0.131060"
1078,H,-1.29675,5.813874,-11.954145,62,['1071'],,"0.018451, 0.016591, 0.025673"
1079,H,-0.22548,7.232376,-11.846545,62,['1071'],,"0.016013, 0.001061, 0.025670"
1080,H,-0.963709,9.264427,-10.711082,65,['1073'],,"-0.044446, 0.118301, 0.016140"
1081,H,-3.238713,5.571275,-10.249413,65,['1074'],,"-0.042363, -0.109494, 0.131874"
1082,H,-2.748462,10.485479,-9.564097,67,['1075'],,"0.009666, 0.238435, 0.028262"
1083,H,-5.040133,6.831446,-9.121377,67,['1076'],,"0.036964, -0.039377, 0.005195"
1084,H,-4.798317,9.309075,-8.751202,69,['1077'],,"0.097345, 0.082736, 0.043088"
1085,N,0.773906,3.815103,-11.417676,7,"['1067', '1086', '1089']",,"-0.091926, 0.079597, 0.073273"
1086,CA,1.654393,3.004151,-12.25102,8,"['1085', '1087', '1090', '1091']",,"0.069215, -0.306246, 0.681803"
1087,C,1.419864,3.416457,-13.722296,9,"['1086', '1088', '1097']",,"0.100071, -0.358706, 0.094673"
1088,O,1.082083,4.567613,-14.045004,11,['1087'],,"-0.092477, -0.349338, 0.302515"
1089,HN,-0.188546,3.470129,-11.298489,10,['1085'],,"-0.111326, -0.029642, 0.015794"
1090,H,2.703241,3.313362,-12.031972,12,['1086'],,"0.386878, 0.169066, 0.039541"
1091,C,1.530942,1.500977,-11.863969,137,"['1086', '1092', '1095', '1096']",,"-0.518035, 0.101305, 0.210550"
1092,C,2.738424,0.628874,-12.139752,139,"['1091', '1093', '1094']",,"-0.446308, 0.269608, 0.171350"
1093,O,3.447761,0.856742,-13.146526,140,['1092'],,"-0.386078, 0.079326, 0.220385"
1094,O,3.029756,-0.293532,-11.323581,140,['1092'],,"-0.478268, 0.287725, -0.293606"
1095,H,0.637133,1.068047,-12.371872,138,['1091'],,"-0.273230, -0.062363, -0.124048"
1096,H,1.319402,1.422839,-10.773646,138,['1091'],,"-0.111358, 0.087510, 0.105951"
1097,N,1.731238,2.507129,-14.670199,7,"['1087', '1098', '1101']",,"0.149789, -0.285046, 0.120820"
1098,CA,1.552077,2.702479,-16.09085,8,"['1097', '1099', '1102', '1103']",,"0.312024, -0.085754, 0.100961"
1099,C,0.094704,2.490371,-16.510883,9,"['1098', '1100', '1119']",,"-0.149924, -0.200333, 0.109764"
1100,O,-0.393582,3.265494,-17.330133,11,['1099'],,"-0.042630, -0.097780, 0.099045"
1101,HN,2.181616,1.623395,-14.405863,10,['1097'],,"0.249725, -0.247267, 0.189419"
1102,H,1.729285,3.771484,-16.336567,12,['1098'],,"-0.162305, 0.088429, -0.098438"
1103,C,2.542025,1.82085,-16.919577,182,"['1098', '1104', '1108', '1109']",,"0.002681, -0.180027, -0.223277"
1104,C,4.040895,2.106724,-16.604236,184,"['1103', '1105', '1110', '1111']",,"-0.189341, -0.130034, 0.000969"
1105,C,5.008564,0.975215,-17.012397,186,"['1104', '1106', '1112', '1113']",,"-0.302090, -0.213584, -0.346856"
1106,C,6.510202,1.307411,-16.832129,188,"['1105', '1107', '1114', '1115']",,"0.000064, 0.003459, 0.261198"
1107,N,6.931687,1.613274,-15.470037,190,"['1106', '1116', '1117', '1118']",,"-0.006795, -0.174545, 0.209168"
1108,H,2.336605,1.948221,-18.010252,183,['1103'],,"-0.085519, -0.070072, -0.091234"
1109,H,2.307945,0.747371,-16.711832,183,['1103'],,"-0.062024, -0.069193, -0.012190"
1110,H,4.157895,2.270933,-15.510701,185,['1104'],,"-0.088294, -0.037499, 0.033048"
1111,H,4.35553,3.052153,-17.098311,185,['1104'],,"0.023786, -0.136300, 0.011300"
1112,H,4.844509,0.72923,-18.089391,187,['1105'],,"0.043645, 0.035215, -0.186975"
1113,H,4.755896,0.04059,-16.456183,187,['1105'],,"-0.053690, -0.098914, 0.015009"
1114,H,6.809484,2.157326,-17.488346,189,['1106'],,"0.069474, 0.032642, 0.007929"
1115,H,7.102586,0.431499,-17.1763,189,['1106'],,"0.108029, 0.003128, -0.000913"
1116,HN,7.948184,1.586455,-15.382263,191,['1107'],,"0.052583, -0.004924, 0.001569"
1117,HN,6.566484,0.94791,-14.78162,191,['1107'],,"-0.095808, -0.259742, 0.382081"
1118,HN,6.624037,2.529906,-15.165415,191,['1107'],,"0.030882, -0.173676, -0.022178"
1119,N,-0.54699,1.416005,-15.997153,1,"['1099', '1120', '1123']",,"0.091794, -0.221375, 0.209226"
1120,CA,-1.896926,0.982242,-16.281986,2,"['1119', '1121', '1124', '1125']",,"0.589825, 0.081278, -0.172074"
1121,C,-3.03427,1.58176,-15.446462,3,"['1120', '1122', '1126']",,"0.093910, -0.249821, -0.165946"
1122,O,-2.997666,2.730542,-15.007752,5,['1121'],,"0.000154, -0.121026, -0.052754"
1123,HN,-0.099834,0.807598,-15.296559,4,['1119'],,"0.051160, -0.219940, 0.200439"
1124,H,-2.137848,1.208237,-17.345965,6,['1120'],,"-0.035358, 0.045753, -0.156258"
1125,H,-1.920387,-0.128437,-16.202541,6,['1120'],,"0.038746, -0.168695, -0.000447"
1126,N,-4.103366,0.742839,-15.312292,7,"['1121', '1127', '1130']",,"0.039184, -0.150798, -0.181846"
1127,CA,-5.4121,0.950344,-14.690121,8,"['1126', '1128', '1131', '1132']",,"0.152238, -0.403912, -0.509489"
1128,C,-5.317134,1.77373,-13.400234,9,"['1127', '1129', '1143']",,"-0.166848, 0.152235, -0.376411"
1129,O,-4.726704,1.321091,-12.411756,11,['1128'],,"-0.237125, 0.340572, -0.164075"
1130,HN,-4.028768,-0.182032,-15.763309,10,['1126'],,"0.010460, -0.199523, -0.079086"
1131,H,-6.058985,1.490629,-15.42318,12,['1127'],,"-0.163520, 0.155118, -0.286562"
1132,C,-6.012305,-0.467952,-14.412519,167,"['1127', '1133', '1137', '1138']",,"-0.427726, -0.129905, 0.162087"
1133,C,-7.400898,-0.536318,-13.732446,169,"['1132', '1134', '1139', '1140']",,"0.000073, 0.150145, -0.054477"
1134,C,-7.896466,-1.960694,-13.479891,171,"['1133', '1135', '1136']",,"-0.328640, 0.323317, 0.004420"
1135,O,-7.167591,-2.951455,-13.634434,172,['1134'],,"-0.244726, 0.611286, 0.058386"
1136,N,-9.192759,-2.054419,-13.119464,173,"['1134', '1141', '1142']",,"-0.226359, 0.113895, -0.040523"
1137,H,-5.299197,-1.042686,-13.776707,168,['1132'],,"0.030134, 0.034904, -0.030355"
1138,H,-6.080609,-1.025077,-15.377986,168,['1132'],,"0.007336, -0.036719, -0.086516"
1139,H,-8.144113,-0.016418,-14.381313,170,['1133'],,"-0.152586, 0.053052, -0.038659"
1140,H,-7.398137,0.013145,-12.765852,170,['1133'],,"-0.121067, 0.076282, 0.100415"
1141,HN,-9.772251,-1.201648,-13.046164,174,['1136'],,"-0.070115, 0.173382, -0.003183"
1142,HN,-9.613373,-2.984654,-12.963101,174,['1136'],,"-0.055408, 0.014499, -0.030230"
1143,N,-5.897522,3.003455,-13.384987,7,"['1128', '1144', '1147']",,"0.021468, 0.092453, -0.348687"
1144,CA,-5.816139,3.931637,-12.26258,8,"['1143', '1145', '1148', '1149']",,"0.438483, 0.010047, -0.319956"
1145,C,-6.946324,3.85696,-11.234533,9,"['1144', '1146', '1167']",,"-0.017450, -0.101605, -0.324362"
1146,O,-6.762299,4.303862,-10.098094,11,['1145'],,"-0.151148, -0.044874, -0.431388"
1147,HN,-6.466088,3.318031,-14.186417,10,['1143'],,"-0.203266, 0.165204, -0.296843"
1148,H,-4.915184,3.654911,-11.657913,12,['1144'],,"0.297495, -0.142763, 0.286226"
1149,C,-5.645488,5.413516,-12.719799,202,"['1144', '1150', '1156', '1157']",,"0.040028, 0.144778, 0.012395"
1150,C,-4.294041,5.683378,-13.417813,204,"['1149', '1151', '1158', '1159']",,"-0.170929, -0.464920, 0.061657"
1151,C,-4.08332,7.171798,-13.7554,206,"['1150', '1152', '1160', '1161']",,"-0.310100, -0.316829, 0.039812"
1152,N,-2.707083,7.39964,-14.17574,208,"['1151', '1153', '1162']",,"-0.242896, 0.003145, 0.111113"
1153,C,-2.004853,8.51339,-13.903916,210,"['1152', '1154', '1155']",,"-0.096774, 0.173415, 0.099834"
1154,N,-2.551868,9.649422,-13.470856,211,"['1153', '1163', '1164']",,"0.059284, 0.194528, 0.154856"
1155,N,-0.681634,8.45465,-14.101093,211,"['1153', '1165', '1166']",,"-0.148882, 0.076981, 0.012576"
1156,H,-5.716661,6.064991,-11.813451,203,['1149'],,"0.001762, -0.020848, 0.071333"
1157,H,-6.500554,5.708561,-13.373562,203,['1149'],,"-0.025636, -0.031580, -0.005885"
1158,H,-4.2259,5.064265,-14.345547,205,['1150'],,"-0.015449, -0.147374, -0.151603"
1159,H,-3.482954,5.313631,-12.749059,205,['1150'],,"0.006367, -0.022743, 0.009246"
1160,H,-4.325747,7.785203,-12.857505,207,['1151'],,"-0.122556, -0.052434, 0.204858"
1161,H,-4.783624,7.472191,-14.567894,207,['1151'],,"-0.116881, -0.036374, -0.125415"
1162,HN,-2.258762,6.593699,-14.636863,209,['1152'],,"0.011722, -0.024578, -0.019110"
1163,HN,-3.568385,9.730549,-13.362601,212,['1154'],,"0.069979, 0.018532, 0.034378"
1164,HN,-1.991219,10.460403,-13.169844,212,['1154'],,"-0.076214, 0.305339, 0.179541"
1165,HN,-0.241812,7.545119,-14.293956,212,['1155'],,"-0.095069, 0.026321, 0.045164"
1166,HN,-0.105705,9.299105,-13.987578,212,['1155'],,"-0.051484, 0.034643, 0.008989"
1167,N,-8.122227,3.302527,-11.587299,7,"['1145', '1168', '1171']",,"-0.142677, -0.029651, -0.281488"
1168,CA,-9.228287,3.048666,-10.671106,8,"['1167', '1169', '1172', '1173']",,"0.342630, 0.454975, 0.001245"
1169,C,-9.660807,1.585673,-10.875586,9,"['1168', '1170', '1181']",,"-0.171643, 0.198614, 0.296687"
1170,O,-9.589173,1.052874,-11.988353,11,['1169'],,"-0.101958, 0.145608, 0.175733"
1171,HN,-8.320938,3.010213,-12.554195,10,['1167'],,"-0.122092, -0.086926, -0.191565"
1172,H,-8.880317,3.165926,-9.617009,12,['1168'],,"0.092986, 0.057171, 0.429209"
1173,C,-10.408594,4.03882,-10.908487,37,"['1168', '1174', '1175', '1176']",,"-0.203900, 0.416380, -0.065688"
1174,OH,-10.73477,4.040089,-12.288257,39,"['1173', '1177']",,"-0.147494, -0.234428, -0.051913"
1175,C,-10.106074,5.507564,-10.540199,41,"['1173', '1178', '1179', '1180']",,"-0.058121, 0.004873, 0.017353"
1176,H,-11.298714,3.675309,-10.336562,38,['1173'],,"-0.007131, -0.100260, -0.063757"
1177,HO,-11.311604,3.291653,-12.428712,40,['1174'],,"-0.301347, -0.278419, -0.039668"
1178,H,-10.998577,6.147046,-10.725921,42,['1175'],,"0.000139, -0.058748, -0.025558"
1179,H,-9.26693,5.919185,-11.14278,42,['1175'],,"-0.037269, -0.103516, -0.063472"
1180,H,-9.850456,5.604257,-9.461491,42,['1175'],,"-0.050968, -0.045756, -0.012294"
1181,N,-10.030768,0.884897,-9.772748,7,"['1169', '1182', '1185']",,"-0.032683, 0.287642, 0.210643"
1182,CA,-10.494288,-0.497536,-9.82417,8,"['1181', '1183', '1186', '1187']",,"0.637734, 0.225548, 0.349763"
1183,C,-11.991704,-0.510961,-10.137899,9,"['1182', '1184', '1193']",,"0.227496, -0.106573, 0.075647"
1184,O,-12.649678,0.52491,-10.220608,11,['1183'],,"0.253506, -0.107275, -0.103349"
1185,HN,-10.105906,1.356139,-8.860594,10,['1181'],,"0.014553, 0.245483, 0.347241"
1186,H,-9.997779,-0.990518,-10.693978,12,['1182'],,"0.175851, -0.083485, -0.349859"
1187,C,-10.119087,-1.291133,-8.54098,137,"['1182', '1188', '1191', '1192']",,"0.373252, -0.142234, -0.403397"
1188,C,-10.823658,-1.009372,-7.232771,139,"['1187', '1189', '1190']",,"0.194026, 0.016966, -0.460765"
1189,O,-11.786319,-0.19922,-7.187071,140,['1188'],,"0.185607, -0.049233, -0.140765"
1190,O,-10.437259,-1.653751,-6.220039,140,['1188'],,"-0.070311, 0.335741, -0.614125"
1191,H,-9.029351,-1.152399,-8.359619,138,['1187'],,"0.144194, 0.073119, -0.093279"
1192,H,-10.238872,-2.38122,-8.750244,138,['1187'],,"0.051416, -0.067167, -0.062405"
1193,N,-12.550092,-1.736452,-10.293892,7,"['1183', '1194', '1197']",,"0.068466, -0.079163, -0.121365"
1194,CA,-13.961045,-1.973411,-10.552376,8,"['1193', '1195', '1198', '1199']",,"0.128783, -0.171256, -0.526198"
1195,C,-14.933499,-1.429871,-9.492378,9,"['1194', '1196', '1215']",,"0.158311, -0.035377, 0.027227"
1196,O,-16.111159,-1.251431,-9.806241,11,['1195'],,"0.135449, -0.021594, 0.149682"
1197,HN,-11.952982,-2.572184,-10.272379,10,['1193'],,"0.000772, -0.061168, 0.000194"
1198,H,-14.227353,-1.390635,-11.472117,12,['1194'],,"-0.136789, 0.238320, -0.313526"
1199,C,-14.243128,-3.484198,-10.83272,182,"['1194', '1200', '1204', '1205']",,"-0.243790, -0.133334, -0.199613"
1200,C,-13.896095,-4.456653,-9.673803,184,"['1199', '1201', '1206', '1207']",,"-0.172607, 0.180002, 0.017868"
1201,C,-13.642393,-5.914394,-10.145274,186,"['1200', '1202', '1208', '1209']",,"-0.104619, 0.466156, -0.153212"
1202,C,-13.469296,-6.897216,-8.964236,188,"['1201', '1203', '1210', '1211']",,"-0.050352, -0.189391, -0.136018"
1203,N,-13.408182,-8.299811,-9.358637,190,"['1202', '1212', '1213', '1214']",,"0.117562, -0.135415, -0.040472"
1204,H,-13.709,-3.772614,-11.770757,183,['1199'],,"-0.034047, 0.019957, -0.070458"
1205,H,-15.328571,-3.596107,-11.081286,183,['1199'],,"-0.114047, 0.019213, -0.002567"
1206,H,-14.747566,-4.435729,-8.949779,185,['1200'],,"-0.085647, 0.020307, 0.056954"
1207,H,-13.015216,-4.099978,-9.091531,185,['1200'],,"-0.069608, -0.014511, 0.059411"
1208,H,-12.744035,-5.951472,-10.806503,187,['1201'],,"0.008670, 0.018027, -0.054707"
1209,H,-14.506367,-6.242502,-10.774913,187,['1201'],,"-0.118459, 0.037087, -0.078683"
1210,H,-14.345653,-6.7931,-8.288141,189,['1202'],,"-0.054079, -0.062660, 0.083633"
1211,H,-12.566605,-6.650988,-8.355814,189,['1202'],,"-0.008841, -0.054514, 0.027814"
1212,HN,-13.730405,-8.908363,-8.610482,191,['1203'],,"0.009756, 0.006409, -0.055435"
1213,HN,-12.465894,-8.622737,-9.589096,191,['1203'],,"0.250387, -0.248545, -0.091349"
1214,HN,-13.991348,-8.511858,-10.162239,191,['1203'],,"0.026932, -0.025827, 0.020637"
1215,N,-14.461782,-1.126827,-8.251015,7,"['1195', '1216', '1219']",,"0.219422, -0.152569, 0.022616"
1216,CA,-15.244134,-0.529974,-7.176311,8,"['1215', '1217', '1220', '1221']",,"-0.052012, -0.527877, 0.097418"
1217,C,-15.010012,0.983825,-7.004441,9,"['1216', '1218', '1236']",,"0.152540, -0.227290, -0.332329"
1218,O,-15.428754,1.561476,-5.991058,11,['1217'],,"0.323500, -0.319674, -0.145048"
1219,HN,-13.453542,-1.127749,-8.03926,10,['1215'],,"0.300892, 0.089354, 0.098127"
1220,H,-16.328826,-0.61539,-7.435741,12,['1216'],,"-0.343746, -0.015073, -0.161406"
1221,C,-15.005889,-1.26147,-5.818589,70,"['1216', '1222', '1229', '1230']",,"-0.056054, -0.077545, 0.188332"
1222,C,-15.180305,-2.760815,-5.944298,72,"['1221', '1223', '1224']",,"-0.099591, 0.076988, -0.145355"
1223,C,-14.057152,-3.601515,-5.936562,73,"['1222', '1225', '1231']",,"-0.009221, 0.013931, -0.157223"
1224,C,-16.453754,-3.341634,-6.095709,73,"['1222', '1226', '1232']",,"-0.074797, -0.014204, -0.030155"
1225,C,-14.199242,-4.984161,-6.048129,75,"['1223', '1227', '1233']",,"-0.092570, 0.070758, 0.015875"
1226,C,-16.594789,-4.731028,-6.214833,75,"['1224', '1227', '1234']",,"-0.093199, -0.039343, -0.010617"
1227,C,-15.466799,-5.560432,-6.17636,77,"['1225', '1226', '1228']",,"-0.237412, -0.163427, 0.024389"
1228,OH,-15.514309,-6.914791,-6.28893,78,"['1227', '1235']",,"-0.321475, -0.004530, 0.045421"
1229,H,-15.713794,-0.874957,-5.048502,71,['1221'],,"-0.034966, 0.063481, -0.030545"
1230,H,-13.981547,-1.02883,-5.44131,71,['1221'],,"0.028397, 0.011866, -0.055499"
1231,H,-13.042294,-3.180657,-5.838308,74,['1223'],,"0.063679, 0.050549, 0.002265"
1232,H,-17.354132,-2.705276,-6.13713,74,['1224'],,"-0.091020, 0.000287, 0.001214"
1233,H,-13.30048,-5.620019,-6.046245,76,['1225'],,"0.026930, 0.057438, -0.030202"
1234,H,-17.597046,-5.17085,-6.343871,76,['1226'],,"-0.047300, -0.072495, 0.002368"
1235,HO,-16.41468,-7.236553,-6.320838,79,['1228'],,"-0.410967, -0.288411, -0.003583"
1236,N,-14.375122,1.653208,-7.99792,1,"['1217', '1237', '1240']",,"0.025766, -0.076861, -0.375617"
1237,CA,-14.096377,3.068215,-8.03601,2,"['1236', '1238', '1241', '1242']",,"-0.466028, -0.149821, -0.229107"
1238,C,-12.961799,3.587752,-7.160805,3,"['1237', '1239', '1243']",,"-0.144789, -0.158899, -0.176034"
1239,O,-12.813459,4.796899,-6.99075,5,['1238'],,"-0.024798, -0.070668, -0.055413"
1240,HN,-13.985053,1.159969,-8.811852,4,['1236'],,"0.170397, -0.165824, -0.237925"
1241,H,-13.869077,3.373952,-9.08136,6,['1237'],,"0.034969, 0.109808, -0.156793"
1242,H,-15.006939,3.644347,-7.754805,6,['1237'],,"-0.113757, 0.166363, 0.045911"
1243,N,-12.157326,2.690926,-6.540134,7,"['1238', '1244', '1247']",,"-0.075926, -0.286537, -0.107322"
1244,CA,-11.052194,3.079671,-5.674832,8,"['1243', '1245', '1248', '1249']",,"-0.499637, -0.158954, 0.109432"
1245,C,-9.839262,3.370129,-6.567503,9,"['1244', '1246', '1267']",,"-0.107800, 0.235327, 0.308013"
1246,O,-9.538977,2.602587,-7.487189,11,['1245'],,"-0.000227, 0.251526, 0.358060"
1247,HN,-12.174998,1.69291,-6.801774,10,['1243'],,"0.034486, -0.401729, -0.139824"
1248,H,-11.334866,4.016401,-5.132126,12,['1244'],,"-0.062384, 0.388912, 0.146038"
1249,C,-10.694874,1.961378,-4.641554,202,"['1244', '1250', '1256', '1257']",,"0.093131, -0.021820, 0.037810"
1250,C,-11.893988,1.489273,-3.779093,204,"['1249', '1251', '1258', '1259']",,"-0.061866, 0.279567, -0.223109"
1251,C,-11.559185,0.361487,-2.778509,206,"['1250', '1252', '1260', '1261']",,"-0.093675, 0.175218, -0.144270"
1252,N,-11.155686,-0.861328,-3.46102,208,"['1251', '1253', '1262']",,"-0.043857, 0.034796, -0.020552"
1253,C,-10.858383,-2.043677,-2.897428,210,"['1252', '1254', '1255']",,"-0.060689, -0.231416, -0.189602"
1254,N,-10.927655,-2.268022,-1.579889,211,"['1253', '1263', '1264']",,"-0.090975, -0.050455, -0.076918"
1255,N,-10.401979,-3.003336,-3.703625,211,"['1253', '1265', '1266']",,"-0.049085, -0.071888, -0.098856"
1256,H,-9.874523,2.339457,-3.985604,203,['1249'],,"0.008437, 0.011572, -0.053896"
1257,H,-10.251569,1.10405,-5.203284,203,['1249'],,"0.024422, -0.004201, -0.090703"
1258,H,-12.717345,1.14303,-4.44844,205,['1250'],,"-0.046959, 0.010634, -0.082347"
1259,H,-12.312279,2.357711,-3.223796,205,['1250'],,"-0.025423, -0.011072, -0.001312"
1260,H,-12.443057,0.168479,-2.125673,207,['1251'],,"-0.216470, 0.056722, 0.064701"
1261,H,-10.74442,0.70023,-2.098936,207,['1251'],,"0.047696, 0.090759, 0.034709"
1262,HN,-11.082623,-0.825757,-4.489609,209,['1252'],,"0.100574, -0.163393, -0.323603"
1263,HN,-11.346008,-1.563004,-0.960142,212,['1254'],,"-0.051726, -0.030118, -0.047783"
1264,HN,-10.734474,-3.207821,-1.205799,212,['1254'],,"-0.031822, -0.049817, -0.019020"
1265,HN,-10.353477,-2.809376,-4.715298,212,['1255'],,"-0.046730, 0.236794, -0.200067"
1266,HN,-10.109688,-3.918415,-3.336594,212,['1255'],,"0.052845, -0.162816, 0.119818"
1267,N,-9.110813,4.472235,-6.278378,1,"['1245', '1268', '1271']",,"-0.082145, 0.238025, 0.185926"
1268,CA,-7.855816,4.816535,-6.910359,2,"['1267', '1269', '1272', '1273']",,"-0.594508, 0.285150, 0.019360"
1269,C,-6.806589,3.766656,-6.559607,3,"['1268', '1270', '1274']",,"-0.035144, 0.254211, -0.481518"
1270,O,-6.744741,3.288587,-5.421491,5,['1269'],,"0.055411, 0.151458, -0.518504"
1271,HN,-9.353914,5.055748,-5.468867,4,['1267'],,"-0.105249, 0.079399, 0.312673"
1272,H,-7.987721,4.910546,-8.012258,6,['1268'],,"0.009506, 0.010535, -0.234538"
1273,H,-7.498569,5.805767,-6.545995,6,['1268'],,"0.135919, 0.182816, 0.016341"
1274,N,-5.952102,3.391097,-7.53338,7,"['1269', '1275', '1278']",,"-0.016700, 0.062202, -0.308183"
1275,CA,-4.88781,2.411153,-7.403009,8,"['1274', '1276', '1279', '1280']",,"-0.478551, -0.251661, -0.234645"
1276,C,-3.561006,3.16,-7.524311,9,"['1275', '1277', '1293']",,"-0.105456, -0.184598, 0.183109"
1277,O,-3.28102,3.783927,-8.548435,11,['1276'],,"-0.042667, -0.091365, 0.148700"
1278,HN,-5.951598,3.893291,-8.430882,10,['1274'],,"-0.066386, 0.159090, -0.387135"
1279,H,-4.938048,1.928911,-6.396856,12,['1275'],,"-0.050779, -0.158700, 0.432859"
1280,C,-4.999293,1.334853,-8.526729,19,"['1275', '1281', '1284', '1285']",,"-0.062217, -0.114660, -0.153963"
1281,C,-6.270037,0.43732,-8.463364,21,"['1280', '1282', '1283', '1286']",,"-0.028445, 0.139185, -0.009480"
1282,C,-6.298317,-0.498017,-9.700197,23,"['1281', '1287', '1288', '1289']",,"-0.018573, 0.099867, -0.034140"
1283,C,-6.260134,-0.420053,-7.172352,23,"['1281', '1290', '1291', '1292']",,"-0.048924, 0.137559, -0.003285"
1284,H,-4.088259,0.69695,-8.496022,20,['1280'],,"-0.022185, 0.026347, -0.019980"
1285,H,-4.948417,1.853656,-9.514998,20,['1280'],,"0.046189, 0.047155, -0.059849"
1286,H,-7.191952,1.072682,-8.477642,22,['1281'],,"-0.043247, 0.067650, 0.015660"
1287,H,-7.228377,-1.107162,-9.741935,24,['1282'],,"0.033024, 0.031270, -0.023906"
1288,H,-5.436118,-1.201166,-9.724817,24,['1282'],,"-0.026780, 0.050386, -0.013233"
1289,H,-6.263897,0.088961,-10.64575,24,['1282'],,"0.050901, 0.057906, -0.041664"
1290,H,-7.102187,-1.146734,-7.141772,24,['1283'],,"0.012080, 0.040608, 0.015577"
1291,H,-6.365804,0.218522,-6.267352,24,['1283'],,"0.017997, 0.055875, 0.046093"
1292,H,-5.313091,-0.990948,-7.051017,24,['1283'],,"-0.034854, 0.109194, 0.022621"
1293,N,-2.729551,3.107286,-6.45711,7,"['1276', '1294', '1297']",,"-0.125100, -0.052996, 0.115133"
1294,CA,-1.456379,3.807133,-6.402014,8,"['1293', '1295', '1298', '1299']",,"-0.563198, 0.481390, -0.367771"
1295,C,-0.524776,3.177065,-5.361179,9,"['1294', '1296', '1303']",,"0.224474, 0.390309, -0.382340"
1296,O,-0.923369,2.345891,-4.531958,11,['1295'],,"0.182173, 0.457134, -0.170008"
1297,HN,-2.967093,2.559423,-5.617294,10,['1293'],,"-0.023918, -0.115639, 0.190420"
1298,H,-0.956135,3.730246,-7.399924,12,['1294'],,"0.155584, 0.002819, -0.335692"
1299,C,-1.714044,5.294429,-6.048153,13,"['1294', '1300', '1301', '1302']",,"-0.076199, 0.349277, -0.049850"
1300,H,-0.778943,5.8921,-6.089696,14,['1299'],,"-0.018720, 0.006782, -0.025935"
1301,H,-2.130504,5.413343,-5.022831,14,['1299'],,"0.007592, -0.003298, -0.014839"
1302,H,-2.421,5.770249,-6.765148,14,['1299'],,"-0.030537, 0.002887, -0.075202"
1303,N,0.754507,3.60942,-5.39989,7,"['1295', '1304', '1307']",,"0.090078, 0.166221, -0.276329"
1304,CA,1.756431,3.42039,-4.370456,8,"['1303', '1305', '1308', '1309']",,"0.121797, -0.285434, -0.488705"
1305,C,1.757872,4.711883,-3.550657,9,"['1304', '1306', '1324']",,"0.042957, -0.299384, 0.167526"
1306,O,1.882114,5.810186,-4.100604,11,['1305'],,"0.073250, -0.250583, 0.274232"
1307,HN,1.049014,4.230435,-6.16677,10,['1303'],,"0.123134, 0.266958, -0.362930"
1308,H,1.464087,2.566284,-3.718211,12,['1304'],,"-0.088770, -0.247788, 0.214718"
1309,C,3.165919,3.163153,-4.96339,70,"['1304', '1310', '1317', '1318']",,"0.244814, -0.074609, -0.084254"
1310,C,3.168583,2.041066,-5.979939,72,"['1309', '1311', '1312']",,"-0.162274, 0.106893, -0.021500"
1311,C,3.215442,0.700593,-5.564661,73,"['1310', '1313', '1319']",,"-0.080640, 0.004395, 0.058284"
1312,C,3.212876,2.319251,-7.35726,73,"['1310', '1314', '1320']",,"-0.047255, 0.134425, -0.109705"
1313,C,3.31518,-0.335129,-6.497581,75,"['1311', '1315', '1321']",,"-0.108184, 0.067780, -0.040950"
1314,C,3.325253,1.283788,-8.287521,75,"['1312', '1315', '1322']",,"-0.051067, 0.027409, -0.081678"
1315,C,3.3941,-0.049731,-7.865792,77,"['1313', '1314', '1316']",,"-0.070680, -0.059647, -0.282213"
1316,OH,3.599045,-1.060318,-8.753561,78,"['1315', '1323']",,"-0.212736, 0.125503, -0.160222"
1317,H,3.88881,2.926859,-4.149173,71,['1309'],,"0.006489, -0.018519, 0.003347"
1318,H,3.558102,4.086827,-5.443883,71,['1309'],,"0.020140, 0.042812, -0.021293"
1319,H,3.208593,0.451703,-4.491772,74,['1311'],,"0.012270, 0.012150, 0.044861"
1320,H,3.206429,3.35913,-7.720484,74,['1312'],,"-0.004309, 0.103623, 0.001536"
1321,H,3.362525,-1.374596,-6.140671,76,['1313'],,"-0.045687, 0.036034, 0.000315"
1322,H,3.409556,1.525822,-9.357439,76,['1314'],,"-0.002372, -0.067804, -0.071319"
1323,HO,3.36141,-0.749869,-9.625311,79,['1316'],,"-0.115827, 0.102778, -0.465830"
1324,N,1.521474,4.588234,-2.22576,7,"['1305', '1325', '1328']",,"-0.095586, -0.198557, 0.134978"
1325,CA,1.43753,5.708613,-1.298958,8,"['1324', '1326', '1329', '1330']",,"-0.482927, -0.185782, -0.263440"
1326,C,2.793555,5.81644,-0.600309,9,"['1325', '1327', '1343']",,"-0.225881, 0.453351, -0.124020"
1327,O,3.331139,4.810547,-0.1245,11,['1326'],,"-0.247721, 0.362275, -0.338045"
1328,HN,1.56425,3.657927,-1.782839,10,['1324'],,"0.088133, -0.273007, 0.123444"
1329,H,1.253422,6.656172,-1.864435,12,['1325'],,"-0.049273, 0.346453, -0.192379"
1330,C,0.274014,5.493589,-0.26278,25,"['1325', '1331', '1332', '1334']",,"-0.404308, -0.005532, 0.031754"
1331,C,-1.113454,5.35129,-0.973955,27,"['1330', '1333', '1335', '1336']",,"0.065213, -0.023385, -0.011080"
1332,C,0.218351,6.645917,0.774199,29,"['1330', '1337', '1338', '1339']",,"0.033292, 0.068202, 0.036808"
1333,C,-1.553065,6.557379,-1.821881,31,"['1331', '1340', '1341', '1342']",,"-0.004465, 0.033806, -0.019582"
1334,H,0.479133,4.541607,0.290971,26,['1330'],,"0.061055, 0.011478, 0.021010"
1335,H,-1.900302,5.145881,-0.210969,28,['1331'],,"-0.028255, -0.008594, -0.017666"
1336,H,-1.102484,4.445875,-1.624796,28,['1331'],,"0.007820, 0.000842, -0.015723"
1337,H,-0.647318,6.547365,1.466685,30,['1332'],,"0.007899, 0.012779, 0.000798"
1338,H,0.147325,7.641815,0.285001,30,['1332'],,"0.007430, 0.048595, -0.001921"
1339,H,1.128939,6.667897,1.41302,30,['1332'],,"0.010240, 0.010170, 0.001681"
1340,H,-2.561209,6.393152,-2.263654,32,['1333'],,"0.007689, 0.014972, 0.000864"
1341,H,-0.8597,6.751414,-2.669442,32,['1333'],,"-0.006477, 0.020249, -0.027035"
1342,H,-1.613345,7.491696,-1.221646,32,['1333'],,"0.011395, 0.006916, 0.003263"
1343,N,3.342855,7.047712,-0.506734,7,"['1326', '1344', '1347']",,"-0.163125, 0.252029, -0.194504"
1344,CA,4.565793,7.383802,0.193938,8,"['1343', '1345', '1348', '1349']",,"-0.002228, -0.159619, -0.552476"
1345,C,4.222238,8.357793,1.321953,9,"['1344', '1346', '1364']",,"0.269173, -0.242183, 0.064861"
1346,O,3.478063,9.324299,1.142676,11,['1345'],,"0.199530, -0.245732, 0.170297"
1347,HN,2.845359,7.866228,-0.886187,10,['1343'],,"-0.205670, 0.416540, -0.222973"
1348,H,4.988386,6.452979,0.640649,12,['1344'],,"0.144679, -0.324547, 0.183031"
1349,C,5.627332,8.03633,-0.733448,70,"['1344', '1350', '1357', '1358']",,"0.088634, 0.043802, -0.189796"
1350,C,6.056755,7.119136,-1.856145,72,"['1349', '1351', '1352']",,"-0.175567, -0.002787, -0.028674"
1351,C,7.259838,6.39585,-1.783231,73,"['1350', '1353', '1359']",,"-0.050331, -0.010286, -0.046388"
1352,C,5.262232,6.987123,-3.005757,73,"['1350', '1354', '1360']",,"-0.175546, -0.010260, -0.047603"
1353,C,7.662711,5.563867,-2.831733,75,"['1351', '1355', '1361']",,"-0.085134, -0.010653, -0.017644"
1354,C,5.659086,6.143132,-4.041614,75,"['1352', '1355', '1362']",,"-0.121391, -0.018464, -0.084945"
1355,C,6.86106,5.432291,-3.969101,77,"['1353', '1354', '1356']",,"-0.107983, -0.146101, -0.304733"
1356,OH,7.285789,4.645196,-4.988758,78,"['1355', '1363']",,"-0.150051, 0.098805, -0.176675"
1357,H,6.521221,8.327303,-0.140486,71,['1349'],,"-0.065824, -0.041883, -0.041273"
1358,H,5.234067,8.985103,-1.16334,71,['1349'],,"-0.048736, 0.057910, -0.008098"
1359,H,7.91275,6.480312,-0.899847,74,['1351'],,"0.020770, -0.016104, -0.011926"
1360,H,4.313082,7.53891,-3.104986,74,['1352'],,"-0.119961, 0.024772, 0.009557"
1361,H,8.623832,5.027293,-2.768188,76,['1353'],,"0.043175, 0.023969, -0.003541"
1362,H,5.021715,6.046851,-4.928954,76,['1354'],,"-0.017729, -0.054586, -0.104131"
1363,HO,6.6705,4.737659,-5.713198,79,['1356'],,"-0.301973, 0.021041, -0.424046"
1364,N,4.839156,8.108406,2.496853,7,"['1345', '1365', '1368']",,"0.060722, -0.223408, 0.064033"
1365,CA,4.802497,8.906762,3.705034,8,"['1364', '1366', '1369', '1370']",,"-0.611693, -0.521393, 0.102346"
1366,C,6.221403,9.446986,3.899381,9,"['1365', '1367', '1374']",,"-0.403048, 0.274251, 0.009692"
1367,O,7.156238,8.678067,4.149037,11,['1366'],,"-0.296512, 0.239585, 0.152867"
1368,HN,5.512222,7.331609,2.550164,10,['1364'],,"0.264638, -0.302214, 0.002136"
1369,H,4.075236,9.747166,3.598113,12,['1365'],,"-0.262514, 0.308628, -0.045698"
1370,C,4.389185,7.983702,4.874147,13,"['1365', '1371', '1372', '1373']",,"-0.144556, -0.084309, 0.304316"
1371,H,4.386552,8.529169,5.840987,14,['1370'],,"-0.072062, -0.005169, 0.103385"
1372,H,5.089238,7.126368,4.98772,14,['1370'],,"0.051714, 0.049447, -0.013812"
1373,H,3.362412,7.574165,4.735299,14,['1370'],,"0.006219, 0.035144, -0.006575"
1374,N,6.420668,10.76703,3.654296,7,"['1366', '1375', '1378']",,"-0.326072, 0.251429, 0.059390"
1375,CA,7.718396,11.432568,3.588928,8,"['1374', '1376', '1379', '1380']",,"-0.347707, 0.354452, 0.753173"
1376,C,8.780894,10.73457,2.717493,9,"['1375', '1377', '1386']",,"-0.425050, 0.047185, 0.118946"
1377,O,9.98707,10.840864,2.987067,11,['1376'],,"-0.323273, -0.305961, 0.126014"
1378,HN,5.61371,11.408801,3.59962,10,['1374'],,"-0.285208, 0.251174, 0.029557"
1379,H,7.557986,12.40967,3.070415,12,['1375'],,"-0.072946, 0.337741, -0.113830"
1380,C,8.27016,11.699963,5.015539,137,"['1375', '1381', '1384', '1385']",,"0.334208, -0.249108, 0.031651"
1381,C,7.500755,12.707178,5.833454,139,"['1380', '1382', '1383']",,"0.126636, -0.263147, -0.318773"
1382,O,6.613959,13.414206,5.272387,140,['1381'],,"0.286965, -0.099624, -0.184832"
1383,O,7.777111,12.800539,7.057777,140,['1381'],,"-0.320853, 0.022284, -0.154151"
1384,H,9.32075,12.063846,4.946509,138,['1380'],,"0.112508, -0.061459, -0.142382"
1385,H,8.310342,10.73918,5.579593,138,['1380'],,"-0.004311, -0.187831, -0.043123"
1386,N,8.366527,10.085513,1.601869,1,"['1376', '1387', '1390']",,"-0.170615, 0.154279, -0.117916"
1387,CA,9.245994,9.351874,0.716785,2,"['1386', '1388', '1391', '1392']",,"-0.001196, 0.578175, -0.121259"
1388,C,9.630196,7.926181,1.112693,3,"['1387', '1389', '1393']",,"-0.180961, 0.290890, 0.047757"
1389,O,10.519103,7.328554,0.500231,5,['1388'],,"-0.241905, 0.015461, -0.054848"
1390,HN,7.391214,10.158739,1.281759,4,['1386'],,"-0.139862, 0.046199, -0.000369"
1391,H,8.800143,9.309673,-0.301753,6,['1387'],,"-0.003449, 0.011206, -0.200067"
1392,H,10.201895,9.909888,0.587958,6,['1387'],,"0.199413, 0.070295, -0.019133"
1393,N,8.970458,7.340245,2.139805,7,"['1388', '1394', '1397']",,"-0.131672, 0.170912, 0.202045"
1394,CA,9.02283,5.923642,2.49022,8,"['1393', '1395', '1398', '1399']",,"0.423508, 0.414820, 0.320206"
1395,C,7.723809,5.316269,1.947703,9,"['1394', '1396', '1415']",,"0.334784, -0.112894, 0.007795"
1396,O,6.634399,5.81846,2.23622,11,['1395'],,"0.303830, -0.278312, -0.041460"
1397,HN,8.291635,7.869452,2.702034,10,['1393'],,"-0.241426, 0.173972, 0.237112"
1398,H,9.902633,5.433326,1.999362,12,['1394'],,"0.332185, -0.122274, -0.197909"
1399,C,9.073291,5.726072,4.036809,182,"['1394', '1400', '1404', '1405']",,"0.015392, -0.019118, 0.247840"
1400,C,10.255263,6.406231,4.762067,184,"['1399', '1401', '1406', '1407']",,"-0.152209, 0.058161, -0.021461"
1401,C,11.605479,5.674136,4.588263,186,"['1400', '1402', '1408', '1409']",,"-0.260109, -0.321925, -0.031252"
1402,C,12.786469,6.357924,5.316248,188,"['1401', '1403', '1410', '1411']",,"-0.017933, 0.381084, -0.128996"
1403,N,13.00988,7.729396,4.873013,190,"['1402', '1412', '1413', '1414']",,"-0.085390, 0.207406, -0.136997"
1404,H,9.037058,4.639877,4.288813,183,['1399'],,"-0.010482, 0.014718, 0.009931"
1405,H,8.132997,6.162346,4.458863,183,['1399'],,"-0.078012, 0.075782, -0.016533"
1406,H,10.010293,6.443416,5.853099,185,['1400'],,"-0.013214, -0.020483, 0.037695"
1407,H,10.319932,7.471618,4.436439,185,['1400'],,"-0.074075, 0.053892, -0.020062"
1408,H,11.853918,5.579876,3.504224,187,['1401'],,"0.008292, -0.014925, -0.083666"
1409,H,11.513863,4.62866,4.970143,187,['1401'],,"-0.008278, -0.051019, 0.035548"
1410,H,13.720142,5.77385,5.143593,189,['1402'],,"0.018554, 0.081680, 0.043610"
1411,H,12.622654,6.358121,6.41943,189,['1402'],,"0.022586, 0.020058, 0.051891"
1412,HN,13.944678,8.056551,5.095436,191,['1403'],,"-0.107895, -0.019267, -0.018152"
1413,HN,12.348998,8.362518,5.332075,191,['1403'],,"-0.180726, 0.182719, 0.089305"
1414,HN,12.89529,7.828533,3.858581,191,['1403'],,"0.028480, 0.065347, -0.333393"
1415,N,7.806106,4.2687,1.0917,7,"['1395', '1416', '1419']",,"0.200214, -0.054361, -0.107973"
1416,CA,6.613381,3.687578,0.478636,8,"['1415', '1417', '1420', '1421']",,"0.405957, 0.242674, -0.346758"
1417,C,5.919166,2.829839,1.546251,9,"['1416', '1418', '1432']",,"-0.253757, 0.252118, -0.125421"
1418,O,6.521167,1.910498,2.103822,11,['1417'],,"-0.039388, 0.317139, -0.124682"
1419,HN,8.706979,3.815712,0.886002,10,['1415'],,"0.141017, -0.090549, -0.029641"
1420,H,5.937796,4.52003,0.162323,12,['1416'],,"-0.263830, 0.292290, -0.113784"
1421,C,6.976245,2.812998,-0.758817,175,"['1416', '1422', '1425', '1426']",,"-0.055391, -0.051551, -0.192605"
1422,C,5.754443,2.491058,-1.644779,177,"['1421', '1423', '1427', '1428']",,"0.204428, 0.135202, 0.079608"
1423,S,6.011561,1.052996,-2.724123,179,"['1422', '1424']",,"0.273929, 0.441203, -0.167047"
1424,C,7.534248,1.502396,-3.58644,180,"['1423', '1429', '1430', '1431']",,"0.070964, 0.077064, -0.033996"
1425,H,7.474647,1.885883,-0.401968,176,['1421'],,"0.090395, -0.049662, 0.089957"
1426,H,7.740759,3.339178,-1.374068,176,['1421'],,"0.076370, 0.085445, -0.020810"
1427,H,5.492879,3.385534,-2.256193,178,['1422'],,"-0.008469, 0.071786, -0.009975"
1428,H,4.856204,2.298412,-1.01558,178,['1422'],,"-0.061520, 0.039957, -0.056029"
1429,H,7.754897,0.735884,-4.358237,181,['1424'],,"0.028933, 0.035611, 0.016557"
1430,H,8.384611,1.549534,-2.872911,181,['1424'],,"0.036253, 0.012369, -0.000767"
1431,H,7.40677,2.487007,-4.083599,181,['1424'],,"0.015825, 0.138863, -0.060940"
1432,N,4.61806,3.110101,1.784891,7,"['1417', '1433', '1436']",,"-0.136031, 0.371159, -0.046858"
1433,CA,3.747089,2.415555,2.715261,8,"['1432', '1434', '1437', '1438']",,"0.132235, 0.558014, 0.217790"
1434,C,3.585444,0.951995,2.300336,9,"['1433', '1435', '1448']",,"-0.085266, 0.289773, -0.103936"
1435,O,3.661873,0.053118,3.136165,11,['1434'],,"-0.121110, 0.304731, -0.204921"
1436,HN,4.155778,3.823148,1.209015,10,['1432'],,"-0.203288, 0.268700, -0.277846"
1437,H,4.238433,2.391958,3.716353,12,['1433'],,"0.115812, -0.065430, 0.372926"
1438,C,2.348953,3.115182,2.864537,15,"['1433', '1439', '1440', '1441']",,"-0.235783, 0.093439, 0.157409"
1439,C,1.462126,2.38843,3.910319,17,"['1438', '1442', '1443', '1444']",,"-0.032780, -0.080295, 0.067108"
1440,C,2.49538,4.595059,3.301636,17,"['1438', '1445', '1446', '1447']",,"-0.002838, -0.013374, 0.001057"
1441,H,1.844154,3.085496,1.865554,16,['1438'],,"0.012096, 0.005589, 0.006690"
1442,H,0.47202,2.881594,4.0262,18,['1439'],,"-0.009590, -0.018743, 0.015378"
1443,H,1.938374,2.353408,4.916418,18,['1439'],,"0.009842, -0.020440, 0.025659"
1444,H,1.252687,1.334911,3.621254,18,['1439'],,"-0.029973, -0.059012, 0.033251"
1445,H,1.506235,5.10435,3.327559,18,['1440'],,"-0.024552, 0.012102, 0.012515"
1446,H,3.138822,5.190662,2.617973,18,['1440'],,"-0.008868, 0.020178, 0.005284"
1447,H,2.929604,4.676413,4.320003,18,['1440'],,"-0.021318, -0.019640, 0.005450"
1448,N,3.395707,0.713643,0.979825,7,"['1434', '1449', '1452']",,"-0.136433, 0.298774, -0.082252"
1449,CA,3.2624,-0.60641,0.38597,8,"['1448', '1450', '1453', '1454']",,"-0.342381, 0.141704, -0.065133"
1450,C,4.488325,-1.484091,0.695628,9,"['1449', '1451', '1462']",,"-0.036499, 0.159131, -0.091124"
1451,O,4.344431,-2.631485,1.122366,11,['1450'],,"0.018158, 0.191567, -0.102927"
1452,HN,3.170051,1.501084,0.357013,10,['1448'],,"-0.143182, 0.198059, -0.213755"
1453,H,2.400485,-1.113066,0.884661,12,['1449'],,"-0.213573, -0.227965, 0.233567"
1454,C,2.998535,-0.566581,-1.153081,147,"['1449', '1455', '1458', '1459']",,"-0.106522, -0.180289, -0.214583"
1455,C,2.005665,0.478926,-1.661175,149,"['1454', '1456', '1457']",,"-0.134072, -0.386894, -0.213036"
1456,O,2.06834,1.649473,-1.26566,150,['1455'],,"-0.115671, -0.313288, -0.181225"
1457,N,1.157953,0.097771,-2.636543,151,"['1455', '1460', '1461']",,"-0.117794, -0.275030, -0.179581"
1458,H,2.66234,-1.581826,-1.466589,148,['1454'],,"-0.031058, -0.067395, -0.016406"
1459,H,3.94853,-0.404658,-1.706753,148,['1454'],,"0.023818, -0.031024, -0.014242"
1460,HN,1.118256,-0.875392,-2.98382,152,['1457'],,"-0.147240, -0.348495, -0.236661"
1461,HN,0.524168,0.80221,-3.036879,152,['1457'],,"-0.044488, -0.054629, -0.053070"
1462,N,5.7165,-0.922579,0.495467,7,"['1450', '1463', '1466']",,"0.045838, 0.125213, -0.167529"
1463,CA,6.991897,-1.573687,0.775084,8,"['1462', '1464', '1467', '1468']",,"0.084736, 0.099716, -0.622887"
1464,C,7.152063,-1.909136,2.256619,9,"['1463', '1465', '1477']",,"-0.127724, 0.253194, -0.082598"
1465,O,7.63449,-2.989453,2.597513,11,['1464'],,"-0.051254, 0.301762, -0.145289"
1466,HN,5.786573,0.02704,0.107571,10,['1462'],,"-0.002533, 0.122250, -0.040782"
1467,H,6.995182,-2.564475,0.268359,12,['1463'],,"-0.002881, -0.352754, -0.110577"
1468,C,8.204241,-0.717668,0.272355,153,"['1463', '1469', '1473', '1474']",,"0.549575, 0.023441, -0.022888"
1469,C,9.603152,-1.349228,0.467083,155,"['1468', '1470', '1475', '1476']",,"-0.653838, -0.070070, -0.021653"
1470,C,10.79587,-0.41577,0.305822,157,"['1469', '1471', '1472']",,"-0.457220, -0.276189, 0.128613"
1471,O,10.699918,0.810055,0.543219,158,['1470'],,"-0.410637, -0.067914, -0.069869"
1472,O,11.91413,-0.90403,-0.036623,158,['1470'],,"-0.695507, -0.439507, 0.102626"
1473,H,8.195558,0.251047,0.825004,154,['1468'],,"0.012384, 0.076319, 0.064977"
1474,H,8.077043,-0.463695,-0.807308,154,['1468'],,"-0.070536, 0.007324, -0.014618"
1475,H,9.719008,-2.210394,-0.229308,156,['1469'],,"-0.031860, -0.113256, -0.028465"
1476,H,9.690716,-1.778487,1.490083,156,['1469'],,"-0.009669, -0.131693, 0.123697"
1477,N,6.77921,-0.955835,3.143221,7,"['1464', '1478', '1481']",,"-0.030692, 0.276878, -0.104399"
1478,CA,6.908515,-1.070704,4.583214,8,"['1477', '1479', '1482', '1483']",,"0.375353, 0.486897, -0.117003"
1479,C,6.014354,-2.155827,5.186854,9,"['1478', '1480', '1487']",,"-0.105191, 0.171142, -0.154005"
1480,O,6.477437,-2.940871,6.013866,11,['1479'],,"-0.113113, 0.210888, -0.165098"
1481,HN,6.402701,-0.061636,2.798656,10,['1477'],,"-0.068565, 0.269454, -0.115714"
1482,H,7.953023,-1.397535,4.809404,12,['1478'],,"0.281482, -0.192705, 0.109337"
1483,C,6.647419,0.293909,5.263224,13,"['1478', '1484', '1485', '1486']",,"-0.021976, 0.183280, 0.118587"
1484,H,6.765742,0.220389,6.364927,14,['1483'],,"-0.036155, -0.020814, -0.017014"
1485,H,5.613858,0.657112,5.056339,14,['1483'],,"-0.061082, -0.014286, -0.031694"
1486,H,7.356312,1.070879,4.898377,14,['1483'],,"-0.017536, -0.028748, -0.048867"
1487,N,4.727746,-2.215084,4.758751,7,"['1479', '1488', '1491']",,"-0.140478, 0.267112, -0.114405"
1488,CA,3.758172,-3.211704,5.189478,8,"['1487', '1489', '1492', '1493']",,"-0.331632, 0.504563, 0.063924"
1489,C,4.250071,-4.628325,4.898807,9,"['1488', '1490', '1506']",,"-0.080322, 0.299182, -0.179457"
1490,O,4.198167,-5.510459,5.758806,11,['1489'],,"0.101146, 0.313447, -0.304334"
1491,HN,4.381764,-1.517477,4.087697,10,['1487'],,"-0.114818, 0.250200, -0.204283"
1492,H,3.656367,-3.151633,6.299477,12,['1488'],,"0.006242, -0.043843, 0.371477"
1493,C,2.371161,-3.027877,4.505608,19,"['1488', '1494', '1497', '1498']",,"-0.323235, 0.113482, 0.001962"
1494,C,1.512661,-1.856671,5.055544,21,"['1493', '1495', '1496', '1499']",,"-0.042147, 0.077469, 0.066053"
1495,C,0.451894,-1.476546,3.990592,23,"['1494', '1500', '1501', '1502']",,"-0.093367, 0.072542, 0.062160"
1496,C,0.81971,-2.283338,6.376442,23,"['1494', '1503', '1504', '1505']",,"-0.094778, 0.084332, 0.048283"
1497,H,1.78874,-3.973094,4.606273,20,['1493'],,"-0.004067, 0.001449, 0.007416"
1498,H,2.532158,-2.906947,3.406076,20,['1493'],,"0.002440, 0.007435, -0.014460"
1499,H,2.163653,-0.967285,5.244558,22,['1494'],,"-0.003006, 0.028842, -0.020024"
1500,H,-0.152644,-0.602835,4.319301,24,['1495'],,"-0.075207, 0.042830, 0.075548"
1501,H,-0.264128,-2.304037,3.785311,24,['1495'],,"-0.024613, 0.035946, 0.029366"
1502,H,0.920061,-1.190228,3.022245,24,['1495'],,"-0.003439, -0.003492, 0.067444"
1503,H,0.19919,-1.458569,6.794096,24,['1496'],,"-0.109254, 0.127451, 0.009377"
1504,H,1.553075,-2.557963,7.166134,24,['1496'],,"-0.035437, 0.020000, -0.009386"
1505,H,0.142341,-3.155771,6.239001,24,['1496'],,"0.012729, 0.025395, 0.009155"
1506,N,4.707025,-4.851758,3.64302,7,"['1489', '1507', '1510']",,"-0.084381, 0.129269, -0.255199"
1507,CA,5.203857,-6.132364,3.185896,8,"['1506', '1508', '1511', '1512']",,"-0.563578, 0.010900, -0.191480"
1508,C,6.470699,-6.539621,3.949147,9,"['1507', '1509', '1522']",,"-0.114919, 0.198256, -0.213212"
1509,O,6.583386,-7.673665,4.413153,11,['1508'],,"-0.002596, 0.157667, -0.251105"
1510,HN,4.711146,-4.093439,2.945456,10,['1506'],,"-0.003549, 0.163364, -0.147034"
1511,H,4.445741,-6.910638,3.44857,12,['1507'],,"-0.272328, -0.410597, 0.095445"
1512,C,5.39694,-6.142713,1.632369,15,"['1507', '1513', '1514', '1515']",,"-0.012479, -0.123856, -0.221829"
1513,C,6.058545,-7.449887,1.154211,17,"['1512', '1516', '1517', '1518']",,"-0.003753, -0.032385, -0.023377"
1514,C,4.034376,-5.997727,0.906701,17,"['1512', '1519', '1520', '1521']",,"-0.017864, -0.012149, 0.064656"
1515,H,6.051357,-5.275556,1.359748,16,['1512'],,"0.006551, -0.007372, 0.016588"
1516,H,6.184668,-7.468293,0.050044,18,['1513'],,"0.073037, -0.014280, -0.044640"
1517,H,5.470413,-8.348484,1.448797,18,['1513'],,"-0.022934, -0.012972, 0.026504"
1518,H,7.073703,-7.56578,1.587551,18,['1513'],,"0.014194, -0.023707, -0.018705"
1519,H,4.16376,-5.976967,-0.198225,18,['1514'],,"-0.009800, -0.006985, 0.039820"
1520,H,3.511846,-5.056056,1.184069,18,['1514'],,"0.010161, 0.050491, -0.026992"
1521,H,3.347681,-6.842065,1.14424,18,['1514'],,"-0.006249, -0.038077, 0.026392"
1522,N,7.426775,-5.590916,4.125026,7,"['1508', '1523', '1526']",,"-0.035238, 0.263113, -0.216129"
1523,CA,8.669421,-5.803067,4.85124,8,"['1522', '1524', '1527', '1528']",,"-0.039705, 0.117120, -0.580681"
1524,C,8.49256,-6.258763,6.301045,9,"['1523', '1525', '1546']",,"-0.188701, 0.154917, -0.088286"
1525,O,9.339499,-6.993471,6.811122,11,['1524'],,"-0.318232, 0.075400, -0.015981"
1526,HN,7.305503,-4.658216,3.708167,10,['1522'],,"-0.015580, 0.290418, -0.140843"
1527,H,9.178633,-6.670012,4.359899,12,['1523'],,"0.154472, -0.384687, -0.122569"
1528,C,9.608287,-4.55412,4.776,202,"['1523', '1529', '1535', '1536']",,"0.151619, 0.082673, -0.005710"
1529,C,10.898678,-4.573557,5.632158,204,"['1528', '1530', '1537', '1538']",,"-0.169057, 0.117529, 0.060259"
1530,C,11.865951,-5.719507,5.260603,206,"['1529', '1531', '1539', '1540']",,"-0.139474, 0.012821, -0.085520"
1531,N,13.059718,-5.657095,6.107352,208,"['1530', '1532', '1541']",,"-0.132133, -0.134841, 0.107335"
1532,C,13.314099,-6.490272,7.137483,210,"['1531', '1533', '1534']",,"0.000177, -0.320089, 0.378463"
1533,N,12.363814,-7.278962,7.627786,211,"['1532', '1542', '1543']",,"0.009789, -0.225770, 0.310993"
1534,N,14.551764,-6.561135,7.640092,211,"['1532', '1544', '1545']",,"0.030920, -0.214427, 0.194826"
1535,H,9.014506,-3.662531,5.093804,203,['1528'],,"-0.054276, -0.018134, 0.014108"
1536,H,9.880461,-4.354294,3.713415,203,['1528'],,"-0.035544, 0.009141, 0.016480"
1537,H,10.623581,-4.647569,6.711276,205,['1529'],,"0.003119, -0.035414, 0.052686"
1538,H,11.422792,-3.593485,5.523932,205,['1529'],,"0.031326, 0.068156, 0.043495"
1539,H,12.152968,-5.657318,4.187481,207,['1530'],,"-0.015570, -0.007936, -0.120212"
1540,H,11.358328,-6.707157,5.360628,207,['1530'],,"-0.193013, -0.155385, -0.042979"
1541,HN,13.770081,-4.956669,5.844688,209,['1531'],,"0.095617, -0.002141, 0.125212"
1542,HN,11.389879,-7.238511,7.304734,212,['1533'],,"-0.014784, -0.009094, 0.058128"
1543,HN,12.579597,-7.9048,8.417058,212,['1533'],,"0.169708, -0.380277, 0.476797"
1544,HN,15.30744,-5.944897,7.311097,212,['1534'],,"-0.026817, -0.081940, 0.063451"
1545,HN,14.772462,-7.325596,8.308191,212,['1534'],,"-0.025623, -0.469048, 0.272145"
1546,N,7.426411,-5.780953,6.98993,7,"['1524', '1547', '1550']",,"-0.124478, 0.264408, -0.006893"
1547,CA,7.111984,-6.127021,8.366641,8,"['1546', '1548', '1551', '1552']",,"0.302597, 0.369996, 0.089662"
1548,C,6.199569,-7.352368,8.526768,9,"['1547', '1549', '1563']",,"0.162338, 0.137070, -0.144388"
1549,O,5.78421,-7.673721,9.64276,11,['1548'],,"0.204874, 0.034912, -0.261905"
1550,HN,6.759207,-5.135124,6.544496,10,['1546'],,"-0.133639, 0.187035, -0.109984"
1551,H,8.057867,-6.417743,8.886419,12,['1547'],,"0.345121, -0.146290, 0.216190"
1552,C,6.472031,-4.922595,9.123832,167,"['1547', '1553', '1557', '1558']",,"0.099528, 0.429234, 0.255475"
1553,C,7.36368,-3.661223,9.188909,169,"['1552', '1554', '1559', '1560']",,"-0.067116, 0.031911, -0.070798"
1554,C,8.649391,-3.878224,9.974408,171,"['1553', '1555', '1556']",,"0.105959, 0.086006, -0.062100"
1555,O,8.635008,-4.449714,11.060524,172,['1554'],,"0.031000, 0.009670, -0.055337"
1556,N,9.777171,-3.386161,9.418178,173,"['1554', '1561', '1562']",,"0.039752, 0.043119, -0.037838"
1557,H,6.244486,-5.237375,10.170856,168,['1552'],,"0.033625, -0.119297, 0.027405"
1558,H,5.491865,-4.663675,8.658622,168,['1552'],,"0.045706, -0.034733, 0.017300"
1559,H,6.806713,-2.852533,9.710644,170,['1553'],,"-0.002684, 0.041466, -0.025640"
1560,H,7.564832,-3.277608,8.163363,170,['1553'],,"0.003916, 0.058977, -0.148486"
1561,HN,9.762232,-2.881767,8.522045,174,['1556'],,"0.017853, 0.031404, -0.027443"
1562,HN,10.661238,-3.511392,9.926979,174,['1556'],,"0.029596, 0.010908, 0.003390"
1563,N,5.81777,-8.028014,7.414903,1,"['1548', '1564', '1567']",,"0.208852, -0.029971, -0.248674"
1564,CA,4.892621,-9.13461,7.442056,2,"['1563', '1565', '1568', '1569']",,"0.612251, -0.151411, 0.105376"
1565,C,3.454558,-8.775987,7.79943,3,"['1564', '1566', '1570']",,"0.359363, 0.103512, -0.151104"
1566,O,2.720265,-9.609354,8.333679,5,['1565'],,"0.059352, 0.300969, -0.225676"
1567,HN,6.157666,-7.794532,6.472538,4,['1563'],,"0.084042, 0.087855, -0.254773"
1568,H,4.87564,-9.645504,6.454315,6,['1564'],,"-0.035804, -0.109697, -0.087526"
1569,H,5.239056,-9.903374,8.169949,6,['1564'],,"0.015323, -0.225534, 0.209747"
1570,N,3.024824,-7.515011,7.547255,7,"['1565', '1571', '1574']",,"0.153985, 0.226722, 0.061949"
1571,CA,1.667661,-7.035938,7.756832,8,"['1570', '1572', '1575', '1576']",,"0.200289, 0.155240, 0.556755"
1572,C,0.8229,-6.984689,6.471775,9,"['1571', '1573', '1589']",,"0.242520, -0.029051, 0.111465"
1573,O,-0.387827,-6.75183,6.53559,11,['1572'],,"0.231631, -0.056728, 0.038358"
1574,HN,3.651478,-6.818602,7.11978,10,['1570'],,"0.200204, 0.238210, -0.161935"
1575,H,1.116207,-7.778022,8.384501,12,['1571'],,"-0.209293, -0.304335, 0.189164"
1576,C,1.679147,-5.662762,8.494614,19,"['1571', '1577', '1580', '1581']",,"-0.031329, 0.149772, 0.218410"
1577,C,2.263903,-5.736683,9.940505,21,"['1576', '1578', '1579', '1582']",,"0.042075, -0.057198, 0.030796"
1578,C,2.404311,-4.311078,10.526365,23,"['1577', '1583', '1584', '1585']",,"0.039123, -0.036117, 0.044615"
1579,C,1.358171,-6.58324,10.871514,23,"['1577', '1586', '1587', '1588']",,"0.016708, 0.008985, 0.047759"
1580,H,0.638234,-5.266234,8.526597,20,['1576'],,"-0.021303, -0.038523, -0.038172"
1581,H,2.254109,-4.928359,7.881328,20,['1576'],,"0.001309, -0.019574, -0.007818"
1582,H,3.282599,-6.197579,9.905816,22,['1577'],,"0.027218, -0.027230, -0.009957"
1583,H,2.857743,-4.336546,11.544767,24,['1578'],,"0.016433, -0.043643, 0.055771"
1584,H,1.421095,-3.798823,10.617387,24,['1578'],,"0.017400, -0.022995, 0.023104"
1585,H,3.063697,-3.670148,9.898496,24,['1578'],,"-0.001698, -0.001933, 0.013833"
1586,H,1.727302,-6.565279,11.922497,24,['1579'],,"0.049486, -0.001332, 0.017916"
1587,H,1.336879,-7.652961,10.569549,24,['1579'],,"0.016668, 0.013523, 0.006776"
1588,H,0.305171,-6.221325,10.881769,24,['1579'],,"-0.021470, -0.007843, -0.000705"
1589,N,1.42312,-7.278763,5.290713,7,"['1572', '1590', '1593']",,"0.190455, -0.029844, 0.059307"
1590,CA,0.733449,-7.488028,4.027563,8,"['1589', '1591', '1594', '1595']",,"-0.157222, 0.622102, 0.312254"
1591,C,1.496676,-8.531578,3.201528,9,"['1590', '1592', '1599']",,"-0.375855, 0.007009, -0.036336"
1592,O,2.727649,-8.581617,3.233515,11,['1591'],,"-0.188173, -0.090462, -0.079911"
1593,HN,2.440305,-7.414244,5.219292,10,['1589'],,"0.212156, -0.051923, -0.027135"
1594,H,-0.294477,-7.874961,4.235729,12,['1590'],,"-0.337881, -0.129916, 0.072484"
1595,C,0.660318,-6.168406,3.22657,13,"['1590', '1596', '1597', '1598']",,"-0.032402, 0.193727, -0.044826"
1596,H,0.099771,-6.319211,2.279966,14,['1595'],,"0.022574, -0.027183, 0.047170"
1597,H,1.67559,-5.794903,2.960567,14,['1595'],,"0.046993, -0.024387, 0.011808"
1598,H,0.139763,-5.367926,3.79299,14,['1595'],,"-0.008318, -0.029163, 0.037758"
1599,N,0.746809,-9.342802,2.417596,7,"['1591', '1600', '1603']",,"-0.246410, 0.043782, 0.066592"
1600,CA,1.263862,-10.263522,1.410837,8,"['1599', '1601', '1604', '1605']",,"-0.187231, -0.196230, 0.524169"
1601,C,1.384125,-9.505578,0.082692,9,"['1600', '1602', '1621']",,"0.313128, -0.347546, 0.031009"
1602,O,0.616339,-8.568834,-0.178885,11,['1601'],,"0.357394, -0.331054, 0.007309"
1603,HN,-0.276779,-9.22894,2.417596,10,['1599'],,"-0.335305, 0.075324, 0.001007"
1604,H,2.283903,-10.609925,1.712916,12,['1600'],,"0.360377, -0.090440, 0.094156"
1605,C,0.310096,-11.483424,1.192942,182,"['1600', '1606', '1610', '1611']",,"-0.006984, -0.218742, -0.008806"
1606,C,-0.044808,-12.25641,2.481522,184,"['1605', '1607', '1612', '1613']",,"0.114059, 0.131389, 0.077017"
1607,C,-0.876914,-13.539175,2.220395,186,"['1606', '1608', '1614', '1615']",,"0.203572, 0.311789, -0.064594"
1608,C,-1.295066,-14.219105,3.540705,188,"['1607', '1609', '1616', '1617']",,"-0.169061, -0.321335, 0.050982"
1609,N,-2.0504,-15.4562,3.395972,190,"['1608', '1618', '1619', '1620']",,"-0.163909, -0.224622, 0.158694"
1610,H,0.792869,-12.174507,0.459628,183,['1605'],,"0.034751, 0.002961, -0.034886"
1611,H,-0.631331,-11.132304,0.706081,183,['1605'],,"0.023364, 0.010647, 0.005443"
1612,H,-0.606923,-11.585001,3.173438,185,['1606'],,"-0.000734, 0.035859, 0.034080"
1613,H,0.893353,-12.528178,3.020373,185,['1606'],,"0.070943, -0.024814, 0.041050"
1614,H,-0.282322,-14.247474,1.596067,187,['1607'],,"0.047842, 0.010896, -0.009446"
1615,H,-1.788446,-13.282918,1.62999,187,['1607'],,"-0.021669, 0.040410, -0.009011"
1616,H,-1.913148,-13.518664,4.150536,189,['1608'],,"-0.082608, -0.084359, 0.042134"
1617,H,-0.392553,-14.455466,4.150473,189,['1608'],,"0.006603, -0.144661, 0.061664"
1618,HN,-2.71843,-15.524988,4.164893,191,['1609'],,"-0.182218, -0.066008, 0.295168"
1619,HN,-1.430129,-16.255094,3.517684,191,['1609'],,"0.116483, -0.041582, 0.178565"
1620,HN,-2.572886,-15.566621,2.531075,191,['1609'],,"-0.022235, -0.055624, 0.116084"
1621,N,2.283122,-9.975279,-0.819907,7,"['1601', '1622', '1625']",,"0.317827, -0.283363, 0.099661"
1622,CA,2.334307,-9.51532,-2.203418,8,"['1621', '1623', '1626', '1627']",,"0.488805, 0.114245, 0.453336"
1623,C,1.183396,-10.219576,-2.926313,9,"['1622', '1624', '1637']",,"0.146073, 0.393621, -0.020598"
1624,O,1.115148,-11.45218,-2.989396,11,['1623'],,"-0.067737, 0.365888, 0.313766"
1625,HN,2.882524,-10.789162,-0.596806,10,['1621'],,"0.338092, -0.415395, 0.055577"
1626,H,2.153694,-8.411377,-2.215464,12,['1622'],,"-0.067658, 0.400313, -0.028157"
1627,C,3.70393,-9.783476,-2.911841,15,"['1622', '1628', '1629', '1630']",,"0.183065, -0.060037, -0.076504"
1628,C,3.656006,-9.317516,-4.392694,17,"['1627', '1631', '1632', '1633']",,"-0.018761, -0.005000, 0.048853"
1629,C,4.821506,-9.001469,-2.182505,17,"['1627', '1634', '1635', '1636']",,"-0.075402, -0.060617, 0.061300"
1630,H,3.931988,-10.878446,-2.864372,16,['1627'],,"-0.025494, -0.081664, 0.060179"
1631,H,4.644116,-9.402057,-4.894887,18,['1628'],,"-0.032093, 0.005139, 0.001110"
1632,H,3.32457,-8.256996,-4.481986,18,['1628'],,"-0.038835, 0.033560, 0.012910"
1633,H,2.945806,-9.932697,-4.988986,18,['1628'],,"0.005108, -0.006276, -0.020017"
1634,H,5.817808,-9.187101,-2.637334,18,['1629'],,"-0.028012, 0.018598, 0.028936"
1635,H,4.889986,-9.310231,-1.116575,18,['1629'],,"-0.032841, -0.033335, 0.036429"
1636,H,4.63671,-7.904773,-2.195543,18,['1629'],,"-0.011919, -0.035298, 0.001964"
1637,N,0.229613,-9.427563,-3.456057,7,"['1623', '1638', '1641']",,"0.124736, 0.268669, 0.082528"
1638,CA,-1.049672,-9.88976,-3.966026,8,"['1637', '1639', '1642', '1643']",,"0.290836, -0.279993, 0.702124"
1639,C,-1.618317,-8.891919,-4.972994,9,"['1638', '1640', '1647']",,"-0.022318, -0.327474, 0.094465"
1640,O,-1.247385,-7.718504,-4.991634,11,['1639'],,"-0.107137, -0.182290, -0.038845"
1641,HN,0.397293,-8.416327,-3.553289,10,['1637'],,"0.070909, 0.343168, -0.066473"
1642,H,-0.910079,-10.873625,-4.478706,12,['1638'],,"0.107678, -0.301085, -0.114139"
1643,C,-2.011902,-10.027934,-2.762548,13,"['1638', '1644', '1645', '1646']",,"-0.102142, -0.093344, 0.261619"
1644,H,-3.03373,-10.341713,-3.069765,14,['1643'],,"0.013214, 0.018927, 0.023824"
1645,H,-2.106299,-9.058425,-2.225156,14,['1643'],,"0.061410, 0.004284, 0.007311"
1646,H,-1.639912,-10.776525,-2.026664,14,['1643'],,"0.056467, -0.028654, -0.002747"
1647,N,-2.599971,-9.366101,-5.780292,7,"['1639', '1648', '1651']",,"-0.068162, -0.123398, 0.129789"
1648,CA,-3.289607,-8.589155,-6.79814,8,"['1647', '1649', '1652', '1653']",,"-0.338620, 0.161580, 0.407182"
1649,C,-2.334819,-8.038541,-7.865822,9,"['1648', '1650', '1668']",,"0.036535, -0.118413, 0.082649"
1650,O,-2.481409,-6.911115,-8.338157,11,['1649'],,"0.001371, -0.134685, 0.098924"
1651,HN,-2.91294,-10.341882,-5.688728,10,['1647'],,"-0.007159, -0.089760, 0.008651"
1652,H,-3.952343,-9.284648,-7.366809,12,['1648'],,"-0.174865, -0.165668, -0.202323"
1653,C,-4.166446,-7.470549,-6.155967,70,"['1648', '1654', '1661', '1662']",,"-0.102574, 0.281077, 0.032517"
1654,C,-5.247732,-8.067917,-5.278922,72,"['1653', '1655', '1656']",,"0.148606, 0.078646, 0.031942"
1655,C,-6.363949,-8.686881,-5.867403,73,"['1654', '1657', '1663']",,"0.049142, 0.067705, 0.117844"
1656,C,-5.151869,-8.052585,-3.876593,73,"['1654', '1658', '1664']",,"0.019610, 0.028657, 0.067171"
1657,C,-7.365135,-9.259166,-5.079439,75,"['1655', '1659', '1665']",,"-0.019739, 0.098444, 0.099949"
1658,C,-6.160979,-8.619448,-3.089857,75,"['1656', '1659', '1666']",,"0.006179, 0.084799, 0.090035"
1659,C,-7.271362,-9.222134,-3.686211,77,"['1657', '1658', '1660']",,"-0.128856, 0.105890, 0.198708"
1660,OH,-8.249647,-9.807737,-2.958161,78,"['1659', '1667']",,"-0.146275, 0.039308, 0.103705"
1661,H,-4.62499,-6.832885,-6.944086,71,['1653'],,"0.098824, 0.068289, -0.037295"
1662,H,-3.522601,-6.778284,-5.565521,71,['1653'],,"0.111067, -0.013041, 0.001504"
1663,H,-6.468844,-8.72033,-6.963495,74,['1655'],,"0.048537, -0.029069, 0.096533"
1664,H,-4.280872,-7.590056,-3.384151,74,['1656'],,"0.050299, 0.044607, -0.009777"
1665,H,-8.243296,-9.72403,-5.55372,76,['1657'],,"-0.000180, 0.078455, 0.065782"
1666,H,-6.082864,-8.612449,-1.993493,76,['1658'],,"-0.049436, -0.092402, 0.167202"
1667,HO,-8.370516,-9.448555,-2.087066,79,['1660'],,"-0.122043, 0.014875, 0.133473"
1668,N,-1.329809,-8.859572,-8.260757,7,"['1649', '1669', '1672']",,"0.081448, -0.224653, 0.226367"
1669,CA,-0.353318,-8.511189,-9.274195,8,"['1668', '1670', '1673', '1674']",,"0.246673, -0.131736, 0.650835"
1670,C,-1.014834,-8.673831,-10.652912,9,"['1669', '1671', '1684']",,"0.191030, 0.292600, 0.276536"
1671,O,-1.282192,-9.789602,-11.122269,11,['1670'],,"-0.027687, 0.484512, 0.081286"
1672,HN,-1.277389,-9.83267,-7.928629,10,['1668'],,"0.032208, -0.335742, 0.072250"
1673,H,-0.060674,-7.442913,-9.13446,12,['1669'],,"0.132533, 0.332402, 0.071980"
1674,C,0.954008,-9.372647,-9.173116,15,"['1669', '1675', '1676', '1677']",,"0.323609, -0.118128, -0.006865"
1675,C,1.997139,-8.865441,-10.202851,17,"['1674', '1678', '1679', '1680']",,"0.190147, -0.095151, 0.030754"
1676,C,1.566623,-9.312374,-7.746601,17,"['1674', '1681', '1682', '1683']",,"0.008176, 0.006050, 0.010568"
1677,H,0.697779,-10.436325,-9.405449,16,['1674'],,"-0.042323, -0.021076, 0.002107"
1678,H,2.840963,-9.584883,-10.305265,18,['1675'],,"0.221803, -0.047434, -0.032777"
1679,H,2.440647,-7.885543,-9.916804,18,['1675'],,"0.038679, -0.020613, -0.012339"
1680,H,1.576774,-8.745457,-11.223255,18,['1675'],,"0.070059, 0.004697, 0.087265"
1681,H,2.593986,-9.738474,-7.720526,18,['1676'],,"0.045444, -0.013396, 0.007767"
1682,H,0.963861,-9.891476,-7.012311,18,['1676'],,"0.015646, -0.000719, 0.001920"
1683,H,1.641034,-8.275526,-7.354395,18,['1676'],,"-0.007245, -0.015119, 0.019613"
1684,N,-1.236451,-7.535125,-11.351711,7,"['1670', '1685', '1688']",,"0.002280, 0.194539, 0.227562"
1685,CA,-1.678049,-7.451538,-12.742657,8,"['1684', '1686', '1689', '1690']",,"-0.461279, 0.031753, 0.446693"
1686,C,-0.516498,-6.909996,-13.584438,9,"['1685', '1687', '1705']",,"-0.283424, -0.167108, -0.051907"
1687,O,0.246827,-6.062791,-13.11971,11,['1686'],,"-0.012864, -0.258080, -0.011080"
1688,HN,-1.003352,-6.628469,-10.922886,10,['1684'],,"0.068059, 0.143042, 0.083250"
1689,H,-1.924264,-8.477926,-13.11291,12,['1685'],,"-0.079472, -0.361816, -0.045455"
1690,C,-2.925967,-6.532422,-12.868854,70,"['1685', '1691', '1698', '1699']",,"-0.293011, 0.158942, -0.007999"
1691,C,-4.085291,-7.076976,-12.058156,72,"['1690', '1692', '1693']",,"0.123868, 0.036508, 0.048782"
1692,C,-4.774101,-8.218375,-12.500951,73,"['1691', '1694', '1700']",,"0.063750, -0.060011, -0.023471"
1693,C,-4.449488,-6.516167,-10.822058,73,"['1691', '1695', '1701']",,"0.163748, 0.090741, 0.103010"
1694,C,-5.782064,-8.793719,-11.724692,75,"['1692', '1696', '1702']",,"0.108272, -0.030365, -0.089518"
1695,C,-5.470061,-7.078259,-10.048406,75,"['1693', '1696', '1703']",,"0.226132, 0.067528, 0.056887"
1696,C,-6.13756,-8.222663,-10.497571,77,"['1694', '1695', '1697']",,"0.212939, 0.003245, -0.027296"
1697,OH,-7.145796,-8.794549,-9.78892,78,"['1696', '1704']",,"0.110236, 0.054181, 0.111317"
1698,H,-3.250573,-6.43257,-13.929611,71,['1690'],,"-0.033425, 0.056174, 0.029130"
1699,H,-2.697657,-5.489795,-12.545648,71,['1690'],,"-0.045255, 0.084526, -0.033267"
1700,H,-4.506086,-8.705437,-13.45338,74,['1692'],,"-0.034430, -0.057629, -0.045545"
1701,H,-3.907482,-5.643812,-10.42321,74,['1693'],,"0.057294, 0.015840, 0.079807"
1702,H,-6.27662,-9.707699,-12.095762,76,['1694'],,"0.062589, -0.094249, -0.128373"
1703,H,-5.720235,-6.622325,-9.076391,76,['1695'],,"0.051669, 0.050397, 0.057489"
1704,HO,-7.3724,-8.298568,-9.013099,79,['1697'],,"-0.014607, 0.019518, 0.014356"
1705,N,-0.38671,-7.403969,-14.848867,7,"['1686', '1706', '1709']",,"-0.043910, -0.185216, -0.028928"
1706,CA,0.723957,-7.090667,-15.752327,8,"['1705', '1707', '1710', '1711']",,"0.090848, -0.486359, 0.064651"
1707,C,0.865862,-5.589028,-16.041169,9,"['1706', '1708', '1727']",,"-0.047201, -0.103727, 0.044548"
1708,O,1.976931,-5.105486,-16.247544,11,['1707'],,"-0.144700, -0.150927, 0.096733"
1709,HN,-1.144765,-7.981882,-15.242696,10,['1705'],,"-0.174086, -0.094598, -0.116419"
1710,H,1.668983,-7.366115,-15.219982,12,['1706'],,"0.388538, -0.001930, 0.149142"
1711,C,0.638149,-7.8964,-17.095796,182,"['1706', '1712', '1716', '1717']",,"0.174099, -0.078915, -0.231008"
1712,C,1.892292,-7.821005,-18.025603,184,"['1711', '1713', '1718', '1719']",,"0.115325, 0.154001, 0.021753"
1713,C,1.721201,-8.630429,-19.342141,186,"['1712', '1714', '1720', '1721']",,"-0.289004, -0.055769, 0.104291"
1714,C,2.583571,-8.279745,-20.586696,188,"['1713', '1715', '1722', '1723']",,"0.476805, 0.166386, 0.083550"
1715,N,3.994714,-7.988297,-20.380633,190,"['1714', '1724', '1725', '1726']",,"0.287873, 0.125528, 0.132341"
1716,H,-0.248035,-7.529636,-17.668232,183,['1711'],,"0.051664, 0.031368, -0.015707"
1717,H,0.435619,-8.970457,-16.867293,183,['1711'],,"0.027828, 0.033584, -0.023893"
1718,H,2.796822,-8.17761,-17.476526,185,['1712'],,"0.036491, -0.009537, 0.014276"
1719,H,2.087872,-6.750416,-18.269533,185,['1712'],,"0.009483, 0.142664, -0.014376"
1720,H,0.659903,-8.541339,-19.679195,187,['1713'],,"-0.029681, 0.033593, -0.027133"
1721,H,1.860681,-9.712044,-19.104026,187,['1713'],,"0.040168, -0.040850, 0.025962"
1722,H,2.141526,-7.400742,-21.114195,189,['1714'],,"0.075006, 0.052332, -0.020667"
1723,H,2.521204,-9.124342,-21.314374,189,['1714'],,"0.101131, 0.074403, -0.048560"
1724,HN,4.505983,-7.991053,-21.260907,191,['1715'],,"0.010836, 0.031313, 0.017104"
1725,HN,4.46571,-8.656336,-19.76902,191,['1715'],,"0.222095, -0.125736, 0.087875"
1726,HN,4.096416,-7.043268,-20.007877,191,['1715'],,"-0.000243, 0.361425, 0.032015"
1727,N,-0.27099,-4.849251,-16.069996,1,"['1707', '1728', '1731']",,"-0.149277, -0.039632, -0.098212"
1728,CA,-0.302312,-3.424339,-16.290547,2,"['1727', '1729', '1732', '1733']",,"-0.022127, -0.196672, -0.421849"
1729,C,0.15625,-2.523969,-15.147891,3,"['1728', '1730', '1734']",,"-0.061973, -0.181823, -0.066734"
1730,O,0.452041,-1.352317,-15.380648,5,['1729'],,"0.001341, -0.187351, 0.052938"
1731,HN,-1.199459,-5.278306,-15.960063,4,['1727'],,"-0.061922, -0.055416, 0.028752"
1732,H,0.32818,-3.159477,-17.169592,6,['1728'],,"0.158912, 0.137812, -0.092514"
1733,H,-1.336218,-3.10843,-16.557235,6,['1728'],,"-0.195838, 0.152565, -0.056231"
1734,N,0.19573,-3.04044,-13.894221,7,"['1729', '1735', '1738']",,"-0.040922, -0.128084, 0.054289"
1735,CA,0.539078,-2.276794,-12.704747,8,"['1734', '1736', '1739', '1740']",,"-0.439614, 0.244126, -0.063764"
1736,C,1.486856,-3.065795,-11.795375,9,"['1735', '1737', '1748']",,"0.073434, 0.211395, -0.101663"
1737,O,1.149821,-3.368204,-10.647709,11,['1736'],,"-0.001247, 0.067157, -0.171267"
1738,HN,0.072875,-4.047694,-13.718441,10,['1734'],,"0.017579, -0.276240, 0.021241"
1739,H,1.090069,-1.351771,-12.99786,12,['1735'],,"0.197157, 0.327581, -0.157122"
1740,C,-0.760137,-1.884816,-11.940446,147,"['1735', '1741', '1744', '1745']",,"-0.213490, 0.034999, 0.187808"
1741,C,-1.615481,-0.815421,-12.597666,149,"['1740', '1742', '1743']",,"-0.250991, -0.102800, 0.101175"
1742,O,-1.111213,0.018165,-13.348891,150,['1741'],,"-0.187259, -0.176390, 0.123547"
1743,N,-2.909626,-0.801648,-12.218817,151,"['1741', '1746', '1747']",,"-0.238097, 0.146242, -0.048655"
1744,H,-0.471992,-1.489957,-10.940629,148,['1740'],,"0.038177, -0.084188, 0.031486"
1745,H,-1.364127,-2.798139,-11.736146,148,['1740'],,"0.024468, -0.002897, 0.009257"
1746,HN,-3.310055,-1.530504,-11.615691,152,['1743'],,"-0.014194, 0.029537, -0.054602"
1747,HN,-3.507371,-0.028048,-12.54617,152,['1743'],,"-0.311571, 0.283884, 0.021353"
1748,N,2.68357,-3.445234,-12.315567,7,"['1736', '1749', '1752']",,"-0.075357, -0.007645, -0.200991"
1749,CA,3.680835,-4.200423,-11.57033,8,"['1748', '1750', '1753', '1754']",,"-0.630775, -0.503663, 0.103992"
1750,C,5.090413,-3.594819,-11.580172,9,"['1749', '1751', '1762']",,"-0.323715, 0.117198, -0.064988"
1751,O,6.061527,-4.307724,-11.31073,11,['1750'],,"-0.177778, 0.096743, -0.307425"
1752,HN,2.933909,-3.265132,-13.299017,10,['1748'],,"0.051011, -0.030556, -0.194985"
1753,H,3.398538,-4.203341,-10.493447,12,['1749'],,"-0.142803, -0.017791, 0.343017"
1754,C,3.70101,-5.672214,-12.062377,147,"['1749', '1755', '1758', '1759']",,"0.079246, -0.386317, 0.041440"
1755,C,4.35044,-5.891031,-13.420736,149,"['1754', '1756', '1757']",,"0.035452, -0.276514, 0.161116"
1756,O,4.427147,-4.973014,-14.242458,150,['1755'],,"-0.098764, -0.234984, 0.039712"
1757,N,4.806853,-7.141615,-13.65311,151,"['1755', '1760', '1761']",,"0.071139, -0.252345, 0.117215"
1758,H,2.684068,-6.125295,-12.05705,148,['1754'],,"-0.036673, 0.029146, -0.003876"
1759,H,4.306841,-6.258671,-11.331803,148,['1754'],,"0.096518, -0.058075, 0.005311"
1760,HN,4.812635,-7.853751,-12.902052,152,['1757'],,"0.078250, -0.231273, 0.205598"
1761,HN,5.222933,-7.36982,-14.564405,152,['1757'],,"-0.008333, -0.082320, 0.057374"
1762,N,5.248485,-2.257293,-11.781848,7,"['1750', '1763', '1766']",,"-0.335807, 0.177866, -0.213761"
1763,CA,6.556931,-1.608698,-11.80216,8,"['1762', '1764', '1767', '1768']",,"-0.253658, -0.346227, -0.468861"
1764,C,7.3883,-1.860309,-10.531547,9,"['1763', '1765', '1776']",,"-0.136760, -0.070824, -0.173452"
1765,O,8.616171,-1.858847,-10.597558,11,['1764'],,"-0.083541, -0.113133, -0.079641"
1766,HN,4.427337,-1.632122,-11.806554,10,['1762'],,"-0.352715, 0.242795, 0.041932"
1767,H,7.149675,-2.087602,-12.620967,12,['1763'],,"0.252334, -0.190562, -0.270072"
1768,C,6.49092,-0.073468,-12.112107,37,"['1763', '1769', '1770', '1771']",,"0.287790, 0.336963, 0.101954"
1769,OH,6.057739,0.088829,-13.470418,39,"['1768', '1772']",,"-0.436974, -0.371667, 0.591433"
1770,C,7.818716,0.692119,-11.945448,41,"['1768', '1773', '1774', '1775']",,"0.128355, 0.056322, 0.122101"
1771,H,5.712688,0.375365,-11.446812,38,['1768'],,"-0.131642, -0.051735, 0.016201"
1772,HO,5.130807,0.322666,-13.390856,40,['1769'],,"-0.557023, 0.114472, 0.117739"
1773,H,7.745313,1.765901,-12.221175,42,['1770'],,"-0.019808, -0.021764, 0.045879"
1774,H,8.647176,0.222243,-12.519799,42,['1770'],,"-0.019815, -0.086828, 0.068988"
1775,H,8.131997,0.669931,-10.87729,42,['1770'],,"0.001754, -0.050036, -0.010050"
1776,N,6.756993,-2.000874,-9.336311,7,"['1764', '1777', '1780']",,"-0.198278, 0.111527, -0.137220"
1777,CA,7.469151,-2.270659,-8.0918,8,"['1776', '1778', '1781', '1782']",,"0.008867, 0.444466, -0.159194"
1778,C,7.373689,-3.713624,-7.576037,9,"['1777', '1779', '1794']",,"-0.090020, -0.002353, -0.305336"
1779,O,7.698937,-3.952788,-6.409438,11,['1778'],,"-0.162002, 0.077616, -0.297794"
1780,HN,5.730336,-1.923667,-9.260217,10,['1776'],,"-0.245780, 0.049775, -0.026729"
1781,H,8.567805,-2.148471,-8.269023,12,['1777'],,"0.382675, -0.038231, -0.175276"
1782,C,7.054994,-1.267767,-6.971392,106,"['1777', '1783', '1788', '1789']",,"0.094315, 0.318279, 0.115171"
1783,C,7.328224,0.186615,-7.257821,108,"['1782', '1784', '1785']",,"-0.010853, 0.227712, -0.094618"
1784,N,8.47669,0.660896,-7.83807,109,"['1783', '1786', '1790']",,"-0.029496, 0.188227, 0.047128"
1785,C,6.557909,1.291684,-6.975584,111,"['1783', '1787', '1791']",,"-0.036005, 0.347378, -0.074596"
1786,C,8.405136,2.00857,-7.977575,113,"['1784', '1787', '1792']",,"-0.175707, 0.286826, 0.075296"
1787,N,7.225732,2.388592,-7.468329,115,"['1785', '1786', '1793']",,"-0.124914, 0.385877, 0.021652"
1788,H,7.57991,-1.535044,-6.02546,107,['1782'],,"-0.013602, -0.064148, -0.081314"
1789,H,5.969698,-1.388653,-6.746763,107,['1782'],,"0.046333, 0.069951, -0.015144"
1790,HN,9.280201,0.093973,-8.148349,110,['1784'],,"-0.053475, 0.072372, 0.002452"
1791,H,5.608341,1.371567,-6.484584,112,['1785'],,"-0.037315, 0.040232, -0.032691"
1792,H,9.114845,2.674184,-8.44446,114,['1786'],,"-0.116596, 0.191442, -0.115596"
1793,HN,6.848852,3.347409,-7.462566,116,['1787'],,"-0.371274, 0.530922, 0.024329"
1794,N,6.961143,-4.702705,-8.41163,7,"['1778', '1795', '1798']",,"-0.177605, -0.015160, -0.306315"
1795,CA,6.813691,-6.091802,-8.000569,8,"['1794', '1796', '1799', '1800']",,"-0.655113, 0.129378, -0.293581"
1796,C,8.111426,-6.718443,-7.494528,9,"['1795', '1797', '1809']",,"-0.098094, 0.168969, -0.290996"
1797,O,8.104693,-7.359788,-6.439866,11,['1796'],,"-0.023400, 0.152558, -0.400413"
1798,HN,6.774901,-4.51528,-9.406699,10,['1794'],,"-0.070494, 0.060125, -0.354262"
1799,H,6.142452,-6.100342,-7.104694,12,['1795'],,"-0.150981, -0.055068, 0.306790"
1800,C,6.160039,-6.974573,-9.099893,153,"['1795', '1801', '1805', '1806']",,"-0.192392, -0.591417, -0.239642"
1801,C,6.087047,-8.477021,-8.7468,155,"['1800', '1802', '1807', '1808']",,"0.172157, 0.519737, 0.094711"
1802,C,5.434995,-9.379224,-9.776753,157,"['1801', '1803', '1804']",,"0.247984, 0.339690, 0.130593"
1803,O,5.258124,-8.953671,-10.947171,158,['1802'],,"0.115616, 0.073133, 0.040195"
1804,O,5.087934,-10.533789,-9.382515,158,['1802'],,"0.031375, 0.652973, -0.171800"
1805,H,6.717554,-6.868645,-10.061193,154,['1800'],,"-0.014960, 0.005663, -0.104783"
1806,H,5.127717,-6.608065,-9.302056,154,['1800'],,"0.029385, 0.026347, -0.015792"
1807,H,5.544984,-8.60618,-7.781754,156,['1801'],,"-0.009060, -0.000331, 0.111186"
1808,H,7.11504,-8.88244,-8.59527,156,['1801'],,"0.132713, -0.050866, 0.018061"
1809,N,9.247261,-6.510413,-8.212896,7,"['1796', '1810', '1813']",,"-0.002580, 0.000430, -0.322193"
1810,CA,10.546686,-6.997103,-7.767134,8,"['1809', '1811', '1814', '1815']",,"-0.110214, -0.349887, -0.472165"
1811,C,10.885355,-6.524546,-6.351364,9,"['1810', '1812', '1826']",,"-0.061113, 0.008351, -0.247549"
1812,O,11.304117,-7.311632,-5.502211,11,['1811'],,"-0.007182, 0.127345, -0.300164"
1813,HN,9.210211,-6.045227,-9.132867,10,['1809'],,"-0.011111, 0.092865, -0.207799"
1814,H,10.48628,-8.111392,-7.687479,12,['1810'],,"0.043493, -0.413178, 0.075563"
1815,C,11.727541,-6.617488,-8.703837,167,"['1810', '1816', '1820', '1821']",,"0.082466, -0.233461, -0.513723"
1816,C,11.707688,-7.32982,-10.071166,169,"['1815', '1817', '1822', '1823']",,"-0.005485, -0.101509, -0.035855"
1817,C,13.069683,-7.276312,-10.756582,171,"['1816', '1818', '1819']",,"0.031796, -0.331419, 0.031651"
1818,O,13.518398,-6.209412,-11.192356,172,['1817'],,"-0.219145, -0.319512, 0.163429"
1819,N,13.710097,-8.45924,-10.860696,173,"['1817', '1824', '1825']",,"0.098158, -0.212957, -0.047130"
1820,H,12.680508,-6.891693,-8.189661,168,['1815'],,"-0.025483, -0.005446, 0.032271"
1821,H,11.765057,-5.514848,-8.863763,168,['1815'],,"-0.004831, -0.031132, 0.001246"
1822,H,10.96391,-6.862063,-10.756106,170,['1816'],,"-0.121639, 0.032017, -0.125140"
1823,H,11.382561,-8.390533,-9.953774,170,['1816'],,"-0.018548, -0.161193, -0.023276"
1824,HN,13.299469,-9.323692,-10.482482,174,['1819'],,"-0.020314, -0.081357, 0.020528"
1825,HN,14.614004,-8.498303,-11.34687,174,['1819'],,"0.037920, -0.066869, -0.074926"
1826,N,10.694916,-5.204325,-6.10289,7,"['1811', '1827', '1830']",,"0.010665, 0.128152, -0.197469"
1827,CA,10.951307,-4.554087,-4.830957,8,"['1826', '1828', '1831', '1832']",,"0.294355, 0.342886, -0.453072"
1828,C,10.143941,-5.18094,-3.69441,9,"['1827', '1829', '1845']",,"-0.096462, 0.054509, -0.225455"
1829,O,10.686977,-5.454477,-2.623721,11,['1828'],,"-0.075544, 0.149715, -0.243940"
1830,HN,10.332155,-4.597757,-6.849713,10,['1826'],,"-0.076156, 0.044911, -0.098872"
1831,H,12.024215,-4.715642,-4.569102,12,['1827'],,"0.298133, -0.104388, 0.151306"
1832,C,10.642089,-3.030126,-4.921661,19,"['1827', '1833', '1836', '1837']",,"0.001987, 0.279349, 0.127881"
1833,C,10.975679,-2.235345,-3.620621,21,"['1832', '1834', '1835', '1838']",,"0.018607, 0.011914, 0.087560"
1834,C,12.488887,-1.910798,-3.573169,23,"['1833', '1839', '1840', '1841']",,"0.019407, 0.063025, 0.145461"
1835,C,10.142155,-0.933952,-3.59445,23,"['1833', '1842', '1843', '1844']",,"0.015017, -0.001670, 0.002531"
1836,H,9.553046,-2.922669,-5.149636,20,['1832'],,"-0.069801, -0.051174, -0.003348"
1837,H,11.171462,-2.577139,-5.794102,20,['1832'],,"0.008063, -0.010421, 0.041773"
1838,H,10.703125,-2.824916,-2.710038,22,['1833'],,"0.026086, -0.029419, 0.059238"
1839,H,12.753094,-1.367056,-2.638179,24,['1834'],,"0.050115, 0.009367, 0.122697"
1840,H,12.822572,-1.278003,-4.426231,24,['1834'],,"-0.024627, 0.010988, 0.054565"
1841,H,13.107275,-2.834975,-3.570157,24,['1834'],,"-0.046095, 0.044097, 0.050959"
1842,H,10.358992,-0.326731,-2.687268,24,['1835'],,"-0.005053, -0.025445, 0.032555"
1843,H,9.051333,-1.156209,-3.567299,24,['1835'],,"0.023202, -0.004018, 0.016299"
1844,H,10.328539,-0.294123,-4.48521,24,['1835'],,"0.013406, 0.077092, -0.049010"
1845,N,8.81467,-5.340777,-3.903368,7,"['1828', '1846', '1849']",,"-0.104935, 0.145634, -0.221227"
1846,CA,7.905147,-5.804761,-2.876736,8,"['1845', '1847', '1850', '1851']",,"-0.220879, 0.513366, -0.063452"
1847,C,8.116892,-7.27846,-2.549874,9,"['1846', '1848', '1864']",,"-0.068837, 0.119240, -0.307885"
1848,O,8.100267,-7.641614,-1.37562,11,['1847'],,"-0.109690, 0.154104, -0.332252"
1849,HN,8.405923,-5.168644,-4.832588,10,['1845'],,"-0.094313, 0.082640, -0.262707"
1850,H,8.165314,-5.278706,-1.925032,12,['1846'],,"0.103321, 0.090713, 0.355646"
1851,C,6.418462,-5.517385,-3.216397,19,"['1846', '1852', '1855', '1856']",,"-0.244526, 0.125288, 0.007633"
1852,C,6.111052,-4.008521,-3.454199,21,"['1851', '1853', '1854', '1857']",,"0.044118, 0.027746, -0.020450"
1853,C,4.655136,-3.849502,-3.929624,23,"['1852', '1858', '1859', '1860']",,"-0.006343, -0.035959, 0.010603"
1854,C,6.318147,-3.176607,-2.174327,23,"['1852', '1861', '1862', '1863']",,"-0.039868, -0.001174, -0.028417"
1855,H,5.780743,-5.906575,-2.387303,20,['1851'],,"0.001207, -0.008595, 0.008849"
1856,H,6.130417,-6.11474,-4.115502,20,['1851'],,"-0.001132, -0.019807, -0.003498"
1857,H,6.785092,-3.606425,-4.249323,22,['1852'],,"0.032590, -0.002250, -0.072469"
1858,H,4.402331,-2.787862,-4.15025,24,['1853'],,"0.009768, -0.028152, 0.020352"
1859,H,3.916337,-4.223283,-3.183833,24,['1853'],,"-0.027498, -0.025591, 0.008857"
1860,H,4.498683,-4.425522,-4.867211,24,['1853'],,"-0.006412, -0.015417, -0.007768"
1861,H,6.051003,-2.106268,-2.326007,24,['1854'],,"0.006747, 0.029342, 0.012323"
1862,H,7.382538,-3.186126,-1.851296,24,['1854'],,"-0.016373, 0.006365, -0.033635"
1863,H,5.701311,-3.556411,-1.327407,24,['1854'],,"-0.035667, -0.011192, 0.022636"
1864,N,8.399551,-8.136376,-3.561474,7,"['1847', '1865', '1868']",,"-0.094924, 0.098138, -0.305382"
1865,CA,8.765592,-9.522907,-3.334651,8,"['1864', '1866', '1869', '1870']",,"-0.480921, 0.005194, -0.184986"
1866,C,10.100441,-9.673205,-2.608982,9,"['1865', '1867', '1888']",,"-0.051493, 0.180554, -0.187893"
1867,O,10.260943,-10.60241,-1.824337,11,['1866'],,"-0.030503, 0.139334, -0.309978"
1868,HN,8.379309,-7.817956,-4.539566,10,['1864'],,"-0.020679, 0.110728, -0.350863"
1869,H,8.026986,-9.95188,-2.612122,12,['1865'],,"-0.186685, -0.174271, 0.320167"
1870,C,8.770233,-10.40467,-4.614342,202,"['1865', '1871', '1877', '1878']",,"-0.074693, -0.157309, -0.135807"
1871,C,7.367568,-10.574461,-5.23598,204,"['1870', '1872', '1879', '1880']",,"0.042741, 0.202079, 0.098746"
1872,C,7.346564,-11.668805,-6.326639,206,"['1871', '1873', '1881', '1882']",,"0.102443, 0.037292, -0.120436"
1873,N,6.030211,-11.740713,-6.942055,208,"['1872', '1874', '1883']",,"0.063451, 0.003257, -0.047620"
1874,C,4.899575,-12.222973,-6.409098,210,"['1873', '1875', '1876']",,"-0.112664, -0.025277, -0.050537"
1875,N,4.837324,-12.750517,-5.183476,211,"['1874', '1884', '1885']",,"-0.092352, -0.044548, 0.007671"
1876,N,3.782279,-12.105403,-7.131368,211,"['1874', '1886', '1887']",,"-0.043434, -0.005701, -0.039495"
1877,H,9.178995,-11.408617,-4.340912,203,['1870'],,"-0.009580, -0.014485, 0.035840"
1878,H,9.477465,-9.976916,-5.365645,203,['1870'],,"-0.001603, 0.047188, 0.004209"
1879,H,7.029572,-9.600587,-5.663983,205,['1871'],,"-0.017416, 0.065878, -0.064359"
1880,H,6.64153,-10.826296,-4.427005,205,['1871'],,"-0.017481, 0.034781, 0.012420"
1881,H,7.640841,-12.661381,-5.91419,207,['1872'],,"0.125073, -0.142072, -0.000744"
1882,H,8.104715,-11.430894,-7.105961,207,['1872'],,"0.127779, -0.023336, -0.079968"
1883,HN,5.952682,-11.355142,-7.896767,209,['1873'],,"-0.239327, 0.113284, -0.321415"
1884,HN,5.683916,-12.887342,-4.619929,212,['1875'],,"-0.074059, -0.038566, -0.076729"
1885,HN,3.924801,-13.051639,-4.813928,212,['1875'],,"-0.308137, 0.015882, -0.082539"
1886,HN,3.837725,-11.676014,-8.07055,212,['1876'],,"0.172284, 0.079323, -0.117382"
1887,HN,2.884851,-12.400846,-6.717792,212,['1876'],,"-0.042448, -0.077880, 0.233036"
1888,N,11.062624,-8.750491,-2.840427,7,"['1866', '1889', '1892']",,"0.003658, 0.171364, -0.278947"
1889,CA,12.319505,-8.693742,-2.110041,8,"['1888', '1890', '1893', '1894']",,"0.109886, -0.176676, -0.554330"
1890,C,12.096345,-8.405654,-0.619416,9,"['1889', '1891', '1910']",,"-0.121009, 0.129217, -0.165423"
1891,O,12.775345,-8.977912,0.236566,11,['1890'],,"-0.164625, 0.093410, -0.154745"
1892,HN,10.948428,-8.059884,-3.595359,10,['1888'],,"-0.006760, 0.179936, -0.264668"
1893,H,12.794853,-9.704106,-2.154275,12,['1889'],,"0.145162, -0.344037, 0.066228"
1894,C,13.266031,-7.638062,-2.74591,182,"['1889', '1895', '1899', '1900']",,"0.111898, 0.112256, -0.137591"
1895,C,14.61582,-7.461448,-2.021746,184,"['1894', '1896', '1901', '1902']",,"-0.191048, -0.052412, 0.014778"
1896,C,15.532986,-6.490586,-2.789583,186,"['1895', '1897', '1903', '1904']",,"-0.278288, 0.013995, -0.290037"
1897,C,16.712156,-5.940672,-1.975767,188,"['1896', '1898', '1905', '1906']",,"0.159242, -0.321241, 0.252293"
1898,N,17.488772,-6.928693,-1.254074,190,"['1897', '1907', '1908', '1909']",,"0.091018, -0.054362, 0.316680"
1899,H,12.738844,-6.653691,-2.776237,183,['1894'],,"-0.100255, 0.058447, 0.029068"
1900,H,13.446568,-7.919432,-3.811893,183,['1894'],,"-0.047619, -0.021262, -0.033557"
1901,H,15.106362,-8.455399,-1.899777,185,['1895'],,"-0.051060, -0.003571, -0.007437"
1902,H,14.425346,-7.073089,-0.991421,185,['1895'],,"-0.023043, 0.034845, 0.048766"
1903,H,14.937432,-5.612487,-3.134509,187,['1896'],,"-0.010541, -0.031541, 0.003130"
1904,H,15.905037,-6.980007,-3.719611,187,['1896'],,"0.056718, 0.010350, -0.154030"
1905,H,16.325252,-5.213955,-1.225997,189,['1897'],,"0.035730, -0.061133, 0.109809"
1906,H,17.398519,-5.369725,-2.640749,189,['1897'],,"0.000962, 0.000924, 0.057549"
1907,HN,18.219066,-6.418418,-0.759588,191,['1898'],,"0.219537, 0.226436, 0.246772"
1908,HN,17.934804,-7.620937,-1.842828,191,['1898'],,"-0.066082, 0.119996, 0.135436"
1909,HN,16.945135,-7.42297,-0.54344,191,['1898'],,"-0.083298, -0.181083, 0.269232"
1910,N,11.141086,-7.490858,-0.317545,7,"['1890', '1911', '1914']",,"-0.058457, 0.217470, -0.185181"
1911,CA,10.714729,-7.14783,1.027446,8,"['1910', '1912', '1915', '1916']",,"0.196565, 0.639860, -0.180767"
1912,C,10.037247,-8.331351,1.724218,9,"['1911', '1913', '1920']",,"-0.065625, 0.103828, -0.268528"
1913,O,10.313294,-8.606434,2.892465,11,['1912'],,"-0.069592, 0.135100, -0.253846"
1914,HN,10.685193,-6.960183,-1.072523,10,['1910'],,"-0.078491, 0.151903, -0.213188"
1915,H,11.619672,-6.908351,1.637004,12,['1911'],,"0.268450, 0.004619, 0.235870"
1916,C,9.761391,-5.925712,1.012072,13,"['1911', '1917', '1918', '1919']",,"-0.163154, 0.252319, 0.045507"
1917,H,9.417845,-5.668255,2.035756,14,['1916'],,"-0.035036, 0.011736, -0.013196"
1918,H,8.846029,-6.124591,0.409089,14,['1916'],,"-0.055286, -0.081137, -0.046676"
1919,H,10.254407,-5.021394,0.58972,14,['1916'],,"0.016052, -0.015673, -0.006045"
1920,N,9.142003,-9.036085,0.985132,7,"['1912', '1921', '1924']",,"-0.140548, 0.130908, -0.228867"
1921,CA,8.365086,-10.172239,1.442739,8,"['1920', '1922', '1925', '1926']",,"-0.443641, 0.423061, -0.177199"
1922,C,9.276396,-11.344442,1.79688,9,"['1921', '1923', '1935']",,"0.001246, 0.128026, -0.287747"
1923,O,9.071575,-11.996325,2.816864,11,['1922'],,"-0.026754, 0.174952, -0.355414"
1924,HN,8.93327,-8.728461,0.028141,10,['1920'],,"-0.089369, 0.162662, -0.274157"
1925,H,7.833905,-9.872422,2.377923,12,['1921'],,"-0.128534, 0.060531, 0.346352"
1926,C,7.355452,-10.651925,0.354208,153,"['1921', '1927', '1931', '1932']",,"-0.438693, -0.319530, 0.006345"
1927,C,6.267974,-11.587835,0.913174,155,"['1926', '1928', '1933', '1934']",,"0.425955, 0.414627, 0.142950"
1928,C,5.494225,-12.325903,-0.160819,157,"['1927', '1929', '1930']",,"0.072124, 0.352133, 0.376093"
1929,O,6.127234,-13.189726,-0.847166,158,['1928'],,"-0.045719, 0.766206, 0.064665"
1930,O,4.261764,-12.098067,-0.272277,158,['1928'],,"0.225284, -0.211446, 0.164882"
1931,H,7.912911,-11.189189,-0.449748,154,['1926'],,"0.063879, -0.031794, -0.025853"
1932,H,6.863204,-9.790911,-0.150154,154,['1926'],,"0.037452, 0.063148, 0.002555"
1933,H,5.557221,-11.010736,1.545822,156,['1927'],,"-0.023312, 0.039963, 0.103652"
1934,H,6.713385,-12.353132,1.588661,156,['1927'],,"0.035490, -0.077757, 0.174677"
1935,N,10.299163,-11.598184,0.943777,7,"['1922', '1936', '1939']",,"-0.051405, 0.067558, -0.333727"
1936,CA,11.297151,-12.638605,1.08657,8,"['1935', '1937', '1940', '1941']",,"-0.203859, -0.160059, -0.752739"
1937,C,12.073617,-12.530093,2.395432,9,"['1936', '1938', '1945']",,"-0.201318, 0.267976, -0.285801"
1938,O,12.465963,-13.550176,2.974292,11,['1937'],,"-0.318109, 0.303106, -0.090890"
1939,HN,10.362374,-11.06392,0.069647,10,['1935'],,"-0.002530, 0.132421, -0.311261"
1940,H,10.770585,-13.623883,1.105886,12,['1936'],,"-0.150882, -0.350679, 0.021988"
1941,C,12.302007,-12.605531,-0.093309,13,"['1936', '1942', '1943', '1944']",,"0.153333, -0.090332, -0.315631"
1942,H,13.044687,-13.429557,-0.016248,14,['1941'],,"-0.024804, 0.000951, -0.017457"
1943,H,12.8666,-11.644593,-0.128197,14,['1941'],,"-0.005549, 0.052484, 0.022773"
1944,H,11.78335,-12.726659,-1.071201,14,['1941'],,"-0.050540, -0.025735, -0.051789"
1945,N,12.364289,-11.277152,2.830801,7,"['1937', '1946', '1949']",,"0.042742, 0.210269, -0.150252"
1946,CA,13.057052,-10.98254,4.068189,8,"['1945', '1947', '1950', '1951']",,"0.419418, -0.061216, -0.416315"
1947,C,12.137062,-11.123315,5.285724,9,"['1946', '1948', '1962']",,"-0.101112, 0.172519, -0.193262"
1948,O,12.572431,-11.616564,6.32398,11,['1947'],,"-0.051786, 0.188568, -0.202170"
1949,HN,12.103219,-10.456083,2.266711,10,['1945'],,"-0.058463, 0.150261, -0.132788"
1950,H,13.851782,-11.755902,4.210078,12,['1946'],,"0.292459, -0.223024, 0.126403"
1951,C,13.718487,-9.575769,4.017908,167,"['1946', '1952', '1956', '1957']",,"0.371458, 0.285757, 0.347816"
1952,C,14.540652,-9.205309,5.269425,169,"['1951', '1953', '1958', '1959']",,"0.017566, 0.061272, 0.134546"
1953,C,15.783954,-10.058274,5.508699,171,"['1952', '1954', '1955']",,"0.106248, 0.055948, 0.430942"
1954,O,16.263343,-10.756229,4.615291,172,['1953'],,"-0.031612, 0.115305, 0.129604"
1955,N,16.304428,-9.978469,6.747698,173,"['1953', '1960', '1961']",,"-0.066844, 0.132415, 0.322874"
1956,H,12.92283,-8.807769,3.86466,168,['1951'],,"-0.020299, -0.048812, 0.003241"
1957,H,14.385383,-9.514739,3.127219,168,['1951'],,"-0.026348, -0.103468, 0.050778"
1958,H,13.8993,-9.262316,6.181577,170,['1952'],,"-0.016217, -0.011107, 0.202710"
1959,H,14.883358,-8.148768,5.20021,170,['1952'],,"0.011314, 0.011180, 0.072379"
1960,HN,15.819777,-9.42911,7.477046,174,['1955'],,"-0.183564, 0.146412, 0.409080"
1961,HN,17.144239,-10.518127,6.990624,174,['1955'],,"-0.044500, 0.056274, 0.096564"
1962,N,10.843058,-10.730904,5.152231,7,"['1947', '1963', '1966']",,"-0.092167, 0.204766, -0.168429"
1963,CA,9.816396,-10.899034,6.174308,8,"['1962', '1964', '1967', '1968']",,"-0.055295, 0.696725, -0.025086"
1964,C,9.516123,-12.373075,6.474395,9,"['1963', '1965', '1972']",,"0.022139, 0.142229, -0.286574"
1965,O,9.294811,-12.744058,7.62945,11,['1964'],,"0.095860, 0.074603, -0.352140"
1966,HN,10.538207,-10.25008,4.294783,10,['1962'],,"-0.063896, 0.141015, -0.208171"
1967,H,10.204976,-10.467684,7.129616,12,['1963'],,"0.127227, 0.079840, 0.349248"
1968,C,8.503415,-10.176388,5.782854,13,"['1963', '1969', '1970', '1971']",,"-0.206478, 0.219255, -0.035928"
1969,H,7.763156,-10.217239,6.611627,14,['1968'],,"0.046786, 0.008453, -0.003411"
1970,H,8.032678,-10.634879,4.883133,14,['1968'],,"0.039261, -0.042252, -0.035525"
1971,H,8.681568,-9.102642,5.555819,14,['1968'],,"0.018078, 0.058506, 0.006592"
1972,N,9.513326,-13.227155,5.419643,7,"['1964', '1973', '1976']",,"-0.119525, 0.104595, -0.298509"
1973,CA,9.357203,-14.66912,5.506963,8,"['1972', '1974', '1977', '1978']",,"-0.553179, 0.146320, -0.221662"
1974,C,10.561642,-15.30061,6.220796,9,"['1973', '1975', '1994']",,"-0.123055, 0.098302, -0.167440"
1975,O,10.395439,-16.198197,7.037364,11,['1974'],,"-0.025059, 0.016823, -0.065962"
1976,HN,9.567438,-12.850636,4.466365,10,['1972'],,"-0.056064, 0.150854, -0.315734"
1977,H,8.483815,-14.89034,6.167401,12,['1973'],,"-0.274521, -0.125436, 0.263586"
1978,C,9.133098,-15.333469,4.103548,182,"['1973', '1979', '1983', '1984']",,"-0.164972, -0.201257, -0.152976"
1979,C,7.737079,-15.023117,3.502885,184,"['1978', '1980', '1985', '1986']",,"-0.084863, 0.001680, 0.188562"
1980,C,7.51617,-15.45953,2.024487,186,"['1979', '1981', '1987', '1988']",,"0.280400, -0.063451, 0.353568"
1981,C,6.012092,-15.643125,1.709105,188,"['1980', '1982', '1989', '1990']",,"-0.022739, -0.068839, -0.346398"
1982,N,5.642539,-15.662972,0.304051,190,"['1981', '1991', '1992', '1993']",,"0.061837, 0.003971, -0.261147"
1983,H,9.219773,-16.443702,4.20825,183,['1978'],,"-0.082313, -0.071668, 0.000448"
1984,H,9.940816,-15.027616,3.398561,183,['1978'],,"-0.016405, -0.025333, 0.022316"
1985,H,7.496727,-13.938319,3.598545,185,['1979'],,"-0.003769, 0.029069, 0.014823"
1986,H,6.987581,-15.547051,4.145649,185,['1979'],,"-0.081817, -0.080796, 0.076990"
1987,H,8.038304,-16.425775,1.824529,187,['1980'],,"0.061736, -0.124080, 0.030926"
1988,H,7.978857,-14.706446,1.344069,187,['1980'],,"0.035564, 0.010701, 0.024162"
1989,H,5.445996,-14.805569,2.167717,189,['1981'],,"-0.045922, -0.062133, -0.040803"
1990,H,5.635547,-16.576067,2.186782,189,['1981'],,"-0.028686, -0.059953, -0.026173"
1991,HN,4.64455,-15.787421,0.191977,191,['1982'],,"0.186817, 0.014170, 0.001294"
1992,HN,6.058441,-16.386985,-0.276713,191,['1982'],,"-0.042877, -0.098330, -0.251721"
1993,HN,5.85997,-14.769204,-0.136377,191,['1982'],,"0.046097, 0.343787, -0.222349"
1994,N,11.795292,-14.807659,5.936242,7,"['1974', '1995', '1998']",,"-0.030197, 0.110775, -0.219280"
1995,CA,13.046009,-15.24284,6.558497,8,"['1994', '1996', '1999', '2000']",,"-0.066031, -0.194054, -0.523314"
1996,C,13.085519,-14.992758,8.075731,9,"['1995', '1997', '2016']",,"-0.113455, 0.192261, -0.114577"
1997,O,13.529043,-15.859385,8.834945,11,['1996'],,"-0.141192, 0.188911, -0.271610"
1998,HN,11.892977,-14.101877,5.194543,10,['1994'],,"-0.003228, 0.120537, -0.141932"
1999,H,13.104724,-16.352965,6.452341,12,['1995'],,"0.002952, -0.387073, 0.033430"
2000,C,14.262021,-14.578612,5.827239,182,"['1995', '2001', '2005', '2006']",,"0.095302, 0.051008, -0.056360"
2001,C,15.686159,-15.041595,6.232622,184,"['2000', '2002', '2007', '2008']",,"-0.153975, -0.041852, 0.093718"
2002,C,16.79043,-14.250321,5.468064,186,"['2001', '2003', '2009', '2010']",,"-0.523092, -0.069352, -0.038294"
2003,C,18.242258,-14.709794,5.763026,188,"['2002', '2004', '2011', '2012']",,"0.054598, 0.339472, -0.079741"
2004,N,19.240122,-13.676725,5.464968,190,"['2003', '2013', '2014', '2015']",,"0.095430, 0.206742, 0.025054"
2005,H,14.18464,-13.471992,5.962917,183,['2000'],,"-0.057907, 0.079424, 0.061960"
2006,H,14.140941,-14.763941,4.73345,183,['2000'],,"-0.026050, -0.026087, 0.024187"
2007,H,15.785008,-16.134595,6.03808,185,['2001'],,"-0.008731, -0.011856, -0.022717"
2008,H,15.813491,-14.905117,7.333447,185,['2001'],,"-0.018643, -0.000506, 0.068565"
2009,H,16.676847,-13.166978,5.714854,187,['2002'],,"-0.096392, 0.120676, -0.007489"
2010,H,16.61582,-14.332858,4.369938,187,['2002'],,"-0.012619, -0.056979, -0.065753"
2011,H,18.489987,-15.646531,5.212107,189,['2003'],,"-0.018052, 0.026256, -0.020459"
2012,H,18.32783,-14.94249,6.850896,189,['2003'],,"0.030213, 0.086745, 0.003332"
2013,HN,20.135478,-13.8622,5.913379,191,['2004'],,"0.058239, 0.139159, 0.067470"
2014,HN,18.952553,-12.808782,5.906854,191,['2004'],,"0.007368, 0.023762, 0.231210"
2015,HN,19.44366,-13.469349,4.487403,191,['2004'],,"0.106548, 0.122533, -0.050005"
2016,N,12.638269,-13.785775,8.505831,7,"['1996', '2017', '2020']",,"0.030210, 0.261930, -0.112968"
2017,CA,12.539627,-13.352891,9.892103,8,"['2016', '2018', '2021', '2022']",,"0.460520, 0.411902, -0.106174"
2018,C,11.293923,-13.881048,10.633226,9,"['2017', '2019', '2031']",,"0.065905, -0.009105, -0.228791"
2019,O,11.236606,-13.812322,11.864275,11,['2018'],,"-0.036126, 0.039671, -0.342168"
2020,HN,12.335095,-13.082496,7.817999,10,['2016'],,"-0.026956, 0.212694, -0.191972"
2021,H,13.402994,-13.771165,10.46546,12,['2017'],,"0.236646, -0.131295, 0.247876"
2022,C,12.590799,-11.797148,9.976604,153,"['2017', '2023', '2027', '2028']",,"0.344075, 0.469426, 0.014211"
2023,C,13.921803,-11.15798,9.488739,155,"['2022', '2024', '2029', '2030']",,"-0.191446, -0.694394, 0.176185"
2024,C,13.914422,-9.641995,9.466895,157,"['2023', '2025', '2026']",,"0.050413, -0.705306, 0.078401"
2025,O,12.843553,-9.018824,9.681258,158,['2024'],,"0.031175, -0.582426, 0.580696"
2026,O,14.932035,-9.000348,9.066334,158,['2024'],,"-0.046751, -0.668955, 0.650009"
2027,H,12.41904,-11.4804,11.032817,154,['2022'],,"-0.041629, -0.042514, 0.058257"
2028,H,11.749904,-11.364827,9.389177,154,['2022'],,"-0.007473, 0.038944, 0.025740"
2029,H,14.170575,-11.526456,8.467106,156,['2023'],,"0.034680, -0.071101, -0.102607"
2030,H,14.752147,-11.502422,10.144991,156,['2023'],,"0.194802, -0.114775, 0.226669"
2031,N,10.313572,-14.463886,9.892044,7,"['2018', '2032', '2035']",,"0.037259, -0.137026, -0.253550"
2032,CA,9.072689,-15.055886,10.369887,8,"['2031', '2033', '2036', '2037']",,"0.347199, -0.555379, -0.055666"
2033,C,8.17039,-14.02489,11.063286,9,"['2032', '2034', '2053']",,"0.127516, -0.087508, -0.145303"
2034,O,7.591387,-14.274322,12.119526,11,['2033'],,"0.173266, 0.017723, -0.111720"
2035,HN,10.384371,-14.500758,8.868602,10,['2031'],,"0.010404, 0.016089, -0.170691"
2036,H,8.481173,-15.363228,9.472085,12,['2032'],,"-0.260499, -0.186156, -0.247467"
2037,C,9.3388,-16.335568,11.221409,182,"['2032', '2038', '2042', '2043']",,"-0.020880, -0.194479, 0.220253"
2038,C,10.169859,-17.394804,10.454057,184,"['2037', '2039', '2044', '2045']",,"-0.034956, 0.104812, -0.071391"
2039,C,10.17477,-18.788265,11.120654,186,"['2038', '2040', '2046', '2047']",,"-0.414002, 0.163762, 0.094866"
2040,C,10.898264,-19.860927,10.268218,188,"['2039', '2041', '2048', '2049']",,"0.076479, -0.154607, 0.157170"
2041,N,12.324135,-19.933369,10.547988,190,"['2040', '2050', '2051', '2052']",,"0.055754, 0.017956, 0.064532"
2042,H,8.353193,-16.776204,11.500218,183,['2037'],,"-0.008762, 0.034030, -0.029483"
2043,H,9.833566,-16.066874,12.185307,183,['2037'],,"0.007108, 0.065657, 0.047720"
2044,H,11.213268,-17.031435,10.310798,185,['2038'],,"-0.032223, 0.038640, 0.003007"
2045,H,9.733841,-17.501004,9.429386,185,['2038'],,"-0.023443, 0.004591, -0.062401"
2046,H,9.120051,-19.113739,11.268682,187,['2039'],,"-0.049983, -0.089996, 0.025221"
2047,H,10.60488,-18.737704,12.148932,187,['2039'],,"-0.037361, 0.028810, 0.079877"
2048,H,10.715747,-19.704316,9.182034,189,['2040'],,"-0.001209, -0.084454, 0.066605"
2049,H,10.473206,-20.865412,10.475919,189,['2040'],,"-0.142252, -0.196742, -0.000751"
2050,HN,12.801139,-20.557937,9.90623,191,['2041'],,"-0.030697, 0.004884, 0.098486"
2051,HN,12.471814,-20.327268,11.470594,191,['2041'],,"-0.047289, -0.041724, 0.030357"
2052,HN,12.803077,-19.034646,10.549453,191,['2041'],,"0.091663, 0.090530, 0.131444"
2053,N,8.070272,-12.808617,10.467436,7,"['2033', '2054', '2057']",,"0.212645, -0.061408, -0.189420"
2054,CA,7.328278,-11.688328,11.024608,8,"['2053', '2055', '2058', '2059']",,"0.634869, 0.101319, -0.199852"
2055,C,5.823406,-11.838471,10.763897,9,"['2054', '2056', '2072']",,"0.276893, 0.034997, 0.357105"
2056,O,5.397203,-11.958788,9.611414,11,['2055'],,"0.207933, 0.125164, 0.293471"
2057,HN,8.471925,-12.66431,9.530226,10,['2053'],,"0.150378, -0.011912, -0.276755"
2058,H,7.502453,-11.680135,12.128427,12,['2054'],,"0.060756, -0.060053, 0.360785"
2059,C,7.776179,-10.327056,10.410788,19,"['2054', '2060', '2063', '2064']",,"0.133739, 0.246240, -0.003968"
2060,C,9.289874,-10.01303,10.515722,21,"['2059', '2061', '2062', '2065']",,"0.053002, 0.006040, -0.056803"
2061,C,9.551619,-8.624208,9.885489,23,"['2060', '2066', '2067', '2068']",,"0.155235, 0.035106, -0.008082"
2062,C,9.774662,-10.030475,11.986137,23,"['2060', '2069', '2070', '2071']",,"0.085957, -0.031301, -0.098041"
2063,H,7.180342,-9.509226,10.884403,20,['2059'],,"-0.028676, 0.038880, -0.034851"
2064,H,7.479675,-10.314938,9.334752,20,['2059'],,"-0.022753, -0.027560, 0.027492"
2065,H,9.857905,-10.779505,9.937218,22,['2060'],,"0.029284, -0.019537, -0.006222"
2066,H,10.634015,-8.36855,9.917884,24,['2061'],,"0.190401, -0.042471, 0.013491"
2067,H,9.00951,-7.80896,10.41459,24,['2061'],,"0.038074, -0.027921, 0.013094"
2068,H,9.253405,-8.598303,8.812945,24,['2061'],,"0.030227, 0.030912, 0.001175"
2069,H,10.847025,-9.73519,12.053322,24,['2062'],,"0.057975, 0.015249, -0.043301"
2070,H,9.705499,-11.050993,12.426083,24,['2062'],,"0.026715, -0.030537, -0.064225"
2071,H,9.198235,-9.332929,12.633381,24,['2062'],,"0.065460, -0.015379, -0.073234"
2072,N,5.023017,-11.600539,11.8319,7,"['2055', '2073', '2076']",,"0.234931, -0.019798, 0.258567"
2073,CA,3.581435,-11.44562,11.890539,8,"['2072', '2074', '2077', '2078']",,"0.298679, 0.243001, 0.219551"
2074,C,2.847668,-12.489897,11.048354,9,"['2073', '2075', '2086']",,"0.026563, 0.372980, -0.204559"
2075,O,2.604604,-13.598008,11.537217,11,['2074'],,"0.062844, 0.318984, -0.188416"
2076,HN,5.474208,-11.457248,12.74654,10,['2072'],,"0.223692, 0.070332, 0.318934"
2077,H,3.277364,-11.711896,12.931215,12,['2073'],,"-0.165821, -0.177535, 0.299612"
2078,C,3.186827,-9.967316,11.650833,147,"['2073', '2079', '2082', '2083']",,"0.021677, 0.178694, -0.121148"
2079,C,3.671087,-9.021441,12.748871,149,"['2078', '2080', '2081']",,"0.153890, 0.092845, -0.358924"
2080,O,3.409293,-9.250658,13.936372,150,['2079'],,"0.200079, 0.168357, -0.472139"
2081,N,4.322862,-7.912744,12.334098,151,"['2079', '2084', '2085']",,"0.127019, 0.161091, -0.158414"
2082,H,2.078097,-9.876992,11.609587,148,['2078'],,"0.012765, -0.029867, -0.018514"
2083,H,3.557008,-9.63048,10.654981,148,['2078'],,"0.049932, 0.012394, -0.069981"
2084,HN,4.581304,-7.792034,11.343859,152,['2081'],,"0.151213, 0.026289, -0.194337"
2085,HN,4.594571,-7.19532,13.020642,152,['2081'],,"0.004975, 0.101449, -0.025475"
2086,N,2.429061,-12.165629,9.79595,7,"['2074', '2087', '2090']",,"0.018468, 0.351660, -0.176079"
2087,CA,1.721975,-13.078135,8.899744,8,"['2086', '2088', '2091', '2092']",,"-0.263429, 0.364521, 0.121159"
2088,C,2.479311,-14.402366,8.731097,9,"['2087', '2089', '2105']",,"0.085652, 0.178106, -0.015296"
2089,O,1.85686,-15.459579,8.629822,11,['2088'],,"0.129680, 0.119428, 0.030108"
2090,HN,2.720004,-11.27303,9.376629,10,['2086'],,"0.103361, 0.303347, -0.171183"
2091,H,0.759113,-13.363697,9.385082,12,['2087'],,"-0.229659, -0.132273, 0.117290"
2092,C,1.393223,-12.418486,7.501137,25,"['2087', '2093', '2094', '2096']",,"-0.223974, 0.184906, -0.096214"
2093,C,0.246922,-11.362183,7.663408,27,"['2092', '2095', '2097', '2098']",,"0.131940, -0.015707, 0.074008"
2094,C,0.976319,-13.450578,6.416083,29,"['2092', '2099', '2100', '2101']",,"0.111885, -0.101928, 0.035348"
2095,C,0.030077,-10.487549,6.414968,31,"['2093', '2102', '2103', '2104']",,"0.025535, -0.029762, 0.075755"
2096,H,2.324344,-11.905971,7.145504,26,['2092'],,"0.070515, -0.016864, 0.009743"
2097,H,0.484779,-10.688157,8.518779,28,['2093'],,"0.049897, 0.034580, 0.008553"
2098,H,-0.713491,-11.857879,7.936609,28,['2093'],,"-0.043613, 0.010494, -0.034918"
2099,H,0.827154,-12.972989,5.424917,30,['2094'],,"0.043010, -0.000011, 0.051391"
2100,H,0.044935,-13.991193,6.69331,30,['2094'],,"0.045458, 0.013782, 0.024687"
2101,H,1.762463,-14.222076,6.258973,30,['2094'],,"0.066362, -0.061358, 0.003071"
2102,H,-0.639161,-9.628986,6.642715,32,['2095'],,"0.016508, -0.015616, 0.017344"
2103,H,-0.443538,-11.05846,5.586913,32,['2095'],,"0.001468, -0.003976, 0.046469"
2104,H,0.993585,-10.076562,6.041665,32,['2095'],,"0.015357, -0.009969, 0.038253"
2105,N,3.831117,-14.3324,8.671418,7,"['2088', '2106', '2109']",,"0.047028, 0.272959, -0.124015"
2106,CA,4.723738,-15.453119,8.45323,8,"['2105', '2107', '2110', '2111']",,"-0.052010, 0.181216, -0.513950"
2107,C,5.28817,-16.075395,9.742512,9,"['2106', '2108', '2129']",,"-0.135569, 0.050844, -0.064310"
2108,O,6.266802,-16.817496,9.680029,11,['2107'],,"-0.101747, 0.033484, -0.054554"
2109,HN,4.312526,-13.436972,8.830653,10,['2105'],,"0.142004, 0.303219, 0.080981"
2110,H,4.143219,-16.282521,7.977545,12,['2106'],,"-0.259430, -0.328892, -0.107150"
2111,C,5.895154,-15.044384,7.500087,89,"['2106', '2112', '2121', '2122']",,"0.026667, 0.028458, -0.286572"
2112,C,5.452728,-14.187908,6.314452,91,"['2111', '2113', '2114']",,"0.270756, -0.191091, 0.249202"
2113,C,5.762724,-12.832847,6.164792,92,"['2112', '2115', '2123']",,"0.045476, -0.196364, 0.172970"
2114,C,4.601945,-14.524489,5.280708,94,"['2112', '2116', '2117']",,"0.153694, -0.014569, 0.236587"
2115,N,5.117344,-12.390424,5.039695,95,"['2113', '2116', '2124']",,"0.048115, -0.030526, 0.064954"
2116,C,4.395477,-13.407169,4.501979,97,"['2114', '2115', '2118']",,"0.087242, -0.014226, 0.208797"
2117,C,3.984663,-15.737263,4.969026,98,"['2114', '2119', '2125']",,"0.087306, -0.056902, 0.123231"
2118,C,3.573381,-13.396739,3.380036,100,"['2116', '2120', '2126']",,"0.071029, 0.046131, 0.143043"
2119,C,3.146568,-15.774244,3.832655,102,"['2117', '2120', '2127']",,"0.031270, -0.077876, 0.167152"
2120,C,2.935123,-14.61165,3.050604,104,"['2118', '2119', '2128']",,"0.033593, -0.042551, 0.179353"
2121,H,6.404903,-15.965266,7.12778,90,['2111'],,"0.040725, -0.169337, 0.107267"
2122,H,6.668939,-14.480025,8.073647,90,['2111'],,"0.019858, -0.014092, 0.072442"
2123,H,6.382441,-12.185027,6.803994,93,['2113'],,"-0.008865, -0.036053, 0.050868"
2124,HN,5.16456,-11.426957,4.672941,96,['2115'],,"0.010427, -0.017475, 0.002175"
2125,H,4.144368,-16.646043,5.577774,99,['2117'],,"-0.010347, -0.087209, 0.002755"
2126,H,3.440788,-12.489053,2.762603,101,['2118'],,"0.060994, -0.024349, -0.009529"
2127,H,2.656567,-16.725047,3.548763,103,['2119'],,"0.012532, -0.058198, 0.024978"
2128,H,2.281965,-14.662034,2.158337,105,['2120'],,"0.059827, 0.005293, 0.050673"
2129,N,4.736438,-15.764822,10.944672,7,"['2107', '2130', '2133']",,"-0.225447, 0.189095, -0.041405"
2130,CA,5.192133,-16.390597,12.181972,8,"['2129', '2131', '2134', '2135']",,"0.250244, 0.486552, -0.453342"
2131,C,4.666115,-17.833482,12.245478,9,"['2130', '2132', '2140']",,"0.431375, 0.139154, 0.413223"
2132,O,3.751498,-18.226061,11.483667,11,['2131'],,"0.504844, 0.433404, 0.284412"
2133,HN,3.890025,-15.187762,11.029958,10,['2129'],,"-0.214772, 0.156866, 0.020052"
2134,H,6.306699,-16.492955,12.106936,12,['2130'],,"0.470596, -0.013448, -0.084001"
2135,C,4.915703,-15.530222,13.445611,33,"['2130', '2136', '2137', '2138']",,"0.267874, 0.174324, 0.048607"
2136,OH,3.541955,-15.30868,13.731655,35,"['2135', '2139']",,"0.279903, -0.037618, 0.009294"
2137,H,5.407952,-14.538087,13.315454,34,['2135'],,"0.126803, 0.008770, -0.092890"
2138,H,5.393159,-15.988457,14.34361,34,['2135'],,"0.023107, 0.044589, -0.042729"
2139,HO,3.542438,-14.645713,14.414378,36,['2136'],,"0.064821, 0.028448, -0.000098"
2140,N,5.32746,-18.67935,13.079259,7,"['2131', '2141', '2144']",,"0.169570, -0.250640, 0.272345"
2141,CA,5.149608,-20.123099,13.181054,8,"['2140', '2142', '2145', '2146']",,"0.300993, -0.091012, -0.562052"
2142,C,5.02984,-20.564009,14.64155,233,"['2141', '2143', '2155']",,"0.111900, 0.221725, -0.578406"
2143,O,5.623476,-19.895694,15.536166,234,['2142'],,"-0.103814, -0.086951, -0.493028"
2144,HN,5.81665,-18.287633,13.896129,10,['2140'],,"0.060921, -0.081070, 0.209328"
2145,H,4.215742,-20.435795,12.662601,12,['2141'],,"-0.343223, -0.157198, -0.119447"
2146,C,6.375511,-20.854757,12.560857,153,"['2141', '2147', '2151', '2152']",,"0.317868, -0.005179, -0.289049"
2147,C,6.603493,-20.678489,11.038731,155,"['2146', '2148', '2153', '2154']",,"-0.271940, 0.182633, 0.543560"
2148,C,7.847447,-21.367532,10.498407,157,"['2147', '2149', '2150']",,"-0.358567, 0.123405, 0.114598"
2149,O,8.6837,-21.85905,11.308843,158,['2148'],,"-0.602831, -0.144121, -0.116155"
2150,O,8.047442,-21.345724,9.252657,158,['2148'],,"-0.491490, 0.267578, 0.177950"
2151,H,6.321839,-21.949087,12.788142,154,['2146'],,"0.108617, -0.024605, 0.121429"
2152,H,7.301018,-20.520819,13.088645,154,['2146'],,"0.105418, -0.042623, 0.084869"
2153,H,6.691055,-19.599836,10.777169,156,['2147'],,"-0.040360, 0.150531, -0.046555"
2154,H,5.734998,-21.06109,10.461691,156,['2147'],,"-0.025032, 0.063232, -0.060518"
2155,O,4.36216,-21.61609,14.882312,234,['2142'],,"0.164414, 0.599558, -0.517740"
