  2388  MDANALYSIS FRAME 0: Created by PDBWriter
     1  N      9.755013   17.638412    9.738259   231     2     5     6     7
     2  CA     8.669013   16.665412    9.985259     8     1     3     8     9
     3  C      8.426013   16.320412   11.468259     9     2     4    13
     4  O      8.230013   17.365412   12.072259    11     3
     5  H      9.841311   17.802494    8.745420   232     1
     6  H     10.625193   17.270181   10.095038   232     1
     7  H      9.541263   18.508008   10.205393   232     1
     8  H      7.735346   17.035518    9.536608    12     2
     9  C      7.473013   17.089412    9.136259    13     2    10    11    12
    10  H      6.634879   16.392930    9.286075    14     9
    11  H      7.745147   17.090613    8.070453    14     9
    12  H      7.146388   18.101142    9.418604    14     9
    13  N      7.777013   15.213412   11.944259     7     3    14    17
    14  CA     7.362013   15.118412   13.357259     8    13    15    18    19
    15  C      6.110013   14.256412   13.562259     9    14    16    27
    16  O      6.052013   13.126412   13.078259    11    15
    17  HN     7.718094   14.391457   11.360291    10    13
    18  H      8.189945   14.711783   13.956577    12    14
    19  C      8.447013   14.431412   14.222259    37    14    20    21    22
    20  OH     8.009013   13.404412   15.101259    39    19    23
    21  C      9.250013   15.487412   14.980259    41    19    24    25    26
    22  H      9.184577   13.999555   13.529801    38    19
    23  HO     8.770427   13.087776   15.552469    40    20
    24  H     10.031019   15.030452   15.605733    42    21
    25  H      8.608034   16.084825   15.644307    42    21
    26  H      9.749436   16.186563   14.293408    42    21
    27  N      5.438013   14.434412   14.697259     7    15    28    31
    28  CA     4.752013   15.723412   14.830259     8    27    29    32    33
    29  C      3.335013   15.862412   14.245259     9    28    30    38
    30  O      2.647013   14.818412   14.230259    11    29
    31  HN     5.750167   13.957526   15.531069    10    27
    32  H      4.744404   16.027975   15.887228    12    28
    33  C      5.367013   16.606412   15.925259    33    28    34    35    36
    34  OH     4.749013   16.581412   17.197259    35    33    37
    35  H      5.422716   17.644050   15.564422    34    33
    36  H      6.434193   16.361418   16.030638    34    33
    37  HO     5.235991   17.166061   17.749199    36    34
    38  N      2.910013   17.125412   13.874259     7    29    39    42
    39  CA     1.533013   17.520412   13.492259     8    38    40    43    44
    40  C      1.126013   19.023412   13.700259     9    39    41    52
    41  O      1.896013   20.011412   13.637259    11    40
    42  HN     3.609874   17.853528   13.862382    10    38
    43  H      1.343942   17.229896   12.448299    12    39
    44  C      1.448013   17.351412   11.928259    37    39    45    46    47
    45  OH     1.950013   18.344412   11.008259    39    44    48
    46  C      0.368013   16.389412   11.362259    41    44    49    50    51
    47  H      1.917433   16.387318   11.682971    38    44
    48  HO     1.786690   18.020760   10.140979    40    45
    49  H      0.398392   16.348034   10.263457    42    46
    50  H     -0.645901   16.705173   11.649091    42    46
    51  H      0.506803   15.362580   11.731520    42    46
    52  N     -0.192987   19.315412   13.530259     7    40    53    56
    53  CA    -1.241987   18.289412   13.351259     8    52    54    57    58
    54  C     -2.333987   18.439412   12.227259     9    53    55    74
    55  O     -2.929987   19.523412   12.223259    11    54
    56  HN    -0.469958   20.286685   13.526237    10    52
    57  H     -0.775412   17.295842   13.279656    12    53
    58  C     -1.827987   18.049412   14.756259   182    53    59    63    64
    59  C     -2.182987   16.644412   15.275259   184    58    60    65    66
    60  C     -1.625987   15.400412   14.562259   186    59    61    67    68
    61  C     -1.572987   15.538412   13.044259   188    60    62    69    70
    62  N     -1.827987   14.252412   12.371259   190    61    71    72    73
    63  H     -2.685830   18.725849   14.884861   183    58
    64  H     -1.185939   18.567997   15.483475   183    58
    65  H     -3.274950   16.553889   15.372322   185    59
    66  H     -1.958772   16.582625   16.350392   185    59
    67  H     -2.231218   14.521826   14.830181   187    60
    68  H     -0.619589   15.177041   14.946015   187    60
    69  H     -0.583093   15.888565   12.716385   189    61
    70  H     -2.332329   16.250178   12.688185   189    61
    71  HN    -1.787540   14.367523   11.338441   191    62
    72  HN    -2.768801   13.888879   12.624857   191    62
    73  HN    -1.116686   13.547344   12.651491   191    62
    74  N     -3.000987   17.307412   11.780259     7    54    75    78
    75  CA    -3.957987   16.751412   10.747259     8    74    76    79    80
    76  C     -3.638987   16.801412    9.191259     9    75    77    96
    77  O     -3.005987   17.832412    8.964259    11    76
    78  HN    -2.743705   16.546007   12.391953    10    74
    79  H     -4.249688   15.729069   11.029615    12    75
    80  C     -5.352987   16.841412   11.400259   182    75    81    85    86
    81  C     -5.191987   17.023412   12.926259   184    80    82    87    88
    82  C     -6.446987   17.037412   13.812259   186    81    83    89    90
    83  C     -6.049987   17.251412   15.278259   188    82    84    91    92
    84  N     -5.807987   16.006412   16.037259   190    83    93    94    95
    85  H     -5.887025   15.903578   11.187492   183    80
    86  H     -5.872064   17.710758   10.970379   183    80
    87  H     -4.590455   17.922129   13.127422   185    81
    88  H     -4.478810   16.279803   13.311516   185    81
    89  H     -6.978109   16.079388   13.711767   187    82
    90  H     -7.114720   17.850101   13.490281   187    82
    91  H     -6.825072   17.817021   15.816153   189    83
    92  H     -5.138302   17.862380   15.352746   189    83
    93  HN    -5.544023   16.224060   17.019375   191    84
    94  HN    -5.037306   15.459278   15.603329   191    84
    95  HN    -6.663735   15.415541   16.050158   191    84
    96  N     -3.994987   15.990412    8.076259     7    76    97   100
    97  CA    -2.992987   15.108412    7.406259     8    96    98   101   102
    98  C     -2.110987   15.906412    6.455259     9    97    99   115
    99  O     -2.598987   16.764412    5.718259    11    98
   100  HN    -4.898678   16.120938    7.644511    10    96
   101  H     -2.365660   14.621214    8.167245    12    97
   102  C     -3.700987   13.982412    6.642259    19    97   103   106   107
   103  C     -3.747987   12.576412    7.253259    21   102   104   105   108
   104  C     -4.291987   12.598412    8.674259    23   103   109   110   111
   105  C     -4.584987   11.671412    6.369259    23   103   112   113   114
   106  H     -3.271983   13.938715    5.630308    20   102
   107  H     -4.719367   14.323521    6.404465    20   102
   108  H     -2.712863   12.205796    7.287350    22   103
   109  H     -4.324999   11.589320    9.110885    24   104
   110  H     -5.314140   13.003260    8.710323    24   104
   111  H     -3.671102   13.220220    9.335967    24   104
   112  H     -4.643243   10.650519    6.774701    24   105
   113  H     -4.166300   11.596336    5.354831    24   105
   114  H     -5.615721   12.042621    6.270303    24   105
   115  N     -0.809987   15.627412    6.477259     7    98   116   119
   116  CA     0.124013   16.325412    5.603259     8   115   117   120   121
   117  C      1.222013   15.423412    5.043259     9   116   118   133
   118  O      1.729013   14.537412    5.730259    11   117
   119  HN    -0.492506   14.812087    6.981790    10   115
   120  H     -0.427689   16.790902    4.773232    12   116
   121  C      0.747013   17.535412    6.321259   106   116   122   127   128
   122  C      1.697013   17.173412    7.421259   108   121   123   124
   123  N      1.284013   16.603412    8.607259   109   122   125   129
   124  C      3.041013   17.306412    7.516259   111   122   126   130
   125  C      2.332013   16.399412    9.385259   113   123   126   131
   126  N      3.411013   16.817412    8.746259   115   124   125   132
   127  H     -0.072872   18.151093    6.719663   107   121
   128  H      1.261361   18.148409    5.566487   107   121
   129  HN     0.315442   16.378994    8.835088   110   123
   130  H      3.711472   17.721303    6.763630   112   124
   131  H      2.307797   15.960962   10.382894   114   125
   132  HN     4.367117   16.786471    9.100249   116   126
   133  N      1.562013   15.648412    3.779259     7   117   134   137
   134  CA     2.609013   14.887412    3.108259     8   133   135   138   139
   135  C      3.977013   15.446412    3.504259     9   134   136   155
   136  O      4.156013   16.660412    3.626259    11   135
   137  HN     1.078817   16.371296    3.265391    10   133
   138  H      2.543689   13.830746    3.406907    12   134
   139  C      2.426013   14.964412    1.587259   182   134   140   144   145
   140  C      1.079013   14.466412    1.109259   184   139   141   146   147
   141  C      0.895013   14.671412   -0.381741   186   140   142   148   149
   142  C     -0.521987   14.314412   -0.810741   188   141   143   150   151
   143  N     -0.742987   14.550412   -2.272741   190   142   152   153   154
   144  H      3.231213   14.378661    1.119767   183   139
   145  H      2.570034   16.011339    1.281971   183   139
   146  H      0.279535   14.990583    1.653391   185   140
   147  H      0.976738   13.397587    1.348328   185   140
   148  H      1.613595   14.044489   -0.930017   187   141
   149  H      1.102240   15.721280   -0.636368   187   141
   150  H     -1.261228   14.920206   -0.266190   189   142
   151  H     -0.735769   13.253346   -0.614689   189   142
   152  HN    -1.716405   14.299253   -2.539155   191   143
   153  HN    -0.088170   13.973037   -2.837942   191   143
   154  HN    -0.585657   15.551163   -2.507995   191   143
   155  N      4.927013   14.551412    3.749259     7   135   156   159
   156  CA     6.279013   14.939412    4.133259     8   155   157   160   161
   157  C      7.248013   14.302412    3.145259     9   156   158   170
   158  O      6.967013   13.235412    2.598259    11   157
   159  HN     4.705662   13.569417    3.666864    10   155
   160  H      6.374011   16.034312    4.086691    12   156
   161  C      6.586013   14.454412    5.552259   153   156   162   166   167
   162  C      5.636013   15.001412    6.611259   155   161   163   168   169
   163  C      5.932013   14.485412    8.007259   157   162   164   165
   164  O      7.072013   14.652412    8.482259   158   163
   165  O      5.016013   13.926412    8.639259   158   163
   166  H      7.620830   14.741011    5.791039   154   161
   167  H      6.552331   13.354934    5.548461   154   161
   168  H      4.599876   14.751382    6.339403   156   162
   169  H      5.677883   16.100614    6.609541   156   162
   170  N      8.384013   14.968412    2.872259    50   157   171   177
   171  CA     9.371013   14.424412    1.933259    51   170   172   174   175
   172  C     10.113013   13.217412    2.497259    52   171   173   184
   173  O     10.273013   13.087412    3.703259    53   172
   174  H      8.869336   14.141947    0.995958    54   171
   175  C     10.313013   15.612412    1.705259    55   171   176   178   179
   176  C     10.264013   16.336412    3.025259    57   175   177   180   181
   177  C      8.781013   16.311412    3.335259    59   170   176   182   183
   178  H      9.954024   16.253298    0.886484    56   175
   179  H     11.333654   15.272429    1.475689    56   175
   180  H     10.632512   17.368180    2.926962    58   176
   181  H     10.840223   15.801014    3.794239    58   176
   182  H      8.245704   17.097226    2.782140    60   177
   183  H      8.597916   16.430757    4.413328    60   177
   184  N     10.521013   12.318412    1.609259     7   172   185   188
   185  CA    11.266013   11.116412    1.976259     8   184   186   189   190
   186  C     12.073013   10.690412    0.761259     9   185   187   194
   187  O     11.802013   11.133412   -0.352741    11   186
   188  HN    10.306274   12.472788    0.634500    10   184
   189  H     11.948231   11.346838    2.807813    12   185
   190  C     10.329013    9.998412    2.402259    13   185   191   192   193
   191  H     10.905983    9.102380    2.674717    14   190
   192  H      9.645295    9.741717    1.579679    14   190
   193  H      9.733172   10.312831    3.271807    14   190
   194  N     13.074013    9.847412    0.982259     7   186   195   198
   195  CA    13.926013    9.370412   -0.099741     8   194   196   199   200
   196  C     13.888013    7.849412   -0.183741     9   195   197   208
   197  O     13.969013    7.159412    0.827259    11   196
   198  HN    13.186437    9.451832    1.904743    10   194
   199  H     13.583722    9.799472   -1.053022    12   195
   200  C     15.381013    9.829412    0.113259    37   195   201   202   203
   201  OH    15.413013   11.254412    0.239259    39   200   204
   202  C     16.264013    9.401412   -1.057741    41   200   205   206   207
   203  H     15.720063    9.392717    1.064228    38   200
   204  HO    16.312011   11.497291    0.367373    40   201
   205  H     17.306455    9.723440   -0.917696    42   202
   206  H     15.914069    9.832289   -2.007417    42   202
   207  H     16.273630    8.308184   -1.179228    42   202
   208  N     13.730013    7.339412   -1.396741     7   196   209   212
   209  CA    13.700013    5.906412   -1.636741     8   208   210   213   214
   210  C     15.095013    5.340412   -1.349741     9   209   211   227
   211  O     16.093013    5.853412   -1.858741    11   210
   212  HN    13.626988    7.967791   -2.180721    10   208
   213  H     12.967572    5.436658   -0.963791    12   209
   214  C     13.367013    5.648412   -3.104741    19   209   215   218   219
   215  C     12.780013    4.327412   -3.629741    21   214   216   217   220
   216  C     13.431013    4.004412   -4.966741    23   215   221   222   223
   217  C     12.933013    3.165412   -2.658741    23   215   224   225   226
   218  H     14.242271    5.936290   -3.705615    20   214
   219  H     12.769983    6.496947   -3.470178    20   214
   220  H     11.707171    4.498324   -3.802368    22   215
   221  H     13.045119    3.064615   -5.388485    24   216
   222  H     14.521363    3.895513   -4.870419    24   216
   223  H     13.246252    4.795256   -5.708650    24   216
   224  H     12.503050    2.238321   -3.065723    24   217
   225  H     12.427745    3.367348   -1.702746    24   217
   226  H     13.990364    2.963098   -2.432734    24   217
   227  N     15.165013    4.317412   -0.504741     7   210   228   231
   228  CA    16.443013    3.675412   -0.215741     8   227   229   232   233
   229  C     16.472013    2.337412   -0.942741     9   228   230   246
   230  O     17.400013    2.053412   -1.700741    11   229
   231  HN    14.311403    3.860402   -0.217355    10   227
   232  H     17.263712    4.309937   -0.581570    12   228
   233  C     16.658013    3.413412    1.287259    25   228   234   235   237
   234  C     16.870013    4.729412    2.035259    27   233   236   238   239
   235  C     17.868013    2.489412    1.499259    29   233   240   241   242
   236  C     17.122013    4.538412    3.512259    31   234   243   244   245
   237  H     15.737285    2.946684    1.667292    26   233
   238  H     15.992914    5.377897    1.893258    28   234
   239  H     17.713081    5.275156    1.586484    28   234
   240  H     18.041434    2.287758    2.566621    30   235
   241  H     18.790997    2.932039    1.096541    30   235
   242  H     17.727874    1.518200    1.002160    30   235
   243  H     17.270942    5.499974    4.025308    32   236
   244  H     18.019355    3.928833    3.694442    32   236
   245  H     16.278416    4.032815    4.004921    32   236
   246  N     15.408013    1.544412   -0.760741     7   229   247   250
   247  CA    15.361013    0.228412   -1.380741     8   246   248   251   252
   248  C     13.966013   -0.373588   -1.285741     9   247   249   268
   249  O     13.261013   -0.214588   -0.293741    11   248
   250  HN    14.555208    1.945069   -0.397013    10   246
   251  H     15.654620    0.309779   -2.437706    12   247
   252  C     16.387013   -0.704588   -0.737741   182   247   253   257   258
   253  C     15.954013   -1.270588    0.605259   184   252   254   259   260
   254  C     16.941013   -2.311588    1.109259   186   253   255   261   262
   255  C     16.512013   -2.870588    2.457259   188   254   256   263   264
   256  N     17.469013   -3.892588    2.964259   190   255   265   266   267
   257  H     17.327916   -0.146047   -0.624895   183   252
   258  H     16.588473   -1.523611   -1.443868   183   252
   259  H     14.957602   -1.726259    0.507643   185   253
   260  H     15.874037   -0.454901    1.338920   185   253
   261  H     17.938778   -1.857608    1.200729   187   254
   262  H     17.015576   -3.130787    0.378948   187   254
   263  H     15.525820   -3.352653    2.386288   189   255
   264  H     16.454683   -2.072958    3.212573   189   255
   265  HN    17.155553   -4.259827    3.885388   191   256
   266  HN    18.416064   -3.478822    3.080413   191   256
   267  HN    17.537639   -4.689028    2.298997   191   256
   268  N     13.577013   -1.092588   -2.344741     7   248   269   272
   269  CA    12.296013   -1.781588   -2.383741     8   268   270   273   274
   270  C     12.394013   -2.991588   -1.450741     9   269   271   278
   271  O     13.488013   -3.496588   -1.192741    11   270
   272  HN    14.192334   -1.159298   -3.142882    10   268
   273  H     11.504672   -1.105952   -2.026957    12   269
   274  C     11.997013   -2.249588   -3.813741    13   269   275   276   277
   275  H     11.029169   -2.771217   -3.848125    14   274
   276  H     12.781905   -2.938107   -4.159988    14   274
   277  H     11.957870   -1.387067   -4.495303    14   274
   278  N     11.260013   -3.426588   -0.909741     7   270   279   282
   279  CA    11.232013   -4.595588   -0.030741     8   278   280   283   284
   280  C     10.213013   -5.549588   -0.642741     9   279   281   297
   281  O     10.547013   -6.673588   -0.997741    11   280
   282  HN    10.386197   -3.018587   -1.209876    10   278
   283  H     12.223100   -5.072749   -0.022667    12   279
   284  C     10.879013   -4.211588    1.424259    25   279   285   286   288
   285  C     12.001013   -3.338588    2.006259    27   284   287   289   290
   286  C     10.680013   -5.464588    2.269259    29   284   291   292   293
   287  C     11.730013   -2.783588    3.398259    31   285   294   295   296
   288  H      9.960165   -3.608200    1.383741    26   284
   289  H     12.216798   -2.509686    1.316071    28   285
   290  H     12.942236   -3.907821    2.014749    28   285
   291  H     10.427525   -5.214998    3.310390    30   286
   292  H     11.587927   -6.085161    2.293355    30   286
   293  H      9.865996   -6.092169    1.877444    30   286
   294  H     12.567625   -2.168638    3.759151    32   287
   295  H     11.576009   -3.588372    4.132157    32   287
   296  H     10.830225   -2.151024    3.413884    32   287
   297  N      8.970013   -5.094588   -0.770741     7   280   298   301
   298  CA     7.927013   -5.885588   -1.412741     8   297   299   302   303
   299  C      6.694013   -5.044588   -1.718741     9   298   300   309
   300  O      6.731013   -3.821588   -1.583741    11   299
   301  HN     8.767164   -4.142189   -0.502622    10   297
   302  H      8.316655   -6.318972   -2.345670    12   298
   303  C      7.594013   -7.176588   -0.638741   137   298   304   307   308
   304  C      6.741013   -6.950588    0.594259   139   303   305   306
   305  O      6.266013   -7.971588    1.130259   140   304
   306  O      6.537013   -5.794588    1.033259   140   304
   307  H      8.543015   -7.656163   -0.356956   138   303
   308  H      7.082195   -7.862573   -1.329731   138   303
   309  N      5.611013   -5.704588   -2.114741     1   299   310   313
   310  CA     4.386013   -5.010588   -2.471741     2   309   311   314   315
   311  C      3.848013   -3.932588   -1.547741     3   310   312   316
   312  O      3.365013   -2.908588   -2.034741     5   311
   313  HN     5.603284   -6.712852   -2.056051     4   309
   314  H      4.475570   -4.608737   -3.491788     6   310
   315  H      3.594318   -5.745805   -2.678318     6   310
   316  N      3.908013   -4.148588   -0.233741     7   311   317   320
   317  CA     3.380013   -3.166588    0.715259     8   316   318   321   322
   318  C      4.373013   -2.663588    1.754259     9   317   319   328
   319  O      3.979013   -2.113588    2.793259    11   318
   320  HN     4.479908   -4.905692    0.112422    10   316
   321  H      2.960720   -2.311937    0.164111    12   317
   322  C      2.136013   -3.718588    1.415259   137   317   323   326   327
   323  C      2.376013   -5.065588    2.092259   139   322   324   325
   324  O      1.380013   -5.787588    2.301259   140   323
   325  O      3.532013   -5.408588    2.423259   140   323
   326  H      1.338539   -3.812185    0.663411   138   322
   327  H      1.809286   -2.976720    2.158819   138   322
   328  N      5.656013   -2.819588    1.454259     7   318   329   332
   329  CA     6.709013   -2.396588    2.360259     8   328   330   333   334
   330  C      7.864013   -1.805588    1.562259     9   329   331   342
   331  O      8.254013   -2.346588    0.527259    11   330
   332  HN     5.906585   -3.157905    0.536187    10   328
   333  H      6.314967   -1.638033    3.052590    12   329
   334  C      7.204013   -3.585588    3.198259    37   329   335   336   337
   335  OH     6.076013   -4.295588    3.724259    39   334   338
   336  C      8.024013   -3.102588    4.350259    41   334   339   340   341
   337  H      7.744833   -4.257322    2.515407    38   334
   338  HO     6.415375   -5.012458    4.228769    40   335
   339  H      8.389814   -3.937952    4.965365    42   336
   340  H      7.444505   -2.440474    5.010392    42   336
   341  H      8.904370   -2.536664    4.011582    42   336
   342  N      8.382013   -0.669588    2.020259     7   330   343   346
   343  CA     9.482013    0.002412    1.331259     8   342   344   347   348
   344  C     10.422013    0.633412    2.347259     9   343   345   358
   345  O      9.978013    1.127412    3.385259    11   344
   346  HN     8.085859   -0.324985    2.922280    10   342
   347  H     10.035494   -0.728332    0.723253    12   343
   348  C      8.972013    1.148412    0.412259    15   343   349   350   351
   349  C     10.096013    1.652412   -0.494741    17   348   352   353   354
   350  C      7.782013    0.696412   -0.409741    17   348   355   356   357
   351  H      8.664238    1.974961    1.069596    16   348
   352  H      9.752303    2.464376   -1.152448    18   349
   353  H     10.484909    0.851543   -1.140782    18   349
   354  H     10.943440    2.041564    0.088721    18   349
   355  H      7.412991    1.500089   -1.063902    18   350
   356  H      6.942957    0.384929    0.229762    18   350
   357  H      8.036062   -0.158152   -1.054085    18   350
   358  N     11.719013    0.601412    2.045259     7   344   359   362
   359  CA    12.733013    1.194412    2.910259     8   358   360   363   364
   360  C     12.927013    2.623412    2.416259     9   359   361   380
   361  O     13.269013    2.843412    1.253259    11   360
   362  HN    12.010013    0.151677    1.189013    10   358
   363  H     12.366852    1.210962    3.947395    12   359
   364  C     14.051013    0.414412    2.822259   182   359   365   369   370
   365  C     15.167013    0.977412    3.700259   184   364   366   371   372
   366  C     14.919013    0.754412    5.189259   186   365   367   373   374
   367  C     15.202013   -0.681588    5.613259   188   366   368   375   376
   368  N     14.992013   -0.868588    7.085259   190   367   377   378   379
   369  H     14.368972    0.405552    1.769252   183   364
   370  H     13.844945   -0.629982    3.099344   183   364
   371  H     15.280884    2.053781    3.504142   185   365
   372  H     16.125353    0.518968    3.414931   185   365
   373  H     13.876523    1.009727    5.430150   187   366
   374  H     15.549634    1.440798    5.773374   187   366
   375  H     16.244017   -0.957424    5.393845   189   367
   376  H     14.531342   -1.383059    5.095438   189   367
   377  HN    15.188786   -1.852388    7.359153   191   368
   378  HN    14.009805   -0.645481    7.344279   191   368
   379  HN    15.624336   -0.244237    7.625586   191   368
   380  N     12.716013    3.579412    3.315259     7   360   381   384
   381  CA    12.801013    5.002412    3.011259     8   380   382   385   386
   382  C     13.668013    5.763412    4.013259     9   381   383   399
   383  O     13.804013    5.358412    5.168259    11   382
   384  HN    12.484441    3.305217    4.259341    10   380
   385  H     13.206442    5.137778    1.997699    12   381
   386  C     11.383013    5.597412    3.067259    19   381   387   390   391
   387  C     10.495013    5.935412    1.862259    21   386   388   389   392
   388  C     10.651013    4.969412    0.702259    23   387   393   394   395
   389  C      9.048013    6.012412    2.330259    23   387   396   397   398
   390  H     11.398296    6.441885    3.771980    20   386
   391  H     10.806659    5.028186    3.811435    20   386
   392  H     10.789341    6.937448    1.516868    22   387
   393  H     10.000765    5.242090   -0.142030    24   388
   394  H     10.392655    3.940839    0.994300    24   388
   395  H     11.684495    4.952039    0.325945    24   388
   396  H      8.366504    6.253189    1.501059    24   389
   397  H      8.911975    6.786517    3.099840    24   389
   398  H      8.711179    5.058959    2.763237    24   389
   399  N     14.283013    6.847412    3.545259     7   382   400   403
   400  CA    15.070013    7.715412    4.408259     8   399   401   404   405
   401  C     14.047013    8.765412    4.795259     9   400   402   416
   402  O     13.478013    9.434412    3.929259    11   401
   403  HN    14.137261    7.115826    2.582549    10   399
   404  H     15.381160    7.158143    5.304160    12   400
   405  C     16.218013    8.384412    3.647259   175   400   406   409   410
   406  C     17.152013    9.188412    4.546259   177   405   407   411   412
   407  S     18.072013    8.141412    5.697259   179   406   408
   408  C     19.322013    7.455412    4.608259   180   407   413   414   415
   409  H     15.778891    9.038817    2.879843   176   405
   410  H     16.782621    7.596996    3.126496   176   405
   411  H     16.569048    9.930884    5.110959   178   406
   412  H     17.857675    9.759712    3.925246   178   406
   413  H     19.982903    6.777395    5.168185   181   408
   414  H     19.930315    8.261815    4.172733   181   408
   415  H     18.846704    6.891343    3.792228   181   408
   416  N     13.767013    8.863412    6.085259     7   401   417   420
   417  CA    12.785013    9.813412    6.581259     8   416   418   421   422
   418  C     13.440013   10.646412    7.678259     9   417   419   437
   419  O     13.867013   10.109412    8.698259    11   418
   420  HN    14.326129    8.345941    6.748368    10   416
   421  H     12.465133   10.472841    5.760997    12   417
   422  C     11.560013    9.053412    7.113259    70   417   423   430   431
   423  C     10.545013    9.929412    7.800259    72   422   424   425
   424  C      9.821013   10.887412    7.089259    73   423   426   432
   425  C     10.347013    9.839412    9.176259    73   423   427   433
   426  C      8.923013   11.744412    7.744259    75   424   428   434
   427  C      9.458013   10.688412    9.837259    75   425   428   435
   428  C      8.756013   11.635412    9.119259    77   426   427   429
   429  OH     7.922013   12.494412    9.793259    78   428   436
   430  H     11.918061    8.277795    7.806238    71   422
   431  H     11.093009    8.529611    6.266182    71   422
   432  H      9.985626   11.011334    6.018911    74   424
   433  H     10.928969    9.130659    9.765408    74   425
   434  H      8.364925   12.487516    7.174667    76   426
   435  H      9.318997   10.599926   10.914730    76   427
   436  HO     7.967262   12.276913   10.737477    79   429
   437  N     13.512013   11.956412    7.455259     7   418   438   441
   438  CA    14.143013   12.878412    8.401259     8   437   439   442   443
   439  C     15.567013   12.442412    8.759259     9   438   440   459
   440  O     15.944013   12.396412    9.926259    11   439
   441  HN    13.117256   12.327763    6.602988    10   437
   442  H     14.166413   13.889439    7.968504    12   438
   443  C     13.294013   13.039412    9.663259   182   438   444   448   449
   444  C     12.061013   13.908412    9.463259   184   443   445   450   451
   445  C     11.291013   14.045412   10.756259   186   444   446   452   453
   446  C     10.119013   14.997412   10.604259   188   445   447   454   455
   447  N      9.339013   15.086412   11.872259   190   446   456   457   458
   448  H     13.933571   13.468801   10.448492   183   443
   449  H     12.996180   12.035704   10.000698   183   443
   450  H     11.414046   13.456983    8.696679   185   444
   451  H     12.367039   14.904476    9.110831   185   444
   452  H     11.962447   14.412827   11.546311   187   445
   453  H     10.923290   13.057649   11.071066   187   445
   454  H      9.430217   14.649792    9.820218   189   446
   455  H     10.466845   16.012518   10.362243   189   446
   456  HN     8.537612   15.739981   11.761782   191   447
   457  HN     9.940926   15.432360   12.646611   191   447
   458  HN     8.967031   14.152101   12.137388   191   447
   459  N     16.335013   12.084412    7.734259     1   439   460   463
   460  CA    17.713013   11.668412    7.930259     2   459   461   464   465
   461  C     17.938013   10.288412    8.520259     3   460   462   466
   462  O     19.087013    9.892412    8.731259     5   461
   463  HN    15.997505   12.233357    6.794044     4   459
   464  H     18.261509   11.755700    6.980768     6   460
   465  H     18.239934   12.418229    8.538641     6   460
   466  N     16.855013    9.544412    8.778259     7   461   467   470
   467  CA    16.968013    8.211412    9.357259     8   466   468   471   472
   468  C     16.310013    7.165412    8.466259     9   467   469   483
   469  O     15.162013    7.304412    8.036259    11   468
   470  HN    15.954027    9.860471    8.448972    10   466
   471  H     18.029911    7.960112    9.495901    12   467
   472  C     16.355013    8.184412   10.758259   167   467   473   477   478
   473  C     17.022013    9.129412   11.744259   169   472   474   479   480
   474  C     16.391013    9.076412   13.120259   171   473   475   476
   475  O     15.438013    8.332412   13.349259   172   474
   476  N     16.761013    9.780412   14.185259   173   474   481   482
   477  H     16.409949    7.151122   11.131479   168   472
   478  H     15.287007    8.430642   10.664801   168   472
   479  H     16.973381   10.157981   11.357373   170   473
   480  H     18.091696    8.884740   11.821163   170   473
   481  HN    17.531757   10.431176   14.134654   174   476
   482  HN    16.272607    9.671921   15.062635   174   476
   483  N     17.051013    6.083412    8.149259    50   468   484   490
   484  CA    16.498013    5.019412    7.313259    51   483   485   487   488
   485  C     15.464013    4.222412    8.099259    52   484   486   497
   486  O     15.643013    3.959412    9.291259    53   485
   487  H     16.023527    5.460177    6.424108    54   484
   488  C     17.729013    4.175412    6.978259    55   484   489   491   492
   489  C     18.616013    4.367412    8.173259    57   488   490   493   494
   490  C     18.475013    5.838412    8.451259    59   483   489   495   496
   491  H     18.217297    4.531456    6.059122    56   488
   492  H     17.461651    3.116459    6.847354    56   488
   493  H     19.658622    4.104605    7.941096    58   489
   494  H     18.269270    3.766263    9.026716    58   489
   495  H     19.128638    6.431721    7.794936    60   490
   496  H     18.704025    6.068351    9.502297    60   490
   497  N     14.350013    3.903412    7.454259     7   485   498   501
   498  CA    13.312013    3.123412    8.113259     8   497   499   502   503
   499  C     12.372013    2.439412    7.139259     9   498   500   514
   500  O     12.186013    2.871412    5.999259    11   499
   501  HN    14.315894    4.015308    6.451056    10   497
   502  H     13.777374    2.369560    8.765291    12   498
   503  C     12.530013    3.964412    9.133259   175   498   504   507   508
   504  C     11.692013    5.085412    8.573259   177   503   505   509   510
   505  S     10.821013    6.007412    9.899259   179   504   506
   506  C      9.533013    4.843412   10.299259   180   505   511   512   513
   507  H     13.248263    4.361336    9.865767   176   503
   508  H     11.899930    3.281687    9.722226   176   503
   509  H     10.955573    4.675547    7.866388   178   504
   510  H     12.333916    5.775975    8.006616   178   504
   511  H      8.894833    5.243692   11.100822   181   506
   512  H      9.971580    3.893239   10.638127   181   506
   513  H      8.908807    4.648797    9.414673   181   506
   514  N     11.826013    1.324412    7.595259     7   499   515   518
   515  CA    10.903013    0.529412    6.808259     8   514   516   519   520
   516  C      9.502013    1.097412    6.991259     9   515   517   528
   517  O      9.116013    1.458412    8.100259    11   516
   518  HN    12.060898    1.014670    8.527455    10   514
   519  H     11.185193    0.583104    5.746425    12   515
   520  C     10.941013   -0.934588    7.294259    37   515   521   522   523
   521  OH    12.249013   -1.477588    7.061259    39   520   524
   522  C      9.903013   -1.777588    6.588259    41   520   525   526   527
   523  H     10.764383   -0.917760    8.379855    38   520
   524  HO    12.234717   -2.365980    7.368107    40   521
   525  H      9.927326   -2.822087    6.932395    42   522
   526  H     10.062386   -1.788715    5.499922    42   522
   527  H      8.885420   -1.399210    6.765274    42   522
   528  N      8.787013    1.278412    5.886259     7   516   529   532
   529  CA     7.422013    1.772412    5.950259     8   528   530   533   534
   530  C      6.478013    0.687412    5.453259     9   529   531   548
   531  O      6.725013    0.057412    4.425259    11   530
   532  HN     9.133112    0.907612    5.012862    10   528
   533  H      7.172408    2.027974    6.990637    12   529
   534  C      7.234013    3.042412    5.105259    61   529   535   541   542
   535  C      7.671013    4.305412    5.792259    63   534   536   537
   536  C      9.003013    4.714412    5.752259    64   535   538   543
   537  C      6.742013    5.106412    6.454259    64   535   539   544
   538  C      9.400013    5.903412    6.358259    66   536   540   545
   539  C      7.128013    6.299412    7.067259    66   537   540   546
   540  C      8.456013    6.703412    7.020259    68   538   539   547
   541  H      6.171003    3.111756    4.831030    62   534
   542  H      7.794329    2.910813    4.167854    62   534
   543  H      9.741105    4.115897    5.218312    65   536
   544  H      5.691069    4.818056    6.475872    65   537
   545  H     10.444628    6.212307    6.320021    67   538
   546  H      6.387502    6.912936    7.580417    67   539
   547  H      8.759592    7.634748    7.498331    69   540
   548  N      5.454013    0.409412    6.250259     7   530   549   552
   549  CA     4.420013   -0.552588    5.893259     8   548   550   553   554
   550  C      3.248013    0.311412    5.417259     9   549   551   572
   551  O      2.797013    1.212412    6.136259    11   550
   552  HN     5.388993    0.883627    7.139637    10   548
   553  H      4.774062   -1.180932    5.062697    12   549
   554  C      4.011013   -1.368588    7.122259   202   549   555   561   562
   555  C      2.824013   -2.303588    6.911259   204   554   556   563   564
   556  C      3.105013   -3.365588    5.859259   206   555   557   565   566
   557  N      2.091013   -4.422588    5.867259   208   556   558   567
   558  C      0.902013   -4.342588    5.271259   210   557   559   560
   559  N      0.555013   -3.246588    4.608259   211   558   568   569
   560  N      0.068013   -5.377588    5.310259   211   558   570   571
   561  H      3.794599   -0.664262    7.939015   203   554
   562  H      4.888378   -1.943331    7.453771   203   554
   563  H      1.942484   -1.716566    6.614085   205   555
   564  H      2.565525   -2.789516    7.863655   205   555
   565  H      4.096633   -3.806674    6.038516   207   556
   566  H      3.139247   -2.897121    4.864590   207   556
   567  HN     2.320438   -5.271215    6.364548   209   557
   568  HN     1.163837   -2.444610    4.529111   212   559
   569  HN    -0.352229   -3.212361    4.165720   212   559
   570  HN     0.296993   -6.241609    5.780510   212   560
   571  HN    -0.828701   -5.297419    4.852462   212   560
   572  N      2.795013    0.078412    4.188259     7   550   573   576
   573  CA     1.694013    0.854412    3.625259     8   572   574   577   578
   574  C      0.382013    0.634412    4.369259     9   573   575   591
   575  O     -0.036987   -0.496588    4.591259    11   574
   576  HN     3.121760   -0.738747    3.692690    10   572
   577  H      1.951536    1.923690    3.643314    12   573
   578  C      1.526013    0.546412    2.127259    19   573   579   582   583
   579  C      2.467013    1.283412    1.159259    21   578   580   581   584
   580  C      3.927013    1.039412    1.521259    23   579   585   586   587
   581  C      2.192013    0.843412   -0.273741    23   579   588   589   590
   582  H      0.478219    0.743988    1.856905    20   578
   583  H      1.624114   -0.540895    1.992574    20   578
   584  H      2.261395    2.358639    1.267004    22   579
   585  H      4.607624    1.563030    0.833805    24   580
   586  H      4.181050   -0.030073    1.480439    24   580
   587  H      4.156259    1.390766    2.538115    24   580
   588  H      2.852482    1.356064   -0.988562    24   581
   589  H      1.156007    1.061241   -0.572475    24   581
   590  H      2.348348   -0.237791   -0.402426    24   581
   591  N     -0.239987    1.733412    4.782259     7   574   592   595
   592  CA    -1.508987    1.689412    5.498259     8   591   593   596   597
   593  C     -2.669987    1.140412    4.678259     9   592   594   610
   594  O     -2.728987    1.316412    3.463259    11   593
   595  HN     0.181555    2.631584    4.593343    10   591
   596  H     -1.392727    1.093050    6.415230    12   592
   597  C     -1.900987    3.094412    5.963259    19   592   598   601   602
   598  C     -1.256987    3.669412    7.225259    21   597   599   600   603
   599  C     -1.605987    5.150412    7.349259    23   598   604   605   606
   600  C     -1.740987    2.896412    8.449259    23   598   607   608   609
   601  H     -2.996936    3.127860    6.051448    20   597
   602  H     -1.753987    3.783423    5.118478    20   597
   603  H     -0.167754    3.582541    7.098668    22   598
   604  H     -1.157997    5.598086    8.248643    24   599
   605  H     -2.692970    5.306257    7.413915    24   599
   606  H     -1.244714    5.725409    6.483892    24   599
   607  H     -1.295311    3.285891    9.376448    24   600
   608  H     -1.479316    1.829970    8.384221    24   600
   609  H     -2.833528    2.958178    8.561236    24   600
   610  N     -3.564987    0.439412    5.370259     7   593   611   614
   611  CA    -4.793987   -0.100588    4.794259     8   610   612   615   616
   612  C     -4.749987   -1.064588    3.618259     9   611   613   629
   613  O     -5.787987   -1.327588    3.003259    11   612
   614  HN    -3.384105    0.271195    6.349588    10   610
   615  H     -5.418640   -0.525210    5.593949    12   611
   616  C     -5.737987    1.056412    4.458259    19   611   617   620   621
   617  C     -6.159987    1.905412    5.657259    21   616   618   619   622
   618  C     -6.940987    3.131412    5.209259    23   617   623   624   625
   619  C     -7.001987    1.037412    6.592259    23   617   626   627   628
   620  H     -6.626052    0.635576    3.964055    20   616
   621  H     -5.244001    1.688036    3.705246    20   616
   622  H     -5.237742    2.246758    6.150155    22   617
   623  H     -7.249755    3.749814    6.064970    24   618
   624  H     -7.853503    2.852525    4.661960    24   618
   625  H     -6.343442    3.771031    4.543056    24   618
   626  H     -7.334747    1.600071    7.476954    24   619
   627  H     -6.437070    0.165414    6.953491    24   619
   628  H     -7.903300    0.656932    6.089397    24   619
   629  N     -3.579987   -1.601588    3.298259     7   612   630   633
   630  CA    -3.492987   -2.537588    2.184259     8   629   631   634   635
   631  C     -2.803987   -3.838588    2.561259     9   630   632   645
   632  O     -2.040987   -3.900588    3.526259    11   631
   633  HN    -2.825575   -1.567119    3.968912    10   629
   634  H     -4.503185   -2.753249    1.806118    12   630
   635  C     -2.766987   -1.927588    0.951259    15   630   636   637   638
   636  C     -3.510987   -0.700588    0.446259    17   635   639   640   641
   637  C     -1.324987   -1.596588    1.292259    17   635   642   643   644
   638  H     -2.783747   -2.689981    0.158495    16   635
   639  H     -3.011575   -0.255018   -0.426699    18   636
   640  H     -3.576077    0.079884    1.218675    18   636
   641  H     -4.539452   -0.946772    0.143517    18   636
   642  H     -0.794470   -1.163521    0.431443    18   637
   643  H     -0.766604   -2.491920    1.603047    18   637
   644  H     -1.260117   -0.869485    2.115127    18   637
   645  N     -3.121987   -4.883588    1.831259     7   631   646   649
   646  CA    -2.523987   -6.183588    2.008259     8   645   647   650   651
   647  C     -2.226987   -6.836588    0.672259     9   646   648   657
   648  O     -3.152987   -7.197588   -0.054741    11   647
   649  HN    -3.820111   -4.770693    1.110165    10   645
   650  H     -1.591693   -6.083672    2.583450    12   646
   651  C     -3.426987   -7.089588    2.839259   137   646   652   655   656
   652  C     -2.636987   -8.113588    3.629259   139   651   653   654
   653  O     -1.410987   -8.212588    3.411259   140   652
   654  O     -3.240987   -8.814588    4.465259   140   652
   655  H     -4.120406   -7.597385    2.152737   138   651
   656  H     -4.007452   -6.452959    3.523191   138   651
   657  N     -0.957987   -6.840588    0.307259     7   647   658   661
   658  CA    -0.508987   -7.427588   -0.950741     8   657   659   662   663
   659  C     -0.135987   -8.880588   -0.670741     9   658   660   671
   660  O      0.171013   -9.228588    0.468259    11   659
   661  HN    -0.273558   -6.422260    0.920984    10   657
   662  H     -1.327630   -7.393535   -1.684678    12   658
   663  C      0.748013   -6.709588   -1.487741    37   658   664   665   666
   664  OH     1.744013   -6.652588   -0.459741    39   663   667
   665  C      0.416013   -5.302588   -1.941741    41   663   668   669   670
   666  H      1.140491   -7.322167   -2.312791    38   663
   667  HO     2.488812   -6.210549   -0.825083    40   664
   668  H      1.304719   -4.780983   -2.326618    42   665
   669  H      0.012730   -4.695748   -1.117661    42   665
   670  H     -0.335581   -5.303010   -2.744926    42   665
   671  N     -0.179987   -9.750588   -1.696741    50   659   672   678
   672  CA     0.170013  -11.163588   -1.499741    51   671   673   675   676
   673  C      1.632013  -11.317588   -1.057741    52   672   674   685
   674  O      2.501013  -10.552588   -1.482741    53   673
   675  H     -0.491828  -11.603198   -0.739011    54   672
   676  C     -0.058987  -11.767588   -2.886741    55   672   677   679   680
   677  C     -1.131987  -10.901588   -3.468741    57   676   678   681   682
   678  C     -0.672987   -9.522588   -3.066741    59   671   677   683   684
   679  H     -0.388096  -12.814760   -2.815200    56   676
   680  H      0.857284  -11.727951   -3.494093    56   676
   681  H     -2.113753  -11.137087   -3.032077    58   677
   682  H     -1.175172  -11.003150   -4.563191    58   677
   683  H     -1.508477   -8.807124   -3.074927    60   678
   684  H      0.132225   -9.163812   -3.724702    60   678
   685  N      1.899013  -12.303588   -0.199741     7   673   686   689
   686  CA     3.238013  -12.551588    0.320259     8   685   687   690   691
   687  C      4.121013  -13.217588   -0.728741     9   686   688   700
   688  O      3.708013  -14.153588   -1.411741    11   687
   689  HN     1.143291  -12.902092    0.101553    10   685
   690  H      3.692786  -11.599885    0.632417    12   686
   691  C      3.170013  -13.406588    1.586259   153   686   692   696   697
   692  C      2.381013  -12.773588    2.720259   155   691   693   698   699
   693  C      2.325013  -13.652588    3.954259   157   692   694   695
   694  O      2.911013  -14.755588    3.924259   158   693
   695  O      1.696013  -13.239588    4.950259   158   693
   696  H      4.200601  -13.609929    1.912664   154   691
   697  H      2.727526  -14.376650    1.315732   154   691
   698  H      1.358567  -12.554635    2.378697   156   692
   699  H      2.827502  -11.802678    2.980991   156   692
   700  N      5.354013  -12.716588   -0.856741     7   687   701   704
   701  CA     6.321013  -13.260588   -1.807741     8   700   702   705   706
   702  C      7.220013  -14.300588   -1.144741     9   701   703   714
   703  O      7.505013  -15.351588   -1.722741    11   702
   704  HN     5.626220  -11.935895   -0.276636    10   700
   705  H      5.786716  -13.721534   -2.651575    12   701
   706  C      7.210013  -12.152588   -2.415741    37   701   707   708   709
   707  OH     7.787013  -11.361588   -1.367741    39   706   710
   708  C      6.400013  -11.261588   -3.328741    41   706   711   712   713
   709  H      8.025945  -12.655116   -2.955853    38   706
   710  HO     8.316492  -10.704244   -1.781444    40   707
   711  H      7.017904  -10.466149   -3.770880    42   708
   712  H      5.575054  -10.772623   -2.789894    42   708
   713  H      5.955920  -11.829714   -4.159412    42   708
   714  N      8.354013  -13.672588   -1.640741     7   702   715   718
   715  CA     9.835013  -13.793588   -1.786741     8   714   716   719   720
   716  C     10.496013  -14.028588   -0.404741     9   715   717   736
   717  O      9.706013  -14.362588    0.486259    11   716
   718  HN     8.068489  -12.801431   -2.064606    10   714
   719  H     10.070599  -14.635478   -2.454365    12   715
   720  C     10.320013  -14.417588   -3.116741   182   715   721   725   726
   721  C     10.969013  -13.340588   -4.011741   184   720   722   727   728
   722  C     11.479013  -13.867588   -5.359741   186   721   723   729   730
   723  C     10.657013  -15.047588   -5.876741   188   722   724   731   732
   724  N     10.453013  -14.968588   -7.332741   190   723   733   734   735
   725  H      9.446476  -14.852368   -3.624578   183   720
   726  H     11.055414  -15.199142   -2.875163   183   720
   727  H     11.796446  -12.861213   -3.468092   185   721
   728  H     10.251212  -12.525085   -4.184123   185   721
   729  H     12.532363  -14.168899   -5.261432   187   722
   730  H     11.462421  -13.055495   -6.101516   187   722
   731  H      9.662239  -15.068324   -5.407704   189   723
   732  H     11.165103  -16.000810   -5.668866   189   723
   733  HN     9.892468  -15.778542   -7.666453   191   724
   734  HN    11.366751  -14.974313   -7.829379   191   724
   735  HN     9.948429  -14.094282   -7.582909   191   724
   736  N     11.777013  -13.785588   -0.000741     7   716   737   740
   737  CA    12.762013  -14.855588    0.203259     8   736   738   741   742
   738  C     12.542013  -15.541588    1.574259     9   737   739   754
   739  O     12.836013  -14.929588    2.611259    11   738
   740  HN    12.059210  -12.830045    0.164797    10   736
   741  H     12.666047  -15.601029   -0.599927    12   737
   742  C     14.034013  -14.948588   -0.685741   106   737   743   748   749
   743  C     14.254013  -15.295588   -2.144741   108   742   744   745
   744  N     15.279013  -14.343588   -2.025741   109   743   746   750
   745  C     14.744013  -15.355588   -3.439741   111   743   747   751
   746  C     15.580013  -13.526588   -3.049741   113   744   747   752
   747  N     15.231013  -14.231588   -4.091741   115   745   746   753
   748  H     14.844983  -15.368696   -0.072685   107   742
   749  H     14.717211  -14.141028   -0.383933   107   742
   750  HN    15.412538  -14.138143   -1.035608   110   744
   751  H     14.329457  -16.243667   -3.916772   112   745
   752  H     16.027317  -12.532787   -3.069184   114   746
   753  HN    15.309915  -13.940693   -5.066192   116   747
   754  N     12.576013  -16.893588    1.614259    50   738   755   761
   755  CA    11.256013  -17.500588    1.797259    51   754   756   758   759
   756  C     10.748013  -18.929588    1.572259    52   755   757   768
   757  O      9.587013  -19.177588    1.887259    53   756
   758  H     10.778657  -17.078075    2.693704    54   755
   759  C     11.766013  -17.616588    3.257259    55   755   760   762   763
   760  C     13.262013  -18.006588    3.286259    57   759   761   764   765
   761  C     13.673013  -17.808588    1.827259    59   754   760   766   767
   762  H     11.158192  -18.327977    3.835600    56   759
   763  H     11.586498  -16.686466    3.816408    56   759
   764  H     13.394304  -19.053076    3.598287    58   760
   765  H     13.832878  -17.344320    3.953727    58   760
   766  H     13.538112  -18.733296    1.246986    60   761
   767  H     14.641590  -17.292449    1.753372    60   761
   768  N     11.570013  -19.887588    1.172259     7   756   769   772
   769  CA    11.461013  -20.484588   -0.160741     8   768   770   773   774
   770  C     10.361013  -21.380588   -0.772741     9   769   771   790
   771  O     10.693013  -21.948588   -1.821741    11   770
   772  HN    12.211574  -20.292352    1.839091    10   768
   773  H     11.809851  -19.764238   -0.915333    12   769
   774  C     12.416013  -19.779588   -1.145741   182   769   775   779   780
   775  C     12.143013  -19.989588   -2.644741   184   774   776   781   782
   776  C     12.349013  -21.410588   -3.167741   186   775   777   783   784
   777  C     13.756013  -21.858588   -2.767741   188   776   778   785   786
   778  N     14.727013  -21.145588   -3.621741   190   777   787   788   789
   779  H     13.442601  -20.091349   -0.903003   183   774
   780  H     12.412551  -18.705241   -0.909594   183   774
   781  H     12.756559  -19.289903   -3.231258   185   775
   782  H     11.122398  -19.655176   -2.882470   185   775
   783  H     12.260123  -21.414818   -4.264135   187   776
   784  H     11.606360  -22.081251   -2.710929   187   776
   785  H     13.890978  -22.935350   -2.947654   189   777
   786  H     13.973766  -21.583790   -1.725115   189   777
   787  HN    15.699090  -21.424553   -3.379163   191   778
   788  HN    14.638501  -20.117309   -3.493644   191   778
   789  HN    14.561934  -21.367321   -4.624329   191   778
   790  N      9.207013  -21.845588   -0.228741     7   770   791   794
   791  CA     8.461013  -22.841588    0.565259     8   790   792   795   796
   792  C      7.464013  -21.688588    0.380259     9   791   793   812
   793  O      8.073013  -20.706588    0.775259    11   792
   794  HN     8.508274  -21.171548   -0.507189    10   790
   795  H      8.172057  -23.684024   -0.080346    12   791
   796  C      7.905013  -23.946588   -0.362741   182   791   797   801   802
   797  C      7.335013  -25.293588    0.158259   184   796   798   803   804
   798  C      6.435013  -25.375588    1.407259   186   797   799   805   806
   799  C      5.977013  -26.819588    1.688259   188   798   800   807   808
   800  N      5.728013  -27.123588    3.118259   190   799   809   810   811
   801  H      8.649733  -24.132794   -1.150599   183   796
   802  H      7.190188  -23.478348   -1.055400   183   796
   803  H      8.149135  -26.028402    0.243428   185   797
   804  H      6.861116  -25.837494   -0.672155   185   797
   805  H      5.554215  -24.731518    1.268088   187   798
   806  H      6.981209  -24.987295    2.279554   187   798
   807  H      6.719750  -27.544710    1.324199   189   799
   808  H      5.052958  -27.052148    1.138679   189   799
   809  HN     5.423356  -28.111328    3.232946   191   800
   810  HN     4.984141  -26.503974    3.498171   191   800
   811  HN     6.593085  -26.979442    3.677251   191   800
   812  N      6.187013  -21.368588    0.584259     1   792   813   816
   813  CA     6.116013  -20.275588   -0.396741     2   812   814   817   818
   814  C      5.034013  -19.241588   -0.699741     3   813   815   819
   815  O      4.375013  -18.803588    0.244259     5   814
   816  HN     5.869002  -21.200849    1.528098     4   812
   817  H      7.107546  -19.810855   -0.501079     6   813
   818  H      6.593691  -20.593046   -1.335381     6   813
   819  N      5.288013  -18.618588   -1.883741     7   814   820   823
   820  CA     4.777013  -17.415588   -2.531741     8   819   821   824   825
   821  C      3.274013  -17.541588   -2.795741     9   820   822   835
   822  O      2.734013  -18.630588   -2.968741    11   821
   823  HN     5.985748  -19.095805   -2.436489    10   819
   824  H      4.964912  -16.543699   -1.887921    12   820
   825  C      5.534013  -17.124588   -3.842741    15   820   826   827   828
   826  C      5.251013  -18.208588   -4.873741    17   825   829   830   831
   827  C      5.162013  -15.753588   -4.384741    17   825   832   833   834
   828  H      6.607968  -17.147658   -3.605909    16   825
   829  H      5.783007  -18.018525   -5.817594    18   826
   830  H      4.178689  -18.272159   -5.110551    18   826
   831  H      5.565541  -19.199991   -4.515701    18   826
   832  H      5.694252  -15.530284   -5.321147    18   827
   833  H      5.409584  -14.954821   -3.670122    18   827
   834  H      4.084983  -15.680260   -4.596000    18   827
   835  N      2.596013  -16.385588   -2.827741     7   821   836   839
   836  CA     1.158013  -16.330588   -3.081741     8   835   837   840   841
   837  C      0.891013  -15.786588   -4.483741     9   836   838   850
   838  O      1.743013  -15.113588   -5.067741    11   837
   839  HN     3.096566  -15.522500   -2.670814    10   835
   840  H      0.730413  -17.340095   -2.991994    12   836
   841  C      0.459013  -15.451588   -2.038741   153   836   842   846   847
   842  C      0.663013  -15.911588   -0.599741   155   841   843   848   849
   843  C     -0.204987  -15.156588    0.390259   157   842   844   845
   844  O     -0.903987  -15.814588    1.188259   158   843
   845  O     -0.193987  -13.909588    0.376259   158   843
   846  H     -0.614327  -15.431038   -2.278571   154   841
   847  H      0.828978  -14.422900   -2.160914   154   841
   848  H      1.721386  -15.795104   -0.323554   156   842
   849  H      0.452982  -16.988783   -0.525318   156   842
   850  N     -0.292987  -16.079588   -5.021741     7   837   851   854
   851  CA    -0.678987  -15.634588   -6.349741     8   850   852   855   856
   852  C     -0.665987  -14.114588   -6.433741     9   851   853   872
   853  O     -1.306987  -13.430588   -5.632741    11   852
   854  HN    -0.946708  -16.632103   -4.485573    10   850
   855  H      0.017835  -16.049382   -7.092967    12   851
   856  C     -2.050987  -16.196588   -6.715741   182   851   857   861   862
   857  C     -2.102987  -17.715588   -6.749741   184   856   858   863   864
   858  C     -3.412987  -18.212588   -7.334741   186   857   859   865   866
   859  C     -3.464987  -19.732588   -7.359741   188   858   860   867   868
   860  N     -4.740987  -20.235588   -7.935741   190   859   869   870   871
   861  H     -2.332565  -15.788434   -7.697639   183   856
   862  H     -2.779467  -15.811423   -5.987067   183   856
   863  H     -1.983191  -18.110011   -5.729898   185   857
   864  H     -1.264246  -18.098365   -7.349737   185   857
   865  H     -3.529198  -17.824341   -8.357365   187   858
   866  H     -4.251930  -17.826262   -6.737308   187   858
   867  H     -3.379832  -20.144910   -6.343503   189   859
   868  H     -2.646581  -20.143255   -7.969302   189   859
   869  HN    -4.752787  -21.275501   -7.942122   191   860
   870  HN    -4.856859  -19.899576   -8.913120   191   860
   871  HN    -5.550540  -19.901141   -7.375055   191   860
   872  N      0.089013  -13.589588   -7.405741     7   852   873   876
   873  CA     0.244013  -12.149588   -7.647741     8   872   874   877   878
   874  C      1.214013  -11.443588   -6.695741     9   873   875   893
   875  O      1.358013  -10.218588   -6.741741    11   874
   876  HN     0.585152  -14.225928   -8.013209    10   872
   877  H      0.564009  -11.984274   -8.687103    12   873
   878  C     -1.112987  -11.429588   -7.675741    70   873   879   886   887
   879  C     -2.036987  -11.929588   -8.761741    72   878   880   881
   880  C     -1.852987  -11.550588  -10.092741    73   879   882   888
   881  C     -3.073987  -12.811588   -8.464741    73   879   883   889
   882  C     -2.678987  -12.045588  -11.100741    75   880   884   890
   883  C     -3.901987  -13.310588   -9.461741    75   881   884   891
   884  C     -3.699987  -12.926588  -10.774741    77   882   883   885
   885  OH    -4.511987  -13.436588  -11.759741    78   884   892
   886  H     -0.922583  -10.354454   -7.809279    71   878
   887  H     -1.585090  -11.559597   -6.690745    71   878
   888  H     -1.033138  -10.884412  -10.361362    74   880
   889  H     -3.225929  -13.148651   -7.439362    74   881
   890  H     -2.520853  -11.738863  -12.134672    76   882
   891  H     -4.707362  -13.999556   -9.207194    76   883
   892  HO    -5.150912  -14.034796  -11.341623    79   885
   893  N      1.888013  -12.221588   -5.850741     1   874   894   897
   894  CA     2.859013  -11.664588   -4.922741     2   893   895   898   899
   895  C      3.987013  -10.958588   -5.659741     3   894   896   900
   896  O      4.270013   -9.794588   -5.376741     5   895
   897  HN     1.832391  -13.224346   -5.957900     4   893
   898  H      2.357844  -10.952912   -4.250173     6   894
   899  H      3.275067  -12.469811   -4.299431     6   894
   900  N      4.672013  -11.646588   -6.591741    50   895   901   907
   901  CA     5.769013  -11.048588   -7.356741    51   900   902   904   905
   902  C      5.278013   -9.832588   -8.138741    52   901   903   914
   903  O      5.977013   -8.825588   -8.239741    53   902
   904  H      6.572160  -10.743564   -6.669780    54   901
   905  C      6.171013  -12.178588   -8.305741    55   901   906   908   909
   906  C      5.908013  -13.391588   -7.498741    57   905   907   910   911
   907  C      4.558013  -13.084588   -6.893741    59   900   906   912   913
   908  H      7.233392  -12.107136   -8.581868    56   905
   909  H      5.558173  -12.167897   -9.219148    56   905
   910  H      6.672510  -13.524092   -6.719006    58   906
   911  H      5.864911  -14.289503   -8.132689    58   906
   912  H      4.389585  -13.671128   -5.978535    60   907
   913  H      3.747240  -13.277206   -7.611756    60   907
   914  N      4.073013   -9.945588   -8.690741     7   902   915   918
   915  CA     3.459013   -8.868588   -9.462741     8   914   916   919   920
   916  C      3.294013   -7.609588   -8.602741     9   915   917   929
   917  O      3.653013   -6.511588   -9.024741    11   916
   918  HN     3.563198  -10.809270   -8.571398    10   914
   919  H      4.087884   -8.637507  -10.335164    12   915
   920  C      2.088013   -9.306588   -9.995741   153   915   921   925   926
   921  C      2.115013  -10.235588  -11.220741   155   920   922   927   928
   922  C      2.709013  -11.609588  -10.945741   157   921   923   924
   923  O      2.542013  -12.133588   -9.825741   158   922
   924  O      3.340013  -12.174588  -11.864741   158   922
   925  H      1.508554   -8.399853  -10.223905   154   920
   926  H      1.542470   -9.787770   -9.170606   154   920
   927  H      2.671828   -9.751423  -12.036549   156   921
   928  H      1.095565  -10.349100  -11.618032   156   921
   929  N      2.765013   -7.786588   -7.392741     7   916   930   933
   930  CA     2.551013   -6.670588   -6.473741     8   929   931   934   935
   931  C      3.882013   -6.039588   -6.083741     9   930   932   939
   932  O      3.999013   -4.814588   -6.025741    11   931
   933  HN     2.567632   -8.725508   -7.077193    10   929
   934  H      1.913666   -5.914813   -6.956020    12   930
   935  C      1.780013   -7.136588   -5.234741    13   930   936   937   938
   936  H      1.621604   -6.293240   -4.546504    14   935
   937  H      2.344495   -7.920601   -4.708733    14   935
   938  H      0.800442   -7.542552   -5.527372    14   935
   939  N      4.888013   -6.877588   -5.840741     7   931   940   943
   940  CA     6.219013   -6.389588   -5.485741     8   939   941   944   945
   941  C      6.852013   -5.580588   -6.609741     9   940   942   950
   942  O      7.486013   -4.552588   -6.365741    11   941
   943  HN     4.760968   -7.862151   -6.026738    10   939
   944  H      6.153200   -5.769852   -4.579322    12   940
   945  C      7.150013   -7.551588   -5.122741    33   940   946   947   948
   946  OH     6.919013   -7.976588   -3.797741    35   945   949
   947  H      8.194938   -7.223873   -5.226344    34   945
   948  H      6.970157   -8.388583   -5.813459    34   945
   949  HO     7.513155   -8.685590   -3.630674    36   946
   950  N      6.717013   -6.070588   -7.838741     7   941   951   954
   951  CA     7.278013   -5.387588   -9.000741     8   950   952   955   956
   952  C      6.581013   -4.043588   -9.221741     9   951   953   960
   953  O      7.214013   -3.052588   -9.584741    11   952
   954  HN     6.122301   -6.874096   -7.982935    10   950
   955  H      8.354257   -5.221860   -8.845070    12   951
   956  C      7.140013   -6.265588  -10.239741    13   951   957   958   959
   957  H      7.561943   -5.753482  -11.117079    14   956
   958  H      6.079619   -6.484029  -10.434285    14   956
   959  H      7.675351   -7.215379  -10.093757    14   956
   960  N      5.273013   -4.027588   -9.000741     7   952   961   964
   961  CA     4.469013   -2.817588   -9.163741     8   960   962   965   966
   962  C      4.958013   -1.697588   -8.244741     9   961   963   980
   963  O      5.271013   -0.596588   -8.698741    11   962
   964  HN     4.817063   -4.880600   -8.709913    10   960
   965  H      4.518618   -2.481963  -10.210113    12   961
   966  C      2.998013   -3.128588   -8.865741    61   961   967   973   974
   967  C      2.067013   -1.980588   -9.134741    63   966   968   969
   968  C      1.485013   -1.824588  -10.389741    64   967   970   975
   969  C      1.780013   -1.051588   -8.137741    64   967   971   976
   970  C      0.626013   -0.755588  -10.653741    66   968   972   977
   971  C      0.925013    0.023412   -8.389741    66   969   972   978
   972  C      0.347013    0.170412   -9.651741    68   970   971   979
   973  H      2.923858   -3.434069   -7.811614    62   966
   974  H      2.706938   -3.999052   -9.472015    62   966
   975  H      1.703852   -2.537794  -11.184440    65   968
   976  H      2.232304   -1.153554   -7.151264    65   969
   977  H      0.178250   -0.647365  -11.641616    67   970
   978  H      0.708220    0.743856   -7.601033    67   971
   979  H     -0.320698    1.008578   -9.851090    69   972
   980  N      5.029013   -1.993588   -6.950741     7   962   981   984
   981  CA     5.472013   -1.023588   -5.956741     8   980   982   985   986
   982  C      6.913013   -0.589588   -6.198741     9   981   983   994
   983  O      7.223013    0.599412   -6.143741    11   982
   984  HN     4.767587   -2.920485   -6.646407    10   980
   985  H      4.813683   -0.142772   -5.984372    12   981
   986  C      5.322013   -1.599588   -4.532741    37   981   987   988   989
   987  OH     3.950013   -1.943588   -4.313741    39   986   990
   988  C      5.746013   -0.588588   -3.485741    41   986   991   992   993
   989  H      5.918065   -2.523331   -4.495030    38   986
   990  HO     3.890964   -2.290031   -3.441909    40   987
   991  H      5.641888   -0.992022   -2.467704    42   988
   992  H      5.138681    0.327082   -3.537669    42   988
   993  H      6.797243   -0.290657   -3.612833    42   988
   994  N      7.778013   -1.554588   -6.509741     7   982   995   998
   995  CA     9.184013   -1.269588   -6.777741     8   994   996   999  1000
   996  C      9.316013   -0.279588   -7.935741     9   995   997  1016
   997  O     10.032013    0.717412   -7.833741    11   996
   998  HN     7.435378   -2.495520   -6.641452    10   994
   999  H      9.650847   -0.845078   -5.876710    12   995
  1000  C      9.934013   -2.565588   -7.116741   182   995  1001  1005  1006
  1001  C     11.414013   -2.369588   -7.449741   184  1000  1002  1007  1008
  1002  C     12.127013   -3.712588   -7.607741   186  1001  1003  1009  1010
  1003  C     13.630013   -3.538588   -7.810741   188  1002  1004  1011  1012
  1004  N     13.966013   -2.771588   -9.043741   190  1003  1013  1014  1015
  1005  H      9.418123   -3.043375   -7.962659   183  1000
  1006  H      9.828067   -3.250787   -6.262764   183  1000
  1007  H     11.896748   -1.789490   -6.649458   185  1001
  1008  H     11.507430   -1.792412   -8.381482   185  1001
  1009  H     11.701264   -4.255815   -8.464270   187  1002
  1010  H     11.946077   -4.331460   -6.716529   187  1002
  1011  H     14.131441   -4.514763   -7.885922   189  1003
  1012  H     14.081704   -3.005927   -6.960889   189  1003
  1013  HN    14.996788   -2.676257   -9.143814   191  1004
  1014  HN    13.550086   -1.819173   -9.004891   191  1004
  1015  HN    13.597484   -3.257052   -9.886422   191  1004
  1016  N      8.605013   -0.552588   -9.025741     7   996  1017  1020
  1017  CA     8.655013    0.307412  -10.204741     8  1016  1018  1021  1022
  1018  C      8.042013    1.683412   -9.958741     9  1017  1019  1038
  1019  O      8.614013    2.703412  -10.344741    11  1018
  1020  HN     7.926545   -1.300071   -8.993313    10  1016
  1021  H      9.699230    0.423544  -10.530507    12  1017
  1022  C      7.957013   -0.374588  -11.382741   182  1017  1023  1027  1028
  1023  C      8.023013    0.402412  -12.688741   184  1022  1024  1029  1030
  1024  C      7.410013   -0.395588  -13.833741   186  1023  1025  1031  1032
  1025  C      7.394013    0.409412  -15.123741   188  1024  1026  1033  1034
  1026  N      8.762013    0.850412  -15.536741   190  1025  1035  1036  1037
  1027  H      6.908008   -0.547210  -11.100270   183  1022
  1028  H      8.408422   -1.369145  -11.513453   183  1022
  1029  H      9.071750    0.636205  -12.924309   185  1023
  1030  H      7.485559    1.355586  -12.576476   185  1023
  1031  H      6.382571   -0.686553  -13.569728   187  1024
  1032  H      7.985037   -1.320962  -13.985495   187  1024
  1033  H      6.777876    1.314047  -15.014153   189  1025
  1034  H      6.977795   -0.183777  -15.951322   189  1025
  1035  HN     8.717164    1.397224  -16.420248   191  1026
  1036  HN     9.379041    0.027469  -15.690501   191  1026
  1037  HN     9.189338    1.448751  -14.801224   191  1026
  1038  N      6.879013    1.709412   -9.319741     7  1018  1039  1042
  1039  CA     6.214013    2.977412   -9.043741     8  1038  1040  1043  1044
  1040  C      7.094013    3.864412   -8.170741     9  1039  1041  1055
  1041  O      7.235013    5.058412   -8.434741    11  1040
  1042  HN     6.564165    0.877183   -8.841865    10  1038
  1043  H      5.998463    3.492869   -9.991286    12  1039
  1044  C      4.861013    2.741412   -8.376741   175  1039  1045  1048  1049
  1045  C      4.028013    4.007412   -8.204741   177  1044  1046  1050  1051
  1046  S      2.324013    3.617412   -7.791741   179  1045  1047
  1047  C      1.682013    5.258412   -7.501741   180  1046  1052  1053  1054
  1048  H      5.043648    2.275262   -7.397278   176  1044
  1049  H      4.309116    2.007270   -8.982088   176  1044
  1050  H      4.055361    4.594130   -9.134802   178  1045
  1051  H      4.465319    4.629530   -7.409925   178  1045
  1052  H      0.617524    5.207155   -7.229279   181  1047
  1053  H      1.785403    5.872457   -8.408526   181  1047
  1054  H      2.233469    5.742703   -6.682376   181  1047
  1055  N      7.718013    3.269412   -7.156741     7  1040  1056  1059
  1056  CA     8.592013    4.018412   -6.258741     8  1055  1057  1060  1061
  1057  C      9.908013    4.474412   -6.896741     9  1056  1058  1067
  1058  O     10.323013    5.616412   -6.709741    11  1057
  1059  HN     7.699125    2.261554   -7.093771    10  1055
  1060  H      8.052281    4.892553   -5.865592    12  1056
  1061  C      8.883013    3.214412   -4.988741   137  1056  1062  1065  1066
  1062  C      7.703013    3.187412   -4.020741   139  1061  1063  1064
  1063  O      6.850013    4.106412   -4.065741   140  1062
  1064  O      7.635013    2.248412   -3.201741   140  1062
  1065  H      9.760931    3.661372   -4.499367   138  1061
  1066  H      9.145916    2.189692   -5.290124   138  1061
  1067  N     10.560013    3.592412   -7.652741     7  1057  1068  1071
  1068  CA    11.841013    3.937412   -8.283741     8  1067  1069  1072  1073
  1069  C     11.736013    4.955412   -9.429741     9  1068  1070  1082
  1070  O     12.668013    5.726412   -9.668741    11  1069
  1071  HN    10.087598    2.745461   -7.934871    10  1067
  1072  H     12.536713    4.314901   -7.519867    12  1068
  1073  C     12.570013    2.671412   -8.752741   153  1068  1074  1078  1079
  1074  C     11.912013    1.960412   -9.926741   155  1073  1075  1080  1081
  1075  C     12.613013    0.664412  -10.319741   157  1074  1076  1077
  1076  O     13.181013   -0.017588   -9.436741   158  1075
  1077  O     12.586013    0.327412  -11.523741   158  1075
  1078  H     12.647054    1.987991   -7.894254   154  1073
  1079  H     13.601347    2.951905   -9.012881   154  1073
  1080  H     11.878033    2.636910  -10.793457   156  1074
  1081  H     10.859591    1.750080   -9.685560   156  1074
  1082  N     10.603013    4.966412  -10.127741     7  1069  1083  1086
  1083  CA    10.403013    5.905412  -11.231741     8  1082  1084  1087  1088
  1084  C      9.971013    7.290412  -10.750741     9  1083  1085  1096
  1085  O      9.997013    8.265412  -11.509741    11  1084
  1086  HN     9.815144    4.431739   -9.790863    10  1082
  1087  H     11.332825    5.992099  -11.813064    12  1083
  1088  C      9.377013    5.355412  -12.227741   147  1083  1089  1092  1093
  1089  C      9.913013    4.186412  -13.037741   149  1088  1090  1091
  1090  O      9.150013    3.457412  -13.668741   150  1089
  1091  N     11.232013    4.010412  -13.031741   151  1089  1094  1095
  1092  H      9.084461    6.175872  -12.899498   148  1088
  1093  H      8.488089    5.043472  -11.659843   148  1088
  1094  HN    11.835621    4.630194  -12.510562   152  1091
  1095  HN    11.647054    3.250357  -13.551507   152  1091
  1096  N      9.599013    7.374412   -9.478741     7  1084  1097  1100
  1097  CA     9.157013    8.628412   -8.891741     8  1096  1098  1101  1102
  1098  C     10.268013    9.656412   -8.755741     9  1097  1099  1106
  1099  O     11.390013    9.343412   -8.352741    11  1098
  1100  HN     9.703164    6.565025   -8.883640    10  1096
  1101  H      8.339712    9.048828   -9.496117    12  1097
  1102  C      8.514013    8.379412   -7.533741    13  1097  1103  1104  1105
  1103  H      8.180344    9.329720   -7.091498    14  1102
  1104  H      9.236742    7.907072   -6.852157    14  1102
  1105  H      7.643880    7.715150   -7.641553    14  1102
  1106  N      9.925013   10.889412   -9.101741     7  1098  1107  1110
  1107  CA    10.824013   12.025412   -9.008741     8  1106  1108  1111  1112
  1108  C     10.811013   12.473412   -7.543741     9  1107  1109  1128
  1109  O     11.830013   12.898412   -6.995741    11  1108
  1110  HN     8.989374   11.046575   -9.448123    10  1106
  1111  H     11.840964   11.712714   -9.288080    12  1107
  1112  C     10.301013   13.147412   -9.918741   182  1107  1113  1117  1118
  1113  C     11.303013   14.219412  -10.226741   184  1112  1114  1119  1120
  1114  C     10.885013   15.056412  -11.419741   186  1113  1115  1121  1122
  1115  C      9.802013   16.057412  -11.079741   188  1114  1116  1123  1124
  1116  N      9.942013   17.276412  -11.938741   190  1115  1125  1126  1127
  1117  H      9.415049   13.587522   -9.437731   183  1112
  1118  H      9.943709   12.687122  -10.851729   183  1112
  1119  H     12.282625   13.760225  -10.425506   185  1113
  1120  H     11.427499   14.869126   -9.347892   185  1113
  1121  H     10.534556   14.396205  -12.226777   187  1114
  1122  H     11.761303   15.585924  -11.821902   187  1114
  1123  H      9.884225   16.383968  -10.032553   189  1115
  1124  H      8.804075   15.635768  -11.270361   189  1115
  1125  HN     9.200878   17.969551  -11.710975   191  1116
  1126  HN     9.858851   17.024809  -12.944415   191  1116
  1127  HN    10.868439   17.724131  -11.787469   191  1116
  1128  N      9.647013   12.332412   -6.908741     7  1108  1129  1132
  1129  CA     9.459013   12.716412   -5.517741     8  1128  1130  1133  1134
  1130  C      8.621013   11.698412   -4.752741     9  1129  1131  1150
  1131  O      7.563013   11.276412   -5.214741    11  1130
  1132  HN     8.863777   11.943171   -7.413848    10  1128
  1133  H     10.439495   12.824890   -5.031030    12  1129
  1134  C      8.802013   14.100412   -5.445741   182  1129  1135  1139  1140
  1135  C      9.711013   15.214412   -5.964741   184  1134  1136  1141  1142
  1136  C      8.947013   16.398412   -6.529741   186  1135  1137  1143  1144
  1137  C      8.142013   17.115412   -5.471741   188  1136  1138  1145  1146
  1138  N      7.727013   18.459412   -5.957741   190  1137  1147  1148  1149
  1139  H      8.532705   14.292660   -4.396687   183  1134
  1140  H      7.874725   14.065615   -6.036441   183  1134
  1141  H     10.383982   14.810157   -6.735255   185  1135
  1142  H     10.371750   15.556557   -5.154579   185  1135
  1143  H      8.276448   16.054217   -7.330911   187  1136
  1144  H      9.652637   17.102799   -6.994428   187  1136
  1145  H      8.738791   17.267083   -4.560230   189  1137
  1146  H      7.225275   16.557265   -5.230779   189  1137
  1147  HN     7.172563   18.954522   -5.230382   191  1138
  1148  HN     7.142992   18.372778   -6.813903   191  1138
  1149  HN     8.560789   19.037706   -6.185761   191  1138
  1150  N      9.134013   11.281412   -3.599741     7  1130  1151  1154
  1151  CA     8.450013   10.333412   -2.727741     8  1150  1152  1155  1156
  1152  C      7.992013   11.094412   -1.486741     9  1151  1153  1169
  1153  O      8.772013   11.849412   -0.900741    11  1152
  1154  HN    10.035897   11.636134   -3.315352    10  1150
  1155  H      7.573984    9.920678   -3.249493    12  1151
  1156  C      9.404013    9.200412   -2.248741    25  1151  1157  1158  1160
  1157  C      9.827013    8.309412   -3.421741    27  1156  1159  1161  1162
  1158  C      8.735013    8.372412   -1.147741    29  1156  1163  1164  1165
  1159  C      8.708013    7.487412   -4.009741    31  1157  1166  1167  1168
  1160  H     10.304070    9.687101   -1.844970    26  1156
  1161  H     10.642536    7.644064   -3.102001    28  1157
  1162  H     10.280002    8.929620   -4.209232    28  1157
  1163  H      9.391750    7.564364   -0.793122    30  1158
  1164  H      7.804251    7.904987   -1.501570    30  1158
  1165  H      8.478360    8.991081   -0.275172    30  1158
  1166  H      9.058855    6.865609   -4.846563    32  1159
  1167  H      7.896742    8.123493   -4.393462    32  1159
  1168  H      8.266906    6.810881   -3.262928    32  1159
  1169  N      6.732013   10.901412   -1.095741     7  1152  1170  1173
  1170  CA     6.195013   11.543412    0.098259     8  1169  1171  1174  1175
  1171  C      5.530013   10.534412    1.034259     9  1170  1172  1184
  1172  O      4.966013    9.538412    0.592259    11  1171
  1173  HN     6.169769   10.214165   -1.577065    10  1169
  1174  H      7.005127   12.061359    0.632530    12  1170
  1175  C      5.186013   12.631412   -0.270741   153  1170  1176  1180  1181
  1176  C      5.806013   13.872412   -0.905741   155  1175  1177  1182  1183
  1177  C      4.767013   14.818412   -1.467741   157  1176  1178  1179
  1178  O      4.662013   15.958412   -0.970741   158  1177
  1179  O      4.056013   14.421412   -2.408741   158  1177
  1180  H      4.639323   12.909277    0.642452   154  1175
  1181  H      4.446297   12.188804   -0.954056   154  1175
  1182  H      6.497384   13.569079   -1.705738   156  1176
  1183  H      6.417637   14.400251   -0.159215   156  1176
  1184  N      5.667013   10.765412    2.334259     7  1171  1185  1188
  1185  CA     5.044013    9.905412    3.325259     8  1184  1186  1189  1190
  1186  C      3.962013   10.720412    4.002259     9  1185  1187  1200
  1187  O      4.123013   11.924412    4.227259    11  1186
  1188  HN     6.097135   11.628122    2.635632    10  1184
  1189  H      4.590719    9.037003    2.824868    12  1185
  1190  C      6.048013    9.388412    4.384259    15  1185  1191  1192  1193
  1191  C      7.032013    8.430412    3.739259    17  1190  1194  1195  1196
  1192  C      6.796013   10.538412    5.022259    17  1190  1197  1198  1199
  1193  H      5.466651    8.830987    5.133456    16  1190
  1194  H      7.759768    8.045438    4.468757    18  1191
  1195  H      7.602694    8.917033    2.934571    18  1191
  1196  H      6.521433    7.561726    3.298019    18  1191
  1197  H      7.513603   10.185394    5.777536    18  1192
  1198  H      6.111424   11.237928    5.524269    18  1192
  1199  H      7.363609   11.115290    4.277245    18  1192
  1200  N      2.839013   10.074412    4.286259     7  1186  1201  1204
  1201  CA     1.735013   10.752412    4.943259     8  1200  1202  1205  1206
  1202  C      1.199013    9.902412    6.080259     9  1201  1203  1215
  1203  O      0.540013    8.894412    5.844259    11  1202
  1204  HN     2.822035    9.067100    4.214598    10  1200
  1205  H      2.080755   11.718885    5.338723    12  1201
  1206  C      0.617013   11.051412    3.938259   153  1201  1207  1211  1212
  1207  C     -0.617987   11.683412    4.569259   155  1206  1208  1213  1214
  1208  C     -1.735987   11.908412    3.577259   157  1207  1209  1210
  1209  O     -2.038987   13.085412    3.292259   158  1208
  1210  O     -2.311987   10.912412    3.086259   158  1208
  1211  H      0.345416   10.107085    3.443808   154  1206
  1212  H      1.026949   11.717484    3.164760   154  1206
  1213  H     -0.342817   12.640829    5.035771   156  1207
  1214  H     -0.978138   11.045684    5.389987   156  1207
  1215  N      1.531013   10.282412    7.314259     7  1202  1216  1219
  1216  CA     1.049013    9.555412    8.486259     8  1215  1217  1220  1221
  1217  C     -0.432987    9.859412    8.684259     9  1216  1218  1235
  1218  O     -0.912987   10.927412    8.290259    11  1217
  1219  HN     1.994588   11.170138    7.445184    10  1215
  1220  H      1.184505    8.475092    8.329574    12  1216
  1221  C      1.826013    9.971412    9.740259    61  1216  1222  1228  1229
  1222  C      3.262013    9.534412    9.737259    63  1221  1223  1224
  1223  C      4.280013   10.450412    9.487259    64  1222  1225  1230
  1224  C      3.596013    8.204412    9.971259    64  1222  1226  1231
  1225  C      5.613013   10.049412    9.465259    66  1223  1227  1232
  1226  C      4.929013    7.787412    9.956259    66  1224  1227  1233
  1227  C      5.941013    8.712412    9.700259    68  1225  1226  1234
  1228  H      1.306831    9.551620   10.614459    62  1221
  1229  H      1.766137   11.066321    9.827381    62  1221
  1230  H      4.037390   11.494878    9.291490    65  1223
  1231  H      2.812206    7.470509   10.158695    65  1224
  1232  H      6.398435   10.779005    9.268012    67  1225
  1233  H      5.175083    6.741817   10.141409    67  1226
  1234  H      6.982534    8.391204    9.687631    69  1227
  1235  N     -1.159987    8.919412    9.277259     7  1217  1236  1239
  1236  CA    -2.579987    9.122412    9.553259     8  1235  1237  1240  1241
  1237  C     -2.733987    9.772412   10.923259     9  1236  1238  1247
  1238  O     -1.741987   10.263412   11.477259    11  1237
  1239  HN    -0.692273    8.119976    9.680057    10  1235
  1240  H     -3.013257    9.779107    8.784475    12  1236
  1241  C     -3.365987    7.794412    9.422259   137  1236  1242  1245  1246
  1242  C     -4.802987    7.977412    8.989259   139  1241  1243  1244
  1243  O     -5.371987    9.046412    9.290259   140  1242
  1244  O     -5.362987    7.071412    8.339259   140  1242
  1245  H     -3.328478    7.281982   10.394889   138  1241
  1246  H     -2.834085    7.156451    8.701089   138  1241
  1247  N     -3.955987    9.781412   11.441259     7  1237  1248  1251
  1248  CA    -4.271987   10.405412   12.730259     8  1247  1249  1252  1253
  1249  C     -3.894987    9.552412   13.972259     9  1248  1250  1269
  1250  O     -3.834987   10.059412   15.103259    11  1249
  1251  HN    -4.702050    9.338443   10.924279    10  1247
  1252  H     -3.777693   11.385997   12.794502    12  1248
  1253  C     -5.751987   10.781412   12.770259   182  1248  1254  1258  1259
  1254  C     -6.169987   11.748412   11.673259   184  1253  1255  1260  1261
  1255  C     -7.581987   12.291412   11.895259   186  1254  1256  1262  1263
  1256  C     -7.999987   13.251412   10.793259   188  1255  1257  1264  1265
  1257  N     -9.380987   13.766412   10.998259   190  1256  1266  1267  1268
  1258  H     -5.963280   11.218242   13.757444   183  1253
  1259  H     -6.338588    9.853714   12.697626   183  1253
  1260  H     -6.120659   11.241307   10.698368   185  1254
  1261  H     -5.457323   12.585228   11.630271   185  1254
  1262  H     -7.629408   12.804777   12.866962   187  1255
  1263  H     -8.294062   11.454331   11.942641   187  1255
  1264  H     -7.978170   12.755466    9.811647   189  1256
  1265  H     -7.328500   14.121862   10.755548   189  1256
  1266  HN    -9.643372   14.419864   10.232913   191  1257
  1267  HN    -9.449457   14.275172   11.902734   191  1257
  1268  HN   -10.064147   12.982344   11.009654   191  1257
  1269  N     -3.611987    8.273412   13.767259     1  1249  1270  1273
  1270  CA    -3.318987    7.400412   14.885259     2  1269  1271  1274  1275
  1271  C     -1.850987    7.055412   15.060259     3  1270  1272  1276
  1272  O     -0.973987    7.882412   14.810259     5  1271
  1273  HN    -3.382009    7.966450   12.832923     4  1269
  1274  H     -3.703659    7.849781   15.812672     6  1270
  1275  H     -3.905166    6.474347   14.791462     6  1270
  1276  N     -1.583987    5.825412   15.495259     7  1271  1277  1280
  1277  CA    -0.217987    5.356412   15.719259     8  1276  1278  1281  1282
  1278  C      0.617013    5.404412   14.439259     9  1277  1279  1293
  1279  O      0.154013    5.021412   13.365259    11  1278
  1280  HN    -2.351908    5.194934   15.676626    10  1276
  1281  H      0.260309    5.974815   16.493088    12  1277
  1282  C     -0.248987    3.954412   16.330259   167  1277  1283  1287  1288
  1283  C     -0.877987    3.963412   17.728259   169  1282  1284  1289  1290
  1284  C     -1.216987    2.586412   18.264259   171  1283  1285  1286
  1285  O     -0.483987    1.621412   18.060259   172  1284
  1286  N     -2.339987    2.495412   18.968259   173  1284  1291  1292
  1287  H      0.786303    3.586879   16.385876   168  1282
  1288  H     -0.831996    3.306131   15.659564   168  1282
  1289  H     -1.783963    4.587213   17.719268   170  1283
  1290  H     -0.203930    4.475229   18.430890   170  1283
  1291  HN    -2.920287    3.306819   19.126278   174  1286
  1292  HN    -2.627972    1.608312   19.355839   174  1286
  1293  N      1.841013    5.905412   14.561259     7  1278  1294  1297
  1294  CA     2.727013    6.054412   13.411259     8  1293  1295  1298  1299
  1295  C      3.672013    4.899412   13.117259     9  1294  1296  1317
  1296  O      4.327013    4.878412   12.076259    11  1295
  1297  HN     2.200210    6.101087   15.484725    10  1293
  1298  H      2.130367    6.278036   12.514596    12  1294
  1299  C      3.490013    7.367412   13.532259   202  1294  1300  1306  1307
  1300  C      2.550013    8.550412   13.575259   204  1299  1301  1308  1309
  1301  C      3.272013    9.859412   13.746259   206  1300  1302  1310  1311
  1302  N      2.343013   10.888412   14.204259   208  1301  1303  1312
  1303  C      2.070013   12.005412   13.544259   210  1302  1304  1305
  1304  N      2.655013   12.252412   12.379259   211  1303  1313  1314
  1305  N      1.211013   12.876412   14.055259   211  1303  1315  1316
  1306  H      4.159831    7.450489   12.663673   203  1299
  1307  H      4.087155    7.327623   14.455210   203  1299
  1308  H      1.830412    8.417950   14.396616   205  1300
  1309  H      1.952602    8.578453   12.652050   205  1300
  1310  H      3.712711   10.163919   12.785498   207  1301
  1311  H      4.079789    9.739666   14.483252   207  1301
  1312  HN     1.880937   10.727869   15.087895   209  1302
  1313  HN     3.315897   11.615333   11.957996   212  1304
  1314  HN     2.431471   13.109900   11.894653   212  1304
  1315  HN     0.746807   12.725825   14.939531   212  1305
  1316  HN     1.012735   13.722984   13.541350   212  1305
  1317  N      3.775013    3.960412   14.049259     7  1295  1318  1321
  1318  CA     4.636013    2.795412   13.852259     8  1317  1319  1322  1323
  1319  C      3.925013    1.560412   14.382259     9  1318  1320  1331
  1320  O      3.113013    1.658412   15.305259    11  1319
  1321  HN     3.123242    3.962725   14.820809    10  1317
  1322  H      4.842051    2.668347   12.779225    12  1318
  1323  C      5.988013    2.929412   14.585259    37  1318  1324  1325  1326
  1324  OH     5.774013    2.872412   15.998259    39  1323  1327
  1325  C      6.664013    4.241412   14.239259    41  1323  1328  1329  1330
  1326  H      6.598616    2.061716   14.294970    38  1323
  1327  HO     6.616777    2.957093   16.405908    40  1324
  1328  H      7.629140    4.348309   14.756079    42  1325
  1329  H      6.043812    5.104020   14.524317    42  1325
  1330  H      6.860810    4.323298   13.160109    42  1325
  1331  N      4.177013    0.415412   13.757259     7  1319  1332  1335
  1332  CA     3.578013   -0.832588   14.204259     8  1331  1333  1336  1337
  1333  C      4.521013   -1.532588   15.187259     9  1332  1334  1343
  1334  O      5.606013   -1.022588   15.474259    11  1333
  1335  HN     4.916744    0.385050   13.070254    10  1331
  1336  H      2.619480   -0.622487   14.701323    12  1332
  1337  C      3.201013   -1.736588   13.015259   137  1332  1338  1341  1342
  1338  C      4.404013   -2.204588   12.190259   139  1337  1339  1340
  1339  O      5.569013   -2.139588   12.651259   140  1338
  1340  O      4.164013   -2.665588   11.057259   140  1338
  1341  H      2.500185   -1.179648   12.375996   138  1337
  1342  H      2.655251   -2.605755   13.411102   138  1337
  1343  N      4.117013   -2.697588   15.682259     7  1333  1344  1347
  1344  CA     4.915013   -3.457588   16.647259     8  1343  1345  1348  1349
  1345  C      6.310013   -3.867588   16.165259     9  1344  1346  1365
  1346  O      7.191013   -4.124588   16.980259    11  1345
  1347  HN     3.228290   -3.072354   15.382557    10  1343
  1348  H      5.003170   -2.885239   17.582483    12  1344
  1349  C      4.134013   -4.689588   17.123259   182  1344  1350  1354  1355
  1350  C      3.790013   -5.687588   16.028259   184  1349  1351  1356  1357
  1351  C      2.726013   -6.657588   16.504259   186  1350  1352  1358  1359
  1352  C      2.349013   -7.644588   15.420259   188  1351  1353  1360  1361
  1353  N      1.236013   -8.537588   15.841259   190  1352  1362  1363  1364
  1354  H      3.214604   -4.338097   17.614321   183  1349
  1355  H      4.725683   -5.182188   17.908926   183  1349
  1356  H      4.694045   -6.245372   15.742595   185  1350
  1357  H      3.425190   -5.148515   15.141521   185  1350
  1358  H      1.832621   -6.097722   16.817950   187  1351
  1359  H      3.094295   -7.203094   17.385617   187  1351
  1360  H      3.203232   -8.286937   15.160070   189  1352
  1361  H      2.022001   -7.121356   14.509605   189  1352
  1362  HN     0.996662   -9.204829   15.080273   191  1353
  1363  HN     0.387898   -7.980207   16.068477   191  1353
  1364  HN     1.506070   -9.083564   16.684218   191  1353
  1365  N      6.504013   -3.919588   14.848259     7  1345  1366  1369
  1366  CA     7.793013   -4.288588   14.257259     8  1365  1367  1370  1371
  1367  C      8.662013   -3.065588   13.970259     9  1366  1368  1386
  1368  O      9.681013   -3.162588   13.275259    11  1367
  1369  HN     5.733801   -3.696316   14.234237    10  1365
  1370  H      8.327919   -4.967635   14.937531    12  1366
  1371  C      7.571013   -5.069588   12.955259    70  1366  1372  1379  1380
  1372  C      6.861013   -6.383588   13.149259    72  1371  1373  1374
  1373  C      5.509013   -6.519588   12.842259    73  1372  1375  1381
  1374  C      7.538013   -7.492588   13.659259    73  1372  1376  1382
  1375  C      4.846013   -7.726588   13.043259    75  1373  1377  1383
  1376  C      6.885013   -8.702588   13.862259    75  1374  1377  1384
  1377  C      5.542013   -8.813588   13.554259    77  1375  1376  1378
  1378  OH     4.891013  -10.009588   13.761259    78  1377  1385
  1379  H      8.553579   -5.237932   12.490260    71  1371
  1380  H      6.996116   -4.428829   12.270480    71  1371
  1381  H      4.949564   -5.667751   12.455619    74  1373
  1382  H      8.592865   -7.413659   13.922237    74  1374
  1383  H      3.787784   -7.814663   12.797301    76  1375
  1384  H      7.431899   -9.556753   14.261531    76  1376
  1385  HO     5.532457  -10.641490   14.122021    79  1378
  1386  N      8.221013   -1.907588   14.454259     1  1367  1387  1390
  1387  CA     8.963013   -0.672588   14.252259     2  1386  1388  1391  1392
  1388  C      8.850013   -0.071588   12.862259     3  1387  1389  1393
  1389  O      9.622013    0.819412   12.507259     5  1388
  1390  HN     7.439046   -1.910045   15.093494     4  1386
  1391  H      8.649611    0.070599   15.000224     6  1387
  1392  H     10.022960   -0.836966   14.496170     6  1387
  1393  N      7.899013   -0.549588   12.064259     7  1388  1394  1397
  1394  CA     7.726013   -0.024588   10.710259     8  1393  1395  1398  1399
  1395  C      6.792013    1.179412   10.710259     9  1394  1396  1417
  1396  O      5.771013    1.181412   11.407259    11  1395
  1397  HN     7.174866   -1.132019   12.459842    10  1393
  1398  H      8.704443    0.269708   10.302748    12  1394
  1399  C      7.158013   -1.097588    9.776259   202  1394  1400  1406  1407
  1400  C      7.975013   -2.369588    9.736259   204  1399  1401  1408  1409
  1401  C      7.329013   -3.397588    8.839259   206  1400  1402  1410  1411
  1402  N      5.993013   -3.773588    9.286259   208  1401  1403  1412
  1403  C      5.266013   -4.730588    8.719259   210  1402  1404  1405
  1404  N      5.748013   -5.410588    7.685259   211  1403  1413  1414
  1405  N      4.057013   -5.001588    9.177259   211  1403  1415  1416
  1406  H      7.086568   -0.664461    8.767648   203  1399
  1407  H      6.131140   -1.320085   10.101875   203  1399
  1408  H      8.069555   -2.777409   10.753483   205  1400
  1409  H      8.986781   -2.144705    9.367811   205  1400
  1410  H      7.965348   -4.293485    8.789789   207  1401
  1411  H      7.276295   -3.007411    7.812135   207  1401
  1412  HN     5.607746   -3.271048   10.073103   209  1402
  1413  HN     6.663548   -5.232357    7.297794   212  1404
  1414  HN     5.177968   -6.133597    7.270040   212  1404
  1415  HN     3.647872   -4.505351    9.956010   212  1405
  1416  HN     3.520715   -5.732693    8.732321   212  1405
  1417  N      7.141013    2.196412    9.924259     1  1395  1418  1421
  1418  CA     6.293013    3.377412    9.830259     2  1417  1419  1422  1423
  1419  C      4.997013    3.039412    9.114259     3  1418  1420  1424
  1420  O      5.005013    2.318412    8.118259     5  1419
  1421  HN     7.861524    2.054503    9.230843     4  1417
  1422  H      6.068049    3.749292   10.840752     6  1418
  1423  H      6.822956    4.166893    9.277194     6  1418
  1424  N      3.882013    3.544412    9.636259     7  1419  1425  1428
  1425  CA     2.561013    3.304412    9.061259     8  1424  1426  1429  1430
  1426  C      2.110013    4.566412    8.353259     9  1425  1427  1443
  1427  O      1.784013    5.564412    8.995259    11  1426
  1428  HN     3.952149    4.117710   10.464819    10  1424
  1429  H      2.620246    2.478399    8.337247    12  1425
  1430  C      1.561013    2.935412   10.160259    19  1425  1431  1434  1435
  1431  C      1.859013    1.621412   10.885259    21  1430  1432  1433  1436
  1432  C      0.931013    1.457412   12.085259    23  1431  1437  1438  1439
  1433  C      1.715013    0.463412    9.923259    23  1431  1440  1441  1442
  1434  H      0.559570    2.896210    9.706856    20  1430
  1435  H      1.530629    3.764879   10.882105    20  1430
  1436  H      2.892467    1.686110   11.256457    22  1431
  1437  H      1.126866    0.518142   12.623231    24  1432
  1438  H     -0.126003    1.445004   11.781017    24  1432
  1439  H      1.053324    2.278517   12.806942    24  1432
  1440  H      1.923011   -0.498885   10.413893    24  1433
  1441  H      2.408640    0.553591    9.074289    24  1433
  1442  H      0.697717    0.405342    9.508849    24  1433
  1443  N      2.092013    4.523412    7.027259     7  1426  1444  1447
  1444  CA     1.712013    5.703412    6.268259     8  1443  1445  1448  1449
  1445  C      1.210013    5.412412    4.875259     9  1444  1446  1453
  1446  O      1.182013    4.269412    4.422259    11  1445
  1447  HN     2.094767    3.624687    6.566406    10  1443
  1448  H      0.947843    6.266911    6.823699    12  1444
  1449  C      2.904013    6.666412    6.183259    13  1444  1450  1451  1452
  1450  H      2.627249    7.563766    5.610408    14  1449
  1451  H      3.753145    6.176643    5.684159    14  1449
  1452  H      3.216652    6.973812    7.192101    14  1449
  1453  N      0.749013    6.482412    4.237259     7  1445  1454  1457
  1454  CA     0.278013    6.452412    2.869259     8  1453  1455  1458  1459
  1455  C      1.484013    6.989412    2.123259     9  1454  1456  1474
  1456  O      2.029013    8.026412    2.492259    11  1455
  1457  HN     0.726032    7.362359    4.732501    10  1453
  1458  H      0.093279    5.410932    2.567277    12  1454
  1459  C     -0.909987    7.397412    2.696259    70  1454  1460  1467  1468
  1460  C     -2.091987    7.030412    3.560259    72  1459  1461  1462
  1461  C     -2.905987    5.943412    3.238259    73  1460  1463  1469
  1462  C     -2.405987    7.780412    4.692259    73  1460  1464  1470
  1463  C     -4.013987    5.614412    4.028259    75  1461  1465  1471
  1464  C     -3.505987    7.468412    5.483259    75  1462  1465  1472
  1465  C     -4.304987    6.394412    5.149259    77  1463  1464  1466
  1466  OH    -5.417987    6.131412    5.907259    78  1465  1473
  1467  H     -1.200835    7.384196    1.635489    71  1459
  1468  H     -0.569936    8.415531    2.936672    71  1459
  1469  H     -2.692003    5.345930    2.352073    74  1461
  1470  H     -1.795362    8.642178    4.961695    74  1462
  1471  H     -4.639170    4.762062    3.762278    76  1463
  1472  H     -3.731927    8.069438    6.364065    76  1464
  1473  HO    -5.465439    6.797148    6.611137    79  1466
  1474  N      1.959013    6.231412    1.146259     7  1455  1475  1478
  1475  CA     3.123013    6.632412    0.370259     8  1474  1476  1479  1480
  1476  C      2.679013    7.216412   -0.955741     9  1475  1477  1493
  1477  O      1.801013    6.664412   -1.608741    11  1476
  1478  HN     1.431127    5.421407    0.854150    10  1474
  1479  H      3.695651    7.386412    0.930232    12  1475
  1480  C      4.053013    5.426412    0.117259    25  1475  1481  1482  1484
  1481  C      4.414013    4.774412    1.457259    27  1480  1483  1485  1486
  1482  C      5.318013    5.870412   -0.636741    29  1480  1487  1488  1489
  1483  C      5.035013    5.723412    2.469259    31  1481  1490  1491  1492
  1484  H      3.480899    4.698024   -0.476152    26  1480
  1485  H      5.094204    3.927824    1.282249    28  1481
  1486  H      3.517407    4.308910    1.892467    28  1481
  1487  H      5.994276    5.023899   -0.826700    30  1482
  1488  H      5.886280    6.620798   -0.067537    30  1482
  1489  H      5.072569    6.317206   -1.611488    30  1482
  1490  H      5.275550    5.209611    3.411676    32  1483
  1491  H      4.357086    6.554295    2.714305    32  1483
  1492  H      5.968719    6.164790    2.090606    32  1483
  1493  N      3.275013    8.346412   -1.330741     7  1476  1494  1497
  1494  CA     2.949013    9.014412   -2.587741     8  1493  1495  1498  1499
  1495  C      4.166013    9.100412   -3.499741     9  1494  1496  1514
  1496  O      5.248013    9.489412   -3.061741    11  1495
  1497  HN     3.974428    8.754329   -0.726984    10  1493
  1498  H      2.145500    8.463632   -3.098631    12  1494
  1499  C      2.435013   10.436412   -2.320741    70  1494  1500  1507  1508
  1500  C      1.108013   10.497412   -1.603741    72  1499  1501  1502
  1501  C     -0.075987   10.675412   -2.314741    73  1500  1503  1509
  1502  C      1.037013   10.388412   -0.211741    73  1500  1504  1510
  1503  C     -1.304987   10.747412   -1.661741    75  1501  1505  1511
  1504  C     -0.185987   10.457412    0.452259    75  1502  1505  1512
  1505  C     -1.351987   10.639412   -0.280741    77  1503  1504  1506
  1506  OH    -2.565987   10.728412    0.359259    78  1505  1513
  1507  H      2.364903   10.957546   -3.286921    71  1499
  1508  H      3.201680   10.969414   -1.739251    71  1499
  1509  H     -0.050613   10.772289   -3.400131    74  1501
  1510  H      1.948241   10.257292    0.371844    74  1502
  1511  H     -2.220340   10.887084   -2.236825    76  1503
  1512  H     -0.222225   10.370431    1.538178    76  1504
  1513  HO    -2.409212   10.642719    1.312663    79  1506
  1514  N      3.980013    8.730412   -4.762741     7  1495  1515  1518
  1515  CA     5.040013    8.790412   -5.767741     8  1514  1516  1519  1520
  1516  C      4.573013    9.807412   -6.797741     9  1515  1517  1524
  1517  O      3.606013    9.564412   -7.522741    11  1516
  1518  HN     3.068822    8.393946   -5.039545    10  1514
  1519  H      5.970660    9.143115   -5.299236    12  1515
  1520  C      5.246013    7.417412   -6.422741    13  1515  1521  1522  1523
  1521  H      6.044881    7.472382   -7.176921    14  1520
  1522  H      4.318558    7.087900   -6.913912    14  1520
  1523  H      5.527509    6.672807   -5.663581    14  1520
  1524  N      5.235013   10.961412   -6.823741     7  1516  1525  1528
  1525  CA     4.884013   12.046412   -7.740741     8  1524  1526  1529  1530
  1526  C      3.413013   12.426412   -7.614741     9  1525  1527  1536
  1527  O      2.718013   12.615412   -8.613741    11  1526
  1528  HN     6.008054   11.093278   -6.187251    10  1524
  1529  H      5.509932   12.925223   -7.526458    12  1525
  1530  C      5.240013   11.683412   -9.188741   137  1525  1531  1534  1535
  1531  C      6.738013   11.667412   -9.431741   139  1530  1532  1533
  1532  O      7.194013   10.949412  -10.347741   140  1531
  1533  O      7.460013   12.374412   -8.700741   140  1531
  1534  H      4.759483   12.419691   -9.849789   138  1530
  1535  H      4.813424   10.692512   -9.403540   138  1530
  1536  N      2.953013   12.516412   -6.370741     1  1526  1537  1540
  1537  CA     1.576013   12.880412   -6.089741     2  1536  1538  1541  1542
  1538  C      0.570013   11.748412   -6.130741     3  1537  1539  1543
  1539  O     -0.576987   11.922412   -5.712741     5  1538
  1540  HN     3.598766   12.412258   -5.601160     4  1536
  1541  H      1.521426   13.384988   -5.113819     6  1537
  1542  H      1.259367   13.678145   -6.777751     6  1537
  1543  N      0.984013   10.573412   -6.604741     7  1538  1544  1547
  1544  CA     0.074013    9.442412   -6.698741     8  1543  1545  1548  1549
  1545  C      0.249013    8.497412   -5.517741     9  1544  1546  1565
  1546  O      1.346013    8.006412   -5.247741    11  1545
  1547  HN     1.974029   10.416988   -6.729244    10  1543
  1548  H     -0.963386    9.807142   -6.726580    12  1544
  1549  C      0.282013    8.699412   -8.017741   182  1544  1550  1554  1555
  1550  C     -0.630987    7.499412   -8.204741   184  1549  1551  1556  1557
  1551  C     -0.370987    6.810412   -9.533741   186  1550  1552  1558  1559
  1552  C     -1.291987    5.617412   -9.725741   188  1551  1553  1560  1561
  1553  N     -1.062987    4.944412  -11.033741   190  1552  1562  1563  1564
  1554  H      1.334314    8.382502   -8.064969   183  1549
  1555  H      0.132280    9.417437   -8.837509   183  1549
  1556  H     -1.680442    7.825910   -8.159528   185  1550
  1557  H     -0.471531    6.785196   -7.383480   185  1550
  1558  H      0.676216    6.476307   -9.575450   187  1551
  1559  H     -0.522230    7.526902  -10.354575   187  1551
  1560  H     -2.346972    5.927609   -9.697745   189  1552
  1561  H     -1.130352    4.866201   -8.938622   189  1552
  1562  HN    -1.703535    4.132346  -11.142589   191  1553
  1563  HN    -0.083385    4.601571  -11.100368   191  1553
  1564  HN    -1.233965    5.605364  -11.818285   191  1553
  1565  N     -0.843987    8.194412   -4.809741     7  1545  1566  1569
  1566  CA    -0.751987    7.292412   -3.657741     8  1565  1567  1570  1571
  1567  C     -0.480987    5.854412   -4.088741     9  1566  1568  1582
  1568  O     -1.235987    5.282412   -4.863741    11  1567
  1569  HN    -1.752691    8.398430   -5.200554    10  1565
  1570  H      0.051695    7.632716   -2.988198    12  1566
  1571  C     -2.029987    7.339412   -2.817741   175  1566  1572  1575  1576
  1572  C     -1.814987    6.861412   -1.386741   177  1571  1573  1577  1578
  1573  S     -3.337987    6.374412   -0.576741   179  1572  1574
  1574  C     -4.237987    7.955412   -0.592741   180  1573  1579  1580  1581
  1575  H     -2.784463    6.711857   -3.314672   176  1571
  1576  H     -2.396070    8.376708   -2.816912   176  1571
  1577  H     -1.326817    7.656150   -0.803576   178  1572
  1578  H     -1.111006    6.016189   -1.383800   178  1572
  1579  H     -5.224073    7.835932   -0.120133   181  1574
  1580  H     -4.381567    8.300283   -1.627366   181  1574
  1581  H     -3.672022    8.720255   -0.040746   181  1574
  1582  N      0.601013    5.271412   -3.579741     7  1567  1583  1586
  1583  CA     0.948013    3.897412   -3.928741     8  1582  1584  1587  1588
  1584  C     -0.097987    2.935412   -3.368741     9  1583  1585  1598
  1585  O     -0.522987    2.005412   -4.059741    11  1584
  1586  HN     1.083777    5.718878   -2.813704    10  1582
  1587  H      0.991245    3.796302   -5.023231    12  1583
  1588  C      2.356013    3.517412   -3.404741    15  1583  1589  1590  1591
  1589  C      2.702013    2.082412   -3.800741    17  1588  1592  1593  1594
  1590  C      3.400013    4.484412   -3.967741    17  1588  1595  1596  1597
  1591  H      2.315716    3.570612   -2.306767    16  1588
  1592  H      3.698993    1.791496   -3.438250    18  1589
  1593  H      2.701073    1.952339   -4.893023    18  1589
  1594  H      1.980997    1.362765   -3.385717    18  1589
  1595  H      4.411912    4.239524   -3.612649    18  1590
  1596  H      3.192139    5.522841   -3.670331    18  1590
  1597  H      3.424725    4.458484   -5.067158    18  1590
  1598  N     -0.541987    3.190412   -2.135741     7  1584  1599  1602
  1599  CA    -1.544987    2.344412   -1.490741     8  1598  1600  1603  1604
  1600  C     -2.780987    2.224412   -2.395741     9  1599  1601  1612
  1601  O     -3.253987    1.120412   -2.685741    11  1600
  1602  HN    -0.252062    4.042421   -1.677348    10  1598
  1603  H     -1.122204    1.344731   -1.312155    12  1599
  1604  C     -1.974987    2.919412   -0.128741   147  1599  1605  1608  1609
  1605  C     -0.802987    3.395412    0.723259   149  1604  1606  1607
  1606  O      0.086013    4.104412    0.247259   150  1605
  1607  N     -0.820987    3.037412    2.001259   151  1605  1610  1611
  1608  H     -2.536153    2.138820    0.405832   148  1604
  1609  H     -2.666510    3.753857   -0.317149   148  1604
  1610  HN    -1.576791    2.480175    2.373210   152  1607
  1611  HN    -0.074476    3.319905    2.620144   152  1607
  1612  N     -3.259987    3.363412   -2.881741     7  1600  1613  1616
  1613  CA    -4.440987    3.395412   -3.746741     8  1612  1614  1617  1618
  1614  C     -4.232987    2.713412   -5.097741     9  1613  1615  1627
  1615  O     -5.097987    1.970412   -5.555741    11  1614
  1616  HN    -2.745310    4.217993   -2.723947    10  1612
  1617  H     -5.290028    2.928127   -3.226381    12  1613
  1618  C     -4.901987    4.841412   -3.967741   153  1613  1619  1623  1624
  1619  C     -6.236987    4.970412   -4.715741   155  1618  1620  1625  1626
  1620  C     -6.616987    6.417412   -5.022741   157  1619  1621  1622
  1621  O     -7.751987    6.647412   -5.495741   158  1620
  1622  O     -5.786987    7.327412   -4.794741   158  1620
  1623  H     -4.109361    5.368446   -4.519084   154  1618
  1624  H     -4.973633    5.327581   -2.983614   154  1618
  1625  H     -7.035929    4.498365   -4.125094   156  1619
  1626  H     -6.189734    4.396436   -5.652928   156  1619
  1627  N     -3.088987    2.968412   -5.733741     7  1614  1628  1631
  1628  CA    -2.800987    2.381412   -7.040741     8  1627  1629  1632  1633
  1629  C     -2.731987    0.859412   -7.013741     9  1628  1630  1637
  1630  O     -3.194987    0.200412   -7.943741    11  1629
  1631  HN    -2.351429    3.450767   -5.240342    10  1627
  1632  H     -3.565818    2.701537   -7.763619    12  1628
  1633  C     -1.514987    2.969412   -7.628741    13  1628  1634  1635  1636
  1634  H     -1.307263    2.521424   -8.611674    14  1633
  1635  H     -0.664614    2.766411   -6.961166    14  1633
  1636  H     -1.616217    4.057912   -7.750893    14  1633
  1637  N     -2.181987    0.308412   -5.931741     7  1629  1638  1641
  1638  CA    -2.046987   -1.140588   -5.777741     8  1637  1639  1642  1643
  1639  C     -3.417987   -1.788588   -5.737741     9  1638  1640  1656
  1640  O     -3.681987   -2.757588   -6.448741    11  1639
  1641  HN    -1.847267    0.911067   -5.193588    10  1637
  1642  H     -1.472913   -1.547785   -6.623099    12  1638
  1643  C     -1.283987   -1.469588   -4.490741    19  1638  1644  1647  1648
  1644  C      0.244013   -1.463588   -4.526741    21  1643  1645  1646  1649
  1645  C      0.796013   -1.412588   -3.104741    23  1644  1650  1651  1652
  1646  C      0.738013   -2.705588   -5.246741    23  1644  1653  1654  1655
  1647  H     -1.647787   -2.439440   -4.120556    20  1643
  1648  H     -1.644383   -0.793148   -3.701727    20  1643
  1649  H      0.549841   -0.544022   -5.047191    22  1644
  1650  H      1.895974   -1.407134   -3.097307    24  1645
  1651  H      0.469901   -2.280227   -2.512412    24  1645
  1652  H      0.461530   -0.509809   -2.572658    24  1645
  1653  H      1.836599   -2.736870   -5.292894    24  1646
  1654  H      0.366508   -2.748655   -6.281211    24  1646
  1655  H      0.406208   -3.625029   -4.742228    24  1646
  1656  N     -4.288987   -1.228588   -4.905741     7  1639  1657  1660
  1657  CA    -5.653987   -1.714588   -4.757741     8  1656  1658  1661  1662
  1658  C     -6.443987   -1.530588   -6.068741     9  1657  1659  1672
  1659  O     -7.215987   -2.405588   -6.465741    11  1658
  1660  HN    -3.993388   -0.435451   -4.354693    10  1656
  1661  H     -5.636855   -2.780319   -4.485853    12  1657
  1662  C     -6.368987   -0.969588   -3.608741    15  1657  1663  1664  1665
  1663  C     -7.819987   -1.407588   -3.513741    17  1662  1666  1667  1668
  1664  C     -5.648987   -1.244588   -2.285741    17  1662  1669  1670  1671
  1665  H     -6.349074    0.101511   -3.858441    16  1662
  1666  H     -8.347442   -0.887822   -2.700332    18  1663
  1667  H     -7.905283   -2.487139   -3.320622    18  1663
  1668  H     -8.367939   -1.198174   -4.444276    18  1663
  1669  H     -6.134583   -0.727097   -1.445265    18  1664
  1670  H     -4.602590   -0.906777   -2.316351    18  1664
  1671  H     -5.638534   -2.318077   -2.045926    18  1664
  1672  N     -6.247987   -0.399588   -6.737741     7  1658  1673  1676
  1673  CA    -6.946987   -0.134588   -7.991741     8  1672  1674  1677  1678
  1674  C     -6.511987   -1.115588   -9.090741     9  1673  1675  1696
  1675  O     -7.294987   -1.454588   -9.976741    11  1674
  1676  HN    -5.487681    0.206072   -6.463496    10  1672
  1677  H     -8.032061   -0.219412   -7.832309    12  1673
  1678  C     -6.716987    1.315412   -8.439741   202  1673  1679  1685  1686
  1679  C     -7.371987    1.678412   -9.779741   204  1678  1680  1687  1688
  1680  C     -8.901987    1.737412   -9.698741   206  1679  1681  1689  1690
  1681  N     -9.504987    2.000412  -11.009741   208  1680  1682  1691
  1682  C     -9.682987    1.086412  -11.961741   210  1681  1683  1684
  1683  N     -9.314987   -0.172588  -11.767741   211  1682  1692  1693
  1684  N    -10.209987    1.439412  -13.127741   211  1682  1694  1695
  1685  H     -5.631392    1.484475   -8.493601   203  1678
  1686  H     -7.092068    1.978080   -7.645899   203  1678
  1687  H     -7.072725    0.946909  -10.544820   205  1679
  1688  H     -6.985012    2.647798  -10.126931   205  1679
  1689  H     -9.202169    2.524946   -8.991860   207  1680
  1690  H     -9.285674    0.785750   -9.302352   207  1680
  1691  HN    -9.803623    2.947580  -11.193558   209  1681
  1692  HN    -8.891836   -0.487724  -10.906502   212  1683
  1693  HN    -9.463121   -0.842538  -12.508904   212  1683
  1694  HN   -10.488587    2.388435  -13.332283   212  1684
  1695  HN   -10.337560    0.732702  -13.837942   212  1684
  1696  N     -5.273987   -1.596588   -8.998741     7  1674  1697  1700
  1697  CA    -4.728987   -2.535588   -9.974741     8  1696  1698  1701  1702
  1698  C     -5.095987   -3.977588   -9.633741     9  1697  1699  1713
  1699  O     -4.756987   -4.908588  -10.370741    11  1698
  1700  HN    -4.692122   -1.301877   -8.227587    10  1696
  1701  H     -5.110011   -2.286717  -10.976182    12  1697
  1702  C     -3.205987   -2.390588  -10.041741   167  1697  1703  1707  1708
  1703  C     -2.571987   -2.892588  -11.334741   169  1702  1704  1709  1710
  1704  C     -2.736987   -1.930588  -12.507741   171  1703  1705  1706
  1705  O     -2.424987   -2.272588  -13.642741   172  1704
  1706  N     -3.206987   -0.720588  -12.230741   173  1704  1711  1712
  1707  H     -2.777352   -2.924231   -9.180639   168  1702
  1708  H     -2.960402   -1.329193   -9.889659   168  1702
  1709  H     -3.001170   -3.870424  -11.598632   170  1703
  1710  H     -1.502427   -3.087793  -11.167602   170  1703
  1711  HN    -3.441314   -0.459465  -11.283637   174  1706
  1712  HN    -3.336451   -0.043019  -12.968467   174  1706
  1713  N     -5.800987   -4.161588   -8.522741     1  1698  1714  1717
  1714  CA    -6.183987   -5.498588   -8.115741     2  1713  1715  1718  1719
  1715  C     -4.981987   -6.286588   -7.638741     3  1714  1716  1720
  1716  O     -4.966987   -7.512588   -7.713741     5  1715
  1717  HN    -6.262960   -3.369591   -8.099159     4  1713
  1718  H     -6.927380   -5.437499   -7.307264     6  1714
  1719  H     -6.652340   -6.020405   -8.963297     6  1714
  1720  N     -3.955987   -5.573588   -7.180741     7  1715  1721  1724
  1721  CA    -2.741987   -6.210588   -6.680741     8  1720  1722  1725  1726
  1722  C     -2.661987   -6.167588   -5.151741     9  1721  1723  1739
  1723  O     -1.660987   -6.571588   -4.564741    11  1722
  1724  HN    -4.057271   -4.572873   -7.089031    10  1720
  1725  H     -2.709134   -7.256159   -7.020890    12  1721
  1726  C     -1.503987   -5.564588   -7.308741    19  1721  1727  1730  1731
  1727  C     -1.364987   -5.785588   -8.820741    21  1726  1728  1729  1732
  1728  C     -0.148987   -5.035588   -9.353741    23  1727  1733  1734  1735
  1729  C     -1.235987   -7.274588   -9.126741    23  1727  1736  1737  1738
  1730  H     -0.617526   -5.956075   -6.788237    20  1726
  1731  H     -1.535493   -4.487575   -7.087268    20  1726
  1732  H     -2.263956   -5.361332   -9.291763    22  1727
  1733  H     -0.027939   -5.178830  -10.437636    24  1728
  1734  H      0.779905   -5.377120   -8.873620    24  1728
  1735  H     -0.230185   -3.953317   -9.174588    24  1728
  1736  H     -1.134881   -7.458820  -10.206480    24  1729
  1737  H     -2.115836   -7.836818   -8.780674    24  1729
  1738  H     -0.354522   -7.713807   -8.636735    24  1729
  1739  N     -3.733987   -5.693588   -4.520741     7  1722  1740  1743
  1740  CA    -3.826987   -5.605588   -3.066741     8  1739  1741  1744  1745
  1741  C     -5.283987   -5.467588   -2.645741     9  1740  1742  1749
  1742  O     -6.101987   -4.909588   -3.379741    11  1741
  1743  HN    -4.519131   -5.380428   -5.073533    10  1739
  1744  H     -3.398853   -6.512991   -2.615830    12  1740
  1745  C     -3.024987   -4.401588   -2.545741    13  1740  1746  1747  1748
  1746  H     -3.099305   -4.341199   -1.449917    14  1745
  1747  H     -3.416043   -3.468857   -2.978278    14  1745
  1748  H     -1.965274   -4.502457   -2.822929    14  1745
  1749  N     -5.608987   -6.021588   -1.493741     7  1741  1750  1753
  1750  CA    -6.940987   -5.887588   -0.928741     8  1749  1751  1754  1755
  1751  C     -6.942987   -4.884588    0.215259     9  1750  1752  1771
  1752  O     -5.854987   -4.613588    0.751259    11  1751
  1753  HN    -4.891774   -6.483127   -0.952735    10  1749
  1754  H     -7.639586   -5.554434   -1.710385    12  1750
  1755  C     -7.458987   -7.249588   -0.472741   182  1750  1756  1760  1761
  1756  C     -7.577987   -8.268588   -1.594741   184  1755  1757  1762  1763
  1757  C     -8.303987   -9.519588   -1.131741   186  1756  1758  1764  1765
  1758  C     -8.414987  -10.539588   -2.253741   188  1757  1759  1766  1767
  1759  N     -9.129987  -11.769588   -1.817741   190  1758  1768  1769  1770
  1760  H     -8.439324   -7.096745    0.002210   183  1755
  1761  H     -6.780122   -7.625820    0.306740   183  1755
  1762  H     -6.573835   -8.538431   -1.953717   185  1756
  1763  H     -8.120149   -7.821374   -2.440944   185  1756
  1764  H     -9.310615   -9.250646   -0.779080   187  1757
  1765  H     -7.763973   -9.964624   -0.283020   187  1757
  1766  H     -7.418786  -10.847234   -2.604366   189  1758
  1767  H     -8.969580  -10.124327   -3.108133   189  1758
  1768  HN    -9.193252  -12.451019   -2.600843   191  1759
  1769  HN   -10.094366  -11.538539   -1.504388   191  1759
  1770  HN    -8.627363  -12.222386   -1.027840   191  1759
  1771  N     -8.061987   -4.290588    0.526259     7  1751  1772  1775
  1772  CA    -8.110987   -3.346588    1.634259     8  1771  1773  1776  1777
  1773  C     -8.080987   -4.213588    2.894259     9  1772  1774  1787
  1774  O     -8.807987   -5.201588    2.984259    11  1773
  1775  HN    -8.927892   -4.649545    0.150150    10  1771
  1776  H     -7.218337   -2.704290    1.609165    12  1772
  1777  C     -9.395987   -2.501588    1.611259    15  1772  1778  1779  1780
  1778  C     -9.442987   -1.598588    2.835259    17  1777  1781  1782  1783
  1779  C     -9.441987   -1.658588    0.342259    17  1777  1784  1785  1786
  1780  H    -10.242420   -3.201810    1.668191    16  1777
  1781  H    -10.352580   -0.980131    2.847518    18  1778
  1782  H     -8.582453   -0.914127    2.866794    18  1778
  1783  H     -9.431447   -2.180654    3.768568    18  1778
  1784  H    -10.352102   -1.042346    0.298256    18  1779
  1785  H     -9.428515   -2.285837   -0.561277    18  1779
  1786  H     -8.582007   -0.975688    0.278373    18  1779
  1787  N     -7.208987   -3.875588    3.839259     7  1773  1788  1791
  1788  CA    -7.091987   -4.660588    5.064259     8  1787  1789  1792  1793
  1789  C     -6.353987   -3.934588    6.179259     9  1788  1790  1797
  1790  O     -5.725987   -2.903588    5.952259    11  1789
  1791  HN    -6.763778   -2.970162    3.793502    10  1787
  1792  H     -8.094773   -4.947460    5.413722    12  1788
  1793  C     -6.393987   -5.987588    4.762259    13  1788  1794  1795  1796
  1794  H     -6.301642   -6.585827    5.680727    14  1793
  1795  H     -5.387743   -5.803994    4.357579    14  1793
  1796  H     -6.972560   -6.561571    4.023478    14  1793
  1797  N     -6.437987   -4.497588    7.384259     7  1789  1798  1801
  1798  CA    -5.778987   -3.957588    8.577259     8  1797  1799  1802  1803
  1799  C     -6.184987   -2.536588    8.978259     9  1798  1800  1818
  1800  O     -5.365987   -1.618588    8.916259    11  1799
  1801  HN    -6.984808   -5.341261    7.480708    10  1797
  1802  H     -5.940115   -4.638769    9.425805    12  1798
  1803  C     -4.247987   -4.013588    8.431259    70  1798  1804  1811  1812
  1804  C     -3.643987   -5.399588    8.320259    72  1803  1805  1806
  1805  C     -3.968987   -6.406588    9.232259    73  1804  1807  1813
  1806  C     -2.729987   -5.699588    7.310259    73  1804  1808  1814
  1807  C     -3.396987   -7.677588    9.140259    75  1805  1809  1815
  1808  C     -2.153987   -6.964588    7.209259    75  1806  1809  1816
  1809  C     -2.491987   -7.947588    8.127259    77  1807  1808  1810
  1810  OH    -1.935987   -9.200588    8.022259    78  1809  1817
  1811  H     -3.807127   -3.478355    9.285173    71  1803
  1812  H     -3.969703   -3.410589    7.554361    71  1803
  1813  H     -4.668846   -6.202794   10.042670    74  1805
  1814  H     -2.442842   -4.933571    6.589936    74  1806
  1815  H     -3.664377   -8.449136    9.862282    76  1807
  1816  H     -1.441910   -7.177103    6.411836    76  1808
  1817  HO    -1.342063   -9.201669    7.255347    79  1810
  1818  N     -7.437987   -2.346588    9.385259     7  1799  1819  1822
  1819  CA    -7.889987   -1.024588    9.826259     8  1818  1820  1823  1824
  1820  C     -7.570987   -0.921588   11.320259     9  1819  1821  1834
  1821  O     -8.379987   -1.301588   12.166259    11  1820
  1822  HN    -8.018513   -3.151013    9.574970    10  1818
  1823  H     -7.338366   -0.246334    9.278505    12  1819
  1824  C     -9.402987   -0.828588    9.598259    15  1819  1825  1826  1827
  1825  C     -9.792987    0.617412    9.888259    17  1824  1828  1829  1830
  1826  C     -9.774987   -1.206588    8.171259    17  1824  1831  1832  1833
  1827  H     -9.923420   -1.476026   10.319351    16  1824
  1828  H    -10.868967    0.785487    9.733285    18  1825
  1829  H     -9.255395    1.320585    9.235156    18  1825
  1830  H     -9.565172    0.897675   10.927274    18  1825
  1831  H    -10.851028   -1.074736    7.984843    18  1826
  1832  H     -9.532509   -2.257386    7.954397    18  1826
  1833  H     -9.238271   -0.589277    7.435825    18  1826
  1834  N     -6.384987   -0.404588   11.634259     7  1820  1835  1838
  1835  CA    -5.926987   -0.298588   13.020259     8  1834  1836  1839  1840
  1836  C     -5.575987    1.089412   13.551259     9  1835  1837  1855
  1837  O     -5.315987    2.029412   12.795259    11  1836
  1838  HN    -5.782816   -0.075413   10.893223    10  1834
  1839  H     -6.662690   -0.771680   13.687286    12  1835
  1840  C     -4.679987   -1.164588   13.220259    70  1835  1841  1848  1849
  1841  C     -4.858987   -2.648588   13.032259    72  1840  1842  1843
  1842  C     -4.051987   -3.349588   12.141259    73  1841  1844  1850
  1843  C     -5.791987   -3.364588   13.783259    73  1841  1845  1851
  1844  C     -4.160987   -4.726588   12.002259    75  1842  1846  1852
  1845  C     -5.910987   -4.748588   13.649259    75  1843  1846  1853
  1846  C     -5.088987   -5.421588   12.756259    77  1844  1845  1847
  1847  OH    -5.190987   -6.787588   12.615259    78  1846  1854
  1848  H     -4.282372   -0.957878   14.224835    71  1840
  1849  H     -3.897101   -0.791369   12.543652    71  1840
  1850  H     -3.283630   -2.825047   11.573294    74  1842
  1851  H     -6.407228   -2.850495   14.521694    74  1843
  1852  H     -3.518800   -5.255824   11.298267    76  1844
  1853  H     -6.645103   -5.292563   14.243619    76  1845
  1854  HO    -5.885192   -7.099973   13.216420    79  1847
  1855  N     -5.507987    1.152412   14.881259     7  1836  1856  1859
  1856  CA    -5.131987    2.328412   15.670259     8  1855  1857  1860  1861
  1857  C     -5.647987    3.705412   15.247259     9  1856  1858  1877
  1858  O     -4.940987    4.705412   15.406259    11  1857
  1859  HN    -5.736816    0.311766   15.392192    10  1855
  1860  H     -5.376189    2.153970   16.728529    12  1856
  1861  C     -3.602987    2.389412   15.798259   182  1856  1862  1866  1867
  1862  C     -2.884987    1.041412   15.686259   184  1861  1863  1868  1869
  1863  C     -3.350987    0.031412   16.729259   186  1862  1864  1870  1871
  1864  C     -2.667987   -1.312588   16.517259   188  1863  1865  1872  1873
  1865  N     -3.190987   -2.361588   17.436259   190  1864  1874  1875  1876
  1866  H     -3.362986    2.864679   16.760819   183  1861
  1867  H     -3.226731    3.081052   15.030101   183  1861
  1868  H     -1.799896    1.194256   15.782258   185  1862
  1869  H     -3.038114    0.626385   14.679132   185  1862
  1870  H     -4.441241   -0.095204   16.656352   187  1863
  1871  H     -3.116017    0.407996   17.735725   187  1863
  1872  H     -1.584898   -1.234369   16.692761   189  1864
  1873  H     -2.820859   -1.672609   15.489147   189  1864
  1874  HN    -2.706980   -3.266739   17.268813   191  1865
  1875  HN    -4.210611   -2.501484   17.286608   191  1865
  1876  HN    -3.039036   -2.086073   18.427522   191  1865
  1877  N     -6.877987    3.765412   14.744259     1  1857  1878  1881
  1878  CA    -7.442987    5.036412   14.318259     2  1877  1879  1882  1883
  1879  C     -6.830987    5.600412   13.047259     3  1878  1880  1884
  1880  O     -6.841987    6.813412   12.832259     5  1879
  1881  HN    -7.489424    2.968425   14.849410     4  1877
  1882  H     -8.529786    4.929337   14.186342     6  1878
  1883  H     -7.345892    5.772013   15.130333     6  1878
  1884  N     -6.270987    4.723412   12.219259     7  1879  1885  1888
  1885  CA    -5.658987    5.120412   10.953259     8  1884  1886  1889  1890
  1886  C     -6.572987    4.668412    9.819259     9  1885  1887  1898
  1887  O     -6.287987    3.684412    9.149259    11  1886
  1888  HN    -6.268606    3.746343   12.475055    10  1884
  1889  H     -5.551819    6.214800   10.924467    12  1885
  1890  C     -4.284987    4.454412   10.784259   147  1885  1891  1894  1895
  1891  C     -3.265987    4.944412   11.790259   149  1890  1892  1893
  1892  O     -3.179987    6.138412   12.065259   150  1891
  1893  N     -2.472987    4.024412   12.331259   151  1891  1896  1897
  1894  H     -3.933366    4.659294    9.762307   148  1890
  1895  H     -4.421290    3.367612   10.885686   148  1890
  1896  HN    -2.557318    3.051202   12.074646   152  1893
  1897  HN    -1.772958    4.289973   13.009150   152  1893
  1898  N     -7.652987    5.399412    9.577259     7  1886  1899  1902
  1899  CA    -8.571987    4.994412    8.520259     8  1898  1900  1903  1904
  1900  C     -9.064987    6.118412    7.621259     9  1899  1901  1912
  1901  O    -10.063987    5.959412    6.918259    11  1900
  1902  HN    -7.688378    6.348951    9.919637    10  1898
  1903  H     -8.102992    4.211727    7.905891    12  1899
  1904  C     -9.760987    4.239412    9.129259   147  1899  1905  1908  1909
  1905  C    -10.572987    5.091412   10.093259   149  1904  1906  1907
  1906  O    -10.283987    6.273412   10.309259   150  1905
  1907  N    -11.605987    4.490412   10.674259   151  1905  1910  1911
  1908  H     -9.368224    3.353343    9.649470   148  1904
  1909  H    -10.399966    3.892671    8.303743   148  1904
  1910  HN   -11.823318    3.524425   10.474920   152  1907
  1911  HN   -12.189133    4.995897   11.325815   152  1907
  1912  N     -8.321987    7.220412    7.583259     7  1900  1913  1916
  1913  CA    -8.700987    8.377412    6.773259     8  1912  1914  1917  1918
  1914  C     -9.004987    8.096412    5.301259     9  1913  1915  1926
  1915  O     -9.979987    8.623412    4.761259    11  1914
  1916  HN    -7.433246    7.228540    8.063023    10  1912
  1917  H     -9.561219    8.883487    7.235740    12  1913
  1918  C     -7.651987    9.503412    6.860259    37  1913  1919  1920  1921
  1919  OH    -7.550987    9.956412    8.215259    39  1918  1922
  1920  C     -8.057987   10.679412    5.988259    41  1918  1923  1924  1925
  1921  H     -6.685201    9.065298    6.571501    38  1918
  1922  HO    -6.905063   10.639220    8.227683    40  1919
  1923  H     -7.320286   11.493878    6.037679    42  1920
  1924  H     -9.027125   11.097590    6.297934    42  1920
  1925  H     -8.151188   10.387097    4.931914    42  1920
  1926  N     -8.178987    7.279412    4.651259     7  1914  1927  1930
  1927  CA    -8.389987    6.967412    3.239259     8  1926  1928  1931  1932
  1928  C     -9.058987    5.623412    2.982259     9  1927  1929  1944
  1929  O     -9.041987    5.124412    1.854259    11  1928
  1930  HN    -7.516232    6.730742    5.180236    10  1926
  1931  H     -8.981737    7.767667    2.770833    12  1927
  1932  C     -7.066987    7.053412    2.474259   106  1927  1933  1938  1939
  1933  C     -6.443987    8.413412    2.509259   108  1932  1934  1935
  1934  N     -7.139987    9.557412    2.185259   109  1933  1936  1940
  1935  C     -5.195987    8.815412    2.847259   111  1933  1937  1941
  1936  C     -6.348987   10.606412    2.324259   113  1934  1937  1942
  1937  N     -5.162987   10.183412    2.724259   115  1935  1936  1943
  1938  H     -7.258299    6.753910    1.433251   107  1932
  1939  H     -6.377924    6.312714    2.906183   107  1932
  1940  HN    -8.115435    9.577294    1.887760   110  1934
  1941  H     -4.367277    8.180065    3.159787   112  1935
  1942  H     -6.630314   11.642944    2.138367   114  1936
  1943  HN    -4.350148   10.769565    2.914307   116  1937
  1944  N     -9.673987    5.049412    4.015259     7  1928  1945  1948
  1945  CA   -10.348987    3.759412    3.884259     8  1944  1946  1949  1950
  1946  C    -11.368987    3.731412    2.742259     9  1945  1947  1959
  1947  O    -11.330987    2.842412    1.895259    11  1946
  1948  HN    -9.770252    5.567134    4.877115    10  1944
  1949  H     -9.601224    2.967898    3.728195    12  1945
  1950  C    -11.035987    3.370412    5.196259   153  1945  1951  1955  1956
  1951  C    -11.812987    2.060412    5.117259   155  1950  1952  1957  1958
  1952  C    -12.496987    1.680412    6.423259   157  1951  1953  1954
  1953  O    -12.619987    2.532412    7.326259   158  1952
  1954  O    -12.919987    0.516412    6.539259   158  1952
  1955  H    -11.710517    4.191333    5.481038   154  1950
  1956  H    -10.262735    3.302780    5.975686   154  1950
  1957  H    -11.136320    1.250226    4.807872   156  1951
  1958  H    -12.563179    2.126234    4.315461   156  1951
  1959  N    -12.253987    4.723412    2.709259     7  1946  1960  1963
  1960  CA   -13.284987    4.796412    1.678259     8  1959  1961  1964  1965
  1961  C    -12.711987    4.944412    0.281259     9  1960  1962  1976
  1962  O    -13.186987    4.304412   -0.653741    11  1961
  1963  HN   -12.147473    5.496179    3.350808    10  1959
  1964  H    -13.914021    3.895154    1.723547    12  1960
  1965  C    -14.273987    5.924412    1.975259   167  1960  1966  1970  1971
  1966  C    -15.114987    5.670412    3.220259   169  1965  1967  1972  1973
  1967  C    -15.825987    4.322412    3.183259   171  1966  1968  1969
  1968  O    -16.659987    4.071412    2.309259   172  1967
  1969  N    -15.499987    3.452412    4.135259   173  1967  1974  1975
  1970  H    -14.926813    6.041460    1.097696   168  1965
  1971  H    -13.699818    6.855308    2.092572   168  1965
  1972  H    -15.857517    6.474245    3.332073   170  1966
  1973  H    -14.474590    5.723386    4.113056   170  1966
  1974  HN   -14.815081    3.686733    4.839600   174  1969
  1975  HN   -15.936363    2.542024    4.164738   174  1969
  1976  N    -11.689987    5.785412    0.147259     7  1961  1977  1980
  1977  CA   -11.034987    5.994412   -1.139741     8  1976  1978  1981  1982
  1978  C    -10.468987    4.657412   -1.627741     9  1977  1979  1995
  1979  O    -10.586987    4.310412   -2.803741    11  1978
  1980  HN   -11.291021    6.206841    0.973893    10  1976
  1981  H    -11.768392    6.370485   -1.868224    12  1977
  1982  C     -9.908987    7.019412   -0.995741    19  1977  1983  1986  1987
  1983  C     -9.064987    7.314412   -2.241741    21  1982  1984  1985  1988
  1984  C     -9.901987    8.051412   -3.281741    23  1983  1989  1990  1991
  1985  C     -7.858987    8.153412   -1.846741    23  1983  1992  1993  1994
  1986  H     -9.259438    6.694292   -0.169676    20  1982
  1987  H    -10.347423    7.951211   -0.609057    20  1982
  1988  H     -8.766996    6.344025   -2.665476    22  1983
  1989  H     -9.318213    8.275032   -4.186839    24  1984
  1990  H    -10.280514    9.008203   -2.892808    24  1984
  1991  H    -10.774027    7.458130   -3.594089    24  1984
  1992  H     -7.226190    8.387127   -2.715617    24  1985
  1993  H     -7.226334    7.632737   -1.112815    24  1985
  1994  H     -8.161410    9.110338   -1.396372    24  1985
  1995  N     -9.876987    3.898412   -0.708741     7  1978  1996  1999
  1996  CA    -9.311987    2.600412   -1.048741     8  1995  1997  2000  2001
  1997  C    -10.402987    1.565412   -1.316741     9  1996  1998  2014
  1998  O    -10.236987    0.690412   -2.163741    11  1997
  1999  HN    -9.947421    4.162269    0.263637    10  1995
  2000  H     -8.673404    2.699689   -1.938885    12  1996
  2001  C     -8.375987    2.115412    0.060259    19  1996  2002  2005  2006
  2002  C     -7.105987    2.943412    0.260259    21  2001  2003  2004  2007
  2003  C     -6.311987    2.396412    1.432259    23  2002  2008  2009  2010
  2004  C     -6.270987    2.912412   -0.989741    23  2002  2011  2012  2013
  2005  H     -8.113059    1.068784   -0.152906    20  2001
  2006  H     -8.952074    2.078021    0.996595    20  2001
  2007  H     -7.424849    3.966413    0.508847    22  2002
  2008  H     -5.390488    2.972822    1.601350    24  2003
  2009  H     -6.016676    1.349605    1.267983    24  2003
  2010  H     -6.893230    2.428957    2.365585    24  2003
  2011  H     -5.348698    3.500877   -0.875323    24  2004
  2012  H     -6.816449    3.324715   -1.851412    24  2004
  2013  H     -5.973169    1.886597   -1.252435    24  2004
  2014  N    -11.512987    1.656412   -0.587741     7  1997  2015  2018
  2015  CA   -12.627987    0.725412   -0.787741     8  2014  2016  2019  2020
  2016  C    -13.207987    0.891412   -2.191741     9  2015  2017  2038
  2017  O    -13.594987   -0.084588   -2.837741    11  2016
  2018  HN   -11.654966    2.473935   -0.011895    10  2014
  2019  H    -12.272065   -0.307197   -0.657213    12  2015
  2020  C    -13.720987    0.962412    0.257259   202  2015  2021  2027  2028
  2021  C    -13.945987   -0.218588    1.174259   204  2020  2022  2029  2030
  2022  C    -12.643987   -0.631588    1.807259   206  2021  2023  2031  2032
  2023  N    -12.756987   -1.823588    2.644259   208  2022  2024  2033
  2024  C    -13.306987   -1.840588    3.851259   210  2023  2025  2026
  2025  N    -13.814987   -0.728588    4.369259   211  2024  2034  2035
  2026  N    -13.296987   -2.957588    4.564259   211  2024  2036  2037
  2027  H    -14.651350    1.207179   -0.276139   203  2020
  2028  H    -13.439381    1.847748    0.846222   203  2020
  2029  H    -14.356166   -1.059598    0.595938   205  2021
  2030  H    -14.664664    0.058098    1.959719   205  2021
  2031  H    -12.246349    0.201137    2.405969   207  2022
  2032  H    -11.892552   -0.803781    1.022597   207  2022
  2033  HN   -12.388822   -2.686179    2.269438   209  2023
  2034  HN   -13.803618    0.153595    3.877605   212  2025
  2035  HN   -14.228692   -0.765467    5.289904   212  2025
  2036  HN   -12.882135   -3.813902    4.225549   212  2026
  2037  HN   -13.720103   -2.953247    5.481349   212  2026
  2038  N    -13.256987    2.133412   -2.655741     7  2016  2039  2042
  2039  CA   -13.775987    2.440412   -3.986741     8  2038  2040  2043  2044
  2040  C    -12.855987    1.875412   -5.071741     9  2039  2041  2060
  2041  O    -13.327987    1.341412   -6.072741    11  2040
  2042  HN   -12.873205    2.880961   -2.095400    10  2038
  2043  H    -14.781886    2.009148   -4.097093    12  2039
  2044  C    -13.936987    3.953412   -4.154741   182  2039  2045  2049  2050
  2045  C    -15.009987    4.564412   -3.260741   184  2044  2046  2051  2052
  2046  C    -15.092987    6.078412   -3.450741   186  2045  2047  2053  2054
  2047  C    -16.066987    6.738412   -2.473741   188  2046  2048  2055  2056
  2048  N    -17.470987    6.274412   -2.652741   190  2047  2057  2058  2059
  2049  H    -14.168811    4.153498   -5.211256   183  2044
  2050  H    -12.963481    4.422015   -3.948107   183  2044
  2051  H    -14.783563    4.338285   -2.208316   185  2045
  2052  H    -15.984571    4.111035   -3.494482   185  2045
  2053  H    -15.399912    6.302660   -4.482976   187  2046
  2054  H    -14.092961    6.519443   -3.326484   187  2046
  2055  H    -16.065566    7.831537   -2.596522   189  2047
  2056  H    -15.782560    6.526171   -1.432561   189  2047
  2057  HN   -18.099923    6.745512   -1.971489   191  2048
  2058  HN   -17.536729    5.247093   -2.504776   191  2048
  2059  HN   -17.806249    6.490252   -3.613268   191  2048
  2060  N    -11.544987    1.971412   -4.856741     7  2040  2061  2064
  2061  CA   -10.576987    1.452412   -5.818741     8  2060  2062  2065  2066
  2062  C    -10.692987   -0.070588   -5.891741     9  2061  2063  2070
  2063  O    -10.631987   -0.655588   -6.969741    11  2062
  2064  HN   -11.218496    2.283244   -3.953267    10  2060
  2065  H    -10.777443    1.883889   -6.810530    12  2061
  2066  C     -9.156987    1.869412   -5.429741    13  2061  2067  2068  2069
  2067  H     -8.432573    1.475643   -6.157868    14  2066
  2068  H     -8.905346    1.476922   -4.433434    14  2066
  2069  H     -9.075642    2.966190   -5.408253    14  2066
  2070  N    -10.906987   -0.704588   -4.741741     7  2062  2071  2074
  2071  CA   -11.045987   -2.152588   -4.683741     8  2070  2072  2075  2076
  2072  C    -12.283987   -2.637588   -5.445741     9  2071  2073  2085
  2073  O    -12.223987   -3.627588   -6.177741    11  2072
  2074  HN   -11.087681   -0.161607   -3.909502    10  2070
  2075  H    -10.146664   -2.624989   -5.105707    12  2071
  2076  C    -11.120987   -2.614588   -3.227741   153  2071  2077  2081  2082
  2077  C    -11.047987   -4.119588   -3.059741   155  2076  2078  2083  2084
  2078  C    -11.172987   -4.542588   -1.611741   157  2077  2079  2080
  2079  O    -12.222987   -4.260588   -0.996741   158  2078
  2080  O    -10.217987   -5.149588   -1.088741   158  2078
  2081  H    -12.060000   -2.233391   -2.800022   154  2076
  2082  H    -10.298238   -2.134296   -2.677828   154  2076
  2083  H    -10.096299   -4.489049   -3.469360   156  2077
  2084  H    -11.844973   -4.594146   -3.651018   156  2077
  2085  N    -13.397987   -1.937588   -5.253741     7  2072  2086  2089
  2086  CA   -14.658987   -2.265588   -5.911741     8  2085  2087  2090  2091
  2087  C    -14.512987   -2.186588   -7.428741     9  2086  2088  2095
  2088  O    -15.042987   -3.029588   -8.159741    11  2087
  2089  HN   -13.370548   -1.146253   -4.626736    10  2085
  2090  H    -14.969411   -3.281211   -5.625128    12  2086
  2091  C    -15.754987   -1.318588   -5.441741    13  2086  2092  2093  2094
  2092  H    -16.706531   -1.563666   -5.936211    14  2091
  2093  H    -15.488477   -0.279195   -5.683885    14  2091
  2094  H    -15.890069   -1.404281   -4.353435    14  2091
  2095  N    -13.788987   -1.173588   -7.894741     7  2087  2096  2099
  2096  CA   -13.565987   -0.987588   -9.322741     8  2095  2097  2100  2101
  2097  C    -12.677987   -2.100588   -9.884741     9  2096  2098  2112
  2098  O    -12.967987   -2.656588  -10.944741    11  2097
  2099  HN   -13.293913   -0.584036   -7.240959    10  2095
  2100  H    -14.532257   -0.988089   -9.848404    12  2096
  2101  C    -12.949987    0.387412   -9.601741   167  2096  2102  2106  2107
  2102  C    -12.938987    0.765412  -11.087741   169  2101  2103  2108  2109
  2103  C    -14.331987    0.785412  -11.703741   171  2102  2104  2105
  2104  O    -15.289987    1.251412  -11.085741   172  2103
  2105  N    -14.446987    0.287412  -12.930741   173  2103  2110  2111
  2106  H    -11.923378    0.384419   -9.206690   168  2101
  2107  H    -13.517239    1.134806   -9.027609   168  2101
  2108  H    -12.302715    0.059375  -11.641519   170  2102
  2109  H    -12.468247    1.751771  -11.212243   170  2102
  2110  HN   -13.643154   -0.082124  -13.417973   174  2105
  2111  HN   -15.345055    0.272789  -13.392649   174  2105
  2112  N    -11.609987   -2.438588   -9.161741     7  2097  2113  2116
  2113  CA   -10.705987   -3.503588   -9.591741     8  2112  2114  2117  2118
  2114  C    -11.442987   -4.843588   -9.625741     9  2113  2115  2122
  2115  O    -11.194987   -5.676588  -10.500741    11  2114
  2116  HN   -11.500905   -2.047349   -8.237007    10  2112
  2117  H    -10.317343   -3.272733  -10.594568    12  2113
  2118  C     -9.504987   -3.590588   -8.656741    13  2113  2119  2120  2121
  2119  H     -8.826863   -4.392851   -8.983119    14  2118
  2120  H     -9.837456   -3.804814   -7.630305    14  2118
  2121  H     -8.952975   -2.639125   -8.657949    14  2118
  2122  N    -12.337987   -5.043588   -8.654741     7  2114  2123  2126
  2123  CA   -13.123987   -6.264588   -8.577741     8  2122  2124  2127  2128
  2124  C    -14.116987   -6.352588   -9.728741     9  2123  2125  2144
  2125  O    -14.288987   -7.398588  -10.337741    11  2124
  2126  HN   -12.533367   -4.293798   -8.006866    10  2122
  2127  H    -12.452776   -7.135658   -8.604452    12  2123
  2128  C    -13.849987   -6.348588   -7.234741   182  2123  2129  2133  2134
  2129  C    -14.696987   -7.597588   -7.063741   184  2128  2130  2135  2136
  2130  C    -15.386987   -7.613588   -5.709741   186  2129  2131  2137  2138
  2131  C    -16.224987   -8.869588   -5.533741   188  2130  2132  2139  2140
  2132  N    -16.890987   -8.909588   -4.202741   190  2131  2141  2142  2143
  2133  H    -14.478091   -5.451268   -7.133246   183  2128
  2134  H    -13.093806   -6.294781   -6.437687   183  2128
  2135  H    -14.060370   -8.489252   -7.161997   185  2129
  2136  H    -15.452967   -7.640661   -7.861638   185  2129
  2137  H    -16.030554   -6.726536   -5.615082   187  2130
  2138  H    -14.631450   -7.561488   -4.911963   187  2130
  2139  H    -15.601236   -9.772022   -5.614662   189  2131
  2140  H    -17.015414   -8.924072   -6.296799   189  2131
  2141  HN   -17.457724   -9.776102   -4.104950   191  2132
  2142  HN   -17.520580   -8.090124   -4.085733   191  2132
  2143  HN   -16.183420   -8.891894   -3.440746   191  2132
  2144  N    -14.730987   -5.199588  -10.026741     7  2124  2145  2148
  2145  CA   -15.672987   -5.063588  -11.126741     8  2144  2146  2149  2150
  2146  C    -15.007987   -5.368588  -12.461741     9  2145  2147  2166
  2147  O    -15.587987   -5.981588  -13.339741    11  2146
  2148  HN   -14.530425   -4.387091   -9.461300    10  2144
  2149  H    -16.518929   -5.749626  -10.972682    12  2145
  2150  C    -16.280987   -3.661588  -11.136741   182  2145  2151  2155  2156
  2151  C    -17.282987   -3.427588  -12.254741   184  2150  2152  2157  2158
  2152  C    -17.845987   -2.016588  -12.203741   186  2151  2153  2159  2160
  2153  C    -18.856987   -1.786588  -13.313741   188  2152  2154  2161  2162
  2154  N    -19.432987   -0.414588  -13.264741   190  2153  2163  2164  2165
  2155  H    -15.457304   -2.936397  -11.211867   183  2150
  2156  H    -16.760147   -3.493900  -10.160889   183  2150
  2157  H    -18.104565   -4.154046  -12.169488   185  2151
  2158  H    -16.794417   -3.593089  -13.226291   185  2151
  2159  H    -17.025370   -1.290181  -12.298192   187  2152
  2160  H    -18.326486   -1.847993  -11.228705   187  2152
  2161  H    -19.694141   -2.495814  -13.235184   189  2153
  2162  H    -18.389739   -1.910097  -14.301883   189  2153
  2163  HN   -20.121210   -0.280862  -14.032899   191  2154
  2164  HN   -18.683379    0.298998  -13.367131   191  2154
  2165  HN   -19.917102   -0.254982  -12.358232   191  2154
  2166  N    -13.739987   -4.961588  -12.565741     7  2146  2167  2170
  2167  CA   -12.945987   -5.192588  -13.770741     8  2166  2168  2171  2172
  2168  C    -12.248987   -6.547588  -13.770741     9  2167  2169  2181
  2169  O    -11.525987   -6.876588  -14.716741    11  2168
  2170  HN   -13.316281   -4.478610  -11.786443    10  2166
  2171  H    -13.592164   -5.112058  -14.657290    12  2167
  2172  C    -11.898987   -4.096588  -13.922741   153  2167  2173  2177  2178
  2173  C    -12.479987   -2.719588  -14.156741   155  2172  2174  2179  2180
  2174  C    -11.426987   -1.641588  -14.222741   157  2173  2175  2176
  2175  O    -10.218987   -1.959588  -14.213741   158  2174
  2176  O    -11.809987   -0.460588  -14.271741   158  2174
  2177  H    -11.238727   -4.373243  -14.757916   154  2172
  2178  H    -11.278281   -4.093683  -13.014602   154  2172
  2179  H    -13.197824   -2.483251  -13.357457   156  2173
  2180  H    -13.063217   -2.720772  -15.089394   156  2173
  2181  N    -12.429987   -7.319588  -12.699741     7  2168  2182  2185
  2182  CA   -11.841987   -8.640588  -12.556741     8  2181  2183  2186  2187
  2183  C    -10.333987   -8.584588  -12.753741     9  2182  2184  2203
  2184  O     -9.734987   -9.473588  -13.385741    11  2183
  2185  HN   -13.005953   -6.968125  -11.948184    10  2181
  2186  H    -12.067032   -9.036237  -11.555334    12  2182
  2187  C    -12.492987   -9.614588  -13.536741   182  2182  2188  2192  2193
  2188  C    -13.987987   -9.793588  -13.322741   184  2187  2189  2194  2195
  2189  C    -14.535987  -10.930588  -14.165741   186  2188  2190  2196  2197
  2190  C    -16.031987  -11.101588  -13.956741   188  2189  2191  2198  2199
  2191  N    -16.583987  -12.217588  -14.772741   190  2190  2200  2201  2202
  2192  H    -11.980620  -10.583280  -13.441270   183  2187
  2193  H    -12.300003   -9.248346  -14.555870   183  2187
  2194  H    -14.510174   -8.860448  -13.580753   185  2188
  2195  H    -14.185048   -9.996578  -12.259744   185  2188
  2196  H    -14.019218  -11.865203  -13.902217   187  2189
  2197  H    -14.334227  -10.730157  -15.228342   187  2189
  2198  H    -16.574938  -10.188347  -14.241691   189  2190
  2199  H    -16.258209  -11.323553  -12.903387   189  2190
  2200  HN   -17.607035  -12.314387  -14.612731   191  2191
  2201  HN   -16.125208  -13.115800  -14.519093   191  2191
  2202  HN   -16.424883  -12.041716  -15.785339   191  2191
  2203  N     -9.708987   -7.555588  -12.198741     7  2183  2204  2207
  2204  CA    -8.270987   -7.361588  -12.307741     8  2203  2205  2208  2209
  2205  C     -7.463987   -8.230588  -11.362741     9  2204  2206  2222
  2206  O     -7.746987   -8.289588  -10.164741    11  2205
  2207  HN   -10.252002   -6.880096  -11.680141    10  2203
  2208  H     -7.952355   -7.551160  -13.343374    12  2204
  2209  C     -7.894987   -5.901588  -12.044741    19  2204  2210  2213  2214
  2210  C     -8.250987   -4.837588  -13.074741    21  2209  2211  2212  2215
  2211  C     -7.490987   -3.563588  -12.724741    23  2210  2216  2217  2218
  2212  C     -7.874987   -5.306588  -14.471741    23  2210  2219  2220  2221
  2213  H     -6.818358   -5.864537  -11.822262    20  2209
  2214  H     -8.296712   -5.621145  -11.059871    20  2209
  2215  H     -9.327148   -4.635528  -12.969621    22  2210
  2216  H     -7.708217   -2.753886  -13.436916    24  2211
  2217  H     -6.402964   -3.725071  -12.736067    24  2211
  2218  H     -7.756047   -3.196407  -11.722284    24  2211
  2219  H     -8.123723   -4.552277  -15.232757    24  2212
  2220  H     -8.403751   -6.231869  -14.744255    24  2212
  2221  H     -6.797146   -5.510245  -14.554103    24  2212
  2222  N     -6.440987   -8.866588  -11.927741     7  2205  2223  2226
  2223  CA    -5.502987   -9.728588  -11.210741     8  2222  2224  2227  2228
  2224  C     -6.102987  -10.595588  -10.104741     9  2223  2225  2236
  2225  O     -6.727987  -11.612588  -10.396741    11  2224
  2226  HN    -6.302917   -8.745414  -12.920894    10  2222
  2227  H     -4.968821  -10.367668  -11.929242    12  2223
  2228  C     -4.338987   -8.883588  -10.685741   147  2223  2229  2232  2233
  2229  C     -3.602987   -8.160588  -11.797741   149  2228  2230  2231
  2230  O     -3.036987   -8.787588  -12.687741   150  2229
  2231  N     -3.611987   -6.836588  -11.752741   151  2229  2234  2235
  2232  H     -3.649110   -9.553282  -10.151344   148  2228
  2233  H     -4.746168   -8.155557   -9.968681   148  2228
  2234  HN    -4.088839   -6.346096  -11.009687   152  2231
  2235  HN    -3.139180   -6.299274  -12.465375   152  2231
  2236  N     -5.919987  -10.195588   -8.847741     7  2224  2237  2240
  2237  CA    -6.448987  -10.947588   -7.707741     8  2236  2238  2241  2242
  2238  C     -7.919987  -11.315588   -7.883741     9  2237  2239  2255
  2239  O     -8.335987  -12.411588   -7.511741    11  2238
  2240  HN    -5.400095   -9.347037   -8.675192    10  2236
  2241  H     -5.856048  -11.862993   -7.564715    12  2237
  2242  C     -6.285987  -10.153588   -6.380741    25  2237  2243  2244  2246
  2243  C     -4.808987  -10.069588   -5.993741    27  2242  2245  2247  2248
  2244  C     -7.080987  -10.803588   -5.254741    29  2242  2249  2250  2251
  2245  C     -4.551987   -9.240588   -4.746741    31  2243  2252  2253  2254
  2246  H     -6.650195   -9.132997   -6.569808    26  2242
  2247  H     -4.232032   -9.656823   -6.834424    28  2243
  2248  H     -4.409025  -11.084044   -5.849136    28  2243
  2249  H     -6.972794  -10.249684   -4.310556    30  2244
  2250  H     -6.748752  -11.835410   -5.067758    30  2244
  2251  H     -8.155149  -10.843817   -5.488317    30  2244
  2252  H     -3.480837   -9.202644   -4.499361    32  2245
  2253  H     -5.074743   -9.653274   -3.871289    32  2245
  2254  H     -4.894889   -8.202993   -4.872496    32  2245
  2255  N     -8.686987  -10.408588   -8.485741     7  2238  2256  2259
  2256  CA   -10.117987  -10.610588   -8.699741     8  2255  2257  2260  2261
  2257  C    -10.486987  -11.305588  -10.012741     9  2256  2258  2279
  2258  O    -11.671987  -11.452588  -10.322741    11  2257
  2259  HN    -8.263807   -9.549330   -8.806202    10  2255
  2260  H    -10.539630  -11.174541   -7.854653    12  2256
  2261  C    -10.843987   -9.262588   -8.610741    89  2256  2262  2271  2272
  2262  C    -10.473987   -8.470588   -7.393741    91  2261  2263  2264
  2263  C     -9.697987   -7.345588   -7.350741    92  2262  2265  2273
  2264  C    -10.836987   -8.759588   -6.037741    94  2262  2266  2267
  2265  N     -9.552987   -6.917588   -6.052741    95  2263  2266  2274
  2266  C    -10.239987   -7.768588   -5.225741    97  2264  2265  2268
  2267  C    -11.605987   -9.761588   -5.429741    98  2264  2269  2275
  2268  C    -10.388987   -7.748588   -3.834741   100  2266  2270  2276
  2269  C    -11.755987   -9.742588   -4.044741   102  2267  2270  2277
  2270  C    -11.147987   -8.741588   -3.263741   104  2268  2269  2278
  2271  H    -11.926052   -9.460338   -8.616292    90  2261
  2272  H    -10.605927   -8.689743   -9.519133    90  2261
  2273  H     -9.230827   -6.856449   -8.205495    93  2263
  2274  HN    -9.029228   -6.111057   -5.744061    96  2265
  2275  H    -12.083868  -10.544215   -6.018999    99  2267
  2276  H     -9.928998   -6.985193   -3.207255   101  2268
  2277  H    -12.353188  -10.519155   -3.566835   103  2269
  2278  H    -11.275909   -8.742020   -2.181274   105  2270
  2279  N     -9.485987  -11.742588  -10.770741     7  2257  2280  2283
  2280  CA    -9.728987  -12.405588  -12.050741     8  2279  2281  2284  2285
  2281  C    -10.260987  -13.834588  -11.917741     9  2280  2282  2290
  2282  O    -10.170987  -14.417588  -10.810741    11  2281
  2283  HN    -8.546303  -11.720960  -10.401111    10  2279
  2284  H    -10.432348  -11.805950  -12.647162    12  2280
  2285  C     -8.460987  -12.401588  -12.906741    33  2280  2286  2287  2288
  2286  OH    -7.461987  -13.222588  -12.335741    35  2285  2289
  2287  H     -8.085189  -11.371277  -12.991801    34  2285
  2288  H     -8.704272  -12.766922  -13.915375    34  2285
  2289  HO    -6.714322  -13.178352  -12.903756    36  2286
  2290  N    -10.963987  -14.633588  -12.845741     7  2281  2291  2294
  2291  CA   -12.473987  -14.588588  -12.783741     8  2290  2292  2295  2296
  2292  C    -13.968987  -14.917588  -13.212741     9  2291  2293  2305
  2293  O    -14.688987  -14.129588  -12.557741    11  2292
  2294  HN   -10.513741  -15.454085  -13.225430    10  2290
  2295  H    -12.636364  -13.929477  -11.918174    12  2291
  2296  C    -12.315987  -13.739588  -14.065741   153  2291  2297  2301  2302
  2297  C    -13.068987  -14.276588  -15.318741   155  2296  2298  2303  2304
  2298  C    -12.418987  -15.280588  -16.290741   157  2297  2299  2300
  2299  O    -13.230987  -15.972588  -16.938741   158  2298
  2300  O    -11.233987  -15.119588  -16.647741   158  2298
  2301  H    -11.241139  -13.650804  -14.282119   154  2296
  2302  H    -12.648592  -12.716385  -13.836765   154  2296
  2303  H    -13.484834  -13.431716  -15.887303   156  2297
  2304  H    -14.061987  -14.644258  -15.020798   156  2297
  2305  N    -14.659987  -15.633588  -14.195741     7  2292  2306  2309
  2306  CA   -15.769987  -16.666588  -14.283741     8  2305  2307  2310  2311
  2307  C    -17.316987  -16.727588  -13.927741     9  2306  2308  2317
  2308  O    -17.792987  -17.831588  -14.228741    11  2307
  2309  HN   -14.321833  -15.393356  -15.116632    10  2305
  2310  H    -15.553436  -17.369491  -15.101685    12  2306
  2311  C    -15.495987  -18.162588  -14.482741   137  2306  2312  2315  2316
  2312  C    -14.146987  -18.884588  -14.491741   139  2311  2313  2314
  2313  O    -13.078987  -18.246588  -14.320741   140  2312
  2314  O    -14.175987  -20.135588  -14.689741   140  2312
  2315  H    -16.114675  -18.510781  -15.322971   138  2311
  2316  H    -16.218527  -18.722917  -13.871213   138  2311
  2317  N    -18.358987  -15.945588  -13.420741     7  2307  2318  2321
  2318  CA   -19.785987  -15.684588  -13.873741     8  2317  2319  2322  2323
  2319  C    -20.954987  -16.711588  -13.592741     9  2318  2320  2331
  2320  O    -20.757987  -17.420588  -12.610741    11  2319
  2321  HN   -18.111514  -15.450085  -12.576150    10  2317
  2322  H    -20.095274  -14.679177  -13.552043    12  2318
  2323  C    -20.336987  -14.295588  -14.288741   147  2318  2324  2327  2328
  2324  C    -19.888987  -12.885588  -14.672741   149  2323  2325  2326
  2325  O    -20.758987  -12.005588  -14.771741   150  2324
  2326  N    -18.656987  -12.517588  -14.359741   151  2324  2329  2330
  2327  H    -21.434849  -14.360436  -14.310942   148  2323
  2328  H    -21.434849  -14.360436  -14.310942   148  2323
  2329  HN   -18.032292  -13.150760  -13.881253   152  2326
  2330  HN   -18.325282  -11.593646  -14.597234   152  2326
  2331  N    -22.078987  -17.012588  -14.375741     7  2319  2332  2335
  2332  CA   -23.534987  -17.098588  -13.964741     8  2331  2333  2336  2337
  2333  C    -24.522987  -17.838588  -14.926741     9  2332  2334  2341
  2334  O    -24.032987  -18.343588  -15.938741    11  2333
  2335  HN   -21.891603  -17.198131  -15.350708    10  2331
  2336  H    -23.607068  -17.535062  -12.957619    12  2332
  2337  C    -24.234987  -15.734588  -14.185741    13  2332  2338  2339  2340
  2338  H    -25.291876  -15.797290  -13.887320    14  2337
  2339  H    -24.183845  -15.448914  -15.246767    14  2337
  2340  H    -23.744185  -14.954153  -13.585712    14  2337
  2341  N    -25.827987  -18.172588  -14.606741     7  2333  2342  2345
  2342  CA   -27.136987  -17.941588  -15.268741     8  2341  2343  2346  2347
  2343  C    -28.425987  -18.239588  -14.407741     9  2342  2344  2353
  2344  O    -28.278987  -19.125588  -13.556741    11  2343
  2345  HN   -25.906314  -18.681802  -13.738026    10  2341
  2346  H    -27.179455  -16.910088  -15.648483    12  2342
  2347  C    -27.407987  -19.105588  -16.242741   137  2342  2348  2351  2352
  2348  C    -26.672987  -20.402588  -16.559741   139  2347  2349  2350
  2349  O    -25.652987  -20.795588  -15.983741   140  2348
  2350  O    -27.231987  -21.078588  -17.433741   140  2348
  2351  H    -27.839861  -18.683511  -17.162162   138  2347
  2352  H    -28.494933  -19.270831  -16.278009   138  2347
  2353  N    -29.762987  -18.110588  -14.750741     7  2343  2354  2357
  2354  CA   -30.626987  -17.593588  -15.832741     8  2353  2355  2358  2359
  2355  C    -32.108987  -18.064588  -15.738741     9  2354  2356  2364
  2356  O    -32.357987  -19.113588  -15.166741    11  2355
  2357  HN   -30.338055  -18.499269  -14.017036    10  2353
  2358  H    -30.590730  -16.494198  -15.837960    12  2354
  2359  C    -30.817987  -16.182588  -15.283741    33  2354  2360  2361  2362
  2360  OH   -30.821987  -15.201588  -16.300741    35  2359  2363
  2361  H    -30.015345  -15.962548  -14.564471    34  2359
  2362  H    -31.764730  -16.136678  -14.725557    34  2359
  2363  HO   -30.943585  -14.370653  -15.878413    36  2360
  2364  N    -33.043987  -17.497588  -16.537741     1  2355  2365  2368
  2365  CA   -34.440987  -17.008588  -16.447741     2  2364  2366  2369  2370
  2366  C    -35.710987  -17.872588  -16.313741     3  2365  2367  2371
  2367  O    -35.632987  -18.964588  -15.792741     5  2366
  2368  HN   -32.682507  -17.369925  -17.472158     4  2364
  2369  H    -34.491283  -16.169371  -15.738385     6  2365
  2370  H    -34.606224  -16.227848  -17.204803     6  2365
  2371  N    -36.929987  -17.293588  -16.356741     7  2366  2372  2375
  2372  CA   -37.982987  -17.413588  -17.387741     8  2371  2373  2376  2377
  2373  C    -37.771987  -16.826588  -18.801741   233  2372  2374  2388
  2374  O    -38.084987  -15.618588  -18.961741   234  2373
  2375  HN   -37.153945  -16.694513  -15.575043    10  2371
  2376  H    -38.298670  -18.464129  -17.469635    12  2372
  2377  C    -39.146987  -18.408588  -17.177741   167  2372  2378  2382  2383
  2378  C    -40.546987  -17.884588  -17.571741   169  2377  2379  2384  2385
  2379  C    -41.552987  -18.081588  -16.428741   171  2378  2380  2381
  2380  O    -42.300987  -17.149588  -16.102741   172  2379
  2381  N    -41.819987  -19.350588  -16.068741   173  2379  2386  2387
  2382  H    -39.143519  -18.714863  -16.121245   168  2377
  2383  H    -38.915320  -19.323913  -17.742109   168  2377
  2384  H    -40.899754  -18.417157  -18.467244   170  2378
  2385  H    -40.481608  -16.815714  -17.823203   170  2378
  2386  HN   -41.373645  -20.127035  -16.535655   174  2381
  2387  HN   -42.473737  -19.541907  -15.323015   174  2381
  2388  O    -37.826987  -17.655588  -19.743741   234  2373
