  2389  MDANALYSIS FRAME 0: Created by PDBWriter
     1  N    -19.772327  -29.307662  -10.452476   231     2     5     6     7
     2  CA   -20.133327  -28.379662  -11.498476     8     1     3     8     9
     3  C    -19.648327  -27.108662  -10.886476     9     2     4    13
     4  O    -20.417327  -26.272662  -10.565476    11     3
     5  H    -20.042945  -30.242404  -10.722890   232     1
     6  H    -20.247409  -29.054050   -9.598030   232     1
     7  H    -18.773797  -29.276465  -10.303933   232     1
     8  H    -19.546570  -28.599140  -12.402659    12     2
     9  C    -21.602327  -28.608662  -11.314476    13     2    10    11    12
    10  H    -22.174528  -27.993083  -12.024158    14     9
    11  H    -21.903378  -28.340009  -10.291151    14     9
    12  H    -21.846436  -29.667077  -11.488164    14     9
    13  N    -18.478327  -26.885662  -11.422476     7     3    14    17
    14  CA   -17.400327  -25.944662  -11.222476     8    13    15    18    19
    15  C    -16.512327  -25.789662   -9.946476     9    14    16    27
    16  O    -16.938327  -25.398662   -8.896476    11    15
    17  HN   -18.275303  -27.537441  -12.166832    10    13
    18  H    -16.762841  -25.920706  -12.118600    12    14
    19  C    -17.866327  -24.772662  -12.107476    37    14    20    21    22
    20  OH   -19.057327  -24.427662  -11.465476    39    19    23
    21  C    -18.086327  -25.250662  -13.582476    41    19    24    25    26
    22  H    -17.147198  -23.953282  -11.960950    38    19
    23  HO   -19.425188  -23.705498  -11.941666    40    20
    24  H    -18.419689  -24.426193  -14.229871    42    21
    25  H    -18.848603  -26.041446  -13.642446    42    21
    26  H    -17.161347  -25.655140  -14.019294    42    21
    27  N    -15.430327  -25.161662  -10.481476     7    15    28    31
    28  CA   -15.409327  -23.765662  -10.915476     8    27    29    32    33
    29  C    -14.355327  -22.676662  -10.537476     9    28    30    38
    30  O    -13.617327  -23.568662  -10.828476    11    29
    31  HN   -14.581042  -25.698161  -10.586277    10    27
    32  H    -15.621135  -23.713092  -11.993610    12    28
    33  C    -15.861327  -23.449662  -12.326476    33    28    34    35    36
    34  OH   -16.968327  -22.585662  -12.263476    35    33    37
    35  H    -16.152226  -24.382998  -12.830719    34    33
    36  H    -15.040487  -22.955919  -12.867253    34    33
    37  HO   -17.226481  -22.407236  -13.149546    36    34
    38  N    -13.301327  -22.247662   -9.891476     7    29    39    42
    39  CA   -12.583327  -21.009662  -10.251476     8    38    40    43    44
    40  C    -11.316327  -21.001662   -9.401476     9    39    41    52
    41  O    -11.708327  -21.559662   -8.387476    11    40
    42  HN   -12.963087  -22.789652   -9.109209    10    38
    43  H    -12.310661  -21.039867  -11.316718    12    39
    44  C    -13.450327  -20.203662   -9.299476    37    39    45    46    47
    45  OH   -13.853327  -20.789662   -8.059476    39    44    48
    46  C    -14.046327  -18.875662   -9.765476    41    44    49    50    51
    47  H    -12.906754  -19.273088   -9.079111    38    44
    48  HO   -14.376711  -20.149702   -7.612128    40    45
    49  H    -14.649247  -18.403186   -8.976012    42    46
    50  H    -14.700542  -19.009941  -10.639531    42    46
    51  H    -13.262913  -18.158320  -10.051277    42    46
    52  N    -10.373327  -20.090662   -9.044476     7    40    53    56
    53  CA    -9.434327  -19.003662   -9.456476     8    52    54    57    58
    54  C     -8.204327  -18.965662   -8.478476     9    53    55    74
    55  O     -8.500327  -18.967662   -7.315476    11    54
    56  HN   -10.251901  -20.196259   -8.047378    10    52
    57  H     -9.082602  -19.191298  -10.481699    12    53
    58  C    -10.310327  -17.735662   -9.266476   182    53    59    63    64
    59  C    -10.810327  -16.994662   -7.974476   184    58    60    65    66
    60  C    -11.116327  -17.580662   -6.574476   186    59    61    67    68
    61  C    -10.162327  -18.545662   -5.892476   188    60    62    69    70
    62  N    -11.121327  -19.452662   -5.256476   190    61    71    72    73
    63  H    -11.112477  -17.763078  -10.018675   183    58
    64  H    -10.012706  -17.001636  -10.029776   183    58
    65  H    -11.589660  -16.267605   -8.246557   185    59
    66  H    -10.269085  -16.043416   -7.864078   185    59
    67  H    -12.132442  -18.001913   -6.566827   187    60
    68  H    -11.370055  -16.764356   -5.882185   187    60
    69  H     -9.604360  -18.043412   -5.088475   189    61
    70  H     -9.600187  -19.131827   -6.634372   189    61
    71  HN   -10.623219  -20.198522   -4.729996   191    62
    72  HN   -11.726096  -19.903590   -5.972380   191    62
    73  HN   -11.729821  -18.932251   -4.592768   191    62
    74  N     -7.028327  -18.274662   -8.262476     7    54    75    78
    75  CA    -6.074327  -17.164662   -8.597476     8    74    76    79    80
    76  C     -4.577327  -17.221662   -7.964476     9    75    77    96
    77  O     -4.051327  -18.150662   -8.635476    11    76
    78  HN    -6.589727  -18.759331   -7.492524    10    74
    79  H     -6.007119  -17.055454   -9.689976    12    75
    80  C     -6.792327  -16.174662   -7.640476   182    75    81    85    86
    81  C     -6.960327  -14.760662   -8.242476   184    80    82    87    88
    82  C     -6.001327  -14.389662   -9.341476   186    81    83    89    90
    83  C     -6.277327  -12.894662   -9.308476   188    82    84    91    92
    84  N     -7.015327  -12.302662  -10.430476   190    83    93    94    95
    85  H     -6.208365  -16.120413   -6.709860   183    80
    86  H     -7.777140  -16.597693   -7.393114   183    80
    87  H     -6.906334  -14.010888   -7.439405   185    81
    88  H     -7.993425  -14.633376   -8.598153   185    81
    89  H     -6.356210  -14.807610  -10.295089   187    82
    90  H     -4.970254  -14.580132   -9.008896   187    82
    91  H     -5.342884  -12.325519   -9.194929   189    83
    92  H     -6.804864  -12.613298   -8.385146   189    83
    93  HN    -7.137217  -11.279837  -10.287047   191    84
    94  HN    -7.956379  -12.736865  -10.517011   191    84
    95  HN    -6.501817  -12.450547  -11.322685   191    84
    96  N     -3.523327  -16.263662   -7.936476     7    76    97   100
    97  CA    -2.370327  -15.427662   -7.439476     8    96    98   101   102
    98  C     -1.481327  -16.297662   -6.549476     9    97    99   115
    99  O     -1.957327  -17.251662   -5.929476    11    98
   100  HN    -3.597796  -15.904507   -8.877519    10    96
   101  H     -1.785898  -15.061673   -8.296503    12    97
   102  C     -2.848327  -14.206662   -6.641476    19    97   103   106   107
   103  C     -3.820327  -13.169662   -7.198476    21   102   104   105   108
   104  C     -3.773327  -11.886662   -6.353476    23   103   109   110   111
   105  C     -3.533327  -12.878662   -8.682476    23   103   112   113   114
   106  H     -1.961387  -13.705972   -6.225968    20   102
   107  H     -3.196738  -14.559709   -5.659657    20   102
   108  H     -4.829982  -13.598420   -7.116239    22   103
   109  H     -4.466865  -11.123714   -6.736771    24   104
   110  H     -2.767638  -11.441046   -6.349465    24   104
   111  H     -4.048330  -12.081161   -5.306316    24   104
   112  H     -4.230196  -12.131924   -9.090833    24   105
   113  H     -3.628261  -13.784981   -9.298572    24   105
   114  H     -2.515018  -12.489418   -8.829226    24   105
   115  N     -0.191327  -15.984662   -6.506476     7    98   116   119
   116  CA     0.717673  -16.692662   -5.614476     8   115   117   120   121
   117  C      1.804673  -15.740662   -5.090476     9   116   118   133
   118  O      2.191673  -14.786662   -5.770476    11   117
   119  HN     0.120004  -15.129804   -6.945100    10   115
   120  H      0.152033  -17.106340   -4.766584    12   116
   121  C      1.336673  -17.910662   -6.320476   106   116   122   127   128
   122  C      2.276673  -17.552662   -7.430476   108   121   123   124
   123  N      1.839673  -17.112662   -8.659476   109   122   125   129
   124  C      3.628673  -17.579662   -7.499476   111   122   126   130
   125  C      2.881673  -16.872662   -9.438476   113   123   126   131
   126  N      3.980673  -17.153662   -8.760476   115   124   125   132
   127  H      0.514809  -18.530264   -6.708590   107   121
   128  H      1.861097  -18.510591   -5.562146   107   121
   129  HN     0.859781  -16.987026   -8.913301   110   123
   130  H      4.316728  -17.882885   -6.710340   112   124
   131  H      2.837452  -16.512126  -10.466172   114   125
   132  HN     4.936686  -17.065351   -9.104917   116   126
   133  N      2.277673  -16.015662   -3.885476     7   117   134   137
   134  CA     3.281673  -15.205662   -3.245476     8   133   135   138   139
   135  C      4.652673  -15.743662   -3.598476     9   134   136   155
   136  O      4.854673  -16.964662   -3.637476    11   135
   137  HN     1.921046  -16.824116   -3.396274    10   133
   138  H      3.193523  -14.166711   -3.595918    12   134
   139  C      3.072673  -15.227662   -1.743476   182   134   140   144   145
   140  C      1.778673  -14.616662   -1.313476   184   139   141   146   147
   141  C      1.623673  -14.734662    0.170524   186   140   142   148   149
   142  C      0.190673  -14.745662    0.518524   188   141   143   150   151
   143  N      0.084673  -14.711662    1.990524   190   142   152   153   154
   144  H      3.914009  -14.694048   -1.277204   183   139
   145  H      3.123364  -16.274788   -1.410374   183   139
   146  H      0.945151  -15.133163   -1.811942   185   140
   147  H      1.760240  -13.555154   -1.601333   185   140
   148  H      2.113853  -13.880183    0.660003   187   141
   149  H      2.092513  -15.667989    0.515617   187   141
   150  H     -0.288860  -15.675012    0.177412   189   142
   151  H     -0.313577  -13.847096    0.133411   189   142
   152  HN    -0.913015  -14.718086    2.284084   191   143
   153  HN     0.532885  -13.852559    2.368212   191   143
   154  HN     0.555691  -15.539175    2.408812   191   143
   155  N      5.574673  -14.826662   -3.893476     7   135   156   159
   156  CA     6.918673  -15.164662   -4.271476     8   155   157   160   161
   157  C      7.835673  -14.496662   -3.251476     9   156   158   170
   158  O      7.525673  -13.405662   -2.787476    11   157
   159  HN     5.316627  -13.851187   -3.849186    10   155
   160  H      7.050022  -16.255768   -4.224198    12   156
   161  C      7.232673  -14.653662   -5.685476   153   156   162   166   167
   162  C      6.322673  -15.247662   -6.778476   155   161   163   168   169
   163  C      6.462673  -14.545662   -8.119476   157   162   164   165
   164  O      7.596673  -14.456662   -8.620476   158   163
   165  O      5.426673  -14.107662   -8.677476   158   163
   166  H      8.285021  -14.888029   -5.903732   154   161
   167  H      7.143327  -13.557334   -5.676368   154   161
   168  H      5.274441  -15.202536   -6.448062   156   162
   169  H      6.544845  -16.318177   -6.899459   156   162
   170  N      8.957673  -15.156662   -2.895476    50   157   171   177
   171  CA     9.936673  -14.553662   -1.982476    51   170   172   174   175
   172  C     10.589673  -13.350662   -2.596476    52   171   173   184
   173  O     10.725673  -13.274662   -3.811476    53   172
   174  H      9.435912  -14.262471   -1.047358    54   171
   175  C     10.975673  -15.659662   -1.785476    55   171   176   178   179
   176  C     10.767673  -16.596662   -2.913476    57   175   177   180   181
   177  C      9.346673  -16.512662   -3.317476    59   170   176   182   183
   178  H     10.839830  -16.165326   -0.818082    56   175
   179  H     11.997092  -15.251403   -1.790651    56   175
   180  H     11.041264  -17.624385   -2.632525    58   176
   181  H     11.435183  -16.360270   -3.755230    58   176
   182  H      8.742161  -17.276881   -2.807050    60   177
   183  H      9.234029  -16.638662   -4.404415    60   177
   184  N     10.975673  -12.406662   -1.744476     7   172   185   188
   185  CA    11.789673  -11.259662   -2.119476     8   184   186   189   190
   186  C     12.574673  -10.821662   -0.880476     9   185   187   194
   187  O     12.276673  -11.257662    0.254524    11   186
   188  HN    10.687299  -12.489961   -0.780110    10   184
   189  H     12.491506  -11.551694   -2.914553    12   185
   190  C     10.923673  -10.115662   -2.586476    13   185   191   192   193
   191  H     11.549367   -9.255490   -2.866855    14   190
   192  H     10.237377   -9.806723   -1.784258    14   190
   193  H     10.330294  -10.420852   -3.460982    14   190
   194  N     13.570673   -9.963662   -1.096476     7   186   195   198
   195  CA    14.397673   -9.462662    0.015524     8   194   196   199   200
   196  C     14.318673   -7.939662    0.053524     9   195   197   208
   197  O     14.449673   -7.288662   -0.994476    11   196
   198  HN    13.651821   -9.525776   -2.002992    10   194
   199  H     14.024085   -9.873528    0.965061    12   195
   200  C     15.869673   -9.866662   -0.161476    37   195   201   202   203
   201  OH    15.961673  -11.288662   -0.242476    39   200   204
   202  C     16.732673   -9.350662    1.000524    41   200   205   206   207
   203  H     16.205699   -9.445453   -1.120470    38   200
   204  HO    16.871765  -11.497937   -0.349881    40   201
   205  H     17.787869   -9.636833    0.879417    42   202
   206  H     16.394013   -9.753545    1.966440    42   202
   207  H     16.698392   -8.253678    1.074348    42   202
   208  N     14.108673   -7.364662    1.238524     7   196   209   212
   209  CA    14.162673   -5.924662    1.349524     8   208   210   213   214
   210  C     15.553673   -5.392662    1.010524     9   209   211   227
   211  O     16.565673   -5.912662    1.488524    11   210
   212  HN    14.191378   -7.923741    2.075596    10   208
   213  H     13.422469   -5.476042    0.670673    12   209
   214  C     13.768673   -5.452662    2.745524    19   209   215   218   219
   215  C     13.751673   -3.923662    2.961524    21   214   216   217   220
   216  C     12.612673   -3.224662    2.127524    23   215   221   222   223
   217  C     13.562673   -3.639662    4.413524    23   215   224   225   226
   218  H     14.449585   -5.927069    3.467533    20   214
   219  H     12.781039   -5.876688    2.979577    20   214
   220  H     14.720344   -3.538465    2.610384    22   215
   221  H     12.605269   -2.136045    2.285187    24   216
   222  H     11.617469   -3.601565    2.405937    24   216
   223  H     12.736911   -3.397325    1.048287    24   216
   224  H     13.544155   -2.558545    4.615618    24   217
   225  H     14.373097   -4.071131    5.019368    24   217
   226  H     12.616833   -4.058001    4.788195    24   217
   227  N     15.575673   -4.342662    0.196524     7   210   228   231
   228  CA    16.752673   -3.533662    0.014524     8   227   229   232   233
   229  C     16.582673   -2.205662    0.772524     9   228   230   246
   230  O     17.392673   -1.877662    1.646524    11   229
   231  HN    14.736843   -4.103540   -0.312676    10   227
   232  H     17.630481   -4.069479    0.404849    12   228
   233  C     17.050673   -3.327662   -1.482476    25   228   234   235   237
   234  C     17.451673   -4.667662   -2.113476    27   233   236   238   239
   235  C     18.133673   -2.254662   -1.656476    29   233   240   241   242
   236  C     17.509673   -4.674662   -3.688476    31   234   243   244   245
   237  H     16.114857   -2.992465   -1.953530    26   233
   238  H     16.766728   -5.455905   -1.767756    28   234
   239  H     18.423099   -4.987974   -1.708839    28   234
   240  H     18.368679   -2.084851   -2.717578    30   235
   241  H     19.070795   -2.540328   -1.156279    30   235
   242  H     17.818954   -1.289314   -1.233327    30   235
   243  H     17.802115   -5.660729   -4.078540    32   236
   244  H     18.237676   -3.943669   -4.070131    32   236
   245  H     16.533933   -4.424984   -4.130733    32   236
   246  N     15.504673   -1.482662    0.475524     7   229   247   250
   247  CA    15.228673   -0.189662    1.109524     8   246   248   251   252
   248  C     13.759673    0.205338    1.050524     9   247   249   268
   249  O     13.190673    0.265338   -0.031476    11   248
   250  HN    14.854089   -1.837449   -0.210746    10   246
   251  H     15.559784   -0.216767    2.158157    12   247
   252  C     16.003673    0.918338    0.388524   182   247   253   257   258
   253  C     15.776673    2.298338    1.028524   184   252   254   259   260
   254  C     16.689673    3.399338    0.458524   186   253   255   261   262
   255  C     16.417673    4.673338    1.226524   188   254   256   263   264
   256  N     17.111673    5.882338    0.683524   190   255   265   266   267
   257  H     15.675830    0.932025   -0.661396   183   252
   258  H     17.072331    0.659680    0.421170   183   252
   259  H     15.922645    2.227034    2.116461   185   253
   260  H     14.724223    2.592634    0.903070   185   253
   261  H     16.456978    3.555070   -0.605243   187   254
   262  H     17.742242    3.108472    0.590795   187   254
   263  H     16.718592    4.568693    2.279376   189   255
   264  H     15.340726    4.896341    1.247861   189   255
   265  HN    16.883284    6.720760    1.254914   191   256
   266  HN    16.815868    6.062387   -0.297130   191   256
   267  HN    18.142734    5.746866    0.696205   191   256
   268  N     13.180673    0.554338    2.189524     7   248   269   272
   269  CA    11.900673    1.267338    2.220524     8   268   270   273   274
   270  C     12.068673    2.721338    1.745524     9   269   271   278
   271  O     12.925673    3.461338    2.254524    11   270
   272  HN    13.663208    0.376354    3.058766    10   268
   273  H     11.176868    0.750818    1.572980    12   269
   274  C     11.301673    1.214338    3.623524    13   269   275   276   277
   275  H     10.340917    1.749507    3.646800    14   274
   276  H     11.985165    1.683815    4.346317    14   274
   277  H     11.131785    0.170127    3.924792    14   274
   278  N     11.271673    3.144338    0.764524     7   270   279   282
   279  CA    11.435673    4.452338    0.206524     8   278   280   283   284
   280  C     10.428673    5.422338    0.811524     9   279   281   297
   281  O     10.801673    6.514338    1.252524    11   280
   282  HN    10.427259    2.628249    0.562740    10   278
   283  H     12.456309    4.811102    0.405497    12   279
   284  C     11.363673    4.431338   -1.341476    25   279   285   286   288
   285  C     12.465673    3.513338   -1.899476    27   284   287   289   290
   286  C     11.421673    5.888338   -1.904476    29   284   291   292   293
   287  C     12.421673    3.267338   -3.432476    31   285   294   295   296
   288  H     10.388244    4.000969   -1.612255    26   284
   289  H     12.441776    2.548400   -1.371912    28   285
   290  H     13.452059    3.911791   -1.619692    28   285
   291  H     11.372100    5.900132   -3.003295    30   286
   292  H     12.352350    6.397854   -1.614245    30   286
   293  H     10.585647    6.499403   -1.533450    30   286
   294  H     13.236127    2.604345   -3.759744    32   287
   295  H     12.519040    4.206812   -3.996310    32   287
   296  H     11.475439    2.798457   -3.740358    32   287
   297  N      9.145673    5.054338    0.800524     7   280   298   301
   298  CA     8.124673    5.840338    1.475524     8   297   299   302   303
   299  C      6.967673    4.899338    1.847524     9   298   300   309
   300  O      7.146673    3.662338    1.923524    11   299
   301  HN     8.899074    4.149224    0.426282    10   297
   302  H      8.546673    6.282740    2.389961    12   298
   303  C      7.633673    7.079338    0.652524   137   298   304   307   308
   304  C      6.769673    6.704338   -0.515476   139   303   305   306
   305  O      6.822673    5.506338   -0.926476   140   304
   306  O      6.042673    7.586338   -1.033476   140   304
   307  H      8.521627    7.626654    0.303265   138   303
   308  H      7.078229    7.739760    1.334671   138   303
   309  N      5.880673    5.428338    2.321524     1   299   310   313
   310  CA     4.699673    4.603338    2.555524     2   309   311   314   315
   311  C      4.293673    3.495338    1.592524     3   310   312   316
   312  O      3.870673    2.431338    2.035524     5   311
   313  HN     5.782499    6.433540    2.315934     4   309
   314  H      4.726060    4.206914    3.581269     6   310
   315  H      3.833427    5.250806    2.756530     6   310
   316  N      4.382673    3.745338    0.284524     7   311   317   320
   317  CA     3.813673    2.821338   -0.722476     8   316   318   321   322
   318  C      4.821673    2.330338   -1.789476     9   317   319   328
   319  O      4.452673    1.620338   -2.720476    11   318
   320  HN     4.943710    4.524892   -0.027938    10   316
   321  H      3.365883    1.954727   -0.214078    12   317
   322  C      2.513673    3.376338   -1.350476   137   317   323   326   327
   323  C      2.718673    4.698338   -2.058476   139   322   324   325
   324  O      3.842673    5.023338   -2.428476   140   323
   325  O      1.749673    5.457338   -2.205476   140   323
   326  H      1.772001    3.491282   -0.546293   138   322
   327  H      2.132857    2.625492   -2.058438   138   322
   328  N      6.098673    2.689338   -1.605476     7   318   329   332
   329  CA     7.167673    2.346338   -2.550476     8   328   330   333   334
   330  C      8.358673    1.806338   -1.801476     9   329   331   342
   331  O      8.823673    2.417338   -0.821476    11   330
   332  HN     6.336590    3.219760   -0.779554    10   328
   333  H      6.803054    1.586458   -3.257324    12   329
   334  C      7.570673    3.589338   -3.383476    37   329   335   336   337
   335  OH     6.380673    4.174338   -3.919476    39   334   338
   336  C      8.465673    3.199338   -4.539476    41   334   339   340   341
   337  H      8.024176    4.309970   -2.687038    38   334
   338  HO     6.646361    4.924450   -4.419819    40   335
   339  H      8.758252    4.074490   -5.138230    42   336
   340  H      7.965977    2.492070   -5.217765    42   336
   341  H      9.391353    2.718337   -4.190544    42   336
   342  N      8.842673    0.647338   -2.227476     7   330   343   346
   343  CA     9.943673   -0.028662   -1.550476     8   342   344   347   348
   344  C     10.862673   -0.633662   -2.625476     9   343   345   358
   345  O     10.390673   -1.060662   -3.688476    11   344
   346  HN     8.435897    0.219163   -3.046805    10   342
   347  H     10.509426    0.700241   -0.951623    12   343
   348  C      9.446673   -1.146662   -0.589476    15   343   349   350   351
   349  C      8.543673   -0.582662    0.519524    17   348   352   353   354
   350  C      8.715673   -2.277662   -1.372476    17   348   355   356   357
   351  H     10.338354   -1.584493   -0.117026    16   348
   352  H      8.193156   -1.374320    1.198063    18   349
   353  H      7.651993   -0.090179    0.104352    18   349
   354  H      9.072312    0.162190    1.132497    18   349
   355  H      8.361165   -3.072222   -0.699425    18   350
   356  H      9.376964   -2.749228   -2.114312    18   350
   357  H      7.838823   -1.893542   -1.914311    18   350
   358  N     12.152673   -0.706662   -2.345476     7   344   359   362
   359  CA    13.065673   -1.394662   -3.235476     8   358   360   363   364
   360  C     13.330673   -2.779662   -2.680476     9   359   361   380
   361  O     13.664673   -2.930662   -1.493476    11   360
   362  HN    12.467653   -0.455739   -1.419233    10   358
   363  H     12.611214   -1.479817   -4.233582    12   359
   364  C     14.372673   -0.598662   -3.403476   182   359   365   369   370
   365  C     15.500673   -1.318662   -4.226476   184   364   366   371   372
   366  C     15.433673   -1.082662   -5.762476   186   365   367   373   374
   367  C     15.602673    0.409338   -6.155476   188   366   368   375   376
   368  N     15.467673    0.641338   -7.635476   190   367   377   378   379
   369  H     14.744036   -0.342783   -2.400174   183   364
   370  H     14.123582    0.365686   -3.870367   183   364
   371  H     15.473798   -2.398661   -4.019400   185   365
   372  H     16.485982   -1.006872   -3.849708   185   365
   373  H     14.475225   -1.458212   -6.150212   187   366
   374  H     16.208823   -1.683619   -6.260464   187   366
   375  H     16.591790    0.784831   -5.854390   189   367
   376  H     14.847850    1.034582   -5.656164   189   367
   377  HN    15.586813    1.650163   -7.858361   191   368
   378  HN    14.529197    0.340037   -7.967260   191   368
   379  HN    16.188941    0.102344   -8.155916   191   368
   380  N     13.206673   -3.779662   -3.563476     7   360   381   384
   381  CA    13.357673   -5.194662   -3.189476     8   380   382   385   386
   382  C     14.352673   -5.933662   -4.080476     9   381   383   399
   383  O     14.558673   -5.538662   -5.218476    11   382
   384  HN    13.000980   -3.552746   -4.525921    10   380
   385  H     13.681619   -5.264674   -2.140592    12   381
   386  C     11.987673   -5.917662   -3.296476    19   381   387   390   391
   387  C     10.800673   -5.468662   -2.423476    21   386   388   389   392
   388  C      9.514673   -6.371662   -2.658476    23   387   393   394   395
   389  C     11.123673   -5.443662   -0.936476    23   387   396   397   398
   390  H     12.163332   -6.995794   -3.166955    20   386
   391  H     11.692664   -5.927942   -4.356129    20   386
   392  H     10.555516   -4.437983   -2.719448    22   387
   393  H      8.671092   -6.045748   -2.032256    24   388
   394  H      9.711309   -7.426837   -2.417768    24   388
   395  H      9.178358   -6.332824   -3.705082    24   388
   396  H     10.258386   -5.119721   -0.339532    24   389
   397  H     11.950849   -4.753750   -0.713315    24   389
   398  H     11.419612   -6.437559   -0.569613    24   389
   399  N     14.939673   -7.019662   -3.578476     7   382   400   403
   400  CA    15.625673   -7.985662   -4.453476     8   399   401   404   405
   401  C     14.557673   -9.003662   -4.881476     9   400   402   416
   402  O     14.020673   -9.723662   -4.054476    11   401
   403  HN    14.767096   -7.268412   -2.614920    10   399
   404  H     16.013875   -7.465433   -5.341542    12   400
   405  C     16.822673   -8.682662   -3.763476   175   400   406   409   410
   406  C     17.827673   -9.350662   -4.740476   177   405   407   411   412
   407  S     18.755673   -8.180662   -5.782476   179   406   408
   408  C     20.083673   -7.732662   -4.672476   180   407   413   414   415
   409  H     16.421085   -9.432493   -3.065995   176   405
   410  H     17.339795   -7.933676   -3.145735   176   405
   411  H     17.295042  -10.069571   -5.380377   178   406
   412  H     18.532659   -9.974988   -4.171959   178   406
   413  H     20.757313   -7.011124   -5.157854   181   408
   414  H     20.663342   -8.625100   -4.394021   181   408
   415  H     19.676766   -7.276229   -3.758094   181   408
   416  N     14.251673   -9.036662   -6.174476     7   401   417   420
   417  CA    13.245673   -9.940662   -6.683476     8   416   418   421   422
   418  C     13.895673  -10.739662   -7.813476     9   417   419   437
   419  O     14.432673  -10.164662   -8.753476    11   418
   420  HN    14.834762   -8.534470   -6.828625    10   416
   421  H     12.929681  -10.626402   -5.883532    12   417
   422  C     11.978673   -9.189662   -7.158476    70   417   423   430   431
   423  C     11.003673  -10.090662   -7.862476    72   422   424   425
   424  C     10.230673  -11.028662   -7.153476    73   423   426   432
   425  C     10.884673  -10.048662   -9.251476    73   423   427   433
   426  C      9.342673  -11.900662   -7.840476    75   424   428   434
   427  C     10.006673  -10.900662   -9.935476    75   425   428   435
   428  C      9.242673  -11.803662   -9.241476    77   426   427   429
   429  OH     8.405673  -12.632662   -9.975476    78   428   436
   430  H     12.297735   -8.380919   -7.832371    71   422
   431  H     11.503046   -8.737147   -6.275861    71   422
   432  H     10.332629  -11.112435   -6.071493    74   424
   433  H     11.500270   -9.360405   -9.830650    74   425
   434  H      8.748247  -12.623782   -7.282036    76   426
   435  H      9.931966  -10.848276  -11.021650    76   427
   436  HO     8.514794  -12.413641  -10.914104    79   429
   437  N     13.872673  -12.060662   -7.655476     7   418   438   441
   438  CA    14.508673  -13.005662   -8.565476     8   437   439   442   443
   439  C     15.964673  -12.607662   -8.837476     9   438   440   459
   440  O     16.430673  -12.712662   -9.947476    11   439
   441  HN    13.383371  -12.432460   -6.853946    10   437
   442  H     14.479446  -14.014068   -8.126999    12   438
   443  C     13.727673  -13.117662   -9.884476   182   438   444   448   449
   444  C     12.321673  -13.790662   -9.834476   184   443   445   450   451
   445  C     12.124673  -14.837662   -8.707476   186   444   446   452   453
   446  C     11.013673  -15.852662   -9.076476   188   445   447   454   455
   447  N     10.335673  -16.529662   -7.896476   190   446   456   457   458
   448  H     14.367547  -13.636763  -10.613239   183   443
   449  H     13.646908  -12.109174  -10.316250   183   443
   450  H     12.101095  -14.253059  -10.807890   185   444
   451  H     11.545892  -13.014907   -9.754678   185   444
   452  H     11.857138  -14.324358   -7.772091   187   445
   453  H     13.069516  -15.373958   -8.535261   187   445
   454  H     11.408276  -16.647142   -9.726929   189   446
   455  H     10.225713  -15.371733   -9.674662   189   446
   456  HN     9.605888  -17.192772   -8.227078   191   447
   457  HN     9.883543  -15.823087   -7.281716   191   447
   458  HN    11.030212  -17.059785   -7.332397   191   447
   459  N     16.666673  -12.139662   -7.811476     1   439   460   463
   460  CA    18.093673  -11.836662   -7.928476     2   459   461   464   465
   461  C     18.449673  -10.488662   -8.497476     3   460   462   466
   462  O     19.624673  -10.174662   -8.566476     5   461
   463  HN    16.223869  -12.069825   -6.906408     4   459
   464  H     18.576962  -11.960678   -6.948144     6   460
   465  H     18.589631  -12.624922   -8.513858     6   460
   466  N     17.452673   -9.700662   -8.905476     7   461   467   470
   467  CA    17.679673   -8.340662   -9.424476     8   466   468   471   472
   468  C     16.967673   -7.264662   -8.585476     9   467   469   483
   469  O     15.806673   -7.458662   -8.182476    11   468
   470  HN    16.506317  -10.050114   -8.856541    10   466
   471  H     18.759505   -8.132397   -9.448754    12   467
   472  C     17.212673   -8.240662  -10.882476   167   467   473   477   478
   473  C     18.244673   -8.781662  -11.906476   169   472   474   479   480
   474  C     19.483673   -7.868662  -12.068476   171   473   475   476
   475  O     19.376673   -6.663662  -12.379476   172   474
   476  N     20.664673   -8.448662  -11.858476   173   474   481   482
   477  H     16.990380   -7.184448  -11.094601   168   472
   478  H     16.266696   -8.794638  -10.973242   168   472
   479  H     17.757057   -8.915660  -12.883346   170   473
   480  H     18.567748   -9.788981  -11.604929   170   473
   481  HN    20.725799   -9.425624  -11.609662   174   476
   482  HN    21.517440   -7.914639  -11.946263   174   476
   483  N     17.660673   -6.145662   -8.306476    50   468   484   490
   484  CA    17.012673   -5.079662   -7.547476    51   483   485   487   488
   485  C     15.897673   -4.421662   -8.373476    52   484   486   497
   486  O     16.053673   -4.188662   -9.568476    53   485
   487  H     16.587724   -5.494312   -6.621472    54   484
   488  C     18.153673   -4.094662   -7.254476    55   484   489   491   492
   489  C     19.217673   -4.402662   -8.280476    57   488   490   493   494
   490  C     19.071673   -5.845662   -8.638476    59   483   489   495   496
   491  H     18.537896   -4.223790   -6.231882    56   488
   492  H     17.810846   -3.052744   -7.337401    56   488
   493  H     20.222783   -4.190076   -7.887334    58   489
   494  H     19.113008   -3.760253   -9.167243    58   489
   495  H     19.760093   -6.472472   -8.052654    60   490
   496  H     19.273131   -6.012799   -9.706877    60   490
   497  N     14.777673   -4.140662   -7.722476     7   485   498   501
   498  CA    13.623673   -3.588662   -8.396476     8   497   499   502   503
   499  C     12.827673   -2.711662   -7.427476     9   498   500   514
   500  O     12.706673   -3.037662   -6.270476    11   499
   501  HN    14.758872   -4.234967   -6.717064    10   497
   502  H     13.953764   -2.983004   -9.253342    12   498
   503  C     12.744673   -4.756662   -8.850476   175   498   504   507   508
   504  C     11.687673   -4.374662   -9.805476   177   503   505   509   510
   505  S     10.867673   -5.900662  -10.275476   179   504   506
   506  C      9.682673   -5.177662  -11.411476   180   505   511   512   513
   507  H     12.296075   -5.210420   -7.954449   176   503
   508  H     13.399547   -5.518266   -9.298917   176   503
   509  H     12.144472   -3.914528  -10.694077   178   504
   510  H     10.967024   -3.708577   -9.308489   178   504
   511  H      9.042310   -5.961544  -11.842131   181   506
   512  H     10.206727   -4.660904  -12.228990   181   506
   513  H      9.046197   -4.451243  -10.884964   181   506
   514  N     12.301673   -1.592662   -7.910476     7   499   515   518
   515  CA    11.358673   -0.791662   -7.147476     8   514   516   519   520
   516  C      9.934673   -1.357662   -7.307476     9   515   517   528
   517  O      9.441673   -1.563662   -8.432476    11   516
   518  HN    12.564848   -1.288359   -8.836888    10   514
   519  H     11.641670   -0.804609   -6.084581    12   515
   520  C     11.380673    0.679338   -7.617476    37   515   521   522   523
   521  OH    12.740673    1.148338   -7.577476    39   520   524
   522  C     10.447673    1.580338   -6.748476    41   520   525   526   527
   523  H     11.045170    0.687311   -8.665032    38   520
   524  HO    12.729918    2.042698   -7.866620    40   521
   525  H     10.466147    2.627002   -7.086343    42   522
   526  H     10.748843    1.573499   -5.690530    42   522
   527  H      9.402052    1.241590   -6.792378    42   522
   528  N      9.283673   -1.565662   -6.168476     7   516   529   532
   529  CA     7.887673   -1.988662   -6.125476     8   528   530   533   534
   530  C      6.994673   -0.877662   -5.603476     9   529   531   548
   531  O      7.350673   -0.166662   -4.663476    11   530
   532  HN     9.774642   -1.425405   -5.297053    10   528
   533  H      7.560694   -2.278925   -7.134848    12   529
   534  C      7.773673   -3.213662   -5.227476    61   529   535   541   542
   535  C      8.107673   -4.487662   -5.923476    63   534   536   537
   536  C      9.445673   -4.901662   -6.075476    64   535   538   543
   537  C      7.077673   -5.268662   -6.466476    64   535   539   544
   538  C      9.757673   -6.099662   -6.755476    66   536   540   545
   539  C      7.377673   -6.456662   -7.129476    66   537   540   546
   540  C      8.729673   -6.883662   -7.243476    68   538   539   547
   541  H      6.744719   -3.254791   -4.840743    62   534
   542  H      8.445112   -3.066933   -4.368616    62   534
   543  H     10.254597   -4.286735   -5.681007    65   536
   544  H      6.041498   -4.942228   -6.377701    65   537
   545  H     10.797074   -6.408675   -6.866184    67   538
   546  H      6.575954   -7.062902   -7.551163    67   539
   547  H      8.965850   -7.812924   -7.761928    69   540
   548  N      5.842673   -0.732662   -6.230476     7   530   549   552
   549  CA     4.814673    0.176338   -5.803476     8   548   550   553   554
   550  C      3.577673   -0.628662   -5.343476     9   549   551   572
   551  O      3.118673   -1.525662   -6.048476    11   550
   552  HN     5.674248   -1.290796   -7.055230    10   548
   553  H      5.187739    0.785999   -4.967333    12   549
   554  C      4.432673    1.098338   -6.971476   202   549   555   561   562
   555  C      3.184673    2.031338   -6.715476   204   554   556   563   564
   556  C      3.441673    3.016338   -5.568476   206   555   557   565   566
   557  N      2.454673    4.126338   -5.537476   208   556   558   567
   558  C      1.216673    4.006338   -5.076476   210   557   559   560
   559  N      0.410673    5.057338   -5.072476   211   558   568   569
   560  N      0.770673    2.827338   -4.624476   211   558   570   571
   561  H      4.256336    0.468359   -7.855802   203   554
   562  H      5.313030    1.708117   -7.222754   203   554
   563  H      2.306353    1.412933   -6.478559   205   555
   564  H      2.949388    2.589942   -7.633410   205   555
   565  H      4.456768    3.430052   -5.660258   207   556
   566  H      3.418613    2.477596   -4.609714   207   556
   567  HN     2.755462    5.023101   -5.891654   209   557
   568  HN     0.699667    5.964133   -5.410567   212   559
   569  HN    -0.528823    4.948682   -4.718018   212   559
   570  HN     1.345541    1.996949   -4.615471   212   560
   571  HN    -0.176477    2.765317   -4.279280   212   560
   572  N      3.039673   -0.310662   -4.172476     7   550   573   576
   573  CA     1.934673   -1.111662   -3.613476     8   572   574   577   578
   574  C      0.663673   -0.978662   -4.395476     9   573   575   591
   575  O      0.181673    0.145338   -4.612476    11   574
   576  HN     3.240722    0.593926   -3.770731    10   572
   577  H      2.232048   -2.169941   -3.573307    12   573
   578  C      1.631673   -0.735662   -2.178476    19   573   579   582   583
   579  C      2.405673   -1.372662   -1.021476    21   578   580   581   584
   580  C      3.772673   -1.829662   -1.344476    23   579   585   586   587
   581  C      2.371673   -0.461662    0.206524    23   579   588   589   590
   582  H      0.549974   -0.855672   -2.018710    20   578
   583  H      1.673074    0.360775   -2.100302    20   578
   584  H      1.822935   -2.242932   -0.685252    22   579
   585  H      4.268021   -2.275368   -0.469275    24   580
   586  H      4.406028   -0.999483   -1.690401    24   580
   587  H      3.768221   -2.589981   -2.139394    24   580
   588  H      2.922633   -0.900319    1.051523    24   581
   589  H      1.341769   -0.279910    0.547499    24   581
   590  H      2.823611    0.518855   -0.004042    24   581
   591  N      0.104673   -2.130662   -4.797476     7   574   592   595
   592  CA    -1.153327   -2.129662   -5.542476     8   591   593   596   597
   593  C     -2.352327   -1.636662   -4.738476     9   592   594   610
   594  O     -2.467327   -1.878662   -3.529476    11   593
   595  HN     0.446120   -3.000525   -4.414263    10   591
   596  H     -1.042480   -1.517166   -6.449428    12   592
   597  C     -1.470327   -3.533662   -6.056476    19   592   598   601   602
   598  C     -0.887327   -3.923662   -7.401476    21   597   599   600   603
   599  C     -1.308327   -5.391662   -7.611476    23   598   604   605   606
   600  C     -1.358327   -2.994662   -8.570476    23   598   607   608   609
   601  H     -2.564171   -3.648701   -6.072945    20   597
   602  H     -1.156218   -4.254305   -5.287055    20   597
   603  H      0.207416   -3.891497   -7.298993    22   598
   604  H     -0.936348   -5.786683   -8.568341    24   599
   605  H     -2.402731   -5.502382   -7.615991    24   599
   606  H     -0.917670   -6.042774   -6.815587    24   599
   607  H     -0.920669   -3.300489   -9.532207    24   600
   608  H     -1.067946   -1.947811   -8.397900    24   600
   609  H     -2.451808   -3.014888   -8.688332    24   600
   610  N     -3.212327   -0.901662   -5.435476     7   593   611   614
   611  CA    -4.545327   -0.530662   -4.972476     8   610   612   615   616
   612  C     -4.606327    0.445338   -3.821476     9   611   613   625
   613  O     -5.680327    0.631338   -3.237476    11   612
   614  HN    -2.923722   -0.577852   -6.347591    10   610
   615  H     -5.131730   -0.139591   -5.816985    12   611
   616  C     -5.388327   -1.779662   -4.626476   153   611   617   621   622
   617  C     -5.689327   -2.725662   -5.795476   155   616   618   623   624
   618  C     -6.833327   -3.700662   -5.467476   157   617   619   620
   619  O     -7.944327   -3.246662   -5.153476   158   618
   620  O     -6.620327   -4.918662   -5.508476   158   618
   621  H     -6.327817   -1.437118   -4.168193   154   616
   622  H     -4.870138   -2.325732   -3.824423   154   616
   623  H     -4.783158   -3.295045   -6.049759   156   617
   624  H     -5.953067   -2.136431   -6.686121   156   617
   625  N     -3.473327    1.055338   -3.473476     7   612   626   629
   626  CA    -3.415327    1.972338   -2.347476     8   625   627   630   631
   627  C     -2.607327    3.220338   -2.723476     9   626   628   641
   628  O     -1.905327    3.251338   -3.759476    11   627
   629  HN    -2.661486    0.955476   -4.065964    10   625
   630  H     -4.435613    2.267826   -2.061638    12   626
   631  C     -2.835327    1.319338   -1.023476    15   626   632   633   634
   632  C     -3.707327    0.110338   -0.514476    17   631   635   636   637
   633  C     -1.371327    0.924338   -1.178476    17   631   638   639   640
   634  H     -2.845142    2.100197   -0.248774    16   631
   635  H     -3.291615   -0.330578    0.403553    18   632
   636  H     -3.764607   -0.691874   -1.264926    18   632
   637  H     -4.738270    0.421051   -0.289500    18   632
   638  H     -0.974244    0.472139   -0.257693    18   633
   639  H     -0.740003    1.793902   -1.413614    18   633
   640  H     -1.232943    0.192163   -1.987655    18   633
   641  N     -2.725327    4.244338   -1.889476     7   627   642   645
   642  CA    -1.874327    5.434338   -2.040476     8   641   643   646   647
   643  C     -1.566327    6.010338   -0.671476     9   642   644   653
   644  O     -2.482327    6.382338    0.078524    11   643
   645  HN    -3.247751    4.121324   -1.033882    10   641
   646  H     -0.935584    5.153409   -2.540317    12   642
   647  C     -2.554327    6.469338   -2.933476   137   642   648   651   652
   648  C     -1.633327    7.633338   -3.302476   139   647   649   650
   649  O     -0.373327    7.503338   -3.367476   140   648
   650  O     -2.211327    8.694338   -3.504476   140   648
   651  H     -3.440642    6.845010   -2.401202   138   647
   652  H     -2.896643    5.956978   -3.844688   138   647
   653  N     -0.300327    6.053338   -0.316476     7   643   654   657
   654  CA     0.079673    6.758338    0.918524     8   653   655   658   659
   655  C      0.356673    8.215338    0.549524     9   654   656   667
   656  O      0.569673    8.504338   -0.621476    11   655
   657  HN     0.409267    5.862265   -1.009345    10   653
   658  H     -0.751521    6.713319    1.637613    12   654
   659  C      1.293673    6.126338    1.581524    37   654   660   661   662
   660  OH     2.340673    5.981338    0.625524    39   659   663
   661  C      0.920673    4.706338    2.143524    41   659   664   665   666
   662  H      1.634179    6.824029    2.360808    38   659
   663  HO     3.067852    5.589327    1.074008    40   660
   664  H      1.781628    4.224323    2.629753    42   661
   665  H      0.577203    4.032232    1.345019    42   661
   666  H      0.114952    4.765152    2.890086    42   661
   667  N      0.312673    9.144338    1.525524    50   655   668   674
   668  CA     0.569673   10.563338    1.178524    51   667   669   671   672
   669  C      2.012673   10.856338    0.753524    52   668   670   681
   670  O      2.956673   10.132338    1.119524    53   669
   671  H     -0.119073   10.876648    0.380110    54   668
   672  C      0.176673   11.315338    2.477524    55   668   673   675   676
   673  C     -0.750327   10.322338    3.224524    57   672   674   677   678
   674  C     -0.065327    8.992338    2.939524    59   667   673   679   680
   675  H     -0.348004   12.254979    2.249952    56   672
   676  H      1.064257   11.560459    3.079280    56   672
   677  H     -1.769440   10.341572    2.810956    58   673
   678  H     -0.773491   10.534673    4.303587    58   673
   679  H     -0.759126    8.149952    3.077469    60   674
   680  H      0.821560    8.857225    3.576058    60   674
   681  N      2.180673   11.928338   -0.022476     7   669   682   685
   682  CA     3.462673   12.270338   -0.610476     8   681   683   686   687
   683  C      4.467673   12.766338    0.427524     9   682   684   696
   684  O      4.092673   13.464338    1.372524    11   683
   685  HN     1.386304   12.523984   -0.207636    10   681
   686  H      3.874316   11.392412   -1.129895    12   682
   687  C      3.233673   13.354338   -1.664476   153   682   688   692   693
   688  C      4.400673   13.586338   -2.611476   155   687   689   694   695
   689  C      4.824673   12.304338   -3.327476   157   688   690   691
   690  O      3.975673   11.691338   -4.015476   158   689
   691  O      6.006673   11.930338   -3.188476   158   689
   692  H      2.983315   14.288306   -1.140048   154   687
   693  H      2.333121   13.085328   -2.236001   154   687
   694  H      5.254513   13.992562   -2.049391   156   688
   695  H      4.124108   14.348059   -3.355312   156   688
   696  N      5.741673   12.399338    0.254524     7   683   697   700
   697  CA     6.854673   12.990338    0.999524     8   696   698   701   702
   698  C      8.001673   13.482338    0.094524     9   697   699   710
   699  O      8.950673   14.093338    0.602524    11   698
   700  HN     5.946175   11.679087   -0.423353    10   696
   701  H      6.484490   13.826754    1.610566    12   697
   702  C      7.512673   12.018338    2.022524    37   697   703   704   705
   703  OH     8.014673   10.880338    1.313524    39   702   706
   704  C      6.539673   11.584338    3.111524    41   702   707   708   709
   705  H      8.366621   12.549866    2.467779    38   702
   706  HO     8.405382   10.311346    1.951642    40   703
   707  H      7.014182   10.898268    3.828566    42   704
   708  H      5.666681   11.064001    2.690650    42   704
   709  H      6.162295   12.444678    3.683714    42   704
   710  N      7.954673   13.196338   -1.209476     7   698   711   714
   711  CA     9.117673   13.492338   -2.074476     8   710   712   715   716
   712  C      8.866673   14.541338   -3.142476     9   711   713   732
   713  O      9.742673   15.381338   -3.387476    11   712
   714  HN     7.058804   13.014282   -1.638864    10   710
   715  H      9.970197   13.799755   -1.451019    12   711
   716  C      9.713673   12.230338   -2.740476   182   711   717   721   722
   717  C     10.072673   11.072338   -1.809476   184   716   718   723   724
   718  C     11.267673   11.358338   -0.886476   186   717   719   725   726
   719  C     11.434673   10.229338    0.154524   188   718   720   727   728
   720  N     12.622673   10.410338    1.057524   190   719   729   730   731
   721  H     10.598708   12.538097   -3.316668   183   716
   722  H      9.006556   11.888547   -3.510648   183   716
   723  H     10.277088   10.171202   -2.406274   185   717
   724  H      9.195635   10.803977   -1.202198   185   717
   725  H     11.110264   12.315587   -0.367923   187   718
   726  H     12.184732   11.441561   -1.488203   187   718
   727  H     11.545321    9.252945   -0.339859   189   719
   728  H     10.544631   10.152564    0.796342   189   719
   729  HN    12.687273    9.624990    1.736240   191   720
   730  HN    12.542797   11.299733    1.590625   191   720
   731  HN    13.501502   10.437859    0.502094   191   720
   732  N      7.705673   14.478338   -3.791476     7   712   733   736
   733  CA     7.423673   15.325338   -4.952476     8   732   734   737   738
   734  C      7.045673   16.750338   -4.526476     9   733   735   750
   735  O      6.067673   16.925338   -3.808476    11   734
   736  HN     6.972238   13.887469   -3.426720    10   732
   737  H      8.308256   15.359752   -5.605415    12   733
   738  C      6.314673   14.725338   -5.819476   106   733   739   744   745
   739  C      6.272673   15.264338   -7.219476   108   738   740   741
   740  N      5.883673   16.557338   -7.516476   109   739   742   746
   741  C      6.550673   14.674338   -8.410476   111   739   743   747
   742  C      5.935673   16.740338   -8.826476   113   740   743   748
   743  N      6.338673   15.616338   -9.393476   115   741   742   749
   744  H      5.354348   14.910610   -5.316037   107   738
   745  H      6.454673   13.634483   -5.840355   107   738
   746  HN     5.605585   17.253187   -6.824478   110   740
   747  H      6.887063   13.649443   -8.567106   112   741
   748  H      5.688532   17.666731   -9.344952   114   742
   749  HN     6.471006   15.463005  -10.393164   116   743
   750  N      7.788673   17.770338   -5.022476    50   734   751   757
   751  CA     7.626673   19.168338   -4.586476    51   750   752   754   755
   752  C      6.311673   19.808338   -5.026476    52   751   753   764
   753  O      5.899673   20.824338   -4.450476    53   752
   754  H      7.713703   19.223852   -3.491330    54   751
   755  C      8.809673   19.880338   -5.239476    55   751   756   758   759
   756  C      9.125673   19.070338   -6.443476    57   755   757   760   761
   757  C      8.824673   17.644338   -6.066476    59   750   756   762   763
   758  H      9.670409   19.930052   -4.556349    56   755
   759  H      8.550575   20.914010   -5.512224    56   755
   760  H     10.178635   19.190061   -6.738326    58   756
   761  H      8.523173   19.389207   -7.306793    58   756
   762  H      9.720757   17.137808   -5.678583    60   757
   763  H      8.451594   17.074750   -6.930410    60   757
   764  N      5.658673   19.218338   -6.026476     7   752   765   768
   765  CA     4.334673   19.651338   -6.458476     8   764   766   769   770
   766  C      3.367673   19.567338   -5.274476     9   765   767   786
   767  O      2.855673   20.587338   -4.817476    11   766
   768  HN     6.096455   18.442805   -6.502916    10   764
   769  H      4.386845   20.689967   -6.816984    12   765
   770  C      3.848673   18.784338   -7.627476   182   765   771   775   776
   771  C      2.434673   19.034338   -8.120476   184   770   772   777   778
   772  C      2.227673   18.358338   -9.462476   186   771   773   779   780
   773  C      1.224673   19.127338  -10.341476   188   772   774   781   782
   774  N      1.131673   18.576338  -11.748476   190   773   783   784   785
   775  H      3.965021   17.729668   -7.337418   183   770
   776  H      4.562461   18.902970   -8.455988   183   770
   777  H      2.268208   20.116638   -8.224957   185   771
   778  H      1.715309   18.632192   -7.391920   185   771
   779  H      1.865693   17.331684   -9.304514   187   772
   780  H      3.191420   18.280670   -9.987033   187   772
   781  H      1.506807   20.187389  -10.423289   189   773
   782  H      0.214270   19.090293   -9.908217   189   773
   783  HN     0.445669   19.121601  -12.308553   191   774
   784  HN     0.825711   17.582517  -11.730947   191   774
   785  HN     2.056517   18.627216  -12.221419   191   774
   786  N      3.155673   18.348338   -4.769476     7   766   787   790
   787  CA     2.207673   18.081338   -3.691476     8   786   788   791   792
   788  C      2.726673   18.522338   -2.318476     9   787   789   808
   789  O      1.929673   18.784338   -1.422476    11   788
   790  HN     3.677276   17.572955   -5.152635    10   786
   791  H      1.256021   18.590023   -3.905014    12   787
   792  C      1.851673   16.591338   -3.666476   182   787   793   797   798
   793  C      0.836673   16.154338   -4.718476   184   792   794   799   800
   794  C      0.771673   14.624338   -4.812476   186   793   795   801   802
   795  C     -0.506327   14.142338   -5.508476   188   794   796   803   804
   796  N     -0.532327   12.657338   -5.764476   190   795   805   806   807
   797  H      1.478411   16.349747   -2.660340   183   792
   798  H      2.783865   16.019012   -3.782493   183   792
   799  H      1.119308   16.570638   -5.696644   185   793
   800  H     -0.156311   16.548655   -4.456757   185   793
   801  H      0.825219   14.191802   -3.802503   187   794
   802  H      1.650421   14.252417   -5.359721   187   794
   803  H     -0.637846   14.643870   -6.478614   189   795
   804  H     -1.395651   14.386537   -4.908918   189   795
   805  HN    -1.417886   12.384608   -6.236709   191   796
   806  HN    -0.461814   12.132188   -4.869576   191   796
   807  HN     0.263870   12.378614   -6.372739   191   796
   808  N      4.049673   18.593338   -2.147476     1   788   809   812
   809  CA     4.634673   18.939338   -0.845476     2   808   810   813   814
   810  C      4.605673   17.747338    0.099524     3   809   811   815
   811  O      4.234673   16.642338   -0.324476     5   810
   812  HN     4.651384   18.544468   -2.957202     4   808
   813  H      5.673970   19.271014   -0.986376     6   809
   814  H      4.073137   19.774179   -0.400822     6   809
   815  N      5.016673   17.942338    1.361524     7   810   816   819
   816  CA     4.916673   16.854338    2.340524     8   815   817   820   821
   817  C      3.478673   16.838338    2.816524     9   816   818   831
   818  O      3.040673   17.735338    3.547524    11   817
   819  HN     5.153065   18.887076    1.691626    10   815
   820  H      5.152259   15.897578    1.851535    12   816
   821  C      5.910673   16.965338    3.542524    15   816   822   823   824
   822  C      5.741673   15.785338    4.487524    17   821   825   826   827
   823  C      7.364673   17.034338    3.065524    17   821   828   829   830
   824  H      5.652045   17.883710    4.089976    16   821
   825  H      6.433941   15.846993    5.340146    18   822
   826  H      5.934008   14.828864    3.979425    18   822
   827  H      4.722106   15.737812    4.897676    18   822
   828  H      8.064739   17.112444    3.910395    18   823
   829  H      7.537174   17.905958    2.417047    18   823
   830  H      7.645218   16.139334    2.490840    18   823
   831  N      2.723673   15.842338    2.357524     7   817   832   835
   832  CA     1.323673   15.743338    2.718524     8   831   833   836   837
   833  C      1.189673   15.190338    4.143524     9   832   834   846
   834  O      2.091673   14.530338    4.656524    11   833
   835  HN     3.170873   15.054918    1.910219    10   831
   836  H      0.859617   16.739276    2.666003    12   832
   837  C      0.531673   14.913338    1.698524   153   832   838   842   843
   838  C      0.344673   15.564338    0.295524   155   837   839   844   845
   839  C     -0.335327   14.622338   -0.726476   157   838   840   841
   840  O     -0.016327   13.409338   -0.768476   158   839
   841  O     -1.183327   15.092338   -1.514476   158   839
   842  H     -0.449073   14.681832    2.139594   154   837
   843  H      1.029368   13.937614    1.597217   154   837
   844  H      1.322339   15.884370   -0.094026   156   838
   845  H     -0.246422   16.486725    0.394563   156   838
   846  N      0.060673   15.507338    4.775524     7   833   847   850
   847  CA    -0.250327   15.076338    6.134524     8   846   848   851   852
   848  C     -0.338327   13.543338    6.166524     9   847   849   868
   849  O     -1.015327   12.949338    5.320524    11   848
   850  HN    -0.616368   16.076518    4.287929    10   846
   851  H      0.543790   15.412876    6.817254    12   847
   852  C     -1.579327   15.696338    6.577524   182   847   853   857   858
   853  C     -1.667327   15.884338    8.065524   184   852   854   859   860
   854  C     -2.789327   16.838338    8.483524   186   853   855   861   862
   855  C     -3.301327   16.439338    9.877524   188   854   856   863   864
   856  N     -2.185327   16.280338   10.862524   190   855   865   866   867
   857  H     -2.390817   15.038593    6.232770   183   852
   858  H     -1.686355   16.665767    6.068848   183   852
   859  H     -0.705707   16.259465    8.445742   185   853
   860  H     -1.815374   14.908343    8.550823   185   853
   861  H     -3.613671   16.776017    7.757870   187   854
   862  H     -2.403242   17.867877    8.514966   187   854
   863  H     -3.841573   15.481963    9.837940   189   855
   864  H     -3.984716   17.202681   10.277881   189   855
   865  HN    -2.558342   16.010854   11.795175   191   856
   866  HN    -1.659309   17.171749   10.963969   191   856
   867  HN    -1.523763   15.542357   10.547378   191   856
   868  N      0.370673   12.954338    7.128524     7   848   869   872
   869  CA     0.500673   11.504338    7.351524     8   868   870   873   874
   870  C      1.460673   10.815338    6.361524     9   869   871   889
   871  O      1.607673    9.597338    6.380524    11   870
   872  HN     0.866708   13.560489    7.766199    10   868
   873  H      0.840851   11.320245    8.381276    12   869
   874  C     -0.864327   10.803338    7.420524    70   869   875   882   883
   875  C     -1.739327   11.377338    8.544524    72   874   876   877
   876  C     -1.492327   11.052338    9.876524    73   875   878   884
   877  C     -2.769327   12.255338    8.269524    73   875   879   885
   878  C     -2.280327   11.562338   10.918524    75   876   880   886
   879  C     -3.564327   12.784338    9.309524    75   877   880   887
   880  C     -3.303327   12.411338   10.628524    77   878   879   881
   881  OH    -4.072327   12.926338   11.669524    78   880   888
   882  H     -0.685726    9.731691    7.592788    71   874
   883  H     -1.363081   10.938106    6.449400    71   874
   884  H     -0.670119   10.383474   10.130878    74   876
   885  H     -2.972525   12.551951    7.240529    74   877
   886  H     -2.061802   11.289347   11.950911    76   878
   887  H     -4.374106   13.476389    9.078387    76   879
   888  HO    -4.735115   13.521967   11.286329    79   881
   889  N      2.198673   11.676338    5.607524     1   870   890   893
   890  CA     3.197673   11.187338    4.663524     2   889   891   894   895
   891  C      4.331673   10.590338    5.476524     3   890   892   896
   892  O      4.684673    9.433338    5.270524     5   891
   893  HN     2.166525   12.663451    5.818886     4   889
   894  H      2.751800   10.408172    4.027837     6   890
   895  H      3.578358   12.027261    4.063851     6   890
   896  N      4.926673   11.365338    6.411524    50   891   897   903
   897  CA     6.021673   10.785338    7.217524    51   896   898   900   901
   898  C      5.611673    9.555338    8.064524    52   897   899   910
   899  O      6.417673    8.647338    8.293524    53   898
   900  H      6.859259   10.514297    6.557989    54   897
   901  C      6.444673   11.947338    8.127524    55   897   902   904   905
   902  C      6.018673   13.185338    7.378524    57   901   903   906   907
   903  C      4.714673   12.794338    6.736524    59   896   902   908   909
   904  H      7.530861   11.941519    8.301198    56   901
   905  H      5.949580   11.885429    9.107856    56   901
   906  H      6.765134   13.469191    6.622069    58   902
   907  H      5.886125   14.037498    8.061352    58   902
   908  H      4.525646   13.385096    5.828078    60   903
   909  H      3.873643   12.923197    7.433707    60   903
   910  N      4.368673    9.558338    8.534524     7   898   911   914
   911  CA     3.821673    8.504338    9.384524     8   910   912   915   916
   912  C      3.597673    7.257338    8.545524     9   911   913   925
   913  O      3.905673    6.165338    8.991524    11   912
   914  HN     3.768563   10.333093    8.290141    10   910
   915  H      4.531950    8.279664   10.193863    12   911
   916  C      2.485673    8.954338    9.998524   153   911   917   921   922
   917  C      2.585673    9.997338   11.153524   155   916   918   923   924
   918  C      2.848673   11.417338   10.677524   157   917   919   920
   919  O      2.760673   11.684338    9.452524   158   918
   920  O      3.138673   12.286338   11.537524   158   918
   921  H      1.954438    8.056496   10.347333   154   916
   922  H      1.857139    9.350414    9.187310   154   916
   923  H      3.375959    9.693114   11.855590   156   917
   924  H      1.661321    9.975092   11.749409   156   917
   925  N      3.066673    7.416338    7.332524     7   912   926   929
   926  CA     2.930673    6.258338    6.433524     8   925   927   930   931
   927  C      4.289673    5.658338    6.111524     9   926   928   935
   928  O      4.475673    4.431338    6.167524    11   927
   929  HN     2.998422    8.346963    6.946028    10   925
   930  H      2.296350    5.496238    6.909798    12   926
   931  C      2.158673    6.610338    5.169524    13   926   932   933   934
   932  H      2.073107    5.727783    4.518544    14   931
   933  H      2.677492    7.407714    4.617240    14   931
   934  H      1.147579    6.958988    5.426687    14   931
   935  N      5.269673    6.530338    5.826524     7   927   936   939
   936  CA     6.638673    6.079338    5.598524     8   935   937   940   941
   937  C      7.210673    5.255338    6.714524     9   936   938   946
   938  O      7.785673    4.190338    6.458524    11   937
   939  HN     5.090507    7.519014    5.929091    10   935
   940  H      6.685644    5.508609    4.659342    12   936
   941  C      7.563673    7.259338    5.287524    33   936   942   943   944
   942  OH     7.211673    7.751338    4.026524    35   941   945
   943  H      8.605373    6.906615    5.266375    34   941
   944  H      7.414412    8.044878    6.042936    34   941
   945  HO     7.784607    8.474250    3.845571    36   942
   946  N      7.061673    5.742338    7.952524     7   937   947   950
   947  CA     7.667673    5.084338    9.106524     8   946   948   951   952
   948  C      6.989673    3.718338    9.387524     9   947   949   956
   949  O      7.632673    2.745338    9.753524    11   948
   950  HN     6.408797    6.497442    8.106378    10   946
   951  H      8.740679    4.930168    8.919737    12   947
   952  C      7.540673    5.996338   10.339524    13   947   953   954   955
   953  H      7.993519    5.512969   11.217752    14   952
   954  H      6.481087    6.198682   10.554776    14   952
   955  H      8.053375    6.952664   10.159033    14   952
   956  N      5.678673    3.682338    9.219524     7   948   957   960
   957  CA     4.885673    2.438338    9.363524     8   956   958   961   962
   958  C      5.377673    1.352338    8.388524     9   957   959   976
   959  O      5.739673    0.253338    8.796524    11   958
   960  HN     5.197444    4.538295    8.983186    10   956
   961  H      4.966872    2.068614   10.396341    12   957
   962  C      3.406673    2.784338    9.146524    61   957   963   969   970
   963  C      2.447673    1.614338    9.356524    63   962   964   965
   964  C      1.856673    1.404338   10.594524    64   963   966   971
   965  C      2.115673    0.771338    8.297524    64   963   967   972
   966  C      0.939673    0.332338   10.805524    66   964   968   973
   967  C      1.216673   -0.302662    8.478524    66   965   968   974
   968  C      0.625673   -0.505662    9.754524    68   966   967   975
   969  H      3.298427    3.181060    8.126282    62   962
   970  H      3.148931    3.608929    9.827420    62   962
   971  H      2.075949    2.076439   11.424162    65   964
   972  H      2.541400    0.944313    7.309123    65   965
   973  H      0.487775    0.186850   11.786708    67   966
   974  H      0.967858   -0.952434    7.639485    67   967
   975  H     -0.069860   -1.330763    9.907956    69   968
   976  N      5.436673    1.680338    7.100524     7   958   977   980
   977  CA     5.932673    0.742338    6.099524     8   976   978   981   982
   978  C      7.379673    0.335338    6.368524     9   977   979   990
   979  O      7.716673   -0.850662    6.338524    11   978
   980  HN     5.263104    2.638019    6.830672    10   976
   981  H      5.295124   -0.153993    6.088446    12   977
   982  C      5.761673    1.346338    4.691524    37   977   983   984   985
   983  OH     4.353673    1.505338    4.450524    39   982   986
   984  C      6.423673    0.460338    3.577524    41   982   987   988   989
   985  H      6.221685    2.345321    4.712073    38   982
   986  HO     4.263546    1.873723    3.590425    40   983
   987  H      6.294461    0.902364    2.578566    42   984
   988  H      5.984490   -0.547743    3.547681    42   984
   989  H      7.504370    0.340745    3.744234    42   984
   990  N      8.233673    1.310338    6.684524     7   978   991   994
   991  CA     9.632673    0.974338    7.004524     8   990   992   995   996
   992  C      9.721673   -0.059662    8.126524     9   991   993  1012
   993  O     10.410673   -1.076662    8.012524    11   992
   994  HN     7.868485    2.208188    6.968430    10   990
   995  H     10.131526    0.584112    6.105152    12   991
   996  C     10.425673    2.258338    7.354524   182   991   997  1001  1002
   997  C     11.885673    2.033338    7.772524   184   996   998  1003  1004
   998  C     12.559673    3.429338    8.010524   186   997   999  1005  1006
   999  C     14.003673    3.283338    8.546524   188   998  1000  1007  1008
  1000  N     14.920673    3.017338    7.420524   190   999  1009  1010  1011
  1001  H      9.882322    2.784036    8.153531   183   996
  1002  H     10.382676    2.929986    6.484443   183   996
  1003  H     12.418834    1.499920    6.971771   185   997
  1004  H     11.915069    1.447930    8.703348   185   997
  1005  H     11.959182    4.009724    8.726460   187   998
  1006  H     12.573479    3.995922    7.067766   187   998
  1007  H     14.080924    2.432429    9.239334   189   999
  1008  H     14.339100    4.213292    9.028887   189   999
  1009  HN    15.897608    2.916122    7.762508   191  1000
  1010  HN    14.891766    3.798760    6.734854   191  1000
  1011  HN    14.651330    2.140261    6.930840   191  1000
  1012  N      9.031673    0.195338    9.224524     7   992  1013  1016
  1013  CA     9.127673   -0.689662   10.382524     8  1012  1014  1017  1018
  1014  C      8.588673   -2.059662   10.000524     9  1013  1015  1034
  1015  O      9.200673   -3.087662   10.309524    11  1014
  1016  HN     8.282985    0.872169    9.186240    10  1012
  1017  H     10.180334   -0.781415   10.688278    12  1013
  1018  C      8.345673   -0.081662   11.547524   182  1013  1019  1023  1024
  1019  C      8.229673   -0.909662   12.789524   184  1018  1020  1025  1026
  1020  C      7.507673   -0.104662   13.891524   186  1019  1021  1027  1028
  1021  C      6.805673   -1.035662   14.909524   188  1020  1022  1029  1030
  1022  N      7.639673   -1.209662   16.161524   190  1021  1031  1032  1033
  1023  H      7.344439    0.186519   11.179273   183  1018
  1024  H      8.797067    0.892752   11.785767   183  1018
  1025  H      9.234233   -1.190759   13.138585   185  1019
  1026  H      7.659230   -1.824043   12.569293   185  1019
  1027  H      6.764430    0.563001   13.431289   187  1020
  1028  H      8.234522    0.532246   14.416919   187  1020
  1029  H      6.646072   -2.036164   14.481128   189  1021
  1030  H      5.835449   -0.619152   15.218045   189  1021
  1031  HN     7.157053   -1.836725   16.836409   191  1022
  1032  HN     7.800045   -0.291477   16.622845   191  1022
  1033  HN     8.563666   -1.626327   15.928656   191  1022
  1034  N      7.441673   -2.086662    9.327524     7  1014  1035  1038
  1035  CA     6.835673   -3.356662    8.914524     8  1034  1036  1039  1040
  1036  C      7.757673   -4.209662    8.022524     9  1035  1037  1051
  1037  O      7.870673   -5.429662    8.205524    11  1036
  1038  HN     7.072255   -1.223727    8.954733    10  1034
  1039  H      6.550171   -3.934351    9.806020    12  1035
  1040  C      5.495673   -3.072662    8.207524   175  1035  1041  1044  1045
  1041  C      4.620673   -4.314662    7.986524   177  1040  1042  1046  1047
  1042  S      2.940673   -3.816662    7.609524   179  1041  1043
  1043  C      2.246673   -5.479662    7.588524   180  1042  1048  1049  1050
  1044  H      5.717390   -2.592209    7.243156   176  1040
  1045  H      4.948868   -2.328793    8.805574   176  1040
  1046  H      4.624918   -4.933375    8.896016   178  1041
  1047  H      5.025030   -4.904728    7.150870   178  1041
  1048  H      1.169972   -5.439141    7.366998   181  1043
  1049  H      2.388169   -5.962666    8.566627   181  1043
  1050  H      2.743061   -6.088695    6.818668   181  1043
  1051  N      8.376673   -3.598662    7.020524     7  1036  1052  1055
  1052  CA     9.223673   -4.409662    6.126524     8  1051  1053  1056  1057
  1053  C     10.600673   -4.703662    6.715524     9  1052  1054  1067
  1054  O     11.135673   -5.781662    6.500524    11  1053
  1055  HN     8.539017   -2.603525    7.079232    10  1051
  1056  H      8.713157   -5.356359    5.896009    12  1052
  1057  C      9.323673   -3.854662    4.653524    15  1052  1058  1059  1060
  1058  C      7.907673   -3.930662    3.968524    17  1057  1061  1062  1063
  1059  C      9.900673   -2.411662    4.566524    17  1057  1064  1065  1066
  1060  H     10.006852   -4.519737    4.104943    16  1057
  1061  H      7.936243   -3.551263    2.936419    18  1058
  1062  H      7.161186   -3.335225    4.514612    18  1058
  1063  H      7.533293   -4.964123    3.926134    18  1058
  1064  H      9.955186   -2.059409    3.525877    18  1059
  1065  H     10.917030   -2.356127    4.983578    18  1059
  1066  H      9.280133   -1.693236    5.122216    18  1059
  1067  N     11.162673   -3.736662    7.455524     7  1053  1068  1071
  1068  CA    12.505673   -3.919662    8.026524     8  1067  1069  1072  1073
  1069  C     12.499673   -4.943662    9.132524     9  1068  1070  1082
  1070  O     13.472673   -5.681662    9.274524    11  1069
  1071  HN    10.584012   -2.982562    7.796969    10  1067
  1072  H     13.200786   -4.237624    7.235501    12  1068
  1073  C     13.099673   -2.609662    8.539524   153  1068  1074  1078  1079
  1074  C     13.789673   -1.795662    7.461524   155  1073  1075  1080  1081
  1075  C     14.273673   -0.449662    7.951524   157  1074  1076  1077
  1076  O     14.173673   -0.157662    9.177524   158  1075
  1077  O     14.693673    0.356338    7.094524   158  1075
  1078  H     13.812262   -2.852699    9.341491   154  1073
  1079  H     12.285778   -2.023199    8.990784   154  1073
  1080  H     13.103620   -1.652768    6.613637   156  1074
  1081  H     14.638802   -2.366356    7.057435   156  1074
  1082  N     11.395673   -5.013662    9.872524     7  1069  1083  1086
  1083  CA    11.281673   -5.935662   11.012524     8  1082  1084  1087  1088
  1084  C     10.902673   -7.346662   10.637524     9  1083  1085  1096
  1085  O     11.005673   -8.242662   11.465524    11  1084
  1086  HN    10.593565   -4.459353    9.608962    10  1082
  1087  H     12.228514   -5.946239   11.572328    12  1083
  1088  C     10.345673   -5.383662   12.109524   147  1083  1089  1092  1093
  1089  C     10.968673   -4.173662   12.900524   149  1088  1090  1091
  1090  O     12.152673   -3.830662   12.761524   150  1089
  1091  N     10.136673   -3.534662   13.722524   151  1089  1094  1095
  1092  H     10.114118   -6.206484   12.801873   148  1088
  1093  H      9.406058   -5.074681   11.628218   148  1088
  1094  HN     9.173974   -3.825696   13.815313   152  1091
  1095  HN    10.461434   -2.747272   14.265338   152  1091
  1096  N     10.473673   -7.550662    9.385524     7  1084  1097  1100
  1097  CA     9.977673   -8.852662    8.931524     8  1096  1098  1101  1102
  1098  C     11.098673   -9.862662    8.796524     9  1097  1099  1106
  1099  O     12.212673   -9.503662    8.400524    11  1098
  1100  HN    10.492611   -6.780932    8.731875    10  1096
  1101  H      9.228349   -9.228767    9.643604    12  1097
  1102  C      9.242673   -8.714662    7.581524    13  1097  1103  1104  1105
  1103  H      8.873701   -9.695762    7.247906    14  1102
  1104  H      9.924891   -8.315083    6.816727    14  1102
  1105  H      8.386745   -8.031249    7.683176    14  1102
  1106  N     10.806673  -11.119662    9.131524     7  1098  1107  1110
  1107  CA    11.712673  -12.234662    8.819524     8  1106  1108  1111  1112
  1108  C     11.663673  -12.536662    7.331524     9  1107  1109  1128
  1109  O     12.694673  -12.799662    6.723524    11  1108
  1110  HN     9.904464  -11.320990    9.538446    10  1106
  1111  H     12.739807  -11.964286    9.105695    12  1107
  1112  C     11.343673  -13.491662    9.598524   182  1107  1113  1117  1118
  1113  C     11.230673  -13.279662   11.114524   184  1112  1114  1119  1120
  1114  C     10.913673  -14.603662   11.822524   186  1113  1115  1121  1122
  1115  C      9.452673  -15.027662   11.596524   188  1114  1116  1123  1124
  1116  N      9.127673  -16.376662   12.155524   190  1115  1125  1126  1127
  1117  H     12.101635  -14.258693    9.381367   183  1112
  1118  H     10.390718  -13.869229    9.199375   183  1112
  1119  H     10.434118  -12.550827   11.324998   185  1113
  1120  H     12.177850  -12.874607   11.500251   185  1113
  1121  H     11.102653  -14.497779   12.900984   187  1114
  1122  H     11.586172  -15.389958   11.449049   187  1114
  1123  H      9.212603  -15.051794   10.523312   189  1115
  1124  H      8.759544  -14.307565   12.055907   189  1115
  1125  HN     8.131221  -16.614663   11.976531   191  1116
  1126  HN     9.290406  -16.394176   13.182564   191  1116
  1127  HN     9.724013  -17.106452   11.715769   191  1116
  1128  N     10.459673  -12.490662    6.746524     7  1108  1129  1132
  1129  CA    10.266673  -12.942662    5.363524     8  1128  1130  1133  1134
  1130  C      9.374673  -11.974662    4.602524     9  1129  1131  1150
  1131  O      8.262673  -11.657662    5.068524    11  1130
  1132  HN     9.707617  -12.002612    7.211625    10  1128
  1133  H     11.242639  -13.014930    4.861261    12  1129
  1134  C      9.593673  -14.320662    5.375524   182  1129  1135  1139  1140
  1135  C     10.449673  -15.414662    6.005524   184  1134  1136  1141  1142
  1136  C      9.560673  -16.537662    6.520524   186  1135  1137  1143  1144
  1137  C      9.305673  -17.597662    5.473524   188  1136  1138  1145  1146
  1138  N      8.594673  -18.763662    6.141524   190  1137  1147  1148  1149
  1139  H      9.348502  -14.586241    4.336602   183  1134
  1140  H      8.642105  -14.227461    5.919429   183  1134
  1141  H     11.028890  -14.992785    6.840106   185  1135
  1142  H     11.147048  -15.813613    5.254187   185  1135
  1143  H      8.601813  -16.119987    6.861310   187  1136
  1144  H     10.026283  -16.998745    7.404045   187  1136
  1145  H     10.252176  -17.982013    5.065594   189  1137
  1146  H      8.640353  -17.217619    4.684273   189  1137
  1147  HN     8.401158  -19.516426    5.450512   191  1138
  1148  HN     7.690515  -18.452778    6.550730   191  1138
  1149  HN     9.181345  -19.159793    6.903427   191  1138
  1150  N      9.859673  -11.495662    3.462524     7  1130  1151  1154
  1151  CA     9.078673  -10.612662    2.594524     8  1150  1152  1155  1156
  1152  C      8.610673  -11.420662    1.394524     9  1151  1153  1169
  1153  O      9.381673  -12.212662    0.830524    11  1152
  1154  HN    10.797420  -11.748768    3.185635    10  1150
  1155  H      8.205140  -10.234555    3.145864    12  1151
  1156  C      9.903673   -9.410662    2.096524    25  1151  1157  1158  1160
  1157  C     10.297673   -8.479662    3.275524    27  1156  1159  1161  1162
  1158  C      9.150673   -8.641662    0.989524    29  1156  1163  1164  1165
  1159  C      9.165673   -7.841662    3.994524    31  1157  1166  1167  1168
  1160  H     10.826424   -9.814831    1.654735    26  1156
  1161  H     10.988223   -7.702968    2.915126    28  1157
  1162  H     10.919947   -9.036876    3.991266    28  1157
  1163  H      9.732024   -7.781002    0.627178    30  1158
  1164  H      8.185648   -8.255442    1.349470    30  1158
  1165  H      8.941876   -9.283482    0.120922    30  1158
  1166  H      9.517761   -7.198288    4.814344    32  1159
  1167  H      8.491375   -8.591217    4.434398    32  1159
  1168  H      8.561889   -7.213586    3.322984    32  1159
  1169  N      7.366673  -11.203662    0.983524     7  1152  1170  1173
  1170  CA     6.865673  -11.851662   -0.218476     8  1169  1171  1174  1175
  1171  C      6.199673  -10.791662   -1.040476     9  1170  1172  1184
  1172  O      5.664673   -9.816662   -0.499476    11  1171
  1173  HN     6.850861  -10.427314    1.372525    10  1169
  1174  H      7.707299  -12.279418   -0.783002    12  1170
  1175  C      5.847673  -12.934662    0.132524   153  1170  1176  1180  1181
  1176  C      6.446673  -14.218662    0.676524   155  1175  1177  1182  1183
  1177  C      5.403673  -15.156662    1.321524   157  1176  1178  1179
  1178  O      4.745673  -14.758662    2.314524   158  1177
  1179  O      5.273673  -16.288662    0.834524   158  1177
  1180  H      5.256428  -13.148229   -0.770149   154  1175
  1181  H      5.140932  -12.510943    0.861207   154  1175
  1182  H      7.227596  -13.976584    1.412430   156  1176
  1183  H      6.969387  -14.751231   -0.131648   156  1176
  1184  N      6.272673  -10.979662   -2.360476     7  1171  1185  1188
  1185  CA     5.509673  -10.193662   -3.310476     8  1184  1186  1189  1190
  1186  C      4.470673  -11.090662   -3.980476     9  1185  1187  1200
  1187  O      4.737673  -12.274662   -4.252476    11  1186
  1188  HN     6.886058  -11.700738   -2.712481    10  1184
  1189  H      5.001071   -9.372973   -2.783415    12  1185
  1190  C      6.392673   -9.490662   -4.362476    15  1185  1191  1192  1193
  1191  C      7.441673   -8.610662   -3.670476    17  1190  1194  1195  1196
  1192  C      7.043673  -10.435662   -5.333476    17  1190  1197  1198  1199
  1193  H      5.732217   -8.838300   -4.952579    16  1190
  1194  H      8.085037   -8.097605   -4.400445    18  1191
  1195  H      8.098340   -9.202352   -3.015730    18  1191
  1196  H      6.972280   -7.835212   -3.047300    18  1191
  1197  H      7.663864   -9.899195   -6.066665    18  1192
  1198  H      6.297355  -11.013785   -5.898085    18  1192
  1199  H      7.695899  -11.157698   -4.820382    18  1192
  1200  N      3.298673  -10.514662   -4.230476     7  1186  1201  1204
  1201  CA     2.200673  -11.197662   -4.897476     8  1200  1202  1205  1206
  1202  C      1.687673  -10.263662   -6.026476     9  1201  1203  1215
  1203  O      1.035673   -9.265662   -5.755476    11  1202
  1204  HN     3.163956   -9.555788   -3.943229    10  1200
  1205  H      2.565613  -12.138004   -5.336311    12  1201
  1206  C      1.083673  -11.461662   -3.885476   153  1201  1207  1211  1212
  1207  C     -0.180327  -12.126662   -4.435476   155  1206  1208  1213  1214
  1208  C     -1.298327  -12.188662   -3.398476   157  1207  1209  1210
  1209  O     -1.736327  -11.149662   -2.859476   158  1208
  1210  O     -1.712327  -13.312662   -3.075476   158  1208
  1211  H      0.827660  -10.504734   -3.407202   154  1206
  1212  H      1.503251  -12.068259   -3.069391   154  1206
  1213  H      0.059444  -13.144039   -4.778193   156  1207
  1214  H     -0.530355  -11.574676   -5.320231   156  1207
  1215  N      2.055673  -10.565662   -7.269476     7  1202  1216  1219
  1216  CA     1.471673   -9.874662   -8.432476     8  1215  1217  1220  1221
  1217  C     -0.024327  -10.210662   -8.557476     9  1216  1218  1235
  1218  O     -0.486327  -11.293662   -8.128476    11  1217
  1219  HN     2.644547  -11.371611   -7.423662    10  1215
  1220  H      1.595320   -8.788055   -8.314164    12  1216
  1221  C      2.242673  -10.203662   -9.734476    61  1216  1222  1228  1229
  1222  C      3.688673   -9.756662   -9.733476    63  1221  1223  1224
  1223  C      4.037673   -8.432662  -10.079476    64  1222  1225  1230
  1224  C      4.694673  -10.651662   -9.380476    64  1222  1226  1231
  1225  C      5.357673   -8.015662  -10.095476    66  1223  1227  1232
  1226  C      6.028673  -10.250662   -9.363476    66  1224  1227  1233
  1227  C      6.378673   -8.923662   -9.745476    68  1225  1226  1234
  1228  H      1.705110   -9.736690  -10.572905    62  1221
  1229  H      2.184865  -11.290162   -9.896266    62  1221
  1230  H      3.261190   -7.717837  -10.351872    65  1223
  1231  H      4.441301  -11.675256   -9.104509    65  1224
  1232  H      5.601426   -6.988295  -10.366036    67  1225
  1233  H      6.807653  -10.960546   -9.085348    67  1226
  1234  H      7.422501   -8.610064   -9.732118    69  1227
  1235  N     -0.803327   -9.275662   -9.109476     7  1217  1236  1239
  1236  CA    -2.219327   -9.539662   -9.371476     8  1235  1237  1240  1241
  1237  C     -2.359327  -10.121662  -10.790476     9  1236  1238  1247
  1238  O     -1.358327  -10.365662  -11.463476    11  1237
  1239  HN    -0.372613   -8.460707   -9.522312    10  1235
  1240  H     -2.599384  -10.265681   -8.637682    12  1236
  1241  C     -3.044327   -8.249662   -9.193476   137  1236  1242  1245  1246
  1242  C     -4.472327   -8.516662   -8.753476   139  1241  1243  1244
  1243  O     -4.995327   -9.594662   -9.110476   140  1242
  1244  O     -5.063327   -7.640662   -8.051476   140  1242
  1245  H     -3.040646   -7.710951  -10.152526   138  1241
  1246  H     -2.532761   -7.621106   -8.449690   138  1241
  1247  N     -3.598327  -10.296662  -11.251476     7  1237  1248  1251
  1248  CA    -3.892327  -10.839662  -12.597476     8  1247  1249  1252  1253
  1249  C     -3.732327   -9.869662  -13.785476     9  1248  1250  1269
  1250  O     -3.831327  -10.288662  -14.947476    11  1249
  1251  HN    -4.373384  -10.046890  -10.653980    10  1247
  1252  H     -3.282211  -11.738107  -12.772274    12  1248
  1253  C     -5.300327  -11.461662  -12.605476   182  1248  1254  1258  1259
  1254  C     -6.350327  -10.490662  -12.072476   184  1253  1255  1260  1261
  1255  C     -7.833327  -10.883662  -12.305476   186  1254  1256  1262  1263
  1256  C     -8.693327   -9.602662  -12.557476   188  1255  1257  1264  1265
  1257  N     -9.937327   -9.738662  -11.810476   190  1256  1266  1267  1268
  1258  H     -5.273606  -12.366872  -11.981071   183  1253
  1259  H     -5.539707  -11.743152  -13.641556   183  1253
  1260  H     -6.166825   -9.488037  -12.486083   185  1254
  1261  H     -6.180285  -10.318663  -10.999395   185  1254
  1262  H     -8.215771  -11.414591  -11.421252   187  1255
  1263  H     -7.903812  -11.550622  -13.177368   187  1255
  1264  H     -8.958754   -9.511178  -13.621045   189  1256
  1265  H     -8.181175   -8.705558  -12.179449   189  1256
  1266  HN   -10.540371   -8.903262  -11.952056   191  1257
  1267  HN    -9.742751   -9.835003  -10.793393   191  1257
  1268  HN   -10.461510  -10.579683  -12.125939   191  1257
  1269  N     -3.482327   -8.592662  -13.516476     1  1249  1270  1273
  1270  CA    -3.285327   -7.610662  -14.577476     2  1269  1271  1274  1275
  1271  C     -1.827327   -7.205662  -14.783476     3  1270  1272  1276
  1272  O     -0.919327   -7.986662  -14.550476     5  1271
  1273  HN    -3.326813   -8.315557  -12.557764     4  1269
  1274  H     -3.694481   -8.001992  -15.520584     6  1270
  1275  H     -3.888694   -6.715552  -14.365990     6  1270
  1276  N     -1.633327   -5.961662  -15.204476     7  1271  1277  1280
  1277  CA    -0.348327   -5.402662  -15.549476     8  1276  1278  1281  1282
  1278  C      0.597673   -5.448662  -14.334476     9  1277  1279  1293
  1279  O      0.186673   -5.184662  -13.198476    11  1278
  1280  HN    -2.442876   -5.363732  -15.289389    10  1276
  1281  H      0.090987   -5.976417  -16.378818    12  1277
  1282  C     -0.569327   -3.976662  -16.109476   167  1277  1283  1287  1288
  1283  C     -1.381327   -4.040662  -17.403476   169  1282  1284  1289  1290
  1284  C     -1.600327   -2.719662  -18.048476   171  1283  1285  1286
  1285  O     -0.793327   -1.789662  -17.885476   172  1284
  1286  N     -2.677327   -2.621662  -18.838476   173  1284  1291  1292
  1287  H      0.418211   -3.534003  -16.306511   168  1282
  1288  H     -1.115298   -3.396437  -15.351020   168  1282
  1289  H     -2.352370   -4.517582  -17.204422   170  1283
  1290  H     -0.886535   -4.718833  -18.114297   170  1283
  1291  HN    -3.293285   -3.410218  -18.975866   174  1286
  1292  HN    -2.887024   -1.752730  -19.308672   174  1286
  1293  N      1.845673   -5.846662  -14.563476     7  1278  1294  1297
  1294  CA     2.745673   -6.111662  -13.444476     8  1293  1295  1298  1299
  1295  C      3.750673   -5.012662  -13.169476     9  1294  1296  1317
  1296  O      4.462673   -5.075662  -12.163476    11  1295
  1297  HN     2.235141   -5.729520  -15.487972    10  1293
  1298  H      2.155590   -6.305221  -12.536546    12  1294
  1299  C      3.459673   -7.447662  -13.629476   202  1294  1300  1306  1307
  1300  C      2.575673   -8.665662  -13.323476   204  1299  1301  1308  1309
  1301  C      1.760673   -9.181662  -14.538476   206  1300  1302  1310  1311
  1302  N      0.665673  -10.053662  -14.055476   208  1301  1303  1312
  1303  C      0.653673  -11.378662  -14.098476   210  1302  1304  1305
  1304  N      1.631673  -12.059662  -14.706476   211  1303  1313  1314
  1305  N     -0.383327  -12.024662  -13.567476   211  1303  1315  1316
  1306  H      4.344600   -7.451398  -12.976107   203  1299
  1307  H      3.821701   -7.496703  -14.667036   203  1299
  1308  H      1.890414   -8.423836  -12.497680   205  1300
  1309  H      3.198363   -9.480767  -12.926159   205  1300
  1310  H      2.420156   -9.755898  -15.205811   207  1301
  1311  H      1.335507   -8.326999  -15.085088   207  1301
  1312  HN    -0.138620   -9.587952  -13.660094   209  1302
  1313  HN     2.413326  -11.603199  -15.154539   212  1304
  1314  HN     1.587384  -13.068621  -14.718293   212  1304
  1315  HN    -1.158586  -11.543377  -13.134535   212  1305
  1316  HN    -0.395498  -13.034109  -13.598614   212  1305
  1317  N      3.825673   -4.035662  -14.079476     7  1295  1318  1321
  1318  CA     4.682673   -2.852662  -13.900476     8  1317  1319  1322  1323
  1319  C      3.926673   -1.573662  -14.297476     9  1318  1320  1331
  1320  O      3.069673   -1.580662  -15.216476    11  1319
  1321  HN     3.273261   -4.112523  -14.921517    10  1317
  1322  H      4.996310   -2.782241  -12.848491    12  1318
  1323  C      6.042673   -2.933662  -14.670476    37  1318  1324  1325  1326
  1324  OH     5.831673   -2.687662  -16.064476    39  1323  1327
  1325  C      6.730673   -4.275662  -14.525476    41  1323  1328  1329  1330
  1326  H      6.684994   -2.133624  -14.273785    38  1323
  1327  HO     6.671529   -2.746543  -16.482538    40  1324
  1328  H      7.682588   -4.304274  -15.075966    42  1325
  1329  H      6.105887   -5.094782  -14.911074    42  1325
  1330  H      6.955208   -4.503995  -13.473122    42  1325
  1331  N      4.212673   -0.473662  -13.605476     7  1319  1332  1335
  1332  CA     3.675673    0.830338  -14.066476     8  1331  1333  1336  1337
  1333  C      4.568673    1.431338  -15.145476     9  1332  1334  1343
  1334  O      5.529673    0.802338  -15.581476    11  1333
  1335  HN     5.001862   -0.482990  -12.975243    10  1331
  1336  H      2.660842    0.688760  -14.466569    12  1332
  1337  C      3.369673    1.822338  -12.910476   137  1332  1338  1341  1342
  1338  C      4.595673    2.275338  -12.133476   139  1337  1339  1340
  1339  O      5.754673    2.122338  -12.587476   140  1338
  1340  O      4.389673    2.823338  -11.026476   140  1338
  1341  H      2.651362    1.339319  -12.231712   138  1337
  1342  H      2.853558    2.693497  -13.340252   138  1337
  1343  N      4.269673    2.656338  -15.557476     7  1333  1344  1347
  1344  CA     5.030673    3.264338  -16.638476     8  1343  1345  1348  1349
  1345  C      6.433673    3.691338  -16.200476     9  1344  1346  1365
  1346  O      7.303673    3.989338  -17.026476    11  1345
  1347  HN     3.700437    3.246121  -14.967369    10  1343
  1348  H      5.107306    2.556448  -17.476938    12  1344
  1349  C      4.209673    4.429338  -17.227476   182  1344  1350  1354  1355
  1350  C      2.988673    3.908338  -18.023476   184  1349  1351  1356  1357
  1351  C      2.231673    5.043338  -18.753476   186  1350  1352  1358  1359
  1352  C      1.124673    4.493338  -19.656476   188  1351  1353  1360  1361
  1353  N     -0.032327    5.464338  -19.783476   190  1352  1362  1363  1364
  1354  H      4.870823    5.008345  -17.889014   183  1349
  1355  H      3.872673    5.061441  -16.392684   183  1349
  1356  H      2.300606    3.387640  -17.341246   185  1350
  1357  H      3.320940    3.158140  -18.756143   185  1350
  1358  H      2.940905    5.628756  -19.357029   187  1351
  1359  H      1.794479    5.728850  -18.012575   187  1351
  1360  H      0.720060    3.553330  -19.253148   189  1352
  1361  H      1.504445    4.302516  -20.671050   189  1352
  1362  HN    -0.771710    5.071219  -20.400218   191  1353
  1363  HN     0.291029    6.364906  -20.190930   191  1353
  1364  HN    -0.450316    5.656828  -18.850828   191  1353
  1365  N      6.646673    3.692338  -14.878476     7  1345  1366  1369
  1366  CA     7.920673    4.103338  -14.288476     8  1365  1367  1370  1371
  1367  C      8.831673    2.913338  -13.986476     9  1366  1368  1386
  1368  O      9.846673    3.070338  -13.328476    11  1367
  1369  HN     5.899654    3.398274  -14.265622    10  1365
  1370  H      8.435119    4.795646  -14.971158    12  1366
  1371  C      7.647673    4.891338  -13.003476    70  1366  1372  1379  1380
  1372  C      6.793673    6.117338  -13.237476    72  1371  1373  1374
  1373  C      7.382673    7.325338  -13.692476    73  1372  1375  1381
  1374  C      5.405673    6.084338  -13.026476    73  1372  1376  1382
  1375  C      6.609673    8.455338  -13.926476    75  1373  1377  1383
  1376  C      4.599673    7.213338  -13.279476    75  1374  1377  1384
  1377  C      5.229673    8.414338  -13.707476    77  1375  1376  1378
  1378  OH     4.483673    9.545338  -13.965476    78  1377  1385
  1379  H      8.617114    5.184466  -12.574220    71  1371
  1380  H      7.149623    4.216087  -12.292152    71  1371
  1381  H      8.456169    7.373207  -13.875273    74  1373
  1382  H      4.927466    5.164921  -12.688702    74  1374
  1383  H      7.079883    9.374532  -14.275883    76  1375
  1384  H      3.524281    7.164618  -13.108426    76  1376
  1385  HO     3.551475    9.333505  -13.801056    79  1378
  1386  N      8.441673    1.721338  -14.448476     1  1367  1387  1390
  1387  CA     9.209673    0.489338  -14.252476     2  1386  1388  1391  1392
  1388  C      9.004673   -0.074662  -12.871476     3  1387  1389  1393
  1389  O      9.709673   -0.952662  -12.478476     5  1388
  1390  HN     7.572108    1.667152  -14.959377     4  1386
  1391  H      8.905869   -0.255952  -15.002307     6  1387
  1392  H     10.278836    0.694073  -14.410509     6  1387
  1393  N      8.061673    0.462338  -12.095476     7  1388  1394  1397
  1394  CA     7.874673   -0.077662  -10.718476     8  1393  1395  1398  1399
  1395  C      7.030673   -1.346662  -10.758476     9  1394  1396  1417
  1396  O      5.954673   -1.331662  -11.342476    11  1395
  1397  HN     7.306483    0.975920  -12.526778    10  1393
  1398  H      8.856206   -0.303278  -10.276106    12  1394
  1399  C      7.238673    0.969338   -9.792476   202  1394  1400  1406  1407
  1400  C      8.068673    2.228338   -9.619476   204  1399  1401  1408  1409
  1401  C      7.431673    3.147338   -8.618476   206  1400  1402  1410  1411
  1402  N      6.122673    3.640338   -9.072476   208  1401  1403  1412
  1403  C      5.380673    4.538338   -8.442476   210  1402  1404  1405
  1404  N      5.810673    5.046338   -7.282476   211  1403  1413  1414
  1405  N      4.188673    4.914338   -8.966476   211  1403  1415  1416
  1406  H      7.065605    0.495534   -8.814950   203  1399
  1407  H      6.249045    1.224115  -10.199569   203  1399
  1408  H      8.158707    2.744566  -10.586638   205  1400
  1409  H      9.079102    1.958094   -9.278886   205  1400
  1410  H      8.098966    4.000511   -8.426601   207  1401
  1411  H      7.313456    2.620909   -7.659884   207  1401
  1412  HN     5.769524    3.255983   -9.937147   209  1402
  1413  HN     6.686630    4.771754   -6.861284   212  1404
  1414  HN     5.238268    5.730641   -6.808997   212  1404
  1415  HN     3.832309    4.534616   -9.831875   212  1405
  1416  HN     3.635082    5.600299   -8.473430   212  1405
  1417  N      7.500673   -2.430662  -10.142476     1  1395  1418  1421
  1418  CA     6.674673   -3.662662   -9.997476     2  1417  1419  1422  1423
  1419  C      5.389673   -3.357662   -9.227476     3  1418  1420  1424
  1420  O      5.405673   -2.625662   -8.231476     5  1419
  1421  HN     8.383575   -2.372944   -9.655390     4  1417
  1422  H      6.421573   -4.054406  -10.993707     6  1418
  1423  H      7.251216   -4.430173   -9.460331     6  1418
  1424  N      4.260673   -3.903662   -9.648476     7  1419  1425  1428
  1425  CA     2.998673   -3.595662   -8.951476     8  1424  1426  1429  1430
  1426  C      2.533673   -4.849662   -8.249476     9  1425  1427  1443
  1427  O      2.147673   -5.811662   -8.920476    11  1426
  1428  HN     4.303061   -4.714595  -10.249052    10  1424
  1429  H      3.173131   -2.802642   -8.209395    12  1425
  1430  C      1.893673   -3.115662   -9.944476    19  1425  1431  1434  1435
  1431  C      2.160673   -1.793662  -10.708476    21  1430  1432  1433  1436
  1432  C      1.130673   -1.577662  -11.839476    23  1431  1437  1438  1439
  1433  C      2.106673   -0.602662   -9.717476    23  1431  1440  1441  1442
  1434  H      0.947274   -3.044275   -9.388390    20  1430
  1435  H      1.703255   -3.930771  -10.658155    20  1430
  1436  H      3.157991   -1.881355  -11.164180    22  1431
  1437  H      1.317474   -0.640136  -12.383672    24  1432
  1438  H      0.103806   -1.528856  -11.448116    24  1432
  1439  H      1.160813   -2.394146  -12.575985    24  1432
  1440  H      2.292112    0.355349  -10.225243    24  1433
  1441  H      2.860958   -0.702379   -8.923051    24  1433
  1442  H      1.124635   -0.527700   -9.227596    24  1433
  1443  N      2.517673   -4.844662   -6.916476     7  1426  1444  1447
  1444  CA     2.180673   -6.078662   -6.162476     8  1443  1445  1448  1449
  1445  C      1.602673   -5.785662   -4.812476     9  1444  1446  1453
  1446  O      1.667673   -4.639662   -4.361476    11  1445
  1447  HN     2.522406   -3.959529   -6.430043    10  1443
  1448  H      1.467656   -6.681262   -6.744266    12  1444
  1449  C      3.442673   -6.904662   -6.001476    13  1444  1450  1451  1452
  1450  H      3.223894   -7.827971   -5.445026    14  1449
  1451  H      4.203627   -6.332216   -5.450790    14  1449
  1452  H      3.848533   -7.174304   -6.987666    14  1449
  1453  N      1.058673   -6.842662   -4.159476     7  1445  1454  1457
  1454  CA     0.728673   -6.870662   -2.763476     8  1453  1455  1458  1459
  1455  C      2.000673   -7.335662   -2.075476     9  1454  1456  1474
  1456  O      2.611673   -8.308662   -2.479476    11  1455
  1457  HN     0.871053   -7.675916   -4.698538    10  1453
  1458  H      0.478513   -5.854418   -2.424849    12  1454
  1459  C     -0.472327   -7.828662   -2.502476    70  1454  1460  1467  1468
  1460  C     -1.611327   -7.408662   -3.425476    72  1459  1461  1462
  1461  C     -2.357327   -6.261662   -3.155476    73  1460  1463  1469
  1462  C     -1.834327   -8.079662   -4.627476    73  1460  1464  1470
  1463  C     -3.377327   -5.817662   -4.036476    75  1461  1465  1471
  1464  C     -2.842327   -7.645662   -5.518476    75  1462  1465  1472
  1465  C     -3.595327   -6.519662   -5.209476    77  1463  1464  1466
  1466  OH    -4.582327   -6.112662   -6.078476    78  1465  1473
  1467  H     -0.776535   -7.711026   -1.451943    71  1459
  1468  H     -0.148268   -8.851231   -2.746073    71  1459
  1469  H     -2.128323   -5.656543   -2.278271    74  1461
  1470  H     -1.191796   -8.912129   -4.914272    74  1462
  1471  H     -3.946060   -4.917763   -3.802331    76  1463
  1472  H     -3.007742   -8.177851   -6.455233    76  1464
  1473  HO    -4.594111   -6.728082   -6.828155    79  1466
  1474  N      2.436673   -6.590662   -1.077476     7  1455  1475  1478
  1475  CA     3.651673   -7.000662   -0.336476     8  1474  1476  1479  1480
  1476  C      3.242673   -7.533662    1.038524     9  1475  1477  1493
  1477  O      2.454673   -6.908662    1.750524    11  1476
  1478  HN     1.809562   -5.919958   -0.656777    10  1474
  1479  H      4.173930   -7.790682   -0.896044    12  1475
  1480  C      4.682673   -5.865662   -0.161476    25  1475  1481  1482  1484
  1481  C      5.112673   -5.207662   -1.493476    27  1480  1483  1485  1486
  1482  C      5.906673   -6.354662    0.712524    29  1480  1487  1488  1489
  1483  C      5.466673   -6.124662   -2.615476    31  1481  1490  1491  1492
  1484  H      4.209663   -5.095327    0.465297    26  1480
  1485  H      5.946811   -4.514890   -1.308328    28  1481
  1486  H      4.333107   -4.505888   -1.824821    28  1481
  1487  H      6.652154   -5.557134    0.847460    30  1482
  1488  H      6.421857   -7.207578    0.246563    30  1482
  1489  H      5.586204   -6.674891    1.714898    30  1482
  1490  H      5.758515   -5.566942   -3.517571    32  1483
  1491  H      4.621336   -6.772217   -2.891301    32  1483
  1492  H      6.308463   -6.781628   -2.351307    32  1483
  1493  N      3.821673   -8.674662    1.405524     7  1476  1494  1497
  1494  CA     3.550673   -9.302662    2.710524     8  1493  1495  1498  1499
  1495  C      4.822673   -9.347662    3.549524     9  1494  1496  1514
  1496  O      5.892673   -9.673662    3.057524    11  1495
  1497  HN     4.487027   -9.108847    0.781915    10  1493
  1498  H      2.780009   -8.725712    3.242694    12  1494
  1499  C      3.010673  -10.722662    2.527524    70  1494  1500  1507  1508
  1500  C      1.703673  -10.803662    1.781524    72  1499  1501  1502
  1501  C      1.681673  -10.763662    0.389524    73  1500  1503  1509
  1502  C      0.504673  -10.944662    2.461524    73  1500  1504  1510
  1503  C      0.460673  -10.819662   -0.324476    75  1501  1505  1511
  1504  C     -0.711327  -11.033662    1.773524    75  1502  1505  1512
  1505  C     -0.717327  -10.968662    0.379524    77  1503  1504  1506
  1506  OH    -1.899327  -11.064662   -0.301476    78  1505  1513
  1507  H      2.903402  -11.174694    3.524600    71  1499
  1508  H      3.778976  -11.311885    2.005482    71  1499
  1509  H      2.613978  -10.673212   -0.167905    74  1501
  1510  H      0.498598  -10.998424    3.550180    74  1502
  1511  H      0.464445  -10.787027   -1.413981    76  1503
  1512  H     -1.643824  -11.144286    2.326979    76  1504
  1513  HO    -2.611610  -11.172430    0.348092    79  1506
  1514  N      4.685673   -8.991662    4.815524     7  1495  1515  1518
  1515  CA     5.768673   -9.037662    5.774524     8  1514  1516  1519  1520
  1516  C      5.323673  -10.052662    6.793524     9  1515  1517  1524
  1517  O      4.304673   -9.850662    7.466524    11  1516
  1518  HN     3.780369   -8.671764    5.128878    10  1514
  1519  H      6.683868   -9.392626    5.278118    12  1515
  1520  C      5.922673   -7.701662    6.401524    13  1515  1521  1522  1523
  1521  H      6.742802   -7.718291    7.134404    14  1520
  1522  H      4.994193   -7.414615    6.916820    14  1520
  1523  H      6.149286   -6.946117    5.634844    14  1520
  1524  N      6.028673  -11.180662    6.850524     7  1516  1525  1528
  1525  CA     5.593673  -12.346662    7.650524     8  1524  1526  1529  1530
  1526  C      4.108673  -12.687662    7.480524     9  1525  1527  1536
  1527  O      3.378673  -12.893662    8.441524    11  1526
  1528  HN     6.891350  -11.242562    6.328933    10  1524
  1529  H      6.204214  -13.222363    7.385217    12  1525
  1530  C      6.012673  -12.191662    9.123524   137  1525  1531  1534  1535
  1531  C      7.536673  -12.152662    9.275524   139  1530  1532  1533
  1532  O      8.195673  -12.898662    8.527524   140  1531
  1533  O      8.041673  -11.345662   10.082524   140  1531
  1534  H      5.600391  -13.043806    9.683768   138  1530
  1535  H      5.572646  -11.257953    9.503740   138  1530
  1536  N      3.678673  -12.734662    6.225524     1  1526  1537  1540
  1537  CA     2.312673  -13.116662    5.912524     2  1536  1538  1541  1542
  1538  C      1.267673  -12.030662    6.122524     3  1537  1539  1543
  1539  O      0.100673  -12.255662    5.894524     5  1538
  1540  HN     4.349878  -12.657772    5.474743     4  1536
  1541  H      2.261433  -13.479936    4.875506     6  1537
  1542  H      2.037984  -14.008186    6.495388     6  1537
  1543  N      1.664673  -10.862662    6.591524     7  1538  1544  1547
  1544  CA     0.692673   -9.785662    6.779524     8  1543  1545  1548  1549
  1545  C      0.820673   -8.772662    5.638524     9  1544  1546  1565
  1546  O      1.933673   -8.328662    5.350524    11  1545
  1547  HN     2.648796  -10.636289    6.572622    10  1543
  1548  H     -0.324028  -10.205524    6.785451    12  1544
  1549  C      0.853673   -9.142662    8.157524   182  1544  1550  1554  1555
  1550  C      0.557673  -10.140662    9.304524   184  1549  1551  1556  1557
  1551  C      0.682673   -9.482662   10.669524   186  1550  1552  1558  1559
  1552  C      0.334673  -10.444662   11.857524   188  1551  1553  1560  1561
  1553  N     -1.096327  -10.394662   12.350524   190  1552  1562  1563  1564
  1554  H      0.163215   -8.288262    8.214689   183  1549
  1555  H      1.885935   -8.771424    8.238865   183  1549
  1556  H      1.253922  -10.989908    9.241137   185  1550
  1557  H     -0.457291  -10.547421    9.184540   185  1550
  1558  H      0.031472   -8.597115   10.711287   187  1551
  1559  H      1.704016   -9.094942   10.798101   187  1551
  1560  H      0.985705  -10.251129   12.722800   189  1552
  1561  H      0.553221  -11.489797   11.593083   189  1552
  1562  HN    -1.234594  -11.062490   13.135691   191  1553
  1563  HN    -1.754175  -10.646269   11.585325   191  1553
  1564  HN    -1.332707   -9.439151   12.686266   191  1553
  1565  N     -0.299327   -8.436662    4.977524     7  1545  1566  1569
  1566  CA    -0.233327   -7.582662    3.788524     8  1565  1567  1570  1571
  1567  C      0.014673   -6.131662    4.168524     9  1566  1568  1582
  1568  O     -0.744327   -5.543662    4.939524    11  1567
  1569  HN    -1.194093   -8.592675    5.419285    10  1565
  1570  H      0.574642   -7.932841    3.129312    12  1566
  1571  C     -1.512327   -7.686662    2.936524   175  1566  1572  1575  1576
  1572  C     -1.302327   -7.240662    1.492524   177  1571  1573  1577  1578
  1573  S     -2.876327   -6.812662    0.671524   179  1572  1574
  1574  C     -3.812327   -8.366662    0.774524   180  1573  1579  1580  1581
  1575  H     -2.286981   -7.067592    3.412617   176  1571
  1576  H     -1.851162   -8.732874    2.961652   176  1571
  1577  H     -0.800782   -8.041916    0.929989   178  1572
  1578  H     -0.628707   -6.371310    1.471005   178  1572
  1579  H     -4.800918   -8.246298    0.307404   181  1574
  1580  H     -3.951587   -8.657191    1.826284   181  1574
  1581  H     -3.271452   -9.171028    0.254476   181  1574
  1582  N      1.089673   -5.560662    3.621524     7  1567  1583  1586
  1583  CA     1.449673   -4.173662    3.929524     8  1582  1584  1587  1588
  1584  C      0.350673   -3.256662    3.414524     9  1583  1585  1598
  1585  O     -0.036327   -2.303662    4.122524    11  1584
  1586  HN     1.563430   -6.033041    2.864879    10  1582
  1587  H      1.548279   -4.053043    5.018435    12  1583
  1588  C      2.854673   -3.770662    3.352524    15  1583  1589  1590  1591
  1589  C      3.212673   -2.245662    3.717524    17  1588  1592  1593  1594
  1590  C      3.951673   -4.724662    3.916524    17  1588  1595  1596  1597
  1591  H      2.789155   -3.855620    2.257769    16  1588
  1592  H      4.194975   -1.953516    3.317857    18  1589
  1593  H      3.242303   -2.085921    4.805460    18  1589
  1594  H      2.471132   -1.545743    3.304933    18  1589
  1595  H      4.949135   -4.467885    3.530343    18  1590
  1596  H      3.756069   -5.772364    3.644387    18  1590
  1597  H      4.004424   -4.676942    5.014222    18  1590
  1598  N     -0.149327   -3.543662    2.197524     7  1584  1599  1602
  1599  CA    -1.172327   -2.719662    1.550524     8  1598  1600  1603  1604
  1600  C     -2.409327   -2.623662    2.481524     9  1599  1601  1612
  1601  O     -2.901327   -1.540662    2.745524    11  1600
  1602  HN     0.194912   -4.359559    1.711817    10  1598
  1603  H     -0.770874   -1.711891    1.368224    12  1599
  1604  C     -1.628327   -3.310662    0.220524   147  1599  1605  1608  1609
  1605  C     -0.485327   -3.771662   -0.671476   149  1604  1606  1607
  1606  O      0.414673   -4.474662   -0.234476   150  1605
  1607  N     -0.549327   -3.402662   -1.956476   151  1605  1610  1611
  1608  H     -2.228131   -2.549415   -0.299801   148  1604
  1609  H     -2.299728   -4.154430    0.437953   148  1604
  1610  HN    -1.321049   -2.848484   -2.299159   152  1607
  1611  HN     0.177868   -3.675917   -2.601936   152  1607
  1612  N     -2.879327   -3.781662    2.973524     7  1600  1613  1616
  1613  CA    -4.031327   -3.838662    3.883524     8  1612  1614  1617  1618
  1614  C     -3.748327   -3.170662    5.241524     9  1613  1615  1627
  1615  O     -4.577327   -2.422662    5.766524    11  1614
  1616  HN    -2.424728   -4.643766    2.708540    10  1612
  1617  H     -4.897909   -3.354450    3.409631    12  1613
  1618  C     -4.534327   -5.300662    4.057524   153  1613  1619  1623  1624
  1619  C     -5.910327   -5.369662    4.775524   155  1618  1620  1625  1626
  1620  C     -6.317327   -6.796662    5.178524   157  1619  1621  1622
  1621  O     -5.526327   -7.768662    4.978524   158  1620
  1622  O     -7.433327   -6.917662    5.731524   158  1620
  1623  H     -3.779182   -5.851215    4.637738   154  1618
  1624  H     -4.608372   -5.753945    3.057998   154  1618
  1625  H     -6.685391   -4.936282    4.126326   156  1619
  1626  H     -5.891273   -4.727310    5.668285   156  1619
  1627  N     -2.557327   -3.424662    5.790524     7  1614  1628  1631
  1628  CA    -2.165327   -2.828662    7.075524     8  1627  1629  1632  1633
  1629  C     -2.264327   -1.310662    7.018524     9  1628  1630  1637
  1630  O     -2.832327   -0.670662    7.902524    11  1629
  1631  HN    -1.863323   -3.918594    5.247855    10  1627
  1632  H     -2.821047   -3.209735    7.872277    12  1628
  1633  C     -0.700327   -3.297662    7.477524    13  1628  1634  1635  1636
  1634  H     -0.408918   -2.850555    8.439385    14  1633
  1635  H      0.022577   -2.985536    6.709418    14  1633
  1636  H     -0.664675   -4.393027    7.571883    14  1633
  1637  N     -1.712327   -0.723662    5.953524     7  1629  1638  1641
  1638  CA    -1.713327    0.731338    5.796524     8  1637  1639  1642  1643
  1639  C     -3.123327    1.302338    5.764524     9  1638  1640  1656
  1640  O     -3.430327    2.272338    6.460524    11  1639
  1641  HN    -1.399669   -1.298929    5.184490    10  1637
  1642  H     -1.150021    1.190165    6.622456    12  1638
  1643  C     -1.000327    1.110338    4.490524    19  1638  1644  1647  1648
  1644  C      0.529673    1.083338    4.565524    21  1643  1645  1646  1649
  1645  C      1.047673    0.988338    3.141524    23  1644  1650  1651  1652
  1646  C      1.040673    2.349338    5.247524    23  1644  1653  1654  1655
  1647  H     -1.344923    2.112510    4.195729    20  1643
  1648  H     -1.350542    0.426432    3.703363    20  1643
  1649  H      0.809474    0.160738    5.095167    22  1644
  1650  H      2.146987    0.963956    3.111299    24  1645
  1651  H      0.723417    1.846518    2.534577    24  1645
  1652  H      0.687083    0.078528    2.639309    24  1645
  1653  H      2.138532    2.357660    5.315611    24  1646
  1654  H      0.649432    2.443911    6.271236    24  1646
  1655  H      0.740821    3.254204    4.698610    24  1646
  1656  N     -3.975327    0.700338    4.946524     7  1639  1657  1660
  1657  CA    -5.364327    1.141338    4.800524     8  1656  1658  1661  1662
  1658  C     -6.089327    1.031338    6.149524     9  1657  1659  1672
  1659  O     -6.780327    1.957338    6.587524    11  1658
  1660  HN    -3.655430   -0.089997    4.405103    10  1656
  1661  H     -5.383678    2.186274    4.457400    12  1657
  1662  C     -6.075327    0.321338    3.651524    15  1657  1663  1664  1665
  1663  C     -7.548327    0.652338    3.540524    17  1662  1666  1667  1668
  1664  C     -5.405327    0.633338    2.333524    17  1662  1669  1670  1671
  1665  H     -5.981060   -0.743519    3.910742    16  1662
  1666  H     -8.033404    0.076658    2.738468    18  1663
  1667  H     -7.708387    1.718063    3.320045    18  1663
  1668  H     -8.085254    0.427916    4.473982    18  1663
  1669  H     -5.869897    0.082169    1.502629    18  1664
  1670  H     -4.338814    0.364362    2.347750    18  1664
  1671  H     -5.468633    1.704311    2.090607    18  1664
  1672  N     -5.937327   -0.107662    6.813524     7  1658  1673  1676
  1673  CA    -6.619327   -0.329662    8.089524     8  1672  1674  1677  1678
  1674  C     -6.170327    0.642338    9.193524     9  1673  1675  1696
  1675  O     -6.960327    0.997338   10.073524    11  1674
  1676  HN    -5.206108   -0.744873    6.531777    10  1672
  1677  H     -7.706370   -0.243943    7.944649    12  1673
  1678  C     -6.453327   -1.806662    8.515524   202  1673  1679  1685  1686
  1679  C     -7.128327   -2.151662    9.845524   204  1678  1680  1687  1688
  1680  C     -8.677327   -2.130662    9.761524   206  1679  1681  1689  1690
  1681  N     -9.288327   -2.373662   11.085524   208  1680  1682  1691
  1682  C     -9.446327   -1.445662   12.028524   210  1681  1683  1684
  1683  N     -9.078327   -0.170662   11.826524   211  1682  1692  1693
  1684  N     -9.990327   -1.779662   13.183524   211  1682  1694  1695
  1685  H     -5.376335   -2.022971    8.572965   203  1678
  1686  H     -6.860469   -2.438077    7.712062   203  1678
  1687  H     -6.793071   -1.447259   10.621036   205  1679
  1688  H     -6.792230   -3.143745   10.181398   205  1679
  1689  H     -9.017127   -2.900782    9.053392   207  1680
  1690  H     -9.010991   -1.155767    9.376494   207  1680
  1691  HN    -9.604982   -3.313112   11.278563   209  1681
  1692  HN    -8.667970    0.144824   10.959243   212  1683
  1693  HN    -9.216725    0.499273   12.569580   212  1683
  1694  HN   -10.296462   -2.720317   13.387360   212  1684
  1695  HN   -10.105256   -1.068152   13.891086   212  1684
  1696  N     -4.900327    1.044338    9.141524     7  1674  1697  1700
  1697  CA    -4.321327    2.034338   10.032524     8  1696  1698  1701  1702
  1698  C     -4.699327    3.483338    9.658524     9  1697  1699  1713
  1699  O     -4.365327    4.423338   10.392524    11  1698
  1700  HN    -4.302911    0.634411    8.437852    10  1696
  1701  H     -4.636879    1.827589   11.065811    12  1697
  1702  C     -2.798327    1.844338   10.094524   167  1697  1703  1707  1708
  1703  C     -2.165327    2.287338   11.440524   169  1702  1704  1709  1710
  1704  C     -2.589327    1.411338   12.615524   171  1703  1705  1706
  1705  O     -2.916327    0.249338   12.425524   172  1704
  1706  N     -2.539327    1.958338   13.837524   173  1704  1711  1712
  1707  H     -2.352723    2.411992    9.264339   168  1702
  1708  H     -2.582325    0.781859    9.908832   168  1702
  1709  H     -2.435165    3.333659   11.646435   170  1703
  1710  H     -1.068968    2.277048   11.351692   170  1703
  1711  HN    -2.232447    2.911863   13.966810   174  1706
  1712  HN    -2.809619    1.420016   14.648235   174  1706
  1713  N     -5.419327    3.666338    8.543524     1  1698  1714  1717
  1714  CA    -5.833327    5.012338    8.092524     2  1713  1715  1718  1719
  1715  C     -4.630327    5.808338    7.598524     3  1714  1716  1720
  1716  O     -4.606327    7.037338    7.682524     5  1715
  1717  HN    -5.731633    2.858341    8.024191     4  1713
  1718  H     -6.569269    4.917286    7.280518     6  1714
  1719  H     -6.310941    5.548117    8.926086     6  1714
  1720  N     -3.609327    5.097338    7.108524     7  1715  1721  1724
  1721  CA    -2.368327    5.718338    6.582524     8  1720  1722  1725  1726
  1722  C     -2.205327    5.626338    5.029524     9  1721  1723  1739
  1723  O     -1.247327    6.160338    4.458524    11  1722
  1724  HN    -3.686355    4.090360    7.095801    10  1720
  1725  H     -2.324347    6.772238    6.894552    12  1721
  1726  C     -1.133327    5.170338    7.312524    19  1721  1727  1730  1731
  1727  C     -0.948327    5.503338    8.816524    21  1726  1728  1729  1732
  1728  C      0.170673    4.687338    9.472524    23  1727  1733  1734  1735
  1729  C     -0.689327    6.980338    9.079524    23  1727  1736  1737  1738
  1730  H     -0.241757    5.478249    6.746579    20  1726
  1731  H     -1.107611    4.080925    7.162465    20  1726
  1732  H     -1.894594    5.255344    9.319593    22  1727
  1733  H      0.284502    4.938959   10.537292    24  1728
  1734  H      1.141589    4.869232    8.988545    24  1728
  1735  H     -0.027003    3.606953    9.411769    24  1728
  1736  H     -0.562659    7.184372   10.152988    24  1729
  1737  H     -1.520711    7.606807    8.724085    24  1729
  1738  H      0.222057    7.328399    8.571358    24  1729
  1739  N     -3.150327    4.971338    4.367524     7  1722  1740  1743
  1740  CA    -3.294327    4.985338    2.905524     8  1739  1741  1744  1745
  1741  C     -4.780327    4.899338    2.585524     9  1740  1742  1749
  1742  O     -5.593327    4.422338    3.410524    11  1741
  1743  HN    -3.812900    4.428532    4.902743    10  1739
  1744  H     -2.886344    5.925241    2.505359    12  1740
  1745  C     -2.562327    3.803338    2.273524    13  1740  1746  1747  1748
  1746  H     -2.678005    3.825713    1.179852    14  1745
  1747  H     -2.972481    2.855763    2.652834    14  1745
  1748  H     -1.490334    3.846623    2.516338    14  1745
  1749  N     -5.141327    5.392338    1.399524     7  1741  1750  1753
  1750  CA    -6.500327    5.316338    0.906524     8  1749  1751  1754  1755
  1751  C     -6.478327    4.275338   -0.210476     9  1750  1752  1771
  1752  O     -5.459327    4.108338   -0.822476    11  1751
  1753  HN    -4.439760    5.835450    0.823716    10  1749
  1754  H     -7.165162    4.974892    1.713623    12  1750
  1755  C     -6.887327    6.669338    0.306524   182  1750  1756  1760  1761
  1756  C     -6.708327    7.836338    1.257524   184  1755  1757  1762  1763
  1757  C     -7.238327    9.132338    0.630524   186  1756  1758  1764  1765
  1758  C     -7.648327   10.144338    1.733524   188  1757  1759  1766  1767
  1759  N     -7.390327   11.589338    1.331524   190  1758  1768  1769  1770
  1760  H     -7.936075    6.607090   -0.019441   183  1755
  1761  H     -6.280292    6.824292   -0.597632   183  1755
  1762  H     -5.641302    7.954129    1.497488   185  1756
  1763  H     -7.249121    7.633420    2.193668   185  1756
  1764  H     -8.109524    8.905000   -0.001405   187  1757
  1765  H     -6.459214    9.577961   -0.005403   187  1757
  1766  H     -7.090452    9.958857    2.663240   189  1758
  1767  H     -8.719376   10.056360    1.968289   189  1758
  1768  HN    -7.676837   12.236169    2.093837   191  1759
  1769  HN    -7.929245   11.831016    0.475510   191  1759
  1770  HN    -6.379669   11.738263    1.136610   191  1759
  1771  N     -7.593327    3.590338   -0.468476     7  1751  1772  1775
  1772  CA    -7.736327    2.756338   -1.683476     8  1771  1773  1776  1777
  1773  C     -7.677327    3.659338   -2.950476     9  1772  1774  1787
  1774  O     -8.384327    4.652338   -3.042476    11  1773
  1775  HN    -8.380088    3.681486    0.158261    10  1771
  1776  H     -6.921453    2.018350   -1.720274    12  1772
  1777  C     -9.040327    1.942338   -1.659476    15  1772  1778  1779  1780
  1778  C     -9.233327    1.145338   -2.958476    17  1777  1781  1782  1783
  1779  C     -9.045327    1.000338   -0.441476    17  1777  1784  1785  1786
  1780  H     -9.867341    2.662343   -1.572059    16  1777
  1781  H    -10.166317    0.562898   -2.941375    18  1778
  1782  H     -8.408932    0.436323   -3.124820    18  1778
  1783  H     -9.277356    1.806527   -3.836480    18  1778
  1784  H     -9.967539    0.402481   -0.395729    18  1779
  1785  H     -8.971516    1.559299    0.503042    18  1779
  1786  H     -8.200871    0.296041   -0.470797    18  1779
  1787  N     -6.839327    3.298338   -3.916476     7  1773  1788  1791
  1788  CA    -6.611327    4.169338   -5.060476     8  1787  1789  1792  1793
  1789  C     -6.092327    3.375338   -6.240476     9  1788  1790  1797
  1790  O     -5.577327    2.256338   -6.052476    11  1789
  1791  HN    -6.530223    2.337925   -3.962978    10  1787
  1792  H     -7.553073    4.665675   -5.337540    12  1788
  1793  C     -5.615327    5.273338   -4.698476    13  1788  1794  1795  1796
  1794  H     -5.444817    5.929941   -5.564385    14  1793
  1795  H     -4.654265    4.833060   -4.394312    14  1793
  1796  H     -6.005271    5.879058   -3.867184    14  1793
  1797  N     -6.201327    3.961338   -7.442476     7  1789  1798  1801
  1798  CA    -5.579327    3.410338   -8.658476     8  1797  1799  1802  1803
  1799  C     -6.030327    1.968338   -8.939476     9  1798  1800  1818
  1800  O     -5.257327    1.129338   -9.406476    11  1799
  1801  HN    -6.732723    4.817037   -7.516619    10  1797
  1802  H     -5.828981    4.047560   -9.519650    12  1798
  1803  C     -4.044327    3.504338   -8.573476    70  1798  1804  1811  1812
  1804  C     -3.528327    4.911338   -8.307476    72  1803  1805  1806
  1805  C     -3.838327    5.970338   -9.169476    73  1804  1807  1813
  1806  C     -2.677327    5.179338   -7.225476    73  1804  1808  1814
  1807  C     -3.339327    7.262338   -8.934476    75  1805  1809  1815
  1808  C     -2.180327    6.479338   -6.993476    75  1806  1809  1816
  1809  C     -2.529327    7.511338   -7.843476    77  1807  1808  1810
  1810  OH    -2.032327    8.802338   -7.594476    78  1809  1817
  1811  H     -3.629453    3.123867   -9.518527    71  1803
  1812  H     -3.707437    2.823405   -7.777967    71  1803
  1813  H     -4.458769    5.794094  -10.048162    74  1805
  1814  H     -2.374371    4.372930   -6.557626    74  1806
  1815  H     -3.590260    8.075685   -9.615358    76  1807
  1816  H     -1.519979    6.667321   -6.146893    76  1808
  1817  HO    -1.477223    8.761767   -6.800049    79  1810
  1818  N     -7.288327    1.668338   -8.658476     7  1799  1819  1822
  1819  CA    -7.748327    0.315338   -8.890476     8  1818  1820  1823  1824
  1820  C     -8.136327    0.123338  -10.382476     9  1819  1821  1834
  1821  O     -9.234327    0.506338  -10.820476    11  1820
  1822  HN    -7.967882    2.413193   -8.599349    10  1818
  1823  H     -6.951132   -0.394272   -8.624141    12  1819
  1824  C     -8.891327   -0.061662   -7.963476    15  1819  1825  1826  1827
  1825  C     -9.201327   -1.530662   -8.107476    17  1824  1828  1829  1830
  1826  C     -8.520327    0.221338   -6.529476    17  1824  1831  1832  1833
  1827  H     -9.772714    0.509190   -8.291020    16  1824
  1828  H    -10.026686   -1.836896   -7.447928    18  1825
  1829  H     -8.331848   -2.154790   -7.853568    18  1825
  1830  H     -9.495136   -1.783503   -9.136916    18  1825
  1831  H     -9.335276   -0.044843   -5.840269    18  1826
  1832  H     -8.294637    1.286389   -6.372218    18  1826
  1833  H     -7.632201   -0.349555   -6.220748    18  1826
  1834  N     -7.226327   -0.450662  -11.163476     7  1820  1835  1838
  1835  CA    -7.470327   -0.606662  -12.581476     8  1834  1836  1839  1840
  1836  C     -6.489327   -1.572662  -13.244476     9  1835  1837  1855
  1837  O     -5.606327   -2.168662  -12.562476    11  1836
  1838  HN    -6.470971   -0.967843  -10.736790    10  1834
  1839  H     -8.499251   -0.961834  -12.740119    12  1835
  1840  C     -7.478327    0.763338  -13.313476    70  1835  1841  1848  1849
  1841  C     -6.303327    1.683338  -13.040476    72  1840  1842  1843
  1842  C     -6.500327    3.007338  -12.638476    73  1841  1844  1850
  1843  C     -4.980327    1.230338  -13.174476    73  1841  1845  1851
  1844  C     -5.402327    3.869338  -12.397476    75  1842  1846  1852
  1845  C     -3.907327    2.075338  -12.942476    75  1843  1846  1853
  1846  C     -4.121327    3.394338  -12.550476    77  1844  1845  1847
  1847  OH    -3.019327    4.218338  -12.337476    78  1846  1854
  1848  H     -8.420964    1.273411  -13.065967    71  1840
  1849  H     -7.561374    0.569362  -14.393048    71  1840
  1850  H     -7.511679    3.395030  -12.516158    74  1842
  1851  H     -4.784499    0.202285  -13.479204    74  1843
  1852  H     -5.576136    4.898880  -12.084532    76  1844
  1853  H     -2.888135    1.704667  -13.051801    76  1845
  1854  HO    -2.218673    3.698764  -12.510377    79  1847
  1855  N     -6.685327   -1.722662  -14.568476     7  1836  1856  1859
  1856  CA    -5.803327   -2.488662  -15.476476     8  1855  1857  1860  1861
  1857  C     -5.698327   -3.938662  -15.045476     9  1856  1858  1877
  1858  O     -4.659327   -4.587662  -15.230476    11  1857
  1859  HN    -7.497040   -1.277931  -14.972748    10  1855
  1860  H     -6.198817   -2.438044  -16.501671    12  1856
  1861  C     -4.446327   -1.787662  -15.666476   182  1856  1862  1866  1867
  1862  C     -4.608327   -0.410662  -16.374476   184  1861  1863  1868  1869
  1863  C     -3.315327    0.445338  -16.338476   186  1862  1864  1870  1871
  1864  C     -3.417327    1.585338  -17.356476   188  1863  1865  1872  1873
  1865  N     -2.172327    2.421338  -17.393476   190  1864  1874  1875  1876
  1866  H     -3.806234   -2.448007  -16.269987   183  1861
  1867  H     -3.995334   -1.649043  -14.672801   183  1861
  1868  H     -5.431909    0.148327  -15.906242   185  1862
  1869  H     -4.915137   -0.568647  -17.418942   185  1862
  1870  H     -2.449085   -0.187559  -16.581513   187  1863
  1871  H     -3.180252    0.864261  -15.330380   187  1863
  1872  H     -4.254438    2.255841  -17.112200   189  1864
  1873  H     -3.577581    1.192122  -18.371217   189  1864
  1874  HN    -2.267997    3.186465  -18.091350   191  1865
  1875  HN    -1.350599    1.839595  -17.654126   191  1865
  1876  HN    -1.991547    2.846883  -16.461902   191  1865
  1877  N     -6.807327   -4.426662  -14.491476     1  1857  1878  1881
  1878  CA    -6.983327   -5.841662  -14.126476     2  1877  1879  1882  1883
  1879  C     -6.572327   -6.156662  -12.696476     3  1878  1880  1884
  1880  O     -6.821327   -7.256662  -12.216476     5  1879
  1881  HN    -7.570313   -3.789736  -14.311819     4  1877
  1882  H     -8.033123   -6.132463  -14.279330     6  1878
  1883  H     -6.410622   -6.473966  -14.820883     6  1878
  1884  N     -5.964327   -5.190662  -11.991476     7  1879  1885  1888
  1885  CA    -5.391327   -5.484662  -10.661476     8  1884  1886  1889  1890
  1886  C     -6.293327   -5.160662   -9.501476     9  1885  1887  1898
  1887  O     -5.961327   -4.289662   -8.713476    11  1886
  1888  HN    -6.095530   -4.227614  -12.266110    10  1884
  1889  H     -5.098112   -6.543797  -10.613954    12  1885
  1890  C     -4.035327   -4.784662  -10.478476   147  1885  1891  1894  1895
  1891  C     -3.020327   -5.257662  -11.480476   149  1890  1892  1893
  1892  O     -2.951327   -6.440662  -11.769476   150  1891
  1893  N     -2.268327   -4.342662  -12.056476   151  1891  1896  1897
  1894  H     -3.682073   -4.993448   -9.457878   148  1890
  1895  H     -4.196177   -3.702039  -10.588269   148  1890
  1896  HN    -2.375533   -3.364558  -11.828619   152  1893
  1897  HN    -1.571492   -4.610220  -12.736869   152  1893
  1898  N     -7.406327   -5.886662   -9.378476     7  1886  1899  1902
  1899  CA    -8.422327   -5.614662   -8.353476     8  1898  1900  1903  1904
  1900  C     -8.798327   -6.800662   -7.461476     9  1899  1901  1912
  1901  O     -9.829327   -6.759662   -6.835476    11  1900
  1902  HN    -7.556148   -6.654974  -10.016715    10  1898
  1903  H     -8.094677   -4.772665   -7.726032    12  1899
  1904  C     -9.699327   -5.075662   -9.018476   147  1899  1905  1908  1909
  1905  C    -10.332327   -6.088662   -9.958476   149  1904  1906  1907
  1906  O     -9.791327   -7.192662  -10.160476   150  1905
  1907  N    -11.490327   -5.725662  -10.545476   151  1905  1910  1911
  1908  H     -9.432824   -4.163529   -9.572542   148  1904
  1909  H    -10.408395   -4.807764   -8.221323   148  1904
  1910  HN   -11.904866   -4.823343  -10.360871   152  1907
  1911  HN   -11.959251   -6.355838  -11.180368   152  1907
  1912  N     -7.975327   -7.849662   -7.401476     7  1900  1913  1916
  1913  CA    -8.310327   -9.040662   -6.601476     8  1912  1914  1917  1918
  1914  C     -8.633327   -8.711662   -5.153476     9  1913  1915  1926
  1915  O     -9.606327   -9.243662   -4.603476    11  1914
  1916  HN    -7.047348   -7.766919   -7.791486    10  1912
  1917  H     -9.164183   -9.561946   -7.058853    12  1913
  1918  C     -7.235327  -10.134662   -6.686476    37  1913  1919  1920  1921
  1919  OH    -7.068327  -10.541662   -8.045476    39  1918  1922
  1920  C     -7.610327  -11.352662   -5.877476    41  1918  1923  1924  1925
  1921  H     -6.291490   -9.685416   -6.343914    38  1918
  1922  HO    -6.405449  -11.208111   -8.051648    40  1919
  1923  H     -6.838584  -12.133971   -5.940483    42  1920
  1924  H     -8.553752  -11.796749   -6.227815    42  1920
  1925  H     -7.740434  -11.107477   -4.813072    42  1920
  1926  N     -7.867327   -7.781662   -4.560476     7  1914  1927  1930
  1927  CA    -8.044327   -7.442662   -3.139476     8  1926  1928  1931  1932
  1928  C     -8.891327   -6.198662   -2.884476     9  1927  1929  1944
  1929  O     -8.912327   -5.684662   -1.789476    11  1928
  1930  HN    -7.274603   -7.197743   -5.133029    10  1926
  1931  H     -8.483156   -8.300697   -2.609188    12  1927
  1932  C     -6.662327   -7.350662   -2.451476   106  1927  1933  1938  1939
  1933  C     -5.930327   -8.655662   -2.448476   108  1932  1934  1935
  1934  N     -6.532327   -9.834662   -2.058476   109  1933  1936  1940
  1935  C     -4.658327   -8.976662   -2.799476   111  1933  1937  1941
  1936  C     -5.652327  -10.821662   -2.150476   113  1934  1937  1942
  1937  N     -4.509327  -10.328662   -2.600476   115  1935  1936  1943
  1938  H     -6.820927   -7.005883   -1.419016   107  1932
  1939  H     -6.071153   -6.588911   -2.980860   107  1932
  1940  HN    -7.497621   -9.919807   -1.740110   110  1934
  1941  H     -3.890960   -8.294537   -3.165472   112  1935
  1942  H     -5.845689  -11.864666   -1.899769   114  1936
  1943  HN    -3.653759  -10.857450   -2.770139   116  1937
  1944  N     -9.632327   -5.748662   -3.904476     7  1928  1945  1948
  1945  CA   -10.382327   -4.507662   -3.781476     8  1944  1946  1949  1950
  1946  C    -11.375327   -4.505662   -2.593476     9  1945  1947  1959
  1947  O    -11.357327   -3.593662   -1.740476    11  1946
  1948  HN    -9.839697   -6.372149   -4.671523    10  1944
  1949  H     -9.683159   -3.664893   -3.677055    12  1945
  1950  C    -11.097327   -4.133662   -5.091476   153  1945  1951  1955  1956
  1951  C    -11.753327   -2.753662   -4.959476   155  1950  1952  1957  1958
  1952  C    -12.439327   -2.262662   -6.220476   157  1951  1953  1954
  1953  O    -12.586327   -3.050662   -7.160476   158  1952
  1954  O    -12.846327   -1.090662   -6.240476   158  1952
  1955  H    -11.864098   -4.897465   -5.288117   154  1950
  1956  H    -10.345528   -4.117610   -5.894309   154  1950
  1957  H    -11.000092   -2.017987   -4.641013   156  1951
  1958  H    -12.475998   -2.768428   -4.130303   156  1951
  1959  N    -12.250327   -5.496662   -2.518476     7  1946  1960  1963
  1960  CA   -13.214327   -5.447662   -1.406476     8  1959  1961  1964  1965
  1961  C    -12.532327   -5.609662   -0.028476     9  1960  1962  1976
  1962  O    -12.913327   -4.932662    0.912524    11  1961
  1963  HN   -12.011884   -6.391897   -2.920718    10  1959
  1964  H    -13.760614   -4.493353   -1.435883    12  1960
  1965  C    -14.369327   -6.423662   -1.627476   167  1960  1966  1970  1971
  1966  C    -15.225327   -6.064662   -2.936476   169  1965  1967  1972  1973
  1967  C    -15.560327   -4.534662   -3.106476   171  1966  1968  1969
  1968  O    -15.266327   -3.922662   -4.157476   172  1967
  1969  N    -16.174327   -3.934662   -2.079476   173  1967  1974  1975
  1970  H    -15.013557   -6.392430   -0.736413   168  1965
  1971  H    -13.944886   -7.434163   -1.720955   168  1965
  1972  H    -16.158514   -6.647038   -2.936090   170  1966
  1973  H    -14.697414   -6.426568   -3.831089   170  1966
  1974  HN   -16.406236   -4.448879   -1.241682   174  1969
  1975  HN   -16.414117   -2.954898   -2.131082   174  1969
  1976  N    -11.533327   -6.484662    0.089524     7  1961  1977  1980
  1977  CA   -10.725327   -6.556662    1.324524     8  1976  1978  1981  1982
  1978  C    -10.202327   -5.167662    1.752524     9  1977  1979  1995
  1979  O    -10.360327   -4.730662    2.883524    11  1978
  1980  HN   -11.218688   -6.982209   -0.731177    10  1976
  1981  H    -11.331613   -6.986590    2.135437    12  1977
  1982  C     -9.552327   -7.535662    1.132524    19  1977  1983  1986  1987
  1983  C     -8.654327   -7.743662    2.351524    21  1982  1984  1985  1988
  1984  C     -9.253327   -8.813662    3.299524    23  1983  1989  1990  1991
  1985  C     -7.252327   -8.131662    1.971524    23  1983  1992  1993  1994
  1986  H     -8.953519   -7.182776    0.279939    20  1982
  1987  H     -9.966943   -8.499376    0.801844    20  1982
  1988  H     -8.619373   -6.786415    2.892316    22  1983
  1989  H     -8.617101   -8.974212    4.182383    24  1984
  1990  H     -9.363401   -9.785177    2.795499    24  1984
  1991  H    -10.248953   -8.520225    3.663699    24  1984
  1992  H     -6.618156   -8.277833    2.858351    24  1985
  1993  H     -6.772827   -7.360357    1.350905    24  1985
  1994  H     -7.233206   -9.070294    1.398283    24  1985
  1995  N     -9.584327   -4.461662    0.822524     7  1978  1996  1999
  1996  CA    -9.029327   -3.153662    1.117524     8  1995  1997  2000  2001
  1997  C    -10.085327   -2.094662    1.367524     9  1996  1998  2014
  1998  O     -9.927327   -1.309662    2.301524    11  1997
  1999  HN    -9.638510   -4.764998   -0.139324    10  1995
  2000  H     -8.366397   -3.224891    1.992424    12  1996
  2001  C     -8.030327   -2.702662    0.029524    19  1996  2002  2005  2006
  2002  C     -6.807327   -3.613662   -0.115476    21  2001  2003  2004  2007
  2003  C     -6.111327   -3.392662   -1.465476    23  2002  2008  2009  2010
  2004  C     -5.790327   -3.385662    1.044524    23  2002  2011  2012  2013
  2005  H     -7.709884   -1.677896    0.268628    20  2001
  2006  H     -8.573124   -2.646701   -0.925589    20  2001
  2007  H     -7.173051   -4.650581   -0.083163    22  2002
  2008  H     -5.231382   -4.042960   -1.578654    24  2003
  2009  H     -5.766400   -2.354223   -1.578033    24  2003
  2010  H     -6.785325   -3.605885   -2.308247    24  2003
  2011  H     -4.909924   -4.037597    0.945169    24  2004
  2012  H     -6.241800   -3.594155    2.025698    24  2004
  2013  H     -5.427013   -2.347622    1.066346    24  2004
  2014  N    -11.144327   -2.062662    0.546524     7  1997  2015  2018
  2015  CA   -12.257327   -1.137662    0.786524     8  2014  2016  2019  2020
  2016  C    -12.886327   -1.328662    2.175524     9  2015  2017  2038
  2017  O    -13.173327   -0.360662    2.886524    11  2016
  2018  HN   -11.258380   -2.799752   -0.134497    10  2014
  2019  H    -11.902450   -0.101592    0.683465    12  2015
  2020  C    -13.305327   -1.253662   -0.324476   202  2015  2021  2027  2028
  2021  C    -12.765327   -0.711662   -1.645476   204  2020  2022  2029  2030
  2022  C    -13.838327   -0.188662   -2.581476   206  2021  2023  2031  2032
  2023  N    -13.289327    0.250338   -3.877476   208  2022  2024  2033
  2024  C    -12.716327    1.426338   -4.116476   210  2023  2025  2026
  2025  N    -12.563327    2.329338   -3.158476   211  2024  2034  2035
  2026  N    -12.271327    1.693338   -5.337476   211  2024  2036  2037
  2027  H    -14.190597   -0.678440   -0.015579   203  2020
  2028  H    -13.566992   -2.316583   -0.432783   203  2020
  2029  H    -12.184651   -1.495388   -2.153992   205  2021
  2030  H    -12.033799    0.084752   -1.444003   205  2021
  2031  H    -14.365923    0.649754   -2.103250   207  2022
  2032  H    -14.593097   -0.971224   -2.748565   207  2022
  2033  HN   -13.359428   -0.405431   -4.642428   209  2023
  2034  HN   -12.870871    2.171195   -2.209525   212  2025
  2035  HN   -12.122519    3.209331   -3.385193   212  2025
  2036  HN   -12.350089    1.035391   -6.099711   212  2026
  2037  HN   -11.837162    2.588360   -5.512221   212  2026
  2038  N    -13.066327   -2.573662    2.588524     7  2016  2039  2042
  2039  CA   -13.557327   -2.810662    3.944524     8  2038  2040  2043  2044
  2040  C    -12.597327   -2.267662    5.037524     9  2039  2041  2060
  2041  O    -13.033327   -1.610662    5.978524    11  2040
  2042  HN   -12.601899   -3.324348    2.097732    10  2038
  2043  H    -14.547881   -2.347136    4.062620    12  2039
  2044  C    -13.829327   -4.284662    4.154524   182  2039  2045  2049  2050
  2045  C    -15.017327   -4.828662    3.309524   184  2044  2046  2051  2052
  2046  C    -15.007327   -6.371662    3.421524   186  2045  2047  2053  2054
  2047  C    -16.091327   -7.016662    2.570524   188  2046  2048  2055  2056
  2048  N    -17.409327   -6.326662    2.729524   190  2047  2057  2058  2059
  2049  H    -14.025579   -4.443064    5.225222   183  2044
  2050  H    -12.909742   -4.836397    3.909671   183  2044
  2051  H    -14.884063   -4.535993    2.257580   185  2045
  2052  H    -15.963477   -4.437440    3.711699   185  2045
  2053  H    -15.143292   -6.664374    4.473110   187  2046
  2054  H    -14.023053   -6.755668    3.115349   187  2046
  2055  H    -16.237238   -8.069739    2.852905   189  2047
  2056  H    -15.827942   -6.976918    1.503262   189  2047
  2057  HN   -18.133417   -6.784082    2.139557   191  2048
  2058  HN   -17.335019   -5.329273    2.444405   191  2048
  2059  HN   -17.722080   -6.362725    3.720728   191  2048
  2060  N    -11.312327   -2.598662    4.944524     7  2040  2061  2064
  2061  CA   -10.319327   -1.956662    5.828524     8  2060  2062  2065  2066
  2062  C    -10.455327   -0.424662    5.887524     9  2061  2063  2070
  2063  O    -10.312327    0.173338    6.945524    11  2062
  2064  HN   -10.991162   -3.088459    4.121693    10  2060
  2065  H    -10.407730   -2.372484    6.843057    12  2061
  2066  C     -8.876327   -2.349662    5.415524    13  2061  2067  2068  2069
  2067  H     -8.145822   -1.865861    6.080580    14  2066
  2068  H     -8.677334   -2.031812    4.381419    14  2066
  2069  H     -8.746053   -3.439941    5.481257    14  2066
  2070  N    -10.673327    0.202338    4.728524     7  2062  2071  2074
  2071  CA   -10.756327    1.668338    4.649524     8  2070  2072  2075  2076
  2072  C    -12.002327    2.200338    5.371524     9  2071  2073  2085
  2073  O    -11.925327    3.167338    6.131524    11  2072
  2074  HN   -10.895630   -0.345526    3.909667    10  2070
  2075  H     -9.854917    2.111827    5.097607    12  2071
  2076  C    -10.794327    2.127338    3.174524   153  2071  2077  2081  2082
  2077  C    -10.712327    3.661338    3.049524   155  2076  2078  2083  2084
  2078  C    -10.638327    4.139338    1.617524   157  2077  2079  2080
  2079  O    -11.644327    4.048338    0.902524   158  2078
  2080  O     -9.595327    4.634338    1.207524   158  2078
  2081  H    -11.732973    1.763389    2.731259   154  2076
  2082  H     -9.944928    1.661471    2.653478   154  2076
  2083  H     -9.836823    4.028726    3.604969   156  2077
  2084  H    -11.582686    4.117104    3.544250   156  2077
  2085  N    -13.137327    1.570338    5.098524     7  2072  2086  2089
  2086  CA   -14.425327    1.892338    5.740524     8  2085  2087  2090  2091
  2087  C    -14.279327    1.836338    7.260524     9  2086  2088  2095
  2088  O    -14.797327    2.694338    7.988524    11  2087
  2089  HN   -13.118329    0.828955    4.412893    10  2085
  2090  H    -14.743750    2.901190    5.439152    12  2086
  2091  C    -15.489327    0.881338    5.278524    13  2086  2092  2093  2094
  2092  H    -16.457682    1.107466    5.748795    14  2091
  2093  H    -15.190325   -0.139482    5.558745    14  2091
  2094  H    -15.607908    0.927344    4.185902    14  2091
  2095  N    -13.546327    0.820338    7.736524     7  2087  2096  2099
  2096  CA   -13.312327    0.643338    9.189524     8  2095  2097  2100  2101
  2097  C    -12.400327    1.710338    9.776524     9  2096  2098  2112
  2098  O    -12.693327    2.268338   10.841524    11  2097
  2099  HN   -13.060678    0.219861    7.085623    10  2095
  2100  H    -14.275791    0.651290    9.720254    12  2096
  2101  C    -12.759327   -0.759662    9.521524   167  2096  2102  2106  2107
  2102  C    -12.760327   -1.048662   11.037524   169  2101  2103  2108  2109
  2103  C    -14.134327   -0.947662   11.642524   171  2102  2104  2105
  2104  O    -15.116327   -1.381662   11.037524   172  2103
  2105  N    -14.222327   -0.368662   12.853524   173  2103  2110  2111
  2106  H    -11.734138   -0.820922    9.127525   168  2101
  2107  H    -13.380297   -1.500686    8.996853   168  2101
  2108  H    -12.082883   -0.346581   11.545611   170  2102
  2109  H    -12.351714   -2.053513   11.220036   170  2102
  2110  HN   -13.398410   -0.022290   13.323935   174  2105
  2111  HN   -15.118840   -0.273214   13.308775   174  2105
  2112  N    -11.310327    2.023338    9.073524     7  2097  2113  2116
  2113  CA   -10.427327    3.137338    9.482524     8  2112  2114  2117  2118
  2114  C    -11.187327    4.475338    9.484524     9  2113  2115  2122
  2115  O    -11.011327    5.299338   10.403524    11  2114
  2116  HN   -11.169994    1.593517    8.170385    10  2112
  2117  H    -10.029029    2.939784   10.488671    12  2113
  2118  C     -9.172327    3.192338    8.584524    13  2113  2119  2120  2121
  2119  H     -8.520145    4.022445    8.893685    14  2118
  2120  H     -9.462973    3.343640    7.534461    14  2118
  2121  H     -8.607764    2.251515    8.662767    14  2118
  2122  N    -12.074327    4.654338    8.498524     7  2114  2123  2126
  2123  CA   -12.909327    5.861338    8.380524     8  2122  2124  2127  2128
  2124  C    -13.869327    5.953338    9.570524     9  2123  2125  2144
  2125  O    -13.876327    6.967338   10.284524    11  2124
  2126  HN   -12.175593    3.928390    7.803653    10  2122
  2127  H    -12.265186    6.752743    8.358623    12  2123
  2128  C    -13.667327    5.867338    7.045524   182  2123  2129  2133  2134
  2129  C    -14.329327    7.186338    6.675524   184  2128  2130  2135  2136
  2130  C    -14.821327    7.222338    5.192524   186  2129  2131  2137  2138
  2131  C    -13.741327    6.712338    4.216524   188  2130  2132  2139  2140
  2132  N    -13.849327    7.263338    2.804524   190  2131  2141  2142  2143
  2133  H    -14.419602    5.065543    7.080263   183  2128
  2134  H    -12.963734    5.564984    6.255879   183  2128
  2135  H    -13.623924    8.012460    6.848524   185  2129
  2136  H    -15.179015    7.372331    7.348901   185  2129
  2137  H    -15.102645    8.251260    4.923861   187  2130
  2138  H    -15.727657    6.607260    5.091307   187  2130
  2139  H    -13.766114    5.615126    4.142285   189  2131
  2140  H    -12.733525    6.953472    4.585563   189  2131
  2141  HN   -13.092373    6.878105    2.204343   191  2132
  2142  HN   -13.768149    8.300145    2.810949   191  2132
  2143  HN   -14.765117    7.007968    2.382962   191  2132
  2144  N    -14.600327    4.870338    9.833524     7  2124  2145  2148
  2145  CA   -15.458327    4.778338   11.030524     8  2144  2146  2149  2150
  2146  C    -14.711327    5.079338   12.338524     9  2145  2147  2166
  2147  O    -15.260327    5.716338   13.248524    11  2146
  2148  HN   -14.546947    4.079643    9.207384    10  2144
  2149  H    -16.308985    5.467936   10.926435    12  2145
  2150  C    -16.141327    3.417338   11.090524   182  2145  2151  2155  2156
  2151  C    -17.323327    3.373338   12.009524   184  2150  2152  2157  2158
  2152  C    -17.961327    2.004338   11.941524   186  2151  2153  2159  2160
  2153  C    -18.902327    1.789338   13.131524   188  2152  2154  2161  2162
  2154  N    -19.217327    0.327338   13.245524   190  2153  2163  2164  2165
  2155  H    -15.391813    2.676536   11.405865   183  2150
  2156  H    -16.448579    3.147935   10.069242   183  2150
  2157  H    -18.055248    4.135173   11.703094   185  2151
  2158  H    -16.995020    3.574670   13.039902   185  2151
  2159  H    -17.177148    1.232975   11.949461   187  2152
  2160  H    -18.527997    1.909504   11.003498   187  2152
  2161  H    -19.854723    2.318255   12.979245   189  2153
  2162  H    -18.421179    2.094627   14.072425   189  2153
  2163  HN   -19.856100    0.153862   14.047693   191  2154
  2164  HN   -18.346946   -0.222299   13.393631   191  2154
  2165  HN   -19.678408   -0.014595   12.378295   191  2154
  2166  N    -13.459327    4.648338   12.430524     7  2146  2167  2170
  2167  CA   -12.646327    4.945338   13.627524     8  2166  2168  2171  2172
  2168  C    -11.993327    6.328338   13.649524     9  2167  2169  2181
  2169  O    -11.356327    6.724338   14.663524    11  2168
  2170  HN   -13.001150    4.294664   11.602824    10  2166
  2171  H    -13.260971    4.815085   14.530434    12  2167
  2172  C    -11.606327    3.852338   13.812524   153  2167  2173  2177  2178
  2173  C    -12.231327    2.457338   13.985524   155  2172  2174  2179  2180
  2174  C    -11.181327    1.371338   14.134524   157  2173  2175  2176
  2175  O     -9.957327    1.688338   14.146524   158  2174
  2176  O    -11.570327    0.201338   14.253524   158  2174
  2177  H    -11.002494    4.106281   14.696209   154  2172
  2178  H    -10.945499    3.862107   12.933200   154  2172
  2179  H    -12.872188    2.232236   13.120292   156  2173
  2180  H    -12.888473    2.456231   14.867656   156  2173
  2181  N    -12.171327    7.073338   12.550524     7  2168  2182  2185
  2182  CA   -11.565327    8.407338   12.367524     8  2181  2183  2186  2187
  2183  C    -10.065327    8.358338   12.635524     9  2182  2184  2203
  2184  O     -9.499327    9.200338   13.306524    11  2183
  2185  HN   -12.749457    6.703761   11.809391    10  2181
  2186  H    -11.743400    8.753531   11.338719    12  2182
  2187  C    -12.255327    9.456338   13.246524   182  2182  2188  2192  2193
  2188  C    -13.748327    9.557338   12.988524   184  2187  2189  2194  2195
  2189  C    -14.299327   10.799338   13.685524   186  2188  2190  2196  2197
  2190  C    -15.599327   11.249338   13.012524   188  2189  2191  2198  2199
  2191  N    -15.377327   11.533338   11.552524   190  2190  2200  2201  2202
  2192  H    -11.774038   10.426863   13.055625   183  2187
  2193  H    -12.072410    9.189641   14.297911   183  2187
  2194  H    -14.250540    8.661695   13.382993   185  2188
  2195  H    -13.929645    9.632820   11.906200   185  2188
  2196  H    -13.557976   11.610171   13.631227   187  2189
  2197  H    -14.493764   10.570664   14.743778   187  2189
  2198  H    -15.979180   12.173996   13.471566   189  2190
  2199  H    -16.367966   10.465354   13.080083   189  2190
  2200  HN   -16.263654   11.838257   11.101914   191  2191
  2201  HN   -15.036187   10.681240   11.063493   191  2191
  2202  HN   -14.670842   12.286864   11.431372   191  2191
  2203  N     -9.437327    7.327338   12.094524     7  2183  2204  2207
  2204  CA    -8.054327    7.041338   12.373524     8  2203  2205  2208  2209
  2205  C     -7.177327    7.788338   11.361524     9  2204  2206  2222
  2206  O     -7.374327    7.652338   10.148524    11  2205
  2207  HN    -9.944491    6.721356   11.465501    10  2203
  2208  H     -7.807971    7.377498   13.391515    12  2204
  2209  C     -7.830327    5.519338   12.319524    19  2204  2210  2213  2214
  2210  C     -6.491327    4.893338   12.706524    21  2209  2211  2212  2215
  2211  C     -5.919327    5.436338   14.037524    23  2210  2216  2217  2218
  2212  C     -6.711327    3.388338   12.772524    23  2210  2219  2220  2221
  2213  H     -8.135997    5.167761   11.323051    20  2209
  2214  H     -8.646333    5.037482   12.878048    20  2209
  2215  H     -5.779595    5.134052   11.903097    22  2210
  2216  H     -4.956661    4.965892   14.286431    24  2211
  2217  H     -6.602251    5.247210   14.878859    24  2211
  2218  H     -5.749931    6.522279   13.992391    24  2211
  2219  H     -5.788820    2.855911   13.047300    24  2212
  2220  H     -7.045104    2.985077   11.805067    24  2212
  2221  H     -7.475604    3.123120   13.517869    24  2212
  2222  N     -6.235327    8.577338   11.889524     7  2205  2223  2226
  2223  CA    -5.194327    9.244338   11.098524     8  2222  2224  2227  2228
  2224  C     -5.755327   10.081338    9.932524     9  2223  2225  2236
  2225  O     -6.432327   11.089338   10.150524    11  2224
  2226  HN    -6.240582    8.722391   12.889040    10  2222
  2227  H     -4.590079    9.887747   11.754961    12  2223
  2228  C     -4.181327    8.192338   10.651524   147  2223  2229  2232  2233
  2229  C     -3.386327    7.631338   11.821524   149  2228  2230  2231
  2230  O     -2.876327    8.395338   12.661524   150  2229
  2231  N     -3.279327    6.296338   11.894524   151  2229  2234  2235
  2232  H     -3.501670    8.663999    9.926540   148  2228
  2233  H     -4.732800    7.383871   10.149271   148  2228
  2234  HN    -3.710198    5.702725   11.200208   152  2231
  2235  HN    -2.763494    5.866988   12.649292   152  2231
  2236  N     -5.525327    9.658338    8.693524     7  2224  2237  2240
  2237  CA    -6.031327   10.425338    7.539524     8  2236  2238  2241  2242
  2238  C     -7.506327   10.820338    7.679524     9  2237  2239  2255
  2239  O     -7.928327   11.843338    7.157524    11  2238
  2240  HN    -5.210344    8.709408    8.550633    10  2236
  2241  H     -5.420304   11.329839    7.403407    12  2237
  2242  C     -5.870327    9.616338    6.234524    25  2237  2243  2244  2246
  2243  C     -4.427327    9.606338    5.755524    27  2242  2245  2247  2248
  2244  C     -6.755327   10.146338    5.151524    29  2242  2249  2250  2251
  2245  C     -4.256327    8.634338    4.561524    31  2243  2252  2253  2254
  2246  H     -6.164748    8.580681    6.459760    26  2242
  2247  H     -3.768962    9.294775    6.579832    28  2243
  2248  H     -4.135651   10.621243    5.447478    28  2243
  2249  H     -6.643370    9.572308    4.219883    30  2244
  2250  H     -6.524845   11.196204    4.917731    30  2244
  2251  H     -7.816582   10.100979    5.437323    30  2244
  2252  H     -3.217143    8.614184    4.201397    32  2245
  2253  H     -4.891110    8.922529    3.710644    32  2245
  2254  H     -4.526628    7.604046    4.836181    32  2245
  2255  N     -8.296327    9.973338    8.331524     7  2238  2256  2259
  2256  CA    -9.731327   10.195338    8.464524     8  2255  2257  2260  2261
  2257  C    -10.097327   10.923338    9.776524     9  2256  2258  2279
  2258  O    -11.276327   11.023338   10.118524    11  2257
  2259  HN    -7.889153    9.148552    8.748702    10  2255
  2260  H    -10.093407   10.780699    7.606474    12  2256
  2261  C    -10.489327    8.867338    8.374524    89  2256  2262  2271  2272
  2262  C    -10.110327    8.019338    7.207524    91  2261  2263  2264
  2263  C     -9.435327    6.819338    7.237524    92  2262  2265  2273
  2264  C    -10.383327    8.294338    5.834524    94  2262  2266  2267
  2265  N     -9.285327    6.327338    5.960524    95  2263  2266  2274
  2266  C     -9.848327    7.219338    5.077524    97  2264  2265  2268
  2267  C    -11.015327    9.354338    5.163524    98  2264  2269  2275
  2268  C     -9.942327    7.167338    3.690524   100  2266  2270  2276
  2269  C    -11.103327    9.304338    3.773524   102  2267  2270  2277
  2270  C    -10.574327    8.217338    3.053524   104  2268  2269  2278
  2271  H    -11.565266    9.093745    8.341421    90  2261
  2272  H    -10.318528    8.316408    9.311169    90  2261
  2273  H     -9.075523    6.308797    8.130826    93  2263
  2274  HN    -8.827731    5.464874    5.701949    96  2265
  2275  H    -11.430490   10.203924    5.705690    99  2267
  2276  H     -9.541736    6.337945    3.107657   101  2268
  2277  H    -11.597161   10.119654    3.244857   103  2269
  2278  H    -10.651775    8.194176    1.966526   105  2270
  2279  N     -9.088327   11.402338   10.506524     7  2257  2280  2283
  2280  CA    -9.314327   12.163338   11.724524     8  2279  2281  2284  2285
  2281  C     -9.565327   13.617338   11.374524     9  2280  2282  2290
  2282  O     -9.750327   14.424338   12.279524    11  2281
  2283  HN    -8.142070   11.275104   10.177118    10  2279
  2284  H    -10.188447   11.757049   12.254471    12  2280
  2285  C     -8.123327   12.070338   12.684524    33  2280  2286  2287  2288
  2286  OH    -6.968327   12.681338   12.142524    35  2285  2289
  2287  H     -7.912851   11.012056   12.898389    34  2285
  2288  H     -8.385538   12.558711   13.634649    34  2285
  2289  HO    -6.284321   12.586768   12.780327    36  2286
  2290  N    -10.311327   14.785338   11.952524     7  2281  2291  2294
  2291  CA   -10.085327   15.970338   13.065524     8  2290  2292  2295  2296
  2292  C    -10.668327   17.402338   13.755524     9  2291  2293  2305
  2293  O     -9.839327   17.790338   14.578524    11  2292
  2294  HN   -11.225268   14.865818   11.530227    10  2290
  2295  H     -9.149297   15.729895   13.590915    12  2291
  2296  C    -10.654327   15.223338   14.339524   153  2291  2297  2301  2302
  2297  C    -10.109327   15.583338   15.778524   155  2296  2298  2303  2304
  2298  C     -8.612327   15.759338   16.057524   157  2297  2299  2300
  2299  O     -7.721327   15.166338   15.426524   158  2298
  2300  O     -8.413327   16.220338   17.187524   158  2298
  2301  H    -10.566791   14.140968   14.163987   154  2296
  2302  H    -11.750801   15.309187   14.320156   154  2296
  2303  H    -10.542101   14.893710   16.518200   156  2297
  2304  H    -10.660819   16.449019   16.174065   156  2297
  2305  N    -11.593327   18.565338   14.001524     7  2292  2306  2309
  2306  CA   -12.988327   19.181338   14.495524     8  2305  2307  2310  2311
  2307  C    -13.137327   20.747338   14.778524     9  2306  2308  2317
  2308  O    -14.288327   20.413338   14.503524    11  2307
  2309  HN   -11.061938   19.369959   13.701007    10  2305
  2310  H    -13.794025   18.851407   13.823217    12  2306
  2311  C    -13.610327   19.214338   13.121524   137  2306  2312  2315  2316
  2312  C    -12.207327   18.952338   13.595524   139  2311  2313  2314
  2313  O    -12.286327   19.124338   14.863524   140  2312
  2314  O    -11.240327   18.668338   12.851524   140  2312
  2315  H    -13.716189   20.267903   12.823540   138  2311
  2316  H    -14.139138   18.262271   12.966836   138  2311
  2317  N    -13.598327   22.091338   15.071524     7  2307  2318  2321
  2318  CA   -14.565327   22.932338   15.900524     8  2317  2319  2322  2323
  2319  C    -14.472327   24.493338   15.937524     9  2318  2320  2331
  2320  O    -13.332327   24.967338   15.940524    11  2319
  2321  HN   -13.064559   22.725872   14.494846    10  2317
  2322  H    -15.599226   22.631317   15.675939    12  2318
  2323  C    -15.851327   23.204338   15.138524   147  2318  2324  2327  2328
  2324  C    -17.060327   23.160338   16.037524   149  2323  2325  2326
  2325  O    -18.119327   23.212338   15.441524   150  2324
  2326  N    -16.902327   23.416338   17.339524   151  2324  2329  2330
  2327  H    -15.942724   22.445244   14.347687   148  2323
  2328  H    -15.764789   24.197081   14.672720   148  2323
  2329  HN   -15.992070   23.635569   17.718299   152  2326
  2330  HN   -17.696281   23.393347   17.963390   152  2326
  2331  N    -15.526327   24.994338   16.676524     7  2319  2332  2335
  2332  CA   -16.387327   26.193338   16.988524     8  2331  2333  2336  2337
  2333  C    -16.160327   27.730338   17.360524     9  2332  2334  2341
  2334  O    -15.232327   27.755338   18.161524    11  2333
  2335  HN   -15.863843   24.236334   17.252382    10  2331
  2336  H    -17.371806   26.072164   16.513005    12  2332
  2337  C    -16.142327   25.969338   18.497524    13  2332  2338  2339  2340
  2338  H    -16.670627   26.734129   19.085736    14  2337
  2339  H    -15.067122   26.031955   18.721160    14  2337
  2340  H    -16.508547   24.976732   18.798549    14  2337
  2341  N    -17.119327   28.652338   17.861524     7  2333  2342  2345
  2342  CA   -17.817327   30.020338   17.642524     8  2341  2343  2346  2347
  2343  C    -18.861327   30.132338   18.885524     9  2342  2344  2353
  2344  O    -19.497327   29.117338   19.289524    11  2343
  2345  HN   -17.503716   28.253314   18.705991    10  2341
  2346  H    -17.073562   30.827637   17.713814    12  2342
  2347  C    -17.136327   31.169338   18.417524   137  2342  2348  2351  2352
  2348  C    -16.543327   30.253338   19.411524   139  2347  2349  2350
  2349  O    -15.902327   30.635338   20.388524   140  2348
  2350  O    -16.847327   29.092338   19.133524   140  2348
  2351  H    -17.925574   31.774554   18.887420   138  2347
  2352  H    -16.347963   31.589416   17.775639   138  2347
  2353  N    -19.557327   31.237338   19.424524     7  2343  2354  2357
  2354  CA   -19.465327   32.704338   19.751524     8  2353  2355  2358  2359
  2355  C    -20.347327   33.507338   20.763524     9  2354  2356  2364
  2356  O    -20.447327   33.061338   21.913524    11  2355
  2357  HN   -20.476108   30.918634   19.697231    10  2353
  2358  H    -18.409899   32.986417   19.879988    12  2354
  2359  C    -20.143327   33.132338   18.499524    33  2354  2360  2361  2362
  2360  OH   -19.301327   34.199338   18.245524    35  2359  2363
  2361  H    -21.148429   33.507488   18.742490    34  2359
  2362  H    -20.000713   32.360497   17.728860    34  2359
  2363  HO   -19.601684   34.601256   17.450636    36  2360
  2364  N    -20.288327   34.871338   20.659524     1  2355  2365  2368
  2365  CA   -21.582327   35.597338   20.868524     2  2364  2366  2369  2370
  2366  C    -22.168327   37.042338   20.947524     3  2365  2367  2371
  2367  O    -23.258327   37.149338   20.392524     5  2366
  2368  HN   -19.583592   35.287252   20.067524     4  2364
  2369  H    -22.391306   34.866678   21.015791     6  2365
  2370  H    -22.391306   34.866678   21.015791     6  2365
  2371  N    -21.910327   38.367338   20.913524     7  2366  2372  2375
  2372  CA   -21.315327   39.300338   21.802524     8  2371  2373  2376  2377
  2373  C    -22.119327   39.048338   23.100524   233  2372  2374  2388
  2374  O    -22.241327   37.788338   23.276524   234  2373
  2375  HN   -22.212479   38.796448   20.050582    10  2371
  2376  H    -20.261218   39.031457   21.965488    12  2372
  2377  C    -19.946327   39.900338   21.731524   167  2372  2378  2382  2383
  2378  C    -20.757327   41.208338   21.595524   169  2377  2379  2384  2385
  2379  C    -20.235327   42.409338   22.410524   171  2378  2380  2381
  2380  O    -20.288327   42.388338   23.633524   172  2379
  2381  N    -19.099327   42.956338   22.013524   173  2379  2386  2387
  2382  H    -19.507392   39.627142   20.760596   168  2377
  2383  H    -19.497628   39.838375   22.733936   168  2377
  2384  H    -21.808846   41.017153   21.855822   170  2378
  2385  H    -20.828024   41.487853   20.533981   170  2378
  2386  HN   -18.602944   42.596379   21.210945   174  2381
  2387  HN   -18.712352   43.745367   22.511303   174  2381
  2388  O    -22.985327   39.860338   23.564524   234  2373
  2389  Ca2    1.876673    7.803338   -2.942476   358
