PDB,atom_number,Chain ID,Residue ID,Residue Name,atom_name,Radius_7A_N_Count,Radius_7A_CA_C_Count,Radius_7A_O_Count,Radius_7A_S_Count,Radius_8A_N_Count,Radius_8A_CA_C_Count,Radius_8A_O_Count,Radius_8A_S_Count,Radius_9A_N_Count,Radius_9A_CA_C_Count,Radius_9A_O_Count,Radius_9A_S_Count,Radius_10A_N_Count,Radius_10A_CA_C_Count,Radius_10A_O_Count,Radius_10A_S_Count,Radius_11A_N_Count,Radius_11A_CA_C_Count,Radius_11A_O_Count,Radius_11A_S_Count
3E5S,1,A,1,LEU,N,4,13,4,0,9,20,5,0,10,35,8,0,15,45,11,0,20,57,14,0
3E5S,2,A,1,LEU,CA,8,20,5,0,10,33,8,0,12,41,10,0,20,54,14,0,20,73,16,0
3E5S,3,A,1,LEU,C,5,16,5,0,9,24,7,0,14,39,10,0,16,53,12,0,20,73,18,0
3E5S,4,A,1,LEU,O,4,13,5,0,6,20,5,0,12,29,7,0,14,44,11,0,18,63,16,0
3E5S,5,A,1,LEU,H,3,12,5,0,7,25,6,0,12,32,9,0,14,46,12,0,19,61,16,0
3E5S,6,A,1,LEU,H,4,10,4,0,7,16,5,0,10,35,7,0,14,44,10,0,16,53,11,0
3E5S,7,A,1,LEU,H,2,11,3,0,7,15,5,0,10,28,6,0,12,39,10,0,18,48,14,0
3E5S,8,A,1,LEU,H,8,20,6,0,10,27,8,0,14,39,12,0,18,52,13,0,21,74,19,0
3E5S,9,A,1,LEU,C,9,28,8,0,12,42,8,0,17,55,12,0,21,68,16,0,26,92,25,1
3E5S,10,A,1,LEU,C,9,29,8,0,11,39,10,0,17,53,14,0,21,74,20,1,26,92,23,1
3E5S,11,A,1,LEU,C,10,36,9,0,13,49,13,0,17,68,19,1,24,89,22,1,34,111,29,1
3E5S,12,A,1,LEU,C,8,27,9,0,13,34,11,0,19,55,13,0,21,70,20,0,27,92,23,0
3E5S,13,A,1,LEU,H,9,30,8,0,13,46,11,0,19,63,12,0,23,79,19,1,26,102,25,1
3E5S,14,A,1,LEU,H,7,26,6,0,13,41,8,0,16,54,12,0,18,68,12,1,26,89,23,1
3E5S,15,A,1,LEU,H,8,24,8,0,9,35,9,0,13,48,12,0,19,64,17,0,22,85,21,1
3E5S,16,A,1,LEU,H,10,37,10,0,14,50,14,0,17,65,18,1,24,87,24,1,33,113,26,1
3E5S,17,A,1,LEU,H,11,37,8,0,14,58,14,0,22,78,18,1,29,97,23,1,35,121,28,1
3E5S,18,A,1,LEU,H,10,35,8,0,13,48,11,1,16,69,17,1,23,91,21,1,32,114,27,1
3E5S,19,A,1,LEU,H,8,25,10,0,13,42,12,0,18,52,16,0,24,71,19,0,27,88,26,0
3E5S,20,A,1,LEU,H,5,20,7,0,10,31,10,0,16,41,13,0,20,59,16,0,24,79,22,0
3E5S,21,A,1,LEU,H,9,28,9,0,14,38,12,0,20,61,15,0,25,83,22,0,27,97,24,0
3E5S,22,A,2,HIS,N,4,19,7,0,8,27,8,0,12,44,10,0,16,62,16,0,18,81,18,0
3E5S,23,A,2,HIS,CA,5,19,6,0,6,26,8,0,10,38,12,0,14,58,16,0,20,77,17,0
3E5S,24,A,2,HIS,C,5,26,9,0,10,37,13,0,12,49,15,0,19,71,16,0,21,87,20,0
3E5S,25,A,2,HIS,O,8,31,10,0,10,40,12,0,15,62,15,0,19,79,18,0,23,105,22,0
3E5S,26,A,2,HIS,HN,7,21,8,0,10,33,10,0,13,52,12,0,16,70,16,0,23,85,21,0
3E5S,27,A,2,HIS,H,4,16,6,0,7,24,8,0,8,35,11,0,12,54,14,0,19,67,16,0
3E5S,28,A,2,HIS,C,3,14,6,0,5,22,6,0,8,28,10,0,13,42,13,0,15,61,16,0
3E5S,29,A,2,HIS,C,5,13,5,0,7,25,7,0,11,31,10,0,13,45,13,0,15,65,17,0
3E5S,30,A,2,HIS,N,4,13,5,0,9,26,8,0,11,38,9,0,12,55,14,0,15,64,16,0
3E5S,31,A,2,HIS,C,6,14,4,0,8,25,7,0,11,31,10,0,13,49,12,0,15,63,15,0
3E5S,32,A,2,HIS,C,6,14,6,0,9,28,7,0,12,39,10,0,12,56,12,0,14,68,16,0
3E5S,33,A,2,HIS,N,6,16,6,0,9,25,7,0,10,40,10,0,13,48,11,0,13,68,17,0
3E5S,34,A,2,HIS,H,2,8,3,0,3,17,5,0,6,24,7,0,9,30,11,0,16,49,14,0
3E5S,35,A,2,HIS,H,3,13,5,0,3,18,6,0,8,26,11,0,10,40,12,0,14,52,16,0
3E5S,36,A,2,HIS,HN,3,14,6,0,8,23,8,0,10,44,12,0,14,54,15,0,15,65,17,0
3E5S,37,A,2,HIS,H,5,13,4,0,8,25,8,0,10,34,10,0,12,45,12,0,16,60,16,0
3E5S,38,A,2,HIS,H,6,16,4,0,9,31,7,0,10,41,9,0,12,59,11,0,15,72,17,0
3E5S,39,A,2,HIS,HN,6,15,4,0,9,25,7,0,11,40,9,0,13,52,12,0,14,64,17,0
3E5S,40,A,3,LYS,N,8,26,11,0,9,39,14,0,12,51,14,0,19,69,16,0,23,89,21,0
3E5S,41,A,3,LYS,CA,8,31,12,0,9,44,14,0,15,61,17,0,20,84,19,0,25,106,23,0
3E5S,42,A,3,LYS,C,8,31,8,0,10,40,16,0,13,52,16,0,19,78,18,0,24,99,19,0
3E5S,43,A,3,LYS,O,7,23,8,0,9,34,10,0,13,45,16,0,15,62,16,0,21,82,18,0
3E5S,44,A,3,LYS,HN,5,23,8,0,9,32,11,0,10,44,14,0,14,57,16,0,22,77,19,0
3E5S,45,A,3,LYS,H,8,37,14,0,12,55,14,0,18,72,18,0,21,91,21,0,28,114,26,1
3E5S,46,A,3,LYS,C,7,32,9,0,10,42,14,0,16,59,18,0,20,81,22,0,27,103,25,1
3E5S,47,A,3,LYS,C,7,28,10,0,11,41,13,0,17,62,17,0,24,86,21,1,26,102,25,1
3E5S,48,A,3,LYS,C,7,22,9,0,10,34,12,0,16,55,17,0,24,80,20,1,25,96,27,1
3E5S,49,A,3,LYS,C,3,19,8,0,9,36,11,0,15,51,16,1,20,69,21,1,25,97,22,1
3E5S,50,A,3,LYS,N,3,18,5,0,6,30,10,0,14,45,16,1,17,63,21,1,24,82,23,1
3E5S,51,A,3,LYS,H,8,34,10,0,11,48,14,0,16,67,21,0,22,89,22,0,27,110,25,1
3E5S,52,A,3,LYS,H,6,26,8,0,8,38,10,0,13,49,17,0,18,65,20,0,23,91,23,0
3E5S,53,A,3,LYS,H,5,27,9,0,10,38,13,0,15,56,15,0,20,76,19,1,24,99,22,1
3E5S,54,A,3,LYS,H,9,32,11,0,12,53,15,0,19,74,17,1,25,93,22,1,28,120,27,1
3E5S,55,A,3,LYS,H,8,26,11,0,12,43,14,0,18,65,19,1,22,85,21,1,28,104,27,1
3E5S,56,A,3,LYS,H,2,20,7,0,8,30,11,0,15,47,15,0,21,69,19,0,24,87,23,1
3E5S,57,A,3,LYS,H,2,17,7,0,6,26,8,0,12,47,13,0,18,59,17,1,22,79,21,1
3E5S,58,A,3,LYS,H,5,28,10,0,11,46,14,1,17,54,16,1,20,78,21,1,28,108,24,1
3E5S,59,A,3,LYS,HN,4,15,4,0,5,27,7,0,9,41,15,1,17,60,18,1,20,79,22,1
3E5S,60,A,3,LYS,HN,5,22,6,0,8,33,11,0,14,47,18,1,17,70,21,1,26,92,23,1
3E5S,61,A,3,LYS,HN,2,12,4,0,4,24,7,0,10,39,13,0,16,56,19,1,21,73,22,1
3E5S,62,A,4,GLU,N,10,32,8,0,11,44,11,0,15,65,16,0,22,90,17,0,27,108,20,0
3E5S,63,A,4,GLU,CA,9,30,8,0,11,42,8,0,14,60,11,0,20,81,18,0,25,107,19,0
3E5S,64,A,4,GLU,C,7,29,9,0,11,43,10,0,16,66,12,0,21,94,16,0,28,111,22,0
3E5S,65,A,4,GLU,O,6,31,9,0,14,47,12,0,17,81,14,0,22,102,19,0,28,118,24,1
3E5S,66,A,4,GLU,HN,9,37,10,0,11,53,13,0,18,81,16,0,23,98,19,0,29,120,23,0
3E5S,67,A,4,GLU,H,8,24,5,0,10,36,8,0,13,50,9,0,18,66,15,0,22,87,18,0
3E5S,68,A,4,GLU,C,9,35,4,0,12,50,7,0,15,61,14,0,19,77,16,0,26,102,20,1
3E5S,69,A,4,GLU,C,9,33,4,0,13,45,5,0,14,61,9,0,17,72,16,0,24,92,20,1
3E5S,70,A,4,GLU,C,9,29,4,0,13,43,4,0,14,57,7,0,16,68,13,1,19,83,21,1
3E5S,71,A,4,GLU,O,6,27,4,0,13,41,5,0,15,53,6,1,16,66,11,1,20,81,18,1
3E5S,72,A,4,GLU,O,9,25,3,0,11,37,5,0,13,49,6,0,15,63,9,0,19,79,17,1
3E5S,73,A,4,GLU,H,9,35,4,0,11,44,6,0,16,59,11,0,19,70,15,1,23,94,20,1
3E5S,74,A,4,GLU,H,10,40,5,0,12,58,9,0,17,69,14,0,22,92,18,1,27,119,25,1
3E5S,75,A,4,GLU,H,11,33,5,0,13,47,7,0,16,60,13,0,18,80,16,0,24,99,19,1
3E5S,76,A,4,GLU,H,9,25,4,0,12,39,4,0,14,55,9,0,15,64,13,0,20,76,18,0
3E5S,77,A,5,PRO,N,5,23,8,0,12,38,12,0,13,55,12,0,17,77,17,0,23,103,20,0
3E5S,78,A,5,PRO,CA,8,27,9,0,9,42,10,0,14,55,15,0,18,77,18,0,23,97,21,1
3E5S,79,A,5,PRO,C,8,32,7,0,12,51,11,0,14,66,15,0,20,84,21,1,25,108,24,2
3E5S,80,A,5,PRO,O,9,35,7,0,11,49,12,0,15,66,15,1,18,83,21,2,26,110,23,2
3E5S,81,A,5,PRO,H,7,29,9,0,8,40,12,0,14,52,15,0,21,77,18,0,25,106,21,1
3E5S,82,A,5,PRO,C,6,17,5,0,8,31,8,0,11,47,12,0,17,61,17,1,19,76,18,1
3E5S,83,A,5,PRO,C,3,14,5,0,7,22,8,0,11,36,11,0,14,53,13,0,16,68,18,0
3E5S,84,A,5,PRO,C,5,16,7,0,9,30,9,0,13,43,12,0,15,62,13,0,18,78,18,0
3E5S,85,A,5,PRO,H,6,16,4,0,8,26,5,0,11,42,13,0,14,55,16,1,17,72,18,1
3E5S,86,A,5,PRO,H,5,11,5,0,10,34,7,0,11,51,12,0,16,59,14,1,18,72,21,1
3E5S,87,A,5,PRO,H,3,15,5,0,5,21,8,0,9,33,10,0,13,47,15,0,17,66,16,0
3E5S,88,A,5,PRO,H,3,6,3,0,3,15,6,0,8,25,10,0,13,47,10,0,15,58,16,0
3E5S,89,A,5,PRO,H,6,13,6,0,8,27,9,0,11,41,11,0,14,54,12,0,19,69,16,0
3E5S,90,A,5,PRO,H,4,11,5,0,7,33,8,0,13,43,12,0,15,56,14,0,20,75,15,0
3E5S,91,A,6,ALA,N,10,36,7,0,12,54,12,0,15,72,16,1,21,90,21,1,26,117,28,2
3E5S,92,A,6,ALA,CA,9,41,6,0,12,55,10,1,16,77,16,1,21,99,23,2,27,126,27,2
3E5S,93,A,6,ALA,C,8,37,5,0,12,47,11,1,15,72,16,1,20,100,21,1,27,126,29,2
3E5S,94,A,6,ALA,O,9,36,9,0,11,50,10,0,18,70,18,1,20,98,20,1,29,124,31,1
3E5S,95,A,6,ALA,HN,8,36,10,0,12,50,11,0,15,70,15,0,21,90,20,1,26,124,28,1
3E5S,96,A,6,ALA,H,10,38,7,1,13,54,9,1,15,73,15,1,20,96,21,2,22,120,26,2
3E5S,97,A,6,ALA,C,10,47,9,0,13,61,14,0,17,88,19,2,25,116,23,2,32,149,33,2
3E5S,98,A,6,ALA,H,10,44,10,0,13,68,13,2,19,92,17,2,24,121,22,2,31,150,35,2
3E5S,99,A,6,ALA,H,9,49,9,0,13,67,13,0,17,89,20,1,25,126,26,2,33,155,34,2
3E5S,100,A,6,ALA,H,8,48,10,0,13,65,11,1,18,91,19,2,24,119,25,2,32,147,32,2
3E5S,101,A,7,THR,N,8,29,6,1,12,46,10,1,14,67,15,1,20,98,23,1,25,120,28,2
3E5S,102,A,7,THR,CA,7,29,7,1,9,41,9,1,14,53,16,1,20,87,21,1,27,118,25,1
3E5S,103,A,7,THR,C,8,31,7,1,9,40,10,1,15,64,17,1,21,97,21,1,29,122,26,1
3E5S,104,A,7,THR,O,7,35,7,1,11,49,12,1,17,77,14,1,23,102,22,1,28,131,25,2
3E5S,105,A,7,THR,HN,9,33,8,1,13,48,10,1,16,68,14,1,18,96,22,2,23,119,26,2
3E5S,106,A,7,THR,H,7,27,7,0,9,38,11,1,13,59,15,1,21,84,20,1,29,116,29,1
3E5S,107,A,7,THR,C,6,21,4,1,7,36,8,1,12,44,13,1,17,67,16,1,23,92,22,1
3E5S,108,A,7,THR,OH,5,19,4,1,8,34,9,1,12,46,11,1,16,62,17,1,19,90,21,1
3E5S,109,A,7,THR,C,4,14,5,1,6,26,6,1,11,43,8,1,15,62,16,1,18,74,20,1
3E5S,110,A,7,THR,H,5,18,3,1,6,34,7,1,10,41,12,1,13,58,15,1,23,87,21,1
3E5S,111,A,7,THR,HO,4,17,3,1,6,27,8,1,12,41,11,1,13,55,13,1,17,74,20,1
3E5S,112,A,7,THR,H,3,9,3,1,6,16,6,1,9,33,6,1,14,51,14,1,17,64,17,1
3E5S,113,A,7,THR,H,4,15,5,1,9,29,6,1,12,49,11,1,15,63,14,1,20,78,20,1
3E5S,114,A,7,THR,H,3,17,6,1,8,26,6,1,10,41,9,1,15,57,14,1,19,73,21,1
3E5S,115,A,8,LEU,N,7,28,8,0,12,41,11,1,13,65,17,1,19,82,22,1,30,112,28,1
3E5S,116,A,8,LEU,CA,7,34,8,0,9,50,11,0,13,62,16,1,20,83,24,1,26,116,30,1
3E5S,117,A,8,LEU,C,7,26,7,0,7,46,8,1,10,57,13,1,16,74,19,1,26,101,26,1
3E5S,118,A,8,LEU,O,6,21,4,0,7,33,8,1,10,50,11,1,13,63,18,1,23,86,21,1
3E5S,119,A,8,LEU,HN,5,26,8,0,10,42,13,0,15,56,15,1,18,79,23,1,24,100,27,1
3E5S,120,A,8,LEU,H,7,41,9,0,11,52,11,0,16,69,18,1,23,100,25,1,29,132,30,1
3E5S,121,A,8,LEU,C,7,35,8,0,12,53,10,0,17,65,20,0,22,83,26,1,28,116,30,1
3E5S,122,A,8,LEU,C,7,38,8,0,11,47,13,0,16,65,17,0,22,91,26,0,30,124,32,1
3E5S,123,A,8,LEU,C,9,40,9,0,11,53,15,0,17,73,20,0,22,108,26,0,35,138,34,0
3E5S,124,A,8,LEU,C,6,26,10,0,12,48,14,0,18,66,18,0,23,93,27,0,31,116,37,0
3E5S,125,A,8,LEU,H,5,24,9,0,11,41,10,0,14,63,17,0,18,76,24,1,26,103,30,1
3E5S,126,A,8,LEU,H,8,35,8,0,15,52,15,0,16,69,22,0,26,92,27,0,27,129,33,1
3E5S,127,A,8,LEU,H,6,33,7,0,10,46,11,0,12,62,15,0,20,83,21,0,31,111,30,1
3E5S,128,A,8,LEU,H,9,41,10,0,11,58,14,0,16,77,20,0,23,111,25,0,35,140,36,0
3E5S,129,A,8,LEU,H,9,37,7,0,13,55,14,0,18,85,24,0,27,116,27,0,36,147,36,1
3E5S,130,A,8,LEU,H,9,40,8,0,11,55,13,0,16,80,18,0,25,107,25,0,35,141,31,1
3E5S,131,A,8,LEU,H,8,28,9,0,13,47,15,0,17,71,17,0,26,90,29,0,29,124,36,0
3E5S,132,A,8,LEU,H,7,22,9,0,9,44,14,0,17,63,18,0,23,85,23,0,28,109,35,0
3E5S,133,A,8,LEU,H,7,34,13,0,14,50,14,0,18,73,20,0,24,96,30,0,31,123,37,1
3E5S,134,A,9,ILE,N,7,28,6,0,9,43,9,1,14,61,13,1,18,80,16,1,24,102,24,1
3E5S,135,A,9,ILE,CA,6,26,5,0,8,38,8,1,12,53,12,1,17,73,14,1,21,89,19,1
3E5S,136,A,9,ILE,C,6,23,4,0,7,37,8,0,13,54,10,0,17,71,17,1,21,94,21,1
3E5S,137,A,9,ILE,O,4,19,5,0,8,27,6,0,10,44,9,0,13,65,15,1,22,85,22,1
3E5S,138,A,9,ILE,HN,7,32,8,0,11,53,9,0,16,71,14,1,18,90,18,1,24,112,26,2
3E5S,139,A,9,ILE,H,5,24,5,0,7,32,6,1,11,41,10,1,13,66,13,1,19,80,17,1
3E5S,140,A,9,ILE,C,8,29,6,0,11,42,9,1,13,53,11,1,17,73,14,1,20,89,19,1
3E5S,141,A,9,ILE,C,10,33,8,1,11,39,10,1,13,56,13,1,16,68,13,1,19,91,18,2
3E5S,142,A,9,ILE,C,5,21,5,0,9,32,6,0,12,46,10,1,16,57,12,1,18,76,14,1
3E5S,143,A,9,ILE,C,10,28,8,1,12,43,12,1,14,55,12,1,16,72,15,2,20,87,17,2
3E5S,144,A,9,ILE,H,8,32,7,0,13,50,10,0,15,60,11,1,17,80,16,1,21,97,20,2
3E5S,145,A,9,ILE,H,9,32,8,1,11,46,11,1,15,59,13,1,18,76,14,1,20,99,21,2
3E5S,146,A,9,ILE,H,7,28,6,1,10,35,8,1,12,48,11,1,14,59,13,1,18,75,14,1
3E5S,147,A,9,ILE,H,7,21,4,0,9,32,8,1,11,43,10,1,15,56,12,1,18,71,15,1
3E5S,148,A,9,ILE,H,4,17,5,0,9,26,5,1,9,41,7,1,15,50,12,1,17,63,13,1
3E5S,149,A,9,ILE,H,6,18,4,0,9,34,6,0,12,46,9,0,16,58,12,1,18,71,14,1
3E5S,150,A,9,ILE,H,10,32,9,1,13,39,10,1,14,57,13,1,18,68,15,2,19,86,17,2
3E5S,151,A,9,ILE,H,7,24,7,1,11,31,10,1,12,48,12,1,15,64,13,1,19,76,16,2
3E5S,152,A,9,ILE,H,10,32,10,1,12,49,12,1,15,66,13,2,17,79,15,2,20,93,20,2
3E5S,153,A,10,LYS,N,7,33,6,0,9,39,9,0,13,56,13,0,17,80,15,0,22,103,25,1
3E5S,154,A,10,LYS,CA,5,31,5,0,8,41,10,0,13,54,14,0,17,79,17,0,23,101,27,0
3E5S,155,A,10,LYS,C,7,36,8,0,10,51,12,0,16,65,17,0,21,87,24,0,26,118,32,0
3E5S,156,A,10,LYS,O,7,36,7,0,10,55,13,0,17,72,19,0,22,93,22,0,26,118,30,0
3E5S,157,A,10,LYS,HN,8,36,8,0,10,45,10,0,14,62,13,0,18,89,20,1,22,108,24,1
3E5S,158,A,10,LYS,H,4,24,5,0,8,42,8,0,12,61,12,0,17,74,22,0,25,101,24,0
3E5S,159,A,10,LYS,C,5,26,5,0,9,35,8,0,11,51,13,0,16,71,17,0,19,94,22,0
3E5S,160,A,10,LYS,C,5,24,5,0,7,38,7,0,11,52,13,0,14,79,18,0,26,94,28,0
3E5S,161,A,10,LYS,C,4,17,4,0,6,30,6,0,10,48,10,0,12,71,18,0,21,86,23,0
3E5S,162,A,10,LYS,C,5,18,4,0,6,32,7,0,10,52,14,0,17,71,17,0,22,89,24,0
3E5S,163,A,10,LYS,N,4,16,4,0,8,30,5,0,11,44,10,0,13,63,18,0,21,83,23,0
3E5S,164,A,10,LYS,H,6,27,5,0,8,38,9,0,14,54,12,0,16,72,17,0,21,95,23,0
3E5S,165,A,10,LYS,H,4,22,4,0,7,31,5,0,10,42,10,0,14,60,13,0,17,90,20,0
3E5S,166,A,10,LYS,H,4,23,6,0,7,37,9,0,9,60,12,0,18,72,18,0,22,96,30,0
3E5S,167,A,10,LYS,H,5,28,7,0,8,42,12,0,10,61,16,0,18,82,20,0,28,106,28,0
3E5S,168,A,10,LYS,H,4,16,4,0,6,25,6,0,11,44,10,0,13,70,15,0,20,87,22,0
3E5S,169,A,10,LYS,H,2,16,3,0,7,25,5,0,9,41,7,0,12,59,15,0,16,81,22,0
3E5S,170,A,10,LYS,H,5,26,5,0,6,35,9,0,12,48,12,0,15,70,17,0,24,89,29,0
3E5S,171,A,10,LYS,H,4,19,5,0,7,32,9,0,10,55,15,0,19,75,19,0,25,98,25,0
3E5S,172,A,10,LYS,HN,4,27,5,0,10,34,8,0,10,44,10,0,15,60,18,0,18,88,23,0
3E5S,173,A,10,LYS,HN,3,12,4,0,6,27,4,0,11,44,10,0,13,60,18,0,19,81,22,0
3E5S,174,A,10,LYS,HN,1,12,3,0,6,30,5,0,10,39,10,0,13,54,15,0,18,77,22,0
3E5S,175,A,11,ALA,N,9,41,9,0,12,55,13,0,17,71,18,0,23,94,27,0,31,128,34,0
3E5S,176,A,11,ALA,CA,9,41,11,0,15,56,15,0,20,76,21,0,26,110,29,0,33,139,34,0
3E5S,177,A,11,ALA,C,9,37,9,0,12,50,17,0,16,74,19,0,25,97,25,0,32,131,33,0
3E5S,178,A,11,ALA,O,8,34,10,0,10,47,16,0,18,72,18,0,25,97,23,0,32,125,33,0
3E5S,179,A,11,ALA,HN,8,39,9,0,12,52,14,0,17,70,20,0,23,96,27,0,32,120,32,0
3E5S,180,A,11,ALA,H,10,45,10,0,14,59,15,0,20,84,22,0,25,113,30,0,35,136,32,0
3E5S,181,A,11,ALA,C,10,42,11,0,15,60,15,0,23,84,24,0,28,111,31,0,34,139,38,0
3E5S,182,A,11,ALA,H,13,41,10,0,16,64,18,0,23,85,25,0,28,110,30,0,33,144,36,1
3E5S,183,A,11,ALA,H,9,38,10,0,15,59,16,0,21,85,26,0,30,103,31,0,34,138,38,0
3E5S,184,A,11,ALA,H,10,37,10,0,15,59,17,0,22,77,21,0,28,114,31,0,34,137,39,1
3E5S,185,A,12,ILE,N,10,31,8,0,11,49,16,0,15,67,20,0,22,89,24,0,33,122,31,0
3E5S,186,A,12,ILE,CA,9,27,9,0,11,40,12,0,12,60,19,0,18,77,21,0,30,113,28,0
3E5S,187,A,12,ILE,C,8,26,9,0,10,37,11,0,13,55,18,0,19,83,27,0,30,121,31,0
3E5S,188,A,12,ILE,O,6,22,10,0,9,39,10,0,15,56,12,0,20,83,27,0,26,114,33,0
3E5S,189,A,12,ILE,HN,10,36,9,0,13,51,14,0,16,76,20,0,24,95,25,0,32,130,32,0
3E5S,190,A,12,ILE,H,8,25,8,0,9,37,11,0,11,55,15,0,19,81,20,0,28,114,26,0
3E5S,191,A,12,ILE,C,7,27,8,0,11,39,12,0,14,51,14,0,20,77,21,0,26,108,26,0
3E5S,192,A,12,ILE,C,7,31,9,0,13,38,10,0,16,55,15,0,20,77,18,0,22,105,24,0
3E5S,193,A,12,ILE,C,7,20,6,0,9,32,10,0,12,44,12,0,18,63,19,0,24,92,22,0
3E5S,194,A,12,ILE,C,10,32,10,0,12,39,12,0,18,56,14,0,22,79,18,0,26,103,25,0
3E5S,195,A,12,ILE,H,7,31,9,0,12,41,11,0,17,61,17,0,21,86,21,0,28,111,28,0
3E5S,196,A,12,ILE,H,9,33,9,0,13,48,11,0,16,66,15,0,19,86,22,0,24,113,27,0
3E5S,197,A,12,ILE,H,6,27,7,0,12,37,11,0,14,47,14,0,17,68,17,0,21,95,22,0
3E5S,198,A,12,ILE,H,5,17,6,0,9,31,9,0,16,47,13,0,19,57,17,0,23,86,20,0
3E5S,199,A,12,ILE,H,6,20,8,0,8,28,9,0,10,41,11,0,15,57,14,0,23,87,23,0
3E5S,200,A,12,ILE,H,7,18,7,0,9,32,9,0,10,43,14,0,17,67,18,0,26,98,25,0
3E5S,201,A,12,ILE,H,10,30,9,0,13,45,11,0,16,62,14,0,22,78,17,0,26,99,26,1
3E5S,202,A,12,ILE,H,7,27,7,0,13,37,12,0,16,47,12,0,23,70,16,0,24,92,25,0
3E5S,203,A,12,ILE,H,9,35,12,0,15,46,12,0,18,67,15,0,24,88,18,0,27,110,30,1
3E5S,204,A,13,ASP,N,8,35,8,0,12,44,12,0,14,61,19,0,23,90,25,0,34,129,31,0
3E5S,205,A,13,ASP,CA,8,31,7,0,13,45,14,0,15,66,19,0,26,96,28,0,36,131,35,0
3E5S,206,A,13,ASP,C,11,35,11,0,12,51,14,0,18,75,25,0,29,108,30,0,39,143,38,0
3E5S,207,A,13,ASP,O,11,38,8,0,14,55,16,0,19,68,24,0,30,109,29,0,39,157,41,1
3E5S,208,A,13,ASP,HN,9,33,7,0,9,48,13,0,18,66,18,0,25,93,25,0,35,136,33,0
3E5S,209,A,13,ASP,H,8,31,9,0,12,49,12,0,19,69,20,0,25,95,30,0,34,127,35,0
3E5S,210,A,13,ASP,C,6,25,8,0,8,41,13,0,15,64,19,0,26,84,25,0,36,119,31,0
3E5S,211,A,13,ASP,C,5,18,7,0,9,33,10,0,21,62,20,0,27,89,22,0,31,112,31,0
3E5S,212,A,13,ASP,O,7,22,8,0,12,43,12,0,23,66,19,0,26,94,25,0,33,120,33,0
3E5S,213,A,13,ASP,O,6,16,5,0,7,25,10,0,15,52,16,0,23,76,20,0,29,102,27,0
3E5S,214,A,13,ASP,H,5,26,5,0,9,35,11,0,13,57,16,0,20,80,24,0,32,109,29,0
3E5S,215,A,13,ASP,H,7,27,9,0,10,45,17,0,16,63,19,0,26,86,25,0,35,120,33,0
3E5S,216,A,14,GLY,N,9,35,13,0,16,58,19,0,20,85,28,0,31,112,34,0,36,139,39,0
3E5S,217,A,14,GLY,CA,9,31,15,0,16,60,17,0,26,91,29,0,29,121,34,0,42,148,46,0
3E5S,218,A,14,GLY,C,10,36,12,0,17,55,20,0,23,92,26,0,35,117,39,0,45,153,44,1
3E5S,219,A,14,GLY,O,11,38,10,0,17,65,21,0,27,97,27,0,37,125,39,1,48,163,47,1
3E5S,220,A,14,GLY,HN,10,37,14,0,17,52,19,0,23,79,26,0,28,107,33,0,35,139,41,0
3E5S,221,A,14,GLY,H,11,38,14,0,14,62,20,0,22,91,26,0,34,128,33,0,42,159,45,1
3E5S,222,A,14,GLY,H,12,36,14,0,16,60,23,0,25,94,27,0,32,116,36,0,41,156,46,0
3E5S,223,A,15,ASP,N,10,30,10,0,17,54,18,0,21,80,24,0,33,105,29,0,41,142,43,0
3E5S,224,A,15,ASP,CA,12,37,11,0,15,52,16,0,24,76,23,0,31,105,31,0,38,142,39,0
3E5S,225,A,15,ASP,C,11,35,8,0,17,51,13,0,21,74,20,0,29,105,31,0,38,150,41,0
3E5S,226,A,15,ASP,O,13,32,11,0,19,53,15,0,23,79,19,0,29,115,28,0,37,148,42,0
3E5S,227,A,15,ASP,HN,11,29,9,0,14,50,14,0,21,80,23,0,30,96,28,0,38,133,42,0
3E5S,228,A,15,ASP,H,13,40,12,0,16,51,17,0,26,80,27,0,33,110,32,0,43,157,40,0
3E5S,229,A,15,ASP,C,11,35,12,0,18,46,16,0,19,67,21,0,27,97,31,0,33,128,38,0
3E5S,230,A,15,ASP,C,10,31,13,0,14,51,16,0,23,68,23,0,26,97,30,0,38,128,40,0
3E5S,231,A,15,ASP,O,11,33,13,0,16,56,18,0,23,80,25,0,32,105,31,0,38,135,38,0
3E5S,232,A,15,ASP,O,10,28,11,0,14,44,15,0,19,67,20,0,26,92,30,0,36,116,35,0
3E5S,233,A,15,ASP,H,13,35,12,0,17,46,15,0,20,69,22,0,25,94,28,0,34,133,38,0
3E5S,234,A,15,ASP,H,11,29,12,0,17,46,16,0,21,65,17,0,23,90,28,0,30,119,35,0
3E5S,235,A,16,THR,N,12,36,11,0,15,49,12,0,20,67,23,0,28,102,30,0,40,142,40,0
3E5S,236,A,16,THR,CA,12,43,9,0,14,54,16,0,21,72,19,0,28,101,27,0,37,142,36,0
3E5S,237,A,16,THR,C,10,44,10,0,14,56,15,0,19,85,19,0,27,110,24,0,40,141,35,0
3E5S,238,A,16,THR,O,9,37,10,0,12,62,14,0,19,79,19,0,26,106,24,0,37,134,36,0
3E5S,239,A,16,THR,HN,11,37,10,0,14,48,15,0,20,69,21,0,27,93,28,0,36,133,40,0
3E5S,240,A,16,THR,H,13,44,12,0,17,59,16,0,24,80,23,0,28,109,27,0,36,144,37,1
3E5S,241,A,16,THR,C,12,38,10,0,15,49,14,0,20,60,19,0,23,88,25,0,32,124,33,0
3E5S,242,A,16,THR,OH,10,33,7,0,13,44,13,0,17,61,18,0,24,76,21,0,29,109,32,0
3E5S,243,A,16,THR,C,12,33,9,0,15,45,15,0,18,58,18,0,23,80,28,0,30,120,30,0
3E5S,244,A,16,THR,H,12,38,9,0,16,53,13,0,20,71,22,0,26,89,25,0,32,119,28,1
3E5S,245,A,16,THR,HO,9,29,9,0,13,42,13,0,17,55,15,0,24,77,26,0,31,113,32,0
3E5S,246,A,16,THR,H,10,29,7,0,17,42,13,0,18,59,21,0,22,77,26,0,29,105,29,0
3E5S,247,A,16,THR,H,12,30,8,0,14,43,15,0,17,53,20,0,22,79,24,0,31,111,34,0
3E5S,248,A,16,THR,H,11,34,12,0,16,50,16,0,20,63,21,0,26,92,27,0,32,131,34,0
3E5S,249,A,17,VAL,N,11,45,12,0,13,66,15,0,20,89,20,0,31,120,26,0,40,144,34,1
3E5S,250,A,17,VAL,CA,10,45,10,0,14,69,14,0,18,94,20,0,27,120,24,0,40,149,37,1
3E5S,251,A,17,VAL,C,11,42,7,0,14,70,12,0,18,94,18,0,24,116,24,1,35,149,33,1
3E5S,252,A,17,VAL,O,9,42,9,0,16,68,11,0,21,95,16,1,27,121,25,1,36,153,38,1
3E5S,253,A,17,VAL,HN,10,46,12,0,15,67,14,0,22,90,19,0,31,116,26,1,38,148,35,1
3E5S,254,A,17,VAL,H,8,43,11,0,13,68,15,0,18,94,18,0,25,113,24,0,35,136,31,0
3E5S,255,A,17,VAL,C,9,44,8,0,14,79,14,0,21,99,24,0,30,137,33,0,47,170,39,1
3E5S,256,A,17,VAL,C,10,47,11,0,15,74,13,0,23,100,20,0,31,131,37,1,45,167,42,1
3E5S,257,A,17,VAL,C,7,42,6,0,14,71,15,0,25,108,23,0,35,145,32,1,47,181,42,1
3E5S,258,A,17,VAL,H,9,49,7,0,15,69,15,0,20,103,19,0,30,131,31,0,42,163,41,1
3E5S,259,A,17,VAL,H,8,42,10,0,17,74,14,0,27,109,23,1,32,136,37,1,43,168,47,1
3E5S,260,A,17,VAL,H,11,48,9,0,15,69,13,0,22,97,23,0,31,131,33,1,44,168,42,1
3E5S,261,A,17,VAL,H,10,43,12,0,16,70,15,0,22,101,22,0,28,122,33,0,42,156,43,1
3E5S,262,A,17,VAL,H,7,41,6,0,15,72,15,0,30,107,25,0,38,146,33,0,44,188,45,2
3E5S,263,A,17,VAL,H,7,44,9,0,13,71,13,0,26,105,21,1,31,142,32,1,44,182,44,1
3E5S,264,A,17,VAL,H,8,43,9,0,15,69,17,0,25,104,24,0,37,141,30,1,47,181,41,1
3E5S,265,A,18,LYS,N,10,49,9,0,14,57,11,0,15,79,17,0,22,108,21,1,29,135,28,1
3E5S,266,A,18,LYS,CA,10,49,9,0,11,60,12,0,17,71,14,1,19,102,21,1,24,123,27,2
3E5S,267,A,18,LYS,C,11,49,7,0,14,64,13,0,15,85,15,1,19,99,18,2,26,126,29,2
3E5S,268,A,18,LYS,O,11,39,7,0,13,62,12,0,14,83,16,0,19,97,18,2,25,116,27,2
3E5S,269,A,18,LYS,HN,9,49,8,0,13,57,13,0,15,75,16,0,23,105,22,0,26,130,29,1
3E5S,270,A,18,LYS,H,9,44,8,0,14,58,11,1,17,83,16,1,21,104,23,1,26,128,25,2
3E5S,271,A,18,LYS,C,10,39,6,0,10,56,12,0,15,66,14,0,19,79,18,1,21,105,23,2
3E5S,272,A,18,LYS,C,8,31,6,0,11,45,10,0,14,64,14,1,18,79,15,2,21,93,20,2
3E5S,273,A,18,LYS,C,6,25,6,0,9,34,7,0,12,47,10,0,14,66,14,0,17,79,18,2
3E5S,274,A,18,LYS,C,4,18,3,0,6,30,6,0,12,37,8,0,12,55,12,0,18,74,17,1
3E5S,275,A,18,LYS,N,3,15,3,0,5,21,4,0,8,31,8,0,10,47,9,1,16,68,16,1
3E5S,276,A,18,LYS,H,10,40,6,0,12,51,10,0,14,64,14,0,18,75,18,0,20,101,20,2
3E5S,277,A,18,LYS,H,9,35,7,0,11,50,10,0,15,61,14,0,18,78,19,1,22,99,22,1
3E5S,278,A,18,LYS,H,8,32,7,0,10,46,10,1,13,68,14,1,18,82,17,2,22,97,23,2
3E5S,279,A,18,LYS,H,8,34,8,0,12,49,11,0,15,66,13,2,16,80,16,2,21,96,20,2
3E5S,280,A,18,LYS,H,7,20,5,0,7,32,7,0,10,45,10,0,15,57,12,1,16,76,18,2
3E5S,281,A,18,LYS,H,5,25,5,0,10,34,6,0,12,47,12,0,14,63,14,0,15,71,17,1
3E5S,282,A,18,LYS,H,3,14,1,0,5,27,5,0,10,33,7,0,12,44,11,0,13,66,16,0
3E5S,283,A,18,LYS,H,4,17,6,0,7,31,6,0,12,46,11,0,15,63,13,1,19,80,19,1
3E5S,284,A,18,LYS,HN,2,10,2,0,4,17,3,0,6,25,7,0,9,39,9,0,16,59,12,1
3E5S,285,A,18,LYS,HN,4,16,3,0,5,23,6,0,8,33,8,1,13,52,11,1,16,76,18,2
3E5S,286,A,18,LYS,HN,3,13,2,0,5,20,3,0,7,31,7,0,9,39,10,0,14,56,13,2
3E5S,287,A,19,LEU,N,12,51,10,0,14,68,13,1,17,88,15,2,22,109,18,2,28,132,25,2
3E5S,288,A,19,LEU,CA,11,51,9,0,14,68,13,2,17,89,16,2,24,108,21,2,27,129,25,2
3E5S,289,A,19,LEU,C,11,47,9,1,16,67,13,2,17,83,15,2,21,103,19,2,26,121,25,2
3E5S,290,A,19,LEU,O,12,46,8,2,15,63,12,2,17,80,17,2,19,96,20,2,24,119,24,2
3E5S,291,A,19,LEU,HN,11,49,10,1,14,69,13,1,18,87,16,2,23,113,19,2,29,135,26,2
3E5S,292,A,19,LEU,H,8,45,10,0,14,63,11,1,19,89,17,2,22,104,21,2,26,120,26,2
3E5S,293,A,19,LEU,C,11,56,9,0,16,74,16,1,19,95,18,2,28,122,24,2,35,147,32,2
3E5S,294,A,19,LEU,C,11,50,8,0,15,72,14,1,20,97,22,1,31,128,29,2,38,163,34,2
3E5S,295,A,19,LEU,C,10,47,9,0,17,69,16,1,22,103,25,1,34,138,31,1,40,174,36,2
3E5S,296,A,19,LEU,C,9,47,8,0,16,70,15,0,21,91,19,0,25,122,29,1,41,160,38,2
3E5S,297,A,19,LEU,H,9,51,10,0,16,73,14,2,20,94,19,2,25,121,25,2,33,144,30,2
3E5S,298,A,19,LEU,H,10,52,8,1,15,72,15,1,20,100,18,2,29,127,26,2,34,152,34,2
3E5S,299,A,19,LEU,H,11,46,8,0,14,75,13,1,21,99,22,1,30,132,28,1,38,158,37,2
3E5S,300,A,19,LEU,H,10,46,9,0,16,71,15,0,25,104,24,1,36,142,31,1,39,179,41,1
3E5S,301,A,19,LEU,H,10,47,11,0,15,68,13,0,23,100,23,1,31,135,29,1,41,173,38,2
3E5S,302,A,19,LEU,H,9,47,9,1,18,73,17,1,25,108,24,1,33,139,31,1,39,176,35,2
3E5S,303,A,19,LEU,H,9,44,9,0,17,68,15,0,24,97,22,0,29,131,32,0,42,167,43,1
3E5S,304,A,19,LEU,H,9,47,9,0,13,68,12,0,19,91,18,0,26,120,24,2,35,149,38,2
3E5S,305,A,19,LEU,H,9,44,10,0,14,66,13,0,20,92,19,0,26,124,30,2,37,148,36,2
3E5S,306,A,20,MET,N,13,43,9,0,14,60,14,1,16,79,16,1,21,97,19,1,23,112,22,1
3E5S,307,A,20,MET,CA,11,44,11,0,12,57,12,1,15,72,15,1,19,87,18,1,21,102,21,1
3E5S,308,A,20,MET,C,11,43,9,0,11,60,12,1,15,73,16,1,21,94,18,1,23,110,22,1
3E5S,309,A,20,MET,O,11,37,7,0,13,55,13,0,15,79,14,1,22,99,19,1,23,113,24,1
3E5S,310,A,20,MET,HN,10,42,8,0,13,55,14,0,17,77,15,1,22,98,18,1,22,119,24,1
3E5S,311,A,20,MET,H,10,42,9,0,12,54,13,1,16,68,14,1,17,82,17,1,19,96,19,1
3E5S,312,A,20,MET,C,10,32,8,0,11,44,12,0,12,60,14,0,16,71,17,1,21,91,18,1
3E5S,313,A,20,MET,C,7,28,6,0,12,37,11,0,12,49,13,0,13,64,14,1,17,75,17,1
3E5S,314,A,20,MET,S,6,16,5,0,8,29,7,0,12,35,11,0,12,48,13,0,13,60,14,0
3E5S,315,A,20,MET,C,4,16,4,0,7,25,6,0,11,36,11,0,12,42,13,0,14,55,14,0
3E5S,316,A,20,MET,H,10,26,9,0,11,39,10,0,12,59,14,0,16,73,18,1,20,94,18,1
3E5S,317,A,20,MET,H,9,31,7,0,11,42,11,0,14,54,14,0,16,69,16,1,19,85,17,1
3E5S,318,A,20,MET,H,8,24,8,0,10,37,9,0,12,50,13,0,15,62,14,1,16,72,15,1
3E5S,319,A,20,MET,H,6,29,7,0,12,37,10,0,12,51,13,0,13,64,13,1,18,80,17,1
3E5S,320,A,20,MET,H,2,8,2,0,5,19,5,0,8,29,8,0,12,37,11,0,14,43,14,0
3E5S,321,A,20,MET,H,5,19,5,0,9,24,7,0,11,36,10,0,14,50,13,0,16,58,15,0
3E5S,322,A,20,MET,H,4,15,3,0,8,27,9,0,11,36,10,0,13,45,12,0,15,56,14,0
3E5S,323,A,21,TYR,N,9,42,10,2,11,54,11,2,16,69,16,2,19,90,18,2,25,105,23,2
3E5S,324,A,21,TYR,CA,9,38,9,2,12,58,12,2,15,71,15,2,20,88,20,2,24,104,21,2
3E5S,325,A,21,TYR,C,9,29,7,2,11,44,11,2,12,63,14,2,16,69,16,2,22,88,20,2
3E5S,326,A,21,TYR,O,7,28,8,2,10,40,10,2,12,53,11,2,13,67,14,2,20,83,18,2
3E5S,327,A,21,TYR,HN,8,38,9,2,11,52,12,2,13,67,13,2,19,80,17,2,22,101,20,2
3E5S,328,A,21,TYR,H,7,37,9,2,12,57,12,2,15,73,15,2,20,85,19,2,24,106,23,2
3E5S,329,A,21,TYR,C,9,41,8,1,13,57,12,2,18,81,19,2,25,97,22,2,28,125,29,2
3E5S,330,A,21,TYR,C,6,38,7,1,12,56,11,1,19,69,15,1,24,97,25,2,31,120,30,2
3E5S,331,A,21,TYR,C,7,37,7,1,12,53,10,1,16,77,15,1,27,95,22,2,33,120,29,2
3E5S,332,A,21,TYR,C,5,31,6,1,9,48,9,1,18,68,14,1,24,87,19,2,29,112,29,2
3E5S,333,A,21,TYR,C,7,32,6,1,10,47,9,1,17,63,14,1,22,88,21,1,31,111,26,2
3E5S,334,A,21,TYR,C,3,25,4,1,6,41,7,1,18,60,13,1,26,83,19,1,29,100,27,2
3E5S,335,A,21,TYR,C,3,25,3,1,11,40,7,1,15,58,12,1,22,83,19,1,32,100,27,1
3E5S,336,A,21,TYR,OH,5,25,2,1,9,33,6,1,14,49,11,1,19,67,15,1,25,91,20,1
3E5S,337,A,21,TYR,H,9,40,8,1,12,56,11,1,15,79,16,2,23,97,24,2,30,126,28,2
3E5S,338,A,21,TYR,H,9,41,9,1,14,63,15,1,21,87,19,2,26,113,24,2,33,132,31,2
3E5S,339,A,21,TYR,H,9,39,7,1,12,58,14,1,16,76,16,1,24,97,21,2,32,123,31,2
3E5S,340,A,21,TYR,H,6,32,7,1,9,47,8,1,15,63,14,1,21,83,21,2,28,108,25,2
3E5S,341,A,21,TYR,H,9,31,6,0,14,47,8,1,17,62,15,1,20,85,19,1,28,109,26,1
3E5S,342,A,21,TYR,H,3,21,3,1,6,36,6,1,12,54,12,1,23,76,18,1,28,95,23,1
3E5S,343,A,21,TYR,HO,5,22,2,1,7,30,4,1,12,42,8,1,19,60,15,1,23,85,21,1
3E5S,344,A,22,LYS,N,5,24,6,1,9,41,8,2,10,57,13,2,13,70,16,2,18,80,17,2
3E5S,345,A,22,LYS,CA,4,20,6,0,8,29,7,1,9,44,10,2,10,57,13,2,14,68,16,2
3E5S,346,A,22,LYS,C,5,20,6,1,6,26,6,1,9,34,9,2,10,52,10,2,11,62,14,2
3E5S,347,A,22,LYS,O,5,15,4,0,5,22,6,1,6,27,9,2,9,37,9,2,10,56,12,2
3E5S,348,A,22,LYS,HN,7,31,7,0,8,42,10,2,12,57,13,2,15,74,17,2,17,87,18,2
3E5S,349,A,22,LYS,H,3,17,6,0,6,29,6,1,9,34,9,1,10,51,12,2,13,64,16,2
3E5S,350,A,22,LYS,C,4,18,5,0,4,23,8,1,8,39,9,2,11,51,11,2,13,67,15,2
3E5S,351,A,22,LYS,C,3,14,4,0,4,25,6,1,7,42,8,1,12,54,12,2,18,63,14,2
3E5S,352,A,22,LYS,C,1,14,3,0,4,19,4,1,6,36,6,1,12,49,10,1,17,64,13,1
3E5S,353,A,22,LYS,C,1,11,3,0,2,18,4,0,9,28,4,1,11,46,9,1,15,57,11,1
3E5S,354,A,22,LYS,N,1,15,3,0,7,21,6,0,9,35,7,0,15,48,9,1,15,65,10,1
3E5S,355,A,22,LYS,H,4,15,4,0,4,19,7,0,5,25,8,1,10,42,10,2,11,54,11,2
3E5S,356,A,22,LYS,H,4,18,5,1,5,26,7,1,8,41,10,2,11,57,12,2,15,69,15,2
3E5S,357,A,22,LYS,H,4,21,5,0,6,35,7,1,10,50,9,1,18,62,13,2,19,82,18,2
3E5S,358,A,22,LYS,H,2,13,4,0,4,25,5,0,8,34,8,1,9,47,11,1,16,56,13,2
3E5S,359,A,22,LYS,H,1,12,3,0,4,18,3,1,5,23,5,1,8,41,8,1,14,57,11,1
3E5S,360,A,22,LYS,H,2,16,3,1,4,24,4,1,8,42,6,1,14,55,11,1,18,75,16,1
3E5S,361,A,22,LYS,H,0,7,2,0,2,11,3,0,5,22,4,0,11,33,6,1,12,48,10,1
3E5S,362,A,22,LYS,H,1,13,2,0,3,17,3,0,6,25,4,1,11,40,7,1,14,60,11,1
3E5S,363,A,22,LYS,HN,3,13,2,0,6,18,4,0,8,31,8,0,12,42,8,0,16,57,10,1
3E5S,364,A,22,LYS,HN,5,19,3,0,7,28,7,0,13,42,8,1,15,56,9,1,16,72,13,1
3E5S,365,A,22,LYS,HN,1,17,4,0,6,23,6,0,9,32,8,0,13,49,10,1,17,67,12,1
3E5S,366,A,23,GLY,N,6,21,6,1,9,31,7,1,10,43,10,2,11,56,11,2,13,69,14,2
3E5S,367,A,23,GLY,CA,5,18,5,1,6,27,7,1,9,42,9,1,10,48,10,2,14,56,12,2
3E5S,368,A,23,GLY,C,6,21,5,1,7,26,7,1,8,37,9,1,10,50,10,2,14,59,11,2
3E5S,369,A,23,GLY,O,5,20,5,1,7,23,7,1,7,28,7,1,8,39,9,1,12,54,10,2
3E5S,370,A,23,GLY,HN,8,24,5,1,9,37,7,1,11,49,11,1,13,60,12,2,15,73,16,2
3E5S,371,A,23,GLY,H,6,17,5,1,7,25,7,1,9,37,9,1,11,49,10,1,14,61,13,2
3E5S,372,A,23,GLY,H,5,17,5,1,5,20,5,1,6,27,7,1,10,43,9,1,11,51,11,2
3E5S,373,A,24,GLN,N,6,25,6,1,6,30,6,2,8,39,9,2,11,51,9,2,14,65,12,2
3E5S,374,A,24,GLN,CA,6,24,6,1,6,30,6,2,8,37,7,2,10,49,9,2,13,65,10,2
3E5S,375,A,24,GLN,C,6,29,7,2,9,35,7,2,10,51,9,2,11,64,11,2,18,74,15,2
3E5S,376,A,24,GLN,O,7,32,7,2,9,44,9,2,11,62,10,2,15,74,14,2,18,83,17,2
3E5S,377,A,24,GLN,HN,6,27,6,1,6,35,7,2,10,44,9,2,11,56,11,2,15,76,13,2
3E5S,378,A,24,GLN,H,6,19,5,1,6,24,6,1,6,31,7,2,10,41,8,2,11,57,10,2
3E5S,379,A,24,GLN,C,5,23,5,1,6,30,6,2,7,34,7,2,10,41,7,2,11,56,11,2
3E5S,380,A,24,GLN,C,4,15,4,0,5,25,4,2,6,31,6,2,7,35,7,2,10,40,8,2
3E5S,381,A,24,GLN,C,2,10,4,0,4,14,4,1,5,24,4,1,6,29,6,2,7,35,7,2
3E5S,382,A,24,GLN,O,2,8,4,0,3,13,4,0,5,20,4,1,6,29,6,2,8,33,7,2
3E5S,383,A,24,GLN,N,2,6,3,0,3,10,4,0,4,17,4,1,5,25,5,1,6,32,6,2
3E5S,384,A,24,GLN,H,5,19,5,1,6,28,5,2,8,32,7,2,9,44,7,2,10,53,10,2
3E5S,385,A,24,GLN,H,5,26,5,1,6,34,7,2,8,39,7,2,10,46,9,2,14,68,13,2
3E5S,386,A,24,GLN,H,3,14,4,0,5,21,4,1,5,30,5,2,7,34,6,2,8,37,9,2
3E5S,387,A,24,GLN,H,4,17,4,0,5,24,5,1,7,32,6,2,7,34,7,2,10,42,9,2
3E5S,388,A,24,GLN,HN,3,7,3,0,3,9,3,0,4,19,4,1,5,26,5,1,7,33,6,2
3E5S,389,A,24,GLN,HN,2,4,2,0,2,7,3,0,3,13,4,1,5,20,4,1,5,27,6,1
3E5S,390,A,25,PRO,N,8,27,8,1,10,35,8,2,11,44,10,2,14,58,12,2,17,72,16,2
3E5S,391,A,25,PRO,CA,7,32,7,2,11,41,9,2,14,49,12,2,16,65,16,2,17,85,17,2
3E5S,392,A,25,PRO,C,7,34,6,1,9,41,10,1,14,55,13,2,17,70,14,2,20,90,19,2
3E5S,393,A,25,PRO,O,7,18,5,1,8,37,8,1,13,46,12,2,15,62,13,2,18,79,18,2
3E5S,394,A,25,PRO,H,8,35,9,1,11,47,10,2,16,59,13,2,16,76,15,2,19,88,19,2
3E5S,395,A,25,PRO,C,7,24,5,0,7,33,8,1,12,39,9,2,14,54,15,2,16,70,16,2
3E5S,396,A,25,PRO,C,3,19,4,0,8,26,6,1,9,35,9,2,12,43,11,2,14,53,15,2
3E5S,397,A,25,PRO,C,6,17,5,1,8,28,7,1,10,35,8,2,11,42,10,2,15,55,14,2
3E5S,398,A,25,PRO,H,6,24,5,1,8,30,8,1,12,38,11,1,15,54,14,2,16,71,15,2
3E5S,399,A,25,PRO,H,6,22,4,0,9,30,6,1,11,43,11,2,13,55,15,2,18,72,16,2
3E5S,400,A,25,PRO,H,3,13,4,0,5,21,4,1,8,27,6,1,10,36,9,2,13,43,13,2
3E5S,401,A,25,PRO,H,4,12,5,0,7,23,6,0,8,34,6,2,11,42,11,2,15,51,13,2
3E5S,402,A,25,PRO,H,6,16,5,1,7,25,7,1,10,31,8,1,11,39,10,2,13,53,11,2
3E5S,403,A,25,PRO,H,4,13,5,0,7,23,6,1,9,33,8,2,10,41,8,2,11,49,12,2
3E5S,404,A,26,MET,N,9,36,8,0,11,49,12,0,14,65,14,1,20,86,18,1,22,104,22,1
3E5S,405,A,26,MET,CA,9,39,8,0,11,51,9,0,15,65,14,0,19,88,19,1,23,114,24,1
3E5S,406,A,26,MET,C,9,38,8,0,12,55,11,0,16,70,14,0,20,96,18,0,29,131,27,1
3E5S,407,A,26,MET,O,10,42,7,0,13,59,13,0,18,82,15,0,25,108,19,0,29,136,29,1
3E5S,408,A,26,MET,HN,9,41,9,0,12,52,10,1,17,72,15,1,20,93,18,1,24,110,22,1
3E5S,409,A,26,MET,H,6,28,6,0,11,48,8,0,12,59,14,0,18,76,18,0,23,104,20,1
3E5S,410,A,26,MET,C,8,38,7,0,12,55,10,0,15,75,17,0,20,94,18,1,29,119,24,1
3E5S,411,A,26,MET,C,7,31,9,0,10,56,11,0,16,74,14,0,21,101,20,0,29,124,28,0
3E5S,412,A,26,MET,S,5,32,9,0,11,57,9,0,15,76,15,0,23,100,20,0,30,120,32,0
3E5S,413,A,26,MET,C,6,26,6,0,7,45,10,0,15,64,12,0,18,83,17,0,24,102,25,1
3E5S,414,A,26,MET,H,9,41,7,0,12,64,11,0,17,79,18,0,24,99,20,1,28,127,26,1
3E5S,415,A,26,MET,H,9,32,6,0,11,54,11,0,14,72,15,0,17,82,18,1,24,103,21,1
3E5S,416,A,26,MET,H,5,27,7,0,11,47,10,0,17,68,13,0,20,96,20,0,24,116,24,0
3E5S,417,A,26,MET,H,8,35,10,0,11,57,11,0,19,81,16,0,21,105,21,0,32,135,31,0
3E5S,418,A,26,MET,H,3,25,3,0,6,40,8,0,14,61,13,0,18,79,17,0,24,97,20,0
3E5S,419,A,26,MET,H,5,28,5,0,9,44,10,0,12,64,13,0,17,77,16,1,24,101,21,1
3E5S,420,A,26,MET,H,3,22,5,0,8,41,9,0,14,56,11,0,18,80,16,0,24,91,22,0
3E5S,421,A,27,THR,N,9,36,8,1,11,52,10,1,16,68,15,1,22,91,21,1,29,122,26,1
3E5S,422,A,27,THR,CA,9,43,8,1,10,53,11,1,19,69,16,1,26,99,21,1,30,131,29,1
3E5S,423,A,27,THR,C,10,41,8,1,14,52,14,1,19,78,18,1,26,106,24,1,33,139,28,1
3E5S,424,A,27,THR,O,10,34,8,1,14,56,13,1,20,78,18,1,25,104,23,1,31,132,28,1
3E5S,425,A,27,THR,HN,7,32,6,1,11,44,11,1,15,63,13,1,19,81,18,1,27,113,23,1
3E5S,426,A,27,THR,H,8,43,10,1,13,56,11,1,21,76,15,1,24,99,23,1,31,136,30,1
3E5S,427,A,27,THR,C,10,32,6,0,12,45,12,1,16,65,17,1,24,84,19,1,30,112,25,1
3E5S,428,A,27,THR,OH,6,26,6,0,10,39,10,0,15,62,13,1,22,82,20,1,26,96,23,1
3E5S,429,A,27,THR,C,11,33,6,0,14,47,14,0,19,65,18,1,23,90,21,1,31,114,27,1
3E5S,430,A,27,THR,H,9,29,8,0,12,42,11,1,16,60,16,1,20,79,21,1,28,105,22,1
3E5S,431,A,27,THR,HO,5,21,4,0,10,32,10,0,15,54,13,0,21,78,18,1,25,90,22,1
3E5S,432,A,27,THR,H,9,27,6,0,14,42,12,0,18,61,17,0,23,82,21,1,27,110,25,1
3E5S,433,A,27,THR,H,11,34,9,0,15,52,12,0,20,70,21,0,26,94,21,1,31,116,29,1
3E5S,434,A,27,THR,H,10,37,8,0,17,51,14,0,20,68,18,1,24,98,23,1,32,117,29,1
3E5S,435,A,28,PHE,N,12,38,11,1,14,58,12,1,18,80,19,1,33,114,26,1,38,154,33,1
3E5S,436,A,28,PHE,CA,12,45,10,1,15,61,17,1,21,85,19,1,30,115,24,1,40,154,38,1
3E5S,437,A,28,PHE,C,13,42,10,0,18,62,15,1,24,80,22,1,28,113,28,1,38,142,37,1
3E5S,438,A,28,PHE,O,12,44,9,0,20,60,16,0,25,83,23,1,28,106,30,1,38,140,36,1
3E5S,439,A,28,PHE,HN,9,41,10,1,14,55,12,1,21,80,17,1,28,115,28,1,38,155,35,1
3E5S,440,A,28,PHE,H,10,40,11,1,17,67,15,1,22,87,18,1,29,112,27,1,38,144,36,1
3E5S,441,A,28,PHE,C,9,46,9,1,15,69,15,1,20,89,20,1,31,126,29,1,44,170,40,1
3E5S,442,A,28,PHE,C,10,48,9,1,17,70,12,1,20,94,24,1,29,124,31,1,43,167,37,1
3E5S,443,A,28,PHE,C,11,40,6,1,13,66,16,1,22,89,22,1,33,129,27,1,39,169,36,1
3E5S,444,A,28,PHE,C,8,42,10,1,15,74,13,1,21,100,20,1,32,124,33,1,42,157,42,1
3E5S,445,A,28,PHE,C,9,42,8,1,13,62,13,1,21,87,23,1,30,133,27,1,41,162,36,2
3E5S,446,A,28,PHE,C,8,40,9,1,13,65,15,1,24,93,21,1,34,124,28,1,40,160,40,1
3E5S,447,A,28,PHE,C,9,43,9,1,13,55,18,1,22,91,24,1,31,121,28,1,40,158,36,1
3E5S,448,A,28,PHE,H,11,49,11,0,14,68,14,1,22,95,21,1,31,126,27,1,42,169,39,1
3E5S,449,A,28,PHE,H,10,46,9,0,14,63,14,1,21,86,21,1,34,137,31,1,44,181,42,1
3E5S,450,A,28,PHE,H,9,40,6,1,12,63,13,1,22,95,22,1,31,128,26,1,39,161,36,1
3E5S,451,A,28,PHE,H,8,44,11,1,15,74,13,1,22,105,19,1,31,127,31,1,41,159,43,1
3E5S,452,A,28,PHE,H,8,42,11,1,15,62,12,1,21,88,20,1,30,118,28,2,35,156,34,2
3E5S,453,A,28,PHE,H,8,42,9,1,14,63,14,1,22,91,23,1,34,124,28,1,41,157,42,1
3E5S,454,A,28,PHE,H,9,37,7,1,13,57,15,1,23,89,24,1,30,121,28,1,38,146,33,2
3E5S,455,A,29,ARG,N,13,46,11,0,15,59,16,0,21,87,21,1,28,105,30,1,33,148,35,1
3E5S,456,A,29,ARG,CA,11,40,10,0,13,57,18,0,21,74,23,0,28,114,28,1,34,150,38,1
3E5S,457,A,29,ARG,C,14,44,11,0,17,62,17,0,19,82,21,0,28,113,32,0,41,171,39,2
3E5S,458,A,29,ARG,O,11,44,11,0,17,55,16,0,21,89,22,0,29,127,33,1,38,171,41,2
3E5S,459,A,29,ARG,HN,14,46,12,0,16,63,15,1,22,86,21,1,28,110,29,1,34,147,36,1
3E5S,460,A,29,ARG,H,12,38,11,0,14,53,18,0,21,77,22,0,28,112,27,0,33,150,38,1
3E5S,461,A,29,ARG,C,12,34,8,0,14,51,15,0,21,78,24,0,26,106,31,0,35,147,37,1
3E5S,462,A,29,ARG,C,7,30,9,0,16,52,16,0,18,76,23,0,27,103,33,0,34,145,39,0
3E5S,463,A,29,ARG,C,7,24,10,0,13,47,14,0,18,76,25,0,24,105,30,0,33,130,36,0
3E5S,464,A,29,ARG,N,10,28,9,0,11,45,17,0,15,68,24,0,23,88,29,0,30,128,33,0
3E5S,465,A,29,ARG,C,11,29,8,0,12,48,21,0,15,67,24,0,23,89,27,0,33,124,33,0
3E5S,466,A,29,ARG,N,10,36,11,0,14,50,20,0,18,76,23,0,26,101,30,0,35,144,38,0
3E5S,467,A,29,ARG,N,9,29,12,0,13,42,18,0,17,57,22,0,20,88,25,0,25,116,33,0
3E5S,468,A,29,ARG,H,12,34,10,0,14,54,13,0,23,76,24,0,26,108,30,1,30,148,37,1
3E5S,469,A,29,ARG,H,10,33,8,0,16,48,16,0,18,73,21,0,23,101,28,0,31,134,35,1
3E5S,470,A,29,ARG,H,10,37,10,0,15,58,16,0,21,76,23,0,28,108,31,0,34,152,40,0
3E5S,471,A,29,ARG,H,6,33,8,0,14,51,11,0,19,75,21,0,24,103,34,0,33,133,37,0
3E5S,472,A,29,ARG,H,6,22,10,0,9,40,17,0,18,73,21,0,25,98,30,0,29,126,36,0
3E5S,473,A,29,ARG,H,8,26,13,0,14,46,16,0,20,82,26,0,24,107,31,0,32,136,36,0
3E5S,474,A,29,ARG,HN,8,23,11,0,10,39,15,0,13,59,21,0,21,87,28,0,29,113,33,0
3E5S,475,A,29,ARG,HN,11,36,12,0,15,55,18,0,20,79,22,0,26,116,32,0,34,150,38,0
3E5S,476,A,29,ARG,HN,10,36,15,0,14,55,17,0,19,75,25,0,26,106,31,0,33,145,37,0
3E5S,477,A,29,ARG,HN,6,27,12,0,11,35,16,0,16,57,20,0,20,81,25,0,23,106,32,0
3E5S,478,A,29,ARG,HN,9,33,13,0,13,45,17,0,18,63,21,0,21,88,26,0,26,116,34,0
3E5S,479,A,30,LEU,N,15,38,10,0,20,66,17,0,24,89,22,0,31,118,32,0,40,161,38,1
3E5S,480,A,30,LEU,CA,14,45,10,0,19,66,14,0,26,91,23,1,29,124,32,1,42,171,41,1
3E5S,481,A,30,LEU,C,11,40,10,0,16,64,15,0,25,86,23,1,31,127,33,1,44,180,42,1
3E5S,482,A,30,LEU,O,10,39,12,0,17,60,15,0,25,89,21,0,31,123,31,1,39,162,42,1
3E5S,483,A,30,LEU,HN,12,34,13,0,21,63,16,0,27,90,22,0,30,122,31,0,36,153,41,1
3E5S,484,A,30,LEU,H,13,45,9,0,17,72,15,0,24,91,21,1,33,128,31,1,41,179,43,1
3E5S,485,A,30,LEU,C,16,42,10,0,20,71,18,0,24,90,23,1,31,126,32,1,42,171,43,2
3E5S,486,A,30,LEU,C,11,48,11,0,19,61,19,0,26,91,20,1,36,130,30,2,45,184,47,2
3E5S,487,A,30,LEU,C,11,36,13,0,20,61,17,0,28,92,23,2,34,136,35,2,47,177,47,2
3E5S,488,A,30,LEU,C,12,40,11,0,16,66,17,0,22,93,23,1,38,140,29,2,47,187,42,2
3E5S,489,A,30,LEU,H,15,42,12,0,19,66,15,1,24,96,23,1,30,125,32,1,42,176,44,2
3E5S,490,A,30,LEU,H,14,38,10,0,19,62,18,0,24,91,24,1,34,126,33,1,43,169,43,1
3E5S,491,A,30,LEU,H,12,39,12,0,18,60,17,0,27,91,22,0,35,126,30,1,43,172,46,2
3E5S,492,A,30,LEU,H,10,39,11,0,17,57,18,0,30,94,26,1,39,137,37,2,46,183,46,2
3E5S,493,A,30,LEU,H,12,37,9,0,20,63,17,1,27,97,27,2,36,131,36,2,46,180,42,2
3E5S,494,A,30,LEU,H,11,39,14,0,20,59,19,0,27,88,27,0,37,126,36,2,48,178,45,2
3E5S,495,A,30,LEU,H,11,40,11,0,16,63,17,0,24,97,22,2,37,144,35,2,47,192,41,2
3E5S,496,A,30,LEU,H,11,43,11,0,15,68,15,0,23,98,23,1,33,134,28,1,45,190,37,2
3E5S,497,A,30,LEU,H,11,43,11,1,15,63,15,1,24,104,23,2,35,145,29,2,43,186,42,2
3E5S,498,A,31,LEU,N,10,45,9,0,14,58,16,1,19,87,21,1,37,136,30,1,48,194,44,1
3E5S,499,A,31,LEU,CA,7,42,10,0,17,61,15,1,23,89,21,1,32,133,34,1,49,187,44,1
3E5S,500,A,31,LEU,C,9,37,9,0,16,67,13,1,25,104,19,1,33,136,34,1,47,178,48,1
3E5S,501,A,31,LEU,O,9,37,10,1,16,63,15,1,25,107,21,1,38,138,35,1,50,184,45,1
3E5S,502,A,31,LEU,HN,10,43,10,1,13,59,16,1,22,92,22,1,33,135,32,1,50,194,45,1
3E5S,503,A,31,LEU,H,11,42,10,0,16,59,13,0,23,86,23,1,33,135,31,1,47,175,45,1
3E5S,504,A,31,LEU,C,9,39,10,0,15,62,17,1,27,102,25,1,34,132,34,1,47,191,42,1
3E5S,505,A,31,LEU,C,10,39,12,0,17,56,18,0,26,102,26,1,33,144,35,1,45,177,44,1
3E5S,506,A,31,LEU,C,10,40,14,0,19,64,21,0,26,101,24,1,33,141,36,1,46,168,42,1
3E5S,507,A,31,LEU,C,10,38,11,0,16,62,20,0,28,100,28,0,36,130,35,1,46,166,39,1
3E5S,508,A,31,LEU,H,10,39,11,0,17,67,18,1,26,95,25,1,37,137,34,1,45,179,45,1
3E5S,509,A,31,LEU,H,8,39,10,1,17,67,17,1,25,96,25,1,33,141,33,1,43,190,44,1
3E5S,510,A,31,LEU,H,9,42,12,0,13,65,15,0,24,97,28,1,34,142,33,1,49,180,43,1
3E5S,511,A,31,LEU,H,13,42,14,0,18,65,19,0,24,98,24,0,35,132,33,1,42,166,42,1
3E5S,512,A,31,LEU,H,11,40,12,0,18,66,21,0,26,97,28,1,33,132,33,1,45,165,40,1
3E5S,513,A,31,LEU,H,12,44,15,0,17,63,18,1,24,103,24,1,32,137,33,1,44,176,41,1
3E5S,514,A,31,LEU,H,11,40,13,0,16,67,20,0,26,92,26,0,35,129,34,0,43,156,38,1
3E5S,515,A,31,LEU,H,9,35,13,0,17,63,18,0,25,96,27,0,37,124,33,0,44,164,40,1
3E5S,516,A,31,LEU,H,10,41,12,0,16,60,18,0,26,99,26,0,34,124,33,1,41,166,42,1
3E5S,517,A,32,LEU,N,10,37,9,0,18,68,11,0,23,98,22,1,32,126,31,1,44,155,46,1
3E5S,518,A,32,LEU,CA,9,43,9,0,15,65,14,0,28,95,23,1,34,131,30,1,43,154,42,1
3E5S,519,A,32,LEU,C,9,43,8,0,17,62,15,0,24,89,23,1,32,128,33,1,42,161,38,1
3E5S,520,A,32,LEU,O,10,40,11,0,17,65,17,0,24,85,23,1,33,121,33,1,39,156,40,1
3E5S,521,A,32,LEU,HN,10,39,9,0,16,69,13,0,21,96,20,0,31,119,34,1,45,147,41,1
3E5S,522,A,32,LEU,H,9,37,10,0,13,66,14,0,23,90,21,0,33,118,28,1,36,142,37,1
3E5S,523,A,32,LEU,C,10,50,10,0,19,67,17,1,27,95,23,1,37,126,32,1,46,160,42,1
3E5S,524,A,32,LEU,C,9,48,11,0,16,68,18,1,30,93,25,1,36,123,31,1,42,152,38,1
3E5S,525,A,32,LEU,C,9,45,12,0,19,67,15,1,26,96,28,1,35,115,29,1,41,146,41,1
3E5S,526,A,32,LEU,C,12,42,13,0,17,65,17,0,24,85,22,0,34,114,26,1,40,137,35,1
3E5S,527,A,32,LEU,H,11,51,12,0,19,66,18,1,24,92,22,1,35,120,31,1,45,157,39,1
3E5S,528,A,32,LEU,H,10,47,11,1,19,71,16,1,31,102,23,1,39,135,36,1,49,176,47,1
3E5S,529,A,32,LEU,H,10,49,11,0,15,70,18,1,26,96,27,1,37,125,31,1,44,161,42,1
3E5S,530,A,32,LEU,H,9,44,12,0,16,64,16,1,27,85,22,1,33,113,29,1,41,146,39,1
3E5S,531,A,32,LEU,H,13,41,12,0,19,68,17,1,24,91,23,1,31,108,31,1,40,132,37,1
3E5S,532,A,32,LEU,H,12,46,8,1,17,74,17,1,25,97,24,1,35,117,34,1,44,155,43,1
3E5S,533,A,32,LEU,H,11,45,12,0,17,60,17,0,19,80,21,0,33,110,27,1,39,139,35,1
3E5S,534,A,32,LEU,H,10,40,9,0,15,64,18,0,22,87,24,0,31,109,27,1,40,138,32,1
3E5S,535,A,32,LEU,H,12,43,13,0,18,61,14,0,25,84,22,0,27,101,26,1,38,132,32,1
3E5S,536,A,33,VAL,N,13,43,11,0,15,67,16,0,21,91,23,1,32,120,31,1,44,162,40,1
3E5S,537,A,33,VAL,CA,11,46,13,0,19,67,18,0,22,90,24,0,30,113,32,1,43,151,38,1
3E5S,538,A,33,VAL,C,11,43,14,0,17,62,18,0,20,82,22,0,28,103,28,0,36,130,35,1
3E5S,539,A,33,VAL,O,12,38,13,0,15,58,17,0,21,79,22,0,28,99,27,0,35,131,35,0
3E5S,540,A,33,VAL,HN,12,42,10,0,14,66,16,0,22,86,20,0,29,122,30,1,43,159,42,1
3E5S,541,A,33,VAL,H,10,47,13,0,16,61,16,0,24,87,26,0,33,114,31,1,37,152,39,1
3E5S,542,A,33,VAL,C,16,48,14,0,20,71,20,0,25,93,27,1,32,120,30,1,40,167,42,1
3E5S,543,A,33,VAL,C,14,46,12,0,19,68,18,1,25,98,28,1,35,137,35,1,46,168,41,2
3E5S,544,A,33,VAL,C,14,41,15,0,20,66,18,0,27,90,25,1,33,122,35,1,38,164,44,1
3E5S,545,A,33,VAL,H,13,53,16,0,20,67,21,0,25,91,25,0,31,122,36,1,43,163,40,1
3E5S,546,A,33,VAL,H,15,45,13,1,19,70,19,1,26,96,28,1,33,139,35,2,44,177,45,2
3E5S,547,A,33,VAL,H,12,45,9,1,17,69,17,1,29,102,28,1,33,135,35,1,50,175,44,1
3E5S,548,A,33,VAL,H,15,49,15,0,20,65,19,1,28,97,27,1,38,140,37,1,45,177,44,1
3E5S,549,A,33,VAL,H,16,41,12,0,20,62,19,0,27,98,27,1,33,133,35,1,42,166,45,2
3E5S,550,A,33,VAL,H,13,43,14,0,18,59,19,0,24,87,28,0,33,115,34,1,40,159,42,1
3E5S,551,A,33,VAL,H,12,37,14,0,20,65,17,0,26,98,22,1,33,131,33,1,39,161,44,1
3E5S,552,A,34,ASP,N,13,36,11,0,15,59,19,0,19,82,22,0,28,97,27,0,33,133,33,0
3E5S,553,A,34,ASP,CA,12,35,11,0,15,52,17,0,20,71,22,0,25,93,25,0,32,122,35,0
3E5S,554,A,34,ASP,C,12,38,12,0,14,51,16,0,19,76,21,0,25,102,32,0,36,132,37,0
3E5S,555,A,34,ASP,O,10,34,11,0,15,51,17,0,17,71,22,0,25,102,30,0,38,131,39,0
3E5S,556,A,34,ASP,HN,12,37,13,0,15,56,15,0,20,83,23,0,28,107,28,0,36,130,33,0
3E5S,557,A,34,ASP,H,10,36,12,0,17,56,17,0,21,71,21,0,24,98,27,0,33,119,34,0
3E5S,558,A,34,ASP,C,10,36,9,0,13,44,12,0,17,60,20,0,22,73,21,0,28,107,28,0
3E5S,559,A,34,ASP,C,8,27,9,0,12,45,12,0,15,52,18,0,23,65,23,0,24,92,25,0
3E5S,560,A,34,ASP,O,7,26,9,0,11,44,13,0,20,53,19,0,22,75,23,0,27,92,30,0
3E5S,561,A,34,ASP,O,5,21,8,0,10,37,12,0,12,48,13,0,17,58,20,0,22,73,23,0
3E5S,562,A,34,ASP,H,10,33,9,0,13,42,13,0,16,56,18,0,18,77,22,0,27,103,28,0
3E5S,563,A,34,ASP,H,9,29,9,0,13,41,12,0,17,57,17,0,21,80,22,0,27,104,27,0
3E5S,564,A,35,THR,N,11,34,13,0,14,51,16,0,21,75,27,0,27,104,34,0,37,137,39,0
3E5S,565,A,35,THR,CA,9,35,14,0,17,52,19,0,21,79,25,0,30,106,35,0,43,149,44,0
3E5S,566,A,35,THR,C,8,30,13,0,13,50,20,0,21,73,23,0,29,100,28,0,35,126,39,0
3E5S,567,A,35,THR,O,8,27,12,0,13,39,19,0,20,66,25,0,27,87,27,0,33,115,37,0
3E5S,568,A,35,THR,HN,12,35,13,0,13,50,17,0,18,78,25,0,29,105,32,0,37,128,40,0
3E5S,569,A,35,THR,H,8,40,14,0,18,58,21,0,22,81,26,0,31,112,36,0,43,155,49,0
3E5S,570,A,35,THR,C,10,38,16,0,17,53,21,0,23,79,27,0,33,115,36,0,41,151,45,0
3E5S,571,A,35,THR,OH,12,41,14,0,18,56,22,0,24,88,30,0,34,120,39,0,45,160,49,0
3E5S,572,A,35,THR,C,11,39,14,0,17,63,23,0,25,91,31,0,32,119,38,0,38,153,45,0
3E5S,573,A,35,THR,H,11,37,17,0,16,50,20,0,21,73,26,0,29,106,34,0,41,148,44,0
3E5S,574,A,35,THR,HO,12,37,16,0,15,57,19,0,23,85,31,0,33,115,37,0,45,156,46,0
3E5S,575,A,35,THR,H,13,38,15,0,21,64,18,0,25,89,32,0,29,123,38,0,39,154,47,0
3E5S,576,A,35,THR,H,12,40,13,0,18,60,22,0,24,92,27,0,34,125,40,0,41,156,48,0
3E5S,577,A,35,THR,H,11,38,15,0,17,62,23,0,25,87,30,0,31,114,32,0,37,144,44,0
3E5S,578,A,36,PRO,N,8,34,15,0,18,51,21,0,20,70,23,0,27,100,30,0,36,128,38,0
3E5S,579,A,36,PRO,CA,7,30,15,0,15,48,17,0,21,63,24,0,24,87,29,0,31,115,35,0
3E5S,580,A,36,PRO,C,9,27,16,0,14,46,18,0,21,70,24,0,24,90,30,0,30,110,34,0
3E5S,581,A,36,PRO,O,12,36,16,0,17,53,22,0,21,72,27,0,26,94,31,0,32,119,37,0
3E5S,582,A,36,PRO,H,7,23,13,0,13,41,17,0,17,55,20,0,24,77,26,0,28,104,30,0
3E5S,583,A,36,PRO,C,9,32,12,0,14,53,19,0,21,74,23,0,25,91,29,0,31,113,37,0
3E5S,584,A,36,PRO,C,11,40,10,0,17,60,21,0,21,81,28,0,30,104,33,0,35,132,39,0
3E5S,585,A,36,PRO,C,9,40,16,0,16,55,22,0,20,82,27,0,27,109,34,0,41,140,41,0
3E5S,586,A,36,PRO,H,7,36,9,0,13,51,17,0,20,63,22,0,23,90,25,0,32,105,35,0
3E5S,587,A,36,PRO,H,9,31,12,0,15,50,15,0,20,79,22,0,24,90,28,0,28,104,34,0
3E5S,588,A,36,PRO,H,10,41,11,0,17,61,16,0,22,79,29,0,31,106,34,0,36,131,37,0
3E5S,589,A,36,PRO,H,13,44,13,0,18,63,21,0,23,85,28,0,30,109,35,0,34,135,38,0
3E5S,590,A,36,PRO,H,8,37,11,0,13,54,19,0,22,75,24,0,26,109,34,0,38,134,40,0
3E5S,591,A,36,PRO,H,10,39,14,0,17,62,20,0,23,89,25,0,32,118,38,0,41,150,45,0
3E5S,592,A,37,GLU,N,8,25,12,0,11,37,16,0,15,55,18,0,23,75,23,0,29,96,30,0
3E5S,593,A,37,GLU,CA,7,25,11,0,10,37,15,0,14,58,18,0,20,65,24,0,27,86,32,0
3E5S,594,A,37,GLU,C,9,32,11,0,13,47,12,0,17,58,19,0,19,73,27,0,24,96,34,0
3E5S,595,A,37,GLU,O,10,33,11,0,14,46,12,0,16,58,15,0,19,80,27,0,25,97,33,0
3E5S,596,A,37,GLU,HN,8,25,11,0,10,33,15,0,13,42,17,0,23,69,20,0,24,94,26,0
3E5S,597,A,37,GLU,H,9,27,8,0,11,43,17,0,17,56,22,0,22,71,28,0,28,95,32,0
3E5S,598,A,37,GLU,C,5,19,8,0,8,28,12,0,11,38,17,0,16,56,18,0,24,70,25,0
3E5S,599,A,37,GLU,C,5,14,8,0,6,26,9,0,11,32,17,0,14,47,18,0,23,66,22,0
3E5S,600,A,37,GLU,C,4,17,8,0,10,28,11,0,14,41,16,0,19,53,22,0,25,78,24,0
3E5S,601,A,37,GLU,O,6,20,10,0,10,31,13,0,17,44,18,0,20,63,24,0,25,89,27,0
3E5S,602,A,37,GLU,O,4,17,9,0,8,24,9,0,13,37,12,0,19,57,21,0,27,77,25,0
3E5S,603,A,37,GLU,H,5,17,7,0,6,27,12,0,11,37,16,0,14,56,19,0,21,73,25,0
3E5S,604,A,37,GLU,H,5,17,8,0,7,25,12,0,11,35,13,0,14,54,19,0,20,69,23,0
3E5S,605,A,37,GLU,H,5,8,8,0,5,18,8,0,7,30,13,0,12,39,17,0,17,56,20,0
3E5S,606,A,37,GLU,H,6,15,7,0,6,26,9,0,9,30,15,0,16,45,18,0,23,66,21,0
3E5S,607,A,38,PHE,N,7,29,10,0,11,42,14,0,17,53,21,0,21,76,29,0,27,93,38,0
3E5S,608,A,38,PHE,CA,7,29,8,0,14,42,17,0,18,66,22,0,26,81,33,0,31,108,41,0
3E5S,609,A,38,PHE,C,9,29,8,0,13,45,17,0,19,61,21,0,23,86,25,0,30,110,38,1
3E5S,610,A,38,PHE,O,11,32,10,0,15,47,16,0,18,70,22,0,23,92,27,1,31,112,37,1
3E5S,611,A,38,PHE,HN,8,23,10,0,9,38,14,0,15,52,22,0,20,69,29,0,27,91,37,0
3E5S,612,A,38,PHE,H,10,31,10,0,15,52,15,0,17,71,28,0,26,87,33,0,32,113,39,0
3E5S,613,A,38,PHE,C,6,25,10,0,11,44,12,0,21,62,22,0,27,86,33,0,32,114,40,0
3E5S,614,A,38,PHE,C,7,33,8,0,15,42,14,0,22,69,23,0,29,98,34,0,32,125,42,1
3E5S,615,A,38,PHE,C,8,30,8,0,16,53,17,0,22,75,27,0,29,102,33,0,39,130,43,1
3E5S,616,A,38,PHE,C,9,33,8,0,13,45,14,0,21,69,20,0,29,91,28,1,34,125,42,1
3E5S,617,A,38,PHE,C,10,34,8,0,16,54,16,0,22,77,26,0,32,102,35,0,42,145,42,1
3E5S,618,A,38,PHE,C,9,37,8,0,15,53,15,0,22,67,23,0,31,101,30,1,38,130,37,1
3E5S,619,A,38,PHE,C,9,37,10,0,16,50,15,0,22,77,24,0,32,108,32,1,41,139,42,1
3E5S,620,A,38,PHE,H,6,23,9,0,10,40,11,0,14,53,20,0,27,81,29,0,31,107,38,0
3E5S,621,A,38,PHE,H,6,27,7,0,12,42,15,0,20,63,23,0,24,84,30,0,33,111,39,0
3E5S,622,A,38,PHE,H,9,27,9,0,15,52,19,0,23,79,24,0,29,103,36,0,39,125,41,0
3E5S,623,A,38,PHE,H,11,31,8,0,14,46,12,0,17,65,18,0,25,81,27,0,33,112,36,1
3E5S,624,A,38,PHE,H,7,34,9,0,15,56,15,0,23,76,26,0,30,109,36,0,44,145,41,1
3E5S,625,A,38,PHE,H,10,39,7,0,12,55,13,0,20,71,22,1,29,97,29,1,39,124,38,1
3E5S,626,A,38,PHE,H,9,39,12,0,16,54,17,0,25,80,22,1,32,112,31,1,42,147,42,1
3E5S,627,A,39,ASN,N,9,31,7,0,11,43,12,0,15,56,19,0,21,82,24,0,26,108,31,0
3E5S,628,A,39,ASN,CA,10,30,7,0,12,43,13,0,15,63,18,0,21,81,26,0,26,95,31,1
3E5S,629,A,39,ASN,C,10,29,9,0,12,42,11,0,14,60,17,0,20,80,24,0,25,96,27,1
3E5S,630,A,39,ASN,O,10,26,7,0,12,40,12,0,16,62,19,0,21,81,22,1,23,93,30,1
3E5S,631,A,39,ASN,HN,7,30,9,0,10,37,11,0,14,51,17,0,19,72,25,0,24,97,30,0
3E5S,632,A,39,ASN,H,10,37,8,0,14,51,12,0,18,70,20,0,21,85,27,1,28,108,33,1
3E5S,633,A,39,ASN,C,6,23,7,0,10,41,11,0,17,57,16,0,19,72,24,0,23,87,29,1
3E5S,634,A,39,ASN,C,4,21,5,0,7,32,10,0,13,44,14,0,16,60,20,0,20,78,25,0
3E5S,635,A,39,ASN,O,3,21,3,0,7,31,9,0,11,39,11,0,17,55,19,0,19,72,23,0
3E5S,636,A,39,ASN,N,4,16,6,0,7,22,10,0,8,39,13,0,15,54,16,0,18,66,21,0
3E5S,637,A,39,ASN,H,7,29,9,0,12,43,10,0,18,60,15,0,19,77,23,0,23,93,29,1
3E5S,638,A,39,ASN,H,8,23,8,0,11,40,11,0,16,56,16,0,20,72,23,0,20,85,27,1
3E5S,639,A,39,ASN,HN,5,17,6,0,7,28,10,0,10,38,14,0,15,57,16,0,18,69,22,0
3E5S,640,A,39,ASN,HN,3,13,5,0,4,21,9,0,7,29,12,0,11,47,16,0,16,58,21,0
3E5S,641,A,40,GLU,N,10,31,8,0,11,40,11,0,14,48,15,0,18,69,20,0,24,90,26,0
3E5S,642,A,40,GLU,CA,10,28,7,0,11,37,11,0,12,47,14,0,17,61,17,0,22,86,24,0
3E5S,643,A,40,GLU,C,10,32,9,0,12,44,12,0,15,56,13,0,18,74,18,0,23,93,27,0
3E5S,644,A,40,GLU,O,10,35,9,0,13,48,12,0,17,67,15,0,18,86,20,0,24,98,27,1
3E5S,645,A,40,GLU,HN,11,31,8,0,11,41,12,0,13,50,15,0,19,66,19,0,21,93,27,0
3E5S,646,A,40,GLU,H,9,24,6,0,10,36,8,0,15,44,13,0,16,56,19,0,20,76,22,0
3E5S,647,A,40,GLU,C,10,27,6,0,11,33,12,0,11,47,13,0,16,62,18,0,21,85,24,0
3E5S,648,A,40,GLU,C,7,19,9,0,10,27,10,0,11,35,13,0,13,48,16,0,17,64,19,0
3E5S,649,A,40,GLU,C,6,17,7,0,7,23,11,0,12,33,14,0,13,46,16,0,15,62,19,0
3E5S,650,A,40,GLU,O,7,20,9,0,10,29,12,0,12,39,15,0,15,53,17,0,22,76,20,0
3E5S,651,A,40,GLU,O,4,9,5,0,6,19,10,0,9,24,11,0,12,36,14,0,13,51,16,0
3E5S,652,A,40,GLU,H,9,23,7,0,11,33,10,0,13,47,13,0,16,64,20,0,19,84,25,0
3E5S,653,A,40,GLU,H,10,29,10,0,11,38,11,0,14,48,16,0,17,72,21,0,23,93,26,0
3E5S,654,A,40,GLU,H,8,17,8,0,10,27,10,0,11,35,12,0,12,47,16,0,16,62,19,0
3E5S,655,A,40,GLU,H,6,15,6,0,10,22,10,0,10,33,10,0,12,45,15,0,16,58,19,0
3E5S,656,A,41,LYS,N,8,25,9,0,11,39,12,0,12,51,14,0,16,68,19,0,21,89,28,0
3E5S,657,A,41,LYS,CA,6,25,8,0,10,38,11,0,14,51,16,0,15,70,20,0,24,93,26,0
3E5S,658,A,41,LYS,C,8,31,10,0,13,45,13,0,14,60,18,0,21,76,22,0,25,102,31,0
3E5S,659,A,41,LYS,O,7,29,9,0,12,47,15,0,19,65,17,0,23,84,24,0,24,102,33,0
3E5S,660,A,41,LYS,HN,7,23,7,0,11,33,10,0,11,45,15,0,16,62,20,0,20,75,24,0
3E5S,661,A,41,LYS,H,6,26,7,0,9,40,11,0,14,53,15,0,16,73,20,0,22,97,29,1
3E5S,662,A,41,LYS,C,4,19,4,0,6,27,10,0,10,41,15,0,16,58,19,0,22,80,23,0
3E5S,663,A,41,LYS,C,5,13,2,0,5,21,6,0,6,33,16,0,13,53,17,0,22,79,23,0
3E5S,664,A,41,LYS,C,1,9,2,0,3,14,4,0,6,26,10,0,10,41,14,0,17,65,22,0
3E5S,665,A,41,LYS,C,1,9,1,0,2,11,6,0,7,27,9,0,10,40,12,0,16,59,21,0
3E5S,666,A,41,LYS,N,1,11,4,0,5,20,7,0,9,25,8,0,12,40,13,0,14,58,19,0
3E5S,667,A,41,LYS,H,3,19,7,0,7,27,8,0,12,41,14,0,16,61,17,0,22,82,27,0
3E5S,668,A,41,LYS,H,4,17,3,0,6,25,10,0,10,36,14,0,16,56,18,0,19,80,24,0
3E5S,669,A,41,LYS,H,4,11,2,0,5,18,4,0,7,28,15,0,14,51,18,0,21,74,24,0
3E5S,670,A,41,LYS,H,5,15,4,0,5,21,7,0,6,35,14,0,13,60,20,0,25,85,24,1
3E5S,671,A,41,LYS,H,1,10,4,0,1,14,5,0,8,23,8,0,8,37,13,0,15,55,19,0
3E5S,672,A,41,LYS,H,1,3,0,0,3,12,4,0,5,23,8,0,11,40,13,0,15,59,22,0
3E5S,673,A,41,LYS,H,1,6,2,0,1,10,4,0,4,20,8,0,8,34,13,0,14,52,16,0
3E5S,674,A,41,LYS,H,2,9,3,0,3,16,5,0,5,26,11,0,11,46,16,0,19,73,19,1
3E5S,675,A,41,LYS,HN,2,14,4,0,4,18,5,0,8,25,8,0,9,37,13,0,14,51,17,0
3E5S,676,A,41,LYS,HN,1,11,5,0,6,22,7,0,9,30,8,0,12,43,14,0,14,63,19,0
3E5S,677,A,41,LYS,HN,2,16,5,0,6,21,8,0,8,35,9,0,13,46,13,0,17,71,21,0
3E5S,678,A,42,TYR,N,8,32,9,0,12,43,13,0,16,59,17,0,23,78,22,0,27,99,28,0
3E5S,679,A,42,TYR,CA,9,35,11,0,13,52,15,0,20,63,20,0,24,78,24,0,31,105,30,0
3E5S,680,A,42,TYR,C,11,37,11,0,17,56,16,0,20,76,19,0,27,93,26,0,30,111,34,0
3E5S,681,A,42,TYR,O,10,37,13,0,17,53,15,0,24,77,20,0,28,101,30,0,32,123,37,0
3E5S,682,A,42,TYR,HN,8,27,8,0,10,39,11,0,17,52,16,0,20,78,22,0,26,101,28,1
3E5S,683,A,42,TYR,H,9,29,7,0,13,43,14,0,19,58,19,0,23,80,23,0,27,105,27,0
3E5S,684,A,42,TYR,C,10,39,11,0,15,49,16,0,19,62,21,0,26,83,26,0,31,114,31,0
3E5S,685,A,42,TYR,C,9,30,9,0,13,45,12,0,17,56,18,0,21,75,25,0,29,96,29,0
3E5S,686,A,42,TYR,C,8,29,9,0,12,43,12,0,15,52,17,0,19,68,21,0,24,92,27,0
3E5S,687,A,42,TYR,C,8,25,8,0,10,37,11,0,15,53,17,0,21,75,22,0,24,88,29,0
3E5S,688,A,42,TYR,C,6,23,9,0,10,33,12,0,14,49,15,0,16,62,18,0,22,76,22,0
3E5S,689,A,42,TYR,C,7,22,7,0,8,32,13,0,11,46,14,0,18,61,15,0,21,84,23,0
3E5S,690,A,42,TYR,C,6,24,10,0,8,28,12,0,12,42,14,0,16,59,15,0,20,77,19,0
3E5S,691,A,42,TYR,OH,6,17,7,0,7,27,11,0,8,38,13,0,13,52,15,0,20,65,16,0
3E5S,692,A,42,TYR,H,12,39,11,0,14,50,17,0,20,61,23,0,27,95,26,0,34,126,32,0
3E5S,693,A,42,TYR,H,10,39,10,0,17,51,16,0,21,67,24,0,26,90,27,0,31,110,33,0
3E5S,694,A,42,TYR,H,8,26,7,0,11,40,15,0,17,50,16,0,21,73,23,0,25,98,27,0
3E5S,695,A,42,TYR,H,6,22,7,0,10,38,10,0,18,56,17,0,21,76,25,0,27,90,29,0
3E5S,696,A,42,TYR,H,5,19,8,0,9,30,12,0,12,42,13,0,16,59,16,0,21,70,21,0
3E5S,697,A,42,TYR,H,7,21,8,0,8,26,9,0,10,41,13,0,15,58,14,0,22,75,19,0
3E5S,698,A,42,TYR,HO,7,20,9,0,7,29,10,0,9,44,14,0,14,53,15,0,17,70,18,0
3E5S,699,A,43,GLY,N,12,47,12,0,13,63,15,0,19,81,19,0,25,96,27,0,29,119,36,0
3E5S,700,A,43,GLY,CA,12,49,14,0,14,62,16,0,18,78,21,0,26,102,28,0,32,133,40,0
3E5S,701,A,43,GLY,C,13,45,11,0,16,60,17,0,18,85,20,0,28,104,31,0,34,141,42,0
3E5S,702,A,43,GLY,O,13,43,11,0,15,66,18,0,23,86,24,0,27,114,34,0,33,142,42,0
3E5S,703,A,43,GLY,HN,12,43,11,0,14,61,13,0,18,76,16,0,24,97,25,0,28,114,32,1
3E5S,704,A,43,GLY,H,12,46,13,0,15,63,17,0,21,82,24,0,26,104,30,0,32,133,40,0
3E5S,705,A,43,GLY,H,13,50,11,0,13,62,16,0,17,68,20,0,24,98,29,0,30,125,37,0
3E5S,706,A,44,PRO,N,12,42,12,0,14,56,14,0,16,75,18,0,24,109,27,1,36,133,38,1
3E5S,707,A,44,PRO,CA,10,37,12,0,13,54,14,0,19,79,21,0,23,110,26,1,39,146,38,1
3E5S,708,A,44,PRO,C,8,31,9,0,12,50,14,0,18,77,18,0,24,108,26,0,36,148,36,1
3E5S,709,A,44,PRO,O,9,28,9,0,13,53,14,0,17,80,20,0,27,112,28,0,39,147,40,0
3E5S,710,A,44,PRO,H,9,37,13,0,15,58,16,0,20,81,23,0,29,111,29,0,38,146,40,1
3E5S,711,A,44,PRO,C,8,40,8,0,14,54,12,0,18,74,21,1,27,111,26,1,41,142,36,1
3E5S,712,A,44,PRO,C,10,41,10,0,15,54,15,1,20,79,19,1,27,105,25,1,36,138,37,1
3E5S,713,A,44,PRO,C,11,41,11,0,14,59,13,0,19,75,18,1,24,100,26,1,32,129,34,1
3E5S,714,A,44,PRO,H,9,40,9,0,13,52,14,1,22,78,22,1,30,108,28,1,42,141,41,1
3E5S,715,A,44,PRO,H,8,34,8,0,9,52,11,1,17,71,19,1,27,102,25,1,37,139,33,1
3E5S,716,A,44,PRO,H,9,40,12,0,17,55,15,1,22,81,21,1,28,106,32,1,35,137,39,1
3E5S,717,A,44,PRO,H,8,40,10,1,16,53,15,1,19,77,17,1,28,103,27,1,37,135,35,1
3E5S,718,A,44,PRO,H,12,41,10,0,14,60,15,0,19,76,20,1,22,94,25,1,29,120,32,1
3E5S,719,A,44,PRO,H,11,38,12,0,14,54,12,0,17,76,15,1,22,95,23,1,28,123,33,1
3E5S,720,A,45,GLU,N,9,31,7,0,9,45,12,0,17,70,15,0,25,103,24,0,33,142,32,1
3E5S,721,A,45,GLU,CA,8,29,7,0,10,42,10,0,13,64,18,0,26,97,22,0,34,138,29,0
3E5S,722,A,45,GLU,C,8,33,8,0,12,44,11,0,17,67,17,0,23,110,23,0,38,135,32,0
3E5S,723,A,45,GLU,O,7,29,9,0,12,43,10,0,17,70,17,0,24,103,26,0,37,131,33,1
3E5S,724,A,45,GLU,HN,9,31,8,0,10,51,11,0,17,75,15,0,23,100,20,0,34,129,30,1
3E5S,725,A,45,GLU,H,7,26,7,0,10,40,8,0,17,60,15,0,21,100,22,0,33,127,27,0
3E5S,726,A,45,GLU,C,9,28,6,0,9,40,8,0,13,57,16,0,22,84,21,0,31,120,25,0
3E5S,727,A,45,GLU,C,7,25,4,0,10,33,8,0,15,55,10,0,20,82,22,0,26,112,26,1
3E5S,728,A,45,GLU,C,6,22,6,0,11,37,7,0,12,58,11,0,19,92,18,1,31,111,24,1
3E5S,729,A,45,GLU,O,8,27,7,0,11,44,9,0,16,73,12,0,21,89,17,1,30,123,26,1
3E5S,730,A,45,GLU,O,6,22,4,0,9,31,7,0,11,55,9,1,19,80,14,1,27,106,25,1
3E5S,731,A,45,GLU,H,9,28,6,0,10,41,8,0,14,52,15,0,20,77,22,0,28,114,26,0
3E5S,732,A,45,GLU,H,9,31,8,0,12,47,10,0,18,60,17,0,23,91,20,0,32,117,28,0
3E5S,733,A,45,GLU,H,6,18,4,0,11,36,5,0,14,53,12,0,19,77,17,0,25,104,25,1
3E5S,734,A,45,GLU,H,6,22,4,0,8,31,6,0,14,44,10,0,19,70,17,0,24,103,25,1
3E5S,735,A,46,ALA,N,9,37,10,0,15,57,16,0,20,83,23,0,29,113,24,0,37,135,38,0
3E5S,736,A,46,ALA,CA,12,42,10,0,14,66,17,0,22,83,25,0,31,109,31,0,38,143,41,1
3E5S,737,A,46,ALA,C,10,42,12,0,15,67,13,0,22,82,25,0,29,109,37,0,38,154,45,1
3E5S,738,A,46,ALA,O,10,43,11,0,16,58,13,0,21,84,23,0,29,121,36,1,37,151,45,1
3E5S,739,A,46,ALA,HN,8,39,10,0,18,61,17,0,22,83,22,0,28,111,26,0,36,136,38,0
3E5S,740,A,46,ALA,H,10,45,12,0,17,65,15,0,23,82,23,0,29,111,33,0,37,141,39,1
3E5S,741,A,46,ALA,C,14,50,13,0,16,72,18,0,24,92,26,0,30,118,38,0,37,149,42,0
3E5S,742,A,46,ALA,H,13,49,12,0,20,67,22,0,25,91,27,0,30,126,38,0,41,155,47,1
3E5S,743,A,46,ALA,H,16,44,12,0,17,69,20,0,23,95,28,0,30,124,33,0,36,147,46,0
3E5S,744,A,46,ALA,H,11,46,11,0,18,75,20,0,24,93,28,0,31,114,35,0,37,148,43,0
3E5S,745,A,47,SER,N,10,43,12,0,15,66,17,0,23,82,26,0,28,110,37,0,34,150,43,0
3E5S,746,A,47,SER,CA,12,36,11,0,16,56,18,0,20,87,28,0,28,117,34,0,34,153,42,0
3E5S,747,A,47,SER,C,13,34,11,0,15,51,17,0,20,81,24,0,25,123,32,0,37,150,43,1
3E5S,748,A,47,SER,O,12,35,12,0,16,55,18,0,21,85,23,0,27,117,30,1,35,159,42,1
3E5S,749,A,47,SER,HN,10,45,13,0,15,65,18,0,25,81,25,0,27,116,34,0,33,148,43,0
3E5S,750,A,47,SER,H,12,36,14,0,17,62,20,0,22,87,29,0,28,115,30,0,33,151,44,1
3E5S,751,A,47,SER,C,13,41,11,0,15,53,18,0,21,84,28,0,27,116,34,0,37,150,38,0
3E5S,752,A,47,SER,OH,13,41,12,0,16,57,20,0,20,73,28,0,26,117,32,0,36,155,41,0
3E5S,753,A,47,SER,H,13,39,14,0,14,60,17,0,19,82,27,0,29,122,33,0,37,153,42,0
3E5S,754,A,47,SER,H,12,41,13,0,18,58,21,0,24,81,29,0,26,114,35,0,34,152,42,0
3E5S,755,A,47,SER,HO,10,35,10,0,14,54,18,0,21,74,25,0,28,111,33,0,38,160,45,0
3E5S,756,A,48,ALA,N,11,36,11,0,14,56,15,0,18,80,24,0,25,111,32,0,38,147,42,0
3E5S,757,A,48,ALA,CA,9,36,11,0,15,54,15,0,20,81,24,0,28,106,32,0,36,145,42,1
3E5S,758,A,48,ALA,C,8,34,8,0,10,48,15,0,20,76,21,0,25,105,30,1,35,133,43,1
3E5S,759,A,48,ALA,O,8,36,9,0,16,53,15,0,19,74,22,1,27,100,30,1,35,137,40,1
3E5S,760,A,48,ALA,HN,12,36,9,0,13,58,15,0,18,80,23,0,26,108,30,0,36,145,44,0
3E5S,761,A,48,ALA,H,10,35,11,0,16,57,18,0,20,81,25,0,29,116,31,0,37,148,41,0
3E5S,762,A,48,ALA,C,10,37,10,0,16,54,14,0,20,77,23,0,26,103,29,0,35,137,40,0
3E5S,763,A,48,ALA,H,12,37,11,0,18,54,16,0,23,73,25,0,27,103,30,0,38,132,39,0
3E5S,764,A,48,ALA,H,10,32,10,0,12,53,15,0,20,71,18,0,26,99,28,0,35,128,37,0
3E5S,765,A,48,ALA,H,12,34,10,0,16,58,16,0,20,80,25,0,27,112,33,0,38,141,40,0
3E5S,766,A,49,PHE,N,8,31,7,0,9,42,12,0,16,65,20,1,28,95,29,1,36,131,40,1
3E5S,767,A,49,PHE,CA,7,30,8,0,10,41,9,1,14,62,20,1,24,96,26,1,38,123,37,1
3E5S,768,A,49,PHE,C,9,30,7,1,10,47,13,1,15,70,17,1,26,94,24,1,36,124,40,1
3E5S,769,A,49,PHE,O,7,30,8,1,13,47,10,1,15,70,18,1,22,91,25,1,35,119,40,1
3E5S,770,A,49,PHE,HN,7,31,9,0,11,46,13,0,16,63,18,0,27,91,29,1,35,132,38,1
3E5S,771,A,49,PHE,H,7,24,7,0,10,39,9,1,14,57,17,1,21,90,27,1,35,112,34,1
3E5S,772,A,49,PHE,C,9,29,7,0,11,44,12,1,18,63,21,1,23,90,25,1,35,119,35,1
3E5S,773,A,49,PHE,C,10,31,8,1,14,46,12,1,20,62,19,1,24,82,26,1,31,115,32,1
3E5S,774,A,49,PHE,C,4,24,8,1,12,37,12,1,19,54,15,1,21,74,26,1,26,106,32,1
3E5S,775,A,49,PHE,C,11,33,9,1,16,50,14,1,20,73,23,1,25,90,27,1,33,125,33,1
3E5S,776,A,49,PHE,C,5,19,4,1,9,32,10,1,16,57,17,1,23,70,21,1,28,101,30,1
3E5S,777,A,49,PHE,C,9,34,6,1,17,51,14,1,21,67,22,1,22,92,25,1,33,116,33,1
3E5S,778,A,49,PHE,C,7,23,5,1,11,44,15,1,19,61,19,1,26,84,24,1,30,109,30,1
3E5S,779,A,49,PHE,H,10,31,9,0,12,50,14,1,19,72,21,1,25,93,27,1,38,132,38,1
3E5S,780,A,49,PHE,H,6,24,6,0,12,42,12,0,16,62,21,1,24,86,25,1,32,111,33,1
3E5S,781,A,49,PHE,H,2,15,6,0,10,37,10,1,15,52,16,1,21,67,21,1,24,96,30,1
3E5S,782,A,49,PHE,H,12,34,10,1,16,59,13,1,24,75,25,1,25,104,28,1,36,129,39,1
3E5S,783,A,49,PHE,H,4,13,3,1,7,23,7,1,11,44,14,1,23,68,20,1,28,93,25,1
3E5S,784,A,49,PHE,H,12,36,9,1,16,50,15,1,22,76,22,1,24,101,28,2,35,127,35,2
3E5S,785,A,49,PHE,H,7,27,6,1,13,39,10,1,18,61,19,1,22,82,23,1,31,104,30,2
3E5S,786,A,50,THR,N,10,43,10,1,12,57,13,1,16,79,19,1,29,101,27,1,39,138,41,1
3E5S,787,A,50,THR,CA,9,48,10,1,14,61,13,1,19,88,20,1,30,114,29,1,39,144,40,1
3E5S,788,A,50,THR,C,10,44,9,1,14,61,15,1,23,84,19,1,27,110,29,1,35,149,42,1
3E5S,789,A,50,THR,O,7,39,10,1,14,63,14,1,24,86,18,1,28,114,30,1,38,147,44,1
3E5S,790,A,50,THR,HN,9,43,11,0,13,57,14,1,18,79,19,1,28,112,30,1,39,148,43,1
3E5S,791,A,50,THR,H,9,46,10,1,15,64,13,1,19,85,19,1,30,119,29,1,41,156,39,1
3E5S,792,A,50,THR,C,11,41,11,0,15,72,16,1,22,90,24,1,31,121,34,1,40,155,44,1
3E5S,793,A,50,THR,OH,10,42,10,0,18,66,18,1,24,95,24,1,34,124,33,1,44,158,48,1
3E5S,794,A,50,THR,C,13,45,11,0,16,70,14,1,23,97,24,1,31,127,35,1,43,163,49,1
3E5S,795,A,50,THR,H,12,41,10,0,15,64,17,0,21,89,25,1,28,120,33,1,40,152,43,1
3E5S,796,A,50,THR,HO,10,42,11,0,17,63,18,0,22,95,24,1,33,122,33,1,42,154,47,1
3E5S,797,A,50,THR,H,9,42,10,0,16,69,17,0,23,97,25,1,37,127,38,1,46,162,46,1
3E5S,798,A,50,THR,H,10,45,9,1,18,73,17,1,26,99,25,1,33,131,33,1,43,168,47,2
3E5S,799,A,50,THR,H,14,44,10,0,16,68,16,1,23,98,25,1,27,126,32,1,43,157,45,1
3E5S,800,A,51,LYS,N,11,42,10,0,15,54,18,1,22,75,24,1,26,108,29,1,31,149,40,1
3E5S,801,A,51,LYS,CA,11,38,11,0,16,54,18,0,20,81,24,1,26,114,31,1,31,141,41,1
3E5S,802,A,51,LYS,C,11,36,12,0,14,50,17,1,19,78,21,1,25,104,29,1,31,138,39,1
3E5S,803,A,51,LYS,O,11,38,11,0,13,49,15,1,16,69,22,1,25,105,27,1,34,134,40,1
3E5S,804,A,51,LYS,HN,10,35,12,0,16,56,17,0,22,76,21,1,26,109,31,1,30,150,42,1
3E5S,805,A,51,LYS,H,11,41,13,0,15,55,17,0,24,79,22,1,26,115,31,1,33,146,40,1
3E5S,806,A,51,LYS,C,14,34,12,0,16,55,18,0,18,79,27,0,28,108,32,1,34,149,40,1
3E5S,807,A,51,LYS,C,12,32,14,0,15,55,19,0,20,80,25,0,30,112,31,0,33,148,38,1
3E5S,808,A,51,LYS,C,11,30,11,0,12,57,19,0,18,81,26,0,31,115,31,0,38,145,38,0
3E5S,809,A,51,LYS,C,7,29,10,0,12,48,17,0,16,80,24,0,29,108,29,0,38,147,35,0
3E5S,810,A,51,LYS,N,7,33,7,0,12,51,14,0,16,77,25,0,29,113,29,0,39,147,37,0
3E5S,811,A,51,LYS,H,12,36,11,0,15,60,20,0,20,79,28,0,26,103,34,0,36,145,41,1
3E5S,812,A,51,LYS,H,11,36,13,0,16,53,19,0,20,76,27,0,25,113,35,0,38,146,40,1
3E5S,813,A,51,LYS,H,10,31,14,0,15,51,19,0,21,86,25,0,26,117,29,0,31,146,39,1
3E5S,814,A,51,LYS,H,8,32,13,0,17,60,17,0,21,80,23,0,25,107,33,0,32,141,37,1
3E5S,815,A,51,LYS,H,8,35,12,0,15,59,16,0,20,82,23,0,27,112,35,0,37,141,43,0
3E5S,816,A,51,LYS,H,9,34,12,0,14,61,20,0,21,83,24,0,30,119,32,0,40,151,40,0
3E5S,817,A,51,LYS,H,7,30,10,0,13,49,17,0,18,77,25,0,26,110,31,0,39,152,38,0
3E5S,818,A,51,LYS,H,7,30,12,0,10,48,15,0,18,73,20,0,25,104,29,0,35,139,36,0
3E5S,819,A,51,LYS,HN,7,34,7,0,12,50,13,0,19,76,24,0,27,113,30,0,39,141,38,0
3E5S,820,A,51,LYS,HN,6,32,8,0,12,48,11,0,16,73,22,0,25,107,29,0,37,139,38,0
3E5S,821,A,51,LYS,HN,6,35,10,0,12,53,16,0,22,86,20,0,27,117,29,0,40,146,45,0
3E5S,822,A,52,LYS,N,9,36,12,0,12,52,17,1,18,73,20,1,25,97,29,1,28,122,40,1
3E5S,823,A,52,LYS,CA,9,34,13,0,13,50,14,1,15,68,19,1,21,86,29,1,27,107,38,1
3E5S,824,A,52,LYS,C,9,29,11,1,9,46,14,1,13,64,16,1,19,86,24,1,27,111,35,1
3E5S,825,A,52,LYS,O,8,28,11,1,10,37,14,1,13,61,18,1,19,79,22,1,23,108,33,1
3E5S,826,A,52,LYS,HN,9,36,11,0,14,55,17,0,19,74,20,1,25,95,31,1,30,127,38,1
3E5S,827,A,52,LYS,H,9,35,13,0,14,51,15,0,16,70,18,1,21,87,28,1,25,105,35,1
3E5S,828,A,52,LYS,C,10,35,10,0,14,52,14,0,16,65,23,1,20,81,29,1,29,106,35,1
3E5S,829,A,52,LYS,C,12,36,10,0,15,49,19,0,19,67,28,0,27,91,33,1,32,113,37,1
3E5S,830,A,52,LYS,C,11,38,12,0,16,54,19,0,20,68,27,0,26,92,34,0,31,119,39,1
3E5S,831,A,52,LYS,C,10,32,10,0,13,50,21,0,20,62,24,0,23,82,29,0,29,103,33,1
3E5S,832,A,52,LYS,N,9,32,13,0,14,44,18,0,17,65,22,0,24,86,29,0,28,104,32,0
3E5S,833,A,52,LYS,H,10,32,10,0,13,47,16,0,15,62,19,1,18,77,27,1,27,98,34,1
3E5S,834,A,52,LYS,H,9,32,10,0,11,49,14,1,15,63,20,1,21,79,27,1,27,109,34,1
3E5S,835,A,52,LYS,H,9,31,11,0,15,47,16,0,21,66,27,0,27,90,32,0,33,111,35,1
3E5S,836,A,52,LYS,H,10,33,10,0,14,50,19,0,19,73,28,0,31,99,33,1,37,121,39,1
3E5S,837,A,52,LYS,H,10,38,14,0,17,54,22,0,24,73,27,0,29,98,34,0,34,124,41,0
3E5S,838,A,52,LYS,H,13,41,14,0,16,55,20,0,21,69,24,0,25,92,36,0,32,126,41,1
3E5S,839,A,52,LYS,H,11,30,13,0,13,47,17,0,15,61,25,0,23,78,27,0,24,99,32,1
3E5S,840,A,52,LYS,H,10,30,13,0,14,44,19,0,18,61,25,0,23,79,28,0,29,101,33,0
3E5S,841,A,52,LYS,HN,8,26,11,0,13,39,18,0,15,56,22,0,21,76,27,0,26,100,32,0
3E5S,842,A,52,LYS,HN,10,32,13,0,13,46,17,0,18,66,22,0,26,88,29,0,29,110,34,0
3E5S,843,A,52,LYS,HN,9,34,13,0,16,52,17,0,19,64,24,0,24,88,30,0,28,113,38,0
3E5S,844,A,53,MET,N,10,41,10,0,11,49,12,0,12,63,18,0,21,92,26,0,33,127,36,0
3E5S,845,A,53,MET,CA,8,40,6,0,12,48,13,0,14,65,21,0,22,92,26,0,28,124,31,0
3E5S,846,A,53,MET,C,9,33,9,0,13,50,17,0,17,73,22,0,24,97,26,0,32,127,36,0
3E5S,847,A,53,MET,O,9,33,13,0,14,45,15,0,18,75,21,0,23,96,25,0,29,119,32,0
3E5S,848,A,53,MET,HN,8,41,9,0,11,51,11,0,15,66,18,0,22,90,26,0,32,130,39,0
3E5S,849,A,53,MET,H,8,34,9,0,12,48,12,0,14,61,20,0,21,83,26,0,27,117,29,0
3E5S,850,A,53,MET,C,10,34,8,0,13,54,11,0,18,74,18,0,24,101,28,0,34,129,35,0
3E5S,851,A,53,MET,C,9,35,9,0,17,55,12,0,19,77,18,0,25,103,26,0,33,126,33,1
3E5S,852,A,53,MET,S,9,32,9,0,13,52,13,0,24,75,18,0,28,100,27,1,31,133,36,1
3E5S,853,A,53,MET,C,10,27,6,0,13,50,15,0,18,72,19,1,26,100,24,1,33,120,31,1
3E5S,854,A,53,MET,H,7,35,7,0,14,56,13,0,19,78,19,0,26,112,27,0,39,139,36,0
3E5S,855,A,53,MET,H,7,32,6,0,13,48,13,0,17,70,16,0,25,91,27,0,32,123,34,0
3E5S,856,A,53,MET,H,9,34,9,0,13,53,16,0,19,70,21,0,24,94,22,0,30,121,29,1
3E5S,857,A,53,MET,H,12,36,11,0,16,61,12,0,23,87,20,0,27,113,28,1,30,138,35,1
3E5S,858,A,53,MET,H,8,30,8,0,13,49,13,1,17,72,16,1,21,89,22,1,30,117,29,1
3E5S,859,A,53,MET,H,8,30,8,0,13,45,15,0,16,67,18,0,27,93,23,1,31,114,29,1
3E5S,860,A,53,MET,H,12,34,7,0,14,59,13,1,19,82,21,1,27,105,25,1,35,129,31,1
3E5S,861,A,54,VAL,N,9,40,7,1,11,54,15,1,17,79,22,1,25,103,29,1,38,136,40,1
3E5S,862,A,54,VAL,CA,7,40,10,1,15,58,15,1,19,78,21,1,26,106,34,1,37,137,41,1
3E5S,863,A,54,VAL,C,8,36,9,0,15,54,14,1,18,68,21,1,24,92,32,1,30,127,39,1
3E5S,864,A,54,VAL,O,9,35,8,0,15,51,17,0,18,71,24,1,22,94,30,1,31,120,36,1
3E5S,865,A,54,VAL,HN,8,43,8,1,12,57,14,1,16,79,24,1,26,109,30,1,42,142,41,1
3E5S,866,A,54,VAL,H,9,39,10,1,16,61,15,1,20,82,22,1,28,109,31,1,35,136,38,1
3E5S,867,A,54,VAL,C,8,41,6,0,14,65,14,1,24,84,26,1,32,114,34,1,42,156,42,1
3E5S,868,A,54,VAL,C,7,47,7,1,15,65,14,1,21,88,27,1,38,132,37,1,45,174,45,1
3E5S,869,A,54,VAL,C,7,40,11,0,14,60,15,0,20,91,23,1,31,114,33,1,41,151,41,1
3E5S,870,A,54,VAL,H,9,44,9,0,16,66,15,0,24,85,28,1,30,114,34,1,39,153,42,1
3E5S,871,A,54,VAL,H,7,46,7,0,17,64,14,1,26,93,24,1,35,138,38,1,50,185,45,1
3E5S,872,A,54,VAL,H,7,41,8,1,13,64,14,1,24,95,24,1,37,132,33,1,45,166,45,1
3E5S,873,A,54,VAL,H,7,43,9,1,16,64,12,1,23,94,22,1,36,130,36,1,47,171,46,2
3E5S,874,A,54,VAL,H,9,42,10,0,15,67,16,0,20,92,24,1,33,128,32,1,42,151,43,1
3E5S,875,A,54,VAL,H,9,36,9,0,15,61,18,0,19,81,23,1,26,106,29,1,37,144,44,1
3E5S,876,A,54,VAL,H,8,39,13,0,12,60,14,1,23,90,21,1,31,118,34,1,39,144,42,1
3E5S,877,A,55,GLU,N,9,35,8,0,11,44,11,0,19,66,22,1,21,90,28,1,34,121,36,1
3E5S,878,A,55,GLU,CA,7,31,9,0,12,43,10,0,15,57,19,0,24,83,26,1,28,111,32,1
3E5S,879,A,55,GLU,C,9,25,8,0,9,39,11,0,13,55,19,0,20,74,22,1,25,95,29,1
3E5S,880,A,55,GLU,O,8,22,8,0,9,36,10,0,11,51,17,0,20,66,20,0,23,84,28,1
3E5S,881,A,55,GLU,HN,9,36,10,0,10,48,13,1,15,67,16,1,27,94,27,1,33,134,38,1
3E5S,882,A,55,GLU,H,9,29,9,0,14,42,11,0,16,60,18,0,20,78,26,0,30,114,31,1
3E5S,883,A,55,GLU,C,10,32,10,0,12,43,14,0,17,61,21,0,23,84,23,0,31,109,33,1
3E5S,884,A,55,GLU,C,8,33,9,0,14,45,16,0,20,68,22,0,29,92,27,0,31,121,30,1
3E5S,885,A,55,GLU,C,8,32,9,0,16,49,16,0,22,72,21,0,28,93,29,0,30,114,33,0
3E5S,886,A,55,GLU,O,11,35,11,0,17,55,16,0,24,74,21,0,26,93,31,0,30,122,37,0
3E5S,887,A,55,GLU,O,7,30,8,0,14,47,12,0,20,70,20,0,25,88,28,0,30,119,33,0
3E5S,888,A,55,GLU,H,9,28,11,0,13,41,13,0,15,58,19,0,23,80,23,0,29,100,32,0
3E5S,889,A,55,GLU,H,9,31,11,0,14,48,14,0,16,64,19,0,25,81,24,1,30,111,34,1
3E5S,890,A,55,GLU,H,8,31,9,0,13,46,14,0,20,73,25,0,27,102,28,0,34,131,33,1
3E5S,891,A,55,GLU,H,6,30,8,0,13,43,14,0,18,61,20,0,23,92,27,0,34,121,31,0
3E5S,892,A,56,ASN,N,8,24,8,0,8,39,15,0,12,57,18,1,20,74,22,1,24,95,27,1
3E5S,893,A,56,ASN,CA,8,21,8,0,8,36,11,0,12,51,18,0,15,63,21,1,21,80,25,1
3E5S,894,A,56,ASN,C,7,22,7,0,11,38,11,0,13,46,15,0,13,59,20,1,18,74,25,1
3E5S,895,A,56,ASN,O,6,18,7,0,9,29,9,0,12,39,11,0,13,52,15,1,16,68,21,1
3E5S,896,A,56,ASN,HN,8,28,11,0,9,36,15,0,13,59,18,1,20,78,22,1,24,108,28,1
3E5S,897,A,56,ASN,H,7,20,8,0,8,32,13,0,11,45,15,0,16,59,22,0,19,71,24,1
3E5S,898,A,56,ASN,C,8,19,8,0,8,32,9,0,10,47,18,1,15,61,20,1,20,81,24,1
3E5S,899,A,56,ASN,C,8,22,8,0,10,30,11,0,11,43,16,0,15,63,22,1,20,86,27,1
3E5S,900,A,56,ASN,O,7,19,8,0,10,32,11,0,12,41,17,0,16,60,21,0,21,76,26,1
3E5S,901,A,56,ASN,N,8,22,8,0,10,33,11,0,13,46,16,1,17,70,22,1,21,87,27,1
3E5S,902,A,56,ASN,H,7,16,6,0,9,28,9,0,12,39,14,0,13,51,20,1,17,69,23,1
3E5S,903,A,56,ASN,H,7,21,8,0,8,29,12,1,13,48,15,1,17,68,19,1,21,91,24,1
3E5S,904,A,56,ASN,HN,6,19,7,0,9,37,12,1,14,51,15,1,14,69,23,1,21,89,25,1
3E5S,905,A,56,ASN,HN,8,24,9,0,10,31,11,0,13,52,20,0,18,66,23,1,22,86,26,1
3E5S,906,A,57,ALA,N,8,33,12,0,13,43,12,0,14,54,16,1,19,63,22,1,21,89,26,1
3E5S,907,A,57,ALA,CA,8,32,11,0,12,41,14,0,14,50,16,1,19,69,19,1,22,86,27,1
3E5S,908,A,57,ALA,C,7,28,8,0,9,35,12,0,14,47,16,0,17,64,18,0,21,78,23,1
3E5S,909,A,57,ALA,O,6,25,8,0,9,36,10,0,13,48,16,0,17,60,21,0,20,76,24,1
3E5S,910,A,57,ALA,HN,8,33,10,0,12,45,14,0,16,59,17,1,19,75,25,1,25,101,29,1
3E5S,911,A,57,ALA,H,9,29,12,0,12,37,13,0,13,49,15,1,18,62,17,1,22,82,23,1
3E5S,912,A,57,ALA,C,9,37,11,0,12,47,16,1,17,63,18,1,21,85,25,1,27,106,29,1
3E5S,913,A,57,ALA,H,10,35,12,0,13,46,15,0,16,68,19,1,22,82,24,1,25,97,28,1
3E5S,914,A,57,ALA,H,8,37,11,0,12,50,14,0,17,64,21,1,23,91,25,1,29,111,32,1
3E5S,915,A,57,ALA,H,9,37,13,1,14,52,16,1,17,66,20,1,21,89,25,1,28,113,31,1
3E5S,916,A,58,LYS,N,5,21,9,0,8,28,10,0,11,36,15,0,15,51,15,0,18,69,21,1
3E5S,917,A,58,LYS,CA,4,13,7,0,5,24,8,0,9,28,13,0,12,44,15,0,18,59,19,0
3E5S,918,A,58,LYS,C,4,18,7,0,6,24,9,0,12,37,13,0,14,47,16,0,16,64,21,0
3E5S,919,A,58,LYS,O,3,14,6,0,6,22,8,0,10,34,10,0,13,48,16,0,15,60,20,0
3E5S,920,A,58,LYS,HN,5,21,10,0,8,27,11,0,11,36,14,0,15,52,16,0,18,68,20,1
3E5S,921,A,58,LYS,H,3,12,7,0,5,21,7,0,7,32,12,0,14,42,16,0,16,53,17,0
3E5S,922,A,58,LYS,C,4,11,5,0,4,16,6,0,7,24,10,0,9,29,14,0,14,42,16,0
3E5S,923,A,58,LYS,C,2,9,4,0,4,12,6,0,5,19,9,0,8,26,11,0,12,33,14,0
3E5S,924,A,58,LYS,C,2,6,4,0,3,10,5,0,4,15,7,0,6,21,11,0,11,28,12,0
3E5S,925,A,58,LYS,C,1,5,4,0,2,8,4,0,4,12,6,0,5,16,10,0,8,23,12,0
3E5S,926,A,58,LYS,N,0,1,3,0,1,5,4,0,2,9,4,0,4,13,7,0,7,18,10,0
3E5S,927,A,58,LYS,H,2,9,5,0,4,13,5,0,5,18,7,0,7,26,12,0,11,39,15,0
3E5S,928,A,58,LYS,H,4,13,5,0,5,18,7,0,7,25,11,0,10,32,13,0,13,44,18,0
3E5S,929,A,58,LYS,H,3,10,5,0,4,14,8,0,7,23,11,0,10,31,12,0,13,41,14,0
3E5S,930,A,58,LYS,H,2,6,4,0,2,10,5,0,5,14,6,0,6,22,10,0,10,31,12,0
3E5S,931,A,58,LYS,H,1,4,4,0,2,9,4,0,3,14,6,0,6,17,8,0,7,23,11,0
3E5S,932,A,58,LYS,H,3,9,4,0,3,14,6,0,6,17,9,0,7,24,11,0,12,36,13,0
3E5S,933,A,58,LYS,H,1,7,4,0,3,9,6,0,5,13,6,0,6,18,12,0,10,29,12,0
3E5S,934,A,58,LYS,H,0,3,3,0,2,6,4,0,2,8,5,0,5,14,7,0,6,18,11,0
3E5S,935,A,58,LYS,HN,0,1,2,0,0,5,3,0,2,7,4,0,5,10,6,0,6,16,10,0
3E5S,936,A,58,LYS,HN,0,1,1,0,0,3,3,0,2,6,4,0,3,12,5,0,4,15,9,0
3E5S,937,A,58,LYS,HN,0,3,3,0,2,6,4,0,3,10,5,0,5,15,8,0,6,22,11,0
3E5S,938,A,59,LYS,N,6,21,10,0,7,30,12,0,13,44,15,0,16,57,18,0,18,76,24,0
3E5S,939,A,59,LYS,CA,7,25,7,0,10,35,13,0,12,46,16,0,18,62,20,0,19,86,24,0
3E5S,940,A,59,LYS,C,8,29,12,0,12,44,15,0,17,57,19,0,17,86,24,0,27,103,27,1
3E5S,941,A,59,LYS,O,8,29,15,0,12,44,16,0,16,66,20,0,21,92,23,1,25,110,30,1
3E5S,942,A,59,LYS,HN,7,23,10,0,9,30,13,0,13,43,16,0,16,64,19,0,20,77,24,1
3E5S,943,A,59,LYS,H,6,24,7,0,10,35,10,0,12,46,17,0,15,60,21,0,21,80,22,0
3E5S,944,A,59,LYS,C,5,22,10,0,8,30,11,0,12,41,15,0,15,54,19,0,20,75,23,0
3E5S,945,A,59,LYS,C,7,22,7,0,9,34,13,0,13,47,14,0,16,60,18,0,19,79,24,0
3E5S,946,A,59,LYS,C,4,13,5,0,7,26,10,0,10,40,13,0,14,53,17,0,17,66,19,0
3E5S,947,A,59,LYS,C,2,9,5,0,6,19,7,0,8,31,10,0,11,47,14,0,15,54,17,0
3E5S,948,A,59,LYS,N,2,6,3,0,4,13,6,0,7,21,8,0,10,37,12,0,13,52,16,0
3E5S,949,A,59,LYS,H,6,24,10,0,8,30,11,0,11,36,17,0,16,55,18,0,21,76,21,0
3E5S,950,A,59,LYS,H,5,18,6,0,5,24,11,0,9,37,12,0,14,46,15,0,17,59,21,0
3E5S,951,A,59,LYS,H,7,25,8,0,10,37,12,0,13,49,14,0,16,65,21,0,18,85,25,0
3E5S,952,A,59,LYS,H,7,25,12,0,11,39,13,0,14,55,17,0,17,71,21,0,22,89,25,0
3E5S,953,A,59,LYS,H,5,14,6,0,8,27,10,0,12,42,15,0,15,54,18,0,16,70,18,0
3E5S,954,A,59,LYS,H,4,12,5,0,5,19,8,0,10,35,12,0,13,49,15,0,17,59,18,0
3E5S,955,A,59,LYS,H,1,7,4,0,5,13,6,0,7,27,8,0,9,39,12,0,14,50,14,0
3E5S,956,A,59,LYS,H,4,13,5,0,6,20,8,0,10,33,9,0,12,49,14,0,14,58,18,0
3E5S,957,A,59,LYS,HN,1,6,2,0,3,11,4,0,4,16,8,0,8,28,9,0,10,42,13,0
3E5S,958,A,59,LYS,HN,2,11,4,0,5,15,7,0,8,25,9,0,11,41,12,0,14,56,15,0
3E5S,959,A,59,LYS,HN,0,4,2,0,2,9,4,0,6,17,7,0,8,30,11,0,13,44,14,0
3E5S,960,A,60,ILE,N,11,34,10,0,14,46,16,0,16,68,22,0,22,86,25,0,28,116,28,1
3E5S,961,A,60,ILE,CA,10,38,13,0,14,59,17,0,19,77,23,0,26,106,27,0,30,135,33,1
3E5S,962,A,60,ILE,C,10,38,9,0,14,55,16,0,16,79,19,0,26,105,25,0,31,135,31,0
3E5S,963,A,60,ILE,O,12,35,10,0,13,50,13,0,16,71,19,0,23,96,24,0,28,123,29,0
3E5S,964,A,60,ILE,HN,9,32,11,0,14,44,15,0,14,62,18,0,21,83,24,0,25,104,28,0
3E5S,965,A,60,ILE,H,11,41,13,0,15,60,18,0,21,85,22,0,26,108,26,1,32,133,32,1
3E5S,966,A,60,ILE,C,9,40,8,0,15,59,17,0,20,79,23,0,28,115,29,0,34,143,35,1
3E5S,967,A,60,ILE,C,12,39,11,0,15,59,14,0,18,80,23,0,26,109,32,1,34,138,36,1
3E5S,968,A,60,ILE,C,7,44,7,0,14,63,14,0,23,88,24,0,31,128,29,0,37,164,40,1
3E5S,969,A,60,ILE,C,10,38,10,0,15,65,20,0,19,84,21,1,29,114,29,1,36,141,41,1
3E5S,970,A,60,ILE,H,6,34,11,0,14,59,14,0,19,78,21,0,26,105,28,0,31,134,35,1
3E5S,971,A,60,ILE,H,10,35,9,0,18,58,15,0,20,84,23,0,25,111,29,0,33,135,37,2
3E5S,972,A,60,ILE,H,11,37,10,0,14,52,15,0,17,74,18,0,23,101,29,0,29,123,36,1
3E5S,973,A,60,ILE,H,10,43,8,0,15,65,15,0,23,93,21,0,30,123,33,0,42,168,37,3
3E5S,974,A,60,ILE,H,9,42,9,0,13,62,14,0,22,93,23,0,31,136,30,1,40,167,41,2
3E5S,975,A,60,ILE,H,7,42,8,0,15,68,14,0,18,92,22,0,30,123,28,0,40,165,37,2
3E5S,976,A,60,ILE,H,10,36,11,0,13,61,19,0,21,83,22,1,28,109,30,1,35,133,39,1
3E5S,977,A,60,ILE,H,10,41,13,0,16,63,16,1,20,87,22,1,22,107,28,1,35,135,38,1
3E5S,978,A,60,ILE,H,9,44,10,0,16,63,14,0,22,91,24,1,31,122,32,1,38,157,45,1
3E5S,979,A,61,GLU,N,13,42,9,0,15,64,13,0,20,85,19,0,28,121,25,0,33,141,32,1
3E5S,980,A,61,GLU,CA,9,49,9,0,16,62,10,0,20,83,19,0,26,114,26,0,32,145,30,1
3E5S,981,A,61,GLU,C,9,45,9,0,14,69,12,0,18,98,20,0,28,128,24,1,35,156,33,1
3E5S,982,A,61,GLU,O,9,48,9,0,17,69,13,0,22,103,18,1,25,131,27,1,37,172,37,2
3E5S,983,A,61,GLU,HN,10,43,10,0,15,69,12,0,24,91,19,0,28,123,27,1,32,146,33,2
3E5S,984,A,61,GLU,H,8,44,9,0,12,59,11,0,19,80,15,0,24,108,22,0,32,139,29,0
3E5S,985,A,61,GLU,C,12,44,9,0,14,62,13,0,19,73,19,0,23,95,24,0,28,129,30,1
3E5S,986,A,61,GLU,C,12,34,8,0,14,52,11,0,17,65,17,0,20,82,22,0,25,103,27,0
3E5S,987,A,61,GLU,C,11,32,6,0,15,44,9,0,15,62,16,0,20,74,19,0,23,93,24,0
3E5S,988,A,61,GLU,O,11,30,7,0,13,44,10,0,17,58,17,0,20,81,20,0,26,94,23,1
3E5S,989,A,61,GLU,O,8,22,6,0,11,36,6,0,15,50,12,0,17,66,18,0,21,80,23,0
3E5S,990,A,61,GLU,H,10,43,10,0,15,57,14,0,20,75,19,0,24,99,24,0,29,131,27,1
3E5S,991,A,61,GLU,H,13,44,9,0,16,66,15,0,20,77,19,0,24,95,22,1,28,129,31,1
3E5S,992,A,61,GLU,H,11,40,7,0,15,53,14,0,18,65,17,0,20,81,21,0,24,106,27,0
3E5S,993,A,61,GLU,H,8,34,8,0,15,42,8,0,15,60,14,0,18,81,21,0,25,100,26,0
3E5S,994,A,62,VAL,N,10,48,13,0,13,79,16,0,17,97,21,0,30,119,24,0,37,157,34,2
3E5S,995,A,62,VAL,CA,10,58,11,0,11,80,19,0,19,92,21,0,30,124,28,1,42,174,36,2
3E5S,996,A,62,VAL,C,9,54,13,0,15,74,19,0,18,97,20,0,28,122,24,2,35,153,33,2
3E5S,997,A,62,VAL,O,13,47,14,0,14,70,16,0,19,90,21,0,27,111,23,0,31,140,29,2
3E5S,998,A,62,VAL,HN,10,49,12,0,12,68,16,0,19,95,20,0,27,115,24,0,33,140,30,1
3E5S,999,A,62,VAL,H,9,55,8,0,12,80,16,0,17,100,24,0,33,139,31,2,44,178,41,2
3E5S,1000,A,62,VAL,C,9,55,9,0,14,73,15,1,23,98,24,1,30,123,30,1,39,162,36,1
3E5S,1001,A,62,VAL,C,6,49,10,1,16,68,14,1,23,97,23,1,30,129,32,1,38,163,36,1
3E5S,1002,A,62,VAL,C,10,50,8,0,15,74,15,1,21,104,23,1,33,129,33,1,41,168,37,1
3E5S,1003,A,62,VAL,H,6,51,10,0,15,71,13,1,20,97,20,1,28,119,28,1,37,145,34,1
3E5S,1004,A,62,VAL,H,6,43,8,1,15,71,15,1,24,94,21,1,31,118,31,1,38,156,38,1
3E5S,1005,A,62,VAL,H,7,52,7,1,13,70,14,1,24,101,24,1,34,139,34,1,42,174,38,2
3E5S,1006,A,62,VAL,H,9,47,11,0,18,69,14,1,22,97,18,1,27,128,27,1,36,152,39,1
3E5S,1007,A,62,VAL,H,10,50,10,1,14,73,16,1,24,96,23,1,32,127,31,1,40,159,36,2
3E5S,1008,A,62,VAL,H,10,49,9,0,16,75,13,1,20,100,24,1,30,131,29,1,41,163,38,2
3E5S,1009,A,62,VAL,H,9,52,9,1,16,72,18,1,26,103,25,1,33,135,33,1,39,181,40,1
3E5S,1010,A,63,GLU,N,10,50,10,0,14,76,14,0,22,104,19,1,28,131,26,1,38,158,31,2
3E5S,1011,A,63,GLU,CA,12,56,9,0,15,76,15,0,22,92,19,1,26,120,23,1,35,142,31,1
3E5S,1012,A,63,GLU,C,9,49,8,0,17,73,14,0,21,96,18,1,29,126,25,1,43,154,33,2
3E5S,1013,A,63,GLU,O,9,46,10,0,16,69,12,0,23,107,22,1,32,136,29,1,41,164,31,2
3E5S,1014,A,63,GLU,HN,10,51,9,0,13,79,12,0,22,105,20,1,31,138,28,1,37,164,37,2
3E5S,1015,A,63,GLU,H,10,51,10,0,18,65,14,0,21,90,18,0,26,109,21,1,29,133,27,1
3E5S,1016,A,63,GLU,C,11,50,8,0,17,73,12,1,20,89,19,1,28,108,23,1,35,143,28,1
3E5S,1017,A,63,GLU,C,12,45,6,0,15,65,11,0,19,85,16,1,26,98,20,1,33,128,29,1
3E5S,1018,A,63,GLU,C,10,41,5,0,15,57,9,1,21,72,14,1,24,99,21,1,34,120,31,1
3E5S,1019,A,63,GLU,O,11,44,6,1,13,59,10,1,19,79,17,1,29,108,26,1,35,141,30,1
3E5S,1020,A,63,GLU,O,8,36,5,0,12,46,8,1,19,66,12,1,21,81,17,1,28,109,25,1
3E5S,1021,A,63,GLU,H,11,54,7,1,14,72,13,1,21,91,17,1,31,116,26,1,38,157,35,1
3E5S,1022,A,63,GLU,H,10,47,10,0,15,69,13,1,21,80,18,1,28,107,24,1,34,135,27,1
3E5S,1023,A,63,GLU,H,12,35,6,0,14,57,12,0,18,75,15,1,24,92,18,1,28,111,23,1
3E5S,1024,A,63,GLU,H,10,48,8,0,16,59,12,0,23,86,15,1,27,106,22,1,34,128,31,1
3E5S,1025,A,64,PHE,N,14,45,10,0,16,65,17,0,20,88,21,0,29,111,26,0,38,140,31,2
3E5S,1026,A,64,PHE,CA,10,37,13,0,18,62,17,0,23,89,23,0,28,111,26,1,37,139,31,2
3E5S,1027,A,64,PHE,C,11,41,12,0,17,61,19,0,26,81,21,0,30,103,25,0,33,131,32,1
3E5S,1028,A,64,PHE,O,12,36,10,0,16,59,16,0,21,77,19,0,28,95,23,0,31,117,28,1
3E5S,1029,A,64,PHE,HN,13,46,11,0,15,61,15,0,21,78,20,0,25,108,24,1,33,133,31,2
3E5S,1030,A,64,PHE,H,10,41,14,0,17,57,17,0,23,92,23,0,32,119,29,1,39,150,33,2
3E5S,1031,A,64,PHE,C,10,31,9,0,17,56,17,0,20,79,21,0,25,104,25,1,32,120,28,1
3E5S,1032,A,64,PHE,C,10,31,10,0,14,48,13,1,22,80,19,1,23,105,25,1,31,126,30,1
3E5S,1033,A,64,PHE,C,10,31,7,1,14,52,15,1,19,78,18,1,27,107,25,1,33,137,34,1
3E5S,1034,A,64,PHE,C,8,31,8,0,15,48,11,1,18,70,17,1,25,99,23,1,31,124,29,1
3E5S,1035,A,64,PHE,C,10,37,6,1,11,51,13,1,18,73,18,1,29,107,26,1,35,137,37,1
3E5S,1036,A,64,PHE,C,8,32,6,1,14,49,10,1,20,68,18,1,25,94,21,1,34,127,31,1
3E5S,1037,A,64,PHE,C,7,37,7,1,13,49,9,1,18,68,18,1,28,97,26,1,39,132,34,1
3E5S,1038,A,64,PHE,H,12,30,10,0,15,46,13,0,17,75,20,0,25,95,26,1,31,117,29,1
3E5S,1039,A,64,PHE,H,9,29,8,0,15,52,16,0,22,69,20,0,23,91,23,1,28,114,26,1
3E5S,1040,A,64,PHE,H,11,31,9,0,15,56,14,1,19,79,20,1,26,106,25,1,33,129,37,1
3E5S,1041,A,64,PHE,H,9,32,8,0,14,45,11,0,18,69,18,1,22,92,24,1,29,116,25,1
3E5S,1042,A,64,PHE,H,8,40,6,1,14,54,12,1,18,78,19,1,28,106,26,1,34,135,38,1
3E5S,1043,A,64,PHE,H,8,34,6,1,14,51,12,1,20,65,15,1,24,88,21,1,31,119,30,1
3E5S,1044,A,64,PHE,H,6,38,5,1,13,53,9,1,19,70,19,1,29,95,30,1,36,124,31,1
3E5S,1045,A,65,ASP,N,10,53,11,0,19,67,16,0,26,84,17,0,32,110,26,0,34,137,33,1
3E5S,1046,A,65,ASP,CA,13,47,10,0,20,64,12,0,24,83,20,0,30,99,23,0,35,122,29,1
3E5S,1047,A,65,ASP,C,11,36,8,0,17,52,9,0,22,69,15,0,26,87,23,0,32,107,25,0
3E5S,1048,A,65,ASP,O,10,31,8,0,13,51,10,0,22,65,13,0,24,83,21,0,28,104,26,0
3E5S,1049,A,65,ASP,HN,12,53,12,0,17,64,15,0,25,87,18,0,32,113,28,0,40,147,35,1
3E5S,1050,A,65,ASP,H,13,40,10,0,19,62,13,0,23,77,19,0,29,92,22,0,34,113,27,1
3E5S,1051,A,65,ASP,C,12,43,10,0,16,67,15,0,25,85,21,0,31,104,26,0,35,135,31,1
3E5S,1052,A,65,ASP,C,10,44,10,0,17,57,15,0,24,77,19,0,27,94,23,1,35,121,30,1
3E5S,1053,A,65,ASP,O,9,36,9,0,14,49,13,0,19,65,16,0,26,86,21,0,32,107,24,1
3E5S,1054,A,65,ASP,O,12,45,10,0,16,62,15,0,22,78,20,0,28,101,24,1,35,122,33,1
3E5S,1055,A,65,ASP,H,11,44,10,0,15,69,15,0,23,86,19,0,31,101,26,0,36,123,32,1
3E5S,1056,A,65,ASP,H,11,53,10,0,19,69,17,0,26,88,22,0,32,113,29,1,37,140,33,1
3E5S,1057,A,66,LYS,N,10,24,8,0,13,39,12,0,16,59,18,0,24,78,21,0,30,95,25,0
3E5S,1058,A,66,LYS,CA,7,18,7,0,12,29,8,0,15,43,14,0,17,60,18,0,24,84,21,0
3E5S,1059,A,66,LYS,C,9,17,8,0,10,28,9,0,13,37,13,0,17,56,15,0,25,74,19,0
3E5S,1060,A,66,LYS,O,8,14,6,0,9,23,9,0,11,31,9,0,15,39,14,0,19,65,17,0
3E5S,1061,A,66,LYS,HN,8,27,9,0,13,40,13,0,18,59,18,0,24,82,20,0,29,98,23,0
3E5S,1062,A,66,LYS,H,5,18,7,0,11,27,8,0,16,40,10,0,16,58,18,0,23,74,22,0
3E5S,1063,A,66,LYS,C,4,15,7,0,10,22,8,0,11,36,12,0,17,49,15,0,21,67,20,0
3E5S,1064,A,66,LYS,C,5,17,6,0,7,25,8,0,14,34,13,0,18,49,19,0,22,70,20,0
3E5S,1065,A,66,LYS,C,3,14,5,0,7,19,7,0,8,28,10,0,15,36,15,0,19,52,19,0
3E5S,1066,A,66,LYS,C,2,11,3,0,5,17,7,0,11,25,11,0,12,40,14,0,19,51,18,0
3E5S,1067,A,66,LYS,N,4,14,6,0,7,23,8,0,13,33,12,0,13,39,14,0,16,53,20,0
3E5S,1068,A,66,LYS,H,2,9,5,0,6,15,8,0,11,28,10,0,14,39,13,0,19,53,19,0
3E5S,1069,A,66,LYS,H,7,17,7,0,8,23,11,0,13,37,13,0,16,48,15,0,22,69,19,0
3E5S,1070,A,66,LYS,H,6,22,7,0,8,31,11,0,17,42,16,0,19,62,20,0,25,80,20,0
3E5S,1071,A,66,LYS,H,3,14,6,0,7,21,8,0,13,35,12,0,18,54,17,0,22,64,20,0
3E5S,1072,A,66,LYS,H,2,8,3,0,4,15,5,0,7,22,8,0,12,29,12,0,18,40,15,0
3E5S,1073,A,66,LYS,H,5,14,5,0,7,21,8,0,9,28,13,0,11,34,13,0,19,48,17,0
3E5S,1074,A,66,LYS,H,2,13,5,0,5,16,8,0,10,30,12,0,14,45,16,0,20,54,16,0
3E5S,1075,A,66,LYS,H,1,8,1,0,2,12,5,0,6,18,9,0,12,26,11,0,14,41,14,0
3E5S,1076,A,66,LYS,HN,3,11,5,0,6,21,6,0,12,33,11,0,13,37,13,0,15,53,17,0
3E5S,1077,A,66,LYS,HN,4,12,6,0,8,21,6,0,12,29,10,0,13,41,14,0,16,54,18,0
3E5S,1078,A,66,LYS,HN,4,20,6,0,10,31,11,0,13,38,13,0,15,49,17,0,20,65,20,0
3E5S,1079,A,67,GLY,N,9,24,9,0,12,31,12,0,16,52,14,0,20,67,18,0,24,85,18,0
3E5S,1080,A,67,GLY,CA,7,22,8,0,11,33,12,0,15,47,16,0,20,63,16,0,22,81,18,0
3E5S,1081,A,67,GLY,C,9,22,8,0,11,38,14,0,16,48,15,0,20,65,17,0,22,82,20,0
3E5S,1082,A,67,GLY,O,9,27,7,0,11,37,13,0,16,48,14,0,17,62,16,0,23,77,20,0
3E5S,1083,A,67,GLY,HN,8,25,12,0,12,43,13,0,18,59,16,0,23,75,18,0,27,97,24,0
3E5S,1084,A,67,GLY,H,6,18,7,0,9,26,9,0,13,36,13,0,17,52,16,0,22,67,16,0
3E5S,1085,A,67,GLY,H,10,24,10,0,10,34,12,0,14,49,16,0,19,69,17,0,22,87,20,0
3E5S,1086,A,68,GLN,N,6,20,8,0,10,34,11,0,14,48,14,0,18,60,16,0,21,82,21,0
3E5S,1087,A,68,GLN,CA,5,17,8,0,10,30,9,0,14,48,12,0,18,61,18,0,21,72,21,0
3E5S,1088,A,68,GLN,C,9,27,7,0,11,41,9,0,16,54,16,0,19,67,22,0,26,86,23,1
3E5S,1089,A,68,GLN,O,11,32,8,0,11,47,11,0,18,62,21,0,24,75,23,0,29,107,25,1
3E5S,1090,A,68,GLN,HN,7,19,8,0,9,34,12,0,14,47,13,0,17,64,18,0,21,81,22,0
3E5S,1091,A,68,GLN,H,5,13,6,0,7,22,8,0,12,38,10,0,15,53,14,0,19,64,18,0
3E5S,1092,A,68,GLN,C,5,15,4,0,8,25,10,0,11,42,12,0,16,60,16,0,22,73,22,0
3E5S,1093,A,68,GLN,C,6,20,5,0,8,32,9,0,13,49,15,0,19,63,19,0,24,86,22,0
3E5S,1094,A,68,GLN,C,5,21,4,0,6,32,9,0,11,42,11,0,17,57,18,0,24,84,20,0
3E5S,1095,A,68,GLN,O,5,24,4,0,7,33,8,0,14,43,14,0,19,70,17,0,28,93,23,0
3E5S,1096,A,68,GLN,N,5,10,2,0,5,27,5,0,7,34,9,0,13,46,14,0,17,67,19,0
3E5S,1097,A,68,GLN,H,5,9,4,0,6,20,7,0,10,35,11,0,14,50,14,0,19,65,19,0
3E5S,1098,A,68,GLN,H,4,16,5,0,7,22,8,0,9,37,12,0,17,54,15,0,21,72,18,0
3E5S,1099,A,68,GLN,H,7,25,7,0,9,35,11,0,15,54,17,0,20,73,20,0,30,98,27,0
3E5S,1100,A,68,GLN,H,6,23,7,0,11,39,12,0,15,51,16,0,16,68,21,0,22,92,24,0
3E5S,1101,A,68,GLN,HN,5,7,2,0,5,19,5,0,7,33,7,0,12,42,14,0,15,59,17,0
3E5S,1102,A,68,GLN,HN,4,8,2,0,5,25,3,0,6,32,10,0,13,41,11,0,17,63,16,0
3E5S,1103,A,69,ARG,N,8,25,8,0,11,41,11,0,14,48,13,0,15,59,21,1,21,85,25,1
3E5S,1104,A,69,ARG,CA,9,30,9,0,12,45,12,0,13,55,16,1,18,73,22,1,22,101,26,1
3E5S,1105,A,69,ARG,C,7,29,8,0,10,43,11,1,15,61,17,1,20,78,19,1,26,103,28,1
3E5S,1106,A,69,ARG,O,8,33,7,1,11,55,14,1,16,69,17,1,24,90,21,1,26,109,31,1
3E5S,1107,A,69,ARG,HN,7,21,8,0,9,30,10,0,11,41,13,0,15,52,14,1,17,71,22,1
3E5S,1108,A,69,ARG,H,10,39,9,0,12,47,12,0,14,57,19,1,19,87,24,1,26,114,31,1
3E5S,1109,A,69,ARG,C,6,26,5,0,11,38,10,1,12,53,13,1,15,71,21,1,22,97,27,1
3E5S,1110,A,69,ARG,C,8,23,7,0,9,34,9,0,12,52,15,1,16,69,19,1,20,95,24,1
3E5S,1111,A,69,ARG,C,4,15,7,0,8,30,10,0,12,52,12,1,16,72,17,1,19,94,22,1
3E5S,1112,A,69,ARG,N,5,15,7,0,7,26,10,0,13,44,12,0,15,72,16,1,21,91,23,1
3E5S,1113,A,69,ARG,C,3,15,6,0,7,27,9,0,11,45,12,0,16,66,14,1,19,84,21,1
3E5S,1114,A,69,ARG,N,3,17,4,0,5,27,7,0,10,43,12,0,15,66,12,1,21,86,19,1
3E5S,1115,A,69,ARG,N,5,17,6,0,8,24,7,0,10,42,12,0,14,58,15,0,18,76,19,0
3E5S,1116,A,69,ARG,H,7,30,7,1,9,42,10,1,13,62,14,1,18,80,22,1,24,105,28,1
3E5S,1117,A,69,ARG,H,3,21,5,0,9,32,8,1,12,46,12,1,13,66,17,1,20,81,23,1
3E5S,1118,A,69,ARG,H,6,21,7,0,8,30,8,0,11,42,13,0,14,59,16,1,17,83,22,1
3E5S,1119,A,69,ARG,H,9,28,8,0,9,41,10,0,14,57,16,0,16,82,23,1,21,108,26,1
3E5S,1120,A,69,ARG,H,4,20,6,0,9,38,9,1,13,59,14,1,17,77,18,1,21,106,25,1
3E5S,1121,A,69,ARG,H,1,13,4,0,5,23,7,0,10,44,11,1,15,57,14,1,17,79,18,1
3E5S,1122,A,69,ARG,HN,6,18,6,0,7,27,9,0,12,45,13,0,16,72,16,0,22,88,24,1
3E5S,1123,A,69,ARG,HN,3,20,4,0,5,30,9,0,11,50,12,1,17,71,14,1,21,93,22,1
3E5S,1124,A,69,ARG,HN,4,19,3,0,5,25,5,0,8,36,11,0,12,58,13,1,18,78,17,1
3E5S,1125,A,69,ARG,HN,5,16,5,0,7,27,6,0,10,40,12,0,15,55,17,0,19,73,19,0
3E5S,1126,A,69,ARG,HN,3,13,5,0,7,25,7,0,11,40,10,0,13,54,14,0,15,65,18,0
3E5S,1127,A,70,THR,N,9,27,9,0,12,36,12,0,17,55,15,1,22,77,19,1,28,97,23,1
3E5S,1128,A,70,THR,CA,8,29,10,0,12,36,12,1,15,58,16,1,20,75,17,1,26,99,22,1
3E5S,1129,A,70,THR,C,10,29,10,0,12,36,13,0,15,48,16,0,17,72,16,1,25,98,20,1
3E5S,1130,A,70,THR,O,11,26,7,0,11,33,12,0,13,44,14,0,17,60,16,0,21,85,19,1
3E5S,1131,A,70,THR,HN,8,26,8,0,12,34,11,0,15,49,14,1,19,66,17,1,24,94,24,1
3E5S,1132,A,70,THR,H,8,29,11,0,14,49,13,1,18,67,15,1,22,85,20,1,28,102,23,1
3E5S,1133,A,70,THR,C,7,27,8,0,10,37,13,1,13,44,14,1,17,67,15,1,19,83,19,1
3E5S,1134,A,70,THR,OH,6,24,7,1,7,34,10,1,13,51,14,1,18,66,15,1,23,83,19,1
3E5S,1135,A,70,THR,C,8,21,10,0,8,33,12,1,13,50,13,1,17,65,15,1,20,80,18,1
3E5S,1136,A,70,THR,H,8,23,7,0,10,32,10,0,11,41,14,1,14,47,14,1,20,73,17,1
3E5S,1137,A,70,THR,HO,6,16,4,1,7,28,8,1,11,44,13,1,16,59,14,1,20,76,18,1
3E5S,1138,A,70,THR,H,7,17,7,0,8,24,10,1,11,39,12,1,13,58,13,1,19,72,17,1
3E5S,1139,A,70,THR,H,8,26,9,1,12,37,13,1,14,61,15,1,18,71,17,1,22,86,19,1
3E5S,1140,A,70,THR,H,8,23,10,0,10,35,12,1,13,45,13,1,18,66,14,1,18,77,18,1
3E5S,1141,A,71,ASP,N,10,31,9,0,14,40,12,0,16,56,12,0,19,75,15,1,24,97,18,1
3E5S,1142,A,71,ASP,CA,11,32,8,0,12,41,9,0,16,52,12,0,18,65,14,0,22,87,17,1
3E5S,1143,A,71,ASP,C,8,29,6,0,11,39,9,0,13,43,10,0,16,50,12,0,19,66,13,0
3E5S,1144,A,71,ASP,O,7,27,7,0,11,36,7,0,11,43,10,0,16,47,11,0,19,63,13,1
3E5S,1145,A,71,ASP,HN,12,36,10,0,13,44,12,0,17,60,13,1,20,81,15,1,24,97,19,1
3E5S,1146,A,71,ASP,H,8,30,6,0,13,40,8,0,14,55,11,0,18,62,15,0,24,84,17,0
3E5S,1147,A,71,ASP,C,11,37,7,0,14,48,10,0,17,55,12,0,23,72,15,0,25,95,19,0
3E5S,1148,A,71,ASP,C,11,39,7,0,13,43,10,0,18,56,14,0,23,72,15,0,25,93,17,1
3E5S,1149,A,71,ASP,O,11,34,8,0,11,45,10,0,16,51,12,0,20,63,15,1,25,85,17,1
3E5S,1150,A,71,ASP,O,11,38,8,0,15,44,10,0,18,60,13,0,24,77,16,0,26,98,22,0
3E5S,1151,A,71,ASP,H,12,37,7,0,16,50,11,0,22,66,14,0,24,87,18,0,28,104,23,1
3E5S,1152,A,71,ASP,H,9,35,4,0,13,44,8,0,16,59,10,0,21,70,14,0,25,83,17,0
3E5S,1153,A,72,LYS,N,8,26,7,0,8,31,8,0,12,39,10,0,13,46,12,0,16,55,14,0
3E5S,1154,A,72,LYS,CA,5,20,7,0,8,25,8,0,8,31,8,0,10,37,9,0,12,45,12,0
3E5S,1155,A,72,LYS,C,4,19,6,0,6,25,8,0,10,29,8,0,10,34,10,0,13,41,12,0
3E5S,1156,A,72,LYS,O,4,16,4,0,5,21,7,0,6,25,8,0,10,28,8,0,10,35,10,0
3E5S,1157,A,72,LYS,HN,6,23,6,0,8,31,7,0,11,42,10,0,14,50,11,0,16,60,15,0
3E5S,1158,A,72,LYS,H,5,18,6,0,6,21,7,0,8,29,8,0,10,34,10,0,12,43,11,0
3E5S,1159,A,72,LYS,C,3,14,5,0,6,17,6,0,7,26,7,0,9,33,8,0,10,43,10,0
3E5S,1160,A,72,LYS,C,4,13,3,0,7,17,6,0,8,28,7,0,9,38,8,0,11,45,8,0
3E5S,1161,A,72,LYS,C,1,12,3,0,4,13,4,0,6,18,6,0,8,29,7,0,8,43,7,0
3E5S,1162,A,72,LYS,C,2,11,1,0,2,13,3,0,6,18,5,0,8,28,6,0,9,42,7,0
3E5S,1163,A,72,LYS,N,0,6,0,0,1,9,1,0,2,16,2,0,5,20,4,0,7,30,6,0
3E5S,1164,A,72,LYS,H,4,15,5,0,4,15,5,0,7,24,7,0,8,35,7,0,11,41,10,0
3E5S,1165,A,72,LYS,H,2,13,2,0,4,15,6,0,7,19,6,0,7,28,8,0,9,33,8,0
3E5S,1166,A,72,LYS,H,4,13,4,0,6,18,5,0,8,23,7,0,8,33,8,0,11,40,8,0
3E5S,1167,A,72,LYS,H,5,15,5,0,8,22,7,0,8,36,7,0,11,45,8,0,14,57,11,0
3E5S,1168,A,72,LYS,H,1,11,2,0,4,14,4,0,5,20,5,0,8,29,6,0,9,44,7,0
3E5S,1169,A,72,LYS,H,1,9,0,0,1,13,3,0,5,13,5,0,6,20,6,0,8,34,7,0
3E5S,1170,A,72,LYS,H,2,11,1,0,3,14,3,0,6,15,4,0,7,23,5,0,9,37,7,0
3E5S,1171,A,72,LYS,H,2,12,2,0,4,17,3,0,6,23,5,0,9,39,7,0,11,47,7,0
3E5S,1172,A,72,LYS,HN,0,6,0,0,2,8,0,0,2,16,1,0,4,22,3,0,8,28,5,0
3E5S,1173,A,72,LYS,HN,0,4,0,0,1,7,0,0,2,17,1,0,4,23,4,0,7,30,6,0
3E5S,1174,A,72,LYS,HN,0,6,0,0,1,7,0,0,2,11,1,0,2,19,3,0,7,21,5,0
3E5S,1175,A,73,TYR,N,6,20,7,0,9,22,8,0,11,28,9,0,13,38,11,0,17,48,13,0
3E5S,1176,A,73,TYR,CA,6,19,6,0,9,22,7,0,9,28,8,0,12,37,10,0,16,45,12,0
3E5S,1177,A,73,TYR,C,6,19,6,0,8,22,8,0,10,31,9,0,14,40,11,0,16,49,14,1
3E5S,1178,A,73,TYR,O,5,15,6,0,8,22,7,0,9,28,8,0,13,39,9,0,16,50,14,1
3E5S,1179,A,73,TYR,HN,7,22,7,0,10,27,8,0,13,33,11,0,14,45,12,0,17,55,14,0
3E5S,1180,A,73,TYR,H,5,16,5,0,7,20,6,0,9,22,7,0,9,27,9,0,14,37,10,0
3E5S,1181,A,73,TYR,C,7,18,6,0,9,21,6,0,10,31,8,0,15,39,11,0,16,46,13,0
3E5S,1182,A,73,TYR,C,7,17,4,0,8,18,6,0,8,25,6,0,11,32,10,0,16,45,12,0
3E5S,1183,A,73,TYR,C,6,13,4,0,7,16,4,0,8,17,6,0,8,24,6,0,11,32,9,0
3E5S,1184,A,73,TYR,C,7,14,4,0,9,21,5,0,9,27,7,0,13,39,10,0,18,56,13,0
3E5S,1185,A,73,TYR,C,4,8,3,0,6,12,4,0,7,16,4,0,8,17,5,0,9,26,7,0
3E5S,1186,A,73,TYR,C,5,12,3,0,7,15,4,0,9,23,5,0,10,36,8,0,14,47,10,0
3E5S,1187,A,73,TYR,C,5,8,3,0,6,12,3,0,7,15,4,0,9,23,4,0,10,33,8,0
3E5S,1188,A,73,TYR,OH,2,6,0,0,5,8,3,0,6,12,3,0,7,17,4,0,10,30,4,0
3E5S,1189,A,73,TYR,H,6,16,5,0,7,21,7,0,9,28,7,0,13,38,10,0,15,45,13,0
3E5S,1190,A,73,TYR,H,8,20,6,0,9,30,9,0,13,39,11,0,15,45,13,0,20,56,15,0
3E5S,1191,A,73,TYR,H,4,11,3,0,7,15,4,0,8,17,5,0,8,20,6,0,9,29,8,0
3E5S,1192,A,73,TYR,H,8,20,5,0,9,26,6,0,12,33,10,0,17,52,13,0,20,63,16,0
3E5S,1193,A,73,TYR,H,1,6,1,0,5,8,3,0,6,12,4,0,7,16,4,0,8,17,5,0
3E5S,1194,A,73,TYR,H,5,10,3,0,7,20,4,0,10,29,4,0,11,37,6,0,14,52,17,0
3E5S,1195,A,73,TYR,HO,2,5,0,0,5,8,2,0,5,14,3,0,8,21,4,0,10,31,5,0
3E5S,1196,A,74,GLY,N,6,23,7,0,8,30,8,0,11,41,11,0,15,53,11,1,16,64,16,1
3E5S,1197,A,74,GLY,CA,6,21,8,0,8,29,10,0,12,44,10,1,14,52,13,1,17,70,17,1
3E5S,1198,A,74,GLY,C,7,26,9,0,12,39,10,1,14,51,13,1,16,65,17,1,20,82,18,1
3E5S,1199,A,74,GLY,O,7,26,7,1,12,32,12,1,15,49,13,1,15,69,16,1,21,87,19,1
3E5S,1200,A,74,GLY,HN,7,23,7,0,8,34,10,0,11,40,11,0,16,52,11,1,16,64,15,1
3E5S,1201,A,74,GLY,H,6,18,8,0,7,27,9,0,9,40,10,1,15,52,12,1,16,70,17,1
3E5S,1202,A,74,GLY,H,5,18,6,0,7,26,8,0,9,37,10,1,14,46,12,1,15,62,14,1
3E5S,1203,A,75,ARG,N,10,29,10,0,10,44,11,1,10,57,14,1,15,68,18,1,20,85,20,1
3E5S,1204,A,75,ARG,CA,10,35,11,1,10,51,14,1,15,59,15,1,20,81,20,1,23,107,23,1
3E5S,1205,A,75,ARG,C,10,40,12,1,13,51,13,1,14,61,17,1,20,88,21,1,26,116,23,1
3E5S,1206,A,75,ARG,O,10,36,11,1,12,52,15,1,15,69,16,1,20,80,20,1,24,108,23,1
3E5S,1207,A,75,ARG,HN,8,29,10,0,10,41,11,0,10,55,13,1,15,66,17,1,21,81,20,1
3E5S,1208,A,75,ARG,H,8,32,10,1,11,47,14,1,17,62,16,1,19,84,18,1,23,108,25,1
3E5S,1209,A,75,ARG,C,9,36,9,0,12,49,15,1,16,64,17,1,20,82,22,1,25,107,25,1
3E5S,1210,A,75,ARG,C,7,31,8,0,11,45,13,0,14,57,16,0,20,78,19,1,23,91,23,1
3E5S,1211,A,75,ARG,C,6,27,9,0,13,40,12,0,15,58,17,0,19,77,20,0,26,96,26,1
3E5S,1212,A,75,ARG,N,8,31,9,0,13,42,11,0,15,56,16,0,20,77,23,0,21,97,28,0
3E5S,1213,A,75,ARG,C,5,25,6,0,12,38,10,0,15,59,17,0,18,73,24,0,27,99,30,0
3E5S,1214,A,75,ARG,N,5,22,6,0,9,32,13,0,14,52,19,0,20,77,23,0,26,100,28,0
3E5S,1215,A,75,ARG,N,6,21,2,0,9,42,9,0,14,57,19,0,17,77,24,0,26,98,31,0
3E5S,1216,A,75,ARG,H,9,37,11,0,15,54,13,1,19,70,18,1,21,98,24,1,25,117,29,1
3E5S,1217,A,75,ARG,H,9,38,11,0,13,47,13,0,16,63,18,1,20,85,20,1,25,107,24,1
3E5S,1218,A,75,ARG,H,8,30,9,0,9,40,9,0,12,52,15,0,15,62,17,1,21,83,22,1
3E5S,1219,A,75,ARG,H,6,25,7,0,9,41,11,0,16,61,15,1,19,80,19,1,24,92,24,1
3E5S,1220,A,75,ARG,H,6,26,6,0,9,34,10,0,15,50,15,0,17,71,18,0,24,88,22,1
3E5S,1221,A,75,ARG,H,8,29,10,0,13,46,13,0,17,65,16,0,21,86,21,0,26,106,32,1
3E5S,1222,A,75,ARG,HN,7,36,9,0,12,46,12,0,16,53,15,0,19,76,19,0,22,97,27,1
3E5S,1223,A,75,ARG,HN,5,22,6,0,10,35,12,0,14,49,19,0,19,76,23,0,25,98,28,0
3E5S,1224,A,75,ARG,HN,5,19,6,0,7,31,13,0,10,50,18,0,20,75,22,0,25,97,26,0
3E5S,1225,A,75,ARG,HN,8,28,4,0,11,45,11,0,14,61,15,0,18,76,22,0,26,94,31,0
3E5S,1226,A,75,ARG,HN,4,24,2,0,9,38,8,0,12,53,17,0,19,72,25,0,23,97,29,0
3E5S,1227,A,76,GLY,N,10,47,12,1,14,55,14,1,18,76,17,1,24,107,22,1,33,132,28,1
3E5S,1228,A,76,GLY,CA,8,46,11,1,12,61,15,1,18,84,17,1,28,113,23,1,36,137,32,1
3E5S,1229,A,76,GLY,C,10,45,12,1,14,69,16,1,22,93,20,1,33,122,25,1,38,147,32,1
3E5S,1230,A,76,GLY,O,11,50,12,1,17,70,16,1,22,93,21,1,33,125,25,1,39,150,35,1
3E5S,1231,A,76,GLY,HN,11,40,11,1,13,56,15,1,20,83,18,1,25,108,23,1,31,135,28,1
3E5S,1232,A,76,GLY,H,8,44,10,1,11,60,13,1,17,80,17,1,26,102,23,1,33,127,30,1
3E5S,1233,A,76,GLY,H,8,47,8,1,11,66,14,1,17,85,18,1,31,120,25,1,37,143,34,1
3E5S,1234,A,77,LEU,N,11,42,11,1,15,62,16,1,22,87,22,1,32,117,27,1,40,140,32,1
3E5S,1235,A,77,LEU,CA,11,44,11,0,16,69,16,0,24,91,25,1,34,119,30,1,42,158,38,1
3E5S,1236,A,77,LEU,C,11,48,10,0,17,72,17,0,23,95,25,1,31,125,33,1,40,157,41,2
3E5S,1237,A,77,LEU,O,11,44,12,0,17,71,15,0,22,94,23,1,28,113,31,1,37,148,41,1
3E5S,1238,A,77,LEU,HN,8,46,9,1,16,60,17,1,23,83,21,1,29,107,23,1,38,133,33,1
3E5S,1239,A,77,LEU,H,10,38,10,0,18,64,18,0,24,96,23,1,33,128,30,1,41,164,40,1
3E5S,1240,A,77,LEU,C,12,38,12,0,15,59,17,0,26,87,25,0,35,111,30,1,40,153,36,1
3E5S,1241,A,77,LEU,C,13,34,11,0,15,55,15,0,24,78,20,0,30,111,28,1,39,141,37,1
3E5S,1242,A,77,LEU,C,9,30,11,0,14,46,14,0,24,72,18,0,33,103,27,0,37,131,36,1
3E5S,1243,A,77,LEU,C,13,36,12,0,20,52,16,0,24,80,22,0,30,121,26,0,38,154,34,1
3E5S,1244,A,77,LEU,H,13,37,11,0,16,67,19,0,27,90,28,0,35,118,32,0,43,150,37,1
3E5S,1245,A,77,LEU,H,9,40,11,0,17,58,17,0,22,79,22,0,33,102,30,1,38,139,32,1
3E5S,1246,A,77,LEU,H,11,35,10,0,18,53,15,0,23,74,18,1,28,97,25,1,32,135,34,1
3E5S,1247,A,77,LEU,H,10,29,10,0,15,46,12,0,22,73,16,0,27,90,24,0,37,115,32,0
3E5S,1248,A,77,LEU,H,8,30,12,0,16,50,17,0,26,74,22,0,34,111,30,0,37,135,36,0
3E5S,1249,A,77,LEU,H,8,28,12,0,13,43,13,0,23,69,20,0,31,97,27,0,36,124,34,1
3E5S,1250,A,77,LEU,H,15,32,11,0,21,55,16,0,23,79,21,0,29,107,25,0,35,137,31,1
3E5S,1251,A,77,LEU,H,15,37,13,0,20,52,15,0,24,83,21,0,31,120,27,1,39,159,36,1
3E5S,1252,A,77,LEU,H,13,35,12,0,19,55,20,0,26,84,22,0,32,133,29,0,41,161,39,1
3E5S,1253,A,78,ALA,N,12,55,10,0,16,76,15,0,20,98,25,1,31,133,32,2,41,175,38,2
3E5S,1254,A,78,ALA,CA,10,57,9,0,14,76,18,0,20,94,24,1,31,131,28,2,45,191,40,2
3E5S,1255,A,78,ALA,C,10,53,10,0,14,76,16,1,21,99,23,1,31,140,28,1,45,189,40,2
3E5S,1256,A,78,ALA,O,10,48,9,0,14,74,13,1,22,108,19,1,26,146,31,1,42,183,43,2
3E5S,1257,A,78,ALA,HN,10,51,11,0,16,75,14,0,22,97,25,1,34,137,33,2,43,177,43,2
3E5S,1258,A,78,ALA,H,9,56,13,0,16,73,18,0,24,98,24,1,34,131,28,2,42,177,38,2
3E5S,1259,A,78,ALA,C,9,49,9,0,14,74,15,0,20,101,24,1,28,132,32,2,42,188,38,2
3E5S,1260,A,78,ALA,H,9,48,9,0,13,75,16,0,21,111,23,2,32,143,32,2,42,183,39,2
3E5S,1261,A,78,ALA,H,13,52,8,0,14,73,14,1,19,101,24,1,28,144,30,2,44,189,43,2
3E5S,1262,A,78,ALA,H,8,48,8,0,16,75,12,1,22,102,24,1,27,130,31,1,41,172,43,2
3E5S,1263,A,79,TYR,N,10,48,11,1,14,68,15,1,20,105,21,1,33,137,29,1,44,175,43,1
3E5S,1264,A,79,TYR,CA,11,45,11,1,15,72,14,1,22,103,22,1,31,133,30,1,38,176,41,1
3E5S,1265,A,79,TYR,C,10,51,8,1,16,73,14,1,22,101,21,1,27,137,27,1,39,175,40,2
3E5S,1266,A,79,TYR,O,8,42,10,1,16,77,14,1,20,108,20,1,28,136,30,1,40,175,40,2
3E5S,1267,A,79,TYR,HN,10,44,12,1,12,68,17,1,23,101,22,1,33,140,27,1,46,175,41,1
3E5S,1268,A,79,TYR,H,12,47,10,1,15,72,15,1,22,99,23,1,26,139,29,1,43,175,42,2
3E5S,1269,A,79,TYR,C,12,43,8,1,17,70,12,1,21,102,23,1,31,131,30,1,37,161,38,1
3E5S,1270,A,79,TYR,C,10,42,10,1,17,70,13,1,23,101,24,1,31,129,30,1,41,154,41,1
3E5S,1271,A,79,TYR,C,11,44,10,1,18,73,17,1,22,100,22,1,30,124,33,1,44,164,43,1
3E5S,1272,A,79,TYR,C,11,43,11,1,15,63,17,1,24,92,24,1,32,123,26,1,41,162,41,1
3E5S,1273,A,79,TYR,C,11,42,11,1,16,68,15,1,25,93,24,1,34,124,32,1,41,163,44,1
3E5S,1274,A,79,TYR,C,11,45,13,1,18,60,17,1,21,84,21,1,32,114,31,1,43,161,39,1
3E5S,1275,A,79,TYR,C,10,44,13,1,16,64,18,1,23,84,23,1,31,123,30,1,41,160,44,1
3E5S,1276,A,79,TYR,OH,10,40,12,1,16,57,18,1,25,83,24,1,32,112,29,1,40,143,41,1
3E5S,1277,A,79,TYR,H,11,44,9,1,16,70,15,1,21,97,24,1,29,126,29,1,38,162,37,2
3E5S,1278,A,79,TYR,H,10,46,9,1,17,65,13,1,23,99,22,1,29,125,31,1,41,161,36,1
3E5S,1279,A,79,TYR,H,11,47,10,1,18,72,16,1,23,100,24,1,29,128,33,1,42,170,43,1
3E5S,1280,A,79,TYR,H,9,38,10,1,15,67,15,1,22,92,22,1,36,122,26,1,42,157,39,1
3E5S,1281,A,79,TYR,H,11,41,10,1,17,63,15,1,23,94,23,1,32,131,37,1,44,162,42,1
3E5S,1282,A,79,TYR,H,10,41,13,0,19,58,18,1,21,79,22,1,28,105,28,1,42,147,35,1
3E5S,1283,A,79,TYR,HO,11,41,13,0,16,58,18,1,21,85,24,1,30,107,32,1,37,136,35,1
3E5S,1284,A,80,ILE,N,11,50,9,1,16,72,13,1,19,102,21,1,31,144,30,2,40,182,39,2
3E5S,1285,A,80,ILE,CA,9,48,8,1,14,72,13,1,20,103,22,1,31,141,33,2,40,186,41,2
3E5S,1286,A,80,ILE,C,10,44,8,1,15,74,16,2,23,98,20,2,27,132,28,2,36,169,41,2
3E5S,1287,A,80,ILE,O,12,42,9,2,15,65,13,2,23,96,20,2,24,131,29,2,35,163,40,2
3E5S,1288,A,80,ILE,HN,12,48,11,1,15,70,15,1,18,100,17,2,27,143,29,2,39,183,39,2
3E5S,1289,A,80,ILE,H,8,44,9,0,14,75,12,1,22,106,23,1,32,139,31,2,39,180,41,2
3E5S,1290,A,80,ILE,C,9,51,5,0,14,76,13,1,20,97,24,2,32,143,35,2,47,189,45,2
3E5S,1291,A,80,ILE,C,13,47,9,0,15,75,14,0,20,104,22,1,29,144,33,2,44,193,46,3
3E5S,1292,A,80,ILE,C,8,43,6,0,12,69,12,0,24,99,24,2,35,140,35,2,47,190,47,2
3E5S,1293,A,80,ILE,C,10,43,10,0,15,74,14,0,22,109,21,1,31,152,34,2,41,185,45,2
3E5S,1294,A,80,ILE,H,9,43,7,0,15,73,12,1,19,104,25,2,30,136,33,2,45,182,44,2
3E5S,1295,A,80,ILE,H,10,45,9,0,18,69,13,0,19,98,25,0,32,151,33,2,49,195,45,3
3E5S,1296,A,80,ILE,H,11,46,9,0,16,75,15,1,20,107,20,1,28,138,28,1,38,193,43,3
3E5S,1297,A,80,ILE,H,7,42,5,0,16,73,16,0,24,104,27,1,33,133,35,2,50,194,49,2
3E5S,1298,A,80,ILE,H,9,44,8,0,12,70,12,0,23,104,22,0,34,141,35,2,44,187,47,3
3E5S,1299,A,80,ILE,H,9,40,6,0,13,67,15,1,21,104,20,2,35,139,34,2,47,175,48,2
3E5S,1300,A,80,ILE,H,10,46,10,0,16,68,14,1,20,109,24,1,31,151,31,2,39,186,42,2
3E5S,1301,A,80,ILE,H,8,43,8,0,14,71,15,0,21,115,21,2,30,149,34,2,41,181,42,2
3E5S,1302,A,80,ILE,H,7,42,9,0,15,70,15,0,27,112,23,1,31,149,32,2,38,187,47,2
3E5S,1303,A,81,TYR,N,14,48,11,1,15,67,18,1,19,88,22,2,27,118,27,2,36,156,34,2
3E5S,1304,A,81,TYR,CA,13,44,10,1,15,57,15,2,19,81,22,2,25,110,26,2,35,136,33,2
3E5S,1305,A,81,TYR,C,10,44,13,0,15,61,15,1,19,79,20,2,27,106,27,2,33,133,35,2
3E5S,1306,A,81,TYR,O,11,43,12,0,15,64,18,1,23,89,21,1,27,109,28,2,31,142,36,2
3E5S,1307,A,81,TYR,HN,12,44,10,0,17,67,17,1,20,91,22,2,26,121,28,2,36,163,39,2
3E5S,1308,A,81,TYR,H,11,40,11,2,16,60,14,2,18,81,20,2,23,107,29,2,32,137,34,2
3E5S,1309,A,81,TYR,C,11,39,12,0,14,57,15,1,19,71,19,2,27,98,27,2,31,128,31,2
3E5S,1310,A,81,TYR,C,11,39,12,1,16,53,16,1,20,72,20,1,24,101,24,2,29,122,31,2
3E5S,1311,A,81,TYR,C,14,39,10,1,18,54,16,1,21,78,22,1,26,101,25,1,32,140,31,2
3E5S,1312,A,81,TYR,C,8,27,11,1,14,48,13,1,20,67,17,2,22,93,24,2,24,113,29,2
3E5S,1313,A,81,TYR,C,12,36,10,1,18,54,15,1,20,76,21,1,26,102,26,1,30,136,33,2
3E5S,1314,A,81,TYR,C,8,26,10,1,13,45,11,1,20,71,16,1,23,88,23,2,27,115,29,2
3E5S,1315,A,81,TYR,C,9,29,10,1,16,50,12,1,19,74,19,1,25,99,26,1,30,120,33,2
3E5S,1316,A,81,TYR,OH,5,29,6,1,13,46,12,1,20,71,19,1,27,99,27,1,32,121,32,1
3E5S,1317,A,81,TYR,H,11,35,11,0,12,52,15,1,18,67,20,2,26,89,24,2,30,113,30,2
3E5S,1318,A,81,TYR,H,12,38,12,0,14,59,15,0,20,75,21,1,23,98,26,2,33,123,31,2
3E5S,1319,A,81,TYR,H,13,40,12,1,17,59,17,1,22,82,21,1,27,109,26,1,31,154,33,2
3E5S,1320,A,81,TYR,H,8,26,9,1,12,42,14,1,17,64,16,2,22,87,20,2,24,105,30,2
3E5S,1321,A,81,TYR,H,11,37,9,1,17,60,14,1,24,81,20,1,26,109,28,1,34,138,34,1
3E5S,1322,A,81,TYR,H,7,22,8,1,11,39,11,1,18,63,13,1,21,81,23,2,26,100,26,2
3E5S,1323,A,81,TYR,HO,4,27,5,1,10,44,10,1,17,63,16,1,24,88,22,1,30,110,31,1
3E5S,1324,A,82,ALA,N,10,53,12,1,16,63,15,1,19,75,20,2,25,102,26,2,31,141,33,2
3E5S,1325,A,82,ALA,CA,12,49,12,1,14,61,16,1,19,74,22,1,23,93,25,1,31,131,30,2
3E5S,1326,A,82,ALA,C,11,35,10,1,13,57,16,1,17,73,19,1,21,81,23,1,27,99,28,2
3E5S,1327,A,82,ALA,O,10,29,10,1,13,46,12,1,15,69,17,1,20,79,22,1,27,98,27,2
3E5S,1328,A,82,ALA,HN,9,48,11,1,13,62,14,1,21,75,18,2,24,93,24,2,27,128,35,2
3E5S,1329,A,82,ALA,H,11,46,13,1,14,59,17,1,18,80,22,1,24,101,27,1,32,124,29,2
3E5S,1330,A,82,ALA,C,14,43,11,1,15,60,18,1,18,73,23,1,26,108,25,1,29,137,30,2
3E5S,1331,A,82,ALA,H,13,40,11,1,15,53,16,1,17,72,22,1,24,97,25,1,31,126,29,1
3E5S,1332,A,82,ALA,H,9,40,11,1,16,54,15,1,20,77,21,1,27,107,26,2,28,132,32,2
3E5S,1333,A,82,ALA,H,12,42,10,1,17,58,18,1,20,88,22,1,27,114,25,2,32,147,33,2
3E5S,1334,A,83,ASP,N,9,34,9,0,12,49,15,1,17,64,17,1,21,77,19,1,25,92,24,1
3E5S,1335,A,83,ASP,CA,7,24,6,0,11,40,12,0,15,52,15,1,17,68,17,1,20,79,19,1
3E5S,1336,A,83,ASP,C,6,23,6,0,11,35,7,0,13,51,14,1,16,66,16,1,19,76,18,1
3E5S,1337,A,83,ASP,O,5,14,4,0,8,26,6,0,12,41,9,1,15,56,14,1,16,71,17,1
3E5S,1338,A,83,ASP,HN,9,33,11,0,11,50,15,0,17,65,16,1,23,80,20,1,25,106,25,1
3E5S,1339,A,83,ASP,H,7,29,8,0,10,37,11,0,14,47,14,0,16,59,16,1,20,75,20,1
3E5S,1340,A,83,ASP,C,7,23,7,0,9,34,9,0,14,48,12,1,19,59,15,1,20,70,20,1
3E5S,1341,A,83,ASP,C,8,19,6,0,9,31,9,0,13,45,14,0,18,58,16,1,19,66,19,1
3E5S,1342,A,83,ASP,O,7,24,7,0,10,32,10,0,13,47,15,0,16,57,17,1,23,75,19,1
3E5S,1343,A,83,ASP,O,5,18,6,0,9,24,7,0,11,39,12,0,15,50,14,1,18,59,17,1
3E5S,1344,A,83,ASP,H,6,21,2,0,9,27,9,0,10,38,10,0,15,51,13,1,20,62,17,1
3E5S,1345,A,83,ASP,H,6,25,8,0,10,36,9,1,14,47,12,1,18,64,17,1,20,73,19,1
3E5S,1346,A,84,GLY,N,9,29,9,0,11,42,12,0,13,57,14,1,16,65,16,1,20,84,23,2
3E5S,1347,A,84,GLY,CA,7,28,8,0,8,39,10,0,11,47,13,0,15,62,15,2,21,80,22,2
3E5S,1348,A,84,GLY,C,8,28,6,0,8,34,11,0,9,51,13,2,15,62,17,2,23,89,21,2
3E5S,1349,A,84,GLY,O,7,25,7,0,8,34,8,0,9,42,14,2,15,66,17,2,21,88,22,2
3E5S,1350,A,84,GLY,HN,9,32,10,0,12,47,12,0,15,59,15,1,16,71,21,1,24,94,24,2
3E5S,1351,A,84,GLY,H,6,28,7,0,8,42,10,0,13,49,13,0,18,68,19,2,21,83,23,2
3E5S,1352,A,84,GLY,H,6,21,6,0,7,31,9,0,11,43,11,0,13,49,14,1,16,66,17,2
3E5S,1353,A,85,LYS,N,7,21,7,1,7,32,11,1,10,48,14,2,17,67,17,2,22,87,21,2
3E5S,1354,A,85,LYS,CA,7,25,7,1,9,36,8,2,10,45,14,2,15,69,19,2,21,95,22,2
3E5S,1355,A,85,LYS,C,9,31,8,2,12,44,10,2,14,62,17,2,17,84,22,2,26,112,26,2
3E5S,1356,A,85,LYS,O,9,32,8,2,13,50,13,2,16,73,17,2,20,90,25,2,25,117,31,2
3E5S,1357,A,85,LYS,HN,7,22,9,1,7,33,11,1,12,51,14,1,17,70,18,2,21,87,24,2
3E5S,1358,A,85,LYS,H,6,23,5,1,8,36,8,2,10,40,11,2,14,55,18,2,19,84,22,2
3E5S,1359,A,85,LYS,C,5,23,5,1,7,31,9,1,11,44,15,2,16,58,17,2,21,88,23,2
3E5S,1360,A,85,LYS,C,4,12,4,1,5,23,6,1,8,32,11,1,12,45,16,2,17,64,18,2
3E5S,1361,A,85,LYS,C,2,7,5,0,6,18,6,1,6,30,6,1,12,40,14,2,13,58,17,2
3E5S,1362,A,85,LYS,C,1,3,3,0,2,8,5,0,4,14,6,1,8,28,7,1,10,42,12,1
3E5S,1363,A,85,LYS,N,2,3,3,0,2,7,3,0,3,13,5,0,6,22,8,1,7,31,9,1
3E5S,1364,A,85,LYS,H,6,26,5,1,10,36,12,1,11,48,14,2,16,64,16,2,22,92,22,2
3E5S,1365,A,85,LYS,H,5,24,6,1,7,33,12,1,13,49,12,1,19,70,22,2,24,101,25,2
3E5S,1366,A,85,LYS,H,4,13,4,1,5,19,5,1,6,30,8,1,14,43,15,1,17,65,19,2
3E5S,1367,A,85,LYS,H,4,13,4,0,5,21,7,1,7,28,10,1,8,42,13,1,17,61,18,2
3E5S,1368,A,85,LYS,H,2,11,6,0,6,20,6,1,8,30,7,2,12,45,11,2,13,57,17,2
3E5S,1369,A,85,LYS,H,2,9,5,1,4,18,6,1,9,33,9,1,12,48,11,2,16,65,17,2
3E5S,1370,A,85,LYS,H,1,1,2,0,1,5,6,0,3,11,6,1,8,21,7,1,10,43,9,1
3E5S,1371,A,85,LYS,H,0,1,3,0,2,5,3,0,3,12,5,1,7,22,7,1,9,41,11,1
3E5S,1372,A,85,LYS,HN,0,3,2,0,2,3,3,0,3,7,3,0,4,15,7,0,7,24,8,1
3E5S,1373,A,85,LYS,HN,2,5,3,0,3,7,3,0,4,14,7,0,6,22,8,1,8,34,12,1
3E5S,1374,A,85,LYS,HN,2,3,2,0,2,5,4,0,4,13,6,0,6,23,7,1,7,36,9,1
3E5S,1375,A,86,MET,N,10,36,9,1,13,48,11,1,15,59,16,1,18,91,21,1,27,121,27,1
3E5S,1376,A,86,MET,CA,10,41,8,1,13,53,15,1,18,75,17,1,23,106,23,1,27,141,31,1
3E5S,1377,A,86,MET,C,10,40,9,1,11,56,13,1,18,77,17,1,24,113,24,1,30,151,31,1
3E5S,1378,A,86,MET,O,9,37,10,1,12,54,12,1,16,80,15,1,24,108,23,1,30,135,31,1
3E5S,1379,A,86,MET,HN,10,34,7,1,13,44,11,1,15,58,14,1,18,76,20,1,23,114,23,1
3E5S,1380,A,86,MET,H,11,40,9,1,15,56,14,1,19,84,20,1,22,108,26,1,28,143,31,1
3E5S,1381,A,86,MET,C,10,40,9,0,14,58,13,1,16,76,19,1,24,104,23,1,28,139,28,1
3E5S,1382,A,86,MET,C,11,45,9,0,13,59,17,0,19,90,19,1,26,117,23,1,34,154,34,1
3E5S,1383,A,86,MET,S,10,44,12,0,13,65,14,0,23,97,19,0,28,125,26,1,35,154,36,1
3E5S,1384,A,86,MET,C,10,43,8,0,15,56,15,0,16,78,20,0,25,108,25,0,36,152,35,1
3E5S,1385,A,86,MET,H,8,41,8,0,14,54,11,1,19,80,17,1,23,106,22,1,32,135,28,1
3E5S,1386,A,86,MET,H,12,42,7,0,13,56,13,0,17,71,18,1,21,94,23,1,28,126,28,1
3E5S,1387,A,86,MET,H,13,47,10,0,14,65,16,0,19,89,21,1,26,118,23,1,36,152,36,1
3E5S,1388,A,86,MET,H,10,46,9,0,14,65,16,1,18,97,19,1,27,120,23,1,34,161,34,1
3E5S,1389,A,86,MET,H,9,42,5,0,13,55,13,0,19,80,23,0,27,106,26,0,35,150,30,0
3E5S,1390,A,86,MET,H,8,39,7,0,14,52,13,0,16,69,16,0,26,95,23,1,31,138,29,1
3E5S,1391,A,86,MET,H,10,42,7,0,14,59,13,0,18,76,20,0,26,111,29,0,35,137,34,1
3E5S,1392,A,87,VAL,N,10,48,9,2,11,62,14,2,17,84,18,2,27,119,25,2,35,159,35,2
3E5S,1393,A,87,VAL,CA,9,42,9,2,13,66,13,2,19,89,20,2,24,117,29,2,41,160,38,2
3E5S,1394,A,87,VAL,C,10,40,7,2,12,67,12,2,20,95,19,2,25,126,29,2,42,168,42,2
3E5S,1395,A,87,VAL,O,9,43,8,2,13,63,13,2,21,93,19,2,30,130,31,2,40,168,46,2
3E5S,1396,A,87,VAL,HN,9,43,10,2,14,61,14,2,19,92,21,2,25,127,26,2,34,155,36,2
3E5S,1397,A,87,VAL,H,10,43,9,2,15,61,13,2,18,88,16,2,25,114,27,2,34,146,35,2
3E5S,1398,A,87,VAL,C,10,45,8,2,14,65,15,2,21,94,20,2,28,129,31,2,39,165,43,2
3E5S,1399,A,87,VAL,C,13,44,9,1,14,65,13,2,23,90,25,2,28,133,32,2,47,175,40,2
3E5S,1400,A,87,VAL,C,8,46,8,1,15,64,15,2,23,93,20,2,30,125,29,2,37,167,45,2
3E5S,1401,A,87,VAL,H,9,42,9,2,14,72,14,2,21,97,20,2,31,132,33,2,41,179,43,2
3E5S,1402,A,87,VAL,H,11,42,7,1,19,65,14,1,22,95,25,2,34,127,36,2,45,184,40,2
3E5S,1403,A,87,VAL,H,11,40,8,1,16,63,16,1,19,87,23,2,32,122,29,2,45,174,37,2
3E5S,1404,A,87,VAL,H,10,42,7,1,18,65,14,2,22,93,25,2,33,134,35,2,46,181,43,2
3E5S,1405,A,87,VAL,H,8,43,9,1,14,65,14,1,25,95,20,2,32,137,30,2,44,173,47,2
3E5S,1406,A,87,VAL,H,10,39,8,1,15,68,14,2,20,93,21,2,30,118,28,2,36,167,41,2
3E5S,1407,A,87,VAL,H,9,40,9,1,16,65,14,1,23,93,21,2,27,122,31,2,38,153,37,2
3E5S,1408,A,88,ASN,N,8,46,7,2,12,73,12,2,17,94,18,2,26,127,33,2,40,177,39,2
3E5S,1409,A,88,ASN,CA,10,51,6,1,15,67,13,2,19,102,23,2,30,136,31,2,44,176,44,2
3E5S,1410,A,88,ASN,C,8,42,8,1,13,67,14,2,21,99,22,2,33,138,29,2,41,174,40,2
3E5S,1411,A,88,ASN,O,8,44,10,1,15,65,15,2,23,97,26,2,31,136,30,2,41,183,44,2
3E5S,1412,A,88,ASN,HN,9,54,9,2,12,71,11,2,18,93,20,2,26,132,27,2,40,172,37,2
3E5S,1413,A,88,ASN,H,9,42,8,1,15,68,15,2,22,99,24,2,31,140,32,2,45,183,44,2
3E5S,1414,A,88,ASN,C,10,54,8,1,14,73,12,1,21,95,24,2,31,130,32,2,42,177,43,2
3E5S,1415,A,88,ASN,C,9,51,8,1,15,69,13,1,20,97,20,1,30,137,30,2,42,188,44,2
3E5S,1416,A,88,ASN,O,10,50,10,1,15,71,14,1,21,93,23,1,34,138,30,1,46,191,43,2
3E5S,1417,A,88,ASN,N,8,47,8,1,13,69,13,1,20,102,20,2,29,143,28,2,42,184,40,2
3E5S,1418,A,88,ASN,H,10,50,8,1,15,76,11,1,26,98,24,1,33,133,34,2,45,186,42,2
3E5S,1419,A,88,ASN,H,10,56,8,1,16,79,13,1,21,103,20,2,28,124,32,2,43,172,40,2
3E5S,1420,A,88,ASN,HN,9,51,7,1,14,68,13,2,19,99,17,2,29,139,29,2,40,179,38,2
3E5S,1421,A,88,ASN,HN,8,44,9,1,14,70,13,1,22,106,20,1,31,143,28,2,36,185,39,2
3E5S,1422,A,89,GLU,N,9,38,7,1,11,66,14,2,22,99,16,2,33,130,27,2,41,161,37,2
3E5S,1423,A,89,GLU,CA,9,39,8,1,13,55,14,2,20,87,18,2,33,128,24,2,41,157,35,2
3E5S,1424,A,89,GLU,C,9,40,7,1,14,56,12,2,20,77,16,2,28,117,25,2,41,157,32,2
3E5S,1425,A,89,GLU,O,12,37,10,1,16,58,11,2,23,81,18,2,29,110,27,2,36,151,35,2
3E5S,1426,A,89,GLU,HN,9,42,8,1,12,74,11,2,20,99,18,2,28,124,24,2,41,155,36,2
3E5S,1427,A,89,GLU,H,11,42,10,1,14,60,15,1,22,89,23,2,35,132,25,2,41,157,37,2
3E5S,1428,A,89,GLU,C,8,37,7,1,13,56,10,1,20,77,17,2,27,112,23,2,38,145,30,2
3E5S,1429,A,89,GLU,C,9,35,6,1,15,48,9,1,19,70,16,1,26,100,20,2,36,135,27,2
3E5S,1430,A,89,GLU,C,4,23,3,1,11,41,7,1,18,63,12,1,26,83,18,2,35,113,23,2
3E5S,1431,A,89,GLU,O,4,25,3,1,10,45,7,1,17,56,10,1,26,77,17,2,31,112,24,2
3E5S,1432,A,89,GLU,O,4,17,2,1,7,32,7,1,15,59,12,1,26,74,16,1,32,98,19,2
3E5S,1433,A,89,GLU,H,9,35,7,1,10,60,11,2,19,80,14,2,27,104,19,2,36,134,29,2
3E5S,1434,A,89,GLU,H,8,39,6,1,14,55,11,1,20,85,17,1,28,109,24,2,34,146,30,2
3E5S,1435,A,89,GLU,H,10,36,7,1,14,52,12,1,20,72,15,1,27,102,23,1,35,137,27,2
3E5S,1436,A,89,GLU,H,10,37,7,1,14,47,12,1,18,70,14,2,27,92,21,2,35,127,26,2
3E5S,1437,A,90,ALA,N,8,41,9,2,10,59,13,2,19,77,17,2,25,117,25,2,38,151,34,2
3E5S,1438,A,90,ALA,CA,9,42,9,1,11,57,11,2,18,74,18,2,25,101,24,2,33,134,31,2
3E5S,1439,A,90,ALA,C,10,42,8,1,14,59,15,1,18,82,19,2,25,99,25,2,36,135,37,2
3E5S,1440,A,90,ALA,O,10,42,9,1,14,57,12,1,18,75,19,1,24,102,23,2,36,131,36,2
3E5S,1441,A,90,ALA,HN,8,42,9,2,11,58,11,2,16,89,17,2,24,119,27,2,38,149,35,2
3E5S,1442,A,90,ALA,H,10,35,10,1,12,55,12,2,17,72,15,2,24,92,22,2,30,122,31,2
3E5S,1443,A,90,ALA,C,9,43,7,1,10,53,13,2,17,75,16,2,24,99,23,2,33,126,30,2
3E5S,1444,A,90,ALA,H,9,40,7,1,10,52,10,1,18,66,17,2,24,90,22,2,31,122,33,2
3E5S,1445,A,90,ALA,H,8,38,7,1,14,60,12,2,19,82,18,2,27,101,25,2,29,141,33,2
3E5S,1446,A,90,ALA,H,9,36,7,1,11,50,10,2,16,71,17,2,23,97,20,2,31,123,29,2
3E5S,1447,A,91,LYS,N,11,42,9,1,13,66,13,1,16,82,23,2,28,109,30,2,40,147,40,2
3E5S,1448,A,91,LYS,CA,10,43,11,1,13,64,15,1,18,86,24,1,30,119,32,2,40,153,42,2
3E5S,1449,A,91,LYS,C,10,41,10,0,12,62,17,0,20,97,22,1,31,126,31,2,43,159,43,2
3E5S,1450,A,91,LYS,O,9,40,12,0,13,61,17,0,24,98,24,1,34,126,28,1,42,163,45,2
3E5S,1451,A,91,LYS,HN,9,42,7,1,14,63,14,2,15,85,22,2,31,116,28,2,41,158,42,2
3E5S,1452,A,91,LYS,H,11,46,12,1,15,59,16,1,17,82,20,1,31,109,28,1,40,148,44,2
3E5S,1453,A,91,LYS,C,11,47,10,0,15,72,18,1,25,89,23,1,31,119,38,2,42,159,45,2
3E5S,1454,A,91,LYS,C,8,49,10,1,18,64,16,1,25,93,25,1,34,122,39,2,42,163,47,2
3E5S,1455,A,91,LYS,C,9,43,10,1,18,67,20,1,28,91,26,2,39,133,37,2,45,173,46,2
3E5S,1456,A,91,LYS,C,9,45,12,0,21,63,22,0,27,92,29,1,36,129,40,2,42,170,47,2
3E5S,1457,A,91,LYS,N,10,43,12,0,17,63,21,0,27,92,30,1,38,125,40,1,45,167,48,2
3E5S,1458,A,91,LYS,H,12,50,12,0,17,74,15,0,24,91,28,1,31,122,39,2,44,168,44,2
3E5S,1459,A,91,LYS,H,11,39,11,0,16,73,16,1,19,100,26,2,34,125,35,2,43,165,47,2
3E5S,1460,A,91,LYS,H,9,44,10,1,14,65,13,1,25,93,22,2,34,122,35,2,41,153,47,2
3E5S,1461,A,91,LYS,H,9,40,9,1,20,71,16,1,26,92,22,1,30,113,39,1,39,156,44,2
3E5S,1462,A,91,LYS,H,9,40,10,1,17,64,19,2,26,93,27,2,39,135,32,2,44,176,46,2
3E5S,1463,A,91,LYS,H,10,41,11,1,18,69,16,1,29,97,26,1,38,131,36,2,44,172,50,2
3E5S,1464,A,91,LYS,H,10,45,12,0,20,64,22,0,30,91,29,1,32,129,41,2,39,170,48,2
3E5S,1465,A,91,LYS,H,13,39,13,0,22,62,21,0,27,92,32,1,35,126,39,2,45,179,46,2
3E5S,1466,A,91,LYS,HN,11,38,14,0,18,62,21,0,26,86,33,0,38,123,39,1,44,167,49,1
3E5S,1467,A,91,LYS,HN,8,42,12,0,17,66,19,0,28,91,30,1,40,128,39,1,46,166,48,1
3E5S,1468,A,91,LYS,HN,11,44,11,0,17,67,21,0,25,97,30,1,37,127,39,1,45,162,50,1
3E5S,1469,A,92,VAL,N,12,45,12,0,14,66,16,0,26,93,26,2,33,131,34,2,44,168,47,2
3E5S,1470,A,92,VAL,CA,12,52,14,0,19,71,17,0,28,101,25,0,32,130,37,1,42,172,42,2
3E5S,1471,A,92,VAL,C,16,45,13,0,21,69,20,0,26,100,28,0,32,128,32,0,41,160,41,2
3E5S,1472,A,92,VAL,O,16,44,14,0,20,71,22,0,28,106,28,0,34,130,33,0,43,155,41,0
3E5S,1473,A,92,VAL,HN,12,49,11,0,17,67,17,1,24,93,25,2,32,126,34,2,42,167,43,2
3E5S,1474,A,92,VAL,H,12,48,15,0,17,70,19,0,27,101,24,0,33,140,34,0,43,167,47,2
3E5S,1475,A,92,VAL,C,14,48,12,0,21,70,19,0,27,91,30,1,34,135,36,1,43,171,42,2
3E5S,1476,A,92,VAL,C,17,46,16,0,21,67,18,0,27,99,28,0,35,134,36,1,44,160,39,1
3E5S,1477,A,92,VAL,C,16,48,14,0,20,65,20,0,26,93,28,1,35,133,35,1,46,178,41,2
3E5S,1478,A,92,VAL,H,14,47,13,0,18,65,20,1,30,93,30,1,36,126,33,1,41,170,42,2
3E5S,1479,A,92,VAL,H,10,44,16,0,21,65,20,0,29,98,26,0,34,131,36,1,41,157,38,1
3E5S,1480,A,92,VAL,H,13,45,14,0,23,71,20,0,25,101,26,0,36,127,33,0,46,159,41,1
3E5S,1481,A,92,VAL,H,18,47,15,0,22,71,17,0,26,98,29,0,33,125,35,1,44,157,42,1
3E5S,1482,A,92,VAL,H,14,46,11,0,19,67,23,1,29,99,28,1,36,133,34,1,45,177,42,1
3E5S,1483,A,92,VAL,H,14,44,14,0,21,66,19,1,26,98,28,1,32,137,36,1,47,172,43,2
3E5S,1484,A,92,VAL,H,13,48,12,0,20,72,20,0,25,93,27,0,35,130,36,1,48,181,43,1
3E5S,1485,A,93,ARG,N,12,40,12,0,16,63,20,0,22,89,27,0,26,120,32,2,36,148,38,2
3E5S,1486,A,93,ARG,CA,11,37,13,0,16,54,20,0,21,80,28,0,27,109,30,1,34,139,33,2
3E5S,1487,A,93,ARG,C,9,37,13,0,15,52,19,0,18,77,23,0,28,103,30,0,33,130,35,1
3E5S,1488,A,93,ARG,O,10,36,13,0,16,49,17,0,21,73,23,0,27,97,30,0,30,124,35,0
3E5S,1489,A,93,ARG,HN,11,42,12,0,16,61,19,0,23,85,23,2,26,112,32,2,34,148,41,2
3E5S,1490,A,93,ARG,H,13,36,13,0,19,54,21,0,23,84,26,0,27,108,32,0,32,141,36,2
3E5S,1491,A,93,ARG,C,10,29,11,0,12,44,19,0,20,68,22,0,23,99,29,2,31,130,31,2
3E5S,1492,A,93,ARG,C,9,28,9,0,11,37,14,0,15,54,21,0,20,80,27,1,27,109,28,2
3E5S,1493,A,93,ARG,C,8,26,11,0,13,39,17,0,15,56,20,0,22,77,24,0,26,101,31,0
3E5S,1494,A,93,ARG,N,6,17,9,0,8,31,11,0,13,48,19,0,18,65,20,0,24,83,28,0
3E5S,1495,A,93,ARG,C,5,19,7,0,10,28,14,0,13,47,15,0,19,62,23,0,22,78,27,0
3E5S,1496,A,93,ARG,N,8,26,9,0,13,36,14,0,16,53,19,0,20,70,26,0,25,90,28,0
3E5S,1497,A,93,ARG,N,4,12,6,0,6,24,8,0,11,35,13,0,14,51,18,0,21,63,24,0
3E5S,1498,A,93,ARG,H,9,29,12,0,11,40,14,0,17,70,20,1,23,100,26,2,28,122,31,2
3E5S,1499,A,93,ARG,H,10,31,11,0,14,47,16,0,19,72,21,1,24,98,27,2,27,121,35,2
3E5S,1500,A,93,ARG,H,7,24,9,0,11,41,12,0,15,50,20,0,19,72,26,1,28,110,29,1
3E5S,1501,A,93,ARG,H,5,19,7,0,11,33,13,0,12,46,19,0,21,79,21,1,24,98,28,2
3E5S,1502,A,93,ARG,H,8,23,12,0,12,43,15,0,18,59,21,0,21,70,23,0,26,96,27,1
3E5S,1503,A,93,ARG,H,10,30,13,0,14,46,19,0,20,64,21,0,23,85,26,0,27,109,33,0
3E5S,1504,A,93,ARG,HN,6,11,8,0,7,21,11,0,10,38,16,0,17,56,20,0,21,74,22,0
3E5S,1505,A,93,ARG,HN,8,28,12,0,14,43,16,0,20,55,22,0,22,84,27,0,28,106,30,0
3E5S,1506,A,93,ARG,HN,9,24,9,0,12,37,15,0,16,47,21,0,18,69,22,0,25,87,27,0
3E5S,1507,A,93,ARG,HN,3,9,5,0,5,14,7,0,8,30,9,0,13,44,17,0,17,55,22,0
3E5S,1508,A,93,ARG,HN,5,16,7,0,8,26,9,0,13,37,14,0,14,49,18,0,18,61,23,0
3E5S,1509,A,94,GLN,N,10,38,11,0,14,58,16,0,23,73,20,0,27,101,25,1,38,132,38,1
3E5S,1510,A,94,GLN,CA,10,38,10,0,16,52,13,0,18,72,18,0,28,94,24,1,33,125,34,1
3E5S,1511,A,94,GLN,C,13,37,12,0,16,57,15,0,21,83,20,0,28,111,27,0,34,133,35,1
3E5S,1512,A,94,GLN,O,11,33,10,0,14,55,14,0,20,81,21,0,25,106,24,0,33,124,32,0
3E5S,1513,A,94,GLN,HN,9,42,12,0,14,56,14,0,22,74,20,1,28,107,28,1,36,141,35,2
3E5S,1514,A,94,GLN,H,10,33,10,0,16,51,13,0,20,68,18,0,25,87,22,0,32,115,32,1
3E5S,1515,A,94,GLN,C,7,35,7,0,11,44,12,0,19,61,18,1,23,84,23,1,32,117,29,1
3E5S,1516,A,94,GLN,C,8,28,6,0,9,38,8,1,13,48,15,1,20,77,20,1,27,99,25,1
3E5S,1517,A,94,GLN,C,6,22,6,0,9,33,8,0,12,43,11,1,14,61,18,1,24,87,26,1
3E5S,1518,A,94,GLN,O,5,16,5,0,9,34,7,0,13,43,12,0,15,59,15,1,22,70,24,1
3E5S,1519,A,94,GLN,N,6,16,5,0,8,28,9,0,10,44,9,1,15,63,18,1,24,81,25,1
3E5S,1520,A,94,GLN,H,8,32,7,0,11,42,10,0,18,55,16,0,21,80,22,1,29,112,27,1
3E5S,1521,A,94,GLN,H,7,32,8,0,11,47,15,0,18,66,17,1,25,89,21,1,33,128,31,1
3E5S,1522,A,94,GLN,H,5,22,4,0,8,36,7,1,13,43,13,1,19,72,20,1,25,99,24,1
3E5S,1523,A,94,GLN,H,8,29,6,0,9,39,11,1,13,60,16,1,20,82,22,1,30,106,27,1
3E5S,1524,A,94,GLN,HN,7,18,5,0,8,27,7,1,11,47,14,1,14,68,18,1,25,86,27,1
3E5S,1525,A,94,GLN,HN,5,14,4,0,7,22,8,0,9,37,10,0,12,55,15,1,20,72,22,1
3E5S,1526,A,95,GLY,N,16,49,13,0,19,71,16,0,24,99,22,0,32,119,35,0,36,153,37,0
3E5S,1527,A,95,GLY,CA,14,48,14,0,19,71,18,0,22,101,24,0,31,127,34,0,40,148,39,0
3E5S,1528,A,95,GLY,C,12,48,10,0,15,72,14,0,23,100,23,0,31,124,33,0,40,153,41,0
3E5S,1529,A,95,GLY,O,10,50,10,0,16,69,14,0,21,97,23,0,31,121,32,0,41,144,39,0
3E5S,1530,A,95,GLY,HN,15,50,14,0,21,71,18,0,25,97,22,0,32,125,32,0,40,159,40,0
3E5S,1531,A,95,GLY,H,13,54,13,0,19,73,17,0,25,99,27,0,35,127,34,0,39,155,40,0
3E5S,1532,A,95,GLY,H,14,45,14,0,18,71,19,0,22,95,23,0,27,121,29,0,36,140,38,0
3E5S,1533,A,96,LEU,N,12,45,9,0,15,72,15,0,22,96,25,0,32,121,33,0,41,149,41,0
3E5S,1534,A,96,LEU,CA,12,42,12,0,18,69,15,0,22,95,26,0,32,126,34,0,42,151,45,0
3E5S,1535,A,96,LEU,C,12,41,9,0,16,68,18,0,27,99,26,0,34,133,38,0,46,165,50,1
3E5S,1536,A,96,LEU,O,10,43,11,0,18,70,19,0,26,96,27,0,35,127,39,0,42,167,49,1
3E5S,1537,A,96,LEU,HN,10,45,9,0,16,69,16,0,26,101,23,0,32,123,33,0,42,160,40,1
3E5S,1538,A,96,LEU,H,12,44,13,0,20,67,17,0,23,94,21,0,31,119,37,0,40,151,46,0
3E5S,1539,A,96,LEU,C,12,47,10,0,18,66,15,0,25,95,26,0,29,116,33,0,38,141,39,1
3E5S,1540,A,96,LEU,C,10,42,9,0,16,63,16,0,24,83,22,0,26,103,29,0,33,124,39,1
3E5S,1541,A,96,LEU,C,9,32,8,0,15,56,16,0,20,78,21,0,24,94,27,1,33,118,34,1
3E5S,1542,A,96,LEU,C,10,42,10,0,15,59,15,0,21,83,20,0,29,100,30,0,34,128,34,0
3E5S,1543,A,96,LEU,H,12,46,10,0,19,69,18,0,24,88,28,0,31,116,35,0,39,148,40,1
3E5S,1544,A,96,LEU,H,11,39,10,0,15,61,17,0,23,92,24,0,30,117,32,1,42,145,40,1
3E5S,1545,A,96,LEU,H,8,43,12,0,15,63,14,0,22,75,18,0,28,104,31,0,33,129,38,1
3E5S,1546,A,96,LEU,H,6,30,8,0,12,47,15,0,19,69,20,0,23,86,23,0,31,109,31,1
3E5S,1547,A,96,LEU,H,9,38,12,0,15,58,15,0,20,76,20,0,26,101,28,1,31,122,38,1
3E5S,1548,A,96,LEU,H,9,30,10,0,16,47,13,0,18,76,20,1,25,95,26,1,32,118,33,1
3E5S,1549,A,96,LEU,H,10,36,10,0,12,51,14,0,18,72,18,0,26,96,28,0,32,111,33,0
3E5S,1550,A,96,LEU,H,10,41,11,0,14,56,16,0,23,82,22,0,29,113,28,0,34,131,38,0
3E5S,1551,A,96,LEU,H,11,44,12,0,16,66,15,0,19,79,22,0,29,99,30,0,37,125,38,0
3E5S,1552,A,97,ALA,N,14,44,8,0,15,63,18,0,23,102,27,0,33,140,37,0,45,169,49,0
3E5S,1553,A,97,ALA,CA,11,46,10,0,15,64,19,0,23,93,26,0,31,131,41,0,44,173,47,0
3E5S,1554,A,97,ALA,C,11,48,9,0,17,68,16,0,20,90,29,0,32,125,36,0,41,163,43,0
3E5S,1555,A,97,ALA,O,12,47,9,0,18,71,19,0,24,100,23,0,31,132,37,0,46,166,44,0
3E5S,1556,A,97,ALA,HN,13,47,10,0,15,73,15,0,21,107,27,0,34,135,37,0,45,165,42,0
3E5S,1557,A,97,ALA,H,9,47,11,0,16,62,18,0,23,85,27,0,31,123,36,0,42,167,49,0
3E5S,1558,A,97,ALA,C,12,41,12,0,18,68,20,0,25,100,29,0,33,135,40,0,41,167,48,2
3E5S,1559,A,97,ALA,H,11,40,14,0,18,64,21,0,24,98,28,0,35,127,34,0,41,167,46,1
3E5S,1560,A,97,ALA,H,14,40,15,0,16,69,19,0,23,109,27,0,33,135,37,1,46,168,48,2
3E5S,1561,A,97,ALA,H,9,44,14,0,19,67,19,0,25,96,29,0,37,128,42,0,45,173,49,1
3E5S,1562,A,98,LYS,N,10,43,12,0,13,58,17,0,19,79,22,0,27,105,34,0,40,146,42,0
3E5S,1563,A,98,LYS,CA,8,36,9,0,13,53,17,0,19,77,20,0,30,106,26,0,38,137,39,0
3E5S,1564,A,98,LYS,C,8,34,8,0,14,50,16,0,22,80,20,0,29,109,28,0,38,140,37,0
3E5S,1565,A,98,LYS,O,8,31,11,0,14,53,18,0,21,81,22,0,29,108,30,0,39,139,38,0
3E5S,1566,A,98,LYS,HN,10,40,12,0,12,57,18,0,18,72,23,0,27,102,35,0,39,150,44,0
3E5S,1567,A,98,LYS,H,8,39,11,0,14,58,15,0,23,82,21,0,32,107,30,0,37,142,38,0
3E5S,1568,A,98,LYS,C,6,30,7,0,11,47,13,0,16,64,18,0,24,87,25,0,31,117,31,0
3E5S,1569,A,98,LYS,C,7,27,5,0,9,47,12,0,15,63,17,0,22,83,25,0,30,114,34,0
3E5S,1570,A,98,LYS,C,3,19,5,0,9,37,8,0,11,52,13,0,15,69,23,0,23,93,30,0
3E5S,1571,A,98,LYS,C,2,18,6,0,7,28,9,0,10,40,14,0,14,64,21,0,20,91,29,0
3E5S,1572,A,98,LYS,N,0,7,2,0,2,21,8,0,9,33,12,0,11,49,16,0,17,75,22,0
3E5S,1573,A,98,LYS,H,6,27,6,0,9,42,9,0,16,57,16,0,22,86,21,0,30,108,30,0
3E5S,1574,A,98,LYS,H,6,26,10,0,10,45,12,0,14,61,17,0,23,83,23,0,29,108,34,0
3E5S,1575,A,98,LYS,H,7,32,9,0,10,50,13,0,15,64,21,0,21,91,28,0,32,126,37,0
3E5S,1576,A,98,LYS,H,6,34,7,0,13,50,12,0,18,66,17,0,24,92,30,0,32,122,39,0
3E5S,1577,A,98,LYS,H,4,20,5,0,8,36,7,0,11,47,16,0,17,73,22,0,25,96,31,0
3E5S,1578,A,98,LYS,H,3,16,5,0,7,32,7,0,11,50,9,0,18,62,18,0,23,84,28,0
3E5S,1579,A,98,LYS,H,3,13,6,0,5,26,8,0,9,41,12,0,15,58,21,0,18,81,24,0
3E5S,1580,A,98,LYS,H,5,20,6,0,7,34,11,0,11,47,18,0,16,72,24,0,23,99,28,0
3E5S,1581,A,98,LYS,HN,0,3,2,0,1,17,5,0,4,31,11,0,10,43,14,0,13,66,20,0
3E5S,1582,A,98,LYS,HN,1,11,1,0,2,22,7,0,9,36,13,0,14,55,17,0,17,77,24,0
3E5S,1583,A,98,LYS,HN,0,9,0,0,3,15,6,0,5,32,9,0,10,43,13,0,16,66,21,0
3E5S,1584,A,99,VAL,N,9,40,9,0,16,50,12,0,22,76,21,0,31,109,30,0,41,137,38,0
3E5S,1585,A,99,VAL,CA,10,38,9,0,14,59,15,0,20,73,18,0,30,100,31,0,39,132,36,0
3E5S,1586,A,99,VAL,C,10,32,8,0,11,54,14,0,17,68,17,0,24,80,23,0,33,114,34,0
3E5S,1587,A,99,VAL,O,9,24,6,0,11,44,11,0,13,64,16,0,22,74,19,0,28,92,25,0
3E5S,1588,A,99,VAL,HN,9,38,9,0,15,51,12,0,23,72,20,0,30,109,28,0,40,138,37,0
3E5S,1589,A,99,VAL,H,11,43,10,0,16,62,14,0,22,84,23,0,33,106,32,0,42,143,39,1
3E5S,1590,A,99,VAL,C,11,42,10,0,16,53,14,0,21,74,22,0,29,101,28,0,37,128,35,1
3E5S,1591,A,99,VAL,C,12,40,10,0,16,52,15,0,20,73,23,0,28,98,29,0,35,127,34,1
3E5S,1592,A,99,VAL,C,12,42,10,0,19,62,19,0,24,83,24,0,31,112,27,1,40,151,38,1
3E5S,1593,A,99,VAL,H,7,31,10,0,14,50,10,0,22,71,20,0,26,89,25,0,32,116,32,0
3E5S,1594,A,99,VAL,H,11,39,12,0,16,52,15,0,22,70,21,0,27,94,28,0,30,118,34,1
3E5S,1595,A,99,VAL,H,13,43,12,0,16,57,15,0,25,81,24,0,30,106,29,1,38,137,38,1
3E5S,1596,A,99,VAL,H,9,35,10,0,15,48,15,0,19,63,19,0,24,91,25,0,35,121,33,0
3E5S,1597,A,99,VAL,H,12,41,11,0,17,58,18,0,24,81,22,0,30,104,28,1,36,137,36,1
3E5S,1598,A,99,VAL,H,13,37,11,0,17,58,19,0,26,88,23,0,36,116,29,0,38,142,36,1
3E5S,1599,A,99,VAL,H,13,46,14,0,20,67,20,0,25,87,25,1,36,119,33,1,44,154,42,1
3E5S,1600,A,100,ALA,N,10,38,8,0,13,53,14,0,16,67,18,0,22,87,25,0,30,120,30,0
3E5S,1601,A,100,ALA,CA,9,33,7,0,13,44,12,0,15,60,16,0,18,79,22,0,23,103,27,0
3E5S,1602,A,100,ALA,C,10,33,7,0,12,48,11,0,16,59,15,0,17,82,22,0,24,110,30,0
3E5S,1603,A,100,ALA,O,10,39,8,0,14,50,12,0,16,73,17,0,21,100,25,0,35,123,31,0
3E5S,1604,A,100,ALA,HN,9,37,8,0,14,57,16,0,17,74,23,0,25,100,24,0,34,133,35,0
3E5S,1605,A,100,ALA,H,7,30,6,0,11,38,11,0,15,57,13,0,16,72,18,0,20,87,23,0
3E5S,1606,A,100,ALA,C,8,30,8,0,13,39,9,0,16,54,17,0,19,73,19,0,23,98,26,0
3E5S,1607,A,100,ALA,H,6,26,8,0,12,34,8,0,15,51,17,0,17,64,18,0,20,88,21,0
3E5S,1608,A,100,ALA,H,10,34,9,0,13,44,15,0,17,58,18,0,21,84,22,0,26,115,31,0
3E5S,1609,A,100,ALA,H,8,31,8,0,12,41,11,0,15,50,15,0,18,69,19,0,23,96,25,0
3E5S,1610,A,101,TYR,N,9,26,6,0,10,36,10,0,14,47,14,0,17,61,17,0,24,88,25,0
3E5S,1611,A,101,TYR,CA,8,26,5,0,10,34,10,0,13,50,13,0,20,67,17,0,23,90,24,0
3E5S,1612,A,101,TYR,C,5,29,7,0,11,40,10,0,17,57,12,0,21,74,22,0,28,99,30,0
3E5S,1613,A,101,TYR,O,6,32,8,0,13,44,9,0,15,63,17,0,25,86,25,0,31,112,32,0
3E5S,1614,A,101,TYR,HN,7,22,6,0,10,32,8,0,12,41,12,0,17,52,16,0,20,72,21,0
3E5S,1615,A,101,TYR,H,5,20,4,0,8,28,6,0,11,36,12,0,17,58,14,0,23,79,20,0
3E5S,1616,A,101,TYR,C,9,27,5,0,10,39,10,0,13,53,16,0,18,69,20,0,28,93,26,0
3E5S,1617,A,101,TYR,C,8,19,6,0,10,32,9,0,13,47,14,0,18,63,21,0,23,86,24,0
3E5S,1618,A,101,TYR,C,4,14,3,0,10,22,5,0,11,32,10,0,15,55,16,0,21,75,23,0
3E5S,1619,A,101,TYR,C,8,18,7,0,10,31,12,0,16,48,15,0,18,67,19,0,25,92,25,0
3E5S,1620,A,101,TYR,C,3,10,4,0,7,14,4,0,12,26,9,0,14,44,15,0,17,68,21,0
3E5S,1621,A,101,TYR,C,7,12,7,0,10,23,13,0,13,35,14,0,20,61,18,0,23,87,23,0
3E5S,1622,A,101,TYR,C,4,10,4,0,8,16,6,0,11,27,14,0,15,45,16,0,22,73,21,0
3E5S,1623,A,101,TYR,OH,2,6,4,0,5,12,6,0,9,21,10,0,11,32,16,0,18,58,19,0
3E5S,1624,A,101,TYR,H,8,26,5,0,11,40,8,0,14,55,15,0,23,73,20,0,28,98,31,0
3E5S,1625,A,101,TYR,H,10,34,7,0,11,47,12,0,14,60,18,0,22,80,21,0,30,108,29,0
3E5S,1626,A,101,TYR,H,3,13,2,0,8,18,4,0,11,33,9,0,14,52,12,0,23,72,20,0
3E5S,1627,A,101,TYR,H,9,22,11,0,13,35,14,0,16,55,17,0,20,74,22,0,27,98,26,0
3E5S,1628,A,101,TYR,H,1,6,1,0,5,13,4,0,8,23,6,0,12,35,10,0,15,50,17,0
3E5S,1629,A,101,TYR,H,7,12,10,0,9,23,14,0,14,39,15,0,20,63,20,0,24,85,28,0
3E5S,1630,A,101,TYR,HO,2,6,4,0,6,12,9,0,8,21,13,0,14,41,15,0,19,57,19,0
3E5S,1631,A,102,VAL,N,7,28,7,0,10,46,10,0,17,58,13,0,21,76,18,0,26,96,26,0
3E5S,1632,A,102,VAL,CA,8,35,7,0,12,48,11,0,17,62,15,0,23,78,20,0,26,99,24,0
3E5S,1633,A,102,VAL,C,8,30,7,0,11,43,9,0,14,53,14,0,17,67,18,0,28,84,23,0
3E5S,1634,A,102,VAL,O,5,21,7,0,9,34,8,0,13,48,11,0,17,58,13,0,20,71,18,0
3E5S,1635,A,102,VAL,HN,6,28,6,0,9,39,9,0,13,52,11,0,20,70,17,0,25,86,25,0
3E5S,1636,A,102,VAL,H,10,39,8,0,15,51,13,0,19,68,19,0,23,89,24,0,30,113,27,0
3E5S,1637,A,102,VAL,C,10,29,8,0,13,44,11,0,18,54,14,0,22,81,18,0,28,99,25,0
3E5S,1638,A,102,VAL,C,10,26,8,0,16,41,11,0,18,62,16,0,22,81,19,0,26,94,26,0
3E5S,1639,A,102,VAL,C,9,29,9,0,14,45,12,0,19,63,16,0,23,89,21,0,29,107,29,0
3E5S,1640,A,102,VAL,H,8,24,7,0,10,39,8,0,16,49,12,0,18,67,16,0,23,87,22,0
3E5S,1641,A,102,VAL,H,9,23,8,0,15,38,11,0,18,55,16,0,22,74,19,0,24,91,26,0
3E5S,1642,A,102,VAL,H,13,28,10,0,18,47,12,0,20,72,18,0,24,88,22,0,26,101,27,0
3E5S,1643,A,102,VAL,H,9,28,7,0,13,39,10,0,18,52,15,0,20,72,19,0,25,89,21,0
3E5S,1644,A,102,VAL,H,10,27,7,0,15,38,12,0,19,56,18,0,23,85,23,0,27,103,26,0
3E5S,1645,A,102,VAL,H,9,26,6,0,10,41,11,0,16,63,16,0,24,78,19,0,27,105,29,0
3E5S,1646,A,102,VAL,H,11,34,11,0,15,52,14,0,22,73,19,0,28,97,23,0,29,120,33,0
3E5S,1647,A,103,TYR,N,9,27,6,0,9,39,11,0,13,52,15,0,21,69,20,0,26,87,23,0
3E5S,1648,A,103,TYR,CA,7,24,5,0,8,30,9,0,13,42,14,0,16,59,16,0,22,76,19,0
3E5S,1649,A,103,TYR,C,7,22,7,0,9,27,10,0,14,44,15,0,17,61,16,0,23,75,21,0
3E5S,1650,A,103,TYR,O,8,24,9,0,10,34,11,0,16,55,15,0,20,68,21,0,26,83,24,0
3E5S,1651,A,103,TYR,HN,9,30,7,0,10,42,13,0,16,58,18,0,22,80,20,0,30,104,30,0
3E5S,1652,A,103,TYR,H,5,20,4,0,9,25,5,0,11,34,11,0,16,47,14,0,19,66,16,0
3E5S,1653,A,103,TYR,C,6,22,6,0,9,33,9,0,13,48,11,0,15,60,17,0,26,83,25,0
3E5S,1654,A,103,TYR,C,6,21,5,0,8,29,7,0,10,47,9,0,17,60,15,0,27,80,23,0
3E5S,1655,A,103,TYR,C,3,13,4,0,7,24,5,0,9,33,7,0,12,46,9,0,20,66,17,0
3E5S,1656,A,103,TYR,C,4,18,5,0,7,35,7,0,13,54,12,0,19,72,18,0,32,94,28,0
3E5S,1657,A,103,TYR,C,3,8,3,0,4,16,4,0,6,29,6,0,11,41,7,0,20,64,13,0
3E5S,1658,A,103,TYR,C,2,15,4,0,6,26,5,0,16,49,10,0,20,70,16,0,29,88,23,0
3E5S,1659,A,103,TYR,C,2,10,3,0,4,15,4,0,7,35,7,0,17,53,10,0,23,76,16,0
3E5S,1660,A,103,TYR,OH,2,10,2,0,3,14,4,0,7,22,5,0,13,44,7,0,20,70,15,0
3E5S,1661,A,103,TYR,H,8,17,6,0,8,31,8,0,12,40,10,0,15,55,14,0,20,73,20,0
3E5S,1662,A,103,TYR,H,8,24,8,0,11,42,11,0,13,52,13,0,22,72,21,0,29,93,27,0
3E5S,1663,A,103,TYR,H,2,11,3,0,8,18,4,0,9,29,6,0,12,37,10,0,17,56,13,0
3E5S,1664,A,103,TYR,H,6,25,6,0,8,40,9,0,17,60,17,0,26,80,21,0,35,108,32,0
3E5S,1665,A,103,TYR,H,2,8,2,0,3,11,3,0,6,22,5,0,9,33,6,0,13,47,8,0
3E5S,1666,A,103,TYR,H,2,16,4,0,10,30,7,0,16,52,12,0,24,70,17,0,30,95,24,0
3E5S,1667,A,103,TYR,HO,3,10,2,0,4,18,5,0,8,32,5,0,16,42,9,0,19,67,16,0
3E5S,1668,A,104,LYS,N,6,20,6,0,7,26,8,0,10,34,12,0,12,48,15,0,17,63,17,0
3E5S,1669,A,104,LYS,CA,5,17,5,0,7,22,6,0,10,30,10,0,12,45,15,0,17,59,16,0
3E5S,1670,A,104,LYS,C,7,16,6,0,9,23,7,0,12,36,14,0,13,49,16,0,17,58,17,0
3E5S,1671,A,104,LYS,O,7,16,6,0,9,24,8,0,11,35,13,0,13,44,15,0,15,57,17,0
3E5S,1672,A,104,LYS,HN,6,20,4,0,7,24,6,0,7,30,9,0,12,39,13,0,14,56,16,0
3E5S,1673,A,104,LYS,H,5,18,5,0,8,22,8,0,9,31,12,0,13,47,12,0,19,62,17,0
3E5S,1674,A,104,LYS,C,4,10,3,0,5,16,4,0,6,22,7,0,10,29,9,0,12,43,15,0
3E5S,1675,A,104,LYS,C,2,7,2,0,4,14,3,0,6,21,5,0,7,25,8,0,11,33,11,0
3E5S,1676,A,104,LYS,C,1,2,1,0,2,7,2,0,4,10,3,0,5,19,4,0,7,24,8,0
3E5S,1677,A,104,LYS,C,0,3,0,0,2,6,2,0,2,8,2,0,4,16,2,0,6,21,5,0
3E5S,1678,A,104,LYS,N,0,0,0,0,0,1,0,0,1,5,2,0,2,8,2,0,4,13,2,0
3E5S,1679,A,104,LYS,H,4,7,3,0,5,14,4,0,5,18,6,0,9,25,9,0,10,36,12,0
3E5S,1680,A,104,LYS,H,4,6,3,0,5,13,4,0,7,20,6,0,11,29,9,0,12,40,15,0
3E5S,1681,A,104,LYS,H,3,8,2,0,4,14,2,0,7,21,6,0,10,28,8,0,10,35,11,0
3E5S,1682,A,104,LYS,H,3,9,2,0,4,15,3,0,6,23,7,0,7,28,9,0,13,34,11,0
3E5S,1683,A,104,LYS,H,1,1,0,0,2,4,2,0,4,9,3,0,4,14,4,0,6,21,6,0
3E5S,1684,A,104,LYS,H,1,2,0,0,1,5,1,0,4,9,2,0,4,14,4,0,9,23,6,0
3E5S,1685,A,104,LYS,H,0,4,0,0,2,7,2,0,2,10,2,0,4,15,2,0,6,23,6,0
3E5S,1686,A,104,LYS,H,0,3,1,0,2,7,2,0,3,13,2,0,5,18,2,0,6,24,7,0
3E5S,1687,A,104,LYS,HN,0,0,0,0,0,0,0,0,0,5,1,0,2,7,2,0,2,13,2,0
3E5S,1688,A,104,LYS,HN,0,0,0,0,0,0,0,0,1,3,1,0,2,7,2,0,3,10,2,0
3E5S,1689,A,104,LYS,HN,0,0,0,0,0,0,0,0,1,3,0,0,2,6,2,0,2,10,2,0
3E5S,1690,A,105,GLY,N,8,19,6,0,10,30,10,0,12,42,14,0,16,58,17,0,18,67,18,0
3E5S,1691,A,105,GLY,CA,10,25,9,0,11,33,12,0,12,44,13,0,16,57,17,0,18,75,19,0
3E5S,1692,A,105,GLY,C,10,27,11,0,12,38,12,0,14,56,15,0,17,70,19,0,22,96,21,0
3E5S,1693,A,105,GLY,O,11,27,11,0,12,42,13,0,14,55,14,0,18,72,19,0,27,100,22,0
3E5S,1694,A,105,GLY,HN,7,18,7,0,9,31,10,0,12,42,12,0,15,56,17,0,17,69,18,0
3E5S,1695,A,105,GLY,H,10,24,8,0,11,30,11,0,12,38,12,0,13,52,15,0,18,63,18,0
3E5S,1696,A,105,GLY,H,7,24,9,0,10,32,11,0,14,40,13,0,15,51,14,0,18,69,19,0
3E5S,1697,A,106,ASN,N,9,30,11,0,12,47,13,0,16,63,16,0,18,86,18,0,28,99,25,0
3E5S,1698,A,106,ASN,CA,10,36,10,0,14,56,13,0,18,78,20,0,23,99,24,0,29,111,32,0
3E5S,1699,A,106,ASN,C,12,37,9,0,15,60,14,0,18,78,22,0,24,99,29,0,30,120,31,1
3E5S,1700,A,106,ASN,O,10,44,10,0,14,57,16,0,21,86,24,0,26,106,30,0,36,136,31,1
3E5S,1701,A,106,ASN,HN,9,28,8,0,10,43,13,0,16,62,15,0,17,78,19,0,22,95,23,0
3E5S,1702,A,106,ASN,H,12,39,11,0,12,55,15,0,20,81,18,0,25,100,24,0,30,114,33,0
3E5S,1703,A,106,ASN,C,9,40,10,0,15,61,15,0,21,80,19,0,26,106,27,0,31,120,33,0
3E5S,1704,A,106,ASN,C,9,35,11,0,14,56,15,0,22,80,20,0,24,99,24,0,30,121,30,0
3E5S,1705,A,106,ASN,O,8,30,10,0,14,55,14,0,20,75,18,0,25,92,21,0,28,116,27,0
3E5S,1706,A,106,ASN,N,12,35,13,0,15,53,14,0,20,76,22,0,23,102,27,0,33,119,30,0
3E5S,1707,A,106,ASN,H,12,45,11,0,17,64,16,0,22,87,23,0,28,112,31,0,34,141,36,0
3E5S,1708,A,106,ASN,H,10,38,11,0,14,59,14,0,17,70,17,0,25,98,26,0,29,118,31,0
3E5S,1709,A,106,ASN,HN,12,35,11,0,16,55,15,0,19,80,23,0,29,103,29,0,32,121,32,0
3E5S,1710,A,106,ASN,HN,10,33,12,0,15,52,13,0,19,68,20,0,24,95,27,0,29,114,28,0
3E5S,1711,A,107,ASN,N,11,37,9,0,14,58,12,0,18,69,19,0,21,89,25,0,31,115,30,0
3E5S,1712,A,107,ASN,CA,8,37,10,0,13,51,14,0,20,75,17,0,26,91,18,0,31,120,30,1
3E5S,1713,A,107,ASN,C,8,29,9,0,13,52,11,0,20,71,15,0,23,90,21,0,30,107,27,1
3E5S,1714,A,107,ASN,O,8,27,9,0,11,41,10,0,20,67,14,0,23,86,20,0,27,101,25,1
3E5S,1715,A,107,ASN,HN,11,35,9,0,12,53,11,0,17,66,17,0,18,77,20,0,28,106,26,0
3E5S,1716,A,107,ASN,H,10,42,13,0,12,54,16,0,24,73,17,0,29,106,22,1,32,127,35,1
3E5S,1717,A,107,ASN,C,9,32,10,0,10,41,14,0,17,61,16,0,24,83,18,0,29,103,22,0
3E5S,1718,A,107,ASN,C,7,25,9,0,10,36,11,0,14,50,14,0,19,71,15,0,25,91,21,0
3E5S,1719,A,107,ASN,O,8,22,8,0,10,37,11,0,13,51,12,0,16,68,16,0,22,81,20,0
3E5S,1720,A,107,ASN,N,6,20,7,0,9,30,9,0,13,38,13,0,17,58,15,0,21,72,18,0
3E5S,1721,A,107,ASN,H,8,29,9,0,12,41,14,0,18,59,16,0,21,84,17,0,30,100,23,0
3E5S,1722,A,107,ASN,H,10,28,9,0,12,44,13,0,17,58,17,0,25,89,19,0,28,102,22,0
3E5S,1723,A,107,ASN,HN,7,20,5,0,12,31,10,0,12,42,14,0,15,53,15,0,24,73,18,0
3E5S,1724,A,107,ASN,HN,4,14,4,0,9,23,9,0,10,38,10,0,13,47,14,0,18,64,15,0
3E5S,1725,A,108,THR,N,11,35,10,0,13,49,11,0,18,70,17,0,23,89,22,1,31,106,31,1
3E5S,1726,A,108,THR,CA,9,31,7,0,12,44,10,0,16,62,15,0,22,81,19,1,25,102,27,1
3E5S,1727,A,108,THR,C,9,28,7,0,11,48,10,0,15,63,14,1,19,80,20,1,26,106,26,1
3E5S,1728,A,108,THR,O,9,26,6,0,10,38,9,0,12,55,15,0,17,67,16,1,21,93,24,1
3E5S,1729,A,108,THR,HN,11,40,9,0,15,52,13,0,19,71,19,0,26,91,26,1,29,114,32,1
3E5S,1730,A,108,THR,H,9,26,7,0,11,40,8,0,16,53,13,0,19,69,18,0,23,86,23,1
3E5S,1731,A,108,THR,C,10,31,9,0,12,43,12,0,15,57,15,0,20,77,18,1,25,99,27,1
3E5S,1732,A,108,THR,OH,10,31,7,0,13,40,11,0,15,50,16,0,18,67,19,0,23,87,23,1
3E5S,1733,A,108,THR,C,7,23,6,0,9,37,11,0,14,48,13,0,19,70,16,1,21,88,20,1
3E5S,1734,A,108,THR,H,10,38,10,0,11,49,13,0,19,64,15,1,22,89,23,1,30,111,28,1
3E5S,1735,A,108,THR,HO,10,35,9,0,13,44,13,0,16,58,17,0,20,69,22,0,27,99,26,1
3E5S,1736,A,108,THR,H,6,24,7,0,10,33,10,0,11,49,13,0,17,63,16,1,24,89,20,1
3E5S,1737,A,108,THR,H,7,19,4,0,8,29,8,0,13,43,11,0,16,59,16,0,20,74,20,1
3E5S,1738,A,108,THR,H,7,22,6,0,10,38,8,0,13,55,13,1,17,73,16,1,23,92,23,1
3E5S,1739,A,109,HIS,N,7,35,8,0,9,51,10,1,15,69,16,1,20,95,24,1,31,117,32,1
3E5S,1740,A,109,HIS,CA,6,38,5,1,8,46,11,1,12,70,18,1,20,95,23,1,28,122,33,1
3E5S,1741,A,109,HIS,C,7,37,8,1,10,51,13,1,14,73,18,1,22,95,25,1,31,117,33,1
3E5S,1742,A,109,HIS,O,6,40,6,1,12,57,14,1,15,82,21,1,24,97,24,1,33,123,34,1
3E5S,1743,A,109,HIS,HN,6,35,8,0,11,57,12,1,15,78,20,1,25,102,25,1,35,124,36,1
3E5S,1744,A,109,HIS,H,5,32,6,0,8,44,10,1,11,59,16,1,16,83,19,1,22,110,27,1
3E5S,1745,A,109,HIS,C,5,37,5,1,8,59,12,1,13,77,19,1,24,100,27,1,33,131,33,1
3E5S,1746,A,109,HIS,C,4,33,5,1,8,53,9,1,13,79,17,1,24,97,24,1,32,122,33,1
3E5S,1747,A,109,HIS,N,3,26,5,1,7,41,7,1,11,62,13,1,18,86,19,1,29,106,28,1
3E5S,1748,A,109,HIS,C,3,35,6,1,10,58,11,1,19,82,18,1,26,104,26,1,31,128,36,1
3E5S,1749,A,109,HIS,C,2,27,3,1,7,38,9,1,11,60,13,1,20,83,18,1,23,109,28,1
3E5S,1750,A,109,HIS,N,2,34,6,1,8,47,10,1,18,71,13,1,23,98,24,1,30,123,33,1
3E5S,1751,A,109,HIS,H,6,40,7,1,7,53,12,1,14,77,19,1,21,100,25,1,32,127,32,1
3E5S,1752,A,109,HIS,H,7,42,7,1,11,64,12,1,17,83,22,1,26,113,29,1,37,142,38,1
3E5S,1753,A,109,HIS,HN,5,24,4,1,6,36,9,1,8,52,12,1,14,71,16,1,23,97,25,1
3E5S,1754,A,109,HIS,H,5,40,7,1,10,65,15,1,25,89,19,1,27,114,31,1,32,140,39,1
3E5S,1755,A,109,HIS,H,1,24,4,1,6,34,6,1,8,49,11,1,16,67,14,1,21,94,24,1
3E5S,1756,A,109,HIS,HN,4,38,8,1,10,51,10,1,15,67,16,1,24,98,25,1,31,130,33,1
3E5S,1757,A,110,GLU,N,10,40,8,0,13,56,12,0,18,67,14,1,24,90,22,1,34,117,28,1
3E5S,1758,A,110,GLU,CA,11,42,9,0,15,54,11,0,21,67,15,1,25,92,20,1,30,114,30,1
3E5S,1759,A,110,GLU,C,10,39,7,0,15,49,9,0,17,65,12,0,23,81,18,1,27,105,29,1
3E5S,1760,A,110,GLU,O,11,36,8,0,13,53,9,0,20,69,15,0,24,91,24,1,30,106,30,1
3E5S,1761,A,110,GLU,HN,9,34,7,0,13,51,10,0,18,67,15,1,23,88,20,1,32,111,26,1
3E5S,1762,A,110,GLU,H,12,44,8,0,18,55,13,0,23,80,18,1,27,105,24,1,36,121,32,1
3E5S,1763,A,110,GLU,C,12,35,7,0,14,47,11,0,19,62,17,0,25,84,20,0,30,106,26,1
3E5S,1764,A,110,GLU,C,11,31,6,0,16,46,11,0,18,54,16,0,24,69,20,0,26,98,22,0
3E5S,1765,A,110,GLU,C,7,24,5,0,14,32,9,0,17,50,14,0,22,60,17,0,24,82,23,0
3E5S,1766,A,110,GLU,O,8,20,4,0,14,29,8,0,17,41,11,0,21,64,15,0,25,74,21,0
3E5S,1767,A,110,GLU,O,7,20,3,0,10,30,7,0,19,44,13,0,21,56,17,0,23,76,21,0
3E5S,1768,A,110,GLU,H,11,29,7,0,12,42,9,0,18,55,13,0,23,74,20,0,27,89,22,1
3E5S,1769,A,110,GLU,H,13,32,8,0,16,53,13,0,22,70,19,0,26,88,22,0,30,106,25,1
3E5S,1770,A,110,GLU,H,12,37,6,0,18,47,14,0,20,60,20,0,25,80,21,0,29,108,25,1
3E5S,1771,A,110,GLU,H,11,31,5,0,13,41,10,0,16,49,13,0,23,65,19,0,26,87,22,0
3E5S,1772,A,111,GLN,N,8,30,8,0,13,45,9,0,14,54,11,0,16,71,15,1,26,87,23,1
3E5S,1773,A,111,GLN,CA,7,24,9,0,9,35,9,0,14,49,10,0,17,66,13,0,19,81,20,1
3E5S,1774,A,111,GLN,C,7,29,6,0,10,37,10,0,15,49,11,0,17,71,13,1,22,83,20,1
3E5S,1775,A,111,GLN,O,6,29,6,0,10,37,7,0,14,49,12,0,15,64,16,0,23,84,19,1
3E5S,1776,A,111,GLN,HN,9,27,7,0,11,40,9,0,15,52,12,0,16,61,14,0,22,79,19,1
3E5S,1777,A,111,GLN,H,7,23,9,0,10,35,10,0,14,52,10,0,16,63,14,0,20,80,19,0
3E5S,1778,A,111,GLN,C,5,20,7,0,7,26,8,0,11,39,9,0,14,50,11,0,18,64,12,0
3E5S,1779,A,111,GLN,C,4,11,6,0,8,22,7,0,11,32,9,0,14,47,10,0,15,56,12,0
3E5S,1780,A,111,GLN,C,5,10,3,0,9,17,7,0,10,28,9,0,12,40,10,0,17,54,11,0
3E5S,1781,A,111,GLN,O,4,12,3,0,7,16,5,0,9,23,9,0,13,37,10,0,15,52,12,0
3E5S,1782,A,111,GLN,N,4,10,3,0,8,16,5,0,10,29,9,0,12,37,10,0,13,52,14,0
3E5S,1783,A,111,GLN,H,5,17,3,0,7,25,8,0,9,31,10,0,15,44,10,0,16,59,12,0
3E5S,1784,A,111,GLN,H,6,15,6,0,7,28,7,0,11,39,9,0,15,48,11,0,18,60,13,0
3E5S,1785,A,111,GLN,H,2,7,4,0,7,14,6,0,9,24,8,0,11,36,9,0,15,48,10,0
3E5S,1786,A,111,GLN,H,5,15,6,0,9,24,7,0,12,35,8,0,13,49,11,0,15,57,13,0
3E5S,1787,A,111,GLN,HN,5,12,4,0,7,18,7,0,11,29,7,0,12,39,10,0,16,54,15,0
3E5S,1788,A,111,GLN,HN,3,10,3,0,8,12,4,0,9,24,6,0,10,33,10,0,14,49,14,0
3E5S,1789,A,112,LEU,N,9,27,8,0,10,43,11,0,14,55,13,1,19,68,16,1,24,89,22,1
3E5S,1790,A,112,LEU,CA,8,32,8,0,10,41,10,1,14,53,13,1,19,74,16,1,26,98,23,1
3E5S,1791,A,112,LEU,C,7,34,8,0,10,48,12,1,17,64,14,1,25,86,22,1,33,112,30,1
3E5S,1792,A,112,LEU,O,7,31,10,0,12,47,11,0,20,63,15,1,25,85,22,1,31,102,31,1
3E5S,1793,A,112,LEU,HN,8,27,7,0,11,41,10,0,12,56,13,1,19,68,17,1,22,88,23,1
3E5S,1794,A,112,LEU,H,6,26,8,0,10,36,10,0,12,46,13,1,18,65,14,1,22,82,17,1
3E5S,1795,A,112,LEU,C,9,28,7,1,10,38,8,1,13,53,12,1,18,75,17,1,24,97,23,1
3E5S,1796,A,112,LEU,C,10,24,6,1,10,34,8,1,13,52,12,1,18,80,16,1,26,103,25,1
3E5S,1797,A,112,LEU,C,4,20,4,0,8,29,7,1,13,40,9,1,17,59,14,1,23,85,18,1
3E5S,1798,A,112,LEU,C,6,22,4,1,11,36,10,1,13,55,12,1,19,83,20,1,26,109,26,1
3E5S,1799,A,112,LEU,H,9,29,7,1,11,49,8,1,14,67,14,1,19,83,23,1,30,107,27,1
3E5S,1800,A,112,LEU,H,8,23,6,0,9,36,8,1,12,48,9,1,14,65,15,1,20,84,22,1
3E5S,1801,A,112,LEU,H,8,27,7,1,12,38,11,1,15,63,13,1,21,88,20,1,29,114,28,1
3E5S,1802,A,112,LEU,H,3,12,4,0,6,25,6,1,13,40,9,1,17,57,14,1,25,87,19,1
3E5S,1803,A,112,LEU,H,2,14,4,0,9,24,6,1,11,35,9,1,14,48,12,1,20,74,18,1
3E5S,1804,A,112,LEU,H,4,16,5,0,7,29,8,0,12,40,11,1,19,55,13,1,21,83,16,1
3E5S,1805,A,112,LEU,H,5,21,5,1,9,33,6,1,15,58,14,1,20,81,18,1,27,107,24,1
3E5S,1806,A,112,LEU,H,7,30,6,1,12,44,11,1,16,66,15,1,21,92,22,1,29,120,31,1
3E5S,1807,A,112,LEU,H,5,21,4,1,7,32,7,1,12,50,11,1,16,69,14,1,23,99,23,1
3E5S,1808,A,113,LEU,N,9,42,9,0,11,55,14,1,19,76,20,1,28,99,26,1,37,122,35,1
3E5S,1809,A,113,LEU,CA,9,46,11,0,16,61,14,1,25,88,24,1,32,109,32,1,42,132,34,1
3E5S,1810,A,113,LEU,C,12,44,9,0,16,62,16,0,23,84,22,1,31,101,30,1,38,132,34,1
3E5S,1811,A,113,LEU,O,11,42,13,0,17,63,17,0,25,88,24,0,34,110,29,1,41,136,37,1
3E5S,1812,A,113,LEU,HN,9,41,8,1,12,60,16,1,20,77,19,1,26,98,26,1,34,122,33,1
3E5S,1813,A,113,LEU,H,11,43,11,1,14,62,14,1,23,85,24,1,34,111,30,1,44,133,33,1
3E5S,1814,A,113,LEU,C,10,52,10,1,19,70,17,1,25,95,26,1,32,118,33,1,42,143,39,1
3E5S,1815,A,113,LEU,C,14,48,11,1,20,73,17,1,27,100,26,1,35,126,35,1,44,154,42,1
3E5S,1816,A,113,LEU,C,10,42,11,1,19,67,14,1,24,93,20,1,30,126,33,1,37,156,44,1
3E5S,1817,A,113,LEU,C,12,48,9,1,20,75,17,1,28,107,27,1,39,135,38,1,45,165,45,1
3E5S,1818,A,113,LEU,H,15,54,11,0,21,72,21,1,24,93,28,1,34,121,36,1,45,151,39,1
3E5S,1819,A,113,LEU,H,13,45,8,1,17,72,19,1,25,94,26,1,34,114,32,1,39,141,41,1
3E5S,1820,A,113,LEU,H,14,51,13,1,18,72,21,1,27,96,22,1,35,121,32,1,45,161,40,2
3E5S,1821,A,113,LEU,H,11,44,12,1,20,67,15,1,25,96,19,1,28,129,33,1,37,155,41,2
3E5S,1822,A,113,LEU,H,9,50,12,1,16,65,14,1,25,91,19,1,32,124,31,1,37,154,43,1
3E5S,1823,A,113,LEU,H,11,40,8,1,16,64,13,1,22,87,19,1,27,111,26,1,36,142,41,1
3E5S,1824,A,113,LEU,H,11,45,9,1,17,77,15,1,30,105,25,1,38,136,38,1,46,169,47,2
3E5S,1825,A,113,LEU,H,13,43,12,1,20,76,17,1,30,108,28,1,41,134,38,1,46,159,46,1
3E5S,1826,A,113,LEU,H,11,46,9,1,17,75,15,1,33,106,28,1,37,136,35,1,47,159,46,1
3E5S,1827,A,114,ARG,N,9,40,10,0,11,56,16,0,16,71,21,0,23,91,27,1,32,120,29,1
3E5S,1828,A,114,ARG,CA,9,38,11,0,11,45,13,0,14,63,19,0,22,88,23,0,27,109,31,1
3E5S,1829,A,114,ARG,C,8,30,10,0,12,44,12,0,16,65,17,0,21,81,24,0,28,97,29,0
3E5S,1830,A,114,ARG,O,8,28,10,0,12,45,12,0,18,64,17,0,22,85,24,0,28,100,29,0
3E5S,1831,A,114,ARG,HN,8,37,8,0,11,53,14,0,15,69,20,0,21,90,26,1,28,113,30,1
3E5S,1832,A,114,ARG,H,8,33,10,0,13,48,16,0,19,68,20,0,22,99,24,0,34,115,32,0
3E5S,1833,A,114,ARG,C,8,32,10,0,10,42,14,0,12,52,15,0,16,70,20,0,25,96,25,0
3E5S,1834,A,114,ARG,C,9,28,11,0,11,42,13,0,11,57,17,0,18,74,19,0,25,98,28,0
3E5S,1835,A,114,ARG,C,4,20,8,0,10,27,11,0,11,44,14,0,14,65,18,0,21,76,22,0
3E5S,1836,A,114,ARG,N,3,17,6,0,9,28,11,0,12,44,15,0,16,61,17,0,22,76,24,0
3E5S,1837,A,114,ARG,C,3,15,6,0,8,29,10,0,11,46,14,0,19,61,17,0,22,83,25,0
3E5S,1838,A,114,ARG,N,2,16,6,0,6,29,11,0,13,47,12,0,17,70,18,0,22,88,25,0
3E5S,1839,A,114,ARG,N,5,17,8,0,6,30,9,0,10,41,14,0,14,57,18,0,24,78,22,0
3E5S,1840,A,114,ARG,H,8,29,9,0,10,36,14,0,11,48,15,0,15,62,18,0,20,82,22,0
3E5S,1841,A,114,ARG,H,9,28,9,0,9,40,11,0,12,50,15,0,14,64,18,0,20,84,23,0
3E5S,1842,A,114,ARG,H,7,31,12,0,11,44,13,0,14,62,17,0,19,79,22,0,28,100,29,0
3E5S,1843,A,114,ARG,H,10,27,11,0,11,49,15,0,13,59,17,0,20,79,20,0,27,104,28,0
3E5S,1844,A,114,ARG,H,3,17,8,0,8,25,9,0,11,35,12,0,14,55,16,0,16,72,20,0
3E5S,1845,A,114,ARG,H,5,15,6,0,6,27,10,0,12,37,12,0,14,57,15,0,19,74,21,0
3E5S,1846,A,114,ARG,HN,3,17,5,0,10,28,11,0,12,42,14,0,18,56,21,0,21,72,22,0
3E5S,1847,A,114,ARG,HN,3,14,6,0,8,30,11,0,15,52,14,0,17,70,18,0,22,84,23,0
3E5S,1848,A,114,ARG,HN,2,18,7,0,4,27,10,0,12,48,12,0,18,69,17,0,21,93,25,0
3E5S,1849,A,114,ARG,HN,3,18,5,0,9,29,10,0,9,43,17,0,16,54,19,0,20,80,23,0
3E5S,1850,A,114,ARG,HN,4,17,7,0,5,26,11,0,9,38,12,0,15,57,19,0,21,85,23,0
3E5S,1851,A,115,LYS,N,8,32,8,0,11,44,12,0,16,61,17,0,20,76,21,0,30,89,28,0
3E5S,1852,A,115,LYS,CA,8,26,9,0,10,38,11,0,16,53,17,0,20,72,19,0,27,82,25,0
3E5S,1853,A,115,LYS,C,9,28,8,0,13,44,14,0,16,60,19,0,25,76,22,0,30,97,27,0
3E5S,1854,A,115,LYS,O,10,27,9,0,15,41,13,0,15,58,19,0,21,74,23,0,30,94,28,0
3E5S,1855,A,115,LYS,HN,9,31,8,0,12,45,10,0,16,57,15,0,20,71,22,0,26,89,27,1
3E5S,1856,A,115,LYS,H,8,23,9,0,10,34,10,0,15,44,14,0,19,70,18,0,24,82,22,0
3E5S,1857,A,115,LYS,C,9,23,7,0,9,34,11,0,12,45,12,0,18,62,17,0,21,74,22,0
3E5S,1858,A,115,LYS,C,8,20,6,0,8,27,8,0,11,39,12,0,15,48,16,0,19,67,18,0
3E5S,1859,A,115,LYS,C,5,14,6,0,8,21,7,0,10,31,11,0,15,49,13,0,18,63,19,0
3E5S,1860,A,115,LYS,C,3,7,1,0,4,12,6,0,10,26,8,0,13,35,12,0,16,50,14,0
3E5S,1861,A,115,LYS,N,2,1,1,0,3,7,4,0,5,14,5,0,10,27,10,0,14,36,13,0
3E5S,1862,A,115,LYS,H,8,21,7,0,9,38,9,0,14,52,14,0,18,64,18,0,24,74,23,1
3E5S,1863,A,115,LYS,H,7,22,6,0,10,30,8,0,12,41,12,0,15,52,13,0,20,66,21,0
3E5S,1864,A,115,LYS,H,9,21,7,0,10,31,8,0,14,38,14,0,15,56,18,0,21,70,20,0
3E5S,1865,A,115,LYS,H,4,13,3,0,8,23,7,0,10,33,10,0,13,44,14,0,16,57,17,0
3E5S,1866,A,115,LYS,H,4,11,4,0,7,20,8,0,10,30,11,0,12,40,12,0,18,58,14,0
3E5S,1867,A,115,LYS,H,6,15,6,0,10,22,9,0,14,38,12,0,17,57,14,0,20,67,23,0
3E5S,1868,A,115,LYS,H,3,7,2,0,4,13,5,0,9,20,7,0,14,30,11,0,16,48,13,0
3E5S,1869,A,115,LYS,H,3,7,1,0,7,13,6,0,10,24,10,0,13,36,11,0,16,46,16,0
3E5S,1870,A,115,LYS,HN,1,1,1,0,2,4,1,0,3,10,4,0,5,19,7,0,12,32,11,0
3E5S,1871,A,115,LYS,HN,2,1,0,0,2,7,3,0,4,16,4,0,10,24,9,0,13,37,12,0
3E5S,1872,A,115,LYS,HN,1,0,1,0,3,7,4,0,5,18,5,0,9,28,9,0,13,39,12,0
3E5S,1873,A,116,ALA,N,12,42,11,0,14,57,17,0,20,64,20,0,28,81,26,0,33,110,29,1
3E5S,1874,A,116,ALA,CA,12,48,12,0,19,57,17,0,24,70,25,0,27,94,26,0,34,123,34,1
3E5S,1875,A,116,ALA,C,13,42,11,0,18,59,21,0,25,87,25,0,32,106,31,0,35,127,37,0
3E5S,1876,A,116,ALA,O,16,44,15,0,19,62,21,0,25,86,26,0,31,112,29,0,36,130,36,0
3E5S,1877,A,116,ALA,HN,8,46,10,0,13,60,15,0,22,71,20,0,27,82,24,1,35,108,32,1
3E5S,1878,A,116,ALA,H,13,38,12,0,18,52,17,0,24,67,22,0,26,85,27,0,30,110,32,1
3E5S,1879,A,116,ALA,C,14,48,13,0,19,60,18,0,23,78,24,1,30,102,31,1,36,131,35,1
3E5S,1880,A,116,ALA,H,16,45,13,0,18,62,17,0,26,79,27,1,31,107,31,1,34,139,35,2
3E5S,1881,A,116,ALA,H,14,45,15,0,18,64,18,0,26,83,25,1,33,113,30,1,42,142,37,1
3E5S,1882,A,116,ALA,H,12,44,11,0,18,57,15,0,23,71,23,1,27,92,26,1,36,120,33,1
3E5S,1883,A,117,GLU,N,11,41,11,0,16,64,15,0,27,83,22,0,33,107,30,0,39,131,32,0
3E5S,1884,A,117,GLU,CA,12,43,11,0,20,62,13,0,24,88,23,0,34,112,28,0,41,135,35,0
3E5S,1885,A,117,GLU,C,11,38,9,0,17,57,13,0,24,79,19,0,30,99,26,0,39,125,33,0
3E5S,1886,A,117,GLU,O,11,39,10,0,17,56,14,0,25,82,20,0,30,100,27,0,36,122,33,0
3E5S,1887,A,117,GLU,HN,11,39,10,0,17,62,14,0,25,79,23,0,34,102,27,0,38,133,33,1
3E5S,1888,A,117,GLU,H,15,47,12,0,21,68,17,0,27,92,25,0,36,121,31,0,41,139,40,0
3E5S,1889,A,117,GLU,C,12,45,7,0,17,61,15,0,24,81,19,0,30,106,27,0,41,136,34,0
3E5S,1890,A,117,GLU,C,12,45,8,0,16,58,10,0,24,69,19,0,28,95,24,0,37,128,33,0
3E5S,1891,A,117,GLU,C,8,37,7,0,16,51,9,0,22,67,14,0,27,90,25,0,34,119,30,0
3E5S,1892,A,117,GLU,O,10,30,5,0,13,41,7,0,17,56,12,0,24,75,16,0,30,98,27,0
3E5S,1893,A,117,GLU,O,8,36,8,0,18,57,9,0,24,74,16,0,28,103,25,0,38,131,34,0
3E5S,1894,A,117,GLU,H,12,37,9,0,16,55,12,0,22,73,17,0,28,100,24,0,39,124,31,0
3E5S,1895,A,117,GLU,H,14,41,9,0,20,65,17,0,24,85,20,0,32,113,29,0,42,144,36,0
3E5S,1896,A,117,GLU,H,11,42,7,0,19,59,15,0,25,76,19,0,31,99,27,0,39,128,33,0
3E5S,1897,A,117,GLU,H,11,36,7,0,13,54,10,0,20,64,14,0,28,81,21,0,34,115,30,0
3E5S,1898,A,118,ALA,N,9,36,10,0,13,51,15,0,21,70,19,0,28,88,25,0,34,113,30,0
3E5S,1899,A,118,ALA,CA,8,32,10,0,12,44,12,0,16,62,18,0,26,74,20,0,29,98,24,0
3E5S,1900,A,118,ALA,C,10,32,9,0,14,47,15,0,20,58,17,0,22,74,20,0,27,91,26,0
3E5S,1901,A,118,ALA,O,8,33,10,0,14,43,11,0,18,56,17,0,22,71,19,0,23,83,24,0
3E5S,1902,A,118,ALA,HN,7,33,11,0,14,50,14,0,20,66,18,0,28,89,23,0,34,110,32,0
3E5S,1903,A,118,ALA,H,9,28,8,0,11,43,11,0,15,57,15,0,24,72,20,0,28,96,25,0
3E5S,1904,A,118,ALA,C,7,29,7,0,11,38,11,0,13,49,14,0,22,67,20,0,27,81,21,0
3E5S,1905,A,118,ALA,H,7,28,6,0,10,35,9,0,13,40,14,0,17,56,17,0,23,74,20,0
3E5S,1906,A,118,ALA,H,10,26,8,0,10,38,10,0,15,50,16,0,22,64,20,0,27,83,22,0
3E5S,1907,A,118,ALA,H,7,26,6,0,10,35,11,0,15,49,15,0,23,64,16,0,26,84,23,0
3E5S,1908,A,119,GLN,N,11,35,11,0,15,48,14,0,20,60,17,0,22,74,21,0,26,94,27,0
3E5S,1909,A,119,GLN,CA,10,37,10,0,15,46,13,0,19,57,15,0,21,71,22,0,24,88,27,0
3E5S,1910,A,119,GLN,C,12,35,11,0,16,53,13,0,19,64,17,0,25,76,23,0,27,92,28,0
3E5S,1911,A,119,GLN,O,11,33,11,0,14,42,13,0,17,59,16,0,22,72,19,0,27,83,28,0
3E5S,1912,A,119,GLN,HN,10,33,11,0,15,47,14,0,18,61,18,0,24,79,21,0,29,103,28,0
3E5S,1913,A,119,GLN,H,11,30,10,0,14,39,11,0,17,45,14,0,20,62,15,0,22,74,24,0
3E5S,1914,A,119,GLN,C,11,31,9,0,14,40,12,0,18,54,16,0,23,71,21,0,25,92,27,0
3E5S,1915,A,119,GLN,C,10,28,7,0,11,36,9,0,16,44,14,0,20,58,18,0,23,75,22,0
3E5S,1916,A,119,GLN,C,8,19,5,0,12,28,8,0,13,37,10,0,17,42,15,0,20,59,19,0
3E5S,1917,A,119,GLN,O,8,19,5,0,11,29,8,0,13,34,11,0,14,42,12,0,18,52,15,0
3E5S,1918,A,119,GLN,N,6,13,4,0,7,22,5,0,13,32,9,0,14,39,13,0,18,52,17,0
3E5S,1919,A,119,GLN,H,12,31,11,0,16,48,13,0,20,63,19,0,23,84,26,0,28,95,29,0
3E5S,1920,A,119,GLN,H,11,27,10,0,13,39,12,0,16,51,16,0,21,68,18,0,25,90,27,0
3E5S,1921,A,119,GLN,H,9,26,8,0,11,38,9,0,19,44,14,0,20,57,19,0,22,70,22,0
3E5S,1922,A,119,GLN,H,6,19,6,0,13,31,8,0,15,43,15,0,17,58,18,0,24,71,23,0
3E5S,1923,A,119,GLN,HN,6,13,3,0,8,21,5,0,10,31,10,0,15,40,13,0,19,54,18,0
3E5S,1924,A,119,GLN,HN,3,9,3,0,6,19,4,0,11,24,5,0,13,34,12,0,14,44,15,0
3E5S,1925,A,120,ALA,N,17,46,13,0,17,60,17,0,23,77,25,0,28,91,28,0,35,110,32,0
3E5S,1926,A,120,ALA,CA,15,49,15,0,21,65,19,0,23,80,28,0,27,95,30,0,34,117,31,0
3E5S,1927,A,120,ALA,C,13,49,13,0,17,61,18,0,23,78,25,0,28,91,28,0,32,108,31,0
3E5S,1928,A,120,ALA,O,12,42,15,0,17,62,18,0,21,77,22,0,27,88,28,0,29,100,31,0
3E5S,1929,A,120,ALA,HN,15,47,13,0,18,65,18,0,22,78,26,0,31,95,28,0,35,120,32,0
3E5S,1930,A,120,ALA,H,16,44,16,0,20,59,18,0,23,75,24,0,26,89,29,0,31,109,31,0
3E5S,1931,A,120,ALA,C,17,53,15,0,23,73,25,0,26,93,29,0,33,110,32,0,34,129,35,0
3E5S,1932,A,120,ALA,H,18,53,18,0,22,79,22,0,26,93,30,0,30,107,31,0,33,130,35,0
3E5S,1933,A,120,ALA,H,18,54,16,0,22,74,19,0,30,97,29,0,32,114,34,0,35,131,36,0
3E5S,1934,A,120,ALA,H,18,49,17,0,22,68,23,0,28,91,27,0,32,116,32,0,35,131,36,0
3E5S,1935,A,121,LYS,N,12,42,13,0,13,58,19,0,21,75,23,0,25,86,26,0,31,105,30,0
3E5S,1936,A,121,LYS,CA,9,40,10,0,13,50,17,0,15,66,20,0,24,78,25,0,27,92,29,0
3E5S,1937,A,121,LYS,C,8,34,9,0,10,44,13,0,16,54,16,0,20,68,22,0,24,80,26,0
3E5S,1938,A,121,LYS,O,7,33,9,0,11,39,11,0,14,51,14,0,18,62,19,0,21,73,25,0
3E5S,1939,A,121,LYS,HN,11,41,14,0,16,59,18,0,20,73,23,0,29,93,26,0,31,108,31,0
3E5S,1940,A,121,LYS,H,10,37,9,0,14,53,14,0,15,64,22,0,22,78,26,0,28,92,29,0
3E5S,1941,A,121,LYS,C,9,31,7,0,10,42,12,0,13,54,19,0,20,74,23,0,29,94,25,0
3E5S,1942,A,121,LYS,C,8,25,7,0,10,33,11,0,12,58,16,0,21,80,24,0,29,101,28,0
3E5S,1943,A,121,LYS,C,4,19,5,0,7,27,8,0,10,40,12,0,16,63,16,0,24,86,24,0
3E5S,1944,A,121,LYS,C,2,17,4,0,6,26,6,0,10,40,11,0,16,58,16,0,24,79,21,0
3E5S,1945,A,121,LYS,N,1,11,3,0,2,19,4,0,6,26,7,0,10,43,10,0,18,59,17,0
3E5S,1946,A,121,LYS,H,7,29,6,0,9,37,7,0,12,48,15,0,16,59,20,0,20,80,24,0
3E5S,1947,A,121,LYS,H,8,28,9,0,9,40,11,0,14,53,18,0,19,70,21,0,26,93,24,0
3E5S,1948,A,121,LYS,H,6,25,9,0,10,40,14,0,17,70,17,0,27,91,25,0,32,108,29,0
3E5S,1949,A,121,LYS,H,9,28,8,0,11,45,12,0,14,58,20,0,23,82,23,0,28,100,30,0
3E5S,1950,A,121,LYS,H,3,18,4,0,8,28,6,0,11,37,11,0,11,54,15,0,22,76,21,0
3E5S,1951,A,121,LYS,H,4,19,5,0,6,25,7,0,10,34,10,0,15,56,15,0,21,83,21,0
3E5S,1952,A,121,LYS,H,2,19,5,0,8,31,5,0,11,45,12,0,19,63,17,0,26,81,20,0
3E5S,1953,A,121,LYS,H,3,21,3,0,5,31,7,0,13,41,13,0,17,62,17,0,27,83,25,0
3E5S,1954,A,121,LYS,HN,1,9,2,0,3,17,3,0,5,24,6,0,12,40,10,0,17,52,15,0
3E5S,1955,A,121,LYS,HN,1,10,1,0,1,16,3,0,5,27,6,0,11,35,9,0,16,58,13,0
3E5S,1956,A,121,LYS,HN,0,9,2,0,3,17,4,0,5,20,5,0,10,38,8,0,18,56,16,0
3E5S,1957,A,122,LYS,N,8,30,9,0,9,39,14,0,14,51,16,0,20,61,18,0,24,80,24,0
3E5S,1958,A,122,LYS,CA,6,24,9,0,8,32,10,0,11,43,14,0,16,51,16,0,20,64,17,0
3E5S,1959,A,122,LYS,C,6,19,9,0,7,33,10,0,11,41,13,0,16,48,15,0,19,63,17,0
3E5S,1960,A,122,LYS,O,5,16,7,0,6,21,9,0,8,34,11,0,13,41,12,0,16,48,15,0
3E5S,1961,A,122,LYS,HN,8,27,11,0,12,40,13,0,15,56,17,0,22,69,19,0,25,81,22,0
3E5S,1962,A,122,LYS,H,5,19,6,0,7,29,9,0,8,35,11,0,14,47,14,0,18,57,16,0
3E5S,1963,A,122,LYS,C,6,19,9,0,10,24,11,0,10,35,11,0,14,50,15,0,18,62,17,0
3E5S,1964,A,122,LYS,C,5,15,6,0,6,18,8,0,9,25,10,0,10,31,11,0,15,48,15,0
3E5S,1965,A,122,LYS,C,3,11,5,0,5,18,7,0,9,21,10,0,11,28,11,0,14,40,13,0
3E5S,1966,A,122,LYS,C,1,2,3,0,3,10,5,0,5,17,5,0,9,20,9,0,10,30,11,0
3E5S,1967,A,122,LYS,N,0,0,1,0,1,2,3,0,3,9,5,0,6,18,6,0,9,24,10,0
3E5S,1968,A,122,LYS,H,8,19,9,0,10,25,11,0,12,40,12,0,14,52,15,0,20,66,17,0
3E5S,1969,A,122,LYS,H,7,21,9,0,9,26,11,0,14,39,12,0,17,52,14,0,18,65,19,0
3E5S,1970,A,122,LYS,H,3,10,4,0,6,19,6,0,7,24,9,0,10,30,11,0,15,43,14,0
3E5S,1971,A,122,LYS,H,3,12,6,0,5,18,8,0,7,24,9,0,10,31,11,0,13,42,13,0
3E5S,1972,A,122,LYS,H,2,10,4,0,5,13,7,0,8,20,8,0,11,26,11,0,12,38,12,0
3E5S,1973,A,122,LYS,H,4,13,4,0,7,20,8,0,11,25,11,0,13,34,12,0,15,46,13,0
3E5S,1974,A,122,LYS,H,1,1,2,0,3,7,4,0,4,15,5,0,7,20,8,0,10,24,10,0
3E5S,1975,A,122,LYS,H,2,3,3,0,3,11,4,0,7,18,6,0,8,25,9,0,11,31,12,0
3E5S,1976,A,122,LYS,HN,0,0,0,0,1,0,2,0,2,6,4,0,4,16,5,0,8,22,7,0
3E5S,1977,A,122,LYS,HN,1,0,2,0,1,3,4,0,5,13,5,0,6,20,8,0,8,27,10,0
3E5S,1978,A,122,LYS,HN,0,0,1,0,1,0,1,0,2,7,5,0,4,14,5,0,6,21,8,0
3E5S,1979,A,123,GLU,N,7,30,7,0,10,37,10,0,16,43,12,0,20,58,15,0,25,75,20,0
3E5S,1980,A,123,GLU,CA,6,24,6,0,9,33,9,0,15,41,13,0,20,54,15,0,23,69,20,0
3E5S,1981,A,123,GLU,C,6,27,7,0,10,33,8,0,15,45,13,0,18,58,20,0,22,71,21,0
3E5S,1982,A,123,GLU,O,5,22,7,0,9,30,7,0,12,39,12,0,16,52,19,0,20,64,21,0
3E5S,1983,A,123,GLU,HN,7,32,9,0,12,42,12,0,18,53,15,0,23,71,18,0,26,85,21,0
3E5S,1984,A,123,GLU,H,5,19,5,0,8,27,7,0,11,36,10,0,16,43,13,0,20,56,16,0
3E5S,1985,A,123,GLU,C,7,25,9,0,10,31,11,0,15,47,14,0,20,63,18,0,25,73,19,0
3E5S,1986,A,123,GLU,C,9,23,7,0,10,31,10,0,16,43,13,0,19,52,16,0,22,69,17,0
3E5S,1987,A,123,GLU,C,10,24,8,0,12,33,11,0,16,44,15,0,20,53,16,0,22,71,20,0
3E5S,1988,A,123,GLU,O,11,27,8,0,14,37,14,0,18,47,16,0,21,57,19,0,26,76,22,0
3E5S,1989,A,123,GLU,O,8,21,7,0,11,30,10,0,16,40,13,0,20,53,15,0,21,60,19,0
3E5S,1990,A,123,GLU,H,7,19,6,0,9,25,11,0,13,42,15,0,20,58,17,0,25,68,19,0
3E5S,1991,A,123,GLU,H,9,27,8,0,13,40,13,0,19,58,18,0,24,70,19,0,26,83,22,0
3E5S,1992,A,123,GLU,H,10,26,7,0,11,31,10,0,14,44,12,0,20,55,16,0,22,71,18,0
3E5S,1993,A,123,GLU,H,7,20,5,0,11,26,8,0,11,31,12,0,16,44,14,0,19,56,17,0
3E5S,1994,A,124,LYS,N,8,29,8,0,9,36,12,0,13,45,17,0,17,62,21,0,22,74,23,0
3E5S,1995,A,124,LYS,CA,8,29,8,0,10,38,12,0,11,47,17,0,14,61,19,0,20,70,23,0
3E5S,1996,A,124,LYS,C,9,31,10,0,12,43,15,0,13,52,19,0,16,64,21,0,19,80,22,0
3E5S,1997,A,124,LYS,O,7,27,9,0,10,38,14,0,12,47,15,0,14,56,19,0,16,70,21,0
3E5S,1998,A,124,LYS,HN,9,28,9,0,10,37,11,0,15,50,15,0,17,64,21,0,23,70,24,0
3E5S,1999,A,124,LYS,H,9,32,9,0,10,43,14,0,13,54,17,0,17,65,21,0,21,77,23,0
3E5S,2000,A,124,LYS,C,7,19,8,0,8,29,10,0,10,39,12,0,11,49,17,0,15,60,19,0
3E5S,2001,A,124,LYS,C,5,17,6,0,7,26,9,0,8,34,11,0,10,44,14,0,13,56,16,0
3E5S,2002,A,124,LYS,C,3,10,5,0,5,15,7,0,7,25,10,0,9,37,10,0,11,47,14,0
3E5S,2003,A,124,LYS,C,1,5,4,0,3,10,6,0,6,16,9,0,7,25,10,0,9,37,10,0
3E5S,2004,A,124,LYS,N,1,4,2,0,1,6,4,0,2,9,6,0,5,16,9,0,7,25,10,0
3E5S,2005,A,124,LYS,H,5,20,10,0,9,28,10,0,9,41,10,0,11,53,16,0,14,59,18,0
3E5S,2006,A,124,LYS,H,5,16,7,0,7,25,9,0,8,34,12,0,11,42,13,0,13,55,18,0
3E5S,2007,A,124,LYS,H,4,13,5,0,6,22,5,0,7,32,11,0,11,42,14,0,13,50,15,0
3E5S,2008,A,124,LYS,H,6,22,5,0,8,30,10,0,11,39,13,0,12,50,14,0,15,59,17,0
3E5S,2009,A,124,LYS,H,1,8,5,0,5,14,6,0,6,25,8,0,9,32,10,0,11,43,13,0
3E5S,2010,A,124,LYS,H,3,9,5,0,5,19,10,0,9,30,10,0,10,41,10,0,11,48,13,0
3E5S,2011,A,124,LYS,H,2,6,4,0,3,9,7,0,5,17,10,0,8,28,10,0,9,38,10,0
3E5S,2012,A,124,LYS,H,1,4,4,0,3,10,5,0,4,14,7,0,7,23,10,0,8,31,11,0
3E5S,2013,A,124,LYS,HN,0,2,2,0,1,4,2,0,1,7,5,0,4,10,7,0,6,18,9,0
3E5S,2014,A,124,LYS,HN,0,1,1,0,1,4,3,0,2,9,6,0,5,13,6,0,7,24,10,0
3E5S,2015,A,124,LYS,HN,1,4,2,0,1,6,3,0,3,7,6,0,4,17,8,0,8,26,10,0
3E5S,2016,A,125,LEU,N,11,38,13,0,13,45,17,0,17,60,22,0,22,79,23,0,25,92,25,0
3E5S,2017,A,125,LEU,CA,11,33,11,0,15,49,18,0,16,67,22,0,22,81,24,0,25,92,27,0
3E5S,2018,A,125,LEU,C,10,40,12,0,13,53,16,0,16,68,21,0,20,80,25,0,29,107,29,0
3E5S,2019,A,125,LEU,O,11,42,13,0,15,58,18,0,17,76,22,0,24,99,28,0,32,117,30,0
3E5S,2020,A,125,LEU,HN,11,39,13,0,15,52,19,0,19,67,22,0,24,84,25,0,26,98,28,0
3E5S,2021,A,125,LEU,H,9,29,10,0,15,40,17,0,15,59,19,0,18,68,23,0,23,84,25,0
3E5S,2022,A,125,LEU,C,15,31,14,0,18,48,18,0,20,72,22,0,24,89,25,0,27,103,30,0
3E5S,2023,A,125,LEU,C,12,24,11,0,18,41,15,0,19,59,20,0,23,82,24,0,25,103,27,0
3E5S,2024,A,125,LEU,C,7,19,9,0,12,29,12,0,18,44,16,0,20,62,20,0,22,85,24,0
3E5S,2025,A,125,LEU,C,14,28,12,0,16,38,15,0,20,57,19,0,25,82,24,0,28,102,27,0
3E5S,2026,A,125,LEU,H,15,39,16,0,20,63,19,0,24,79,23,0,25,97,28,0,29,116,32,0
3E5S,2027,A,125,LEU,H,13,33,15,0,19,53,19,0,22,67,22,0,24,85,26,0,27,101,28,0
3E5S,2028,A,125,LEU,H,9,26,10,0,15,42,14,0,19,61,19,0,21,83,24,0,26,105,29,0
3E5S,2029,A,125,LEU,H,6,15,9,0,10,23,10,0,14,34,13,0,19,54,19,0,20,74,23,0
3E5S,2030,A,125,LEU,H,7,19,10,0,13,30,12,0,17,43,17,0,20,60,21,0,23,78,24,0
3E5S,2031,A,125,LEU,H,5,18,7,0,12,28,12,0,17,42,15,0,18,61,18,0,21,74,25,0
3E5S,2032,A,125,LEU,H,11,22,9,0,14,33,15,0,17,50,17,0,23,75,22,0,28,94,26,0
3E5S,2033,A,125,LEU,H,13,28,15,0,20,49,16,0,24,73,21,0,28,93,26,0,29,111,30,0
3E5S,2034,A,125,LEU,H,11,26,12,0,17,35,16,0,20,51,20,0,25,76,24,0,28,94,25,0
3E5S,2035,A,126,ASN,N,8,37,9,0,10,49,13,0,14,62,16,0,18,74,23,0,22,100,29,0
3E5S,2036,A,126,ASN,CA,6,37,7,0,9,47,10,0,14,60,18,0,17,81,23,0,26,102,26,0
3E5S,2037,A,126,ASN,C,8,36,8,0,10,46,11,0,12,66,16,0,17,84,21,0,26,102,26,0
3E5S,2038,A,126,ASN,O,5,31,8,0,10,43,10,0,10,61,12,0,15,76,18,0,24,88,24,0
3E5S,2039,A,126,ASN,HN,6,32,9,0,8,43,11,0,12,57,14,0,18,67,19,0,21,84,26,0
3E5S,2040,A,126,ASN,H,6,29,7,0,8,41,9,0,10,56,14,0,16,73,21,0,20,89,23,0
3E5S,2041,A,126,ASN,C,6,38,6,0,11,51,11,0,15,69,21,0,21,90,24,0,29,113,30,0
3E5S,2042,A,126,ASN,C,5,30,5,0,8,45,10,0,13,59,17,0,20,80,24,0,26,104,26,0
3E5S,2043,A,126,ASN,O,5,27,5,0,9,47,10,0,13,64,18,0,21,86,23,0,31,104,30,0
3E5S,2044,A,126,ASN,N,3,24,4,0,7,37,10,0,11,52,12,0,16,67,21,0,21,91,26,0
3E5S,2045,A,126,ASN,H,9,33,7,0,13,51,13,0,14,69,20,0,21,95,25,0,30,115,29,0
3E5S,2046,A,126,ASN,H,9,37,7,0,10,55,14,0,16,78,21,0,25,97,27,0,30,128,32,0
3E5S,2047,A,126,ASN,HN,1,25,5,0,9,37,9,0,10,50,13,0,15,65,18,0,21,88,24,0
3E5S,2048,A,126,ASN,HN,1,19,3,0,5,30,8,0,10,47,10,0,15,62,15,0,22,83,25,0
3E5S,2049,A,127,ILE,N,9,37,9,0,11,52,14,0,17,68,18,0,22,90,23,0,28,117,35,0
3E5S,2050,A,127,ILE,CA,11,37,10,0,11,51,13,0,18,68,16,0,20,92,23,0,29,113,30,0
3E5S,2051,A,127,ILE,C,5,31,7,0,10,42,11,0,14,69,14,0,20,78,20,0,25,100,24,0
3E5S,2052,A,127,ILE,O,6,26,7,0,7,38,8,0,12,54,12,0,19,71,15,0,22,82,24,0
3E5S,2053,A,127,ILE,HN,9,40,10,0,11,56,16,0,19,75,18,0,24,102,28,0,35,130,37,0
3E5S,2054,A,127,ILE,H,8,34,8,0,13,49,11,0,15,64,14,0,19,85,22,0,25,105,30,0
3E5S,2055,A,127,ILE,C,10,42,8,0,14,54,12,0,17,75,18,0,25,99,27,0,31,118,36,0
3E5S,2056,A,127,ILE,C,10,41,8,0,13,60,17,0,19,84,22,0,28,97,26,0,36,127,36,0
3E5S,2057,A,127,ILE,C,11,42,9,0,16,58,13,0,19,81,21,0,26,102,29,0,33,124,38,0
3E5S,2058,A,127,ILE,C,8,39,9,0,13,60,14,0,21,88,21,0,29,109,28,0,34,132,39,0
3E5S,2059,A,127,ILE,H,7,40,7,0,12,49,10,0,16,66,18,0,22,90,26,0,28,113,32,0
3E5S,2060,A,127,ILE,H,10,35,7,0,12,58,15,0,18,76,21,0,26,94,25,0,33,117,33,0
3E5S,2061,A,127,ILE,H,9,47,11,0,14,67,17,0,20,86,24,0,31,104,29,0,36,138,38,0
3E5S,2062,A,127,ILE,H,10,45,9,0,16,59,15,0,20,76,22,0,28,101,31,0,33,133,44,0
3E5S,2063,A,127,ILE,H,12,39,10,0,13,62,15,0,24,83,22,0,26,109,31,0,35,134,39,0
3E5S,2064,A,127,ILE,H,10,34,7,0,16,60,15,0,20,78,22,0,24,91,27,0,30,116,35,0
3E5S,2065,A,127,ILE,H,9,41,12,0,16,62,14,0,22,86,20,0,27,112,31,0,38,137,41,0
3E5S,2066,A,127,ILE,H,9,45,11,0,14,62,16,0,23,86,20,0,29,114,32,0,37,143,47,0
3E5S,2067,A,127,ILE,H,8,30,7,0,11,49,12,0,17,75,22,0,28,101,26,0,32,123,42,0
3E5S,2068,A,128,TRP,N,7,31,8,0,9,46,12,0,16,57,16,0,20,80,23,0,27,95,28,0
3E5S,2069,A,128,TRP,CA,6,29,9,0,10,40,10,0,14,52,14,0,17,66,21,0,23,86,26,0
3E5S,2070,A,128,TRP,C,6,24,9,0,7,34,10,0,13,45,12,0,15,52,15,0,18,72,21,0
3E5S,2071,A,128,TRP,O,6,20,9,0,9,28,9,0,10,42,11,0,14,48,15,0,16,61,17,0
3E5S,2072,A,128,TRP,HN,9,34,11,0,10,50,15,0,17,64,19,0,22,86,26,0,29,103,30,0
3E5S,2073,A,128,TRP,H,5,24,9,0,7,36,9,0,13,45,11,0,18,62,18,0,20,83,22,0
3E5S,2074,A,128,TRP,C,8,32,11,0,11,43,12,0,15,58,20,0,21,74,23,0,24,85,25,0
3E5S,2075,A,128,TRP,C,10,29,8,0,13,49,18,0,19,71,23,0,24,84,24,0,25,99,32,0
3E5S,2076,A,128,TRP,C,13,38,14,0,19,61,19,0,22,80,24,0,24,96,30,0,29,111,35,0
3E5S,2077,A,128,TRP,C,5,29,10,0,14,41,14,0,19,61,18,0,21,83,25,0,25,98,32,0
3E5S,2078,A,128,TRP,N,14,38,12,0,20,55,18,0,23,76,25,0,25,103,33,0,33,119,35,0
3E5S,2079,A,128,TRP,C,10,30,10,0,17,45,13,0,22,66,21,0,22,91,29,0,31,109,32,0
3E5S,2080,A,128,TRP,C,5,18,6,0,8,36,11,0,15,44,15,0,19,62,19,0,22,88,29,0
3E5S,2081,A,128,TRP,C,7,28,8,0,13,40,13,0,20,55,20,0,25,79,25,0,31,116,29,0
3E5S,2082,A,128,TRP,C,2,16,4,0,6,25,9,0,11,37,12,0,17,57,18,0,22,77,25,0
3E5S,2083,A,128,TRP,C,5,22,5,0,7,28,8,0,14,40,14,0,20,63,21,0,28,95,28,0
3E5S,2084,A,128,TRP,H,9,32,10,0,11,39,14,0,13,54,16,0,18,61,23,0,22,81,24,0
3E5S,2085,A,128,TRP,H,10,38,11,0,12,47,15,0,16,58,21,0,20,76,25,0,24,90,26,0
3E5S,2086,A,128,TRP,H,12,41,16,0,19,61,21,0,22,83,25,0,27,100,31,0,30,110,35,0
3E5S,2087,A,128,TRP,HN,13,45,14,0,20,60,19,0,24,84,26,0,29,106,33,0,37,133,39,0
3E5S,2088,A,128,TRP,H,4,16,4,0,7,31,11,0,9,44,13,0,17,54,16,0,21,74,21,0
3E5S,2089,A,128,TRP,H,8,35,8,0,12,43,16,0,21,62,21,0,29,87,25,0,35,119,33,0
3E5S,2090,A,128,TRP,H,2,15,2,0,4,18,4,0,7,29,11,0,11,44,15,0,18,64,18,0
3E5S,2091,A,128,TRP,H,4,18,5,0,5,27,7,0,11,36,11,0,18,57,18,0,28,84,24,0
3E5S,2092,A,129,SER,N,7,29,5,0,9,40,9,0,11,50,11,0,15,64,13,0,19,73,18,0
3E5S,2093,A,129,SER,CA,6,21,5,0,7,30,6,0,9,41,9,0,11,54,11,0,15,65,13,0
3E5S,2094,A,129,SER,C,5,20,5,0,6,30,5,0,8,38,7,0,10,48,11,0,13,56,12,0
3E5S,2095,A,129,SER,O,4,12,4,0,5,22,4,0,7,33,5,0,9,38,8,0,10,49,11,0
3E5S,2096,A,129,SER,HN,7,32,6,0,9,42,9,0,13,52,12,0,15,67,12,0,20,79,17,0
3E5S,2097,A,129,SER,H,6,18,5,0,6,25,7,0,8,36,8,0,12,50,10,0,14,60,12,0
3E5S,2098,A,129,SER,C,6,20,6,0,8,29,6,0,9,36,10,0,11,49,11,0,15,64,14,0
3E5S,2099,A,129,SER,OH,6,23,5,0,8,33,8,0,8,39,10,0,13,55,11,0,14,71,17,0
3E5S,2100,A,129,SER,H,6,22,6,0,7,31,8,0,11,43,11,0,13,55,13,0,15,63,14,0
3E5S,2101,A,129,SER,H,6,17,6,0,8,21,6,0,8,31,8,0,10,40,10,0,12,51,12,0
3E5S,2102,A,129,SER,HO,6,19,5,0,8,28,7,0,8,34,10,0,10,46,11,0,14,64,13,0
3E5S,2103,A,129,SER,O,4,20,5,0,6,34,5,0,9,42,7,0,11,50,10,0,14,63,15,0
3E5S,2104,B,130,LEU,N,3,12,5,0,8,21,6,0,11,34,8,0,15,42,13,0,18,55,15,0
3E5S,2105,B,130,LEU,CA,9,19,6,0,11,31,7,0,13,44,11,0,19,55,14,0,22,74,18,0
3E5S,2106,B,130,LEU,C,4,15,4,0,10,25,8,0,13,40,10,0,16,53,13,0,20,72,18,0
3E5S,2107,B,130,LEU,O,4,10,4,0,5,17,5,0,11,27,8,0,14,42,10,0,16,57,16,0
3E5S,2108,B,130,LEU,H,4,15,4,0,7,21,7,0,13,33,10,0,14,41,11,0,21,60,17,0
3E5S,2109,B,130,LEU,H,2,10,4,0,6,17,5,0,10,30,7,0,13,41,10,0,17,52,14,0
3E5S,2110,B,130,LEU,H,3,10,3,0,6,18,6,0,10,27,6,0,12,38,11,0,18,49,14,0
3E5S,2111,B,130,LEU,H,9,21,7,0,11,31,7,0,16,43,12,0,19,57,16,0,22,81,19,0
3E5S,2112,B,130,LEU,C,8,26,7,0,12,40,8,0,16,52,11,0,21,66,16,0,26,87,22,1
3E5S,2113,B,130,LEU,C,9,30,8,0,14,40,9,0,18,58,14,0,23,80,21,1,27,98,24,1
3E5S,2114,B,130,LEU,C,8,24,7,0,13,35,12,0,17,51,14,0,22,68,18,0,27,86,23,1
3E5S,2115,B,130,LEU,C,8,34,9,0,13,45,10,0,18,67,18,1,23,86,21,1,31,113,28,1
3E5S,2116,B,130,LEU,H,8,30,6,0,10,41,9,0,17,59,12,0,21,72,13,1,26,96,27,1
3E5S,2117,B,130,LEU,H,6,21,6,0,10,36,9,0,13,49,10,0,18,60,14,1,23,79,19,1
3E5S,2118,B,130,LEU,H,10,31,8,0,17,47,12,0,20,67,17,0,24,87,22,0,29,103,27,1
3E5S,2119,B,130,LEU,H,11,25,10,0,14,42,14,0,17,54,16,0,24,70,18,0,27,89,25,1
3E5S,2120,B,130,LEU,H,8,21,7,0,12,31,10,0,14,44,13,0,19,59,16,0,24,79,20,1
3E5S,2121,B,130,LEU,H,6,19,8,0,11,31,10,0,17,43,13,0,20,59,18,0,25,79,21,0
3E5S,2122,B,130,LEU,H,10,37,8,0,15,54,13,0,20,68,20,1,25,91,23,1,36,118,27,1
3E5S,2123,B,130,LEU,H,10,35,9,0,12,51,11,1,17,74,18,1,29,92,23,1,31,124,31,1
3E5S,2124,B,130,LEU,H,7,29,8,0,11,43,10,0,15,60,15,1,20,83,20,1,31,104,23,1
3E5S,2125,B,131,HIS,N,5,18,7,0,8,30,9,0,12,46,11,0,16,65,16,0,19,84,18,0
3E5S,2126,B,131,HIS,CA,5,20,7,0,5,26,8,0,12,39,13,0,16,57,16,0,19,76,16,0
3E5S,2127,B,131,HIS,C,5,25,9,0,9,36,13,0,12,51,15,0,18,69,16,0,23,90,20,0
3E5S,2128,B,131,HIS,O,7,28,10,0,10,43,12,0,14,62,15,0,19,79,18,0,23,106,23,0
3E5S,2129,B,131,HIS,HN,7,21,9,0,10,36,10,0,15,55,13,0,17,76,18,0,24,89,22,0
3E5S,2130,B,131,HIS,H,3,16,6,0,6,23,8,0,8,34,11,0,12,52,15,0,18,65,16,0
3E5S,2131,B,131,HIS,C,3,16,6,0,6,21,8,0,8,29,10,0,14,42,13,0,16,64,16,0
3E5S,2132,B,131,HIS,C,5,15,7,0,7,25,7,0,11,31,11,0,13,46,12,0,16,67,17,0
3E5S,2133,B,131,HIS,N,6,14,6,0,8,26,8,0,12,33,10,0,14,49,13,0,15,65,14,0
3E5S,2134,B,131,HIS,C,5,12,5,0,9,24,8,0,11,36,10,0,12,55,13,0,15,65,16,0
3E5S,2135,B,131,HIS,C,7,17,5,0,10,26,8,0,11,38,10,0,14,51,12,0,15,67,17,0
3E5S,2136,B,131,HIS,N,6,12,6,0,10,27,7,0,11,40,10,0,13,53,12,0,14,68,15,0
3E5S,2137,B,131,HIS,H,3,11,4,0,3,17,6,0,6,25,8,0,9,34,11,0,16,48,14,0
3E5S,2138,B,131,HIS,H,3,13,4,0,3,19,7,0,7,26,10,0,11,38,12,0,16,55,16,0
3E5S,2139,B,131,HIS,HN,5,13,4,0,9,28,8,0,11,34,10,0,12,42,13,0,16,59,16,0
3E5S,2140,B,131,HIS,H,3,10,6,0,8,21,8,0,10,40,10,0,11,53,13,0,16,64,16,0
3E5S,2141,B,131,HIS,H,6,12,5,0,10,26,7,0,12,40,10,0,13,53,13,0,16,62,15,0
3E5S,2142,B,131,HIS,HN,7,16,4,0,9,28,7,0,11,43,11,0,13,54,11,0,16,66,14,0
3E5S,2143,B,132,LYS,N,8,26,9,0,9,36,14,0,11,52,14,0,19,67,16,0,23,89,20,0
3E5S,2144,B,132,LYS,CA,8,31,11,0,9,42,14,0,16,59,17,0,20,81,19,0,26,102,24,0
3E5S,2145,B,132,LYS,C,8,29,10,0,11,38,15,0,13,57,16,0,19,75,18,0,25,99,21,0
3E5S,2146,B,132,LYS,O,7,26,7,0,10,31,12,0,12,43,14,0,15,59,18,0,20,85,19,0
3E5S,2147,B,132,LYS,HN,5,22,8,0,9,32,10,0,11,42,14,0,15,59,16,0,22,75,19,0
3E5S,2148,B,132,LYS,H,9,36,13,0,12,54,16,0,16,71,18,0,22,92,21,0,29,115,25,1
3E5S,2149,B,132,LYS,C,6,30,8,0,11,39,13,0,15,58,19,0,22,81,21,0,24,100,24,1
3E5S,2150,B,132,LYS,C,5,27,10,0,11,40,13,0,19,63,17,0,22,86,22,1,26,102,24,1
3E5S,2151,B,132,LYS,C,6,23,8,0,11,37,13,0,16,59,19,0,23,77,20,1,27,98,25,1
3E5S,2152,B,132,LYS,C,3,18,5,0,9,35,10,0,14,52,17,1,20,66,21,1,25,97,22,1
3E5S,2153,B,132,LYS,N,3,19,7,0,7,31,10,0,15,46,16,1,17,66,21,1,23,87,23,1
3E5S,2154,B,132,LYS,H,7,31,11,0,11,49,14,0,18,65,19,0,21,87,24,0,26,106,26,1
3E5S,2155,B,132,LYS,H,7,27,7,0,9,37,10,0,13,48,17,0,20,60,20,0,22,92,24,0
3E5S,2156,B,132,LYS,H,4,27,7,0,10,37,12,0,15,54,14,0,21,71,18,1,23,95,22,1
3E5S,2157,B,132,LYS,H,8,30,11,0,12,51,15,0,19,70,17,1,25,91,22,1,28,115,27,1
3E5S,2158,B,132,LYS,H,8,26,12,0,13,45,16,0,18,65,19,1,21,85,21,1,28,106,27,1
3E5S,2159,B,132,LYS,H,4,21,8,0,9,32,10,0,14,54,17,0,19,69,19,0,26,87,24,1
3E5S,2160,B,132,LYS,H,0,17,5,0,5,23,8,0,11,41,12,0,18,61,18,1,23,78,22,1
3E5S,2161,B,132,LYS,H,5,26,6,0,11,42,13,1,15,53,17,1,20,74,22,1,29,106,24,1
3E5S,2162,B,132,LYS,HN,3,17,6,0,6,26,8,0,9,40,13,1,17,57,19,1,20,81,23,1
3E5S,2163,B,132,LYS,HN,5,22,8,0,8,33,12,0,14,53,17,1,18,74,21,1,25,95,24,1
3E5S,2164,B,132,LYS,HN,2,16,5,0,6,25,9,0,12,41,14,0,16,60,21,1,20,76,23,1
3E5S,2165,B,133,GLU,N,10,32,8,0,11,46,11,0,15,67,16,0,21,91,17,0,28,107,21,0
3E5S,2166,B,133,GLU,CA,8,32,7,0,11,42,8,0,14,62,12,0,20,81,18,0,25,105,19,0
3E5S,2167,B,133,GLU,C,6,31,9,0,12,48,10,0,17,65,13,0,21,93,17,0,28,113,22,0
3E5S,2168,B,133,GLU,O,6,32,9,0,13,51,12,0,16,84,14,0,24,106,20,0,30,119,24,0
3E5S,2169,B,133,GLU,HN,10,37,11,0,11,55,13,0,18,80,16,0,23,98,20,0,29,120,23,0
3E5S,2170,B,133,GLU,H,7,25,5,0,11,35,8,0,13,50,9,0,18,67,15,0,22,89,19,0
3E5S,2171,B,133,GLU,C,9,34,4,0,13,51,6,0,15,62,14,0,19,78,17,0,24,103,21,1
3E5S,2172,B,133,GLU,C,11,31,4,0,12,45,6,0,14,61,11,0,16,69,16,0,24,92,19,0
3E5S,2173,B,133,GLU,C,8,28,4,0,13,42,5,0,14,53,6,0,16,64,12,0,20,79,21,1
3E5S,2174,B,133,GLU,O,7,22,4,0,12,38,4,0,14,48,5,0,16,61,9,0,18,70,17,1
3E5S,2175,B,133,GLU,O,9,26,3,0,11,35,5,0,14,48,8,0,16,64,10,0,20,77,15,1
3E5S,2176,B,133,GLU,H,8,32,4,0,11,44,5,0,15,59,10,0,19,68,15,0,23,90,17,1
3E5S,2177,B,133,GLU,H,10,40,5,0,12,58,8,0,17,70,14,0,22,89,18,1,26,115,25,1
3E5S,2178,B,133,GLU,H,11,34,6,0,12,50,8,0,16,61,13,0,18,82,16,0,24,101,21,0
3E5S,2179,B,133,GLU,H,10,23,4,0,11,41,4,0,13,53,10,0,17,65,14,0,20,79,18,0
3E5S,2180,B,134,PRO,N,5,24,9,0,12,39,12,0,13,59,13,0,17,77,17,0,25,104,21,0
3E5S,2181,B,134,PRO,CA,7,27,9,0,9,43,10,0,13,57,16,0,18,80,18,0,26,103,21,1
3E5S,2182,B,134,PRO,C,8,33,8,0,10,51,11,0,15,67,15,0,20,86,21,1,24,106,24,2
3E5S,2183,B,134,PRO,O,8,33,7,0,10,49,11,0,14,67,15,1,19,85,21,2,25,113,25,2
3E5S,2184,B,134,PRO,H,7,31,8,0,9,42,12,0,14,56,16,0,21,81,18,0,25,111,22,1
3E5S,2185,B,134,PRO,C,6,18,5,0,8,36,8,0,12,45,12,0,16,63,17,0,19,81,18,1
3E5S,2186,B,134,PRO,C,3,13,5,0,8,30,8,0,12,45,10,0,14,58,15,0,19,72,19,1
3E5S,2187,B,134,PRO,C,4,16,7,0,9,30,9,0,12,46,12,0,15,62,13,0,19,81,18,0
3E5S,2188,B,134,PRO,H,4,15,5,0,7,27,8,0,10,36,12,0,14,52,16,0,20,73,17,0
3E5S,2189,B,134,PRO,H,5,14,4,0,8,34,6,0,11,50,13,0,14,58,17,1,17,76,20,1
3E5S,2190,B,134,PRO,H,2,5,3,0,6,16,5,0,9,36,9,0,13,48,12,0,16,63,16,1
3E5S,2191,B,134,PRO,H,5,17,6,0,8,34,9,0,10,48,11,0,16,58,16,1,17,77,19,1
3E5S,2192,B,134,PRO,H,4,15,6,0,8,27,10,0,11,40,11,0,13,56,12,0,17,67,15,0
3E5S,2193,B,134,PRO,H,5,14,5,0,7,38,9,0,14,48,12,0,16,58,14,0,20,80,16,0
3E5S,2194,B,135,ALA,N,10,36,7,0,11,56,12,0,15,73,17,1,21,88,21,1,25,120,28,2
3E5S,2195,B,135,ALA,CA,9,39,6,0,12,55,11,1,15,75,17,1,21,99,23,2,26,125,28,2
3E5S,2196,B,135,ALA,C,8,37,6,0,11,47,11,1,14,71,15,1,21,101,22,1,27,128,29,2
3E5S,2197,B,135,ALA,O,8,37,10,0,11,50,10,0,16,74,17,1,21,99,22,1,29,127,31,1
3E5S,2198,B,135,ALA,HN,8,36,9,0,12,49,13,0,15,69,15,0,20,93,20,1,26,126,27,1
3E5S,2199,B,135,ALA,H,9,36,7,1,12,53,10,1,14,71,14,1,18,92,20,2,21,114,26,2
3E5S,2200,B,135,ALA,C,10,48,9,0,14,60,11,0,17,83,17,2,23,116,26,2,30,146,35,2
3E5S,2201,B,135,ALA,H,9,45,9,0,14,64,13,1,19,91,17,2,23,119,22,2,29,149,34,2
3E5S,2202,B,135,ALA,H,10,48,9,0,14,65,13,0,16,86,18,1,24,124,24,2,33,157,36,2
3E5S,2203,B,135,ALA,H,8,47,9,0,13,63,11,0,18,83,18,2,22,115,27,2,33,147,33,2
3E5S,2204,B,136,THR,N,8,29,6,1,12,46,10,1,14,67,14,1,18,92,21,1,24,118,25,2
3E5S,2205,B,136,THR,CA,6,28,6,1,8,40,8,1,14,55,16,1,20,85,20,1,25,117,25,1
3E5S,2206,B,136,THR,C,8,32,7,1,9,40,9,1,14,65,18,1,23,97,22,1,30,123,25,1
3E5S,2207,B,136,THR,O,7,35,7,1,11,50,12,1,17,77,15,1,24,104,22,1,29,129,26,2
3E5S,2208,B,136,THR,HN,8,33,8,1,12,46,10,1,15,65,15,1,18,91,21,1,21,115,25,2
3E5S,2209,B,136,THR,H,6,28,6,0,9,41,11,1,13,59,15,1,19,79,19,1,28,115,29,1
3E5S,2210,B,136,THR,C,5,21,4,1,7,34,8,1,12,45,12,1,15,65,16,1,21,93,22,1
3E5S,2211,B,136,THR,OH,5,19,4,1,9,34,10,1,12,47,12,1,15,63,16,1,19,89,21,1
3E5S,2212,B,136,THR,C,3,13,4,1,6,25,6,1,11,40,8,1,14,60,16,1,18,70,20,1
3E5S,2213,B,136,THR,H,4,20,3,1,7,31,8,1,9,40,11,1,15,61,16,1,22,87,20,1
3E5S,2214,B,136,THR,HO,4,17,4,1,7,26,8,1,12,40,11,1,13,55,14,1,18,73,18,1
3E5S,2215,B,136,THR,H,3,9,3,1,4,15,5,1,7,33,6,1,13,48,12,1,16,64,17,1
3E5S,2216,B,136,THR,H,4,14,5,1,9,26,6,1,12,46,9,1,14,60,15,1,18,76,19,1
3E5S,2217,B,136,THR,H,3,12,5,1,6,22,7,1,9,39,8,1,13,56,13,1,18,73,20,1
3E5S,2218,B,137,LEU,N,7,30,8,0,11,41,11,1,15,64,17,1,19,84,22,1,31,116,29,1
3E5S,2219,B,137,LEU,CA,7,35,8,0,10,51,12,0,15,63,15,1,20,87,25,1,27,119,30,1
3E5S,2220,B,137,LEU,C,7,27,8,0,8,44,8,1,12,58,13,1,19,76,18,1,25,100,28,1
3E5S,2221,B,137,LEU,O,5,22,5,0,7,34,8,1,10,47,11,1,15,67,16,1,23,88,23,1
3E5S,2222,B,137,LEU,HN,6,29,9,0,11,43,12,0,17,58,16,1,18,79,21,1,24,110,28,1
3E5S,2223,B,137,LEU,H,7,42,9,0,11,52,11,0,16,73,15,1,24,100,26,1,31,135,32,1
3E5S,2224,B,137,LEU,C,7,34,8,0,12,52,12,0,16,65,21,0,20,81,24,1,27,113,30,1
3E5S,2225,B,137,LEU,C,7,36,8,0,12,46,13,0,15,64,17,0,19,86,26,0,29,108,30,1
3E5S,2226,B,137,LEU,C,8,42,9,0,12,54,16,0,17,72,18,0,20,103,25,0,33,132,32,0
3E5S,2227,B,137,LEU,C,7,26,10,0,10,46,14,0,17,63,17,0,21,83,23,0,25,104,32,0
3E5S,2228,B,137,LEU,H,5,26,7,0,11,42,10,0,14,61,18,0,17,75,24,1,24,99,28,1
3E5S,2229,B,137,LEU,H,10,34,9,0,15,52,15,0,17,69,22,0,25,93,27,0,26,126,32,1
3E5S,2230,B,137,LEU,H,6,35,7,0,10,46,10,0,13,59,16,0,17,80,20,0,28,101,28,1
3E5S,2231,B,137,LEU,H,9,40,12,0,11,57,14,0,17,71,21,0,23,97,24,0,30,127,34,0
3E5S,2232,B,137,LEU,H,9,39,10,0,15,54,16,0,18,85,21,0,27,114,30,0,34,139,36,1
3E5S,2233,B,137,LEU,H,9,41,8,0,11,54,14,0,15,79,19,0,27,106,24,0,33,135,30,1
3E5S,2234,B,137,LEU,H,6,27,10,0,12,43,14,0,14,64,15,0,21,79,24,0,24,98,29,0
3E5S,2235,B,137,LEU,H,7,21,9,0,7,39,12,0,16,56,18,0,20,72,19,0,22,93,27,0
3E5S,2236,B,137,LEU,H,7,30,13,0,11,47,16,0,16,71,19,0,23,88,24,0,27,110,34,1
3E5S,2237,B,138,ILE,N,7,27,5,0,9,48,10,1,14,64,13,1,19,83,17,1,24,104,27,1
3E5S,2238,B,138,ILE,CA,6,25,5,0,9,38,8,1,12,56,13,1,16,73,14,1,21,87,20,1
3E5S,2239,B,138,ILE,C,6,24,6,0,8,38,8,0,13,52,11,0,15,70,16,1,21,86,21,1
3E5S,2240,B,138,ILE,O,5,21,6,0,7,29,6,0,10,44,11,0,13,62,13,1,18,75,19,1
3E5S,2241,B,138,ILE,HN,7,34,8,0,12,55,10,0,16,74,14,1,19,90,19,1,25,114,29,1
3E5S,2242,B,138,ILE,H,5,23,5,0,8,33,5,1,10,44,12,1,13,65,14,1,18,79,18,1
3E5S,2243,B,138,ILE,C,8,30,6,0,10,42,9,1,13,54,11,1,17,74,14,1,19,91,19,1
3E5S,2244,B,138,ILE,C,10,33,8,1,11,41,10,1,13,54,12,1,16,71,13,1,20,88,19,2
3E5S,2245,B,138,ILE,C,6,22,5,0,9,35,6,0,12,46,11,1,15,56,12,1,17,75,16,1
3E5S,2246,B,138,ILE,C,9,29,8,1,12,42,11,1,14,55,12,1,16,71,15,2,21,86,17,2
3E5S,2247,B,138,ILE,H,8,33,7,0,13,48,11,0,16,61,11,1,17,80,17,1,20,99,20,2
3E5S,2248,B,138,ILE,H,10,33,8,1,11,47,11,1,14,59,13,1,18,79,15,1,21,102,22,2
3E5S,2249,B,138,ILE,H,8,28,6,1,10,35,8,1,12,49,12,1,14,59,13,1,18,80,17,1
3E5S,2250,B,138,ILE,H,7,21,5,0,9,35,8,0,11,46,10,1,17,58,12,1,17,72,15,1
3E5S,2251,B,138,ILE,H,4,20,4,0,9,27,5,1,9,42,7,1,14,48,12,1,16,63,13,1
3E5S,2252,B,138,ILE,H,5,19,4,0,9,33,7,0,12,45,9,0,14,59,12,1,16,71,16,1
3E5S,2253,B,138,ILE,H,9,31,9,1,13,40,10,1,14,56,13,1,18,69,16,2,19,85,17,2
3E5S,2254,B,138,ILE,H,6,25,7,1,11,32,10,1,12,46,12,1,15,62,13,1,20,76,17,2
3E5S,2255,B,138,ILE,H,9,33,10,1,12,49,11,1,14,64,13,2,18,79,15,2,21,93,19,2
3E5S,2256,B,139,LYS,N,6,33,8,0,9,40,9,0,11,57,13,0,17,77,17,0,22,97,23,1
3E5S,2257,B,139,LYS,CA,5,32,5,0,8,41,10,0,12,53,14,0,17,73,17,0,21,88,20,0
3E5S,2258,B,139,LYS,C,7,37,8,0,9,51,12,0,15,63,17,0,20,79,20,0,25,101,26,0
3E5S,2259,B,139,LYS,O,7,37,7,0,9,50,13,0,17,71,18,0,20,88,22,0,26,112,26,0
3E5S,2260,B,139,LYS,HN,9,37,8,0,10,45,10,0,15,65,12,0,18,84,22,1,21,105,23,1
3E5S,2261,B,139,LYS,H,4,23,6,0,8,41,7,0,11,55,12,0,15,62,17,0,20,79,18,0
3E5S,2262,B,139,LYS,C,5,25,4,0,7,33,8,0,10,43,12,0,15,61,14,0,17,78,18,0
3E5S,2263,B,139,LYS,C,4,19,5,0,7,29,6,0,9,39,9,0,10,56,13,0,18,68,20,0
3E5S,2264,B,139,LYS,C,3,17,4,0,6,22,6,0,9,32,7,0,10,51,13,0,15,62,15,0
3E5S,2265,B,139,LYS,C,3,11,2,0,4,18,5,0,7,31,9,0,10,43,11,0,13,53,14,0
3E5S,2266,B,139,LYS,N,3,9,2,0,4,14,2,0,5,22,5,0,7,33,10,0,12,43,11,0
3E5S,2267,B,139,LYS,H,6,26,4,0,8,36,10,0,13,47,11,0,14,61,14,0,18,87,21,0
3E5S,2268,B,139,LYS,H,5,21,5,0,6,29,5,0,8,36,10,0,13,52,12,0,16,72,15,0
3E5S,2269,B,139,LYS,H,2,13,5,0,5,25,6,0,8,35,8,0,9,44,11,0,12,60,15,0
3E5S,2270,B,139,LYS,H,4,23,6,0,7,34,8,0,9,45,11,0,13,62,16,0,19,75,20,0
3E5S,2271,B,139,LYS,H,5,21,4,0,8,25,6,0,9,38,9,0,13,57,14,0,15,67,17,0
3E5S,2272,B,139,LYS,H,3,16,2,0,4,19,4,0,7,24,7,0,9,41,9,0,12,55,14,0
3E5S,2273,B,139,LYS,H,3,9,2,0,4,14,4,0,5,26,6,0,8,39,10,0,12,48,13,0
3E5S,2274,B,139,LYS,H,4,11,3,0,6,22,7,0,7,36,10,0,12,47,12,0,15,67,16,0
3E5S,2275,B,139,LYS,HN,2,7,2,0,3,13,4,0,4,22,6,0,9,31,10,0,11,42,10,0
3E5S,2276,B,139,LYS,HN,2,10,2,0,5,13,2,0,6,27,6,0,8,33,10,0,13,43,12,0
3E5S,2277,B,139,LYS,HN,1,7,2,0,3,10,2,0,4,18,2,0,6,27,7,0,8,36,10,0
3E5S,2278,B,140,ALA,N,8,44,9,0,12,56,13,0,15,64,15,0,22,79,23,0,26,107,27,0
3E5S,2279,B,140,ALA,CA,8,44,11,0,15,56,13,0,18,71,18,0,23,94,26,0,28,117,28,0
3E5S,2280,B,140,ALA,C,7,37,8,0,11,49,13,0,18,68,16,0,21,81,22,0,27,103,28,0
3E5S,2281,B,140,ALA,O,7,31,7,0,9,40,12,0,13,58,14,0,18,71,18,0,24,86,23,0
3E5S,2282,B,140,ALA,HN,7,39,7,0,12,50,13,0,15,60,15,0,19,75,19,0,24,92,25,0
3E5S,2283,B,140,ALA,H,9,45,10,0,14,58,15,0,20,86,20,0,24,108,28,0,31,127,29,0
3E5S,2284,B,140,ALA,C,10,40,10,0,16,55,13,0,19,72,20,0,23,88,25,0,27,111,30,0
3E5S,2285,B,140,ALA,H,13,42,10,0,16,56,16,0,21,73,20,0,23,89,26,0,28,118,30,1
3E5S,2286,B,140,ALA,H,7,34,10,0,13,48,13,0,18,66,17,0,22,78,23,0,25,97,28,0
3E5S,2287,B,140,ALA,H,10,38,11,0,14,59,17,0,21,75,20,0,25,97,24,0,26,118,30,1
3E5S,2288,B,141,ILE,N,9,30,8,0,10,50,15,0,16,63,17,0,22,85,20,0,28,108,28,0
3E5S,2289,B,141,ILE,CA,8,23,7,0,10,41,10,0,13,52,15,0,19,73,18,0,27,99,24,0
3E5S,2290,B,141,ILE,C,8,26,7,0,9,36,10,0,14,47,16,0,19,69,25,0,27,100,28,0
3E5S,2291,B,141,ILE,O,5,21,7,0,11,34,7,0,14,48,13,0,17,59,23,0,22,87,28,0
3E5S,2292,B,141,ILE,HN,10,35,10,0,12,49,15,0,19,72,18,0,24,95,23,0,30,125,30,0
3E5S,2293,B,141,ILE,H,7,22,6,0,8,30,9,0,11,48,12,0,15,64,18,0,22,84,21,0
3E5S,2294,B,141,ILE,C,7,26,8,0,10,37,10,0,13,51,13,0,19,77,19,0,26,97,25,0
3E5S,2295,B,141,ILE,C,9,31,9,0,11,40,10,0,15,54,13,0,20,78,17,0,23,102,24,0
3E5S,2296,B,141,ILE,C,7,18,7,0,8,31,9,0,12,41,11,0,15,57,16,0,23,78,21,0
3E5S,2297,B,141,ILE,C,10,33,10,0,12,42,12,0,18,57,13,0,21,79,17,0,25,101,25,1
3E5S,2298,B,141,ILE,H,9,30,9,0,11,41,11,0,16,62,15,0,20,83,21,0,30,110,27,0
3E5S,2299,B,141,ILE,H,9,33,9,0,11,46,11,0,16,67,15,0,19,87,21,0,26,112,25,0
3E5S,2300,B,141,ILE,H,6,27,5,0,11,36,10,0,13,43,12,0,16,63,15,0,21,91,19,0
3E5S,2301,B,141,ILE,H,5,17,8,0,10,31,9,0,14,45,12,0,19,54,15,0,22,75,20,0
3E5S,2302,B,141,ILE,H,6,19,6,0,7,25,7,0,9,34,9,0,14,45,14,0,18,67,18,0
3E5S,2303,B,141,ILE,H,7,16,6,0,8,29,10,0,10,40,13,0,18,56,16,0,24,83,23,0
3E5S,2304,B,141,ILE,H,11,31,8,0,13,51,11,0,15,65,14,0,22,79,18,0,25,101,25,1
3E5S,2305,B,141,ILE,H,7,29,9,0,13,39,12,0,17,52,12,0,22,72,15,0,24,90,24,0
3E5S,2306,B,141,ILE,H,10,36,12,0,14,50,12,0,19,71,16,0,23,91,17,0,27,109,29,1
3E5S,2307,B,142,ASP,N,7,29,7,0,11,39,11,0,13,54,16,0,23,80,22,0,33,114,28,0
3E5S,2308,B,142,ASP,CA,6,26,8,0,13,37,14,0,15,59,19,0,25,87,24,0,33,115,31,0
3E5S,2309,B,142,ASP,C,10,32,9,0,12,46,14,0,19,70,22,0,29,97,27,0,37,134,36,0
3E5S,2310,B,142,ASP,O,10,36,10,0,13,53,15,0,17,66,22,0,28,103,26,0,37,147,36,1
3E5S,2311,B,142,ASP,HN,7,29,9,0,9,43,12,0,18,62,15,0,25,85,20,0,35,118,31,0
3E5S,2312,B,142,ASP,H,7,22,7,0,12,41,12,0,17,62,17,0,23,83,26,0,29,105,30,0
3E5S,2313,B,142,ASP,C,5,20,9,0,7,35,12,0,16,50,17,0,25,79,22,0,33,107,28,0
3E5S,2314,B,142,ASP,C,5,19,8,0,8,30,13,0,19,54,17,0,26,78,20,0,31,101,29,0
3E5S,2315,B,142,ASP,O,7,24,9,0,14,43,14,0,21,62,19,0,27,87,25,0,30,111,31,0
3E5S,2316,B,142,ASP,O,6,18,8,0,7,27,10,0,17,46,13,0,22,69,19,0,28,92,27,0
3E5S,2317,B,142,ASP,H,4,19,4,0,8,27,10,0,12,43,15,0,20,65,19,0,31,91,23,0
3E5S,2318,B,142,ASP,H,6,27,9,0,9,38,15,0,16,52,18,0,25,76,24,0,32,109,32,0
3E5S,2319,B,143,GLY,N,9,33,14,0,16,55,19,0,19,79,26,0,29,107,32,0,35,134,36,0
3E5S,2320,B,143,GLY,CA,12,33,16,0,16,58,20,0,25,90,28,0,28,118,32,0,41,148,42,1
3E5S,2321,B,143,GLY,C,10,37,12,0,18,57,21,0,23,91,26,0,33,116,37,0,45,150,43,1
3E5S,2322,B,143,GLY,O,11,41,11,0,20,66,22,0,27,97,28,0,37,126,38,1,46,164,46,1
3E5S,2323,B,143,GLY,HN,11,34,15,0,15,49,18,0,19,73,24,0,28,98,30,0,33,132,37,0
3E5S,2324,B,143,GLY,H,11,37,16,0,14,59,21,0,20,90,26,0,33,126,33,1,39,155,39,1
3E5S,2325,B,143,GLY,H,11,36,15,0,17,61,22,0,24,90,26,0,31,112,35,0,39,153,42,1
3E5S,2326,B,144,ASP,N,11,34,12,0,16,54,18,0,23,75,23,0,33,107,31,0,39,136,42,0
3E5S,2327,B,144,ASP,CA,12,36,11,0,16,54,17,0,23,78,23,0,31,105,30,0,39,142,40,0
3E5S,2328,B,144,ASP,C,11,35,9,0,18,51,13,0,22,77,22,0,29,102,31,0,39,142,41,0
3E5S,2329,B,144,ASP,O,13,33,11,0,19,54,15,0,24,80,20,0,30,117,32,0,37,151,42,0
3E5S,2330,B,144,ASP,HN,12,29,11,0,16,51,15,0,21,73,22,0,30,93,27,0,37,131,38,0
3E5S,2331,B,144,ASP,H,12,40,12,0,17,55,19,0,24,82,28,0,32,112,33,0,44,155,40,1
3E5S,2332,B,144,ASP,C,11,35,12,0,18,46,16,0,20,71,22,0,28,98,28,0,34,127,37,0
3E5S,2333,B,144,ASP,C,10,34,13,0,14,51,16,0,22,72,22,0,27,94,30,0,39,124,39,0
3E5S,2334,B,144,ASP,O,11,37,15,0,15,57,18,0,24,79,25,0,32,103,31,0,39,131,38,0
3E5S,2335,B,144,ASP,O,10,30,12,0,14,43,14,0,19,63,19,0,25,89,29,0,33,115,33,0
3E5S,2336,B,144,ASP,H,12,38,13,0,17,48,16,0,19,71,22,0,26,103,28,0,35,137,35,0
3E5S,2337,B,144,ASP,H,12,30,12,0,16,45,16,0,20,65,18,0,23,89,26,0,31,114,34,0
3E5S,2338,B,145,THR,N,12,38,12,0,15,51,12,0,21,70,25,0,28,102,30,0,40,139,38,0
3E5S,2339,B,145,THR,CA,12,41,11,0,14,52,16,0,21,73,18,0,30,105,29,0,35,138,35,0
3E5S,2340,B,145,THR,C,10,45,10,0,14,58,16,0,20,83,20,0,28,106,25,0,39,138,35,0
3E5S,2341,B,145,THR,O,10,35,10,0,11,59,14,0,20,77,19,0,26,102,25,0,38,135,36,0
3E5S,2342,B,145,THR,HN,11,38,10,0,15,51,17,0,21,66,23,0,27,95,27,0,36,134,38,0
3E5S,2343,B,145,THR,H,13,45,12,0,18,59,16,0,24,81,23,0,28,107,28,0,37,145,38,1
3E5S,2344,B,145,THR,C,12,38,10,0,15,50,14,0,20,61,20,0,24,85,25,0,31,123,35,0
3E5S,2345,B,145,THR,OH,10,33,7,0,14,44,13,0,18,59,17,0,23,74,22,0,28,105,31,0
3E5S,2346,B,145,THR,C,13,35,9,0,15,45,15,0,18,59,21,0,22,81,27,0,31,121,33,0
3E5S,2347,B,145,THR,H,12,37,8,0,17,54,13,0,21,68,21,0,25,90,26,0,32,120,32,1
3E5S,2348,B,145,THR,HO,9,29,9,0,13,40,13,0,17,56,16,0,20,75,25,0,31,106,30,0
3E5S,2349,B,145,THR,H,10,29,8,0,17,42,12,0,18,56,20,0,23,78,26,0,30,108,29,0
3E5S,2350,B,145,THR,H,12,30,8,0,14,45,16,0,17,57,20,0,22,81,26,0,32,118,34,0
3E5S,2351,B,145,THR,H,12,35,12,0,16,50,16,0,20,64,20,0,27,91,28,0,32,132,34,0
3E5S,2352,B,146,VAL,N,10,46,12,0,13,67,15,0,20,87,20,0,32,112,25,0,39,145,34,1
3E5S,2353,B,146,VAL,CA,10,45,9,0,14,70,15,0,20,93,19,0,27,118,26,0,40,151,38,1
3E5S,2354,B,146,VAL,C,11,42,8,0,14,70,13,0,19,92,18,0,25,116,23,1,35,145,33,1
3E5S,2355,B,146,VAL,O,10,45,8,0,15,69,12,0,19,97,17,1,28,121,26,1,38,148,35,1
3E5S,2356,B,146,VAL,HN,10,47,11,0,15,69,15,0,22,87,20,0,32,116,25,1,39,148,36,1
3E5S,2357,B,146,VAL,H,8,45,10,0,15,67,15,0,18,89,20,0,23,113,24,0,35,136,32,0
3E5S,2358,B,146,VAL,C,9,45,9,0,15,78,15,0,20,99,20,0,29,132,34,0,46,168,40,2
3E5S,2359,B,146,VAL,C,10,43,9,0,16,72,14,0,23,102,22,0,30,131,38,1,44,169,42,1
3E5S,2360,B,146,VAL,C,8,44,6,0,13,70,15,0,23,106,23,0,37,144,33,1,46,178,40,2
3E5S,2361,B,146,VAL,H,8,48,9,0,15,73,15,0,18,102,20,0,29,131,32,0,42,164,40,1
3E5S,2362,B,146,VAL,H,8,41,9,0,17,72,16,0,27,101,23,1,32,135,37,1,43,172,47,1
3E5S,2363,B,146,VAL,H,11,49,9,0,15,66,14,0,22,98,25,0,33,134,35,1,44,169,43,1
3E5S,2364,B,146,VAL,H,10,43,12,0,16,68,15,0,20,99,22,0,30,125,32,1,38,152,40,1
3E5S,2365,B,146,VAL,H,7,42,5,0,15,71,16,0,29,107,25,0,40,144,33,0,45,187,47,2
3E5S,2366,B,146,VAL,H,8,45,8,0,14,71,12,0,23,104,23,1,34,142,29,1,46,176,42,1
3E5S,2367,B,146,VAL,H,7,43,10,0,14,70,17,0,26,101,22,0,38,135,29,1,46,182,42,2
3E5S,2368,B,147,LYS,N,10,49,9,0,15,59,13,0,15,79,15,0,23,106,24,1,28,133,28,1
3E5S,2369,B,147,LYS,CA,10,48,9,0,12,61,12,0,17,72,15,1,19,98,19,1,25,122,27,2
3E5S,2370,B,147,LYS,C,11,50,8,0,14,63,14,0,15,87,15,1,19,99,20,2,25,127,27,2
3E5S,2371,B,147,LYS,O,11,40,7,0,13,62,11,0,14,85,17,0,20,98,18,2,26,117,28,2
3E5S,2372,B,147,LYS,HN,9,51,8,0,14,57,13,0,15,74,17,0,21,103,22,0,25,126,29,1
3E5S,2373,B,147,LYS,H,10,44,7,0,12,58,11,1,18,80,15,1,21,101,21,1,25,127,25,2
3E5S,2374,B,147,LYS,C,10,40,6,0,11,57,12,0,14,67,14,0,17,78,16,1,19,102,22,2
3E5S,2375,B,147,LYS,C,8,30,6,0,12,50,10,0,14,63,13,0,17,77,14,2,21,92,19,2
3E5S,2376,B,147,LYS,C,5,27,5,0,11,34,7,0,12,48,9,0,13,66,13,1,19,78,16,2
3E5S,2377,B,147,LYS,C,4,17,3,0,6,29,5,0,9,37,8,0,13,51,12,1,16,72,17,2
3E5S,2378,B,147,LYS,N,4,13,3,0,7,25,4,0,8,37,7,0,12,45,12,1,15,63,15,2
3E5S,2379,B,147,LYS,H,10,38,7,0,12,51,9,0,14,63,14,0,17,77,17,0,19,101,20,2
3E5S,2380,B,147,LYS,H,10,36,7,0,12,51,10,0,14,61,13,0,16,80,17,0,21,94,22,1
3E5S,2381,B,147,LYS,H,8,32,7,0,10,48,10,1,14,67,14,1,18,81,16,2,21,99,21,2
3E5S,2382,B,147,LYS,H,7,34,8,0,11,49,10,0,14,61,13,1,16,76,15,2,19,92,20,2
3E5S,2383,B,147,LYS,H,6,22,5,0,8,32,7,0,12,42,9,0,13,58,14,0,15,70,16,2
3E5S,2384,B,147,LYS,H,5,25,4,0,10,33,7,0,12,49,10,0,14,66,14,0,20,82,17,1
3E5S,2385,B,147,LYS,H,2,14,2,0,6,22,4,0,8,33,6,0,12,39,9,0,14,64,15,1
3E5S,2386,B,147,LYS,H,4,19,3,0,7,26,7,0,9,41,7,1,16,61,12,1,17,81,19,2
3E5S,2387,B,147,LYS,HN,3,12,3,0,4,17,4,0,7,34,5,0,11,43,10,2,13,54,15,2
3E5S,2388,B,147,LYS,HN,6,20,4,0,7,29,6,0,10,40,10,1,12,53,14,2,17,72,16,2
3E5S,2389,B,147,LYS,HN,2,13,3,0,6,20,3,0,8,31,6,0,10,41,9,1,14,56,14,1
3E5S,2390,B,148,LEU,N,12,50,12,0,14,67,13,1,17,88,15,2,21,107,19,2,30,133,25,2
3E5S,2391,B,148,LEU,CA,11,51,9,0,15,67,13,2,17,88,15,2,24,110,22,2,29,131,26,2
3E5S,2392,B,148,LEU,C,13,47,10,1,16,66,13,2,17,83,15,2,20,102,19,2,26,120,24,2
3E5S,2393,B,148,LEU,O,13,44,9,2,15,62,12,2,17,77,18,2,20,93,18,2,23,119,23,2
3E5S,2394,B,148,LEU,HN,11,48,10,1,15,64,12,1,18,88,16,2,21,109,19,2,30,133,27,2
3E5S,2395,B,148,LEU,H,8,46,10,0,15,61,11,1,18,87,17,2,23,103,21,2,26,123,26,2
3E5S,2396,B,148,LEU,C,11,53,9,0,14,74,16,1,21,94,18,2,28,120,24,2,35,152,31,2
3E5S,2397,B,148,LEU,C,10,53,8,0,15,70,13,0,20,96,23,1,31,129,30,2,38,163,34,2
3E5S,2398,B,148,LEU,C,11,46,8,0,18,67,16,0,23,98,25,1,33,140,31,1,41,174,35,2
3E5S,2399,B,148,LEU,C,9,46,9,0,15,67,15,0,21,91,19,0,25,125,29,2,41,158,38,2
3E5S,2400,B,148,LEU,H,8,49,9,0,15,73,14,2,20,91,19,2,27,121,25,2,33,145,32,2
3E5S,2401,B,148,LEU,H,10,50,9,1,15,71,14,1,21,100,18,2,29,124,26,2,35,154,34,2
3E5S,2402,B,148,LEU,H,10,47,8,0,14,73,12,1,22,101,23,1,32,131,30,1,37,163,38,2
3E5S,2403,B,148,LEU,H,10,44,9,0,16,69,15,0,26,102,24,1,36,141,31,1,40,180,43,1
3E5S,2404,B,148,LEU,H,10,47,12,0,15,69,15,0,23,100,23,1,31,137,28,1,41,174,39,2
3E5S,2405,B,148,LEU,H,10,45,10,0,18,72,17,1,24,107,25,1,33,141,30,1,39,176,38,2
3E5S,2406,B,148,LEU,H,8,43,9,0,17,68,16,0,23,97,21,0,32,135,34,0,44,168,42,2
3E5S,2407,B,148,LEU,H,9,45,10,0,14,66,12,0,19,91,19,0,25,119,27,2,35,149,39,2
3E5S,2408,B,148,LEU,H,10,44,10,0,14,65,13,0,20,91,20,0,26,123,29,1,39,150,35,2
3E5S,2409,B,149,MET,N,11,43,9,0,15,61,13,1,16,79,17,1,21,96,19,1,24,114,22,1
3E5S,2410,B,149,MET,CA,11,43,10,0,13,55,12,1,16,72,15,1,18,87,19,1,21,103,20,1
3E5S,2411,B,149,MET,C,11,44,10,0,11,57,12,1,15,74,16,1,21,96,17,1,23,111,22,1
3E5S,2412,B,149,MET,O,9,37,8,0,12,57,14,0,15,76,14,1,20,92,19,1,24,112,23,1
3E5S,2413,B,149,MET,HN,11,44,8,0,13,55,14,0,18,80,15,1,22,99,20,1,22,119,25,1
3E5S,2414,B,149,MET,H,10,45,9,0,13,54,13,1,17,69,15,1,17,82,17,1,20,101,19,1
3E5S,2415,B,149,MET,C,10,33,9,0,11,48,12,0,14,61,14,0,16,74,16,1,20,92,19,1
3E5S,2416,B,149,MET,C,7,29,7,0,12,38,11,0,13,48,13,0,15,65,14,1,17,76,17,1
3E5S,2417,B,149,MET,S,6,17,5,0,9,30,7,0,12,35,11,0,13,48,14,0,14,61,14,0
3E5S,2418,B,149,MET,C,4,15,5,0,7,27,8,0,12,36,10,0,13,45,13,0,14,56,14,0
3E5S,2419,B,149,MET,H,10,28,8,0,11,41,12,0,12,61,14,0,18,75,17,1,21,94,19,1
3E5S,2420,B,149,MET,H,9,31,8,0,12,42,11,0,14,56,14,0,16,69,16,1,18,88,17,1
3E5S,2421,B,149,MET,H,8,25,8,0,10,37,10,0,13,47,13,1,15,61,13,1,16,73,15,1
3E5S,2422,B,149,MET,H,6,29,7,0,12,38,11,0,12,55,13,0,14,65,14,1,17,81,16,1
3E5S,2423,B,149,MET,H,2,11,2,0,5,19,5,0,10,27,9,0,12,36,11,0,14,47,13,0
3E5S,2424,B,149,MET,H,5,20,5,0,10,25,7,0,13,41,11,0,14,50,13,0,16,61,15,0
3E5S,2425,B,149,MET,H,4,16,4,0,9,26,9,0,12,33,9,0,13,46,12,0,15,54,14,0
3E5S,2426,B,150,TYR,N,9,41,10,2,10,53,12,2,15,72,14,2,19,90,18,2,25,107,21,2
3E5S,2427,B,150,TYR,CA,8,36,9,2,11,58,12,2,15,70,14,2,19,87,21,2,26,101,22,2
3E5S,2428,B,150,TYR,C,9,27,7,2,11,43,10,2,12,62,13,2,16,69,16,2,22,88,19,2
3E5S,2429,B,150,TYR,O,7,27,8,2,10,39,9,2,11,52,11,2,13,67,15,2,21,82,19,2
3E5S,2430,B,150,TYR,HN,8,37,9,2,11,51,12,2,15,67,14,2,20,83,17,2,22,103,20,2
3E5S,2431,B,150,TYR,H,7,39,8,1,12,54,13,2,15,73,14,2,20,84,19,2,24,104,23,2
3E5S,2432,B,150,TYR,C,9,41,8,1,12,55,12,2,18,80,17,2,25,96,23,2,29,125,30,2
3E5S,2433,B,150,TYR,C,6,35,7,1,11,55,11,1,16,69,16,1,25,94,22,2,29,120,30,2
3E5S,2434,B,150,TYR,C,7,34,8,1,12,48,10,1,16,69,15,1,20,91,22,2,32,116,27,2
3E5S,2435,B,150,TYR,C,4,30,5,1,8,46,11,1,20,70,13,1,26,86,20,2,28,110,28,2
3E5S,2436,B,150,TYR,C,7,32,6,1,11,40,8,1,16,60,12,1,20,84,21,1,28,107,25,2
3E5S,2437,B,150,TYR,C,3,25,4,1,6,39,9,1,17,61,12,1,23,85,18,1,29,97,27,1
3E5S,2438,B,150,TYR,C,3,25,4,1,13,38,7,1,14,55,10,1,20,81,19,1,30,98,26,1
3E5S,2439,B,150,TYR,OH,6,22,3,0,9,35,6,1,14,49,10,1,17,66,14,1,25,83,19,1
3E5S,2440,B,150,TYR,H,7,40,7,1,11,55,10,1,15,75,18,2,23,97,23,2,30,127,28,2
3E5S,2441,B,150,TYR,H,9,38,8,1,13,62,12,1,19,86,19,2,25,110,25,2,33,133,33,2
3E5S,2442,B,150,TYR,H,9,35,8,0,12,52,13,1,15,71,14,1,21,92,20,2,32,121,29,2
3E5S,2443,B,150,TYR,H,5,31,5,1,9,44,10,1,14,69,16,1,24,89,21,2,29,107,27,2
3E5S,2444,B,150,TYR,H,8,30,5,0,11,42,9,0,16,56,13,1,19,81,17,1,25,102,22,1
3E5S,2445,B,150,TYR,H,3,22,2,1,5,36,6,1,11,52,11,1,22,76,16,1,29,95,25,1
3E5S,2446,B,150,TYR,HO,5,18,2,0,7,29,5,1,12,45,8,1,17,60,15,1,23,81,18,1
3E5S,2447,B,151,LYS,N,5,23,6,1,9,38,9,2,10,56,13,2,13,69,16,2,17,80,16,2
3E5S,2448,B,151,LYS,CA,4,20,5,0,7,28,7,1,9,43,10,2,10,58,13,2,14,68,16,2
3E5S,2449,B,151,LYS,C,5,20,6,1,6,25,6,1,9,32,9,2,10,49,11,2,11,62,14,2
3E5S,2450,B,151,LYS,O,5,16,5,0,5,22,6,1,6,27,8,2,9,37,9,2,10,54,10,2
3E5S,2451,B,151,LYS,HN,7,28,7,1,8,39,10,1,12,56,13,2,14,73,16,2,18,86,18,2
3E5S,2452,B,151,LYS,H,3,19,6,0,6,29,6,1,9,34,9,1,10,49,13,2,13,61,15,2
3E5S,2453,B,151,LYS,C,3,17,6,0,4,23,7,0,8,36,9,2,11,52,11,2,14,64,14,2
3E5S,2454,B,151,LYS,C,3,12,4,0,4,25,6,0,7,36,8,1,12,48,10,2,16,64,14,2
3E5S,2455,B,151,LYS,C,1,11,3,0,4,18,4,0,6,31,6,1,11,48,9,1,16,59,12,1
3E5S,2456,B,151,LYS,C,1,10,3,0,3,16,4,0,7,25,4,0,10,38,6,1,13,53,11,1
3E5S,2457,B,151,LYS,N,2,13,2,0,5,22,4,0,8,30,7,0,12,42,9,0,15,58,10,1
3E5S,2458,B,151,LYS,H,4,15,3,0,4,17,7,0,5,26,8,1,9,42,9,2,11,54,11,2
3E5S,2459,B,151,LYS,H,4,17,6,1,5,24,8,1,9,40,10,2,11,57,11,2,14,70,15,2
3E5S,2460,B,151,LYS,H,4,20,5,0,6,33,7,0,8,42,9,1,15,58,14,2,19,78,17,2
3E5S,2461,B,151,LYS,H,1,14,4,0,4,23,5,0,7,32,8,0,9,41,8,2,14,55,13,2
3E5S,2462,B,151,LYS,H,1,11,2,0,4,15,3,0,5,22,5,1,9,34,8,1,12,56,10,1
3E5S,2463,B,151,LYS,H,2,15,3,0,4,21,4,1,8,40,7,1,11,52,11,1,18,72,15,1
3E5S,2464,B,151,LYS,H,0,6,2,0,2,10,3,0,3,19,4,0,9,30,5,0,12,44,10,1
3E5S,2465,B,151,LYS,H,1,9,2,0,3,14,3,0,5,23,4,0,10,33,5,1,12,49,10,1
3E5S,2466,B,151,LYS,HN,2,12,2,0,3,19,3,0,7,26,5,0,9,38,8,0,16,52,10,1
3E5S,2467,B,151,LYS,HN,3,18,3,0,6,25,6,0,11,38,8,0,15,52,9,1,16,66,13,1
3E5S,2468,B,151,LYS,HN,1,12,3,0,5,21,5,0,7,27,6,0,11,39,9,0,15,55,10,1
3E5S,2469,B,152,GLY,N,5,21,6,1,8,32,7,1,10,43,9,1,11,54,11,2,13,66,13,2
3E5S,2470,B,152,GLY,CA,5,18,5,1,6,26,6,1,9,39,9,1,10,47,10,2,13,54,13,2
3E5S,2471,B,152,GLY,C,6,21,6,1,7,26,7,1,8,35,9,1,10,49,10,2,14,60,12,2
3E5S,2472,B,152,GLY,O,5,20,6,1,7,22,7,1,7,27,7,1,9,41,9,1,12,54,11,2
3E5S,2473,B,152,GLY,HN,7,25,5,1,8,38,7,1,11,46,10,1,12,55,12,2,14,71,15,2
3E5S,2474,B,152,GLY,H,6,16,5,1,7,24,6,1,9,38,9,1,9,47,10,1,14,57,12,2
3E5S,2475,B,152,GLY,H,5,17,5,1,5,20,5,1,6,27,7,1,10,40,8,1,10,49,10,2
3E5S,2476,B,153,GLN,N,6,23,6,1,6,28,6,2,7,38,9,2,12,49,9,2,14,64,12,2
3E5S,2477,B,153,GLN,CA,6,22,6,1,6,28,6,2,9,35,7,2,10,51,9,2,13,64,12,2
3E5S,2478,B,153,GLN,C,6,28,7,2,9,34,8,2,10,49,9,2,11,63,12,2,17,74,15,2
3E5S,2479,B,153,GLN,O,7,32,7,2,10,43,8,2,12,61,11,2,15,70,14,2,18,83,15,2
3E5S,2480,B,153,GLN,HN,6,26,6,1,7,34,7,2,9,45,9,2,12,54,10,2,15,76,15,2
3E5S,2481,B,153,GLN,H,6,17,5,1,6,22,6,1,7,29,7,2,10,39,8,2,11,57,10,2
3E5S,2482,B,153,GLN,C,5,20,5,1,6,29,6,2,7,35,7,2,9,43,7,2,11,55,11,2
3E5S,2483,B,153,GLN,C,4,13,4,0,5,23,4,2,6,29,6,2,6,35,7,2,9,40,8,2
3E5S,2484,B,153,GLN,C,2,11,4,0,5,14,4,1,5,23,4,1,6,28,6,2,7,35,7,2
3E5S,2485,B,153,GLN,O,2,8,4,0,4,13,4,0,5,19,5,1,7,28,6,2,8,33,7,2
3E5S,2486,B,153,GLN,N,2,6,3,0,3,12,4,1,4,18,4,1,5,23,5,1,6,31,6,2
3E5S,2487,B,153,GLN,H,5,18,5,1,6,27,5,2,8,32,7,2,9,42,7,2,9,57,10,2
3E5S,2488,B,153,GLN,H,5,24,6,1,6,34,7,2,7,39,7,2,11,49,10,2,14,66,12,2
3E5S,2489,B,153,GLN,H,3,10,4,0,5,20,4,1,5,29,5,2,7,33,6,2,8,36,7,2
3E5S,2490,B,153,GLN,H,4,14,4,0,5,24,5,1,6,30,6,2,7,33,6,2,8,41,8,2
3E5S,2491,B,153,GLN,HN,2,6,3,0,3,10,4,1,4,18,4,1,5,24,5,1,7,32,6,2
3E5S,2492,B,153,GLN,HN,2,4,2,0,2,7,4,0,3,13,4,1,5,18,4,1,6,25,6,1
3E5S,2493,B,154,PRO,N,7,26,8,1,10,34,8,2,11,43,10,2,14,60,13,2,16,71,16,2
3E5S,2494,B,154,PRO,CA,7,31,7,2,11,38,10,2,15,48,12,2,16,67,16,2,18,82,18,2
3E5S,2495,B,154,PRO,C,7,33,7,1,11,41,10,2,14,55,13,2,17,70,13,2,20,90,20,2
3E5S,2496,B,154,PRO,O,7,25,6,1,9,39,10,1,12,50,12,2,15,65,13,2,17,80,17,2
3E5S,2497,B,154,PRO,H,8,33,9,2,12,43,10,2,16,59,13,2,16,75,16,2,19,88,19,2
3E5S,2498,B,154,PRO,C,7,26,5,1,8,32,8,1,12,40,10,2,15,55,15,2,16,73,16,2
3E5S,2499,B,154,PRO,C,4,19,5,0,8,24,6,1,9,34,8,2,11,41,11,2,14,52,15,2
3E5S,2500,B,154,PRO,C,6,18,5,1,8,27,8,1,10,32,8,2,11,42,10,2,15,55,12,2
3E5S,2501,B,154,PRO,H,6,24,5,1,8,31,9,1,12,39,11,2,16,50,15,2,16,72,15,2
3E5S,2502,B,154,PRO,H,6,24,3,0,8,32,6,1,12,42,11,2,14,56,15,2,18,73,16,2
3E5S,2503,B,154,PRO,H,3,13,4,0,5,21,5,1,8,26,6,1,10,33,9,2,13,44,12,2
3E5S,2504,B,154,PRO,H,4,14,5,0,7,20,6,1,9,32,7,2,10,40,11,2,14,52,13,2
3E5S,2505,B,154,PRO,H,7,15,5,1,7,25,7,1,10,30,8,1,11,39,10,2,13,53,11,2
3E5S,2506,B,154,PRO,H,5,14,6,0,7,23,7,1,9,29,8,2,10,39,8,2,11,49,12,2
3E5S,2507,B,155,MET,N,9,35,7,0,11,51,12,0,14,66,14,1,20,85,18,1,22,104,23,1
3E5S,2508,B,155,MET,CA,9,35,8,0,11,51,9,0,15,65,14,0,19,87,19,1,23,112,23,1
3E5S,2509,B,155,MET,C,9,36,8,0,12,55,10,0,15,68,14,0,20,95,19,0,29,124,26,1
3E5S,2510,B,155,MET,O,10,41,7,0,13,56,13,0,16,79,15,0,23,107,18,1,30,135,28,1
3E5S,2511,B,155,MET,HN,10,37,9,0,11,54,10,1,17,71,15,1,20,88,18,1,24,111,22,1
3E5S,2512,B,155,MET,H,6,28,6,0,11,43,8,0,12,58,14,0,19,72,18,0,23,101,20,1
3E5S,2513,B,155,MET,C,8,38,7,0,12,54,11,0,15,73,17,0,20,93,18,1,27,115,24,1
3E5S,2514,B,155,MET,C,7,33,9,0,10,53,11,0,16,69,14,0,21,99,21,0,26,123,27,0
3E5S,2515,B,155,MET,S,5,33,9,0,12,51,9,0,15,74,14,0,20,98,21,0,31,122,30,0
3E5S,2516,B,155,MET,C,6,33,6,0,9,47,10,0,13,63,16,0,20,91,19,0,27,117,24,0
3E5S,2517,B,155,MET,H,8,40,7,0,11,59,12,0,18,79,17,0,23,102,20,1,26,125,27,1
3E5S,2518,B,155,MET,H,8,30,6,0,10,54,10,0,14,70,16,0,18,84,18,1,24,104,19,1
3E5S,2519,B,155,MET,H,5,25,7,0,10,46,10,0,16,64,13,0,20,89,21,0,24,117,24,0
3E5S,2520,B,155,MET,H,8,31,10,0,11,53,11,0,18,80,17,0,21,103,22,0,29,132,28,0
3E5S,2521,B,155,MET,H,4,32,5,0,8,47,9,0,15,62,14,0,19,90,19,0,31,111,28,0
3E5S,2522,B,155,MET,H,5,24,6,0,8,37,10,0,12,59,14,0,18,81,20,0,23,108,23,0
3E5S,2523,B,155,MET,H,8,35,6,0,11,48,11,0,14,71,19,0,22,92,20,0,30,125,25,0
3E5S,2524,B,156,THR,N,8,35,7,1,11,51,10,1,15,68,14,1,22,93,20,1,31,120,23,1
3E5S,2525,B,156,THR,CA,9,44,8,1,10,54,11,1,19,68,17,1,26,98,21,1,30,134,30,1
3E5S,2526,B,156,THR,C,10,43,8,1,12,54,13,1,20,78,18,1,26,105,24,1,33,140,29,1
3E5S,2527,B,156,THR,O,10,32,8,1,13,57,13,1,19,81,19,1,24,106,24,1,31,132,30,1
3E5S,2528,B,156,THR,HN,7,33,7,1,11,44,11,1,15,61,12,1,18,79,18,1,27,113,23,1
3E5S,2529,B,156,THR,H,8,40,9,1,14,58,11,1,22,76,15,1,24,97,23,1,30,135,29,1
3E5S,2530,B,156,THR,C,9,33,6,0,13,47,12,1,17,62,16,1,25,85,19,1,31,114,24,1
3E5S,2531,B,156,THR,OH,9,24,4,0,10,36,10,0,15,61,13,1,22,81,20,1,28,93,22,1
3E5S,2532,B,156,THR,C,9,34,6,0,14,48,16,0,19,67,18,1,26,92,21,1,32,118,28,1
3E5S,2533,B,156,THR,H,9,32,8,1,12,45,11,1,17,63,15,1,21,79,21,1,29,113,23,1
3E5S,2534,B,156,THR,HO,6,23,5,0,11,35,6,0,15,48,14,1,20,75,17,1,26,93,22,1
3E5S,2535,B,156,THR,H,9,26,5,0,13,44,13,0,19,61,16,0,23,82,21,1,28,111,26,1
3E5S,2536,B,156,THR,H,10,35,7,0,14,52,14,0,21,75,20,1,27,100,23,1,33,116,29,1
3E5S,2537,B,156,THR,H,11,38,11,0,16,51,14,0,20,73,17,1,24,99,24,1,33,120,31,1
3E5S,2538,B,157,PHE,N,12,41,11,1,13,56,12,1,17,79,19,1,33,108,26,1,37,152,35,1
3E5S,2539,B,157,PHE,CA,12,44,9,1,15,64,17,1,22,83,19,1,29,119,26,1,41,155,38,1
3E5S,2540,B,157,PHE,C,13,43,10,0,17,64,15,1,25,84,23,1,29,112,28,1,37,142,39,1
3E5S,2541,B,157,PHE,O,11,45,9,0,20,59,17,0,25,83,23,1,29,108,29,1,37,146,36,1
3E5S,2542,B,157,PHE,HN,9,42,10,1,14,55,12,1,21,80,17,1,29,118,27,1,39,152,35,1
3E5S,2543,B,157,PHE,H,10,42,11,1,18,65,16,1,22,89,20,1,29,113,27,1,38,145,36,1
3E5S,2544,B,157,PHE,C,9,47,8,1,15,67,15,1,21,89,20,1,32,127,29,1,43,172,40,1
3E5S,2545,B,157,PHE,C,10,47,9,1,16,65,13,1,21,94,24,1,31,127,32,1,42,165,36,1
3E5S,2546,B,157,PHE,C,10,42,6,1,12,65,17,1,22,93,23,1,32,129,27,1,39,164,35,1
3E5S,2547,B,157,PHE,C,8,39,10,1,18,73,13,1,21,100,20,1,30,125,32,1,44,162,40,1
3E5S,2548,B,157,PHE,C,8,42,9,1,14,62,15,1,19,87,23,1,29,127,27,1,39,159,35,2
3E5S,2549,B,157,PHE,C,6,41,10,1,14,64,15,1,23,91,21,1,33,123,30,1,42,159,40,1
3E5S,2550,B,157,PHE,C,8,41,10,1,13,56,18,1,22,91,24,1,32,121,27,1,39,157,36,1
3E5S,2551,B,157,PHE,H,12,46,11,0,14,68,14,1,22,91,21,1,32,127,28,1,45,171,41,1
3E5S,2552,B,157,PHE,H,10,43,10,0,14,66,13,1,22,90,20,1,34,132,30,1,44,182,42,1
3E5S,2553,B,157,PHE,H,9,37,7,1,12,65,12,1,21,93,23,1,30,129,26,1,39,160,35,2
3E5S,2554,B,157,PHE,H,8,43,11,1,16,74,13,1,23,102,20,1,32,125,30,1,40,157,41,1
3E5S,2555,B,157,PHE,H,8,41,10,1,14,62,12,1,20,89,18,1,28,117,28,2,34,154,33,2
3E5S,2556,B,157,PHE,H,7,41,9,1,12,62,13,1,22,89,24,1,31,121,28,1,40,156,40,1
3E5S,2557,B,157,PHE,H,8,37,8,1,13,58,14,1,23,89,26,1,31,117,27,1,38,145,33,2
3E5S,2558,B,158,ARG,N,13,46,11,0,15,61,16,0,22,91,20,1,28,110,32,1,33,149,34,1
3E5S,2559,B,158,ARG,CA,11,40,10,0,14,58,16,0,21,78,24,0,29,120,27,1,34,151,37,1
3E5S,2560,B,158,ARG,C,14,45,12,0,17,63,16,0,19,85,21,0,27,119,31,0,41,173,38,2
3E5S,2561,B,158,ARG,O,12,42,11,0,17,56,16,0,21,90,20,0,29,124,31,1,38,172,40,2
3E5S,2562,B,158,ARG,HN,14,47,12,0,16,64,15,1,21,87,20,1,28,109,29,1,34,147,34,1
3E5S,2563,B,158,ARG,H,12,39,11,0,14,54,19,0,22,80,22,0,28,113,27,0,32,150,38,1
3E5S,2564,B,158,ARG,C,12,35,9,0,14,51,15,0,21,79,25,0,27,109,31,0,35,148,34,1
3E5S,2565,B,158,ARG,C,7,31,9,0,16,53,15,0,17,78,23,0,28,107,30,0,34,147,39,0
3E5S,2566,B,158,ARG,C,7,25,10,0,13,50,15,0,18,75,25,0,24,106,30,0,33,132,37,0
3E5S,2567,B,158,ARG,N,9,29,9,0,11,45,16,0,14,72,25,0,24,90,29,0,30,127,32,0
3E5S,2568,B,158,ARG,C,11,32,8,0,12,47,20,0,15,70,24,0,23,93,30,0,33,127,35,0
3E5S,2569,B,158,ARG,N,10,38,11,0,14,51,20,0,19,77,24,0,26,106,30,0,35,144,38,0
3E5S,2570,B,158,ARG,N,9,31,11,0,13,41,18,0,17,58,22,0,20,88,25,0,27,119,34,0
3E5S,2571,B,158,ARG,H,12,35,10,0,15,55,14,0,23,79,23,0,26,106,29,1,30,147,37,1
3E5S,2572,B,158,ARG,H,10,33,8,0,16,50,14,0,18,73,21,0,23,102,28,1,31,133,34,1
3E5S,2573,B,158,ARG,H,10,37,11,0,15,56,16,0,21,77,22,0,29,112,30,0,35,152,39,0
3E5S,2574,B,158,ARG,H,7,35,8,0,14,52,11,0,20,80,22,0,24,101,31,0,32,135,38,0
3E5S,2575,B,158,ARG,H,6,22,10,0,9,46,16,0,18,72,21,0,25,98,28,0,29,127,36,0
3E5S,2576,B,158,ARG,H,8,26,12,0,14,47,17,0,20,83,26,0,24,109,31,0,32,140,35,0
3E5S,2577,B,158,ARG,HN,7,23,9,0,10,39,14,0,12,61,21,0,22,87,28,0,30,118,33,0
3E5S,2578,B,158,ARG,HN,11,35,12,0,15,55,17,0,20,77,23,0,26,114,31,0,34,151,39,0
3E5S,2579,B,158,ARG,HN,10,38,14,0,14,55,17,0,19,76,24,0,26,108,31,0,32,146,36,0
3E5S,2580,B,158,ARG,HN,7,26,11,0,12,37,15,0,14,54,20,0,20,81,25,0,22,109,31,0
3E5S,2581,B,158,ARG,HN,9,33,12,0,13,44,16,0,18,62,22,0,21,87,26,0,25,116,34,0
3E5S,2582,B,159,LEU,N,15,38,11,0,20,68,17,0,23,91,23,0,31,119,32,0,41,164,40,1
3E5S,2583,B,159,LEU,CA,15,48,10,0,19,68,15,0,25,93,24,1,29,124,31,1,42,173,40,1
3E5S,2584,B,159,LEU,C,12,41,10,0,16,65,15,0,26,88,23,1,31,128,33,1,44,181,40,1
3E5S,2585,B,159,LEU,O,11,38,11,0,18,61,16,0,26,90,23,0,31,122,31,1,40,164,41,1
3E5S,2586,B,159,LEU,HN,12,35,14,0,21,63,17,0,27,90,22,0,30,123,30,0,38,156,42,1
3E5S,2587,B,159,LEU,H,13,45,10,0,17,72,15,0,24,93,22,1,32,129,31,1,44,178,42,1
3E5S,2588,B,159,LEU,C,16,43,10,0,19,72,18,0,23,90,22,1,34,126,31,1,42,177,45,2
3E5S,2589,B,159,LEU,C,11,49,12,0,19,61,19,0,27,92,21,1,36,128,33,2,47,188,46,2
3E5S,2590,B,159,LEU,C,10,35,13,0,19,62,18,0,28,93,24,2,36,135,35,2,47,180,46,2
3E5S,2591,B,159,LEU,C,13,41,11,0,16,67,17,0,23,94,22,2,37,139,30,2,47,187,40,2
3E5S,2592,B,159,LEU,H,15,43,12,0,19,66,16,1,24,96,23,1,31,129,31,2,42,181,45,2
3E5S,2593,B,159,LEU,H,14,36,10,0,19,62,17,0,24,94,25,0,34,127,34,1,43,172,44,2
3E5S,2594,B,159,LEU,H,11,41,11,0,18,61,17,0,27,92,22,0,36,127,30,2,42,172,45,2
3E5S,2595,B,159,LEU,H,11,38,11,0,17,59,19,1,29,96,24,1,40,139,37,2,47,177,49,2
3E5S,2596,B,159,LEU,H,12,40,9,0,20,65,17,2,27,101,28,2,37,138,35,2,46,179,44,2
3E5S,2597,B,159,LEU,H,11,40,14,0,21,59,19,0,27,89,30,1,38,126,39,2,48,178,46,2
3E5S,2598,B,159,LEU,H,10,42,11,0,16,63,16,0,25,97,22,2,38,144,36,2,47,199,42,2
3E5S,2599,B,159,LEU,H,11,44,12,0,15,70,14,0,24,99,24,1,35,134,30,2,45,188,38,2
3E5S,2600,B,159,LEU,H,12,43,11,0,16,64,14,1,25,106,23,2,35,148,28,2,43,187,44,2
3E5S,2601,B,160,LEU,N,11,45,9,0,14,58,16,1,21,86,21,1,38,136,29,1,48,193,42,1
3E5S,2602,B,160,LEU,CA,8,43,10,0,17,59,15,1,23,90,21,1,32,133,31,1,49,186,45,1
3E5S,2603,B,160,LEU,C,9,39,9,0,16,65,13,1,25,104,19,1,35,134,32,1,46,177,46,1
3E5S,2604,B,160,LEU,O,10,36,10,1,17,65,14,1,22,107,21,1,38,142,32,1,50,181,46,1
3E5S,2605,B,160,LEU,HN,10,44,11,1,14,60,16,1,22,93,21,1,34,137,31,1,51,192,43,1
3E5S,2606,B,160,LEU,H,12,43,11,0,16,60,13,0,23,89,21,1,34,133,30,1,47,171,46,1
3E5S,2607,B,160,LEU,C,11,38,10,0,14,62,17,1,27,97,24,1,34,131,33,1,47,188,44,1
3E5S,2608,B,160,LEU,C,9,39,12,0,15,57,20,0,26,100,24,1,35,140,33,1,44,177,43,1
3E5S,2609,B,160,LEU,C,10,39,14,0,19,61,21,0,27,97,23,1,32,143,35,1,44,167,41,1
3E5S,2610,B,160,LEU,C,11,36,12,0,15,60,18,0,28,97,28,0,35,130,32,1,44,166,40,1
3E5S,2611,B,160,LEU,H,10,39,11,0,18,64,18,1,26,100,24,1,36,132,34,1,45,181,44,1
3E5S,2612,B,160,LEU,H,8,41,9,1,18,69,17,1,23,98,23,1,33,140,33,1,42,189,42,1
3E5S,2613,B,160,LEU,H,9,41,13,0,15,65,15,0,23,96,27,1,35,137,32,1,48,179,40,1
3E5S,2614,B,160,LEU,H,12,41,15,0,18,64,18,0,25,93,24,0,33,130,31,1,41,167,41,1
3E5S,2615,B,160,LEU,H,11,41,13,0,17,64,20,0,26,95,28,1,32,133,31,1,44,165,39,1
3E5S,2616,B,160,LEU,H,12,43,15,0,17,65,18,1,24,103,25,1,32,134,34,1,43,173,40,1
3E5S,2617,B,160,LEU,H,11,39,11,0,16,63,19,0,26,89,26,0,34,130,33,0,42,154,38,1
3E5S,2618,B,160,LEU,H,9,37,12,0,18,62,17,0,25,95,25,0,36,127,33,0,43,162,39,1
3E5S,2619,B,160,LEU,H,10,41,11,0,17,58,17,0,25,101,26,0,34,127,33,1,39,163,40,1
3E5S,2620,B,161,LEU,N,11,39,9,0,16,69,11,0,23,99,21,1,33,126,31,1,44,156,44,1
3E5S,2621,B,161,LEU,CA,9,42,9,0,14,65,14,0,26,95,23,1,33,132,31,1,43,154,44,1
3E5S,2622,B,161,LEU,C,9,42,8,0,16,61,14,0,24,90,24,1,32,128,33,1,42,160,39,1
3E5S,2623,B,161,LEU,O,9,42,10,0,17,66,17,0,25,84,22,1,32,124,35,1,40,156,41,1
3E5S,2624,B,161,LEU,HN,11,41,9,0,16,67,13,0,23,93,20,0,31,118,32,1,46,147,40,1
3E5S,2625,B,161,LEU,H,9,35,10,0,13,64,14,0,23,89,22,0,32,118,30,1,39,143,38,1
3E5S,2626,B,161,LEU,C,9,50,10,0,18,66,18,1,28,97,22,1,37,127,32,1,43,161,43,1
3E5S,2627,B,161,LEU,C,10,46,12,0,17,68,19,1,29,94,24,1,35,124,31,1,42,152,39,1
3E5S,2628,B,161,LEU,C,10,46,11,0,18,69,16,1,26,95,27,1,35,117,30,1,40,147,41,1
3E5S,2629,B,161,LEU,C,12,42,13,0,16,66,17,0,24,83,25,0,34,113,28,1,37,136,35,1
3E5S,2630,B,161,LEU,H,11,51,13,0,18,68,18,0,24,90,24,1,36,121,32,1,45,159,38,1
3E5S,2631,B,161,LEU,H,9,49,11,1,19,70,16,1,28,100,23,1,37,135,39,1,47,175,46,1
3E5S,2632,B,161,LEU,H,10,46,11,0,15,70,19,1,26,94,25,1,38,124,33,1,43,162,41,1
3E5S,2633,B,161,LEU,H,9,44,12,0,15,61,17,1,27,89,21,1,31,112,32,1,40,144,39,1
3E5S,2634,B,161,LEU,H,13,41,11,0,19,69,17,1,24,89,23,1,31,110,30,1,38,135,36,1
3E5S,2635,B,161,LEU,H,11,48,9,1,17,72,15,1,25,93,25,1,33,117,33,1,43,154,44,1
3E5S,2636,B,161,LEU,H,12,47,12,0,17,57,18,0,19,80,22,0,31,107,28,1,36,136,34,1
3E5S,2637,B,161,LEU,H,10,40,10,0,16,64,17,0,23,87,24,0,31,108,28,1,39,134,31,1
3E5S,2638,B,161,LEU,H,11,44,13,0,17,64,14,0,24,84,24,0,27,103,26,1,38,133,33,1
3E5S,2639,B,162,VAL,N,13,42,11,0,14,66,16,0,21,90,22,0,31,123,30,1,44,160,40,1
3E5S,2640,B,162,VAL,CA,11,45,12,0,17,66,18,0,21,89,24,0,30,110,32,1,43,149,38,1
3E5S,2641,B,162,VAL,C,12,42,13,0,17,62,18,0,20,80,22,0,25,103,28,0,35,129,39,1
3E5S,2642,B,162,VAL,O,12,39,15,0,15,58,17,0,21,78,21,0,27,98,28,0,33,129,37,0
3E5S,2643,B,162,VAL,HN,12,42,10,0,14,67,17,0,21,85,20,0,30,119,28,1,42,155,41,1
3E5S,2644,B,162,VAL,H,10,42,13,0,15,63,17,0,23,85,25,0,33,112,30,1,37,148,39,1
3E5S,2645,B,162,VAL,C,16,48,12,0,20,70,18,0,25,91,27,1,32,118,34,1,41,168,42,1
3E5S,2646,B,162,VAL,C,14,50,11,0,19,66,17,1,25,99,29,1,33,139,35,1,49,168,41,2
3E5S,2647,B,162,VAL,C,14,41,13,0,20,65,18,0,26,90,24,1,33,125,36,1,39,166,43,2
3E5S,2648,B,162,VAL,H,14,50,15,0,21,67,21,0,25,87,25,0,33,125,35,1,43,169,40,1
3E5S,2649,B,162,VAL,H,16,46,12,1,19,72,19,1,25,94,26,1,35,142,35,2,47,179,45,2
3E5S,2650,B,162,VAL,H,11,44,9,1,18,69,17,1,29,103,28,1,33,137,35,1,51,177,43,2
3E5S,2651,B,162,VAL,H,12,48,13,0,21,66,19,1,25,98,27,1,40,140,37,1,45,176,44,1
3E5S,2652,B,162,VAL,H,15,42,12,0,20,62,19,0,27,99,27,1,33,134,35,2,42,173,44,2
3E5S,2653,B,162,VAL,H,14,43,13,0,18,60,20,0,24,88,27,0,34,120,33,1,40,159,41,1
3E5S,2654,B,162,VAL,H,13,38,14,0,19,65,16,0,26,99,23,1,33,131,33,1,42,164,45,1
3E5S,2655,B,163,ASP,N,13,38,11,0,15,59,18,0,18,79,20,0,27,101,27,0,33,133,34,0
3E5S,2656,B,163,ASP,CA,13,35,10,0,14,52,16,0,18,69,22,0,25,94,25,0,29,119,34,0
3E5S,2657,B,163,ASP,C,11,35,10,0,13,49,15,0,19,75,22,0,24,99,31,0,36,127,36,0
3E5S,2658,B,163,ASP,O,9,34,10,0,15,51,16,0,18,73,21,0,25,102,31,0,36,129,38,0
3E5S,2659,B,163,ASP,HN,12,37,11,0,14,56,16,0,19,84,23,0,29,105,26,0,35,129,34,0
3E5S,2660,B,163,ASP,H,10,34,11,0,16,56,18,0,21,71,21,0,23,93,27,0,33,118,33,0
3E5S,2661,B,163,ASP,C,10,33,9,0,11,43,12,0,17,57,20,0,22,73,23,0,25,104,29,0
3E5S,2662,B,163,ASP,C,6,27,6,0,12,42,11,0,14,51,18,0,21,67,23,0,24,91,25,0
3E5S,2663,B,163,ASP,O,7,21,9,0,10,42,13,0,18,54,19,0,22,73,21,0,27,90,30,0
3E5S,2664,B,163,ASP,O,3,19,7,0,9,34,12,0,12,46,12,0,17,56,18,0,22,73,23,0
3E5S,2665,B,163,ASP,H,9,33,9,0,12,41,11,0,17,53,15,0,17,74,22,0,28,99,29,0
3E5S,2666,B,163,ASP,H,9,29,8,0,12,38,11,0,15,57,17,0,21,75,21,0,27,101,28,0
3E5S,2667,B,164,THR,N,10,33,13,0,14,51,16,0,18,74,26,0,27,101,34,0,36,137,41,0
3E5S,2668,B,164,THR,CA,9,34,15,0,15,52,19,0,20,77,26,0,28,108,35,0,42,144,44,0
3E5S,2669,B,164,THR,C,8,30,12,0,13,48,21,0,21,72,25,0,29,97,31,0,36,127,40,0
3E5S,2670,B,164,THR,O,8,25,13,0,11,41,19,0,17,65,24,0,26,82,28,0,34,115,37,0
3E5S,2671,B,164,THR,HN,12,34,14,0,13,49,18,0,17,74,23,0,28,105,32,0,37,127,39,0
3E5S,2672,B,164,THR,H,8,37,13,0,17,58,20,0,23,80,27,0,33,111,37,0,44,155,46,0
3E5S,2673,B,164,THR,C,10,37,15,0,16,54,23,0,23,81,27,0,30,116,37,0,42,147,46,0
3E5S,2674,B,164,THR,OH,11,42,15,0,18,54,21,0,27,94,31,0,35,122,40,0,45,158,49,1
3E5S,2675,B,164,THR,C,11,37,16,0,19,62,22,0,25,91,30,0,32,118,38,0,41,155,45,0
3E5S,2676,B,164,THR,H,11,37,17,0,17,52,22,0,23,72,25,0,30,105,35,0,40,139,44,0
3E5S,2677,B,164,THR,HO,13,37,14,0,16,59,21,0,24,86,29,0,35,115,38,0,44,152,46,0
3E5S,2678,B,164,THR,H,12,42,14,0,21,66,21,0,25,85,32,0,28,123,37,0,41,159,44,1
3E5S,2679,B,164,THR,H,12,41,15,0,19,61,23,0,23,91,29,0,34,126,37,0,41,160,50,0
3E5S,2680,B,164,THR,H,11,35,16,0,18,59,22,0,25,89,30,0,31,115,35,0,36,145,42,0
3E5S,2681,B,165,PRO,N,9,35,14,0,17,54,21,0,22,73,24,0,26,100,33,0,36,132,40,0
3E5S,2682,B,165,PRO,CA,7,32,16,0,16,50,18,0,20,68,23,0,23,88,30,0,28,112,35,0
3E5S,2683,B,165,PRO,C,11,29,17,0,14,47,20,0,19,67,24,0,22,86,30,0,30,105,32,0
3E5S,2684,B,165,PRO,O,11,31,16,0,16,55,23,0,20,69,27,0,26,90,32,0,30,116,36,0
3E5S,2685,B,165,PRO,H,6,24,14,0,11,42,18,0,18,57,20,0,23,79,28,0,26,104,31,0
3E5S,2686,B,165,PRO,C,10,35,12,0,13,54,19,0,20,79,24,0,24,94,29,0,31,111,39,0
3E5S,2687,B,165,PRO,C,10,40,12,0,16,56,17,0,20,75,24,0,27,96,33,0,32,122,39,0
3E5S,2688,B,165,PRO,C,10,41,14,0,16,55,21,0,21,82,26,0,29,107,33,0,38,140,43,0
3E5S,2689,B,165,PRO,H,9,32,12,0,11,46,16,0,17,68,20,0,21,85,27,0,26,99,31,0
3E5S,2690,B,165,PRO,H,13,37,12,0,14,59,20,0,20,82,26,0,24,99,31,0,32,115,38,0
3E5S,2691,B,165,PRO,H,9,36,12,0,12,52,17,0,18,69,22,0,23,91,30,0,31,119,37,0
3E5S,2692,B,165,PRO,H,11,46,11,0,16,58,15,0,23,77,26,0,27,102,35,0,35,126,37,0
3E5S,2693,B,165,PRO,H,9,34,14,0,13,55,19,0,23,83,26,0,31,112,32,0,39,142,45,0
3E5S,2694,B,165,PRO,H,10,36,14,0,18,66,20,0,23,90,27,0,32,117,36,0,38,146,44,0
3E5S,2695,B,166,GLU,N,7,25,12,0,12,37,16,0,14,54,19,0,20,72,23,0,26,91,27,0
3E5S,2696,B,166,GLU,CA,6,24,9,0,11,37,14,0,14,53,19,0,17,62,23,0,22,75,26,0
3E5S,2697,B,166,GLU,C,8,32,11,0,11,42,12,0,14,51,16,0,16,62,23,0,19,74,26,0
3E5S,2698,B,166,GLU,O,9,32,11,0,12,42,11,0,14,51,13,0,16,64,20,0,18,77,26,0
3E5S,2699,B,166,GLU,HN,7,24,11,0,10,32,15,0,12,45,17,0,19,68,21,0,21,86,25,0
3E5S,2700,B,166,GLU,H,8,29,11,0,12,43,16,0,15,56,23,0,20,62,25,0,25,83,29,0
3E5S,2701,B,166,GLU,C,5,18,8,0,8,27,12,0,10,39,17,0,13,54,18,0,20,61,23,0
3E5S,2702,B,166,GLU,C,4,14,8,0,6,27,11,0,10,33,16,0,15,49,19,0,21,64,23,0
3E5S,2703,B,166,GLU,C,4,18,11,0,8,30,13,0,13,41,16,0,20,54,23,0,24,77,26,0
3E5S,2704,B,166,GLU,O,5,15,8,0,7,26,12,0,13,46,17,0,19,56,21,0,23,74,28,0
3E5S,2705,B,166,GLU,O,6,22,11,0,8,30,13,0,16,43,20,0,22,62,23,0,26,90,28,0
3E5S,2706,B,166,GLU,H,5,17,6,0,6,23,11,0,10,36,14,0,13,48,17,0,17,59,22,0
3E5S,2707,B,166,GLU,H,5,17,8,0,7,23,12,0,10,31,14,0,12,48,18,0,14,60,19,0
3E5S,2708,B,166,GLU,H,3,8,7,0,5,18,9,0,7,30,13,0,12,41,16,0,18,53,20,0
3E5S,2709,B,166,GLU,H,4,14,8,0,6,26,10,0,11,31,17,0,14,47,18,0,21,69,22,0
3E5S,2710,B,167,PHE,N,7,24,10,0,11,39,14,0,14,46,17,0,17,53,25,0,18,65,28,0
3E5S,2711,B,167,PHE,CA,7,25,11,0,13,33,12,0,14,47,15,0,16,54,22,0,18,62,26,0
3E5S,2712,B,167,PHE,C,8,24,8,0,10,29,13,0,12,40,14,0,14,51,14,0,15,60,22,0
3E5S,2713,B,167,PHE,O,9,24,9,0,11,31,10,0,12,44,13,0,15,52,17,0,15,64,20,0
3E5S,2714,B,167,PHE,HN,7,25,9,0,9,39,16,0,17,47,20,0,17,53,24,0,19,66,29,0
3E5S,2715,B,167,PHE,H,8,29,9,0,14,43,13,0,14,52,18,0,18,58,24,0,21,72,27,0
3E5S,2716,B,167,PHE,C,5,18,7,0,9,27,9,0,14,36,13,0,15,50,21,0,16,58,23,0
3E5S,2717,B,167,PHE,C,4,15,6,0,8,20,7,0,12,31,10,0,15,46,17,0,15,55,21,0
3E5S,2718,B,167,PHE,C,5,13,3,0,9,20,8,0,12,35,13,0,16,48,16,0,18,60,22,0
3E5S,2719,B,167,PHE,C,4,11,5,0,5,17,6,0,8,22,9,0,12,35,10,0,14,47,17,0
3E5S,2720,B,167,PHE,C,3,10,2,0,7,17,5,0,8,27,10,0,15,38,12,0,17,53,17,0
3E5S,2721,B,167,PHE,C,3,11,4,0,6,13,6,0,6,18,6,0,12,26,8,0,14,42,13,0
3E5S,2722,B,167,PHE,C,2,9,2,0,5,12,5,0,7,20,7,0,12,30,9,0,15,43,15,0
3E5S,2723,B,167,PHE,H,5,15,6,0,6,23,8,0,10,31,13,0,15,41,16,0,16,52,21,0
3E5S,2724,B,167,PHE,H,7,21,6,0,11,27,11,0,13,39,18,0,16,52,21,0,20,65,26,0
3E5S,2725,B,167,PHE,H,7,13,4,0,10,29,11,0,13,43,14,0,18,56,20,0,22,72,26,0
3E5S,2726,B,167,PHE,H,4,12,5,0,5,15,5,0,7,22,8,0,10,31,10,0,14,38,14,0
3E5S,2727,B,167,PHE,H,5,11,2,0,7,17,4,0,8,26,9,0,13,41,13,0,19,54,18,0
3E5S,2728,B,167,PHE,H,2,8,1,0,4,12,5,0,6,14,6,0,8,19,7,0,13,28,8,0
3E5S,2729,B,167,PHE,H,2,7,2,0,3,11,2,0,6,15,5,0,10,26,7,0,14,36,11,0
3E5S,2730,B,168,ASN,N,6,25,6,0,7,31,10,0,9,36,12,0,11,44,13,0,14,59,15,0
3E5S,2731,B,168,ASN,CA,6,22,3,0,7,29,8,0,7,34,10,0,9,38,12,0,12,47,13,0
3E5S,2732,B,168,ASN,C,7,23,6,0,7,33,8,0,8,37,10,0,10,42,13,0,12,53,13,0
3E5S,2733,B,168,ASN,O,6,18,4,0,7,30,6,0,7,35,9,0,10,41,9,0,12,51,13,0
3E5S,2734,B,168,ASN,HN,6,24,8,0,6,30,9,0,8,35,12,0,11,43,13,0,12,55,16,0
3E5S,2735,B,168,ASN,H,5,23,4,0,7,27,4,0,8,33,9,0,9,38,11,0,12,52,13,0
3E5S,2736,B,168,ASN,C,3,15,3,0,6,23,5,0,7,28,8,0,7,33,10,0,9,37,13,0
3E5S,2737,B,168,ASN,C,4,15,5,0,4,18,5,0,6,28,9,0,7,32,10,0,8,37,12,0
3E5S,2738,B,168,ASN,O,4,17,5,0,5,23,8,0,6,28,10,0,8,35,12,0,8,42,12,0
3E5S,2739,B,168,ASN,N,2,10,3,0,4,15,5,0,4,19,5,0,6,29,8,0,7,32,10,0
3E5S,2740,B,168,ASN,H,2,16,3,0,4,20,3,0,6,26,6,0,7,31,8,0,8,35,12,0
3E5S,2741,B,168,ASN,H,3,11,3,0,3,20,3,0,6,26,5,0,7,33,8,0,7,35,11,0
3E5S,2742,B,168,ASN,HN,1,4,2,0,2,13,4,0,4,15,5,0,4,24,5,0,7,29,10,0
3E5S,2743,B,168,ASN,HN,2,7,2,0,3,13,5,0,4,16,6,0,4,23,8,0,7,29,10,0
3E5S,2744,B,169,GLU,N,8,26,7,0,9,34,8,0,9,41,11,0,12,47,12,0,13,59,12,0
3E5S,2745,B,169,GLU,CA,8,23,6,0,9,33,8,0,9,44,11,0,13,50,11,0,16,62,15,0
3E5S,2746,B,169,GLU,C,8,27,8,0,9,37,8,0,13,48,10,0,15,61,13,0,16,74,18,0
3E5S,2747,B,169,GLU,O,7,32,8,0,12,43,8,0,13,56,12,0,15,65,15,0,18,79,21,0
3E5S,2748,B,169,GLU,HN,8,28,7,0,9,35,11,0,9,39,11,0,12,47,12,0,15,58,15,0
3E5S,2749,B,169,GLU,H,7,19,5,0,8,27,6,0,9,36,8,0,11,45,11,0,13,54,11,0
3E5S,2750,B,169,GLU,C,8,25,7,0,9,30,11,0,9,41,11,0,12,56,14,0,17,72,18,0
3E5S,2751,B,169,GLU,C,7,19,7,0,8,24,9,0,9,32,11,0,10,43,13,0,11,55,15,0
3E5S,2752,B,169,GLU,C,6,17,8,0,8,21,10,0,9,31,11,0,11,43,15,0,11,55,17,0
3E5S,2753,B,169,GLU,O,6,19,9,0,9,27,12,0,9,38,15,0,11,50,17,0,19,71,19,0
3E5S,2754,B,169,GLU,O,3,11,4,0,6,18,9,0,7,24,11,0,9,35,13,0,11,46,15,0
3E5S,2755,B,169,GLU,H,8,23,7,0,9,31,9,0,9,41,11,0,14,56,16,0,18,72,21,0
3E5S,2756,B,169,GLU,H,9,27,11,0,9,37,11,0,11,46,12,0,13,62,17,0,20,80,22,0
3E5S,2757,B,169,GLU,H,6,18,8,0,8,24,9,0,9,30,11,0,10,40,14,0,11,50,15,0
3E5S,2758,B,169,GLU,H,5,15,5,0,8,19,7,0,8,28,9,0,9,36,12,0,11,48,13,0
3E5S,2759,B,170,LYS,N,6,25,8,0,9,33,10,0,12,43,10,0,13,63,15,0,16,74,20,0
3E5S,2760,B,170,LYS,CA,4,23,6,0,9,33,10,0,13,49,13,0,15,66,18,0,22,80,23,0
3E5S,2761,B,170,LYS,C,7,28,8,0,12,45,13,0,14,62,19,0,22,75,21,0,24,93,30,0
3E5S,2762,B,170,LYS,O,7,29,8,0,11,45,15,0,17,64,17,0,23,79,23,0,26,103,29,0
3E5S,2763,B,170,LYS,HN,5,21,7,0,9,31,9,0,10,36,10,0,13,49,15,0,15,68,18,0
3E5S,2764,B,170,LYS,H,5,23,5,0,8,33,8,0,13,46,12,0,14,62,17,0,19,77,22,0
3E5S,2765,B,170,LYS,C,3,17,2,0,5,26,8,0,9,37,10,0,16,54,16,0,19,74,22,0
3E5S,2766,B,170,LYS,C,3,16,2,0,5,26,6,0,10,37,12,0,14,55,19,0,20,76,25,0
3E5S,2767,B,170,LYS,C,1,11,3,0,6,22,4,0,8,32,9,0,11,45,18,0,17,66,22,0
3E5S,2768,B,170,LYS,C,2,14,3,0,5,23,6,0,10,32,11,0,11,47,17,0,18,69,21,0
3E5S,2769,B,170,LYS,N,1,10,3,0,5,20,6,0,8,29,9,0,10,43,14,0,16,62,19,0
3E5S,2770,B,170,LYS,H,4,19,4,0,4,25,8,0,10,37,12,0,14,56,18,0,21,79,22,0
3E5S,2771,B,170,LYS,H,3,14,2,0,4,21,5,0,8,34,10,0,12,43,12,0,18,60,17,0
3E5S,2772,B,170,LYS,H,3,14,2,0,5,22,5,0,7,35,11,0,14,53,16,0,20,74,25,0
3E5S,2773,B,170,LYS,H,4,19,4,0,7,29,7,0,12,43,15,0,18,67,21,0,23,88,29,0
3E5S,2774,B,170,LYS,H,2,14,2,0,5,27,4,0,9,34,13,0,10,48,18,0,20,73,22,0
3E5S,2775,B,170,LYS,H,1,7,0,0,2,15,3,0,7,27,5,0,8,37,12,0,13,51,20,0
3E5S,2776,B,170,LYS,H,2,10,3,0,4,19,6,0,10,31,11,0,12,47,14,0,16,68,21,0
3E5S,2777,B,170,LYS,H,4,19,4,0,7,28,11,0,11,40,16,0,13,58,20,0,20,87,22,0
3E5S,2778,B,170,LYS,HN,1,9,4,0,4,20,7,0,8,29,9,0,11,43,16,0,13,61,19,0
3E5S,2779,B,170,LYS,HN,3,13,5,0,5,20,8,0,8,32,11,0,12,45,15,0,16,71,19,0
3E5S,2780,B,170,LYS,HN,0,5,2,0,2,13,6,0,5,27,6,0,8,31,11,0,12,51,19,0
3E5S,2781,B,171,TYR,N,8,32,7,0,14,44,14,0,18,62,17,0,20,77,24,0,25,94,28,0
3E5S,2782,B,171,TYR,CA,9,38,11,0,15,50,15,0,19,64,20,0,23,85,25,0,28,113,31,0
3E5S,2783,B,171,TYR,C,10,36,11,0,16,59,16,0,19,74,18,0,24,91,28,0,31,111,34,0
3E5S,2784,B,171,TYR,O,9,38,14,0,18,58,15,0,22,80,20,0,25,103,30,0,30,122,37,0
3E5S,2785,B,171,TYR,HN,7,26,7,0,12,44,12,0,15,56,15,0,19,73,21,0,25,90,26,0
3E5S,2786,B,171,TYR,H,8,31,9,0,12,46,15,0,19,64,18,0,22,92,23,0,28,116,29,0
3E5S,2787,B,171,TYR,C,11,38,9,0,17,51,17,0,20,67,21,0,29,90,27,0,31,129,36,0
3E5S,2788,B,171,TYR,C,12,32,9,0,15,46,12,0,18,62,21,0,23,89,29,0,34,115,34,0
3E5S,2789,B,171,TYR,C,10,26,8,0,14,47,13,0,18,68,19,0,24,90,26,0,34,125,36,0
3E5S,2790,B,171,TYR,C,8,25,8,0,12,42,9,0,21,61,19,0,23,84,27,0,28,111,34,0
3E5S,2791,B,171,TYR,C,9,27,10,0,11,40,15,0,18,65,18,0,22,89,25,0,31,116,34,0
3E5S,2792,B,171,TYR,C,9,21,9,0,10,37,13,0,14,56,17,0,23,78,19,0,28,106,29,0
3E5S,2793,B,171,TYR,C,8,27,11,0,10,35,15,0,14,57,18,0,23,83,21,0,29,109,29,0
3E5S,2794,B,171,TYR,OH,7,27,12,0,11,40,15,0,15,54,18,0,19,75,21,0,28,102,26,0
3E5S,2795,B,171,TYR,H,12,39,10,0,16,53,17,0,21,70,21,0,31,103,26,0,34,139,36,0
3E5S,2796,B,171,TYR,H,10,41,10,0,16,54,17,0,24,68,24,0,28,94,26,0,32,124,37,0
3E5S,2797,B,171,TYR,H,9,32,8,0,13,52,14,0,20,66,18,0,24,95,25,0,32,130,36,0
3E5S,2798,B,171,TYR,H,6,25,8,0,12,41,9,0,20,63,17,0,23,88,29,0,28,100,33,0
3E5S,2799,B,171,TYR,H,8,27,11,0,11,42,14,0,18,62,20,0,24,98,25,0,29,116,34,0
3E5S,2800,B,171,TYR,H,6,21,8,0,9,32,14,0,15,50,15,0,19,72,18,0,26,93,26,0
3E5S,2801,B,171,TYR,HO,9,23,10,0,10,41,14,0,12,58,18,0,23,78,24,0,28,105,28,0
3E5S,2802,B,172,GLY,N,11,46,11,0,13,64,15,0,16,78,20,0,23,88,24,0,29,105,31,0
3E5S,2803,B,172,GLY,CA,11,45,11,0,13,63,17,0,15,72,20,0,22,91,26,0,26,108,32,0
3E5S,2804,B,172,GLY,C,12,42,9,0,14,54,15,0,14,77,19,0,22,86,26,0,27,108,31,0
3E5S,2805,B,172,GLY,O,12,41,9,0,14,58,14,0,18,75,24,0,22,92,27,0,27,112,33,0
3E5S,2806,B,172,GLY,HN,11,41,10,0,12,58,13,0,15,72,19,0,21,83,22,0,25,96,27,0
3E5S,2807,B,172,GLY,H,12,47,13,0,14,61,17,0,19,80,24,0,23,100,30,0,29,120,36,0
3E5S,2808,B,172,GLY,H,11,49,11,0,12,57,16,0,15,65,18,0,20,80,23,0,24,98,30,0
3E5S,2809,B,173,PRO,N,10,36,10,0,12,46,13,0,15,61,15,0,18,81,21,0,26,99,27,0
3E5S,2810,B,173,PRO,CA,8,27,8,0,10,36,11,0,15,55,14,0,17,77,18,0,23,99,26,0
3E5S,2811,B,173,PRO,C,7,29,8,0,8,43,12,0,16,61,14,0,20,83,19,0,28,111,27,0
3E5S,2812,B,173,PRO,O,6,28,7,0,11,42,10,0,13,61,15,0,22,85,20,0,29,108,29,0
3E5S,2813,B,173,PRO,H,7,26,8,0,10,34,9,0,13,50,14,0,18,70,19,0,24,92,26,0
3E5S,2814,B,173,PRO,C,7,22,6,0,10,32,9,0,12,43,13,0,14,65,16,0,18,84,18,0
3E5S,2815,B,173,PRO,C,7,22,6,0,11,33,9,0,12,45,12,0,16,57,15,0,17,78,20,0
3E5S,2816,B,173,PRO,C,10,32,9,0,12,44,12,0,13,55,14,0,17,70,18,0,19,88,24,0
3E5S,2817,B,173,PRO,H,5,18,4,0,9,26,6,0,11,36,11,0,12,53,15,0,17,76,18,0
3E5S,2818,B,173,PRO,H,7,19,7,0,8,33,8,0,13,47,13,0,14,72,16,0,20,90,20,0
3E5S,2819,B,173,PRO,H,6,20,6,0,10,29,8,0,13,41,11,0,14,51,14,0,16,66,19,0
3E5S,2820,B,173,PRO,H,6,19,6,0,9,28,8,0,11,40,11,0,14,52,13,0,16,71,18,0
3E5S,2821,B,173,PRO,H,10,31,9,0,11,46,11,0,14,56,14,0,14,65,20,0,18,81,23,0
3E5S,2822,B,173,PRO,H,10,33,8,0,12,46,11,0,14,58,15,0,16,76,18,0,21,96,26,0
3E5S,2823,B,174,GLU,N,7,31,6,0,9,44,12,0,15,65,14,0,21,90,17,0,27,124,26,0
3E5S,2824,B,174,GLU,CA,8,33,6,0,10,42,10,0,13,63,16,0,24,99,19,0,31,144,30,0
3E5S,2825,B,174,GLU,C,7,37,7,0,13,47,10,0,17,80,19,0,25,116,24,0,37,141,29,1
3E5S,2826,B,174,GLU,O,8,36,8,0,12,56,9,0,18,82,17,0,24,112,27,1,40,138,34,1
3E5S,2827,B,174,GLU,HN,7,28,6,0,10,48,12,0,15,69,15,0,20,87,17,0,28,113,25,0
3E5S,2828,B,174,GLU,H,6,30,6,0,9,40,8,0,15,59,13,0,21,95,21,0,33,132,30,0
3E5S,2829,B,174,GLU,C,9,37,6,0,11,45,10,0,14,73,15,0,25,107,25,0,36,145,30,0
3E5S,2830,B,174,GLU,C,7,31,5,0,11,45,7,0,12,64,13,0,22,94,23,0,30,128,31,0
3E5S,2831,B,174,GLU,C,8,33,5,0,10,49,6,0,17,70,16,0,23,101,27,0,30,130,32,0
3E5S,2832,B,174,GLU,O,5,31,4,0,12,50,11,0,21,80,17,0,26,105,27,0,36,137,39,0
3E5S,2833,B,174,GLU,O,8,32,4,0,11,51,8,0,16,69,16,0,23,96,25,0,32,129,34,0
3E5S,2834,B,174,GLU,H,8,36,6,0,10,55,11,0,19,80,18,0,28,105,26,0,35,146,32,0
3E5S,2835,B,174,GLU,H,9,35,6,0,12,57,11,0,17,73,17,0,23,110,24,0,35,145,33,0
3E5S,2836,B,174,GLU,H,6,28,5,0,11,44,9,0,13,66,11,0,19,91,22,0,29,116,28,0
3E5S,2837,B,174,GLU,H,4,26,4,0,11,43,7,0,15,62,13,0,20,85,22,0,26,117,32,0
3E5S,2838,B,175,ALA,N,8,42,10,0,14,61,17,0,18,88,22,0,28,118,23,0,35,142,40,0
3E5S,2839,B,175,ALA,CA,12,48,10,0,15,69,16,0,23,91,25,0,29,124,32,0,38,155,43,1
3E5S,2840,B,175,ALA,C,12,44,11,0,15,65,13,0,21,91,23,0,26,117,36,1,38,155,43,1
3E5S,2841,B,175,ALA,O,9,45,12,0,16,63,14,0,21,92,23,1,30,128,34,1,38,167,44,1
3E5S,2842,B,175,ALA,HN,8,40,12,0,17,63,16,0,22,85,21,0,27,116,27,0,33,141,39,0
3E5S,2843,B,175,ALA,H,10,50,12,0,17,75,16,0,24,90,23,0,31,123,33,1,39,159,40,1
3E5S,2844,B,175,ALA,C,15,47,12,0,18,73,18,0,25,97,27,0,31,122,36,0,36,157,44,1
3E5S,2845,B,175,ALA,H,13,47,12,0,20,72,20,0,26,99,28,0,29,131,38,0,41,164,48,1
3E5S,2846,B,175,ALA,H,16,42,11,0,17,68,21,0,24,94,29,0,29,125,32,0,34,145,48,0
3E5S,2847,B,175,ALA,H,11,45,10,0,18,78,20,0,26,94,29,0,32,124,35,0,36,156,43,0
3E5S,2848,B,176,SER,N,12,39,11,0,15,66,15,0,20,85,24,0,25,110,31,0,32,141,41,1
3E5S,2849,B,176,SER,CA,11,32,11,0,15,56,14,0,19,85,25,0,25,109,27,0,30,133,38,1
3E5S,2850,B,176,SER,C,11,31,10,0,13,52,15,0,18,77,18,0,23,117,28,1,31,138,37,1
3E5S,2851,B,176,SER,O,11,35,11,0,15,53,14,0,19,81,20,0,24,115,28,1,32,151,38,1
3E5S,2852,B,176,SER,HN,11,43,12,0,15,62,15,0,21,86,25,0,24,105,31,0,30,132,39,0
3E5S,2853,B,176,SER,H,11,33,14,0,17,58,18,0,19,90,26,0,27,115,29,0,31,140,39,1
3E5S,2854,B,176,SER,C,11,34,11,0,14,50,14,0,20,75,23,0,23,95,26,0,27,122,35,0
3E5S,2855,B,176,SER,OH,11,33,14,0,17,56,20,0,19,71,23,0,23,98,29,0,27,118,33,0
3E5S,2856,B,176,SER,H,11,34,10,0,14,50,16,0,19,61,20,0,22,92,27,0,28,117,31,0
3E5S,2857,B,176,SER,H,11,32,10,0,14,49,13,0,19,69,19,0,22,93,28,0,27,112,34,0
3E5S,2858,B,176,SER,HO,11,38,12,0,15,46,18,0,21,68,23,0,23,92,29,0,27,111,34,0
3E5S,2859,B,177,ALA,N,9,31,9,0,13,52,12,0,16,76,17,0,20,103,26,0,32,130,33,1
3E5S,2860,B,177,ALA,CA,7,32,9,0,12,50,13,0,15,75,17,0,24,95,23,1,29,119,30,1
3E5S,2861,B,177,ALA,C,9,42,9,0,11,59,13,0,19,77,18,1,27,104,26,1,31,129,36,1
3E5S,2862,B,177,ALA,O,8,44,10,0,15,57,13,0,20,77,18,1,25,100,26,1,30,128,33,1
3E5S,2863,B,177,ALA,HN,9,36,7,0,10,58,10,0,15,74,18,0,22,98,24,0,31,121,36,1
3E5S,2864,B,177,ALA,H,8,29,10,0,12,48,12,0,17,69,18,0,25,95,22,0,27,115,29,1
3E5S,2865,B,177,ALA,C,9,36,7,0,10,50,12,0,15,64,16,0,19,83,23,0,28,113,30,1
3E5S,2866,B,177,ALA,H,9,36,7,0,13,45,10,0,15,57,16,0,18,83,22,0,27,108,29,1
3E5S,2867,B,177,ALA,H,9,35,10,0,10,53,11,0,15,67,13,0,21,87,23,0,27,117,32,1
3E5S,2868,B,177,ALA,H,8,27,6,0,10,47,9,0,14,59,15,0,15,78,19,0,25,99,27,0
3E5S,2869,B,178,PHE,N,8,39,7,0,11,58,15,1,15,78,18,1,28,105,26,1,38,137,38,1
3E5S,2870,B,178,PHE,CA,8,43,8,1,13,61,12,1,17,84,22,1,30,104,30,1,42,138,41,1
3E5S,2871,B,178,PHE,C,9,38,8,1,12,64,15,1,17,85,19,1,30,111,28,1,43,143,47,1
3E5S,2872,B,178,PHE,O,8,39,9,1,13,60,14,1,19,87,20,1,27,110,28,1,43,143,44,1
3E5S,2873,B,178,PHE,HN,8,40,9,0,11,59,14,0,17,79,19,1,25,103,28,1,40,143,40,1
3E5S,2874,B,178,PHE,H,9,42,9,1,15,61,11,1,20,77,23,1,29,104,32,1,41,129,39,1
3E5S,2875,B,178,PHE,C,10,47,9,1,14,64,17,1,22,86,22,1,32,111,33,1,42,143,40,1
3E5S,2876,B,178,PHE,C,11,50,10,1,17,62,12,1,25,85,24,1,31,109,35,1,39,142,39,1
3E5S,2877,B,178,PHE,C,8,43,7,1,18,61,17,1,25,84,23,1,34,110,35,1,40,140,41,1
3E5S,2878,B,178,PHE,C,12,44,10,1,20,67,15,1,24,86,23,1,29,114,31,1,38,148,41,1
3E5S,2879,B,178,PHE,C,8,36,9,1,13,55,15,1,23,84,23,1,34,108,31,1,40,143,42,1
3E5S,2880,B,178,PHE,C,9,36,9,1,18,61,13,1,24,86,25,1,27,114,29,1,39,149,40,2
3E5S,2881,B,178,PHE,C,8,34,5,1,17,57,17,1,22,77,23,1,31,110,30,1,42,143,39,1
3E5S,2882,B,178,PHE,H,10,41,10,1,15,66,15,1,23,89,22,1,30,118,30,1,42,149,44,1
3E5S,2883,B,178,PHE,H,9,42,10,0,18,64,16,1,22,87,24,1,29,107,30,1,42,144,40,1
3E5S,2884,B,178,PHE,H,9,40,8,1,17,63,17,1,25,83,24,1,35,106,32,1,39,137,42,1
3E5S,2885,B,178,PHE,H,13,40,11,1,20,68,14,1,24,92,23,1,29,114,31,1,41,156,43,1
3E5S,2886,B,178,PHE,H,8,32,6,1,11,49,13,1,24,74,21,1,32,107,31,1,41,138,40,1
3E5S,2887,B,178,PHE,H,12,36,8,1,16,62,12,1,21,84,22,1,29,116,31,2,38,145,38,2
3E5S,2888,B,178,PHE,H,8,30,8,1,14,52,11,1,21,76,21,1,31,105,29,1,41,137,37,1
3E5S,2889,B,179,THR,N,10,45,9,1,12,64,13,1,19,91,19,1,31,123,32,1,41,155,43,1
3E5S,2890,B,179,THR,CA,10,47,10,1,17,65,12,1,20,94,22,1,29,126,30,1,41,163,44,1
3E5S,2891,B,179,THR,C,10,44,9,1,15,65,16,1,23,91,21,1,28,122,29,1,35,159,42,1
3E5S,2892,B,179,THR,O,8,40,10,1,13,67,14,1,24,91,20,1,29,122,31,1,37,157,43,1
3E5S,2893,B,179,THR,HN,10,45,10,1,14,65,12,1,20,91,22,1,32,123,28,1,42,161,42,1
3E5S,2894,B,179,THR,H,10,45,10,1,14,63,12,1,22,95,20,1,31,132,28,1,43,167,43,1
3E5S,2895,B,179,THR,C,12,45,10,1,17,72,15,1,20,93,23,1,28,125,35,1,42,163,42,1
3E5S,2896,B,179,THR,OH,11,44,12,1,17,67,17,1,24,98,24,1,32,130,35,1,45,164,48,1
3E5S,2897,B,179,THR,C,12,48,10,0,18,71,15,1,22,95,27,1,31,129,35,1,43,168,44,1
3E5S,2898,B,179,THR,H,13,41,11,0,16,68,18,1,19,91,24,1,28,119,33,1,37,158,42,1
3E5S,2899,B,179,THR,HO,9,44,12,0,17,68,15,1,25,97,26,1,36,128,39,1,44,164,46,1
3E5S,2900,B,179,THR,H,8,41,9,0,18,67,19,1,25,95,23,1,30,132,34,1,42,166,47,1
3E5S,2901,B,179,THR,H,11,44,9,1,20,68,16,1,25,101,25,1,33,135,35,1,44,173,47,2
3E5S,2902,B,179,THR,H,14,44,9,0,17,69,19,1,21,99,24,1,32,131,31,1,42,162,43,1
3E5S,2903,B,180,LYS,N,10,41,10,0,14,57,17,1,19,80,22,1,24,108,28,1,31,141,34,1
3E5S,2904,B,180,LYS,CA,10,35,11,0,14,52,18,0,16,74,22,1,25,97,24,1,28,126,32,1
3E5S,2905,B,180,LYS,C,9,38,10,0,12,51,16,1,17,71,22,1,21,91,26,1,30,119,29,1
3E5S,2906,B,180,LYS,O,10,38,11,0,12,51,14,1,14,65,19,1,20,88,25,1,28,115,33,1
3E5S,2907,B,180,LYS,HN,10,38,12,0,15,55,15,1,19,79,21,1,24,109,28,1,30,141,35,1
3E5S,2908,B,180,LYS,H,10,38,14,0,13,49,17,0,20,72,20,1,23,107,26,1,29,129,35,1
3E5S,2909,B,180,LYS,C,10,28,11,0,13,46,14,0,16,66,22,0,24,89,25,1,29,115,27,1
3E5S,2910,B,180,LYS,C,9,20,10,0,11,38,12,0,16,57,21,0,19,78,24,0,27,95,27,1
3E5S,2911,B,180,LYS,C,4,14,8,0,9,28,12,0,14,41,16,0,18,66,22,0,23,91,26,0
3E5S,2912,B,180,LYS,C,2,8,6,0,5,20,7,0,10,35,13,0,17,51,18,0,18,73,22,0
3E5S,2913,B,180,LYS,N,0,3,3,0,3,11,7,0,5,25,7,0,11,35,14,0,18,58,21,0
3E5S,2914,B,180,LYS,H,8,29,12,0,14,49,14,0,18,65,22,0,23,90,24,1,28,114,28,1
3E5S,2915,B,180,LYS,H,11,29,11,0,12,42,16,0,15,67,20,0,25,93,25,1,28,118,31,1
3E5S,2916,B,180,LYS,H,8,24,8,0,11,43,15,0,15,58,19,0,22,75,24,0,26,97,29,1
3E5S,2917,B,180,LYS,H,9,23,10,0,12,37,13,0,15,55,20,0,20,71,23,0,23,93,26,1
3E5S,2918,B,180,LYS,H,3,17,7,0,8,25,11,0,14,42,15,0,18,67,21,0,23,92,25,0
3E5S,2919,B,180,LYS,H,5,16,7,0,9,26,10,0,13,45,16,0,18,69,21,0,25,89,26,0
3E5S,2920,B,180,LYS,H,3,8,3,0,4,22,8,0,10,34,14,0,15,54,16,0,21,68,23,0
3E5S,2921,B,180,LYS,H,1,11,4,0,5,18,8,0,11,29,12,0,13,50,17,0,18,68,22,0
3E5S,2922,B,180,LYS,HN,0,3,2,0,1,9,4,0,4,16,7,0,8,31,9,0,15,46,17,0
3E5S,2923,B,180,LYS,HN,0,4,3,0,3,11,7,0,6,22,8,0,11,39,11,0,18,61,19,0
3E5S,2924,B,180,LYS,HN,1,6,4,0,3,14,5,0,6,22,8,0,9,37,12,0,16,53,18,0
3E5S,2925,B,181,LYS,N,10,44,11,0,13,54,16,1,16,71,21,1,22,92,25,1,27,118,29,1
3E5S,2926,B,181,LYS,CA,10,39,13,0,13,54,16,1,15,68,19,1,19,88,22,1,28,110,29,1
3E5S,2927,B,181,LYS,C,9,35,11,1,11,55,16,1,14,67,19,1,21,89,23,1,28,119,33,1
3E5S,2928,B,181,LYS,O,7,31,11,1,11,44,17,1,14,66,19,1,19,88,21,1,26,118,31,1
3E5S,2929,B,181,LYS,HN,10,42,13,0,13,57,16,1,17,76,19,1,24,94,25,1,28,118,29,1
3E5S,2930,B,181,LYS,H,12,34,13,0,14,46,16,0,15,63,16,1,17,81,21,1,24,101,25,1
3E5S,2931,B,181,LYS,C,11,41,11,0,16,57,15,1,18,69,19,1,21,89,24,1,27,112,33,1
3E5S,2932,B,181,LYS,C,11,42,12,1,16,56,14,1,20,78,19,1,23,103,29,1,28,126,36,1
3E5S,2933,B,181,LYS,C,11,40,10,1,16,54,15,1,19,73,21,1,25,103,28,1,28,134,35,1
3E5S,2934,B,181,LYS,C,9,39,11,1,15,54,16,1,19,73,18,1,22,96,28,1,26,125,33,1
3E5S,2935,B,181,LYS,N,9,32,11,0,12,54,13,1,20,68,21,1,23,95,24,1,27,116,31,1
3E5S,2936,B,181,LYS,H,13,38,11,0,13,54,14,0,19,72,19,1,23,82,22,1,25,103,31,1
3E5S,2937,B,181,LYS,H,12,34,12,0,15,54,14,1,18,71,18,1,20,87,25,1,24,104,32,1
3E5S,2938,B,181,LYS,H,10,38,10,1,12,58,13,1,19,80,22,1,25,106,28,1,31,131,38,1
3E5S,2939,B,181,LYS,H,10,41,11,1,16,56,14,1,19,79,18,1,26,103,28,1,28,125,37,1
3E5S,2940,B,181,LYS,H,8,40,9,1,16,56,17,1,19,76,22,1,27,106,27,1,35,139,36,1
3E5S,2941,B,181,LYS,H,10,41,10,0,14,54,17,1,19,72,23,1,24,96,28,1,30,128,33,1
3E5S,2942,B,181,LYS,H,10,31,10,0,16,56,15,1,19,71,20,1,22,89,27,1,24,113,32,1
3E5S,2943,B,181,LYS,H,10,29,10,1,15,55,13,1,19,76,21,1,23,103,30,1,30,129,35,1
3E5S,2944,B,181,LYS,HN,8,30,9,0,12,48,13,1,17,69,19,1,22,89,25,1,26,113,29,1
3E5S,2945,B,181,LYS,HN,9,38,10,1,11,56,14,1,19,71,18,1,22,93,24,1,29,120,30,1
3E5S,2946,B,181,LYS,HN,11,36,10,0,12,53,15,0,17,70,20,1,24,86,23,1,26,105,30,1
3E5S,2947,B,182,MET,N,10,44,8,0,10,55,13,0,15,75,22,0,25,103,28,0,38,140,38,0
3E5S,2948,B,182,MET,CA,10,43,9,0,12,52,15,0,15,74,23,0,27,109,27,0,36,146,35,0
3E5S,2949,B,182,MET,C,9,37,10,0,13,55,16,0,17,80,22,0,24,102,27,0,36,137,38,0
3E5S,2950,B,182,MET,O,9,34,13,0,15,53,15,0,18,77,21,0,24,98,27,0,32,135,33,0
3E5S,2951,B,182,MET,HN,9,40,9,0,11,59,14,0,18,77,22,0,26,106,28,0,38,141,40,0
3E5S,2952,B,182,MET,H,10,37,10,0,14,54,15,0,17,72,22,0,28,106,30,0,36,142,34,0
3E5S,2953,B,182,MET,C,11,40,9,0,15,58,14,0,20,78,21,0,28,117,32,0,38,155,40,0
3E5S,2954,B,182,MET,C,8,39,9,0,15,55,11,0,21,83,23,0,29,118,31,0,40,161,38,0
3E5S,2955,B,182,MET,S,8,38,8,0,15,57,12,0,24,82,17,0,30,116,31,1,36,155,41,1
3E5S,2956,B,182,MET,C,9,28,8,0,14,56,12,0,23,82,20,0,29,104,26,1,35,131,38,1
3E5S,2957,B,182,MET,H,10,42,11,0,17,61,14,0,22,85,21,0,28,118,28,0,34,151,41,1
3E5S,2958,B,182,MET,H,9,39,7,0,14,65,14,0,21,86,20,0,28,126,31,0,41,160,42,0
3E5S,2959,B,182,MET,H,8,38,6,0,13,55,13,0,21,88,22,0,30,116,33,0,41,163,40,0
3E5S,2960,B,182,MET,H,7,33,6,0,14,56,16,0,20,81,20,0,33,114,32,0,39,149,41,0
3E5S,2961,B,182,MET,H,8,33,7,0,13,52,14,0,19,78,18,1,27,101,27,1,33,131,34,1
3E5S,2962,B,182,MET,H,9,28,6,0,13,50,13,0,21,77,21,0,27,101,30,0,39,132,35,1
3E5S,2963,B,182,MET,H,9,32,9,0,14,62,15,0,23,84,20,0,30,108,25,1,34,131,39,1
3E5S,2964,B,183,VAL,N,9,42,9,1,10,54,14,1,18,76,22,1,26,109,30,1,39,141,42,1
3E5S,2965,B,183,VAL,CA,7,43,9,0,14,58,14,1,21,78,24,1,26,107,35,1,36,140,39,1
3E5S,2966,B,183,VAL,C,8,32,10,0,12,52,14,0,17,72,23,1,24,94,29,1,28,125,35,1
3E5S,2967,B,183,VAL,O,7,35,8,0,15,47,15,0,17,70,24,0,22,92,28,1,31,113,33,1
3E5S,2968,B,183,VAL,HN,8,41,9,1,11,57,13,1,15,80,25,1,29,110,29,1,42,145,40,1
3E5S,2969,B,183,VAL,H,10,41,10,1,15,60,15,1,19,79,26,1,30,111,33,1,35,137,39,1
3E5S,2970,B,183,VAL,C,8,44,6,0,16,62,13,1,23,84,28,1,30,119,35,1,39,156,42,1
3E5S,2971,B,183,VAL,C,8,45,6,1,16,64,13,1,25,90,27,1,37,133,38,1,46,173,46,1
3E5S,2972,B,183,VAL,C,10,39,12,0,14,59,17,0,18,89,24,1,28,115,31,1,39,146,42,1
3E5S,2973,B,183,VAL,H,9,42,10,0,16,66,17,0,23,86,26,1,28,114,35,1,36,153,42,1
3E5S,2974,B,183,VAL,H,7,47,9,0,17,67,14,1,26,96,27,1,36,137,38,1,46,184,45,1
3E5S,2975,B,183,VAL,H,7,43,7,1,14,68,14,1,24,93,27,1,36,130,35,1,46,170,44,1
3E5S,2976,B,183,VAL,H,8,46,6,1,18,66,13,1,27,88,25,1,33,134,39,1,47,176,45,1
3E5S,2977,B,183,VAL,H,10,43,11,0,16,67,16,0,18,90,23,1,28,121,31,1,40,150,39,1
3E5S,2978,B,183,VAL,H,10,39,11,0,14,60,18,0,18,79,23,0,24,101,27,1,34,133,39,1
3E5S,2979,B,183,VAL,H,8,38,13,0,14,58,15,1,22,91,22,1,29,118,31,1,36,140,40,1
3E5S,2980,B,184,GLU,N,8,32,8,0,10,45,10,0,17,63,17,1,22,83,25,1,32,112,31,1
3E5S,2981,B,184,GLU,CA,7,27,8,0,10,38,9,0,13,52,15,0,18,74,23,1,26,95,26,1
3E5S,2982,B,184,GLU,C,7,22,7,0,7,33,10,0,12,51,14,0,21,68,19,0,25,87,27,1
3E5S,2983,B,184,GLU,O,5,18,7,0,7,31,8,0,11,41,14,0,16,62,15,0,21,78,24,0
3E5S,2984,B,184,GLU,HN,8,34,10,0,9,48,11,0,17,65,15,1,22,88,24,1,30,121,35,1
3E5S,2985,B,184,GLU,H,7,28,9,0,12,38,10,0,14,50,15,0,16,73,21,0,24,99,27,1
3E5S,2986,B,184,GLU,C,8,26,7,0,9,36,10,0,13,50,16,0,19,62,18,0,24,84,24,1
3E5S,2987,B,184,GLU,C,7,26,8,0,12,35,9,0,13,49,16,0,16,68,20,0,23,90,22,0
3E5S,2988,B,184,GLU,C,6,20,6,0,9,30,9,0,12,46,13,0,18,60,20,0,21,80,21,0
3E5S,2989,B,184,GLU,O,5,15,4,0,8,30,8,0,13,44,14,0,16,58,17,0,21,73,22,0
3E5S,2990,B,184,GLU,O,4,19,4,0,8,27,8,0,10,38,13,0,18,58,18,0,21,81,21,0
3E5S,2991,B,184,GLU,H,6,22,6,0,9,29,10,0,12,44,14,0,15,55,16,0,22,72,20,0
3E5S,2992,B,184,GLU,H,8,26,8,0,9,39,12,0,14,51,16,0,21,63,18,1,21,84,23,1
3E5S,2993,B,184,GLU,H,8,27,9,0,12,41,12,0,15,58,19,0,19,84,22,0,25,100,24,1
3E5S,2994,B,184,GLU,H,6,25,7,0,11,34,11,0,13,46,13,0,15,64,19,0,23,87,23,0
3E5S,2995,B,185,ASN,N,6,24,9,0,7,38,11,0,11,53,15,0,20,70,20,1,24,91,25,1
3E5S,2996,B,185,ASN,CA,6,17,8,0,7,35,10,0,12,50,17,0,17,68,19,1,20,84,23,1
3E5S,2997,B,185,ASN,C,6,21,9,0,10,36,12,0,12,49,14,0,16,67,19,1,20,81,23,1
3E5S,2998,B,185,ASN,O,6,20,8,0,8,30,11,0,12,41,12,0,15,60,17,1,18,74,20,1
3E5S,2999,B,185,ASN,HN,7,30,9,0,8,40,13,0,12,56,17,1,21,77,22,1,25,106,27,1
3E5S,3000,B,185,ASN,H,5,17,8,0,7,27,9,0,11,43,12,0,15,59,18,0,18,73,21,1
3E5S,3001,B,185,ASN,C,7,19,8,0,9,34,10,0,14,53,16,1,18,66,20,1,22,90,25,1
3E5S,3002,B,185,ASN,C,9,23,8,0,11,34,12,0,12,44,17,0,18,69,21,1,25,95,24,1
3E5S,3003,B,185,ASN,O,8,22,7,0,10,30,11,0,12,42,16,0,14,61,18,0,20,84,22,1
3E5S,3004,B,185,ASN,N,10,24,7,0,10,37,13,0,15,54,17,1,20,79,23,1,23,103,28,1
3E5S,3005,B,185,ASN,H,7,16,7,0,9,36,10,0,14,48,12,0,16,59,20,1,20,77,24,1
3E5S,3006,B,185,ASN,H,7,21,8,0,9,39,13,1,15,58,16,1,20,80,21,1,25,106,27,1
3E5S,3007,B,185,ASN,HN,9,26,7,0,11,36,14,0,16,60,18,1,20,83,23,1,25,111,28,1
3E5S,3008,B,185,ASN,HN,9,23,9,0,12,36,13,0,16,58,17,0,20,80,23,1,22,97,27,1
3E5S,3009,B,186,ALA,N,9,31,12,0,11,43,13,0,14,55,16,1,18,70,23,1,25,98,26,1
3E5S,3010,B,186,ALA,CA,10,32,12,0,12,42,14,0,15,55,17,1,18,73,20,1,24,94,28,1
3E5S,3011,B,186,ALA,C,8,28,9,0,10,37,12,0,14,47,16,0,16,63,18,0,22,81,25,1
3E5S,3012,B,186,ALA,O,8,27,8,0,9,38,11,0,13,52,16,0,16,58,19,0,20,77,24,0
3E5S,3013,B,186,ALA,HN,9,34,11,0,11,47,15,0,14,57,18,1,20,77,23,1,27,107,30,1
3E5S,3014,B,186,ALA,H,9,30,11,0,11,40,13,0,14,52,16,1,19,71,19,1,24,94,26,1
3E5S,3015,B,186,ALA,C,10,36,11,0,13,49,17,0,15,69,19,1,20,89,24,1,28,110,30,1
3E5S,3016,B,186,ALA,H,10,34,12,0,14,48,15,0,15,71,21,1,22,90,25,1,28,110,28,1
3E5S,3017,B,186,ALA,H,10,39,12,0,11,51,15,0,15,67,21,0,22,93,25,1,27,117,30,1
3E5S,3018,B,186,ALA,H,9,40,12,0,14,54,17,1,17,71,21,1,21,100,27,1,30,120,33,1
3E5S,3019,B,187,LYS,N,5,21,9,0,8,29,11,0,11,36,15,0,14,52,16,0,18,74,22,0
3E5S,3020,B,187,LYS,CA,4,15,7,0,5,25,9,0,10,32,13,0,13,46,15,0,17,61,20,0
3E5S,3021,B,187,LYS,C,4,19,7,0,5,24,12,0,12,39,13,0,14,51,17,0,17,66,21,0
3E5S,3022,B,187,LYS,O,4,15,7,0,6,25,9,0,12,36,12,0,13,51,17,0,17,62,21,0
3E5S,3023,B,187,LYS,HN,5,21,10,0,8,29,11,0,12,35,14,0,15,57,17,0,17,73,21,1
3E5S,3024,B,187,LYS,H,3,12,7,0,5,22,8,0,7,33,11,0,13,43,16,0,16,52,17,0
3E5S,3025,B,187,LYS,C,4,11,5,0,4,16,6,0,6,25,11,0,10,31,13,0,14,46,17,0
3E5S,3026,B,187,LYS,C,2,8,4,0,4,12,6,0,5,17,7,0,7,27,11,0,11,34,14,0
3E5S,3027,B,187,LYS,C,2,5,4,0,2,10,5,0,5,14,6,0,5,20,9,0,7,31,12,0
3E5S,3028,B,187,LYS,C,0,3,4,0,2,5,5,0,3,11,5,0,5,14,8,0,7,22,10,0
3E5S,3029,B,187,LYS,N,0,1,2,0,0,3,2,0,2,6,5,0,3,11,6,0,5,14,8,0
3E5S,3030,B,187,LYS,H,3,11,5,0,4,12,5,0,5,22,8,0,9,26,13,0,11,41,15,0
3E5S,3031,B,187,LYS,H,4,14,5,0,5,17,7,0,8,24,11,0,10,33,14,0,15,50,18,0
3E5S,3032,B,187,LYS,H,2,7,4,0,3,11,5,0,4,16,7,0,6,22,10,0,9,32,11,0
3E5S,3033,B,187,LYS,H,2,10,4,0,4,14,6,0,6,19,11,0,9,31,12,0,12,42,14,0
3E5S,3034,B,187,LYS,H,2,7,5,0,3,11,5,0,5,16,8,0,7,26,9,0,9,38,14,0
3E5S,3035,B,187,LYS,H,1,3,4,0,2,7,4,0,3,11,6,0,5,15,7,0,5,27,9,0
3E5S,3036,B,187,LYS,H,0,1,2,0,2,4,4,0,2,9,5,0,3,15,6,0,6,18,8,0
3E5S,3037,B,187,LYS,H,1,5,4,0,3,9,5,0,4,11,6,0,5,18,10,0,7,28,11,0
3E5S,3038,B,187,LYS,HN,0,0,1,0,0,2,2,0,2,5,4,0,3,9,6,0,4,14,7,0
3E5S,3039,B,187,LYS,HN,0,1,2,0,2,4,3,0,3,8,5,0,3,12,7,0,6,16,9,0
3E5S,3040,B,187,LYS,HN,0,0,0,0,0,1,2,0,2,4,5,0,2,9,5,0,3,13,6,0
3E5S,3041,B,188,LYS,N,7,21,8,0,7,28,13,0,13,44,15,0,16,58,18,0,19,77,24,0
3E5S,3042,B,188,LYS,CA,7,26,10,0,9,36,13,0,14,46,16,0,18,61,21,0,20,88,25,0
3E5S,3043,B,188,LYS,C,8,28,12,0,13,41,15,0,15,61,18,0,19,88,23,0,27,105,28,0
3E5S,3044,B,188,LYS,O,9,29,14,0,11,42,16,0,16,63,19,0,23,94,23,0,26,109,28,1
3E5S,3045,B,188,LYS,HN,7,23,9,0,7,30,13,0,10,39,16,0,17,59,19,0,23,78,23,0
3E5S,3046,B,188,LYS,H,5,25,7,0,10,36,11,0,12,46,18,0,17,59,21,0,20,80,24,0
3E5S,3047,B,188,LYS,C,6,22,11,0,8,31,11,0,13,40,14,0,16,55,19,0,20,76,24,0
3E5S,3048,B,188,LYS,C,6,21,7,0,9,34,13,0,14,48,15,0,16,59,19,0,18,77,24,0
3E5S,3049,B,188,LYS,C,4,11,5,0,7,21,9,0,11,40,14,0,14,52,16,0,17,65,18,0
3E5S,3050,B,188,LYS,C,3,11,3,0,7,21,8,0,9,35,12,0,14,51,15,0,16,62,18,0
3E5S,3051,B,188,LYS,N,0,5,3,0,3,12,5,0,7,23,7,0,10,35,12,0,14,51,16,0
3E5S,3052,B,188,LYS,H,6,24,10,0,8,30,11,0,11,40,16,0,15,53,18,0,21,80,22,0
3E5S,3053,B,188,LYS,H,5,18,7,0,6,24,11,0,8,33,12,0,15,45,15,0,18,63,21,0
3E5S,3054,B,188,LYS,H,7,19,8,0,10,36,11,0,13,48,15,0,16,61,19,0,18,76,24,0
3E5S,3055,B,188,LYS,H,7,24,11,0,12,40,13,0,14,52,18,0,17,69,21,0,21,89,25,0
3E5S,3056,B,188,LYS,H,4,12,6,0,5,23,8,0,10,38,14,0,13,50,16,0,17,62,18,0
3E5S,3057,B,188,LYS,H,2,9,5,0,5,15,5,0,7,31,11,0,12,45,15,0,15,54,16,0
3E5S,3058,B,188,LYS,H,4,12,5,0,5,20,9,0,9,35,11,0,13,51,13,0,17,60,19,0
3E5S,3059,B,188,LYS,H,5,18,5,0,9,26,11,0,12,42,13,0,16,54,17,0,16,74,19,0
3E5S,3060,B,188,LYS,HN,1,8,4,0,3,16,5,0,8,23,6,0,10,31,13,0,11,50,15,0
3E5S,3061,B,188,LYS,HN,0,2,2,0,3,10,4,0,7,23,8,0,10,32,10,0,13,45,16,0
3E5S,3062,B,188,LYS,HN,0,3,2,0,2,8,4,0,6,18,7,0,7,30,9,0,12,42,14,0
3E5S,3063,B,189,ILE,N,12,33,11,0,14,48,15,0,17,69,23,0,22,89,24,0,30,115,29,0
3E5S,3064,B,189,ILE,CA,10,38,12,0,13,60,18,0,19,79,23,0,27,105,28,0,30,134,31,1
3E5S,3065,B,189,ILE,C,10,36,9,0,14,60,16,0,18,79,22,0,25,103,25,0,30,137,31,0
3E5S,3066,B,189,ILE,O,12,33,10,0,13,50,14,0,16,71,19,0,23,95,24,0,28,122,29,0
3E5S,3067,B,189,ILE,HN,9,33,9,0,13,47,16,0,16,62,20,0,20,83,23,0,26,109,28,0
3E5S,3068,B,189,ILE,H,12,43,13,0,15,59,18,0,21,86,23,0,27,109,27,1,33,134,32,1
3E5S,3069,B,189,ILE,C,9,42,8,0,16,61,15,0,19,80,24,0,28,109,28,0,33,146,35,1
3E5S,3070,B,189,ILE,C,12,38,10,0,15,59,14,0,18,78,23,0,26,110,31,0,33,139,37,1
3E5S,3071,B,189,ILE,C,7,42,7,0,15,68,17,0,23,90,24,0,29,125,30,0,37,162,40,1
3E5S,3072,B,189,ILE,C,11,39,10,0,16,63,20,0,20,83,22,1,29,115,32,1,36,144,41,1
3E5S,3073,B,189,ILE,H,6,35,12,0,14,57,12,0,18,78,20,0,26,101,27,1,30,132,36,1
3E5S,3074,B,189,ILE,H,9,36,11,0,18,56,13,0,20,83,25,0,26,110,30,0,32,137,37,2
3E5S,3075,B,189,ILE,H,11,39,11,0,14,49,15,0,17,73,19,0,22,94,29,0,31,127,36,1
3E5S,3076,B,189,ILE,H,10,44,8,0,14,63,17,0,22,93,21,0,30,122,32,0,39,170,39,1
3E5S,3077,B,189,ILE,H,9,41,9,0,12,66,16,0,22,92,23,0,32,136,28,1,40,169,43,1
3E5S,3078,B,189,ILE,H,8,38,9,0,16,68,13,0,18,92,21,0,29,123,27,0,39,158,38,2
3E5S,3079,B,189,ILE,H,12,37,12,0,14,58,18,0,21,88,23,1,29,110,30,1,34,137,39,1
3E5S,3080,B,189,ILE,H,10,43,13,0,17,60,18,0,21,86,22,1,25,109,29,1,37,138,37,1
3E5S,3081,B,189,ILE,H,8,45,10,0,18,57,16,0,23,91,24,1,32,122,34,1,39,158,44,1
3E5S,3082,B,190,GLU,N,12,41,9,0,15,62,15,0,20,85,20,0,27,115,24,0,33,142,31,0
3E5S,3083,B,190,GLU,CA,9,49,10,0,16,59,12,0,20,81,19,0,25,114,25,0,33,141,29,1
3E5S,3084,B,190,GLU,C,9,45,10,0,16,68,13,0,21,96,19,0,27,123,23,1,35,154,34,1
3E5S,3085,B,190,GLU,O,10,48,9,0,17,66,14,0,22,102,19,1,26,128,25,1,36,171,39,2
3E5S,3086,B,190,GLU,HN,11,46,10,0,16,70,13,0,22,92,21,0,26,123,27,0,32,140,33,2
3E5S,3087,B,190,GLU,H,8,43,9,0,14,57,12,0,18,81,16,0,23,107,23,0,31,138,30,0
3E5S,3088,B,190,GLU,C,13,45,9,0,16,61,14,0,19,74,19,0,22,93,21,0,28,124,30,1
3E5S,3089,B,190,GLU,C,12,32,7,0,14,52,10,0,17,67,18,0,20,81,21,0,25,101,26,0
3E5S,3090,B,190,GLU,C,11,29,6,0,15,44,9,0,15,60,17,0,18,75,20,0,24,91,23,0
3E5S,3091,B,190,GLU,O,11,30,8,0,15,41,13,0,17,61,17,0,20,80,20,0,24,95,23,1
3E5S,3092,B,190,GLU,O,7,23,4,0,11,35,8,0,15,46,14,0,16,65,18,0,21,80,22,0
3E5S,3093,B,190,GLU,H,11,45,9,0,15,59,15,0,20,78,18,0,25,95,23,0,27,130,28,1
3E5S,3094,B,190,GLU,H,14,46,11,0,17,64,15,0,19,79,19,0,24,94,22,1,30,122,30,1
3E5S,3095,B,190,GLU,H,12,35,7,0,15,50,12,0,17,64,17,0,20,80,20,0,23,101,27,0
3E5S,3096,B,190,GLU,H,8,33,8,0,14,43,9,0,15,61,13,0,20,76,21,0,25,99,25,0
3E5S,3097,B,191,VAL,N,10,47,13,0,13,76,17,0,16,99,21,0,28,120,24,0,38,155,32,2
3E5S,3098,B,191,VAL,CA,10,55,11,0,11,80,18,0,19,95,22,0,27,125,26,2,43,173,36,2
3E5S,3099,B,191,VAL,C,9,52,12,0,14,74,19,0,19,99,20,0,27,124,26,1,36,158,34,2
3E5S,3100,B,191,VAL,O,12,46,13,0,14,72,16,0,19,91,21,0,27,110,24,0,31,138,29,2
3E5S,3101,B,191,VAL,HN,9,49,11,0,12,68,17,0,19,97,21,0,27,111,24,0,36,141,29,1
3E5S,3102,B,191,VAL,H,9,51,9,0,13,79,15,0,18,102,25,0,31,140,29,2,42,178,40,2
3E5S,3103,B,191,VAL,C,9,56,7,0,13,77,16,0,20,94,22,1,32,124,32,1,39,170,37,1
3E5S,3104,B,191,VAL,C,6,48,7,0,14,66,13,1,22,102,23,1,32,134,32,1,41,172,38,1
3E5S,3105,B,191,VAL,C,10,51,7,0,15,77,13,1,20,99,23,1,29,131,33,1,39,170,39,1
3E5S,3106,B,191,VAL,H,6,54,11,0,15,72,12,0,19,95,21,1,27,118,28,1,35,148,35,1
3E5S,3107,B,191,VAL,H,6,48,7,1,15,66,15,1,26,96,22,1,33,127,31,1,41,167,39,1
3E5S,3108,B,191,VAL,H,7,49,7,0,14,71,13,1,22,109,24,1,31,141,33,1,43,183,40,2
3E5S,3109,B,191,VAL,H,7,49,9,0,15,71,14,1,22,98,20,1,30,137,28,1,38,162,41,2
3E5S,3110,B,191,VAL,H,10,48,9,1,16,70,14,1,21,99,22,1,31,127,31,1,38,162,37,2
3E5S,3111,B,191,VAL,H,10,49,9,0,16,74,12,0,19,95,23,1,26,130,28,1,41,160,39,2
3E5S,3112,B,191,VAL,H,7,47,9,0,16,74,15,0,23,106,24,1,32,132,33,1,39,183,41,1
3E5S,3113,B,192,GLU,N,11,47,10,0,16,75,14,0,21,103,19,1,28,128,27,1,36,156,32,2
3E5S,3114,B,192,GLU,CA,12,54,10,0,16,73,14,0,22,92,18,1,26,120,23,1,35,144,32,1
3E5S,3115,B,192,GLU,C,9,49,8,0,16,72,13,0,22,95,18,1,29,128,28,1,42,152,33,2
3E5S,3116,B,192,GLU,O,8,45,9,0,17,69,11,1,24,105,23,1,32,134,28,1,42,163,33,1
3E5S,3117,B,192,GLU,HN,11,50,9,0,13,74,11,0,20,105,20,1,31,140,28,1,37,163,35,2
3E5S,3118,B,192,GLU,H,10,49,8,0,18,64,13,0,21,89,18,0,26,111,22,1,31,136,30,1
3E5S,3119,B,192,GLU,C,10,50,8,0,16,73,13,1,21,85,18,1,28,106,23,1,34,144,30,1
3E5S,3120,B,192,GLU,C,10,41,6,0,15,65,11,0,19,79,16,1,25,96,19,1,31,124,27,1
3E5S,3121,B,192,GLU,C,9,38,5,0,13,53,9,1,17,76,14,1,23,94,19,1,34,114,27,1
3E5S,3122,B,192,GLU,O,10,39,5,1,13,57,9,1,19,71,16,1,24,101,25,1,32,128,29,1
3E5S,3123,B,192,GLU,O,8,31,4,0,11,43,7,0,16,60,12,1,20,82,18,1,27,100,24,1
3E5S,3124,B,192,GLU,H,11,51,7,1,14,72,13,1,23,90,17,1,30,112,24,1,38,156,35,1
3E5S,3125,B,192,GLU,H,10,51,9,0,14,70,13,1,21,82,18,1,27,106,24,1,34,136,29,1
3E5S,3126,B,192,GLU,H,11,37,6,0,14,56,11,0,19,74,16,0,23,91,18,1,27,110,23,1
3E5S,3127,B,192,GLU,H,10,45,8,0,16,57,11,0,22,86,14,1,25,101,20,1,33,125,31,1
3E5S,3128,B,193,PHE,N,14,42,10,0,16,66,16,0,20,90,23,0,31,112,27,0,39,143,31,2
3E5S,3129,B,193,PHE,CA,9,38,13,0,18,62,17,0,24,88,23,0,30,111,26,0,37,140,33,2
3E5S,3130,B,193,PHE,C,11,42,13,0,19,63,19,0,26,78,20,0,30,104,26,0,33,128,32,1
3E5S,3131,B,193,PHE,O,13,37,11,0,16,59,16,0,22,78,19,0,28,92,23,0,31,117,27,1
3E5S,3132,B,193,PHE,HN,13,42,11,0,15,63,15,0,21,81,20,0,28,109,24,1,35,138,30,2
3E5S,3133,B,193,PHE,H,10,43,14,0,16,60,18,0,23,88,22,0,32,121,30,1,39,150,33,2
3E5S,3134,B,193,PHE,C,11,29,9,0,17,55,15,0,22,81,20,0,26,104,26,1,32,120,29,1
3E5S,3135,B,193,PHE,C,10,32,9,0,14,46,13,0,22,80,18,1,24,104,26,1,33,128,30,1
3E5S,3136,B,193,PHE,C,10,34,7,0,14,54,13,1,18,77,18,1,26,107,25,1,36,136,34,1
3E5S,3137,B,193,PHE,C,7,30,8,0,15,48,12,1,20,70,15,1,25,100,24,1,31,123,29,1
3E5S,3138,B,193,PHE,C,10,37,5,1,11,51,12,1,18,71,19,1,29,104,26,1,36,137,37,1
3E5S,3139,B,193,PHE,C,8,33,6,1,13,47,10,1,19,69,16,1,24,92,21,1,33,127,32,1
3E5S,3140,B,193,PHE,C,9,36,7,1,13,52,12,1,18,67,18,1,29,96,25,1,37,130,33,1
3E5S,3141,B,193,PHE,H,12,28,10,0,18,48,13,0,19,77,19,0,25,96,25,1,32,116,28,1
3E5S,3142,B,193,PHE,H,10,28,8,0,16,50,14,0,23,72,20,0,24,92,23,0,28,115,28,1
3E5S,3143,B,193,PHE,H,11,33,9,0,15,58,15,1,18,81,19,1,28,104,25,1,35,132,36,1
3E5S,3144,B,193,PHE,H,9,30,7,0,14,45,10,0,19,65,14,1,23,92,24,1,29,115,26,1
3E5S,3145,B,193,PHE,H,8,38,6,1,14,55,14,1,18,75,17,1,26,107,26,1,34,131,36,1
3E5S,3146,B,193,PHE,H,6,33,6,1,13,46,10,1,20,64,13,1,23,86,21,1,30,115,32,1
3E5S,3147,B,193,PHE,H,6,35,4,1,12,53,10,1,19,67,19,1,27,94,28,1,35,127,31,1
3E5S,3148,B,194,ASP,N,10,53,9,0,20,66,16,0,27,83,18,0,32,106,25,0,35,136,32,1
3E5S,3149,B,194,ASP,CA,13,44,10,0,19,65,12,0,24,83,20,0,31,96,24,0,36,118,29,1
3E5S,3150,B,194,ASP,C,11,34,8,0,17,51,9,0,22,68,15,0,26,90,23,0,32,106,25,0
3E5S,3151,B,194,ASP,O,10,33,8,0,15,51,10,0,22,63,14,0,25,83,21,0,28,105,27,0
3E5S,3152,B,194,ASP,HN,12,50,11,0,17,66,14,0,25,86,18,0,33,112,28,0,39,143,33,1
3E5S,3153,B,194,ASP,H,12,41,10,0,19,60,13,0,23,77,19,0,29,93,22,0,35,111,26,1
3E5S,3154,B,194,ASP,C,11,43,9,0,17,68,14,0,25,84,20,0,32,100,27,1,35,131,30,1
3E5S,3155,B,194,ASP,C,9,45,9,0,17,57,14,0,22,77,19,0,28,95,24,1,35,120,31,1
3E5S,3156,B,194,ASP,O,11,41,9,0,16,61,14,0,22,80,21,0,27,103,25,1,35,122,33,1
3E5S,3157,B,194,ASP,O,10,35,9,0,14,51,12,0,18,65,16,0,27,82,20,0,31,108,24,1
3E5S,3158,B,194,ASP,H,11,42,10,0,15,67,14,0,25,85,18,0,30,102,26,0,36,125,32,1
3E5S,3159,B,194,ASP,H,11,53,10,0,18,71,16,0,26,85,22,0,31,112,28,1,37,137,32,1
3E5S,3160,B,195,LYS,N,10,25,9,0,13,39,12,0,18,57,16,0,24,80,21,0,30,95,25,0
3E5S,3161,B,195,LYS,CA,7,19,7,0,13,29,10,0,14,43,14,0,17,61,16,0,27,82,22,0
3E5S,3162,B,195,LYS,C,8,18,8,0,10,27,9,0,15,38,14,0,16,57,16,0,25,77,19,0
3E5S,3163,B,195,LYS,O,8,15,7,0,9,23,8,0,13,32,11,0,17,42,16,0,21,65,17,0
3E5S,3164,B,195,LYS,HN,8,27,9,0,13,39,15,0,18,62,17,0,24,80,20,0,30,97,23,0
3E5S,3165,B,195,LYS,H,6,20,7,0,11,28,8,0,16,40,11,0,17,58,17,0,24,77,23,0
3E5S,3166,B,195,LYS,C,6,15,7,0,10,22,9,0,12,36,12,0,19,48,16,0,21,68,20,0
3E5S,3167,B,195,LYS,C,5,17,6,0,7,23,8,0,13,32,13,0,18,46,18,0,22,67,20,0
3E5S,3168,B,195,LYS,C,2,11,4,0,4,17,7,0,11,24,9,0,14,37,13,0,20,54,19,0
3E5S,3169,B,195,LYS,C,4,10,4,0,7,18,7,0,11,27,8,0,15,38,11,0,19,55,18,0
3E5S,3170,B,195,LYS,N,3,6,5,0,5,12,5,0,9,22,8,0,15,32,8,0,17,45,14,0
3E5S,3171,B,195,LYS,H,3,10,5,0,6,16,8,0,11,31,10,0,13,41,13,0,20,55,18,0
3E5S,3172,B,195,LYS,H,7,15,8,0,8,26,11,0,14,38,13,0,16,51,16,0,24,73,19,0
3E5S,3173,B,195,LYS,H,6,14,6,0,7,25,9,0,11,29,12,0,16,39,14,0,21,59,18,0
3E5S,3174,B,195,LYS,H,6,18,6,0,8,28,9,0,17,40,15,0,18,59,20,0,25,77,20,0
3E5S,3175,B,195,LYS,H,2,3,3,0,2,14,4,0,8,19,8,0,12,31,9,0,17,40,14,0
3E5S,3176,B,195,LYS,H,2,10,4,0,5,15,6,0,9,20,9,0,15,38,13,0,20,53,17,0
3E5S,3177,B,195,LYS,H,3,7,4,0,6,14,5,0,8,23,7,0,12,34,10,0,17,46,15,0
3E5S,3178,B,195,LYS,H,7,14,4,0,8,20,8,0,13,36,11,0,18,52,14,0,22,63,19,0
3E5S,3179,B,195,LYS,HN,4,3,1,0,6,11,5,0,9,21,7,0,11,31,9,0,16,42,13,0
3E5S,3180,B,195,LYS,HN,4,5,5,0,6,16,6,0,9,26,7,0,17,36,9,0,17,50,16,0
3E5S,3181,B,195,LYS,HN,1,3,1,0,3,7,5,0,6,17,6,0,11,25,8,0,17,37,10,0
3E5S,3182,B,196,GLY,N,10,23,9,0,11,32,14,0,16,52,15,0,21,70,18,0,25,88,18,0
3E5S,3183,B,196,GLY,CA,9,23,8,0,12,30,13,0,14,45,16,0,20,65,16,0,23,81,18,0
3E5S,3184,B,196,GLY,C,9,23,8,0,12,40,13,0,16,48,15,0,19,66,17,0,22,84,20,0
3E5S,3185,B,196,GLY,O,11,26,8,0,12,41,11,0,18,50,14,0,18,61,17,0,22,79,20,0
3E5S,3186,B,196,GLY,HN,9,24,12,0,11,42,13,0,17,58,16,0,23,77,18,0,25,96,22,0
3E5S,3187,B,196,GLY,H,8,20,7,0,10,26,8,0,14,35,15,0,16,52,16,0,23,68,16,0
3E5S,3188,B,196,GLY,H,9,21,10,0,11,34,12,0,15,50,16,0,21,66,16,0,23,83,20,0
3E5S,3189,B,197,GLN,N,6,23,8,0,10,33,10,0,14,47,14,0,20,64,17,0,23,81,22,0
3E5S,3190,B,197,GLN,CA,5,16,8,0,10,31,8,0,13,47,12,0,18,60,18,0,23,78,24,0
3E5S,3191,B,197,GLN,C,9,26,7,0,11,43,10,0,16,53,17,0,20,67,23,0,27,87,24,1
3E5S,3192,B,197,GLN,O,11,34,9,0,11,48,12,0,17,58,22,0,23,78,24,0,32,109,28,1
3E5S,3193,B,197,GLN,HN,7,17,7,0,9,30,11,0,14,48,14,0,19,64,18,0,22,80,23,0
3E5S,3194,B,197,GLN,H,6,14,6,0,8,21,8,0,12,38,11,0,16,53,14,0,21,66,20,0
3E5S,3195,B,197,GLN,C,5,17,4,0,8,26,10,0,11,45,13,0,18,61,16,0,22,79,23,0
3E5S,3196,B,197,GLN,C,5,16,4,0,6,18,6,0,7,28,9,0,14,46,15,0,18,69,18,0
3E5S,3197,B,197,GLN,C,4,8,2,0,6,13,4,0,6,20,7,0,9,34,12,0,15,55,15,0
3E5S,3198,B,197,GLN,O,2,3,2,0,6,11,4,0,6,20,6,0,8,36,8,0,15,49,15,0
3E5S,3199,B,197,GLN,N,2,5,2,0,4,11,3,0,6,17,6,0,7,22,8,0,12,37,13,0
3E5S,3200,B,197,GLN,H,7,19,6,0,8,30,10,0,13,50,16,0,19,67,21,0,27,90,24,0
3E5S,3201,B,197,GLN,H,5,13,4,0,7,26,9,0,11,43,13,0,16,61,16,0,21,74,21,0
3E5S,3202,B,197,GLN,H,5,16,4,0,7,19,6,0,9,34,9,0,14,47,16,0,18,67,17,0
3E5S,3203,B,197,GLN,H,5,14,4,0,5,22,7,0,9,31,10,0,13,50,15,0,19,67,18,0
3E5S,3204,B,197,GLN,HN,2,7,2,0,3,13,4,0,7,19,6,0,8,22,8,0,15,43,14,0
3E5S,3205,B,197,GLN,HN,1,1,2,0,2,5,2,0,5,12,4,0,6,18,6,0,7,27,10,0
3E5S,3206,B,198,ARG,N,8,27,9,0,11,42,11,0,14,51,14,0,16,62,21,1,22,83,25,1
3E5S,3207,B,198,ARG,CA,10,32,8,0,12,45,12,0,13,57,17,1,19,72,22,1,23,99,25,1
3E5S,3208,B,198,ARG,C,7,34,8,0,10,47,12,1,15,62,19,1,20,80,19,1,26,105,29,1
3E5S,3209,B,198,ARG,O,8,34,7,1,11,55,13,1,17,70,17,1,24,90,21,1,26,112,30,1
3E5S,3210,B,198,ARG,HN,7,21,8,0,9,32,10,0,11,43,13,0,15,54,15,1,17,72,22,1
3E5S,3211,B,198,ARG,H,10,37,8,0,12,47,11,0,14,61,20,1,19,84,25,1,25,116,30,1
3E5S,3212,B,198,ARG,C,5,27,5,0,12,38,10,1,12,51,15,1,15,72,19,1,23,94,27,1
3E5S,3213,B,198,ARG,C,7,24,7,0,10,38,9,0,13,51,14,0,19,70,18,1,21,97,25,1
3E5S,3214,B,198,ARG,C,4,15,7,0,7,28,7,0,14,50,11,1,17,65,17,1,20,95,22,1
3E5S,3215,B,198,ARG,N,4,16,7,0,9,24,9,0,12,43,11,0,16,72,15,0,22,91,21,1
3E5S,3216,B,198,ARG,C,4,14,6,0,8,27,9,0,12,46,11,0,18,69,13,0,21,85,21,1
3E5S,3217,B,198,ARG,N,4,17,4,0,5,26,7,0,11,42,11,0,16,65,13,1,22,86,20,1
3E5S,3218,B,198,ARG,N,6,19,7,0,9,30,8,0,12,44,12,0,15,59,15,0,19,75,21,0
3E5S,3219,B,198,ARG,H,7,28,6,1,9,40,10,1,13,62,13,1,17,81,21,1,23,104,28,1
3E5S,3220,B,198,ARG,H,4,21,5,0,9,33,7,1,12,45,13,1,13,63,16,1,20,80,23,1
3E5S,3221,B,198,ARG,H,7,20,7,0,10,31,8,0,12,44,13,0,16,63,16,1,19,83,22,1
3E5S,3222,B,198,ARG,H,9,27,8,0,9,41,10,0,16,60,15,0,18,82,21,1,23,109,26,1
3E5S,3223,B,198,ARG,H,3,16,6,0,8,37,9,0,14,53,13,1,19,77,15,1,23,104,24,1
3E5S,3224,B,198,ARG,H,1,13,4,0,5,21,7,0,10,40,10,1,16,58,13,1,17,73,19,1
3E5S,3225,B,198,ARG,HN,6,19,6,0,9,24,8,0,11,43,13,0,17,68,16,0,21,86,18,1
3E5S,3226,B,198,ARG,HN,3,18,3,0,5,25,6,0,7,43,11,1,16,67,13,1,22,85,19,1
3E5S,3227,B,198,ARG,HN,4,20,5,0,6,31,6,0,11,41,10,0,16,62,15,0,21,83,20,1
3E5S,3228,B,198,ARG,HN,7,16,5,0,8,30,7,0,11,41,13,0,16,53,16,0,19,72,19,0
3E5S,3229,B,198,ARG,HN,6,15,5,0,8,29,7,0,13,45,10,0,14,58,16,0,19,69,20,0
3E5S,3230,B,199,THR,N,9,32,10,0,12,41,12,1,17,56,15,1,22,79,19,1,28,98,24,1
3E5S,3231,B,199,THR,CA,9,30,9,0,12,40,14,1,15,61,16,1,20,78,17,1,27,99,22,1
3E5S,3232,B,199,THR,C,11,30,10,0,13,38,13,0,15,51,16,1,19,74,16,1,25,100,21,1
3E5S,3233,B,199,THR,O,11,27,8,0,11,35,12,0,14,46,14,0,17,66,16,1,22,94,19,1
3E5S,3234,B,199,THR,HN,8,27,8,0,12,35,12,0,15,52,14,1,21,66,18,1,25,95,22,1
3E5S,3235,B,199,THR,H,8,33,10,1,15,52,13,1,18,69,16,1,22,86,20,1,28,103,23,1
3E5S,3236,B,199,THR,C,7,28,7,1,10,37,13,1,14,49,14,1,18,70,15,1,21,86,20,1
3E5S,3237,B,199,THR,OH,8,21,6,0,10,30,11,1,12,38,14,1,13,51,14,1,20,71,18,1
3E5S,3238,B,199,THR,C,6,24,8,1,7,38,10,1,15,53,13,1,19,70,17,1,23,87,21,1
3E5S,3239,B,199,THR,H,8,25,10,0,9,35,11,1,12,49,13,1,17,69,15,1,19,81,19,1
3E5S,3240,B,199,THR,HO,7,22,7,0,10,28,10,0,11,38,13,1,13,44,14,1,18,61,16,1
3E5S,3241,B,199,THR,H,6,14,5,1,7,29,9,1,10,48,12,1,18,62,16,1,19,79,18,1
3E5S,3242,B,199,THR,H,5,26,7,1,8,39,9,1,12,55,12,1,19,69,16,1,23,90,23,1
3E5S,3243,B,199,THR,H,6,28,8,1,11,45,11,1,13,62,15,1,19,77,17,1,25,94,23,1
3E5S,3244,B,200,ASP,N,10,31,8,0,14,41,12,0,16,56,13,1,20,77,16,1,25,98,18,1
3E5S,3245,B,200,ASP,CA,10,34,8,0,12,43,9,0,16,53,12,0,18,66,14,0,23,90,17,1
3E5S,3246,B,200,ASP,C,7,29,5,0,11,39,8,0,13,43,9,0,16,51,12,0,19,67,13,1
3E5S,3247,B,200,ASP,O,6,25,5,0,11,37,8,0,12,44,10,0,16,48,11,0,19,63,13,1
3E5S,3248,B,200,ASP,HN,11,36,9,0,13,46,11,0,17,63,13,1,20,81,16,1,23,96,19,1
3E5S,3249,B,200,ASP,H,9,30,6,0,13,40,9,0,14,55,12,0,18,65,15,0,24,83,17,0
3E5S,3250,B,200,ASP,C,10,37,6,0,15,47,9,0,16,57,13,0,23,75,15,0,25,96,19,1
3E5S,3251,B,200,ASP,C,11,37,6,0,12,41,9,0,18,56,13,0,22,75,15,0,26,97,17,1
3E5S,3252,B,200,ASP,O,11,34,7,0,11,44,9,0,16,53,11,0,20,64,13,1,24,86,17,1
3E5S,3253,B,200,ASP,O,11,37,7,0,15,43,10,0,18,61,14,0,23,78,16,0,26,102,23,1
3E5S,3254,B,200,ASP,H,11,39,6,0,15,50,11,0,21,70,14,0,24,90,19,0,28,106,24,1
3E5S,3255,B,200,ASP,H,9,33,3,0,12,43,7,0,15,59,10,0,21,71,14,0,25,83,18,0
3E5S,3256,B,201,LYS,N,7,23,6,0,7,31,8,0,12,39,10,0,14,46,11,0,16,58,14,0
3E5S,3257,B,201,LYS,CA,4,18,5,0,6,24,7,0,8,31,8,0,11,40,10,0,13,45,12,0
3E5S,3258,B,201,LYS,C,4,18,7,0,6,24,7,0,9,29,7,0,9,35,8,0,13,46,12,0
3E5S,3259,B,201,LYS,O,4,15,4,0,5,21,7,0,6,25,7,0,9,28,7,0,11,36,10,0
3E5S,3260,B,201,LYS,HN,6,22,6,0,7,31,7,0,12,43,10,0,15,51,11,0,16,63,15,0
3E5S,3261,B,201,LYS,H,4,17,5,0,5,20,8,0,8,28,8,0,10,35,10,0,13,42,11,0
3E5S,3262,B,201,LYS,C,3,14,5,0,5,16,5,0,6,25,7,0,9,34,8,0,10,44,9,0
3E5S,3263,B,201,LYS,C,4,13,3,0,6,16,5,0,7,27,6,0,8,38,8,0,11,45,8,0
3E5S,3264,B,201,LYS,C,1,12,3,0,4,13,3,0,5,18,5,0,7,29,6,0,7,41,7,0
3E5S,3265,B,201,LYS,C,1,11,1,0,2,14,3,0,6,20,3,0,6,30,5,0,9,42,6,0
3E5S,3266,B,201,LYS,N,0,6,0,0,1,8,0,0,2,17,3,0,5,24,3,0,6,31,5,0
3E5S,3267,B,201,LYS,H,3,14,4,0,3,16,5,0,6,23,7,0,8,36,8,0,11,42,9,0
3E5S,3268,B,201,LYS,H,2,13,3,0,3,15,5,0,6,16,5,0,6,27,8,0,9,34,8,0
3E5S,3269,B,201,LYS,H,5,14,4,0,7,18,4,0,7,22,6,0,7,32,7,0,10,42,8,0
3E5S,3270,B,201,LYS,H,5,15,4,0,7,24,6,0,7,35,6,0,10,44,8,0,15,57,11,0
3E5S,3271,B,201,LYS,H,1,11,1,0,2,13,3,0,4,17,4,0,6,29,6,0,8,40,7,0
3E5S,3272,B,201,LYS,H,1,9,0,0,1,13,3,0,4,13,4,0,7,19,5,0,7,32,7,0
3E5S,3273,B,201,LYS,H,2,10,1,0,3,14,3,0,6,20,4,0,8,29,4,0,9,41,6,0
3E5S,3274,B,201,LYS,H,2,14,2,0,3,18,3,0,6,26,3,0,8,39,6,0,10,49,8,0
3E5S,3275,B,201,LYS,HN,0,5,0,0,1,9,0,0,2,17,1,0,4,24,3,0,7,29,3,0
3E5S,3276,B,201,LYS,HN,0,4,0,0,1,11,0,0,2,19,2,0,3,23,3,0,6,31,4,0
3E5S,3277,B,201,LYS,HN,0,6,0,0,1,6,0,0,2,12,1,0,2,20,3,0,6,24,4,0
3E5S,3278,B,202,TYR,N,6,19,7,0,9,21,7,0,10,27,7,0,12,37,10,0,17,50,13,0
3E5S,3279,B,202,TYR,CA,6,18,6,0,8,21,7,0,9,28,8,0,13,35,9,0,15,45,11,0
3E5S,3280,B,202,TYR,C,6,18,6,0,8,22,8,0,10,32,9,0,14,41,10,1,15,49,13,1
3E5S,3281,B,202,TYR,O,5,14,6,0,8,22,7,0,9,29,8,0,13,41,9,1,15,48,13,1
3E5S,3282,B,202,TYR,HN,7,21,7,0,10,26,7,0,11,32,9,0,13,44,11,0,17,58,14,0
3E5S,3283,B,202,TYR,H,5,16,5,0,7,19,6,0,9,21,7,0,9,27,8,0,13,37,9,0
3E5S,3284,B,202,TYR,C,7,18,6,0,8,21,6,0,10,29,8,0,15,39,9,0,15,46,12,0
3E5S,3285,B,202,TYR,C,7,17,4,0,8,18,6,0,9,24,6,0,11,31,8,0,15,46,11,0
3E5S,3286,B,202,TYR,C,6,12,4,0,7,16,4,0,8,17,6,0,8,22,6,0,10,32,8,0
3E5S,3287,B,202,TYR,C,7,15,4,0,9,21,5,0,9,29,7,0,13,41,9,0,17,55,14,0
3E5S,3288,B,202,TYR,C,5,8,3,0,6,12,4,0,7,15,4,0,8,17,5,0,9,27,7,0
3E5S,3289,B,202,TYR,C,6,13,3,0,8,15,4,0,9,25,5,0,10,36,7,0,13,46,8,0
3E5S,3290,B,202,TYR,C,5,8,3,0,6,13,3,0,7,16,4,0,9,23,5,0,10,35,7,0
3E5S,3291,B,202,TYR,OH,2,6,0,0,5,9,3,0,6,15,3,0,7,21,4,0,10,31,4,0
3E5S,3292,B,202,TYR,H,6,15,5,0,7,20,6,0,9,27,7,0,13,38,9,0,15,46,12,0
3E5S,3293,B,202,TYR,H,8,19,6,0,9,29,7,0,13,39,9,0,15,44,12,0,19,57,15,1
3E5S,3294,B,202,TYR,H,3,12,3,0,7,16,4,0,8,17,5,0,8,19,6,0,9,27,8,0
3E5S,3295,B,202,TYR,H,9,20,5,0,9,27,6,0,13,36,8,0,17,51,13,0,19,61,17,0
3E5S,3296,B,202,TYR,H,1,6,1,0,5,8,3,0,6,12,4,0,7,16,4,0,8,17,5,0
3E5S,3297,B,202,TYR,H,5,11,2,0,7,20,4,0,10,28,5,0,11,39,6,0,13,51,16,0
3E5S,3298,B,202,TYR,HO,2,4,0,0,4,7,2,0,5,11,3,0,7,16,4,0,10,28,4,0
3E5S,3299,B,203,GLY,N,6,25,7,0,8,32,8,0,12,42,10,0,13,53,10,1,16,66,15,1
3E5S,3300,B,203,GLY,CA,7,22,8,0,9,32,10,1,13,44,10,1,14,55,12,1,16,72,16,1
3E5S,3301,B,203,GLY,C,9,27,10,1,12,40,10,1,14,55,13,1,15,68,17,1,18,82,17,1
3E5S,3302,B,203,GLY,O,9,29,9,1,12,40,12,1,13,54,13,1,16,66,17,1,20,92,20,1
3E5S,3303,B,203,GLY,HN,7,25,7,0,8,35,9,0,10,43,10,0,16,53,12,1,17,65,15,1
3E5S,3304,B,203,GLY,H,6,20,7,0,8,28,9,1,11,41,10,1,15,54,11,1,16,71,17,1
3E5S,3305,B,203,GLY,H,5,20,6,0,8,28,8,1,10,38,10,1,14,46,12,1,15,62,13,1
3E5S,3306,B,204,ARG,N,10,30,10,0,10,46,11,1,10,58,13,1,15,68,17,1,19,85,19,1
3E5S,3307,B,204,ARG,CA,10,39,11,1,10,51,14,1,15,60,15,1,19,78,20,1,22,113,22,1
3E5S,3308,B,204,ARG,C,10,42,12,1,13,53,14,1,15,60,17,1,19,88,20,1,24,117,23,1
3E5S,3309,B,204,ARG,O,11,38,12,1,12,55,14,1,15,68,17,1,20,87,20,1,26,110,23,1
3E5S,3310,B,204,ARG,HN,8,32,9,0,10,42,10,0,10,54,12,1,14,66,16,1,20,81,19,1
3E5S,3311,B,204,ARG,H,8,34,10,1,11,47,13,1,16,59,16,1,19,84,18,1,23,107,24,1
3E5S,3312,B,204,ARG,C,8,38,9,0,12,52,15,1,16,66,17,1,20,83,22,1,23,108,24,1
3E5S,3313,B,204,ARG,C,7,30,8,0,11,46,12,0,14,58,15,1,19,79,19,1,23,92,22,1
3E5S,3314,B,204,ARG,C,6,27,7,0,13,39,12,0,15,60,17,0,20,76,20,0,25,100,24,1
3E5S,3315,B,204,ARG,N,8,31,8,0,13,42,12,0,15,56,16,0,20,79,21,0,22,96,26,1
3E5S,3316,B,204,ARG,C,5,24,5,0,12,39,11,0,15,59,17,0,18,73,22,0,26,100,29,0
3E5S,3317,B,204,ARG,N,5,21,6,0,8,31,11,0,14,53,18,0,20,77,24,0,25,99,27,0
3E5S,3318,B,204,ARG,N,7,22,3,0,10,44,9,0,14,58,19,0,19,76,21,0,25,98,31,0
3E5S,3319,B,204,ARG,H,9,37,11,0,14,55,14,1,19,72,18,1,21,99,22,1,26,113,28,1
3E5S,3320,B,204,ARG,H,11,37,11,0,13,49,14,0,18,65,17,1,19,84,20,1,26,109,23,1
3E5S,3321,B,204,ARG,H,8,28,8,0,9,42,9,0,12,53,14,0,15,66,16,1,20,81,21,1
3E5S,3322,B,204,ARG,H,6,24,7,0,9,41,11,0,15,63,15,1,18,80,19,1,24,92,24,1
3E5S,3323,B,204,ARG,H,6,24,6,0,9,31,9,0,14,48,15,0,18,67,18,0,21,88,22,1
3E5S,3324,B,204,ARG,H,9,28,10,0,13,44,13,0,18,63,16,0,21,86,21,1,25,106,30,1
3E5S,3325,B,204,ARG,HN,7,37,9,0,12,46,12,0,15,53,14,0,19,76,19,0,23,99,25,1
3E5S,3326,B,204,ARG,HN,5,23,6,0,10,36,12,0,13,45,17,0,18,73,24,0,24,95,28,0
3E5S,3327,B,204,ARG,HN,5,20,6,0,8,31,12,0,10,46,18,0,20,73,22,0,24,96,27,0
3E5S,3328,B,204,ARG,HN,8,27,5,0,12,47,11,0,15,62,14,0,18,77,22,0,25,99,29,0
3E5S,3329,B,204,ARG,HN,5,26,2,0,8,38,7,0,12,57,16,0,20,76,24,0,24,97,28,0
3E5S,3330,B,205,GLY,N,10,46,12,1,15,55,14,1,19,77,17,1,25,109,21,1,32,133,28,1
3E5S,3331,B,205,GLY,CA,9,47,10,1,12,60,15,1,20,83,17,1,29,112,23,1,36,139,31,1
3E5S,3332,B,205,GLY,C,10,48,12,1,16,70,16,1,23,90,19,1,33,122,24,1,37,147,31,1
3E5S,3333,B,205,GLY,O,10,52,11,1,18,70,16,1,23,93,20,1,33,122,23,1,38,151,34,1
3E5S,3334,B,205,GLY,HN,10,40,11,1,13,56,15,1,20,84,18,1,26,110,25,1,31,138,27,1
3E5S,3335,B,205,GLY,H,8,46,11,1,11,60,14,1,19,78,17,1,26,102,22,1,34,128,30,1
3E5S,3336,B,205,GLY,H,8,46,8,1,11,66,14,1,18,89,19,1,32,121,24,1,39,139,34,1
3E5S,3337,B,206,LEU,N,12,46,11,1,15,63,15,1,22,84,19,1,32,119,27,1,41,142,33,1
3E5S,3338,B,206,LEU,CA,11,43,9,0,17,67,16,0,23,90,25,1,33,118,28,1,42,157,37,1
3E5S,3339,B,206,LEU,C,11,48,10,0,17,76,18,0,23,93,24,1,31,120,31,1,41,152,38,2
3E5S,3340,B,206,LEU,O,11,45,12,0,17,73,15,0,22,91,25,1,27,115,30,1,35,146,39,1
3E5S,3341,B,206,LEU,HN,8,46,10,1,16,63,16,1,22,80,20,1,31,109,23,1,38,132,33,1
3E5S,3342,B,206,LEU,H,10,38,11,0,18,63,18,0,25,91,22,1,31,125,29,1,39,163,39,1
3E5S,3343,B,206,LEU,C,12,37,11,0,14,57,15,0,24,90,24,0,36,112,31,1,40,149,35,1
3E5S,3344,B,206,LEU,C,13,33,11,0,17,51,15,0,23,80,20,0,30,115,29,1,38,145,36,1
3E5S,3345,B,206,LEU,C,8,26,10,0,13,45,15,0,24,73,18,0,30,104,26,0,38,132,36,1
3E5S,3346,B,206,LEU,C,14,36,10,0,18,50,17,0,24,80,22,0,30,128,28,0,41,154,35,1
3E5S,3347,B,206,LEU,H,13,37,11,0,16,67,18,0,25,92,26,0,35,119,34,0,43,153,37,1
3E5S,3348,B,206,LEU,H,8,37,10,0,15,57,16,0,23,78,23,0,33,105,30,1,38,138,32,1
3E5S,3349,B,206,LEU,H,11,31,10,0,16,55,14,0,24,76,19,1,28,99,25,1,33,135,34,1
3E5S,3350,B,206,LEU,H,7,27,9,0,14,48,14,0,23,73,18,0,28,91,23,0,36,118,32,0
3E5S,3351,B,206,LEU,H,6,27,11,0,13,48,16,0,25,73,22,0,34,111,28,0,39,138,37,0
3E5S,3352,B,206,LEU,H,8,27,11,0,11,42,12,0,19,70,20,0,28,97,26,0,35,123,31,1
3E5S,3353,B,206,LEU,H,15,30,10,0,20,52,13,0,22,80,19,0,29,110,27,0,36,142,33,1
3E5S,3354,B,206,LEU,H,15,36,11,0,20,53,15,0,24,81,21,0,30,129,28,1,37,160,38,1
3E5S,3355,B,206,LEU,H,13,33,11,0,20,56,16,0,26,86,22,0,31,131,27,0,41,160,38,0
3E5S,3356,B,207,ALA,N,12,55,10,0,16,77,16,0,20,99,25,1,32,129,31,2,42,171,41,2
3E5S,3357,B,207,ALA,CA,10,57,9,0,16,74,18,0,21,95,25,1,31,133,30,2,42,187,39,2
3E5S,3358,B,207,ALA,C,10,53,9,0,13,74,15,1,20,102,23,1,28,140,29,1,45,190,42,2
3E5S,3359,B,207,ALA,O,10,50,9,0,15,72,12,1,22,108,20,1,26,146,32,1,41,180,43,2
3E5S,3360,B,207,ALA,HN,12,53,11,0,16,75,14,0,20,99,25,0,31,137,32,2,40,175,40,2
3E5S,3361,B,207,ALA,H,9,54,11,0,16,73,18,0,24,100,24,1,35,131,31,2,41,179,35,2
3E5S,3362,B,207,ALA,C,9,52,9,0,14,71,15,0,20,101,23,1,28,134,32,2,42,189,39,2
3E5S,3363,B,207,ALA,H,8,48,9,0,13,73,15,0,23,110,22,1,32,142,32,2,41,184,38,2
3E5S,3364,B,207,ALA,H,13,52,8,0,14,74,15,1,17,101,22,1,28,142,30,2,44,190,43,2
3E5S,3365,B,207,ALA,H,8,48,8,0,16,76,12,1,22,101,23,1,29,127,33,1,41,170,42,2
3E5S,3366,B,208,TYR,N,11,47,11,1,14,69,15,1,19,101,21,1,32,135,30,1,43,176,43,1
3E5S,3367,B,208,TYR,CA,12,46,10,1,15,68,14,1,21,104,22,1,30,131,30,1,38,175,39,1
3E5S,3368,B,208,TYR,C,10,49,8,1,16,69,14,1,23,102,21,1,26,136,27,1,38,177,40,2
3E5S,3369,B,208,TYR,O,8,41,9,1,16,75,14,1,20,107,20,1,28,136,31,1,41,174,41,1
3E5S,3370,B,208,TYR,HN,9,45,12,1,12,67,18,1,23,97,22,1,32,139,26,1,46,176,41,1
3E5S,3371,B,208,TYR,H,12,46,10,1,15,73,14,1,22,100,23,1,25,134,29,1,43,175,42,2
3E5S,3372,B,208,TYR,C,12,42,8,1,17,70,13,1,21,100,24,1,31,133,30,1,37,161,38,1
3E5S,3373,B,208,TYR,C,10,42,9,1,17,71,13,1,23,102,24,1,31,129,29,1,40,153,42,1
3E5S,3374,B,208,TYR,C,11,43,9,1,18,73,17,1,22,100,23,1,31,124,33,1,41,164,43,1
3E5S,3375,B,208,TYR,C,11,43,11,1,15,65,17,1,24,90,22,1,32,123,28,1,39,162,40,1
3E5S,3376,B,208,TYR,C,12,41,11,1,16,67,17,1,24,93,24,1,32,123,33,1,41,166,44,1
3E5S,3377,B,208,TYR,C,11,45,12,1,17,60,17,1,20,84,21,1,30,115,30,1,43,159,39,1
3E5S,3378,B,208,TYR,C,11,44,12,1,16,63,16,1,23,83,25,1,32,120,30,1,40,161,44,1
3E5S,3379,B,208,TYR,OH,10,42,10,1,15,57,18,1,24,83,25,1,31,112,30,1,39,145,40,1
3E5S,3380,B,208,TYR,H,11,44,9,1,16,70,15,1,21,98,23,1,30,125,30,1,38,162,38,2
3E5S,3381,B,208,TYR,H,10,43,9,1,18,63,13,1,22,98,21,1,30,130,31,1,39,158,37,1
3E5S,3382,B,208,TYR,H,11,46,10,1,18,71,16,1,23,99,24,1,31,128,33,1,41,169,41,1
3E5S,3383,B,208,TYR,H,9,38,11,1,15,64,15,1,21,93,20,1,34,121,25,1,41,158,40,1
3E5S,3384,B,208,TYR,H,12,42,8,1,17,60,16,1,24,98,25,1,33,128,38,1,43,162,44,1
3E5S,3385,B,208,TYR,H,10,41,12,0,18,55,16,1,20,79,20,1,28,105,29,1,40,145,37,1
3E5S,3386,B,208,TYR,HO,11,41,13,0,15,58,17,1,20,85,24,1,29,108,32,1,39,137,35,1
3E5S,3387,B,209,ILE,N,10,49,9,1,16,69,13,1,19,102,21,1,31,143,30,2,41,184,39,2
3E5S,3388,B,209,ILE,CA,10,50,8,1,14,69,13,1,22,104,21,1,31,137,32,2,40,184,41,2
3E5S,3389,B,209,ILE,C,10,45,8,1,15,72,16,2,23,99,19,2,27,129,29,2,36,168,42,2
3E5S,3390,B,209,ILE,O,12,41,8,1,15,66,14,2,23,100,20,2,24,133,27,2,35,165,39,2
3E5S,3391,B,209,ILE,HN,12,48,11,1,15,68,15,1,19,100,19,2,28,139,29,2,39,187,40,2
3E5S,3392,B,209,ILE,H,8,43,8,0,14,75,12,1,22,104,21,1,32,142,33,2,39,184,41,2
3E5S,3393,B,209,ILE,C,10,48,6,0,14,75,12,1,20,98,24,2,31,143,33,2,47,188,45,2
3E5S,3394,B,209,ILE,C,12,44,8,0,15,77,14,0,20,102,22,1,27,148,31,2,46,194,45,3
3E5S,3395,B,209,ILE,C,8,45,5,0,12,74,15,0,24,103,25,2,36,137,32,2,51,191,49,2
3E5S,3396,B,209,ILE,C,10,40,10,0,15,70,13,0,22,108,22,0,31,151,34,2,41,191,43,2
3E5S,3397,B,209,ILE,H,9,42,8,0,16,70,12,2,20,104,23,2,33,138,33,2,44,188,43,2
3E5S,3398,B,209,ILE,H,10,46,10,0,17,66,12,0,21,102,23,0,33,145,33,2,49,193,43,3
3E5S,3399,B,209,ILE,H,11,46,9,0,16,76,15,1,22,103,20,1,28,138,29,1,38,190,44,3
3E5S,3400,B,209,ILE,H,8,43,5,0,16,71,17,0,26,104,25,1,36,133,36,2,52,191,45,2
3E5S,3401,B,209,ILE,H,9,41,6,0,13,72,12,0,23,101,24,0,35,140,34,2,45,189,48,2
3E5S,3402,B,209,ILE,H,9,44,7,0,13,68,15,1,21,101,21,2,35,138,35,2,47,177,49,2
3E5S,3403,B,209,ILE,H,10,44,10,0,16,66,15,0,24,107,24,1,31,148,30,2,40,188,41,2
3E5S,3404,B,209,ILE,H,8,42,9,0,13,71,13,0,22,115,20,1,30,149,33,2,40,182,41,2
3E5S,3405,B,209,ILE,H,7,43,7,0,15,71,14,0,27,106,23,0,32,153,31,2,39,193,48,2
3E5S,3406,B,210,TYR,N,14,45,11,1,15,63,17,1,19,88,22,2,27,120,30,2,36,159,36,2
3E5S,3407,B,210,TYR,CA,13,44,11,0,15,59,15,2,18,84,24,2,26,112,28,2,36,140,33,2
3E5S,3408,B,210,TYR,C,10,47,12,0,15,59,16,1,19,76,21,2,29,106,26,2,34,136,37,2
3E5S,3409,B,210,TYR,O,11,42,11,0,17,67,18,0,23,89,21,1,28,106,29,2,32,143,37,2
3E5S,3410,B,210,TYR,HN,13,45,10,0,17,66,17,1,22,91,22,1,27,122,29,2,37,162,41,2
3E5S,3411,B,210,TYR,H,12,39,11,2,16,62,13,2,18,83,21,2,24,109,29,2,32,140,37,2
3E5S,3412,B,210,TYR,C,12,39,12,0,14,58,15,1,19,73,20,2,27,100,27,2,31,126,33,2
3E5S,3413,B,210,TYR,C,11,39,12,1,16,54,17,1,19,74,22,1,25,103,25,2,29,124,31,2
3E5S,3414,B,210,TYR,C,14,39,11,1,18,57,16,1,22,78,22,1,26,106,24,1,31,142,32,2
3E5S,3415,B,210,TYR,C,9,29,12,1,14,49,14,1,20,70,18,1,22,93,25,2,26,113,29,2
3E5S,3416,B,210,TYR,C,11,37,10,1,19,56,15,1,20,77,20,1,26,102,27,1,30,135,33,1
3E5S,3417,B,210,TYR,C,8,27,10,1,13,46,13,1,19,71,17,1,23,90,23,1,26,115,30,2
3E5S,3418,B,210,TYR,C,9,31,11,1,16,51,13,1,20,74,18,1,24,97,26,1,30,122,33,2
3E5S,3419,B,210,TYR,OH,6,30,7,1,13,47,12,1,19,73,18,1,26,98,26,1,32,120,32,1
3E5S,3420,B,210,TYR,H,11,34,11,0,12,53,14,1,18,67,20,2,27,92,25,2,29,116,31,2
3E5S,3421,B,210,TYR,H,12,38,13,0,14,59,17,0,21,75,21,1,24,100,27,2,31,124,31,2
3E5S,3422,B,210,TYR,H,12,42,12,1,17,59,18,1,22,83,21,1,27,113,26,1,32,154,33,2
3E5S,3423,B,210,TYR,H,8,26,9,1,12,43,14,1,17,63,17,2,22,87,21,2,26,108,29,2
3E5S,3424,B,210,TYR,H,11,38,9,1,16,60,14,1,23,80,20,1,26,111,27,1,33,141,35,1
3E5S,3425,B,210,TYR,H,6,21,8,1,11,41,13,1,18,64,14,1,21,81,22,1,25,99,27,2
3E5S,3426,B,210,TYR,HO,4,26,5,1,10,45,11,1,17,61,17,1,24,83,24,1,29,107,31,1
3E5S,3427,B,211,ALA,N,11,51,13,1,16,63,15,1,20,74,22,2,25,101,26,2,32,143,33,2
3E5S,3428,B,211,ALA,CA,12,48,14,1,14,59,17,1,20,75,22,1,23,92,26,1,32,133,31,2
3E5S,3429,B,211,ALA,C,12,38,10,0,14,57,17,1,17,73,19,1,21,81,23,1,27,100,29,2
3E5S,3430,B,211,ALA,O,11,33,8,1,14,48,13,1,15,71,19,1,21,80,21,1,27,104,29,2
3E5S,3431,B,211,ALA,HN,9,45,12,1,15,63,14,1,21,78,19,2,25,101,25,2,28,132,35,2
3E5S,3432,B,211,ALA,H,11,47,14,0,15,59,17,1,20,80,22,1,24,104,27,1,29,127,30,2
3E5S,3433,B,211,ALA,C,14,44,12,1,15,59,17,1,20,78,23,1,28,107,27,1,30,134,27,2
3E5S,3434,B,211,ALA,H,13,40,11,1,16,56,16,1,19,77,24,1,24,101,25,1,29,130,29,1
3E5S,3435,B,211,ALA,H,9,43,11,1,17,57,18,1,21,82,21,1,29,110,25,2,30,137,34,2
3E5S,3436,B,211,ALA,H,14,43,12,1,17,59,19,1,22,92,24,1,28,117,26,1,32,151,31,2
3E5S,3437,B,212,ASP,N,10,35,10,0,13,49,15,0,16,65,15,1,20,76,19,1,24,89,23,1
3E5S,3438,B,212,ASP,CA,7,27,6,0,12,40,12,0,14,52,13,0,16,67,16,1,19,80,19,1
3E5S,3439,B,212,ASP,C,7,23,7,0,11,39,7,0,14,49,14,0,14,64,15,1,17,75,17,1
3E5S,3440,B,212,ASP,O,6,16,5,0,8,27,7,0,12,39,8,0,14,55,15,1,16,71,16,1
3E5S,3441,B,212,ASP,HN,9,35,11,0,11,46,14,0,17,62,16,0,22,79,20,1,26,104,23,1
3E5S,3442,B,212,ASP,H,8,27,8,0,12,38,11,0,13,47,13,0,15,61,16,0,19,76,19,1
3E5S,3443,B,212,ASP,C,8,22,7,0,8,31,10,0,11,47,12,0,16,62,14,1,21,74,19,1
3E5S,3444,B,212,ASP,C,7,19,6,0,8,32,8,0,12,46,13,0,18,60,16,1,22,71,19,1
3E5S,3445,B,212,ASP,O,6,20,6,0,8,29,9,0,12,45,14,0,15,54,16,0,20,70,19,1
3E5S,3446,B,212,ASP,O,6,19,6,0,9,33,10,0,14,48,12,0,19,58,15,1,22,76,20,1
3E5S,3447,B,212,ASP,H,6,21,2,0,8,26,9,0,9,35,11,0,14,49,12,0,19,64,17,1
3E5S,3448,B,212,ASP,H,7,24,7,0,9,28,9,0,13,46,11,1,18,64,16,1,22,79,20,1
3E5S,3449,B,213,GLY,N,10,31,9,0,11,45,12,0,13,57,15,0,16,65,17,1,21,82,25,2
3E5S,3450,B,213,GLY,CA,7,29,8,0,9,41,11,0,12,47,13,0,15,61,16,2,22,80,24,2
3E5S,3451,B,213,GLY,C,8,27,7,0,8,35,12,0,9,51,13,2,16,68,19,2,23,90,21,2
3E5S,3452,B,213,GLY,O,7,26,6,0,8,35,9,0,9,44,14,1,14,65,17,2,22,87,22,2
3E5S,3453,B,213,GLY,HN,10,34,11,0,13,48,12,0,15,58,16,0,17,73,22,1,23,96,26,2
3E5S,3454,B,213,GLY,H,8,32,7,0,10,44,10,0,14,49,13,0,18,68,20,1,22,88,24,2
3E5S,3455,B,213,GLY,H,6,23,7,0,7,35,9,0,12,42,12,0,13,50,14,0,16,67,20,2
3E5S,3456,B,214,LYS,N,7,23,8,0,7,33,11,1,12,52,14,2,16,67,17,2,23,90,23,2
3E5S,3457,B,214,LYS,CA,7,25,7,1,9,36,12,2,11,49,15,2,16,69,19,2,22,94,23,2
3E5S,3458,B,214,LYS,C,10,31,8,2,12,45,12,2,14,65,18,2,19,84,22,2,26,115,27,2
3E5S,3459,B,214,LYS,O,10,34,9,2,13,54,13,2,16,74,18,2,23,95,26,2,26,124,32,2
3E5S,3460,B,214,LYS,HN,7,21,10,0,8,40,11,1,13,55,14,1,17,73,19,2,22,92,25,2
3E5S,3461,B,214,LYS,H,6,24,5,0,9,36,9,2,10,43,13,2,14,59,19,2,17,86,22,2
3E5S,3462,B,214,LYS,C,5,23,4,1,9,33,10,1,11,46,16,2,20,64,20,2,23,100,26,2
3E5S,3463,B,214,LYS,C,5,14,5,1,5,25,7,1,8,35,12,1,18,55,17,1,22,84,24,2
3E5S,3464,B,214,LYS,C,3,8,4,0,5,15,6,1,7,28,9,1,10,41,16,1,17,63,19,2
3E5S,3465,B,214,LYS,C,2,6,3,0,3,9,4,0,5,15,7,1,8,30,9,1,13,54,15,1
3E5S,3466,B,214,LYS,N,2,6,3,0,3,7,4,0,6,13,5,0,7,22,10,1,11,41,13,1
3E5S,3467,B,214,LYS,H,6,25,5,1,10,38,11,1,12,49,14,2,17,67,19,2,25,101,25,2
3E5S,3468,B,214,LYS,H,6,27,8,1,8,36,12,1,14,53,15,2,21,82,24,2,27,115,29,2
3E5S,3469,B,214,LYS,H,4,14,5,1,5,22,8,1,11,37,12,1,19,57,19,1,24,98,25,2
3E5S,3470,B,214,LYS,H,4,16,5,0,6,20,8,1,8,32,12,1,14,57,16,1,20,81,22,2
3E5S,3471,B,214,LYS,H,2,9,4,0,5,16,6,0,7,28,8,1,9,41,15,2,13,60,18,2
3E5S,3472,B,214,LYS,H,1,8,4,0,6,16,6,1,7,32,9,1,13,46,16,1,17,77,19,2
3E5S,3473,B,214,LYS,H,0,2,3,0,2,8,4,0,4,12,6,0,6,25,10,1,11,46,10,1
3E5S,3474,B,214,LYS,H,1,9,4,0,4,11,5,0,5,18,7,1,8,37,10,1,16,54,17,1
3E5S,3475,B,214,LYS,HN,1,6,3,0,2,8,5,0,5,11,5,0,6,17,7,0,9,36,13,1
3E5S,3476,B,214,LYS,HN,3,7,4,0,5,11,5,0,5,19,8,0,8,29,10,1,12,54,16,1
3E5S,3477,B,214,LYS,HN,1,5,3,0,3,6,3,0,5,11,5,0,6,22,9,0,7,29,12,1
3E5S,3478,B,215,MET,N,9,37,9,1,14,48,12,1,15,61,17,1,19,92,21,1,26,123,29,1
3E5S,3479,B,215,MET,CA,11,42,9,1,14,52,15,1,17,78,17,1,23,110,23,1,27,142,32,1
3E5S,3480,B,215,MET,C,10,38,9,1,11,59,13,1,16,79,16,1,25,115,24,1,31,155,32,1
3E5S,3481,B,215,MET,O,9,38,9,1,12,55,11,1,13,81,14,1,25,109,24,1,30,141,32,1
3E5S,3482,B,215,MET,HN,9,33,8,0,13,44,11,1,15,59,15,1,19,82,19,1,24,116,25,1
3E5S,3483,B,215,MET,H,11,42,9,1,15,59,15,1,18,84,19,1,23,112,26,1,29,144,32,1
3E5S,3484,B,215,MET,C,11,41,8,0,15,58,13,1,16,75,21,1,25,107,23,1,29,140,29,1
3E5S,3485,B,215,MET,C,10,42,9,0,13,61,16,0,19,92,19,1,26,118,23,1,34,157,34,1
3E5S,3486,B,215,MET,S,11,44,12,0,13,64,15,0,22,96,22,0,28,124,26,1,35,154,36,1
3E5S,3487,B,215,MET,C,9,42,5,0,15,56,15,0,16,79,19,0,25,103,25,0,36,146,34,1
3E5S,3488,B,215,MET,H,9,39,8,0,14,56,10,1,18,79,17,1,24,105,23,1,31,136,29,1
3E5S,3489,B,215,MET,H,11,40,6,0,13,57,13,0,17,73,18,1,22,93,23,1,28,128,28,1
3E5S,3490,B,215,MET,H,12,47,10,0,14,65,16,0,19,92,21,1,26,118,26,1,34,153,35,1
3E5S,3491,B,215,MET,H,10,46,9,0,14,64,15,1,19,96,19,1,28,124,26,1,33,161,35,1
3E5S,3492,B,215,MET,H,9,41,6,0,13,59,13,0,18,77,23,0,25,102,26,0,34,143,29,0
3E5S,3493,B,215,MET,H,8,38,8,0,14,52,13,0,16,66,18,0,25,96,23,0,29,142,30,1
3E5S,3494,B,215,MET,H,10,44,7,0,13,58,11,0,17,75,20,0,26,110,27,0,33,138,34,0
3E5S,3495,B,216,VAL,N,10,48,9,2,11,65,14,2,18,82,20,2,27,118,25,2,37,160,33,2
3E5S,3496,B,216,VAL,CA,9,47,8,2,15,68,13,2,19,90,20,2,25,116,27,2,40,166,40,2
3E5S,3497,B,216,VAL,C,10,40,7,2,13,70,13,2,19,96,19,2,26,126,29,2,42,170,42,2
3E5S,3498,B,216,VAL,O,10,42,9,2,13,64,12,2,21,94,18,2,30,129,31,2,41,173,46,2
3E5S,3499,B,216,VAL,HN,9,44,10,2,15,62,14,2,20,95,21,2,26,128,25,2,33,152,38,2
3E5S,3500,B,216,VAL,H,10,45,9,2,15,62,13,2,18,86,18,2,24,118,27,2,37,155,36,2
3E5S,3501,B,216,VAL,C,10,46,9,2,15,66,14,2,21,96,20,2,31,127,30,2,41,170,41,2
3E5S,3502,B,216,VAL,C,13,45,9,1,15,68,13,1,22,90,26,2,30,131,31,2,49,182,39,2
3E5S,3503,B,216,VAL,C,8,44,9,1,17,68,14,2,22,95,20,2,29,127,31,2,40,165,43,2
3E5S,3504,B,216,VAL,H,10,43,8,2,15,71,14,2,21,95,19,2,31,135,33,2,42,174,43,2
3E5S,3505,B,216,VAL,H,11,41,7,1,19,65,16,1,23,97,25,2,36,133,35,2,47,185,41,2
3E5S,3506,B,216,VAL,H,11,45,8,1,17,65,16,1,20,90,21,2,34,124,29,2,44,178,37,2
3E5S,3507,B,216,VAL,H,10,42,7,1,18,67,15,2,23,91,24,2,33,133,34,2,45,182,43,2
3E5S,3508,B,216,VAL,H,8,42,10,1,14,68,15,1,25,93,18,2,33,136,32,2,44,176,46,2
3E5S,3509,B,216,VAL,H,10,40,8,1,16,72,14,2,22,93,21,2,30,120,28,2,35,164,42,2
3E5S,3510,B,216,VAL,H,11,44,8,1,18,66,14,1,23,98,21,2,29,124,30,2,39,152,38,2
3E5S,3511,B,217,ASN,N,8,47,7,2,12,75,12,2,18,95,20,2,27,128,33,2,43,175,40,2
3E5S,3512,B,217,ASN,CA,10,49,6,1,15,68,13,2,19,103,23,2,31,141,31,2,47,176,43,2
3E5S,3513,B,217,ASN,C,8,43,8,1,12,66,14,2,22,98,22,2,33,139,30,2,41,177,40,2
3E5S,3514,B,217,ASN,O,9,44,10,1,15,64,15,2,23,98,25,2,32,139,32,2,43,181,45,2
3E5S,3515,B,217,ASN,HN,9,52,9,2,13,72,11,2,18,93,19,2,26,132,29,2,40,177,38,2
3E5S,3516,B,217,ASN,H,9,41,9,1,16,70,15,2,22,98,23,2,31,144,32,2,45,183,44,2
3E5S,3517,B,217,ASN,C,10,54,8,1,15,74,12,1,20,101,22,2,31,133,30,2,42,177,41,2
3E5S,3518,B,217,ASN,C,9,51,9,1,16,70,13,1,19,95,21,2,31,137,30,2,43,188,42,2
3E5S,3519,B,217,ASN,O,10,47,10,1,13,71,13,1,21,96,21,1,34,142,30,2,48,194,44,2
3E5S,3520,B,217,ASN,N,9,49,8,1,14,68,12,1,20,100,20,2,29,143,27,2,41,183,41,2
3E5S,3521,B,217,ASN,H,10,50,8,1,15,77,13,1,26,100,25,1,33,134,33,2,47,185,44,2
3E5S,3522,B,217,ASN,H,10,55,8,1,15,80,12,1,21,102,20,2,29,122,32,2,42,168,39,2
3E5S,3523,B,217,ASN,HN,9,51,7,1,14,69,14,2,19,99,17,2,27,138,30,2,40,181,38,2
3E5S,3524,B,217,ASN,HN,9,46,8,1,14,71,13,1,24,104,20,1,32,142,27,2,39,186,38,2
3E5S,3525,B,218,GLU,N,9,39,7,1,10,63,14,2,20,101,15,2,35,129,25,2,42,160,37,2
3E5S,3526,B,218,GLU,CA,9,38,9,1,13,54,14,2,19,86,18,2,33,127,23,2,43,160,35,2
3E5S,3527,B,218,GLU,C,8,40,8,2,14,54,12,2,21,76,16,2,29,118,25,2,41,156,34,2
3E5S,3528,B,218,GLU,O,11,37,10,1,18,56,11,2,23,84,18,2,31,109,29,2,36,150,35,2
3E5S,3529,B,218,GLU,HN,9,42,8,1,11,72,11,2,22,102,17,2,27,118,25,2,43,155,33,2
3E5S,3530,B,218,GLU,H,11,41,10,1,15,60,15,1,23,90,22,2,37,127,26,2,43,159,37,2
3E5S,3531,B,218,GLU,C,9,36,6,1,12,54,10,1,21,77,17,2,28,110,23,2,38,149,29,2
3E5S,3532,B,218,GLU,C,9,35,6,1,15,48,9,1,19,69,18,1,26,99,21,2,35,135,26,2
3E5S,3533,B,218,GLU,C,4,23,3,1,10,42,9,1,18,63,13,1,24,86,19,2,34,112,24,2
3E5S,3534,B,218,GLU,O,4,23,3,1,10,42,7,1,17,61,12,1,26,83,16,2,31,111,27,2
3E5S,3535,B,218,GLU,O,5,17,2,1,8,34,7,1,16,58,13,1,23,75,17,1,32,97,20,2
3E5S,3536,B,218,GLU,H,9,34,7,1,10,59,11,2,19,78,14,2,25,102,20,2,37,138,28,2
3E5S,3537,B,218,GLU,H,8,36,6,1,14,55,11,1,21,84,18,2,31,112,23,2,34,146,29,2
3E5S,3538,B,218,GLU,H,11,38,6,1,15,49,12,1,21,73,16,1,26,97,24,2,34,137,29,2
3E5S,3539,B,218,GLU,H,10,34,7,1,14,45,11,1,18,69,15,2,27,93,21,2,36,125,26,2
3E5S,3540,B,219,ALA,N,8,39,9,2,10,58,13,2,19,76,17,2,26,116,24,2,36,151,34,2
3E5S,3541,B,219,ALA,CA,9,44,9,1,11,54,11,2,20,76,18,2,25,104,25,2,36,141,33,2
3E5S,3542,B,219,ALA,C,10,43,8,1,14,60,15,1,18,83,20,2,27,103,25,2,40,147,39,2
3E5S,3543,B,219,ALA,O,10,44,9,1,14,59,13,1,20,79,19,1,29,115,27,2,39,148,38,2
3E5S,3544,B,219,ALA,HN,8,41,9,2,11,59,11,2,16,87,17,2,24,117,25,2,39,145,35,2
3E5S,3545,B,219,ALA,H,10,35,10,1,12,54,12,1,19,70,17,2,24,98,25,2,37,136,32,2
3E5S,3546,B,219,ALA,C,9,42,7,1,10,54,12,2,17,79,17,2,26,108,24,2,37,142,33,2
3E5S,3547,B,219,ALA,H,9,39,8,1,11,53,11,1,18,74,19,2,29,104,24,2,38,138,36,2
3E5S,3548,B,219,ALA,H,9,38,8,1,15,59,11,2,17,86,18,2,26,111,27,2,34,151,36,2
3E5S,3549,B,219,ALA,H,9,36,7,1,11,49,12,2,17,72,17,2,24,103,22,2,36,135,31,2
3E5S,3550,B,220,LYS,N,11,45,8,1,14,65,13,1,17,85,23,2,29,113,29,2,45,161,41,2
3E5S,3551,B,220,LYS,CA,11,45,11,1,13,64,15,1,20,87,22,1,32,123,31,2,39,164,45,2
3E5S,3552,B,220,LYS,C,11,42,10,0,12,60,15,1,22,93,22,1,30,132,29,2,45,170,45,2
3E5S,3553,B,220,LYS,O,9,41,11,0,14,62,16,0,24,94,23,1,33,130,27,1,44,175,48,2
3E5S,3554,B,220,LYS,HN,9,43,6,1,14,66,16,2,16,85,22,2,31,118,30,2,42,168,40,2
3E5S,3555,B,220,LYS,H,11,47,12,1,14,62,16,1,19,87,19,1,31,119,30,1,43,170,46,2
3E5S,3556,B,220,LYS,C,11,51,11,1,16,71,17,1,25,91,24,1,33,123,36,2,44,170,45,2
3E5S,3557,B,220,LYS,C,10,53,10,1,17,64,17,1,26,94,24,1,34,130,38,2,43,169,46,2
3E5S,3558,B,220,LYS,C,9,44,10,1,18,69,18,1,29,93,27,2,40,135,37,2,45,177,49,2
3E5S,3559,B,220,LYS,C,11,49,12,0,20,66,22,1,28,93,30,1,37,132,40,2,43,175,47,2
3E5S,3560,B,220,LYS,N,11,46,12,0,18,68,22,0,26,93,31,1,38,130,40,1,45,167,47,1
3E5S,3561,B,220,LYS,H,12,52,12,0,18,73,18,1,25,94,28,1,32,125,38,1,43,175,46,2
3E5S,3562,B,220,LYS,H,11,39,12,1,16,74,16,1,19,102,25,2,35,127,36,2,44,173,46,2
3E5S,3563,B,220,LYS,H,10,45,10,1,15,63,13,1,25,93,20,2,34,130,33,2,42,161,46,2
3E5S,3564,B,220,LYS,H,9,44,10,1,19,70,16,1,28,98,24,1,32,126,37,1,42,167,43,2
3E5S,3565,B,220,LYS,H,9,43,10,1,17,67,19,2,27,99,28,2,40,137,34,2,45,177,46,2
3E5S,3566,B,220,LYS,H,11,42,12,1,17,70,16,1,30,99,26,1,38,131,36,2,45,174,50,2
3E5S,3567,B,220,LYS,H,11,46,13,0,21,66,21,0,30,96,29,1,33,129,39,2,41,171,48,2
3E5S,3568,B,220,LYS,H,13,40,13,0,20,66,21,0,28,94,31,1,35,128,38,2,45,176,45,2
3E5S,3569,B,220,LYS,HN,11,37,15,0,18,65,20,0,26,91,33,0,37,126,39,1,44,162,48,1
3E5S,3570,B,220,LYS,HN,11,42,13,0,18,67,20,0,26,93,31,1,39,128,40,1,45,169,47,1
3E5S,3571,B,220,LYS,HN,12,46,13,0,17,69,23,0,25,98,32,1,36,129,39,1,47,165,47,1
3E5S,3572,B,221,VAL,N,12,46,12,0,15,67,16,0,26,92,25,2,36,129,33,2,46,169,45,2
3E5S,3573,B,221,VAL,CA,12,50,14,0,18,71,17,0,28,98,25,0,34,127,36,2,46,166,44,2
3E5S,3574,B,221,VAL,C,15,44,13,0,21,70,20,0,28,99,27,0,34,129,30,1,43,161,43,2
3E5S,3575,B,221,VAL,O,16,46,15,0,21,69,21,0,29,106,26,0,37,132,34,0,42,156,42,1
3E5S,3576,B,221,VAL,HN,12,50,11,0,17,68,15,2,24,91,25,2,33,126,34,2,47,167,42,2
3E5S,3577,B,221,VAL,H,13,48,15,0,16,72,19,0,29,103,23,0,37,137,34,0,45,167,47,2
3E5S,3578,B,221,VAL,C,14,47,12,0,22,72,19,0,28,91,30,1,35,137,36,1,47,173,41,2
3E5S,3579,B,221,VAL,C,17,45,16,0,21,68,18,0,29,99,28,0,36,130,36,1,45,162,41,1
3E5S,3580,B,221,VAL,C,15,48,13,0,21,68,20,0,25,94,28,1,32,135,34,1,48,180,43,2
3E5S,3581,B,221,VAL,H,14,46,13,0,18,64,22,1,30,94,29,1,35,130,33,2,41,172,42,2
3E5S,3582,B,221,VAL,H,11,44,15,0,22,66,20,0,30,96,26,0,35,128,36,1,43,157,39,1
3E5S,3583,B,221,VAL,H,14,48,13,0,22,72,20,0,27,97,26,0,36,126,34,0,46,156,42,1
3E5S,3584,B,221,VAL,H,18,46,15,0,23,72,17,0,25,95,29,0,35,124,36,1,47,158,41,1
3E5S,3585,B,221,VAL,H,14,46,13,0,20,67,23,1,28,97,28,1,36,136,34,1,47,175,43,2
3E5S,3586,B,221,VAL,H,13,44,14,0,21,68,19,1,26,101,27,1,32,135,38,2,47,173,45,2
3E5S,3587,B,221,VAL,H,13,50,12,0,21,72,21,0,26,94,27,0,35,128,37,1,47,180,43,1
3E5S,3588,B,222,ARG,N,12,38,12,0,17,61,18,0,25,89,26,0,27,117,31,2,38,152,39,2
3E5S,3589,B,222,ARG,CA,12,37,12,0,17,54,19,0,23,80,28,0,28,109,30,1,35,147,35,2
3E5S,3590,B,222,ARG,C,9,35,13,0,18,53,18,0,20,77,24,0,28,113,32,1,35,147,40,1
3E5S,3591,B,222,ARG,O,12,34,13,0,20,51,16,0,22,80,22,0,28,110,34,0,34,140,41,1
3E5S,3592,B,222,ARG,HN,11,40,12,0,15,62,18,0,24,86,22,2,28,110,30,2,35,150,42,2
3E5S,3593,B,222,ARG,H,14,38,13,0,18,52,21,0,24,83,26,0,29,112,30,0,34,146,37,2
3E5S,3594,B,222,ARG,C,11,30,9,0,13,45,19,0,19,63,23,1,24,99,28,2,33,135,34,2
3E5S,3595,B,222,ARG,C,10,27,9,0,11,39,13,0,15,55,22,0,23,86,29,1,30,123,30,1
3E5S,3596,B,222,ARG,C,8,24,10,0,13,39,18,0,16,55,20,0,23,79,25,0,27,107,31,0
3E5S,3597,B,222,ARG,N,6,17,8,0,8,31,13,0,13,50,18,0,19,69,21,0,27,91,31,0
3E5S,3598,B,222,ARG,C,5,19,7,0,10,29,14,0,14,47,16,0,20,73,26,0,27,92,31,0
3E5S,3599,B,222,ARG,N,8,26,11,0,14,39,15,0,16,57,19,0,23,78,27,0,30,109,31,0
3E5S,3600,B,222,ARG,N,3,13,5,0,6,23,9,0,14,40,14,0,17,59,20,0,25,78,29,0
3E5S,3601,B,222,ARG,H,9,30,11,0,12,41,14,1,17,71,21,1,25,105,29,2,30,137,33,2
3E5S,3602,B,222,ARG,H,11,31,11,0,14,46,17,0,20,73,21,0,24,98,27,2,31,127,35,2
3E5S,3603,B,222,ARG,H,8,25,9,0,11,41,14,0,17,59,19,0,21,79,29,1,33,119,33,1
3E5S,3604,B,222,ARG,H,5,21,7,0,10,33,14,0,12,46,20,0,19,80,24,1,28,109,31,2
3E5S,3605,B,222,ARG,H,8,20,10,0,12,43,14,0,18,57,21,0,21,70,23,0,28,98,27,0
3E5S,3606,B,222,ARG,H,11,30,11,0,14,46,19,0,19,65,22,0,25,86,25,0,28,117,34,0
3E5S,3607,B,222,ARG,HN,6,11,6,0,7,24,11,0,11,40,15,0,17,57,21,0,23,81,27,0
3E5S,3608,B,222,ARG,HN,10,30,12,0,15,47,16,0,21,60,20,0,24,97,29,0,32,124,35,0
3E5S,3609,B,222,ARG,HN,11,25,11,0,13,42,15,0,17,53,21,0,23,82,24,0,33,110,31,0
3E5S,3610,B,222,ARG,HN,2,10,5,0,6,17,6,0,8,32,9,0,16,49,19,0,20,68,25,0
3E5S,3611,B,222,ARG,HN,4,15,5,0,8,28,10,0,13,39,14,0,17,60,20,0,23,78,25,0
3E5S,3612,B,223,GLN,N,11,39,8,0,15,57,15,0,24,78,20,1,31,114,28,1,42,153,41,1
3E5S,3613,B,223,GLN,CA,11,40,9,0,16,57,14,0,20,84,20,0,35,122,30,1,41,158,41,1
3E5S,3614,B,223,GLN,C,13,35,10,0,16,61,17,0,24,94,20,0,33,134,32,0,45,164,44,1
3E5S,3615,B,223,GLN,O,11,34,8,0,17,63,15,0,23,103,25,0,33,134,31,0,45,162,42,0
3E5S,3616,B,223,GLN,HN,10,43,11,0,15,55,12,1,23,78,19,1,31,115,31,1,40,157,42,1
3E5S,3617,B,223,GLN,H,12,38,9,0,16,56,14,0,23,81,22,0,31,112,30,1,42,156,41,1
3E5S,3618,B,223,GLN,C,8,42,8,0,14,57,12,0,24,86,23,1,33,115,34,1,43,165,37,1
3E5S,3619,B,223,GLN,C,9,38,7,0,13,56,11,1,18,76,22,1,30,105,29,1,40,145,38,1
3E5S,3620,B,223,GLN,C,10,40,6,0,14,51,11,0,18,73,18,1,26,94,30,1,35,145,36,1
3E5S,3621,B,223,GLN,O,7,35,8,0,14,56,14,0,21,73,21,0,27,102,27,1,36,136,37,1
3E5S,3622,B,223,GLN,N,7,30,6,0,13,43,10,1,18,65,15,1,22,94,24,1,32,125,35,1
3E5S,3623,B,223,GLN,H,9,41,8,0,15,57,11,0,23,90,24,1,31,120,32,1,40,160,40,1
3E5S,3624,B,223,GLN,H,8,40,7,0,14,62,16,1,24,88,21,1,32,124,29,1,42,169,43,1
3E5S,3625,B,223,GLN,H,9,41,7,1,12,59,14,1,19,77,21,1,31,114,28,1,40,145,39,1
3E5S,3626,B,223,GLN,H,8,33,8,1,12,53,13,1,21,80,19,1,28,105,25,1,41,141,37,1
3E5S,3627,B,223,GLN,HN,7,28,7,1,10,38,8,1,15,61,16,1,25,92,21,1,33,128,35,1
3E5S,3628,B,223,GLN,HN,5,25,6,0,10,35,10,0,19,57,14,1,22,87,20,1,27,120,32,1
3E5S,3629,B,224,GLY,N,16,49,13,0,19,69,18,0,25,100,21,0,36,131,37,0,42,174,42,1
3E5S,3630,B,224,GLY,CA,14,50,15,0,19,72,16,0,23,102,23,0,34,135,36,0,43,164,43,0
3E5S,3631,B,224,GLY,C,12,51,11,0,15,70,14,0,25,105,27,0,32,132,30,0,45,171,43,0
3E5S,3632,B,224,GLY,O,10,50,10,0,17,69,16,0,23,99,24,0,31,130,30,0,44,158,43,0
3E5S,3633,B,224,GLY,HN,16,48,13,0,21,72,18,0,27,98,25,0,34,129,35,0,43,174,44,1
3E5S,3634,B,224,GLY,H,15,58,13,0,21,72,18,0,26,98,28,0,34,134,33,0,41,162,44,0
3E5S,3635,B,224,GLY,H,14,47,14,0,17,71,19,0,27,101,22,0,33,131,34,0,40,164,45,0
3E5S,3636,B,225,LEU,N,12,45,9,0,16,73,16,0,27,101,27,0,35,128,34,0,43,161,42,1
3E5S,3637,B,225,LEU,CA,12,44,12,0,18,72,16,0,23,100,27,0,34,131,35,0,43,171,45,1
3E5S,3638,B,225,LEU,C,12,42,9,0,17,68,18,0,27,101,28,0,36,136,37,0,46,170,50,1
3E5S,3639,B,225,LEU,O,10,42,12,0,20,68,19,0,27,98,28,0,36,133,43,0,43,171,50,1
3E5S,3640,B,225,LEU,HN,11,43,10,0,16,70,16,0,26,101,24,0,36,131,35,1,44,172,43,1
3E5S,3641,B,225,LEU,H,12,46,11,0,20,70,19,0,26,99,25,0,33,127,35,0,40,162,46,0
3E5S,3642,B,225,LEU,C,11,49,10,0,20,71,16,0,26,102,28,0,32,133,33,1,44,162,43,1
3E5S,3643,B,225,LEU,C,11,45,12,0,18,67,15,0,26,100,23,0,31,124,30,1,39,158,44,1
3E5S,3644,B,225,LEU,C,11,41,11,0,17,60,18,0,24,99,23,1,34,121,33,1,42,153,38,1
3E5S,3645,B,225,LEU,C,11,43,10,0,16,64,16,0,25,96,22,0,32,122,30,0,38,156,44,0
3E5S,3646,B,225,LEU,H,14,47,9,0,20,73,20,0,27,96,28,0,32,128,37,1,42,165,42,1
3E5S,3647,B,225,LEU,H,12,41,10,0,17,65,18,0,23,103,26,1,33,134,34,1,46,171,42,1
3E5S,3648,B,225,LEU,H,12,47,14,0,16,68,17,0,24,92,19,0,33,126,35,1,40,166,46,1
3E5S,3649,B,225,LEU,H,8,42,11,0,18,65,17,0,24,91,23,0,31,124,31,1,43,156,44,1
3E5S,3650,B,225,LEU,H,9,46,13,0,17,67,17,0,24,93,21,1,31,125,30,1,39,151,40,1
3E5S,3651,B,225,LEU,H,11,42,10,0,17,65,16,1,23,92,24,1,33,129,30,1,45,156,41,1
3E5S,3652,B,225,LEU,H,10,39,12,0,14,59,16,0,23,93,21,0,32,122,33,0,40,154,42,0
3E5S,3653,B,225,LEU,H,10,40,12,0,15,61,17,0,25,90,22,0,33,129,28,0,37,156,42,0
3E5S,3654,B,225,LEU,H,12,45,12,0,18,70,15,0,21,90,23,0,32,113,32,0,38,151,40,0
3E5S,3655,B,226,ALA,N,14,43,9,0,17,68,19,0,24,100,26,0,34,139,39,0,45,173,49,1
3E5S,3656,B,226,ALA,CA,12,46,10,0,16,66,19,0,23,93,29,0,33,133,39,0,44,171,50,0
3E5S,3657,B,226,ALA,C,12,49,9,0,18,70,16,0,20,91,30,0,31,125,35,0,43,158,42,0
3E5S,3658,B,226,ALA,O,12,47,9,0,18,71,19,0,25,99,24,0,32,129,36,0,45,164,45,0
3E5S,3659,B,226,ALA,HN,13,46,11,0,18,75,14,0,23,109,30,0,35,136,36,0,45,169,47,1
3E5S,3660,B,226,ALA,H,9,46,10,0,16,61,18,0,23,87,27,0,31,124,36,0,44,168,50,0
3E5S,3661,B,226,ALA,C,12,41,11,0,17,68,20,0,26,97,28,0,35,136,37,0,43,168,48,2
3E5S,3662,B,226,ALA,H,11,42,13,0,18,63,22,0,25,98,29,0,36,129,33,0,41,169,47,2
3E5S,3663,B,226,ALA,H,13,40,14,0,18,68,18,0,23,110,27,0,33,138,38,1,47,171,48,2
3E5S,3664,B,226,ALA,H,10,46,14,0,20,68,19,0,27,98,29,0,37,134,39,1,44,174,51,1
3E5S,3665,B,227,LYS,N,10,45,12,0,13,58,17,0,18,78,22,0,28,106,35,0,41,146,41,0
3E5S,3666,B,227,LYS,CA,8,38,9,0,11,53,16,0,17,74,20,0,28,104,27,0,36,134,39,0
3E5S,3667,B,227,LYS,C,7,33,8,0,12,49,16,0,23,81,21,0,28,106,28,0,39,138,40,0
3E5S,3668,B,227,LYS,O,8,33,11,0,14,54,18,0,21,83,22,0,30,111,29,0,37,139,38,0
3E5S,3669,B,227,LYS,HN,10,40,12,0,12,56,18,0,19,76,22,0,27,101,35,0,38,144,41,0
3E5S,3670,B,227,LYS,H,8,41,10,0,14,51,13,0,21,79,23,0,30,106,30,0,38,137,39,0
3E5S,3671,B,227,LYS,C,6,31,7,0,9,46,13,0,13,60,19,0,23,83,23,0,30,115,31,0
3E5S,3672,B,227,LYS,C,7,31,6,0,10,46,12,0,13,57,17,0,20,75,25,0,27,105,34,0
3E5S,3673,B,227,LYS,C,3,22,6,0,7,35,9,0,10,48,13,0,14,62,23,0,23,89,27,0
3E5S,3674,B,227,LYS,C,1,16,4,0,7,28,9,0,10,43,15,0,14,63,19,0,20,93,28,0
3E5S,3675,B,227,LYS,N,3,18,3,0,5,23,6,0,8,37,12,0,14,64,19,0,20,94,24,0
3E5S,3676,B,227,LYS,H,5,28,6,0,9,41,10,0,14,57,17,0,23,82,20,0,27,103,29,0
3E5S,3677,B,227,LYS,H,6,27,11,0,9,45,13,0,13,62,17,0,23,80,24,0,29,106,32,0
3E5S,3678,B,227,LYS,H,7,34,8,0,10,49,13,0,14,62,21,0,18,87,27,0,33,123,36,0
3E5S,3679,B,227,LYS,H,4,28,7,0,10,45,10,0,15,58,16,0,19,81,26,0,29,111,33,0
3E5S,3680,B,227,LYS,H,2,16,5,0,6,29,7,0,9,42,9,0,13,57,18,0,21,77,26,0
3E5S,3681,B,227,LYS,H,4,22,7,0,7,30,10,0,8,49,15,0,15,66,21,0,22,92,27,0
3E5S,3682,B,227,LYS,H,0,13,2,0,4,22,9,0,8,37,12,0,12,56,16,0,15,80,25,0
3E5S,3683,B,227,LYS,H,5,20,5,0,8,36,10,0,12,53,17,0,17,76,23,0,22,102,30,0
3E5S,3684,B,227,LYS,HN,3,16,1,0,3,22,7,0,7,33,10,0,13,61,17,0,19,82,21,0
3E5S,3685,B,227,LYS,HN,3,19,4,0,6,27,8,0,10,49,14,0,15,73,20,0,26,101,27,0
3E5S,3686,B,227,LYS,HN,2,16,2,0,4,20,6,0,5,31,9,0,12,51,16,0,18,76,22,0
3E5S,3687,B,228,VAL,N,8,38,9,0,15,50,12,0,21,77,21,0,30,106,29,0,40,139,40,0
3E5S,3688,B,228,VAL,CA,10,38,9,0,14,58,14,0,20,73,19,0,30,102,32,0,38,133,37,0
3E5S,3689,B,228,VAL,C,10,31,8,0,11,54,14,0,17,69,17,0,24,80,25,0,32,114,34,0
3E5S,3690,B,228,VAL,O,9,23,7,0,9,42,11,0,13,65,15,0,20,77,21,0,26,95,28,0
3E5S,3691,B,228,VAL,HN,9,35,8,0,15,54,12,0,22,69,17,0,27,107,26,0,40,135,39,0
3E5S,3692,B,228,VAL,H,10,41,11,0,16,61,13,0,23,86,23,0,34,110,33,0,41,143,39,1
3E5S,3693,B,228,VAL,C,11,38,10,0,16,54,15,0,21,75,23,0,28,97,27,0,37,126,35,1
3E5S,3694,B,228,VAL,C,12,40,10,0,16,53,15,0,21,72,22,0,25,95,27,0,35,124,34,1
3E5S,3695,B,228,VAL,C,12,41,10,0,19,60,19,0,25,85,24,0,30,110,27,0,41,146,38,1
3E5S,3696,B,228,VAL,H,7,29,10,0,14,47,12,0,20,73,20,0,25,90,25,0,31,113,31,0
3E5S,3697,B,228,VAL,H,11,39,12,0,16,53,14,0,22,70,19,0,27,95,28,0,30,114,33,1
3E5S,3698,B,228,VAL,H,12,44,11,0,16,53,15,0,22,81,24,0,30,106,29,1,39,137,38,1
3E5S,3699,B,228,VAL,H,9,36,10,0,15,46,16,0,19,63,20,0,24,90,24,0,35,119,33,0
3E5S,3700,B,228,VAL,H,12,40,13,0,17,60,19,0,24,80,22,0,29,101,27,0,37,139,36,1
3E5S,3701,B,228,VAL,H,13,36,11,0,17,57,19,0,25,85,24,0,35,114,30,0,38,141,37,1
3E5S,3702,B,228,VAL,H,12,44,13,0,20,67,21,0,25,89,26,1,34,116,32,1,44,150,41,1
3E5S,3703,B,229,ALA,N,9,37,9,0,13,52,14,0,16,68,19,0,23,91,25,0,31,121,31,0
3E5S,3704,B,229,ALA,CA,10,35,8,0,14,44,12,0,15,59,16,0,18,83,23,0,25,105,27,0
3E5S,3705,B,229,ALA,C,10,35,7,0,12,47,11,0,16,61,17,0,17,83,22,0,23,113,29,0
3E5S,3706,B,229,ALA,O,9,38,8,0,13,52,12,0,16,74,18,0,21,100,25,0,35,126,32,0
3E5S,3707,B,229,ALA,HN,9,38,8,0,15,58,15,0,19,75,23,0,24,102,26,0,36,136,36,1
3E5S,3708,B,229,ALA,H,7,31,6,0,12,39,11,0,14,56,13,0,17,76,19,0,21,88,25,0
3E5S,3709,B,229,ALA,C,10,33,8,0,12,40,10,0,14,55,17,0,19,74,20,0,23,102,27,0
3E5S,3710,B,229,ALA,H,9,28,8,0,11,35,9,0,14,51,15,0,17,66,18,0,21,89,21,0
3E5S,3711,B,229,ALA,H,10,34,9,0,11,45,15,0,16,60,16,0,21,85,22,0,25,119,29,0
3E5S,3712,B,229,ALA,H,8,30,8,0,12,42,12,0,16,54,15,0,18,74,20,0,23,101,25,0
3E5S,3713,B,230,TYR,N,7,28,6,0,10,35,9,0,13,48,14,0,17,63,18,0,24,88,24,0
3E5S,3714,B,230,TYR,CA,7,25,5,0,10,34,11,0,13,49,13,0,20,66,16,0,25,91,26,0
3E5S,3715,B,230,TYR,C,6,29,7,0,11,40,9,0,16,58,14,0,21,72,20,0,27,92,28,0
3E5S,3716,B,230,TYR,O,6,31,7,0,12,44,9,0,17,62,16,0,24,83,22,0,29,106,31,0
3E5S,3717,B,230,TYR,HN,7,22,6,0,10,33,7,0,12,43,13,0,17,53,18,0,19,74,21,0
3E5S,3718,B,230,TYR,H,5,20,4,0,8,28,6,0,11,37,11,0,17,57,14,0,23,78,20,0
3E5S,3719,B,230,TYR,C,9,29,5,0,11,41,11,0,13,54,16,0,20,72,19,0,28,96,27,0
3E5S,3720,B,230,TYR,C,9,19,6,0,10,35,9,0,14,48,14,0,18,68,19,0,22,88,22,0
3E5S,3721,B,230,TYR,C,4,14,3,0,10,23,6,0,12,38,9,0,15,58,15,0,21,76,21,0
3E5S,3722,B,230,TYR,C,8,19,8,0,10,33,11,0,16,51,15,0,18,68,19,0,24,94,25,0
3E5S,3723,B,230,TYR,C,4,10,4,0,7,16,4,0,12,30,9,0,14,47,15,0,18,70,19,0
3E5S,3724,B,230,TYR,C,7,13,7,0,10,22,12,0,13,40,13,0,19,62,18,0,22,86,24,0
3E5S,3725,B,230,TYR,C,4,10,4,0,9,17,6,0,11,27,13,0,15,48,16,0,20,76,19,0
3E5S,3726,B,230,TYR,OH,2,6,3,0,5,12,6,0,10,22,9,0,12,35,15,0,19,62,18,0
3E5S,3727,B,230,TYR,H,8,28,5,0,11,40,8,0,14,58,14,0,24,73,21,0,28,102,32,0
3E5S,3728,B,230,TYR,H,10,34,6,0,10,46,12,0,15,61,18,0,22,82,20,0,30,112,30,0
3E5S,3729,B,230,TYR,H,3,13,2,0,9,21,4,0,11,36,8,0,16,55,13,0,22,77,18,0
3E5S,3730,B,230,TYR,H,9,23,11,0,13,37,12,0,16,59,18,0,20,75,21,0,25,103,28,0
3E5S,3731,B,230,TYR,H,1,8,1,0,6,14,4,0,10,25,5,0,13,39,10,0,15,56,16,0
3E5S,3732,B,230,TYR,H,7,13,9,0,9,24,13,0,14,39,15,0,19,65,19,0,23,88,29,0
3E5S,3733,B,230,TYR,HO,3,7,3,0,5,11,9,0,9,21,12,0,14,42,16,0,18,60,20,0
3E5S,3734,B,231,VAL,N,7,29,8,0,8,46,10,0,16,58,15,0,22,78,17,0,25,92,27,0
3E5S,3735,B,231,VAL,CA,8,34,7,0,13,45,11,0,17,62,15,0,23,78,21,0,26,99,25,0
3E5S,3736,B,231,VAL,C,8,31,8,0,10,42,10,0,15,52,14,0,16,66,18,0,24,84,22,0
3E5S,3737,B,231,VAL,O,5,23,8,0,9,36,8,0,12,49,11,0,17,56,15,0,20,69,18,0
3E5S,3738,B,231,VAL,HN,6,30,6,0,9,39,9,0,14,50,11,0,19,71,18,0,25,84,24,0
3E5S,3739,B,231,VAL,H,10,37,9,0,15,52,13,0,18,69,19,0,23,87,24,0,27,109,27,0
3E5S,3740,B,231,VAL,C,10,28,8,0,12,44,12,0,17,57,15,0,22,81,19,0,27,98,25,0
3E5S,3741,B,231,VAL,C,10,26,11,0,15,40,13,0,17,62,17,0,23,80,19,0,25,97,27,0
3E5S,3742,B,231,VAL,C,10,29,9,0,14,47,13,0,17,66,18,0,24,88,21,0,29,108,27,0
3E5S,3743,B,231,VAL,H,8,25,7,0,10,39,10,0,16,49,13,0,18,67,18,0,23,86,21,0
3E5S,3744,B,231,VAL,H,10,23,10,0,14,39,12,0,18,56,15,0,22,72,20,0,24,90,26,0
3E5S,3745,B,231,VAL,H,13,28,11,0,17,50,13,0,19,71,18,0,24,87,22,0,26,103,28,0
3E5S,3746,B,231,VAL,H,10,27,9,0,14,37,12,0,16,53,16,0,19,76,20,0,24,87,20,0
3E5S,3747,B,231,VAL,H,10,27,8,0,14,43,14,0,19,59,18,0,23,86,23,0,28,105,27,0
3E5S,3748,B,231,VAL,H,9,28,7,0,11,42,13,0,16,64,17,0,23,81,21,0,28,104,29,0
3E5S,3749,B,231,VAL,H,10,34,11,0,15,52,15,0,21,76,21,0,27,101,23,0,29,122,34,0
3E5S,3750,B,232,TYR,N,9,27,7,0,9,37,11,0,13,49,13,0,18,66,19,0,25,83,22,0
3E5S,3751,B,232,TYR,CA,8,23,5,0,8,30,9,0,11,39,12,0,15,56,15,0,21,72,20,0
3E5S,3752,B,232,TYR,C,7,23,7,0,9,29,10,0,13,40,13,0,17,59,14,0,21,76,20,0
3E5S,3753,B,232,TYR,O,8,24,10,0,10,35,11,0,16,53,14,0,18,68,20,0,24,82,25,0
3E5S,3754,B,232,TYR,HN,9,28,6,0,11,42,13,0,15,57,15,0,21,78,19,0,29,99,28,0
3E5S,3755,B,232,TYR,H,6,20,5,0,9,25,6,0,9,32,10,0,14,44,12,0,18,64,17,0
3E5S,3756,B,232,TYR,C,6,21,6,0,9,30,8,0,12,48,11,0,13,60,16,0,23,78,23,0
3E5S,3757,B,232,TYR,C,5,16,4,0,7,26,6,0,9,43,9,0,16,60,15,0,25,77,21,0
3E5S,3758,B,232,TYR,C,3,10,3,0,5,17,3,0,7,31,5,0,12,44,10,0,18,65,15,0
3E5S,3759,B,232,TYR,C,4,17,4,0,6,32,6,0,12,50,10,0,20,71,17,0,31,90,27,0
3E5S,3760,B,232,TYR,C,3,8,2,0,3,14,3,0,5,26,4,0,10,40,7,0,19,63,12,0
3E5S,3761,B,232,TYR,C,2,14,3,0,5,23,4,0,14,45,8,0,19,66,15,0,26,86,22,0
3E5S,3762,B,232,TYR,C,2,10,2,0,4,15,3,0,8,30,5,0,15,49,8,0,22,75,16,0
3E5S,3763,B,232,TYR,OH,3,11,1,0,3,14,3,0,7,25,4,0,12,39,6,0,18,64,15,0
3E5S,3764,B,232,TYR,H,5,15,6,0,8,27,8,0,11,38,9,0,14,54,14,0,19,71,19,0
3E5S,3765,B,232,TYR,H,6,23,7,0,10,40,10,0,12,54,12,0,18,66,20,0,30,87,27,0
3E5S,3766,B,232,TYR,H,2,10,3,0,6,16,3,0,7,27,5,0,11,36,9,0,13,55,13,0
3E5S,3767,B,232,TYR,H,6,24,4,0,7,40,8,0,17,56,15,0,23,77,20,0,33,106,32,0
3E5S,3768,B,232,TYR,H,1,7,2,0,4,9,2,0,4,20,3,0,6,29,4,0,12,48,7,0
3E5S,3769,B,232,TYR,H,2,16,3,0,9,29,6,0,15,51,8,0,21,69,16,0,28,92,24,0
3E5S,3770,B,232,TYR,HO,3,10,1,0,5,18,4,0,8,31,5,0,16,47,8,0,19,68,15,0
3E5S,3771,B,233,LYS,N,6,21,6,0,7,26,9,0,9,34,11,0,12,45,13,0,16,63,17,0
3E5S,3772,B,233,LYS,CA,5,16,5,0,8,22,9,0,9,30,12,0,11,43,12,0,16,58,18,0
3E5S,3773,B,233,LYS,C,7,16,6,0,9,25,9,0,11,35,13,0,11,50,16,0,17,64,18,0
3E5S,3774,B,233,LYS,O,8,16,6,0,8,25,6,0,11,37,14,0,12,45,16,0,14,57,17,0
3E5S,3775,B,233,LYS,HN,6,21,5,0,6,25,7,0,7,28,10,0,12,36,12,0,14,52,15,0
3E5S,3776,B,233,LYS,H,5,17,7,0,7,24,11,0,9,33,12,0,14,46,13,0,18,62,18,0
3E5S,3777,B,233,LYS,C,5,9,3,0,5,16,6,0,6,21,8,0,10,30,11,0,11,42,13,0
3E5S,3778,B,233,LYS,C,4,9,3,0,4,13,4,0,5,21,6,0,9,25,8,0,10,35,12,0
3E5S,3779,B,233,LYS,C,1,4,1,0,4,8,3,0,4,12,4,0,5,20,5,0,9,26,9,0
3E5S,3780,B,233,LYS,C,1,2,0,0,1,6,1,0,4,9,4,0,6,16,6,0,8,28,7,0
3E5S,3781,B,233,LYS,N,0,0,0,0,1,2,0,0,1,5,1,0,3,8,4,0,5,16,5,0
3E5S,3782,B,233,LYS,H,4,9,3,0,5,16,5,0,6,21,8,0,8,29,10,0,10,36,12,0
3E5S,3783,B,233,LYS,H,4,7,4,0,5,14,4,0,5,20,8,0,9,26,11,0,11,39,13,0
3E5S,3784,B,233,LYS,H,4,9,4,0,5,16,4,0,8,23,7,0,9,32,9,0,12,43,15,0
3E5S,3785,B,233,LYS,H,2,7,3,0,4,13,3,0,6,21,5,0,7,25,8,0,10,31,11,0
3E5S,3786,B,233,LYS,H,1,1,0,0,1,4,2,0,4,9,3,0,4,14,4,0,5,23,7,0
3E5S,3787,B,233,LYS,H,1,2,2,0,3,6,2,0,4,11,4,0,6,18,5,0,8,25,9,0
3E5S,3788,B,233,LYS,H,1,2,0,0,2,5,1,0,3,9,4,0,8,20,6,0,9,28,9,0
3E5S,3789,B,233,LYS,H,1,5,1,0,3,8,1,0,3,14,5,0,8,23,6,0,10,29,9,0
3E5S,3790,B,233,LYS,HN,0,0,0,0,1,0,0,0,1,3,0,0,2,7,2,0,5,12,5,0
3E5S,3791,B,233,LYS,HN,0,0,0,0,1,1,0,0,1,6,1,0,3,8,3,0,4,15,5,0
3E5S,3792,B,233,LYS,HN,0,0,0,0,1,0,0,0,1,3,0,0,2,7,2,0,4,10,5,0
3E5S,3793,B,234,GLY,N,8,21,8,0,11,30,9,0,11,41,13,0,16,56,17,0,17,71,18,0
3E5S,3794,B,234,GLY,CA,9,25,8,0,11,31,11,0,13,43,13,0,15,56,17,0,18,76,19,0
3E5S,3795,B,234,GLY,C,10,27,11,0,11,39,12,0,14,53,15,0,17,73,19,0,23,96,21,0
3E5S,3796,B,234,GLY,O,11,26,11,0,12,38,13,0,14,54,14,0,17,72,20,0,28,98,22,0
3E5S,3797,B,234,GLY,HN,7,22,8,0,10,32,10,0,14,45,13,0,15,58,17,0,18,72,17,0
3E5S,3798,B,234,GLY,H,7,23,8,0,10,31,11,0,13,37,11,0,14,53,15,0,17,64,18,0
3E5S,3799,B,234,GLY,H,8,23,8,0,11,30,10,0,12,39,14,0,15,49,15,0,17,66,18,0
3E5S,3800,B,235,ASN,N,9,30,10,0,11,44,13,0,15,61,15,0,18,86,18,0,26,99,24,0
3E5S,3801,B,235,ASN,CA,10,34,11,0,12,54,14,0,16,78,19,0,23,98,23,0,30,114,32,0
3E5S,3802,B,235,ASN,C,12,36,9,0,14,59,14,0,18,78,21,0,23,97,26,0,29,116,30,1
3E5S,3803,B,235,ASN,O,11,45,10,0,14,61,16,0,20,84,24,0,26,104,28,0,33,136,31,1
3E5S,3804,B,235,ASN,HN,9,29,9,0,10,43,13,0,15,63,14,0,16,79,19,0,22,94,25,0
3E5S,3805,B,235,ASN,H,11,38,11,0,11,54,14,0,18,80,17,0,25,99,23,0,30,120,32,0
3E5S,3806,B,235,ASN,C,9,39,11,0,14,59,14,0,19,78,20,0,25,107,27,0,32,121,32,0
3E5S,3807,B,235,ASN,C,9,34,11,0,13,52,16,0,22,78,20,0,24,100,25,0,30,125,30,0
3E5S,3808,B,235,ASN,O,7,29,11,0,12,53,14,0,19,73,18,0,24,92,20,0,29,116,27,0
3E5S,3809,B,235,ASN,N,11,35,12,0,14,55,15,0,19,76,21,0,24,102,28,0,33,121,30,0
3E5S,3810,B,235,ASN,H,11,44,11,0,18,62,15,0,21,85,23,0,26,112,30,0,33,140,36,0
3E5S,3811,B,235,ASN,H,9,37,10,0,13,57,13,0,17,71,18,0,24,97,26,0,29,120,33,0
3E5S,3812,B,235,ASN,HN,9,35,9,0,15,55,14,0,19,81,23,0,27,102,29,0,34,125,32,0
3E5S,3813,B,235,ASN,HN,9,31,12,0,13,51,13,0,19,68,21,0,24,98,26,0,31,119,28,0
3E5S,3814,B,236,ASN,N,10,39,9,0,13,57,12,0,16,67,19,0,19,88,25,0,30,110,29,0
3E5S,3815,B,236,ASN,CA,8,36,12,0,13,49,14,0,18,70,18,0,23,92,19,0,30,115,29,1
3E5S,3816,B,236,ASN,C,7,29,9,0,12,48,13,0,18,69,16,0,22,89,22,0,28,107,25,1
3E5S,3817,B,236,ASN,O,7,26,10,0,10,43,11,0,19,66,15,0,22,85,18,0,26,100,24,1
3E5S,3818,B,236,ASN,HN,10,31,9,0,11,50,11,0,16,67,17,0,18,76,20,0,26,101,26,0
3E5S,3819,B,236,ASN,H,10,42,13,0,13,56,17,0,23,73,18,0,26,100,20,1,31,125,33,1
3E5S,3820,B,236,ASN,C,8,31,10,0,9,41,15,0,15,60,16,0,21,83,18,0,28,102,22,0
3E5S,3821,B,236,ASN,C,7,25,10,0,9,35,11,0,13,45,15,0,15,67,15,0,22,88,20,0
3E5S,3822,B,236,ASN,O,5,22,9,0,10,34,11,0,12,50,12,0,15,63,17,0,20,80,20,0
3E5S,3823,B,236,ASN,N,6,21,7,0,8,30,10,0,11,38,15,0,15,51,15,0,21,69,16,0
3E5S,3824,B,236,ASN,H,8,31,9,0,12,41,14,0,15,57,17,0,19,82,18,0,29,102,21,0
3E5S,3825,B,236,ASN,H,9,29,10,0,11,42,14,0,14,59,17,0,22,82,19,0,26,99,20,0
3E5S,3826,B,236,ASN,HN,7,22,7,0,10,29,11,0,12,40,14,0,14,51,15,0,23,70,18,0
3E5S,3827,B,236,ASN,HN,4,15,7,0,6,24,9,0,8,35,11,0,14,44,15,0,16,60,15,0
3E5S,3828,B,237,THR,N,10,33,9,0,11,48,11,0,17,68,17,0,22,88,23,1,30,105,31,1
3E5S,3829,B,237,THR,CA,8,29,7,0,11,43,9,0,15,60,14,0,21,81,21,1,27,101,27,1
3E5S,3830,B,237,THR,C,8,27,7,0,10,46,9,0,13,62,14,1,18,80,21,1,26,105,27,1
3E5S,3831,B,237,THR,O,7,26,5,0,9,39,10,0,10,53,13,1,16,67,16,1,20,96,24,1
3E5S,3832,B,237,THR,HN,10,37,9,0,13,53,12,0,18,69,18,0,26,92,26,1,28,112,31,1
3E5S,3833,B,237,THR,H,7,24,7,0,11,37,8,0,13,52,12,0,17,70,19,0,23,86,24,1
3E5S,3834,B,237,THR,C,8,29,7,0,10,42,12,0,15,55,15,0,20,77,18,1,23,97,26,1
3E5S,3835,B,237,THR,OH,9,30,6,0,13,39,10,0,13,50,15,0,18,66,19,0,22,83,23,1
3E5S,3836,B,237,THR,C,6,21,4,0,8,37,10,0,13,47,13,0,18,69,16,1,20,87,21,1
3E5S,3837,B,237,THR,H,9,36,9,0,11,47,13,0,19,63,15,1,22,86,23,1,30,108,29,1
3E5S,3838,B,237,THR,HO,9,34,9,0,13,42,11,0,16,56,18,0,20,67,21,0,28,95,25,1
3E5S,3839,B,237,THR,H,5,24,5,0,9,32,9,0,11,46,13,0,19,61,16,1,22,85,19,1
3E5S,3840,B,237,THR,H,6,15,3,0,7,27,6,0,12,42,11,0,16,59,16,0,18,75,20,1
3E5S,3841,B,237,THR,H,6,20,6,0,9,36,6,0,12,53,13,1,17,74,17,1,21,92,24,1
3E5S,3842,B,238,HIS,N,6,36,6,0,8,51,9,1,13,67,18,1,18,94,25,1,32,117,31,1
3E5S,3843,B,238,HIS,CA,6,38,6,1,7,46,12,1,10,71,18,1,19,94,23,1,28,120,33,1
3E5S,3844,B,238,HIS,C,7,37,9,1,9,52,13,1,14,71,18,1,23,97,23,1,31,119,33,1
3E5S,3845,B,238,HIS,O,7,39,7,1,11,56,15,1,15,82,18,1,24,97,24,1,31,122,35,1
3E5S,3846,B,238,HIS,HN,5,38,7,0,11,58,11,1,15,75,22,1,25,98,27,1,34,123,35,1
3E5S,3847,B,238,HIS,H,5,32,6,1,7,41,10,1,9,58,16,1,16,81,19,1,22,110,27,1
3E5S,3848,B,238,HIS,C,5,36,6,1,9,59,11,1,11,77,18,1,21,101,28,1,32,130,35,1
3E5S,3849,B,238,HIS,C,4,34,6,1,7,54,11,1,12,79,17,1,23,96,25,1,31,124,34,1
3E5S,3850,B,238,HIS,N,3,27,5,1,5,42,7,1,9,61,14,1,19,84,18,1,26,107,30,1
3E5S,3851,B,238,HIS,C,3,35,6,1,9,59,12,1,19,83,19,1,25,102,26,1,30,128,36,1
3E5S,3852,B,238,HIS,C,2,27,4,1,5,40,9,1,11,60,12,1,19,82,19,1,23,109,27,1
3E5S,3853,B,238,HIS,N,2,34,5,1,9,50,10,1,16,74,14,1,23,97,25,1,29,125,32,1
3E5S,3854,B,238,HIS,H,6,40,7,1,7,55,11,1,13,76,19,1,20,103,26,1,30,129,33,1
3E5S,3855,B,238,HIS,H,6,40,7,1,12,64,13,1,16,84,21,1,26,115,32,1,36,139,37,1
3E5S,3856,B,238,HIS,HN,4,23,5,1,5,38,8,1,7,52,11,1,13,74,15,1,23,97,25,1
3E5S,3857,B,238,HIS,H,5,44,8,1,12,67,15,1,22,89,19,1,26,115,30,1,33,139,40,1
3E5S,3858,B,238,HIS,H,1,26,3,1,4,33,6,1,9,49,11,1,17,69,14,1,21,99,23,1
3E5S,3859,B,238,HIS,HN,3,37,7,1,10,53,11,1,14,72,15,1,25,96,25,1,30,128,32,1
3E5S,3860,B,239,GLU,N,9,42,8,0,14,54,13,0,17,66,14,1,24,90,22,1,33,117,27,1
3E5S,3861,B,239,GLU,CA,12,42,7,0,15,53,11,0,20,67,16,1,27,92,20,1,29,115,28,1
3E5S,3862,B,239,GLU,C,10,39,7,0,15,49,9,0,18,65,14,0,24,86,21,1,27,105,29,1
3E5S,3863,B,239,GLU,O,11,37,9,0,13,54,10,0,21,71,15,1,24,92,24,1,30,109,31,1
3E5S,3864,B,239,GLU,HN,8,37,8,0,13,51,10,0,17,68,15,1,23,84,20,1,31,109,25,1
3E5S,3865,B,239,GLU,H,10,44,9,0,18,56,13,0,22,75,19,1,28,102,24,1,34,122,31,1
3E5S,3866,B,239,GLU,C,11,34,7,0,14,47,11,0,21,63,16,0,25,83,21,0,27,102,25,1
3E5S,3867,B,239,GLU,C,11,32,5,0,16,43,10,0,19,55,18,0,25,67,20,0,26,96,22,0
3E5S,3868,B,239,GLU,C,7,23,5,0,13,33,9,0,17,50,13,0,22,60,18,0,24,83,24,0
3E5S,3869,B,239,GLU,O,10,21,5,0,12,32,8,0,18,42,13,0,20,65,16,0,24,78,22,0
3E5S,3870,B,239,GLU,O,7,20,3,0,10,29,6,0,17,46,14,0,21,56,17,0,23,74,22,0
3E5S,3871,B,239,GLU,H,11,28,7,0,12,42,9,0,19,55,14,0,22,73,19,0,26,87,23,1
3E5S,3872,B,239,GLU,H,12,34,9,0,17,55,13,0,22,70,17,0,25,87,21,0,28,107,25,1
3E5S,3873,B,239,GLU,H,12,36,5,0,18,48,14,0,20,58,19,0,25,79,21,0,28,107,24,1
3E5S,3874,B,239,GLU,H,10,32,5,0,13,40,8,0,15,48,14,0,23,64,19,0,27,90,22,0
3E5S,3875,B,240,GLN,N,8,29,8,0,12,44,9,0,14,53,11,0,16,71,16,1,24,87,24,1
3E5S,3876,B,240,GLN,CA,7,25,9,0,10,37,9,0,14,48,10,0,17,68,13,0,22,81,20,1
3E5S,3877,B,240,GLN,C,8,29,6,0,10,37,10,0,15,52,12,0,17,72,16,1,22,85,20,1
3E5S,3878,B,240,GLN,O,6,29,6,0,10,36,8,0,14,52,14,0,16,64,17,0,21,83,21,1
3E5S,3879,B,240,GLN,HN,8,26,7,0,12,41,8,0,14,52,12,0,15,63,13,0,21,80,21,1
3E5S,3880,B,240,GLN,H,9,26,7,0,11,35,10,0,13,53,11,0,17,64,15,0,21,82,20,1
3E5S,3881,B,240,GLN,C,6,19,7,0,7,28,9,0,12,38,9,0,15,51,10,0,18,66,13,0
3E5S,3882,B,240,GLN,C,6,13,6,0,8,22,8,0,11,35,9,0,13,46,10,0,17,56,12,0
3E5S,3883,B,240,GLN,C,7,12,4,0,8,20,8,0,10,32,9,0,13,45,11,0,17,63,15,0
3E5S,3884,B,240,GLN,O,8,15,5,0,9,28,9,0,11,36,10,0,15,52,15,0,20,69,17,0
3E5S,3885,B,240,GLN,N,5,12,4,0,8,17,4,0,9,25,8,0,13,38,11,0,15,55,12,0
3E5S,3886,B,240,GLN,H,6,17,4,0,7,25,9,0,10,31,10,0,15,46,10,0,17,61,12,0
3E5S,3887,B,240,GLN,H,6,17,5,0,7,28,7,0,11,39,9,0,13,47,10,0,17,63,14,0
3E5S,3888,B,240,GLN,H,3,9,3,0,6,15,6,0,10,24,8,0,11,36,9,0,15,48,11,0
3E5S,3889,B,240,GLN,H,4,14,6,0,10,24,6,0,11,35,9,0,14,49,10,0,14,57,15,0
3E5S,3890,B,240,GLN,HN,4,10,2,0,5,16,4,0,8,23,7,0,11,30,11,0,14,49,11,0
3E5S,3891,B,240,GLN,HN,6,12,4,0,7,15,4,0,9,25,8,0,12,36,11,0,15,54,14,0
3E5S,3892,B,241,LEU,N,9,28,7,0,10,43,11,0,13,57,13,1,19,71,16,1,25,91,22,1
3E5S,3893,B,241,LEU,CA,8,33,8,0,10,42,10,1,15,53,13,1,19,74,18,1,27,102,25,1
3E5S,3894,B,241,LEU,C,7,35,8,0,12,50,12,1,18,69,15,1,26,87,24,1,33,114,31,1
3E5S,3895,B,241,LEU,O,8,34,10,0,11,49,12,1,19,66,16,1,25,85,22,1,31,104,32,1
3E5S,3896,B,241,LEU,HN,8,30,7,0,12,45,12,0,13,58,13,1,18,76,18,1,24,94,24,1
3E5S,3897,B,241,LEU,H,6,27,8,0,12,37,10,0,14,47,13,1,18,66,14,1,22,85,21,1
3E5S,3898,B,241,LEU,C,9,26,7,1,10,41,7,1,13,58,12,1,17,76,17,1,25,101,24,1
3E5S,3899,B,241,LEU,C,9,23,6,1,10,35,8,1,14,50,12,1,19,78,17,1,26,100,26,1
3E5S,3900,B,241,LEU,C,3,14,4,0,9,29,7,1,12,40,9,1,15,55,13,1,21,79,18,1
3E5S,3901,B,241,LEU,C,6,21,4,1,10,37,10,1,13,56,12,1,19,80,19,1,26,108,26,1
3E5S,3902,B,241,LEU,H,9,29,7,1,11,50,8,1,14,69,15,1,20,85,22,1,31,113,27,1
3E5S,3903,B,241,LEU,H,8,22,6,0,9,36,8,1,12,49,9,1,14,67,15,1,20,85,24,1
3E5S,3904,B,241,LEU,H,7,26,7,1,13,36,9,1,16,60,13,1,22,85,19,1,26,107,27,1
3E5S,3905,B,241,LEU,H,2,9,4,0,6,27,4,1,13,37,11,1,16,51,14,1,21,79,17,1
3E5S,3906,B,241,LEU,H,2,11,4,0,8,24,6,1,9,36,7,1,13,49,12,1,18,71,19,1
3E5S,3907,B,241,LEU,H,3,17,4,0,9,29,7,0,13,39,11,1,15,49,14,1,20,72,16,1
3E5S,3908,B,241,LEU,H,5,20,4,1,8,31,8,1,15,54,13,1,19,79,17,1,27,105,25,1
3E5S,3909,B,241,LEU,H,6,29,6,1,12,43,11,1,16,66,16,1,24,94,23,1,29,120,31,1
3E5S,3910,B,241,LEU,H,5,19,4,1,8,35,7,1,13,52,12,1,17,73,16,1,22,99,26,1
3E5S,3911,B,242,LEU,N,9,39,10,1,12,55,14,1,21,76,20,1,28,103,26,1,36,123,35,1
3E5S,3912,B,242,LEU,CA,8,46,12,1,15,64,17,1,26,87,26,1,32,114,32,1,42,134,36,1
3E5S,3913,B,242,LEU,C,11,40,12,0,18,62,17,0,23,84,22,1,32,105,32,1,40,131,35,1
3E5S,3914,B,242,LEU,O,11,40,13,0,18,62,18,0,27,87,24,1,34,107,28,1,40,136,37,1
3E5S,3915,B,242,LEU,HN,8,43,9,1,12,61,15,1,20,81,19,1,28,96,28,1,35,124,32,1
3E5S,3916,B,242,LEU,H,11,44,11,1,14,64,15,1,22,90,25,1,34,109,31,1,43,135,34,1
3E5S,3917,B,242,LEU,C,10,50,9,1,19,70,18,1,26,96,28,1,32,118,33,1,42,147,39,1
3E5S,3918,B,242,LEU,C,10,51,10,1,19,69,16,1,27,96,26,1,36,129,37,1,41,155,42,1
3E5S,3919,B,242,LEU,C,12,48,9,1,17,69,15,1,29,109,27,1,39,135,38,1,46,164,44,1
3E5S,3920,B,242,LEU,C,11,42,12,1,20,67,13,1,23,90,21,1,29,129,34,1,40,152,42,1
3E5S,3921,B,242,LEU,H,13,48,12,1,20,72,21,1,25,94,29,1,37,125,35,1,47,156,40,1
3E5S,3922,B,242,LEU,H,15,46,10,0,17,73,18,1,26,92,27,1,33,114,33,1,39,141,38,1
3E5S,3923,B,242,LEU,H,8,51,11,1,15,69,15,1,25,93,22,1,34,121,35,1,39,150,43,1
3E5S,3924,B,242,LEU,H,9,49,6,1,19,71,17,1,27,101,24,1,38,141,37,1,45,172,48,1
3E5S,3925,B,242,LEU,H,12,43,10,1,21,75,16,1,30,106,27,1,40,134,36,1,47,165,48,2
3E5S,3926,B,242,LEU,H,9,44,9,1,15,73,14,1,33,106,30,1,40,136,37,1,47,158,46,1
3E5S,3927,B,242,LEU,H,10,44,11,1,20,65,14,1,25,97,18,1,28,127,31,1,38,158,43,2
3E5S,3928,B,242,LEU,H,12,40,9,1,16,63,13,1,21,83,18,1,30,111,25,1,37,143,41,1
3E5S,3929,B,242,LEU,H,12,43,12,1,19,72,16,1,23,96,22,1,32,118,30,1,43,155,41,2
3E5S,3930,B,243,ARG,N,10,40,10,0,10,55,14,0,17,69,23,0,24,91,27,1,31,118,31,1
3E5S,3931,B,243,ARG,CA,9,36,11,0,11,45,13,0,15,62,19,0,22,87,24,0,26,110,30,1
3E5S,3932,B,243,ARG,C,9,32,10,0,12,45,12,0,16,61,17,0,21,81,25,0,28,100,29,0
3E5S,3933,B,243,ARG,O,9,29,10,0,13,44,12,0,17,63,16,0,22,85,24,0,29,101,29,0
3E5S,3934,B,243,ARG,HN,8,37,9,0,11,53,14,0,13,69,21,0,21,92,26,1,29,111,30,1
3E5S,3935,B,243,ARG,H,9,34,10,0,12,47,16,0,19,67,20,0,21,100,23,0,34,114,32,0
3E5S,3936,B,243,ARG,C,8,33,10,0,10,41,13,0,12,52,15,0,15,70,20,0,24,95,26,0
3E5S,3937,B,243,ARG,C,9,28,11,0,11,40,13,0,11,55,17,0,15,69,19,0,22,93,28,0
3E5S,3938,B,243,ARG,C,3,19,7,0,8,26,10,0,11,41,14,0,13,60,18,0,19,72,21,0
3E5S,3939,B,243,ARG,N,2,20,6,0,8,26,11,0,10,42,14,0,15,58,17,0,20,75,23,0
3E5S,3940,B,243,ARG,C,4,16,7,0,6,27,11,0,10,42,14,0,16,60,17,0,21,76,24,0
3E5S,3941,B,243,ARG,N,3,16,7,0,5,26,10,0,11,41,13,0,15,61,17,0,21,80,21,0
3E5S,3942,B,243,ARG,N,3,18,7,0,7,30,10,0,11,43,15,0,15,54,18,0,23,78,22,0
3E5S,3943,B,243,ARG,H,8,29,9,0,10,35,12,0,11,44,15,0,15,64,17,0,20,85,23,0
3E5S,3944,B,243,ARG,H,9,27,9,0,9,39,11,0,11,49,14,0,15,62,18,0,20,82,23,0
3E5S,3945,B,243,ARG,H,7,30,10,0,11,41,13,0,13,62,17,0,19,76,22,0,25,97,28,0
3E5S,3946,B,243,ARG,H,10,28,11,0,11,47,15,0,12,59,17,0,19,75,20,0,27,99,27,0
3E5S,3947,B,243,ARG,H,3,17,7,0,8,26,9,0,11,33,13,0,11,48,15,0,15,71,20,0
3E5S,3948,B,243,ARG,H,4,15,7,0,6,27,8,0,11,35,12,0,14,55,15,0,16,68,21,0
3E5S,3949,B,243,ARG,HN,3,16,5,0,9,28,11,0,10,42,14,0,18,55,20,0,21,72,22,0
3E5S,3950,B,243,ARG,HN,4,13,7,0,7,26,9,0,9,40,13,0,15,64,19,0,20,80,23,0
3E5S,3951,B,243,ARG,HN,2,14,5,0,5,24,11,0,10,42,12,0,16,61,17,0,20,84,23,0
3E5S,3952,B,243,ARG,HN,4,19,6,0,9,28,11,0,10,44,15,0,17,55,19,0,20,79,22,0
3E5S,3953,B,243,ARG,HN,4,17,9,0,5,27,12,0,9,40,13,0,16,56,18,0,20,85,22,0
3E5S,3954,B,244,LYS,N,10,33,10,0,12,46,12,0,16,60,16,0,21,73,19,0,29,90,28,1
3E5S,3955,B,244,LYS,CA,9,26,9,0,11,39,12,0,16,53,17,0,20,73,19,0,29,83,23,0
3E5S,3956,B,244,LYS,C,10,28,8,0,13,45,14,0,17,61,19,0,25,75,23,0,31,99,27,0
3E5S,3957,B,244,LYS,O,11,27,9,0,15,41,12,0,15,56,18,0,24,77,23,0,30,96,28,0
3E5S,3958,B,244,LYS,HN,9,31,8,0,13,48,11,0,15,58,17,0,20,71,21,0,26,85,28,1
3E5S,3959,B,244,LYS,H,9,26,8,0,11,35,11,0,15,47,15,0,20,69,18,0,27,82,22,0
3E5S,3960,B,244,LYS,C,8,24,7,0,10,33,11,0,12,43,12,0,17,61,17,0,22,75,20,0
3E5S,3961,B,244,LYS,C,7,17,6,0,9,26,7,0,12,34,11,0,15,49,14,0,20,66,19,0
3E5S,3962,B,244,LYS,C,3,10,4,0,8,21,7,0,9,30,8,0,15,40,13,0,16,54,15,0
3E5S,3963,B,244,LYS,C,3,6,2,0,3,14,5,0,9,22,8,0,13,35,10,0,16,45,13,0
3E5S,3964,B,244,LYS,N,1,4,1,0,4,8,2,0,5,17,6,0,11,30,9,0,15,38,11,0
3E5S,3965,B,244,LYS,H,8,24,8,0,10,37,10,0,13,51,14,0,18,65,17,0,24,74,21,1
3E5S,3966,B,244,LYS,H,9,24,6,0,10,32,10,0,12,41,12,0,15,56,15,0,20,69,20,0
3E5S,3967,B,244,LYS,H,5,15,4,0,9,22,7,0,11,32,10,0,13,42,13,0,19,60,15,0
3E5S,3968,B,244,LYS,H,6,19,7,0,10,25,9,0,14,38,11,0,18,57,17,0,21,71,22,0
3E5S,3969,B,244,LYS,H,4,13,5,0,9,25,7,0,11,33,9,0,15,45,14,0,16,59,18,0
3E5S,3970,B,244,LYS,H,3,8,3,0,6,17,5,0,10,26,7,0,11,35,12,0,15,46,14,0
3E5S,3971,B,244,LYS,H,3,8,1,0,8,15,6,0,10,27,9,0,14,39,12,0,18,49,15,0
3E5S,3972,B,244,LYS,H,2,3,1,0,3,7,3,0,7,19,6,0,13,31,9,0,13,38,12,0
3E5S,3973,B,244,LYS,HN,1,3,1,0,4,5,1,0,4,11,5,0,9,22,7,0,13,33,11,0
3E5S,3974,B,244,LYS,HN,1,2,1,0,3,4,2,0,5,14,4,0,9,24,6,0,14,34,10,0
3E5S,3975,B,244,LYS,HN,4,6,1,0,5,11,4,0,6,16,7,0,13,29,9,0,17,43,11,0
3E5S,3976,B,245,ALA,N,11,43,12,0,13,56,17,0,21,64,19,0,29,83,25,0,32,111,29,1
3E5S,3977,B,245,ALA,CA,13,46,12,0,19,57,18,0,23,70,24,0,27,97,27,0,35,123,34,1
3E5S,3978,B,245,ALA,C,15,41,13,0,19,60,19,0,25,86,24,0,32,110,30,0,36,131,37,0
3E5S,3979,B,245,ALA,O,16,41,12,0,19,60,19,0,27,86,25,0,31,114,30,0,38,128,36,0
3E5S,3980,B,245,ALA,HN,9,47,11,0,14,58,15,0,22,68,20,0,28,82,24,1,34,110,32,1
3E5S,3981,B,245,ALA,H,13,39,12,0,18,52,15,0,23,66,23,0,27,85,27,0,31,113,30,1
3E5S,3982,B,245,ALA,C,15,47,13,0,19,61,18,0,22,77,24,1,30,102,29,1,38,134,36,1
3E5S,3983,B,245,ALA,H,17,44,13,0,18,63,18,0,26,80,26,1,30,107,32,1,37,137,36,2
3E5S,3984,B,245,ALA,H,15,46,14,0,19,66,19,0,26,85,26,1,34,113,31,1,43,141,36,1
3E5S,3985,B,245,ALA,H,13,43,13,0,17,58,18,1,22,75,21,1,29,94,25,1,37,125,34,1
3E5S,3986,B,246,GLU,N,12,39,11,0,17,59,16,0,27,87,20,0,33,107,30,0,41,137,32,0
3E5S,3987,B,246,GLU,CA,12,44,11,0,20,60,13,0,23,87,23,0,36,112,27,0,42,137,36,0
3E5S,3988,B,246,GLU,C,11,37,9,0,16,56,12,0,25,80,18,0,31,101,27,0,42,125,34,0
3E5S,3989,B,246,GLU,O,12,39,10,0,19,60,12,0,25,84,21,0,32,99,29,0,36,122,32,0
3E5S,3990,B,246,GLU,HN,11,42,11,0,18,62,14,0,25,81,24,0,34,109,25,0,38,133,33,1
3E5S,3991,B,246,GLU,H,15,44,12,0,21,68,17,0,28,91,23,0,36,120,30,0,45,141,39,0
3E5S,3992,B,246,GLU,C,12,42,7,0,16,59,15,0,24,80,19,0,33,107,28,0,43,136,34,0
3E5S,3993,B,246,GLU,C,11,42,9,0,17,57,10,0,24,69,20,0,30,96,25,0,39,128,32,0
3E5S,3994,B,246,GLU,C,8,34,7,0,14,50,9,0,21,66,12,0,25,93,27,0,34,116,30,0
3E5S,3995,B,246,GLU,O,8,36,6,0,14,45,9,0,23,74,16,0,28,94,25,0,36,123,35,0
3E5S,3996,B,246,GLU,O,10,24,5,0,12,42,9,0,16,59,14,0,25,85,18,0,32,108,29,0
3E5S,3997,B,246,GLU,H,12,34,9,0,15,55,12,0,23,72,18,0,29,102,24,0,39,124,31,0
3E5S,3998,B,246,GLU,H,13,37,10,0,18,61,17,0,25,87,20,0,34,117,29,0,41,144,37,0
3E5S,3999,B,246,GLU,H,11,42,8,0,19,60,14,0,24,75,20,0,32,102,27,0,40,134,32,0
3E5S,4000,B,246,GLU,H,10,35,7,0,14,53,11,0,22,67,14,0,30,84,23,0,37,118,30,0
3E5S,4001,B,247,ALA,N,10,35,10,0,13,51,15,0,21,68,17,0,30,94,24,0,35,115,32,0
3E5S,4002,B,247,ALA,CA,10,33,9,0,14,44,12,0,19,61,16,0,27,77,20,0,30,101,25,0
3E5S,4003,B,247,ALA,C,11,30,8,0,17,48,14,0,20,62,17,0,22,79,20,0,27,91,25,0
3E5S,4004,B,247,ALA,O,9,31,8,0,15,44,11,0,18,63,17,0,21,74,20,0,24,87,24,0
3E5S,4005,B,247,ALA,HN,9,33,11,0,13,49,14,0,21,68,18,0,29,88,22,0,35,112,32,0
3E5S,4006,B,247,ALA,H,9,29,8,0,12,45,10,0,16,55,14,0,24,76,20,0,30,100,25,0
3E5S,4007,B,247,ALA,C,11,31,7,0,11,37,11,0,16,49,14,0,24,72,18,0,27,83,22,0
3E5S,4008,B,247,ALA,H,9,28,5,0,11,35,9,0,13,40,13,0,20,56,15,0,24,76,20,0
3E5S,4009,B,247,ALA,H,10,26,7,0,11,38,10,0,18,50,14,0,23,69,20,0,28,87,22,0
3E5S,4010,B,247,ALA,H,7,25,6,0,12,37,11,0,16,50,15,0,24,68,16,0,27,83,20,0
3E5S,4011,B,248,GLN,N,11,35,10,0,17,49,13,0,21,62,16,0,22,74,21,0,26,94,28,0
3E5S,4012,B,248,GLN,CA,10,36,11,0,17,47,13,0,20,61,15,0,21,72,20,0,25,89,28,0
3E5S,4013,B,248,GLN,C,12,38,11,0,18,54,14,0,20,67,17,0,25,79,26,0,30,100,27,0
3E5S,4014,B,248,GLN,O,11,36,11,0,16,46,14,0,18,61,17,0,24,79,19,0,31,95,29,0
3E5S,4015,B,248,GLN,HN,11,36,9,0,15,47,14,0,21,61,18,0,24,81,21,0,29,107,26,0
3E5S,4016,B,248,GLN,H,12,31,9,0,15,43,11,0,18,49,14,0,20,66,15,0,21,77,23,0
3E5S,4017,B,248,GLN,C,11,33,9,0,15,41,11,0,19,53,15,0,24,70,20,0,25,90,27,0
3E5S,4018,B,248,GLN,C,11,25,7,0,13,36,11,0,15,45,15,0,20,59,17,0,25,74,21,0
3E5S,4019,B,248,GLN,C,9,16,4,0,10,28,10,0,14,40,14,0,17,57,16,0,24,73,19,0
3E5S,4020,B,248,GLN,O,6,12,3,0,10,20,6,0,10,29,10,0,14,43,13,0,18,58,17,0
3E5S,4021,B,248,GLN,N,9,18,5,0,10,29,12,0,15,45,15,0,22,66,17,0,25,81,21,0
3E5S,4022,B,248,GLN,H,10,30,8,0,14,41,11,0,18,49,16,0,21,65,20,0,25,85,24,0
3E5S,4023,B,248,GLN,H,13,32,11,0,15,45,13,0,21,61,17,0,25,83,26,0,29,95,29,0
3E5S,4024,B,248,GLN,H,11,21,6,0,13,35,10,0,16,49,14,0,20,60,18,0,25,81,22,0
3E5S,4025,B,248,GLN,H,10,22,6,0,13,31,8,0,14,40,13,0,18,50,16,0,22,63,18,0
3E5S,4026,B,248,GLN,HN,10,24,10,0,14,36,13,0,18,53,17,0,25,78,18,0,27,89,29,0
3E5S,4027,B,248,GLN,HN,8,16,4,0,10,27,11,0,14,41,15,0,19,56,16,0,24,76,22,0
3E5S,4028,B,249,ALA,N,17,50,13,0,17,61,17,0,23,75,26,0,31,96,28,0,37,118,31,0
3E5S,4029,B,249,ALA,CA,15,50,15,0,20,67,19,0,26,85,26,0,29,108,29,0,38,126,33,0
3E5S,4030,B,249,ALA,C,13,51,15,0,20,64,17,0,25,84,24,0,29,97,29,0,35,116,35,0
3E5S,4031,B,249,ALA,O,13,44,15,0,20,68,18,0,24,81,22,0,28,96,31,0,34,117,36,0
3E5S,4032,B,249,ALA,HN,17,48,13,0,19,65,19,0,22,79,25,0,34,99,29,0,37,126,32,0
3E5S,4033,B,249,ALA,H,16,42,14,0,20,63,17,0,26,81,23,0,28,101,30,0,38,119,35,0
3E5S,4034,B,249,ALA,C,19,54,14,0,24,77,23,0,28,94,29,0,35,116,32,0,37,137,35,0
3E5S,4035,B,249,ALA,H,19,56,14,0,23,79,23,0,28,98,30,0,31,114,31,0,36,141,39,0
3E5S,4036,B,249,ALA,H,18,52,16,0,24,76,21,0,29,100,28,0,34,119,33,0,37,133,36,0
3E5S,4037,B,249,ALA,H,19,48,15,0,24,68,21,0,29,95,26,0,32,118,33,0,37,141,38,0
3E5S,4038,B,250,LYS,N,12,45,14,0,14,61,18,0,22,77,23,0,29,90,26,0,34,109,32,0
3E5S,4039,B,250,LYS,CA,9,41,10,0,13,52,15,0,17,67,22,0,26,81,26,0,32,98,30,0
3E5S,4040,B,250,LYS,C,8,35,8,0,12,47,11,0,17,56,16,0,22,73,24,0,27,84,28,0
3E5S,4041,B,250,LYS,O,8,31,8,0,12,42,10,0,14,53,16,0,19,65,20,0,22,78,26,0
3E5S,4042,B,250,LYS,HN,11,43,12,0,18,62,18,0,23,73,24,0,30,92,26,0,35,113,31,0
3E5S,4043,B,250,LYS,H,10,38,10,0,14,55,14,0,18,66,22,0,23,81,26,0,31,99,30,0
3E5S,4044,B,250,LYS,C,9,33,7,0,10,40,12,0,14,55,18,0,21,78,23,0,31,100,27,0
3E5S,4045,B,250,LYS,C,7,27,6,0,9,36,7,0,11,42,15,0,13,59,17,0,22,79,25,0
3E5S,4046,B,250,LYS,C,6,18,5,0,7,32,6,0,10,42,11,0,14,49,14,0,17,66,21,0
3E5S,4047,B,250,LYS,C,2,11,3,0,6,24,6,0,9,37,7,0,12,42,12,0,13,54,17,0
3E5S,4048,B,250,LYS,N,2,9,2,0,6,15,5,0,7,23,5,0,10,38,9,0,11,48,14,0
3E5S,4049,B,250,LYS,H,8,29,9,0,10,42,12,0,14,61,18,0,23,81,22,0,31,100,26,0
3E5S,4050,B,250,LYS,H,10,28,8,0,11,44,14,0,15,61,19,0,23,84,24,0,32,103,29,0
3E5S,4051,B,250,LYS,H,4,20,4,0,8,32,8,0,12,39,12,0,13,55,16,0,22,74,22,0
3E5S,4052,B,250,LYS,H,6,25,6,0,10,34,7,0,12,44,13,0,16,56,18,0,19,70,25,0
3E5S,4053,B,250,LYS,H,6,16,5,0,9,35,8,0,10,47,11,0,16,55,18,0,21,72,21,0
3E5S,4054,B,250,LYS,H,3,11,2,0,7,26,7,0,8,40,11,0,13,49,12,0,19,61,19,0
3E5S,4055,B,250,LYS,H,1,7,2,0,4,15,4,0,7,32,6,0,10,39,8,0,13,45,14,0
3E5S,4056,B,250,LYS,H,3,15,5,0,7,29,7,0,10,36,8,0,12,45,11,0,15,54,19,0
3E5S,4057,B,250,LYS,HN,2,8,2,0,4,12,3,0,8,19,5,0,8,30,7,0,10,41,11,0
3E5S,4058,B,250,LYS,HN,4,12,3,0,7,19,5,0,7,27,7,0,11,40,11,0,15,51,15,0
3E5S,4059,B,250,LYS,HN,1,9,2,0,5,10,4,0,7,16,5,0,7,32,8,0,11,48,11,0
3E5S,4060,B,251,LYS,N,8,30,7,0,10,43,12,0,16,53,15,0,22,67,19,0,27,85,27,0
3E5S,4061,B,251,LYS,CA,7,26,8,0,9,32,10,0,12,46,13,0,19,58,17,0,23,74,19,0
3E5S,4062,B,251,LYS,C,7,24,8,0,10,38,11,0,14,46,13,0,19,57,17,0,23,73,23,0
3E5S,4063,B,251,LYS,O,8,21,8,0,10,30,10,0,11,42,11,0,17,52,15,0,20,61,23,0
3E5S,4064,B,251,LYS,HN,10,32,9,0,12,44,13,0,16,59,17,0,25,73,20,0,27,91,26,0
3E5S,4065,B,251,LYS,H,6,21,6,0,9,29,9,0,11,37,12,0,17,53,14,0,20,63,19,0
3E5S,4066,B,251,LYS,C,7,22,8,0,10,28,11,0,13,39,11,0,18,51,16,0,22,68,18,0
3E5S,4067,B,251,LYS,C,6,18,5,0,6,24,7,0,9,29,10,0,15,37,12,0,18,52,16,0
3E5S,4068,B,251,LYS,C,3,14,4,0,6,21,6,0,11,25,10,0,12,35,11,0,15,43,13,0
3E5S,4069,B,251,LYS,C,2,2,2,0,3,11,4,0,7,17,6,0,11,25,9,0,12,34,11,0
3E5S,4070,B,251,LYS,N,0,0,0,0,4,7,3,0,4,16,4,0,9,20,7,0,12,30,11,0
3E5S,4071,B,251,LYS,H,9,25,9,0,12,32,11,0,15,43,13,0,18,60,17,0,24,72,19,0
3E5S,4072,B,251,LYS,H,7,21,6,0,8,26,11,0,13,40,12,0,17,54,15,0,19,67,19,0
3E5S,4073,B,251,LYS,H,5,13,3,0,6,23,6,0,7,25,8,0,12,30,12,0,16,46,14,0
3E5S,4074,B,251,LYS,H,6,14,7,0,7,24,7,0,11,30,10,0,14,38,13,0,17,51,15,0
3E5S,4075,B,251,LYS,H,4,13,4,0,11,22,8,0,12,29,11,0,14,39,12,0,16,49,13,0
3E5S,4076,B,251,LYS,H,3,10,3,0,7,19,6,0,10,25,10,0,14,35,12,0,16,43,12,0
3E5S,4077,B,251,LYS,H,2,0,0,0,2,8,2,0,3,15,5,0,8,22,8,0,11,30,10,0
3E5S,4078,B,251,LYS,H,1,3,2,0,3,10,4,0,7,14,7,0,10,24,9,0,13,35,12,0
3E5S,4079,B,251,LYS,HN,0,0,0,0,0,1,0,0,4,7,4,0,6,16,4,0,9,22,7,0
3E5S,4080,B,251,LYS,HN,1,3,1,0,4,8,4,0,7,15,5,0,11,23,7,0,13,32,10,0
3E5S,4081,B,251,LYS,HN,0,0,0,0,3,4,3,0,4,13,3,0,8,20,6,0,11,29,9,0
3E5S,4082,B,252,GLU,N,8,33,7,0,13,44,12,0,19,50,12,0,24,67,20,0,29,86,26,0
3E5S,4083,B,252,GLU,CA,8,30,7,0,13,42,11,0,19,51,17,0,27,76,18,0,31,94,30,0
3E5S,4084,B,252,GLU,C,10,32,8,0,13,44,13,0,20,60,18,0,27,79,26,0,33,96,29,0
3E5S,4085,B,252,GLU,O,10,31,10,0,14,44,13,0,19,61,21,0,28,79,25,0,32,96,34,0
3E5S,4086,B,252,GLU,HN,9,35,8,0,13,44,11,0,22,57,16,0,25,72,17,0,29,93,26,0
3E5S,4087,B,252,GLU,H,8,27,6,0,10,35,9,0,16,47,14,0,22,62,20,0,29,87,26,0
3E5S,4088,B,252,GLU,C,9,29,7,0,12,41,11,0,20,61,17,0,29,82,22,0,35,102,30,0
3E5S,4089,B,252,GLU,C,9,25,5,0,11,34,7,0,14,46,14,0,24,65,20,0,32,89,22,0
3E5S,4090,B,252,GLU,C,9,19,4,0,10,32,9,0,16,45,14,0,24,69,19,0,31,89,24,0
3E5S,4091,B,252,GLU,O,9,23,5,0,13,39,13,0,19,54,17,0,27,75,21,0,37,102,30,0
3E5S,4092,B,252,GLU,O,4,17,5,0,10,24,7,0,14,36,10,0,18,55,16,0,28,78,21,0
3E5S,4093,B,252,GLU,H,9,30,7,0,13,37,12,0,21,60,18,0,30,87,26,0,37,107,33,0
3E5S,4094,B,252,GLU,H,9,31,8,0,15,46,13,0,24,69,18,0,31,84,24,0,35,108,33,0
3E5S,4095,B,252,GLU,H,10,23,5,0,12,33,10,0,14,47,13,0,21,61,18,0,31,76,20,0
3E5S,4096,B,252,GLU,H,7,20,3,0,11,31,8,0,14,43,11,0,19,57,18,0,28,78,23,0
3E5S,4097,B,253,LYS,N,10,37,11,0,14,48,16,0,20,61,22,0,24,82,28,0,30,101,32,0
3E5S,4098,B,253,LYS,CA,11,37,12,0,12,50,16,0,19,64,25,0,22,86,28,0,31,100,30,0
3E5S,4099,B,253,LYS,C,11,39,14,0,15,54,19,0,17,77,26,0,28,90,29,0,34,113,33,0
3E5S,4100,B,253,LYS,O,11,37,12,0,15,54,22,0,20,71,22,0,26,88,28,0,33,111,38,0
3E5S,4101,B,253,LYS,HN,12,37,10,0,14,51,14,0,18,65,21,0,25,81,26,0,29,98,31,0
3E5S,4102,B,253,LYS,H,11,40,11,0,13,49,16,0,17,63,21,0,22,81,27,0,28,101,30,0
3E5S,4103,B,253,LYS,C,9,27,11,0,10,45,15,0,15,56,19,0,20,71,26,0,25,90,28,0
3E5S,4104,B,253,LYS,C,8,24,8,0,10,37,12,0,14,51,16,0,15,63,20,0,23,73,25,0
3E5S,4105,B,253,LYS,C,6,16,8,0,9,29,9,0,11,45,15,0,16,56,19,0,20,62,23,0
3E5S,4106,B,253,LYS,C,5,14,8,0,7,23,12,0,11,39,13,0,15,50,19,0,19,67,25,0
3E5S,4107,B,253,LYS,N,4,13,9,0,6,22,11,0,10,30,14,0,14,46,18,0,18,63,21,0
3E5S,4108,B,253,LYS,H,9,29,12,0,11,43,14,0,15,58,17,0,20,72,25,0,25,91,28,0
3E5S,4109,B,253,LYS,H,9,31,12,0,11,41,15,0,15,55,20,0,20,70,26,0,25,91,32,0
3E5S,4110,B,253,LYS,H,8,26,9,0,12,39,11,0,13,51,16,0,16,64,20,0,20,78,25,0
3E5S,4111,B,253,LYS,H,6,18,8,0,10,28,13,0,13,49,15,0,14,57,19,0,19,71,22,0
3E5S,4112,B,253,LYS,H,7,19,7,0,9,33,9,0,12,44,16,0,15,55,20,0,21,63,23,0
3E5S,4113,B,253,LYS,H,4,15,7,0,8,24,8,0,10,31,11,0,12,50,15,0,18,60,21,0
3E5S,4114,B,253,LYS,H,6,22,10,0,9,28,12,0,13,40,17,0,16,56,22,0,20,71,26,0
3E5S,4115,B,253,LYS,H,4,10,8,0,6,19,10,0,9,29,12,0,13,45,15,0,18,59,24,0
3E5S,4116,B,253,LYS,HN,4,14,8,0,7,21,13,0,8,31,15,0,15,45,19,0,18,68,21,0
3E5S,4117,B,253,LYS,HN,3,8,8,0,4,15,9,0,8,24,12,0,11,41,14,0,17,58,20,0
3E5S,4118,B,253,LYS,HN,4,13,9,0,6,22,11,0,11,32,15,0,14,51,19,0,20,62,21,0
3E5S,4119,B,254,LEU,N,13,44,15,0,19,54,23,0,21,82,28,0,31,103,32,0,38,120,37,0
3E5S,4120,B,254,LEU,CA,13,39,14,0,18,63,21,0,23,86,28,0,31,107,35,0,40,132,41,0
3E5S,4121,B,254,LEU,C,11,48,10,0,15,61,19,0,20,83,25,0,29,103,37,0,40,143,43,0
3E5S,4122,B,254,LEU,O,11,44,11,0,15,61,20,0,20,85,26,0,31,120,33,0,38,142,39,0
3E5S,4123,B,254,LEU,HN,14,43,13,0,18,58,22,0,24,80,26,0,30,104,30,0,37,125,36,0
3E5S,4124,B,254,LEU,H,10,42,12,0,21,63,21,0,24,84,28,0,31,102,37,0,38,136,42,0
3E5S,4125,B,254,LEU,C,15,40,14,0,21,61,20,0,26,90,29,0,33,120,37,0,39,146,40,0
3E5S,4126,B,254,LEU,C,11,37,13,0,23,53,21,0,25,81,26,0,36,112,34,0,41,144,43,0
3E5S,4127,B,254,LEU,C,14,34,13,0,20,46,18,0,27,79,24,0,36,112,31,0,41,146,42,0
3E5S,4128,B,254,LEU,C,13,32,12,0,20,50,19,0,28,77,27,0,34,106,34,0,42,136,41,0
3E5S,4129,B,254,LEU,H,14,40,12,0,21,63,17,0,27,88,29,0,34,118,36,0,41,155,45,0
3E5S,4130,B,254,LEU,H,15,46,16,0,21,68,21,0,27,94,26,0,31,114,34,0,38,150,42,0
3E5S,4131,B,254,LEU,H,14,37,13,0,20,58,20,0,27,72,23,0,31,105,35,0,39,133,38,0
3E5S,4132,B,254,LEU,H,13,29,11,0,18,44,16,0,24,68,22,0,34,100,32,0,41,135,38,0
3E5S,4133,B,254,LEU,H,13,33,14,0,18,49,18,0,27,77,21,0,36,119,34,0,41,148,42,0
3E5S,4134,B,254,LEU,H,15,32,15,0,20,55,18,0,28,81,26,0,33,114,32,0,40,147,39,0
3E5S,4135,B,254,LEU,H,12,25,11,0,18,45,17,0,24,70,24,0,33,97,33,0,38,127,39,0
3E5S,4136,B,254,LEU,H,11,29,11,0,21,55,21,0,29,70,26,0,35,103,35,0,36,132,41,0
3E5S,4137,B,254,LEU,H,10,34,14,0,18,51,19,0,28,78,26,0,34,106,36,0,39,147,43,0
3E5S,4138,B,255,ASN,N,10,46,11,0,12,66,16,0,20,81,25,0,27,108,34,0,40,140,43,0
3E5S,4139,B,255,ASN,CA,8,40,9,0,12,60,15,0,17,80,23,0,26,109,30,0,40,143,37,0
3E5S,4140,B,255,ASN,C,10,39,10,0,13,55,14,0,16,76,19,0,23,99,25,0,33,127,33,0
3E5S,4141,B,255,ASN,O,6,34,10,0,12,49,13,0,13,71,17,0,21,94,22,0,31,116,32,0
3E5S,4142,B,255,ASN,HN,9,47,13,0,13,62,18,0,18,80,23,0,31,108,35,0,39,144,42,0
3E5S,4143,B,255,ASN,H,8,38,11,0,10,59,15,0,17,81,21,0,26,106,27,0,36,132,39,0
3E5S,4144,B,255,ASN,C,7,42,9,0,13,57,16,0,18,88,25,0,31,119,32,0,42,154,38,0
3E5S,4145,B,255,ASN,C,7,40,9,0,12,62,16,0,20,86,24,0,30,124,35,0,44,160,41,0
3E5S,4146,B,255,ASN,O,6,36,12,0,13,60,15,0,22,89,21,0,31,118,31,0,38,159,43,0
3E5S,4147,B,255,ASN,N,7,40,8,0,11,64,16,0,23,91,26,0,34,130,34,0,45,171,44,0
3E5S,4148,B,255,ASN,H,10,36,10,0,13,59,14,0,20,81,23,0,26,115,31,0,38,153,37,0
3E5S,4149,B,255,ASN,H,10,41,10,0,12,64,18,0,20,87,24,0,29,127,31,0,41,162,41,0
3E5S,4150,B,255,ASN,HN,8,39,10,0,13,68,18,0,22,98,23,0,32,127,33,0,42,165,45,0
3E5S,4151,B,255,ASN,HN,7,41,9,0,13,59,16,0,22,91,26,0,32,128,33,0,45,163,43,0
3E5S,4152,B,256,ILE,N,11,37,8,0,13,59,16,0,21,74,20,0,24,99,28,0,32,134,36,0
3E5S,4153,B,256,ILE,CA,11,42,9,0,13,55,13,0,20,66,19,0,22,95,26,0,30,119,31,0
3E5S,4154,B,256,ILE,C,6,33,6,0,13,47,12,0,16,65,18,0,21,79,23,0,27,108,29,0
3E5S,4155,B,256,ILE,O,5,28,5,0,8,41,9,0,15,60,14,0,18,72,20,0,25,92,28,0
3E5S,4156,B,256,ILE,HN,9,41,10,0,14,61,16,0,22,82,21,0,26,110,30,0,39,138,40,0
3E5S,4157,B,256,ILE,H,8,38,7,0,13,49,10,0,17,59,18,0,21,86,23,0,28,113,33,0
3E5S,4158,B,256,ILE,C,9,41,6,0,13,58,12,0,17,76,17,0,26,95,26,0,33,120,38,0
3E5S,4159,B,256,ILE,C,10,39,8,0,13,57,16,0,20,84,21,0,28,101,25,0,37,129,40,0
3E5S,4160,B,256,ILE,C,11,44,7,0,15,60,13,0,19,79,20,0,30,104,29,0,34,123,42,0
3E5S,4161,B,256,ILE,C,9,37,10,0,13,59,14,0,21,85,21,0,28,107,28,0,35,131,43,0
3E5S,4162,B,256,ILE,H,8,36,5,0,11,49,8,0,16,68,19,0,20,90,25,0,30,109,35,0
3E5S,4163,B,256,ILE,H,11,36,9,0,12,60,14,0,19,75,21,0,25,99,27,0,33,121,34,0
3E5S,4164,B,256,ILE,H,11,49,9,0,15,69,17,0,21,86,21,0,32,105,30,0,37,143,42,0
3E5S,4165,B,256,ILE,H,10,43,9,0,16,61,14,0,21,76,19,0,29,99,31,0,33,138,43,0
3E5S,4166,B,256,ILE,H,12,40,10,0,15,64,13,0,24,85,22,0,29,108,29,0,38,139,42,0
3E5S,4167,B,256,ILE,H,9,37,6,0,16,59,14,0,20,75,19,0,25,91,28,0,32,121,38,0
3E5S,4168,B,256,ILE,H,9,40,12,0,16,61,15,0,22,84,21,0,28,113,31,0,37,138,42,0
3E5S,4169,B,256,ILE,H,11,45,11,0,16,63,14,0,23,89,21,0,29,110,33,0,34,143,45,0
3E5S,4170,B,256,ILE,H,9,31,8,0,11,53,13,0,16,79,20,0,28,101,26,0,33,121,39,0
3E5S,4171,B,257,TRP,N,8,30,8,0,12,44,12,0,17,60,18,0,21,87,24,0,29,106,32,0
3E5S,4172,B,257,TRP,CA,8,27,9,0,11,38,12,0,16,59,17,0,20,75,23,0,26,96,29,0
3E5S,4173,B,257,TRP,C,8,27,10,0,12,40,12,0,14,55,17,0,17,65,20,0,24,90,27,0
3E5S,4174,B,257,TRP,O,8,23,9,0,10,37,12,0,13,50,16,0,18,66,20,0,23,83,25,0
3E5S,4175,B,257,TRP,HN,11,34,10,0,12,46,17,0,18,67,20,0,23,94,29,0,31,116,35,0
3E5S,4176,B,257,TRP,H,7,23,8,0,8,32,9,0,14,48,12,0,19,70,22,0,22,86,26,0
3E5S,4177,B,257,TRP,C,10,32,11,0,13,46,15,0,18,61,22,0,24,81,25,0,27,99,30,0
3E5S,4178,B,257,TRP,C,10,31,10,0,13,52,17,0,21,69,21,0,26,89,27,0,28,108,34,0
3E5S,4179,B,257,TRP,C,12,36,15,0,20,63,19,0,24,80,23,0,26,102,29,0,30,115,37,0
3E5S,4180,B,257,TRP,C,5,29,9,0,13,40,14,0,18,61,17,0,23,80,27,0,29,102,32,0
3E5S,4181,B,257,TRP,N,12,39,12,0,20,55,18,0,23,80,23,0,25,101,32,0,37,124,36,0
3E5S,4182,B,257,TRP,C,8,28,10,0,16,45,13,0,20,64,22,0,26,91,27,0,33,111,32,0
3E5S,4183,B,257,TRP,C,4,17,6,0,7,34,11,0,14,45,15,0,19,62,21,0,25,86,28,0
3E5S,4184,B,257,TRP,C,5,26,8,0,11,39,13,0,18,54,19,0,25,83,25,0,34,114,28,0
3E5S,4185,B,257,TRP,C,2,15,4,0,5,23,8,0,9,36,14,0,19,54,19,0,21,78,24,0
3E5S,4186,B,257,TRP,C,4,20,5,0,6,27,9,0,14,39,15,0,19,64,18,0,29,87,26,0
3E5S,4187,B,257,TRP,H,8,29,10,0,13,41,14,0,16,57,18,0,20,72,26,0,26,91,27,0
3E5S,4188,B,257,TRP,H,11,37,12,0,15,49,17,0,20,68,24,0,24,87,27,0,31,108,33,0
3E5S,4189,B,257,TRP,H,13,38,15,0,21,62,19,0,23,89,24,0,28,107,33,0,33,123,38,0
3E5S,4190,B,257,TRP,HN,15,45,13,0,20,61,21,0,24,82,26,0,29,108,31,0,39,137,37,0
3E5S,4191,B,257,TRP,H,4,15,6,0,7,28,9,0,11,44,14,0,20,55,18,0,22,78,22,0
3E5S,4192,B,257,TRP,H,7,33,9,0,12,40,15,0,19,60,19,0,30,87,25,0,35,114,33,0
3E5S,4193,B,257,TRP,H,1,13,3,0,3,16,4,0,6,26,10,0,12,42,14,0,19,58,20,0
3E5S,4194,B,257,TRP,H,3,16,6,0,5,25,7,0,10,36,11,0,17,58,18,0,28,79,23,0
3E5S,4195,B,258,SER,N,8,30,9,0,10,47,12,0,15,60,14,0,21,78,19,0,25,97,29,0
3E5S,4196,B,258,SER,CA,8,27,8,0,8,41,13,0,16,59,15,0,21,80,20,0,27,99,28,0
3E5S,4197,B,258,SER,C,8,21,7,0,8,28,11,0,10,45,12,0,17,69,18,0,21,92,23,0
3E5S,4198,B,258,SER,O,5,16,6,0,8,26,8,0,8,38,12,0,12,53,14,0,19,79,19,0
3E5S,4199,B,258,SER,HN,8,35,10,0,10,49,12,0,15,64,14,0,19,81,20,0,26,106,30,0
3E5S,4200,B,258,SER,H,7,26,11,0,12,45,13,0,17,65,17,0,20,83,20,0,28,96,27,0
3E5S,4201,B,258,SER,C,8,28,9,0,12,47,13,0,16,64,18,0,21,91,23,0,31,113,30,0
3E5S,4202,B,258,SER,OH,6,27,8,0,11,42,11,0,15,65,17,0,21,85,25,0,30,110,30,0
3E5S,4203,B,258,SER,H,8,33,9,0,11,52,15,0,20,74,20,0,25,98,26,0,34,124,34,0
3E5S,4204,B,258,SER,H,11,30,11,0,14,47,13,0,17,63,19,0,23,91,26,0,31,115,34,0
3E5S,4205,B,258,SER,HO,7,30,8,0,12,50,12,0,15,67,17,0,21,87,26,0,29,108,29,0
3E5S,4206,B,258,SER,O,5,16,7,0,9,26,10,0,11,39,14,0,15,63,20,0,22,86,24,0
