PDB,atom_number,Chain ID,Residue ID,Residue Name,atom_name,SASA_Value
3E5S,1,A,1,LEU,N,0.006834929
3E5S,2,A,1,LEU,CA,0.0
3E5S,3,A,1,LEU,C,0.012579462
3E5S,4,A,1,LEU,O,0.2477749
3E5S,5,A,1,LEU,H,0.07521496
3E5S,6,A,1,LEU,H,0.16724268
3E5S,7,A,1,LEU,H,0.2442274
3E5S,8,A,1,LEU,H,0.05663244
3E5S,9,A,1,LEU,C,0.0
3E5S,10,A,1,LEU,C,0.0
3E5S,11,A,1,LEU,C,0.0
3E5S,12,A,1,LEU,C,0.0025158923
3E5S,13,A,1,LEU,H,0.0
3E5S,14,A,1,LEU,H,0.015927874
3E5S,15,A,1,LEU,H,0.0061941734
3E5S,16,A,1,LEU,H,0.0
3E5S,17,A,1,LEU,H,0.0
3E5S,18,A,1,LEU,H,0.0
3E5S,19,A,1,LEU,H,0.0
3E5S,20,A,1,LEU,H,0.04247433
3E5S,21,A,1,LEU,H,0.02831622
3E5S,22,A,2,HIS,N,0.0
3E5S,23,A,2,HIS,CA,0.0
3E5S,24,A,2,HIS,C,0.0
3E5S,25,A,2,HIS,O,0.0033483095
3E5S,26,A,2,HIS,H,0.0008848819
3E5S,27,A,2,HIS,H,0.059287086
3E5S,28,A,2,HIS,C,0.017611247
3E5S,29,A,2,HIS,C,0.05157579
3E5S,30,A,2,HIS,N,0.038731262
3E5S,31,A,2,HIS,C,0.10566747
3E5S,32,A,2,HIS,C,0.11195721
3E5S,33,A,2,HIS,N,0.05012281
3E5S,34,A,2,HIS,H,0.17697638
3E5S,35,A,2,HIS,H,0.14689039
3E5S,36,A,2,HIS,H,0.03716504
3E5S,37,A,2,HIS,H,0.16281827
3E5S,38,A,2,HIS,H,0.017697638
3E5S,39,A,2,HIS,H,0.07786961
3E5S,40,A,3,LYS,N,0.0
3E5S,41,A,3,LYS,CA,0.0
3E5S,42,A,3,LYS,C,0.015095353
3E5S,43,A,3,LYS,O,0.118306935
3E5S,44,A,3,LYS,H,0.06105685
3E5S,45,A,3,LYS,H,0.0
3E5S,46,A,3,LYS,C,0.0
3E5S,47,A,3,LYS,C,0.0
3E5S,48,A,3,LYS,C,0.0
3E5S,49,A,3,LYS,C,0.006289731
3E5S,50,A,3,LYS,N,0.0034174644
3E5S,51,A,3,LYS,H,0.0
3E5S,52,A,3,LYS,H,0.08848819
3E5S,53,A,3,LYS,H,0.005309291
3E5S,54,A,3,LYS,H,0.0
3E5S,55,A,3,LYS,H,0.0
3E5S,56,A,3,LYS,H,0.09202772
3E5S,57,A,3,LYS,H,0.18671007
3E5S,58,A,3,LYS,H,0.0017697638
3E5S,59,A,3,LYS,H,0.18405543
3E5S,60,A,3,LYS,H,0.0
3E5S,61,A,3,LYS,H,0.2052926
3E5S,62,A,4,GLU,N,0.0011391548
3E5S,63,A,4,GLU,CA,0.0012579461
3E5S,64,A,4,GLU,C,0.0050317845
3E5S,65,A,4,GLU,O,0.0
3E5S,66,A,4,GLU,H,0.0
3E5S,67,A,4,GLU,H,0.016812757
3E5S,68,A,4,GLU,C,0.0
3E5S,69,A,4,GLU,C,0.0
3E5S,70,A,4,GLU,C,0.018869191
3E5S,71,A,4,GLU,O,0.0055805156
3E5S,72,A,4,GLU,O,0.068082295
3E5S,73,A,4,GLU,H,0.01415811
3E5S,74,A,4,GLU,H,0.0
3E5S,75,A,4,GLU,H,0.0
3E5S,76,A,4,GLU,H,0.076984726
3E5S,77,A,5,PRO,N,0.0
3E5S,78,A,5,PRO,CA,0.0
3E5S,79,A,5,PRO,C,0.0012579461
3E5S,80,A,5,PRO,O,0.041295815
3E5S,81,A,5,PRO,H,0.0
3E5S,82,A,5,PRO,C,0.018869191
3E5S,83,A,5,PRO,C,0.025158923
3E5S,84,A,5,PRO,C,0.012579462
3E5S,85,A,5,PRO,H,0.17520662
3E5S,86,A,5,PRO,H,0.15750897
3E5S,87,A,5,PRO,H,0.099106774
3E5S,88,A,5,PRO,H,0.2592704
3E5S,89,A,5,PRO,H,0.14777528
3E5S,90,A,5,PRO,H,0.15927874
3E5S,91,A,6,ALA,N,0.0034174644
3E5S,92,A,6,ALA,CA,0.0
3E5S,93,A,6,ALA,C,0.0037738383
3E5S,94,A,6,ALA,O,0.02455427
3E5S,95,A,6,ALA,H,0.0026546456
3E5S,96,A,6,ALA,H,0.030085985
3E5S,97,A,6,ALA,C,0.0
3E5S,98,A,6,ALA,H,0.0
3E5S,99,A,6,ALA,H,0.0
3E5S,100,A,6,ALA,H,0.0
3E5S,101,A,7,THR,N,0.0
3E5S,102,A,7,THR,CA,0.0
3E5S,103,A,7,THR,C,0.0
3E5S,104,A,7,THR,O,0.0
3E5S,105,A,7,THR,H,0.0
3E5S,106,A,7,THR,H,0.024776693
3E5S,107,A,7,THR,C,0.0
3E5S,108,A,7,THR,OH,0.0022322063
3E5S,109,A,7,THR,C,0.056607574
3E5S,110,A,7,THR,H,0.12299858
3E5S,111,A,7,THR,HO,0.109725356
3E5S,112,A,7,THR,H,0.24157275
3E5S,113,A,7,THR,H,0.15308456
3E5S,114,A,7,THR,H,0.20617747
3E5S,115,A,8,LEU,N,0.0
3E5S,116,A,8,LEU,CA,0.0
3E5S,117,A,8,LEU,C,0.0
3E5S,118,A,8,LEU,O,0.216524
3E5S,119,A,8,LEU,H,0.06725103
3E5S,120,A,8,LEU,H,0.0
3E5S,121,A,8,LEU,C,0.0
3E5S,122,A,8,LEU,C,0.0
3E5S,123,A,8,LEU,C,0.0
3E5S,124,A,8,LEU,C,0.0037738383
3E5S,125,A,8,LEU,H,0.101761416
3E5S,126,A,8,LEU,H,0.0035395275
3E5S,127,A,8,LEU,H,0.0008848819
3E5S,128,A,8,LEU,H,0.0
3E5S,129,A,8,LEU,H,0.0
3E5S,130,A,8,LEU,H,0.0
3E5S,131,A,8,LEU,H,0.0008848819
3E5S,132,A,8,LEU,H,0.11326488
3E5S,133,A,8,LEU,H,0.0
3E5S,134,A,9,ILE,N,0.0
3E5S,135,A,9,ILE,CA,0.0
3E5S,136,A,9,ILE,C,0.0
3E5S,137,A,9,ILE,O,0.26786476
3E5S,138,A,9,ILE,H,0.0
3E5S,139,A,9,ILE,H,0.054862678
3E5S,140,A,9,ILE,C,0.0
3E5S,141,A,9,ILE,C,0.0
3E5S,142,A,9,ILE,C,0.036480438
3E5S,143,A,9,ILE,C,0.0
3E5S,144,A,9,ILE,H,0.0
3E5S,145,A,9,ILE,H,0.0
3E5S,146,A,9,ILE,H,0.06459638
3E5S,147,A,9,ILE,H,0.06194173
3E5S,148,A,9,ILE,H,0.19201937
3E5S,149,A,9,ILE,H,0.043359213
3E5S,150,A,9,ILE,H,0.0
3E5S,151,A,9,ILE,H,0.053977795
3E5S,152,A,9,ILE,H,0.0
3E5S,153,A,10,LYS,N,0.0
3E5S,154,A,10,LYS,CA,0.0
3E5S,155,A,10,LYS,C,0.0
3E5S,156,A,10,LYS,O,0.0
3E5S,157,A,10,LYS,H,0.0
3E5S,158,A,10,LYS,H,0.034510393
3E5S,159,A,10,LYS,C,0.0
3E5S,160,A,10,LYS,C,0.0
3E5S,161,A,10,LYS,C,0.0
3E5S,162,A,10,LYS,C,0.0
3E5S,163,A,10,LYS,N,0.009113238
3E5S,164,A,10,LYS,H,0.0
3E5S,165,A,10,LYS,H,0.07609984
3E5S,166,A,10,LYS,H,0.10795559
3E5S,167,A,10,LYS,H,0.0
3E5S,168,A,10,LYS,H,0.06194173
3E5S,169,A,10,LYS,H,0.15927874
3E5S,170,A,10,LYS,H,0.01858252
3E5S,171,A,10,LYS,H,0.0044244095
3E5S,172,A,10,LYS,H,0.13450205
3E5S,173,A,10,LYS,H,0.17697638
3E5S,174,A,10,LYS,H,0.21414141
3E5S,175,A,11,ALA,N,0.0
3E5S,176,A,11,ALA,CA,0.0
3E5S,177,A,11,ALA,C,0.0
3E5S,178,A,11,ALA,O,0.01785765
3E5S,179,A,11,ALA,H,0.007079055
3E5S,180,A,11,ALA,H,0.0
3E5S,181,A,11,ALA,C,0.0
3E5S,182,A,11,ALA,H,0.0
3E5S,183,A,11,ALA,H,0.0017697638
3E5S,184,A,11,ALA,H,0.0
3E5S,185,A,12,ILE,N,0.0
3E5S,186,A,12,ILE,CA,0.0
3E5S,187,A,12,ILE,C,0.0
3E5S,188,A,12,ILE,O,0.053572953
3E5S,189,A,12,ILE,H,0.0
3E5S,190,A,12,ILE,H,0.0
3E5S,191,A,12,ILE,C,0.0
3E5S,192,A,12,ILE,C,0.0
3E5S,193,A,12,ILE,C,0.03899633
3E5S,194,A,12,ILE,C,0.011321515
3E5S,195,A,12,ILE,H,0.0
3E5S,196,A,12,ILE,H,0.0
3E5S,197,A,12,ILE,H,0.045128975
3E5S,198,A,12,ILE,H,0.1026463
3E5S,199,A,12,ILE,H,0.12299858
3E5S,200,A,12,ILE,H,0.02389181
3E5S,201,A,12,ILE,H,0.0044244095
3E5S,202,A,12,ILE,H,0.08052425
3E5S,203,A,12,ILE,H,0.0
3E5S,204,A,13,ASP,N,0.0
3E5S,205,A,13,ASP,CA,0.0
3E5S,206,A,13,ASP,C,0.0
3E5S,207,A,13,ASP,O,0.0
3E5S,208,A,13,ASP,H,0.0
3E5S,209,A,13,ASP,H,0.0035395275
3E5S,210,A,13,ASP,C,0.008805623
3E5S,211,A,13,ASP,C,0.028932761
3E5S,212,A,13,ASP,O,0.0
3E5S,213,A,13,ASP,O,0.2444266
3E5S,214,A,13,ASP,H,0.111495115
3E5S,215,A,13,ASP,H,0.10618582
3E5S,216,A,14,GLY,N,0.0
3E5S,217,A,14,GLY,CA,0.0
3E5S,218,A,14,GLY,C,0.0
3E5S,219,A,14,GLY,O,0.0
3E5S,220,A,14,GLY,H,0.063711494
3E5S,221,A,14,GLY,H,0.0
3E5S,222,A,14,GLY,H,0.0035395275
3E5S,223,A,15,ASP,N,0.0
3E5S,224,A,15,ASP,CA,0.0
3E5S,225,A,15,ASP,C,0.0
3E5S,226,A,15,ASP,O,0.0
3E5S,227,A,15,ASP,H,0.0008848819
3E5S,228,A,15,ASP,H,0.0
3E5S,229,A,15,ASP,C,0.0
3E5S,230,A,15,ASP,C,0.0
3E5S,231,A,15,ASP,O,0.0
3E5S,232,A,15,ASP,O,0.030134784
3E5S,233,A,15,ASP,H,0.0
3E5S,234,A,15,ASP,H,0.069020785
3E5S,235,A,16,THR,N,0.0
3E5S,236,A,16,THR,CA,0.0
3E5S,237,A,16,THR,C,0.0
3E5S,238,A,16,THR,O,0.0
3E5S,239,A,16,THR,H,0.0
3E5S,240,A,16,THR,H,0.0
3E5S,241,A,16,THR,C,0.0
3E5S,242,A,16,THR,OH,0.007812722
3E5S,243,A,16,THR,C,0.0012579461
3E5S,244,A,16,THR,H,0.0
3E5S,245,A,16,THR,HO,0.0
3E5S,246,A,16,THR,H,0.052208032
3E5S,247,A,16,THR,H,0.025661575
3E5S,248,A,16,THR,H,0.0
3E5S,249,A,17,VAL,N,0.0
3E5S,250,A,17,VAL,CA,0.0
3E5S,251,A,17,VAL,C,0.0
3E5S,252,A,17,VAL,O,0.0
3E5S,253,A,17,VAL,H,0.0
3E5S,254,A,17,VAL,H,0.0
3E5S,255,A,17,VAL,C,0.0
3E5S,256,A,17,VAL,C,0.0
3E5S,257,A,17,VAL,C,0.0
3E5S,258,A,17,VAL,H,0.0
3E5S,259,A,17,VAL,H,0.0
3E5S,260,A,17,VAL,H,0.0
3E5S,261,A,17,VAL,H,0.0
3E5S,262,A,17,VAL,H,0.0
3E5S,263,A,17,VAL,H,0.0
3E5S,264,A,17,VAL,H,0.0
3E5S,265,A,18,LYS,N,0.0
3E5S,266,A,18,LYS,CA,0.0
3E5S,267,A,18,LYS,C,0.0
3E5S,268,A,18,LYS,O,0.0
3E5S,269,A,18,LYS,H,0.0
3E5S,270,A,18,LYS,H,0.0
3E5S,271,A,18,LYS,C,0.0
3E5S,272,A,18,LYS,C,0.0
3E5S,273,A,18,LYS,C,0.0075476766
3E5S,274,A,18,LYS,C,0.011321515
3E5S,275,A,18,LYS,N,0.006834929
3E5S,276,A,18,LYS,H,0.0
3E5S,277,A,18,LYS,H,0.0008848819
3E5S,278,A,18,LYS,H,0.0
3E5S,279,A,18,LYS,H,0.0
3E5S,280,A,18,LYS,H,0.035395276
3E5S,281,A,18,LYS,H,0.06725103
3E5S,282,A,18,LYS,H,0.2344937
3E5S,283,A,18,LYS,H,0.019467402
3E5S,284,A,18,LYS,H,0.2636948
3E5S,285,A,18,LYS,H,0.058402203
3E5S,286,A,18,LYS,H,0.17963102
3E5S,287,A,19,LEU,N,0.0
3E5S,288,A,19,LEU,CA,0.0
3E5S,289,A,19,LEU,C,0.0
3E5S,290,A,19,LEU,O,0.0
3E5S,291,A,19,LEU,H,0.0
3E5S,292,A,19,LEU,H,0.0
3E5S,293,A,19,LEU,C,0.0
3E5S,294,A,19,LEU,C,0.0
3E5S,295,A,19,LEU,C,0.0
3E5S,296,A,19,LEU,C,0.0
3E5S,297,A,19,LEU,H,0.0
3E5S,298,A,19,LEU,H,0.0
3E5S,299,A,19,LEU,H,0.0
3E5S,300,A,19,LEU,H,0.0
3E5S,301,A,19,LEU,H,0.0
3E5S,302,A,19,LEU,H,0.0
3E5S,303,A,19,LEU,H,0.0
3E5S,304,A,19,LEU,H,0.0
3E5S,305,A,19,LEU,H,0.0
3E5S,306,A,20,MET,N,0.0
3E5S,307,A,20,MET,CA,0.0
3E5S,308,A,20,MET,C,0.0
3E5S,309,A,20,MET,O,0.016741548
3E5S,310,A,20,MET,H,0.0
3E5S,311,A,20,MET,H,0.0
3E5S,312,A,20,MET,C,0.0
3E5S,313,A,20,MET,C,0.0
3E5S,314,A,20,MET,S,0.25333804
3E5S,315,A,20,MET,C,0.074218825
3E5S,316,A,20,MET,H,0.0017697638
3E5S,317,A,20,MET,H,0.0
3E5S,318,A,20,MET,H,0.0
3E5S,319,A,20,MET,H,0.01415811
3E5S,320,A,20,MET,H,0.28139243
3E5S,321,A,20,MET,H,0.076984726
3E5S,322,A,20,MET,H,0.096452124
3E5S,323,A,21,TYR,N,0.0
3E5S,324,A,21,TYR,CA,0.0
3E5S,325,A,21,TYR,C,0.0
3E5S,326,A,21,TYR,O,0.0
3E5S,327,A,21,TYR,H,0.0
3E5S,328,A,21,TYR,H,0.0
3E5S,329,A,21,TYR,C,0.0
3E5S,330,A,21,TYR,C,0.0
3E5S,331,A,21,TYR,C,0.0
3E5S,332,A,21,TYR,C,0.0
3E5S,333,A,21,TYR,C,0.0
3E5S,334,A,21,TYR,C,0.0
3E5S,335,A,21,TYR,C,0.0
3E5S,336,A,21,TYR,OH,0.0
3E5S,337,A,21,TYR,H,0.0
3E5S,338,A,21,TYR,H,0.0
3E5S,339,A,21,TYR,H,0.0
3E5S,340,A,21,TYR,H,0.0
3E5S,341,A,21,TYR,H,0.0
3E5S,342,A,21,TYR,H,0.08937307
3E5S,343,A,21,TYR,HO,0.07521496
3E5S,344,A,22,LYS,N,0.0
3E5S,345,A,22,LYS,CA,0.0
3E5S,346,A,22,LYS,C,0.028932761
3E5S,347,A,22,LYS,O,0.118306935
3E5S,348,A,22,LYS,H,0.04247433
3E5S,349,A,22,LYS,H,0.1513148
3E5S,350,A,22,LYS,C,0.0
3E5S,351,A,22,LYS,C,0.0012579461
3E5S,352,A,22,LYS,C,0.0075476766
3E5S,353,A,22,LYS,C,0.015095353
3E5S,354,A,22,LYS,N,0.0
3E5S,355,A,22,LYS,H,0.12742299
3E5S,356,A,22,LYS,H,0.053977795
3E5S,357,A,22,LYS,H,0.0061941734
3E5S,358,A,22,LYS,H,0.096452124
3E5S,359,A,22,LYS,H,0.17697638
3E5S,360,A,22,LYS,H,0.025661575
3E5S,361,A,22,LYS,H,0.22210535
3E5S,362,A,22,LYS,H,0.1805159
3E5S,363,A,22,LYS,H,0.19644378
3E5S,364,A,22,LYS,H,0.0
3E5S,365,A,22,LYS,H,0.1026463
3E5S,366,A,23,GLY,N,0.017087322
3E5S,367,A,23,GLY,CA,0.013837407
3E5S,368,A,23,GLY,C,0.0
3E5S,369,A,23,GLY,O,0.20424688
3E5S,370,A,23,GLY,H,0.10087653
3E5S,371,A,23,GLY,H,0.08229402
3E5S,372,A,23,GLY,H,0.17963102
3E5S,373,A,24,GLN,N,0.0
3E5S,374,A,24,GLN,CA,0.0
3E5S,375,A,24,GLN,C,0.0
3E5S,376,A,24,GLN,O,0.0
3E5S,377,A,24,GLN,H,0.0
3E5S,378,A,24,GLN,H,0.0035395275
3E5S,379,A,24,GLN,C,0.0075476766
3E5S,380,A,24,GLN,C,0.0025158923
3E5S,381,A,24,GLN,C,0.036480438
3E5S,382,A,24,GLN,O,0.30023175
3E5S,383,A,24,GLN,N,0.08999322
3E5S,384,A,24,GLN,H,0.08229402
3E5S,385,A,24,GLN,H,0.017697638
3E5S,386,A,24,GLN,H,0.23360881
3E5S,387,A,24,GLN,H,0.0008848819
3E5S,388,A,24,GLN,H,0.17609149
3E5S,389,A,24,GLN,H,0.2982052
3E5S,390,A,25,PRO,N,0.0
3E5S,391,A,25,PRO,CA,0.0
3E5S,392,A,25,PRO,C,0.0
3E5S,393,A,25,PRO,O,0.15625444
3E5S,394,A,25,PRO,H,0.0
3E5S,395,A,25,PRO,C,0.011321515
3E5S,396,A,25,PRO,C,0.02264303
3E5S,397,A,25,PRO,C,0.012579462
3E5S,398,A,25,PRO,H,0.059287086
3E5S,399,A,25,PRO,H,0.0008848819
3E5S,400,A,25,PRO,H,0.2583855
3E5S,401,A,25,PRO,H,0.13273229
3E5S,402,A,25,PRO,H,0.11326488
3E5S,403,A,25,PRO,H,0.052208032
3E5S,404,A,26,MET,N,0.0
3E5S,405,A,26,MET,CA,0.0
3E5S,406,A,26,MET,C,0.0
3E5S,407,A,26,MET,O,0.0
3E5S,408,A,26,MET,H,0.0
3E5S,409,A,26,MET,H,0.05663244
3E5S,410,A,26,MET,C,0.0
3E5S,411,A,26,MET,C,0.0
3E5S,412,A,26,MET,S,0.06433982
3E5S,413,A,26,MET,C,0.074218825
3E5S,414,A,26,MET,H,0.0
3E5S,415,A,26,MET,H,0.0008848819
3E5S,416,A,26,MET,H,0.05309291
3E5S,417,A,26,MET,H,0.0
3E5S,418,A,26,MET,H,0.16193338
3E5S,419,A,26,MET,H,0.013273228
3E5S,420,A,26,MET,H,0.20617747
3E5S,421,A,27,THR,N,0.0
3E5S,422,A,27,THR,CA,0.0
3E5S,423,A,27,THR,C,0.0
3E5S,424,A,27,THR,O,0.0
3E5S,425,A,27,THR,H,0.052208032
3E5S,426,A,27,THR,H,0.0
3E5S,427,A,27,THR,C,0.0
3E5S,428,A,27,THR,OH,0.008928825
3E5S,429,A,27,THR,C,0.0
3E5S,430,A,27,THR,H,0.057517324
3E5S,431,A,27,THR,HO,0.16901244
3E5S,432,A,27,THR,H,0.09202772
3E5S,433,A,27,THR,H,0.0
3E5S,434,A,27,THR,H,0.0
3E5S,435,A,28,PHE,N,0.0
3E5S,436,A,28,PHE,CA,0.0
3E5S,437,A,28,PHE,C,0.0
3E5S,438,A,28,PHE,O,0.0
3E5S,439,A,28,PHE,H,0.0
3E5S,440,A,28,PHE,H,0.0
3E5S,441,A,28,PHE,C,0.0
3E5S,442,A,28,PHE,C,0.0
3E5S,443,A,28,PHE,C,0.0
3E5S,444,A,28,PHE,C,0.0
3E5S,445,A,28,PHE,C,0.0
3E5S,446,A,28,PHE,C,0.0
3E5S,447,A,28,PHE,C,0.0
3E5S,448,A,28,PHE,H,0.0
3E5S,449,A,28,PHE,H,0.0
3E5S,450,A,28,PHE,H,0.0
3E5S,451,A,28,PHE,H,0.0
3E5S,452,A,28,PHE,H,0.0
3E5S,453,A,28,PHE,H,0.0
3E5S,454,A,28,PHE,H,0.0
3E5S,455,A,29,ARG,N,0.0
3E5S,456,A,29,ARG,CA,0.0
3E5S,457,A,29,ARG,C,0.0
3E5S,458,A,29,ARG,O,0.0
3E5S,459,A,29,ARG,H,0.0
3E5S,460,A,29,ARG,H,0.0
3E5S,461,A,29,ARG,C,0.0
3E5S,462,A,29,ARG,C,0.0
3E5S,463,A,29,ARG,C,0.0
3E5S,464,A,29,ARG,N,0.0056957738
3E5S,465,A,29,ARG,C,0.028932761
3E5S,466,A,29,ARG,N,0.010252393
3E5S,467,A,29,ARG,N,0.0034174644
3E5S,468,A,29,ARG,H,0.0
3E5S,469,A,29,ARG,H,0.0
3E5S,470,A,29,ARG,H,0.019467402
3E5S,471,A,29,ARG,H,0.04778362
3E5S,472,A,29,ARG,H,0.0
3E5S,473,A,29,ARG,H,0.0
3E5S,474,A,29,ARG,H,0.057517324
3E5S,475,A,29,ARG,H,0.0
3E5S,476,A,29,ARG,H,0.0
3E5S,477,A,29,ARG,H,0.06990567
3E5S,478,A,29,ARG,H,0.0
3E5S,479,A,30,LEU,N,0.0
3E5S,480,A,30,LEU,CA,0.0
3E5S,481,A,30,LEU,C,0.0
3E5S,482,A,30,LEU,O,0.007812722
3E5S,483,A,30,LEU,H,0.0
3E5S,484,A,30,LEU,H,0.0
3E5S,485,A,30,LEU,C,0.0
3E5S,486,A,30,LEU,C,0.0
3E5S,487,A,30,LEU,C,0.0
3E5S,488,A,30,LEU,C,0.0
3E5S,489,A,30,LEU,H,0.0
3E5S,490,A,30,LEU,H,0.0
3E5S,491,A,30,LEU,H,0.0
3E5S,492,A,30,LEU,H,0.0
3E5S,493,A,30,LEU,H,0.0
3E5S,494,A,30,LEU,H,0.0
3E5S,495,A,30,LEU,H,0.0
3E5S,496,A,30,LEU,H,0.0
3E5S,497,A,30,LEU,H,0.0
3E5S,498,A,31,LEU,N,0.0
3E5S,499,A,31,LEU,CA,0.0
3E5S,500,A,31,LEU,C,0.0
3E5S,501,A,31,LEU,O,0.0
3E5S,502,A,31,LEU,H,0.0
3E5S,503,A,31,LEU,H,0.015042992
3E5S,504,A,31,LEU,C,0.0
3E5S,505,A,31,LEU,C,0.0
3E5S,506,A,31,LEU,C,0.0
3E5S,507,A,31,LEU,C,0.0
3E5S,508,A,31,LEU,H,0.0
3E5S,509,A,31,LEU,H,0.0
3E5S,510,A,31,LEU,H,0.0
3E5S,511,A,31,LEU,H,0.0
3E5S,512,A,31,LEU,H,0.0
3E5S,513,A,31,LEU,H,0.0
3E5S,514,A,31,LEU,H,0.0
3E5S,515,A,31,LEU,H,0.024776693
3E5S,516,A,31,LEU,H,0.0
3E5S,517,A,32,LEU,N,0.0
3E5S,518,A,32,LEU,CA,0.0
3E5S,519,A,32,LEU,C,0.0
3E5S,520,A,32,LEU,O,0.0
3E5S,521,A,32,LEU,H,0.007079055
3E5S,522,A,32,LEU,H,0.0
3E5S,523,A,32,LEU,C,0.0
3E5S,524,A,32,LEU,C,0.0
3E5S,525,A,32,LEU,C,0.0
3E5S,526,A,32,LEU,C,0.0
3E5S,527,A,32,LEU,H,0.0
3E5S,528,A,32,LEU,H,0.0
3E5S,529,A,32,LEU,H,0.0
3E5S,530,A,32,LEU,H,0.0
3E5S,531,A,32,LEU,H,0.0
3E5S,532,A,32,LEU,H,0.0
3E5S,533,A,32,LEU,H,0.0
3E5S,534,A,32,LEU,H,0.0
3E5S,535,A,32,LEU,H,0.0
3E5S,536,A,33,VAL,N,0.0
3E5S,537,A,33,VAL,CA,0.0
3E5S,538,A,33,VAL,C,0.0
3E5S,539,A,33,VAL,O,0.0
3E5S,540,A,33,VAL,H,0.0
3E5S,541,A,33,VAL,H,0.0
3E5S,542,A,33,VAL,C,0.0
3E5S,543,A,33,VAL,C,0.0
3E5S,544,A,33,VAL,C,0.0
3E5S,545,A,33,VAL,H,0.0
3E5S,546,A,33,VAL,H,0.0
3E5S,547,A,33,VAL,H,0.0
3E5S,548,A,33,VAL,H,0.0
3E5S,549,A,33,VAL,H,0.0
3E5S,550,A,33,VAL,H,0.0
3E5S,551,A,33,VAL,H,0.0
3E5S,552,A,34,ASP,N,0.0
3E5S,553,A,34,ASP,CA,0.0
3E5S,554,A,34,ASP,C,0.0
3E5S,555,A,34,ASP,O,0.0044644126
3E5S,556,A,34,ASP,H,0.0
3E5S,557,A,34,ASP,H,0.0
3E5S,558,A,34,ASP,C,0.0
3E5S,559,A,34,ASP,C,0.0025158923
3E5S,560,A,34,ASP,O,0.015625443
3E5S,561,A,34,ASP,O,0.29018682
3E5S,562,A,34,ASP,H,0.010618582
3E5S,563,A,34,ASP,H,0.0
3E5S,564,A,35,THR,N,0.0
3E5S,565,A,35,THR,CA,0.0
3E5S,566,A,35,THR,C,0.011321515
3E5S,567,A,35,THR,O,0.0033483095
3E5S,568,A,35,THR,H,0.0
3E5S,569,A,35,THR,H,0.0
3E5S,570,A,35,THR,C,0.0
3E5S,571,A,35,THR,OH,0.0
3E5S,572,A,35,THR,C,0.0037738383
3E5S,573,A,35,THR,H,0.007079055
3E5S,574,A,35,THR,HO,0.0
3E5S,575,A,35,THR,H,0.0008848819
3E5S,576,A,35,THR,H,0.0
3E5S,577,A,35,THR,H,0.0008848819
3E5S,578,A,36,PRO,N,0.0034174644
3E5S,579,A,36,PRO,CA,0.0
3E5S,580,A,36,PRO,C,0.0
3E5S,581,A,36,PRO,O,0.027902579
3E5S,582,A,36,PRO,H,0.06105685
3E5S,583,A,36,PRO,C,0.0
3E5S,584,A,36,PRO,C,0.0
3E5S,585,A,36,PRO,C,0.0
3E5S,586,A,36,PRO,H,0.11857417
3E5S,587,A,36,PRO,H,0.0
3E5S,588,A,36,PRO,H,0.0
3E5S,589,A,36,PRO,H,0.0
3E5S,590,A,36,PRO,H,0.015042992
3E5S,591,A,36,PRO,H,0.0
3E5S,592,A,37,GLU,N,0.0
3E5S,593,A,37,GLU,CA,0.0
3E5S,594,A,37,GLU,C,0.0
3E5S,595,A,37,GLU,O,0.0
3E5S,596,A,37,GLU,H,0.0
3E5S,597,A,37,GLU,H,0.03716504
3E5S,598,A,37,GLU,C,0.0
3E5S,599,A,37,GLU,C,0.008805623
3E5S,600,A,37,GLU,C,0.049059898
3E5S,601,A,37,GLU,O,0.2098274
3E5S,602,A,37,GLU,O,0.20759518
3E5S,603,A,37,GLU,H,0.10795559
3E5S,604,A,37,GLU,H,0.0061941734
3E5S,605,A,37,GLU,H,0.24157275
3E5S,606,A,37,GLU,H,0.035395276
3E5S,607,A,38,PHE,N,0.009113238
3E5S,608,A,38,PHE,CA,0.0
3E5S,609,A,38,PHE,C,0.0
3E5S,610,A,38,PHE,O,0.0
3E5S,611,A,38,PHE,H,0.076984726
3E5S,612,A,38,PHE,H,0.0035395275
3E5S,613,A,38,PHE,C,0.006289731
3E5S,614,A,38,PHE,C,0.013837407
3E5S,615,A,38,PHE,C,0.010063569
3E5S,616,A,38,PHE,C,0.017611247
3E5S,617,A,38,PHE,C,0.0
3E5S,618,A,38,PHE,C,0.0
3E5S,619,A,38,PHE,C,0.0
3E5S,620,A,38,PHE,H,0.11591953
3E5S,621,A,38,PHE,H,0.11238
3E5S,622,A,38,PHE,H,0.0008848819
3E5S,623,A,38,PHE,H,0.0026546456
3E5S,624,A,38,PHE,H,0.015042992
3E5S,625,A,38,PHE,H,0.0
3E5S,626,A,38,PHE,H,0.0
3E5S,627,A,39,ASN,N,0.0
3E5S,628,A,39,ASN,CA,0.0
3E5S,629,A,39,ASN,C,0.0
3E5S,630,A,39,ASN,O,0.014509341
3E5S,631,A,39,ASN,H,0.0061941734
3E5S,632,A,39,ASN,H,0.0
3E5S,633,A,39,ASN,C,0.0075476766
3E5S,634,A,39,ASN,C,0.04528606
3E5S,635,A,39,ASN,O,0.39733273
3E5S,636,A,39,ASN,N,0.060375202
3E5S,637,A,39,ASN,H,0.035395276
3E5S,638,A,39,ASN,H,0.071675435
3E5S,639,A,39,ASN,H,0.06194173
3E5S,640,A,39,ASN,H,0.1999833
3E5S,641,A,40,GLU,N,0.0
3E5S,642,A,40,GLU,CA,0.0
3E5S,643,A,40,GLU,C,0.0025158923
3E5S,644,A,40,GLU,O,0.0
3E5S,645,A,40,GLU,H,0.0
3E5S,646,A,40,GLU,H,0.09379748
3E5S,647,A,40,GLU,C,0.0
3E5S,648,A,40,GLU,C,0.0025158923
3E5S,649,A,40,GLU,C,0.040254276
3E5S,650,A,40,GLU,O,0.0703145
3E5S,651,A,40,GLU,O,0.43862852
3E5S,652,A,40,GLU,H,0.053977795
3E5S,653,A,40,GLU,H,0.0
3E5S,654,A,40,GLU,H,0.011503465
3E5S,655,A,40,GLU,H,0.17609149
3E5S,656,A,41,LYS,N,0.007974084
3E5S,657,A,41,LYS,CA,0.0
3E5S,658,A,41,LYS,C,0.0
3E5S,659,A,41,LYS,O,0.030134784
3E5S,660,A,41,LYS,H,0.076984726
3E5S,661,A,41,LYS,H,0.0026546456
3E5S,662,A,41,LYS,C,0.0
3E5S,663,A,41,LYS,C,0.006289731
3E5S,664,A,41,LYS,C,0.015095353
3E5S,665,A,41,LYS,C,0.018869191
3E5S,666,A,41,LYS,N,0.0011391548
3E5S,667,A,41,LYS,H,0.0
3E5S,668,A,41,LYS,H,0.13273229
3E5S,669,A,41,LYS,H,0.19113448
3E5S,670,A,41,LYS,H,0.096452124
3E5S,671,A,41,LYS,H,0.17874613
3E5S,672,A,41,LYS,H,0.22741464
3E5S,673,A,41,LYS,H,0.23183906
3E5S,674,A,41,LYS,H,0.18228567
3E5S,675,A,41,LYS,H,0.111495115
3E5S,676,A,41,LYS,H,0.15219969
3E5S,677,A,41,LYS,H,0.0
3E5S,678,A,42,TYR,N,0.0
3E5S,679,A,42,TYR,CA,0.0
3E5S,680,A,42,TYR,C,0.0
3E5S,681,A,42,TYR,O,0.0
3E5S,682,A,42,TYR,H,0.045128975
3E5S,683,A,42,TYR,H,0.0
3E5S,684,A,42,TYR,C,0.0
3E5S,685,A,42,TYR,C,0.0
3E5S,686,A,42,TYR,C,0.010063569
3E5S,687,A,42,TYR,C,0.0
3E5S,688,A,42,TYR,C,0.050317846
3E5S,689,A,42,TYR,C,0.0
3E5S,690,A,42,TYR,C,0.0
3E5S,691,A,42,TYR,OH,0.11942304
3E5S,692,A,42,TYR,H,0.0
3E5S,693,A,42,TYR,H,0.0
3E5S,694,A,42,TYR,H,0.0
3E5S,695,A,42,TYR,H,0.04158945
3E5S,696,A,42,TYR,H,0.10795559
3E5S,697,A,42,TYR,H,0.03274063
3E5S,698,A,42,TYR,HO,0.0
3E5S,699,A,43,GLY,N,0.0
3E5S,700,A,43,GLY,CA,0.0
3E5S,701,A,43,GLY,C,0.0
3E5S,702,A,43,GLY,O,0.0033483095
3E5S,703,A,43,GLY,H,0.0
3E5S,704,A,43,GLY,H,0.0
3E5S,705,A,43,GLY,H,0.0
3E5S,706,A,44,PRO,N,0.0
3E5S,707,A,44,PRO,CA,0.0
3E5S,708,A,44,PRO,C,0.0
3E5S,709,A,44,PRO,O,0.007812722
3E5S,710,A,44,PRO,H,0.0
3E5S,711,A,44,PRO,C,0.0
3E5S,712,A,44,PRO,C,0.0
3E5S,713,A,44,PRO,C,0.0
3E5S,714,A,44,PRO,H,0.0026546456
3E5S,715,A,44,PRO,H,0.0
3E5S,716,A,44,PRO,H,0.0
3E5S,717,A,44,PRO,H,0.013273228
3E5S,718,A,44,PRO,H,0.0
3E5S,719,A,44,PRO,H,0.0
3E5S,720,A,45,GLU,N,0.0
3E5S,721,A,45,GLU,CA,0.0
3E5S,722,A,45,GLU,C,0.0
3E5S,723,A,45,GLU,O,0.02455427
3E5S,724,A,45,GLU,H,0.0
3E5S,725,A,45,GLU,H,0.034510393
3E5S,726,A,45,GLU,C,0.0
3E5S,727,A,45,GLU,C,0.006289731
3E5S,728,A,45,GLU,C,0.0
3E5S,729,A,45,GLU,O,0.0
3E5S,730,A,45,GLU,O,0.37612677
3E5S,731,A,45,GLU,H,0.10087653
3E5S,732,A,45,GLU,H,0.0
3E5S,733,A,45,GLU,H,0.09556724
3E5S,734,A,45,GLU,H,0.14335087
3E5S,735,A,46,ALA,N,0.0
3E5S,736,A,46,ALA,CA,0.0
3E5S,737,A,46,ALA,C,0.0
3E5S,738,A,46,ALA,O,0.0
3E5S,739,A,46,ALA,H,0.0
3E5S,740,A,46,ALA,H,0.0
3E5S,741,A,46,ALA,C,0.0
3E5S,742,A,46,ALA,H,0.0
3E5S,743,A,46,ALA,H,0.0
3E5S,744,A,46,ALA,H,0.0
3E5S,745,A,47,SER,N,0.0
3E5S,746,A,47,SER,CA,0.0
3E5S,747,A,47,SER,C,0.0
3E5S,748,A,47,SER,O,0.0
3E5S,749,A,47,SER,H,0.0
3E5S,750,A,47,SER,H,0.0
3E5S,751,A,47,SER,C,0.0
3E5S,752,A,47,SER,OH,0.006696619
3E5S,753,A,47,SER,H,0.008848819
3E5S,754,A,47,SER,H,0.024776693
3E5S,755,A,47,SER,HO,0.015927874
3E5S,756,A,48,ALA,N,0.0011391548
3E5S,757,A,48,ALA,CA,0.0
3E5S,758,A,48,ALA,C,0.006289731
3E5S,759,A,48,ALA,O,0.007812722
3E5S,760,A,48,ALA,H,0.0
3E5S,761,A,48,ALA,H,0.0017697638
3E5S,762,A,48,ALA,C,0.015095353
3E5S,763,A,48,ALA,H,0.033625513
3E5S,764,A,48,ALA,H,0.05132315
3E5S,765,A,48,ALA,H,0.0017697638
3E5S,766,A,49,PHE,N,0.007974084
3E5S,767,A,49,PHE,CA,0.0
3E5S,768,A,49,PHE,C,0.0
3E5S,769,A,49,PHE,O,0.012277135
3E5S,770,A,49,PHE,H,0.0
3E5S,771,A,49,PHE,H,0.08229402
3E5S,772,A,49,PHE,C,0.0
3E5S,773,A,49,PHE,C,0.0
3E5S,774,A,49,PHE,C,0.031448655
3E5S,775,A,49,PHE,C,0.0
3E5S,776,A,49,PHE,C,0.057865523
3E5S,777,A,49,PHE,C,0.0
3E5S,778,A,49,PHE,C,0.008805623
3E5S,779,A,49,PHE,H,0.0
3E5S,780,A,49,PHE,H,0.048668504
3E5S,781,A,49,PHE,H,0.1902496
3E5S,782,A,49,PHE,H,0.0
3E5S,783,A,49,PHE,H,0.1902496
3E5S,784,A,49,PHE,H,0.0
3E5S,785,A,49,PHE,H,0.035395276
3E5S,786,A,50,THR,N,0.0
3E5S,787,A,50,THR,CA,0.0
3E5S,788,A,50,THR,C,0.0
3E5S,789,A,50,THR,O,0.0
3E5S,790,A,50,THR,H,0.0
3E5S,791,A,50,THR,H,0.0
3E5S,792,A,50,THR,C,0.0
3E5S,793,A,50,THR,OH,0.0
3E5S,794,A,50,THR,C,0.0
3E5S,795,A,50,THR,H,0.0
3E5S,796,A,50,THR,HO,0.0
3E5S,797,A,50,THR,H,0.0
3E5S,798,A,50,THR,H,0.0
3E5S,799,A,50,THR,H,0.0
3E5S,800,A,51,LYS,N,0.0
3E5S,801,A,51,LYS,CA,0.0
3E5S,802,A,51,LYS,C,0.0
3E5S,803,A,51,LYS,O,0.0
3E5S,804,A,51,LYS,H,0.0
3E5S,805,A,51,LYS,H,0.0
3E5S,806,A,51,LYS,C,0.0
3E5S,807,A,51,LYS,C,0.0
3E5S,808,A,51,LYS,C,0.0
3E5S,809,A,51,LYS,C,0.0
3E5S,810,A,51,LYS,N,0.0
3E5S,811,A,51,LYS,H,0.0
3E5S,812,A,51,LYS,H,0.0061941734
3E5S,813,A,51,LYS,H,0.0
3E5S,814,A,51,LYS,H,0.0
3E5S,815,A,51,LYS,H,0.012388347
3E5S,816,A,51,LYS,H,0.008848819
3E5S,817,A,51,LYS,H,0.0
3E5S,818,A,51,LYS,H,0.0
3E5S,819,A,51,LYS,H,0.0008848819
3E5S,820,A,51,LYS,H,0.0
3E5S,821,A,51,LYS,H,0.0
3E5S,822,A,52,LYS,N,0.0
3E5S,823,A,52,LYS,CA,0.0
3E5S,824,A,52,LYS,C,0.006289731
3E5S,825,A,52,LYS,O,0.0
3E5S,826,A,52,LYS,H,0.0
3E5S,827,A,52,LYS,H,0.0
3E5S,828,A,52,LYS,C,0.006289731
3E5S,829,A,52,LYS,C,0.0025158923
3E5S,830,A,52,LYS,C,0.0
3E5S,831,A,52,LYS,C,0.0
3E5S,832,A,52,LYS,N,0.0
3E5S,833,A,52,LYS,H,0.013273228
3E5S,834,A,52,LYS,H,0.09556724
3E5S,835,A,52,LYS,H,0.022122048
3E5S,836,A,52,LYS,H,0.0008848819
3E5S,837,A,52,LYS,H,0.0
3E5S,838,A,52,LYS,H,0.0008848819
3E5S,839,A,52,LYS,H,0.0
3E5S,840,A,52,LYS,H,0.0
3E5S,841,A,52,LYS,H,0.0008848819
3E5S,842,A,52,LYS,H,0.0
3E5S,843,A,52,LYS,H,0.0
3E5S,844,A,53,MET,N,0.006834929
3E5S,845,A,53,MET,CA,0.0
3E5S,846,A,53,MET,C,0.0
3E5S,847,A,53,MET,O,0.022322062
3E5S,848,A,53,MET,H,0.0
3E5S,849,A,53,MET,H,0.08583354
3E5S,850,A,53,MET,C,0.0
3E5S,851,A,53,MET,C,0.0012579461
3E5S,852,A,53,MET,S,0.0831056
3E5S,853,A,53,MET,C,0.010063569
3E5S,854,A,53,MET,H,0.0
3E5S,855,A,53,MET,H,0.050438266
3E5S,856,A,53,MET,H,0.07256032
3E5S,857,A,53,MET,H,0.0
3E5S,858,A,53,MET,H,0.0044244095
3E5S,859,A,53,MET,H,0.04247433
3E5S,860,A,53,MET,H,0.0
3E5S,861,A,54,VAL,N,0.0
3E5S,862,A,54,VAL,CA,0.0
3E5S,863,A,54,VAL,C,0.0
3E5S,864,A,54,VAL,O,0.015625443
3E5S,865,A,54,VAL,H,0.0
3E5S,866,A,54,VAL,H,0.0
3E5S,867,A,54,VAL,C,0.0
3E5S,868,A,54,VAL,C,0.0
3E5S,869,A,54,VAL,C,0.0
3E5S,870,A,54,VAL,H,0.0
3E5S,871,A,54,VAL,H,0.0
3E5S,872,A,54,VAL,H,0.0
3E5S,873,A,54,VAL,H,0.0
3E5S,874,A,54,VAL,H,0.0
3E5S,875,A,54,VAL,H,0.0
3E5S,876,A,54,VAL,H,0.0
3E5S,877,A,55,GLU,N,0.0
3E5S,878,A,55,GLU,CA,0.0
3E5S,879,A,55,GLU,C,0.0
3E5S,880,A,55,GLU,O,0.2120596
3E5S,881,A,55,GLU,H,0.0
3E5S,882,A,55,GLU,H,0.019467402
3E5S,883,A,55,GLU,C,0.0
3E5S,884,A,55,GLU,C,0.0
3E5S,885,A,55,GLU,C,0.0
3E5S,886,A,55,GLU,O,0.0022322063
3E5S,887,A,55,GLU,O,0.15402223
3E5S,888,A,55,GLU,H,0.031855747
3E5S,889,A,55,GLU,H,0.0
3E5S,890,A,55,GLU,H,0.0
3E5S,891,A,55,GLU,H,0.020352283
3E5S,892,A,56,ASN,N,0.0
3E5S,893,A,56,ASN,CA,0.0
3E5S,894,A,56,ASN,C,0.008805623
3E5S,895,A,56,ASN,O,0.15625444
3E5S,896,A,56,ASN,H,0.0
3E5S,897,A,56,ASN,H,0.04689874
3E5S,898,A,56,ASN,C,0.006289731
3E5S,899,A,56,ASN,C,0.027674815
3E5S,900,A,56,ASN,O,0.061385673
3E5S,901,A,56,ASN,N,0.07860168
3E5S,902,A,56,ASN,H,0.15750897
3E5S,903,A,56,ASN,H,0.05663244
3E5S,904,A,56,ASN,H,0.12299858
3E5S,905,A,56,ASN,H,0.08052425
3E5S,906,A,57,ALA,N,0.0011391548
3E5S,907,A,57,ALA,CA,0.0
3E5S,908,A,57,ALA,C,0.0
3E5S,909,A,57,ALA,O,0.18080871
3E5S,910,A,57,ALA,H,0.0
3E5S,911,A,57,ALA,H,0.03804992
3E5S,912,A,57,ALA,C,0.0
3E5S,913,A,57,ALA,H,0.0
3E5S,914,A,57,ALA,H,0.0
3E5S,915,A,57,ALA,H,0.0
3E5S,916,A,58,LYS,N,0.0
3E5S,917,A,58,LYS,CA,0.0
3E5S,918,A,58,LYS,C,0.0050317845
3E5S,919,A,58,LYS,O,0.33148262
3E5S,920,A,58,LYS,H,0.0
3E5S,921,A,58,LYS,H,0.10087653
3E5S,922,A,58,LYS,C,0.0025158923
3E5S,923,A,58,LYS,C,0.0
3E5S,924,A,58,LYS,C,0.0025158923
3E5S,925,A,58,LYS,C,0.0075476766
3E5S,926,A,58,LYS,N,0.006834929
3E5S,927,A,58,LYS,H,0.17874613
3E5S,928,A,58,LYS,H,0.06459638
3E5S,929,A,58,LYS,H,0.029201102
3E5S,930,A,58,LYS,H,0.18847984
3E5S,931,A,58,LYS,H,0.19290425
3E5S,932,A,58,LYS,H,0.038934804
3E5S,933,A,58,LYS,H,0.13096252
3E5S,934,A,58,LYS,H,0.21237165
3E5S,935,A,58,LYS,H,0.2725436
3E5S,936,A,58,LYS,H,0.26634943
3E5S,937,A,58,LYS,H,0.20883213
3E5S,938,A,59,LYS,N,0.0
3E5S,939,A,59,LYS,CA,0.0
3E5S,940,A,59,LYS,C,0.0
3E5S,941,A,59,LYS,O,0.0
3E5S,942,A,59,LYS,H,0.0
3E5S,943,A,59,LYS,H,0.06017197
3E5S,944,A,59,LYS,C,0.0
3E5S,945,A,59,LYS,C,0.0
3E5S,946,A,59,LYS,C,0.0075476766
3E5S,947,A,59,LYS,C,0.008805623
3E5S,948,A,59,LYS,N,0.012530702
3E5S,949,A,59,LYS,H,0.029201102
3E5S,950,A,59,LYS,H,0.0681359
3E5S,951,A,59,LYS,H,0.005309291
3E5S,952,A,59,LYS,H,0.0044244095
3E5S,953,A,59,LYS,H,0.012388347
3E5S,954,A,59,LYS,H,0.18228567
3E5S,955,A,59,LYS,H,0.1805159
3E5S,956,A,59,LYS,H,0.10618582
3E5S,957,A,59,LYS,H,0.2636948
3E5S,958,A,59,LYS,H,0.06548126
3E5S,959,A,59,LYS,H,0.24688205
3E5S,960,A,60,ILE,N,0.0
3E5S,961,A,60,ILE,CA,0.0
3E5S,962,A,60,ILE,C,0.0
3E5S,963,A,60,ILE,O,0.0055805156
3E5S,964,A,60,ILE,H,0.024776693
3E5S,965,A,60,ILE,H,0.0
3E5S,966,A,60,ILE,C,0.0
3E5S,967,A,60,ILE,C,0.0
3E5S,968,A,60,ILE,C,0.0
3E5S,969,A,60,ILE,C,0.0
3E5S,970,A,60,ILE,H,0.0
3E5S,971,A,60,ILE,H,0.0
3E5S,972,A,60,ILE,H,0.04778362
3E5S,973,A,60,ILE,H,0.0
3E5S,974,A,60,ILE,H,0.0
3E5S,975,A,60,ILE,H,0.0
3E5S,976,A,60,ILE,H,0.0
3E5S,977,A,60,ILE,H,0.0
3E5S,978,A,60,ILE,H,0.0
3E5S,979,A,61,GLU,N,0.0
3E5S,980,A,61,GLU,CA,0.0
3E5S,981,A,61,GLU,C,0.0
3E5S,982,A,61,GLU,O,0.0
3E5S,983,A,61,GLU,H,0.0
3E5S,984,A,61,GLU,H,0.0
3E5S,985,A,61,GLU,C,0.0
3E5S,986,A,61,GLU,C,0.0
3E5S,987,A,61,GLU,C,0.012579462
3E5S,988,A,61,GLU,O,0.046876334
3E5S,989,A,61,GLU,O,0.23884608
3E5S,990,A,61,GLU,H,0.0
3E5S,991,A,61,GLU,H,0.0
3E5S,992,A,61,GLU,H,0.0
3E5S,993,A,61,GLU,H,0.0
3E5S,994,A,62,VAL,N,0.0
3E5S,995,A,62,VAL,CA,0.0
3E5S,996,A,62,VAL,C,0.0
3E5S,997,A,62,VAL,O,0.0
3E5S,998,A,62,VAL,H,0.0
3E5S,999,A,62,VAL,H,0.0
3E5S,1000,A,62,VAL,C,0.0
3E5S,1001,A,62,VAL,C,0.0
3E5S,1002,A,62,VAL,C,0.0
3E5S,1003,A,62,VAL,H,0.0
3E5S,1004,A,62,VAL,H,0.0
3E5S,1005,A,62,VAL,H,0.0
3E5S,1006,A,62,VAL,H,0.0
3E5S,1007,A,62,VAL,H,0.0
3E5S,1008,A,62,VAL,H,0.0
3E5S,1009,A,62,VAL,H,0.0
3E5S,1010,A,63,GLU,N,0.0
3E5S,1011,A,63,GLU,CA,0.0
3E5S,1012,A,63,GLU,C,0.0
3E5S,1013,A,63,GLU,O,0.0
3E5S,1014,A,63,GLU,H,0.0
3E5S,1015,A,63,GLU,H,0.0
3E5S,1016,A,63,GLU,C,0.0
3E5S,1017,A,63,GLU,C,0.0
3E5S,1018,A,63,GLU,C,0.0
3E5S,1019,A,63,GLU,O,0.0
3E5S,1020,A,63,GLU,O,0.059153467
3E5S,1021,A,63,GLU,H,0.0
3E5S,1022,A,63,GLU,H,0.0
3E5S,1023,A,63,GLU,H,0.0
3E5S,1024,A,63,GLU,H,0.0
3E5S,1025,A,64,PHE,N,0.0
3E5S,1026,A,64,PHE,CA,0.0
3E5S,1027,A,64,PHE,C,0.0
3E5S,1028,A,64,PHE,O,0.041295815
3E5S,1029,A,64,PHE,H,0.0026546456
3E5S,1030,A,64,PHE,H,0.0
3E5S,1031,A,64,PHE,C,0.0
3E5S,1032,A,64,PHE,C,0.0
3E5S,1033,A,64,PHE,C,0.0
3E5S,1034,A,64,PHE,C,0.0
3E5S,1035,A,64,PHE,C,0.0037738383
3E5S,1036,A,64,PHE,C,0.0
3E5S,1037,A,64,PHE,C,0.028932761
3E5S,1038,A,64,PHE,H,0.0
3E5S,1039,A,64,PHE,H,0.007079055
3E5S,1040,A,64,PHE,H,0.0
3E5S,1041,A,64,PHE,H,0.0
3E5S,1042,A,64,PHE,H,0.009733701
3E5S,1043,A,64,PHE,H,0.0
3E5S,1044,A,64,PHE,H,0.007079055
3E5S,1045,A,65,ASP,N,0.0
3E5S,1046,A,65,ASP,CA,0.0
3E5S,1047,A,65,ASP,C,0.0
3E5S,1048,A,65,ASP,O,0.006696619
3E5S,1049,A,65,ASP,H,0.0017697638
3E5S,1050,A,65,ASP,H,0.0
3E5S,1051,A,65,ASP,C,0.0
3E5S,1052,A,65,ASP,C,0.0
3E5S,1053,A,65,ASP,O,0.0
3E5S,1054,A,65,ASP,O,0.0
3E5S,1055,A,65,ASP,H,0.0
3E5S,1056,A,65,ASP,H,0.0
3E5S,1057,A,66,LYS,N,0.0
3E5S,1058,A,66,LYS,CA,0.0
3E5S,1059,A,66,LYS,C,0.010063569
3E5S,1060,A,66,LYS,O,0.30023175
3E5S,1061,A,66,LYS,H,0.0
3E5S,1062,A,66,LYS,H,0.09999165
3E5S,1063,A,66,LYS,C,0.0025158923
3E5S,1064,A,66,LYS,C,0.0
3E5S,1065,A,66,LYS,C,0.010063569
3E5S,1066,A,66,LYS,C,0.017611247
3E5S,1067,A,66,LYS,N,0.0011391548
3E5S,1068,A,66,LYS,H,0.15927874
3E5S,1069,A,66,LYS,H,0.029201102
3E5S,1070,A,66,LYS,H,0.0
3E5S,1071,A,66,LYS,H,0.07786961
3E5S,1072,A,66,LYS,H,0.19644378
3E5S,1073,A,66,LYS,H,0.14512064
3E5S,1074,A,66,LYS,H,0.06105685
3E5S,1075,A,66,LYS,H,0.24068788
3E5S,1076,A,66,LYS,H,0.12919275
3E5S,1077,A,66,LYS,H,0.1805159
3E5S,1078,A,66,LYS,H,0.0
3E5S,1079,A,67,GLY,N,0.0011391548
3E5S,1080,A,67,GLY,CA,0.0025158923
3E5S,1081,A,67,GLY,C,0.015095353
3E5S,1082,A,67,GLY,O,0.06250177
3E5S,1083,A,67,GLY,H,0.0
3E5S,1084,A,67,GLY,H,0.17874613
3E5S,1085,A,67,GLY,H,0.010618582
3E5S,1086,A,68,GLN,N,0.017087322
3E5S,1087,A,68,GLN,CA,0.0012579461
3E5S,1088,A,68,GLN,C,0.0
3E5S,1089,A,68,GLN,O,0.0022322063
3E5S,1090,A,68,GLN,H,0.057517324
3E5S,1091,A,68,GLN,H,0.12565322
3E5S,1092,A,68,GLN,C,0.0050317845
3E5S,1093,A,68,GLN,C,0.0
3E5S,1094,A,68,GLN,C,0.0327066
3E5S,1095,A,68,GLN,O,0.13170017
3E5S,1096,A,68,GLN,N,0.09910647
3E5S,1097,A,68,GLN,H,0.14069621
3E5S,1098,A,68,GLN,H,0.09468236
3E5S,1099,A,68,GLN,H,0.0
3E5S,1100,A,68,GLN,H,0.057517324
3E5S,1101,A,68,GLN,H,0.17786126
3E5S,1102,A,68,GLN,H,0.28227732
3E5S,1103,A,69,ARG,N,0.0
3E5S,1104,A,69,ARG,CA,0.0
3E5S,1105,A,69,ARG,C,0.0
3E5S,1106,A,69,ARG,O,0.0055805156
3E5S,1107,A,69,ARG,H,0.08583354
3E5S,1108,A,69,ARG,H,0.0
3E5S,1109,A,69,ARG,C,0.0012579461
3E5S,1110,A,69,ARG,C,0.0
3E5S,1111,A,69,ARG,C,0.0025158923
3E5S,1112,A,69,ARG,N,0.019365631
3E5S,1113,A,69,ARG,C,0.03899633
3E5S,1114,A,69,ARG,N,0.04328788
3E5S,1115,A,69,ARG,N,0.07518422
3E5S,1116,A,69,ARG,H,0.020352283
3E5S,1117,A,69,ARG,H,0.12122882
3E5S,1118,A,69,ARG,H,0.0681359
3E5S,1119,A,69,ARG,H,0.0
3E5S,1120,A,69,ARG,H,0.007963937
3E5S,1121,A,69,ARG,H,0.18317056
3E5S,1122,A,69,ARG,H,0.04247433
3E5S,1123,A,69,ARG,H,0.019467402
3E5S,1124,A,69,ARG,H,0.12034394
3E5S,1125,A,69,ARG,H,0.19732866
3E5S,1126,A,69,ARG,H,0.11857417
3E5S,1127,A,70,THR,N,0.0011391548
3E5S,1128,A,70,THR,CA,0.0
3E5S,1129,A,70,THR,C,0.0
3E5S,1130,A,70,THR,O,0.07366281
3E5S,1131,A,70,THR,H,0.010618582
3E5S,1132,A,70,THR,H,0.0
3E5S,1133,A,70,THR,C,0.0
3E5S,1134,A,70,THR,OH,0.108262
3E5S,1135,A,70,THR,C,0.0075476766
3E5S,1136,A,70,THR,H,0.14600551
3E5S,1137,A,70,THR,HO,0.23626347
3E5S,1138,A,70,THR,H,0.1513148
3E5S,1139,A,70,THR,H,0.027431339
3E5S,1140,A,70,THR,H,0.0
3E5S,1141,A,71,ASP,N,0.0
3E5S,1142,A,71,ASP,CA,0.0
3E5S,1143,A,71,ASP,C,0.0163533
3E5S,1144,A,71,ASP,O,0.08035943
3E5S,1145,A,71,ASP,H,0.0
3E5S,1146,A,71,ASP,H,0.0
3E5S,1147,A,71,ASP,C,0.0012579461
3E5S,1148,A,71,ASP,C,0.0
3E5S,1149,A,71,ASP,O,0.0
3E5S,1150,A,71,ASP,O,0.0055805156
3E5S,1151,A,71,ASP,H,0.01415811
3E5S,1152,A,71,ASP,H,0.101761416
3E5S,1153,A,72,LYS,N,0.013669858
3E5S,1154,A,72,LYS,CA,0.0012579461
3E5S,1155,A,72,LYS,C,0.0
3E5S,1156,A,72,LYS,O,0.30023175
3E5S,1157,A,72,LYS,H,0.040704567
3E5S,1158,A,72,LYS,H,0.1566241
3E5S,1159,A,72,LYS,C,0.0037738383
3E5S,1160,A,72,LYS,C,0.0
3E5S,1161,A,72,LYS,C,0.0025158923
3E5S,1162,A,72,LYS,C,0.0
3E5S,1163,A,72,LYS,N,0.006834929
3E5S,1164,A,72,LYS,H,0.17343685
3E5S,1165,A,72,LYS,H,0.14866015
3E5S,1166,A,72,LYS,H,0.012388347
3E5S,1167,A,72,LYS,H,0.021237165
3E5S,1168,A,72,LYS,H,0.17432173
3E5S,1169,A,72,LYS,H,0.15927874
3E5S,1170,A,72,LYS,H,0.016812757
3E5S,1171,A,72,LYS,H,0.12122882
3E5S,1172,A,72,LYS,H,0.19909842
3E5S,1173,A,72,LYS,H,0.2486518
3E5S,1174,A,72,LYS,H,0.2300693
3E5S,1175,A,73,TYR,N,0.0
3E5S,1176,A,73,TYR,CA,0.0
3E5S,1177,A,73,TYR,C,0.025158923
3E5S,1178,A,73,TYR,O,0.2500071
3E5S,1179,A,73,TYR,H,0.0
3E5S,1180,A,73,TYR,H,0.059287086
3E5S,1181,A,73,TYR,C,0.0
3E5S,1182,A,73,TYR,C,0.018869191
3E5S,1183,A,73,TYR,C,0.0654132
3E5S,1184,A,73,TYR,C,0.018869191
3E5S,1185,A,73,TYR,C,0.09183007
3E5S,1186,A,73,TYR,C,0.05534963
3E5S,1187,A,73,TYR,C,0.040254276
3E5S,1188,A,73,TYR,OH,0.22433673
3E5S,1189,A,73,TYR,H,0.1026463
3E5S,1190,A,73,TYR,H,0.0
3E5S,1191,A,73,TYR,H,0.17166708
3E5S,1192,A,73,TYR,H,0.0008848819
3E5S,1193,A,73,TYR,H,0.25042158
3E5S,1194,A,73,TYR,H,0.10530094
3E5S,1195,A,73,TYR,HO,0.16370314
3E5S,1196,A,74,GLY,N,0.018226476
3E5S,1197,A,74,GLY,CA,0.021385085
3E5S,1198,A,74,GLY,C,0.0
3E5S,1199,A,74,GLY,O,0.21875621
3E5S,1200,A,74,GLY,H,0.007963937
3E5S,1201,A,74,GLY,H,0.08937307
3E5S,1202,A,74,GLY,H,0.17786126
3E5S,1203,A,75,ARG,N,0.0
3E5S,1204,A,75,ARG,CA,0.0
3E5S,1205,A,75,ARG,C,0.0
3E5S,1206,A,75,ARG,O,0.0
3E5S,1207,A,75,ARG,H,0.0
3E5S,1208,A,75,ARG,H,0.0
3E5S,1209,A,75,ARG,C,0.0
3E5S,1210,A,75,ARG,C,0.0050317845
3E5S,1211,A,75,ARG,C,0.0
3E5S,1212,A,75,ARG,N,0.0
3E5S,1213,A,75,ARG,C,0.006289731
3E5S,1214,A,75,ARG,N,0.060375202
3E5S,1215,A,75,ARG,N,0.004556619
3E5S,1216,A,75,ARG,H,0.0
3E5S,1217,A,75,ARG,H,0.0
3E5S,1218,A,75,ARG,H,0.0017697638
3E5S,1219,A,75,ARG,H,0.040704567
3E5S,1220,A,75,ARG,H,0.1318474
3E5S,1221,A,75,ARG,H,0.0
3E5S,1222,A,75,ARG,H,0.0
3E5S,1223,A,75,ARG,H,0.05309291
3E5S,1224,A,75,ARG,H,0.15839386
3E5S,1225,A,75,ARG,H,0.045128975
3E5S,1226,A,75,ARG,H,0.14866015
3E5S,1227,A,76,GLY,N,0.0022783095
3E5S,1228,A,76,GLY,CA,0.0012579461
3E5S,1229,A,76,GLY,C,0.0
3E5S,1230,A,76,GLY,O,0.0
3E5S,1231,A,76,GLY,H,0.0
3E5S,1232,A,76,GLY,H,0.012388347
3E5S,1233,A,76,GLY,H,0.0
3E5S,1234,A,77,LEU,N,0.0
3E5S,1235,A,77,LEU,CA,0.0
3E5S,1236,A,77,LEU,C,0.0
3E5S,1237,A,77,LEU,O,0.0
3E5S,1238,A,77,LEU,H,0.0
3E5S,1239,A,77,LEU,H,0.0
3E5S,1240,A,77,LEU,C,0.0
3E5S,1241,A,77,LEU,C,0.0
3E5S,1242,A,77,LEU,C,0.0037738383
3E5S,1243,A,77,LEU,C,0.0012579461
3E5S,1244,A,77,LEU,H,0.0
3E5S,1245,A,77,LEU,H,0.0
3E5S,1246,A,77,LEU,H,0.0
3E5S,1247,A,77,LEU,H,0.013273228
3E5S,1248,A,77,LEU,H,0.02389181
3E5S,1249,A,77,LEU,H,0.0
3E5S,1250,A,77,LEU,H,0.03274063
3E5S,1251,A,77,LEU,H,0.0
3E5S,1252,A,77,LEU,H,0.045128975
3E5S,1253,A,78,ALA,N,0.0
3E5S,1254,A,78,ALA,CA,0.0
3E5S,1255,A,78,ALA,C,0.0
3E5S,1256,A,78,ALA,O,0.0
3E5S,1257,A,78,ALA,H,0.0
3E5S,1258,A,78,ALA,H,0.0
3E5S,1259,A,78,ALA,C,0.0
3E5S,1260,A,78,ALA,H,0.0
3E5S,1261,A,78,ALA,H,0.0
3E5S,1262,A,78,ALA,H,0.0
3E5S,1263,A,79,TYR,N,0.0
3E5S,1264,A,79,TYR,CA,0.0
3E5S,1265,A,79,TYR,C,0.0
3E5S,1266,A,79,TYR,O,0.0
3E5S,1267,A,79,TYR,H,0.0
3E5S,1268,A,79,TYR,H,0.0
3E5S,1269,A,79,TYR,C,0.0
3E5S,1270,A,79,TYR,C,0.0
3E5S,1271,A,79,TYR,C,0.0
3E5S,1272,A,79,TYR,C,0.0
3E5S,1273,A,79,TYR,C,0.0
3E5S,1274,A,79,TYR,C,0.0
3E5S,1275,A,79,TYR,C,0.0
3E5S,1276,A,79,TYR,OH,0.0
3E5S,1277,A,79,TYR,H,0.0
3E5S,1278,A,79,TYR,H,0.0
3E5S,1279,A,79,TYR,H,0.0
3E5S,1280,A,79,TYR,H,0.0
3E5S,1281,A,79,TYR,H,0.0
3E5S,1282,A,79,TYR,H,0.0
3E5S,1283,A,79,TYR,HO,0.0
3E5S,1284,A,80,ILE,N,0.0
3E5S,1285,A,80,ILE,CA,0.0
3E5S,1286,A,80,ILE,C,0.0
3E5S,1287,A,80,ILE,O,0.0
3E5S,1288,A,80,ILE,H,0.0
3E5S,1289,A,80,ILE,H,0.0
3E5S,1290,A,80,ILE,C,0.0
3E5S,1291,A,80,ILE,C,0.0
3E5S,1292,A,80,ILE,C,0.0
3E5S,1293,A,80,ILE,C,0.0
3E5S,1294,A,80,ILE,H,0.0
3E5S,1295,A,80,ILE,H,0.0
3E5S,1296,A,80,ILE,H,0.0
3E5S,1297,A,80,ILE,H,0.0
3E5S,1298,A,80,ILE,H,0.0
3E5S,1299,A,80,ILE,H,0.0
3E5S,1300,A,80,ILE,H,0.0
3E5S,1301,A,80,ILE,H,0.0
3E5S,1302,A,80,ILE,H,0.0
3E5S,1303,A,81,TYR,N,0.0
3E5S,1304,A,81,TYR,CA,0.0
3E5S,1305,A,81,TYR,C,0.0
3E5S,1306,A,81,TYR,O,0.0
3E5S,1307,A,81,TYR,H,0.0
3E5S,1308,A,81,TYR,H,0.0
3E5S,1309,A,81,TYR,C,0.0
3E5S,1310,A,81,TYR,C,0.0
3E5S,1311,A,81,TYR,C,0.0
3E5S,1312,A,81,TYR,C,0.0
3E5S,1313,A,81,TYR,C,0.0
3E5S,1314,A,81,TYR,C,0.0
3E5S,1315,A,81,TYR,C,0.0
3E5S,1316,A,81,TYR,OH,0.010044929
3E5S,1317,A,81,TYR,H,0.0
3E5S,1318,A,81,TYR,H,0.0
3E5S,1319,A,81,TYR,H,0.0
3E5S,1320,A,81,TYR,H,0.0
3E5S,1321,A,81,TYR,H,0.0
3E5S,1322,A,81,TYR,H,0.0929126
3E5S,1323,A,81,TYR,HO,0.09556724
3E5S,1324,A,82,ALA,N,0.0
3E5S,1325,A,82,ALA,CA,0.0
3E5S,1326,A,82,ALA,C,0.0
3E5S,1327,A,82,ALA,O,0.018973753
3E5S,1328,A,82,ALA,H,0.0
3E5S,1329,A,82,ALA,H,0.0
3E5S,1330,A,82,ALA,C,0.0
3E5S,1331,A,82,ALA,H,0.015042992
3E5S,1332,A,82,ALA,H,0.0
3E5S,1333,A,82,ALA,H,0.0
3E5S,1334,A,83,ASP,N,0.0
3E5S,1335,A,83,ASP,CA,0.0
3E5S,1336,A,83,ASP,C,0.0327066
3E5S,1337,A,83,ASP,O,0.15737054
3E5S,1338,A,83,ASP,H,0.0
3E5S,1339,A,83,ASP,H,0.059287086
3E5S,1340,A,83,ASP,C,0.0025158923
3E5S,1341,A,83,ASP,C,0.025158923
3E5S,1342,A,83,ASP,O,0.0055805156
3E5S,1343,A,83,ASP,O,0.120539136
3E5S,1344,A,83,ASP,H,0.17520662
3E5S,1345,A,83,ASP,H,0.12122882
3E5S,1346,A,84,GLY,N,0.02392225
3E5S,1347,A,84,GLY,CA,0.018869191
3E5S,1348,A,84,GLY,C,0.0037738383
3E5S,1349,A,84,GLY,O,0.14620951
3E5S,1350,A,84,GLY,H,0.011503465
3E5S,1351,A,84,GLY,H,0.030970866
3E5S,1352,A,84,GLY,H,0.19732866
3E5S,1353,A,85,LYS,N,0.0
3E5S,1354,A,85,LYS,CA,0.0
3E5S,1355,A,85,LYS,C,0.0
3E5S,1356,A,85,LYS,O,0.0
3E5S,1357,A,85,LYS,H,0.0
3E5S,1358,A,85,LYS,H,0.015927874
3E5S,1359,A,85,LYS,C,0.0
3E5S,1360,A,85,LYS,C,0.0
3E5S,1361,A,85,LYS,C,0.0050317845
3E5S,1362,A,85,LYS,C,0.011321515
3E5S,1363,A,85,LYS,N,0.009113238
3E5S,1364,A,85,LYS,H,0.017697638
3E5S,1365,A,85,LYS,H,0.0061941734
3E5S,1366,A,85,LYS,H,0.19113448
3E5S,1367,A,85,LYS,H,0.0035395275
3E5S,1368,A,85,LYS,H,0.1026463
3E5S,1369,A,85,LYS,H,0.18936472
3E5S,1370,A,85,LYS,H,0.24688205
3E5S,1371,A,85,LYS,H,0.2052926
3E5S,1372,A,85,LYS,H,0.26811922
3E5S,1373,A,85,LYS,H,0.12653811
3E5S,1374,A,85,LYS,H,0.2291844
3E5S,1375,A,86,MET,N,0.0
3E5S,1376,A,86,MET,CA,0.0
3E5S,1377,A,86,MET,C,0.0
3E5S,1378,A,86,MET,O,0.0055805156
3E5S,1379,A,86,MET,H,0.035395276
3E5S,1380,A,86,MET,H,0.0
3E5S,1381,A,86,MET,C,0.0
3E5S,1382,A,86,MET,C,0.0
3E5S,1383,A,86,MET,S,0.0
3E5S,1384,A,86,MET,C,0.0
3E5S,1385,A,86,MET,H,0.0
3E5S,1386,A,86,MET,H,0.0008848819
3E5S,1387,A,86,MET,H,0.0
3E5S,1388,A,86,MET,H,0.0
3E5S,1389,A,86,MET,H,0.0
3E5S,1390,A,86,MET,H,0.0044244095
3E5S,1391,A,86,MET,H,0.0
3E5S,1392,A,87,VAL,N,0.0
3E5S,1393,A,87,VAL,CA,0.0
3E5S,1394,A,87,VAL,C,0.0
3E5S,1395,A,87,VAL,O,0.0
3E5S,1396,A,87,VAL,H,0.0
3E5S,1397,A,87,VAL,H,0.0
3E5S,1398,A,87,VAL,C,0.0
3E5S,1399,A,87,VAL,C,0.0
3E5S,1400,A,87,VAL,C,0.0
3E5S,1401,A,87,VAL,H,0.0
3E5S,1402,A,87,VAL,H,0.0
3E5S,1403,A,87,VAL,H,0.0
3E5S,1404,A,87,VAL,H,0.0
3E5S,1405,A,87,VAL,H,0.0
3E5S,1406,A,87,VAL,H,0.0
3E5S,1407,A,87,VAL,H,0.0
3E5S,1408,A,88,ASN,N,0.0
3E5S,1409,A,88,ASN,CA,0.0
3E5S,1410,A,88,ASN,C,0.0
3E5S,1411,A,88,ASN,O,0.0
3E5S,1412,A,88,ASN,H,0.0
3E5S,1413,A,88,ASN,H,0.0
3E5S,1414,A,88,ASN,C,0.0
3E5S,1415,A,88,ASN,C,0.0
3E5S,1416,A,88,ASN,O,0.0
3E5S,1417,A,88,ASN,N,0.0
3E5S,1418,A,88,ASN,H,0.0
3E5S,1419,A,88,ASN,H,0.0
3E5S,1420,A,88,ASN,H,0.0
3E5S,1421,A,88,ASN,H,0.0
3E5S,1422,A,89,GLU,N,0.0
3E5S,1423,A,89,GLU,CA,0.0
3E5S,1424,A,89,GLU,C,0.0
3E5S,1425,A,89,GLU,O,0.0
3E5S,1426,A,89,GLU,H,0.0
3E5S,1427,A,89,GLU,H,0.0
3E5S,1428,A,89,GLU,C,0.0
3E5S,1429,A,89,GLU,C,0.0
3E5S,1430,A,89,GLU,C,0.036480438
3E5S,1431,A,89,GLU,O,0.1819248
3E5S,1432,A,89,GLU,O,0.2533554
3E5S,1433,A,89,GLU,H,0.0035395275
3E5S,1434,A,89,GLU,H,0.0
3E5S,1435,A,89,GLU,H,0.0
3E5S,1436,A,89,GLU,H,0.024776693
3E5S,1437,A,90,ALA,N,0.0022783095
3E5S,1438,A,90,ALA,CA,0.0
3E5S,1439,A,90,ALA,C,0.0
3E5S,1440,A,90,ALA,O,0.0
3E5S,1441,A,90,ALA,H,0.0
3E5S,1442,A,90,ALA,H,0.054862678
3E5S,1443,A,90,ALA,C,0.011321515
3E5S,1444,A,90,ALA,H,0.0681359
3E5S,1445,A,90,ALA,H,0.0
3E5S,1446,A,90,ALA,H,0.04778362
3E5S,1447,A,91,LYS,N,0.0
3E5S,1448,A,91,LYS,CA,0.0
3E5S,1449,A,91,LYS,C,0.0
3E5S,1450,A,91,LYS,O,0.0
3E5S,1451,A,91,LYS,H,0.0
3E5S,1452,A,91,LYS,H,0.0
3E5S,1453,A,91,LYS,C,0.0
3E5S,1454,A,91,LYS,C,0.0
3E5S,1455,A,91,LYS,C,0.0
3E5S,1456,A,91,LYS,C,0.0
3E5S,1457,A,91,LYS,N,0.0
3E5S,1458,A,91,LYS,H,0.0
3E5S,1459,A,91,LYS,H,0.0
3E5S,1460,A,91,LYS,H,0.0
3E5S,1461,A,91,LYS,H,0.0
3E5S,1462,A,91,LYS,H,0.0
3E5S,1463,A,91,LYS,H,0.0
3E5S,1464,A,91,LYS,H,0.0
3E5S,1465,A,91,LYS,H,0.0
3E5S,1466,A,91,LYS,H,0.0
3E5S,1467,A,91,LYS,H,0.0
3E5S,1468,A,91,LYS,H,0.0
3E5S,1469,A,92,VAL,N,0.0
3E5S,1470,A,92,VAL,CA,0.0
3E5S,1471,A,92,VAL,C,0.0
3E5S,1472,A,92,VAL,O,0.0
3E5S,1473,A,92,VAL,H,0.0
3E5S,1474,A,92,VAL,H,0.0
3E5S,1475,A,92,VAL,C,0.0
3E5S,1476,A,92,VAL,C,0.0
3E5S,1477,A,92,VAL,C,0.0
3E5S,1478,A,92,VAL,H,0.0
3E5S,1479,A,92,VAL,H,0.0
3E5S,1480,A,92,VAL,H,0.0
3E5S,1481,A,92,VAL,H,0.0
3E5S,1482,A,92,VAL,H,0.0
3E5S,1483,A,92,VAL,H,0.0
3E5S,1484,A,92,VAL,H,0.0
3E5S,1485,A,93,ARG,N,0.0
3E5S,1486,A,93,ARG,CA,0.0
3E5S,1487,A,93,ARG,C,0.0
3E5S,1488,A,93,ARG,O,0.0
3E5S,1489,A,93,ARG,H,0.0
3E5S,1490,A,93,ARG,H,0.0
3E5S,1491,A,93,ARG,C,0.0
3E5S,1492,A,93,ARG,C,0.0
3E5S,1493,A,93,ARG,C,0.0
3E5S,1494,A,93,ARG,N,0.007974084
3E5S,1495,A,93,ARG,C,0.013837407
3E5S,1496,A,93,ARG,N,0.0056957738
3E5S,1497,A,93,ARG,N,0.088854074
3E5S,1498,A,93,ARG,H,0.0
3E5S,1499,A,93,ARG,H,0.0008848819
3E5S,1500,A,93,ARG,H,0.0
3E5S,1501,A,93,ARG,H,0.16016363
3E5S,1502,A,93,ARG,H,0.08848819
3E5S,1503,A,93,ARG,H,0.0
3E5S,1504,A,93,ARG,H,0.16989732
3E5S,1505,A,93,ARG,H,0.0
3E5S,1506,A,93,ARG,H,0.0
3E5S,1507,A,93,ARG,H,0.21325654
3E5S,1508,A,93,ARG,H,0.03628016
3E5S,1509,A,94,GLN,N,0.0
3E5S,1510,A,94,GLN,CA,0.0
3E5S,1511,A,94,GLN,C,0.0
3E5S,1512,A,94,GLN,O,0.0
3E5S,1513,A,94,GLN,H,0.0
3E5S,1514,A,94,GLN,H,0.0
3E5S,1515,A,94,GLN,C,0.0
3E5S,1516,A,94,GLN,C,0.0025158923
3E5S,1517,A,94,GLN,C,0.035222493
3E5S,1518,A,94,GLN,O,0.25112322
3E5S,1519,A,94,GLN,N,0.07176675
3E5S,1520,A,94,GLN,H,0.044244096
3E5S,1521,A,94,GLN,H,0.0
3E5S,1522,A,94,GLN,H,0.031855747
3E5S,1523,A,94,GLN,H,0.0
3E5S,1524,A,94,GLN,H,0.096452124
3E5S,1525,A,94,GLN,H,0.19555889
3E5S,1526,A,95,GLY,N,0.0
3E5S,1527,A,95,GLY,CA,0.0
3E5S,1528,A,95,GLY,C,0.0
3E5S,1529,A,95,GLY,O,0.0
3E5S,1530,A,95,GLY,H,0.0
3E5S,1531,A,95,GLY,H,0.0
3E5S,1532,A,95,GLY,H,0.0
3E5S,1533,A,96,LEU,N,0.0
3E5S,1534,A,96,LEU,CA,0.0
3E5S,1535,A,96,LEU,C,0.0
3E5S,1536,A,96,LEU,O,0.0
3E5S,1537,A,96,LEU,H,0.0
3E5S,1538,A,96,LEU,H,0.0
3E5S,1539,A,96,LEU,C,0.0
3E5S,1540,A,96,LEU,C,0.0
3E5S,1541,A,96,LEU,C,0.0012579461
3E5S,1542,A,96,LEU,C,0.0
3E5S,1543,A,96,LEU,H,0.0
3E5S,1544,A,96,LEU,H,0.0
3E5S,1545,A,96,LEU,H,0.0
3E5S,1546,A,96,LEU,H,0.09556724
3E5S,1547,A,96,LEU,H,0.0
3E5S,1548,A,96,LEU,H,0.007079055
3E5S,1549,A,96,LEU,H,0.0
3E5S,1550,A,96,LEU,H,0.0
3E5S,1551,A,96,LEU,H,0.0
3E5S,1552,A,97,ALA,N,0.0
3E5S,1553,A,97,ALA,CA,0.0
3E5S,1554,A,97,ALA,C,0.0
3E5S,1555,A,97,ALA,O,0.0
3E5S,1556,A,97,ALA,H,0.0
3E5S,1557,A,97,ALA,H,0.0
3E5S,1558,A,97,ALA,C,0.0
3E5S,1559,A,97,ALA,H,0.0
3E5S,1560,A,97,ALA,H,0.0
3E5S,1561,A,97,ALA,H,0.0
3E5S,1562,A,98,LYS,N,0.0
3E5S,1563,A,98,LYS,CA,0.0
3E5S,1564,A,98,LYS,C,0.0
3E5S,1565,A,98,LYS,O,0.0
3E5S,1566,A,98,LYS,H,0.0
3E5S,1567,A,98,LYS,H,0.0
3E5S,1568,A,98,LYS,C,0.0
3E5S,1569,A,98,LYS,C,0.0
3E5S,1570,A,98,LYS,C,0.0
3E5S,1571,A,98,LYS,C,0.008805623
3E5S,1572,A,98,LYS,N,0.010252393
3E5S,1573,A,98,LYS,H,0.031855747
3E5S,1574,A,98,LYS,H,0.0
3E5S,1575,A,98,LYS,H,0.0
3E5S,1576,A,98,LYS,H,0.0
3E5S,1577,A,98,LYS,H,0.015927874
3E5S,1578,A,98,LYS,H,0.054862678
3E5S,1579,A,98,LYS,H,0.14866015
3E5S,1580,A,98,LYS,H,0.11768929
3E5S,1581,A,98,LYS,H,0.28581685
3E5S,1582,A,98,LYS,H,0.2495367
3E5S,1583,A,98,LYS,H,0.18936472
3E5S,1584,A,99,VAL,N,0.0
3E5S,1585,A,99,VAL,CA,0.0
3E5S,1586,A,99,VAL,C,0.0
3E5S,1587,A,99,VAL,O,0.12835187
3E5S,1588,A,99,VAL,H,0.0
3E5S,1589,A,99,VAL,H,0.0
3E5S,1590,A,99,VAL,C,0.0
3E5S,1591,A,99,VAL,C,0.0
3E5S,1592,A,99,VAL,C,0.0
3E5S,1593,A,99,VAL,H,0.0
3E5S,1594,A,99,VAL,H,0.0
3E5S,1595,A,99,VAL,H,0.0
3E5S,1596,A,99,VAL,H,0.0
3E5S,1597,A,99,VAL,H,0.0
3E5S,1598,A,99,VAL,H,0.0
3E5S,1599,A,99,VAL,H,0.0
3E5S,1600,A,100,ALA,N,0.0
3E5S,1601,A,100,ALA,CA,0.0
3E5S,1602,A,100,ALA,C,0.0
3E5S,1603,A,100,ALA,O,0.0
3E5S,1604,A,100,ALA,H,0.0
3E5S,1605,A,100,ALA,H,0.08848819
3E5S,1606,A,100,ALA,C,0.013837407
3E5S,1607,A,100,ALA,H,0.09733701
3E5S,1608,A,100,ALA,H,0.0
3E5S,1609,A,100,ALA,H,0.07609984
3E5S,1610,A,101,TYR,N,0.0
3E5S,1611,A,101,TYR,CA,0.0
3E5S,1612,A,101,TYR,C,0.0
3E5S,1613,A,101,TYR,O,0.0055805156
3E5S,1614,A,101,TYR,H,0.111495115
3E5S,1615,A,101,TYR,H,0.058402203
3E5S,1616,A,101,TYR,C,0.011321515
3E5S,1617,A,101,TYR,C,0.021385085
3E5S,1618,A,101,TYR,C,0.059123468
3E5S,1619,A,101,TYR,C,0.0037738383
3E5S,1620,A,101,TYR,C,0.12327872
3E5S,1621,A,101,TYR,C,0.0075476766
3E5S,1622,A,101,TYR,C,0.06792909
3E5S,1623,A,101,TYR,OH,0.3158572
3E5S,1624,A,101,TYR,H,0.04689874
3E5S,1625,A,101,TYR,H,0.021237165
3E5S,1626,A,101,TYR,H,0.008848819
3E5S,1627,A,101,TYR,H,0.0
3E5S,1628,A,101,TYR,H,0.21325654
3E5S,1629,A,101,TYR,H,0.0
3E5S,1630,A,101,TYR,HO,0.1513148
3E5S,1631,A,102,VAL,N,0.0
3E5S,1632,A,102,VAL,CA,0.0
3E5S,1633,A,102,VAL,C,0.0
3E5S,1634,A,102,VAL,O,0.22880115
3E5S,1635,A,102,VAL,H,0.06105685
3E5S,1636,A,102,VAL,H,0.0
3E5S,1637,A,102,VAL,C,0.0
3E5S,1638,A,102,VAL,C,0.010063569
3E5S,1639,A,102,VAL,C,0.0
3E5S,1640,A,102,VAL,H,0.10884047
3E5S,1641,A,102,VAL,H,0.031855747
3E5S,1642,A,102,VAL,H,0.0
3E5S,1643,A,102,VAL,H,0.048668504
3E5S,1644,A,102,VAL,H,0.0
3E5S,1645,A,102,VAL,H,0.009733701
3E5S,1646,A,102,VAL,H,0.0
3E5S,1647,A,103,TYR,N,0.0
3E5S,1648,A,103,TYR,CA,0.0
3E5S,1649,A,103,TYR,C,0.0
3E5S,1650,A,103,TYR,O,0.0
3E5S,1651,A,103,TYR,H,0.0
3E5S,1652,A,103,TYR,H,0.011503465
3E5S,1653,A,103,TYR,C,0.006289731
3E5S,1654,A,103,TYR,C,0.027674815
3E5S,1655,A,103,TYR,C,0.06667115
3E5S,1656,A,103,TYR,C,0.023900976
3E5S,1657,A,103,TYR,C,0.10566747
3E5S,1658,A,103,TYR,C,0.06415525
3E5S,1659,A,103,TYR,C,0.033964545
3E5S,1660,A,103,TYR,OH,0.1741121
3E5S,1661,A,103,TYR,H,0.114149764
3E5S,1662,A,103,TYR,H,0.0044244095
3E5S,1663,A,103,TYR,H,0.14335087
3E5S,1664,A,103,TYR,H,0.016812757
3E5S,1665,A,103,TYR,H,0.24776693
3E5S,1666,A,103,TYR,H,0.10795559
3E5S,1667,A,103,TYR,HO,0.20794724
3E5S,1668,A,104,LYS,N,0.009113238
3E5S,1669,A,104,LYS,CA,0.0012579461
3E5S,1670,A,104,LYS,C,0.0075476766
3E5S,1671,A,104,LYS,O,0.22322063
3E5S,1672,A,104,LYS,H,0.0044244095
3E5S,1673,A,104,LYS,H,0.038934804
3E5S,1674,A,104,LYS,C,0.0050317845
3E5S,1675,A,104,LYS,C,0.0012579461
3E5S,1676,A,104,LYS,C,0.006289731
3E5S,1677,A,104,LYS,C,0.0050317845
3E5S,1678,A,104,LYS,N,0.0056957738
3E5S,1679,A,104,LYS,H,0.18936472
3E5S,1680,A,104,LYS,H,0.13538693
3E5S,1681,A,104,LYS,H,0.07521496
3E5S,1682,A,104,LYS,H,0.11857417
3E5S,1683,A,104,LYS,H,0.17432173
3E5S,1684,A,104,LYS,H,0.18671007
3E5S,1685,A,104,LYS,H,0.2052926
3E5S,1686,A,104,LYS,H,0.19290425
3E5S,1687,A,104,LYS,H,0.2690041
3E5S,1688,A,104,LYS,H,0.25219133
3E5S,1689,A,104,LYS,H,0.2486518
3E5S,1690,A,105,GLY,N,0.02164394
3E5S,1691,A,105,GLY,CA,0.020127138
3E5S,1692,A,105,GLY,C,0.0
3E5S,1693,A,105,GLY,O,0.010044929
3E5S,1694,A,105,GLY,H,0.06636614
3E5S,1695,A,105,GLY,H,0.18140079
3E5S,1696,A,105,GLY,H,0.096452124
3E5S,1697,A,106,ASN,N,0.0
3E5S,1698,A,106,ASN,CA,0.0
3E5S,1699,A,106,ASN,C,0.0
3E5S,1700,A,106,ASN,O,0.0
3E5S,1701,A,106,ASN,H,0.0
3E5S,1702,A,106,ASN,H,0.0
3E5S,1703,A,106,ASN,C,0.0
3E5S,1704,A,106,ASN,C,0.0075476766
3E5S,1705,A,106,ASN,O,0.0
3E5S,1706,A,106,ASN,N,0.0034174644
3E5S,1707,A,106,ASN,H,0.0
3E5S,1708,A,106,ASN,H,0.0017697638
3E5S,1709,A,106,ASN,H,0.0026546456
3E5S,1710,A,106,ASN,H,0.0
3E5S,1711,A,107,ASN,N,0.0
3E5S,1712,A,107,ASN,CA,0.0
3E5S,1713,A,107,ASN,C,0.0
3E5S,1714,A,107,ASN,O,0.04910854
3E5S,1715,A,107,ASN,H,0.0008848819
3E5S,1716,A,107,ASN,H,0.0
3E5S,1717,A,107,ASN,C,0.0
3E5S,1718,A,107,ASN,C,0.0050317845
3E5S,1719,A,107,ASN,O,0.15179002
3E5S,1720,A,107,ASN,N,0.051261965
3E5S,1721,A,107,ASN,H,0.0
3E5S,1722,A,107,ASN,H,0.0
3E5S,1723,A,107,ASN,H,0.0929126
3E5S,1724,A,107,ASN,H,0.29555055
3E5S,1725,A,108,THR,N,0.0
3E5S,1726,A,108,THR,CA,0.0
3E5S,1727,A,108,THR,C,0.0
3E5S,1728,A,108,THR,O,0.2098274
3E5S,1729,A,108,THR,H,0.0
3E5S,1730,A,108,THR,H,0.08229402
3E5S,1731,A,108,THR,C,0.0
3E5S,1732,A,108,THR,OH,0.007812722
3E5S,1733,A,108,THR,C,0.036480438
3E5S,1734,A,108,THR,H,0.0
3E5S,1735,A,108,THR,HO,0.0
3E5S,1736,A,108,THR,H,0.030970866
3E5S,1737,A,108,THR,H,0.12299858
3E5S,1738,A,108,THR,H,0.02389181
3E5S,1739,A,109,HIS,N,0.0
3E5S,1740,A,109,HIS,CA,0.0
3E5S,1741,A,109,HIS,C,0.0
3E5S,1742,A,109,HIS,O,0.0
3E5S,1743,A,109,HIS,H,0.0
3E5S,1744,A,109,HIS,H,0.010618582
3E5S,1745,A,109,HIS,C,0.0
3E5S,1746,A,109,HIS,C,0.0
3E5S,1747,A,109,HIS,N,0.0
3E5S,1748,A,109,HIS,C,0.0
3E5S,1749,A,109,HIS,C,0.02264303
3E5S,1750,A,109,HIS,N,0.0
3E5S,1751,A,109,HIS,H,0.0
3E5S,1752,A,109,HIS,H,0.0
3E5S,1753,A,109,HIS,H,0.10884047
3E5S,1754,A,109,HIS,H,0.0
3E5S,1755,A,109,HIS,H,0.24245764
3E5S,1756,A,109,HIS,H,0.0
3E5S,1757,A,110,GLU,N,0.0
3E5S,1758,A,110,GLU,CA,0.0
3E5S,1759,A,110,GLU,C,0.0
3E5S,1760,A,110,GLU,O,0.0
3E5S,1761,A,110,GLU,H,0.0
3E5S,1762,A,110,GLU,H,0.0
3E5S,1763,A,110,GLU,C,0.0
3E5S,1764,A,110,GLU,C,0.0
3E5S,1765,A,110,GLU,C,0.0
3E5S,1766,A,110,GLU,O,0.12165524
3E5S,1767,A,110,GLU,O,0.11384252
3E5S,1768,A,110,GLU,H,0.011503465
3E5S,1769,A,110,GLU,H,0.0
3E5S,1770,A,110,GLU,H,0.0
3E5S,1771,A,110,GLU,H,0.0
3E5S,1772,A,111,GLN,N,0.0
3E5S,1773,A,111,GLN,CA,0.0
3E5S,1774,A,111,GLN,C,0.012579462
3E5S,1775,A,111,GLN,O,0.023438167
3E5S,1776,A,111,GLN,H,0.010618582
3E5S,1777,A,111,GLN,H,0.0
3E5S,1778,A,111,GLN,C,0.006289731
3E5S,1779,A,111,GLN,C,0.011321515
3E5S,1780,A,111,GLN,C,0.033964545
3E5S,1781,A,111,GLN,O,0.3203216
3E5S,1782,A,111,GLN,N,0.06948844
3E5S,1783,A,111,GLN,H,0.13804157
3E5S,1784,A,111,GLN,H,0.1805159
3E5S,1785,A,111,GLN,H,0.24599716
3E5S,1786,A,111,GLN,H,0.084063776
3E5S,1787,A,111,GLN,H,0.09025795
3E5S,1788,A,111,GLN,H,0.19909842
3E5S,1789,A,112,LEU,N,0.012530702
3E5S,1790,A,112,LEU,CA,0.0012579461
3E5S,1791,A,112,LEU,C,0.0
3E5S,1792,A,112,LEU,O,0.007812722
3E5S,1793,A,112,LEU,H,0.015042992
3E5S,1794,A,112,LEU,H,0.06105685
3E5S,1795,A,112,LEU,C,0.0
3E5S,1796,A,112,LEU,C,0.0
3E5S,1797,A,112,LEU,C,0.04151222
3E5S,1798,A,112,LEU,C,0.0050317845
3E5S,1799,A,112,LEU,H,0.0
3E5S,1800,A,112,LEU,H,0.09556724
3E5S,1801,A,112,LEU,H,0.0
3E5S,1802,A,112,LEU,H,0.101761416
3E5S,1803,A,112,LEU,H,0.20440772
3E5S,1804,A,112,LEU,H,0.109725356
3E5S,1805,A,112,LEU,H,0.038934804
3E5S,1806,A,112,LEU,H,0.0
3E5S,1807,A,112,LEU,H,0.101761416
3E5S,1808,A,113,LEU,N,0.0
3E5S,1809,A,113,LEU,CA,0.0
3E5S,1810,A,113,LEU,C,0.0
3E5S,1811,A,113,LEU,O,0.0
3E5S,1812,A,113,LEU,H,0.0
3E5S,1813,A,113,LEU,H,0.0
3E5S,1814,A,113,LEU,C,0.0
3E5S,1815,A,113,LEU,C,0.0
3E5S,1816,A,113,LEU,C,0.0
3E5S,1817,A,113,LEU,C,0.0
3E5S,1818,A,113,LEU,H,0.0
3E5S,1819,A,113,LEU,H,0.0
3E5S,1820,A,113,LEU,H,0.0
3E5S,1821,A,113,LEU,H,0.0
3E5S,1822,A,113,LEU,H,0.0
3E5S,1823,A,113,LEU,H,0.0
3E5S,1824,A,113,LEU,H,0.0
3E5S,1825,A,113,LEU,H,0.0
3E5S,1826,A,113,LEU,H,0.0
3E5S,1827,A,114,ARG,N,0.0
3E5S,1828,A,114,ARG,CA,0.0
3E5S,1829,A,114,ARG,C,0.006289731
3E5S,1830,A,114,ARG,O,0.013393238
3E5S,1831,A,114,ARG,H,0.0
3E5S,1832,A,114,ARG,H,0.0
3E5S,1833,A,114,ARG,C,0.0025158923
3E5S,1834,A,114,ARG,C,0.0
3E5S,1835,A,114,ARG,C,0.018869191
3E5S,1836,A,114,ARG,N,0.026200559
3E5S,1837,A,114,ARG,C,0.059123468
3E5S,1838,A,114,ARG,N,0.07062759
3E5S,1839,A,114,ARG,N,0.06948844
3E5S,1840,A,114,ARG,H,0.12830788
3E5S,1841,A,114,ARG,H,0.01415811
3E5S,1842,A,114,ARG,H,0.0
3E5S,1843,A,114,ARG,H,0.0
3E5S,1844,A,114,ARG,H,0.1610485
3E5S,1845,A,114,ARG,H,0.024776693
3E5S,1846,A,114,ARG,H,0.016812757
3E5S,1847,A,114,ARG,H,0.06282661
3E5S,1848,A,114,ARG,H,0.08583354
3E5S,1849,A,114,ARG,H,0.03716504
3E5S,1850,A,114,ARG,H,0.1362718
3E5S,1851,A,115,LYS,N,0.009113238
3E5S,1852,A,115,LYS,CA,0.0012579461
3E5S,1853,A,115,LYS,C,0.0
3E5S,1854,A,115,LYS,O,0.0
3E5S,1855,A,115,LYS,H,0.0
3E5S,1856,A,115,LYS,H,0.03804992
3E5S,1857,A,115,LYS,C,0.0012579461
3E5S,1858,A,115,LYS,C,0.0025158923
3E5S,1859,A,115,LYS,C,0.006289731
3E5S,1860,A,115,LYS,C,0.0050317845
3E5S,1861,A,115,LYS,N,0.0113915475
3E5S,1862,A,115,LYS,H,0.0
3E5S,1863,A,115,LYS,H,0.10618582
3E5S,1864,A,115,LYS,H,0.10087653
3E5S,1865,A,115,LYS,H,0.12388346
3E5S,1866,A,115,LYS,H,0.12742299
3E5S,1867,A,115,LYS,H,0.015042992
3E5S,1868,A,115,LYS,H,0.18671007
3E5S,1869,A,115,LYS,H,0.06017197
3E5S,1870,A,115,LYS,H,0.27696803
3E5S,1871,A,115,LYS,H,0.2150263
3E5S,1872,A,115,LYS,H,0.19732866
3E5S,1873,A,116,ALA,N,0.0011391548
3E5S,1874,A,116,ALA,CA,0.0012579461
3E5S,1875,A,116,ALA,C,0.0
3E5S,1876,A,116,ALA,O,0.0
3E5S,1877,A,116,ALA,H,0.0
3E5S,1878,A,116,ALA,H,0.020352283
3E5S,1879,A,116,ALA,C,0.0
3E5S,1880,A,116,ALA,H,0.0
3E5S,1881,A,116,ALA,H,0.0
3E5S,1882,A,116,ALA,H,0.01858252
3E5S,1883,A,117,GLU,N,0.0
3E5S,1884,A,117,GLU,CA,0.0
3E5S,1885,A,117,GLU,C,0.0
3E5S,1886,A,117,GLU,O,0.0
3E5S,1887,A,117,GLU,H,0.0
3E5S,1888,A,117,GLU,H,0.0
3E5S,1889,A,117,GLU,C,0.0
3E5S,1890,A,117,GLU,C,0.0
3E5S,1891,A,117,GLU,C,0.0
3E5S,1892,A,117,GLU,O,0.1741121
3E5S,1893,A,117,GLU,O,0.0
3E5S,1894,A,117,GLU,H,0.015927874
3E5S,1895,A,117,GLU,H,0.0
3E5S,1896,A,117,GLU,H,0.0
3E5S,1897,A,117,GLU,H,0.025661575
3E5S,1898,A,118,ALA,N,0.0022783095
3E5S,1899,A,118,ALA,CA,0.0
3E5S,1900,A,118,ALA,C,0.0075476766
3E5S,1901,A,118,ALA,O,0.047992434
3E5S,1902,A,118,ALA,H,0.0
3E5S,1903,A,118,ALA,H,0.030085985
3E5S,1904,A,118,ALA,C,0.047801953
3E5S,1905,A,118,ALA,H,0.23980299
3E5S,1906,A,118,ALA,H,0.012388347
3E5S,1907,A,118,ALA,H,0.17609149
3E5S,1908,A,119,GLN,N,0.0022783095
3E5S,1909,A,119,GLN,CA,0.0
3E5S,1910,A,119,GLN,C,0.0
3E5S,1911,A,119,GLN,O,0.0
3E5S,1912,A,119,GLN,H,0.0
3E5S,1913,A,119,GLN,H,0.015042992
3E5S,1914,A,119,GLN,C,0.0
3E5S,1915,A,119,GLN,C,0.0
3E5S,1916,A,119,GLN,C,0.033964545
3E5S,1917,A,119,GLN,O,0.16183496
3E5S,1918,A,119,GLN,N,0.05923605
3E5S,1919,A,119,GLN,H,0.0
3E5S,1920,A,119,GLN,H,0.0017697638
3E5S,1921,A,119,GLN,H,0.0
3E5S,1922,A,119,GLN,H,0.0061941734
3E5S,1923,A,119,GLN,H,0.17874613
3E5S,1924,A,119,GLN,H,0.20175306
3E5S,1925,A,120,ALA,N,0.0
3E5S,1926,A,120,ALA,CA,0.0
3E5S,1927,A,120,ALA,C,0.0
3E5S,1928,A,120,ALA,O,0.0
3E5S,1929,A,120,ALA,H,0.0
3E5S,1930,A,120,ALA,H,0.0
3E5S,1931,A,120,ALA,C,0.0
3E5S,1932,A,120,ALA,H,0.0
3E5S,1933,A,120,ALA,H,0.0
3E5S,1934,A,120,ALA,H,0.0
3E5S,1935,A,121,LYS,N,0.0
3E5S,1936,A,121,LYS,CA,0.0
3E5S,1937,A,121,LYS,C,0.0012579461
3E5S,1938,A,121,LYS,O,0.07812722
3E5S,1939,A,121,LYS,H,0.0
3E5S,1940,A,121,LYS,H,0.0
3E5S,1941,A,121,LYS,C,0.0
3E5S,1942,A,121,LYS,C,0.0
3E5S,1943,A,121,LYS,C,0.0
3E5S,1944,A,121,LYS,C,0.0
3E5S,1945,A,121,LYS,N,0.009113238
3E5S,1946,A,121,LYS,H,0.114149764
3E5S,1947,A,121,LYS,H,0.029201102
3E5S,1948,A,121,LYS,H,0.0
3E5S,1949,A,121,LYS,H,0.0
3E5S,1950,A,121,LYS,H,0.13538693
3E5S,1951,A,121,LYS,H,0.12919275
3E5S,1952,A,121,LYS,H,0.033625513
3E5S,1953,A,121,LYS,H,0.0
3E5S,1954,A,121,LYS,H,0.24776693
3E5S,1955,A,121,LYS,H,0.2052926
3E5S,1956,A,121,LYS,H,0.21414141
3E5S,1957,A,122,LYS,N,0.0056957738
3E5S,1958,A,122,LYS,CA,0.0025158923
3E5S,1959,A,122,LYS,C,0.0
3E5S,1960,A,122,LYS,O,0.248891
3E5S,1961,A,122,LYS,H,0.0
3E5S,1962,A,122,LYS,H,0.12565322
3E5S,1963,A,122,LYS,C,0.0
3E5S,1964,A,122,LYS,C,0.0
3E5S,1965,A,122,LYS,C,0.0050317845
3E5S,1966,A,122,LYS,C,0.011321515
3E5S,1967,A,122,LYS,N,0.007974084
3E5S,1968,A,122,LYS,H,0.0017697638
3E5S,1969,A,122,LYS,H,0.027431339
3E5S,1970,A,122,LYS,H,0.109725356
3E5S,1971,A,122,LYS,H,0.06194173
3E5S,1972,A,122,LYS,H,0.20086819
3E5S,1973,A,122,LYS,H,0.026546456
3E5S,1974,A,122,LYS,H,0.24334252
3E5S,1975,A,122,LYS,H,0.21237165
3E5S,1976,A,122,LYS,H,0.27608314
3E5S,1977,A,122,LYS,H,0.14246598
3E5S,1978,A,122,LYS,H,0.25484598
3E5S,1979,A,123,GLU,N,0.0
3E5S,1980,A,123,GLU,CA,0.0
3E5S,1981,A,123,GLU,C,0.017611247
3E5S,1982,A,123,GLU,O,0.19643416
3E5S,1983,A,123,GLU,H,0.0
3E5S,1984,A,123,GLU,H,0.11238
3E5S,1985,A,123,GLU,C,0.0
3E5S,1986,A,123,GLU,C,0.0012579461
3E5S,1987,A,123,GLU,C,0.037738383
3E5S,1988,A,123,GLU,O,0.0714306
3E5S,1989,A,123,GLU,O,0.12500355
3E5S,1990,A,123,GLU,H,0.07609984
3E5S,1991,A,123,GLU,H,0.0
3E5S,1992,A,123,GLU,H,0.0026546456
3E5S,1993,A,123,GLU,H,0.20440772
3E5S,1994,A,124,LYS,N,0.0
3E5S,1995,A,124,LYS,CA,0.0
3E5S,1996,A,124,LYS,C,0.0
3E5S,1997,A,124,LYS,O,0.083707735
3E5S,1998,A,124,LYS,H,0.0
3E5S,1999,A,124,LYS,H,0.0
3E5S,2000,A,124,LYS,C,0.0
3E5S,2001,A,124,LYS,C,0.0050317845
3E5S,2002,A,124,LYS,C,0.0037738383
3E5S,2003,A,124,LYS,C,0.0075476766
3E5S,2004,A,124,LYS,N,0.012530702
3E5S,2005,A,124,LYS,H,0.0
3E5S,2006,A,124,LYS,H,0.09999165
3E5S,2007,A,124,LYS,H,0.13096252
3E5S,2008,A,124,LYS,H,0.05132315
3E5S,2009,A,124,LYS,H,0.1858252
3E5S,2010,A,124,LYS,H,0.043359213
3E5S,2011,A,124,LYS,H,0.11503465
3E5S,2012,A,124,LYS,H,0.19290425
3E5S,2013,A,124,LYS,H,0.28493196
3E5S,2014,A,124,LYS,H,0.22741464
3E5S,2015,A,124,LYS,H,0.23183906
3E5S,2016,A,125,LEU,N,0.0
3E5S,2017,A,125,LEU,CA,0.0
3E5S,2018,A,125,LEU,C,0.0
3E5S,2019,A,125,LEU,O,0.0
3E5S,2020,A,125,LEU,H,0.0
3E5S,2021,A,125,LEU,H,0.0035395275
3E5S,2022,A,125,LEU,C,0.0
3E5S,2023,A,125,LEU,C,0.0
3E5S,2024,A,125,LEU,C,0.04528606
3E5S,2025,A,125,LEU,C,0.0012579461
3E5S,2026,A,125,LEU,H,0.0
3E5S,2027,A,125,LEU,H,0.0
3E5S,2028,A,125,LEU,H,0.015042992
3E5S,2029,A,125,LEU,H,0.23626347
3E5S,2030,A,125,LEU,H,0.02831622
3E5S,2031,A,125,LEU,H,0.13007763
3E5S,2032,A,125,LEU,H,0.015927874
3E5S,2033,A,125,LEU,H,0.0
3E5S,2034,A,125,LEU,H,0.008848819
3E5S,2035,A,126,ASN,N,0.0
3E5S,2036,A,126,ASN,CA,0.0
3E5S,2037,A,126,ASN,C,0.0
3E5S,2038,A,126,ASN,O,0.0
3E5S,2039,A,126,ASN,H,0.06548126
3E5S,2040,A,126,ASN,H,0.008848819
3E5S,2041,A,126,ASN,C,0.0
3E5S,2042,A,126,ASN,C,0.006289731
3E5S,2043,A,126,ASN,O,0.090404354
3E5S,2044,A,126,ASN,N,0.053540275
3E5S,2045,A,126,ASN,H,0.0
3E5S,2046,A,126,ASN,H,0.0
3E5S,2047,A,126,ASN,H,0.06548126
3E5S,2048,A,126,ASN,H,0.2831622
3E5S,2049,A,127,ILE,N,0.0
3E5S,2050,A,127,ILE,CA,0.0
3E5S,2051,A,127,ILE,C,0.0
3E5S,2052,A,127,ILE,O,0.19308585
3E5S,2053,A,127,ILE,H,0.0
3E5S,2054,A,127,ILE,H,0.0008848819
3E5S,2055,A,127,ILE,C,0.0
3E5S,2056,A,127,ILE,C,0.0
3E5S,2057,A,127,ILE,C,0.0075476766
3E5S,2058,A,127,ILE,C,0.0
3E5S,2059,A,127,ILE,H,0.109725356
3E5S,2060,A,127,ILE,H,0.0
3E5S,2061,A,127,ILE,H,0.0
3E5S,2062,A,127,ILE,H,0.012388347
3E5S,2063,A,127,ILE,H,0.0
3E5S,2064,A,127,ILE,H,0.013273228
3E5S,2065,A,127,ILE,H,0.0
3E5S,2066,A,127,ILE,H,0.0
3E5S,2067,A,127,ILE,H,0.008848819
3E5S,2068,A,128,TRP,N,0.0
3E5S,2069,A,128,TRP,CA,0.0
3E5S,2070,A,128,TRP,C,0.010063569
3E5S,2071,A,128,TRP,O,0.108262
3E5S,2072,A,128,TRP,H,0.0
3E5S,2073,A,128,TRP,H,0.030970866
3E5S,2074,A,128,TRP,C,0.0
3E5S,2075,A,128,TRP,C,0.0
3E5S,2076,A,128,TRP,C,0.0
3E5S,2077,A,128,TRP,C,0.0
3E5S,2078,A,128,TRP,N,0.0
3E5S,2079,A,128,TRP,C,0.0
3E5S,2080,A,128,TRP,C,0.020127138
3E5S,2081,A,128,TRP,C,0.0
3E5S,2082,A,128,TRP,C,0.030190706
3E5S,2083,A,128,TRP,C,0.0
3E5S,2084,A,128,TRP,H,0.04689874
3E5S,2085,A,128,TRP,H,0.0
3E5S,2086,A,128,TRP,H,0.0
3E5S,2087,A,128,TRP,H,0.0
3E5S,2088,A,128,TRP,H,0.13007763
3E5S,2089,A,128,TRP,H,0.0
3E5S,2090,A,128,TRP,H,0.21768095
3E5S,2091,A,128,TRP,H,0.057517324
3E5S,2092,A,129,SER,N,0.0
3E5S,2093,A,129,SER,CA,0.0
3E5S,2094,A,129,SER,C,0.02264303
3E5S,2095,A,129,SER,O,0.46987942
3E5S,2096,A,129,SER,H,0.0
3E5S,2097,A,129,SER,H,0.017697638
3E5S,2098,A,129,SER,C,0.008805623
3E5S,2099,A,129,SER,OH,0.007812722
3E5S,2100,A,129,SER,H,0.011503465
3E5S,2101,A,129,SER,H,0.18317056
3E5S,2102,A,129,SER,HO,0.21679606
3E5S,2103,A,129,SER,O,0.06919839
3E5S,2104,B,130,LEU,N,0.009113238
3E5S,2105,B,130,LEU,CA,0.0
3E5S,2106,B,130,LEU,C,0.0
3E5S,2107,B,130,LEU,O,0.25112322
3E5S,2108,B,130,LEU,H,0.071675435
3E5S,2109,B,130,LEU,H,0.16901244
3E5S,2110,B,130,LEU,H,0.18847984
3E5S,2111,B,130,LEU,H,0.035395276
3E5S,2112,B,130,LEU,C,0.0
3E5S,2113,B,130,LEU,C,0.0
3E5S,2114,B,130,LEU,C,0.0
3E5S,2115,B,130,LEU,C,0.0
3E5S,2116,B,130,LEU,H,0.0
3E5S,2117,B,130,LEU,H,0.07344519
3E5S,2118,B,130,LEU,H,0.0
3E5S,2119,B,130,LEU,H,0.0
3E5S,2120,B,130,LEU,H,0.027431339
3E5S,2121,B,130,LEU,H,0.0
3E5S,2122,B,130,LEU,H,0.0
3E5S,2123,B,130,LEU,H,0.0
3E5S,2124,B,130,LEU,H,0.0
3E5S,2125,B,131,HIS,N,0.0
3E5S,2126,B,131,HIS,CA,0.0
3E5S,2127,B,131,HIS,C,0.0
3E5S,2128,B,131,HIS,O,0.0011161031
3E5S,2129,B,131,HIS,H,0.0
3E5S,2130,B,131,HIS,H,0.081409134
3E5S,2131,B,131,HIS,C,0.015095353
3E5S,2132,B,131,HIS,C,0.035222493
3E5S,2133,B,131,HIS,N,0.02847887
3E5S,2134,B,131,HIS,C,0.08679828
3E5S,2135,B,131,HIS,C,0.115731046
3E5S,2136,B,131,HIS,N,0.035313796
3E5S,2137,B,131,HIS,H,0.14246598
3E5S,2138,B,131,HIS,H,0.1513148
3E5S,2139,B,131,HIS,H,0.12653811
3E5S,2140,B,131,HIS,H,0.0929126
3E5S,2141,B,131,HIS,H,0.096452124
3E5S,2142,B,131,HIS,H,0.058402203
3E5S,2143,B,132,LYS,N,0.0
3E5S,2144,B,132,LYS,CA,0.0
3E5S,2145,B,132,LYS,C,0.0
3E5S,2146,B,132,LYS,O,0.19866636
3E5S,2147,B,132,LYS,H,0.06548126
3E5S,2148,B,132,LYS,H,0.0
3E5S,2149,B,132,LYS,C,0.0
3E5S,2150,B,132,LYS,C,0.0
3E5S,2151,B,132,LYS,C,0.0
3E5S,2152,B,132,LYS,C,0.0075476766
3E5S,2153,B,132,LYS,N,0.0
3E5S,2154,B,132,LYS,H,0.0
3E5S,2155,B,132,LYS,H,0.069020785
3E5S,2156,B,132,LYS,H,0.03628016
3E5S,2157,B,132,LYS,H,0.0
3E5S,2158,B,132,LYS,H,0.0
3E5S,2159,B,132,LYS,H,0.058402203
3E5S,2160,B,132,LYS,H,0.20794724
3E5S,2161,B,132,LYS,H,0.013273228
3E5S,2162,B,132,LYS,H,0.17255197
3E5S,2163,B,132,LYS,H,0.0
3E5S,2164,B,132,LYS,H,0.13804157
3E5S,2165,B,133,GLU,N,0.0
3E5S,2166,B,133,GLU,CA,0.0
3E5S,2167,B,133,GLU,C,0.0
3E5S,2168,B,133,GLU,O,0.0
3E5S,2169,B,133,GLU,H,0.0
3E5S,2170,B,133,GLU,H,0.029201102
3E5S,2171,B,133,GLU,C,0.0
3E5S,2172,B,133,GLU,C,0.0
3E5S,2173,B,133,GLU,C,0.013837407
3E5S,2174,B,133,GLU,O,0.06250177
3E5S,2175,B,133,GLU,O,0.03906361
3E5S,2176,B,133,GLU,H,0.0035395275
3E5S,2177,B,133,GLU,H,0.0
3E5S,2178,B,133,GLU,H,0.0008848819
3E5S,2179,B,133,GLU,H,0.035395276
3E5S,2180,B,134,PRO,N,0.0
3E5S,2181,B,134,PRO,CA,0.0
3E5S,2182,B,134,PRO,C,0.0
3E5S,2183,B,134,PRO,O,0.013393238
3E5S,2184,B,134,PRO,H,0.0
3E5S,2185,B,134,PRO,C,0.025158923
3E5S,2186,B,134,PRO,C,0.030190706
3E5S,2187,B,134,PRO,C,0.011321515
3E5S,2188,B,134,PRO,H,0.10707071
3E5S,2189,B,134,PRO,H,0.19732866
3E5S,2190,B,134,PRO,H,0.26015526
3E5S,2191,B,134,PRO,H,0.12830788
3E5S,2192,B,134,PRO,H,0.16547291
3E5S,2193,B,134,PRO,H,0.09822189
3E5S,2194,B,135,ALA,N,0.0
3E5S,2195,B,135,ALA,CA,0.0012579461
3E5S,2196,B,135,ALA,C,0.0037738383
3E5S,2197,B,135,ALA,O,0.026786476
3E5S,2198,B,135,ALA,H,0.0061941734
3E5S,2199,B,135,ALA,H,0.048668504
3E5S,2200,B,135,ALA,C,0.0
3E5S,2201,B,135,ALA,H,0.0
3E5S,2202,B,135,ALA,H,0.0
3E5S,2203,B,135,ALA,H,0.0
3E5S,2204,B,136,THR,N,0.0
3E5S,2205,B,136,THR,CA,0.0
3E5S,2206,B,136,THR,C,0.0
3E5S,2207,B,136,THR,O,0.0
3E5S,2208,B,136,THR,H,0.0026546456
3E5S,2209,B,136,THR,H,0.017697638
3E5S,2210,B,136,THR,C,0.0
3E5S,2211,B,136,THR,OH,0.006696619
3E5S,2212,B,136,THR,C,0.056607574
3E5S,2213,B,136,THR,H,0.0831789
3E5S,2214,B,136,THR,HO,0.09114283
3E5S,2215,B,136,THR,H,0.24599716
3E5S,2216,B,136,THR,H,0.17255197
3E5S,2217,B,136,THR,H,0.23360881
3E5S,2218,B,137,LEU,N,0.0
3E5S,2219,B,137,LEU,CA,0.0
3E5S,2220,B,137,LEU,C,0.0
3E5S,2221,B,137,LEU,O,0.1774604
3E5S,2222,B,137,LEU,H,0.06282661
3E5S,2223,B,137,LEU,H,0.0
3E5S,2224,B,137,LEU,C,0.0
3E5S,2225,B,137,LEU,C,0.0
3E5S,2226,B,137,LEU,C,0.0
3E5S,2227,B,137,LEU,C,0.0012579461
3E5S,2228,B,137,LEU,H,0.10884047
3E5S,2229,B,137,LEU,H,0.0017697638
3E5S,2230,B,137,LEU,H,0.0017697638
3E5S,2231,B,137,LEU,H,0.0
3E5S,2232,B,137,LEU,H,0.0
3E5S,2233,B,137,LEU,H,0.0
3E5S,2234,B,137,LEU,H,0.0017697638
3E5S,2235,B,137,LEU,H,0.12565322
3E5S,2236,B,137,LEU,H,0.0
3E5S,2237,B,138,ILE,N,0.0
3E5S,2238,B,138,ILE,CA,0.0
3E5S,2239,B,138,ILE,C,0.0
3E5S,2240,B,138,ILE,O,0.2555876
3E5S,2241,B,138,ILE,H,0.0
3E5S,2242,B,138,ILE,H,0.058402203
3E5S,2243,B,138,ILE,C,0.0
3E5S,2244,B,138,ILE,C,0.0
3E5S,2245,B,138,ILE,C,0.03899633
3E5S,2246,B,138,ILE,C,0.0
3E5S,2247,B,138,ILE,H,0.0
3E5S,2248,B,138,ILE,H,0.0
3E5S,2249,B,138,ILE,H,0.06194173
3E5S,2250,B,138,ILE,H,0.024776693
3E5S,2251,B,138,ILE,H,0.19555889
3E5S,2252,B,138,ILE,H,0.039819684
3E5S,2253,B,138,ILE,H,0.0
3E5S,2254,B,138,ILE,H,0.059287086
3E5S,2255,B,138,ILE,H,0.0
3E5S,2256,B,139,LYS,N,0.0
3E5S,2257,B,139,LYS,CA,0.0
3E5S,2258,B,139,LYS,C,0.0
3E5S,2259,B,139,LYS,O,0.0
3E5S,2260,B,139,LYS,H,0.0
3E5S,2261,B,139,LYS,H,0.04247433
3E5S,2262,B,139,LYS,C,0.0
3E5S,2263,B,139,LYS,C,0.0
3E5S,2264,B,139,LYS,C,0.0
3E5S,2265,B,139,LYS,C,0.011321515
3E5S,2266,B,139,LYS,N,0.006834929
3E5S,2267,B,139,LYS,H,0.0
3E5S,2268,B,139,LYS,H,0.09202772
3E5S,2269,B,139,LYS,H,0.19644378
3E5S,2270,B,139,LYS,H,0.0026546456
3E5S,2271,B,139,LYS,H,0.007079055
3E5S,2272,B,139,LYS,H,0.17078221
3E5S,2273,B,139,LYS,H,0.18936472
3E5S,2274,B,139,LYS,H,0.007079055
3E5S,2275,B,139,LYS,H,0.1902496
3E5S,2276,B,139,LYS,H,0.18317056
3E5S,2277,B,139,LYS,H,0.2495367
3E5S,2278,B,140,ALA,N,0.0
3E5S,2279,B,140,ALA,CA,0.0
3E5S,2280,B,140,ALA,C,0.0
3E5S,2281,B,140,ALA,O,0.085939944
3E5S,2282,B,140,ALA,H,0.007963937
3E5S,2283,B,140,ALA,H,0.0
3E5S,2284,B,140,ALA,C,0.0
3E5S,2285,B,140,ALA,H,0.0061941734
3E5S,2286,B,140,ALA,H,0.0035395275
3E5S,2287,B,140,ALA,H,0.0
3E5S,2288,B,141,ILE,N,0.0
3E5S,2289,B,141,ILE,CA,0.0
3E5S,2290,B,141,ILE,C,0.0012579461
3E5S,2291,B,141,ILE,O,0.27009696
3E5S,2292,B,141,ILE,H,0.0
3E5S,2293,B,141,ILE,H,0.0
3E5S,2294,B,141,ILE,C,0.0
3E5S,2295,B,141,ILE,C,0.0
3E5S,2296,B,141,ILE,C,0.03899633
3E5S,2297,B,141,ILE,C,0.0050317845
3E5S,2298,B,141,ILE,H,0.0
3E5S,2299,B,141,ILE,H,0.0
3E5S,2300,B,141,ILE,H,0.01415811
3E5S,2301,B,141,ILE,H,0.10618582
3E5S,2302,B,141,ILE,H,0.08760331
3E5S,2303,B,141,ILE,H,0.024776693
3E5S,2304,B,141,ILE,H,0.0
3E5S,2305,B,141,ILE,H,0.07433008
3E5S,2306,B,141,ILE,H,0.0
3E5S,2307,B,142,ASP,N,0.0
3E5S,2308,B,142,ASP,CA,0.0
3E5S,2309,B,142,ASP,C,0.0
3E5S,2310,B,142,ASP,O,0.0044644126
3E5S,2311,B,142,ASP,H,0.0
3E5S,2312,B,142,ASP,H,0.030085985
3E5S,2313,B,142,ASP,C,0.006289731
3E5S,2314,B,142,ASP,C,0.0012579461
3E5S,2315,B,142,ASP,O,0.0
3E5S,2316,B,142,ASP,O,0.26228425
3E5S,2317,B,142,ASP,H,0.12122882
3E5S,2318,B,142,ASP,H,0.08494866
3E5S,2319,B,143,GLY,N,0.0
3E5S,2320,B,143,GLY,CA,0.0
3E5S,2321,B,143,GLY,C,0.0
3E5S,2322,B,143,GLY,O,0.0
3E5S,2323,B,143,GLY,H,0.02300693
3E5S,2324,B,143,GLY,H,0.0
3E5S,2325,B,143,GLY,H,0.0
3E5S,2326,B,144,ASP,N,0.0
3E5S,2327,B,144,ASP,CA,0.0
3E5S,2328,B,144,ASP,C,0.0
3E5S,2329,B,144,ASP,O,0.0
3E5S,2330,B,144,ASP,H,0.0
3E5S,2331,B,144,ASP,H,0.0
3E5S,2332,B,144,ASP,C,0.0012579461
3E5S,2333,B,144,ASP,C,0.0
3E5S,2334,B,144,ASP,O,0.0
3E5S,2335,B,144,ASP,O,0.04910854
3E5S,2336,B,144,ASP,H,0.0
3E5S,2337,B,144,ASP,H,0.04247433
3E5S,2338,B,145,THR,N,0.0
3E5S,2339,B,145,THR,CA,0.0
3E5S,2340,B,145,THR,C,0.0
3E5S,2341,B,145,THR,O,0.0
3E5S,2342,B,145,THR,H,0.0
3E5S,2343,B,145,THR,H,0.0
3E5S,2344,B,145,THR,C,0.0
3E5S,2345,B,145,THR,OH,0.010044929
3E5S,2346,B,145,THR,C,0.0
3E5S,2347,B,145,THR,H,0.0
3E5S,2348,B,145,THR,HO,0.0
3E5S,2349,B,145,THR,H,0.052208032
3E5S,2350,B,145,THR,H,0.01415811
3E5S,2351,B,145,THR,H,0.0
3E5S,2352,B,146,VAL,N,0.0
3E5S,2353,B,146,VAL,CA,0.0
3E5S,2354,B,146,VAL,C,0.0
3E5S,2355,B,146,VAL,O,0.0
3E5S,2356,B,146,VAL,H,0.0
3E5S,2357,B,146,VAL,H,0.0
3E5S,2358,B,146,VAL,C,0.0
3E5S,2359,B,146,VAL,C,0.0
3E5S,2360,B,146,VAL,C,0.0
3E5S,2361,B,146,VAL,H,0.0
3E5S,2362,B,146,VAL,H,0.0
3E5S,2363,B,146,VAL,H,0.0
3E5S,2364,B,146,VAL,H,0.0
3E5S,2365,B,146,VAL,H,0.0
3E5S,2366,B,146,VAL,H,0.0
3E5S,2367,B,146,VAL,H,0.0
3E5S,2368,B,147,LYS,N,0.0
3E5S,2369,B,147,LYS,CA,0.0
3E5S,2370,B,147,LYS,C,0.0
3E5S,2371,B,147,LYS,O,0.0
3E5S,2372,B,147,LYS,H,0.0
3E5S,2373,B,147,LYS,H,0.0
3E5S,2374,B,147,LYS,C,0.0
3E5S,2375,B,147,LYS,C,0.0
3E5S,2376,B,147,LYS,C,0.0037738383
3E5S,2377,B,147,LYS,C,0.0075476766
3E5S,2378,B,147,LYS,N,0.004556619
3E5S,2379,B,147,LYS,H,0.0
3E5S,2380,B,147,LYS,H,0.0
3E5S,2381,B,147,LYS,H,0.0
3E5S,2382,B,147,LYS,H,0.0
3E5S,2383,B,147,LYS,H,0.07344519
3E5S,2384,B,147,LYS,H,0.07433008
3E5S,2385,B,147,LYS,H,0.23803322
3E5S,2386,B,147,LYS,H,0.076984726
3E5S,2387,B,147,LYS,H,0.1415811
3E5S,2388,B,147,LYS,H,0.0008848819
3E5S,2389,B,147,LYS,H,0.21856582
3E5S,2390,B,148,LEU,N,0.0
3E5S,2391,B,148,LEU,CA,0.0
3E5S,2392,B,148,LEU,C,0.0
3E5S,2393,B,148,LEU,O,0.0
3E5S,2394,B,148,LEU,H,0.0
3E5S,2395,B,148,LEU,H,0.0
3E5S,2396,B,148,LEU,C,0.0
3E5S,2397,B,148,LEU,C,0.0
3E5S,2398,B,148,LEU,C,0.0
3E5S,2399,B,148,LEU,C,0.0
3E5S,2400,B,148,LEU,H,0.0
3E5S,2401,B,148,LEU,H,0.0
3E5S,2402,B,148,LEU,H,0.0
3E5S,2403,B,148,LEU,H,0.0
3E5S,2404,B,148,LEU,H,0.0
3E5S,2405,B,148,LEU,H,0.0
3E5S,2406,B,148,LEU,H,0.0
3E5S,2407,B,148,LEU,H,0.0
3E5S,2408,B,148,LEU,H,0.0
3E5S,2409,B,149,MET,N,0.0
3E5S,2410,B,149,MET,CA,0.0
3E5S,2411,B,149,MET,C,0.0
3E5S,2412,B,149,MET,O,0.01785765
3E5S,2413,B,149,MET,H,0.0
3E5S,2414,B,149,MET,H,0.0
3E5S,2415,B,149,MET,C,0.0
3E5S,2416,B,149,MET,C,0.0
3E5S,2417,B,149,MET,S,0.24261473
3E5S,2418,B,149,MET,C,0.07799266
3E5S,2419,B,149,MET,H,0.0
3E5S,2420,B,149,MET,H,0.0
3E5S,2421,B,149,MET,H,0.0
3E5S,2422,B,149,MET,H,0.013273228
3E5S,2423,B,149,MET,H,0.27873778
3E5S,2424,B,149,MET,H,0.069020785
3E5S,2425,B,149,MET,H,0.071675435
3E5S,2426,B,150,TYR,N,0.0
3E5S,2427,B,150,TYR,CA,0.0
3E5S,2428,B,150,TYR,C,0.0
3E5S,2429,B,150,TYR,O,0.011161031
3E5S,2430,B,150,TYR,H,0.0
3E5S,2431,B,150,TYR,H,0.0
3E5S,2432,B,150,TYR,C,0.0
3E5S,2433,B,150,TYR,C,0.0
3E5S,2434,B,150,TYR,C,0.0
3E5S,2435,B,150,TYR,C,0.0012579461
3E5S,2436,B,150,TYR,C,0.0
3E5S,2437,B,150,TYR,C,0.0037738383
3E5S,2438,B,150,TYR,C,0.0
3E5S,2439,B,150,TYR,OH,0.0
3E5S,2440,B,150,TYR,H,0.0
3E5S,2441,B,150,TYR,H,0.0
3E5S,2442,B,150,TYR,H,0.0
3E5S,2443,B,150,TYR,H,0.035395276
3E5S,2444,B,150,TYR,H,0.0035395275
3E5S,2445,B,150,TYR,H,0.14777528
3E5S,2446,B,150,TYR,HO,0.05309291
3E5S,2447,B,151,LYS,N,0.0
3E5S,2448,B,151,LYS,CA,0.0
3E5S,2449,B,151,LYS,C,0.031448655
3E5S,2450,B,151,LYS,O,0.12165524
3E5S,2451,B,151,LYS,H,0.029201102
3E5S,2452,B,151,LYS,H,0.1371567
3E5S,2453,B,151,LYS,C,0.0
3E5S,2454,B,151,LYS,C,0.0
3E5S,2455,B,151,LYS,C,0.0025158923
3E5S,2456,B,151,LYS,C,0.011321515
3E5S,2457,B,151,LYS,N,0.0
3E5S,2458,B,151,LYS,H,0.11503465
3E5S,2459,B,151,LYS,H,0.06017197
3E5S,2460,B,151,LYS,H,0.017697638
3E5S,2461,B,151,LYS,H,0.13361716
3E5S,2462,B,151,LYS,H,0.16281827
3E5S,2463,B,151,LYS,H,0.034510393
3E5S,2464,B,151,LYS,H,0.21325654
3E5S,2465,B,151,LYS,H,0.20706236
3E5S,2466,B,151,LYS,H,0.18847984
3E5S,2467,B,151,LYS,H,0.0
3E5S,2468,B,151,LYS,H,0.15839386
3E5S,2469,B,152,GLY,N,0.018226476
3E5S,2470,B,152,GLY,CA,0.020127138
3E5S,2471,B,152,GLY,C,0.0
3E5S,2472,B,152,GLY,O,0.18080871
3E5S,2473,B,152,GLY,H,0.10618582
3E5S,2474,B,152,GLY,H,0.101761416
3E5S,2475,B,152,GLY,H,0.17432173
3E5S,2476,B,153,GLN,N,0.0
3E5S,2477,B,153,GLN,CA,0.0
3E5S,2478,B,153,GLN,C,0.0
3E5S,2479,B,153,GLN,O,0.0
3E5S,2480,B,153,GLN,H,0.0
3E5S,2481,B,153,GLN,H,0.0017697638
3E5S,2482,B,153,GLN,C,0.0050317845
3E5S,2483,B,153,GLN,C,0.0037738383
3E5S,2484,B,153,GLN,C,0.03899633
3E5S,2485,B,153,GLN,O,0.2779097
3E5S,2486,B,153,GLN,N,0.084297456
3E5S,2487,B,153,GLN,H,0.071675435
3E5S,2488,B,153,GLN,H,0.071675435
3E5S,2489,B,153,GLN,H,0.24599716
3E5S,2490,B,153,GLN,H,0.007079055
3E5S,2491,B,153,GLN,H,0.18936472
3E5S,2492,B,153,GLN,H,0.29024127
3E5S,2493,B,154,PRO,N,0.0
3E5S,2494,B,154,PRO,CA,0.0
3E5S,2495,B,154,PRO,C,0.0025158923
3E5S,2496,B,154,PRO,O,0.12946796
3E5S,2497,B,154,PRO,H,0.0
3E5S,2498,B,154,PRO,C,0.0
3E5S,2499,B,154,PRO,C,0.013837407
3E5S,2500,B,154,PRO,C,0.012579462
3E5S,2501,B,154,PRO,H,0.049553387
3E5S,2502,B,154,PRO,H,0.0035395275
3E5S,2503,B,154,PRO,H,0.2344937
3E5S,2504,B,154,PRO,H,0.1513148
3E5S,2505,B,154,PRO,H,0.10618582
3E5S,2506,B,154,PRO,H,0.040704567
3E5S,2507,B,155,MET,N,0.0
3E5S,2508,B,155,MET,CA,0.0
3E5S,2509,B,155,MET,C,0.0
3E5S,2510,B,155,MET,O,0.0
3E5S,2511,B,155,MET,H,0.0
3E5S,2512,B,155,MET,H,0.08229402
3E5S,2513,B,155,MET,C,0.0
3E5S,2514,B,155,MET,C,0.0
3E5S,2515,B,155,MET,S,0.08846725
3E5S,2516,B,155,MET,C,0.020127138
3E5S,2517,B,155,MET,H,0.0
3E5S,2518,B,155,MET,H,0.022122048
3E5S,2519,B,155,MET,H,0.069020785
3E5S,2520,B,155,MET,H,0.0
3E5S,2521,B,155,MET,H,0.06990567
3E5S,2522,B,155,MET,H,0.116804406
3E5S,2523,B,155,MET,H,0.0
3E5S,2524,B,156,THR,N,0.0
3E5S,2525,B,156,THR,CA,0.0
3E5S,2526,B,156,THR,C,0.0
3E5S,2527,B,156,THR,O,0.0
3E5S,2528,B,156,THR,H,0.07344519
3E5S,2529,B,156,THR,H,0.0
3E5S,2530,B,156,THR,C,0.0
3E5S,2531,B,156,THR,OH,0.04910854
3E5S,2532,B,156,THR,C,0.0
3E5S,2533,B,156,THR,H,0.030970866
3E5S,2534,B,156,THR,HO,0.2300693
3E5S,2535,B,156,THR,H,0.06990567
3E5S,2536,B,156,THR,H,0.0
3E5S,2537,B,156,THR,H,0.0
3E5S,2538,B,157,PHE,N,0.0
3E5S,2539,B,157,PHE,CA,0.0
3E5S,2540,B,157,PHE,C,0.0
3E5S,2541,B,157,PHE,O,0.0
3E5S,2542,B,157,PHE,H,0.0
3E5S,2543,B,157,PHE,H,0.0
3E5S,2544,B,157,PHE,C,0.0
3E5S,2545,B,157,PHE,C,0.0
3E5S,2546,B,157,PHE,C,0.0
3E5S,2547,B,157,PHE,C,0.0
3E5S,2548,B,157,PHE,C,0.0
3E5S,2549,B,157,PHE,C,0.0
3E5S,2550,B,157,PHE,C,0.0
3E5S,2551,B,157,PHE,H,0.0
3E5S,2552,B,157,PHE,H,0.0
3E5S,2553,B,157,PHE,H,0.0
3E5S,2554,B,157,PHE,H,0.0
3E5S,2555,B,157,PHE,H,0.0
3E5S,2556,B,157,PHE,H,0.0
3E5S,2557,B,157,PHE,H,0.0
3E5S,2558,B,158,ARG,N,0.0
3E5S,2559,B,158,ARG,CA,0.0
3E5S,2560,B,158,ARG,C,0.0
3E5S,2561,B,158,ARG,O,0.0
3E5S,2562,B,158,ARG,H,0.0
3E5S,2563,B,158,ARG,H,0.0
3E5S,2564,B,158,ARG,C,0.0
3E5S,2565,B,158,ARG,C,0.0012579461
3E5S,2566,B,158,ARG,C,0.0
3E5S,2567,B,158,ARG,N,0.004556619
3E5S,2568,B,158,ARG,C,0.026416868
3E5S,2569,B,158,ARG,N,0.0056957738
3E5S,2570,B,158,ARG,N,0.0011391548
3E5S,2571,B,158,ARG,H,0.0
3E5S,2572,B,158,ARG,H,0.0
3E5S,2573,B,158,ARG,H,0.011503465
3E5S,2574,B,158,ARG,H,0.03274063
3E5S,2575,B,158,ARG,H,0.0008848819
3E5S,2576,B,158,ARG,H,0.0
3E5S,2577,B,158,ARG,H,0.054862678
3E5S,2578,B,158,ARG,H,0.0
3E5S,2579,B,158,ARG,H,0.0
3E5S,2580,B,158,ARG,H,0.06636614
3E5S,2581,B,158,ARG,H,0.0
3E5S,2582,B,159,LEU,N,0.0
3E5S,2583,B,159,LEU,CA,0.0
3E5S,2584,B,159,LEU,C,0.0
3E5S,2585,B,159,LEU,O,0.011161031
3E5S,2586,B,159,LEU,H,0.0
3E5S,2587,B,159,LEU,H,0.0
3E5S,2588,B,159,LEU,C,0.0
3E5S,2589,B,159,LEU,C,0.0
3E5S,2590,B,159,LEU,C,0.0
3E5S,2591,B,159,LEU,C,0.0
3E5S,2592,B,159,LEU,H,0.0
3E5S,2593,B,159,LEU,H,0.0
3E5S,2594,B,159,LEU,H,0.0
3E5S,2595,B,159,LEU,H,0.0
3E5S,2596,B,159,LEU,H,0.0
3E5S,2597,B,159,LEU,H,0.0
3E5S,2598,B,159,LEU,H,0.0
3E5S,2599,B,159,LEU,H,0.0
3E5S,2600,B,159,LEU,H,0.0
3E5S,2601,B,160,LEU,N,0.0
3E5S,2602,B,160,LEU,CA,0.0
3E5S,2603,B,160,LEU,C,0.0
3E5S,2604,B,160,LEU,O,0.0
3E5S,2605,B,160,LEU,H,0.0
3E5S,2606,B,160,LEU,H,0.008848819
3E5S,2607,B,160,LEU,C,0.0
3E5S,2608,B,160,LEU,C,0.0
3E5S,2609,B,160,LEU,C,0.0
3E5S,2610,B,160,LEU,C,0.0
3E5S,2611,B,160,LEU,H,0.0
3E5S,2612,B,160,LEU,H,0.0
3E5S,2613,B,160,LEU,H,0.0
3E5S,2614,B,160,LEU,H,0.0
3E5S,2615,B,160,LEU,H,0.0
3E5S,2616,B,160,LEU,H,0.0
3E5S,2617,B,160,LEU,H,0.0
3E5S,2618,B,160,LEU,H,0.01858252
3E5S,2619,B,160,LEU,H,0.0
3E5S,2620,B,161,LEU,N,0.0
3E5S,2621,B,161,LEU,CA,0.0
3E5S,2622,B,161,LEU,C,0.0
3E5S,2623,B,161,LEU,O,0.0
3E5S,2624,B,161,LEU,H,0.007963937
3E5S,2625,B,161,LEU,H,0.0
3E5S,2626,B,161,LEU,C,0.0
3E5S,2627,B,161,LEU,C,0.0
3E5S,2628,B,161,LEU,C,0.0
3E5S,2629,B,161,LEU,C,0.0
3E5S,2630,B,161,LEU,H,0.0
3E5S,2631,B,161,LEU,H,0.0
3E5S,2632,B,161,LEU,H,0.0
3E5S,2633,B,161,LEU,H,0.0
3E5S,2634,B,161,LEU,H,0.0
3E5S,2635,B,161,LEU,H,0.0
3E5S,2636,B,161,LEU,H,0.0
3E5S,2637,B,161,LEU,H,0.0
3E5S,2638,B,161,LEU,H,0.0
3E5S,2639,B,162,VAL,N,0.0
3E5S,2640,B,162,VAL,CA,0.0
3E5S,2641,B,162,VAL,C,0.0
3E5S,2642,B,162,VAL,O,0.0
3E5S,2643,B,162,VAL,H,0.0
3E5S,2644,B,162,VAL,H,0.0
3E5S,2645,B,162,VAL,C,0.0
3E5S,2646,B,162,VAL,C,0.0
3E5S,2647,B,162,VAL,C,0.0
3E5S,2648,B,162,VAL,H,0.0
3E5S,2649,B,162,VAL,H,0.0
3E5S,2650,B,162,VAL,H,0.0
3E5S,2651,B,162,VAL,H,0.0
3E5S,2652,B,162,VAL,H,0.0
3E5S,2653,B,162,VAL,H,0.0
3E5S,2654,B,162,VAL,H,0.0
3E5S,2655,B,163,ASP,N,0.0
3E5S,2656,B,163,ASP,CA,0.0
3E5S,2657,B,163,ASP,C,0.0
3E5S,2658,B,163,ASP,O,0.015625443
3E5S,2659,B,163,ASP,H,0.0
3E5S,2660,B,163,ASP,H,0.0
3E5S,2661,B,163,ASP,C,0.0
3E5S,2662,B,163,ASP,C,0.015095353
3E5S,2663,B,163,ASP,O,0.061385673
3E5S,2664,B,163,ASP,O,0.33817926
3E5S,2665,B,163,ASP,H,0.025661575
3E5S,2666,B,163,ASP,H,0.0
3E5S,2667,B,164,THR,N,0.0
3E5S,2668,B,164,THR,CA,0.0
3E5S,2669,B,164,THR,C,0.010063569
3E5S,2670,B,164,THR,O,0.026786476
3E5S,2671,B,164,THR,H,0.0
3E5S,2672,B,164,THR,H,0.0
3E5S,2673,B,164,THR,C,0.0
3E5S,2674,B,164,THR,OH,0.0
3E5S,2675,B,164,THR,C,0.0
3E5S,2676,B,164,THR,H,0.0026546456
3E5S,2677,B,164,THR,HO,0.0
3E5S,2678,B,164,THR,H,0.0
3E5S,2679,B,164,THR,H,0.0
3E5S,2680,B,164,THR,H,0.0
3E5S,2681,B,165,PRO,N,0.0
3E5S,2682,B,165,PRO,CA,0.0
3E5S,2683,B,165,PRO,C,0.0
3E5S,2684,B,165,PRO,O,0.006696619
3E5S,2685,B,165,PRO,H,0.04247433
3E5S,2686,B,165,PRO,C,0.0
3E5S,2687,B,165,PRO,C,0.0
3E5S,2688,B,165,PRO,C,0.0
3E5S,2689,B,165,PRO,H,0.005309291
3E5S,2690,B,165,PRO,H,0.0
3E5S,2691,B,165,PRO,H,0.111495115
3E5S,2692,B,165,PRO,H,0.0
3E5S,2693,B,165,PRO,H,0.0044244095
3E5S,2694,B,165,PRO,H,0.0
3E5S,2695,B,166,GLU,N,0.0
3E5S,2696,B,166,GLU,CA,0.0
3E5S,2697,B,166,GLU,C,0.0
3E5S,2698,B,166,GLU,O,0.0
3E5S,2699,B,166,GLU,H,0.0
3E5S,2700,B,166,GLU,H,0.010618582
3E5S,2701,B,166,GLU,C,0.006289731
3E5S,2702,B,166,GLU,C,0.0163533
3E5S,2703,B,166,GLU,C,0.046544008
3E5S,2704,B,166,GLU,O,0.248891
3E5S,2705,B,166,GLU,O,0.060269568
3E5S,2706,B,166,GLU,H,0.11503465
3E5S,2707,B,166,GLU,H,0.033625513
3E5S,2708,B,166,GLU,H,0.23537858
3E5S,2709,B,166,GLU,H,0.096452124
3E5S,2710,B,167,PHE,N,0.0
3E5S,2711,B,167,PHE,CA,0.0
3E5S,2712,B,167,PHE,C,0.0
3E5S,2713,B,167,PHE,O,0.0044644126
3E5S,2714,B,167,PHE,H,0.06282661
3E5S,2715,B,167,PHE,H,0.0
3E5S,2716,B,167,PHE,C,0.011321515
3E5S,2717,B,167,PHE,C,0.036480438
3E5S,2718,B,167,PHE,C,0.06163936
3E5S,2719,B,167,PHE,C,0.06667115
3E5S,2720,B,167,PHE,C,0.07170293
3E5S,2721,B,167,PHE,C,0.08679828
3E5S,2722,B,167,PHE,C,0.075476766
3E5S,2723,B,167,PHE,H,0.1513148
3E5S,2724,B,167,PHE,H,0.13096252
3E5S,2725,B,167,PHE,H,0.038934804
3E5S,2726,B,167,PHE,H,0.071675435
3E5S,2727,B,167,PHE,H,0.14335087
3E5S,2728,B,167,PHE,H,0.2592704
3E5S,2729,B,167,PHE,H,0.23803322
3E5S,2730,B,168,ASN,N,0.0
3E5S,2731,B,168,ASN,CA,0.0
3E5S,2732,B,168,ASN,C,0.0
3E5S,2733,B,168,ASN,O,0.29688343
3E5S,2734,B,168,ASN,H,0.009733701
3E5S,2735,B,168,ASN,H,0.08848819
3E5S,2736,B,168,ASN,C,0.010063569
3E5S,2737,B,168,ASN,C,0.033964545
3E5S,2738,B,168,ASN,O,0.09152046
3E5S,2739,B,168,ASN,N,0.12530702
3E5S,2740,B,168,ASN,H,0.1663578
3E5S,2741,B,168,ASN,H,0.13538693
3E5S,2742,B,168,ASN,H,0.25042158
3E5S,2743,B,168,ASN,H,0.29643545
3E5S,2744,B,169,GLU,N,0.0
3E5S,2745,B,169,GLU,CA,0.0
3E5S,2746,B,169,GLU,C,0.0
3E5S,2747,B,169,GLU,O,0.020089857
3E5S,2748,B,169,GLU,H,0.0
3E5S,2749,B,169,GLU,H,0.09202772
3E5S,2750,B,169,GLU,C,0.0
3E5S,2751,B,169,GLU,C,0.0037738383
3E5S,2752,B,169,GLU,C,0.031448655
3E5S,2753,B,169,GLU,O,0.09710097
3E5S,2754,B,169,GLU,O,0.47657603
3E5S,2755,B,169,GLU,H,0.06990567
3E5S,2756,B,169,GLU,H,0.0
3E5S,2757,B,169,GLU,H,0.019467402
3E5S,2758,B,169,GLU,H,0.1663578
3E5S,2759,B,170,LYS,N,0.013669858
3E5S,2760,B,170,LYS,CA,0.0
3E5S,2761,B,170,LYS,C,0.0
3E5S,2762,B,170,LYS,O,0.034599196
3E5S,2763,B,170,LYS,H,0.08052425
3E5S,2764,B,170,LYS,H,0.0929126
3E5S,2765,B,170,LYS,C,0.0012579461
3E5S,2766,B,170,LYS,C,0.0
3E5S,2767,B,170,LYS,C,0.0012579461
3E5S,2768,B,170,LYS,C,0.006289731
3E5S,2769,B,170,LYS,N,0.009113238
3E5S,2770,B,170,LYS,H,0.10795559
3E5S,2771,B,170,LYS,H,0.15839386
3E5S,2772,B,170,LYS,H,0.12122882
3E5S,2773,B,170,LYS,H,0.0035395275
3E5S,2774,B,170,LYS,H,0.10530094
3E5S,2775,B,170,LYS,H,0.15927874
3E5S,2776,B,170,LYS,H,0.13981134
3E5S,2777,B,170,LYS,H,0.005309291
3E5S,2778,B,170,LYS,H,0.25661576
3E5S,2779,B,170,LYS,H,0.116804406
3E5S,2780,B,170,LYS,H,0.22122046
3E5S,2781,B,171,TYR,N,0.0
3E5S,2782,B,171,TYR,CA,0.0
3E5S,2783,B,171,TYR,C,0.0
3E5S,2784,B,171,TYR,O,0.0
3E5S,2785,B,171,TYR,H,0.024776693
3E5S,2786,B,171,TYR,H,0.0035395275
3E5S,2787,B,171,TYR,C,0.0
3E5S,2788,B,171,TYR,C,0.0
3E5S,2789,B,171,TYR,C,0.0037738383
3E5S,2790,B,171,TYR,C,0.0
3E5S,2791,B,171,TYR,C,0.0012579461
3E5S,2792,B,171,TYR,C,0.0
3E5S,2793,B,171,TYR,C,0.0
3E5S,2794,B,171,TYR,OH,0.051340744
3E5S,2795,B,171,TYR,H,0.0
3E5S,2796,B,171,TYR,H,0.0
3E5S,2797,B,171,TYR,H,0.0
3E5S,2798,B,171,TYR,H,0.012388347
3E5S,2799,B,171,TYR,H,0.021237165
3E5S,2800,B,171,TYR,H,0.02389181
3E5S,2801,B,171,TYR,HO,0.0
3E5S,2802,B,172,GLY,N,0.0
3E5S,2803,B,172,GLY,CA,0.0
3E5S,2804,B,172,GLY,C,0.0
3E5S,2805,B,172,GLY,O,0.0
3E5S,2806,B,172,GLY,H,0.0
3E5S,2807,B,172,GLY,H,0.0
3E5S,2808,B,172,GLY,H,0.0
3E5S,2809,B,173,PRO,N,0.0
3E5S,2810,B,173,PRO,CA,0.0
3E5S,2811,B,173,PRO,C,0.010063569
3E5S,2812,B,173,PRO,O,0.029018681
3E5S,2813,B,173,PRO,H,0.0
3E5S,2814,B,173,PRO,C,0.018869191
3E5S,2815,B,173,PRO,C,0.0050317845
3E5S,2816,B,173,PRO,C,0.008805623
3E5S,2817,B,173,PRO,H,0.14777528
3E5S,2818,B,173,PRO,H,0.10618582
3E5S,2819,B,173,PRO,H,0.0
3E5S,2820,B,173,PRO,H,0.2486518
3E5S,2821,B,173,PRO,H,0.007963937
3E5S,2822,B,173,PRO,H,0.03804992
3E5S,2823,B,174,GLU,N,0.0011391548
3E5S,2824,B,174,GLU,CA,0.0
3E5S,2825,B,174,GLU,C,0.0
3E5S,2826,B,174,GLU,O,0.0
3E5S,2827,B,174,GLU,H,0.0
3E5S,2828,B,174,GLU,H,0.03716504
3E5S,2829,B,174,GLU,C,0.0
3E5S,2830,B,174,GLU,C,0.013837407
3E5S,2831,B,174,GLU,C,0.011321515
3E5S,2832,B,174,GLU,O,0.022322062
3E5S,2833,B,174,GLU,O,0.008928825
3E5S,2834,B,174,GLU,H,0.0
3E5S,2835,B,174,GLU,H,0.0
3E5S,2836,B,174,GLU,H,0.054862678
3E5S,2837,B,174,GLU,H,0.1663578
3E5S,2838,B,175,ALA,N,0.0
3E5S,2839,B,175,ALA,CA,0.0
3E5S,2840,B,175,ALA,C,0.0
3E5S,2841,B,175,ALA,O,0.0
3E5S,2842,B,175,ALA,H,0.0
3E5S,2843,B,175,ALA,H,0.0
3E5S,2844,B,175,ALA,C,0.0
3E5S,2845,B,175,ALA,H,0.0
3E5S,2846,B,175,ALA,H,0.0
3E5S,2847,B,175,ALA,H,0.0
3E5S,2848,B,176,SER,N,0.0
3E5S,2849,B,176,SER,CA,0.0
3E5S,2850,B,176,SER,C,0.0025158923
3E5S,2851,B,176,SER,O,0.0011161031
3E5S,2852,B,176,SER,H,0.0
3E5S,2853,B,176,SER,H,0.0
3E5S,2854,B,176,SER,C,0.0075476766
3E5S,2855,B,176,SER,OH,0.020089857
3E5S,2856,B,176,SER,H,0.13450205
3E5S,2857,B,176,SER,H,0.022122048
3E5S,2858,B,176,SER,HO,0.0044244095
3E5S,2859,B,177,ALA,N,0.006834929
3E5S,2860,B,177,ALA,CA,0.0
3E5S,2861,B,177,ALA,C,0.0
3E5S,2862,B,177,ALA,O,0.0055805156
3E5S,2863,B,177,ALA,H,0.0
3E5S,2864,B,177,ALA,H,0.017697638
3E5S,2865,B,177,ALA,C,0.035222493
3E5S,2866,B,177,ALA,H,0.09733701
3E5S,2867,B,177,ALA,H,0.0008848819
3E5S,2868,B,177,ALA,H,0.17166708
3E5S,2869,B,178,PHE,N,0.0
3E5S,2870,B,178,PHE,CA,0.0
3E5S,2871,B,178,PHE,C,0.0
3E5S,2872,B,178,PHE,O,0.0
3E5S,2873,B,178,PHE,H,0.0
3E5S,2874,B,178,PHE,H,0.0
3E5S,2875,B,178,PHE,C,0.0
3E5S,2876,B,178,PHE,C,0.0
3E5S,2877,B,178,PHE,C,0.0
3E5S,2878,B,178,PHE,C,0.0
3E5S,2879,B,178,PHE,C,0.006289731
3E5S,2880,B,178,PHE,C,0.0
3E5S,2881,B,178,PHE,C,0.0025158923
3E5S,2882,B,178,PHE,H,0.0
3E5S,2883,B,178,PHE,H,0.0
3E5S,2884,B,178,PHE,H,0.0
3E5S,2885,B,178,PHE,H,0.0
3E5S,2886,B,178,PHE,H,0.022122048
3E5S,2887,B,178,PHE,H,0.0
3E5S,2888,B,178,PHE,H,0.053977795
3E5S,2889,B,179,THR,N,0.0
3E5S,2890,B,179,THR,CA,0.0
3E5S,2891,B,179,THR,C,0.0
3E5S,2892,B,179,THR,O,0.0
3E5S,2893,B,179,THR,H,0.0
3E5S,2894,B,179,THR,H,0.0
3E5S,2895,B,179,THR,C,0.0
3E5S,2896,B,179,THR,OH,0.0
3E5S,2897,B,179,THR,C,0.0
3E5S,2898,B,179,THR,H,0.0
3E5S,2899,B,179,THR,HO,0.0
3E5S,2900,B,179,THR,H,0.0
3E5S,2901,B,179,THR,H,0.0
3E5S,2902,B,179,THR,H,0.0
3E5S,2903,B,180,LYS,N,0.0
3E5S,2904,B,180,LYS,CA,0.0
3E5S,2905,B,180,LYS,C,0.0
3E5S,2906,B,180,LYS,O,0.0
3E5S,2907,B,180,LYS,H,0.0
3E5S,2908,B,180,LYS,H,0.0
3E5S,2909,B,180,LYS,C,0.0
3E5S,2910,B,180,LYS,C,0.0
3E5S,2911,B,180,LYS,C,0.0
3E5S,2912,B,180,LYS,C,0.0075476766
3E5S,2913,B,180,LYS,N,0.013669858
3E5S,2914,B,180,LYS,H,0.0035395275
3E5S,2915,B,180,LYS,H,0.029201102
3E5S,2916,B,180,LYS,H,0.0
3E5S,2917,B,180,LYS,H,0.033625513
3E5S,2918,B,180,LYS,H,0.1221137
3E5S,2919,B,180,LYS,H,0.11768929
3E5S,2920,B,180,LYS,H,0.005309291
3E5S,2921,B,180,LYS,H,0.1513148
3E5S,2922,B,180,LYS,H,0.27608314
3E5S,2923,B,180,LYS,H,0.22122046
3E5S,2924,B,180,LYS,H,0.24599716
3E5S,2925,B,181,LYS,N,0.0
3E5S,2926,B,181,LYS,CA,0.0
3E5S,2927,B,181,LYS,C,0.0
3E5S,2928,B,181,LYS,O,0.0
3E5S,2929,B,181,LYS,H,0.0
3E5S,2930,B,181,LYS,H,0.019467402
3E5S,2931,B,181,LYS,C,0.0
3E5S,2932,B,181,LYS,C,0.0
3E5S,2933,B,181,LYS,C,0.0
3E5S,2934,B,181,LYS,C,0.0
3E5S,2935,B,181,LYS,N,0.0011391548
3E5S,2936,B,181,LYS,H,0.0017697638
3E5S,2937,B,181,LYS,H,0.0
3E5S,2938,B,181,LYS,H,0.0
3E5S,2939,B,181,LYS,H,0.0
3E5S,2940,B,181,LYS,H,0.0
3E5S,2941,B,181,LYS,H,0.0
3E5S,2942,B,181,LYS,H,0.0
3E5S,2943,B,181,LYS,H,0.04778362
3E5S,2944,B,181,LYS,H,0.09379748
3E5S,2945,B,181,LYS,H,0.03804992
3E5S,2946,B,181,LYS,H,0.0
3E5S,2947,B,182,MET,N,0.0
3E5S,2948,B,182,MET,CA,0.0
3E5S,2949,B,182,MET,C,0.0
3E5S,2950,B,182,MET,O,0.007812722
3E5S,2951,B,182,MET,H,0.0
3E5S,2952,B,182,MET,H,0.040704567
3E5S,2953,B,182,MET,C,0.0
3E5S,2954,B,182,MET,C,0.0
3E5S,2955,B,182,MET,S,0.0013404129
3E5S,2956,B,182,MET,C,0.0037738383
3E5S,2957,B,182,MET,H,0.0
3E5S,2958,B,182,MET,H,0.0
3E5S,2959,B,182,MET,H,0.0
3E5S,2960,B,182,MET,H,0.04247433
3E5S,2961,B,182,MET,H,0.0
3E5S,2962,B,182,MET,H,0.12830788
3E5S,2963,B,182,MET,H,0.0
3E5S,2964,B,183,VAL,N,0.0
3E5S,2965,B,183,VAL,CA,0.0
3E5S,2966,B,183,VAL,C,0.0
3E5S,2967,B,183,VAL,O,0.013393238
3E5S,2968,B,183,VAL,H,0.0
3E5S,2969,B,183,VAL,H,0.0
3E5S,2970,B,183,VAL,C,0.0
3E5S,2971,B,183,VAL,C,0.0
3E5S,2972,B,183,VAL,C,0.0
3E5S,2973,B,183,VAL,H,0.0
3E5S,2974,B,183,VAL,H,0.0
3E5S,2975,B,183,VAL,H,0.0
3E5S,2976,B,183,VAL,H,0.0
3E5S,2977,B,183,VAL,H,0.0
3E5S,2978,B,183,VAL,H,0.0
3E5S,2979,B,183,VAL,H,0.0
3E5S,2980,B,184,GLU,N,0.0
3E5S,2981,B,184,GLU,CA,0.0
3E5S,2982,B,184,GLU,C,0.0
3E5S,2983,B,184,GLU,O,0.2544715
3E5S,2984,B,184,GLU,H,0.0
3E5S,2985,B,184,GLU,H,0.0017697638
3E5S,2986,B,184,GLU,C,0.0
3E5S,2987,B,184,GLU,C,0.0
3E5S,2988,B,184,GLU,C,0.03899633
3E5S,2989,B,184,GLU,O,0.15290613
3E5S,2990,B,184,GLU,O,0.21429181
3E5S,2991,B,184,GLU,H,0.13538693
3E5S,2992,B,184,GLU,H,0.008848819
3E5S,2993,B,184,GLU,H,0.0
3E5S,2994,B,184,GLU,H,0.06548126
3E5S,2995,B,185,ASN,N,0.0
3E5S,2996,B,185,ASN,CA,0.0
3E5S,2997,B,185,ASN,C,0.0050317845
3E5S,2998,B,185,ASN,O,0.14844172
3E5S,2999,B,185,ASN,H,0.0
3E5S,3000,B,185,ASN,H,0.09999165
3E5S,3001,B,185,ASN,C,0.0012579461
3E5S,3002,B,185,ASN,C,0.035222493
3E5S,3003,B,185,ASN,O,0.25112322
3E5S,3004,B,185,ASN,N,0.04100957
3E5S,3005,B,185,ASN,H,0.15573922
3E5S,3006,B,185,ASN,H,0.052208032
3E5S,3007,B,185,ASN,H,0.057517324
3E5S,3008,B,185,ASN,H,0.0044244095
3E5S,3009,B,186,ALA,N,0.0
3E5S,3010,B,186,ALA,CA,0.0
3E5S,3011,B,186,ALA,C,0.0
3E5S,3012,B,186,ALA,O,0.15402223
3E5S,3013,B,186,ALA,H,0.0
3E5S,3014,B,186,ALA,H,0.016812757
3E5S,3015,B,186,ALA,C,0.0
3E5S,3016,B,186,ALA,H,0.0
3E5S,3017,B,186,ALA,H,0.0
3E5S,3018,B,186,ALA,H,0.0
3E5S,3019,B,187,LYS,N,0.0
3E5S,3020,B,187,LYS,CA,0.0
3E5S,3021,B,187,LYS,C,0.0
3E5S,3022,B,187,LYS,O,0.3102767
3E5S,3023,B,187,LYS,H,0.0
3E5S,3024,B,187,LYS,H,0.031855747
3E5S,3025,B,187,LYS,C,0.006289731
3E5S,3026,B,187,LYS,C,0.0050317845
3E5S,3027,B,187,LYS,C,0.0012579461
3E5S,3028,B,187,LYS,C,0.008805623
3E5S,3029,B,187,LYS,N,0.006834929
3E5S,3030,B,187,LYS,H,0.14069621
3E5S,3031,B,187,LYS,H,0.06636614
3E5S,3032,B,187,LYS,H,0.19644378
3E5S,3033,B,187,LYS,H,0.059287086
3E5S,3034,B,187,LYS,H,0.08848819
3E5S,3035,B,187,LYS,H,0.16724268
3E5S,3036,B,187,LYS,H,0.20440772
3E5S,3037,B,187,LYS,H,0.17166708
3E5S,3038,B,187,LYS,H,0.27785292
3E5S,3039,B,187,LYS,H,0.23537858
3E5S,3040,B,187,LYS,H,0.2442274
3E5S,3041,B,188,LYS,N,0.0
3E5S,3042,B,188,LYS,CA,0.0
3E5S,3043,B,188,LYS,C,0.0
3E5S,3044,B,188,LYS,O,0.0
3E5S,3045,B,188,LYS,H,0.0
3E5S,3046,B,188,LYS,H,0.05663244
3E5S,3047,B,188,LYS,C,0.0
3E5S,3048,B,188,LYS,C,0.0
3E5S,3049,B,188,LYS,C,0.0012579461
3E5S,3050,B,188,LYS,C,0.006289731
3E5S,3051,B,188,LYS,N,0.006834929
3E5S,3052,B,188,LYS,H,0.016812757
3E5S,3053,B,188,LYS,H,0.11061023
3E5S,3054,B,188,LYS,H,0.053977795
3E5S,3055,B,188,LYS,H,0.0
3E5S,3056,B,188,LYS,H,0.14246598
3E5S,3057,B,188,LYS,H,0.15573922
3E5S,3058,B,188,LYS,H,0.078754485
3E5S,3059,B,188,LYS,H,0.0026546456
3E5S,3060,B,188,LYS,H,0.22387512
3E5S,3061,B,188,LYS,H,0.21060188
3E5S,3062,B,188,LYS,H,0.26104015
3E5S,3063,B,189,ILE,N,0.0
3E5S,3064,B,189,ILE,CA,0.0
3E5S,3065,B,189,ILE,C,0.0
3E5S,3066,B,189,ILE,O,0.018973753
3E5S,3067,B,189,ILE,H,0.034510393
3E5S,3068,B,189,ILE,H,0.0
3E5S,3069,B,189,ILE,C,0.0
3E5S,3070,B,189,ILE,C,0.0
3E5S,3071,B,189,ILE,C,0.0
3E5S,3072,B,189,ILE,C,0.0
3E5S,3073,B,189,ILE,H,0.0
3E5S,3074,B,189,ILE,H,0.0
3E5S,3075,B,189,ILE,H,0.02831622
3E5S,3076,B,189,ILE,H,0.0
3E5S,3077,B,189,ILE,H,0.0
3E5S,3078,B,189,ILE,H,0.0
3E5S,3079,B,189,ILE,H,0.0
3E5S,3080,B,189,ILE,H,0.0
3E5S,3081,B,189,ILE,H,0.0
3E5S,3082,B,190,GLU,N,0.0
3E5S,3083,B,190,GLU,CA,0.0
3E5S,3084,B,190,GLU,C,0.0
3E5S,3085,B,190,GLU,O,0.0
3E5S,3086,B,190,GLU,H,0.0
3E5S,3087,B,190,GLU,H,0.0
3E5S,3088,B,190,GLU,C,0.0
3E5S,3089,B,190,GLU,C,0.0
3E5S,3090,B,190,GLU,C,0.0
3E5S,3091,B,190,GLU,O,0.02455427
3E5S,3092,B,190,GLU,O,0.1774604
3E5S,3093,B,190,GLU,H,0.0
3E5S,3094,B,190,GLU,H,0.0
3E5S,3095,B,190,GLU,H,0.0
3E5S,3096,B,190,GLU,H,0.017697638
3E5S,3097,B,191,VAL,N,0.0
3E5S,3098,B,191,VAL,CA,0.0
3E5S,3099,B,191,VAL,C,0.0
3E5S,3100,B,191,VAL,O,0.0
3E5S,3101,B,191,VAL,H,0.0
3E5S,3102,B,191,VAL,H,0.0
3E5S,3103,B,191,VAL,C,0.0
3E5S,3104,B,191,VAL,C,0.0
3E5S,3105,B,191,VAL,C,0.0
3E5S,3106,B,191,VAL,H,0.0
3E5S,3107,B,191,VAL,H,0.0
3E5S,3108,B,191,VAL,H,0.0
3E5S,3109,B,191,VAL,H,0.0
3E5S,3110,B,191,VAL,H,0.0
3E5S,3111,B,191,VAL,H,0.0
3E5S,3112,B,191,VAL,H,0.0
3E5S,3113,B,192,GLU,N,0.0
3E5S,3114,B,192,GLU,CA,0.0
3E5S,3115,B,192,GLU,C,0.0
3E5S,3116,B,192,GLU,O,0.0
3E5S,3117,B,192,GLU,H,0.0
3E5S,3118,B,192,GLU,H,0.0
3E5S,3119,B,192,GLU,C,0.0
3E5S,3120,B,192,GLU,C,0.0
3E5S,3121,B,192,GLU,C,0.0
3E5S,3122,B,192,GLU,O,0.0
3E5S,3123,B,192,GLU,O,0.1060298
3E5S,3124,B,192,GLU,H,0.0
3E5S,3125,B,192,GLU,H,0.0
3E5S,3126,B,192,GLU,H,0.0
3E5S,3127,B,192,GLU,H,0.0
3E5S,3128,B,193,PHE,N,0.0
3E5S,3129,B,193,PHE,CA,0.0
3E5S,3130,B,193,PHE,C,0.0
3E5S,3131,B,193,PHE,O,0.03236699
3E5S,3132,B,193,PHE,H,0.005309291
3E5S,3133,B,193,PHE,H,0.0
3E5S,3134,B,193,PHE,C,0.0
3E5S,3135,B,193,PHE,C,0.0
3E5S,3136,B,193,PHE,C,0.0
3E5S,3137,B,193,PHE,C,0.0
3E5S,3138,B,193,PHE,C,0.0
3E5S,3139,B,193,PHE,C,0.0012579461
3E5S,3140,B,193,PHE,C,0.021385085
3E5S,3141,B,193,PHE,H,0.0
3E5S,3142,B,193,PHE,H,0.0026546456
3E5S,3143,B,193,PHE,H,0.0
3E5S,3144,B,193,PHE,H,0.0
3E5S,3145,B,193,PHE,H,0.0
3E5S,3146,B,193,PHE,H,0.0
3E5S,3147,B,193,PHE,H,0.0008848819
3E5S,3148,B,194,ASP,N,0.0
3E5S,3149,B,194,ASP,CA,0.0
3E5S,3150,B,194,ASP,C,0.0
3E5S,3151,B,194,ASP,O,0.0044644126
3E5S,3152,B,194,ASP,H,0.0035395275
3E5S,3153,B,194,ASP,H,0.0
3E5S,3154,B,194,ASP,C,0.0
3E5S,3155,B,194,ASP,C,0.0
3E5S,3156,B,194,ASP,O,0.0
3E5S,3157,B,194,ASP,O,0.0
3E5S,3158,B,194,ASP,H,0.0
3E5S,3159,B,194,ASP,H,0.0
3E5S,3160,B,195,LYS,N,0.0
3E5S,3161,B,195,LYS,CA,0.0
3E5S,3162,B,195,LYS,C,0.0050317845
3E5S,3163,B,195,LYS,O,0.21987233
3E5S,3164,B,195,LYS,H,0.0
3E5S,3165,B,195,LYS,H,0.0
3E5S,3166,B,195,LYS,C,0.006289731
3E5S,3167,B,195,LYS,C,0.0
3E5S,3168,B,195,LYS,C,0.013837407
3E5S,3169,B,195,LYS,C,0.0075476766
3E5S,3170,B,195,LYS,N,0.009113238
3E5S,3171,B,195,LYS,H,0.11857417
3E5S,3172,B,195,LYS,H,0.024776693
3E5S,3173,B,195,LYS,H,0.15485433
3E5S,3174,B,195,LYS,H,0.0
3E5S,3175,B,195,LYS,H,0.17609149
3E5S,3176,B,195,LYS,H,0.14954504
3E5S,3177,B,195,LYS,H,0.17255197
3E5S,3178,B,195,LYS,H,0.045128975
3E5S,3179,B,195,LYS,H,0.25484598
3E5S,3180,B,195,LYS,H,0.03716504
3E5S,3181,B,195,LYS,H,0.19821355
3E5S,3182,B,196,GLY,N,0.0034174644
3E5S,3183,B,196,GLY,CA,0.006289731
3E5S,3184,B,196,GLY,C,0.017611247
3E5S,3185,B,196,GLY,O,0.050224643
3E5S,3186,B,196,GLY,H,0.0
3E5S,3187,B,196,GLY,H,0.19909842
3E5S,3188,B,196,GLY,H,0.043359213
3E5S,3189,B,197,GLN,N,0.018226476
3E5S,3190,B,197,GLN,CA,0.0
3E5S,3191,B,197,GLN,C,0.0
3E5S,3192,B,197,GLN,O,0.0022322063
3E5S,3193,B,197,GLN,H,0.078754485
3E5S,3194,B,197,GLN,H,0.052208032
3E5S,3195,B,197,GLN,C,0.006289731
3E5S,3196,B,197,GLN,C,0.006289731
3E5S,3197,B,197,GLN,C,0.046544008
3E5S,3198,B,197,GLN,O,0.4196548
3E5S,3199,B,197,GLN,N,0.11505463
3E5S,3200,B,197,GLN,H,0.022122048
3E5S,3201,B,197,GLN,H,0.10707071
3E5S,3202,B,197,GLN,H,0.0044244095
3E5S,3203,B,197,GLN,H,0.11061023
3E5S,3204,B,197,GLN,H,0.21237165
3E5S,3205,B,197,GLN,H,0.2990901
3E5S,3206,B,198,ARG,N,0.0
3E5S,3207,B,198,ARG,CA,0.0
3E5S,3208,B,198,ARG,C,0.0
3E5S,3209,B,198,ARG,O,0.0
3E5S,3210,B,198,ARG,H,0.05309291
3E5S,3211,B,198,ARG,H,0.0
3E5S,3212,B,198,ARG,C,0.0
3E5S,3213,B,198,ARG,C,0.0
3E5S,3214,B,198,ARG,C,0.0012579461
3E5S,3215,B,198,ARG,N,0.027339716
3E5S,3216,B,198,ARG,C,0.054091685
3E5S,3217,B,198,ARG,N,0.06379267
3E5S,3218,B,198,ARG,N,0.07518422
3E5S,3219,B,198,ARG,H,0.016812757
3E5S,3220,B,198,ARG,H,0.111495115
3E5S,3221,B,198,ARG,H,0.055747557
3E5S,3222,B,198,ARG,H,0.0
3E5S,3223,B,198,ARG,H,0.012388347
3E5S,3224,B,198,ARG,H,0.19555889
3E5S,3225,B,198,ARG,H,0.055747557
3E5S,3226,B,198,ARG,H,0.076984726
3E5S,3227,B,198,ARG,H,0.054862678
3E5S,3228,B,198,ARG,H,0.1513148
3E5S,3229,B,198,ARG,H,0.057517324
3E5S,3230,B,199,THR,N,0.0
3E5S,3231,B,199,THR,CA,0.0
3E5S,3232,B,199,THR,C,0.0
3E5S,3233,B,199,THR,O,0.008928825
3E5S,3234,B,199,THR,H,0.0
3E5S,3235,B,199,THR,H,0.0
3E5S,3236,B,199,THR,C,0.0
3E5S,3237,B,199,THR,OH,0.15737054
3E5S,3238,B,199,THR,C,0.006289731
3E5S,3239,B,199,THR,H,0.0044244095
3E5S,3240,B,199,THR,HO,0.15042992
3E5S,3241,B,199,THR,H,0.18494031
3E5S,3242,B,199,THR,H,0.058402203
3E5S,3243,B,199,THR,H,0.0
3E5S,3244,B,200,ASP,N,0.0
3E5S,3245,B,200,ASP,CA,0.0
3E5S,3246,B,200,ASP,C,0.021385085
3E5S,3247,B,200,ASP,O,0.077011116
3E5S,3248,B,200,ASP,H,0.0
3E5S,3249,B,200,ASP,H,0.06194173
3E5S,3250,B,200,ASP,C,0.0012579461
3E5S,3251,B,200,ASP,C,0.0
3E5S,3252,B,200,ASP,O,0.0
3E5S,3253,B,200,ASP,O,0.0022322063
3E5S,3254,B,200,ASP,H,0.007079055
3E5S,3255,B,200,ASP,H,0.101761416
3E5S,3256,B,201,LYS,N,0.013669858
3E5S,3257,B,201,LYS,CA,0.0
3E5S,3258,B,201,LYS,C,0.0
3E5S,3259,B,201,LYS,O,0.30134785
3E5S,3260,B,201,LYS,H,0.057517324
3E5S,3261,B,201,LYS,H,0.15485433
3E5S,3262,B,201,LYS,C,0.0037738383
3E5S,3263,B,201,LYS,C,0.0
3E5S,3264,B,201,LYS,C,0.0012579461
3E5S,3265,B,201,LYS,C,0.006289731
3E5S,3266,B,201,LYS,N,0.009113238
3E5S,3267,B,201,LYS,H,0.16547291
3E5S,3268,B,201,LYS,H,0.14866015
3E5S,3269,B,201,LYS,H,0.0035395275
3E5S,3270,B,201,LYS,H,0.013273228
3E5S,3271,B,201,LYS,H,0.13981134
3E5S,3272,B,201,LYS,H,0.1513148
3E5S,3273,B,201,LYS,H,0.0017697638
3E5S,3274,B,201,LYS,H,0.17609149
3E5S,3275,B,201,LYS,H,0.27962267
3E5S,3276,B,201,LYS,H,0.22387512
3E5S,3277,B,201,LYS,H,0.22387512
3E5S,3278,B,202,TYR,N,0.0
3E5S,3279,B,202,TYR,CA,0.0
3E5S,3280,B,202,TYR,C,0.015095353
3E5S,3281,B,202,TYR,O,0.28237408
3E5S,3282,B,202,TYR,H,0.0
3E5S,3283,B,202,TYR,H,0.059287086
3E5S,3284,B,202,TYR,C,0.0
3E5S,3285,B,202,TYR,C,0.023900976
3E5S,3286,B,202,TYR,C,0.0654132
3E5S,3287,B,202,TYR,C,0.018869191
3E5S,3288,B,202,TYR,C,0.076734714
3E5S,3289,B,202,TYR,C,0.05157579
3E5S,3290,B,202,TYR,C,0.020127138
3E5S,3291,B,202,TYR,OH,0.16629937
3E5S,3292,B,202,TYR,H,0.12388346
3E5S,3293,B,202,TYR,H,0.0
3E5S,3294,B,202,TYR,H,0.17343685
3E5S,3295,B,202,TYR,H,0.0008848819
3E5S,3296,B,202,TYR,H,0.24068788
3E5S,3297,B,202,TYR,H,0.13096252
3E5S,3298,B,202,TYR,HO,0.2690041
3E5S,3299,B,203,GLY,N,0.009113238
3E5S,3300,B,203,GLY,CA,0.02264303
3E5S,3301,B,203,GLY,C,0.02264303
3E5S,3302,B,203,GLY,O,0.12611966
3E5S,3303,B,203,GLY,H,0.0
3E5S,3304,B,203,GLY,H,0.119459055
3E5S,3305,B,203,GLY,H,0.17874613
3E5S,3306,B,204,ARG,N,0.0
3E5S,3307,B,204,ARG,CA,0.0
3E5S,3308,B,204,ARG,C,0.0
3E5S,3309,B,204,ARG,O,0.0
3E5S,3310,B,204,ARG,H,0.0
3E5S,3311,B,204,ARG,H,0.0026546456
3E5S,3312,B,204,ARG,C,0.0
3E5S,3313,B,204,ARG,C,0.0037738383
3E5S,3314,B,204,ARG,C,0.0
3E5S,3315,B,204,ARG,N,0.0
3E5S,3316,B,204,ARG,C,0.0
3E5S,3317,B,204,ARG,N,0.046705347
3E5S,3318,B,204,ARG,N,0.0034174644
3E5S,3319,B,204,ARG,H,0.0
3E5S,3320,B,204,ARG,H,0.0
3E5S,3321,B,204,ARG,H,0.0008848819
3E5S,3322,B,204,ARG,H,0.04601386
3E5S,3323,B,204,ARG,H,0.12919275
3E5S,3324,B,204,ARG,H,0.0
3E5S,3325,B,204,ARG,H,0.0
3E5S,3326,B,204,ARG,H,0.078754485
3E5S,3327,B,204,ARG,H,0.1858252
3E5S,3328,B,204,ARG,H,0.040704567
3E5S,3329,B,204,ARG,H,0.1318474
3E5S,3330,B,205,GLY,N,0.0
3E5S,3331,B,205,GLY,CA,0.0
3E5S,3332,B,205,GLY,C,0.0
3E5S,3333,B,205,GLY,O,0.0
3E5S,3334,B,205,GLY,H,0.0
3E5S,3335,B,205,GLY,H,0.0
3E5S,3336,B,205,GLY,H,0.0
3E5S,3337,B,206,LEU,N,0.0
3E5S,3338,B,206,LEU,CA,0.0
3E5S,3339,B,206,LEU,C,0.0
3E5S,3340,B,206,LEU,O,0.0
3E5S,3341,B,206,LEU,H,0.0
3E5S,3342,B,206,LEU,H,0.0
3E5S,3343,B,206,LEU,C,0.0
3E5S,3344,B,206,LEU,C,0.0
3E5S,3345,B,206,LEU,C,0.020127138
3E5S,3346,B,206,LEU,C,0.006289731
3E5S,3347,B,206,LEU,H,0.0
3E5S,3348,B,206,LEU,H,0.0
3E5S,3349,B,206,LEU,H,0.0
3E5S,3350,B,206,LEU,H,0.07963937
3E5S,3351,B,206,LEU,H,0.031855747
3E5S,3352,B,206,LEU,H,0.0
3E5S,3353,B,206,LEU,H,0.04689874
3E5S,3354,B,206,LEU,H,0.0
3E5S,3355,B,206,LEU,H,0.06105685
3E5S,3356,B,207,ALA,N,0.0
3E5S,3357,B,207,ALA,CA,0.0
3E5S,3358,B,207,ALA,C,0.0
3E5S,3359,B,207,ALA,O,0.0
3E5S,3360,B,207,ALA,H,0.0
3E5S,3361,B,207,ALA,H,0.0
3E5S,3362,B,207,ALA,C,0.0
3E5S,3363,B,207,ALA,H,0.0
3E5S,3364,B,207,ALA,H,0.0
3E5S,3365,B,207,ALA,H,0.0
3E5S,3366,B,208,TYR,N,0.0
3E5S,3367,B,208,TYR,CA,0.0
3E5S,3368,B,208,TYR,C,0.0
3E5S,3369,B,208,TYR,O,0.0
3E5S,3370,B,208,TYR,H,0.0
3E5S,3371,B,208,TYR,H,0.0
3E5S,3372,B,208,TYR,C,0.0
3E5S,3373,B,208,TYR,C,0.0
3E5S,3374,B,208,TYR,C,0.0
3E5S,3375,B,208,TYR,C,0.0
3E5S,3376,B,208,TYR,C,0.0
3E5S,3377,B,208,TYR,C,0.0
3E5S,3378,B,208,TYR,C,0.0
3E5S,3379,B,208,TYR,OH,0.0
3E5S,3380,B,208,TYR,H,0.0
3E5S,3381,B,208,TYR,H,0.0
3E5S,3382,B,208,TYR,H,0.0
3E5S,3383,B,208,TYR,H,0.0
3E5S,3384,B,208,TYR,H,0.0
3E5S,3385,B,208,TYR,H,0.0
3E5S,3386,B,208,TYR,HO,0.0
3E5S,3387,B,209,ILE,N,0.0
3E5S,3388,B,209,ILE,CA,0.0
3E5S,3389,B,209,ILE,C,0.0
3E5S,3390,B,209,ILE,O,0.0
3E5S,3391,B,209,ILE,H,0.0
3E5S,3392,B,209,ILE,H,0.0
3E5S,3393,B,209,ILE,C,0.0
3E5S,3394,B,209,ILE,C,0.0
3E5S,3395,B,209,ILE,C,0.0
3E5S,3396,B,209,ILE,C,0.0
3E5S,3397,B,209,ILE,H,0.0
3E5S,3398,B,209,ILE,H,0.0
3E5S,3399,B,209,ILE,H,0.0
3E5S,3400,B,209,ILE,H,0.0
3E5S,3401,B,209,ILE,H,0.0
3E5S,3402,B,209,ILE,H,0.0
3E5S,3403,B,209,ILE,H,0.0
3E5S,3404,B,209,ILE,H,0.0
3E5S,3405,B,209,ILE,H,0.0
3E5S,3406,B,210,TYR,N,0.0
3E5S,3407,B,210,TYR,CA,0.0
3E5S,3408,B,210,TYR,C,0.0
3E5S,3409,B,210,TYR,O,0.0
3E5S,3410,B,210,TYR,H,0.0
3E5S,3411,B,210,TYR,H,0.0
3E5S,3412,B,210,TYR,C,0.0
3E5S,3413,B,210,TYR,C,0.0
3E5S,3414,B,210,TYR,C,0.0
3E5S,3415,B,210,TYR,C,0.0
3E5S,3416,B,210,TYR,C,0.0
3E5S,3417,B,210,TYR,C,0.0
3E5S,3418,B,210,TYR,C,0.0
3E5S,3419,B,210,TYR,OH,0.0055805156
3E5S,3420,B,210,TYR,H,0.0
3E5S,3421,B,210,TYR,H,0.0
3E5S,3422,B,210,TYR,H,0.0
3E5S,3423,B,210,TYR,H,0.0
3E5S,3424,B,210,TYR,H,0.0
3E5S,3425,B,210,TYR,H,0.081409134
3E5S,3426,B,210,TYR,HO,0.114149764
3E5S,3427,B,211,ALA,N,0.0
3E5S,3428,B,211,ALA,CA,0.0
3E5S,3429,B,211,ALA,C,0.0
3E5S,3430,B,211,ALA,O,0.01785765
3E5S,3431,B,211,ALA,H,0.0
3E5S,3432,B,211,ALA,H,0.0
3E5S,3433,B,211,ALA,C,0.0
3E5S,3434,B,211,ALA,H,0.034510393
3E5S,3435,B,211,ALA,H,0.0035395275
3E5S,3436,B,211,ALA,H,0.0
3E5S,3437,B,212,ASP,N,0.0
3E5S,3438,B,212,ASP,CA,0.0
3E5S,3439,B,212,ASP,C,0.033964545
3E5S,3440,B,212,ASP,O,0.085939944
3E5S,3441,B,212,ASP,H,0.0
3E5S,3442,B,212,ASP,H,0.048668504
3E5S,3443,B,212,ASP,C,0.008805623
3E5S,3444,B,212,ASP,C,0.035222493
3E5S,3445,B,212,ASP,O,0.03906361
3E5S,3446,B,212,ASP,O,0.19420195
3E5S,3447,B,212,ASP,H,0.19821355
3E5S,3448,B,212,ASP,H,0.07433008
3E5S,3449,B,213,GLY,N,0.020504786
3E5S,3450,B,213,GLY,CA,0.012579462
3E5S,3451,B,213,GLY,C,0.0037738383
3E5S,3452,B,213,GLY,O,0.15513834
3E5S,3453,B,213,GLY,H,0.0044244095
3E5S,3454,B,213,GLY,H,0.0026546456
3E5S,3455,B,213,GLY,H,0.17609149
3E5S,3456,B,214,LYS,N,0.0
3E5S,3457,B,214,LYS,CA,0.0
3E5S,3458,B,214,LYS,C,0.0
3E5S,3459,B,214,LYS,O,0.0
3E5S,3460,B,214,LYS,H,0.0
3E5S,3461,B,214,LYS,H,0.04601386
3E5S,3462,B,214,LYS,C,0.0
3E5S,3463,B,214,LYS,C,0.0
3E5S,3464,B,214,LYS,C,0.008805623
3E5S,3465,B,214,LYS,C,0.013837407
3E5S,3466,B,214,LYS,N,0.006834929
3E5S,3467,B,214,LYS,H,0.04689874
3E5S,3468,B,214,LYS,H,0.0
3E5S,3469,B,214,LYS,H,0.11857417
3E5S,3470,B,214,LYS,H,0.0
3E5S,3471,B,214,LYS,H,0.12034394
3E5S,3472,B,214,LYS,H,0.1999833
3E5S,3473,B,214,LYS,H,0.2486518
3E5S,3474,B,214,LYS,H,0.19378914
3E5S,3475,B,214,LYS,H,0.26104015
3E5S,3476,B,214,LYS,H,0.025661575
3E5S,3477,B,214,LYS,H,0.25750062
3E5S,3478,B,215,MET,N,0.0
3E5S,3479,B,215,MET,CA,0.0
3E5S,3480,B,215,MET,C,0.0
3E5S,3481,B,215,MET,O,0.0044644126
3E5S,3482,B,215,MET,H,0.057517324
3E5S,3483,B,215,MET,H,0.0
3E5S,3484,B,215,MET,C,0.0
3E5S,3485,B,215,MET,C,0.0
3E5S,3486,B,215,MET,S,0.0
3E5S,3487,B,215,MET,C,0.0
3E5S,3488,B,215,MET,H,0.0
3E5S,3489,B,215,MET,H,0.0
3E5S,3490,B,215,MET,H,0.0
3E5S,3491,B,215,MET,H,0.0
3E5S,3492,B,215,MET,H,0.0
3E5S,3493,B,215,MET,H,0.0044244095
3E5S,3494,B,215,MET,H,0.0
3E5S,3495,B,216,VAL,N,0.0
3E5S,3496,B,216,VAL,CA,0.0
3E5S,3497,B,216,VAL,C,0.0
3E5S,3498,B,216,VAL,O,0.0
3E5S,3499,B,216,VAL,H,0.0
3E5S,3500,B,216,VAL,H,0.0
3E5S,3501,B,216,VAL,C,0.0
3E5S,3502,B,216,VAL,C,0.0
3E5S,3503,B,216,VAL,C,0.0
3E5S,3504,B,216,VAL,H,0.0
3E5S,3505,B,216,VAL,H,0.0
3E5S,3506,B,216,VAL,H,0.0
3E5S,3507,B,216,VAL,H,0.0
3E5S,3508,B,216,VAL,H,0.0
3E5S,3509,B,216,VAL,H,0.0
3E5S,3510,B,216,VAL,H,0.0
3E5S,3511,B,217,ASN,N,0.0
3E5S,3512,B,217,ASN,CA,0.0
3E5S,3513,B,217,ASN,C,0.0
3E5S,3514,B,217,ASN,O,0.0
3E5S,3515,B,217,ASN,H,0.0
3E5S,3516,B,217,ASN,H,0.0
3E5S,3517,B,217,ASN,C,0.0
3E5S,3518,B,217,ASN,C,0.0
3E5S,3519,B,217,ASN,O,0.0
3E5S,3520,B,217,ASN,N,0.0
3E5S,3521,B,217,ASN,H,0.0
3E5S,3522,B,217,ASN,H,0.0
3E5S,3523,B,217,ASN,H,0.0
3E5S,3524,B,217,ASN,H,0.0
3E5S,3525,B,218,GLU,N,0.0
3E5S,3526,B,218,GLU,CA,0.0
3E5S,3527,B,218,GLU,C,0.0
3E5S,3528,B,218,GLU,O,0.0
3E5S,3529,B,218,GLU,H,0.0
3E5S,3530,B,218,GLU,H,0.0
3E5S,3531,B,218,GLU,C,0.0
3E5S,3532,B,218,GLU,C,0.0
3E5S,3533,B,218,GLU,C,0.037738383
3E5S,3534,B,218,GLU,O,0.11272642
3E5S,3535,B,218,GLU,O,0.3192055
3E5S,3536,B,218,GLU,H,0.009733701
3E5S,3537,B,218,GLU,H,0.0
3E5S,3538,B,218,GLU,H,0.0
3E5S,3539,B,218,GLU,H,0.044244096
3E5S,3540,B,219,ALA,N,0.0011391548
3E5S,3541,B,219,ALA,CA,0.0
3E5S,3542,B,219,ALA,C,0.0
3E5S,3543,B,219,ALA,O,0.0
3E5S,3544,B,219,ALA,H,0.0
3E5S,3545,B,219,ALA,H,0.06017197
3E5S,3546,B,219,ALA,C,0.008805623
3E5S,3547,B,219,ALA,H,0.048668504
3E5S,3548,B,219,ALA,H,0.0
3E5S,3549,B,219,ALA,H,0.063711494
3E5S,3550,B,220,LYS,N,0.0
3E5S,3551,B,220,LYS,CA,0.0
3E5S,3552,B,220,LYS,C,0.0
3E5S,3553,B,220,LYS,O,0.0
3E5S,3554,B,220,LYS,H,0.0
3E5S,3555,B,220,LYS,H,0.0
3E5S,3556,B,220,LYS,C,0.0
3E5S,3557,B,220,LYS,C,0.0
3E5S,3558,B,220,LYS,C,0.0
3E5S,3559,B,220,LYS,C,0.0
3E5S,3560,B,220,LYS,N,0.0
3E5S,3561,B,220,LYS,H,0.0
3E5S,3562,B,220,LYS,H,0.0
3E5S,3563,B,220,LYS,H,0.0
3E5S,3564,B,220,LYS,H,0.0
3E5S,3565,B,220,LYS,H,0.0
3E5S,3566,B,220,LYS,H,0.0
3E5S,3567,B,220,LYS,H,0.0
3E5S,3568,B,220,LYS,H,0.0
3E5S,3569,B,220,LYS,H,0.0
3E5S,3570,B,220,LYS,H,0.0
3E5S,3571,B,220,LYS,H,0.0
3E5S,3572,B,221,VAL,N,0.0
3E5S,3573,B,221,VAL,CA,0.0
3E5S,3574,B,221,VAL,C,0.0
3E5S,3575,B,221,VAL,O,0.0
3E5S,3576,B,221,VAL,H,0.0
3E5S,3577,B,221,VAL,H,0.0
3E5S,3578,B,221,VAL,C,0.0
3E5S,3579,B,221,VAL,C,0.0
3E5S,3580,B,221,VAL,C,0.0
3E5S,3581,B,221,VAL,H,0.0
3E5S,3582,B,221,VAL,H,0.0
3E5S,3583,B,221,VAL,H,0.0
3E5S,3584,B,221,VAL,H,0.0
3E5S,3585,B,221,VAL,H,0.0
3E5S,3586,B,221,VAL,H,0.0
3E5S,3587,B,221,VAL,H,0.0
3E5S,3588,B,222,ARG,N,0.0
3E5S,3589,B,222,ARG,CA,0.0
3E5S,3590,B,222,ARG,C,0.0
3E5S,3591,B,222,ARG,O,0.0
3E5S,3592,B,222,ARG,H,0.0
3E5S,3593,B,222,ARG,H,0.0
3E5S,3594,B,222,ARG,C,0.0012579461
3E5S,3595,B,222,ARG,C,0.0012579461
3E5S,3596,B,222,ARG,C,0.0
3E5S,3597,B,222,ARG,N,0.007974084
3E5S,3598,B,222,ARG,C,0.040254276
3E5S,3599,B,222,ARG,N,0.0022783095
3E5S,3600,B,222,ARG,N,0.064931825
3E5S,3601,B,222,ARG,H,0.0
3E5S,3602,B,222,ARG,H,0.0035395275
3E5S,3603,B,222,ARG,H,0.021237165
3E5S,3604,B,222,ARG,H,0.18759497
3E5S,3605,B,222,ARG,H,0.03716504
3E5S,3606,B,222,ARG,H,0.0
3E5S,3607,B,222,ARG,H,0.13361716
3E5S,3608,B,222,ARG,H,0.0
3E5S,3609,B,222,ARG,H,0.0
3E5S,3610,B,222,ARG,H,0.2344937
3E5S,3611,B,222,ARG,H,0.005309291
3E5S,3612,B,223,GLN,N,0.0
3E5S,3613,B,223,GLN,CA,0.0
3E5S,3614,B,223,GLN,C,0.0
3E5S,3615,B,223,GLN,O,0.0
3E5S,3616,B,223,GLN,H,0.0
3E5S,3617,B,223,GLN,H,0.0008848819
3E5S,3618,B,223,GLN,C,0.0
3E5S,3619,B,223,GLN,C,0.0
3E5S,3620,B,223,GLN,C,0.0025158923
3E5S,3621,B,223,GLN,O,0.026786476
3E5S,3622,B,223,GLN,N,0.006834929
3E5S,3623,B,223,GLN,H,0.0044244095
3E5S,3624,B,223,GLN,H,0.0
3E5S,3625,B,223,GLN,H,0.0
3E5S,3626,B,223,GLN,H,0.0
3E5S,3627,B,223,GLN,H,0.09556724
3E5S,3628,B,223,GLN,H,0.11768929
3E5S,3629,B,224,GLY,N,0.0
3E5S,3630,B,224,GLY,CA,0.0
3E5S,3631,B,224,GLY,C,0.0
3E5S,3632,B,224,GLY,O,0.0
3E5S,3633,B,224,GLY,H,0.0
3E5S,3634,B,224,GLY,H,0.0
3E5S,3635,B,224,GLY,H,0.0
3E5S,3636,B,225,LEU,N,0.0
3E5S,3637,B,225,LEU,CA,0.0
3E5S,3638,B,225,LEU,C,0.0
3E5S,3639,B,225,LEU,O,0.0
3E5S,3640,B,225,LEU,H,0.0
3E5S,3641,B,225,LEU,H,0.0
3E5S,3642,B,225,LEU,C,0.0
3E5S,3643,B,225,LEU,C,0.0
3E5S,3644,B,225,LEU,C,0.0
3E5S,3645,B,225,LEU,C,0.0
3E5S,3646,B,225,LEU,H,0.0
3E5S,3647,B,225,LEU,H,0.0
3E5S,3648,B,225,LEU,H,0.0
3E5S,3649,B,225,LEU,H,0.0017697638
3E5S,3650,B,225,LEU,H,0.0
3E5S,3651,B,225,LEU,H,0.0
3E5S,3652,B,225,LEU,H,0.0
3E5S,3653,B,225,LEU,H,0.0
3E5S,3654,B,225,LEU,H,0.0
3E5S,3655,B,226,ALA,N,0.0
3E5S,3656,B,226,ALA,CA,0.0
3E5S,3657,B,226,ALA,C,0.0
3E5S,3658,B,226,ALA,O,0.0
3E5S,3659,B,226,ALA,H,0.0
3E5S,3660,B,226,ALA,H,0.0
3E5S,3661,B,226,ALA,C,0.0
3E5S,3662,B,226,ALA,H,0.0
3E5S,3663,B,226,ALA,H,0.0
3E5S,3664,B,226,ALA,H,0.0
3E5S,3665,B,227,LYS,N,0.0
3E5S,3666,B,227,LYS,CA,0.0
3E5S,3667,B,227,LYS,C,0.0
3E5S,3668,B,227,LYS,O,0.0
3E5S,3669,B,227,LYS,H,0.0
3E5S,3670,B,227,LYS,H,0.0
3E5S,3671,B,227,LYS,C,0.0012579461
3E5S,3672,B,227,LYS,C,0.0
3E5S,3673,B,227,LYS,C,0.0050317845
3E5S,3674,B,227,LYS,C,0.012579462
3E5S,3675,B,227,LYS,N,0.0
3E5S,3676,B,227,LYS,H,0.03804992
3E5S,3677,B,227,LYS,H,0.0044244095
3E5S,3678,B,227,LYS,H,0.0017697638
3E5S,3679,B,227,LYS,H,0.0
3E5S,3680,B,227,LYS,H,0.1513148
3E5S,3681,B,227,LYS,H,0.15396945
3E5S,3682,B,227,LYS,H,0.23626347
3E5S,3683,B,227,LYS,H,0.043359213
3E5S,3684,B,227,LYS,H,0.18847984
3E5S,3685,B,227,LYS,H,0.0
3E5S,3686,B,227,LYS,H,0.09468236
3E5S,3687,B,228,VAL,N,0.0
3E5S,3688,B,228,VAL,CA,0.0
3E5S,3689,B,228,VAL,C,0.0
3E5S,3690,B,228,VAL,O,0.1417451
3E5S,3691,B,228,VAL,H,0.0
3E5S,3692,B,228,VAL,H,0.0
3E5S,3693,B,228,VAL,C,0.0
3E5S,3694,B,228,VAL,C,0.0
3E5S,3695,B,228,VAL,C,0.0
3E5S,3696,B,228,VAL,H,0.0
3E5S,3697,B,228,VAL,H,0.0
3E5S,3698,B,228,VAL,H,0.0
3E5S,3699,B,228,VAL,H,0.0
3E5S,3700,B,228,VAL,H,0.0
3E5S,3701,B,228,VAL,H,0.0
3E5S,3702,B,228,VAL,H,0.0
3E5S,3703,B,229,ALA,N,0.0
3E5S,3704,B,229,ALA,CA,0.0
3E5S,3705,B,229,ALA,C,0.0
3E5S,3706,B,229,ALA,O,0.0
3E5S,3707,B,229,ALA,H,0.0
3E5S,3708,B,229,ALA,H,0.084063776
3E5S,3709,B,229,ALA,C,0.017611247
3E5S,3710,B,229,ALA,H,0.07609984
3E5S,3711,B,229,ALA,H,0.0
3E5S,3712,B,229,ALA,H,0.07256032
3E5S,3713,B,230,TYR,N,0.0
3E5S,3714,B,230,TYR,CA,0.0
3E5S,3715,B,230,TYR,C,0.0
3E5S,3716,B,230,TYR,O,0.0022322063
3E5S,3717,B,230,TYR,H,0.12565322
3E5S,3718,B,230,TYR,H,0.069020785
3E5S,3719,B,230,TYR,C,0.010063569
3E5S,3720,B,230,TYR,C,0.021385085
3E5S,3721,B,230,TYR,C,0.057865523
3E5S,3722,B,230,TYR,C,0.0
3E5S,3723,B,230,TYR,C,0.12705256
3E5S,3724,B,230,TYR,C,0.0025158923
3E5S,3725,B,230,TYR,C,0.060381413
3E5S,3726,B,230,TYR,OH,0.3192055
3E5S,3727,B,230,TYR,H,0.05663244
3E5S,3728,B,230,TYR,H,0.012388347
3E5S,3729,B,230,TYR,H,0.0017697638
3E5S,3730,B,230,TYR,H,0.0
3E5S,3731,B,230,TYR,H,0.20175306
3E5S,3732,B,230,TYR,H,0.0
3E5S,3733,B,230,TYR,HO,0.119459055
3E5S,3734,B,231,VAL,N,0.0022783095
3E5S,3735,B,231,VAL,CA,0.0
3E5S,3736,B,231,VAL,C,0.0
3E5S,3737,B,231,VAL,O,0.23661387
3E5S,3738,B,231,VAL,H,0.06194173
3E5S,3739,B,231,VAL,H,0.0
3E5S,3740,B,231,VAL,C,0.0
3E5S,3741,B,231,VAL,C,0.0075476766
3E5S,3742,B,231,VAL,C,0.0
3E5S,3743,B,231,VAL,H,0.101761416
3E5S,3744,B,231,VAL,H,0.022122048
3E5S,3745,B,231,VAL,H,0.0
3E5S,3746,B,231,VAL,H,0.03804992
3E5S,3747,B,231,VAL,H,0.0
3E5S,3748,B,231,VAL,H,0.008848819
3E5S,3749,B,231,VAL,H,0.0
3E5S,3750,B,232,TYR,N,0.0
3E5S,3751,B,232,TYR,CA,0.0
3E5S,3752,B,232,TYR,C,0.0
3E5S,3753,B,232,TYR,O,0.0
3E5S,3754,B,232,TYR,H,0.0008848819
3E5S,3755,B,232,TYR,H,0.022122048
3E5S,3756,B,232,TYR,C,0.011321515
3E5S,3757,B,232,TYR,C,0.023900976
3E5S,3758,B,232,TYR,C,0.079250604
3E5S,3759,B,232,TYR,C,0.05534963
3E5S,3760,B,232,TYR,C,0.12327872
3E5S,3761,B,232,TYR,C,0.06163936
3E5S,3762,B,232,TYR,C,0.04277017
3E5S,3763,B,232,TYR,OH,0.27009696
3E5S,3764,B,232,TYR,H,0.116804406
3E5S,3765,B,232,TYR,H,0.022122048
3E5S,3766,B,232,TYR,H,0.17166708
3E5S,3767,B,232,TYR,H,0.024776693
3E5S,3768,B,232,TYR,H,0.24776693
3E5S,3769,B,232,TYR,H,0.09379748
3E5S,3770,B,232,TYR,HO,0.096452124
3E5S,3771,B,233,LYS,N,0.0056957738
3E5S,3772,B,233,LYS,CA,0.0
3E5S,3773,B,233,LYS,C,0.0050317845
3E5S,3774,B,233,LYS,O,0.13616459
3E5S,3775,B,233,LYS,H,0.04601386
3E5S,3776,B,233,LYS,H,0.008848819
3E5S,3777,B,233,LYS,C,0.0050317845
3E5S,3778,B,233,LYS,C,0.0
3E5S,3779,B,233,LYS,C,0.0025158923
3E5S,3780,B,233,LYS,C,0.008805623
3E5S,3781,B,233,LYS,N,0.009113238
3E5S,3782,B,233,LYS,H,0.21414141
3E5S,3783,B,233,LYS,H,0.12565322
3E5S,3784,B,233,LYS,H,0.012388347
3E5S,3785,B,233,LYS,H,0.15308456
3E5S,3786,B,233,LYS,H,0.1805159
3E5S,3787,B,233,LYS,H,0.16193338
3E5S,3788,B,233,LYS,H,0.20440772
3E5S,3789,B,233,LYS,H,0.17255197
3E5S,3790,B,233,LYS,H,0.27696803
3E5S,3791,B,233,LYS,H,0.26546457
3E5S,3792,B,233,LYS,H,0.2300693
3E5S,3793,B,234,GLY,N,0.019365631
3E5S,3794,B,234,GLY,CA,0.023900976
3E5S,3795,B,234,GLY,C,0.0012579461
3E5S,3796,B,234,GLY,O,0.007812722
3E5S,3797,B,234,GLY,H,0.020352283
3E5S,3798,B,234,GLY,H,0.18847984
3E5S,3799,B,234,GLY,H,0.1415811
3E5S,3800,B,235,ASN,N,0.0
3E5S,3801,B,235,ASN,CA,0.0
3E5S,3802,B,235,ASN,C,0.0
3E5S,3803,B,235,ASN,O,0.0
3E5S,3804,B,235,ASN,H,0.0
3E5S,3805,B,235,ASN,H,0.0
3E5S,3806,B,235,ASN,C,0.0
3E5S,3807,B,235,ASN,C,0.013837407
3E5S,3808,B,235,ASN,O,0.0011161031
3E5S,3809,B,235,ASN,N,0.020504786
3E5S,3810,B,235,ASN,H,0.0
3E5S,3811,B,235,ASN,H,0.007079055
3E5S,3812,B,235,ASN,H,0.022122048
3E5S,3813,B,235,ASN,H,0.0
3E5S,3814,B,236,ASN,N,0.0
3E5S,3815,B,236,ASN,CA,0.0
3E5S,3816,B,236,ASN,C,0.006289731
3E5S,3817,B,236,ASN,O,0.06250177
3E5S,3818,B,236,ASN,H,0.007963937
3E5S,3819,B,236,ASN,H,0.0
3E5S,3820,B,236,ASN,C,0.0
3E5S,3821,B,236,ASN,C,0.0163533
3E5S,3822,B,236,ASN,O,0.06696619
3E5S,3823,B,236,ASN,N,0.084297456
3E5S,3824,B,236,ASN,H,0.0
3E5S,3825,B,236,ASN,H,0.0
3E5S,3826,B,236,ASN,H,0.099106774
3E5S,3827,B,236,ASN,H,0.24599716
3E5S,3828,B,237,THR,N,0.0034174644
3E5S,3829,B,237,THR,CA,0.0
3E5S,3830,B,237,THR,C,0.0
3E5S,3831,B,237,THR,O,0.20871128
3E5S,3832,B,237,THR,H,0.0
3E5S,3833,B,237,THR,H,0.116804406
3E5S,3834,B,237,THR,C,0.0
3E5S,3835,B,237,THR,OH,0.11495862
3E5S,3836,B,237,THR,C,0.052833736
3E5S,3837,B,237,THR,H,0.0
3E5S,3838,B,237,THR,HO,0.0
3E5S,3839,B,237,THR,H,0.063711494
3E5S,3840,B,237,THR,H,0.1902496
3E5S,3841,B,237,THR,H,0.019467402
3E5S,3842,B,238,HIS,N,0.0
3E5S,3843,B,238,HIS,CA,0.0
3E5S,3844,B,238,HIS,C,0.0
3E5S,3845,B,238,HIS,O,0.0
3E5S,3846,B,238,HIS,H,0.0
3E5S,3847,B,238,HIS,H,0.008848819
3E5S,3848,B,238,HIS,C,0.0
3E5S,3849,B,238,HIS,C,0.0
3E5S,3850,B,238,HIS,N,0.0
3E5S,3851,B,238,HIS,C,0.0
3E5S,3852,B,238,HIS,C,0.03899633
3E5S,3853,B,238,HIS,N,0.0
3E5S,3854,B,238,HIS,H,0.0
3E5S,3855,B,238,HIS,H,0.0
3E5S,3856,B,238,HIS,H,0.09202772
3E5S,3857,B,238,HIS,H,0.0
3E5S,3858,B,238,HIS,H,0.20175306
3E5S,3859,B,238,HIS,H,0.0
3E5S,3860,B,239,GLU,N,0.0
3E5S,3861,B,239,GLU,CA,0.0
3E5S,3862,B,239,GLU,C,0.0
3E5S,3863,B,239,GLU,O,0.0
3E5S,3864,B,239,GLU,H,0.0
3E5S,3865,B,239,GLU,H,0.0
3E5S,3866,B,239,GLU,C,0.0
3E5S,3867,B,239,GLU,C,0.0
3E5S,3868,B,239,GLU,C,0.015095353
3E5S,3869,B,239,GLU,O,0.15290613
3E5S,3870,B,239,GLU,O,0.12500355
3E5S,3871,B,239,GLU,H,0.027431339
3E5S,3872,B,239,GLU,H,0.0
3E5S,3873,B,239,GLU,H,0.0
3E5S,3874,B,239,GLU,H,0.0
3E5S,3875,B,240,GLN,N,0.0
3E5S,3876,B,240,GLN,CA,0.0
3E5S,3877,B,240,GLN,C,0.010063569
3E5S,3878,B,240,GLN,O,0.03236699
3E5S,3879,B,240,GLN,H,0.022122048
3E5S,3880,B,240,GLN,H,0.0
3E5S,3881,B,240,GLN,C,0.0075476766
3E5S,3882,B,240,GLN,C,0.015095353
3E5S,3883,B,240,GLN,C,0.049059898
3E5S,3884,B,240,GLN,O,0.044644125
3E5S,3885,B,240,GLN,N,0.084297456
3E5S,3886,B,240,GLN,H,0.12388346
3E5S,3887,B,240,GLN,H,0.1999833
3E5S,3888,B,240,GLN,H,0.21945071
3E5S,3889,B,240,GLN,H,0.119459055
3E5S,3890,B,240,GLN,H,0.2291844
3E5S,3891,B,240,GLN,H,0.17166708
3E5S,3892,B,241,LEU,N,0.014809012
3E5S,3893,B,241,LEU,CA,0.0012579461
3E5S,3894,B,241,LEU,C,0.0
3E5S,3895,B,241,LEU,O,0.012277135
3E5S,3896,B,241,LEU,H,0.011503465
3E5S,3897,B,241,LEU,H,0.045128975
3E5S,3898,B,241,LEU,C,0.0
3E5S,3899,B,241,LEU,C,0.0
3E5S,3900,B,241,LEU,C,0.049059898
3E5S,3901,B,241,LEU,C,0.006289731
3E5S,3902,B,241,LEU,H,0.0
3E5S,3903,B,241,LEU,H,0.084063776
3E5S,3904,B,241,LEU,H,0.0
3E5S,3905,B,241,LEU,H,0.14246598
3E5S,3906,B,241,LEU,H,0.20352283
3E5S,3907,B,241,LEU,H,0.1318474
3E5S,3908,B,241,LEU,H,0.055747557
3E5S,3909,B,241,LEU,H,0.0
3E5S,3910,B,241,LEU,H,0.076984726
3E5S,3911,B,242,LEU,N,0.0
3E5S,3912,B,242,LEU,CA,0.0
3E5S,3913,B,242,LEU,C,0.0
3E5S,3914,B,242,LEU,O,0.0
3E5S,3915,B,242,LEU,H,0.0
3E5S,3916,B,242,LEU,H,0.0
3E5S,3917,B,242,LEU,C,0.0
3E5S,3918,B,242,LEU,C,0.0
3E5S,3919,B,242,LEU,C,0.0
3E5S,3920,B,242,LEU,C,0.0
3E5S,3921,B,242,LEU,H,0.0
3E5S,3922,B,242,LEU,H,0.0
3E5S,3923,B,242,LEU,H,0.0
3E5S,3924,B,242,LEU,H,0.0
3E5S,3925,B,242,LEU,H,0.0
3E5S,3926,B,242,LEU,H,0.0
3E5S,3927,B,242,LEU,H,0.0
3E5S,3928,B,242,LEU,H,0.0
3E5S,3929,B,242,LEU,H,0.0
3E5S,3930,B,243,ARG,N,0.0
3E5S,3931,B,243,ARG,CA,0.0
3E5S,3932,B,243,ARG,C,0.006289731
3E5S,3933,B,243,ARG,O,0.015625443
3E5S,3934,B,243,ARG,H,0.0
3E5S,3935,B,243,ARG,H,0.0
3E5S,3936,B,243,ARG,C,0.0
3E5S,3937,B,243,ARG,C,0.0
3E5S,3938,B,243,ARG,C,0.018869191
3E5S,3939,B,243,ARG,N,0.031896334
3E5S,3940,B,243,ARG,C,0.06415525
3E5S,3941,B,243,ARG,N,0.06721013
3E5S,3942,B,243,ARG,N,0.07176675
3E5S,3943,B,243,ARG,H,0.104416065
3E5S,3944,B,243,ARG,H,0.012388347
3E5S,3945,B,243,ARG,H,0.0
3E5S,3946,B,243,ARG,H,0.0
3E5S,3947,B,243,ARG,H,0.13361716
3E5S,3948,B,243,ARG,H,0.007079055
3E5S,3949,B,243,ARG,H,0.015927874
3E5S,3950,B,243,ARG,H,0.07079055
3E5S,3951,B,243,ARG,H,0.11503465
3E5S,3952,B,243,ARG,H,0.02831622
3E5S,3953,B,243,ARG,H,0.11768929
3E5S,3954,B,244,LYS,N,0.007974084
3E5S,3955,B,244,LYS,CA,0.0
3E5S,3956,B,244,LYS,C,0.0
3E5S,3957,B,244,LYS,O,0.0
3E5S,3958,B,244,LYS,H,0.0
3E5S,3959,B,244,LYS,H,0.03804992
3E5S,3960,B,244,LYS,C,0.0012579461
3E5S,3961,B,244,LYS,C,0.0
3E5S,3962,B,244,LYS,C,0.0050317845
3E5S,3963,B,244,LYS,C,0.0012579461
3E5S,3964,B,244,LYS,N,0.006834929
3E5S,3965,B,244,LYS,H,0.011503465
3E5S,3966,B,244,LYS,H,0.07963937
3E5S,3967,B,244,LYS,H,0.14866015
3E5S,3968,B,244,LYS,H,0.0017697638
3E5S,3969,B,244,LYS,H,0.096452124
3E5S,3970,B,244,LYS,H,0.19821355
3E5S,3971,B,244,LYS,H,0.0
3E5S,3972,B,244,LYS,H,0.2150263
3E5S,3973,B,244,LYS,H,0.25307623
3E5S,3974,B,244,LYS,H,0.22210535
3E5S,3975,B,244,LYS,H,0.20352283
3E5S,3976,B,245,ALA,N,0.0034174644
3E5S,3977,B,245,ALA,CA,0.0012579461
3E5S,3978,B,245,ALA,C,0.0
3E5S,3979,B,245,ALA,O,0.0
3E5S,3980,B,245,ALA,H,0.0
3E5S,3981,B,245,ALA,H,0.0
3E5S,3982,B,245,ALA,C,0.0
3E5S,3983,B,245,ALA,H,0.0
3E5S,3984,B,245,ALA,H,0.0
3E5S,3985,B,245,ALA,H,0.01858252
3E5S,3986,B,246,GLU,N,0.0
3E5S,3987,B,246,GLU,CA,0.0
3E5S,3988,B,246,GLU,C,0.0
3E5S,3989,B,246,GLU,O,0.0
3E5S,3990,B,246,GLU,H,0.0
3E5S,3991,B,246,GLU,H,0.0
3E5S,3992,B,246,GLU,C,0.0
3E5S,3993,B,246,GLU,C,0.0
3E5S,3994,B,246,GLU,C,0.006289731
3E5S,3995,B,246,GLU,O,0.013393238
3E5S,3996,B,246,GLU,O,0.1774604
3E5S,3997,B,246,GLU,H,0.0044244095
3E5S,3998,B,246,GLU,H,0.0
3E5S,3999,B,246,GLU,H,0.0
3E5S,4000,B,246,GLU,H,0.07256032
3E5S,4001,B,247,ALA,N,0.0011391548
3E5S,4002,B,247,ALA,CA,0.0012579461
3E5S,4003,B,247,ALA,C,0.006289731
3E5S,4004,B,247,ALA,O,0.0055805156
3E5S,4005,B,247,ALA,H,0.0
3E5S,4006,B,247,ALA,H,0.043359213
3E5S,4007,B,247,ALA,C,0.050317846
3E5S,4008,B,247,ALA,H,0.22299023
3E5S,4009,B,247,ALA,H,0.026546456
3E5S,4010,B,247,ALA,H,0.16193338
3E5S,4011,B,248,GLN,N,0.0
3E5S,4012,B,248,GLN,CA,0.0
3E5S,4013,B,248,GLN,C,0.0
3E5S,4014,B,248,GLN,O,0.0011161031
3E5S,4015,B,248,GLN,H,0.0
3E5S,4016,B,248,GLN,H,0.011503465
3E5S,4017,B,248,GLN,C,0.0
3E5S,4018,B,248,GLN,C,0.0
3E5S,4019,B,248,GLN,C,0.0025158923
3E5S,4020,B,248,GLN,O,0.2834902
3E5S,4021,B,248,GLN,N,0.0022783095
3E5S,4022,B,248,GLN,H,0.020352283
3E5S,4023,B,248,GLN,H,0.0
3E5S,4024,B,248,GLN,H,0.008848819
3E5S,4025,B,248,GLN,H,0.11768929
3E5S,4026,B,248,GLN,H,0.0
3E5S,4027,B,248,GLN,H,0.18936472
3E5S,4028,B,249,ALA,N,0.0
3E5S,4029,B,249,ALA,CA,0.0
3E5S,4030,B,249,ALA,C,0.0
3E5S,4031,B,249,ALA,O,0.0
3E5S,4032,B,249,ALA,H,0.0
3E5S,4033,B,249,ALA,H,0.0
3E5S,4034,B,249,ALA,C,0.0
3E5S,4035,B,249,ALA,H,0.0
3E5S,4036,B,249,ALA,H,0.0
3E5S,4037,B,249,ALA,H,0.0
3E5S,4038,B,250,LYS,N,0.0
3E5S,4039,B,250,LYS,CA,0.0
3E5S,4040,B,250,LYS,C,0.0
3E5S,4041,B,250,LYS,O,0.0022322063
3E5S,4042,B,250,LYS,H,0.0
3E5S,4043,B,250,LYS,H,0.0
3E5S,4044,B,250,LYS,C,0.0012579461
3E5S,4045,B,250,LYS,C,0.0025158923
3E5S,4046,B,250,LYS,C,0.0
3E5S,4047,B,250,LYS,C,0.0050317845
3E5S,4048,B,250,LYS,N,0.007974084
3E5S,4049,B,250,LYS,H,0.0
3E5S,4050,B,250,LYS,H,0.007963937
3E5S,4051,B,250,LYS,H,0.19201937
3E5S,4052,B,250,LYS,H,0.0831789
3E5S,4053,B,250,LYS,H,0.0017697638
3E5S,4054,B,250,LYS,H,0.14866015
3E5S,4055,B,250,LYS,H,0.23095417
3E5S,4056,B,250,LYS,H,0.07963937
3E5S,4057,B,250,LYS,H,0.2539611
3E5S,4058,B,250,LYS,H,0.033625513
3E5S,4059,B,250,LYS,H,0.25661576
3E5S,4060,B,251,LYS,N,0.0
3E5S,4061,B,251,LYS,CA,0.0
3E5S,4062,B,251,LYS,C,0.0
3E5S,4063,B,251,LYS,O,0.17076378
3E5S,4064,B,251,LYS,H,0.0
3E5S,4065,B,251,LYS,H,0.020352283
3E5S,4066,B,251,LYS,C,0.0
3E5S,4067,B,251,LYS,C,0.0
3E5S,4068,B,251,LYS,C,0.0
3E5S,4069,B,251,LYS,C,0.0075476766
3E5S,4070,B,251,LYS,N,0.007974084
3E5S,4071,B,251,LYS,H,0.0
3E5S,4072,B,251,LYS,H,0.009733701
3E5S,4073,B,251,LYS,H,0.114149764
3E5S,4074,B,251,LYS,H,0.086718425
3E5S,4075,B,251,LYS,H,0.07344519
3E5S,4076,B,251,LYS,H,0.14866015
3E5S,4077,B,251,LYS,H,0.19821355
3E5S,4078,B,251,LYS,H,0.21414141
3E5S,4079,B,251,LYS,H,0.2690041
3E5S,4080,B,251,LYS,H,0.2539611
3E5S,4081,B,251,LYS,H,0.23980299
3E5S,4082,B,252,GLU,N,0.0
3E5S,4083,B,252,GLU,CA,0.0
3E5S,4084,B,252,GLU,C,0.0
3E5S,4085,B,252,GLU,O,0.0011161031
3E5S,4086,B,252,GLU,H,0.0
3E5S,4087,B,252,GLU,H,0.07963937
3E5S,4088,B,252,GLU,C,0.0
3E5S,4089,B,252,GLU,C,0.0025158923
3E5S,4090,B,252,GLU,C,0.04277017
3E5S,4091,B,252,GLU,O,0.046876334
3E5S,4092,B,252,GLU,O,0.3102767
3E5S,4093,B,252,GLU,H,0.024776693
3E5S,4094,B,252,GLU,H,0.0
3E5S,4095,B,252,GLU,H,0.034510393
3E5S,4096,B,252,GLU,H,0.19732866
3E5S,4097,B,253,LYS,N,0.0
3E5S,4098,B,253,LYS,CA,0.0
3E5S,4099,B,253,LYS,C,0.0
3E5S,4100,B,253,LYS,O,0.0
3E5S,4101,B,253,LYS,H,0.0
3E5S,4102,B,253,LYS,H,0.0
3E5S,4103,B,253,LYS,C,0.0
3E5S,4104,B,253,LYS,C,0.006289731
3E5S,4105,B,253,LYS,C,0.0050317845
3E5S,4106,B,253,LYS,C,0.0037738383
3E5S,4107,B,253,LYS,N,0.006834929
3E5S,4108,B,253,LYS,H,0.0
3E5S,4109,B,253,LYS,H,0.0
3E5S,4110,B,253,LYS,H,0.027431339
3E5S,4111,B,253,LYS,H,0.07963937
3E5S,4112,B,253,LYS,H,0.015042992
3E5S,4113,B,253,LYS,H,0.19732866
3E5S,4114,B,253,LYS,H,0.0017697638
3E5S,4115,B,253,LYS,H,0.19467402
3E5S,4116,B,253,LYS,H,0.10353118
3E5S,4117,B,253,LYS,H,0.25661576
3E5S,4118,B,253,LYS,H,0.048668504
3E5S,4119,B,254,LEU,N,0.0
3E5S,4120,B,254,LEU,CA,0.0
3E5S,4121,B,254,LEU,C,0.0
3E5S,4122,B,254,LEU,O,0.0
3E5S,4123,B,254,LEU,H,0.0
3E5S,4124,B,254,LEU,H,0.0017697638
3E5S,4125,B,254,LEU,C,0.0
3E5S,4126,B,254,LEU,C,0.0
3E5S,4127,B,254,LEU,C,0.0012579461
3E5S,4128,B,254,LEU,C,0.0
3E5S,4129,B,254,LEU,H,0.0
3E5S,4130,B,254,LEU,H,0.0
3E5S,4131,B,254,LEU,H,0.0
3E5S,4132,B,254,LEU,H,0.044244096
3E5S,4133,B,254,LEU,H,0.0008848819
3E5S,4134,B,254,LEU,H,0.0
3E5S,4135,B,254,LEU,H,0.049553387
3E5S,4136,B,254,LEU,H,0.0
3E5S,4137,B,254,LEU,H,0.005309291
3E5S,4138,B,255,ASN,N,0.0
3E5S,4139,B,255,ASN,CA,0.0
3E5S,4140,B,255,ASN,C,0.0
3E5S,4141,B,255,ASN,O,0.0022322063
3E5S,4142,B,255,ASN,H,0.0061941734
3E5S,4143,B,255,ASN,H,0.0035395275
3E5S,4144,B,255,ASN,C,0.0
3E5S,4145,B,255,ASN,C,0.0
3E5S,4146,B,255,ASN,O,0.0
3E5S,4147,B,255,ASN,N,0.0022783095
3E5S,4148,B,255,ASN,H,0.0
3E5S,4149,B,255,ASN,H,0.0
3E5S,4150,B,255,ASN,H,0.0
3E5S,4151,B,255,ASN,H,0.029201102
3E5S,4152,B,256,ILE,N,0.0
3E5S,4153,B,256,ILE,CA,0.0
3E5S,4154,B,256,ILE,C,0.0012579461
3E5S,4155,B,256,ILE,O,0.18973753
3E5S,4156,B,256,ILE,H,0.0
3E5S,4157,B,256,ILE,H,0.015927874
3E5S,4158,B,256,ILE,C,0.0
3E5S,4159,B,256,ILE,C,0.0
3E5S,4160,B,256,ILE,C,0.0012579461
3E5S,4161,B,256,ILE,C,0.0
3E5S,4162,B,256,ILE,H,0.03274063
3E5S,4163,B,256,ILE,H,0.0
3E5S,4164,B,256,ILE,H,0.0
3E5S,4165,B,256,ILE,H,0.0
3E5S,4166,B,256,ILE,H,0.0
3E5S,4167,B,256,ILE,H,0.016812757
3E5S,4168,B,256,ILE,H,0.0
3E5S,4169,B,256,ILE,H,0.0
3E5S,4170,B,256,ILE,H,0.0
3E5S,4171,B,257,TRP,N,0.0
3E5S,4172,B,257,TRP,CA,0.0
3E5S,4173,B,257,TRP,C,0.013837407
3E5S,4174,B,257,TRP,O,0.085939944
3E5S,4175,B,257,TRP,H,0.0
3E5S,4176,B,257,TRP,H,0.050438266
3E5S,4177,B,257,TRP,C,0.0
3E5S,4178,B,257,TRP,C,0.0
3E5S,4179,B,257,TRP,C,0.0
3E5S,4180,B,257,TRP,C,0.0
3E5S,4181,B,257,TRP,N,0.0
3E5S,4182,B,257,TRP,C,0.0
3E5S,4183,B,257,TRP,C,0.0163533
3E5S,4184,B,257,TRP,C,0.0
3E5S,4185,B,257,TRP,C,0.057865523
3E5S,4186,B,257,TRP,C,0.044028115
3E5S,4187,B,257,TRP,H,0.021237165
3E5S,4188,B,257,TRP,H,0.0
3E5S,4189,B,257,TRP,H,0.0
3E5S,4190,B,257,TRP,H,0.0
3E5S,4191,B,257,TRP,H,0.13007763
3E5S,4192,B,257,TRP,H,0.0
3E5S,4193,B,257,TRP,H,0.23891811
3E5S,4194,B,257,TRP,H,0.13007763
3E5S,4195,B,258,SER,N,0.004556619
3E5S,4196,B,258,SER,CA,0.0
3E5S,4197,B,258,SER,C,0.015095353
3E5S,4198,B,258,SER,O,0.37835896
3E5S,4199,B,258,SER,H,0.009733701
3E5S,4200,B,258,SER,H,0.0
3E5S,4201,B,258,SER,C,0.0
3E5S,4202,B,258,SER,OH,0.023438167
3E5S,4203,B,258,SER,H,0.0
3E5S,4204,B,258,SER,H,0.0
3E5S,4205,B,258,SER,HO,0.024776693
3E5S,4206,B,258,SER,O,0.20871128
