atom_number,atom_name,x,y,z,atom_type,bonds,Multipole_Atoms,Dipole_Vector
1,N,-7.494947,-4.797573,-14.483351,231,"['2', '5', '6', '7']","2, 5, 6, 1","-0.123491, -0.007116, -0.029060"
2,CA,-6.304809,-5.358913,-13.847891,8,"['1', '3', '8', '9']","1, 3, 7, 3","0.344394, 0.032743, 0.491707"
3,C,-6.547777,-6.841456,-13.52877,9,"['2', '4', '22']","2, 4, 6","0.057657, -0.267067, 0.227856"
4,O,-7.570797,-7.408799,-13.918537,11,['3'],3,"0.090421, 0.039659, 0.061804"
5,H,-7.461558,-3.795915,-14.608282,232,['1'],1,"-0.106108, 0.113166, -0.027483"
6,H,-8.325289,-5.003705,-13.936611,232,['1'],1,"-0.194684, -0.066495, -0.005218"
7,H,-7.656016,-5.207385,-15.395822,232,['1'],1,"-0.194662, -0.026828, -0.118463"
8,H,-5.48377,-5.32058,-14.60182,12,['2'],2,"0.295672, -0.034341, -0.184964"
9,C,-5.925063,-4.529935,-12.590234,19,"['2', '10', '13', '14']","2, 4, 8, 9","0.418482, 0.437533, 0.849005"
10,C,-5.802706,-2.987075,-12.773073,21,"['9', '11', '12', '15']","3, 5, 6, 7","0.241257, 0.202591, 0.083804"
11,C,-5.357214,-2.337518,-11.438175,23,"['10', '16', '17', '18']","4, 6, 8, 9","0.074869, 0.171258, 0.177908"
12,C,-4.797484,-2.657627,-13.900706,23,"['10', '19', '20', '21']","4, 8, 9, 7","0.230529, 0.134758, 0.059355"
13,H,-4.949111,-4.907786,-12.19808,20,['9'],3,"0.098996, 0.066915, 0.049822"
14,H,-6.673116,-4.751062,-11.788562,20,['9'],3,"-0.087268, -0.088170, 0.186164"
15,H,-6.798431,-2.560828,-13.050492,22,['10'],4,"0.074911, 0.121292, 0.125538"
16,H,-5.296684,-1.229537,-11.530742,24,['11'],5,"0.005506, 0.063070, -0.025156"
17,H,-4.353725,-2.690696,-11.107424,24,['11'],5,"0.087037, -0.011905, -0.008005"
18,H,-6.076696,-2.549055,-10.613903,24,['11'],5,"-0.009314, 0.000319, 0.048617"
19,H,-4.605779,-1.559941,-13.957555,24,['12'],6,"0.055592, 0.170324, 0.039102"
20,H,-5.140166,-2.968598,-14.910312,24,['12'],6,"0.154063, 0.085683, 0.078042"
21,H,-3.813093,-3.151043,-13.728205,24,['12'],6,"0.140730, -0.055259, 0.077531"
22,N,-5.568861,-7.497921,-12.860539,7,"['3', '23', '26']","3, 8, 6","0.143308, -0.004096, 0.136227"
23,CA,-5.62655,-8.892299,-12.442435,8,"['22', '24', '27', '28']","6, 9, 8, 9","-0.109574, 0.080987, -0.350187"
24,C,-4.801619,-9.036148,-11.157613,9,"['23', '25', '40']","8, 7, 11","-0.202620, -0.297218, 0.150970"
25,O,-3.730741,-8.435759,-11.061007,11,['24'],9,"-0.033807, -0.219093, 0.094723"
26,HN,-4.718695,-7.017942,-12.531347,10,['22'],6,"0.242634, -0.000832, 0.171238"
27,H,-6.686811,-9.171902,-12.239133,12,['23'],8,"-0.421628, -0.169266, 0.084464"
28,C,-4.999975,-9.80898,-13.524209,106,"['23', '29', '34', '35']","8, 8, 9, 10","-0.009306, -0.179404, -0.364865"
29,C,-5.605516,-9.828865,-14.895225,108,"['28', '30', '31']","9, 9, 8","-0.195357, -0.033171, -0.103080"
30,N,-6.90655,-10.192941,-15.176792,109,"['29', '32', '36']","8, 9, 11","-0.122919, 0.030413, 0.088444"
31,C,-4.976999,-9.713476,-16.116309,111,"['29', '33', '37']","8, 8, 7","0.028321, -0.187949, -0.157899"
32,C,-7.075594,-10.325588,-16.506053,113,"['30', '33', '38']","9, 8, 6","0.138093, -0.018900, 0.046244"
33,N,-5.892246,-10.043308,-17.081234,115,"['31', '32', '39']","8, 9, 10","0.102602, -0.101866, -0.152145"
34,H,-4.997437,-10.861431,-13.154908,107,['28'],9,"-0.005154, 0.044846, -0.038067"
35,H,-3.918418,-9.550804,-13.630244,107,['28'],9,"-0.008829, -0.013656, -0.011693"
36,HN,-7.625732,-10.438536,-14.474591,110,['30'],9,"-0.247566, -0.151053, 0.063233"
37,H,-3.930646,-9.565193,-16.339976,112,['31'],8,"-0.032302, -0.120023, -0.038128"
38,H,-7.943341,-10.716066,-17.020369,114,['32'],9,"0.125723, -0.010667, 0.004522"
39,HN,-5.637756,-10.208196,-18.068431,116,['33'],8,"0.211119, -0.151324, -0.045098"
40,N,-5.312825,-9.832466,-10.188417,7,"['24', '41', '44']","9, 8, 9","-0.172741, -0.121453, 0.094793"
41,CA,-4.651684,-10.190789,-8.933867,8,"['40', '42', '45', '46']","11, 9, 12, 13","-0.352935, 0.287642, 0.116004"
42,C,-3.890632,-11.510024,-9.19761,9,"['41', '43', '62']","8, 8, 9","0.262577, 0.112434, 0.181128"
43,O,-4.498295,-12.467735,-9.678373,11,['42'],9,"0.162475, 0.045376, 0.124403"
44,HN,-6.156044,-10.386128,-10.394119,10,['40'],11,"-0.198635, -0.161655, -0.070672"
45,H,-3.915507,-9.397675,-8.652042,12,['41'],8,"0.312447, 0.258582, 0.086562"
46,C,-5.721656,-10.376219,-7.796246,182,"['41', '47', '51', '52']","8, 12, 7, 3","-0.085882, -0.017270, 0.196257"
47,C,-6.474868,-9.072206,-7.395279,184,"['46', '48', '53', '54']","13, 7, 5, 6","0.067448, 0.013243, -0.064143"
48,C,-7.454832,-9.21957,-6.193659,186,"['47', '49', '55', '56']","12, 14, 16, 9","0.366547, -0.311802, -0.111153"
49,C,-8.48899,-8.074971,-6.037601,188,"['48', '50', '57', '58']","7, 15, 16, 9","0.005434, -0.074653, 0.210544"
50,N,-9.269566,-8.143617,-4.796112,190,"['49', '59', '60', '61']","14, 16, 6, 8","-0.074516, 0.063572, 0.146784"
51,H,-5.217963,-10.795233,-6.899489,183,['46'],13,"-0.030935, -0.026270, 0.011228"
52,H,-6.453693,-11.164306,-8.093042,183,['46'],13,"0.021812, -0.055506, 0.015960"
53,H,-7.025157,-8.684656,-8.283727,185,['47'],12,"0.019298, 0.041623, -0.006380"
54,H,-5.728012,-8.284974,-7.136533,185,['47'],12,"0.000446, 0.024469, 0.028374"
55,H,-6.853378,-9.301943,-5.25637,187,['48'],7,"0.088954, -0.140579, 0.095386"
56,H,-8.004827,-10.187104,-6.275033,187,['48'],7,"0.012827, -0.159744, 0.036710"
57,H,-9.196897,-8.07383,-6.897828,189,['49'],14,"-0.022944, 0.061789, 0.059770"
58,H,-7.975942,-7.090302,-6.068973,189,['49'],14,"-0.029138, 0.054616, 0.054684"
59,HN,-9.997017,-7.434587,-4.750901,191,['50'],15,"-0.041798, 0.024569, 0.061721"
60,HN,-8.701937,-7.982946,-3.969174,191,['50'],15,"-0.001637, 0.079689, 0.073933"
61,HN,-9.738513,-9.035396,-4.666729,191,['50'],15,"-0.019252, 0.022043, 0.039611"
62,N,-2.551284,-11.53214,-8.956097,7,"['42', '63', '66']","9, 17, 17","0.139506, 0.275196, 0.104009"
63,CA,-1.612728,-12.636197,-9.170164,8,"['62', '64', '67', '68']","9, 17, 18, 17","-0.161697, 0.388398, -0.524862"
64,C,-0.992328,-13.05535,-7.817596,9,"['63', '65', '77']","17, 18, 17","-0.107048, -0.168126, -0.356649"
65,O,-0.755393,-12.212071,-6.949412,11,['64'],17,"-0.000564, -0.399229, -0.236778"
66,HN,-2.101222,-10.709655,-8.53379,10,['62'],9,"0.245705, 0.378133, 0.157887"
67,H,-2.167336,-13.498773,-9.612975,12,['63'],17,"-0.211146, -0.295978, -0.115012"
68,C,-0.433526,-12.190343,-10.094113,153,"['63', '69', '73', '74']","17, 18, 17, 18","0.071417, 0.127044, -0.509977"
69,C,-0.80344,-11.499784,-11.425865,155,"['68', '70', '75', '76']","17, 8, 17, 18","-0.193992, -0.112126, 0.625120"
70,C,0.371872,-11.374223,-12.380611,157,"['69', '71', '72']","18, 9, 17","-0.388097, -0.119205, 0.202373"
71,O,1.058252,-12.408736,-12.614449,158,['70'],8,"0.027058, 0.375501, 0.343147"
72,O,0.556157,-10.270135,-12.95605,158,['70'],8,"0.093810, -0.293821, 0.701990"
73,H,0.172893,-13.09476,-10.33628,154,['68'],17,"0.039710, -0.007180, -0.042398"
74,H,0.251533,-11.512898,-9.528306,154,['68'],17,"-0.017658, -0.000560, 0.077736"
75,H,-1.232907,-10.48795,-11.237074,156,['69'],18,"-0.114148, 0.097469, 0.076066"
76,H,-1.582269,-12.080986,-11.964955,156,['69'],18,"-0.080163, 0.050402, -0.030966"
77,N,-0.701846,-14.368357,-7.589552,50,"['64', '78', '84']","17, 19, 18","-0.067893, -0.142010, -0.162895"
78,CA,-0.256916,-14.845314,-6.27636,51,"['77', '79', '81', '82']","17, 20, 9, 17","-0.617562, -0.181327, 0.074239"
79,C,1.168699,-14.439454,-5.867767,52,"['78', '80', '91']","19, 8, 22","-0.272094, 0.028716, 0.226053"
80,O,2.104067,-14.487306,-6.672251,53,['79'],20,"-0.300742, 0.024427, 0.150769"
81,H,-0.966441,-14.485989,-5.487054,54,['78'],19,"-0.267556, 0.137131, 0.242028"
82,C,-0.371224,-16.380278,-6.435701,55,"['78', '83', '85', '86']","19, 17, 17, 18","0.144468, -0.554321, -0.068651"
83,C,0.054818,-16.58089,-7.893413,57,"['82', '84', '87', '88']","17, 18, 17, 21","0.059087, -0.265123, -0.080327"
84,C,-0.725076,-15.446214,-8.573358,59,"['77', '83', '89', '90']","17, 17, 8, 9","0.051058, -0.342665, -0.164519"
85,H,-1.42924,-16.7087,-6.293894,56,['82'],17,"-0.098898, 0.014099, 0.002478"
86,H,0.244613,-16.939144,-5.699529,56,['82'],17,"-0.028270, 0.110541, 0.017778"
87,H,-0.200613,-17.581727,-8.308842,58,['83'],17,"-0.062430, -0.023077, -0.113913"
88,H,1.1555,-16.427309,-8.013353,58,['83'],17,"0.132899, 0.105680, -0.020870"
89,H,-1.776189,-15.764555,-8.778841,60,['84'],18,"-0.167188, -0.047535, -0.000589"
90,H,-0.260185,-15.174041,-9.547404,60,['84'],18,"-0.006134, 0.012080, -0.055628"
91,N,1.359154,-14.152109,-4.554382,7,"['79', '92', '95']","20, 22, 24","-0.318135, 0.020211, 0.017451"
92,CA,2.646508,-13.894325,-3.918493,8,"['91', '93', '96', '97']","22, 23, 25, 22","-0.141295, 0.406049, -0.595353"
93,C,2.593337,-14.347229,-2.454055,9,"['92', '94', '101']","22, 22, 23","0.269119, 0.078537, -0.184749"
94,O,1.522203,-14.451603,-1.861429,11,['93'],23,"0.098426, 0.019741, -0.070252"
95,HN,0.56232,-14.113446,-3.897501,10,['91'],22,"-0.216591, 0.038397, 0.273075"
96,H,3.435736,-14.493678,-4.43366,12,['92'],22,"0.266289, -0.117571, -0.138121"
97,C,2.976233,-12.38649,-4.010833,13,"['92', '98', '99', '100']","22, 22, 23, 22","0.072251, 0.219835, -0.067445"
98,H,3.994599,-12.17109,-3.620367,14,['97'],22,"0.010699, -0.045912, -0.006721"
99,H,2.253068,-11.775583,-3.425225,14,['97'],22,"-0.029025, -0.033180, 0.008806"
100,H,2.946031,-12.032264,-5.065632,14,['97'],22,"-0.044795, -0.037854, 0.001991"
101,N,3.760659,-14.662154,-1.847703,7,"['93', '102', '105']","23, 22, 23","0.187397, 0.009553, -0.262902"
102,CA,3.865543,-15.031905,-0.439649,8,"['101', '103', '106', '107']","23, 23, 8, 9","-0.365171, -0.105457, -0.487922"
103,C,4.679619,-13.964904,0.297318,9,"['102', '104', '115']","22, 22, 24","-0.214130, -0.269064, 0.176520"
104,O,5.609378,-13.358943,-0.246287,11,['103'],23,"-0.344723, -0.156162, 0.345016"
105,HN,4.654509,-14.566488,-2.352774,10,['101'],23,"0.303135, 0.068915, -0.219043"
106,H,2.843205,-15.034601,0.019835,12,['102'],22,"-0.388531, 0.004441, 0.059104"
107,C,4.473169,-16.451699,-0.23182,37,"['102', '108', '109', '110']","22, 26, 24, 25","-0.226649, -0.485904, -0.098531"
108,OH,5.720016,-16.544912,-0.912112,39,"['107', '111']","9, 26","-0.009487, -0.004650, 0.101276"
109,C,3.559531,-17.553782,-0.804126,41,"['107', '112', '113', '114']","9, 27, 28, 27","-0.070896, -0.155662, -0.095337"
110,H,4.648233,-16.61116,0.860833,38,['107'],9,"0.058296, 0.056512, -0.012175"
111,HO,6.21195,-17.268143,-0.542834,40,['108'],26,"0.032143, -0.019713, -0.008632"
112,H,3.914528,-18.568728,-0.51106,42,['109'],24,"-0.002420, -0.058728, 0.015286"
113,H,3.531439,-17.513027,-1.91388,42,['109'],24,"0.064900, 0.056183, 0.079869"
114,H,2.509256,-17.45783,-0.447423,42,['109'],24,"0.002658, -0.002734, -0.067743"
115,N,4.313779,-13.72271,1.580868,7,"['103', '116', '119']","23, 25, 26","-0.166935, 0.003058, 0.158328"
116,CA,5.033346,-12.805832,2.450489,8,"['115', '117', '120', '121']","24, 8, 24, 25","-0.703118, 0.084715, 0.216103"
117,C,6.426475,-13.37739,2.733161,9,"['116', '118', '134']","25, 9, 27","-0.049124, 0.272238, -0.033807"
118,O,6.567669,-14.535769,3.138483,11,['117'],8,"-0.050461, 0.240749, -0.003214"
119,HN,3.474468,-14.15947,1.986258,10,['115'],24,"-0.123261, -0.025239, 0.105309"
120,H,5.129814,-11.832174,1.917679,12,['116'],25,"-0.002365, 0.302828, -0.162070"
121,C,4.273963,-12.586466,3.787935,19,"['116', '122', '125', '126']","25, 26, 27, 29","-0.122293, 0.147727, 0.388705"
122,C,4.979387,-11.601502,4.772656,21,"['121', '123', '124', '127']","25, 27, 28, 8","0.001275, 0.031925, 0.100117"
123,C,5.04467,-10.170381,4.187758,23,"['122', '128', '129', '130']","26, 9, 26, 29","-0.040048, 0.042486, 0.041765"
124,C,4.203272,-11.572645,6.105562,23,"['122', '131', '132', '133']","26, 26, 27, 28","-0.046448, 0.004863, 0.083410"
125,H,4.156835,-13.576183,4.295576,20,['121'],25,"0.006451, -0.067078, 0.077274"
126,H,3.232746,-12.236079,3.584148,20,['121'],25,"-0.030963, 0.009040, 0.029265"
127,H,6.018941,-11.948946,4.992512,22,['122'],26,"0.010146, -0.010561, 0.035701"
128,H,5.403083,-9.436766,4.944861,24,['123'],27,"-0.028557, 0.019943, 0.013228"
129,H,4.049381,-9.809794,3.844856,24,['123'],27,"-0.012133, 0.026788, 0.016814"
130,H,5.742276,-10.091379,3.326236,24,['123'],27,"-0.008347, 0.054015, 0.039826"
131,H,4.690054,-10.890275,6.83761,24,['124'],28,"-0.013771, 0.005704, 0.025989"
132,H,4.164374,-12.579513,6.581072,24,['124'],28,"-0.000156, -0.040098, 0.001362"
133,H,3.153858,-11.228499,5.978176,24,['124'],28,"-0.050087, -0.001752, -0.002669"
134,N,7.454335,-12.509405,2.559284,7,"['117', '135', '138']","8, 24, 9","-0.070842, 0.103463, -0.188695"
135,CA,8.801022,-12.689781,3.068472,8,"['134', '136', '139', '140']","27, 25, 30, 31","-0.128561, -0.364460, -0.377075"
136,C,8.908839,-11.924732,4.39324,9,"['135', '137', '153']","24, 8, 8","0.000740, 0.097798, -0.237438"
137,O,9.081132,-12.533052,5.449548,11,['136'],25,"0.048920, 0.178648, -0.248423"
138,HN,7.284837,-11.598002,2.108273,10,['134'],27,"0.008557, 0.252434, -0.116988"
139,H,8.948082,-13.761311,3.350618,12,['135'],24,"0.047278, -0.311187, 0.177895"
140,C,9.911819,-12.316234,2.015704,25,"['135', '141', '142', '144']","24, 8, 9, 33","0.070759, -0.181426, -0.225273"
141,C,9.870083,-13.34892,0.840506,27,"['140', '143', '145', '146']","31, 32, 34, 35","-0.122320, 0.085396, 0.092709"
142,C,11.323127,-12.284795,2.662058,29,"['140', '147', '148', '149']","31, 8, 9, 3","-0.008535, -0.007453, 0.115965"
143,C,10.803738,-13.011597,-0.333001,31,"['141', '150', '151', '152']","8, 5, 1, 4","-0.087830, -0.007871, 0.051155"
144,H,9.691631,-11.299912,1.609201,26,['140'],31,"-0.059428, 0.062729, 0.051234"
145,H,8.829316,-13.417612,0.443794,28,['141'],8,"-0.064233, -0.011084, -0.004196"
146,H,10.109138,-14.370093,1.220565,28,['141'],8,"-0.002753, -0.011833, -0.002668"
147,H,12.130207,-12.061024,1.933826,30,['142'],9,"-0.046769, -0.047014, 0.057763"
148,H,11.576178,-13.250457,3.153899,30,['142'],9,"0.026316, -0.018522, 0.039979"
149,H,11.393683,-11.499136,3.447746,30,['142'],9,"0.001977, 0.006583, 0.053860"
150,H,10.667106,-13.732075,-1.169451,32,['143'],32,"-0.030354, 0.021402, 0.025885"
151,H,11.874025,-13.059715,-0.038103,32,['143'],32,"-0.039791, -0.020934, 0.025424"
152,H,10.601051,-11.997989,-0.742959,32,['143'],32,"-0.039592, -0.002020, -0.018372"
153,N,8.800152,-10.57198,4.353404,7,"['136', '154', '157']","25, 9, 30","-0.035028, 0.061410, -0.219775"
154,CA,8.947334,-9.705242,5.519121,8,"['153', '155', '158', '159']","8, 8, 31, 8","0.379964, -0.549546, -0.103954"
155,C,8.249515,-8.36203,5.266545,9,"['154', '156', '175']","9, 9, 8","-0.040310, -0.106799, 0.434136"
156,O,8.392621,-7.788113,4.184378,11,['155'],8,"-0.083154, -0.141950, 0.501648"
157,HN,8.568244,-10.082544,3.474297,10,['153'],8,"-0.088004, 0.180942, -0.311810"
158,H,8.481177,-10.208778,6.402429,12,['154'],9,"-0.125581, -0.221608, 0.269925"
159,C,10.47522,-9.456287,5.758125,182,"['154', '160', '164', '165']","9, 9, 33, 34","0.223408, -0.035648, 0.092830"
160,C,10.818072,-8.800281,7.119377,184,"['159', '161', '166', '167']","8, 8, 35, 8","-0.126736, -0.028009, 0.027513"
161,C,12.263323,-8.24809,7.197948,186,"['160', '162', '168', '169']","9, 9, 9, 8","0.052447, -0.483565, 0.070123"
162,C,12.528635,-6.877796,6.535957,188,"['161', '163', '170', '171']","8, 32, 9, 3","-0.221408, 0.208608, 0.291490"
163,N,11.877183,-5.743423,7.174185,190,"['162', '172', '173', '174']","9, 5, 1, 4","-0.253850, 0.180514, 0.008575"
164,H,10.858251,-8.827453,4.919731,183,['159'],8,"-0.056660, -0.018041, 0.006465"
165,H,11.036401,-10.42049,5.687218,183,['159'],8,"0.004821, -0.043058, 0.012875"
166,H,10.688892,-9.573238,7.915061,185,['160'],9,"-0.000620, 0.012707, 0.017175"
167,H,10.08318,-8.003342,7.376623,185,['160'],9,"-0.108068, 0.116566, 0.024574"
168,H,12.964773,-8.998797,6.761684,187,['161'],8,"0.045952, -0.097259, -0.035268"
169,H,12.566448,-8.183584,8.269572,187,['161'],8,"0.048121, -0.088772, 0.155273"
170,H,12.227002,-6.892369,5.464535,189,['162'],9,"-0.012627, 0.091416, 0.085809"
171,H,13.623323,-6.667891,6.550424,189,['162'],9,"-0.037762, 0.147716, 0.011632"
172,HN,12.163958,-4.874077,6.733498,191,['163'],32,"0.068318, 0.001501, -0.020565"
173,HN,12.08614,-5.643992,8.15975,191,['163'],32,"-0.050353, 0.039997, -0.118865"
174,HN,10.860746,-5.790723,7.097954,191,['163'],32,"-0.478470, 0.006284, 0.060882"
175,N,7.559894,-7.805613,6.291948,7,"['155', '176', '179']","8, 9, 12","-0.104041, 0.020059, 0.202532"
176,CA,7.074376,-6.423053,6.290787,8,"['175', '177', '180', '181']","8, 8, 8, 9","-0.831504, -0.284830, 0.210850"
177,C,8.29171,-5.524589,6.540953,9,"['176', '178', '185']","9, 9, 9","-0.518836, 0.313429, -0.306233"
178,O,9.210262,-5.94138,7.276494,11,['177'],8,"-0.804171, 0.072450, -0.059233"
179,HN,7.459983,-8.309543,7.183292,10,['175'],8,"-0.023315, -0.023126, 0.129443"
180,H,6.622986,-6.177912,5.297874,12,['176'],9,"-0.200817, 0.117359, -0.308891"
181,C,6.02728,-6.217755,7.398822,13,"['176', '182', '183', '184']","9, 8, 9, 36","-0.498259, 0.371319, 0.181073"
182,H,5.534989,-5.222757,7.268498,14,['181'],9,"-0.165893, 0.233432, -0.090526"
183,H,6.46806,-6.242939,8.420257,14,['181'],9,"-0.018658, 0.052866, -0.011816"
184,H,5.213522,-6.973504,7.348229,14,['181'],9,"-0.010790, 0.042820, -0.056326"
185,N,8.375341,-4.342124,5.886412,7,"['177', '186', '189']","8, 8, 9","-0.153497, 0.149928, -0.215907"
186,CA,9.510702,-3.426488,6.001417,8,"['185', '187', '190', '191']","9, 9, 37, 38","0.078206, -0.245852, -0.258543"
187,C,9.143955,-2.209676,6.836633,9,"['186', '188', '204']","8, 8, 8","-0.109297, 0.109203, -0.153640"
188,O,9.769341,-1.96607,7.865645,11,['187'],9,"-0.088640, -0.008704, -0.085930"
189,HN,7.592688,-4.010731,5.295128,10,['185'],9,"-0.226901, 0.149086, -0.198348"
190,H,10.315534,-3.891664,6.610157,12,['186'],8,"0.111576, 0.076462, 0.217310"
191,C,10.139448,-3.065592,4.614843,25,"['186', '192', '193', '195']","8, 8, 9, 9","0.082550, 0.067325, -0.307095"
192,C,10.602048,-4.373431,3.889733,27,"['191', '194', '196', '197']","38, 36, 8, 9","-0.228533, 0.239368, 0.073099"
193,C,11.341855,-2.091329,4.763791,29,"['191', '198', '199', '200']","38, 8, 9, 37","-0.088625, 0.256378, -0.012252"
194,C,10.822072,-4.185143,2.384436,31,"['192', '201', '202', '203']","8, 38, 8, 9","-0.054189, 0.051935, 0.056653"
195,H,9.348056,-2.563567,4.003908,26,['191'],38,"-0.139804, 0.200033, -0.105521"
196,H,9.826495,-5.165874,4.006815,28,['192'],8,"-0.044546, 0.008984, 0.013542"
197,H,11.52547,-4.77767,4.361683,28,['192'],8,"-0.039688, 0.077925, -0.087739"
198,H,11.760882,-1.790764,3.778776,30,['193'],9,"-0.071284, 0.084851, 0.003286"
199,H,12.166432,-2.507216,5.382328,30,['193'],9,"-0.044607, 0.067002, -0.047481"
200,H,11.023416,-1.135744,5.24241,30,['193'],9,"-0.051993, 0.157904, 0.001961"
201,H,11.107302,-5.136164,1.885512,32,['194'],36,"-0.025684, 0.059074, 0.020029"
202,H,11.618529,-3.44064,2.169796,32,['194'],36,"-0.032402, 0.030683, 0.029907"
203,H,9.884243,-3.825231,1.907208,32,['194'],36,"-0.049689, 0.041579, 0.052016"
204,N,8.125682,-1.452221,6.388496,7,"['187', '205', '208']","9, 9, 1","-0.076438, -0.060014, -0.189581"
205,CA,7.570231,-0.311484,7.104748,8,"['204', '206', '209', '210']","8, 8, 4, 39","0.670731, 0.071171, 0.039781"
206,C,6.072724,-0.296004,6.79497,9,"['205', '207', '216']","9, 9, 9","0.278484, 0.230836, 0.028489"
207,O,5.442684,-1.357487,6.756133,11,['206'],8,"-0.015718, 0.201146, -0.219360"
208,HN,7.726916,-1.611715,5.448577,10,['204'],8,"-0.103505, -0.031991, -0.281328"
209,H,7.638457,-0.504661,8.199113,12,['205'],9,"-0.015932, -0.065940, 0.364103"
210,C,8.391823,0.951383,6.753277,137,"['205', '211', '214', '215']","9, 1, 9, 36","0.171761, 0.037105, 0.353200"
211,C,8.640224,1.119998,5.267943,139,"['210', '212', '213']","39, 4, 8","0.107100, 0.046146, 0.416345"
212,O,7.675019,0.927944,4.475979,140,['211'],1,"0.321168, 0.362908, 0.459229"
213,O,9.81574,1.365139,4.906564,140,['211'],1,"-0.024543, 0.079261, -0.228719"
214,H,9.374255,0.876874,7.276933,138,['210'],39,"0.034345, -0.114845, 0.127073"
215,H,7.934245,1.88678,7.148557,138,['210'],39,"0.048007, 0.036391, 0.087516"
216,N,5.45664,0.903781,6.702445,1,"['206', '217', '220']","8, 8, 38","0.143824, 0.094114, 0.135609"
217,CA,4.072414,1.073834,6.363146,2,"['216', '218', '221', '222']","9, 9, 40, 6","0.065914, -0.217937, 0.487933"
218,C,3.71182,1.04654,4.885779,3,"['217', '219', '223']","8, 37, 3","0.221580, -0.020983, 0.159959"
219,O,2.529736,0.914791,4.565159,5,['218'],9,"0.149369, -0.040762, 0.037175"
220,HN,5.93946,1.766776,6.974434,4,['216'],9,"0.106349, 0.016425, 0.062046"
221,H,3.468723,0.270994,6.844049,6,['217'],8,"-0.155141, -0.190329, 0.046533"
222,H,3.687591,2.022666,6.793461,6,['217'],8,"-0.116770, 0.060180, 0.036449"
223,N,4.677487,1.25745,3.950054,7,"['218', '224', '227']","9, 5, 1","0.197701, 0.068280, 0.120947"
224,CA,4.379426,1.278232,2.520298,8,"['223', '225', '228', '229']","3, 1, 4, 40","-0.441896, 0.535198, 0.265547"
225,C,5.306186,0.433218,1.642656,9,"['224', '226', '235']","5, 4, 32","0.131910, 0.096817, 0.481318"
226,O,5.083448,0.349809,0.418682,11,['225'],1,"0.218528, -0.016305, 0.645434"
227,HN,5.671229,1.393482,4.206613,10,['223'],3,"0.382578, 0.008772, 0.132101"
228,H,3.401311,0.754598,2.377366,12,['224'],5,"-0.348864, -0.219926, 0.027535"
229,C,4.183074,2.733297,2.001696,137,"['224', '230', '233', '234']","5, 6, 30, 31","-0.407018, -0.239383, -0.036905"
230,C,5.369659,3.668012,2.070693,139,"['229', '231', '232']","40, 41, 42","-0.092087, -0.537230, 0.032757"
231,O,6.490411,3.301808,1.663464,140,['230'],6,"0.234127, -0.238143, 0.083011"
232,O,5.15511,4.863889,2.454743,140,['230'],6,"-0.324852, -1.171421, -0.537858"
233,H,3.332441,3.183288,2.564295,138,['229'],40,"-0.099642, -0.115026, 0.101974"
234,H,3.851082,2.685686,0.939329,138,['229'],40,"-0.059994, -0.072437, -0.076515"
235,N,6.297554,-0.281946,2.226627,7,"['225', '236', '239']","1, 33, 41","0.108658, 0.076898, 0.381238"
236,CA,7.09929,-1.290772,1.56783,8,"['235', '237', '240', '241']","32, 34, 42, 7","-0.248850, 0.506912, -0.128351"
237,C,6.989336,-2.625496,2.33136,9,"['236', '238', '249']","33, 35, 45","-0.069966, 0.057486, -0.251066"
238,O,7.093784,-2.694666,3.563245,11,['237'],34,"-0.265043, 0.043012, -0.356550"
239,HN,6.584479,-0.113603,3.202008,10,['235'],32,"0.208978, 0.133677, 0.389224"
240,H,6.668234,-1.450986,0.551815,12,['236'],33,"-0.106265, -0.067216, -0.429261"
241,C,8.590478,-0.880454,1.371874,37,"['236', '242', '243', '244']","33, 3, 5, 6","0.158587, 0.452974, -0.014251"
242,OH,9.281249,-0.707328,2.600086,39,"['241', '245']","7, 16","-0.117784, 0.161410, 0.153332"
243,C,8.7853,0.427013,0.579613,41,"['241', '246', '247', '248']","7, 6, 43, 44","-0.063327, 0.100739, 0.148973"
244,H,9.089566,-1.717846,0.830065,38,['241'],7,"-0.095197, 0.021835, 0.063133"
245,HO,8.846989,-0.037751,3.1172,40,['242'],3,"-0.074141, 0.233014, 0.258132"
246,H,9.869321,0.629656,0.439354,42,['243'],5,"-0.087840, -0.088738, 0.161807"
247,H,8.34906,1.294692,1.131138,42,['243'],5,"-0.098607, 0.078920, 0.139809"
248,H,8.298775,0.365712,-0.416686,42,['243'],5,"0.009069, -0.053359, 0.137668"
249,N,6.889105,-3.725299,1.53522,7,"['237', '250', '253']","34, 43, 47","-0.158227, 0.140529, -0.169636"
250,CA,6.821455,-5.114818,1.965558,8,"['249', '251', '254', '255']","45, 46, 48, 49","-0.619401, 0.611170, 0.397551"
251,C,7.608755,-5.983095,0.9732,9,"['250', '252', '265']","43, 46, 48","-0.138179, -0.005448, 0.577367"
252,O,7.508688,-5.832445,-0.250584,11,['251'],46,"-0.119724, -0.211335, 0.504554"
253,HN,6.910518,-3.611912,0.510909,10,['249'],45,"0.012644, 0.081214, -0.336491"
254,H,7.300819,-5.192706,2.973239,12,['250'],43,"0.078693, 0.015228, 0.318181"
255,C,5.331533,-5.570178,2.119981,15,"['250', '256', '257', '258']","43, 50, 50, 51","-0.417197, 0.190840, 0.356407"
256,C,4.477887,-5.395675,0.83678,17,"['255', '259', '260', '261']","49, 52, 53, 54","0.085898, 0.095922, 0.179797"
257,C,5.219442,-7.026965,2.619958,17,"['255', '262', '263', '264']","49, 54, 55, 47","-0.041841, 0.219258, 0.028825"
258,H,4.903055,-4.905998,2.915399,16,['255'],49,"-0.217330, 0.383870, 0.282491"
259,H,3.41491,-5.671316,1.021052,18,['256'],50,"0.036314, 0.039289, 0.036367"
260,H,4.851331,-6.012332,-0.009685,18,['256'],50,"0.018207, 0.043883, 0.053638"
261,H,4.46816,-4.333275,0.506639,18,['256'],50,"0.002984, 0.032986, 0.067721"
262,H,4.157934,-7.310312,2.799304,18,['257'],50,"0.012074, 0.029517, 0.028137"
263,H,5.744206,-7.161342,3.589564,18,['257'],50,"-0.025019, -0.005937, -0.014019"
264,H,5.649702,-7.759618,1.905027,18,['257'],50,"-0.031304, 0.020886, 0.043774"
265,N,8.459631,-6.904531,1.485671,7,"['251', '266', '269']","46, 56, 57","-0.053616, 0.134076, 0.391625"
266,CA,9.221164,-7.867837,0.705564,8,"['265', '267', '270', '271']","48, 45, 58, 51","0.202455, 0.630234, 0.308190"
267,C,8.32263,-9.100436,0.541514,9,"['266', '268', '287']","56, 50, 53","0.125610, 0.207519, -0.379076"
268,O,7.947561,-9.74844,1.531423,11,['267'],45,"0.044651, 0.379114, -0.372927"
269,HN,8.433972,-7.094291,2.494116,10,['265'],48,"-0.052458, -0.151749, 0.452862"
270,H,9.41633,-7.417472,-0.298179,12,['266'],56,"-0.001303, 0.150535, -0.371427"
271,C,10.5905,-8.225397,1.390666,182,"['266', '272', '276', '277']","56, 53, 44, 54","0.018824, 0.055044, 0.107609"
272,C,11.63076,-8.896097,0.449933,184,"['271', '273', '278', '279']","51, 59, 47, 43","-0.255999, 0.090877, -0.024549"
273,C,13.037805,-9.095886,1.091968,186,"['272', '274', '280', '281']","53, 56, 60, 60","-0.514235, 0.152488, 0.112177"
274,C,14.043797,-9.7745,0.123869,188,"['273', '275', '282', '283']","59, 43, 49, 50","0.221404, 0.050843, 0.201509"
275,N,15.413708,-9.8676,0.619463,190,"['274', '284', '285', '286']","56, 61, 58, 51","0.321252, -0.005033, -0.005815"
276,H,10.397961,-8.862784,2.285707,183,['271'],51,"-0.072874, 0.000898, 0.038417"
277,H,11.034209,-7.282893,1.787983,183,['271'],51,"-0.060168, 0.034319, 0.000146"
278,H,11.736309,-8.258234,-0.461097,185,['272'],53,"-0.024604, 0.048461, -0.031198"
279,H,11.221981,-9.871601,0.097299,185,['272'],53,"-0.034779, -0.016531, -0.009677"
280,H,12.940653,-9.706732,2.021953,187,['273'],59,"-0.049957, -0.038823, 0.092125"
281,H,13.435392,-8.10413,1.414809,187,['273'],59,"-0.047289, 0.068812, 0.019807"
282,H,14.075497,-9.219721,-0.842872,189,['274'],56,"0.064620, -0.021822, 0.020160"
283,H,13.697457,-10.807664,-0.106975,189,['274'],56,"0.065874, 0.017085, 0.005542"
284,HN,16.059143,-10.244602,-0.07037,191,['275'],43,"0.210978, 0.068438, -0.017125"
285,HN,15.52211,-10.443856,1.449082,191,['275'],43,"0.065573, 0.015819, -0.006563"
286,HN,15.849053,-8.980116,0.839534,191,['275'],43,"0.193809, -0.061640, -0.032120"
287,N,7.973319,-9.437699,-0.721467,7,"['267', '288', '291']","45, 62, 48","0.064964, 0.178458, -0.237055"
288,CA,7.160829,-10.583876,-1.104768,8,"['287', '289', '292', '293']","53, 48, 63, 54","-0.376985, 0.459020, 0.157841"
289,C,7.980624,-11.449751,-2.069753,9,"['288', '290', '306']","62, 56, 61","-0.363106, -0.180110, 0.202494"
290,O,8.898008,-10.972305,-2.745431,11,['289'],48,"-0.311899, -0.176446, 0.102706"
291,HN,8.424053,-8.965017,-1.519802,10,['287'],53,"0.200620, 0.105356, -0.279267"
292,H,6.925616,-11.200427,-0.202955,12,['288'],62,"-0.108929, -0.231896, 0.288899"
293,C,5.842763,-10.143155,-1.820526,19,"['288', '294', '297', '298']","62, 56, 51, 58","-0.289335, 0.103739, 0.018202"
294,C,4.947491,-9.119772,-1.063911,21,"['293', '295', '296', '299']","54, 64, 58, 61","0.005809, 0.071716, 0.054491"
295,C,3.740736,-8.718749,-1.950507,23,"['294', '300', '301', '302']","56, 56, 48, 56","-0.012055, 0.041111, -0.001128"
296,C,4.423395,-9.7307,0.255169,23,"['294', '303', '304', '305']","56, 54, 63, 48","-0.029080, 0.049101, 0.025515"
297,H,5.243082,-11.058131,-2.042978,20,['293'],54,"0.001157, -0.008263, 0.029822"
298,H,6.10852,-9.720814,-2.817037,20,['293'],54,"-0.008419, 0.012566, 0.014844"
299,H,5.539083,-8.197623,-0.837534,22,['294'],56,"0.031078, 0.037022, 0.021358"
300,H,3.103425,-7.960298,-1.441367,24,['295'],64,"0.008067, 0.011697, 0.020605"
301,H,3.087346,-9.583222,-2.204067,24,['295'],64,"0.004930, 0.013427, 0.006506"
302,H,4.06781,-8.262018,-2.911059,24,['295'],64,"0.022315, 0.014625, -0.018938"
303,H,3.705545,-9.05041,0.767314,24,['296'],58,"-0.000730, 0.032684, 0.025978"
304,H,5.252509,-9.90244,0.974278,24,['296'],58,"0.010615, 0.055283, 0.003457"
305,H,3.903167,-10.702947,0.100489,24,['296'],58,"0.006755, 0.010151, -0.007183"
306,N,7.611554,-12.746454,-2.173262,7,"['289', '307', '310']","48, 52, 51","-0.179219, -0.109778, 0.241653"
307,CA,8.076584,-13.660563,-3.19462,8,"['306', '308', '311', '312']","61, 58, 65, 66","0.306759, 0.016827, 0.674030"
308,C,6.965933,-13.675067,-4.254954,9,"['307', '309', '323']","52, 58, 70","0.393510, 0.101586, -0.064925"
309,O,5.833229,-14.095498,-3.991275,11,['308'],58,"0.330378, 0.116699, -0.156805"
310,HN,6.842716,-13.103467,-1.591038,10,['306'],61,"-0.361932, -0.126754, 0.307823"
311,H,9.026942,-13.263828,-3.622942,12,['307'],52,"0.367184, 0.189396, -0.234055"
312,C,8.310811,-15.08959,-2.623213,175,"['307', '313', '316', '317']","52, 67, 68, 67","-0.026629, -0.213118, 0.031108"
313,C,9.002387,-16.018086,-3.641639,177,"['312', '314', '318', '319']","66, 68, 68, 67","-0.107350, 0.132756, 0.249281"
314,S,9.040621,-17.750587,-3.088566,179,"['313', '315']","67, 67","0.077031, -0.031713, -0.015919"
315,C,10.395749,-17.680869,-1.885001,180,"['314', '320', '321', '322']","68, 69, 70, 71","0.001322, -0.023602, -0.021088"
316,H,7.325153,-15.515879,-2.320784,176,['312'],66,"-0.194301, -0.064309, 0.085697"
317,H,8.913516,-15.03418,-1.689502,176,['312'],66,"-0.066539, 0.058493, 0.058582"
318,H,10.033568,-15.656976,-3.857455,178,['313'],67,"-0.005644, -0.010258, -0.018448"
319,H,8.454697,-15.974381,-4.609897,178,['313'],67,"0.018833, -0.016353, 0.022753"
320,H,10.552943,-18.699305,-1.467301,181,['315'],67,"0.010905, -0.009775, -0.009762"
321,H,10.13816,-16.985832,-1.056863,181,['315'],67,"0.000592, -0.016906, 0.000793"
322,H,11.332403,-17.350313,-2.384575,181,['315'],67,"0.006997, -0.027552, -0.011825"
323,N,7.284632,-13.177111,-5.468834,7,"['308', '324', '327']","58, 72, 70","0.300785, 0.171379, 0.041387"
324,CA,6.40821,-13.063086,-6.624716,8,"['323', '325', '328', '329']","70, 73, 75, 76","0.003720, 0.457815, 0.639109"
325,C,7.13424,-13.711904,-7.8057,9,"['324', '326', '344']","72, 74, 85","-0.310106, 0.031644, 0.020270"
326,O,8.310535,-13.436172,-8.03955,11,['325'],73,"-0.199175, 0.086403, -0.097023"
327,HN,8.26975,-12.958061,-5.679645,10,['323'],70,"0.437843, 0.023926, -0.071740"
328,H,5.455702,-13.615944,-6.432617,12,['324'],72,"-0.283564, -0.129595, 0.117951"
329,C,6.094943,-11.565918,-6.898894,70,"['324', '330', '337', '338']","72, 76, 79, 80","-0.081155, 0.224151, -0.006115"
330,C,5.499992,-11.328559,-8.272104,72,"['329', '331', '332']","76, 76, 77","-0.013502, 0.009516, 0.007736"
331,C,4.206197,-11.773606,-8.596126,73,"['330', '333', '339']","76, 78, 81","-0.104543, 0.018797, 0.012160"
332,C,6.279435,-10.733725,-9.279831,73,"['330', '334', '340']","76, 78, 82","0.098034, -0.025937, 0.041582"
333,C,3.722334,-11.652315,-9.905155,75,"['331', '335', '341']","76, 78, 83","-0.121169, -0.038804, 0.036932"
334,C,5.79142,-10.597469,-10.579559,75,"['332', '335', '342']","77, 78, 81","-0.035962, -0.000984, 0.105407"
335,C,4.516273,-11.069256,-10.899973,77,"['333', '334', '336']","78, 78, 78","-0.083463, 0.019240, 0.019039"
336,OH,4.099216,-11.013744,-12.190168,78,"['335', '343']","78, 84","-0.158331, 0.026071, 0.024361"
337,H,7.032429,-10.966558,-6.815918,71,['329'],76,"0.045203, -0.014028, -0.011743"
338,H,5.401363,-11.161432,-6.125342,71,['329'],76,"0.008897, -0.038025, 0.017070"
339,H,3.574593,-12.261494,-7.833849,74,['331'],76,"-0.085847, -0.055272, 0.036512"
340,H,7.310218,-10.408484,-9.068379,74,['332'],77,"0.102432, 0.039256, 0.082610"
341,H,2.725992,-12.04389,-10.164407,76,['333'],78,"-0.080554, -0.036883, -0.077236"
342,H,6.428912,-10.152077,-11.359771,76,['334'],78,"-0.049047, 0.010371, 0.051361"
343,HO,3.845047,-10.126667,-12.402984,79,['336'],78,"-0.063026, 0.001445, 0.005189"
344,N,6.433538,-14.631515,-8.517434,7,"['325', '345', '348']","73, 86, 89","-0.168110, 0.044139, -0.011515"
345,CA,6.980149,-15.482589,-9.563998,8,"['344', '346', '349', '350']","85, 87, 90, 91","-0.194471, 0.320449, -0.279476"
346,C,8.255879,-16.202325,-9.111897,9,"['345', '347', '366']","86, 88","-0.059397, -0.014610, -0.007027"
347,O,9.254763,-16.221036,-9.826266,11,['346'],87,"-0.092731, -0.031486, 0.016220"
348,HN,5.436884,-14.787803,-8.314968,10,['344'],85,"-0.097892, -0.006436, 0.023031"
349,H,6.25661,-16.313149,-9.74987,12,['345'],86,"-0.156293, -0.297221, -0.081861"
350,C,7.211341,-14.6954,-10.88777,182,"['345', '351', '355', '356']","86, 92, 96, 97","0.191790, 0.040422, -0.192786"
351,C,5.893637,-14.296658,-11.577238,184,"['350', '352', '357', '358']","91, 93, 98, 99","0.082352, 0.031948, 0.225323"
352,C,6.116599,-13.648236,-12.966932,186,"['351', '353', '359', '360']","92, 94, 100, 101","0.165582, 0.316018, 0.275904"
353,C,5.022371,-14.003854,-13.992089,188,"['352', '354', '361', '362']","93, 95, 102, 103","-0.019703, -0.418711, -0.008579"
354,N,5.012035,-15.423952,-14.319789,190,"['353', '363', '364', '365']","94, 104, 105, 106","-0.085247, -0.199755, -0.154564"
355,H,7.808007,-15.345111,-11.574947,183,['350'],91,"0.113050, -0.085112, 0.056792"
356,H,7.848263,-13.799968,-10.689793,183,['350'],91,"0.036932, -0.019046, 0.091791"
357,H,5.318891,-13.60083,-10.925652,185,['351'],92,"-0.031865, 0.063526, 0.039977"
358,H,5.255328,-15.208752,-11.649501,185,['351'],92,"0.012896, 0.049840, 0.088923"
359,H,7.108235,-13.93989,-13.388857,187,['352'],93,"0.071104, -0.003251, -0.005904"
360,H,6.164263,-12.540391,-12.850696,187,['352'],93,"-0.055178, 0.061351, 0.027158"
361,H,5.172894,-13.433273,-14.937688,189,['353'],94,"-0.030553, -0.092497, -0.011031"
362,H,4.019246,-13.708243,-13.602888,189,['353'],94,"-0.057495, -0.010531, -0.010193"
363,HN,4.062396,-15.737009,-14.521125,191,['354'],95,"-0.287627, -0.181241, -0.106916"
364,HN,5.379255,-16.034056,-13.597831,191,['354'],95,"-0.034656, 0.054105, -0.100344"
365,HN,5.559855,-15.590941,-15.162997,191,['354'],95,"0.116970, -0.081322, -0.279009"
366,N,8.215206,-16.775571,-7.883609,1,"['346', '367', '370']",87,"-0.212471, -0.146900, 0.053536"
367,CA,9.332441,-17.490375,-7.318447,2,"['366', '368', '371', '372']",,"-0.375301, -0.343551, -0.283680"
368,C,10.591028,-16.695501,-6.981799,3,"['367', '369', '373']",,"-0.403678, -0.004329, -0.101291"
369,O,11.651369,-17.286439,-6.755876,5,['368'],,"-0.119029, 0.407593, 0.093918"
370,HN,7.346767,-16.79881,-7.326964,4,['366'],,"-0.195195, 0.026875, 0.071729"
371,H,9.017271,-18.017933,-6.390756,6,['367'],,"0.053955, -0.139015, 0.172703"
372,H,9.640045,-18.297046,-8.025171,6,['367'],,"0.101217, -0.178423, -0.164852"
373,N,10.550598,-15.34214,-7.01513,7,"['368', '374', '377']",,"-0.212970, 0.180048, -0.126024"
374,CA,11.696308,-14.475729,-6.777483,8,"['373', '375', '378', '379']",,"-0.022021, -0.365313, -0.451333"
375,C,11.368528,-13.505211,-5.641172,9,"['374', '376', '390']",,"0.327382, -0.143883, -0.175097"
376,O,10.227633,-13.055636,-5.513081,11,['375'],,"0.394460, -0.001406, -0.032843"
377,HN,9.679662,-14.820674,-7.183338,10,['373'],,"-0.218155, 0.207528, -0.079313"
378,H,12.57448,-15.103488,-6.492391,12,['374'],,"0.316981, -0.259898, 0.076792"
379,C,12.024573,-13.646764,-8.055825,167,"['374', '380', '384', '385']",,"0.130959, -0.071469, -0.535112"
380,C,12.485562,-14.492034,-9.268521,169,"['379', '381', '386', '387']",,"-0.140703, -0.047813, -0.052258"
381,C,13.895965,-15.050952,-9.087014,171,"['380', '382', '383']",,"-0.065699, -0.399414, -0.178743"
382,O,14.780598,-14.358627,-8.568607,172,['381'],,"-0.363675, -0.025596, -0.176434"
383,N,14.094914,-16.318899,-9.509287,173,"['381', '388', '389']",,"0.070148, -0.260332, -0.036853"
384,H,12.819913,-12.902652,-7.818232,168,['379'],,"-0.000979, -0.045416, 0.031432"
385,H,11.124307,-13.05062,-8.33994,168,['379'],,"-0.043808, -0.015713, 0.048833"
386,H,12.505405,-13.852741,-10.181055,170,['380'],,"0.001498, -0.017586, -0.031863"
387,H,11.739657,-15.29558,-9.47968,170,['380'],,"-0.124906, -0.138901, -0.048411"
388,HN,13.331163,-16.89093,-9.895217,174,['383'],,"-0.009782, -0.081275, -0.010986"
389,HN,15.030041,-16.738009,-9.393683,174,['383'],,"0.147518, -0.189909, 0.007501"
390,N,12.361,-13.136253,-4.786793,50,"['375', '391', '397']",,"0.204245, -0.106544, -0.064882"
391,CA,12.157721,-12.111691,-3.773067,51,"['390', '392', '394', '395']",,"-0.215486, -0.501114, 0.429585"
392,C,12.271445,-10.719102,-4.388917,52,"['391', '393', '404']",,"-0.186858, -0.047020, 0.187619"
393,O,13.161504,-10.461592,-5.19697,53,['392'],,"-0.127047, -0.086149, 0.120149"
394,H,11.163867,-12.224674,-3.271835,54,['391'],,"-0.381041, -0.057622, 0.130141"
395,C,13.306271,-12.386101,-2.780899,55,"['391', '396', '398', '399']",,"0.547371, 0.048318, 0.208246"
396,C,14.446328,-12.826591,-3.697456,57,"['395', '397', '400', '401']",,"0.341387, 0.013378, 0.061866"
397,C,13.710156,-13.679389,-4.740482,59,"['390', '396', '402', '403']",,"0.463572, -0.000481, 0.016701"
398,H,13.040182,-13.202173,-2.072689,56,['395'],,"-0.051550, 0.000305, 0.002229"
399,H,13.571072,-11.492668,-2.180186,56,['395'],,"-0.045663, -0.016088, -0.112157"
400,H,15.248848,-13.387572,-3.168924,58,['396'],,"0.066637, -0.094137, -0.034386"
401,H,14.919064,-11.943912,-4.194263,58,['396'],,"0.029584, 0.125076, -0.166031"
402,H,13.700783,-14.752733,-4.437478,60,['397'],,"0.065445, -0.074769, -0.043995"
403,H,14.227534,-13.621657,-5.726455,60,['397'],,"0.047126, -0.018736, -0.101736"
404,N,11.408798,-9.773665,-3.955139,7,"['392', '405', '408']",,"-0.148140, -0.309828, 0.108213"
405,CA,11.493852,-8.375844,-4.338929,8,"['404', '406', '409', '410']",,"0.229445, -0.488140, -0.388663"
406,C,10.731876,-7.501941,-3.343107,9,"['405', '407', '421']",,"0.275192, 0.137121, -0.228657"
407,O,9.706131,-7.896393,-2.781797,11,['406'],,"0.190940, 0.167359, -0.207990"
408,HN,10.604172,-10.015676,-3.356211,10,['404'],,"-0.342001, -0.095198, 0.148560"
409,H,12.571628,-8.074707,-4.266344,12,['405'],,"0.334989, 0.053033, -0.029420"
410,C,11.010881,-8.133918,-5.801399,175,"['405', '411', '414', '415']",,"0.023245, -0.047350, -0.216841"
411,C,9.606511,-8.675062,-6.146046,177,"['410', '412', '416', '417']",,"0.241526, 0.095863, 0.200043"
412,S,9.296713,-8.628916,-7.93796,179,"['411', '413']",,"-0.494833, 0.033130, 0.753876"
413,C,8.780758,-6.910084,-8.147465,180,"['412', '418', '419', '420']",,"0.006749, 0.068210, 0.057200"
414,H,11.762052,-8.621228,-6.467678,176,['410'],,"0.139895, -0.067083, 0.001107"
415,H,11.071047,-7.042519,-6.028499,176,['410'],,"0.061822, 0.068641, 0.003400"
416,H,8.826843,-8.105326,-5.592432,178,['411'],,"-0.049145, 0.017055, 0.074686"
417,H,9.512149,-9.729294,-5.799631,178,['411'],,"0.012846, -0.044607, 0.056772"
418,H,8.400574,-6.759122,-9.180926,181,['413'],,"-0.002478, 0.017551, 0.066334"
419,H,9.638753,-6.225819,-7.967989,181,['413'],,"0.017697, 0.033392, 0.012709"
420,H,7.964736,-6.680997,-7.429101,181,['413'],,"-0.049831, -0.002294, 0.055391"
421,N,11.261416,-6.27833,-3.122845,7,"['406', '422', '425']",,"0.260426, 0.094804, -0.057274"
422,CA,10.619502,-5.251674,-2.323695,8,"['421', '423', '426', '427']",,"0.346750, -0.353504, 0.137050"
423,C,9.522345,-4.642282,-3.203218,9,"['422', '424', '435']",,"-0.257917, -0.072303, 0.395111"
424,O,9.81523,-4.1998,-4.315989,11,['423'],,"0.034415, -0.157354, 0.451803"
425,HN,12.087179,-5.966874,-3.657332,10,['421'],,"0.188897, 0.108721, -0.173448"
426,H,10.171296,-5.705755,-1.407136,12,['422'],,"-0.143316, -0.104761, 0.298137"
427,C,11.641826,-4.152736,-1.893795,37,"['422', '428', '429', '430']",,"-0.038634, 0.480980, 0.367191"
428,OH,12.643126,-4.764534,-1.078923,39,"['427', '431']",,"0.004187, -0.043027, -0.155208"
429,C,10.982104,-3.053089,-1.045955,41,"['427', '432', '433', '434']",,"-0.071373, 0.210932, 0.159918"
430,H,12.124814,-3.71089,-2.799274,38,['427'],,"-0.027220, -0.063522, -0.042549"
431,HO,13.409151,-4.926731,-1.621495,40,['428'],,"0.139739, -0.027003, -0.074756"
432,H,11.727864,-2.332644,-0.643833,42,['429'],,"0.017920, -0.008182, 0.024434"
433,H,10.430342,-3.480923,-0.182766,42,['429'],,"0.001844, -0.009947, 0.054069"
434,H,10.243722,-2.465778,-1.635212,42,['429'],,"-0.022629, -0.016580, 0.029019"
435,N,8.269923,-4.577303,-2.705615,7,"['423', '436', '439']",,"-0.128632, -0.154340, 0.290926"
436,CA,7.152417,-3.854416,-3.290258,8,"['435', '437', '440', '441']",,"0.009902, -0.554916, -0.083103"
437,C,6.955279,-2.567216,-2.484743,9,"['436', '438', '455']",,"-0.130002, -0.008556, -0.353785"
438,O,7.050973,-2.567853,-1.257566,11,['437'],,"-0.010753, 0.067520, -0.333511"
439,HN,8.076751,-4.941691,-1.763807,10,['435'],,"-0.155441, -0.163486, 0.421977"
440,H,7.401174,-3.573452,-4.341223,12,['436'],,"0.040377, 0.183989, -0.433851"
441,C,5.826206,-4.67055,-3.24978,61,"['436', '442', '448', '449']",,"-0.154707, -0.111281, -0.011983"
442,C,5.759805,-5.707629,-4.350692,63,"['441', '443', '444']",,"0.059280, 0.094328, 0.113628"
443,C,6.25923,-7.008298,-4.167017,64,"['442', '445', '450']",,"0.035023, 0.050146, 0.111493"
444,C,5.155938,-5.387415,-5.580817,64,"['442', '446', '451']",,"-0.038728, 0.054710, 0.050024"
445,C,6.115644,-7.974375,-5.170057,66,"['443', '447', '452']",,"-0.051405, 0.047849, 0.077233"
446,C,5.022136,-6.349563,-6.586582,66,"['444', '447', '453']",,"-0.089408, 0.022408, 0.059841"
447,C,5.494741,-7.648223,-6.379512,68,"['445', '446', '454']",,"-0.071071, 0.014208, 0.045217"
448,H,4.956327,-3.983048,-3.371214,62,['441'],,"0.012965, 0.018626, 0.017049"
449,H,5.679981,-5.146472,-2.251202,62,['441'],,"0.022814, 0.006398, 0.094051"
450,H,6.743205,-7.284243,-3.215848,65,['443'],,"0.060835, 0.033488, 0.064836"
451,H,4.756368,-4.374949,-5.757319,65,['444'],,"0.030424, 0.086332, 0.016361"
452,H,6.48728,-8.998154,-5.005555,67,['445'],,"0.012619, 0.009710, 0.012502"
453,H,4.527364,-6.086103,-7.534242,67,['446'],,"-0.031915, 0.001553, -0.033114"
454,H,5.375231,-8.412346,-7.163881,69,['447'],,"0.009431, -0.015392, -0.007681"
455,N,6.618703,-1.465283,-3.192759,7,"['437', '456', '459']",,"0.027311, -0.025438, -0.307821"
456,CA,6.177596,-0.17523,-2.691305,8,"['455', '457', '460', '461']",,"0.583081, -0.319524, -0.049832"
457,C,4.717024,-0.021332,-3.141508,9,"['456', '458', '479']",,"-0.009435, 0.063421, 0.324223"
458,O,4.39614,-0.191601,-4.320416,11,['457'],,"0.050893, 0.064611, 0.206953"
459,HN,6.461415,-1.564095,-4.20429,10,['455'],,"-0.081197, -0.090805, -0.451927"
460,H,6.226306,-0.186071,-1.574208,12,['456'],,"-0.033005, -0.056792, 0.489061"
461,C,7.089164,0.953049,-3.265865,202,"['456', '462', '468', '469']",,"0.054116, 0.058923, 0.000907"
462,C,6.707532,2.417396,-2.938045,204,"['461', '463', '470', '471']",,"0.015831, -0.111422, -0.167871"
463,C,6.850468,2.791526,-1.443888,206,"['462', '464', '472', '473']",,"0.061769, -0.233389, 0.106787"
464,N,6.553793,4.202465,-1.212703,208,"['463', '465', '474']",,"-0.160129, -0.213334, 0.118623"
465,C,5.329801,4.749878,-1.142279,210,"['464', '466', '467']",,"-0.185442, 0.091641, 0.081175"
466,N,4.229886,4.109579,-1.533049,211,"['465', '475', '476']",,"-0.140604, -0.013340, -0.057870"
467,N,5.223365,6.027654,-0.766266,211,"['465', '477', '478']",,"-0.054555, 0.039970, 0.068508"
468,H,7.105716,0.851147,-4.377744,203,['461'],,"-0.029597, -0.015343, -0.021360"
469,H,8.13819,0.767133,-2.940824,203,['461'],,"-0.075727, -0.027739, -0.020769"
470,H,5.673512,2.605024,-3.309224,205,['462'],,"0.000841, 0.015752, -0.065266"
471,H,7.357,3.090491,-3.548472,205,['462'],,"-0.005193, 0.035027, -0.019163"
472,H,7.891156,2.586694,-1.111333,207,['463'],,"0.072898, -0.138686, 0.103010"
473,H,6.214039,2.158479,-0.784882,207,['463'],,"-0.045072, -0.180150, 0.265215"
474,HN,7.367174,4.770729,-0.941782,209,['464'],,"-0.130958, 0.031902, 0.067883"
475,HN,4.249273,3.128476,-1.831855,212,['466'],,"-0.126406, 0.051362, -0.033223"
476,HN,3.327042,4.600669,-1.55291,212,['466'],,"-0.116927, 0.179393, 0.007250"
477,HN,6.008079,6.518822,-0.322405,212,['467'],,"-0.091649, 0.013247, 0.065106"
478,HN,4.302153,6.48551,-0.797115,212,['467'],,"-0.231838, -0.054090, -0.064202"
479,N,3.815324,0.251392,-2.172683,7,"['457', '480', '483']",,"0.086919, -0.113690, 0.342227"
480,CA,2.376156,0.339241,-2.363041,8,"['479', '481', '484', '485']",,"0.192463, -0.247927, 0.635141"
481,C,2.033469,1.56646,-3.224966,9,"['480', '482', '498']",,"-0.076459, -0.365714, -0.006082"
482,O,2.323968,2.708997,-2.863324,11,['481'],,"-0.119828, -0.257622, -0.123872"
483,HN,4.146394,0.358544,-1.202736,10,['479'],,"0.174275, -0.013623, 0.445007"
484,H,2.036317,-0.57297,-2.913225,12,['480'],,"-0.081756, -0.294509, -0.181598"
485,C,1.642288,0.39636,-0.983984,19,"['480', '486', '489', '490']",,"-0.185800, -0.081347, 0.231316"
486,C,1.302511,-0.986377,-0.347889,21,"['485', '487', '488', '491']",,"0.068355, -0.071695, 0.045326"
487,C,2.534538,-1.911607,-0.203023,23,"['486', '492', '493', '494']",,"0.074437, -0.037311, 0.093373"
488,C,0.676871,-0.756099,1.050726,23,"['486', '495', '496', '497']",,"0.064045, -0.038840, 0.094524"
489,H,0.680195,0.942496,-1.125225,20,['485'],,"0.006093, 0.005840, -0.009882"
490,H,2.221719,1.029018,-0.269481,20,['485'],,"-0.008583, 0.032793, 0.016302"
491,H,0.552319,-1.504454,-0.997185,22,['486'],,"-0.003711, -0.005109, 0.018884"
492,H,2.267321,-2.865531,0.306426,24,['487'],,"0.027708, -0.001784, 0.054824"
493,H,3.3447,-1.450972,0.404616,24,['487'],,"0.062959, 0.010868, 0.057805"
494,H,2.971761,-2.192963,-1.186159,24,['487'],,"0.008604, 0.013519, 0.033521"
495,H,0.275123,-1.701204,1.476184,24,['488'],,"0.025242, -0.010956, 0.033580"
496,H,-0.164524,-0.030923,1.020581,24,['488'],,"0.058138, -0.034613, 0.029631"
497,H,1.414876,-0.365255,1.788934,24,['488'],,"0.024344, -0.005304, 0.074532"
498,N,1.401614,1.325994,-4.400105,7,"['481', '499', '502']",,"0.101608, -0.266577, -0.062388"
499,CA,0.912902,2.350028,-5.313096,8,"['498', '500', '503', '504']",,"0.108881, -0.619578, -0.219441"
500,C,-0.035623,3.330742,-4.605782,9,"['499', '501', '517']",,"0.268180, 0.026495, -0.267773"
501,O,-0.887995,2.931563,-3.805406,11,['500'],,"0.178091, 0.374065, -0.211121"
502,HN,1.326822,0.353724,-4.726182,10,['498'],,"0.011455, -0.303434, -0.072017"
503,H,1.796695,2.933551,-5.668033,12,['499'],,"0.291329, 0.136175, -0.060172"
504,C,0.149365,1.723824,-6.526132,19,"['499', '505', '508', '509']",,"-0.090797, -0.066971, -0.265943"
505,C,1.042922,1.249889,-7.704227,21,"['504', '506', '507', '510']",,"0.023818, 0.019103, -0.019306"
506,C,0.169533,0.474617,-8.723522,23,"['505', '511', '512', '513']",,"-0.016846, 0.010627, -0.027239"
507,C,1.70475,2.455154,-8.419916,23,"['505', '514', '515', '516']",,"-0.012318, 0.009463, -0.056368"
508,H,-0.583368,2.46367,-6.925537,20,['504'],,"-0.021860, -0.007765, -0.013841"
509,H,-0.489325,0.8869,-6.153894,20,['504'],,"-0.054913, 0.002378, 0.011807"
510,H,1.839743,0.57336,-7.314769,22,['505'],,"-0.000654, -0.015550, -0.015438"
511,H,0.785771,0.03196,-9.539012,24,['506'],,"0.022499, 0.019746, 0.009198"
512,H,-0.587646,1.138152,-9.201241,24,['506'],,"-0.020160, 0.042596, -0.005527"
513,H,-0.390211,-0.362383,-8.249265,24,['506'],,"-0.035550, 0.019307, 0.000056"
514,H,2.196721,2.149091,-9.371669,24,['507'],,"0.004773, -0.003794, -0.045339"
515,H,2.494569,2.932799,-7.799374,24,['507'],,"0.000935, -0.011514, -0.039589"
516,H,0.9615,3.243914,-8.679167,24,['507'],,"-0.049590, 0.017505, -0.022728"
517,N,0.040304,4.615836,-5.042523,7,"['500', '518', '521']",,"0.048709, 0.087140, -0.179519"
518,CA,-0.860853,5.709067,-4.729985,8,"['517', '519', '522', '523']",,"-0.327969, -0.058631, -0.451779"
519,C,-0.908504,6.19862,-3.277075,9,"['518', '520', '536']",,"0.218622, -0.069774, -0.131360"
520,O,-1.798861,6.982553,-2.929028,11,['519'],,"0.106105, -0.286719, -0.077121"
521,HN,0.788283,4.886698,-5.69688,10,['517'],,"0.084653, 0.045819, -0.050485"
522,H,-0.482979,6.609485,-5.271195,12,['518'],,"0.130327, 0.413282, -0.094746"
523,C,-2.301774,5.387019,-5.234527,19,"['518', '524', '527', '528']",,"-0.244661, 0.009010, -0.057595"
524,C,-2.447921,5.059825,-6.744945,21,"['523', '525', '526', '529']",,"0.102302, -0.011289, 0.035379"
525,C,-3.949005,4.896145,-7.084306,23,"['524', '530', '531', '532']",,"0.084820, -0.036041, -0.039570"
526,C,-1.845015,6.185236,-7.61457,23,"['524', '533', '534', '535']",,"0.002487, -0.081564, -0.058794"
527,H,-2.956586,6.249123,-4.966043,20,['523'],,"0.040941, 0.041133, 0.093794"
528,H,-2.688275,4.528308,-4.635689,20,['523'],,"0.045472, -0.039190, 0.056816"
529,H,-1.924035,4.101352,-6.974413,22,['524'],,"0.001826, 0.000542, -0.032680"
530,H,-4.08634,4.454242,-8.095823,24,['525'],,"0.050602, -0.106565, -0.009404"
531,H,-4.475398,5.873163,-7.067453,24,['525'],,"0.055288, -0.040748, 0.000820"
532,H,-4.475006,4.226201,-6.368578,24,['525'],,"0.027521, 0.026242, 0.001004"
533,H,-1.980035,5.980647,-8.697804,24,['526'],,"0.075025, -0.121145, -0.074881"
534,H,-0.748208,6.289339,-7.463053,24,['526'],,"0.006791, -0.013536, -0.021538"
535,H,-2.313627,7.168139,-7.398093,24,['526'],,"0.008729, -0.038256, 0.003016"
536,N,0.021838,5.756377,-2.40055,7,"['519', '537', '540']",,"0.101267, -0.138468, -0.079801"
537,CA,0.019549,6.106521,-0.985698,8,"['536', '538', '541', '542']",,"-0.612616, -0.204816, -0.250522"
538,C,1.404507,6.590123,-0.557447,9,"['537', '539', '552']",,"-0.503715, 0.115666, 0.386839"
539,O,2.420026,6.275684,-1.199823,11,['538'],,"-0.572331, 0.303549, 0.136249"
540,HN,0.850726,5.228453,-2.704541,10,['536'],,"0.163082, -0.063725, -0.043441"
541,H,-0.682301,6.962481,-0.818599,12,['537'],,"-0.328470, 0.348345, 0.095189"
542,C,-0.443862,4.905966,-0.087435,15,"['537', '543', '544', '545']",,"-0.152410, -0.179588, 0.101687"
543,C,-1.798611,4.347217,-0.575628,17,"['542', '546', '547', '548']",,"-0.014579, 0.032197, -0.036266"
544,C,0.596727,3.758921,-0.02035,17,"['542', '549', '550', '551']",,"-0.008752, -0.006136, -0.044193"
545,H,-0.596019,5.302268,0.946045,16,['542'],,"-0.005983, -0.005953, -0.023284"
546,H,-2.22487,3.618366,0.151021,18,['543'],,"-0.050079, 0.008140, 0.049785"
547,H,-1.717923,3.840872,-1.563346,18,['543'],,"0.049598, 0.030359, -0.066849"
548,H,-2.544912,5.166092,-0.68729,18,['543'],,"-0.003174, 0.014072, 0.000481"
549,H,0.23729,2.910846,0.60555,18,['544'],,"0.017786, 0.011805, 0.010490"
550,H,1.553558,4.094288,0.43845,18,['544'],,"-0.004504, -0.021688, 0.008748"
551,H,0.842972,3.35448,-1.025883,18,['544'],,"0.039606, -0.037775, -0.048543"
552,N,1.462544,7.226416,0.632982,7,"['538', '553', '556']",,"-0.161692, 0.088620, 0.162719"
553,CA,2.691178,7.456844,1.371835,8,"['552', '554', '557', '558']",,"0.246535, 0.379226, -0.659143"
554,C,2.364071,7.477464,2.867362,9,"['553', '555', '564']",,"0.373197, -0.251827, -0.137457"
555,O,1.573569,8.309078,3.330929,11,['554'],,"0.348027, -0.153849, -0.034026"
556,HN,0.601258,7.599836,1.059143,10,['552'],,"-0.297863, 0.184821, 0.062592"
557,H,3.382125,6.594227,1.18098,12,['553'],,"0.348849, -0.263350, -0.002633"
558,C,3.377763,8.76783,0.923368,137,"['553', '559', '562', '563']",,"-0.327642, 0.316650, -0.182356"
559,C,4.836076,8.938904,1.288427,139,"['558', '560', '561']",,"-0.312899, 0.306870, 0.035584"
560,O,5.45717,7.919158,1.724504,140,['559'],,"-0.423893, 0.754859, -0.745710"
561,O,5.405097,10.012368,1.003866,140,['559'],,"-0.004532, 0.428125, 0.239451"
562,H,2.81552,9.64589,1.326027,138,['558'],,"-0.143030, 0.068821, 0.074274"
563,H,3.309324,8.865757,-0.189444,138,['558'],,"-0.080420, 0.012788, -0.076483"
564,N,2.936998,6.510872,3.627406,7,"['554', '565', '568']",,"0.097492, -0.261885, -0.174961"
565,CA,2.887823,6.463784,5.083967,8,"['564', '566', '569', '570']",,"-0.420065, -0.210597, -0.388021"
566,C,4.012089,7.366765,5.615289,9,"['565', '567', '578']",,"-0.439041, -0.185889, 0.326072"
567,O,5.051136,7.549206,4.948367,11,['566'],,"-0.505025, 0.418289, 0.745648"
568,HN,3.518857,5.780046,3.185602,10,['564'],,"0.289669, -0.273471, -0.165650"
569,H,1.902105,6.864036,5.423348,12,['565'],,"-0.348707, 0.089930, 0.147874"
570,C,3.050459,5.018223,5.643926,37,"['565', '571', '572', '573']",,"-0.448133, -0.465471, 0.132734"
571,OH,4.240033,4.440088,5.12469,39,"['570', '574']",,"-0.000620, -0.022330, 0.081732"
572,C,1.869784,4.112611,5.253589,41,"['570', '575', '576', '577']",,"-0.149202, -0.182201, -0.005724"
573,H,3.14468,5.073033,6.755643,38,['570'],,"0.064411, 0.071464, 0.036275"
574,HO,4.77662,4.135485,5.843627,40,['571'],,"0.011516, 0.062122, 0.032752"
575,H,1.990109,3.0729,5.623278,42,['572'],,"0.004954, -0.089487, -0.071454"
576,H,1.719169,4.049199,4.1541,42,['572'],,"0.035484, -0.006952, 0.034571"
577,H,0.930709,4.49688,5.708573,42,['572'],,"0.008163, 0.071301, 0.089660"
578,N,3.932098,7.814055,6.90243,50,"['566', '579', '585']",,"-0.107658, 0.015734, 0.276394"
579,CA,5.073907,8.470762,7.53427,51,"['578', '580', '582', '583']",,"-0.044108, 0.526272, 0.082044"
580,C,6.195745,7.445691,7.70571,52,"['579', '581', '592']",,"0.210989, 0.337481, 0.036530"
581,O,5.921435,6.280366,8.005898,53,['580'],,"0.066621, 0.279755, -0.072058"
582,H,5.420753,9.331733,6.908532,54,['579'],,"0.169051, 0.364715, -0.223167"
583,C,4.544249,8.961709,8.902181,55,"['579', '584', '586', '587']",,"-0.098267, 0.404364, 0.514847"
584,C,3.028387,8.99018,8.699644,57,"['583', '585', '588', '589']",,"0.005260, 0.138374, 0.353845"
585,C,2.787103,7.779887,7.795064,59,"['578', '584', '590', '591']",,"-0.208437, 0.155493, 0.304798"
586,H,4.960132,9.957309,9.175011,56,['583'],,"0.052576, 0.039599, -0.036468"
587,H,4.825177,8.258171,9.718283,56,['583'],,"0.052804, -0.062178, 0.016121"
588,H,2.719493,9.937741,8.200213,58,['584'],,"-0.023728, 0.043823, -0.047665"
589,H,2.479171,8.927889,9.66428,58,['584'],,"-0.036692, -0.012232, 0.073212"
590,H,1.805254,7.86649,7.280623,60,['585'],,"-0.069976, -0.071513, -0.001398"
591,H,2.774355,6.830909,8.381215,60,['585'],,"-0.004487, -0.072859, 0.028848"
592,N,7.462421,7.867212,7.485405,7,"['580', '593', '596']",,"-0.083288, 0.334771, -0.152221"
593,CA,8.622529,6.996679,7.662598,8,"['592', '594', '597', '598']",,"-0.065106, 0.374908, -0.749534"
594,C,8.748235,6.709028,9.164985,9,"['593', '595', '607']",,"0.102565, -0.086157, -0.423465"
595,O,8.130604,7.378952,9.99587,11,['594'],,"0.024174, -0.206796, -0.393882"
596,HN,7.633724,8.859998,7.270419,10,['592'],,"-0.013086, 0.402962, -0.036038"
597,H,8.395144,6.017259,7.169376,12,['593'],,"-0.100864, -0.290164, -0.162489"
598,C,9.939252,7.577203,7.061382,153,"['593', '599', '603', '604']",,"0.181006, 0.166506, -0.472122"
599,C,9.843158,8.080724,5.602971,155,"['598', '600', '605', '606']",,"0.479762, 0.466636, 0.735212"
600,C,9.265778,7.101083,4.608744,157,"['599', '601', '602']",,"0.443279, 0.357278, 0.164091"
601,O,10.032927,6.328457,3.977055,158,['600'],,"-0.114848, 0.520661, 0.284495"
602,O,8.005709,7.063036,4.461427,158,['600'],,"1.167961, 0.515206, 0.851243"
603,H,10.71811,6.777224,7.096655,154,['598'],,"0.042395, -0.013610, 0.019246"
604,H,10.331259,8.399682,7.70687,154,['598'],,"0.054020, 0.007889, 0.120890"
605,H,10.853508,8.387775,5.244376,156,['599'],,"0.102109, 0.120514, -0.052446"
606,H,9.240571,9.017638,5.564943,156,['599'],,"0.014849, 0.241282, -0.007362"
607,N,9.489112,5.636866,9.539673,7,"['594', '608', '611']",,"0.012070, -0.141485, -0.233796"
608,CA,9.449953,5.086501,10.892093,8,"['607', '609', '612', '613']",,"-0.185729, -0.354296, -0.438689"
609,C,9.860149,6.062603,12.011423,9,"['608', '610', '627']",,"-0.009184, 0.006621, -0.173845"
610,O,9.382383,5.938799,13.136063,11,['609'],,"0.046339, 0.013129, -0.100705"
611,HN,10.16154,5.223951,8.877553,10,['607'],,"0.168539, -0.023615, -0.110551"
612,H,8.377044,4.867561,11.122589,12,['608'],,"-0.345518, -0.022165, 0.141820"
613,C,10.238291,3.748573,10.96833,61,"['608', '614', '620', '621']",,"0.037828, -0.176270, 0.077308"
614,C,10.105379,3.037276,12.300314,63,"['613', '615', '616']",,"-0.006293, 0.138060, 0.069491"
615,C,9.005398,2.201411,12.574579,64,"['614', '617', '622']",,"-0.046857, 0.175548, 0.186750"
616,C,11.056157,3.25241,13.313492,64,"['614', '618', '623']",,"-0.093456, 0.051967, 0.106783"
617,C,8.850716,1.612111,13.835332,66,"['615', '619', '624']",,"-0.065647, -0.031577, 0.214037"
618,C,10.88986,2.678889,14.575697,66,"['616', '619', '625']",,"-0.031436, 0.047786, 0.122846"
619,C,9.79163,1.856338,14.837069,68,"['617', '618', '626']",,"-0.076791, 0.022791, 0.126379"
620,H,11.31749,3.930198,10.755861,62,['613'],,"-0.003711, 0.022971, -0.006556"
621,H,9.888903,3.051476,10.170637,62,['613'],,"0.000613, 0.029561, 0.008329"
622,H,8.224293,2.038094,11.814992,65,['615'],,"-0.004477, 0.071504, 0.093112"
623,H,11.911368,3.927036,13.146303,65,['616'],,"-0.066033, -0.010893, 0.024059"
624,H,7.975106,0.982239,14.067663,67,['617'],,"-0.095332, -0.082880, 0.150878"
625,H,11.61665,2.892454,15.372571,67,['618'],,"0.000087, -0.031955, 0.083310"
626,H,9.64806,1.421194,15.837198,69,['619'],,"-0.064755, 0.009849, 0.072656"
627,N,10.706488,7.076582,11.708246,7,"['609', '628', '631']",,"0.086044, -0.122003, -0.298739"
628,CA,11.109554,8.159226,12.607699,8,"['627', '629', '632', '633']",,"0.504308, -0.560448, 0.097114"
629,C,10.127773,9.3463,12.714254,9,"['628', '630', '641']",,"-0.274295, -0.369543, -0.166421"
630,O,10.457548,10.338968,13.382169,11,['629'],,"-0.038082, -0.561269, 0.011927"
631,HN,11.03812,7.199109,10.739532,10,['627'],,"0.107115, 0.120273, -0.317052"
632,H,11.212784,7.751264,13.640705,12,['628'],,"-0.031963, -0.110497, 0.333201"
633,C,12.47562,8.744859,12.119974,147,"['628', '634', '637', '638']",,"0.163712, 0.238885, 0.021975"
634,C,12.305519,9.450129,10.770496,149,"['633', '635', '636']",,"0.089869, 0.203554, 0.062962"
635,O,11.879063,8.807969,9.810326,150,['634'],,"0.138847, 0.225993, -0.054210"
636,N,12.637347,10.755653,10.704209,151,"['634', '639', '640']",,"0.079153, 0.100130, -0.011690"
637,H,13.255608,7.958547,11.997486,148,['633'],,"-0.040546, 0.046317, -0.059328"
638,H,12.846944,9.475366,12.878242,148,['633'],,"-0.081513, 0.129542, 0.021894"
639,HN,13.039088,11.232806,11.522365,152,['636'],,"0.052957, -0.007967, 0.038190"
640,HN,12.529904,11.241816,9.801752,152,['636'],,"0.002736, 0.063236, -0.085537"
641,N,8.988891,9.333073,11.986163,7,"['629', '642', '645']",,"-0.145660, -0.331981, -0.193016"
642,CA,7.981095,10.384735,11.875552,8,"['641', '643', '646', '647']",,"0.465509, -0.076316, -0.593693"
643,C,6.72827,9.961682,12.652142,9,"['642', '644', '656']",,"0.122657, 0.265932, -0.154606"
644,O,6.498051,8.771327,12.874168,11,['643'],,"0.254864, 0.276465, 0.070619"
645,HN,8.701938,8.470086,11.508064,10,['641'],,"-0.138864, -0.329178, -0.234728"
646,H,8.362642,11.327867,12.332985,12,['642'],,"0.086426, 0.242916, 0.135844"
647,C,7.637322,10.620462,10.37373,153,"['642', '648', '652', '653']",,"0.197182, 0.131945, -0.621314"
648,C,8.853942,11.059101,9.519888,155,"['647', '649', '654', '655']",,"-0.198330, -0.145700, 0.571583"
649,C,8.625204,11.180164,8.027857,157,"['648', '650', '651']",,"0.266775, 0.130824, 0.447038"
650,O,7.504193,10.849087,7.544273,158,['649'],,"-0.053252, 0.120472, 0.648878"
651,O,9.575027,11.555404,7.288801,158,['649'],,"-0.064877, -0.211866, 0.642604"
652,H,6.8287,11.381684,10.267894,154,['647'],,"-0.024550, -0.024361, -0.035200"
653,H,7.220784,9.67562,9.947231,154,['647'],,"-0.013743, -0.126815, -0.042960"
654,H,9.68944,10.334394,9.646657,156,['648'],,"0.117835, -0.111875, 0.046937"
655,H,9.227151,12.046421,9.87635,156,['648'],,"0.010883, 0.101781, -0.007132"
656,N,5.934015,10.964809,13.118653,7,"['643', '657', '660']",,"0.030677, 0.097890, -0.015085"
657,CA,4.742689,10.747665,13.940407,8,"['656', '658', '661', '662']",,"0.405337, 0.247072, 0.205000"
658,C,3.723929,9.946649,13.111694,9,"['657', '659', '678']",,"0.026889, -0.114452, 0.250327"
659,O,3.363533,10.363553,12.009368,11,['658'],,"0.110286, -0.096978, 0.162903"
660,HN,6.111796,11.929674,12.810969,10,['656'],,"0.019301, 0.078947, -0.077683"
661,H,5.061717,10.120879,14.809276,12,['657'],,"0.116563, -0.284183, 0.460207"
662,C,4.135152,12.091224,14.481828,182,"['657', '663', '667', '668']",,"-0.105103, -0.047491, 0.159795"
663,C,2.927513,11.892966,15.439595,184,"['662', '664', '669', '670']",,"0.022210, -0.227446, 0.021815"
664,C,2.215236,13.20025,15.887641,186,"['663', '665', '671', '672']",,"0.377958, -0.218850, -0.150919"
665,C,1.011888,12.92532,16.831972,188,"['664', '666', '673', '674']",,"-0.264588, 0.338151, -0.081617"
666,N,0.05167,14.021587,16.89063,190,"['665', '675', '676', '677']",,"-0.141029, 0.268978, -0.060240"
667,H,3.829957,12.721189,13.613053,183,['662'],,"-0.051210, -0.104501, -0.018995"
668,H,4.93261,12.64373,15.037438,183,['662'],,"-0.002467, -0.102701, 0.078458"
669,H,3.263773,11.312998,16.33334,185,['663'],,"0.054950, -0.093392, 0.072147"
670,H,2.176951,11.242485,14.932047,185,['663'],,"-0.086927, -0.075029, -0.019878"
671,H,1.86344,13.747615,14.980766,187,['664'],,"0.036650, 0.000659, -0.040538"
672,H,2.93855,13.881333,16.398233,187,['664'],,"0.053513, 0.028265, 0.028727"
673,H,1.369916,12.6928,17.862045,189,['665'],,"-0.048235, 0.010036, -0.034388"
674,H,0.46284,12.020583,16.488824,189,['665'],,"-0.059567, 0.003720, -0.000989"
675,HN,-0.76544,13.839105,17.463179,191,['666'],,"-0.007054, 0.138237, -0.086595"
676,HN,-0.338427,14.222934,15.969968,191,['666'],,"-0.229826, 0.098986, -0.229127"
677,HN,0.434241,14.88229,17.279772,191,['666'],,"-0.073496, 0.257349, 0.190511"
678,N,3.259195,8.798625,13.671785,7,"['658', '679', '682']",,"-0.025029, -0.050350, 0.266596"
679,CA,2.402428,7.782347,13.07487,8,"['678', '680', '683', '684']",,"-0.395377, 0.245151, 0.278909"
680,C,3.111051,6.750578,12.181896,9,"['679', '681', '699']",,"0.142022, 0.255436, 0.232480"
681,O,2.451246,5.851019,11.648242,11,['680'],,"0.132641, 0.415976, 0.103020"
682,HN,3.544081,8.555493,14.63438,10,['678'],,"0.065501, -0.066342, 0.211698"
683,H,2.052633,7.155868,13.925345,12,['679'],,"-0.049050, -0.378564, 0.405635"
684,C,1.124342,8.31313,12.369767,70,"['679', '685', '692', '693']",,"-0.114975, -0.001074, -0.099980"
685,C,0.257816,9.133627,13.296675,72,"['684', '686', '687']",,"0.178945, -0.095108, -0.051922"
686,C,-0.563679,8.507126,14.247309,73,"['685', '688', '694']",,"0.166476, -0.038163, 0.059765"
687,C,0.250632,10.534183,13.221014,73,"['685', '689', '695']",,"0.050437, -0.052601, -0.052157"
688,C,-1.353788,9.264587,15.116207,75,"['686', '690', '696']",,"0.167838, -0.062751, 0.001750"
689,C,-0.543375,11.292211,14.082664,75,"['687', '690', '697']",,"-0.034909, -0.028730, -0.121397"
690,C,-1.331715,10.660936,15.052359,77,"['688', '689', '691']",,"0.001528, -0.017492, -0.100593"
691,OH,-2.056628,11.378973,15.952413,78,"['690', '698']",,"-0.085977, -0.002132, -0.126712"
692,H,0.530939,7.456236,11.975817,71,['684'],,"0.073312, -0.067943, -0.018552"
693,H,1.410369,8.918901,11.482159,71,['684'],,"0.098794, 0.046658, 0.036632"
694,H,-0.585665,7.407786,14.329011,74,['686'],,"0.007978, -0.020146, 0.005048"
695,H,0.887391,11.053014,12.486314,74,['687'],,"0.109157, -0.056353, -0.030777"
696,H,-2.027648,8.746371,15.816435,76,['688'],,"-0.093446, -0.071907, -0.131643"
697,H,-0.529834,12.390115,14.002998,76,['689'],,"-0.102895, 0.078393, -0.011019"
698,HO,-2.287976,12.233334,15.610535,79,['691'],,"-0.090868, 0.020113, -0.060113"
699,N,4.449312,6.845695,12.005185,1,"['680', '700', '703']",,"0.207420, 0.256314, 0.070761"
700,CA,5.250425,5.914098,11.247216,2,"['699', '701', '704', '705']",,"-0.267430, 0.523997, -0.327367"
701,C,5.427819,4.542542,11.884479,3,"['700', '702', '706']",,"0.042008, 0.451953, -0.065808"
702,O,5.335447,3.525734,11.191768,5,['701'],,"0.151628, 0.260852, 0.121043"
703,HN,5.003966,7.580136,12.4626,4,['699'],,"0.212186, 0.237911, 0.157652"
704,H,4.81182,5.767238,10.234638,6,['700'],,"-0.001256, -0.082453, -0.241063"
705,H,6.258334,6.346561,11.064249,6,['700'],,"0.228753, 0.108495, -0.130050"
706,N,5.557854,4.46024,13.241304,50,"['701', '707', '713']",,"0.103831, 0.195516, 0.137815"
707,CA,5.509419,3.172927,13.925852,51,"['706', '708', '710', '711']",,"0.584311, -0.034677, 0.175096"
708,C,4.144661,2.497615,13.822708,52,"['707', '709', '720']",,"0.139204, 0.447440, 0.093382"
709,O,4.056512,1.282039,13.625217,53,['708'],,"0.261260, 0.500701, -0.023645"
710,H,6.261944,2.478554,13.478705,54,['707'],,"0.256583, -0.232454, -0.170587"
711,C,5.88126,3.512668,15.386145,55,"['707', '712', '714', '715']",,"0.431694, -0.015557, 0.606253"
712,C,6.85555,4.677835,15.188991,57,"['711', '713', '716', '717']",,"0.137025, 0.026350, 0.234893"
713,C,6.123647,5.484536,14.111392,59,"['706', '712', '718', '719']",,"0.233481, 0.198398, 0.252630"
714,H,6.341974,2.644735,15.91636,56,['711'],,"0.072424, -0.126514, 0.010664"
715,H,4.992857,3.844607,15.976957,56,['711'],,"-0.060855, 0.047983, -0.029039"
716,H,7.849715,4.32619,14.822411,58,['712'],,"0.150090, 0.019327, -0.090780"
717,H,7.02826,5.268039,16.114893,58,['712'],,"0.002237, 0.087052, -0.035453"
718,H,6.830628,6.172589,13.592688,60,['713'],,"0.093174, 0.087827, -0.040561"
719,H,5.311556,6.102469,14.564477,60,['713'],,"-0.111420, 0.039302, 0.031637"
720,N,3.052657,3.280725,13.994277,7,"['708', '721', '724']",,"0.180745, 0.415047, 0.178735"
721,CA,1.674216,2.838511,13.900876,8,"['720', '722', '725', '726']",,"0.108920, 0.309238, 0.581455"
722,C,1.338801,2.307525,12.505995,9,"['721', '723', '735']",,"0.195586, 0.309970, 0.072498"
723,O,0.649825,1.292406,12.386928,11,['722'],,"0.142956, 0.312815, 0.086829"
724,HN,3.177767,4.25856,14.289641,10,['720'],,"-0.036772, 0.459407, 0.245994"
725,H,1.557663,1.955038,14.575327,12,['721'],,"-0.065513, -0.273454, 0.099451"
726,C,0.6073,3.906298,14.302296,153,"['721', '727', '731', '732']",,"-0.029652, 0.311598, 0.407827"
727,C,0.665869,4.414628,15.755939,155,"['726', '728', '733', '734']",,"-0.396552, -0.272315, -0.485681"
728,C,1.726843,5.412423,16.167298,157,"['727', '729', '730']",,"-0.243952, -0.211868, -0.034354"
729,O,1.574544,5.956038,17.296226,158,['728'],,"-0.115573, -0.469212, -0.027356"
730,O,2.68348,5.641884,15.388563,158,['728'],,"-0.100856, 0.206345, 0.387827"
731,H,-0.400072,3.445514,14.152567,154,['726'],,"0.014020, -0.023023, -0.076914"
732,H,0.642306,4.776548,13.605428,154,['726'],,"0.060803, 0.005755, -0.077398"
733,H,0.771801,3.547785,16.445186,156,['727'],,"-0.042455, -0.060948, 0.044051"
734,H,-0.309568,4.887464,16.007079,156,['727'],,"-0.078597, -0.002462, -0.021138"
735,N,1.820116,2.996587,11.440719,7,"['722', '736', '739']",,"0.103379, 0.335739, 0.063661"
736,CA,1.638915,2.601032,10.055354,8,"['735', '737', '740', '741']",,"-0.289975, 0.663616, 0.005793"
737,C,2.363816,1.293368,9.734307,9,"['736', '738', '745']",,"0.114050, 0.306606, 0.131268"
738,O,1.772426,0.391982,9.13618,11,['737'],,"0.167937, 0.324823, 0.109452"
739,HN,2.293556,3.898654,11.586819,10,['735'],,"0.116402, 0.370570, 0.051801"
740,H,0.554962,2.386829,9.892948,12,['736'],,"-0.287727, -0.149516, -0.066818"
741,C,2.082229,3.708393,9.069299,13,"['736', '742', '743', '744']",,"0.001389, 0.261817, -0.168940"
742,H,1.861499,3.409614,8.021324,14,['741'],,"-0.023372, 0.017929, 0.011693"
743,H,3.17429,3.919131,9.143413,14,['741'],,"0.042862, -0.000701, 0.054079"
744,H,1.545064,4.666661,9.254798,14,['741'],,"-0.019333, 0.055467, 0.025646"
745,N,3.641498,1.162918,10.171436,7,"['737', '746', '749']",,"0.232661, 0.327228, 0.047982"
746,CA,4.434599,-0.041453,9.995803,8,"['745', '747', '750', '751']",,"-0.010673, 0.471785, -0.532467"
747,C,3.864912,-1.257197,10.727047,9,"['746', '748', '756']",,"-0.041906, 0.302960, 0.117154"
748,O,4.003836,-2.387799,10.249546,11,['747'],,"-0.099098, 0.317410, 0.280717"
749,HN,4.130723,1.954817,10.613704,10,['745'],,"0.196764, 0.270896, 0.119714"
750,H,4.384738,-0.330651,8.920532,12,['746'],,"0.028809, -0.172357, -0.387237"
751,C,5.912271,0.157355,10.413244,33,"['746', '752', '753', '754']",,"0.213324, -0.079000, 0.083918"
752,OH,6.479155,1.169315,9.592737,35,"['751', '755']",,"-0.050661, -0.005027, 0.136329"
753,H,6.497708,-0.783225,10.277828,34,['751'],,"-0.029869, -0.055128, -0.014278"
754,H,5.987147,0.459576,11.483975,34,['751'],,"-0.055558, 0.006195, 0.030504"
755,HO,7.294105,1.443323,9.99352,36,['752'],,"-0.021249, 0.023786, 0.009097"
756,N,3.215444,-1.04807,11.898418,7,"['747', '757', '760']",,"0.078587, 0.227615, 0.221779"
757,CA,2.533684,-2.09819,12.635885,8,"['756', '758', '761', '762']",,"0.527761, 0.096828, 0.548696"
758,C,1.228327,-2.528085,11.964705,9,"['757', '759', '766']",,"0.185747, 0.246257, 0.067922"
759,O,0.874585,-3.707262,11.989025,11,['758'],,"0.073060, 0.365644, 0.122771"
760,HN,3.229904,-0.119978,12.343177,10,['756'],,"0.076774, 0.263773, 0.157659"
761,H,3.184527,-3.00679,12.639513,12,['757'],,"0.169385, -0.331728, -0.015489"
762,C,2.253162,-1.691534,14.099366,13,"['757', '763', '764', '765']",,"0.038335, -0.025005, 0.354780"
763,H,1.731588,-2.511654,14.642825,14,['762'],,"0.026383, -0.035501, 0.015607"
764,H,1.622398,-0.776679,14.1785,14,['762'],,"-0.015572, -0.006171, -0.033470"
765,H,3.209627,-1.516632,14.641479,14,['762'],,"0.092772, -0.084063, 0.005402"
766,N,0.491453,-1.571499,11.347412,7,"['758', '767', '770']",,"0.098187, 0.320340, 0.109528"
767,CA,-0.755371,-1.838786,10.65234,8,"['766', '768', '771', '772']",,"0.001551, 0.340060, 0.528509"
768,C,-0.543662,-2.71469,9.418575,9,"['767', '769', '786']",,"0.245428, 0.173057, 0.035980"
769,O,-1.316725,-3.65255,9.20028,11,['768'],,"0.202527, 0.311006, -0.001494"
770,HN,0.783803,-0.585595,11.37636,10,['766'],,"0.066087, 0.283193, 0.047904"
771,H,-1.40338,-2.442404,11.333858,12,['767'],,"-0.176968, -0.290993, 0.169480"
772,C,-1.4868,-0.522749,10.275845,61,"['767', '773', '779', '780']",,"-0.064946, 0.161939, -0.014156"
773,C,-2.855608,-0.743407,9.667084,63,"['772', '774', '775']",,"0.212699, 0.002539, -0.025485"
774,C,-4.001773,-0.812163,10.479658,64,"['773', '776', '781']",,"0.159817, 0.015746, -0.044878"
775,C,-3.007639,-0.889489,8.276957,64,"['773', '777', '782']",,"0.114720, -0.057088, -0.062745"
776,C,-5.267658,-0.998825,9.915535,66,"['774', '778', '783']",,"0.215836, -0.023269, -0.121194"
777,C,-4.272764,-1.071701,7.713481,66,"['775', '778', '784']",,"0.122251, -0.019080, -0.083096"
778,C,-5.405627,-1.113175,8.531159,68,"['776', '777', '785']",,"0.131571, 0.026960, -0.132357"
779,H,-0.866133,0.073361,9.564048,62,['772'],,"0.092083, 0.006519, -0.033501"
780,H,-1.597176,0.117145,11.180785,62,['772'],,"0.060090, 0.002356, 0.006883"
781,H,-3.910055,-0.719238,11.57418,65,['774'],,"0.058337, -0.012381, -0.007838"
782,H,-2.128794,-0.875838,7.613345,65,['775'],,"0.077854, 0.003364, -0.019771"
783,H,-6.163317,-1.050605,10.554158,67,['776'],,"0.084376, -0.028012, -0.134288"
784,H,-4.364089,-1.185905,6.623372,67,['777'],,"0.021577, -0.021611, -0.046205"
785,H,-6.407239,-1.235473,8.09361,69,['778'],,"0.058849, 0.055504, 0.033082"
786,N,0.481736,-2.366779,8.595052,7,"['768', '787', '790']",,"0.157549, 0.212720, -0.053319"
787,CA,0.841714,-3.066774,7.374472,8,"['786', '788', '791', '792']",,"-0.098046, 0.589908, -0.314096"
788,C,1.407727,-4.454261,7.684833,9,"['787', '789', '801']",,"0.334324, 0.293806, -0.126991"
789,O,0.899682,-5.448279,7.158597,11,['788'],,"0.198563, 0.389645, 0.073285"
790,HN,1.053822,-1.537147,8.809383,10,['786'],,"0.137531, 0.262206, 0.068034"
791,H,-0.09828,-3.255967,6.800132,12,['787'],,"-0.239218, -0.151588, -0.159268"
792,C,1.797688,-2.206247,6.499325,153,"['787', '793', '797', '798']",,"0.334540, -0.105972, -0.642304"
793,C,2.066825,-2.793123,5.101518,155,"['792', '794', '799', '800']",,"-0.110660, 0.373445, 0.214277"
794,C,3.366712,-3.557042,4.906401,157,"['793', '795', '796']",,"-0.073756, 0.063442, 0.009947"
795,O,3.948181,-3.3877,3.799999,158,['794'],,"-0.156644, 0.321679, 0.148036"
796,O,3.755947,-4.321202,5.820289,158,['794'],,"-0.080293, 0.094499, -0.061733"
797,H,2.779412,-2.041243,7.005474,154,['792'],,"0.095885, -0.057080, -0.006624"
798,H,1.351586,-1.190647,6.361604,154,['792'],,"0.030212, 0.005695, 0.047114"
799,H,2.038054,-1.985582,4.336688,156,['793'],,"-0.025825, 0.075144, -0.034665"
800,H,1.260932,-3.505284,4.821435,156,['793'],,"-0.007179, -0.036419, -0.071407"
801,N,2.309764,-4.535641,8.701633,7,"['788', '802', '805']",,"0.202903, 0.293711, -0.073942"
802,CA,2.840246,-5.767413,9.266599,8,"['801', '803', '806', '807']",,"0.486101, 0.426794, -0.262686"
803,C,1.736216,-6.753207,9.644816,9,"['802', '804', '823']",,"0.079122, 0.326095, 0.069191"
804,O,1.730082,-7.887917,9.167991,11,['803'],,"0.121161, 0.375216, 0.156258"
805,HN,2.746596,-3.672143,9.050096,10,['801'],,"0.122946, 0.185509, 0.087794"
806,H,3.41985,-6.279619,8.462653,12,['802'],,"0.150880, -0.190196, -0.298129"
807,C,3.7859,-5.481253,10.474376,182,"['802', '808', '812', '813']",,"0.187794, 0.054199, 0.129388"
808,C,4.337037,-6.72793,11.203057,184,"['807', '809', '814', '815']",,"-0.096815, 0.001281, -0.108845"
809,C,5.139998,-6.37146,12.478214,186,"['808', '810', '816', '817']",,"-0.283512, 0.356112, 0.003515"
810,C,5.635222,-7.584003,13.300636,188,"['809', '811', '818', '819']",,"0.085525, -0.311735, -0.342586"
811,N,6.458284,-8.503792,12.532604,190,"['810', '820', '821', '822']",,"-0.138816, -0.323881, -0.311361"
812,H,3.242159,-4.842811,11.209704,183,['807'],,"-0.027200, 0.024904, -0.013539"
813,H,4.645399,-4.866609,10.11521,183,['807'],,"0.006213, 0.035191, -0.032731"
814,H,4.957309,-7.316246,10.486925,185,['808'],,"-0.009523, -0.066176, -0.027616"
815,H,3.492405,-7.396581,11.495277,185,['808'],,"-0.008783, -0.045824, 0.028066"
816,H,4.498947,-5.752068,13.153882,187,['809'],,"-0.087041, 0.011390, 0.091075"
817,H,6.006177,-5.722154,12.203793,187,['809'],,"0.026513, 0.041234, -0.039253"
818,H,4.767522,-8.149684,13.711357,189,['810'],,"-0.007497, -0.088685, 0.008126"
819,H,6.222271,-7.229098,14.177692,189,['810'],,"-0.031625, -0.100460, -0.059442"
820,HN,6.81211,-9.292448,13.059244,191,['811'],,"-0.046492, -0.024592, -0.149041"
821,HN,7.241774,-8.061337,12.069269,191,['811'],,"-0.184004, -0.104933, 0.015844"
822,HN,5.91862,-8.949682,11.793876,191,['811'],,"-0.243112, -0.437034, -0.504705"
823,N,0.806068,-6.351793,10.548909,7,"['803', '824', '827']",,"0.155977, 0.298060, 0.177852"
824,CA,-0.270393,-7.21428,11.012377,8,"['823', '825', '828', '829']",,"0.429442, 0.140085, 0.435491"
825,C,-1.180569,-7.655089,9.867718,9,"['824', '826', '845']",,"0.156721, 0.243740, 0.041407"
826,O,-1.612589,-8.807075,9.82902,11,['825'],,"0.062067, 0.327744, 0.074853"
827,HN,0.858568,-5.409124,10.958566,10,['823'],,"0.034443, 0.331017, 0.152966"
828,H,0.192238,-8.16003,11.390196,12,['824'],,"0.112641, -0.356894, 0.048653"
829,C,-1.108889,-6.565771,12.158263,182,"['824', '830', '834', '835']",,"-0.060747, 0.132804, 0.093465"
830,C,-2.319683,-7.413854,12.641629,184,"['829', '831', '836', '837']",,"0.101399, -0.068059, -0.200724"
831,C,-2.986803,-6.823265,13.906188,186,"['830', '832', '838', '839']",,"0.470493, 0.097316, -0.360425"
832,C,-4.30512,-7.52272,14.303413,188,"['831', '833', '840', '841']",,"0.091928, 0.156138, 0.213170"
833,N,-4.865504,-6.982044,15.535685,190,"['832', '842', '843', '844']",,"0.039884, 0.004270, 0.217167"
834,H,-1.483823,-5.569809,11.816695,183,['829'],,"-0.048998, 0.057831, -0.035567"
835,H,-0.427901,-6.351711,13.016432,183,['829'],,"0.030988, 0.040814, -0.052412"
836,H,-1.995628,-8.464797,12.830956,185,['830'],,"0.000506, -0.078486, -0.031079"
837,H,-3.066983,-7.472504,11.81471,185,['830'],,"-0.005739, 0.005500, -0.056377"
838,H,-3.180136,-5.734991,13.740173,187,['831'],,"0.040836, 0.101078, -0.087575"
839,H,-2.263228,-6.894282,14.751712,187,['831'],,"0.100561, -0.030721, 0.009892"
840,H,-4.136847,-8.613001,14.451767,189,['832'],,"-0.033771, 0.016248, 0.051406"
841,H,-5.066299,-7.423469,13.494755,189,['832'],,"-0.005093, -0.018645, 0.055097"
842,HN,-5.645966,-7.528599,15.883507,191,['833'],,"0.052496, 0.013193, 0.054677"
843,HN,-5.203188,-6.0308,15.432917,191,['833'],,"0.024987, -0.061581, 0.081252"
844,HN,-4.211575,-6.952194,16.318745,191,['833'],,"0.066215, 0.061417, 0.332620"
845,N,-1.518612,-6.73357,8.932822,7,"['825', '846', '849']",,"0.077379, 0.341168, 0.100181"
846,CA,-2.414986,-7.041859,7.835639,8,"['845', '847', '850', '851']",,"-0.167159, 0.321516, 0.430728"
847,C,-1.846744,-8.096385,6.879493,9,"['846', '848', '862']",,"0.171040, 0.103759, 0.104196"
848,O,-2.607774,-8.916058,6.367489,11,['847'],,"0.118370, 0.090787, 0.130637"
849,HN,-1.156837,-5.770243,8.974917,10,['845'],,"0.102827, 0.301370, 0.011712"
850,H,-3.317791,-7.536218,8.275918,12,['846'],,"-0.243587, -0.249795, 0.091086"
851,C,-2.873838,-5.753319,7.089069,175,"['846', '852', '855', '856']",,"-0.036850, 0.096000, -0.067051"
852,C,-3.887894,-6.010073,5.959291,177,"['851', '853', '857', '858']",,"0.254415, 0.001674, 0.222507"
853,S,-4.818873,-4.502149,5.565709,179,"['852', '854']",,"0.250517, -0.355291, 0.111308"
854,C,-5.757104,-5.110498,4.14797,180,"['853', '859', '860', '861']",,"0.045773, -0.002808, -0.026033"
855,H,-1.978319,-5.226314,6.679085,176,['851'],,"0.155727, 0.035887, 0.031576"
856,H,-3.312606,-5.059027,7.844746,176,['851'],,"0.069630, 0.046949, 0.126238"
857,H,-4.595947,-6.814708,6.264103,178,['852'],,"0.025899, -0.066403, -0.032118"
858,H,-3.355657,-6.399142,5.064354,178,['852'],,"0.005722, -0.060871, 0.012500"
859,H,-6.46397,-4.320926,3.812353,181,['854'],,"0.023489, 0.020004, -0.026675"
860,H,-6.316388,-6.023697,4.437456,181,['854'],,"0.055532, 0.007897, -0.034414"
861,H,-5.06819,-5.355352,3.311495,181,['854'],,"0.007544, -0.021552, -0.043982"
862,N,-0.515163,-8.076147,6.609636,7,"['847', '863', '866']",,"0.150577, 0.299118, 0.045808"
863,CA,0.131497,-9.036949,5.729066,8,"['862', '864', '867', '868']",,"-0.228037, 0.427118, -0.338149"
864,C,0.508231,-10.356847,6.413774,9,"['863', '865', '878']",,"0.085522, 0.342382, 0.142455"
865,O,0.461053,-11.406914,5.768321,11,['864'],,"0.002723, 0.305341, 0.213424"
866,HN,0.096165,-7.352205,7.012955,10,['862'],,"0.173821, 0.288304, 0.100808"
867,H,-0.626636,-9.355683,4.969641,12,['863'],,"-0.244908, -0.168007, -0.226943"
868,C,1.343444,-8.464736,4.910252,15,"['863', '869', '870', '871']",,"0.172840, 0.128233, -0.075803"
869,C,0.866945,-7.302303,4.001173,17,"['868', '872', '873', '874']",,"0.018043, 0.040015, 0.115691"
870,C,2.52757,-7.989994,5.788012,17,"['868', '875', '876', '877']",,"0.037099, 0.126647, 0.083557"
871,H,1.708538,-9.289585,4.248364,16,['868'],,"-0.033978, 0.014359, 0.039241"
872,H,1.684129,-6.941326,3.33724,18,['869'],,"0.010668, 0.037105, 0.039228"
873,H,0.517313,-6.426459,4.594288,18,['869'],,"0.024476, 0.045465, 0.082586"
874,H,0.026243,-7.622639,3.345453,18,['869'],,"0.041043, 0.007357, 0.041951"
875,H,3.383157,-7.639409,5.168084,18,['870'],,"-0.006561, 0.076578, 0.022740"
876,H,2.913951,-8.796652,6.447935,18,['870'],,"-0.020698, 0.039206, 0.010000"
877,H,2.261816,-7.133043,6.441676,18,['870'],,"-0.006227, 0.161379, 0.040422"
878,N,0.889179,-10.337703,7.714948,7,"['864', '879', '882']",,"0.105526, 0.249480, 0.161865"
879,CA,1.239941,-11.521702,8.487639,8,"['878', '880', '883', '884']",,"0.495107, 0.199082, -0.037559"
880,C,0.047136,-12.376087,8.897594,9,"['879', '881', '893']",,"0.046194, 0.174939, 0.047938"
881,O,0.169725,-13.594611,9.001821,11,['880'],,"0.029107, 0.162788, -0.015741"
882,HN,0.950897,-9.442873,8.21836,10,['878'],,"0.082028, 0.302614, 0.164128"
883,H,1.834589,-12.204943,7.832355,12,['879'],,"0.107894, -0.307073, -0.199038"
884,C,2.06307,-11.195859,9.762939,153,"['879', '885', '889', '890']",,"0.419662, 0.102026, 0.185565"
885,C,3.477976,-10.670811,9.467789,155,"['884', '886', '891', '892']",,"-0.706810, -0.162776, -0.351855"
886,C,4.310218,-10.359334,10.682519,157,"['885', '887', '888']",,"-0.380198, -0.147108, -0.443506"
887,O,3.876179,-10.612883,11.840777,158,['886'],,"-0.173247, 0.059840, -0.690082"
888,O,5.445199,-9.834613,10.509909,158,['886'],,"-0.292921, -0.474271, -0.842809"
889,H,2.15421,-12.120842,10.380187,154,['884'],,"-0.057511, -0.046071, 0.020414"
890,H,1.513617,-10.460291,10.397599,154,['884'],,"-0.046535, -0.006810, 0.038640"
891,H,3.422667,-9.756199,8.833932,156,['885'],,"-0.085247, 0.157054, -0.097091"
892,H,4.037028,-11.432666,8.882238,156,['885'],,"0.000146, -0.063207, -0.104640"
893,N,-1.124619,-11.74194,9.120706,7,"['880', '894', '897']",,"0.093479, 0.243799, 0.224340"
894,CA,-2.358359,-12.444093,9.432173,8,"['893', '895', '898', '899']",,"0.112420, 0.157175, 0.384994"
895,C,-3.083488,-12.974927,8.190005,9,"['894', '896', '907']",,"0.121746, 0.110593, 0.098452"
896,O,-4.04478,-13.738596,8.31367,11,['895'],,"0.096697, 0.159319, -0.033719"
897,HN,-1.164572,-10.715112,9.176787,10,['893'],,"-0.007359, 0.277766, 0.063560"
898,H,-2.105913,-13.370436,10.006365,12,['894'],,"0.140687, -0.392905, 0.101251"
899,C,-3.308447,-11.569883,10.303432,147,"['894', '900', '903', '904']",,"-0.284215, -0.000805, 0.105447"
900,C,-2.747803,-11.298159,11.697989,149,"['899', '901', '902']",,"-0.206079, 0.104062, -0.154469"
901,O,-1.559127,-11.479479,11.962182,150,['900'],,"-0.110965, 0.216156, -0.120497"
902,N,-3.636073,-10.961946,12.655175,151,"['900', '905', '906']",,"-0.191780, -0.062410, -0.019987"
903,H,-4.283183,-12.107751,10.392926,148,['899'],,"-0.138492, -0.098363, -0.045536"
904,H,-3.532388,-10.598309,9.804954,148,['899'],,"0.027901, 0.000256, -0.011240"
905,HN,-4.646082,-11.051139,12.476613,152,['902'],,"-0.169657, -0.183055, 0.001557"
906,HN,-3.2903,-10.827233,13.613441,152,['902'],,"-0.026919, -0.042711, -0.045568"
907,N,-2.626449,-12.60448,6.965088,7,"['895', '908', '911']",,"0.132971, 0.169332, 0.005244"
908,CA,-3.218735,-13.049883,5.718484,8,"['907', '909', '912', '913']",,"0.018564, 0.768078, -0.012604"
909,C,-2.89785,-14.531993,5.49635,9,"['908', '910', '917']",,"-0.416628, 0.269573, -0.042812"
910,O,-1.753262,-14.987327,5.633388,11,['909'],,"-0.437027, 0.020766, 0.032301"
911,HN,-1.76997,-12.048821,6.85582,10,['907'],,"0.150866, 0.072094, 0.027389"
912,H,-4.326886,-12.91797,5.803275,12,['908'],,"-0.436078, 0.021321, 0.030251"
913,C,-2.69929,-12.218766,4.519943,13,"['908', '914', '915', '916']",,"0.032093, 0.120022, -0.222944"
914,H,-3.253469,-12.474546,3.589668,14,['913'],,"-0.032565, -0.050125, 0.010028"
915,H,-1.619529,-12.412671,4.334276,14,['913'],,"0.077934, -0.034183, 0.019041"
916,H,-2.815113,-11.127023,4.698607,14,['913'],,"0.018382, -0.001095, 0.068845"
917,N,-3.912748,-15.287334,5.027566,7,"['909', '918', '921']",,"-0.324880, 0.230659, 0.124659"
918,CA,-3.814098,-16.64046,4.513884,8,"['917', '919', '922', '923']",,"-0.218618, 0.054638, 0.679445"
919,C,-3.359411,-16.662699,3.042118,9,"['918', '920', '939']",,"-0.249228, 0.311817, 0.211591"
920,O,-2.70071,-17.628103,2.616296,11,['919'],,"-0.284983, 0.421842, 0.098087"
921,HN,-4.802532,-14.81152,4.823784,10,['917'],,"-0.341331, 0.294641, -0.187344"
922,H,-3.012389,-17.167734,5.083439,12,['918'],,"0.317124, -0.147814, 0.129681"
923,C,-5.161552,-17.414247,4.663899,182,"['918', '924', '928', '929']",,"-0.180051, -0.144661, 0.058750"
924,C,-5.687328,-17.448807,6.121236,184,"['923', '925', '930', '931']",,"-0.071720, 0.185053, -0.087790"
925,C,-5.10292,-18.601305,6.968314,186,"['924', '926', '932', '933']",,"-0.256602, -0.130657, -0.388199"
926,C,-5.036039,-18.293936,8.48181,188,"['925', '927', '934', '935']",,"0.330762, 0.266921, -0.041384"
927,N,-3.919181,-17.423816,8.832889,190,"['926', '936', '937', '938']",,"0.312883, 0.199088, -0.058018"
928,H,-5.075546,-18.447054,4.248847,183,['923'],,"-0.021657, -0.033865, -0.029294"
929,H,-5.927261,-16.910771,4.022789,183,['923'],,"-0.010256, 0.014615, -0.022370"
930,H,-6.799534,-17.556339,6.103419,185,['924'],,"-0.072355, -0.021508, -0.012551"
931,H,-5.509067,-16.459749,6.604034,185,['924'],,"-0.048131, 0.124657, 0.010776"
932,H,-4.085734,-18.879852,6.608131,187,['925'],,"0.018759, -0.038293, -0.061175"
933,H,-5.725027,-19.513068,6.801642,187,['925'],,"-0.028875, -0.054290, -0.021855"
934,H,-4.921465,-19.249095,9.042452,189,['926'],,"-0.032349, 0.094019, 0.016135"
935,H,-5.986858,-17.839664,8.843285,189,['926'],,"0.047638, 0.041336, 0.026145"
936,HN,-3.780615,-17.348018,9.833655,191,['927'],,"0.064841, 0.016131, -0.109241"
937,HN,-3.98578,-16.470853,8.485805,191,['927'],,"0.139844, 0.100466, 0.004917"
938,HN,-3.038174,-17.782633,8.467262,191,['927'],,"0.310817, -0.019087, -0.072318"
939,N,-3.699843,-15.597083,2.264157,7,"['919', '940', '943']",,"-0.251718, 0.200644, 0.230339"
940,CA,-3.32505,-15.338975,0.882467,8,"['939', '941', '944', '945']",,"-0.441106, -0.544741, 0.292647"
941,C,-2.924241,-13.861179,0.71888,9,"['940', '942', '961']",,"0.192672, -0.284508, -0.100850"
942,O,-3.670294,-12.946355,1.086021,11,['941'],,"0.335035, -0.241217, -0.134874"
943,HN,-4.324049,-14.865975,2.647968,10,['939'],,"-0.347029, 0.328240, 0.230965"
944,H,-2.453432,-15.984592,0.616365,12,['940'],,"0.214376, -0.207873, -0.036716"
945,C,-4.532889,-15.668966,-0.053914,182,"['940', '946', '950', '951']",,"-0.207003, -0.168763, -0.009726"
946,C,-4.299935,-15.290154,-1.538471,184,"['945', '947', '952', '953']",,"0.071174, -0.007309, 0.148086"
947,C,-5.405312,-15.764515,-2.507228,186,"['946', '948', '954', '955']",,"0.445871, -0.132171, 0.144893"
948,C,-6.759778,-15.068857,-2.263482,188,"['947', '949', '956', '957']",,"-0.207396, -0.123443, -0.373726"
949,N,-7.717541,-15.344914,-3.329096,190,"['948', '958', '959', '960']",,"-0.137055, 0.119340, -0.268670"
950,H,-5.43751,-15.137412,0.329758,183,['945'],,"0.002654, -0.015477, 0.065521"
951,H,-4.772491,-16.757388,0.029231,183,['945'],,"-0.038531, -0.079696, 0.038231"
952,H,-3.328597,-15.719292,-1.879407,185,['946'],,"0.012387, -0.009026, -0.028927"
953,H,-4.182275,-14.184572,-1.625397,185,['946'],,"0.028414, 0.010433, 0.017846"
954,H,-5.522744,-16.871577,-2.435937,187,['947'],,"0.032460, -0.096316, 0.044858"
955,H,-5.069116,-15.565259,-3.554109,187,['947'],,"0.032320, 0.033683, -0.052670"
956,H,-6.639794,-13.963248,-2.205967,189,['948'],,"-0.067044, -0.073314, -0.101103"
957,H,-7.192471,-15.395576,-1.293209,189,['948'],,"-0.109776, -0.073978, -0.068887"
958,HN,-8.656129,-15.092582,-3.037309,191,['949'],,"0.049372, 0.029064, 0.090133"
959,HN,-7.729324,-16.311413,-3.634808,191,['949'],,"-0.013777, 0.144068, 0.024570"
960,HN,-7.461743,-14.758877,-4.122802,191,['949'],,"0.268861, 0.383285, -0.324892"
961,N,-1.779025,-13.62207,0.027512,7,"['941', '962', '965']",,"0.173730, -0.070958, 0.014371"
962,CA,-1.35158,-12.316933,-0.459854,8,"['961', '963', '966', '967']",,"0.146779, -0.060751, 0.575784"
963,C,-1.517056,-12.341737,-1.992548,9,"['962', '964', '980']",,"0.001838, 0.309434, 0.264947"
964,O,-1.091669,-13.283925,-2.667248,11,['963'],,"-0.097905, 0.183094, 0.191211"
965,HN,-1.231809,-14.400323,-0.364997,10,['961'],,"0.090447, -0.070726, -0.119670"
966,H,-2.016978,-11.527972,-0.034189,12,['962'],,"-0.249882, 0.326053, 0.173181"
967,C,0.132977,-11.99028,-0.059212,25,"['962', '968', '969', '971']",,"0.276113, -0.003233, 0.393088"
968,C,0.350066,-11.956367,1.487158,27,"['967', '970', '972', '973']",,"-0.080940, -0.102140, 0.028235"
969,C,0.60065,-10.650736,-0.688204,29,"['967', '974', '975', '976']",,"-0.019145, -0.010250, 0.029506"
970,C,-0.363239,-10.821876,2.240947,31,"['968', '977', '978', '979']",,"-0.003461, -0.013050, 0.097969"
971,H,0.776561,-12.80699,-0.469888,26,['967'],,"0.001129, -0.085813, -0.128208"
972,H,1.442245,-11.884303,1.703389,28,['968'],,"-0.047607, -0.000908, 0.037838"
973,H,0.039151,-12.929281,1.937944,28,['968'],,"-0.007932, -0.065417, 0.118725"
974,H,1.606365,-10.351807,-0.320822,30,['969'],,"-0.003272, 0.013800, 0.015973"
975,H,-0.100574,-9.817308,-0.460429,30,['969'],,"-0.031709, 0.007373, 0.023832"
976,H,0.674334,-10.722825,-1.795514,30,['969'],,"-0.019858, -0.003361, 0.041560"
977,H,-0.144482,-10.890967,3.330631,32,['970'],,"0.031572, -0.061993, 0.104508"
978,H,-1.467904,-10.873406,2.128446,32,['970'],,"0.024295, -0.017603, 0.018662"
979,H,-0.032552,-9.812604,1.912933,32,['970'],,"-0.001789, -0.031341, 0.011677"
980,N,-2.147921,-11.285374,-2.555681,7,"['963', '981', '984']",,"-0.100522, 0.131648, 0.236350"
981,CA,-2.326416,-11.055699,-3.980822,8,"['980', '982', '985', '986']",,"-0.400929, -0.444837, 0.343255"
982,C,-1.67012,-9.723885,-4.366397,9,"['981', '983', '995']",,"0.052921, -0.401659, -0.243520"
983,O,-1.86144,-8.69604,-3.709874,11,['982'],,"0.158511, -0.281601, -0.356379"
984,HN,-2.459915,-10.509835,-1.951172,10,['980'],,"-0.098070, 0.266762, 0.289558"
985,H,-1.804502,-11.867447,-4.549512,12,['981'],,"0.212162, -0.304735, -0.170659"
986,C,-3.835902,-11.046185,-4.371812,153,"['981', '987', '991', '992']",,"-0.349068, -0.346296, 0.004429"
987,C,-4.497648,-12.438291,-4.354597,155,"['986', '988', '993', '994']",,"0.593545, 0.372111, 0.057542"
988,C,-5.997668,-12.529443,-4.555919,157,"['987', '989', '990']",,"0.525343, 0.068180, 0.132770"
989,O,-6.761479,-11.566686,-4.285074,158,['988'],,"0.381886, 0.179350, 0.213859"
990,O,-6.476677,-13.624761,-4.958977,158,['988'],,"0.750420, 0.367533, -0.369558"
991,H,-3.947894,-10.596434,-5.380553,154,['986'],,"0.044487, 0.042188, 0.044554"
992,H,-4.393302,-10.376554,-3.688082,154,['986'],,"-0.002381, 0.013646, -0.012996"
993,H,-4.272378,-12.93708,-3.387707,156,['987'],,"0.098292, -0.066644, 0.102630"
994,H,-4.023451,-13.068271,-5.141314,156,['987'],,"0.109872, -0.058589, -0.059207"
995,N,-0.890231,-9.733186,-5.471511,7,"['982', '996', '999']",,"0.101479, -0.334145, -0.113213"
996,CA,-0.243695,-8.595693,-6.110957,8,"['995', '997', '1000', '1001']",,"0.286580, -0.405712, 0.468729"
997,C,-1.099794,-8.217847,-7.319912,9,"['996', '998', '1011']",,"0.188953, 0.278788, 0.300407"
998,O,-1.40023,-9.061763,-8.167249,11,['997'],,"0.207255, 0.398619, 0.172507"
999,HN,-0.839636,-10.59228,-6.035593,10,['995'],,"0.016637, -0.377437, -0.279720"
1000,H,-0.184358,-7.736771,-5.398851,12,['996'],,"0.012839, 0.269634, 0.254783"
1001,C,1.205008,-8.990878,-6.589768,15,"['996', '1002', '1003', '1004']",,"0.241372, -0.033887, -0.011843"
1002,C,1.815596,-7.955709,-7.56933,17,"['1001', '1005', '1006', '1007']",,"0.014095, -0.016159, -0.003211"
1003,C,2.154583,-9.12512,-5.374091,17,"['1001', '1008', '1009', '1010']",,"-0.033491, 0.009579, 0.029842"
1004,H,1.142448,-9.982101,-7.107622,16,['1001'],,"-0.033151, -0.011010, -0.023605"
1005,H,2.832321,-8.258671,-7.902676,18,['1002'],,"0.005553, 0.008488, -0.009428"
1006,H,1.901829,-6.948252,-7.108252,18,['1002'],,"0.021675, 0.000980, 0.002069"
1007,H,1.208274,-7.846012,-8.494966,18,['1002'],,"0.022177, -0.006317, -0.023135"
1008,H,3.136087,-9.560576,-5.667749,18,['1003'],,"0.001564, 0.026308, 0.014284"
1009,H,1.727541,-9.783995,-4.587949,18,['1003'],,"-0.017831, -0.002086, -0.005377"
1010,H,2.364837,-8.141688,-4.89837,18,['1003'],,"0.020222, 0.017511, 0.012299"
1011,N,-1.483925,-6.930852,-7.459114,7,"['997', '1012', '1015']",,"0.030947, 0.119607, 0.283256"
1012,CA,-2.189022,-6.424959,-8.622887,8,"['1011', '1013', '1016', '1017']",,"-0.408530, -0.437775, 0.482332"
1013,C,-1.417396,-5.233193,-9.187337,9,"['1012', '1014', '1026']",,"-0.097599, -0.365504, -0.128387"
1014,O,-1.378324,-4.143999,-8.604854,11,['1013'],,"-0.061091, -0.288517, -0.368290"
1015,HN,-1.354489,-6.251979,-6.694625,10,['1011'],,"-0.065099, 0.266088, 0.360478"
1016,H,-2.240574,-7.225286,-9.403412,12,['1012'],,"-0.070336, -0.368758, -0.243498"
1017,C,-3.626612,-6.013707,-8.219442,153,"['1012', '1018', '1022', '1023']",,"-0.359819, 0.154932, -0.162985"
1018,C,-4.501226,-5.582967,-9.406364,155,"['1017', '1019', '1024', '1025']",,"0.662039, -0.262725, 0.217212"
1019,C,-5.909566,-5.188781,-9.032769,157,"['1018', '1020', '1021']",,"0.369139, -0.264764, -0.228198"
1020,O,-6.077271,-4.257279,-8.195026,158,['1019'],,"0.693748, -0.391865, -0.483902"
1021,O,-6.859868,-5.783242,-9.602593,158,['1019'],,"0.446712, 0.170333, 0.158523"
1022,H,-3.56251,-5.17113,-7.49588,154,['1017'],,"0.096673, 0.041966, 0.033167"
1023,H,-4.118284,-6.862811,-7.688912,154,['1017'],,"0.077793, -0.018818, 0.043608"
1024,H,-4.554519,-6.402415,-10.153061,156,['1018'],,"0.093984, -0.114426, -0.061133"
1025,H,-4.041378,-4.712043,-9.924861,156,['1018'],,"0.099829, 0.080593, -0.101572"
1026,N,-0.751972,-5.451957,-10.343432,7,"['1013', '1027', '1030']",,"-0.005934, -0.180412, -0.065184"
1027,CA,-0.060548,-4.405698,-11.084068,8,"['1026', '1028', '1031', '1032']",,"0.261757, -0.389912, 0.081364"
1028,C,-1.097098,-3.526223,-11.786462,9,"['1027', '1029', '1046']",,"0.268105, 0.139547, -0.031961"
1029,O,-2.183055,-3.988302,-12.152437,11,['1028'],,"0.231429, 0.055181, 0.062119"
1030,HN,-0.79043,-6.378984,-10.786501,10,['1026'],,"-0.032328, -0.110656, -0.034267"
1031,H,0.500749,-3.763127,-10.358354,12,['1027'],,"0.161180, 0.202363, 0.281763"
1032,C,0.909338,-4.988794,-12.151196,61,"['1027', '1033', '1039', '1040']",,"0.248087, 0.005774, -0.121348"
1033,C,2.063526,-5.726748,-11.508988,63,"['1032', '1034', '1035']",,"-0.031585, 0.086582, 0.101033"
1034,C,2.089181,-7.129098,-11.440935,64,"['1033', '1036', '1041']",,"-0.059650, -0.017065, 0.023100"
1035,C,3.140862,-5.010238,-10.957702,64,"['1033', '1037', '1042']",,"-0.001774, 0.171408, 0.069613"
1036,C,3.158697,-7.789589,-10.831127,66,"['1034', '1038', '1043']",,"-0.071734, 0.069066, 0.092189"
1037,C,4.224792,-5.672454,-10.372732,66,"['1035', '1038', '1044']",,"-0.008749, 0.107721, 0.033923"
1038,C,4.236682,-7.068009,-10.310323,68,"['1036', '1037', '1045']",,"-0.005023, 0.054881, 0.015110"
1039,H,1.311425,-4.163079,-12.783319,62,['1032'],,"-0.042201, 0.049786, -0.048861"
1040,H,0.357673,-5.654298,-12.853694,62,['1032'],,"-0.032077, 0.033488, -0.017242"
1041,H,1.257075,-7.730002,-11.846294,65,['1034'],,"-0.007257, -0.127680, -0.071894"
1042,H,3.151181,-3.908712,-10.987382,65,['1035'],,"0.037749, 0.158171, 0.136985"
1043,H,3.127839,-8.883079,-10.735452,67,['1036'],,"-0.044494, -0.007156, 0.083142"
1044,H,5.06488,-5.083998,-9.967917,67,['1037'],,"0.051343, 0.112274, -0.020602"
1045,H,5.078168,-7.595426,-9.833625,69,['1038'],,"-0.003747, -0.016207, -0.001306"
1046,N,-0.723881,-2.239761,-11.98667,7,"['1028', '1047', '1050']",,"0.134590, 0.025415, -0.051532"
1047,CA,-1.491109,-1.289973,-12.786927,8,"['1046', '1048', '1051', '1052']",,"-0.163577, 0.188115, 0.578013"
1048,C,-0.899377,-1.289355,-14.210289,9,"['1047', '1049', '1058']",,"-0.171186, 0.130645, -0.037821"
1049,O,0.084201,-1.975419,-14.486859,11,['1048'],,"-0.064127, 0.128297, -0.012010"
1050,HN,0.236872,-1.938455,-11.771294,10,['1046'],,"0.117854, 0.036978, -0.028105"
1051,H,-2.526401,-1.688427,-12.886719,12,['1047'],,"-0.362825, -0.120976, -0.091894"
1052,C,-1.55754,0.092063,-12.079519,137,"['1047', '1053', '1056', '1057']",,"0.461262, -0.079194, 0.229686"
1053,C,-2.822503,0.888618,-12.373103,139,"['1052', '1054', '1055']",,"0.469132, -0.236077, 0.059917"
1054,O,-3.492609,0.605565,-13.391053,140,['1053'],,"0.280185, 0.000091, 0.101779"
1055,O,-3.209447,1.741361,-11.529573,140,['1053'],,"0.556446, -0.272139, -0.407019"
1056,H,-0.662039,0.69159,-12.360322,138,['1052'],,"0.240805, 0.062213, -0.079262"
1057,H,-1.502106,-0.047833,-10.981971,138,['1052'],,"0.110661, -0.099757, 0.096360"
1058,N,-1.570291,-0.577763,-15.148779,7,"['1048', '1059', '1062']",,"-0.272899, 0.108085, 0.100219"
1059,CA,-1.272245,-0.531978,-16.574139,8,"['1058', '1060', '1063', '1064']",,"-0.385711, -0.257990, 0.155390"
1060,C,0.018787,0.217851,-16.964024,9,"['1059', '1061', '1080']",,"-0.056239, 0.013790, 0.427200"
1061,O,0.43073,0.161819,-18.133551,11,['1060'],,"0.130226, -0.103460, 0.647934"
1062,HN,-2.344877,0.027343,-14.845789,10,['1058'],,"-0.268595, 0.200265, 0.233793"
1063,H,-1.078895,-1.580056,-16.915233,12,['1059'],,"0.139220, -0.335798, -0.132327"
1064,C,-2.492215,0.049181,-17.369207,182,"['1059', '1065', '1069', '1070']",,"0.029935, 0.078521, -0.150310"
1065,C,-3.760573,-0.855785,-17.355915,184,"['1064', '1066', '1071', '1072']",,"0.271587, -0.028586, 0.008694"
1066,C,-5.066878,-0.076763,-17.061104,186,"['1065', '1067', '1073', '1074']",,"0.436725, 0.242899, 0.339742"
1067,C,-6.361897,-0.89036,-17.291636,188,"['1066', '1068', '1075', '1076']",,"0.081065, 0.099890, -0.329928"
1068,N,-6.586169,-1.194573,-18.701038,190,"['1067', '1077', '1078', '1079']",,"-0.111507, -0.139054, -0.194456"
1069,H,-2.189006,0.21455,-18.428221,183,['1064'],,"0.054450, 0.001544, 0.026543"
1070,H,-2.708595,1.071139,-16.97257,183,['1064'],,"0.078131, 0.060789, 0.029852"
1071,H,-3.638433,-1.667502,-16.600186,185,['1065'],,"0.053956, -0.010179, 0.014835"
1072,H,-3.805032,-1.383053,-18.340618,185,['1065'],,"0.123201, -0.008570, -0.044941"
1073,H,-5.104468,0.853566,-17.676491,187,['1066'],,"0.041804, 0.071454, 0.018709"
1074,H,-5.045405,0.276007,-15.999609,187,['1066'],,"0.004836, 0.072864, 0.133637"
1075,H,-7.244264,-0.318992,-16.914934,189,['1067'],,"-0.068094, 0.006645, -0.053644"
1076,H,-6.329199,-1.842543,-16.716334,189,['1067'],,"-0.007328, 0.086977, -0.118857"
1077,HN,-7.415515,-1.759023,-18.854585,191,['1068'],,"-0.185684, -0.022720, -0.157592"
1078,HN,-5.817205,-1.693154,-19.137173,191,['1068'],,"-0.021941, -0.051107, -0.021388"
1079,HN,-6.757577,-0.359115,-19.247426,191,['1068'],,"-0.044005, -0.062022, 0.005058"
1080,N,0.611555,1.026463,-16.059475,1,"['1060', '1081', '1084']",,"-0.104016, 0.108015, 0.362606"
1081,CA,1.899574,1.667771,-16.241845,2,"['1080', '1082', '1085', '1086']",,"-0.655181, 0.123154, -0.155896"
1082,C,3.068353,0.770203,-15.833677,3,"['1081', '1083', '1087']",,"-0.084341, 0.486051, -0.063586"
1083,O,2.959935,-0.460307,-15.762246,5,['1082'],,"-0.171895, 0.344478, 0.178341"
1084,HN,0.184399,1.239891,-15.147988,4,['1080'],,"-0.083366, 0.108421, 0.264642"
1085,H,2.044741,1.96082,-17.30743,6,['1081'],,"0.021115, 0.050668, -0.197910"
1086,H,1.929827,2.615651,-15.658908,6,['1081'],,"0.035796, 0.158393, 0.094547"
1087,N,4.237098,1.420189,-15.58612,7,"['1082', '1088', '1091']",,"0.003527, 0.344249, -0.097619"
1088,CA,5.460997,0.822565,-15.06448,8,"['1087', '1089', '1092', '1093']",,"-0.080174, 0.458591, -0.413445"
1089,C,5.188802,0.02453,-13.786656,9,"['1088', '1090', '1104']",,"0.142958, -0.104640, -0.325324"
1090,O,4.656397,0.534282,-12.79683,11,['1089'],,"0.170747, -0.301475, -0.172555"
1091,HN,4.31703,2.397361,-15.901791,10,['1087'],,"0.030577, 0.353243, -0.203556"
1092,H,5.832848,0.108515,-15.841053,12,['1088'],,"0.097864, -0.169880, -0.266046"
1093,C,6.583961,1.874089,-14.766387,167,"['1088', '1094', '1098', '1099']",,"0.332173, 0.106510, -0.318149"
1094,C,7.382196,2.293939,-16.01953,169,"['1093', '1095', '1100', '1101']",,"0.090141, -0.048044, 0.068905"
1095,C,7.913675,3.722882,-15.98772,171,"['1094', '1096', '1097']",,"0.285039, -0.155229, 0.072096"
1096,O,7.205332,4.671424,-16.339646,172,['1095'],,"0.387912, -0.026307, 0.204857"
1097,N,9.203033,3.871369,-15.627004,173,"['1095', '1102', '1103']",,"0.224068, -0.129386, 0.028853"
1098,H,7.308114,1.482893,-14.00893,168,['1093'],,"0.000703, 0.017310, 0.064073"
1099,H,6.114914,2.77181,-14.298434,168,['1093'],,"-0.056794, -0.037458, 0.043832"
1100,H,6.729716,2.223308,-16.916824,170,['1094'],,"0.020568, 0.018666, -0.152963"
1101,H,8.212802,1.57386,-16.211616,170,['1094'],,"0.114305, -0.061794, -0.046131"
1102,HN,9.770085,3.04042,-15.395174,174,['1097'],,"0.237599, -0.253666, 0.045906"
1103,HN,9.608368,4.816813,-15.624142,174,['1097'],,"0.053892, 0.008155, 0.008762"
1104,N,5.634439,-1.252132,-13.79837,7,"['1089', '1105', '1108']",,"-0.051555, -0.060200, -0.362233"
1105,CA,5.561198,-2.216387,-12.724343,8,"['1104', '1106', '1109', '1110']",,"-0.445097, -0.015442, -0.310949"
1106,C,6.762771,-2.172739,-11.763044,9,"['1105', '1107', '1128']",,"-0.027092, 0.174433, -0.298931"
1107,O,6.734414,-2.868531,-10.742012,11,['1106'],,"0.119244, 0.058517, -0.411423"
1108,HN,6.149219,-1.58785,-14.620699,10,['1104'],,"0.209619, -0.176295, -0.296916"
1109,H,4.678668,-1.968412,-12.082553,12,['1105'],,"-0.283979, 0.123410, 0.287068"
1110,C,5.392443,-3.66459,-13.300126,202,"['1105', '1111', '1117', '1118']",,"0.001946, -0.168315, 0.036493"
1111,C,4.139203,-3.869699,-14.188895,204,"['1110', '1112', '1119', '1120']",,"0.161580, 0.412666, 0.168997"
1112,C,3.951827,-5.328091,-14.658352,206,"['1111', '1113', '1121', '1122']",,"0.258199, 0.289949, 0.050799"
1113,N,2.643431,-5.505222,-15.276305,208,"['1112', '1114', '1123']",,"0.144168, -0.012984, 0.108047"
1114,C,1.897958,-6.619942,-15.211953,210,"['1113', '1115', '1116']",,"-0.221315, -0.047535, -0.035925"
1115,N,2.333731,-7.78703,-14.721908,211,"['1114', '1124', '1125']",,"-0.134782, -0.045071, -0.008688"
1116,N,0.654851,-6.539273,-15.684955,211,"['1114', '1126', '1127']",,"-0.184393, -0.084402, -0.046823"
1117,H,5.356187,-4.372963,-12.44098,203,['1110'],,"0.011765, 0.031320, 0.080977"
1118,H,6.313175,-3.938449,-13.867633,203,['1110'],,"0.070127, 0.010214, -0.018809"
1119,H,4.206633,-3.202046,-15.079368,205,['1111'],,"0.050822, 0.116848, -0.084292"
1120,H,3.245665,-3.519154,-13.623129,205,['1111'],,"-0.027878, 0.046660, -0.003554"
1121,H,4.066711,-6.004943,-13.783072,207,['1112'],,"0.098397, 0.072515, 0.187516"
1122,H,4.747706,-5.600513,-15.38939,207,['1112'],,"0.145869, -0.003568, -0.109040"
1123,HN,2.263687,-4.675363,-15.755971,209,['1113'],,"-0.065561, 0.025352, -0.025804"
1124,HN,3.301641,-7.887487,-14.393513,212,['1115'],,"-0.083971, 0.062734, -0.056574"
1125,HN,1.69399,-8.594799,-14.685611,212,['1115'],,"-0.205727, -0.060012, -0.005473"
1126,HN,0.264542,-5.664761,-16.057636,212,['1116'],,"-0.073057, -0.071586, -0.011347"
1127,HN,0.041505,-7.36141,-15.62365,212,['1116'],,"-0.089699, -0.328975, 0.097356"
1128,N,7.822725,-1.371105,-12.041131,7,"['1106', '1129', '1132']",,"0.046274, 0.133371, -0.211216"
1129,CA,8.989462,-1.186716,-11.179647,8,"['1128', '1130', '1133', '1134']",,"-0.390702, -0.362438, 0.027788"
1130,C,9.351572,0.313795,-11.170071,9,"['1129', '1131', '1142']",,"0.232743, -0.177171, 0.247456"
1131,O,9.057605,1.028248,-12.133918,11,['1130'],,"0.161309, -0.031980, 0.170833"
1132,HN,7.818241,-0.718089,-12.835841,10,['1128'],,"0.024800, 0.215964, -0.134813"
1133,H,8.706969,-1.462723,-10.13423,12,['1129'],,"-0.049531, -0.120974, 0.451239"
1134,C,10.202265,-2.077224,-11.607541,37,"['1129', '1135', '1136', '1137']",,"0.078246, -0.515400, 0.061636"
1135,OH,10.639664,-1.755706,-12.928877,39,"['1134', '1138']",,"0.208041, 0.007115, 0.398245"
1136,C,9.905289,-3.59238,-11.609741,41,"['1134', '1139', '1140', '1141']",,"-0.042737, -0.142357, -0.033965"
1137,H,11.044264,-1.861707,-10.901795,38,['1134'],,"0.024362, 0.069251, 0.016623"
1138,HO,11.581568,-1.601459,-12.859911,40,['1135'],,"0.293325, 0.060747, 0.030355"
1139,H,10.805777,-4.178557,-11.898095,42,['1136'],,"0.002408, 0.028094, -0.019057"
1140,H,9.098952,-3.864936,-12.327285,42,['1136'],,"-0.007389, 0.029974, -0.069975"
1141,H,9.594609,-3.938591,-10.599311,42,['1136'],,"0.012948, 0.062081, -0.031930"
1142,N,9.931865,0.80995,-10.042487,7,"['1130', '1143', '1146']",,"0.076381, -0.253330, 0.170007"
1143,CA,10.386579,2.194631,-9.872454,8,"['1142', '1144', '1147', '1148']",,"-0.657049, -0.218987, 0.341105"
1144,C,11.898698,2.279256,-10.140325,9,"['1143', '1145', '1154']",,"-0.265551, 0.098288, 0.077169"
1145,O,12.567406,1.283885,-10.42928,11,['1144'],,"-0.219184, 0.159356, -0.075890"
1146,HN,10.15652,0.181513,-9.256224,10,['1142'],,"0.037189, -0.230200, 0.278842"
1147,H,9.899677,2.824468,-10.656721,12,['1143'],,"-0.174500, 0.153832, -0.329284"
1148,C,9.991347,2.751209,-8.468839,137,"['1143', '1149', '1152', '1153']",,"-0.435671, 0.302292, -0.330371"
1149,C,10.667311,2.196684,-7.236956,139,"['1148', '1150', '1151']",,"-0.255663, 0.122549, -0.391481"
1150,O,11.540036,1.300087,-7.364948,140,['1149'],,"-0.236042, 0.192108, -0.065194"
1151,O,10.362257,2.672675,-6.109507,140,['1149'],,"-0.203533, 0.067593, -0.834360"
1152,H,8.895388,2.615839,-8.33113,138,['1148'],,"-0.162798, -0.024313, -0.084292"
1153,H,10.138224,3.856984,-8.456402,138,['1148'],,"-0.081496, 0.117516, -0.052978"
1154,N,12.461774,3.511617,-10.007058,7,"['1144', '1155', '1158']",,"-0.094894, 0.102907, -0.083778"
1155,CA,13.884843,3.797769,-10.140895,8,"['1154', '1156', '1159', '1160']",,"-0.113559, 0.238417, -0.457303"
1156,C,14.806461,3.179206,-9.071535,9,"['1155', '1157', '1176']",,"-0.121265, -0.035826, 0.016978"
1157,O,16.024864,3.291019,-9.198729,11,['1156'],,"-0.119613, -0.054794, 0.002323"
1158,HN,11.86008,4.324151,-9.821265,10,['1154'],,"-0.039271, 0.069651, 0.012584"
1159,H,14.229327,3.300935,-11.084925,12,['1155'],,"0.148690, -0.197493, -0.268599"
1160,C,14.170251,5.330111,-10.285277,182,"['1155', '1161', '1165', '1166']",,"0.182993, 0.150203, -0.172649"
1161,C,13.802463,6.22657,-9.074951,184,"['1160', '1162', '1167', '1168']",,"0.073487, -0.129455, -0.025689"
1162,C,14.201796,7.715504,-9.278406,186,"['1161', '1163', '1169', '1170']",,"-0.078420, -0.343329, -0.320366"
1163,C,13.736728,8.639495,-8.121754,188,"['1162', '1164', '1171', '1172']",,"0.240801, 0.307426, -0.091432"
1164,N,14.487959,9.884835,-8.019529,190,"['1163', '1173', '1174', '1175']",,"0.126837, 0.235160, -0.084634"
1165,H,13.667989,5.711822,-11.205889,183,['1160'],,"0.039385, 0.025653, -0.068564"
1166,H,15.262566,5.438457,-10.496944,183,['1160'],,"0.054418, -0.072169, -0.003956"
1167,H,14.313733,5.82953,-8.163957,185,['1161'],,"0.018412, -0.037446, 0.045020"
1168,H,12.709906,6.162561,-8.866015,185,['1161'],,"0.031044, 0.044104, 0.021949"
1169,H,13.788568,8.100486,-10.243379,187,['1162'],,"-0.097709, 0.072816, -0.150674"
1170,H,15.310446,7.764035,-9.39328,187,['1162'],,"0.036225, 0.018290, -0.070344"
1171,H,13.865913,8.104675,-7.153012,189,['1163'],,"0.033550, 0.084207, 0.008018"
1172,H,12.652969,8.88178,-8.212831,189,['1163'],,"0.029050, 0.071043, 0.022028"
1173,HN,14.362952,10.334829,-7.118499,191,['1164'],,"-0.019596, -0.018790, -0.096211"
1174,HN,14.287804,10.603032,-8.716414,191,['1164'],,"0.136093, 0.317190, -0.146388"
1175,HN,15.480457,9.709726,-8.160344,191,['1164'],,"0.158447, 0.056709, -0.223755"
1176,N,14.260358,2.526885,-8.011845,7,"['1156', '1177', '1180']",,"-0.206252, 0.110861, 0.029018"
1177,CA,15.014397,1.793099,-7.004332,8,"['1176', '1178', '1181', '1182']",,"0.025943, 0.527983, 0.195483"
1178,C,14.912062,0.265698,-7.145185,9,"['1177', '1179', '1197']",,"-0.103436, 0.317158, -0.216684"
1179,O,15.430431,-0.474099,-6.295754,11,['1178'],,"-0.210955, 0.259364, -0.444246"
1180,HN,13.243001,2.404586,-7.909627,10,['1176'],,"-0.297242, -0.109004, 0.059956"
1181,H,16.104724,2.008475,-7.131977,12,['1177'],,"0.400231, 0.063879, -0.122409"
1182,C,14.573353,2.209273,-5.56603,70,"['1177', '1183', '1190', '1191']",,"0.009438, -0.007453, 0.225086"
1183,C,14.758791,3.695319,-5.340084,72,"['1182', '1184', '1185']",,"-0.019018, -0.160557, -0.085806"
1184,C,13.662978,4.573072,-5.299001,73,"['1183', '1186', '1192']",,"-0.030135, -0.133282, -0.025150"
1185,C,16.050814,4.226506,-5.183437,73,"['1183', '1187', '1193']",,"-0.013440, -0.115299, 0.009043"
1186,C,13.854683,5.946255,-5.110046,75,"['1184', '1188', '1194']",,"-0.001347, -0.157574, 0.038921"
1187,C,16.246167,5.600746,-5.014816,75,"['1185', '1188', '1195']",,"-0.008815, -0.111993, -0.023037"
1188,C,15.147854,6.468768,-4.981796,77,"['1186', '1187', '1189']",,"0.025039, -0.061927, 0.015206"
1189,OH,15.31187,7.812267,-4.838387,78,"['1188', '1196']",,"0.030003, -0.026952, 0.086089"
1190,H,15.164722,1.650252,-4.804074,71,['1182'],,"0.020900, -0.066387, -0.006041"
1191,H,13.508924,1.922192,-5.39428,71,['1182'],,"-0.049202, -0.016732, -0.042541"
1192,H,12.637419,4.18395,-5.409063,74,['1184'],,"-0.072373, -0.085522, -0.024861"
1193,H,16.928865,3.559192,-5.205245,74,['1185'],,"0.003945, -0.090280, 0.107762"
1194,H,12.979336,6.613065,-5.057357,76,['1186'],,"0.042038, -0.051023, 0.068408"
1195,H,17.270101,5.993859,-4.908725,76,['1187'],,"-0.013040, 0.006780, 0.028623"
1196,HO,16.20663,8.050823,-4.630706,79,['1189'],,"0.058661, 0.020563, 0.021546"
1197,N,14.218998,-0.252287,-8.19,1,"['1178', '1198', '1201']",,"-0.031716, 0.184028, -0.353804"
1198,CA,13.982755,-1.666059,-8.361111,2,"['1197', '1199', '1202', '1203']",,"0.469685, 0.263124, -0.316100"
1199,C,13.046177,-2.284441,-7.329511,3,"['1198', '1200', '1204']",,"-0.007144, 0.385655, -0.272203"
1200,O,13.254252,-3.424663,-6.889446,5,['1199'],,"-0.155678, 0.378784, -0.422555"
1201,HN,13.767313,0.336856,-8.903694,4,['1197'],,"-0.137565, 0.192267, -0.178701"
1202,H,13.539132,-1.86201,-9.362669,6,['1198'],,"-0.066703, -0.124357, -0.173691"
1203,H,14.938604,-2.230166,-8.352196,6,['1198'],,"0.124241, -0.124868, -0.008658"
1204,N,12.023592,-1.514385,-6.887048,7,"['1199', '1205', '1208']",,"-0.054939, 0.378804, -0.095164"
1205,CA,10.889859,-1.978323,-6.108469,8,"['1204', '1206', '1209', '1210']",,"0.483627, 0.178880, 0.244715"
1206,C,9.733188,-2.186057,-7.097804,9,"['1205', '1207', '1228']",,"0.067341, -0.186286, 0.328768"
1207,O,9.558239,-1.412084,-8.044225,11,['1206'],,"0.014740, -0.213521, 0.303575"
1208,HN,11.927863,-0.537897,-7.207575,10,['1204'],,"-0.077908, 0.491657, -0.106849"
1209,H,11.152014,-2.956734,-5.638677,12,['1205'],,"0.039824, -0.419203, 0.201409"
1210,C,10.446121,-0.958314,-5.01293,202,"['1205', '1211', '1217', '1218']",,"-0.088820, 0.039817, 0.081532"
1211,C,11.564802,-0.570238,-4.016582,204,"['1210', '1212', '1219', '1220']",,"0.107627, -0.222241, -0.235678"
1212,C,11.107695,0.426601,-2.928372,206,"['1211', '1213', '1221', '1222']",,"0.127085, -0.189761, -0.123881"
1213,N,10.745345,1.718861,-3.49021,208,"['1212', '1214', '1223']",,"0.066527, -0.153907, -0.129879"
1214,C,10.543628,2.869505,-2.842503,210,"['1213', '1215', '1216']",,"0.020015, -0.020427, -0.269899"
1215,N,10.590513,2.959208,-1.506986,211,"['1214', '1224', '1225']",,"0.058427, -0.063918, -0.110111"
1216,N,10.279382,3.959139,-3.573424,211,"['1214', '1226', '1227']",,"-0.000734, -0.076536, -0.226539"
1217,H,9.580521,-1.394069,-4.457855,203,['1210'],,"-0.007643, -0.018114, -0.029255"
1218,H,10.042071,-0.052864,-5.527307,203,['1210'],,"-0.003070, 0.030119, -0.093067"
1219,H,12.424267,-0.12976,-4.575479,205,['1211'],,"0.049549, 0.018823, -0.067971"
1220,H,11.960949,-1.488387,-3.527313,205,['1211'],,"-0.012259, 0.003434, 0.008227"
1221,H,11.9228,0.555017,-2.177729,207,['1212'],,"0.284242, -0.079440, 0.091368"
1222,H,10.245242,-0.000823,-2.36834,207,['1212'],,"-0.052907, -0.113062, 0.041794"
1223,HN,10.685483,1.79365,-4.516235,209,['1213'],,"-0.080188, 0.240633, -0.461797"
1224,HN,10.747707,2.114556,-0.941011,212,['1215'],,"0.005431, -0.036361, -0.030142"
1225,HN,10.484241,3.867476,-1.03801,212,['1215'],,"0.031177, -0.047823, -0.061449"
1226,HN,10.223237,3.837458,-4.599962,212,['1216'],,"0.008660, -0.260461, -0.329648"
1227,HN,10.155635,4.889281,-3.155033,212,['1216'],,"0.025848, -0.093224, -0.075631"
1228,N,8.916194,-3.238439,-6.86777,1,"['1206', '1229', '1232']",,"0.059720, -0.192842, 0.221736"
1229,CA,7.686054,-3.490231,-7.582615,2,"['1228', '1230', '1233', '1234']",,"0.614406, -0.246558, 0.017228"
1230,C,6.622561,-2.491595,-7.144851,3,"['1229', '1231', '1235']",,"0.093474, -0.107289, -0.483817"
1231,O,6.435715,-2.259675,-5.947003,5,['1230'],,"-0.032858, -0.022424, -0.457273"
1232,HN,9.043424,-3.801753,-6.017169,4,['1228'],,"0.127499, -0.082586, 0.365200"
1233,H,7.860617,-3.448289,-8.682082,6,['1229'],,"0.003194, 0.030843, -0.254126"
1234,H,7.305115,-4.509284,-7.35732,6,['1229'],,"-0.117380, -0.116628, -0.003878"
1235,N,5.864249,-1.928799,-8.108207,7,"['1230', '1236', '1239']",,"0.030479, 0.046737, -0.286826"
1236,CA,4.760834,-1.008554,-7.887091,8,"['1235', '1237', '1240', '1241']",,"0.476165, 0.379477, -0.194546"
1237,C,3.46843,-1.78361,-8.143859,9,"['1236', '1238', '1254']",,"0.104573, 0.215986, 0.221634"
1238,O,3.248984,-2.299244,-9.242268,11,['1237'],,"0.036587, 0.128277, 0.192816"
1239,HN,5.94699,-2.266505,-9.075438,10,['1235'],,"0.070015, -0.138855, -0.345186"
1240,H,4.764719,-0.657743,-6.825941,12,['1236'],,"0.032068, 0.109777, 0.450090"
1241,C,4.864179,0.204166,-8.859775,19,"['1236', '1242', '1245', '1246']",,"0.084405, 0.238119, -0.131999"
1242,C,6.122288,1.099157,-8.655224,21,"['1241', '1243', '1244', '1247']",,"0.037485, -0.028882, -0.001751"
1243,C,6.177025,2.165852,-9.779537,23,"['1242', '1248', '1249', '1250']",,"0.013168, -0.019234, -0.057806"
1244,C,6.07449,1.798811,-7.272605,23,"['1242', '1251', '1252', '1253']",,"0.013054, -0.017101, 0.002802"
1245,H,3.945577,0.824308,-8.757063,20,['1241'],,"0.016092, 0.004215, -0.018910"
1246,H,4.834058,-0.176496,-9.90952,20,['1241'],,"-0.046992, -0.006547, -0.059107"
1247,H,7.047243,0.472093,-8.71537,22,['1242'],,"0.019825, -0.032056, 0.011130"
1248,H,7.071388,2.821568,-9.691329,24,['1243'],,"-0.033513, 0.003181, -0.018786"
1249,H,5.283827,2.83033,-9.773954,24,['1243'],,"0.016994, -0.011713, 0.003426"
1250,H,6.228444,1.693248,-10.787393,24,['1243'],,"-0.016889, -0.034967, -0.054932"
1251,H,6.96786,2.439781,-7.101785,24,['1244'],,"-0.010380, 0.000718, 0.016968"
1252,H,6.053399,1.066131,-6.435945,24,['1244'],,"-0.017053, -0.017836, 0.021971"
1253,H,5.178766,2.449999,-7.158776,24,['1244'],,"0.019592, -0.007928, -0.000848"
1254,N,2.607896,-1.901907,-7.104849,7,"['1237', '1255', '1258']",,"0.125795, 0.073544, 0.137895"
1255,CA,1.365324,-2.654471,-7.169718,8,"['1254', '1256', '1259', '1260']",,"0.577794, -0.336868, -0.418787"
1256,C,0.416473,-2.257529,-6.030967,9,"['1255', '1257', '1264']",,"-0.225285, -0.310881, -0.404060"
1257,O,0.783371,-1.55269,-5.080359,11,['1256'],,"-0.145014, -0.410343, -0.220056"
1258,HN,2.803103,-1.460893,-6.193851,10,['1254'],,"0.019908, 0.087910, 0.223771"
1259,H,0.850322,-2.422055,-8.135349,12,['1255'],,"-0.154252, 0.073286, -0.308980"
1260,C,1.693882,-4.167681,-7.09159,13,"['1255', '1261', '1262', '1263']",,"0.081343, -0.269218, -0.070540"
1261,H,0.776499,-4.789386,-7.17422,14,['1260'],,"-0.004435, 0.023871, -0.009817"
1262,H,2.189454,-4.432581,-6.130461,14,['1260'],,"0.007512, 0.015613, 0.008248"
1263,H,2.368507,-4.476608,-7.922386,14,['1260'],,"0.026225, 0.053255, -0.062204"
1264,N,-0.838824,-2.747298,-6.138505,7,"['1256', '1265', '1268']",,"-0.086233, -0.115126, -0.287527"
1265,CA,-1.854106,-2.780943,-5.105785,8,"['1264', '1266', '1269', '1270']",,"-0.139500, 0.379625, -0.419659"
1266,C,-1.765113,-4.178221,-4.488076,9,"['1265', '1267', '1285']",,"-0.059401, 0.310713, 0.270797"
1267,O,-1.818704,-5.193296,-5.193837,11,['1266'],,"-0.088919, 0.299110, 0.397381"
1268,HN,-1.096487,-3.277409,-6.981675,10,['1264'],,"-0.121545, -0.245992, -0.366190"
1269,H,-1.622539,-2.015743,-4.33154,12,['1265'],,"0.066844, 0.227817, 0.277469"
1270,C,-3.277,-2.531705,-5.672625,70,"['1265', '1271', '1278', '1279']",,"-0.255214, 0.098123, -0.035227"
1271,C,-3.347402,-1.291326,-6.538841,72,"['1270', '1272', '1273']",,"0.167238, -0.044503, 0.028055"
1272,C,-3.449268,-0.01623,-5.958026,73,"['1271', '1274', '1280']",,"0.059092, 0.006681, 0.096762"
1273,C,-3.392599,-1.397034,-7.939396,73,"['1271', '1275', '1281']",,"0.103180, -0.052818, -0.096097"
1274,C,-3.604522,1.122462,-6.754835,75,"['1272', '1276', '1282']",,"0.120663, -0.053920, -0.011555"
1275,C,-3.552349,-0.259014,-8.732759,75,"['1273', '1276', '1283']",,"0.073548, 0.020032, -0.087884"
1276,C,-3.677683,1.007096,-8.147498,77,"['1274', '1275', '1277']",,"0.123306, 0.111307, -0.243045"
1277,OH,-3.941028,2.105641,-8.906661,78,"['1276', '1284']",,"0.290030, -0.079879, -0.179673"
1278,H,-4.011336,-2.437089,-4.839297,71,['1270'],,"-0.033602, 0.039536, 0.035882"
1279,H,-3.615859,-3.409564,-6.26584,71,['1270'],,"0.014188, -0.022758, 0.003772"
1280,H,-3.431156,0.097295,-4.862254,74,['1272'],,"-0.030309, -0.022402, 0.075137"
1281,H,-3.341723,-2.382453,-8.430925,74,['1273'],,"0.032104, -0.068968, -0.002237"
1282,H,-3.692646,2.106571,-6.270444,76,['1274'],,"0.045041, -0.028091, -0.001680"
1283,H,-3.627787,-0.364513,-9.824524,76,['1275'],,"0.017084, 0.079594, -0.070467"
1284,HO,-3.627393,1.938996,-9.795711,79,['1277'],,"0.158682, -0.028124, -0.487451"
1285,N,-1.513229,-4.240125,-3.163431,7,"['1266', '1286', '1289']",,"0.089706, 0.206001, 0.217645"
1286,CA,-1.321218,-5.477424,-2.419955,8,"['1285', '1287', '1290', '1291']",,"0.469041, 0.260356, -0.234070"
1287,C,-2.63402,-5.765574,-1.691849,9,"['1286', '1288', '1304']",,"0.262234, -0.385287, -0.168451"
1288,O,-3.221046,-4.860201,-1.092279,11,['1287'],,"0.237220, -0.300443, -0.371634"
1289,HN,-1.608872,-3.392807,-2.583148,10,['1285'],,"-0.095336, 0.287006, 0.190876"
1290,H,-1.111198,-6.317946,-3.12738,12,['1286'],,"0.059460, -0.303578, -0.244014"
1291,C,-0.122295,-5.345842,-1.412763,25,"['1286', '1292', '1293', '1295']",,"0.424379, 0.054216, 0.052902"
1292,C,1.199323,-4.901667,-2.126733,27,"['1291', '1294', '1296', '1297']",,"-0.057154, 0.057688, 0.053913"
1293,C,0.112411,-6.675919,-0.646571,29,"['1291', '1298', '1299', '1300']",,"-0.010854, -0.047216, 0.062696"
1294,C,1.623931,-5.763387,-3.328828,31,"['1292', '1301', '1302', '1303']",,"0.020783, 0.012478, 0.049631"
1295,H,-0.38992,-4.558046,-0.661969,26,['1291'],,"-0.054946, -0.006436, 0.033656"
1296,H,2.032128,-4.874624,-1.383912,28,['1292'],,"0.054596, 0.020955, 0.022640"
1297,H,1.092667,-3.845635,-2.470224,28,['1292'],,"-0.001660, 0.011069, -0.003524"
1298,H,0.982273,-6.606438,0.045197,30,['1293'],,"0.014714, -0.001018, 0.022022"
1299,H,0.292168,-7.536645,-1.327787,30,['1293'],,"-0.003122, -0.018385, 0.010714"
1300,H,-0.763988,-6.941656,-0.013792,30,['1293'],,"-0.009989, -0.012876, 0.014503"
1301,H,2.623329,-5.453377,-3.708023,32,['1294'],,"0.006657, -0.013392, 0.014046"
1302,H,0.91193,-5.679065,-4.178853,32,['1294'],,"0.001365, 0.016719, 0.021337"
1303,H,1.69956,-6.838472,-3.059559,32,['1294'],,"0.007436, -0.001954, 0.023305"
1304,N,-3.103502,-7.031848,-1.732871,7,"['1287', '1305', '1308']",,"0.157229, -0.195461, -0.192790"
1305,CA,-4.296016,-7.512082,-1.062294,8,"['1304', '1306', '1309', '1310']",,"-0.017070, 0.273887, -0.468874"
1306,C,-3.909133,-8.609155,-0.067448,9,"['1305', '1307', '1325']",,"-0.339757, 0.241068, 0.137260"
1307,O,-3.082741,-9.479145,-0.361069,11,['1306'],,"-0.208985, 0.250708, 0.287844"
1308,HN,-2.575471,-7.761186,-2.231976,10,['1304'],,"0.199043, -0.299939, -0.267181"
1309,H,-4.743886,-6.664302,-0.492901,12,['1305'],,"-0.198442, 0.317187, 0.258619"
1310,C,-5.340359,-8.078569,-2.058444,70,"['1305', '1311', '1318', '1319']",,"-0.110218, 0.034420, -0.134712"
1311,C,-5.831883,-7.046577,-3.046715,72,"['1310', '1312', '1313']",,"0.141589, 0.067151, 0.023253"
1312,C,-7.05744,-6.398812,-2.836974,73,"['1311', '1314', '1320']",,"0.111148, 0.178784, 0.172652"
1313,C,-5.092153,-6.720386,-4.193238,73,"['1311', '1315', '1321']",,"0.140292, 0.035790, -0.023373"
1314,C,-7.545995,-5.451853,-3.735359,75,"['1312', '1316', '1322']",,"0.111307, 0.135766, 0.053196"
1315,C,-5.575097,-5.7633,-5.086019,75,"['1313', '1316', '1323']",,"0.069549, 0.041038, -0.053726"
1316,C,-6.806598,-5.134518,-4.874948,77,"['1314', '1315', '1317']",,"0.034888, 0.197309, -0.258649"
1317,OH,-7.325057,-4.260287,-5.769616,78,"['1316', '1324']",,"0.068116, -0.054829, -0.182970"
1318,H,-6.208855,-8.491962,-1.498826,71,['1310'],,"0.049569, 0.063105, -0.001765"
1319,H,-4.905958,-8.933846,-2.61296,71,['1310'],,"0.038157, 0.003473, 0.003369"
1320,H,-7.632828,-6.598012,-1.924771,74,['1312'],,"-0.197758, -0.040889, 0.099882"
1321,H,-4.118971,-7.197791,-4.394277,74,['1313'],,"0.110711, -0.003650, 0.025676"
1322,H,-8.516855,-4.964371,-3.546229,76,['1314'],,"-0.064983, 0.026745, 0.020526"
1323,H,-4.984012,-5.503141,-5.970683,76,['1315'],,"-0.015937, 0.045491, -0.066719"
1324,HO,-6.861075,-4.360741,-6.596769,79,['1317'],,"0.200036, -0.018296, -0.431482"
1325,N,-4.599343,-8.595654,1.094886,7,"['1306', '1326', '1329']",,"-0.113062, 0.207447, 0.118975"
1326,CA,-4.528119,-9.517621,2.210461,8,"['1325', '1327', '1330', '1331']",,"0.577457, 0.539004, 0.175280"
1327,C,-5.921833,-10.133947,2.372476,9,"['1326', '1328', '1335']",,"0.392336, -0.256190, -0.027616"
1328,O,-6.872242,-9.469545,2.804603,11,['1327'],,"0.334882, -0.189708, 0.021876"
1329,HN,-5.364939,-7.915542,1.201393,10,['1325'],,"-0.319233, 0.316900, 0.004465"
1330,H,-3.772768,-10.315161,2.007769,12,['1326'],,"0.255842, -0.283480, -0.077470"
1331,C,-4.132776,-8.71897,3.47404,13,"['1326', '1332', '1333', '1334']",,"0.136096, 0.073945, 0.326123"
1332,H,-4.152736,-9.355354,4.38655,14,['1331'],,"0.044810, -0.004958, 0.108329"
1333,H,-4.833238,-7.874612,3.65699,14,['1331'],,"-0.041447, -0.049502, -0.019172"
1334,H,-3.10384,-8.300395,3.393269,14,['1331'],,"0.005084, -0.028524, -0.002245"
1335,N,-6.0718,-11.404518,1.923028,7,"['1327', '1336', '1339']",,"0.388627, -0.241657, 0.041601"
1336,CA,-7.318671,-12.155089,1.85267,8,"['1335', '1337', '1340', '1341']",,"0.389967, -0.373969, 0.687768"
1337,C,-8.442872,-11.383331,1.140126,9,"['1336', '1338', '1347']",,"0.254231, -0.088965, 0.148514"
1338,O,-9.613067,-11.450554,1.525107,11,['1337'],,"0.149395, 0.048652, -0.030819"
1339,HN,-5.237609,-11.969955,1.701691,10,['1335'],,"0.327237, -0.264435, -0.056666"
1340,H,-7.130955,-13.055766,1.218867,12,['1336'],,"0.072516, -0.285814, -0.130819"
1341,C,-7.768039,-12.624776,3.258315,137,"['1336', '1342', '1345', '1346']",,"-0.523146, 0.065066, -0.029991"
1342,C,-6.70235,-13.310248,4.085199,139,"['1341', '1343', '1344']",,"-0.319259, 0.162871, -0.236391"
1343,O,-5.72537,-13.830225,3.487528,140,['1342'],,"-0.425906, 0.368196, -0.228803"
1344,O,-6.821342,-13.305136,5.340415,140,['1342'],,"0.089333, -0.072234, -0.461769"
1345,H,-8.635515,-13.31904,3.165151,138,['1341'],,"-0.162057, -0.091303, -0.074994"
1346,H,-8.134215,-11.738542,3.813773,138,['1341'],,"-0.047560, 0.088444, -0.152123"
1347,N,-8.081425,-10.667392,0.047039,1,"['1337', '1348', '1351']",,"0.151858, -0.079772, -0.011864"
1348,CA,-8.944787,-9.82635,-0.742158,2,"['1347', '1349', '1352', '1353']",,"-0.010673, -0.472764, -0.087491"
1349,C,-9.137839,-8.365225,-0.335696,3,"['1348', '1350', '1354']",,"-0.061460, -0.247951, 0.116126"
1350,O,-9.46819,-7.562699,-1.206728,5,['1349'],,"-0.139919, -0.034742, 0.177892"
1351,HN,-7.100753,-10.6645,-0.264876,4,['1347'],,"0.139686, -0.023868, 0.057304"
1352,H,-8.576904,-9.816363,-1.792423,6,['1348'],,"-0.029098, 0.054685, -0.147383"
1353,H,-9.96477,-10.273949,-0.80148,6,['1348'],,"-0.224425, -0.067464, 0.011483"
1354,N,-8.85388,-7.960664,0.932473,7,"['1349', '1355', '1358']",,"0.036614, -0.158245, 0.228815"
1355,CA,-8.849113,-6.553432,1.368256,8,"['1354', '1356', '1359', '1360']",,"-0.453745, -0.374311, 0.229496"
1356,C,-7.579143,-5.890361,0.809965,9,"['1355', '1357', '1376']",,"-0.371257, 0.124474, 0.035675"
1357,O,-6.494407,-6.466921,0.903379,11,['1356'],,"-0.365095, 0.295306, -0.000796"
1358,HN,-8.474913,-8.626695,1.619857,10,['1354'],,"0.181240, -0.163371, 0.176303"
1359,H,-9.746893,-6.033808,0.946668,12,['1355'],,"-0.409518, 0.147827, -0.199646"
1360,C,-8.806514,-6.420779,2.929997,182,"['1355', '1361', '1365', '1366']",,"-0.017357, 0.075673, 0.179755"
1361,C,-10.076474,-6.862869,3.694179,184,"['1360', '1362', '1367', '1368']",,"-0.038322, 0.101576, -0.160250"
1362,C,-9.816854,-7.324325,5.151957,186,"['1361', '1363', '1369', '1370']",,"-0.065452, -0.052320, -0.402271"
1363,C,-9.319821,-6.224006,6.128486,188,"['1362', '1364', '1371', '1372']",,"-0.100637, -0.246316, 0.532107"
1364,N,-9.381802,-6.66384,7.511465,190,"['1363', '1373', '1374', '1375']",,"-0.010821, -0.310192, 0.295906"
1365,H,-8.601062,-5.354944,3.193396,183,['1360'],,"-0.007749, 0.001562, -0.007295"
1366,H,-7.921009,-7.000495,3.286956,183,['1360'],,"0.073982, -0.053672, -0.041505"
1367,H,-10.56366,-7.694381,3.133379,185,['1361'],,"-0.013609, 0.019843, -0.077988"
1368,H,-10.819939,-6.028243,3.688695,185,['1361'],,"-0.055333, 0.086073, -0.028802"
1369,H,-9.092356,-8.175425,5.148584,187,['1362'],,"0.057560, -0.015310, -0.002191"
1370,H,-10.768326,-7.753362,5.553383,187,['1362'],,"-0.053925, 0.016791, 0.062186"
1371,H,-9.9132,-5.286883,6.039716,189,['1363'],,"0.011349, -0.021124, 0.095901"
1372,H,-8.258982,-5.969197,5.904107,189,['1363'],,"-0.052304, 0.003826, 0.099192"
1373,HN,-8.850055,-6.118654,8.180048,191,['1364'],,"-0.069150, -0.118506, -0.003587"
1374,HN,-8.982084,-7.593964,7.565294,191,['1364'],,"0.195707, -0.476597, 0.228098"
1375,HN,-10.333817,-6.735719,7.858047,191,['1364'],,"-0.115158, 0.045124, -0.018183"
1376,N,-7.66444,-4.661557,0.237478,7,"['1356', '1377', '1380']",,"-0.213068, 0.093673, -0.083592"
1377,CA,-6.483425,-3.958707,-0.274184,8,"['1376', '1378', '1381', '1382']",,"-0.404106, -0.177003, -0.377293"
1378,C,-5.806889,-3.261489,0.918195,9,"['1377', '1379', '1393']",,"0.247616, -0.182428, -0.178646"
1379,O,-6.447382,-2.500422,1.645554,11,['1378'],,"0.052147, -0.262300, -0.165232"
1380,HN,-8.553597,-4.14383,0.217953,10,['1376'],,"-0.142326, 0.099300, 0.007337"
1381,H,-5.785758,-4.712238,-0.717899,12,['1377'],,"0.270469, -0.262288, -0.143989"
1382,C,-6.859442,-2.894858,-1.351189,175,"['1377', '1383', '1386', '1387']",,"0.027270, 0.098437, -0.167762"
1383,C,-5.645121,-2.469926,-2.208442,177,"['1382', '1384', '1388', '1389']",,"-0.211119, -0.121119, 0.097890"
1384,S,-5.888982,-0.911515,-3.105719,179,"['1383', '1385']",,"-0.394664, -0.392276, -0.128558"
1385,C,-7.471657,-1.198948,-3.931464,180,"['1384', '1390', '1391', '1392']",,"-0.138119, -0.069173, 0.026357"
1386,H,-7.324002,-2.017564,-0.844561,176,['1382'],,"-0.109699, 0.058233, 0.097260"
1387,H,-7.651724,-3.299657,-2.021255,176,['1382'],,"-0.096528, -0.052742, -0.015175"
1388,H,-5.400794,-3.284271,-2.928691,178,['1383'],,"0.005590, -0.051788, -0.002772"
1389,H,-4.737483,-2.364388,-1.572305,178,['1383'],,"0.066987, -0.023706, -0.053978"
1390,H,-7.664195,-0.368647,-4.641464,181,['1385'],,"-0.026517, -0.048327, 0.044999"
1391,H,-8.296882,-1.224565,-3.18509,181,['1385'],,"-0.113574, 0.002401, 0.049649"
1392,H,-7.44206,-2.156852,-4.494357,181,['1385'],,"-0.034504, -0.093029, -0.052286"
1393,N,-4.483136,-3.491701,1.078275,7,"['1378', '1394', '1397']",,"0.150208, -0.317218, -0.097279"
1394,CA,-3.629246,-2.922614,2.105232,8,"['1393', '1395', '1398', '1399']",,"-0.115113, -0.577091, 0.155500"
1395,C,-3.507431,-1.407477,1.919352,9,"['1394', '1396', '1409']",,"0.104117, -0.274870, -0.127198"
1396,O,-3.651717,-0.646351,2.876074,11,['1395'],,"0.112021, -0.254459, -0.229672"
1397,HN,-3.993877,-4.059243,0.377952,10,['1393'],,"0.196074, -0.214913, -0.311121"
1398,H,-4.120815,-3.063167,3.096005,12,['1394'],,"-0.116863, 0.008978, 0.401035"
1399,C,-2.202563,-3.581975,2.160982,15,"['1394', '1400', '1401', '1402']",,"0.242782, -0.106295, 0.173773"
1400,C,-1.398694,-3.033778,3.370614,17,"['1399', '1403', '1404', '1405']",,"0.069001, 0.030570, 0.088688"
1401,C,-2.26451,-5.126464,2.282455,17,"['1399', '1406', '1407', '1408']",,"0.017645, 0.015174, 0.021870"
1402,H,-1.666781,-3.322119,1.213177,16,['1399'],,"-0.007115, -0.007609, 0.027862"
1403,H,-0.369104,-3.454568,3.404461,18,['1400'],,"0.069541, 0.001154, 0.030267"
1404,H,-1.889447,-3.268691,4.342525,18,['1400'],,"-0.017955, -0.002379, 0.023347"
1405,H,-1.281738,-1.928644,3.33119,18,['1400'],,"0.020356, 0.039337, 0.037682"
1406,H,-1.243802,-5.572012,2.258197,18,['1401'],,"0.035238, -0.011883, 0.019130"
1407,H,-2.838364,-5.605942,1.46044,18,['1401'],,"0.017578, -0.012476, 0.009036"
1408,H,-2.729591,-5.44298,3.239189,18,['1401'],,"0.025286, 0.017489, 0.011679"
1409,N,-3.258686,-0.973865,0.657025,7,"['1395', '1410', '1413']",,"0.145337, -0.285368, -0.113123"
1410,CA,-3.110649,0.418553,0.261728,8,"['1409', '1411', '1414', '1415']",,"0.317978, -0.142000, -0.097566"
1411,C,-4.293153,1.253065,0.762482,9,"['1410', '1412', '1423']",,"0.006577, -0.160389, -0.108346"
1412,O,-4.112651,2.288968,1.406933,11,['1411'],,"-0.012831, -0.198830, -0.134262"
1413,HN,-3.023049,-1.660447,-0.072496,10,['1409'],,"0.117225, -0.150682, -0.236646"
1414,H,-2.2119,0.826974,0.780454,12,['1410'],,"0.234370, 0.180459, 0.248752"
1415,C,-2.949296,0.622886,-1.278071,147,"['1410', '1416', '1419', '1420']",,"0.085242, 0.212810, -0.184135"
1416,C,-2.009546,-0.328314,-2.010357,149,"['1415', '1417', '1418']",,"0.130635, 0.446228, -0.154147"
1417,O,-2.060604,-1.54756,-1.802712,150,['1416'],,"0.090080, 0.388371, -0.118090"
1418,N,-1.227581,0.210257,-2.965662,151,"['1416', '1421', '1422']",,"0.118313, 0.301384, -0.137754"
1419,H,-2.617725,1.674316,-1.445658,148,['1415'],,"0.029731, 0.071041, -0.013710"
1420,H,-3.934823,0.558516,-1.790272,148,['1415'],,"-0.030858, 0.030103, -0.010645"
1421,HN,-1.229577,1.22793,-3.153501,152,['1418'],,"0.102971, 0.396619, -0.178279"
1422,HN,-0.612929,-0.412538,-3.507555,152,['1418'],,"0.063997, 0.049830, -0.057504"
1423,N,-5.527026,0.7784,0.439771,7,"['1411', '1424', '1427']",,"-0.070116, -0.078354, -0.181683"
1424,CA,-6.770931,1.418255,0.812631,8,"['1423', '1425', '1428', '1429']",,"-0.159604, -0.033950, -0.695185"
1425,C,-6.978741,1.436721,2.323101,9,"['1424', '1426', '1438']",,"0.057248, -0.309534, -0.183972"
1426,O,-7.386416,2.464712,2.864147,11,['1425'],,"0.062665, -0.381595, -0.289991"
1427,HN,-5.622924,-0.067422,-0.136882,10,['1423'],,"-0.011063, -0.103246, -0.073081"
1428,H,-6.712416,2.490111,0.510646,12,['1424'],,"0.008925, 0.331256, -0.003176"
1429,C,-7.985663,0.7353,0.130143,153,"['1424', '1430', '1434', '1435']",,"-0.755578, 0.046823, -0.170836"
1430,C,-9.32197,1.465167,0.388673,155,"['1429', '1431', '1436', '1437']",,"0.428494, -0.053836, -0.041074"
1431,C,-10.552718,0.644873,0.055706,157,"['1430', '1432', '1433']",,"0.233392, 0.074144, -0.098251"
1432,O,-10.468729,-0.196119,-0.862804,158,['1431'],,"-0.016669, -0.144477, -0.059445"
1433,O,-11.581829,0.848727,0.773928,158,['1431'],,"0.551332, -0.009785, -0.455384"
1434,H,-8.093235,-0.305271,0.523085,154,['1429'],,"-0.035438, -0.041800, 0.003907"
1435,H,-7.843742,0.626683,-0.970031,154,['1429'],,"-0.021286, -0.029844, -0.035453"
1436,H,-9.361024,2.412586,-0.200948,156,['1430'],,"-0.015219, 0.079647, -0.012275"
1437,H,-9.41364,1.764535,1.457941,156,['1430'],,"0.005720, 0.081371, 0.105159"
1438,N,-6.712967,0.301169,3.014538,7,"['1425', '1439', '1442']",,"0.001313, -0.275183, -0.164397"
1439,CA,-6.893613,0.155117,4.448504,8,"['1438', '1440', '1443', '1444']",,"-0.390104, -0.488836, -0.234082"
1440,C,-6.052314,1.140411,5.270857,9,"['1439', '1441', '1448']",,"0.085318, -0.145774, -0.221213"
1441,O,-6.543165,1.707213,6.250056,11,['1440'],,"0.128861, -0.191625, -0.227122"
1442,HN,-6.401758,-0.541511,2.511198,10,['1438'],,"0.067605, -0.244547, -0.137493"
1443,H,-7.955179,0.413486,4.685815,12,['1439'],,"-0.315474, 0.140531, 0.108403"
1444,C,-6.627701,-1.306222,4.883102,13,"['1439', '1445', '1446', '1447']",,"0.011433, -0.220405, 0.038288"
1445,H,-6.805211,-1.442981,5.968621,14,['1444'],,"0.043547, 0.039326, -0.074466"
1446,H,-5.577388,-1.607839,4.664741,14,['1444'],,"0.065178, 0.012526, -0.049503"
1447,H,-7.297891,-2.014268,4.345229,14,['1444'],,"-0.010939, 0.024245, -0.058923"
1448,N,-4.784496,1.380134,4.846576,7,"['1440', '1449', '1452']",,"0.143505, -0.233901, -0.163494"
1449,CA,-3.884832,2.366103,5.431176,8,"['1448', '1450', '1453', '1454']",,"0.366747, -0.529299, -0.004942"
1450,C,-4.443881,3.785579,5.319604,9,"['1449', '1451', '1467']",,"0.122088, -0.287023, -0.246303"
1451,O,-4.455351,4.541442,6.296097,11,['1450'],,"-0.071366, -0.300060, -0.368062"
1452,HN,-4.400398,0.831508,4.065047,10,['1448'],,"0.106096, -0.207414, -0.238493"
1453,H,-3.802688,2.166177,6.526653,12,['1449'],,"-0.020854, -0.011200, 0.367922"
1454,C,-2.473732,2.33112,4.7741,19,"['1449', '1455', '1458', '1459']",,"0.331853, -0.098469, -0.036125"
1455,C,-1.596218,1.128149,5.223482,21,"['1454', '1456', '1457', '1460']",,"0.056504, -0.065853, -0.015032"
1456,C,-0.561096,0.811573,4.119511,23,"['1455', '1461', '1462', '1463']",,"0.154500, -0.038147, -0.003853"
1457,C,-0.872487,1.460607,6.55411,23,"['1455', '1464', '1465', '1466']",,"0.082858, -0.032372, -0.012847"
1458,H,-1.93366,3.28076,4.997442,20,['1454'],,"0.002034, -0.012739, -0.002439"
1459,H,-2.597899,2.333187,3.662746,20,['1454'],,"-0.004508, -0.002706, -0.053797"
1460,H,-2.240434,0.225195,5.365097,22,['1455'],,"0.001220, -0.007137, -0.029388"
1461,H,0.100978,-0.035723,4.408742,24,['1456'],,"0.103645, 0.015818, 0.017297"
1462,H,0.110834,1.672239,3.901919,24,['1456'],,"0.087445, -0.029355, 0.028335"
1463,H,-1.056686,0.522747,3.166389,24,['1456'],,"-0.006276, -0.001073, 0.051340"
1464,H,-0.209907,0.627015,6.881527,24,['1457'],,"0.076949, -0.006901, 0.006783"
1465,H,-1.588649,1.651799,7.383749,24,['1457'],,"0.024682, -0.013632, -0.014479"
1466,H,-0.224602,2.360839,6.465495,24,['1457'],,"0.012247, -0.014121, -0.010578"
1467,N,-4.906019,4.162404,4.101991,7,"['1450', '1468', '1471']",,"0.087287, -0.118361, -0.291082"
1468,CA,-5.49191,5.462135,3.825292,8,"['1467', '1469', '1472', '1473']",,"0.555743, 0.028102, -0.222849"
1469,C,-6.768611,5.670648,4.650639,9,"['1468', '1470', '1483']",,"0.126429, -0.212566, -0.259873"
1470,O,-6.969696,6.723579,5.257378,11,['1469'],,"0.014707, -0.133003, -0.321892"
1471,HN,-4.880489,3.503502,3.310239,10,['1467'],,"0.004575, -0.157344, -0.173690"
1472,H,-4.781418,6.249361,4.175834,12,['1468'],,"0.224001, 0.402628, 0.138600"
1473,C,-5.741615,5.668342,2.290352,15,"['1468', '1474', '1475', '1476']",,"-0.003760, 0.132001, -0.224851"
1474,C,-6.465754,7.001173,2.002962,17,"['1473', '1477', '1478', '1479']",,"0.001969, 0.016363, -0.023495"
1475,C,-4.405703,5.671085,1.506001,17,"['1473', '1480', '1481', '1482']",,"0.018523, -0.013643, 0.054920"
1476,H,-6.378114,4.819647,1.930381,16,['1473'],,"-0.025992, -0.019746, 0.035048"
1477,H,-6.635969,7.155836,0.914428,18,['1474'],,"-0.072741, 0.012824, -0.045379"
1478,H,-5.89841,7.87752,2.390531,18,['1474'],,"0.023763, -0.000892, 0.026284"
1479,H,-7.467305,7.020582,2.480574,18,['1474'],,"-0.016750, 0.020003, -0.015630"
1480,H,-4.578454,5.776261,0.411777,18,['1475'],,"0.015598, -0.001152, 0.032384"
1481,H,-3.837003,4.72625,1.646811,18,['1475'],,"0.011815, -0.067589, -0.033658"
1482,H,-3.741344,6.508519,1.817977,18,['1475'],,"0.001680, 0.017632, 0.009150"
1483,N,-7.638347,4.633258,4.70107,7,"['1469', '1484', '1487']",,"0.078913, -0.261032, -0.298752"
1484,CA,-8.906135,4.630436,5.399187,8,"['1483', '1485', '1488', '1489']",,"0.106294, -0.032278, -0.640819"
1485,C,-8.787417,4.829147,6.911471,9,"['1484', '1486', '1507']",,"0.181431, -0.153563, -0.175864"
1486,O,-9.694014,5.403624,7.518333,11,['1485'],,"0.355723, -0.077822, -0.035921"
1487,HN,-7.428982,3.780603,4.170506,10,['1483'],,"0.073773, -0.334107, -0.269164"
1488,H,-9.461124,5.531754,5.040697,12,['1484'],,"-0.158941, 0.398207, -0.078160"
1489,C,-9.731261,3.342691,5.077835,202,"['1484', '1490', '1496', '1497']",,"-0.109597, -0.105504, -0.105915"
1490,C,-11.130156,3.260595,5.727473,204,"['1489', '1491', '1498', '1499']",,"0.225025, -0.054371, -0.045013"
1491,C,-12.078138,4.380368,5.241444,206,"['1490', '1492', '1500', '1501']",,"0.040187, -0.011869, -0.094450"
1492,N,-13.329038,4.331347,5.977074,208,"['1491', '1493', '1502']",,"-0.039238, 0.098269, -0.043829"
1493,C,-13.618312,4.900882,7.16003,210,"['1492', '1494', '1495']",,"-0.089852, 0.180257, 0.239235"
1494,N,-12.695467,5.478572,7.928824,211,"['1493', '1503', '1504']",,"-0.014371, 0.101120, 0.190589"
1495,N,-14.89168,4.845455,7.555444,211,"['1493', '1505', '1506']",,"-0.037695, 0.157951, 0.164450"
1496,H,-9.140649,2.455943,5.414063,203,['1489'],,"0.054367, 0.002684, 0.005473"
1497,H,-9.834777,3.209978,3.974546,203,['1489'],,"0.028888, -0.037484, -0.027707"
1498,H,-11.011086,3.287932,6.836154,205,['1490'],,"0.041683, 0.056401, 0.018363"
1499,H,-11.561769,2.263038,5.470828,205,['1490'],,"0.016232, -0.030077, -0.088516"
1500,H,-12.288948,4.236997,4.15578,207,['1491'],,"0.007631, -0.027507, -0.143786"
1501,H,-11.626982,5.392905,5.332917,207,['1491'],,"0.128706, 0.163479, -0.065983"
1502,HN,-14.079545,3.904629,5.41172,209,['1492'],,"-0.225500, -0.119655, -0.216639"
1503,HN,-11.705707,5.526458,7.653775,212,['1494'],,"0.088218, -0.010573, 0.023153"
1504,HN,-12.964067,5.869966,8.845715,212,['1494'],,"-0.181277, 0.167888, 0.362817"
1505,HN,-15.605001,4.414135,6.951884,212,['1495'],,"0.062030, 0.049671, 0.027464"
1506,HN,-15.190126,5.406703,8.371766,212,['1495'],,"-0.002623, 0.388350, 0.355168"
1507,N,-7.691608,4.33719,7.547531,7,"['1485', '1508', '1511']",,"0.151584, -0.256356, -0.082940"
1508,CA,-7.409974,4.556109,8.958455,8,"['1507', '1509', '1512', '1513']",,"-0.276988, -0.398057, 0.003625"
1509,C,-6.597322,5.83073,9.24826,9,"['1508', '1510', '1524']",,"-0.134860, -0.137897, -0.201817"
1510,O,-6.20816,6.063708,10.394156,11,['1509'],,"-0.196157, -0.021410, -0.316724"
1511,HN,-6.984316,3.790251,7.035218,10,['1507'],,"0.150710, -0.169563, -0.150602"
1512,H,-8.379509,4.730793,9.483222,12,['1508'],,"-0.359898, 0.108787, 0.191619"
1513,C,-6.704208,3.343595,9.643855,167,"['1508', '1514', '1518', '1519']",,"-0.022434, -0.416497, 0.180605"
1514,C,-7.490237,2.013966,9.634438,169,"['1513', '1515', '1520', '1521']",,"0.143280, 0.030005, -0.135479"
1515,C,-8.824154,2.06999,10.372491,171,"['1514', '1516', '1517']",,"-0.157862, -0.052859, -0.258009"
1516,O,-8.886091,2.297285,11.584991,172,['1515'],,"0.168951, 0.037832, -0.326138"
1517,N,-9.909636,1.788451,9.62126,173,"['1515', '1522', '1523']",,"-0.148698, 0.070055, -0.100033"
1518,H,-6.501226,3.602741,10.712133,168,['1513'],,"-0.001561, 0.117297, 0.040975"
1519,H,-5.704598,3.185175,9.173604,168,['1513'],,"-0.029464, 0.030337, 0.008619"
1520,H,-6.872547,1.244499,10.146388,170,['1514'],,"0.020042, -0.007556, -0.062787"
1521,H,-7.604927,1.651236,8.586244,170,['1514'],,"-0.004754, -0.049845, -0.175843"
1522,HN,-9.820275,1.517483,8.631362,174,['1517'],,"-0.007173, -0.032315, -0.070047"
1523,HN,-10.83753,1.858711,10.063749,174,['1517'],,"-0.272183, 0.001496, 0.013160"
1524,N,-6.283474,6.669918,8.23053,1,"['1509', '1525', '1528']",,"-0.206606, 0.027887, -0.284742"
1525,CA,-5.465457,7.848985,8.403315,2,"['1524', '1526', '1529', '1530']",,"-0.600798, 0.044662, 0.091826"
1526,C,-4.000274,7.591854,8.741564,3,"['1525', '1527', '1531']",,"-0.311579, -0.145472, -0.187468"
1527,O,-3.363306,8.405321,9.415383,5,['1526'],,"-0.058695, -0.279568, -0.262385"
1528,HN,-6.603924,6.525431,7.264,4,['1524'],,"-0.078079, -0.052840, -0.301601"
1529,H,-5.488164,8.469197,7.479557,6,['1525'],,"0.030023, 0.106741, -0.095009"
1530,H,-5.884918,8.492107,9.210136,6,['1525'],,"-0.013923, 0.157814, 0.222861"
1531,N,-3.446516,6.434844,8.30265,7,"['1526', '1532', '1535']",,"-0.106190, -0.265015, 0.016450"
1532,CA,-2.049144,6.058426,8.439061,8,"['1531', '1533', '1536', '1537']",,"-0.147319, -0.280182, 0.509647"
1533,C,-1.235414,6.266455,7.150436,9,"['1532', '1534', '1550']",,"-0.217884, -0.021965, 0.089125"
1534,O,-0.010781,6.127782,7.16624,11,['1533'],,"-0.205585, 0.016622, 0.052324"
1535,HN,-4.00247,5.757413,7.76167,10,['1531'],,"-0.178149, -0.251037, -0.200918"
1536,H,-1.551679,6.748976,9.162453,12,['1532'],,"0.192076, 0.272307, 0.223288"
1537,C,-1.931494,4.596045,8.969634,19,"['1532', '1538', '1541', '1542']",,"0.069905, -0.192220, 0.172095"
1538,C,-2.506056,4.418762,10.411051,21,"['1537', '1539', '1540', '1543']",,"-0.024902, 0.062403, 0.014110"
1539,C,-2.576682,2.91789,10.781224,23,"['1538', '1544', '1545', '1546']",,"-0.004162, 0.035970, 0.001067"
1540,C,-1.638702,5.16501,11.457645,23,"['1538', '1547', '1548', '1549']",,"0.023855, -0.018460, 0.022809"
1541,H,-0.861095,4.284595,8.941859,20,['1537'],,"0.038735, 0.037167, -0.035100"
1542,H,-2.452603,3.912589,8.25652,20,['1537'],,"-0.006602, 0.013984, -0.016040"
1543,H,-3.546863,4.827577,10.445253,22,['1538'],,"-0.022058, 0.028236, -0.008012"
1544,H,-3.071592,2.768737,11.768234,24,['1539'],,"-0.009741, 0.031879, -0.005589"
1545,H,-1.566019,2.456235,10.843699,24,['1539'],,"0.017835, 0.007680, 0.017787"
1546,H,-3.167423,2.335292,10.03858,24,['1539'],,"0.006527, -0.007250, 0.004729"
1547,H,-1.999032,4.980992,12.495173,24,['1540'],,"-0.018782, 0.001490, -0.001217"
1548,H,-1.665716,6.266824,11.309865,24,['1540'],,"-0.004491, -0.013636, 0.005657"
1549,H,-0.569043,4.854733,11.418271,24,['1540'],,"0.052333, 0.005034, 0.001927"
1550,N,-1.885953,6.67596,6.032949,7,"['1533', '1551', '1554']",,"-0.187141, -0.005428, 0.044585"
1551,CA,-1.256474,7.086547,4.788876,8,"['1550', '1552', '1555', '1556']",,"0.210579, -0.674503, 0.190816"
1552,C,-2.104935,8.188095,4.141442,9,"['1551', '1553', '1560']",,"0.384488, 0.001641, -0.066595"
1553,O,-3.332456,8.188936,4.258339,11,['1552'],,"0.183565, 0.099193, -0.088472"
1554,HN,-2.910414,6.762754,6.001898,10,['1550'],,"-0.208709, 0.053003, -0.025172"
1555,H,-0.241108,7.498147,5.008603,12,['1551'],,"0.337247, 0.124095, 0.059021"
1556,C,-1.154237,5.884297,3.821534,13,"['1551', '1557', '1558', '1559']",,"0.055341, -0.215615, -0.102532"
1557,H,-0.636658,6.179912,2.884388,14,['1556'],,"-0.016103, 0.023130, 0.041212"
1558,H,-2.157828,5.490967,3.541759,14,['1556'],,"-0.041708, 0.004926, 0.009335"
1559,H,-0.576618,5.044527,4.261295,14,['1556'],,"0.018876, 0.014164, 0.036924"
1560,N,-1.43241,9.113691,3.414392,7,"['1552', '1561', '1564']",,"0.256942, -0.061907, 0.028360"
1561,CA,-2.04855,10.088525,2.52029,8,"['1560', '1562', '1565', '1566']",,"0.200022, 0.153129, 0.504290"
1562,C,-2.108874,9.443101,1.130603,9,"['1561', '1563', '1582']",,"-0.304578, 0.263151, 0.031038"
1563,O,-1.263422,8.605592,0.789078,11,['1562'],,"-0.306271, 0.246001, 0.041391"
1564,HN,-0.413939,9.006016,3.297582,10,['1560'],,"0.311805, -0.076802, -0.048597"
1565,H,-3.094484,10.307287,2.851315,12,['1561'],,"-0.351267, 0.028421, 0.098800"
1566,C,-1.206868,11.406965,2.410195,182,"['1561', '1567', '1571', '1572']",,"0.003247, 0.174599, -0.049760"
1567,C,-1.152956,12.239854,3.71298,184,"['1566', '1568', '1573', '1574']",,"-0.079849, -0.191447, -0.011958"
1568,C,-0.345967,13.560842,3.584198,186,"['1567', '1569', '1575', '1576']",,"-0.108455, -0.395099, -0.261671"
1569,C,-0.346673,14.393795,4.889226,188,"['1568', '1570', '1577', '1578']",,"0.168950, 0.164055, -0.076475"
1570,N,0.486056,15.595233,4.82909,190,"['1569', '1579', '1580', '1581']",,"0.169354, 0.131186, -0.010359"
1571,H,-1.642302,12.033156,1.592175,183,['1566'],,"-0.034443, 0.002102, -0.072519"
1572,H,-0.172727,11.155344,2.071318,183,['1566'],,"-0.002196, -0.012208, -0.019628"
1573,H,-0.707402,11.611155,4.518203,185,['1567'],,"-0.004723, -0.062354, 0.019358"
1574,H,-2.195701,12.467726,4.037682,185,['1567'],,"-0.035801, -0.001500, 0.019535"
1575,H,-0.761953,14.172319,2.747548,187,['1568'],,"-0.013544, 0.001346, -0.077584"
1576,H,0.706764,13.323217,3.295197,187,['1568'],,"0.100168, -0.029777, -0.045761"
1577,H,0.0147,13.770907,5.739775,189,['1569'],,"0.019275, 0.078442, 0.031373"
1578,H,-1.385529,14.699393,5.156817,189,['1569'],,"0.036241, 0.041267, 0.076017"
1579,HN,0.493654,16.068169,5.728294,191,['1570'],,"0.021897, -0.016534, -0.003889"
1580,HN,0.162089,16.272564,4.142163,191,['1570'],,"0.053907, 0.056535, -0.040696"
1581,HN,1.459901,15.403233,4.60378,191,['1570'],,"0.134839, 0.030905, -0.036826"
1582,N,-3.047383,9.923653,0.275231,7,"['1562', '1583', '1586']",,"-0.295608, 0.218918, 0.097432"
1583,CA,-3.002338,9.648842,-1.156254,8,"['1582', '1584', '1587', '1588']",,"-0.456549, -0.235728, 0.386548"
1584,C,-1.877295,10.539763,-1.705311,9,"['1583', '1585', '1598']",,"-0.041762, -0.372942, -0.121907"
1585,O,-1.858328,11.752975,-1.465457,11,['1584'],,"-0.212092, -0.424647, 0.122804"
1586,HN,-3.731031,10.642866,0.571938,10,['1582'],,"-0.303969, 0.323242, 0.053665"
1587,H,-2.733828,8.572717,-1.305301,12,['1583'],,"0.115141, -0.397487, -0.085069"
1588,C,-4.361997,9.91747,-1.886011,15,"['1583', '1589', '1590', '1591']",,"-0.171816, 0.037554, -0.043257"
1589,C,-4.238691,9.635952,-3.407559,17,"['1588', '1592', '1593', '1594']",,"0.035173, -0.036945, 0.094901"
1590,C,-5.461358,8.998952,-1.298254,17,"['1588', '1595', '1596', '1597']",,"0.067886, 0.039237, 0.098992"
1591,H,-4.651172,10.98656,-1.720257,16,['1588'],,"0.027703, 0.075226, 0.085905"
1592,H,-5.209898,9.742657,-3.938118,18,['1589'],,"0.037502, -0.024922, 0.018277"
1593,H,-3.861113,8.605609,-3.604718,18,['1589'],,"0.057840, -0.052741, 0.018119"
1594,H,-3.528198,10.340993,-3.892993,18,['1589'],,"0.006131, -0.015241, 0.003577"
1595,H,-6.438932,9.139442,-1.80555,18,['1590'],,"0.031589, -0.035571, 0.038829"
1596,H,-5.627559,9.220498,-0.221637,18,['1590'],,"0.017069, 0.041724, 0.042634"
1597,H,-5.190231,7.92296,-1.374573,18,['1590'],,"0.009297, 0.021908, 0.009466"
1598,N,-0.895063,9.915433,-2.391452,7,"['1584', '1599', '1602']",,"-0.069161, -0.273345, 0.015968"
1599,CA,0.367826,10.501989,-2.819442,8,"['1598', '1600', '1603', '1604']",,"-0.270648, 0.222824, 0.745231"
1600,C,0.996364,9.636554,-3.917268,9,"['1599', '1601', '1608']",,"0.054965, 0.307150, 0.185410"
1601,O,0.596084,8.493275,-4.129923,11,['1600'],,"0.146279, 0.169131, -0.018229"
1602,HN,-1.023175,8.934681,-2.676832,10,['1598'],,"-0.026382, -0.334565, -0.136233"
1603,H,0.174248,11.519068,-3.238892,12,['1599'],,"-0.078540, 0.341685, -0.091240"
1604,C,1.312846,10.584654,-1.598066,13,"['1599', '1605', '1606', '1607']",,"0.155821, 0.096435, 0.300201"
1605,H,2.304766,11.023125,-1.851742,14,['1604'],,"0.035056, 0.010160, 0.057025"
1606,H,1.497248,9.575126,-1.170868,14,['1604'],,"-0.036547, -0.001880, 0.011514"
1607,H,0.882301,11.211975,-0.785479,14,['1604'],,"-0.040822, 0.030263, -0.002931"
1608,N,2.01993,10.19444,-4.61357,7,"['1600', '1609', '1612']",,"0.122277, 0.063076, 0.181755"
1609,CA,2.727733,9.557772,-5.71835,8,"['1608', '1610', '1613', '1614']",,"0.443510, -0.198853, 0.423261"
1610,C,1.780918,9.028654,-6.800301,9,"['1609', '1611', '1629']",,"0.086264, 0.032431, 0.111596"
1611,O,1.914032,7.909062,-7.2961,11,['1610'],,"0.018173, 0.125080, 0.098284"
1612,HN,2.42495,11.084265,-4.293222,10,['1608'],,"0.054338, 0.057532, 0.077084"
1613,H,3.320778,10.346596,-6.241104,12,['1609'],,"0.187534, 0.180994, -0.195553"
1614,C,3.703994,8.457436,-5.21679,70,"['1609', '1615', '1622', '1623']",,"0.201980, -0.251567, 0.112127"
1615,C,4.749271,9.05856,-4.306996,72,"['1614', '1616', '1617']",,"0.031989, -0.040544, 0.144257"
1616,C,5.796876,9.850037,-4.812059,73,"['1615', '1618', '1624']",,"0.051124, 0.044248, 0.175753"
1617,C,4.645029,8.885846,-2.922718,73,"['1615', '1619', '1625']",,"0.123206, 0.040755, 0.202649"
1618,C,6.714205,10.465338,-3.952165,75,"['1616', '1620', '1626']",,"0.069193, 0.055598, 0.119427"
1619,C,5.568942,9.496644,-2.082708,75,"['1617', '1620', '1627']",,"0.011064, 0.046267, 0.288126"
1620,C,6.597462,10.301089,-2.56996,77,"['1618', '1619', '1621']",,"-0.043168, 0.037078, 0.244294"
1621,OH,7.446302,10.923611,-1.704229,78,"['1620', '1628']",,"-0.043358, -0.034475, 0.100789"
1622,H,4.204015,7.949465,-6.067793,71,['1614'],,"-0.090958, -0.014842, -0.002111"
1623,H,3.135854,7.65703,-4.687772,71,['1614'],,"-0.078200, 0.002202, 0.011834"
1624,H,5.895491,10.019955,-5.895323,74,['1616'],,"-0.035688, 0.087606, 0.122402"
1625,H,3.826842,8.294331,-2.481733,74,['1617'],,"-0.000633, -0.015114, -0.022948"
1626,H,7.51881,11.094173,-4.361283,76,['1618'],,"-0.012598, -0.042870, 0.044984"
1627,H,5.482131,9.38099,-1.003254,76,['1619'],,"0.052841, 0.195261, 0.400033"
1628,HO,7.152897,10.777229,-0.808713,79,['1621'],,"-0.075154, -0.028070, 0.181418"
1629,N,0.787662,9.873099,-7.173581,7,"['1610', '1630', '1633']",,"-0.027603, 0.067820, 0.150663"
1630,CA,-0.140872,9.578082,-8.244755,8,"['1629', '1631', '1634', '1635']",,"-0.189633, -0.025360, 0.499486"
1631,C,0.546567,10.007783,-9.549812,9,"['1630', '1632', '1645']",,"-0.083527, -0.227613, 0.038991"
1632,O,0.841347,11.191041,-9.751839,11,['1631'],,"-0.108896, -0.249319, 0.032904"
1633,HN,0.743737,10.833916,-6.812905,10,['1629'],,"0.011770, 0.062277, 0.027503"
1634,H,-0.329926,8.476717,-8.268231,12,['1630'],,"-0.057453, -0.363200, 0.020180"
1635,C,-1.521892,10.302807,-8.074146,15,"['1630', '1636', '1637', '1638']",,"-0.233607, 0.048057, -0.000035"
1636,C,-2.520006,9.749783,-9.121872,17,"['1635', '1639', '1640', '1641']",,"-0.035461, 0.074565, -0.002350"
1637,C,-2.108632,10.098013,-6.65117,17,"['1635', '1642', '1643', '1644']",,"0.039087, -0.041772, -0.004578"
1638,H,-1.38195,11.399128,-8.247061,16,['1635'],,"0.051544, 0.008425, -0.060996"
1639,H,-3.500484,10.261575,-9.048896,18,['1636'],,"-0.078761, 0.037294, -0.023523"
1640,H,-2.70347,8.659983,-9.001466,18,['1636'],,"0.010273, 0.018995, 0.005021"
1641,H,-2.162335,9.915813,-10.162129,18,['1636'],,"-0.011639, 0.029693, -0.011542"
1642,H,-3.148664,10.486211,-6.569166,18,['1637'],,"-0.006765, -0.009005, 0.003171"
1643,H,-1.511379,10.630236,-5.878111,18,['1637'],,"-0.019894, -0.034573, 0.015929"
1644,H,-2.133811,9.027366,-6.351493,18,['1637'],,"0.020084, -0.004056, 0.030694"
1645,N,0.790768,9.022875,-10.443919,7,"['1631', '1646', '1649']",,"0.009419, -0.173189, 0.143026"
1646,CA,1.315103,9.203807,-11.79025,8,"['1645', '1647', '1650', '1651']",,"0.496246, -0.073485, 0.410813"
1647,C,0.269523,8.663853,-12.768943,9,"['1646', '1648', '1666']",,"0.326948, 0.178455, -0.070130"
1648,O,-0.463839,7.716905,-12.464408,11,['1647'],,"0.095316, 0.252106, -0.044870"
1649,HN,0.499191,8.056101,-10.24091,10,['1645'],,"-0.072971, -0.153101, -0.007519"
1650,H,1.453953,10.295854,-11.988312,12,['1646'],,"0.021603, 0.342829, 0.026716"
1651,C,2.66064,8.461612,-11.994429,70,"['1646', '1652', '1659', '1660']",,"0.333419, -0.170976, -0.061758"
1652,C,3.739192,8.928204,-11.039734,72,"['1651', '1653', '1654']",,"-0.080378, -0.159663, 0.022669"
1653,C,4.566923,10.013638,-11.37286,73,"['1652', '1655', '1661']",,"-0.027557, -0.147394, -0.024462"
1654,C,3.949486,8.281324,-9.810611,73,"['1652', '1656', '1662']",,"-0.057803, -0.193164, -0.002706"
1655,C,5.588822,10.430156,-10.513489,75,"['1653', '1657', '1663']",,"-0.098980, -0.118664, -0.064415"
1656,C,4.994334,8.670288,-8.967296,75,"['1654', '1657', '1664']",,"-0.076780, -0.214329, -0.054878"
1657,C,5.81544,9.747633,-9.314664,77,"['1655', '1656', '1658']",,"-0.167995, -0.223635, -0.091316"
1658,OH,6.847919,10.14831,-8.520147,78,"['1657', '1665']",,"-0.115068, -0.174964, 0.009397"
1659,H,3.024415,8.595957,-13.041479,71,['1651'],,"0.033126, -0.073208, -0.078450"
1660,H,2.526917,7.359023,-11.896353,71,['1651'],,"0.013203, -0.081965, -0.089232"
1661,H,4.437565,10.534185,-12.335789,74,['1653'],,"0.051245, -0.179304, -0.040393"
1662,H,3.327454,7.419641,-9.52004,74,['1654'],,"-0.051106, -0.020891, 0.079911"
1663,H,6.235444,11.274214,-10.802951,76,['1655'],,"-0.040645, -0.062817, -0.018923"
1664,H,5.178287,8.103763,-8.041837,76,['1656'],,"0.005571, -0.056465, 0.008849"
1665,HO,6.966031,9.548444,-7.793076,79,['1658'],,"-0.006111, -0.066225, 0.046861"
1666,N,0.174673,9.32677,-13.94762,7,"['1647', '1667', '1670']",,"0.090166, 0.097854, -0.015746"
1667,CA,-0.800694,9.009943,-14.979403,8,"['1666', '1668', '1671', '1672']",,"0.049389, 0.450422, 0.107383"
1668,C,-0.440832,7.632027,-15.5472,9,"['1667', '1669', '1688']",,"-0.159513, -0.018806, 0.007150"
1669,O,0.679487,7.413123,-15.999609,11,['1668'],,"-0.052317, 0.085155, 0.044048"
1670,HN,0.930553,9.964421,-14.228262,10,['1666'],,"0.101550, 0.006021, -0.062417"
1671,H,-1.810923,8.962445,-14.501114,12,['1667'],,"-0.299155, -0.023670, 0.141588"
1672,C,-0.809097,10.101,-16.098507,182,"['1667', '1673', '1677', '1678']",,"-0.078721, 0.122552, -0.157078"
1673,C,-1.814509,9.801298,-17.238993,184,"['1672', '1674', '1679', '1680']",,"-0.059697, -0.120288, 0.125172"
1674,C,-1.524574,10.550339,-18.564075,186,"['1673', '1675', '1681', '1682']",,"0.047820, 0.035457, 0.501616"
1675,C,-2.271607,9.895853,-19.749994,188,"['1674', '1676', '1683', '1684']",,"0.167323, -0.013406, -0.137154"
1676,N,-1.75598,10.272223,-21.059153,190,"['1675', '1685', '1686', '1687']",,"0.055183, -0.114852, -0.148736"
1677,H,0.22413,10.17094,-16.516315,183,['1672'],,"0.025584, -0.074253, -0.030724"
1678,H,-1.03564,11.103725,-15.661265,183,['1672'],,"-0.010908, -0.003203, -0.000904"
1679,H,-2.860184,9.987497,-16.895973,185,['1673'],,"-0.128225, 0.016502, 0.046033"
1680,H,-1.769743,8.707018,-17.459057,185,['1673'],,"0.005755, -0.098247, -0.039555"
1681,H,-0.42657,10.522511,-18.765118,187,['1674'],,"0.083287, -0.020497, 0.048478"
1682,H,-1.798423,11.628715,-18.465953,187,['1674'],,"-0.024516, 0.086164, 0.020402"
1683,H,-3.360989,10.125276,-19.702294,189,['1675'],,"0.027639, -0.024796, -0.051886"
1684,H,-2.180626,8.788764,-19.686784,189,['1675'],,"0.034161, -0.093103, -0.102224"
1685,HN,-2.268695,9.776338,-21.785108,191,['1676'],,"-0.032254, -0.132251, -0.020016"
1686,HN,-0.78202,9.988617,-21.159193,191,['1676'],,"0.101211, -0.125108, -0.007067"
1687,HN,-1.829641,11.267413,-21.247147,191,['1676'],,"0.014482, -0.076278, -0.003882"
1688,N,-1.436216,6.717584,-15.548817,1,"['1668', '1689', '1692']",,"-0.188269, 0.057649, -0.063294"
1689,CA,-1.315498,5.352664,-16.002169,2,"['1688', '1690', '1693', '1694']",,"-0.099736, 0.351134, -0.522530"
1690,C,-1.084712,4.303472,-14.919668,3,"['1689', '1691', '1695']",,"0.066718, 0.211384, -0.200014"
1691,O,-1.333379,3.117369,-15.138222,5,['1690'],,"0.009341, 0.143331, 0.025198"
1692,HN,-2.337169,6.919336,-15.089812,4,['1688'],,"-0.182747, 0.030333, 0.150714"
1693,H,-2.239409,5.068564,-16.545104,6,['1689'],,"-0.165779, -0.104214, -0.146537"
1694,H,-0.495277,5.258805,-16.750271,6,['1689'],,"0.149911, 0.005367, -0.163917"
1695,N,-0.71531,4.741985,-13.691355,7,"['1690', '1696', '1699']",,"0.170536, 0.129806, 0.014168"
1696,CA,-0.653043,3.921338,-12.4932,8,"['1695', '1697', '1700', '1701']",,"0.548192, -0.127902, -0.210155"
1697,C,-1.656707,4.406458,-11.442641,9,"['1696', '1698', '1709']",,"0.082654, -0.227606, -0.187509"
1698,O,-1.384293,4.384246,-10.239078,11,['1697'],,"-0.011856, -0.021948, -0.176919"
1699,HN,-0.534911,5.73989,-13.504645,10,['1695'],,"0.019004, 0.261237, 0.032768"
1700,H,-0.98685,2.885621,-12.735045,12,['1696'],,"-0.123901, -0.380361, -0.172969"
1701,C,0.802259,3.883826,-11.941494,147,"['1696', '1702', '1705', '1706']",,"0.309904, 0.013765, 0.174441"
1702,C,1.658685,2.804722,-12.586091,149,"['1701', '1703', '1704']",,"0.264076, 0.182588, 0.117916"
1703,O,1.146085,1.948948,-13.310407,150,['1702'],,"0.222178, 0.174362, 0.208985"
1704,N,2.965258,2.813601,-12.254011,151,"['1702', '1707', '1708']",,"0.243876, -0.056192, -0.059787"
1705,H,0.763787,3.672762,-10.851512,148,['1701'],,"-0.099955, 0.056368, 0.055862"
1706,H,1.300716,4.876553,-12.047627,148,['1701'],,"0.062655, 0.031057, -0.062954"
1707,HN,3.371931,3.564069,-11.681254,152,['1704'],,"0.020707, 0.002316, -0.049469"
1708,HN,3.558721,2.057115,-12.627067,152,['1704'],,"0.248537, -0.255120, -0.034121"
1709,N,-2.830347,4.914164,-11.901665,7,"['1697', '1710', '1713']",,"0.185545, -0.030697, -0.192425"
1710,CA,-3.829187,5.562774,-11.078245,8,"['1709', '1711', '1714', '1715']",,"0.764298, 0.342997, 0.224874"
1711,C,-5.254268,5.025983,-11.237783,9,"['1710', '1712', '1723']",,"0.394434, -0.339565, -0.042455"
1712,O,-6.20933,5.774567,-10.99021,11,['1711'],,"0.426891, -0.138794, -0.043340"
1713,HN,-3.061306,4.895421,-12.904355,10,['1709'],,"0.038808, 0.019670, -0.177354"
1714,H,-3.588949,5.376942,-10.006812,12,['1710'],,"0.136917, -0.086301, 0.369536"
1715,C,-3.751185,7.089593,-11.350043,147,"['1710', '1716', '1719', '1720']",,"0.001377, 0.262695, 0.179037"
1716,C,-4.354484,7.557746,-12.670555,149,"['1715', '1717', '1718']",,"-0.141202, 0.169677, 0.369552"
1717,O,-4.009852,7.04951,-13.748219,150,['1716'],,"-0.100644, 0.115654, 0.427379"
1718,N,-5.217525,8.594875,-12.589385,151,"['1716', '1721', '1722']",,"-0.111995, 0.106318, 0.197959"
1719,H,-2.699618,7.454468,-11.291089,148,['1715'],,"0.091449, -0.014561, -0.021963"
1720,H,-4.294511,7.597203,-10.521194,148,['1715'],,"-0.066043, 0.011464, 0.003047"
1721,HN,-5.415638,9.026225,-11.669166,152,['1718'],,"-0.077939, 0.151835, 0.279223"
1722,HN,-5.667111,8.94638,-13.444647,152,['1718'],,"-0.001318, 0.018534, 0.059043"
1723,N,-5.43797,3.716778,-11.558645,7,"['1711', '1724', '1727']",,"0.338590, -0.301960, -0.224613"
1724,CA,-6.733113,3.050905,-11.658229,8,"['1723', '1725', '1728', '1729']",,"0.362860, 0.157302, -0.616951"
1725,C,-7.595015,3.287536,-10.415919,9,"['1724', '1726', '1737']",,"0.279853, -0.284862, -0.239949"
1726,O,-8.666752,3.90352,-10.480667,11,['1725'],,"0.176919, -0.328295, 0.234859"
1727,HN,-4.620624,3.102723,-11.70326,10,['1723'],,"0.379738, -0.302672, -0.029201"
1728,H,-7.289075,3.50169,-12.513883,12,['1724'],,"-0.210684, 0.096678, -0.313683"
1729,C,-6.615451,1.52103,-11.944583,37,"['1724', '1730', '1731', '1732']",,"-0.250840, -0.531197, -0.239237"
1730,OH,-6.173233,1.357846,-13.286904,39,"['1729', '1733']",,"0.210837, 0.042054, 0.018965"
1731,C,-7.93723,0.736593,-11.852324,41,"['1729', '1734', '1735', '1736']",,"-0.198753, -0.079927, -0.073327"
1732,H,-5.8481,1.081748,-11.259371,38,['1729'],,"0.084154, 0.068647, -0.057387"
1733,HO,-5.241618,1.161171,-13.248003,40,['1730'],,"0.408680, -0.082601, -0.013001"
1734,H,-7.788714,-0.327512,-12.132861,42,['1731'],,"0.002866, 0.088745, -0.020301"
1735,H,-8.714059,1.154097,-12.534873,42,['1731'],,"-0.089036, 0.036221, -0.110816"
1736,H,-8.367502,0.741459,-10.826403,42,['1731'],,"-0.017860, 0.004865, -0.058224"
1737,N,-7.107594,2.833323,-9.233902,7,"['1725', '1738', '1741']",,"0.224479, -0.235706, -0.098712"
1738,CA,-7.835674,2.944397,-7.979936,8,"['1737', '1739', '1742', '1743']",,"-0.019834, -0.489025, -0.192079"
1739,C,-7.710489,4.30494,-7.274856,9,"['1738', '1740', '1755']",,"0.099980, -0.072496, -0.281643"
1740,O,-8.058182,4.402769,-6.096109,11,['1739'],,"0.195655, -0.080367, -0.252129"
1741,HN,-6.134243,2.495343,-9.174015,10,['1737'],,"0.286859, -0.057838, -0.023313"
1742,H,-8.929919,2.862877,-8.203434,12,['1738'],,"-0.383542, 0.048480, -0.114322"
1743,C,-7.462682,1.79447,-6.993912,106,"['1738', '1744', '1749', '1750']",,"-0.124156, -0.409710, 0.144933"
1744,C,-7.699088,0.38448,-7.462149,108,"['1743', '1745', '1746']",,"-0.113912, -0.277164, -0.126775"
1745,N,-8.910042,-0.109777,-7.900649,109,"['1744', '1747', '1751']",,"-0.153858, -0.119458, -0.052379"
1746,C,-6.850331,-0.703403,-7.467995,111,"['1744', '1748', '1752']",,"-0.053211, -0.298396, -0.074480"
1747,C,-8.81039,-1.418391,-8.210479,113,"['1745', '1748', '1753']",,"-0.041850, -0.192360, 0.007234"
1748,N,-7.534728,-1.782851,-7.942162,115,"['1746', '1747', '1754']",,"0.019655, -0.287201, 0.023069"
1749,H,-8.041601,1.929386,-6.049623,107,['1743'],,"-0.006493, 0.054600, -0.039681"
1750,H,-6.393524,1.892475,-6.691274,107,['1743'],,"-0.048506, -0.072081, -0.018323"
1751,HN,-9.813374,0.391308,-7.969373,110,['1745'],,"-0.192480, -0.208183, -0.051132"
1752,H,-5.827298,-0.770443,-7.138996,112,['1746'],,"0.019406, -0.024099, -0.023208"
1753,H,-9.616309,-2.038042,-8.556229,114,['1747'],,"-0.159645, 0.116365, 0.029987"
1754,HN,-7.149376,-2.735973,-8.065233,116,['1748'],,"0.253315, -0.436257, -0.040307"
1755,N,-7.267416,5.391509,-7.965349,7,"['1739', '1756', '1759']",,"0.196155, -0.014691, -0.251242"
1756,CA,-7.10416,6.71104,-7.375864,8,"['1755', '1757', '1760', '1761']",,"0.606639, -0.112227, -0.296204"
1757,C,-8.349466,7.21325,-6.66467,9,"['1756', '1758', '1770']",,"0.073214, -0.180450, -0.197734"
1758,O,-8.266187,7.708833,-5.540628,11,['1757'],,"0.053556, -0.121775, -0.301957"
1759,HN,-7.079861,5.342347,-8.974836,10,['1755'],,"0.026195, -0.024374, -0.260105"
1760,H,-6.353956,6.618926,-6.552869,12,['1756'],,"0.205970, -0.004807, 0.324319"
1761,C,-6.599586,7.78064,-8.396043,153,"['1756', '1762', '1766', '1767']",,"0.110947, 0.483742, -0.139141"
1762,C,-6.65334,9.229685,-7.866539,155,"['1761', '1763', '1768', '1769']",,"-0.158611, -0.707681, 0.143827"
1763,C,-6.074079,10.305382,-8.755965,157,"['1762', '1764', '1765']",,"-0.258056, -0.353046, 0.411407"
1764,O,-5.966401,10.099263,-9.999391,158,['1763'],,"-0.135985, -0.250330, 0.559773"
1765,O,-5.705038,11.380916,-8.198886,158,['1763'],,"-0.202350, -0.389322, -0.089156"
1766,H,-7.196215,7.720671,-9.338876,154,['1761'],,"-0.004554, -0.022710, -0.112316"
1767,H,-5.551674,7.538506,-8.684136,154,['1761'],,"-0.021509, -0.058102, -0.016073"
1768,H,-6.132712,9.276017,-6.882971,156,['1762'],,"0.025450, -0.042027, 0.160057"
1769,H,-7.711109,9.528386,-7.678829,156,['1762'],,"-0.149641, 0.002179, 0.051672"
1770,N,-9.505561,7.162538,-7.367806,7,"['1757', '1771', '1774']",,"0.005933, 0.063793, -0.219425"
1771,CA,-10.738125,7.721372,-6.855099,8,"['1770', '1772', '1775', '1776']",,"0.130109, 0.433209, -0.292379"
1772,C,-11.318877,6.92313,-5.680094,9,"['1771', '1773', '1787']",,"0.172659, -0.104677, -0.255181"
1773,O,-12.01329,7.492499,-4.832001,11,['1772'],,"0.106780, -0.414450, -0.094417"
1774,HN,-9.553441,6.68223,-8.27759,10,['1770'],,"0.005108, -0.083612, -0.115957"
1775,H,-10.484585,8.712652,-6.403341,12,['1771'],,"0.027818, 0.390715, 0.160466"
1776,C,-11.793441,7.945873,-7.975412,167,"['1771', '1777', '1781', '1782']",,"-0.092960, 0.315313, -0.413326"
1777,C,-11.330416,8.881069,-9.122444,169,"['1776', '1778', '1783', '1784']",,"-0.015841, -0.085893, -0.124030"
1778,C,-10.98649,10.322531,-8.761171,171,"['1777', '1779', '1780']",,"0.102934, 0.083354, -0.321675"
1779,O,-11.099374,10.745057,-7.609607,172,['1778'],,"0.099819, 0.124348, -0.351536"
1780,N,-10.563794,11.075765,-9.800172,173,"['1778', '1785', '1786']",,"0.101616, 0.077946, -0.222337"
1781,H,-12.721982,8.364784,-7.516028,168,['1776'],,"-0.012849, -0.001819, 0.095742"
1782,H,-12.074879,6.959822,-8.420177,168,['1776'],,"0.032865, -0.005841, -0.025964"
1783,H,-12.137133,8.920632,-9.889833,170,['1777'],,"0.008978, -0.014829, -0.067136"
1784,H,-10.445176,8.447595,-9.647613,170,['1777'],,"0.127277, 0.041549, -0.161761"
1785,HN,-10.386363,10.638908,-10.714665,174,['1780'],,"0.134586, -0.063799, -0.095282"
1786,HN,-10.342383,12.072547,-9.673965,174,['1780'],,"0.018689, 0.073097, -0.104423"
1787,N,-10.988644,5.610974,-5.583518,7,"['1772', '1788', '1791']",,"0.039872, -0.237053, -0.120718"
1788,CA,-11.314879,4.752643,-4.45577,8,"['1787', '1789', '1792', '1793']",,"-0.380250, -0.401023, -0.463215"
1789,C,-10.534475,5.194189,-3.21705,9,"['1788', '1790', '1806']",,"0.059591, -0.141118, -0.182767"
1790,O,-11.113976,5.404806,-2.153162,11,['1789'],,"0.025422, -0.179241, -0.235318"
1791,HN,-10.381398,5.17065,-6.285761,10,['1787'],,"0.116564, -0.066392, -0.065717"
1792,H,-12.395257,4.879891,-4.201915,12,['1788'],,"-0.356103, 0.049609, 0.190095"
1793,C,-11.017611,3.264673,-4.800004,19,"['1788', '1794', '1797', '1798']",,"-0.099821, -0.442299, 0.115864"
1794,C,-11.232855,2.252795,-3.630497,21,"['1793', '1795', '1796', '1799']",,"-0.114215, -0.164322, 0.152670"
1795,C,-12.739137,1.974633,-3.414661,23,"['1794', '1800', '1801', '1802']",,"-0.140756, -0.097918, 0.133204"
1796,C,-10.486119,0.937991,-3.96963,23,"['1794', '1803', '1804', '1805']",,"-0.086830, -0.166413, 0.222848"
1797,H,-9.953271,3.193927,-5.130056,20,['1793'],,"0.024741, 0.002653, 0.048695"
1798,H,-11.630357,2.954242,-5.68123,20,['1793'],,"-0.048860, -0.001087, 0.033779"
1799,H,-10.799194,2.656254,-2.682334,22,['1794'],,"-0.037488, -0.047083, 0.047135"
1800,H,-12.88963,1.252898,-2.577081,24,['1795'],,"0.003653, -0.085648, 0.096083"
1801,H,-13.231844,1.535577,-4.311508,24,['1795'],,"-0.021006, -0.016109, 0.027403"
1802,H,-13.302648,2.893554,-3.135951,24,['1795'],,"-0.031771, -0.024854, 0.060537"
1803,H,-10.608836,0.199871,-3.141925,24,['1796'],,"-0.040317, -0.100979, 0.276896"
1804,H,-9.391534,1.108399,-4.069372,24,['1796'],,"-0.091424, -0.020064, 0.071321"
1805,H,-10.852658,0.452289,-4.900925,24,['1796'],,"-0.026586, 0.009028, 0.092587"
1806,N,-9.194758,5.365866,-3.359346,7,"['1789', '1807', '1810']",,"0.080994, -0.156759, -0.193358"
1807,CA,-8.336648,5.743027,-2.255583,8,"['1806', '1808', '1811', '1812']",,"0.268405, -0.496602, -0.097893"
1808,C,-8.651202,7.152226,-1.737654,9,"['1807', '1809', '1825']",,"0.036360, -0.135526, -0.271998"
1809,O,-8.58359,7.384775,-0.530776,11,['1808'],,"0.066120, -0.113859, -0.337965"
1810,HN,-8.73931,5.241234,-4.273253,10,['1806'],,"0.092991, -0.045995, -0.227737"
1811,H,-8.57994,5.069558,-1.395072,12,['1807'],,"-0.108516, -0.177843, 0.316824"
1812,C,-6.817403,5.618165,-2.569014,19,"['1807', '1813', '1816', '1817']",,"0.255916, -0.094781, 0.001676"
1813,C,-6.285909,4.257294,-3.120553,21,"['1812', '1814', '1815', '1818']",,"0.002994, -0.043828, 0.011020"
1814,C,-4.78464,4.109098,-2.757699,23,"['1813', '1819', '1820', '1821']",,"0.029316, 0.020385, 0.024575"
1815,C,-7.045841,3.032655,-2.562623,23,"['1813', '1822', '1823', '1824']",,"-0.024157, -0.031060, -0.005050"
1816,H,-6.283439,5.859383,-1.61843,20,['1812'],,"-0.007603, 0.005662, 0.012692"
1817,H,-6.521046,6.4296,-3.277875,20,['1812'],,"-0.008253, 0.019214, -0.006874"
1818,H,-6.386574,4.25766,-4.234856,22,['1813'],,"-0.024060, -0.006678, -0.018554"
1819,H,-4.310166,3.261749,-3.302328,24,['1814'],,"-0.004223, 0.022954, 0.017062"
1820,H,-4.63224,3.924394,-1.669312,24,['1814'],,"0.014101, 0.005577, 0.025063"
1821,H,-4.205461,5.025635,-3.010721,24,['1814'],,"0.039888, 0.034237, 0.006134"
1822,H,-6.565015,2.070957,-2.85125,24,['1815'],,"0.001942, -0.032828, 0.025211"
1823,H,-8.095273,2.977002,-2.925293,24,['1815'],,"-0.028317, 0.007315, 0.000445"
1824,H,-7.086708,3.051222,-1.453918,24,['1815'],,"-0.003810, -0.026338, -0.026067"
1825,N,-9.018424,8.10972,-2.629959,7,"['1808', '1826', '1829']",,"0.092462, -0.067517, -0.266388"
1826,CA,-9.405735,9.454748,-2.23379,8,"['1825', '1827', '1830', '1831']",,"0.441735, 0.029195, -0.188196"
1827,C,-10.72811,9.524865,-1.459338,9,"['1826', '1828', '1849']",,"-0.009333, -0.153636, -0.229413"
1828,O,-10.870672,10.401417,-0.606211,11,['1827'],,"-0.039079, -0.165783, -0.289084"
1829,HN,-8.994424,7.915193,-3.639632,10,['1825'],,"0.061106, -0.072038, -0.288811"
1830,H,-8.658848,9.799463,-1.474899,12,['1826'],,"0.186325, 0.114642, 0.331740"
1831,C,-9.409709,10.488108,-3.399206,202,"['1826', '1832', '1838', '1839']",,"-0.085741, 0.205967, -0.066518"
1832,C,-8.013454,10.756926,-4.009465,204,"['1831', '1833', '1840', '1841']",,"-0.140606, -0.293941, 0.163273"
1833,C,-7.991983,11.961906,-4.971812,206,"['1832', '1834', '1842', '1843']",,"-0.205288, -0.139504, -0.017555"
1834,N,-6.657151,12.177756,-5.517328,208,"['1833', '1835', '1844']",,"-0.132860, -0.047748, 0.040517"
1835,C,-5.629606,12.818245,-4.934517,210,"['1834', '1836', '1837']",,"0.070172, 0.004086, 0.058269"
1836,N,-5.678405,13.272577,-3.680966,211,"['1835', '1845', '1846']",,"0.136961, 0.077194, 0.087169"
1837,N,-4.553391,13.066317,-5.693402,211,"['1835', '1847', '1848']",,"-0.020965, -0.026525, 0.008010"
1838,H,-9.82254,11.448239,-3.00402,203,['1831'],,"-0.080183, 0.068844, -0.011725"
1839,H,-10.13507,10.174165,-4.186616,203,['1831'],,"-0.071470, 0.022694, 0.014371"
1840,H,-7.662598,9.840398,-4.539636,205,['1832'],,"0.014572, -0.092727, -0.049154"
1841,H,-7.29172,10.923869,-3.175151,205,['1832'],,"-0.003583, -0.073832, 0.014727"
1842,H,-8.35739,12.881779,-4.460271,207,['1833'],,"-0.205062, 0.058735, 0.042487"
1843,H,-8.709585,11.789729,-5.806985,207,['1833'],,"-0.209317, -0.011493, -0.056445"
1844,HN,-6.530233,11.89067,-6.500424,209,['1834'],,"0.198714, -0.024004, -0.259271"
1845,HN,-6.469833,13.038264,-3.070567,212,['1836'],,"0.067013, 0.007574, -0.022798"
1846,HN,-4.933858,13.871727,-3.295232,212,['1836'],,"0.033477, 0.204879, 0.144201"
1847,HN,-4.538048,12.695997,-6.657338,212,['1837'],,"-0.111614, -0.075126, -0.052151"
1848,HN,-3.758347,13.611889,-5.323777,212,['1837'],,"0.040440, 0.047195, 0.078942"
1849,N,-11.673052,8.580808,-1.71523,7,"['1827', '1850', '1853']",,"-0.057796, -0.123684, -0.244530"
1850,CA,-12.900214,8.404643,-0.93964,8,"['1849', '1851', '1854', '1855']",,"-0.216304, 0.230484, -0.512643"
1851,C,-12.55912,7.926735,0.480367,9,"['1850', '1852', '1871']",,"0.042339, -0.190004, -0.209321"
1852,O,-13.091995,8.452772,1.459762,11,['1851'],,"0.069798, -0.167838, -0.260154"
1853,HN,-11.535755,7.900184,-2.47393,10,['1849'],,"0.017974, -0.150296, -0.153361"
1854,H,-13.383108,9.405066,-0.817805,12,['1850'],,"-0.141890, 0.351690, 0.099389"
1855,C,-13.87679,7.424635,-1.669017,182,"['1850', '1856', '1860', '1861']",,"-0.134251, -0.185439, -0.117741"
1856,C,-15.200992,7.047165,-0.955093,184,"['1855', '1857', '1862', '1863']",,"0.223131, -0.133661, 0.061040"
1857,C,-16.240098,8.187599,-0.896212,186,"['1856', '1858', '1864', '1865']",,"0.423730, 0.176261, -0.016117"
1858,C,-17.559143,7.808136,-0.181948,188,"['1857', '1859', '1866', '1867']",,"-0.062862, -0.297010, -0.056281"
1859,N,-18.330949,6.711757,-0.773375,190,"['1858', '1868', '1869', '1870']",,"-0.177743, -0.168368, 0.070107"
1860,H,-13.323956,6.464042,-1.831632,183,['1855'],,"0.061862, -0.145797, 0.051498"
1861,H,-14.099583,7.817261,-2.690242,183,['1855'],,"0.037938, 0.024553, 0.009488"
1862,H,-14.9651,6.683037,0.073916,185,['1856'],,"0.052931, -0.085403, 0.066086"
1863,H,-15.62871,6.159888,-1.483653,185,['1856'],,"0.085868, -0.073133, 0.000992"
1864,H,-16.455738,8.568363,-1.922792,187,['1857'],,"0.044803, -0.001862, -0.065210"
1865,H,-15.791509,9.047881,-0.342035,187,['1857'],,"0.032761, 0.039266, 0.040276"
1866,H,-18.22097,8.703101,-0.120525,189,['1858'],,"-0.039109, -0.105593, 0.039911"
1867,H,-17.339307,7.523945,0.87334,189,['1858'],,"-0.111775, -0.122139, 0.037943"
1868,HN,-19.166997,6.53292,-0.215027,191,['1859'],,"-0.137480, -0.017881, 0.251204"
1869,HN,-17.815237,5.836915,-0.788639,191,['1859'],,"-0.014369, -0.023543, 0.022994"
1870,HN,-18.642438,6.894394,-1.721957,191,['1859'],,"-0.007827, -0.074219, 0.066873"
1871,N,-11.603042,6.966814,0.589212,7,"['1851', '1872', '1875']",,"-0.007250, -0.230099, -0.240904"
1872,CA,-11.059905,6.466061,1.842522,8,"['1871', '1873', '1876', '1877']",,"-0.203534, -0.618242, -0.309377"
1873,C,-10.400304,7.55707,2.689692,9,"['1872', '1874', '1881']",,"-0.008647, -0.078989, -0.298244"
1874,O,-10.59809,7.603778,3.905989,11,['1873'],,"0.058384, -0.061882, -0.317251"
1875,HN,-11.296386,6.465701,-0.256502,10,['1871'],,"0.041662, -0.132048, -0.235378"
1876,H,-11.913443,6.091868,2.459024,12,['1872'],,"-0.265500, -0.055432, 0.230524"
1877,C,-10.058796,5.307068,1.600664,13,"['1872', '1878', '1879', '1880']",,"0.175897, -0.236512, -0.024558"
1878,H,-9.653043,4.911764,2.555657,14,['1877'],,"0.029349, 0.001444, -0.031077"
1879,H,-9.183119,5.634668,0.995915,14,['1877'],,"0.042737, 0.103113, -0.047467"
1880,H,-10.537189,4.455238,1.06746,14,['1877'],,"0.001839, -0.016033, -0.002370"
1881,N,-9.597481,8.443485,2.044911,7,"['1873', '1882', '1885']",,"0.118357, -0.115148, -0.251700"
1882,CA,-8.921157,9.551985,2.693845,8,"['1881', '1883', '1886', '1887']",,"0.481690, -0.385232, -0.238155"
1883,C,-9.929495,10.554665,3.239847,9,"['1882', '1884', '1896']",,"-0.018292, -0.135518, -0.318730"
1884,O,-9.7734,11.034355,4.362607,11,['1883'],,"0.036437, -0.149737, -0.372511"
1885,HN,-9.388394,8.308397,1.04759,10,['1881'],,"0.075143, -0.136482, -0.291060"
1886,H,-8.357702,9.148306,3.570731,12,['1882'],,"0.129697, -0.119638, 0.328517"
1887,C,-7.955976,10.304718,1.735573,153,"['1882', '1888', '1892', '1893']",,"0.407012, 0.311569, 0.058113"
1888,C,-7.125336,11.399964,2.429166,155,"['1887', '1889', '1894', '1895']",,"-0.315770, -0.495284, 0.014541"
1889,C,-6.44431,12.297749,1.412885,157,"['1888', '1890', '1891']",,"0.021927, -0.337925, 0.295359"
1890,O,-7.028913,13.401093,1.143924,158,['1889'],,"0.318746, -0.819650, -0.141080"
1891,O,-5.360228,11.893351,0.918829,158,['1889'],,"-0.080181, 0.129188, 0.034518"
1892,H,-8.553123,10.783752,0.923019,154,['1887'],,"-0.060090, -0.027481, -0.004567"
1893,H,-7.266103,9.598264,1.224616,154,['1887'],,"-0.006033, -0.057931, -0.011855"
1894,H,-6.351555,10.932039,3.076185,156,['1888'],,"0.021877, -0.034837, 0.087691"
1895,H,-7.735258,12.036852,3.10193,156,['1888'],,"-0.026951, -0.013182, 0.155829"
1896,N,-10.951761,10.895846,2.414697,7,"['1883', '1897', '1900']",,"0.005021, -0.047401, -0.312507"
1897,CA,-12.003185,11.833523,2.746352,8,"['1896', '1898', '1901', '1902']",,"0.097870, 0.252482, -0.667938"
1898,C,-12.70579,11.441829,4.038764,9,"['1897', '1899', '1906']",,"0.053914, -0.166004, -0.257201"
1899,O,-12.902767,12.283476,4.916184,11,['1898'],,"0.018322, -0.137060, -0.380168"
1900,HN,-11.003976,10.499416,1.466689,10,['1896'],,"-0.019153, -0.093494, -0.275634"
1901,H,-11.538262,12.830776,2.936364,12,['1897'],,"0.076062, 0.286848, 0.129901"
1902,C,-13.041358,11.959345,1.607222,13,"['1897', '1903', '1904', '1905']",,"-0.243595, 0.102368, -0.290806"
1903,H,-13.846753,12.67507,1.88201,14,['1902'],,"-0.001723, 0.011749, -0.025400"
1904,H,-13.53065,10.984634,1.378212,14,['1902'],,"0.002031, -0.082738, 0.004579"
1905,H,-12.583051,12.331217,0.663732,14,['1902'],,"-0.003968, 0.012786, -0.028638"
1906,N,-13.079117,10.143716,4.161325,7,"['1898', '1907', '1910']",,"-0.082811, -0.170626, -0.248705"
1907,CA,-13.777891,9.637169,5.321544,8,"['1906', '1908', '1911', '1912']",,"-0.439931, 0.102809, -0.503190"
1908,C,-12.88792,9.591047,6.569096,9,"['1907', '1909', '1923']",,"0.045993, -0.139894, -0.333460"
1909,O,-13.351301,9.909621,7.665591,11,['1908'],,"0.061550, -0.190243, -0.341659"
1910,HN,-12.921927,9.476501,3.39197,10,['1906'],,"0.027073, -0.156016, -0.238682"
1911,H,-14.585295,10.371476,5.560686,12,['1907'],,"-0.303667, 0.205889, 0.114538"
1912,C,-14.418717,8.253937,5.03484,167,"['1907', '1913', '1917', '1918']",,"-0.486624, -0.362323, 0.267564"
1913,C,-15.380777,7.797513,6.147716,169,"['1912', '1914', '1919', '1920']",,"-0.048542, -0.236490, 0.067701"
1914,C,-16.609058,8.679667,6.358102,171,"['1913', '1915', '1916']",,"-0.106159, -0.153823, 0.248732"
1915,O,-16.970335,9.484587,5.498505,172,['1914'],,"-0.032065, -0.145556, 0.142954"
1916,N,-17.208823,8.55101,7.561186,173,"['1914', '1921', '1922']",,"-0.008228, -0.056174, 0.156870"
1917,H,-13.619395,7.48946,4.893831,168,['1912'],,"-0.027949, 0.069260, -0.015290"
1918,H,-14.984438,8.285658,4.074875,168,['1912'],,"-0.007083, 0.051115, 0.017774"
1919,H,-14.832887,7.70897,7.114878,170,['1913'],,"-0.044181, -0.055805, 0.169488"
1920,H,-15.760074,6.777328,5.911899,170,['1913'],,"-0.105926, -0.156014, -0.044593"
1921,HN,-16.82983,7.880231,8.247079,174,['1916'],,"0.126098, -0.127207, 0.141159"
1922,HN,-18.022322,9.14105,7.78568,174,['1916'],,"-0.029829, 0.018044, 0.063818"
1923,N,-11.577728,9.263812,6.414199,7,"['1908', '1924', '1927']",,"0.058174, -0.197826, -0.240454"
1924,CA,-10.584517,9.324477,7.483454,8,"['1923', '1925', '1928', '1929']",,"0.100787, -0.730762, -0.206061"
1925,C,-10.391671,10.749376,8.026529,9,"['1924', '1926', '1933']",,"-0.016561, -0.169014, -0.353929"
1926,O,-10.19438,10.955748,9.227591,11,['1925'],,"-0.080586, -0.049786, -0.417114"
1927,HN,-11.239326,8.922278,5.503316,10,['1923'],,"0.081878, -0.108898, -0.252878"
1928,H,-10.955937,8.711392,8.34075,12,['1924'],,"-0.119016, -0.149875, 0.300145"
1929,C,-9.215691,8.772778,7.011169,13,"['1924', '1930', '1931', '1932']",,"0.246675, -0.213287, -0.106844"
1930,H,-8.498779,8.694378,7.85745,14,['1929'],,"-0.046633, -0.018346, -0.016127"
1931,H,-8.75621,9.426181,6.234057,14,['1929'],,"-0.043511, 0.039751, -0.053298"
1932,H,-9.313615,7.756975,6.568738,14,['1929'],,"-0.008860, -0.068347, -0.023467"
1933,N,-10.441664,11.755505,7.121054,7,"['1925', '1934', '1937']",,"0.075931, -0.124156, -0.332353"
1934,CA,-10.325714,13.181044,7.39678,8,"['1933', '1935', '1938', '1939']",,"0.549607, -0.258838, -0.244698"
1935,C,-11.579031,13.727285,8.105953,9,"['1934', '1936', '1955']",,"0.028045, -0.103928, -0.326885"
1936,O,-11.475823,14.546113,9.022828,11,['1935'],,"-0.016373, -0.186826, -0.208777"
1937,HN,-10.54008,11.516379,6.125791,10,['1933'],,"0.034585, -0.115804, -0.350406"
1938,H,-9.486693,13.315603,8.119964,12,['1934'],,"0.251313, 0.054724, 0.269968"
1939,C,-9.990866,13.929661,6.064534,182,"['1934', '1940', '1944', '1945']",,"0.043398, 0.068554, -0.177873"
1940,C,-9.311592,15.315794,6.168223,184,"['1939', '1941', '1946', '1947']",,"-0.078007, -0.113587, 0.149375"
1941,C,-8.948901,15.949431,4.788369,186,"['1940', '1942', '1948', '1949']",,"-0.259957, 0.068552, 0.421852"
1942,C,-8.165533,15.011685,3.834211,188,"['1941', '1943', '1950', '1951']",,"0.123127, 0.196229, -0.268181"
1943,N,-7.690412,15.630964,2.601836,190,"['1942', '1952', '1953', '1954']",,"0.136049, -0.145221, -0.284869"
1944,H,-10.917377,14.000336,5.443479,183,['1939'],,"-0.099436, -0.013595, -0.016382"
1945,H,-9.293111,13.264245,5.500597,183,['1939'],,"0.003441, -0.066550, 0.009758"
1946,H,-8.385661,15.216393,6.783642,185,['1940'],,"0.043606, -0.036735, 0.023974"
1947,H,-9.979192,16.010184,6.731305,185,['1940'],,"-0.038539, 0.011479, 0.019198"
1948,H,-8.361024,16.880371,4.9723,187,['1941'],,"-0.050753, 0.070285, 0.059366"
1949,H,-9.888594,16.288675,4.288487,187,['1941'],,"-0.099650, 0.033720, 0.013102"
1950,H,-8.814544,14.158678,3.530142,189,['1942'],,"0.073196, 0.007788, -0.068310"
1951,H,-7.291431,14.565593,4.357629,189,['1942'],,"0.040549, -0.005697, -0.043496"
1952,HN,-7.357165,14.885883,1.97899,191,['1943'],,"0.142370, -0.465479, -0.314945"
1953,HN,-6.912162,16.266019,2.739181,191,['1943'],,"-0.055935, -0.117439, -0.090649"
1954,HN,-8.42197,16.139584,2.113131,191,['1943'],,"0.044533, -0.018118, -0.003406"
1955,N,-12.776211,13.191598,7.74308,7,"['1935', '1956', '1959']",,"0.032893, -0.107178, -0.374387"
1956,CA,-14.071491,13.413336,8.38491,8,"['1955', '1957', '1960', '1961']",,"0.065998, 0.265960, -0.648429"
1957,C,-14.126106,12.86321,9.82007,9,"['1956', '1958', '1977']",,"0.173483, -0.234894, -0.323142"
1958,O,-14.728081,13.505889,10.692475,11,['1957'],,"0.215072, -0.022858, -0.576832"
1959,HN,-12.815276,12.629047,6.882432,10,['1955'],,"0.005783, -0.149399, -0.342854"
1960,H,-14.220297,14.516151,8.479847,12,['1956'],,"-0.035180, 0.342374, 0.083578"
1961,C,-15.22599,12.801589,7.519593,182,"['1956', '1962', '1966', '1967']",,"-0.146033, -0.107663, -0.166304"
1962,C,-16.674829,12.846638,8.07217,184,"['1961', '1963', '1968', '1969']",,"0.095150, -0.201411, 0.022038"
1963,C,-17.335616,14.248125,8.084613,186,"['1962', '1964', '1970', '1971']",,"0.397244, -0.294979, 0.023999"
1964,C,-18.879043,14.180381,8.218835,188,"['1963', '1965', '1972', '1973']",,"-0.132715, 0.211439, -0.077033"
1965,N,-19.518646,15.490065,8.165739,190,"['1964', '1974', '1975', '1976']",,"-0.284735, 0.047330, -0.100103"
1966,H,-14.982381,11.721792,7.361678,183,['1961'],,"0.047583, -0.108447, 0.031526"
1967,H,-15.198136,13.25291,6.498459,183,['1961'],,"0.065496, -0.003070, -0.003048"
1968,H,-16.711748,12.403206,9.095789,185,['1962'],,"-0.019390, -0.045831, 0.053983"
1969,H,-17.292595,12.154859,7.446086,185,['1962'],,"-0.033861, -0.102842, -0.004211"
1970,H,-17.073617,14.794403,7.147277,187,['1963'],,"0.094191, 0.026933, -0.029889"
1971,H,-16.903816,14.848154,8.921332,187,['1963'],,"0.063424, -0.014370, 0.058704"
1972,H,-19.186104,13.671127,9.161518,189,['1964'],,"-0.063144, -0.001769, -0.027558"
1973,H,-19.308677,13.557394,7.399117,189,['1964'],,"-0.159643, -0.065141, 0.031266"
1974,HN,-20.412696,15.457429,7.674108,191,['1965'],,"-0.475170, 0.148855, -0.169491"
1975,HN,-18.977107,16.197573,7.682297,191,['1965'],,"-0.109900, -0.048791, 0.033814"
1976,HN,-19.754116,15.855807,9.081585,191,['1965'],,"-0.063054, -0.024293, -0.090945"
1977,N,-13.523725,11.667563,10.058409,7,"['1957', '1978', '1981']",,"0.037188, -0.251101, -0.231906"
1978,CA,-13.409101,10.97343,11.335745,8,"['1977', '1979', '1982', '1983']",,"-0.360777, -0.415510, -0.273969"
1979,C,-12.262624,11.466786,12.241754,9,"['1978', '1980', '1992']",,"0.001005, 0.008337, -0.240658"
1980,O,-12.269765,11.176565,13.442766,11,['1979'],,"0.065080, 0.041901, -0.348585"
1981,HN,-13.118299,11.153553,9.264244,10,['1977'],,"0.049782, -0.198871, -0.290070"
1982,H,-14.328838,11.179506,11.932888,12,['1978'],,"-0.226217, 0.060140, 0.238658"
1983,C,-13.29952,9.425163,11.126655,153,"['1978', '1984', '1988', '1989']",,"-0.227497, -0.478405, -0.107441"
1984,C,-14.570914,8.776524,10.522439,155,"['1983', '1985', '1990', '1991']",,"0.275376, 0.656316, 0.159118"
1985,C,-14.469147,7.318612,10.139023,157,"['1984', '1986', '1987']",,"-0.207561, 0.568722, 0.111979"
1986,O,-13.43073,6.657307,10.408368,158,['1985'],,"-0.051986, 0.791925, 0.297917"
1987,O,-15.402596,6.780627,9.489423,158,['1985'],,"-0.178551, 0.490724, 0.491246"
1988,H,-13.052902,8.9242,12.09339,154,['1983'],,"0.089036, 0.008649, 0.060806"
1989,H,-12.436207,9.206282,10.454825,154,['1983'],,"0.050124, -0.018667, 0.003464"
1990,H,-14.862757,9.328883,9.600695,156,['1984'],,"-0.026102, 0.134199, -0.173132"
1991,H,-15.430291,8.879451,11.222264,156,['1984'],,"-0.114016, 0.075231, 0.017872"
1992,N,-11.31846,12.275232,11.68874,7,"['1979', '1993', '1996']",,"0.006155, 0.167064, -0.227263"
1993,CA,-10.139709,12.833301,12.334677,8,"['1992', '1994', '1997', '1998']",,"-0.321837, 0.447335, 0.062580"
1994,C,-9.163392,11.740607,12.801941,9,"['1993', '1995', '2014']",,"-0.061196, 0.029161, -0.118233"
1995,O,-8.614378,11.816576,13.897091,11,['1994'],,"-0.118289, -0.014809, -0.085857"
1996,HN,-11.343801,12.488177,10.683683,10,['1992'],,"0.002440, -0.017804, -0.182782"
1997,H,-9.564894,13.393188,11.557256,12,['1993'],,"0.293036, 0.234915, -0.187723"
1998,C,-10.473046,13.813849,13.501247,182,"['1993', '1999', '2003', '2004']",,"0.104906, 0.009798, 0.331224"
1999,C,-11.441012,14.974294,13.196346,184,"['1998', '2000', '2005', '2006']",,"0.038758, -0.197164, 0.116856"
2000,C,-10.879493,16.018599,12.20387,186,"['1999', '2001', '2007', '2008']",,"0.233562, -0.447266, 0.312528"
2001,C,-11.851592,17.207071,12.025445,188,"['2000', '2002', '2009', '2010']",,"0.177528, 0.049209, -0.211996"
2002,N,-11.662063,17.878506,10.749342,190,"['2001', '2011', '2012', '2013']",,"0.053745, 0.152740, -0.059370"
2003,H,-9.521295,14.229546,13.906703,183,['1998'],,"0.028814, -0.077547, 0.011790"
2004,H,-10.89526,13.218146,14.345176,183,['1998'],,"0.030180, -0.059137, 0.060018"
2005,H,-11.674217,15.484357,14.164003,185,['1999'],,"0.008321, 0.009891, 0.071701"
2006,H,-12.407945,14.564476,12.823548,185,['1999'],,"0.048215, -0.021277, -0.022100"
2007,H,-10.682043,15.518059,11.225632,187,['2000'],,"0.040448, -0.132246, -0.069078"
2008,H,-9.887205,16.39478,12.552588,187,['2000'],,"0.103960, -0.031306, 0.007488"
2009,H,-11.744509,17.943197,12.857852,189,['2001'],,"-0.018673, 0.038436, 0.066177"
2010,H,-12.905366,16.846002,12.059959,189,['2001'],,"0.042971, 0.050311, -0.018233"
2011,HN,-12.487686,18.43099,10.51852,191,['2002'],,"-0.129559, 0.056509, -0.054870"
2012,HN,-11.530869,17.212038,9.994683,191,['2002'],,"0.003958, 0.030827, 0.063864"
2013,HN,-10.843866,18.492266,10.751339,191,['2002'],,"0.235530, 0.184108, -0.077393"
2014,N,-8.976389,10.666241,11.996286,7,"['1994', '2015', '2018']",,"-0.200628, 0.024104, -0.190358"
2015,CA,-8.124789,9.541203,12.358094,8,"['2014', '2016', '2019', '2020']",,"-0.629182, -0.182624, -0.218622"
2016,C,-6.64161,9.898843,12.166845,9,"['2015', '2017', '2033']",,"-0.288852, -0.137511, 0.293575"
2017,O,-6.226857,10.303419,11.075734,11,['2016'],,"-0.203895, -0.248582, 0.228736"
2018,HN,-9.385509,10.644875,11.051823,10,['2014'],,"-0.152664, 0.029109, -0.297844"
2019,H,-8.29213,9.315309,13.441163,12,['2015'],,"-0.103834, -0.019279, 0.370896"
2020,C,-8.446956,8.271907,11.512538,19,"['2015', '2021', '2024', '2025']",,"-0.089250, -0.295566, -0.034821"
2021,C,-9.901131,7.742998,11.652001,21,"['2020', '2022', '2023', '2026']",,"-0.043933, -0.020450, -0.005623"
2022,C,-10.075809,6.483482,10.770642,23,"['2021', '2027', '2028', '2029']",,"-0.124821, -0.040426, -0.019609"
2023,C,-10.242268,7.391208,13.121611,23,"['2021', '2030', '2031', '2032']",,"-0.092940, 0.016101, -0.038237"
2024,H,-7.72481,7.466997,11.793453,20,['2020'],,"0.049992, -0.052321, -0.029290"
2025,H,-8.23238,8.494164,10.440032,20,['2020'],,"0.018204, 0.009176, 0.032780"
2026,H,-10.605033,8.529575,11.292804,22,['2021'],,"-0.003097, -0.003336, 0.007606"
2027,H,-11.135149,6.143986,10.764689,24,['2022'],,"-0.139341, 0.021125, 0.001131"
2028,H,-9.467284,5.626949,11.137342,24,['2022'],,"-0.040725, 0.028706, 0.029219"
2029,H,-9.802321,6.67459,9.708355,24,['2022'],,"-0.019854, -0.038516, -0.025964"
2030,H,-11.24048,6.901531,13.20364,24,['2023'],,"-0.065514, -0.024261, 0.002402"
2031,H,-10.288854,8.29917,13.764165,24,['2023'],,"-0.029559, 0.025768, -0.008536"
2032,H,-9.494324,6.696348,13.565691,24,['2023'],,"-0.016841, 0.025847, -0.065990"
2033,N,-5.829156,9.565036,13.201046,7,"['2016', '2034', '2037']",,"-0.149524, -0.034927, 0.171002"
2034,CA,-4.375627,9.545162,13.262296,8,"['2033', '2035', '2038', '2039']",,"-0.164805, -0.407802, 0.192992"
2035,C,-3.716052,10.784354,12.647182,9,"['2034', '2036', '2047']",,"0.020348, -0.436033, -0.228979"
2036,O,-3.635858,11.831369,13.30593,11,['2035'],,"0.126806, -0.334350, -0.398485"
2037,HN,-6.264958,9.249932,14.080524,10,['2033'],,"-0.101520, -0.001923, 0.135076"
2038,H,-4.111675,9.63772,14.344597,12,['2034'],,"0.166822, 0.084861, 0.395704"
2039,C,-3.845076,8.170754,12.780667,147,"['2034', '2040', '2043', '2044']",,"0.037371, -0.279166, -0.101486"
2040,C,-4.307351,7.032027,13.691526,149,"['2039', '2041', '2042']",,"-0.081073, -0.062786, -0.221051"
2041,O,-4.128397,7.087836,14.907627,150,['2040'],,"-0.002095, -0.066721, -0.177880"
2042,N,-4.960905,6.014326,13.094139,151,"['2040', '2045', '2046']",,"-0.077290, -0.070992, -0.174403"
2043,H,-2.732341,8.166415,12.794541,148,['2039'],,"0.019357, 0.017789, 0.008866"
2044,H,-4.136289,7.978565,11.722254,148,['2039'],,"-0.038965, -0.016849, -0.067465"
2045,HN,-5.157147,6.032619,12.083756,152,['2042'],,"-0.151151, -0.010257, -0.232332"
2046,HN,-5.302482,5.228224,13.661764,152,['2042'],,"-0.014597, -0.017405, -0.060644"
2047,N,-3.200114,10.731571,11.388784,7,"['2035', '2048', '2051']",,"0.084769, -0.349482, -0.226654"
2048,CA,-2.540686,11.875919,10.754476,8,"['2047', '2049', '2052', '2053']",,"0.454000, -0.373573, 0.117609"
2049,C,-3.463229,13.103769,10.566855,9,"['2048', '2050', '2066']",,"-0.088058, -0.352730, 0.010577"
2050,O,-2.973491,14.227948,10.392817,11,['2049'],,"-0.132618, -0.314577, 0.087732"
2051,HN,-3.359572,9.904797,10.7968,10,['2047'],,"-0.071571, -0.273781, -0.206072"
2052,H,-1.754933,12.236424,11.465995,12,['2048'],,"0.211369, 0.119225, 0.175649"
2053,C,-1.799142,11.556398,9.40181,25,"['2048', '2054', '2055', '2057']",,"-0.042766, -0.082520, -0.310762"
2054,C,-2.804774,11.299135,8.236622,27,"['2053', '2056', '2058', '2059']",,"-0.016818, 0.048453, 0.048876"
2055,C,-0.765135,10.414308,9.583137,29,"['2053', '2060', '2061', '2062']",,"0.019545, -0.068159, 0.077581"
2056,C,-2.211071,10.671913,6.96532,31,"['2054', '2063', '2064', '2065']",,"-0.055366, -0.031185, 0.046959"
2057,H,-1.210257,12.474054,9.143403,26,['2053'],,"0.002453, 0.036568, 0.035542"
2058,H,-3.279864,12.269934,7.958474,28,['2054'],,"-0.036610, 0.012439, -0.014176"
2059,H,-3.644497,10.654104,8.582532,28,['2054'],,"-0.020430, -0.075711, 0.003502"
2060,H,-0.116151,10.293834,8.687517,30,['2055'],,"-0.011380, -0.009298, 0.013843"
2061,H,-1.235366,9.428045,9.786402,30,['2055'],,"-0.070941, -0.052601, -0.013422"
2062,H,-0.077233,10.628753,10.42855,30,['2055'],,"-0.027145, -0.020910, 0.004034"
2063,H,-2.946722,10.677867,6.129834,32,['2056'],,"-0.000437, -0.004501, 0.015344"
2064,H,-1.916937,9.612215,7.132881,32,['2056'],,"-0.006608, -0.018079, 0.040671"
2065,H,-1.310518,11.226044,6.623634,32,['2056'],,"-0.034844, -0.022948, 0.027186"
2066,N,-4.804255,12.888206,10.578497,7,"['2049', '2067', '2070']",,"-0.046617, -0.299416, -0.069546"
2067,CA,-5.852852,13.886798,10.473736,8,"['2066', '2068', '2071', '2072']",,"0.078455, -0.131405, -0.475184"
2068,C,-6.495472,14.259212,11.832641,9,"['2067', '2069', '2090']",,"0.210115, -0.080179, 0.025608"
2069,O,-7.578979,14.846557,11.857515,11,['2068'],,"0.218400, -0.072399, -0.019083"
2070,HN,-5.169176,11.93787,10.725946,10,['2066'],,"-0.116183, -0.358024, 0.050921"
2071,H,-5.404737,14.836941,10.098652,12,['2067'],,"0.178280, 0.374272, -0.019159"
2072,C,-6.972726,13.436543,9.488542,89,"['2067', '2073', '2082', '2083']",,"-0.005003, -0.059695, -0.286891"
2073,C,-6.476172,12.899476,8.149832,91,"['2072', '2074', '2075']",,"-0.255467, -0.026730, 0.321994"
2074,C,-6.583135,11.562252,7.755805,92,"['2073', '2076', '2084']",,"-0.053233, 0.062142, 0.210711"
2075,C,-5.845113,13.573665,7.122596,94,"['2073', '2077', '2078']",,"-0.121658, -0.232348, 0.239840"
2076,N,-6.033063,11.458164,6.505443,95,"['2074', '2077', '2085']",,"-0.050135, -0.056824, 0.054270"
2077,C,-5.570528,12.675066,6.113226,97,"['2075', '2076', '2079']",,"-0.062056, -0.159389, 0.164762"
2078,C,-5.475945,14.917592,7.006218,98,"['2075', '2080', '2086']",,"-0.068841, -0.196540, 0.036050"
2079,C,-4.932819,13.027839,4.93027,100,"['2077', '2081', '2087']",,"-0.026817, -0.151313, 0.072006"
2080,C,-4.837389,15.319645,5.810244,102,"['2078', '2081', '2088']",,"-0.000038, -0.100218, 0.063164"
2081,C,-4.568788,14.382021,4.781287,104,"['2079', '2080', '2089']",,"0.036829, -0.129512, 0.065091"
2082,H,-7.664456,14.291584,9.308352,90,['2072'],,"-0.031378, 0.077408, 0.167691"
2083,H,-7.592413,12.644808,9.975133,90,['2072'],,"-0.020589, -0.043492, 0.082377"
2084,H,-7.010978,10.707367,8.303185,93,['2074'],,"0.000671, 0.003009, 0.062961"
2085,HN,-5.975075,10.586055,5.957854,96,['2076'],,"-0.012315, -0.023027, -0.005595"
2086,H,-5.685265,15.64842,7.809527,99,['2078'],,"-0.023403, -0.029598, -0.021033"
2087,H,-4.721812,12.286684,4.137221,101,['2079'],,"-0.032176, -0.020421, -0.026891"
2088,H,-4.5413,16.378243,5.675299,103,['2080'],,"0.007340, -0.005067, 0.016641"
2089,H,-4.075981,14.711244,3.845614,105,['2081'],,"-0.011943, -0.034637, -0.037627"
2090,N,-5.83625,13.937423,12.97463,7,"['2068', '2091', '2094']",,"0.239225, 0.018918, 0.228358"
2091,CA,-6.279148,14.313559,14.311804,8,"['2090', '2092', '2095', '2096']",,"-0.330890, -0.256696, -0.273427"
2092,C,-5.463485,15.506342,14.804944,233,"['2091', '2093', '2101']",,"-0.420646, -0.539179, -0.063683"
2093,O,-4.376771,15.773407,14.195348,234,['2092'],,"-0.523758, -0.379525, 0.171088"
2094,HN,-4.830629,13.744423,12.928264,10,['2090'],,"0.171187, -0.014322, 0.012357"
2095,H,-7.361702,14.616259,14.287851,12,['2091'],,"-0.452023, 0.124310, -0.039271"
2096,C,-6.095687,13.144766,15.327905,33,"['2091', '2097', '2098', '2099']",,"-0.125383, -0.125170, -0.133803"
2097,OH,-4.716379,12.864562,15.530749,35,"['2096', '2100']",,"-0.208692, -0.123020, -0.217317"
2098,H,-6.622128,12.230151,14.980117,34,['2096'],,"-0.131757, 0.002972, -0.105450"
2099,H,-6.550926,13.403921,16.311031,34,['2096'],,"-0.010738, -0.017090, -0.084943"
2100,HO,-4.432235,12.37242,14.76064,36,['2097'],,"0.101411, -0.190639, -0.321037"
2101,O,-5.908977,16.202642,15.760065,234,['2092'],,"0.312464, -0.331972, -0.156445"
