atom_number,atom_name,x,y,z,atom_type,bonds,Multipole_Atoms
1,N,-7.733918,-4.859904,-14.318299,231,"['2', '5', '6', '7']","2, 5, 6, 1"
2,CA,-6.427794,-5.392726,-13.928081,8,"['1', '3', '8', '9']","1, 3, 7, 3"
3,C,-6.556494,-6.909471,-13.704645,9,"['2', '4', '22']","2, 4, 6"
4,O,-7.489723,-7.54528,-14.210699,11,['3'],3
5,H,-7.771349,-3.850904,-14.350109,232,['1'],1
6,H,-8.466612,-5.170451,-13.686209,232,['1'],1
7,H,-8.006348,-5.181763,-15.239277,232,['1'],1
8,H,-5.743931,-5.251987,-14.797314,12,['2'],2
9,C,-5.888161,-4.629073,-12.681888,19,"['2', '10', '13', '14']","2, 4, 8, 9"
10,C,-5.804191,-3.075647,-12.767779,21,"['9', '11', '12', '15']","3, 5, 6, 7"
11,C,-5.198951,-2.515208,-11.453814,23,"['10', '16', '17', '18']","4, 6, 8, 9"
12,C,-4.940642,-2.642701,-13.975132,23,"['10', '19', '20', '21']","4, 8, 9, 7"
13,H,-4.862639,-5.005308,-12.445186,20,['9'],3
14,H,-6.52218,-4.913766,-11.805829,20,['9'],3
15,H,-6.830194,-2.649267,-12.889229,22,['10'],4
16,H,-5.151209,-1.402969,-11.47421,24,['11'],5
17,H,-4.160343,-2.87926,-11.27742,24,['11'],5
18,H,-5.806961,-2.790062,-10.561593,24,['11'],5
19,H,-4.769698,-1.540071,-13.965112,24,['12'],6
20,H,-5.405476,-2.876573,-14.957703,24,['12'],6
21,H,-3.935179,-3.123792,-13.960693,24,['12'],6
22,N,-5.621396,-7.521653,-12.939023,7,"['3', '23', '26']","3, 8, 6"
23,CA,-5.755274,-8.873158,-12.421526,8,"['22', '24', '27', '28']","6, 9, 8, 9"
24,C,-4.764603,-9.060001,-11.263349,9,"['23', '25', '40']","8, 7, 11"
25,O,-3.659572,-8.516747,-11.297608,11,['24'],9
26,HN,-4.748916,-7.058882,-12.647488,10,['22'],6
27,H,-6.786274,-8.966429,-12.002353,12,['23'],8
28,C,-5.542444,-9.948803,-13.517922,106,"['23', '29', '34', '35']","8, 8, 9, 10"
29,C,-4.194689,-9.938246,-14.176022,108,"['28', '30', '31']","9, 9, 8"
30,N,-3.911608,-9.394506,-15.408468,109,"['29', '32', '36']","8, 9, 11"
31,C,-3.00681,-10.421683,-13.678325,111,"['29', '33', '37']","8, 8, 7"
32,C,-2.589884,-9.55544,-15.680146,113,"['30', '33', '38']","9, 8, 6"
33,N,-2.040735,-10.17387,-14.618871,115,"['31', '32', '39']","8, 9, 10"
34,H,-6.337808,-9.858156,-14.295384,107,['28'],9
35,H,-5.665595,-10.963629,-13.074334,107,['28'],9
36,HN,-4.582368,-8.983534,-16.067331,110,['30'],9
37,H,-2.807977,-10.915509,-12.744125,112,['31'],8
38,H,-2.102285,-9.284531,-16.599878,114,['32'],9
39,HN,-1.049581,-10.432533,-14.490715,116,['33'],8
40,N,-5.206529,-9.810888,-10.227978,7,"['24', '41', '44']","9, 8, 9"
41,CA,-4.459912,-10.197653,-9.034408,8,"['40', '42', '45', '46']","11, 9, 12, 13"
42,C,-3.657014,-11.47375,-9.372156,9,"['41', '43', '62']","8, 8, 9"
43,O,-4.181353,-12.359878,-10.048643,11,['42'],9
44,HN,-6.123298,-10.26863,-10.314995,10,['40'],11
45,H,-3.746484,-9.384802,-8.754009,12,['41'],8
46,C,-5.474556,-10.47697,-7.871681,182,"['41', '47', '51', '52']","8, 12, 7, 3"
47,C,-6.237231,-9.225208,-7.346699,184,"['46', '48', '53', '54']","13, 7, 5, 6"
48,C,-7.487043,-9.536108,-6.470486,186,"['47', '49', '55', '56']","12, 14, 16, 9"
49,C,-8.312919,-8.279749,-6.097778,188,"['48', '50', '57', '58']","7, 15, 16, 9"
50,N,-9.321895,-8.486945,-5.056723,190,"['49', '59', '60', '61']","14, 16, 6, 8"
51,H,-4.93724,-10.960883,-7.029785,183,['46'],13
52,H,-6.198931,-11.257887,-8.202969,183,['46'],13
53,H,-6.552283,-8.593932,-8.211592,185,['47'],12
54,H,-5.527909,-8.592887,-6.75973,185,['47'],12
55,H,-7.159424,-10.063418,-5.543627,187,['48'],7
56,H,-8.148668,-10.254947,-7.008499,187,['48'],7
57,H,-8.821594,-7.87652,-7.004809,189,['49'],14
58,H,-7.635512,-7.475281,-5.747837,189,['49'],14
59,HN,-9.96174,-7.699253,-4.99468,191,['50'],15
60,HN,-8.914386,-8.56803,-4.12968,191,['50'],15
61,HN,-9.895221,-9.312447,-5.201989,191,['50'],15
62,N,-2.372966,-11.555689,-8.929271,7,"['42', '63', '66']","9, 17, 17"
63,CA,-1.438437,-12.670423,-9.0976,8,"['62', '64', '67', '68']","9, 17, 18, 17"
64,C,-0.910333,-13.11155,-7.711685,9,"['63', '65', '77']","17, 18, 17"
65,O,-0.745083,-12.280054,-6.813667,11,['64'],17
66,HN,-1.976615,-10.782171,-8.379665,10,['62'],9
67,H,-1.990494,-13.523212,-9.563777,12,['63'],17
68,C,-0.215712,-12.258237,-9.986686,153,"['63', '69', '73', '74']","17, 18, 17, 18"
69,C,-0.575683,-11.665103,-11.368944,155,"['68', '70', '75', '76']","17, 8, 17, 18"
70,C,0.530738,-11.564052,-12.400987,157,"['69', '71', '72']","18, 9, 17"
71,O,1.588075,-12.249151,-12.256108,158,['70'],8
72,O,0.392184,-10.761736,-13.365253,158,['70'],8
73,H,0.410431,-13.167541,-10.148152,154,['68'],17
74,H,0.429921,-11.534076,-9.437669,154,['68'],17
75,H,-1.001873,-10.646132,-11.218881,156,['69'],18
76,H,-1.390493,-12.293491,-11.798187,156,['69'],18
77,N,-0.605348,-14.427429,-7.506526,50,"['64', '78', '84']","17, 19, 18"
78,CA,-0.156101,-14.95046,-6.20973,51,"['77', '79', '81', '82']","17, 20, 9, 17"
79,C,1.268196,-14.539119,-5.802176,52,"['78', '80', '91']","19, 8, 22"
80,O,2.213493,-14.597763,-6.597263,53,['79'],20
81,H,-0.869436,-14.640495,-5.403536,54,['78'],19
82,C,-0.231983,-16.483049,-6.427456,55,"['78', '83', '85', '86']","19, 17, 17, 18"
83,C,0.198141,-16.592291,-7.894637,57,"['82', '84', '87', '88']","17, 18, 17, 21"
84,C,-0.679478,-15.492172,-8.502769,59,"['77', '83', '89', '90']","17, 17, 8, 9"
85,H,-1.281902,-16.850209,-6.304732,56,['82'],17
86,H,0.400883,-17.073167,-5.728387,56,['82'],17
87,H,0.017973,-17.593451,-8.345972,58,['83'],17
88,H,1.281791,-16.344002,-8.014233,58,['83'],17
89,H,-1.733202,-15.848561,-8.612529,60,['84'],18
90,H,-0.315124,-15.202044,-9.511973,60,['84'],18
91,N,1.442811,-14.22079,-4.496659,7,"['79', '92', '95']","20, 22, 24"
92,CA,2.7201,-13.940867,-3.856363,8,"['91', '93', '96', '97']","22, 23, 25, 22"
93,C,2.665937,-14.423042,-2.400877,9,"['92', '94', '101']","22, 22, 23"
94,O,1.590444,-14.570491,-1.823932,11,['93'],23
95,HN,0.637867,-14.160293,-3.852716,10,['91'],22
96,H,3.528071,-14.507146,-4.378988,12,['92'],22
97,C,2.993083,-12.419459,-3.932153,13,"['92', '98', '99', '100']","22, 22, 23, 22"
98,H,3.964353,-12.154177,-3.461892,14,['97'],22
99,H,2.196179,-11.838992,-3.414876,14,['97'],22
100,H,3.034249,-12.072099,-4.98981,14,['97'],22
101,N,3.83618,-14.71043,-1.783698,7,"['93', '102', '105']","23, 22, 23"
102,CA,3.933686,-15.057002,-0.367701,8,"['101', '103', '106', '107']","23, 23, 8, 9"
103,C,4.686164,-13.94062,0.361002,9,"['102', '104', '115']","22, 22, 24"
104,O,5.579907,-13.28784,-0.19032,11,['103'],23
105,HN,4.72802,-14.614405,-2.291164,10,['101'],23
106,H,2.905691,-15.107476,0.075291,12,['102'],22
107,C,4.618205,-16.433693,-0.112342,37,"['102', '108', '109', '110']","22, 26, 24, 25"
108,OH,5.918225,-16.43843,-0.690022,39,"['107', '111']","9, 26"
109,C,3.828211,-17.594774,-0.743261,41,"['107', '112', '113', '114']","9, 27, 28, 27"
110,H,4.719594,-16.583796,0.99097,38,['107'],9
111,HO,6.406545,-17.165964,-0.324707,40,['108'],26
112,H,4.243881,-18.583492,-0.44375,42,['109'],24
113,H,3.853855,-17.542822,-1.852892,42,['109'],24
114,H,2.755988,-17.583998,-0.444197,42,['109'],24
115,N,4.336469,-13.729331,1.65539,7,"['103', '116', '119']","23, 25, 26"
116,CA,5.076488,-12.829565,2.526705,8,"['115', '117', '120', '121']","24, 8, 24, 25"
117,C,6.455543,-13.443496,2.792626,9,"['116', '118', '134']","25, 9, 27"
118,O,6.57083,-14.614431,3.172753,11,['117'],8
119,HN,3.508941,-14.183073,2.066914,10,['115'],24
120,H,5.195721,-11.85731,1.994955,12,['116'],25
121,C,4.337969,-12.592287,3.873352,19,"['116', '122', '125', '126']","25, 26, 27, 29"
122,C,5.064953,-11.608753,4.845447,21,"['121', '123', '124', '127']","25, 27, 28, 8"
123,C,5.152166,-10.185434,4.242689,23,"['122', '128', '129', '130']","26, 9, 26, 29"
124,C,4.300422,-11.554,6.186339,23,"['122', '131', '132', '133']","26, 26, 27, 28"
125,H,4.209395,-13.57748,4.38641,20,['121'],25
126,H,3.299954,-12.230385,3.674677,20,['121'],25
127,H,6.100252,-11.970435,5.061129,22,['122'],26
128,H,5.497886,-9.441259,4.994679,24,['123'],27
129,H,4.170339,-9.82584,3.862626,24,['123'],27
130,H,5.875099,-10.129036,3.400283,24,['123'],27
131,H,4.778465,-10.847432,6.901453,24,['124'],28
132,H,4.277723,-12.549969,6.684736,24,['124'],28
133,H,3.244643,-11.232364,6.055116,24,['124'],28
134,N,7.501938,-12.596147,2.634982,7,"['117', '135', '138']","8, 24, 9"
135,CA,8.846819,-12.82047,3.126284,8,"['134', '136', '139', '140']","27, 25, 30, 31"
136,C,8.993628,-12.091137,4.463044,9,"['135', '137', '153']","24, 8, 8"
137,O,9.280552,-12.730957,5.47481,11,['136'],25
138,HN,7.346853,-11.670369,2.210399,10,['134'],27
139,H,8.970038,-13.902564,3.379084,12,['135'],24
140,C,9.964884,-12.442792,2.092078,25,"['135', '141', '142', '144']","24, 8, 9, 33"
141,C,9.840343,-13.370833,0.840599,27,"['140', '143', '145', '146']","31, 32, 34, 35"
142,C,11.379444,-12.572654,2.723862,29,"['140', '147', '148', '149']","31, 8, 9, 3"
143,C,10.78885,-12.997058,-0.308277,31,"['141', '150', '151', '152']","8, 5, 1, 4"
144,H,9.808904,-11.382886,1.776602,26,['140'],31
145,H,8.795207,-13.333611,0.452746,28,['141'],8
146,H,10.007623,-14.434769,1.131142,28,['141'],8
147,H,12.192334,-12.292223,2.020404,30,['142'],9
148,H,11.583846,-13.607676,3.079262,30,['142'],9
149,H,11.497836,-11.90462,3.606243,30,['142'],9
150,H,10.57356,-13.602869,-1.21564,32,['143'],32
151,H,11.852379,-13.176583,-0.039748,32,['143'],32
152,H,10.683561,-11.927581,-0.595591,32,['143'],32
153,N,8.797642,-10.747194,4.499456,7,"['136', '154', '157']","25, 9, 30"
154,CA,8.911716,-9.953227,5.720004,8,"['153', '155', '158', '159']","8, 8, 31, 8"
155,C,8.278442,-8.566034,5.524287,9,"['154', '156', '175']","9, 9, 8"
156,O,8.291141,-8.013602,4.420182,11,['155'],8
157,HN,8.533509,-10.214386,3.655155,10,['153'],8
158,H,8.340275,-10.483688,6.522413,12,['154'],9
159,C,10.417766,-9.838528,6.115889,182,"['154', '160', '164', '165']","9, 9, 33, 34"
160,C,10.670382,-9.328797,7.553541,184,"['159', '161', '166', '167']","8, 8, 35, 8"
161,C,12.12996,-9.55521,8.021574,186,"['160', '162', '168', '169']","9, 9, 9, 8"
162,C,12.37917,-10.790244,8.91998,188,"['161', '163', '170', '171']","8, 32, 9, 3"
163,N,12.055188,-12.102299,8.366227,190,"['162', '172', '173', '174']","9, 5, 1, 4"
164,H,10.94509,-9.177002,5.386546,183,['159'],8
165,H,10.894796,-10.841341,6.005295,183,['159'],8
166,H,9.961811,-9.788952,8.281029,185,['160'],9
167,H,10.449204,-8.231327,7.586725,185,['160'],9
168,H,12.44774,-8.657486,8.608549,187,['161'],8
169,H,12.822726,-9.565456,7.14956,187,['161'],8
170,H,11.833102,-10.677338,9.883447,189,['162'],9
171,H,13.45819,-10.80542,9.201922,189,['162'],9
172,HN,12.301077,-12.826582,9.042245,191,['163'],32
173,HN,12.576668,-12.299197,7.513551,191,['163'],32
174,HN,11.064202,-12.260545,8.182753,191,['163'],32
175,N,7.706115,-8.004168,6.617372,7,"['155', '176', '179']","8, 9, 12"
176,CA,7.132499,-6.660587,6.685366,8,"['175', '177', '180', '181']","8, 8, 8, 9"
177,C,8.278554,-5.678701,6.947982,9,"['176', '178', '185']","9, 9, 9"
178,O,9.067828,-5.909436,7.864629,11,['177'],8
179,HN,7.801514,-8.469833,7.529524,10,['175'],8
180,H,6.628211,-6.412835,5.721427,12,['176'],9
181,C,6.115314,-6.579499,7.848227,13,"['176', '182', '183', '184']","9, 8, 9, 36"
182,H,5.700155,-5.546748,7.929227,14,['181'],9
183,H,6.591851,-6.80383,8.829386,14,['181'],9
184,H,5.262512,-7.281934,7.713612,14,['181'],9
185,N,8.393615,-4.616087,6.110368,7,"['177', '186', '189']","8, 8, 9"
186,CA,9.4799,-3.642471,6.176119,8,"['185', '187', '190', '191']","9, 9, 37, 38"
187,C,9.060615,-2.414428,6.988667,9,"['186', '188', '204']","8, 8, 8"
188,O,9.684004,-2.088933,8.000753,11,['187'],9
189,HN,7.645274,-4.390016,5.438383,10,['185'],9
190,H,10.333403,-4.08276,6.748686,12,['186'],8
191,C,10.011241,-3.255609,4.748684,25,"['186', '192', '193', '195']","8, 8, 9, 9"
192,C,10.488499,-4.539024,3.990608,27,"['191', '194', '196', '197']","38, 36, 8, 9"
193,C,11.164487,-2.217212,4.845691,29,"['191', '198', '199', '200']","38, 8, 9, 37"
194,C,10.804411,-4.297519,2.507644,31,"['192', '201', '202', '203']","8, 38, 8, 9"
195,H,9.164835,-2.795502,4.178819,26,['191'],38
196,H,9.694693,-5.319012,4.045145,28,['192'],8
197,H,11.37297,-4.983541,4.505481,28,['192'],8
198,H,11.503719,-1.86994,3.845597,30,['193'],9
199,H,12.043144,-2.602118,5.408226,30,['193'],9
200,H,10.823091,-1.292343,5.36617,30,['193'],9
201,H,11.000271,-5.253553,1.973946,32,['194'],36
202,H,11.696659,-3.647913,2.383848,32,['194'],36
203,H,9.949123,-3.793903,2.005101,32,['194'],36
204,N,8.024215,-1.691978,6.503369,7,"['187', '205', '208']","9, 9, 1"
205,CA,7.457348,-0.514273,7.155449,8,"['204', '206', '209', '210']","8, 8, 4, 39"
206,C,5.977104,-0.430919,6.758129,9,"['205', '207', '216']","9, 9, 9"
207,O,5.30036,-1.461679,6.640269,11,['206'],8
208,HN,7.629269,-1.89398,5.5705,10,['204'],8
209,H,7.46593,-0.686339,8.256812,12,['205'],9
210,C,8.332136,0.724284,6.8202,137,"['205', '211', '214', '215']","9, 1, 9, 36"
211,C,8.592298,0.930692,5.34222,139,"['210', '212', '213']","39, 4, 8"
212,O,7.640855,0.775001,4.532898,140,['211'],1
213,O,9.779379,1.137869,4.991094,140,['211'],1
214,H,9.308768,0.601739,7.342405,138,['210'],39
215,H,7.907135,1.662668,7.243427,138,['210'],39
216,N,5.411199,0.796737,6.695684,1,"['206', '217', '220']","8, 8, 38"
217,CA,4.053102,1.043799,6.301976,2,"['216', '218', '221', '222']","9, 9, 40, 6"
218,C,3.73142,0.973591,4.81649,3,"['217', '219', '223']","8, 37, 3"
219,O,2.621464,0.559141,4.461643,5,['218'],9
220,HN,5.901835,1.615308,7.07247,4,['216'],9
221,H,3.380005,0.327271,6.822924,6,['217'],8
222,H,3.741012,2.048067,6.660129,6,['217'],8
223,N,4.665533,1.365021,3.908711,7,"['218', '224', '227']","9, 5, 1"
224,CA,4.402016,1.381312,2.471052,8,"['223', '225', '228', '229']","3, 1, 4, 40"
225,C,5.369438,0.549851,1.622562,9,"['224', '226', '235']","5, 4, 32"
226,O,5.201216,0.478494,0.393301,11,['225'],1
227,HN,5.633115,1.594934,4.192698,10,['223'],3
228,H,3.439932,0.838553,2.297999,12,['224'],5
229,C,4.169895,2.828384,1.946322,137,"['224', '230', '233', '234']","5, 6, 30, 31"
230,C,5.319121,3.802523,2.014079,139,"['229', '231', '232']","40, 41, 42"
231,O,6.461299,3.454795,1.588969,140,['230'],6
232,O,5.091223,4.970212,2.435568,140,['230'],6
233,H,3.303152,3.260802,2.501885,138,['229'],40
234,H,3.832695,2.773891,0.885463,138,['229'],40
235,N,6.309896,-0.20978,2.238893,7,"['225', '236', '239']","1, 33, 41"
236,CA,7.087389,-1.246188,1.590189,8,"['235', '237', '240', '241']","32, 34, 42, 7"
237,C,6.95152,-2.565545,2.373565,9,"['236', '238', '249']","33, 35, 45"
238,O,6.82291,-2.622711,3.603567,11,['237'],34
239,HN,6.581624,-0.054192,3.221177,10,['235'],32
240,H,6.636891,-1.418065,0.58277,12,['236'],33
241,C,8.586269,-0.881783,1.359792,37,"['236', '242', '243', '244']","33, 3, 5, 6"
242,OH,9.32508,-0.890198,2.571255,39,"['241', '245']","7, 16"
243,C,8.799842,0.490554,0.683851,41,"['241', '246', '247', '248']","7, 6, 43, 44"
244,H,9.019496,-1.678138,0.706352,38,['241'],7
245,HO,9.047745,-0.165437,3.120733,40,['242'],3
246,H,9.878132,0.686558,0.497743,42,['243'],5
247,H,8.413017,1.321053,1.322668,42,['243'],5
248,H,8.260562,0.533139,-0.285388,42,['243'],5
249,N,7.021726,-3.684963,1.612371,7,"['237', '250', '253']","34, 43, 47"
250,CA,6.947947,-5.059661,2.08517,8,"['249', '251', '254', '255']","45, 46, 48, 49"
251,C,7.775017,-5.954329,1.14918,9,"['250', '252', '265']","43, 46, 48"
252,O,7.841681,-5.731829,-0.065687,11,['251'],46
253,HN,7.145174,-3.591131,0.59276,10,['249'],45
254,H,7.407294,-5.108354,3.104327,12,['250'],43
255,C,5.447881,-5.509247,2.202655,15,"['250', '256', '257', '258']","43, 50, 50, 51"
256,C,4.680199,-5.416108,0.857625,17,"['255', '259', '260', '261']","49, 52, 53, 54"
257,C,5.330281,-6.941762,2.773916,17,"['255', '262', '263', '264']","49, 54, 55, 47"
258,H,4.964331,-4.808421,2.931489,16,['255'],49
259,H,3.616454,-5.7255,0.965817,18,['256'],50
260,H,5.135834,-6.055162,0.070136,18,['256'],50
261,H,4.667194,-4.373508,0.467357,18,['256'],50
262,H,4.268717,-7.235145,2.932359,18,['257'],50
263,H,5.837067,-7.032376,3.759309,18,['257'],50
264,H,5.78371,-7.704854,2.105417,18,['257'],50
265,N,8.456262,-6.987066,1.702673,7,"['251', '266', '269']","46, 56, 57"
266,CA,9.211674,-7.970628,0.943371,8,"['265', '267', '270', '271']","48, 45, 58, 51"
267,C,8.298299,-9.181978,0.717629,9,"['266', '268', '287']","56, 50, 53"
268,O,7.851607,-9.822108,1.68217,11,['267'],45
269,HN,8.335832,-7.208553,2.70009,10,['265'],48
270,H,9.474944,-7.514441,-0.042149,12,['266'],56
271,C,10.52123,-8.404353,1.676826,182,"['266', '272', '276', '277']","56, 53, 44, 54"
272,C,11.60411,-8.949722,0.703413,184,"['271', '273', '278', '279']","51, 59, 47, 43"
273,C,12.62796,-7.856314,0.301519,186,"['272', '274', '280', '281']","53, 56, 60, 60"
274,C,13.510706,-8.222376,-0.91829,188,"['273', '275', '282', '283']","59, 43, 49, 50"
275,N,14.445721,-7.149154,-1.255573,190,"['274', '284', '285', '286']","56, 61, 58, 51"
276,H,10.266892,-9.182769,2.433485,183,['271'],51
277,H,10.927906,-7.561952,2.283418,183,['271'],51
278,H,11.110453,-9.379886,-0.200457,185,['272'],53
279,H,12.142309,-9.801428,1.183104,185,['272'],53
280,H,13.276755,-7.631512,1.182832,187,['273'],59
281,H,12.08056,-6.907915,0.080949,187,['273'],59
282,H,12.877607,-8.428495,-1.807749,189,['274'],56
283,H,14.091798,-9.149921,-0.721059,189,['274'],56
284,HN,15.040462,-7.356746,-2.061539,191,['275'],43
285,HN,15.081728,-6.937445,-0.489385,191,['275'],43
286,HN,13.906235,-6.303565,-1.452424,191,['275'],43
287,N,8.035998,-9.520333,-0.565562,7,"['267', '288', '291']","45, 62, 48"
288,CA,7.198402,-10.624884,-1.0059,8,"['287', '289', '292', '293']","53, 48, 63, 54"
289,C,7.989121,-11.481525,-2.002447,9,"['288', '290', '306']","62, 56, 61"
290,O,8.913629,-11.007398,-2.670156,11,['289'],48
291,HN,8.562476,-9.072961,-1.330348,10,['287'],53
292,H,6.933559,-11.266508,-0.13093,12,['288'],62
293,C,5.910085,-10.101475,-1.713823,19,"['288', '294', '297', '298']","62, 56, 51, 58"
294,C,5.050786,-9.072576,-0.926089,21,"['293', '295', '296', '299']","54, 64, 58, 61"
295,C,3.846726,-8.631705,-1.794835,23,"['294', '300', '301', '302']","56, 56, 48, 56"
296,C,4.532334,-9.683781,0.394718,23,"['294', '303', '304', '305']","56, 54, 63, 48"
297,H,5.277971,-10.981711,-1.980669,20,['293'],54
298,H,6.204488,-9.648263,-2.689502,20,['293'],54
299,H,5.667966,-8.16923,-0.696614,22,['294'],56
300,H,3.210221,-7.890931,-1.2603,24,['295'],64
301,H,3.190864,-9.484542,-2.081211,24,['295'],64
302,H,4.179783,-8.142682,-2.738107,24,['295'],64
303,H,3.820801,-9.003112,0.914244,24,['296'],58
304,H,5.364874,-9.865106,1.107199,24,['296'],58
305,H,4.007572,-10.653121,0.239544,24,['296'],58
306,N,7.585582,-12.763975,-2.148197,7,"['289', '307', '310']","48, 52, 51"
307,CA,8.052183,-13.670112,-3.178503,8,"['306', '308', '311', '312']","61, 58, 65, 66"
308,C,6.966395,-13.674233,-4.26115,9,"['307', '309', '323']","52, 58, 70"
309,O,5.823665,-14.070655,-4.009832,11,['308'],58
310,HN,6.799625,-13.111965,-1.58288,10,['306'],61
311,H,9.010822,-13.278124,-3.591087,12,['307'],52
312,C,8.269411,-15.104036,-2.615384,175,"['307', '313', '316', '317']","52, 67, 68, 67"
313,C,8.894826,-16.063789,-3.645706,177,"['312', '314', '318', '319']","66, 68, 68, 67"
314,S,8.972743,-17.780099,-3.043901,179,"['313', '315']","67, 67"
315,C,10.390528,-17.687104,-1.916246,180,"['314', '320', '321', '322']","68, 69, 70, 71"
316,H,7.282974,-15.502096,-2.280797,176,['312'],66
317,H,8.903142,-15.058808,-1.701991,176,['312'],66
318,H,9.90833,-15.709248,-3.939071,178,['313'],67
319,H,8.282706,-16.04964,-4.575752,178,['313'],67
320,H,10.58493,-18.702058,-1.505139,181,['315'],67
321,H,10.167641,-16.992726,-1.077581,181,['315'],67
322,H,11.29463,-17.345078,-2.465654,181,['315'],67
323,N,7.326292,-13.216991,-5.480532,7,"['308', '324', '327']","58, 72, 70"
324,CA,6.48363,-13.109673,-6.662074,8,"['323', '325', '328', '329']","70, 73, 75, 76"
325,C,7.221786,-13.781296,-7.823999,9,"['324', '326', '344']","72, 74, 85"
326,O,8.406468,-13.520332,-8.037478,11,['325'],73
327,HN,8.316444,-12.995117,-5.664093,10,['323'],70
328,H,5.513447,-13.63557,-6.483552,12,['324'],72
329,C,6.223278,-11.610465,-6.964352,70,"['324', '330', '337', '338']","72, 76, 79, 80"
330,C,5.5731,-11.390407,-8.313943,72,"['329', '331', '332']","76, 76, 77"
331,C,4.245427,-11.78914,-8.544426,73,"['330', '333', '339']","76, 78, 81"
332,C,6.292731,-10.822769,-9.376855,73,"['330', '334', '340']","76, 78, 82"
333,C,3.668066,-11.615255,-9.801319,75,"['331', '335', '341']","76, 78, 83"
334,C,5.70473,-10.617859,-10.626787,75,"['332', '335', '342']","77, 78, 81"
335,C,4.383466,-11.020188,-10.845954,77,"['333', '334', '336']","78, 78, 78"
336,OH,3.847429,-10.836343,-12.085823,78,"['335', '343']","78, 84"
337,H,7.186002,-11.04606,-6.936054,71,['329'],76
338,H,5.579258,-11.157068,-6.174623,71,['329'],76
339,H,3.649658,-12.251592,-7.738467,74,['331'],76
340,H,7.349279,-10.542184,-9.236375,74,['332'],77
341,H,2.636496,-11.953419,-9.977951,76,['333'],78
342,H,6.298355,-10.154173,-11.432072,76,['334'],78
343,HO,3.022558,-11.331308,-12.111781,79,['336'],78
344,N,6.523578,-14.69814,-8.544324,7,"['325', '345', '348']","73, 86, 89"
345,CA,7.076199,-15.561974,-9.580529,8,"['344', '346', '349', '350']","85, 87, 90, 91"
346,C,8.312513,-16.327423,-9.077933,9,"['345', '347', '366']","86, 88"
347,O,9.309671,-16.445796,-9.783532,11,['346'],87
348,HN,5.526747,-14.856338,-8.344958,10,['344'],85
349,H,6.329056,-16.363214,-9.799773,12,['345'],86
350,C,7.382037,-14.780012,-10.89719,182,"['345', '351', '355', '356']","86, 92, 96, 97"
351,C,6.117929,-14.259541,-11.618237,184,"['350', '352', '357', '358']","91, 93, 98, 99"
352,C,6.443647,-13.330177,-12.816995,186,"['351', '353', '359', '360']","92, 94, 100, 101"
353,C,5.216429,-13.091566,-13.731664,188,"['352', '354', '361', '362']","93, 95, 102, 103"
354,N,5.165622,-11.742608,-14.28432,190,"['353', '363', '364', '365']","94, 104, 105, 106"
355,H,7.922015,-15.464347,-11.596691,183,['350'],91
356,H,8.093732,-13.950929,-10.671079,183,['350'],91
357,H,5.450909,-13.729312,-10.900442,185,['351'],92
358,H,5.549652,-15.14885,-11.984241,185,['351'],92
359,H,7.255696,-13.789744,-13.432634,187,['352'],93
360,H,6.856443,-12.374392,-12.420096,187,['352'],93
361,H,4.275419,-13.233322,-13.149489,189,['353'],94
362,H,5.188634,-13.828131,-14.566667,189,['353'],94
363,HN,4.225568,-11.517369,-14.589592,191,['354'],95
364,HN,5.788213,-11.568446,-15.066695,191,['354'],95
365,HN,5.361944,-11.051024,-13.567929,191,['354'],95
366,N,8.251408,-16.815898,-7.811512,1,"['346', '367', '370']",87
367,CA,9.347354,-17.517643,-7.185751,2,"['366', '368', '371', '372']",
368,C,10.618245,-16.728064,-6.87081,3,"['367', '369', '373']",
369,O,11.677499,-17.324537,-6.648597,5,['368'],
370,HN,7.376351,-16.789535,-7.266929,4,['366'],
371,H,9.006581,-17.984214,-6.234322,6,['367'],
372,H,9.648142,-18.373095,-7.834951,6,['367'],
373,N,10.590845,-15.374132,-6.918963,7,"['368', '374', '377']",
374,CA,11.741478,-14.499736,-6.704127,8,"['373', '375', '378', '379']",
375,C,11.4346,-13.50433,-5.576341,9,"['374', '376', '390']",
376,O,10.288274,-13.080957,-5.418939,11,['375'],
377,HN,9.719273,-14.856131,-7.095394,10,['373'],
378,H,12.62233,-15.123159,-6.4184,12,['374'],
379,C,12.053015,-13.700845,-8.006543,167,"['374', '380', '384', '385']",
380,C,12.558649,-14.557772,-9.193652,169,"['379', '381', '386', '387']",
381,C,14.004926,-15.02648,-9.031504,171,"['380', '382', '383']",
382,O,14.859736,-14.27975,-8.535848,172,['381'],
383,N,14.271388,-16.279288,-9.461729,173,"['381', '388', '389']",
384,H,12.808704,-12.911132,-7.792154,168,['379'],
385,H,11.125331,-13.161269,-8.317997,168,['379'],
386,H,12.521102,-13.953834,-10.129908,170,['380'],
387,H,11.86599,-15.4152,-9.368706,170,['380'],
388,HN,13.541063,-16.883971,-9.858713,174,['383'],
389,HN,15.227133,-16.651068,-9.356193,174,['383'],
390,N,12.447599,-13.080273,-4.764739,50,"['375', '391', '397']",
391,CA,12.234736,-12.08607,-3.714806,51,"['390', '392', '394', '395']",
392,C,12.327786,-10.654023,-4.251656,52,"['391', '393', '404']",
393,O,13.328114,-10.261645,-4.863813,53,['392'],
394,H,11.240066,-12.232967,-3.220477,54,['391'],
395,C,13.36549,-12.395226,-2.713969,55,"['391', '396', '398', '399']",
396,C,14.509862,-12.803212,-3.640319,57,"['395', '397', '400', '401']",
397,C,13.790953,-13.643854,-4.702285,59,"['390', '396', '402', '403']",
398,H,13.092086,-13.23621,-2.038987,56,['395'],
399,H,13.627724,-11.532492,-2.060806,56,['395'],
400,H,15.31425,-13.34426,-3.096367,58,['396'],
401,H,14.967493,-11.897355,-4.106916,58,['396'],
402,H,13.759662,-14.716851,-4.397904,60,['397'],
403,H,14.31728,-13.587454,-5.683714,60,['397'],
404,N,11.280379,-9.839379,-3.991871,7,"['392', '405', '408']",
405,CA,11.16939,-8.4431,-4.366336,8,"['404', '406', '409', '410']",
406,C,10.730189,-7.603484,-3.166302,9,"['405', '407', '421']",
407,O,9.877681,-7.999732,-2.36856,11,['406'],
408,HN,10.478009,-10.183032,-3.443071,10,['404'],
409,H,12.170124,-8.070867,-4.701403,12,['405'],
410,C,10.126421,-8.252509,-5.51073,175,"['405', '411', '414', '415']",
411,C,10.560801,-8.884088,-6.850036,177,"['410', '412', '416', '417']",
412,S,9.296511,-8.796993,-8.151863,179,"['411', '413']",
413,C,8.842973,-7.045081,-8.145236,180,"['412', '418', '419', '420']",
414,H,9.955852,-7.157133,-5.648716,176,['410'],
415,H,9.147377,-8.67341,-5.180986,176,['410'],
416,H,10.831724,-9.952745,-6.694263,178,['411'],
417,H,11.489176,-8.377418,-7.201424,178,['411'],
418,H,8.219665,-6.824872,-9.038482,181,['413'],
419,H,9.758581,-6.41328,-8.174799,181,['413'],
420,H,8.253236,-6.812357,-7.232956,181,['413'],
421,N,11.280208,-6.374342,-3.073529,7,"['406', '422', '425']",
422,CA,10.728755,-5.300197,-2.275518,8,"['421', '423', '426', '427']",
423,C,9.61979,-4.69542,-3.152049,9,"['422', '424', '435']",
424,O,9.893187,-4.323423,-4.294604,11,['423'],
425,HN,11.946484,-6.070604,-3.797405,10,['421'],
426,H,10.298163,-5.705376,-1.327744,12,['422'],
427,C,11.781471,-4.190882,-1.949169,37,"['422', '428', '429', '430']",
428,OH,12.8909,-4.778405,-1.254606,39,"['427', '431']",
429,C,11.163768,-3.116139,-1.029581,41,"['427', '432', '433', '434']",
430,H,12.15049,-3.737134,-2.901402,38,['427'],
431,HO,13.498621,-4.061665,-1.095801,40,['428'],
432,H,11.900206,-2.346159,-0.708975,42,['429'],
433,H,10.727712,-3.560455,-0.108736,42,['429'],
434,H,10.337191,-2.570979,-1.538754,42,['429'],
435,N,8.388983,-4.560086,-2.620471,7,"['423', '436', '439']",
436,CA,7.267643,-3.865363,-3.231438,8,"['435', '437', '440', '441']",
437,C,7.035973,-2.571523,-2.444665,9,"['436', '438', '455']",
438,O,7.143481,-2.554373,-1.217339,11,['437'],
439,HN,8.219072,-4.83813,-1.645289,10,['435'],
440,H,7.52203,-3.591352,-4.282998,12,['436'],
441,C,5.964676,-4.715396,-3.198333,61,"['436', '442', '448', '449']",
442,C,5.924016,-5.766578,-4.288604,63,"['441', '443', '444']",
443,C,6.510786,-7.032414,-4.119497,64,"['442', '445', '450']",
444,C,5.245962,-5.49747,-5.492312,64,"['442', '446', '451']",
445,C,6.391301,-8.012045,-5.113948,66,"['443', '447', '452']",
446,C,5.128021,-6.474275,-6.484883,66,"['444', '447', '453']",
447,C,5.697485,-7.735715,-6.296245,68,"['445', '446', '454']",
448,H,5.084055,-4.045052,-3.337146,62,['441'],
449,H,5.815549,-5.186529,-2.199502,62,['441'],
450,H,7.048698,-7.272819,-3.187802,65,['443'],
451,H,4.772101,-4.516046,-5.656461,65,['444'],
452,H,6.83022,-9.010786,-4.961486,67,['445'],
453,H,4.569377,-6.249375,-7.406204,67,['446'],
454,H,5.594062,-8.51034,-7.072644,69,['447'],
455,N,6.681822,-1.487141,-3.173814,7,"['437', '456', '459']",
456,CA,6.235682,-0.18883,-2.691757,8,"['455', '457', '460', '461']",
457,C,4.775626,-0.045325,-3.145446,9,"['456', '458', '479']",
458,O,4.463298,-0.258926,-4.319564,11,['457'],
459,HN,6.497265,-1.613087,-4.178948,10,['455'],
460,H,6.280631,-0.181467,-1.575033,12,['456'],
461,C,7.146352,0.933522,-3.27742,202,"['456', '462', '468', '469']",
462,C,6.745898,2.404188,-3.005383,204,"['461', '463', '470', '471']",
463,C,6.893016,2.849883,-1.53213,206,"['462', '464', '472', '473']",
464,N,6.634389,4.280691,-1.394886,208,"['463', '465', '474']",
465,C,5.423101,4.852848,-1.297368,210,"['464', '466', '467']",
466,N,4.29292,4.202912,-1.584373,211,"['465', '475', '476']",
467,N,5.364608,6.153781,-0.999671,211,"['465', '477', '478']",
468,H,7.185882,0.801425,-4.385377,203,['461'],
469,H,8.190613,0.768034,-2.928495,203,['461'],
470,H,5.703543,2.563499,-3.36811,205,['462'],
471,H,7.377783,3.060706,-3.651042,205,['462'],
472,H,7.922806,2.634763,-1.175888,207,['463'],
473,H,6.231202,2.272955,-0.846853,207,['463'],
474,HN,7.467651,4.86274,-1.226244,209,['464'],
475,HN,4.279983,3.212317,-1.846112,212,['466'],
476,HN,3.397609,4.707965,-1.566179,212,['466'],
477,HN,6.215572,6.675946,-0.75237,212,['467'],
478,HN,4.445938,6.61653,-0.949089,212,['467'],
479,N,3.873243,0.252243,-2.184336,7,"['457', '480', '483']",
480,CA,2.432017,0.311584,-2.371395,8,"['479', '481', '484', '485']",
481,C,2.053316,1.543927,-3.208426,9,"['480', '482', '498']",
482,O,2.349156,2.686292,-2.845846,11,['481'],
483,HN,4.203083,0.418687,-1.222718,10,['479'],
484,H,2.111853,-0.60015,-2.933878,12,['480'],
485,C,1.69435,0.334562,-0.998465,19,"['480', '486', '489', '490']",
486,C,1.400369,-1.069827,-0.388667,21,"['485', '487', '488', '491']",
487,C,2.694318,-1.874851,-0.113255,23,"['486', '492', '493', '494']",
488,C,0.622163,-0.910757,0.939852,23,"['486', '495', '496', '497']",
489,H,0.71073,0.850206,-1.140339,20,['485'],
490,H,2.225263,0.989458,-0.269795,20,['485'],
491,H,0.766212,-1.650892,-1.103526,22,['486'],
492,H,2.473395,-2.831891,0.410601,24,['487'],
493,H,3.407627,-1.315208,0.530371,24,['487'],
494,H,3.228125,-2.14331,-1.051514,24,['487'],
495,H,0.279725,-1.890443,1.338638,24,['488'],
496,H,-0.283793,-0.27827,0.800991,24,['488'],
497,H,1.230081,-0.420447,1.733969,24,['488'],
498,N,1.413377,1.295118,-4.380053,7,"['481', '499', '502']",
499,CA,0.915661,2.311839,-5.296269,8,"['498', '500', '503', '504']",
500,C,-0.054524,3.268107,-4.590763,9,"['499', '501', '517']",
501,O,-0.958161,2.839613,-3.874913,11,['500'],
502,HN,1.325634,0.320243,-4.695758,10,['498'],
503,H,1.790628,2.912531,-5.641599,12,['499'],
504,C,0.173343,1.678236,-6.51949,19,"['499', '505', '508', '509']",
505,C,1.089808,1.210135,-7.681962,21,"['504', '506', '507', '510']",
506,C,0.239938,0.449185,-8.731636,23,"['505', '511', '512', '513']",
507,C,1.773311,2.42288,-8.363898,23,"['505', '514', '515', '516']",
508,H,-0.55815,2.41581,-6.927684,20,['504'],
509,H,-0.464929,0.837932,-6.154792,20,['504'],
510,H,1.873495,0.523462,-7.282677,22,['505'],
511,H,0.873309,0.03491,-9.54883,24,['506'],
512,H,-0.521851,1.111669,-9.20363,24,['506'],
513,H,-0.310975,-0.407064,-8.281586,24,['506'],
514,H,2.2656,2.137391,-9.321191,24,['507'],
515,H,2.566091,2.869757,-7.724299,24,['507'],
516,H,1.043327,3.23075,-8.599586,24,['507'],
517,N,0.089007,4.582241,-4.905516,7,"['500', '518', '521']",
518,CA,-0.774836,5.681397,-4.510108,8,"['517', '519', '522', '523']",
519,C,-0.748891,6.092908,-3.02764,9,"['518', '520', '536']",
520,O,-1.469229,7.020151,-2.638304,11,['519'],
521,HN,0.880876,4.881413,-5.490635,10,['517'],
522,H,-0.398093,6.590716,-5.031075,12,['518'],
523,C,-2.243155,5.430866,-4.959294,19,"['518', '524', '527', '528']",
524,C,-2.45016,5.076153,-6.457603,21,"['523', '525', '526', '529']",
525,C,-3.954179,4.830458,-6.721887,23,"['524', '530', '531', '532']",
526,C,-1.946638,6.213473,-7.376551,23,"['524', '533', '534', '535']",
527,H,-2.852799,6.321026,-4.678109,20,['523'],
528,H,-2.632912,4.600498,-4.322406,20,['523'],
529,H,-1.893605,4.140036,-6.702382,22,['524'],
530,H,-4.125343,4.419411,-7.742335,24,['525'],
531,H,-4.536139,5.77054,-6.628674,24,['525'],
532,H,-4.390892,4.105217,-5.999729,24,['525'],
533,H,-2.052216,5.938228,-8.448147,24,['526'],
534,H,-0.865741,6.425861,-7.222888,24,['526'],
535,H,-2.505552,7.160438,-7.218599,24,['526'],
536,N,0.097695,5.452216,-2.190523,7,"['519', '537', '540']",
537,CA,0.18681,5.713608,-0.757175,8,"['536', '538', '541', '542']",
538,C,1.474555,6.480453,-0.459599,9,"['537', '539', '548']",
539,O,2.522045,6.273684,-1.101615,11,['538'],
540,HN,0.76124,4.743889,-2.529672,10,['536'],
541,H,-0.693414,6.330027,-0.435785,12,['537'],
542,C,0.202795,4.371851,0.026319,137,"['537', '543', '546', '547']",
543,C,-0.946683,3.423462,-0.245219,139,"['542', '544', '545']",
544,O,-1.996646,3.887295,-0.770316,140,['543'],
545,O,-0.796539,2.207712,0.06634,140,['543'],
546,H,0.199308,4.570299,1.120976,138,['542'],
547,H,1.154095,3.822442,-0.181324,138,['542'],
548,N,1.488237,7.220001,0.672517,7,"['538', '549', '552']",
549,CA,2.71529,7.567627,1.375821,8,"['548', '550', '553', '554']",
550,C,2.41101,7.600285,2.874697,9,"['549', '551', '560']",
551,O,1.714524,8.499583,3.363035,11,['550'],
552,HN,0.6026,7.57268,1.068178,10,['548'],
553,H,3.453198,6.743467,1.195478,12,['549'],
554,C,3.336007,8.89666,0.878975,137,"['549', '555', '558', '559']",
555,C,4.80615,9.111595,1.19996,139,"['554', '556', '557']",
556,O,5.467279,8.125558,1.64285,140,['555'],
557,O,5.339579,10.197339,0.874012,140,['555'],
558,H,2.749567,9.760505,1.270417,138,['554'],
559,H,3.23636,8.94492,-0.228917,138,['554'],
560,N,2.90235,6.570969,3.610532,7,"['550', '561', '564']",
561,CA,2.86099,6.504634,5.063646,8,"['560', '562', '565', '566']",
562,C,3.987755,7.404591,5.588999,9,"['561', '563', '574']",
563,O,5.019727,7.59763,4.908761,11,['562'],
564,HN,3.435911,5.814792,3.154653,10,['560'],
565,H,1.877108,6.908833,5.405642,12,['561'],
566,C,3.011408,5.055697,5.627729,37,"['561', '567', '568', '569']",
567,OH,4.25405,4.480895,5.245336,39,"['566', '570']",
568,C,1.878262,4.126264,5.155356,41,"['566', '571', '572', '573']",
569,H,3.002407,5.115423,6.742073,38,['566'],
570,HO,4.893165,4.703471,5.912822,40,['567'],
571,H,2.012851,3.08192,5.506533,42,['568'],
572,H,1.770102,4.089799,4.049549,42,['568'],
573,H,0.909168,4.475654,5.576227,42,['568'],
574,N,3.918045,7.851784,6.875375,50,"['562', '575', '581']",
575,CA,5.053175,8.538623,7.484757,51,"['574', '576', '578', '579']",
576,C,6.170343,7.517447,7.684303,52,"['575', '577', '588']",
577,O,5.893848,6.349695,7.974319,53,['576'],
578,H,5.402491,9.373775,6.825681,54,['575'],
579,C,4.509775,9.091938,8.825081,55,"['575', '580', '582', '583']",
580,C,2.99568,9.083457,8.593311,57,"['579', '581', '584', '585']",
581,C,2.811308,7.778934,7.813516,59,"['574', '580', '586', '587']",
582,H,4.909477,10.103585,9.058612,56,['579'],
583,H,4.785882,8.43001,9.678025,56,['579'],
584,H,2.680459,9.964159,7.986505,58,['580'],
585,H,2.42432,9.112905,9.545891,58,['580'],
586,H,1.807066,7.723077,7.343212,60,['581'],
587,H,2.914961,6.889352,8.479592,60,['581'],
588,N,7.433393,7.939356,7.459235,7,"['576', '589', '592']",
589,CA,8.598672,7.079908,7.62468,8,"['588', '590', '593', '594']",
590,C,8.734476,6.786648,9.12051,9,"['589', '591', '603']",
591,O,8.084197,7.415719,9.959151,11,['590'],
592,HN,7.605635,8.941552,7.2883,10,['588'],
593,H,8.377844,6.101046,7.126788,12,['589'],
594,C,9.903546,7.681202,7.02147,153,"['589', '595', '599', '600']",
595,C,9.764967,8.194202,5.571208,155,"['594', '596', '601', '602']",
596,C,9.212089,7.19043,4.586547,157,"['595', '597', '598']",
597,O,9.945176,6.2325,4.217104,158,['596'],
598,O,8.014039,7.321367,4.193169,158,['596'],
599,H,10.691975,6.891842,7.035988,154,['594'],
600,H,10.287193,8.503782,7.671189,154,['594'],
601,H,10.76019,8.528445,5.198846,156,['595'],
602,H,9.127877,9.108556,5.558652,156,['595'],
603,N,9.524183,5.74749,9.479801,7,"['590', '604', '607']",
604,CA,9.477831,5.178199,10.819085,8,"['603', '605', '608', '609']",
605,C,9.852468,6.150977,11.949819,9,"['604', '606', '623']",
606,O,9.33755,6.03111,13.057507,11,['605'],
607,HN,10.248089,5.398075,8.832994,10,['603'],
608,H,8.405869,4.937049,11.033541,12,['604'],
609,C,10.284398,3.855419,10.88621,61,"['604', '610', '616', '617']",
610,C,10.18286,3.165656,12.230227,63,"['609', '611', '612']",
611,C,9.065558,2.374064,12.55798,64,"['610', '613', '618']",
612,C,11.178436,3.365993,13.201914,64,"['610', '614', '619']",
613,C,8.945345,1.805036,13.830951,66,"['611', '615', '620']",
614,C,11.050062,2.806499,14.474709,66,"['612', '615', '621']",
615,C,9.937399,2.02256,14.788613,68,"['613', '614', '622']",
616,H,11.355762,4.04544,10.6468,62,['609'],
617,H,9.924172,3.146333,10.10417,62,['609'],
618,H,8.251315,2.223745,11.830695,65,['611'],
619,H,12.049473,4.006393,12.988174,65,['612'],
620,H,8.066491,1.19765,14.102111,67,['613'],
621,H,11.823679,2.992836,15.234018,67,['614'],
622,H,9.828951,1.585955,15.792357,69,['615'],
623,N,10.708008,7.165773,11.673421,7,"['605', '624', '627']",
624,CA,11.076532,8.234949,12.599077,8,"['623', '625', '628', '629']",
625,C,10.151403,9.46986,12.58049,9,"['624', '626', '637']",
626,O,10.525925,10.508141,13.147172,11,['625'],
627,HN,11.06817,7.303999,10.717395,10,['623'],
628,H,11.030295,7.843175,13.642764,12,['624'],
629,C,12.530422,8.709509,12.286159,147,"['624', '630', '633', '634']",
630,C,12.611822,9.414906,10.933181,149,"['629', '631', '632']",
631,O,12.131076,8.877619,9.936572,150,['630'],
632,N,13.271425,10.59148,10.890867,151,"['630', '635', '636']",
633,H,13.252072,7.861718,12.281202,148,['629'],
634,H,12.841855,9.413401,13.095791,148,['629'],
635,HN,13.668817,11.002405,11.746715,152,['632'],
636,HN,13.318593,11.078911,9.984496,152,['632'],
637,N,8.984836,9.419642,11.89805,7,"['625', '638', '641']",
638,CA,7.98125,10.472124,11.749033,8,"['637', '639', '642', '643']",
639,C,6.693975,10.036573,12.468608,9,"['638', '640', '652']",
640,O,6.45263,8.842446,12.656364,11,['639'],
641,HN,8.675551,8.532972,11.479045,10,['637'],
642,H,8.339042,11.411082,12.234311,12,['638'],
643,C,7.723924,10.722827,10.234325,153,"['638', '644', '648', '649']",
644,C,8.974739,11.223389,9.468616,155,"['643', '645', '650', '651']",
645,C,8.856751,11.302346,7.954441,157,"['644', '646', '647']",
646,O,7.853764,10.778743,7.396283,158,['645'],
647,O,9.799966,11.848316,7.321889,158,['645'],
648,H,6.895513,11.452766,10.082799,154,['643'],
649,H,7.373029,9.77296,9.76473,154,['643'],
650,H,9.848108,10.563788,9.675936,156,['644'],
651,H,9.255478,12.236827,9.834704,156,['644'],
652,N,5.899307,11.027719,12.961494,7,"['639', '653', '656']",
653,CA,4.712465,10.797897,13.793623,8,"['652', '654', '657', '658']",
654,C,3.662815,10.034693,12.968554,9,"['653', '655', '674']",
655,O,3.304313,10.467899,11.871691,11,['654'],
656,HN,6.081904,11.999121,12.677109,10,['652'],
657,H,5.036753,10.146128,14.644288,12,['653'],
658,C,4.13224,12.133625,14.377233,182,"['653', '659', '663', '664']",
659,C,2.964322,11.953411,15.390597,184,"['658', '660', '665', '666']",
660,C,2.459753,13.289571,16.006343,186,"['659', '661', '667', '668']",
661,C,1.222055,13.125268,16.928016,188,"['660', '662', '669', '670']",
662,N,0.740638,14.389421,17.4831,190,"['661', '671', '672', '673']",
663,H,3.795158,12.775406,13.528559,183,['658'],
664,H,4.961961,12.669929,14.899764,183,['658'],
665,H,3.294434,11.267862,16.209484,185,['659'],
666,H,2.117349,11.431566,14.884759,185,['659'],
667,H,2.203387,13.995344,15.181034,187,['660'],
668,H,3.291444,13.768997,16.57836,187,['660'],
669,H,1.45056,12.438272,17.775716,189,['661'],
670,H,0.385133,12.658883,16.361123,189,['661'],
671,HN,-0.22065,14.335491,17.818886,191,['662'],
672,HN,0.760339,15.162634,16.828926,191,['662'],
673,HN,1.311065,14.664156,18.284411,191,['662'],
674,N,3.176341,8.897516,13.532909,7,"['654', '675', '678']",
675,CA,2.301404,7.891667,12.946963,8,"['674', '676', '679', '680']",
676,C,3.012836,6.84676,12.070904,9,"['675', '677', '695']",
677,O,2.350909,5.958021,11.524991,11,['676'],
678,HN,3.485214,8.63236,14.481206,10,['674'],
679,H,1.943987,7.27537,13.802851,12,['675'],
680,C,1.025305,8.42863,12.240386,70,"['675', '681', '688', '689']",
681,C,0.168201,9.261607,13.166848,72,"['680', '682', '683']",
682,C,-0.616747,8.659549,14.165583,73,"['681', '684', '690']",
683,C,0.140411,10.658199,13.04118,73,"['681', '685', '691']",
684,C,-1.392115,9.436937,15.032219,75,"['682', '686', '692']",
685,C,-0.629883,11.431989,13.908262,75,"['683', '686', '693']",
686,C,-1.389041,10.831099,14.918784,77,"['684', '685', '687']",
687,OH,-2.120342,11.58442,15.784008,78,"['686', '694']",
688,H,0.422493,7.574996,11.853765,71,['680'],
689,H,1.311356,9.028603,11.348406,71,['680'],
690,H,-0.62579,7.562628,14.279911,74,['682'],
691,H,0.726583,11.160502,12.255199,74,['683'],
692,H,-2.032693,8.942215,15.778994,76,['684'],
693,H,-0.649055,12.52567,13.791985,76,['685'],
694,HO,-2.149073,12.482109,15.466432,79,['687'],
695,N,4.356921,6.923826,11.922006,1,"['676', '696', '699']",
696,CA,5.16726,5.98574,11.182696,2,"['695', '697', '700', '701']",
697,C,5.389796,4.632414,11.843361,3,"['696', '698', '702']",
698,O,5.329614,3.60382,11.163112,5,['697'],
699,HN,4.911725,7.659914,12.376321,4,['695'],
700,H,4.716768,5.802323,10.181624,6,['696'],
701,H,6.16215,6.434758,10.970269,6,['696'],
702,N,5.522895,4.57268,13.201522,50,"['697', '703', '709']",
703,CA,5.488146,3.293746,13.901246,51,"['702', '704', '706', '707']",
704,C,4.124401,2.618282,13.791234,52,"['703', '705', '716']",
705,O,4.048321,1.418138,13.524052,53,['704'],
706,H,6.245666,2.599347,13.460517,54,['703'],
707,C,5.859176,3.643768,15.357397,55,"['703', '708', '710', '711']",
708,C,6.813612,4.823579,15.154927,57,"['707', '709', '712', '713']",
709,C,6.086097,5.609575,14.056992,59,"['702', '708', '714', '715']",
710,H,6.333747,2.781688,15.885826,56,['707'],
711,H,4.965818,3.954421,15.951534,56,['707'],
712,H,7.816673,4.479186,14.805596,58,['708'],
713,H,6.965633,5.425149,16.077217,58,['708'],
714,H,6.796821,6.285095,13.526755,60,['709'],
715,H,5.27348,6.236846,14.494616,60,['709'],
716,N,3.030521,3.401174,13.97955,7,"['704', '717', '720']",
717,CA,1.65422,2.953862,13.870594,8,"['716', '718', '721', '722']",
718,C,1.330592,2.397909,12.483615,9,"['717', '719', '731']",
719,O,0.66014,1.367943,12.376024,11,['718'],
720,HN,3.149191,4.378135,14.28391,10,['716'],
721,H,1.531632,2.083013,14.560543,12,['717'],
722,C,0.578314,4.028386,14.231042,153,"['717', '723', '727', '728']",
723,C,0.581092,4.537567,15.68611,155,"['722', '724', '729', '730']",
724,C,1.6316,5.528425,16.140178,157,"['723', '725', '726']",
725,O,2.573031,5.821129,15.347591,158,['724'],
726,O,1.487263,6.028082,17.288585,158,['724'],
727,H,-0.423271,3.574361,14.034331,154,['722'],
728,H,0.651046,4.896241,13.533592,154,['722'],
729,H,0.651329,3.665675,16.374688,156,['723'],
730,H,-0.402798,5.015469,15.896374,156,['723'],
731,N,1.782411,3.093191,11.411511,7,"['718', '732', '735']",
732,CA,1.588992,2.69014,10.029796,8,"['731', '733', '736', '737']",
733,C,2.315173,1.382028,9.717516,9,"['732', '734', '741']",
734,O,1.730095,0.469034,9.131738,11,['733'],
735,HN,2.242369,4.003282,11.550247,10,['731'],
736,H,0.503693,2.478469,9.874983,12,['732'],
737,C,2.032538,3.790364,9.037379,13,"['732', '738', '739', '740']",
738,H,1.811352,3.485883,7.990794,14,['737'],
739,H,3.12479,3.999941,9.111511,14,['737'],
740,H,1.496301,4.749669,9.219965,14,['737'],
741,N,3.590175,1.264456,10.160177,7,"['733', '742', '745']",
742,CA,4.391602,0.061636,10.024996,8,"['741', '743', '746', '747']",
743,C,3.830515,-1.137518,10.792774,9,"['742', '744', '752']",
744,O,3.972573,-2.279662,10.342236,11,['743'],
745,HN,4.066052,2.065487,10.600442,10,['741'],
746,H,4.354393,-0.260823,8.959369,12,['742'],
747,C,5.860301,0.306482,10.445835,33,"['742', '748', '749', '750']",
748,OH,6.429998,1.239248,9.536433,35,"['747', '751']",
749,H,6.458409,-0.634154,10.417131,34,['747'],
750,H,5.907229,0.714104,11.483006,34,['747'],
751,HO,7.142212,1.677534,9.984961,36,['748'],
752,N,3.164263,-0.893085,11.948096,7,"['743', '753', '756']",
753,CA,2.456443,-1.898929,12.722422,8,"['752', '754', '757', '758']",
754,C,1.185196,-2.376169,12.014411,9,"['753', '755', '762']",
755,O,0.855602,-3.562406,12.052192,11,['754'],
756,HN,3.192581,0.046517,12.36563,10,['752'],
757,H,3.114788,-2.795999,12.823052,12,['753'],
758,C,2.090469,-1.384446,14.136028,13,"['753', '759', '760', '761']",
759,H,1.623692,-2.195989,14.73903,14,['758'],
760,H,1.375024,-0.530714,14.098134,14,['758'],
761,H,2.999062,-1.046045,14.68361,14,['758'],
762,N,0.452475,-1.444441,11.356509,7,"['754', '763', '766']",
763,CA,-0.768672,-1.716008,10.618389,8,"['762', '764', '767', '768']",
764,C,-0.508182,-2.638515,9.429971,9,"['763', '765', '782']",
765,O,-1.149513,-3.685423,9.308372,11,['764'],
766,HN,0.730007,-0.455216,11.398246,10,['762'],
767,H,-1.460075,-2.281503,11.289416,12,['763'],
768,C,-1.453343,-0.398069,10.170163,61,"['763', '769', '775', '776']",
769,C,-2.807663,-0.605407,9.52748,63,"['768', '770', '771']",
770,C,-3.97576,-0.584719,10.309843,64,"['769', '772', '777']",
771,C,-2.930125,-0.796649,8.139564,64,"['769', '773', '778']",
772,C,-5.234305,-0.73988,9.72212,66,"['770', '774', '779']",
773,C,-4.189226,-0.941952,7.549251,66,"['771', '774', '780']",
774,C,-5.342801,-0.908288,8.339224,68,"['772', '773', '781']",
775,H,-0.798669,0.160209,9.45807,62,['768'],
776,H,-1.573922,0.277298,11.047647,62,['768'],
777,H,-3.91291,-0.422053,11.39823,65,['770'],
778,H,-2.035374,-0.824602,7.496852,65,['771'],
779,H,-6.139502,-0.693504,10.349685,67,['772'],
780,H,-4.263967,-1.070571,6.458221,67,['773'],
781,H,-6.335127,-0.99473,7.872656,69,['774'],
782,N,0.450252,-2.253789,8.550847,7,"['764', '783', '786']",
783,CA,0.846154,-3.031587,7.390807,8,"['782', '784', '787', '788']",
784,C,1.410661,-4.393244,7.791378,9,"['783', '785', '796']",
785,O,1.055117,-5.409592,7.191534,11,['784'],
786,HN,0.927071,-1.346822,8.65702,10,['782'],
787,H,-0.071197,-3.252098,6.792018,12,['783'],
788,C,1.831082,-2.253026,6.472125,37,"['783', '789', '790', '791']",
789,OH,1.120814,-1.099374,6.038462,39,"['788', '792']",
790,C,2.251488,-3.032905,5.21166,41,"['788', '793', '794', '795']",
791,H,2.733779,-1.937619,7.051091,38,['788'],
792,HO,1.719988,-0.525029,5.565038,40,['789'],
793,H,2.871498,-2.396209,4.540795,42,['790'],
794,H,1.373765,-3.384306,4.629183,42,['790'],
795,H,2.864188,-3.924793,5.469975,42,['790'],
796,N,2.253589,-4.429852,8.855257,7,"['784', '797', '800']",
797,CA,2.786814,-5.651637,9.437364,8,"['796', '798', '801', '802']",
798,C,1.677586,-6.631472,9.818531,9,"['797', '799', '818']",
799,O,1.718442,-7.795244,9.419992,11,['798'],
800,HN,2.611685,-3.551678,9.257097,10,['796'],
801,H,3.385249,-6.170838,8.651615,12,['797'],
802,C,3.695837,-5.346829,10.661435,182,"['797', '803', '807', '808']",
803,C,4.251179,-6.581247,11.405486,184,"['802', '804', '809', '810']",
804,C,4.99677,-6.177893,12.699862,186,"['803', '805', '811', '812']",
805,C,5.575792,-7.358739,13.505476,188,"['804', '806', '813', '814']",
806,N,6.50938,-8.142877,12.711937,190,"['805', '815', '816', '817']",
807,H,3.119679,-4.720675,11.384013,183,['802'],
808,H,4.551589,-4.713199,10.327176,183,['802'],
809,H,4.910684,-7.154179,10.713215,185,['803'],
810,H,3.419176,-7.27263,11.680973,185,['803'],
811,H,4.301131,-5.615624,13.371226,187,['804'],
812,H,5.818928,-5.464198,12.448735,187,['804'],
813,H,4.769796,-8.02335,13.89284,189,['805'],
814,H,6.113542,-6.96364,14.397567,189,['805'],
815,HN,7.176276,-8.658995,13.279124,191,['806'],
816,HN,7.053639,-7.567219,12.077487,191,['806'],
817,HN,6.028845,-8.831526,12.128502,191,['806'],
818,N,0.679801,-6.175592,10.617815,7,"['798', '819', '822']",
819,CA,-0.429195,-6.99974,11.071402,8,"['818', '820', '823', '824']",
820,C,-1.245705,-7.535734,9.894241,9,"['819', '821', '840']",
821,O,-1.664568,-8.690714,9.90427,11,['820'],
822,HN,0.694242,-5.202211,10.952321,10,['818'],
823,H,0.002758,-7.907925,11.560711,12,['819'],
824,C,-1.350096,-6.249099,12.095434,182,"['819', '825', '829', '830']",
825,C,-2.515601,-7.097414,12.676869,184,"['824', '826', '831', '832']",
826,C,-3.396768,-6.349529,13.718439,186,"['825', '827', '833', '834']",
827,C,-4.699996,-7.128559,14.031945,188,"['826', '828', '835', '836']",
828,N,-5.649842,-6.445584,14.902863,190,"['827', '837', '838', '839']",
829,H,-1.75687,-5.33586,11.59653,183,['824'],
830,H,-0.71062,-5.878132,12.932697,183,['824'],
831,H,-2.096284,-8.023869,13.139515,185,['825'],
832,H,-3.14714,-7.452902,11.827996,185,['825'],
833,H,-3.651357,-5.337279,13.325726,187,['826'],
834,H,-2.806291,-6.18697,14.652187,187,['826'],
835,H,-4.464046,-8.118822,14.48627,189,['827'],
836,H,-5.227155,-7.343062,13.073361,189,['827'],
837,HN,-6.577512,-6.848575,14.824548,191,['828'],
838,HN,-5.778584,-5.447582,14.739571,191,['828'],
839,HN,-5.438593,-6.491749,15.897936,191,['828'],
840,N,-1.533287,-6.672856,8.887451,7,"['820', '841', '844']",
841,CA,-2.393177,-7.026347,7.773357,8,"['840', '842', '845', '846']",
842,C,-1.762974,-8.113638,6.892049,9,"['841', '843', '857']",
843,O,-2.483438,-8.978298,6.402965,11,['842'],
844,HN,-1.17977,-5.70697,8.911462,10,['840'],
845,H,-3.311258,-7.502236,8.19842,12,['841'],
846,C,-2.779981,-5.773926,6.916132,175,"['841', '847', '850', '851']",
847,C,-4.236864,-5.846161,6.415942,177,"['846', '848', '852', '853']",
848,S,-4.7165,-4.303743,5.585776,179,"['847', '849']",
849,C,-5.954707,-4.951985,4.438284,180,"['848', '854', '855', '856']",
850,H,-2.076544,-5.673146,6.055013,176,['846'],
851,H,-2.646815,-4.843148,7.518094,176,['846'],
852,H,-4.925024,-6.018167,7.274961,178,['847'],
853,H,-4.351298,-6.725555,5.743612,178,['847'],
854,H,-6.393182,-4.10875,3.862307,181,['849'],
855,H,-6.755758,-5.474767,5.002741,181,['849'],
856,H,-5.471052,-5.652886,3.723186,181,['849'],
857,N,-0.424448,-8.067902,6.654542,7,"['842', '858', '861']",
858,CA,0.269161,-9.045683,5.826547,8,"['857', '859', '862', '863']",
859,C,0.641297,-10.336975,6.569583,9,"['858', '860', '873']",
860,O,0.561929,-11.420494,5.98655,11,['859'],
861,HN,0.151204,-7.304658,7.035119,10,['857'],
862,H,-0.45747,-9.401266,5.051799,12,['858'],
863,C,1.495662,-8.475196,5.028221,15,"['858', '864', '865', '866']",
864,C,1.046384,-7.295832,4.125552,17,"['863', '867', '868', '869']",
865,C,2.671878,-8.022265,5.927782,17,"['863', '870', '871', '872']",
866,H,1.861665,-9.294984,4.360038,16,['863'],
867,H,1.864794,-6.954876,3.453647,18,['864'],
868,H,0.717248,-6.412004,4.718631,18,['864'],
869,H,0.194407,-7.592448,3.472809,18,['864'],
870,H,3.521366,-7.630062,5.32596,18,['865'],
871,H,3.074096,-8.863135,6.532771,18,['865'],
872,H,2.383065,-7.221515,6.640699,18,['865'],
873,N,1.077373,-10.248388,7.853609,7,"['859', '874', '877']",
874,CA,1.424019,-11.398244,8.680126,8,"['873', '875', '878', '879']",
875,C,0.215967,-12.241879,9.100238,9,"['874', '876', '888']",
876,O,0.349901,-13.441321,9.333422,11,['875'],
877,HN,1.169702,-9.328539,8.303589,10,['873'],
878,H,2.02721,-12.104078,8.056833,12,['874'],
879,C,2.2479,-11.031088,9.952093,153,"['874', '880', '884', '885']",
880,C,3.680765,-10.51657,9.685006,155,"['879', '881', '886', '887']",
881,C,4.501372,-10.221609,10.92044,157,"['880', '882', '883']",
882,O,3.994131,-10.272946,12.068597,158,['881'],
883,O,5.730874,-9.935433,10.793101,158,['881'],
884,H,2.322695,-11.942639,10.591177,154,['879'],
885,H,1.686415,-10.282613,10.560491,154,['879'],
886,H,3.638768,-9.595295,9.060172,156,['880'],
887,H,4.234876,-11.278282,9.093044,156,['880'],
888,N,-0.990735,-11.632371,9.167226,7,"['875', '889', '892']",
889,CA,-2.225366,-12.334902,9.489428,8,"['888', '890', '893', '894']",
890,C,-2.9964,-12.822962,8.250639,9,"['889', '891', '902']",
891,O,-4.153986,-13.256357,8.356183,11,['890'],
892,HN,-1.080359,-10.613556,9.055933,10,['888'],
893,H,-1.974097,-13.27462,10.040834,12,['889'],
894,C,-3.128717,-11.468307,10.417346,147,"['889', '895', '898', '899']",
895,C,-2.523826,-11.217111,11.797679,149,"['894', '896', '897']",
896,O,-1.328169,-11.39452,12.021096,150,['895'],
897,N,-3.394352,-10.909957,12.783179,151,"['895', '900', '901']",
898,H,-4.100761,-11.994852,10.541993,148,['894'],
899,H,-3.367332,-10.489683,9.941334,148,['894'],
900,HN,-4.406711,-11.000563,12.618199,152,['897'],
901,HN,-3.02643,-10.764268,13.732376,152,['897'],
902,N,-2.402026,-12.725859,7.031806,7,"['890', '903', '906']",
903,CA,-3.050229,-13.106861,5.787334,8,"['902', '904', '907', '908']",
904,C,-2.722971,-14.570208,5.485749,9,"['903', '905', '912']",
905,O,-1.554898,-14.972859,5.418608,11,['904'],
906,HN,-1.396181,-12.530606,6.936138,10,['902'],
907,H,-4.156109,-12.980178,5.90345,12,['903'],
908,C,-2.562113,-12.230936,4.608976,13,"['903', '909', '910', '911']",
909,H,-3.153217,-12.447105,3.69078,14,['908'],
910,H,-1.492994,-12.428505,4.374283,14,['908'],
911,H,-2.659671,-11.14691,4.835359,14,['908'],
912,N,-3.763479,-15.365411,5.147178,7,"['904', '913', '916']",
913,CA,-3.60254,-16.687719,4.569839,8,"['912', '914', '917', '918']",
914,C,-3.252688,-16.614496,3.065591,9,"['913', '915', '934']",
915,O,-2.613855,-17.526941,2.522712,11,['914'],
916,HN,-4.690842,-14.930372,5.030571,10,['912'],
917,H,-2.714168,-17.172259,5.04715,12,['913'],
918,C,-4.848012,-17.599288,4.784018,182,"['913', '919', '923', '924']",
919,C,-5.46408,-17.622398,6.204959,184,"['918', '920', '925', '926']",
920,C,-4.465439,-17.918549,7.350659,186,"['919', '921', '927', '928']",
921,C,-5.119316,-18.572725,8.587985,188,"['920', '922', '929', '930']",
922,N,-6.118656,-17.726307,9.223479,190,"['921', '931', '932', '933']",
923,H,-4.582125,-18.638784,4.471479,183,['918'],
924,H,-5.647936,-17.282756,4.070349,183,['918'],
925,H,-6.268252,-18.391793,6.187052,185,['919'],
926,H,-5.983963,-16.652486,6.397074,185,['919'],
927,H,-3.941472,-16.977127,7.64425,187,['920'],
928,H,-3.664728,-18.604397,6.988685,187,['920'],
929,H,-4.346439,-18.821132,9.352929,189,['921'],
930,H,-5.587406,-19.537402,8.293786,189,['921'],
931,HN,-6.723085,-18.243575,9.865406,191,['922'],
932,HN,-6.727031,-17.230941,8.575045,191,['922'],
933,HN,-5.624738,-17.031257,9.786541,191,['922'],
934,N,-3.665417,-15.52423,2.362478,7,"['914', '935', '938']",
935,CA,-3.390562,-15.26657,0.95656,8,"['934', '936', '939', '940']",
936,C,-2.957727,-13.803856,0.753636,9,"['935', '937', '956']",
937,O,-3.692141,-12.863856,1.077811,11,['936'],
938,HN,-4.275975,-14.816,2.805843,10,['934'],
939,H,-2.553743,-15.930579,0.627593,12,['935'],
940,C,-4.673671,-15.604222,0.125357,182,"['935', '941', '945', '946']",
941,C,-4.511666,-15.421945,-1.40333,184,"['940', '942', '947', '948']",
942,C,-5.619585,-16.089489,-2.257431,186,"['941', '943', '949', '950']",
943,C,-6.978922,-15.365297,-2.236191,188,"['942', '944', '951', '952']",
944,N,-7.949105,-15.924593,-3.168405,190,"['943', '953', '954', '955']",
945,H,-5.528681,-14.989435,0.495513,183,['940'],
946,H,-4.958426,-16.663736,0.33913,183,['940'],
947,H,-3.536812,-15.872806,-1.708166,185,['941'],
948,H,-4.425425,-14.338019,-1.649023,185,['941'],
949,H,-5.754082,-17.150716,-1.947668,187,['942'],
950,H,-5.256514,-16.143656,-3.307829,187,['942'],
951,H,-6.852795,-14.287126,-2.484762,189,['943'],
952,H,-7.418505,-15.432594,-1.213543,189,['943'],
953,HN,-8.847146,-15.464281,-3.080431,191,['944'],
954,HN,-8.132698,-16.915145,-3.003632,191,['944'],
955,HN,-7.695071,-15.830621,-4.148193,191,['944'],
956,N,-1.767208,-13.597691,0.128883,7,"['936', '957', '960']",
957,CA,-1.293211,-12.31096,-0.373777,8,"['956', '958', '961', '962']",
958,C,-1.460579,-12.355942,-1.904462,9,"['957', '959', '975']",
959,O,-1.050896,-13.320102,-2.559368,11,['958'],
960,HN,-1.202235,-14.395739,-0.190913,10,['956'],
961,H,-1.931603,-11.496001,0.043491,12,['957'],
962,C,0.207574,-12.013189,0.001382,25,"['957', '963', '964', '966']",
963,C,0.453448,-11.985671,1.54248,27,"['962', '965', '967', '968']",
964,C,0.694925,-10.677475,-0.626983,29,"['962', '969', '970', '971']",
965,C,-0.209357,-10.831613,2.313115,31,"['963', '972', '973', '974']",
966,H,0.828593,-12.840554,-0.424717,26,['962'],
967,H,1.551066,-11.949353,1.739111,28,['963'],
968,H,0.120369,-12.949607,1.995402,28,['963'],
969,H,1.712548,-10.401727,-0.273547,30,['964'],
970,H,0.016302,-9.829138,-0.384833,30,['964'],
971,H,0.750722,-10.742023,-1.735634,30,['964'],
972,H,0.019275,-10.916113,3.399397,32,['965'],
973,H,-1.316377,-10.844802,2.212421,32,['965'],
974,H,0.151282,-9.832366,1.985738,32,['965'],
975,N,-2.055282,-11.291667,-2.491504,7,"['958', '976', '979']",
976,CA,-2.198732,-11.098152,-3.926558,8,"['975', '977', '980', '981']",
977,C,-1.568446,-9.746086,-4.295792,9,"['976', '978', '990']",
978,O,-1.799259,-8.735106,-3.623553,11,['977'],
979,HN,-2.362068,-10.498826,-1.906974,10,['975'],
980,H,-1.645182,-11.906721,-4.467067,12,['976'],
981,C,-3.695272,-11.103168,-4.366063,153,"['976', '982', '986', '987']",
982,C,-4.517381,-12.351123,-3.969637,155,"['981', '983', '988', '989']",
983,C,-5.906266,-12.3999,-4.584486,157,"['982', '984', '985']",
984,O,-6.924186,-12.077375,-3.909752,158,['983'],
985,O,-6.018892,-12.826938,-5.766071,158,['983'],
986,H,-3.70668,-11.006212,-5.472971,154,['981'],
987,H,-4.212004,-10.196469,-3.985727,154,['981'],
988,H,-4.605014,-12.421978,-2.863503,156,['982'],
989,H,-3.972708,-13.265461,-4.299257,156,['982'],
990,N,-0.787847,-9.693839,-5.403559,7,"['977', '991', '994']",
991,CA,-0.252929,-8.466417,-5.987024,8,"['990', '992', '995', '996']",
992,C,-1.069706,-8.164279,-7.246108,9,"['991', '993', '1006']",
993,O,-1.372708,-9.05751,-8.041077,11,['992'],
994,HN,-0.688745,-10.530199,-5.995447,10,['990'],
995,H,-0.407932,-7.621922,-5.266992,12,['991'],
996,C,1.282576,-8.506905,-6.326339,15,"['991', '997', '998', '999']",
997,C,2.10355,-8.878574,-5.070095,17,"['996', '1000', '1001', '1002']",
998,C,1.667182,-9.469343,-7.478619,17,"['996', '1003', '1004', '1005']",
999,H,1.576246,-7.469366,-6.630307,16,['996'],
1000,H,3.198843,-8.807426,-5.256833,18,['997'],
1001,H,1.889562,-9.912064,-4.723698,18,['997'],
1002,H,1.877937,-8.195133,-4.223695,18,['997'],
1003,H,2.761037,-9.441347,-7.684676,18,['998'],
1004,H,1.163793,-9.185489,-8.429169,18,['998'],
1005,H,1.390319,-10.524914,-7.261922,18,['998'],
1006,N,-1.439897,-6.885497,-7.470137,7,"['992', '1007', '1010']",
1007,CA,-2.144246,-6.443323,-8.660005,8,"['1006', '1008', '1011', '1012']",
1008,C,-1.394748,-5.248129,-9.246692,9,"['1007', '1009', '1021']",
1009,O,-1.34377,-4.160387,-8.665179,11,['1008'],
1010,HN,-1.311912,-6.167284,-6.741362,10,['1006'],
1011,H,-2.163366,-7.270846,-9.413351,12,['1007'],
1012,C,-3.598194,-6.068251,-8.278064,153,"['1007', '1013', '1017', '1018']",
1013,C,-4.484223,-5.709474,-9.479384,155,"['1012', '1014', '1019', '1020']",
1014,C,-5.919121,-5.410497,-9.112824,157,"['1013', '1015', '1016']",
1015,O,-6.148763,-4.46433,-8.304451,158,['1014'],
1016,O,-6.82052,-6.101391,-9.656646,158,['1014'],
1017,H,-3.575882,-5.203116,-7.578078,154,['1012'],
1018,H,-4.065307,-6.919924,-7.727837,154,['1012'],
1019,H,-4.482166,-6.541479,-10.212842,156,['1013'],
1020,H,-4.071989,-4.821815,-10.008834,156,['1013'],
1021,N,-0.742025,-5.472526,-10.409564,7,"['1008', '1022', '1025']",
1022,CA,-0.036877,-4.438685,-11.154485,8,"['1021', '1023', '1026', '1027']",
1023,C,-1.061899,-3.586174,-11.906578,9,"['1022', '1024', '1041']",
1024,O,-2.110877,-4.08071,-12.331814,11,['1023'],
1025,HN,-0.821495,-6.389433,-10.866485,10,['1021'],
1026,H,0.496749,-3.773026,-10.428427,12,['1022'],
1027,C,0.975581,-5.042088,-12.170442,61,"['1022', '1028', '1034', '1035']",
1028,C,2.142741,-5.689607,-11.455808,63,"['1027', '1029', '1030']",
1029,C,2.196861,-7.075063,-11.229332,64,"['1028', '1031', '1036']",
1030,C,3.201334,-4.894736,-10.981419,64,"['1028', '1032', '1037']",
1031,C,3.28001,-7.641039,-10.550184,66,"['1029', '1033', '1038']",
1032,C,4.295014,-5.463204,-10.32214,66,"['1030', '1033', '1039']",
1033,C,4.340961,-6.843522,-10.114435,68,"['1031', '1032', '1040']",
1034,H,1.35861,-4.233232,-12.836983,62,['1027'],
1035,H,0.461601,-5.767533,-12.839652,62,['1027'],
1036,H,1.378448,-7.733763,-11.563376,65,['1029'],
1037,H,3.180294,-3.801162,-11.113236,65,['1030'],
1038,H,3.292154,-8.720777,-10.349774,67,['1031'],
1039,H,5.112633,-4.813127,-9.969636,67,['1032'],
1040,H,5.195463,-7.298631,-9.589416,69,['1033'],
1041,N,-0.725147,-2.284475,-12.06166,7,"['1023', '1042', '1045']",
1042,CA,-1.503573,-1.329223,-12.842575,8,"['1041', '1043', '1046', '1047']",
1043,C,-0.922209,-1.289459,-14.272585,9,"['1042', '1044', '1053']",
1044,O,-0.017561,-2.053244,-14.611609,11,['1043'],
1045,HN,0.197943,-1.943638,-11.76052,10,['1041'],
1046,H,-2.537998,-1.735459,-12.951472,12,['1042'],
1047,C,-1.574447,0.030488,-12.091415,137,"['1042', '1048', '1051', '1052']",
1048,C,-2.830212,0.839108,-12.345687,139,"['1047', '1049', '1050']",
1049,O,-3.527515,0.560689,-13.351502,140,['1048'],
1050,O,-3.187607,1.701731,-11.496341,140,['1048'],
1051,H,-0.678598,0.639021,-12.354317,138,['1047'],
1052,H,-1.511549,-0.143451,-10.992773,138,['1047'],
1053,N,-1.518225,-0.446333,-15.151578,7,"['1043', '1054', '1057']",
1054,CA,-1.235781,-0.316473,-16.576915,8,"['1053', '1055', '1058', '1059']",
1055,C,0.058237,0.436043,-16.943185,9,"['1054', '1056', '1075']",
1056,O,0.433939,0.475441,-18.129705,11,['1055'],
1057,HN,-2.223299,0.214112,-14.798593,10,['1053'],
1058,H,-1.084797,-1.341692,-16.9959,12,['1054'],
1059,C,-2.446138,0.362177,-17.299449,182,"['1054', '1060', '1064', '1065']",
1060,C,-3.781483,-0.414512,-17.152597,184,"['1059', '1061', '1066', '1067']",
1061,C,-4.99649,0.443802,-17.561265,186,"['1060', '1062', '1068', '1069']",
1062,C,-6.356669,-0.242292,-17.30642,188,"['1061', '1063', '1070', '1071']",
1063,N,-7.415922,0.498197,-17.959561,190,"['1062', '1072', '1073', '1074']",
1064,H,-2.21105,0.512725,-18.37752,183,['1059'],
1065,H,-2.548909,1.395242,-16.881934,183,['1059'],
1066,H,-3.916859,-0.741376,-16.095664,185,['1060'],
1067,H,-3.741035,-1.349904,-17.761016,185,['1060'],
1068,H,-4.899291,0.712681,-18.641067,187,['1061'],
1069,H,-4.976105,1.407469,-16.994908,187,['1061'],
1070,H,-6.574673,-0.283748,-16.213046,189,['1062'],
1071,H,-6.36984,-1.285253,-17.698855,189,['1062'],
1072,HN,-8.352784,0.177588,-17.728944,191,['1063'],
1073,HN,-7.32626,0.433525,-18.973408,191,['1063'],
1074,HN,-7.424093,1.481561,-17.694236,191,['1063'],
1075,N,0.70082,1.117357,-15.967049,1,"['1055', '1076', '1079']",
1076,CA,1.976118,1.789936,-16.093025,2,"['1075', '1077', '1080', '1081']",
1077,C,3.160172,0.886155,-15.757537,3,"['1076', '1078', '1082']",
1078,O,3.068954,-0.349573,-15.749656,5,['1077'],
1079,HN,0.328579,1.173121,-15.00827,4,['1075'],
1080,H,2.114444,2.174488,-17.129661,6,['1076'],
1081,H,1.991538,2.685019,-15.431058,6,['1076'],
1082,N,4.331081,1.535077,-15.516053,7,"['1077', '1083', '1086']",
1083,CA,5.58112,0.890398,-15.132056,8,"['1082', '1084', '1087', '1088']",
1084,C,5.344834,0.119787,-13.824467,9,"['1083', '1085', '1099']",
1085,O,4.789619,0.622653,-12.841336,11,['1084'],
1086,HN,4.415079,2.505563,-15.847116,10,['1082'],
1087,H,5.838167,0.167537,-15.946614,12,['1083'],
1088,C,6.776418,1.888064,-14.971182,167,"['1083', '1089', '1093', '1094']",
1089,C,6.826762,2.71722,-13.673074,169,"['1088', '1090', '1095', '1096']",
1090,C,7.928432,3.743556,-13.445959,171,"['1089', '1091', '1092']",
1091,O,8.10599,4.21127,-12.32214,172,['1090'],
1092,N,8.678348,4.135642,-14.49788,173,"['1090', '1097', '1098']",
1093,H,6.777451,2.570768,-15.85151,168,['1088'],
1094,H,7.727652,1.306079,-15.036745,168,['1088'],
1095,H,6.917352,2.02157,-12.809912,170,['1089'],
1096,H,5.85561,3.238201,-13.522735,170,['1089'],
1097,HN,8.558736,3.728853,-15.432522,174,['1092'],
1098,HN,9.377776,4.873412,-14.344239,174,['1092'],
1099,N,5.808204,-1.148474,-13.817405,7,"['1084', '1100', '1103']",
1100,CA,5.714194,-2.095544,-12.729343,8,"['1099', '1101', '1104', '1105']",
1101,C,6.896527,-2.054887,-11.752627,9,"['1100', '1102', '1123']",
1102,O,6.83699,-2.725326,-10.71739,11,['1101'],
1103,HN,6.318549,-1.496004,-14.637801,10,['1099'],
1104,H,4.8237,-1.835333,-12.103164,12,['1100'],
1105,C,5.550961,-3.549495,-13.282117,202,"['1100', '1106', '1112', '1113']",
1106,C,4.300309,-3.765097,-14.168382,204,"['1105', '1107', '1114', '1115']",
1107,C,4.109295,-5.228031,-14.610624,206,"['1106', '1108', '1116', '1117']",
1108,N,2.825005,-5.404046,-15.280005,208,"['1107', '1109', '1118']",
1109,C,1.99426,-6.453144,-15.151276,210,"['1108', '1110', '1111']",
1110,N,2.311593,-7.585944,-14.502572,211,"['1109', '1119', '1120']",
1111,N,0.798585,-6.369928,-15.745255,211,"['1109', '1121', '1122']",
1112,H,5.52035,-4.246469,-12.413243,203,['1105'],
1113,H,6.475397,-3.821314,-13.845664,203,['1105'],
1114,H,4.381092,-3.111283,-15.068087,205,['1106'],
1115,H,3.406054,-3.398829,-13.612696,205,['1106'],
1116,H,4.185289,-5.880738,-13.71388,207,['1107'],
1117,H,4.934552,-5.517211,-15.301862,207,['1107'],
1118,HN,2.546876,-4.603133,-15.86828,209,['1108'],
1119,HN,3.219715,-7.668039,-14.029336,212,['1110'],
1120,HN,1.642954,-8.365661,-14.418342,212,['1110'],
1121,HN,0.52806,-5.511144,-16.243784,212,['1111'],
1122,HN,0.096248,-7.118333,-15.673778,212,['1111'],
1123,N,7.985455,-1.304249,-12.046771,7,"['1101', '1124', '1127']",
1124,CA,9.151902,-1.167108,-11.180605,8,"['1123', '1125', '1128', '1129']",
1125,C,9.580148,0.310494,-11.197772,9,"['1124', '1126', '1137']",
1126,O,9.433427,0.982137,-12.221436,11,['1125'],
1127,HN,8.021649,-0.680231,-12.863841,10,['1123'],
1128,H,8.855027,-1.419122,-10.133151,12,['1124'],
1129,C,10.315532,-2.122867,-11.595876,37,"['1124', '1130', '1131', '1132']",
1130,OH,10.757057,-1.853925,-12.926905,39,"['1129', '1133']",
1131,C,9.939436,-3.619582,-11.559834,41,"['1129', '1134', '1135', '1136']",
1132,H,11.172537,-1.940172,-10.900087,38,['1129'],
1133,HO,11.591511,-1.388256,-12.845074,40,['1130'],
1134,H,10.812233,-4.259399,-11.819176,42,['1131'],
1135,H,9.121771,-3.875359,-12.270523,42,['1131'],
1136,H,9.60961,-3.918186,-10.540179,42,['1131'],
1137,N,10.037463,0.834598,-10.029426,7,"['1125', '1138', '1141']",
1138,CA,10.507537,2.212804,-9.866632,8,"['1137', '1139', '1142', '1143']",
1139,C,12.024653,2.271346,-10.110415,9,"['1138', '1140', '1149']",
1140,O,12.687841,1.258556,-10.341825,11,['1139'],
1141,HN,10.163644,0.225952,-9.206464,10,['1137'],
1142,H,10.035856,2.838765,-10.664622,12,['1138'],
1143,C,10.098702,2.786467,-8.475239,137,"['1138', '1144', '1147', '1148']",
1144,C,10.742946,2.224401,-7.223451,139,"['1143', '1145', '1146']",
1145,O,11.625979,1.337892,-7.329968,140,['1144'],
1146,O,10.398813,2.691859,-6.108599,140,['1144'],
1147,H,8.996696,2.676925,-8.358885,138,['1143'],
1148,H,10.275355,3.886494,-8.465608,138,['1143'],
1149,N,12.603193,3.499081,-9.999188,7,"['1139', '1150', '1153']",
1150,CA,14.033238,3.762424,-10.116079,8,"['1149', '1151', '1154', '1155']",
1151,C,14.942752,3.126957,-9.046908,9,"['1150', '1152', '1171']",
1152,O,16.163836,3.22003,-9.169855,11,['1151'],
1153,HN,12.006878,4.324511,-9.858655,10,['1149'],
1154,H,14.373188,3.266305,-11.062487,12,['1150'],
1155,C,14.3371,5.292699,-10.252278,182,"['1150', '1156', '1160', '1161']",
1156,C,14.147028,6.163345,-8.980121,184,"['1155', '1157', '1162', '1163']",
1157,C,14.231187,7.689382,-9.278015,186,"['1156', '1158', '1164', '1165']",
1158,C,14.168937,8.581669,-8.012904,188,"['1157', '1159', '1166', '1167']",
1159,N,13.946315,10.003754,-8.286453,190,"['1158', '1168', '1169', '1170']",
1160,H,13.736765,5.702212,-11.100049,183,['1155'],
1161,H,15.39825,5.389112,-10.588899,183,['1155'],
1162,H,14.917059,5.869088,-8.226558,185,['1156'],
1163,H,13.164425,5.929826,-8.506306,185,['1156'],
1164,H,13.399052,7.960092,-9.97255,187,['1157'],
1165,H,15.169581,7.91564,-9.839154,187,['1157'],
1166,H,15.093765,8.469857,-7.402202,189,['1158'],
1167,H,13.330971,8.237776,-7.363317,189,['1158'],
1168,HN,13.72058,10.503267,-7.429655,191,['1159'],
1169,HN,13.152949,10.143881,-8.901391,191,['1159'],
1170,HN,14.712294,10.52194,-8.721791,191,['1159'],
1171,N,14.378907,2.497004,-7.982854,7,"['1151', '1172', '1175']",
1172,CA,15.108709,1.759535,-6.960732,8,"['1171', '1173', '1176', '1177']",
1173,C,14.981687,0.230503,-7.088322,9,"['1172', '1174', '1192']",
1174,O,15.514863,-0.51004,-6.248043,11,['1173'],
1175,HN,13.358379,2.397699,-7.88682,10,['1171'],
1176,H,16.203406,1.95997,-7.073538,12,['1172'],
1177,C,14.650678,2.191849,-5.532912,70,"['1172', '1178', '1185', '1186']",
1178,C,14.826009,3.678401,-5.298875,72,"['1177', '1179', '1180']",
1179,C,13.722713,4.545022,-5.216303,73,"['1178', '1181', '1187']",
1180,C,16.114393,4.219339,-5.145878,73,"['1178', '1182', '1188']",
1181,C,13.903654,5.914942,-4.993554,75,"['1179', '1183', '1189']",
1182,C,16.299317,5.589947,-4.941007,75,"['1180', '1183', '1190']",
1183,C,15.193328,6.445965,-4.866096,77,"['1181', '1182', '1184']",
1184,OH,15.348349,7.78339,-4.671303,78,"['1183', '1191']",
1185,H,15.229193,1.63573,-4.759523,71,['1177'],
1186,H,13.583721,1.904526,-5.377642,71,['1177'],
1187,H,12.69817,4.149511,-5.310097,74,['1179'],
1188,H,16.997927,3.560391,-5.188555,74,['1180'],
1189,H,13.021129,6.570004,-4.906935,76,['1181'],
1190,H,17.32097,5.988172,-4.831905,76,['1182'],
1191,HO,16.246182,8.031466,-4.491638,79,['1184'],
1192,N,14.253408,-0.284712,-8.110083,1,"['1173', '1193', '1196']",
1193,CA,13.979143,-1.691661,-8.285563,2,"['1192', '1194', '1197', '1198']",
1194,C,13.007492,-2.300674,-7.279972,3,"['1193', '1195', '1199']",
1195,O,13.162026,-3.463688,-6.877068,5,['1194'],
1196,HN,13.795347,0.313208,-8.812201,4,['1192'],
1197,H,13.544992,-1.868498,-9.294847,6,['1193'],
1198,H,14.916712,-2.285391,-8.271051,6,['1193'],
1199,N,12.020296,-1.496921,-6.815223,7,"['1194', '1200', '1203']",
1200,CA,10.875295,-1.932942,-6.036616,8,"['1199', '1201', '1204', '1205']",
1201,C,9.723599,-2.144814,-7.029507,9,"['1200', '1202', '1223']",
1202,O,9.528176,-1.350008,-7.954686,11,['1201'],
1203,HN,11.954936,-0.516357,-7.131418,10,['1199'],
1204,H,11.123262,-2.905992,-5.549994,12,['1200'],
1205,C,10.439192,-0.894205,-4.954878,202,"['1200', '1206', '1212', '1213']",
1206,C,11.559641,-0.512861,-3.957083,204,"['1205', '1207', '1214', '1215']",
1207,C,11.131664,0.518814,-2.887764,206,"['1206', '1208', '1216', '1217']",
1208,N,10.772536,1.801927,-3.472326,208,"['1207', '1209', '1218']",
1209,C,10.531267,2.958213,-2.843805,210,"['1208', '1210', '1211']",
1210,N,10.542276,3.06534,-1.510323,211,"['1209', '1219', '1220']",
1211,N,10.272299,4.035422,-3.594944,211,"['1209', '1221', '1222']",
1212,H,9.561642,-1.3069,-4.401392,203,['1205'],
1213,H,10.054775,0.012552,-5.482453,203,['1205'],
1214,H,12.430389,-0.103111,-4.521767,205,['1206'],
1215,H,11.934455,-1.430544,-3.451276,205,['1206'],
1216,H,11.960368,0.658682,-2.153972,207,['1207'],
1217,H,10.274698,0.114338,-2.302825,207,['1207'],
1218,HN,10.73682,1.864344,-4.499843,209,['1208'],
1219,HN,10.697465,2.23212,-0.926439,212,['1210'],
1220,HN,10.392507,3.976811,-1.056878,212,['1210'],
1221,HN,10.23684,3.899612,-4.620052,212,['1211'],
1222,HN,10.119092,4.968269,-3.191638,212,['1211'],
1223,N,8.944945,-3.23192,-6.829028,1,"['1201', '1224', '1227']",
1224,CA,7.734616,-3.519219,-7.5633,2,"['1223', '1225', '1228', '1229']",
1225,C,6.622677,-2.583675,-7.104005,3,"['1224', '1226', '1230']",
1226,O,6.356758,-2.467829,-5.902631,5,['1225'],
1227,HN,9.097943,-3.824725,-6.00275,4,['1223'],
1228,H,7.918466,-3.430802,-8.658889,6,['1224'],
1229,H,7.403159,-4.564248,-7.38054,6,['1224'],
1230,N,5.938404,-1.925799,-8.062183,7,"['1225', '1231', '1234']",
1231,CA,4.813595,-1.032329,-7.847811,8,"['1230', '1232', '1235', '1236']",
1232,C,3.542951,-1.834314,-8.134109,9,"['1231', '1233', '1249']",
1233,O,3.339548,-2.320624,-9.249461,11,['1232'],
1234,HN,6.100576,-2.167718,-9.047387,10,['1230'],
1235,H,4.800222,-0.6919,-6.783454,12,['1231'],
1236,C,4.896234,0.193076,-8.807474,19,"['1231', '1237', '1240', '1241']",
1237,C,6.160958,1.083259,-8.629403,21,"['1236', '1238', '1239', '1242']",
1238,C,6.183488,2.164395,-9.738728,23,"['1237', '1243', '1244', '1245']",
1239,C,6.159713,1.766135,-7.2392,23,"['1237', '1246', '1247', '1248']",
1240,H,3.981524,0.812275,-8.672275,20,['1236'],
1241,H,4.837733,-0.175901,-9.859918,20,['1236'],
1242,H,7.081023,0.454481,-8.730024,22,['1237'],
1243,H,7.113389,2.775288,-9.715158,24,['1238'],
1244,H,5.326562,2.870704,-9.66233,24,['1238'],
1245,H,6.136527,1.704035,-10.749859,24,['1238'],
1246,H,7.052958,2.413806,-7.095657,24,['1239'],
1247,H,6.174347,1.022272,-6.412915,24,['1239'],
1248,H,5.262328,2.40683,-7.084695,24,['1239'],
1249,N,2.681822,-2.000329,-7.105091,7,"['1232', '1250', '1253']",
1250,CA,1.444852,-2.76213,-7.186101,8,"['1249', '1251', '1254', '1255']",
1251,C,0.502204,-2.365464,-6.043424,9,"['1250', '1252', '1259']",
1252,O,0.888623,-1.681626,-5.087013,11,['1251'],
1253,HN,2.864329,-1.573928,-6.184252,10,['1249'],
1254,H,0.930549,-2.522062,-8.150053,12,['1250'],
1255,C,1.774808,-4.277329,-7.118806,13,"['1250', '1256', '1257', '1258']",
1256,H,0.858259,-4.900219,-7.203491,14,['1255'],
1257,H,2.271834,-4.548141,-6.16007,14,['1255'],
1258,H,2.449227,-4.577094,-7.952816,14,['1255'],
1259,N,-0.762918,-2.828278,-6.150616,7,"['1251', '1260', '1263']",
1260,CA,-1.761885,-2.839468,-5.099849,8,"['1259', '1261', '1264', '1265']",
1261,C,-1.661867,-4.217965,-4.445112,9,"['1260', '1262', '1280']",
1262,O,-1.646615,-5.252588,-5.127919,11,['1261'],
1263,HN,-1.041286,-3.337752,-6.999945,10,['1259'],
1264,H,-1.514567,-2.055378,-4.347409,12,['1260'],
1265,C,-3.197161,-2.605321,-5.639481,70,"['1260', '1266', '1273', '1274']",
1266,C,-3.290934,-1.37001,-6.510199,72,"['1265', '1267', '1268']",
1267,C,-3.392038,-0.095223,-5.929213,73,"['1266', '1269', '1275']",
1268,C,-3.351595,-1.475564,-7.910507,73,"['1266', '1270', '1276']",
1269,C,-3.562895,1.041317,-6.724342,75,"['1267', '1271', '1277']",
1270,C,-3.52468,-0.337887,-8.702645,75,"['1268', '1271', '1278']",
1271,C,-3.649641,0.927637,-8.116362,77,"['1269', '1270', '1272']",
1272,OH,-3.92257,2.02956,-8.867973,78,"['1271', '1279']",
1273,H,-3.911651,-2.50303,-4.78891,71,['1265'],
1274,H,-3.544984,-3.490813,-6.215818,71,['1265'],
1275,H,-3.357891,0.021705,-4.833973,74,['1267'],
1276,H,-3.297667,-2.460544,-8.401685,74,['1268'],
1277,H,-3.64582,2.024142,-6.238043,76,['1269'],
1278,H,-3.610901,-0.444648,-9.793887,76,['1270'],
1279,HO,-3.608302,1.869348,-9.75768,79,['1272'],
1280,N,-1.491186,-4.240327,-3.106607,7,"['1261', '1281', '1284']",
1281,CA,-1.297903,-5.453698,-2.324645,8,"['1280', '1282', '1285', '1286']",
1282,C,-2.634421,-5.767476,-1.649944,9,"['1281', '1283', '1299']",
1283,O,-3.269741,-4.871455,-1.089263,11,['1282'],
1284,HN,-1.636483,-3.379614,-2.553088,10,['1280'],
1285,H,-1.022734,-6.302882,-2.998637,12,['1281'],
1286,C,-0.159056,-5.257082,-1.259288,25,"['1281', '1287', '1288', '1290']",
1287,C,1.156473,-4.685938,-1.886606,27,"['1286', '1289', '1291', '1292']",
1288,C,0.142279,-6.586318,-0.515984,29,"['1286', '1293', '1294', '1295']",
1289,C,1.740245,-5.477683,-3.067109,31,"['1287', '1296', '1297', '1298']",
1290,H,-0.525451,-4.515115,-0.503272,26,['1286'],
1291,H,1.935024,-4.591303,-1.094069,28,['1287'],
1292,H,0.971501,-3.640176,-2.22689,28,['1287'],
1293,H,0.962306,-6.465875,0.226961,30,['1288'],
1294,H,0.431465,-7.408098,-1.207943,30,['1288'],
1295,H,-0.745184,-6.939906,0.055639,30,['1288'],
1296,H,2.680095,-5.007087,-3.432548,32,['1289'],
1297,H,1.042488,-5.522853,-3.931386,32,['1289'],
1298,H,1.990957,-6.518884,-2.77604,32,['1289'],
1299,N,-3.06558,-7.047752,-1.674861,7,"['1282', '1300', '1303']",
1300,CA,-4.255329,-7.546508,-1.009509,8,"['1299', '1301', '1304', '1305']",
1301,C,-3.842284,-8.627911,-0.006583,9,"['1300', '1302', '1320']",
1302,O,-3.029517,-9.505798,-0.313115,11,['1301'],
1303,HN,-2.51145,-7.770667,-2.154074,10,['1299'],
1304,H,-4.726415,-6.705305,-0.448152,12,['1300'],
1305,C,-5.287798,-8.144225,-2.003341,70,"['1300', '1306', '1313', '1314']",
1306,C,-5.788243,-7.138276,-3.017998,72,"['1305', '1307', '1308']",
1307,C,-7.039877,-6.524729,-2.851868,73,"['1306', '1309', '1315']",
1308,C,-5.029601,-6.807534,-4.151609,73,"['1306', '1310', '1316']",
1309,C,-7.525849,-5.600447,-3.778539,75,"['1307', '1311', '1317']",
1310,C,-5.511431,-5.875456,-5.07331,75,"['1308', '1311', '1318']",
1311,C,-6.763238,-5.277133,-4.901731,77,"['1309', '1310', '1312']",
1312,OH,-7.28202,-4.436757,-5.827565,78,"['1311', '1319']",
1313,H,-6.155139,-8.5473,-1.435077,71,['1305'],
1314,H,-4.845556,-9.014894,-2.530697,71,['1305'],
1315,H,-7.648027,-6.739205,-1.963433,74,['1307'],
1316,H,-4.041669,-7.264124,-4.32425,74,['1308'],
1317,H,-8.515311,-5.138526,-3.626724,76,['1309'],
1318,H,-4.905226,-5.616179,-5.948807,76,['1310'],
1319,HO,-6.837298,-4.568648,-6.660241,79,['1312'],
1320,N,-4.489422,-8.593259,1.180538,7,"['1301', '1321', '1324']",
1321,CA,-4.415083,-9.531986,2.283872,8,"['1320', '1322', '1325', '1326']",
1322,C,-5.818275,-10.125544,2.454511,9,"['1321', '1323', '1330']",
1323,O,-6.763429,-9.422967,2.831648,11,['1322'],
1324,HN,-5.224287,-7.885858,1.318173,10,['1320'],
1325,H,-3.675761,-10.33874,2.06035,12,['1321'],
1326,C,-3.997701,-8.765663,3.56119,13,"['1321', '1327', '1328', '1329']",
1327,H,-4.022879,-9.425167,4.457365,14,['1326'],
1328,H,-4.683555,-7.915547,3.769777,14,['1326'],
1329,H,-2.963952,-8.359168,3.484443,14,['1326'],
1330,N,-5.983945,-11.418344,2.083677,7,"['1322', '1331', '1334']",
1331,CA,-7.236706,-12.16301,2.05515,8,"['1330', '1332', '1335', '1336']",
1332,C,-8.347665,-11.427109,1.287475,9,"['1331', '1333', '1342']",
1333,O,-9.522678,-11.407273,1.676101,11,['1332'],
1334,HN,-5.160697,-11.995571,1.861017,10,['1330'],
1335,H,-7.056455,-13.10197,1.476159,12,['1331'],
1336,C,-7.668927,-12.547461,3.488209,137,"['1331', '1337', '1340', '1341']",
1337,C,-6.624269,-13.293789,4.296998,139,"['1336', '1338', '1339']",
1338,O,-5.660852,-13.835566,3.692634,140,['1337'],
1339,O,-6.767873,-13.32351,5.549109,140,['1337'],
1340,H,-8.589693,-13.174842,3.445592,138,['1336'],
1341,H,-7.941023,-11.61249,4.0272,138,['1336'],
1342,N,-7.951623,-10.815275,0.143013,1,"['1332', '1343', '1346']",
1343,CA,-8.770058,-10.004306,-0.718537,2,"['1342', '1344', '1347', '1348']",
1344,C,-9.035192,-8.554433,-0.323344,3,"['1343', '1345', '1349']",
1345,O,-9.503539,-7.79509,-1.168121,5,['1344'],
1346,HN,-6.969544,-10.878084,-0.15812,4,['1342'],
1347,H,-8.313787,-9.978422,-1.732793,6,['1343'],
1348,H,-9.7654,-10.484593,-0.862376,6,['1343'],
1349,N,-8.704575,-8.113473,0.918661,7,"['1344', '1350', '1353']",
1350,CA,-8.808486,-6.716841,1.348899,8,"['1349', '1351', '1354', '1355']",
1351,C,-7.548557,-5.987104,0.863463,9,"['1350', '1352', '1371']",
1352,O,-6.434583,-6.469826,1.075519,11,['1351'],
1353,HN,-8.173886,-8.712789,1.566315,10,['1349'],
1354,H,-9.709122,-6.255129,0.870441,12,['1350'],
1355,C,-8.89616,-6.578903,2.906753,182,"['1350', '1356', '1360', '1361']",
1356,C,-10.012016,-7.403692,3.606631,184,"['1355', '1357', '1362', '1363']",
1357,C,-11.006756,-6.551749,4.436594,186,"['1356', '1358', '1364', '1365']",
1358,C,-11.934355,-7.41224,5.329694,188,"['1357', '1359', '1366', '1367']",
1359,N,-12.98547,-6.631955,5.978118,190,"['1358', '1368', '1369', '1370']",
1360,H,-8.975888,-5.494326,3.156395,183,['1355'],
1361,H,-7.909902,-6.89867,3.328662,183,['1355'],
1362,H,-9.516257,-8.15838,4.265242,185,['1356'],
1363,H,-10.572008,-7.999355,2.848883,185,['1356'],
1364,H,-11.60608,-5.918609,3.738511,187,['1357'],
1365,H,-10.437494,-5.846155,5.089148,187,['1357'],
1366,H,-11.327796,-7.904042,6.126386,189,['1358'],
1367,H,-12.410496,-8.235488,4.748788,189,['1358'],
1368,HN,-13.278808,-7.037709,6.862849,191,['1359'],
1369,HN,-13.818869,-6.552783,5.403831,191,['1359'],
1370,HN,-12.709012,-5.668873,6.162811,191,['1359'],
1371,N,-7.693042,-4.813606,0.200691,7,"['1351', '1372', '1375']",
1372,CA,-6.545629,-4.053837,-0.296746,8,"['1371', '1373', '1376', '1377']",
1373,C,-5.907051,-3.3447,0.906565,9,"['1372', '1374', '1388']",
1374,O,-6.584041,-2.628537,1.646155,11,['1373'],
1375,HN,-8.620162,-4.38639,0.073377,10,['1371'],
1376,H,-5.816071,-4.770771,-0.748863,12,['1372'],
1377,C,-6.978229,-2.99986,-1.358023,175,"['1372', '1378', '1381', '1382']",
1378,C,-5.795239,-2.508007,-2.223138,177,"['1377', '1379', '1383', '1384']",
1379,S,-6.159595,-0.993307,-3.156228,179,"['1378', '1380']",
1380,C,-7.713898,-1.440249,-3.970173,180,"['1379', '1385', '1386', '1387']",
1381,H,-7.47675,-2.147959,-0.838584,176,['1377'],
1382,H,-7.755058,-3.440026,-2.024321,176,['1377'],
1383,H,-5.492582,-3.317474,-2.926371,178,['1378'],
1384,H,-4.900446,-2.320407,-1.587311,178,['1378'],
1385,H,-7.999253,-0.634377,-4.676067,181,['1380'],
1386,H,-8.527207,-1.555234,-3.219659,181,['1380'],
1387,H,-7.591827,-2.38708,-4.538052,181,['1380'],
1388,N,-4.578943,-3.533569,1.075384,7,"['1373', '1389', '1392']",
1389,CA,-3.761776,-2.937489,2.113417,8,"['1388', '1390', '1393', '1394']",
1390,C,-3.6827,-1.419599,1.925424,9,"['1389', '1391', '1404']",
1391,O,-3.85386,-0.677398,2.891762,11,['1390'],
1392,HN,-4.060953,-4.075723,0.375808,10,['1388'],
1393,H,-4.269568,-3.087319,3.092675,12,['1389'],
1394,C,-2.326172,-3.570133,2.206772,15,"['1389', '1395', '1396', '1397']",
1395,C,-1.510341,-2.935522,3.365525,17,"['1394', '1398', '1399', '1400']",
1396,C,-2.385756,-5.104054,2.437505,17,"['1394', '1401', '1402', '1403']",
1397,H,-1.801928,-3.372888,1.237753,16,['1394'],
1398,H,-0.491075,-3.371939,3.441719,18,['1395'],
1399,H,-2.010832,-3.068599,4.351115,18,['1395'],
1400,H,-1.370087,-1.840549,3.223064,18,['1395'],
1401,H,-1.36517,-5.548588,2.469975,18,['1396'],
1402,H,-2.938374,-5.63578,1.632647,18,['1396'],
1403,H,-2.883061,-5.353666,3.401224,18,['1396'],
1404,N,-3.43767,-0.982697,0.665665,7,"['1390', '1405', '1408']",
1405,CA,-3.272505,0.404377,0.263102,8,"['1404', '1406', '1409', '1410']",
1406,C,-4.466627,1.25607,0.708603,9,"['1405', '1407', '1418']",
1407,O,-4.353606,2.172068,1.530218,11,['1406'],
1408,HN,-3.162858,-1.665826,-0.052818,10,['1404'],
1409,H,-2.392079,0.806738,0.818822,12,['1405'],
1410,C,-3.02638,0.577653,-1.269155,147,"['1405', '1411', '1414', '1415']",
1411,C,-2.014387,-0.354845,-1.926174,149,"['1410', '1412', '1413']",
1412,O,-2.034104,-1.574539,-1.692483,150,['1411'],
1413,N,-1.25591,0.167681,-2.909291,151,"['1411', '1416', '1417']",
1414,H,-2.6547,1.629812,-1.390883,148,['1410'],
1415,H,-3.965151,0.528364,-1.861681,148,['1410'],
1416,HN,-1.291222,1.179439,-3.121292,152,['1413'],
1417,HN,-0.604614,-0.443078,-3.417265,152,['1413'],
1418,N,-5.678287,0.871754,0.211461,7,"['1406', '1419', '1422']",
1419,CA,-6.940693,1.487931,0.569349,8,"['1418', '1420', '1423', '1424']",
1420,C,-7.152423,1.507789,2.082601,9,"['1419', '1421', '1433']",
1421,O,-7.603114,2.518971,2.622807,11,['1420'],
1422,HN,-5.730514,0.132866,-0.501597,10,['1418'],
1423,H,-6.905102,2.554642,0.252015,12,['1419'],
1424,C,-8.150823,0.780232,-0.108919,153,"['1419', '1425', '1429', '1430']",
1425,C,-9.489293,1.511194,0.138992,155,"['1424', '1426', '1431', '1432']",
1426,C,-10.7422,0.682272,-0.096148,157,"['1425', '1427', '1428']",
1427,O,-10.659944,-0.368734,-0.76494,158,['1426'],
1428,O,-11.806896,1.112534,0.431202,158,['1426'],
1429,H,-8.242413,-0.250554,0.305027,154,['1424'],
1430,H,-8.004023,0.652362,-1.204731,154,['1424'],
1431,H,-9.549821,2.414957,-0.505763,156,['1425'],
1432,H,-9.551518,1.880577,1.185982,156,['1425'],
1433,N,-6.854861,0.37908,2.774935,7,"['1420', '1434', '1437']",
1434,CA,-7.022049,0.236571,4.211639,8,"['1433', '1435', '1438', '1439']",
1435,C,-6.187299,1.231178,5.028766,9,"['1434', '1436', '1443']",
1436,O,-6.681495,1.77954,6.018713,11,['1435'],
1437,HN,-6.519691,-0.456293,2.27402,10,['1433'],
1438,H,-8.086815,0.476264,4.450343,12,['1434'],
1439,C,-6.723903,-1.212478,4.663325,13,"['1434', '1440', '1441', '1442']",
1440,H,-6.911264,-1.349509,5.747986,14,['1439'],
1441,H,-5.65885,-1.474524,4.465041,14,['1439'],
1442,H,-7.35698,-1.943627,4.111421,14,['1439'],
1443,N,-4.919913,1.480783,4.610184,7,"['1435', '1444', '1447']",
1444,CA,-4.008553,2.443143,5.215331,8,"['1443', '1445', '1448', '1449']",
1445,C,-4.569671,3.861031,5.134066,9,"['1444', '1446', '1462']",
1446,O,-4.605284,4.597861,6.126956,11,['1445'],
1447,HN,-4.55493,0.994865,3.779781,10,['1443'],
1448,H,-3.914929,2.212633,6.302825,12,['1444'],
1449,C,-2.607334,2.442886,4.536689,19,"['1444', '1450', '1453', '1454']",
1450,C,-1.684369,1.2617,4.936559,21,"['1449', '1451', '1452', '1455']",
1451,C,-0.604604,1.07221,3.843051,23,"['1450', '1456', '1457', '1458']",
1452,C,-1.010167,1.567442,6.299764,23,"['1450', '1459', '1460', '1461']",
1453,H,-2.084218,3.398779,4.768811,20,['1449'],
1454,H,-2.747601,2.463695,3.42592,20,['1449'],
1455,H,-2.285762,0.322332,5.013539,22,['1450'],
1456,H,0.041869,0.193008,4.057234,24,['1451'],
1457,H,0.066669,1.954107,3.74275,24,['1451'],
1458,H,-1.05554,0.898624,2.839825,24,['1451'],
1459,H,-0.323835,0.745847,6.606246,24,['1452'],
1460,H,-1.754605,1.689451,7.116696,24,['1452'],
1461,H,-0.401235,2.498301,6.268354,24,['1452'],
1462,N,-5.006607,4.25181,3.913177,7,"['1445', '1463', '1466']",
1463,CA,-5.59385,5.544765,3.631565,8,"['1462', '1464', '1467', '1468']",
1464,C,-6.89156,5.73689,4.430094,9,"['1463', '1465', '1478']",
1465,O,-7.112287,6.777009,5.054813,11,['1464'],
1466,HN,-4.930223,3.608767,3.110818,10,['1462'],
1467,H,-4.895211,6.334059,4.000135,12,['1463'],
1468,C,-5.799484,5.748244,2.091105,15,"['1463', '1469', '1470', '1471']",
1469,C,-6.504931,7.089596,1.799465,17,"['1468', '1472', '1473', '1474']",
1470,C,-4.442882,5.732644,1.334345,17,"['1468', '1475', '1476', '1477']",
1471,H,-6.437796,4.907981,1.715861,16,['1468'],
1472,H,-6.658575,7.237956,0.708948,18,['1469'],
1473,H,-5.926801,7.959093,2.186492,18,['1469'],
1474,H,-7.513133,7.12732,2.263693,18,['1469'],
1475,H,-4.576109,5.903732,0.243803,18,['1470'],
1476,H,-3.909114,4.757585,1.414607,18,['1470'],
1477,H,-3.748875,6.521512,1.701535,18,['1470'],
1478,N,-7.754119,4.690138,4.466416,7,"['1464', '1479', '1482']",
1479,CA,-9.023696,4.679282,5.166499,8,"['1478', '1480', '1483', '1484']",
1480,C,-8.900467,4.874695,6.678613,9,"['1479', '1481', '1502']",
1481,O,-9.836818,5.373958,7.310019,11,['1480'],
1482,HN,-7.534842,3.841567,3.931993,10,['1478'],
1483,H,-9.582119,5.579396,4.812676,12,['1479'],
1484,C,-9.85187,3.387303,4.85401,202,"['1479', '1485', '1491', '1492']",
1485,C,-11.259625,3.309133,5.494868,204,"['1484', '1486', '1493', '1494']",
1486,C,-12.187538,4.438239,4.988393,206,"['1485', '1487', '1495', '1496']",
1487,N,-13.463147,4.413299,5.684114,208,"['1486', '1488', '1497']",
1488,C,-13.750933,4.999923,6.856871,210,"['1487', '1489', '1490']",
1489,N,-12.814316,5.447015,7.68781,211,"['1488', '1498', '1499']",
1490,N,-15.042374,5.105792,7.181019,211,"['1488', '1500', '1501']",
1491,H,-9.259648,2.500248,5.183798,203,['1484'],
1492,H,-9.95395,3.251526,3.751105,203,['1484'],
1493,H,-11.152402,3.343713,6.602325,205,['1485'],
1494,H,-11.697144,2.314488,5.23439,205,['1485'],
1495,H,-12.359466,4.32287,3.89299,207,['1486'],
1496,H,-11.71884,5.439047,5.112812,207,['1486'],
1497,HN,-14.230431,4.023525,5.114303,209,['1487'],
1498,HN,-11.813557,5.407199,7.446798,212,['1489'],
1499,HN,-13.077162,5.856409,8.599891,212,['1489'],
1500,HN,-15.770001,4.777086,6.535292,212,['1490'],
1501,HN,-15.30416,5.628548,8.033688,212,['1490'],
1502,N,-7.773403,4.438262,7.293366,7,"['1480', '1503', '1506']",
1503,CA,-7.501524,4.606646,8.709948,8,"['1502', '1504', '1507', '1508']",
1504,C,-6.659944,5.841719,9.056187,9,"['1503', '1505', '1519']",
1505,O,-6.290933,6.029871,10.217495,11,['1504'],
1506,HN,-7.02935,3.962136,6.762621,10,['1502'],
1507,H,-8.467668,4.796333,9.23662,12,['1503'],
1508,C,-6.85346,3.329205,9.324484,167,"['1503', '1509', '1513', '1514']",
1509,C,-7.71934,2.056561,9.162753,169,"['1508', '1510', '1515', '1516']",
1510,C,-9.09252,2.194081,9.793457,171,"['1509', '1511', '1512']",
1511,O,-9.229303,2.592997,10.949316,172,['1510'],
1512,N,-10.155287,1.891941,9.018989,173,"['1510', '1517', '1518']",
1513,H,-6.677863,3.499038,10.415291,168,['1508'],
1514,H,-5.848099,3.159752,8.871789,168,['1508'],
1515,H,-7.205367,1.210034,9.667228,170,['1509'],
1516,H,-7.77807,1.775794,8.085476,170,['1509'],
1517,HN,-10.019259,1.636617,8.031107,174,['1512'],
1518,HN,-11.091802,2.032511,9.422317,174,['1512'],
1519,N,-6.336444,6.710199,8.066557,1,"['1504', '1520', '1523']",
1520,CA,-5.521639,7.882779,8.279018,2,"['1519', '1521', '1524', '1525']",
1521,C,-4.058179,7.615489,8.616189,3,"['1520', '1522', '1526']",
1522,O,-3.429752,8.412241,9.318546,5,['1521'],
1523,HN,-6.637314,6.584058,7.089916,4,['1519'],
1524,H,-5.540855,8.53039,7.374185,6,['1520'],
1525,H,-5.946753,8.501265,9.102169,6,['1520'],
1526,N,-3.502718,6.466818,8.151622,7,"['1521', '1527', '1530']",
1527,CA,-2.107768,6.082898,8.301094,8,"['1526', '1528', '1531', '1532']",
1528,C,-1.278461,6.251812,7.016154,9,"['1527', '1529', '1545']",
1529,O,-0.049412,6.164605,7.064323,11,['1528'],
1530,HN,-4.056916,5.799203,7.595066,10,['1526'],
1531,H,-1.611684,6.788381,9.010649,12,['1527'],
1532,C,-1.993049,4.636631,8.869634,19,"['1527', '1533', '1536', '1537']",
1533,C,-2.5854,4.487106,10.306162,21,"['1532', '1534', '1535', '1538']",
1534,C,-2.636323,2.994661,10.70879,23,"['1533', '1539', '1540', '1541']",
1535,C,-1.743358,5.268517,11.348027,23,"['1533', '1542', '1543', '1544']",
1536,H,-0.919644,4.33404,8.865938,20,['1532'],
1537,H,-2.496006,3.932024,8.164076,20,['1532'],
1538,H,-3.632621,4.879871,10.316186,22,['1533'],
1539,H,-3.138209,2.856644,11.693179,24,['1534'],
1540,H,-1.618347,2.55255,10.788759,24,['1534'],
1541,H,-3.209782,2.388549,9.971478,24,['1534'],
1542,H,-2.118894,5.107921,12.383864,24,['1535'],
1543,H,-1.778078,6.365676,11.169754,24,['1535'],
1544,H,-0.670344,4.967024,11.334886,24,['1535'],
1545,N,-1.920231,6.590219,5.871026,7,"['1528', '1546', '1549']",
1546,CA,-1.282416,7.013686,4.633866,8,"['1545', '1547', '1550', '1551']",
1547,C,-2.105553,8.156855,4.030723,9,"['1546', '1548', '1555']",
1548,O,-3.333596,8.177291,4.142843,11,['1547'],
1549,HN,-2.947072,6.628634,5.817452,10,['1545'],
1550,H,-0.253485,7.38828,4.854557,12,['1546'],
1551,C,-1.219262,5.84405,3.62441,13,"['1546', '1552', '1553', '1554']",
1552,H,-0.773736,6.167611,2.658289,14,['1551'],
1553,H,-2.231991,5.444287,3.390113,14,['1551'],
1554,H,-0.603595,4.999338,4.000362,14,['1551'],
1555,N,-1.411736,9.105269,3.35768,7,"['1547', '1556', '1559']",
1556,CA,-2.010816,10.112984,2.488431,8,"['1555', '1557', '1560', '1561']",
1557,C,-2.067188,9.506555,1.078289,9,"['1556', '1558', '1577']",
1558,O,-1.218896,8.679862,0.721999,11,['1557'],
1559,HN,-0.388505,9.008812,3.272373,10,['1555'],
1560,H,-3.054388,10.340072,2.820922,12,['1556'],
1561,C,-1.144817,11.410655,2.413369,182,"['1556', '1562', '1566', '1567']",
1562,C,-1.016477,12.231622,3.721764,184,"['1561', '1563', '1568', '1569']",
1563,C,0.046628,13.349514,3.56142,186,"['1562', '1564', '1570', '1571']",
1564,C,0.203449,14.30009,4.770859,188,"['1563', '1565', '1572', '1573']",
1565,N,1.460881,15.039494,4.710899,190,"['1564', '1574', '1575', '1576']",
1566,H,-1.57462,12.067769,1.617182,183,['1561'],
1567,H,-0.130178,11.123663,2.042944,183,['1561'],
1568,H,-0.729004,11.55348,4.559919,185,['1562'],
1569,H,-2.010662,12.657481,3.992541,185,['1562'],
1570,H,-0.186274,13.95826,2.653922,187,['1563'],
1571,H,1.026775,12.858911,3.34975,187,['1563'],
1572,H,0.186102,13.727039,5.726183,189,['1564'],
1573,H,-0.64001,15.025515,4.817357,189,['1564'],
1574,HN,1.635778,15.608947,5.532671,191,['1565'],
1575,HN,1.570493,15.618748,3.884304,191,['1565'],
1576,HN,2.237754,14.381534,4.676081,191,['1565'],
1577,N,-2.998509,10.007433,0.227438,7,"['1557', '1578', '1581']",
1578,CA,-2.991176,9.718836,-1.202502,8,"['1577', '1579', '1582', '1583']",
1579,C,-1.889305,10.599134,-1.812916,9,"['1578', '1580', '1593']",
1580,O,-1.874262,11.823601,-1.617747,11,['1579'],
1581,HN,-3.674966,10.726666,0.539346,10,['1577'],
1582,H,-2.718705,8.641921,-1.339168,12,['1578'],
1583,C,-4.372698,9.960002,-1.904642,15,"['1578', '1584', '1585', '1586']",
1584,C,-4.293037,9.572936,-3.406232,17,"['1583', '1587', '1588', '1589']",
1585,C,-5.466354,9.099187,-1.22699,17,"['1583', '1590', '1591', '1592']",
1586,H,-4.647003,11.040919,-1.806723,16,['1583'],
1587,H,-5.278455,9.641785,-3.915755,18,['1584'],
1588,H,-3.923022,8.530044,-3.539874,18,['1584'],
1589,H,-3.597008,10.239792,-3.961335,18,['1584'],
1590,H,-6.441193,9.156217,-1.756688,18,['1585'],
1591,H,-5.647835,9.443806,-0.185808,18,['1585'],
1592,H,-5.16823,8.029331,-1.167846,18,['1585'],
1593,N,-0.924823,9.965024,-2.518011,7,"['1579', '1594', '1597']",
1594,CA,0.316603,10.547581,-3.007164,8,"['1593', '1595', '1598', '1599']",
1595,C,0.917901,9.682796,-4.121574,9,"['1594', '1596', '1603']",
1596,O,0.539589,8.532113,-4.311658,11,['1595'],
1597,HN,-1.032232,8.962269,-2.73177,10,['1593'],
1598,H,0.103693,11.555628,-3.435569,12,['1594'],
1599,C,1.292713,10.655119,-1.809826,13,"['1594', '1600', '1601', '1602']",
1600,H,2.293253,11.045797,-2.099311,14,['1599'],
1601,H,1.447542,9.659173,-1.337273,14,['1599'],
1602,H,0.893777,11.331491,-1.020293,14,['1599'],
1603,N,1.906299,10.2528,-4.859996,7,"['1595', '1604', '1607']",
1604,CA,2.614006,9.603567,-5.961028,8,"['1603', '1605', '1608', '1609']",
1605,C,1.682093,9.085115,-7.065714,9,"['1604', '1606', '1624']",
1606,O,1.842836,7.98611,-7.597154,11,['1605'],
1607,HN,2.308476,11.147222,-4.551851,10,['1603'],
1608,H,3.225966,10.382958,-6.475912,12,['1604'],
1609,C,3.577865,8.50124,-5.433315,70,"['1604', '1610', '1617', '1618']",
1610,C,4.592677,9.122579,-4.498631,72,"['1609', '1611', '1612']",
1611,C,5.666896,9.896508,-4.974485,73,"['1610', '1613', '1619']",
1612,C,4.394227,9.034047,-3.116277,73,"['1610', '1614', '1620']",
1613,C,6.52289,10.566648,-4.089441,75,"['1611', '1615', '1621']",
1614,C,5.246718,9.709935,-2.251106,75,"['1612', '1615', '1622']",
1615,C,6.307205,10.487835,-2.710308,77,"['1613', '1614', '1616']",
1616,OH,7.076446,11.173065,-1.813475,78,"['1615', '1623']",
1617,H,4.092085,7.982638,-6.269075,71,['1609'],
1618,H,2.996696,7.709305,-4.90469,71,['1609'],
1619,H,5.83349,10.009422,-6.057215,74,['1611'],
1620,H,3.545742,8.468452,-2.698782,74,['1612'],
1621,H,7.347973,11.177615,-4.48351,76,['1613'],
1622,H,5.064391,9.677316,-1.177846,76,['1614'],
1623,HO,6.739954,11.015242,-0.933556,79,['1616'],
1624,N,0.679851,9.923983,-7.430432,7,"['1605', '1625', '1628']",
1625,CA,-0.285352,9.638264,-8.475782,8,"['1624', '1626', '1629', '1630']",
1626,C,0.339171,10.003416,-9.836039,9,"['1625', '1627', '1640']",
1627,O,0.283688,11.16083,-10.277916,11,['1626'],
1628,HN,0.597383,10.85443,-7.004005,10,['1624'],
1629,H,-0.517661,8.543394,-8.471726,12,['1625'],
1630,C,-1.631685,10.416881,-8.262302,15,"['1625', '1631', '1632', '1633']",
1631,C,-2.682178,9.926018,-9.288636,17,"['1630', '1634', '1635', '1636']",
1632,C,-2.190317,10.223971,-6.827803,17,"['1630', '1637', '1638', '1639']",
1633,H,-1.441974,11.506172,-8.424219,16,['1630'],
1634,H,-3.584454,10.576292,-9.285997,18,['1631'],
1635,H,-3.01567,8.886467,-9.074653,18,['1631'],
1636,H,-2.296089,9.94314,-10.331176,18,['1631'],
1637,H,-3.23102,10.606158,-6.735656,18,['1632'],
1638,H,-1.584589,10.761776,-6.06569,18,['1632'],
1639,H,-2.20996,9.154413,-6.523592,18,['1632'],
1640,N,0.924994,8.989011,-10.517004,7,"['1626', '1641', '1644']",
1641,CA,1.424621,9.065632,-11.887568,8,"['1640', '1642', '1645', '1646']",
1642,C,0.363485,8.485805,-12.835146,9,"['1641', '1643', '1661']",
1643,O,-0.413662,7.600913,-12.470935,11,['1642'],
1644,HN,0.969926,8.05321,-10.089646,10,['1640'],
1645,H,1.574608,10.141683,-12.154641,12,['1641'],
1646,C,2.767177,8.30631,-12.073093,70,"['1641', '1647', '1654', '1655']",
1647,C,3.848736,8.814398,-11.142118,72,"['1646', '1648', '1649']",
1648,C,4.65241,9.912688,-11.498763,73,"['1647', '1650', '1656']",
1649,C,4.074262,8.196626,-9.901042,73,"['1647', '1651', '1657']",
1650,C,5.659886,10.37606,-10.644088,75,"['1648', '1652', '1658']",
1651,C,5.100172,8.636718,-9.062691,75,"['1649', '1652', '1659']",
1652,C,5.890975,9.731805,-9.424268,77,"['1650', '1651', '1653']",
1653,OH,6.900733,10.171103,-8.617833,78,"['1652', '1660']",
1654,H,3.132137,8.397595,-13.123125,71,['1646'],
1655,H,2.63342,7.209299,-11.928646,71,['1646'],
1656,H,4.52066,10.394236,-12.482687,74,['1648'],
1657,H,3.480723,7.320882,-9.593162,74,['1649'],
1658,H,6.300566,11.218181,-10.952606,76,['1650'],
1659,H,5.308649,8.089855,-8.1305,76,['1651'],
1660,HO,7.098506,9.491959,-7.979889,79,['1653'],
1661,N,0.326943,9.039476,-14.074333,7,"['1642', '1662', '1665']",
1662,CA,-0.637383,8.703512,-15.122433,8,"['1661', '1663', '1666', '1667']",
1663,C,-0.414736,7.238123,-15.519535,9,"['1662', '1664', '1683']",
1664,O,0.72736,6.821933,-15.696086,11,['1663'],
1665,HN,1.131869,9.600841,-14.379557,10,['1661'],
1666,H,-1.663137,8.813433,-14.692704,12,['1662'],
1667,C,-0.44528,9.660259,-16.352625,182,"['1662', '1668', '1672', '1673']",
1668,C,-1.714498,9.959335,-17.193614,184,"['1667', '1669', '1674', '1675']",
1669,C,-2.601788,11.079018,-16.582342,186,"['1668', '1670', '1676', '1677']",
1670,C,-3.655985,11.665583,-17.555885,188,"['1669', '1671', '1678', '1679']",
1671,N,-3.118056,12.6993,-18.427364,190,"['1670', '1680', '1681', '1682']",
1672,H,0.322265,9.194637,-17.022186,183,['1667'],
1673,H,0.013206,10.626573,-16.035807,183,['1667'],
1674,H,-2.295481,9.01919,-17.349117,185,['1668'],
1675,H,-1.373959,10.264785,-18.213016,185,['1668'],
1676,H,-1.968037,11.913154,-16.192767,187,['1669'],
1677,H,-3.125968,10.666591,-15.68909,187,['1669'],
1678,H,-4.505885,12.10959,-16.990886,189,['1670'],
1679,H,-4.099823,10.860577,-18.181437,189,['1670'],
1680,HN,-3.645321,12.835739,-19.292554,191,['1671'],
1681,HN,-2.167645,12.500216,-18.737661,191,['1671'],
1682,HN,-3.065654,13.605807,-17.979254,191,['1671'],
1683,N,-1.50759,6.448503,-15.636106,1,"['1663', '1684', '1687']",
1684,CA,-1.453555,5.031534,-15.934805,2,"['1683', '1685', '1688', '1689']",
1685,C,-1.198974,4.075963,-14.77012,3,"['1684', '1686', '1690']",
1686,O,-1.465175,2.877032,-14.879662,5,['1685'],
1687,HN,-2.439176,6.779448,-15.342203,4,['1683'],
1688,H,-2.409057,4.717949,-16.404009,6,['1684'],
1689,H,-0.674124,4.829614,-16.705577,6,['1684'],
1690,N,-0.770232,4.604012,-13.59626,7,"['1685', '1691', '1694']",
1691,CA,-0.670258,3.877251,-12.340662,8,"['1690', '1692', '1695', '1696']",
1692,C,-1.647925,4.436161,-11.300158,9,"['1691', '1693', '1704']",
1693,O,-1.357901,4.463818,-10.101908,11,['1692'],
1694,HN,-0.610536,5.615831,-13.484911,10,['1690'],
1695,H,-1.012598,2.828238,-12.491668,12,['1691'],
1696,C,0.798865,3.862116,-11.826189,147,"['1691', '1697', '1700', '1701']",
1697,C,1.650167,2.768986,-12.458059,149,"['1696', '1698', '1699']",
1698,O,1.135209,1.887867,-13.148826,150,['1697'],
1699,N,2.970549,2.811086,-12.181752,151,"['1697', '1702', '1703']",
1700,H,0.778624,3.678985,-10.730276,148,['1696'],
1701,H,1.279344,4.85789,-11.962292,148,['1696'],
1702,HN,3.381694,3.564943,-11.616337,152,['1699'],
1703,HN,3.566278,2.061745,-12.566005,152,['1699'],
1704,N,-2.824552,4.927335,-11.768457,7,"['1692', '1705', '1708']",
1705,CA,-3.842584,5.585575,-10.97601,8,"['1704', '1706', '1709', '1710']",
1706,C,-5.248991,5.007291,-11.174602,9,"['1705', '1707', '1718']",
1707,O,-6.233936,5.738196,-10.996421,11,['1706'],
1708,HN,-3.047579,4.89506,-12.772174,10,['1704'],
1709,H,-3.622692,5.432885,-9.893684,12,['1705'],
1710,C,-3.785362,7.10658,-11.295233,147,"['1705', '1711', '1714', '1715']",
1711,C,-4.359929,7.513365,-12.649008,149,"['1710', '1712', '1713']",
1712,O,-3.886991,7.051728,-13.694443,150,['1711'],
1713,N,-5.339952,8.447329,-12.626826,151,"['1711', '1716', '1717']",
1714,H,-2.739935,7.488147,-11.229275,148,['1710'],
1715,H,-4.357257,7.641511,-10.503825,148,['1710'],
1716,HN,-5.649389,8.855696,-11.72371,152,['1713'],
1717,HN,-5.782098,8.72557,-13.513499,152,['1713'],
1718,N,-5.39361,3.685924,-11.472679,7,"['1706', '1719', '1722']",
1719,CA,-6.674544,2.998998,-11.61122,8,"['1718', '1720', '1723', '1724']",
1720,C,-7.562416,3.197407,-10.379888,9,"['1719', '1721', '1732']",
1721,O,-8.645676,3.792492,-10.46427,11,['1720'],
1722,HN,-4.561119,3.084096,-11.57866,10,['1718'],
1723,H,-7.216092,3.467292,-12.465481,12,['1719'],
1724,C,-6.561095,1.48307,-11.959786,37,"['1719', '1725', '1726', '1727']",
1725,OH,-6.167575,1.386655,-13.323999,39,"['1724', '1728']",
1726,C,-7.87876,0.690384,-11.855239,41,"['1724', '1729', '1730', '1731']",
1727,H,-5.768227,1.017667,-11.323667,38,['1724'],
1728,HO,-5.243924,1.151937,-13.321527,40,['1725'],
1729,H,-7.744224,-0.358445,-12.194506,42,['1726'],
1730,H,-8.685987,1.141749,-12.477477,42,['1726'],
1731,H,-8.258845,0.643106,-10.810579,42,['1726'],
1732,N,-7.091634,2.732675,-9.19443,7,"['1720', '1733', '1736']",
1733,CA,-7.83458,2.817259,-7.943688,8,"['1732', '1734', '1737', '1738']",
1734,C,-7.727821,4.174993,-7.220037,9,"['1733', '1735', '1750']",
1735,O,-8.072349,4.258966,-6.038669,11,['1734'],
1736,HN,-6.114363,2.407759,-9.12505,10,['1732'],
1737,H,-8.92531,2.723356,-8.17667,12,['1733'],
1738,C,-7.453468,1.657725,-6.968839,106,"['1733', '1739', '1744', '1745']",
1739,C,-7.70341,0.24307,-7.418974,108,"['1738', '1740', '1741']",
1740,N,-8.925299,-0.27452,-7.782159,109,"['1739', '1742', '1746']",
1741,C,-6.834326,-0.832271,-7.461889,111,"['1739', '1743', '1747']",
1742,C,-8.821451,-1.597864,-8.06375,113,"['1740', '1743', '1748']",
1743,N,-7.531761,-1.926064,-7.880178,115,"['1741', '1742', '1749']",
1744,H,-8.013449,1.795879,-6.013496,107,['1738'],
1745,H,-6.379523,1.754381,-6.679843,107,['1738'],
1746,HN,-9.838608,0.208669,-7.81687,110,['1740'],
1747,H,-5.793568,-0.875863,-7.187698,112,['1741'],
1748,H,-9.630185,-2.254295,-8.337527,114,['1742'],
1749,HN,-7.138046,-2.87661,-8.016524,116,['1743'],
1750,N,-7.309919,5.274449,-7.90675,7,"['1734', '1751', '1754']",
1751,CA,-7.154347,6.596886,-7.318286,8,"['1750', '1752', '1755', '1756']",
1752,C,-8.415403,7.113021,-6.639517,9,"['1751', '1753', '1765']",
1753,O,-8.352055,7.65417,-5.535469,11,['1752'],
1754,HN,-7.144369,5.235033,-8.92012,10,['1750'],
1755,H,-6.420045,6.512171,-6.481825,12,['1751'],
1756,C,-6.62749,7.643744,-8.34619,153,"['1751', '1757', '1761', '1762']",
1757,C,-6.584428,9.091781,-7.810468,155,"['1756', '1758', '1763', '1764']",
1758,C,-6.163367,10.180648,-8.778803,157,"['1757', '1759', '1760']",
1759,O,-6.162273,9.924789,-10.012546,158,['1758'],
1760,O,-5.868252,11.295892,-8.254607,158,['1758'],
1761,H,-7.260663,7.63225,-9.264579,154,['1756'],
1762,H,-5.606229,7.354718,-8.682388,154,['1756'],
1763,H,-5.906199,9.132705,-6.927549,156,['1757'],
1764,H,-7.592038,9.398411,-7.449343,156,['1757'],
1765,N,-9.573365,7.006758,-7.333645,7,"['1752', '1766', '1769']",
1766,CA,-10.827729,7.524212,-6.825377,8,"['1765', '1767', '1770', '1771']",
1767,C,-11.391825,6.73147,-5.642927,9,"['1766', '1768', '1782']",
1768,O,-12.069862,7.300886,-4.794621,11,['1767'],
1769,HN,-9.608171,6.494091,-8.225922,10,['1765'],
1770,H,-10.623421,8.52357,-6.364738,12,['1766'],
1771,C,-11.870144,7.716785,-7.963836,167,"['1766', '1772', '1776', '1777']",
1772,C,-11.428305,8.792827,-8.992291,169,"['1771', '1773', '1778', '1779']",
1773,C,-11.270079,10.176465,-8.37439,171,"['1772', '1774', '1775']",
1774,O,-12.128348,10.628685,-7.61862,172,['1773'],
1775,N,-10.13997,10.849464,-8.678026,173,"['1773', '1780', '1781']",
1776,H,-12.852273,8.013326,-7.52242,168,['1771'],
1777,H,-12.037688,6.746081,-8.493306,168,['1771'],
1778,H,-12.19137,8.877804,-9.797938,170,['1772'],
1779,H,-10.48881,8.480119,-9.502061,170,['1772'],
1780,HN,-9.424085,10.457946,-9.305527,174,['1775'],
1781,HN,-10.014971,11.790796,-8.28503,174,['1775'],
1782,N,-11.031073,5.424521,-5.536116,7,"['1767', '1783', '1786']",
1783,CA,-11.335648,4.577886,-4.392304,8,"['1782', '1784', '1787', '1788']",
1784,C,-10.601345,5.08395,-3.145792,9,"['1783', '1785', '1801']",
1785,O,-11.214485,5.297848,-2.100726,11,['1784'],
1786,HN,-10.410277,4.994376,-6.231053,10,['1782'],
1787,H,-12.425692,4.658906,-4.166253,12,['1783'],
1788,C,-10.959195,3.099191,-4.698485,19,"['1783', '1789', '1792', '1793']",
1789,C,-11.246846,2.093153,-3.542733,21,"['1788', '1790', '1791', '1794']",
1790,C,-12.757485,1.769427,-3.457278,23,"['1789', '1795', '1796', '1797']",
1791,C,-10.440097,0.799558,-3.807833,23,"['1789', '1798', '1799', '1800']",
1792,H,-9.86667,3.064519,-4.930477,20,['1788'],
1793,H,-11.47422,2.759803,-5.628951,20,['1788'],
1794,H,-10.909468,2.516642,-2.565539,22,['1789'],
1795,H,-12.951981,1.001905,-2.67014,24,['1790'],
1796,H,-13.174773,1.380173,-4.412676,24,['1790'],
1797,H,-13.359449,2.661704,-3.17208,24,['1790'],
1798,H,-10.63809,0.041299,-3.014269,24,['1791'],
1799,H,-9.346307,1.000787,-3.767827,24,['1791'],
1800,H,-10.668621,0.319381,-4.784101,24,['1791'],
1801,N,-9.263909,5.2821,-3.268122,7,"['1784', '1802', '1805']",
1802,CA,-8.408578,5.749106,-2.194288,8,"['1801', '1803', '1806', '1807']",
1803,C,-8.73346,7.177006,-1.74889,9,"['1802', '1804', '1820']",
1804,O,-8.703688,7.466977,-0.55309,11,['1803'],
1805,HN,-8.791327,5.073945,-4.158188,10,['1801'],
1806,H,-8.630664,5.132647,-1.288188,12,['1802'],
1807,C,-6.895825,5.597864,-2.537654,19,"['1802', '1808', '1811', '1812']",
1808,C,-6.286158,4.231595,-2.105037,21,"['1807', '1809', '1810', '1813']",
1809,C,-6.963257,3.045259,-2.835019,23,"['1808', '1814', '1815', '1816']",
1810,C,-4.77357,4.212371,-2.419268,23,"['1808', '1817', '1818', '1819']",
1811,H,-6.336513,6.39162,-1.990278,20,['1807'],
1812,H,-6.701991,5.809586,-3.615731,20,['1807'],
1813,H,-6.417668,4.111064,-1.001982,22,['1808'],
1814,H,-6.476292,2.08023,-2.566594,24,['1809'],
1815,H,-6.910974,3.14292,-3.942181,24,['1809'],
1816,H,-8.033775,2.938657,-2.552857,24,['1809'],
1817,H,-4.274604,3.31693,-1.986419,24,['1810'],
1818,H,-4.230019,5.078723,-1.978974,24,['1810'],
1819,H,-4.570903,4.210306,-3.511009,24,['1810'],
1820,N,-9.082711,8.095825,-2.684041,7,"['1803', '1821', '1824']",
1821,CA,-9.471671,9.452516,-2.332698,8,"['1820', '1822', '1825', '1826']",
1822,C,-10.806072,9.526398,-1.573893,9,"['1821', '1823', '1844']",
1823,O,-10.956194,10.383185,-0.701384,11,['1822'],
1824,HN,-9.049907,7.857486,-3.683489,10,['1820'],
1825,H,-8.735098,9.815692,-1.571002,12,['1821'],
1826,C,-9.439212,10.456171,-3.524954,202,"['1821', '1827', '1833', '1834']",
1827,C,-8.018708,10.702018,-4.099633,204,"['1826', '1828', '1835', '1836']",
1828,C,-7.976356,11.874844,-5.10137,206,"['1827', '1829', '1837', '1838']",
1829,N,-6.635462,12.086964,-5.631507,208,"['1828', '1830', '1839']",
1830,C,-5.617317,12.755297,-5.067615,210,"['1829', '1831', '1832']",
1831,N,-5.664207,13.232183,-3.821827,211,"['1830', '1840', '1841']",
1832,N,-4.552361,12.999449,-5.843938,211,"['1830', '1842', '1843']",
1833,H,-9.85973,11.424768,-3.16313,203,['1826'],
1834,H,-10.131724,10.108468,-4.327743,203,['1826'],
1835,H,-7.65213,9.76992,-4.591985,205,['1827'],
1836,H,-7.317669,10.896472,-3.253553,205,['1827'],
1837,H,-8.352625,12.809908,-4.626262,207,['1828'],
1838,H,-8.670547,11.662409,-5.945558,207,['1828'],
1839,HN,-6.487734,11.781347,-6.608689,209,['1829'],
1840,HN,-6.45772,13.017156,-3.204816,212,['1831'],
1841,HN,-4.921765,13.844852,-3.454076,212,['1831'],
1842,HN,-4.561118,12.631513,-6.810576,212,['1832'],
1843,HN,-3.746491,13.532343,-5.483376,212,['1832'],
1844,N,-11.766804,8.608134,-1.859655,7,"['1822', '1845', '1848']",
1845,CA,-13.001487,8.44722,-1.087897,8,"['1844', '1846', '1849', '1850']",
1846,C,-12.677908,8.031822,0.354695,9,"['1845', '1847', '1866']",
1847,O,-13.203065,8.62435,1.30225,11,['1846'],
1848,HN,-11.652456,7.968887,-2.659361,10,['1844'],
1849,H,-13.498485,9.444247,-1.011198,12,['1845'],
1850,C,-13.96708,7.429222,-1.774913,182,"['1845', '1851', '1855', '1856']",
1851,C,-15.265038,7.03567,-1.016717,184,"['1850', '1852', '1857', '1858']",
1852,C,-16.360218,8.124829,-1.052836,186,"['1851', '1853', '1859', '1860']",
1853,C,-17.729188,7.659653,-0.494005,188,"['1852', '1854', '1861', '1862']",
1854,N,-18.35514,6.56373,-1.239219,190,"['1853', '1863', '1864', '1865']",
1855,H,-13.391674,6.479881,-1.923857,183,['1850'],
1856,H,-14.212513,7.785337,-2.803721,183,['1850'],
1857,H,-15.009609,6.754544,0.034407,185,['1851'],
1858,H,-15.631578,6.084394,-1.475808,185,['1851'],
1859,H,-16.492424,8.496131,-2.097793,187,['1852'],
1860,H,-16.007735,9.004086,-0.4606,187,['1852'],
1861,H,-18.435491,8.523095,-0.487246,189,['1853'],
1862,H,-17.61557,7.342281,0.569192,189,['1853'],
1863,HN,-19.272487,6.321043,-0.863897,191,['1854'],
1864,HN,-17.798902,5.711898,-1.218644,191,['1854'],
1865,HN,-18.493063,6.784599,-2.221402,191,['1854'],
1866,N,-11.755884,7.047503,0.501924,7,"['1846', '1867', '1870']",
1867,CA,-11.250231,6.536851,1.766093,8,"['1866', '1868', '1871', '1872']",
1868,C,-10.628713,7.632501,2.638043,9,"['1867', '1869', '1876']",
1869,O,-10.890402,7.708528,3.843817,11,['1868'],
1870,HN,-11.43774,6.531952,-0.330479,10,['1866'],
1871,H,-12.117533,6.13032,2.339098,12,['1867'],
1872,C,-10.218101,5.40744,1.520455,13,"['1867', '1873', '1874', '1875']",
1873,H,-9.822313,4.997648,2.470715,14,['1872'],
1874,H,-9.337675,5.77244,0.94537,14,['1872'],
1875,H,-10.664288,4.558568,0.953522,14,['1872'],
1876,N,-9.811834,8.513903,2.004659,7,"['1868', '1877', '1880']",
1877,CA,-9.132686,9.648625,2.606573,8,"['1876', '1878', '1881', '1882']",
1878,C,-10.130306,10.683646,3.135327,9,"['1877', '1879', '1891']",
1879,O,-9.934195,11.236879,4.21843,11,['1878'],
1880,HN,-9.587995,8.346515,1.015495,10,['1876'],
1881,H,-8.551954,9.275578,3.48539,12,['1877'],
1882,C,-8.17947,10.321733,1.574223,153,"['1877', '1883', '1887', '1888']",
1883,C,-7.220908,11.372362,2.166503,155,"['1882', '1884', '1889', '1890']",
1884,C,-6.409402,12.092453,1.101637,157,"['1883', '1885', '1886']",
1885,O,-7.033447,12.872715,0.3343,158,['1884'],
1886,O,-5.169337,11.85106,1.045355,158,['1884'],
1887,H,-8.782521,10.80716,0.770366,154,['1882'],
1888,H,-7.566402,9.546221,1.058532,154,['1882'],
1889,H,-6.519785,10.884865,2.878274,156,['1883'],
1890,H,-7.772476,12.14386,2.747478,156,['1883'],
1891,N,-11.225866,10.940519,2.375463,7,"['1878', '1892', '1895']",
1892,CA,-12.324621,11.835518,2.717993,8,"['1891', '1893', '1896', '1897']",
1893,C,-13.237646,11.340633,3.849377,9,"['1892', '1894', '1901']",
1894,O,-13.956162,12.12533,4.488601,11,['1893'],
1895,HN,-11.302762,10.492212,1.45194,10,['1891'],
1896,H,-11.893623,12.802296,3.07673,12,['1892'],
1897,C,-13.198599,12.090614,1.469251,13,"['1892', '1898', '1899', '1900']",
1898,H,-14.04291,12.770545,1.712007,14,['1897'],
1899,H,-13.62784,11.140721,1.074012,14,['1897'],
1900,H,-12.615416,12.567852,0.64922,14,['1897'],
1901,N,-13.242959,10.012332,4.100985,7,"['1893', '1902', '1905']",
1902,CA,-13.876306,9.407054,5.255449,8,"['1901', '1903', '1906', '1907']",
1903,C,-12.985778,9.541163,6.49169,9,"['1902', '1904', '1918']",
1904,O,-13.462189,10.006219,7.527603,11,['1903'],
1905,HN,-12.784898,9.358176,3.45055,10,['1901'],
1906,H,-14.800595,9.976995,5.515572,12,['1902'],
1907,C,-14.274501,7.932485,4.996344,167,"['1902', '1908', '1912', '1913']",
1908,C,-15.389747,7.809142,3.926802,169,"['1907', '1909', '1914', '1915']",
1909,C,-15.512669,6.393566,3.379188,171,"['1908', '1910', '1911']",
1910,O,-14.522526,5.806803,2.946122,172,['1909'],
1911,N,-16.753849,5.865526,3.368665,173,"['1909', '1916', '1917']",
1912,H,-14.635293,7.464767,5.943141,168,['1907'],
1913,H,-13.374598,7.362116,4.665226,168,['1907'],
1914,H,-15.175114,8.457092,3.045236,170,['1908'],
1915,H,-16.360977,8.143736,4.362114,170,['1908'],
1916,HN,-17.559053,6.354833,3.78358,174,['1911'],
1917,HN,-16.872693,4.912445,2.999903,174,['1911'],
1918,N,-11.667043,9.241329,6.36672,7,"['1903', '1919', '1922']",
1919,CA,-10.680294,9.374639,7.432327,8,"['1918', '1920', '1923', '1924']",
1920,C,-10.49989,10.813264,7.933216,9,"['1919', '1921', '1928']",
1921,O,-10.359666,11.047711,9.138016,11,['1920'],
1922,HN,-11.316437,8.853782,5.478835,10,['1918'],
1923,H,-11.04705,8.790198,8.311598,12,['1919'],
1924,C,-9.303875,8.816781,6.995057,13,"['1919', '1925', '1926', '1927']",
1925,H,-8.586189,8.805729,7.844781,14,['1924'],
1926,H,-8.85202,9.420056,6.174309,14,['1924'],
1927,H,-9.385265,7.770952,6.626389,14,['1924'],
1928,N,-10.47071,11.79818,7.001523,7,"['1920', '1929', '1932']",
1929,CA,-10.302419,13.217272,7.284959,8,"['1928', '1930', '1933', '1934']",
1930,C,-11.516099,13.815059,8.01153,9,"['1929', '1931', '1950']",
1931,O,-11.37258,14.693428,8.867312,11,['1930'],
1932,HN,-10.482709,11.543641,6.005701,10,['1928'],
1933,H,-9.458684,13.308359,8.005763,12,['1929'],
1934,C,-9.950951,14.008161,5.984261,182,"['1929', '1935', '1939', '1940']",
1935,C,-9.297184,15.393828,6.207693,184,"['1934', '1936', '1941', '1942']",
1936,C,-9.159349,16.235123,4.913894,186,"['1935', '1937', '1943', '1944']",
1937,C,-8.221016,15.647251,3.833226,188,"['1936', '1938', '1945', '1946']",
1938,N,-8.187722,16.496046,2.652092,190,"['1937', '1947', '1948', '1949']",
1939,H,-10.875051,14.118155,5.364873,183,['1934'],
1940,H,-9.242445,13.389769,5.38177,183,['1934'],
1941,H,-8.302436,15.266556,6.697116,185,['1935'],
1942,H,-9.920547,15.968782,6.933886,185,['1935'],
1943,H,-8.791366,17.251023,5.195544,187,['1936'],
1944,H,-10.17392,16.408131,4.480837,187,['1936'],
1945,H,-8.530938,14.624049,3.523362,189,['1937'],
1946,H,-7.183171,15.568367,4.232025,189,['1937'],
1947,HN,-7.496318,16.214515,1.964696,191,['1938'],
1948,HN,-7.96578,17.455196,2.919516,191,['1938'],
1949,HN,-9.083318,16.593484,2.178701,191,['1938'],
1950,N,-12.729987,13.284555,7.704139,7,"['1930', '1951', '1954']",
1951,CA,-13.989108,13.601084,8.367295,8,"['1950', '1952', '1955', '1956']",
1952,C,-14.057667,13.035163,9.798518,9,"['1951', '1953', '1972']",
1953,O,-14.479561,13.741444,10.726417,11,['1952'],
1954,HN,-12.805152,12.612063,6.928083,10,['1950'],
1955,H,-14.053768,14.711809,8.471219,12,['1951'],
1956,C,-15.184596,13.089944,7.502927,182,"['1951', '1957', '1961', '1962']",
1957,C,-16.593737,13.525025,7.962406,184,"['1956', '1958', '1963', '1964']",
1958,C,-17.736468,12.566306,7.546755,186,"['1957', '1959', '1965', '1966']",
1959,C,-18.037011,12.506687,6.033034,188,"['1958', '1960', '1967', '1968']",
1960,N,-17.037773,11.761786,5.271676,190,"['1959', '1969', '1970', '1971']",
1961,H,-15.115496,11.974299,7.463856,183,['1956'],
1962,H,-15.026629,13.463605,6.460678,183,['1956'],
1963,H,-16.809136,14.556456,7.594717,185,['1957'],
1964,H,-16.617447,13.589995,9.077692,185,['1957'],
1965,H,-18.67031,12.916472,8.054796,187,['1958'],
1966,H,-17.569478,11.543426,7.962093,187,['1958'],
1967,H,-18.140243,13.534506,5.614101,189,['1959'],
1968,H,-19.02697,12.01079,5.887444,189,['1959'],
1969,HN,-17.279039,11.725797,4.28802,191,['1960'],
1970,HN,-16.970772,10.800811,5.593304,191,['1960'],
1971,HN,-16.094999,12.145389,5.312708,191,['1960'],
1972,N,-13.635097,11.753,9.968693,7,"['1952', '1973', '1976']",
1973,CA,-13.536165,11.030929,11.230614,8,"['1972', '1974', '1977', '1978']",
1974,C,-12.420146,11.552291,12.156799,9,"['1973', '1975', '1987']",
1975,O,-12.493308,11.354671,13.373455,11,['1974'],
1976,HN,-13.338674,11.210656,9.146014,10,['1972'],
1977,H,-14.476173,11.203585,11.806522,12,['1973'],
1978,C,-13.368202,9.48931,11.007866,153,"['1973', '1979', '1983', '1984']",
1979,C,-14.602909,8.776772,10.398227,155,"['1978', '1980', '1985', '1986']",
1980,C,-14.435028,7.32294,9.988337,157,"['1979', '1981', '1982']",
1981,O,-13.348031,6.716639,10.194283,158,['1980'],
1982,O,-15.368554,6.735144,9.385772,158,['1980'],
1983,H,-13.106939,8.993773,11.973523,154,['1978'],
1984,H,-12.491596,9.312724,10.341505,154,['1978'],
1985,H,-14.940666,9.327008,9.491518,156,['1979'],
1986,H,-15.459701,8.820458,11.107602,156,['1979'],
1987,N,-11.426178,12.285653,11.586162,7,"['1974', '1988', '1991']",
1988,CA,-10.253425,12.848153,12.231157,8,"['1987', '1989', '1992', '1993']",
1989,C,-9.328862,11.738559,12.757824,9,"['1988', '1990', '2009']",
1990,O,-8.873119,11.790408,13.895076,11,['1989'],
1991,HN,-11.375483,12.366331,10.562824,10,['1987'],
1992,H,-9.647134,13.367178,11.449623,12,['1988'],
1993,C,-10.593167,13.869896,13.356349,182,"['1988', '1994', '1998', '1999']",
1994,C,-11.233452,15.208511,12.921526,184,"['1993', '1995', '2000', '2001']",
1995,C,-11.379382,16.164976,14.134447,186,"['1994', '1996', '2002', '2003']",
1996,C,-11.723407,17.619435,13.768859,188,"['1995', '1997', '2004', '2005']",
1997,N,-13.052238,17.742983,13.187391,190,"['1996', '2006', '2007', '2008']",
1998,H,-9.636184,14.104189,13.880881,183,['1993'],
1999,H,-11.218635,13.36761,14.129678,183,['1993'],
2000,H,-12.203103,15.015757,12.408191,185,['1994'],
2001,H,-10.55989,15.673741,12.161628,185,['1994'],
2002,H,-10.410886,16.187554,14.690085,187,['1995'],
2003,H,-12.11683,15.75502,14.86527,187,['1995'],
2004,H,-10.971469,18.0268,13.05454,189,['1996'],
2005,H,-11.679648,18.26821,14.675474,189,['1996'],
2006,HN,-13.19585,18.670295,12.804541,191,['1997'],
2007,HN,-13.764198,17.636599,13.905491,191,['1997'],
2008,HN,-13.225448,17.066843,12.450083,191,['1997'],
2009,N,-9.085765,10.682006,11.941925,7,"['1989', '2010', '2013']",
2010,CA,-8.235286,9.56569,12.3307,8,"['2009', '2011', '2014', '2015']",
2011,C,-6.760919,9.945084,12.126785,9,"['2010', '2012', '2028']",
2012,O,-6.36369,10.322743,11.020186,11,['2011'],
2013,HN,-9.429634,10.677981,10.97196,10,['2009'],
2014,H,-8.401925,9.353059,13.416517,12,['2010'],
2015,C,-8.533831,8.282174,11.497157,19,"['2010', '2016', '2019', '2020']",
2016,C,-9.984503,7.740616,11.611992,21,"['2015', '2017', '2018', '2021']",
2017,C,-10.124637,6.477747,10.728085,23,"['2016', '2022', '2023', '2024']",
2018,C,-10.346652,7.387319,13.076034,23,"['2016', '2025', '2026', '2027']",
2019,H,-7.80883,7.486941,11.799891,20,['2015'],
2020,H,-8.297525,8.490085,10.426648,20,['2015'],
2021,H,-10.692372,8.517926,11.239378,22,['2016'],
2022,H,-11.169139,6.096165,10.739937,24,['2017'],
2023,H,-9.465787,5.646873,11.064677,24,['2017'],
2024,H,-9.888595,6.692274,9.660959,24,['2017'],
2025,H,-11.345946,6.896708,13.146248,24,['2018'],
2026,H,-10.407682,8.298405,13.712902,24,['2018'],
2027,H,-9.59655,6.708407,13.540039,24,['2018'],
2028,N,-5.938188,9.662787,13.166977,7,"['2011', '2029', '2032']",
2029,CA,-4.483118,9.63721,13.192863,8,"['2028', '2030', '2033', '2034']",
2030,C,-3.8444,10.854569,12.514806,9,"['2029', '2031', '2042']",
2031,O,-3.770658,11.926711,13.125031,11,['2030'],
2032,HN,-6.358251,9.387533,14.067825,10,['2028'],
2033,H,-4.184713,9.762303,14.262436,12,['2029'],
2034,C,-3.985815,8.241665,12.735751,147,"['2029', '2035', '2038', '2039']",
2035,C,-4.514567,7.120124,13.634145,149,"['2034', '2036', '2037']",
2036,O,-4.451252,7.210953,14.860707,150,['2035'],
2037,N,-5.101095,6.078875,13.004138,151,"['2035', '2040', '2041']",
2038,H,-2.874093,8.202592,12.775769,148,['2034'],
2039,H,-4.26288,8.052631,11.672525,148,['2034'],
2040,HN,-5.219635,6.074589,11.981072,152,['2037'],
2041,HN,-5.483585,5.30157,13.556805,152,['2037'],
2042,N,-3.369519,10.756797,11.243249,7,"['2030', '2043', '2046']",
2043,CA,-2.753053,11.86975,10.515447,8,"['2042', '2044', '2047', '2048']",
2044,C,-3.657911,13.119309,10.437825,9,"['2043', '2045', '2061']",
2045,O,-3.153009,14.246662,10.34395,11,['2044'],
2046,HN,-3.531473,9.899696,10.696674,10,['2042'],
2047,H,-1.861256,12.204669,11.101118,12,['2043'],
2048,C,-2.249825,11.420164,9.085697,25,"['2043', '2049', '2050', '2052']",
2049,C,-1.033012,10.442593,9.221359,27,"['2048', '2051', '2053', '2054']",
2050,C,-1.835576,12.605373,8.170478,29,"['2048', '2055', '2056', '2057']",
2051,C,-0.674153,9.731554,7.903498,31,"['2049', '2058', '2059', '2060']",
2052,H,-3.101659,10.88602,8.59105,26,['2048'],
2053,H,-1.269996,9.654612,9.974243,28,['2049'],
2054,H,-0.137182,10.970925,9.624167,28,['2049'],
2055,H,-1.512448,12.268158,7.162457,30,['2050'],
2056,H,-1.007364,13.197929,8.618613,30,['2050'],
2057,H,-2.688398,13.296325,7.99312,30,['2050'],
2058,H,0.021801,8.884954,8.087654,32,['2051'],
2059,H,-0.177114,10.410826,7.176978,32,['2051'],
2060,H,-1.578883,9.310271,7.412658,32,['2051'],
2061,N,-5.002392,12.932463,10.439362,7,"['2044', '2062', '2065']",
2062,CA,-6.030209,13.956925,10.333294,8,"['2061', '2063', '2066', '2067']",
2063,C,-6.670897,14.374615,11.677515,9,"['2062', '2064', '2085']",
2064,O,-7.749817,14.983082,11.703103,11,['2063'],
2065,HN,-5.380082,11.986141,10.587279,10,['2061'],
2066,H,-5.567838,14.895372,9.948136,12,['2062'],
2067,C,-7.136449,13.48835,9.344044,89,"['2062', '2068', '2077', '2078']",
2068,C,-6.604147,12.976129,8.004329,91,"['2067', '2069', '2070']",
2069,C,-6.792122,11.67573,7.522281,92,"['2068', '2071', '2079']",
2070,C,-5.857987,13.649187,7.055611,94,"['2068', '2072', '2073']",
2071,N,-6.177648,11.596391,6.300243,95,"['2069', '2072', '2080']",
2072,C,-5.598366,12.791699,6.007473,97,"['2070', '2071', '2074']",
2073,C,-5.356556,14.955404,7.052311,98,"['2070', '2075', '2081']",
2074,C,-4.861335,13.153923,4.886619,100,"['2072', '2076', '2082']",
2075,C,-4.583698,15.356747,5.939318,102,"['2073', '2076', '2083']",
2076,C,-4.340492,14.464344,4.865299,104,"['2074', '2075', '2084']",
2077,H,-7.843114,14.329184,9.158242,90,['2067'],
2078,H,-7.735188,12.674842,9.821812,90,['2067'],
2079,H,-7.311448,10.825963,7.991184,93,['2069'],
2080,HN,-6.1489,10.755285,5.704018,96,['2071'],
2081,H,-5.53735,15.653296,7.890012,99,['2073'],
2082,H,-4.676546,12.449275,4.053138,101,['2074'],
2083,H,-4.148743,16.375677,5.919852,103,['2075'],
2084,H,-3.721206,14.782704,4.003673,105,['2076'],
2085,N,-6.00104,14.063578,12.816668,7,"['2063', '2086', '2089']",
2086,CA,-6.435804,14.413626,14.163395,8,"['2085', '2087', '2090', '2091']",
2087,C,-5.628956,15.610492,14.668745,233,"['2086', '2088', '2096']",
2088,O,-4.53959,15.876412,14.089619,234,['2087'],
2089,HN,-4.987506,13.919933,12.756072,10,['2085'],
2090,H,-7.516172,14.703037,14.159028,12,['2086'],
2091,C,-6.217757,13.221717,15.13871,33,"['2086', '2092', '2093', '2094']",
2092,OH,-4.837155,12.960876,15.34931,35,"['2091', '2095']",
2093,H,-6.713902,12.303492,14.753978,34,['2091'],
2094,H,-6.682035,13.435468,16.127858,34,['2091'],
2095,HO,-4.54688,12.398795,14.638429,36,['2092'],
2096,O,-6.13221,16.316803,15.597285,234,['2087'],
