PDB,atom_number,Chain ID,Residue ID,Residue Name,atom_name,Radius_7A_N_Count,Radius_7A_CA_C_Count,Radius_7A_O_Count,Radius_7A_S_Count,Radius_8A_N_Count,Radius_8A_CA_C_Count,Radius_8A_O_Count,Radius_8A_S_Count,Radius_9A_N_Count,Radius_9A_CA_C_Count,Radius_9A_O_Count,Radius_9A_S_Count,Radius_10A_N_Count,Radius_10A_CA_C_Count,Radius_10A_O_Count,Radius_10A_S_Count,Radius_11A_N_Count,Radius_11A_CA_C_Count,Radius_11A_O_Count,Radius_11A_S_Count
3D6C,1,A,1,ALA,N,2,4,1,0,2,4,1,0,2,5,2,0,2,7,2,0,3,9,2,0
3D6C,2,A,1,ALA,CA,2,4,1,0,2,6,2,0,2,7,2,0,3,10,2,0,3,10,2,0
3D6C,3,A,1,ALA,C,2,7,2,0,2,7,2,0,3,10,2,0,3,10,2,0,3,11,2,0
3D6C,4,A,1,ALA,O,2,5,2,0,2,7,2,0,3,8,2,0,3,10,2,0,3,11,2,0
3D6C,5,A,1,ALA,H,1,4,1,0,2,4,1,0,2,5,2,0,2,7,2,0,3,8,2,0
3D6C,6,A,1,ALA,H,1,3,0,0,2,4,1,0,2,5,2,0,2,7,2,0,3,8,2,0
3D6C,7,A,1,ALA,H,1,3,0,0,2,4,1,0,2,4,1,0,2,6,2,0,2,7,2,0
3D6C,8,A,1,ALA,H,2,4,1,0,2,5,2,0,2,8,2,0,3,10,2,0,3,10,2,0
3D6C,9,A,1,ALA,C,2,4,1,0,2,6,1,0,2,7,2,0,3,9,2,0,3,10,2,0
3D6C,10,A,1,ALA,H,2,4,1,0,2,6,1,0,2,7,2,0,3,9,2,0,3,10,2,0
3D6C,11,A,1,ALA,H,2,4,1,0,2,4,1,0,2,6,1,0,2,7,2,0,3,9,2,0
3D6C,12,A,1,ALA,H,2,5,1,0,2,7,2,0,3,9,2,0,3,10,2,0,3,10,2,0
3D6C,13,A,2,THR,N,3,6,2,0,3,9,2,0,3,9,2,0,3,10,3,0,4,10,3,0
3D6C,14,A,2,THR,CA,3,8,2,0,3,9,2,0,3,10,2,0,4,10,3,0,4,12,3,0
3D6C,15,A,2,THR,C,3,9,2,0,3,10,2,0,4,10,3,0,4,12,3,0,4,15,4,0
3D6C,16,A,2,THR,O,3,8,2,0,3,9,2,0,4,10,2,0,4,10,3,0,4,13,4,0
3D6C,17,A,2,THR,HN,3,8,2,0,3,9,2,0,3,10,2,0,4,10,3,0,4,12,3,0
3D6C,18,A,2,THR,H,2,6,2,0,3,8,2,0,3,9,2,0,3,10,2,0,4,10,3,0
3D6C,19,A,2,THR,C,3,8,2,0,3,9,2,0,3,10,2,0,4,11,3,0,4,14,3,0
3D6C,20,A,2,THR,OH,3,9,2,0,3,10,2,0,4,10,3,0,4,13,3,0,5,16,4,0
3D6C,21,A,2,THR,C,3,8,2,0,3,9,2,0,3,10,2,0,4,11,3,0,4,15,3,0
3D6C,22,A,2,THR,H,2,6,2,0,3,8,2,0,3,9,2,0,3,10,2,0,4,11,3,0
3D6C,23,A,2,THR,HO,3,10,2,0,4,10,3,0,4,12,3,0,5,15,4,0,5,16,4,0
3D6C,24,A,2,THR,H,2,9,2,0,3,10,2,0,4,11,3,0,4,15,3,0,5,16,4,0
3D6C,25,A,2,THR,H,3,6,2,0,3,9,2,0,3,9,2,0,4,10,2,0,4,11,3,0
3D6C,26,A,2,THR,H,2,8,2,0,3,9,2,0,3,10,2,0,4,11,3,0,5,15,3,0
3D6C,27,A,3,SER,N,3,11,2,0,4,11,3,0,4,13,3,0,4,16,4,0,5,17,4,0
3D6C,28,A,3,SER,CA,3,9,3,0,3,14,4,0,4,16,4,0,5,17,4,0,6,18,4,0
3D6C,29,A,3,SER,C,3,13,3,0,3,14,4,0,4,17,4,0,6,18,4,0,6,20,5,0
3D6C,30,A,3,SER,O,3,10,4,0,3,14,4,0,5,16,4,0,5,17,4,0,6,19,4,0
3D6C,31,A,3,SER,HN,3,11,3,0,4,11,3,0,4,13,4,0,4,16,4,0,5,17,4,0
3D6C,32,A,3,SER,H,3,10,2,0,3,15,4,0,4,17,4,0,6,17,4,0,6,19,4,0
3D6C,33,A,3,SER,C,3,9,2,0,3,13,3,0,3,16,4,0,5,17,4,0,6,17,4,0
3D6C,34,A,3,SER,OH,3,10,2,0,3,13,3,0,4,15,4,0,5,18,4,0,6,19,4,0
3D6C,35,A,3,SER,H,3,8,1,0,3,10,3,0,3,15,4,0,5,16,4,0,5,17,4,0
3D6C,36,A,3,SER,H,3,9,1,0,3,11,3,0,4,14,3,0,4,16,4,0,5,17,4,0
3D6C,37,A,3,SER,HO,2,10,2,0,3,13,3,0,3,14,3,0,5,17,4,0,5,19,4,0
3D6C,38,A,4,THR,N,3,12,3,0,4,13,3,0,5,16,4,0,5,20,5,0,8,22,5,0
3D6C,39,A,4,THR,CA,3,10,3,0,5,15,3,0,5,18,4,0,6,21,5,0,7,22,5,0
3D6C,40,A,4,THR,C,3,11,2,0,4,15,3,0,6,19,4,0,7,20,4,0,7,23,6,0
3D6C,41,A,4,THR,O,3,13,2,0,5,15,3,0,6,16,3,0,7,20,4,0,7,26,5,0
3D6C,42,A,4,THR,HN,2,12,3,0,4,13,3,0,5,16,3,0,5,21,5,0,7,22,5,0
3D6C,43,A,4,THR,H,3,9,3,0,4,14,3,0,5,17,4,0,5,20,5,0,7,22,5,0
3D6C,44,A,4,THR,C,2,13,3,0,5,13,3,0,5,16,4,0,6,21,5,0,8,22,5,0
3D6C,45,A,4,THR,OH,3,9,2,0,5,13,2,0,5,16,3,0,6,21,5,0,7,22,5,0
3D6C,46,A,4,THR,C,3,13,2,0,5,13,3,0,5,17,3,0,6,22,4,0,7,22,5,0
3D6C,47,A,4,THR,H,3,12,3,0,3,14,4,0,5,16,4,0,6,18,4,0,7,21,5,0
3D6C,48,A,4,THR,HO,4,9,2,0,4,13,2,0,6,19,4,0,7,20,4,0,7,21,5,0
3D6C,49,A,4,THR,H,4,9,2,0,4,15,2,0,6,18,3,0,6,20,4,0,7,22,5,0
3D6C,50,A,4,THR,H,3,13,3,0,5,13,3,0,5,16,3,0,5,20,4,0,7,22,5,0
3D6C,51,A,4,THR,H,3,12,1,0,4,13,3,0,5,14,3,0,6,19,4,0,7,22,4,0
3D6C,52,A,5,LYS,N,2,12,3,0,4,13,3,0,5,14,4,0,5,19,5,0,7,23,5,0
3D6C,53,A,5,LYS,CA,4,11,3,0,4,14,3,0,5,17,4,0,6,20,4,0,6,29,5,0
3D6C,54,A,5,LYS,C,4,12,3,0,4,14,4,0,5,18,4,0,6,23,4,0,7,30,6,0
3D6C,55,A,5,LYS,O,3,11,3,0,4,14,4,0,5,17,4,0,6,20,4,0,7,25,5,0
3D6C,56,A,5,LYS,HN,3,9,2,0,3,13,3,0,5,16,4,0,6,18,5,0,6,22,5,0
3D6C,57,A,5,LYS,H,3,11,2,0,4,14,4,0,5,18,4,0,6,20,4,0,6,27,7,0
3D6C,58,A,5,LYS,C,4,11,2,0,4,13,3,0,4,20,4,0,7,25,4,0,8,31,7,0
3D6C,59,A,5,LYS,C,3,11,1,0,4,13,3,0,5,13,3,0,6,25,3,0,6,30,6,0
3D6C,60,A,5,LYS,C,3,9,1,0,3,11,1,0,5,16,3,0,6,24,4,0,8,31,7,0
3D6C,61,A,5,LYS,C,2,9,1,0,4,11,1,0,5,16,2,0,5,24,4,0,9,30,8,0
3D6C,62,A,5,LYS,N,2,6,1,0,3,11,1,0,4,14,1,0,6,19,3,0,8,28,9,0
3D6C,63,A,5,LYS,H,4,10,2,0,4,15,2,0,4,22,4,0,8,27,5,0,9,33,8,0
3D6C,64,A,5,LYS,H,4,10,2,0,4,15,2,0,4,21,4,0,7,27,6,0,10,30,7,0
3D6C,65,A,5,LYS,H,2,12,2,0,4,13,3,0,5,15,3,0,5,20,4,0,7,27,5,0
3D6C,66,A,5,LYS,H,3,11,2,0,3,13,3,0,5,13,3,0,6,20,4,0,7,28,5,0
3D6C,67,A,5,LYS,H,2,10,1,0,5,12,2,0,5,21,3,0,6,28,7,0,10,31,10,0
3D6C,68,A,5,LYS,H,3,9,1,0,3,10,1,0,5,15,2,0,6,19,3,0,6,28,6,0
3D6C,69,A,5,LYS,H,2,7,1,0,3,9,1,0,4,14,2,0,6,19,3,0,6,27,4,0
3D6C,70,A,5,LYS,H,3,10,1,0,5,14,1,0,5,19,2,0,6,25,7,0,10,33,11,0
3D6C,71,A,5,LYS,HN,2,5,0,0,2,9,1,0,3,13,2,0,5,19,2,0,8,28,8,0
3D6C,72,A,5,LYS,HN,2,7,0,0,3,11,1,0,4,18,3,0,7,23,7,0,10,34,9,0
3D6C,73,A,5,LYS,HN,1,2,0,0,2,9,1,0,4,11,1,0,4,19,2,0,8,24,6,0
3D6C,74,A,6,LYS,N,3,12,3,0,5,15,3,0,6,20,4,0,7,29,7,0,9,38,10,0
3D6C,75,A,6,LYS,CA,3,14,3,0,4,19,4,0,7,27,7,0,10,38,10,0,17,46,13,0
3D6C,76,A,6,LYS,C,4,14,4,0,4,20,6,0,7,31,8,0,14,41,10,0,18,57,14,0
3D6C,77,A,6,LYS,O,4,13,2,0,5,17,5,0,6,23,6,0,9,35,9,0,14,50,11,0
3D6C,78,A,6,LYS,HN,3,11,3,0,4,16,3,0,6,22,5,0,7,27,6,0,9,35,9,0
3D6C,79,A,6,LYS,H,3,14,3,0,6,22,4,0,7,27,7,0,11,40,11,0,17,44,14,0
3D6C,80,A,6,LYS,C,4,15,3,0,4,19,5,0,9,30,6,0,12,39,10,0,16,49,16,0
3D6C,81,A,6,LYS,C,4,18,4,0,9,27,7,0,10,36,12,0,15,48,15,0,20,62,18,0
3D6C,82,A,6,LYS,C,5,22,3,0,7,26,11,0,14,36,15,0,17,57,16,0,23,69,19,0
3D6C,83,A,6,LYS,C,5,18,3,0,6,25,6,0,9,30,11,0,16,42,13,0,19,57,17,0
3D6C,84,A,6,LYS,N,5,21,2,0,7,25,8,0,11,33,11,0,16,42,15,0,23,62,19,0
3D6C,85,A,6,LYS,H,3,14,3,0,4,16,4,0,7,26,6,0,12,38,10,0,14,49,13,0
3D6C,86,A,6,LYS,H,3,13,3,0,5,20,3,0,7,25,6,0,11,33,9,0,12,45,16,0
3D6C,87,A,6,LYS,H,3,19,5,0,9,30,8,0,12,42,12,0,17,51,17,0,20,71,19,0
3D6C,88,A,6,LYS,H,3,19,4,0,10,24,7,0,10,33,11,0,14,47,15,0,20,56,17,0
3D6C,89,A,6,LYS,H,3,25,5,0,11,30,12,0,14,40,14,0,21,56,18,0,22,71,19,0
3D6C,90,A,6,LYS,H,5,26,5,0,12,31,12,0,15,46,15,0,19,60,19,0,24,74,22,0
3D6C,91,A,6,LYS,H,5,19,3,0,6,23,5,0,7,32,10,0,15,38,13,0,18,50,15,0
3D6C,92,A,6,LYS,H,3,19,2,0,6,22,4,0,8,28,8,0,12,34,12,0,17,48,17,0
3D6C,93,A,6,LYS,HN,4,14,2,0,6,21,6,0,8,29,8,0,13,39,14,0,20,46,16,0
3D6C,94,A,6,LYS,HN,5,21,3,0,8,26,9,0,12,33,12,0,16,48,16,0,23,63,19,0
3D6C,95,A,6,LYS,HN,6,21,6,0,8,29,6,0,14,37,14,0,17,43,17,0,23,61,20,0
3D6C,96,A,7,LEU,N,4,16,6,0,7,26,7,0,13,40,10,0,17,51,14,0,23,64,17,0
3D6C,97,A,7,LEU,CA,6,19,6,0,11,33,8,0,13,43,11,0,20,60,16,0,24,75,19,0
3D6C,98,A,7,LEU,C,5,17,5,0,8,26,7,0,13,41,12,0,16,56,13,0,22,71,21,0
3D6C,99,A,7,LEU,O,4,17,4,0,6,25,7,0,10,33,9,0,15,49,12,0,16,66,18,0
3D6C,100,A,7,LEU,HN,5,18,6,0,8,32,8,0,15,44,12,0,18,51,14,0,22,70,19,0
3D6C,101,A,7,LEU,H,9,20,6,0,10,30,8,0,14,43,13,0,19,58,15,0,23,73,21,0
3D6C,102,A,7,LEU,C,9,28,7,0,13,39,9,0,15,55,13,0,21,72,18,0,25,97,24,1
3D6C,103,A,7,LEU,C,10,31,9,0,14,39,10,0,20,59,15,0,22,86,22,0,29,100,28,1
3D6C,104,A,7,LEU,C,9,38,10,0,16,49,13,0,19,74,19,0,27,93,25,1,33,118,30,1
3D6C,105,A,7,LEU,C,8,30,10,0,13,41,12,0,20,60,14,0,24,81,23,0,29,104,28,0
3D6C,106,A,7,LEU,H,9,33,8,0,13,45,11,0,17,59,14,0,22,80,18,0,26,103,27,1
3D6C,107,A,7,LEU,H,7,25,6,0,10,42,10,0,14,57,13,0,19,70,15,0,24,88,22,1
3D6C,108,A,7,LEU,H,8,27,9,0,13,39,11,0,16,55,17,0,24,73,19,0,27,95,26,1
3D6C,109,A,7,LEU,H,10,39,12,0,15,53,16,0,22,73,22,0,28,96,25,1,36,124,31,1
3D6C,110,A,7,LEU,H,10,33,8,0,15,57,15,0,20,80,18,0,29,97,25,1,36,123,32,1
3D6C,111,A,7,LEU,H,8,37,9,0,12,49,12,0,18,71,16,1,26,93,24,1,32,118,31,1
3D6C,112,A,7,LEU,H,9,28,12,0,16,46,14,0,23,63,18,0,28,86,23,0,30,101,30,0
3D6C,113,A,7,LEU,H,9,28,8,0,13,37,11,0,16,49,14,0,23,67,21,0,28,91,25,0
3D6C,114,A,7,LEU,H,9,33,10,0,16,47,13,0,20,65,16,0,27,88,23,0,28,109,29,0
3D6C,115,A,8,HIS,N,4,21,6,0,7,28,9,0,11,42,12,0,15,58,15,0,19,79,20,0
3D6C,116,A,8,HIS,CA,4,17,8,0,5,26,9,0,9,38,12,0,13,56,17,0,19,76,18,0
3D6C,117,A,8,HIS,C,5,25,9,0,8,36,12,0,10,50,15,0,15,71,17,0,22,91,21,0
3D6C,118,A,8,HIS,O,6,27,8,0,7,40,13,0,13,62,17,0,18,79,18,0,23,100,22,0
3D6C,119,A,8,HIS,HN,5,24,8,0,9,32,11,0,12,48,12,0,17,61,16,0,20,89,22,0
3D6C,120,A,8,HIS,H,3,17,5,0,7,23,8,0,8,35,11,0,11,54,15,0,16,70,18,0
3D6C,121,A,8,HIS,C,3,14,5,0,4,22,8,0,6,30,10,0,12,44,15,0,16,59,17,0
3D6C,122,A,8,HIS,C,3,12,7,0,4,25,8,0,9,32,11,0,13,47,13,0,16,68,18,0
3D6C,123,A,8,HIS,N,4,12,6,0,6,26,8,0,12,32,11,0,14,50,13,0,15,63,17,0
3D6C,124,A,8,HIS,C,2,11,5,0,7,23,9,0,9,36,10,0,11,54,15,0,16,66,17,0
3D6C,125,A,8,HIS,C,4,10,5,0,7,23,7,0,10,38,10,0,13,50,12,0,15,68,17,0
3D6C,126,A,8,HIS,N,4,10,5,0,6,28,7,0,10,39,10,0,12,50,13,0,13,66,17,0
3D6C,127,A,8,HIS,H,2,8,4,0,4,17,6,0,5,28,10,0,8,34,12,0,16,51,16,0
3D6C,128,A,8,HIS,H,3,12,5,0,3,20,7,0,6,27,11,0,10,41,13,0,13,55,17,0
3D6C,129,A,8,HIS,HN,4,12,5,0,8,25,8,0,12,36,11,0,13,46,13,0,17,64,16,0
3D6C,130,A,8,HIS,H,4,11,6,0,6,22,7,0,8,40,11,0,9,53,14,0,14,63,18,0
3D6C,131,A,8,HIS,H,4,14,4,0,9,21,7,0,11,39,10,0,11,53,12,0,16,63,16,0
3D6C,132,A,8,HIS,HN,4,12,4,0,7,24,6,0,9,40,8,0,12,56,12,0,15,67,16,0
3D6C,133,A,9,LYS,N,7,24,10,0,9,39,15,0,12,48,15,0,15,66,17,0,21,83,22,0
3D6C,134,A,9,LYS,CA,8,30,13,0,9,43,14,0,14,58,16,0,17,80,19,0,23,99,24,0
3D6C,135,A,9,LYS,C,8,30,9,0,11,38,16,0,12,53,16,0,16,72,17,0,21,94,21,0
3D6C,136,A,9,LYS,O,7,24,7,0,9,33,10,0,11,46,16,0,12,57,17,0,16,76,19,0
3D6C,137,A,9,LYS,HN,5,21,9,0,9,31,12,0,9,44,15,0,13,55,15,0,18,76,19,0
3D6C,138,A,9,LYS,H,8,34,14,0,11,52,14,0,16,70,17,0,18,89,22,0,24,112,26,1
3D6C,139,A,9,LYS,C,7,30,10,0,10,39,14,0,15,55,18,0,20,75,21,0,25,103,24,1
3D6C,140,A,9,LYS,C,4,28,10,0,11,40,13,0,15,59,17,0,22,81,21,1,25,100,26,1
3D6C,141,A,9,LYS,C,6,25,10,0,10,33,12,0,15,55,18,0,23,77,20,1,24,99,27,1
3D6C,142,A,9,LYS,C,3,17,6,0,10,33,12,0,13,48,16,1,19,66,20,1,23,92,25,1
3D6C,143,A,9,LYS,N,4,18,4,0,8,28,9,0,12,44,17,0,18,59,21,1,20,87,23,1
3D6C,144,A,9,LYS,H,6,34,10,0,11,45,16,0,16,59,20,0,21,89,22,0,24,110,27,1
3D6C,145,A,9,LYS,H,5,25,7,0,8,38,12,0,13,45,17,0,19,59,20,0,23,90,24,0
3D6C,146,A,9,LYS,H,3,25,7,0,8,35,11,0,13,54,15,0,20,66,19,1,23,91,23,1
3D6C,147,A,9,LYS,H,7,29,11,0,12,50,15,0,18,70,18,1,22,88,22,1,27,114,29,1
3D6C,148,A,9,LYS,H,7,27,11,0,12,42,14,0,18,67,19,0,22,88,22,1,26,107,29,1
3D6C,149,A,9,LYS,H,4,23,8,0,8,30,13,0,13,48,17,0,20,69,19,0,25,89,26,1
3D6C,150,A,9,LYS,H,0,17,7,0,7,24,8,0,11,45,13,0,18,58,17,1,22,79,23,1
3D6C,151,A,9,LYS,H,6,25,8,0,12,39,13,1,17,53,18,1,19,71,23,1,26,105,25,1
3D6C,152,A,9,LYS,HN,3,16,5,0,5,26,8,0,10,38,14,1,16,55,19,1,20,79,24,1
3D6C,153,A,9,LYS,HN,7,21,7,0,9,32,14,0,15,49,17,0,17,68,21,1,24,95,24,1
3D6C,154,A,9,LYS,HN,2,14,3,0,5,21,8,0,10,35,13,0,14,54,19,0,19,73,22,1
3D6C,155,A,10,GLU,N,9,33,8,0,12,47,11,0,13,63,16,0,18,86,16,0,25,105,20,0
3D6C,156,A,10,GLU,CA,8,31,8,0,10,41,8,0,13,59,11,0,17,81,17,0,21,104,19,0
3D6C,157,A,10,GLU,C,7,28,8,0,10,42,9,0,15,66,13,0,19,91,16,0,27,113,20,0
3D6C,158,A,10,GLU,O,7,30,8,0,12,52,12,0,16,79,14,0,26,105,19,0,28,120,23,1
3D6C,159,A,10,GLU,HN,8,37,10,0,13,52,14,0,16,76,16,0,20,94,19,0,27,118,22,0
3D6C,160,A,10,GLU,H,7,25,7,0,9,36,8,0,12,45,9,0,17,66,16,0,18,90,19,0
3D6C,161,A,10,GLU,C,9,35,4,0,11,49,7,0,12,59,13,0,15,78,15,0,22,98,20,1
3D6C,162,A,10,GLU,C,8,29,4,0,10,44,6,0,12,60,11,0,15,69,15,0,22,91,19,1
3D6C,163,A,10,GLU,C,6,30,4,0,10,40,4,0,12,54,6,0,17,64,11,0,19,84,20,1
3D6C,164,A,10,GLU,O,5,26,3,0,10,41,4,0,11,50,6,0,15,62,12,1,19,75,16,1
3D6C,165,A,10,GLU,O,6,25,3,0,10,35,5,0,14,49,6,0,15,66,11,0,20,78,18,1
3D6C,166,A,10,GLU,H,8,31,4,0,11,46,7,0,13,59,11,0,15,68,15,0,18,87,18,1
3D6C,167,A,10,GLU,H,9,40,6,0,11,57,9,0,14,69,14,0,20,88,18,1,25,116,22,1
3D6C,168,A,10,GLU,H,9,34,5,0,10,48,7,0,12,60,14,0,17,81,16,0,24,102,21,1
3D6C,169,A,10,GLU,H,8,26,4,0,10,38,5,0,10,50,10,0,12,64,13,0,18,78,18,0
3D6C,170,A,11,PRO,N,5,25,10,0,10,36,11,0,13,54,14,0,18,77,17,0,26,104,20,0
3D6C,171,A,11,PRO,CA,6,25,10,0,8,39,11,0,14,52,14,0,18,80,18,0,23,104,21,0
3D6C,172,A,11,PRO,C,9,32,7,0,11,47,11,0,13,65,15,0,17,83,20,0,25,102,22,2
3D6C,173,A,11,PRO,O,8,32,7,0,11,47,11,0,13,63,15,0,16,78,18,1,24,104,24,2
3D6C,174,A,11,PRO,H,6,28,9,0,9,38,12,0,15,58,15,0,20,84,18,0,25,114,23,0
3D6C,175,A,11,PRO,C,6,16,4,0,9,30,9,0,11,46,13,0,16,60,16,0,20,78,19,0
3D6C,176,A,11,PRO,C,3,13,6,0,7,23,9,0,11,44,11,0,14,53,15,0,17,69,18,0
3D6C,177,A,11,PRO,C,4,21,7,0,8,29,9,0,12,43,12,0,15,60,15,0,21,80,18,0
3D6C,178,A,11,PRO,H,5,18,6,0,8,23,9,0,10,40,13,0,14,54,15,0,22,73,19,0
3D6C,179,A,11,PRO,H,5,12,5,0,8,29,6,0,13,45,13,0,14,58,17,0,18,74,19,1
3D6C,180,A,11,PRO,H,3,6,4,0,4,17,6,0,9,30,9,0,13,47,12,0,15,62,17,0
3D6C,181,A,11,PRO,H,5,15,5,0,9,28,8,0,10,43,11,0,14,56,14,0,18,73,19,1
3D6C,182,A,11,PRO,H,4,13,6,0,7,27,9,0,12,37,11,0,13,54,13,0,20,69,16,0
3D6C,183,A,11,PRO,H,4,19,7,0,8,33,8,0,10,45,12,0,15,57,14,0,17,77,18,0
3D6C,184,A,12,ALA,N,10,35,7,0,10,53,11,0,15,73,16,0,19,93,22,1,26,122,27,2
3D6C,185,A,12,ALA,CA,9,41,6,0,12,56,10,0,14,73,16,1,20,98,24,2,25,126,27,2
3D6C,186,A,12,ALA,C,8,35,6,0,11,48,11,0,14,69,16,1,20,98,21,1,26,125,29,2
3D6C,187,A,12,ALA,O,9,34,10,0,10,48,11,0,16,70,16,0,19,96,20,1,30,124,31,1
3D6C,188,A,12,ALA,HN,7,33,9,0,11,50,12,0,15,72,14,0,21,97,22,0,26,125,27,1
3D6C,189,A,12,ALA,H,10,39,7,0,12,54,10,1,15,71,13,1,19,90,22,2,20,114,27,2
3D6C,190,A,12,ALA,C,10,45,8,0,13,61,13,0,17,86,17,2,24,113,23,2,30,148,33,2
3D6C,191,A,12,ALA,H,9,44,10,0,13,65,13,1,19,93,16,2,24,119,22,2,32,144,35,2
3D6C,192,A,12,ALA,H,9,48,9,0,14,65,12,0,16,88,19,0,25,123,27,2,32,155,33,2
3D6C,193,A,12,ALA,H,9,49,10,0,14,63,11,1,18,87,17,2,22,117,24,2,31,143,33,2
3D6C,194,A,13,THR,N,9,28,6,0,12,45,10,1,14,66,15,1,18,89,20,1,23,120,26,2
3D6C,195,A,13,THR,CA,6,29,6,0,8,39,8,1,14,50,15,1,19,83,19,1,22,117,23,1
3D6C,196,A,13,THR,C,8,32,6,0,9,39,9,1,13,63,15,1,20,93,20,1,29,120,25,1
3D6C,197,A,13,THR,O,7,35,6,1,10,48,11,1,17,73,14,1,23,103,21,1,27,128,26,2
3D6C,198,A,13,THR,HN,8,32,8,1,12,46,10,1,15,70,14,1,18,91,19,1,22,118,25,2
3D6C,199,A,13,THR,H,6,27,6,0,9,37,11,0,14,55,14,1,17,77,17,1,27,108,25,1
3D6C,200,A,13,THR,C,5,22,3,1,7,30,7,1,11,44,12,1,16,61,17,1,20,95,21,1
3D6C,201,A,13,THR,OH,5,12,4,1,7,26,6,1,10,42,9,1,15,58,16,1,18,77,17,1
3D6C,202,A,13,THR,C,3,17,3,0,6,28,6,1,9,38,11,1,13,52,13,1,21,75,19,1
3D6C,203,A,13,THR,H,5,20,4,1,8,35,8,1,13,47,11,1,16,63,16,1,18,89,21,1
3D6C,204,A,13,THR,HO,3,10,3,1,6,20,4,1,8,34,8,1,13,52,14,1,16,64,17,1
3D6C,205,A,13,THR,H,3,10,3,0,3,19,4,1,8,27,8,1,10,43,12,1,16,68,17,1
3D6C,206,A,13,THR,H,4,12,4,0,6,28,6,0,9,38,12,1,13,54,13,1,17,71,18,1
3D6C,207,A,13,THR,H,3,23,5,0,7,30,7,1,8,39,10,1,14,60,15,1,21,81,18,1
3D6C,208,A,14,LEU,N,7,28,8,0,10,42,11,0,14,63,15,1,19,85,22,1,29,113,27,1
3D6C,209,A,14,LEU,CA,7,34,8,0,10,50,10,0,14,63,16,1,20,83,25,1,29,119,28,1
3D6C,210,A,14,LEU,C,7,28,7,0,8,44,9,0,11,58,12,1,18,74,19,1,25,101,27,1
3D6C,211,A,14,LEU,O,5,23,5,0,7,34,8,0,10,50,11,1,14,64,17,1,22,86,21,1
3D6C,212,A,14,LEU,HN,6,27,9,0,10,42,11,0,17,57,15,0,18,79,20,1,24,105,28,1
3D6C,213,A,14,LEU,H,7,39,8,0,11,52,11,0,15,73,15,1,23,105,27,1,29,133,31,1
3D6C,214,A,14,LEU,C,7,33,8,0,12,53,11,0,16,66,20,0,24,88,25,0,29,118,30,1
3D6C,215,A,14,LEU,C,7,37,8,0,11,51,13,0,17,65,16,0,21,93,25,0,29,113,31,0
3D6C,216,A,14,LEU,C,8,41,10,0,12,54,14,0,17,75,20,0,23,108,25,0,34,139,35,0
3D6C,217,A,14,LEU,C,7,28,11,0,13,49,15,0,17,70,16,0,21,87,25,0,27,104,31,0
3D6C,218,A,14,LEU,H,5,28,9,0,11,41,12,0,14,61,17,0,18,77,24,0,25,101,28,1
3D6C,219,A,14,LEU,H,9,33,7,0,14,51,16,0,17,71,20,0,26,96,26,0,27,125,33,1
3D6C,220,A,14,LEU,H,6,34,7,0,10,47,10,0,14,59,15,0,19,80,21,0,27,107,28,1
3D6C,221,A,14,LEU,H,9,39,12,0,11,56,13,0,17,76,18,0,23,105,27,0,32,133,34,0
3D6C,222,A,14,LEU,H,7,37,9,0,14,58,15,0,19,87,24,0,28,115,30,0,38,145,37,1
3D6C,223,A,14,LEU,H,9,40,8,0,11,54,14,0,14,80,17,0,26,108,23,0,34,139,32,1
3D6C,224,A,14,LEU,H,8,30,10,0,13,48,15,0,15,67,17,0,22,83,23,0,25,106,29,0
3D6C,225,A,14,LEU,H,7,23,10,0,8,41,14,0,17,59,17,0,20,79,19,0,24,93,30,0
3D6C,226,A,14,LEU,H,7,33,13,0,12,50,14,0,18,73,19,0,25,92,27,0,28,113,33,1
3D6C,227,A,15,ILE,N,7,30,6,0,7,49,11,1,13,62,13,1,19,82,19,1,25,102,25,1
3D6C,228,A,15,ILE,CA,6,27,5,0,7,37,9,1,12,54,12,1,17,74,16,1,21,87,19,1
3D6C,229,A,15,ILE,C,6,23,5,0,7,39,8,0,12,52,11,0,16,73,16,1,22,90,21,1
3D6C,230,A,15,ILE,O,5,19,5,0,9,30,7,0,10,47,10,0,13,63,14,1,20,75,18,1
3D6C,231,A,15,ILE,HN,7,33,8,0,10,54,10,0,16,71,14,1,19,92,19,1,27,116,27,2
3D6C,232,A,15,ILE,H,6,25,5,0,7,31,7,1,10,48,10,1,14,65,15,1,19,78,19,1
3D6C,233,A,15,ILE,C,7,34,6,1,11,43,10,1,13,53,12,1,17,75,14,1,20,89,20,1
3D6C,234,A,15,ILE,C,9,34,8,1,10,40,9,1,13,55,11,1,16,68,13,1,21,90,19,2
3D6C,235,A,15,ILE,C,4,23,5,0,9,38,8,1,12,48,11,1,16,60,12,1,17,76,16,1
3D6C,236,A,15,ILE,C,9,27,8,1,12,42,10,1,13,54,13,1,17,70,15,2,19,85,16,2
3D6C,237,A,15,ILE,H,8,33,7,0,12,50,10,1,15,64,11,1,17,82,17,1,21,101,19,2
3D6C,238,A,15,ILE,H,9,32,8,1,9,45,11,1,15,59,12,1,18,76,14,1,20,97,20,2
3D6C,239,A,15,ILE,H,6,26,6,1,9,35,8,1,12,47,10,1,14,59,13,1,18,79,15,1
3D6C,240,A,15,ILE,H,7,22,5,0,10,33,9,1,12,48,10,1,17,59,11,1,17,76,17,1
3D6C,241,A,15,ILE,H,3,19,5,0,7,28,5,1,10,43,8,1,14,49,12,1,17,66,14,1
3D6C,242,A,15,ILE,H,5,19,4,0,9,36,8,0,12,48,10,1,16,63,13,1,18,72,17,1
3D6C,243,A,15,ILE,H,9,31,9,1,13,38,10,1,15,57,14,1,17,67,15,2,18,84,17,2
3D6C,244,A,15,ILE,H,6,24,7,1,11,32,9,1,12,48,13,1,16,62,13,1,19,74,15,2
3D6C,245,A,15,ILE,H,10,30,8,1,12,49,11,1,15,65,14,2,18,75,15,2,20,89,19,2
3D6C,246,A,16,LYS,N,6,35,7,0,8,40,10,0,12,59,12,0,18,83,18,1,22,99,23,1
3D6C,247,A,16,LYS,CA,5,31,5,0,8,44,9,0,11,54,15,0,17,75,17,0,22,93,21,0
3D6C,248,A,16,LYS,C,7,37,7,0,11,49,11,0,15,65,18,0,19,82,19,0,27,107,26,0
3D6C,249,A,16,LYS,O,7,37,7,0,10,54,13,0,16,74,18,0,21,94,23,0,26,117,27,0
3D6C,250,A,16,LYS,HN,8,35,9,0,9,47,10,0,15,69,14,0,21,90,22,1,22,111,23,1
3D6C,251,A,16,LYS,H,5,28,6,0,8,42,9,0,12,55,13,0,15,65,18,0,21,82,21,0
3D6C,252,A,16,LYS,C,5,23,5,0,7,34,8,0,10,46,12,0,14,61,14,0,18,82,19,0
3D6C,253,A,16,LYS,C,5,20,5,0,6,33,7,0,8,41,10,0,13,57,13,0,19,75,20,0
3D6C,254,A,16,LYS,C,3,14,4,0,6,20,5,0,8,34,8,0,10,48,10,0,12,60,16,0
3D6C,255,A,16,LYS,C,2,9,3,0,5,14,4,0,6,26,7,0,8,40,9,0,12,54,14,0
3D6C,256,A,16,LYS,N,2,5,2,0,3,9,3,0,5,15,4,0,6,28,6,0,9,42,9,0
3D6C,257,A,16,LYS,H,5,26,5,0,8,36,9,0,12,49,11,0,15,65,14,0,19,87,22,0
3D6C,258,A,16,LYS,H,4,21,5,0,6,31,5,0,9,39,11,0,11,54,12,0,16,75,16,0
3D6C,259,A,16,LYS,H,4,21,6,0,6,29,6,0,8,42,9,0,12,52,13,0,17,70,19,0
3D6C,260,A,16,LYS,H,5,22,6,0,7,34,9,0,10,48,12,0,14,66,17,0,22,79,20,0
3D6C,261,A,16,LYS,H,3,15,3,0,5,21,6,0,10,29,7,0,10,49,11,0,14,62,15,0
3D6C,262,A,16,LYS,H,2,12,2,0,5,17,5,0,6,29,6,0,10,38,9,0,10,51,12,0
3D6C,263,A,16,LYS,H,3,7,4,0,5,14,5,0,6,23,6,0,7,38,9,0,9,52,12,0
3D6C,264,A,16,LYS,H,4,10,2,0,6,16,5,0,7,30,8,0,9,45,12,0,13,58,13,0
3D6C,265,A,16,LYS,HN,1,4,2,0,3,9,2,0,5,13,4,0,6,22,5,0,6,36,8,0
3D6C,266,A,16,LYS,HN,1,6,2,0,3,10,2,0,5,17,3,0,7,27,6,0,9,40,10,0
3D6C,267,A,16,LYS,HN,0,1,1,0,2,7,3,0,4,14,4,0,6,23,5,0,8,34,7,0
3D6C,268,A,17,ALA,N,9,41,10,0,11,55,13,0,16,64,16,0,23,86,23,0,28,109,29,0
3D6C,269,A,17,ALA,CA,7,42,12,0,15,63,13,0,18,71,21,0,24,94,25,0,29,121,30,0
3D6C,270,A,17,ALA,C,10,35,8,0,11,52,14,0,19,64,18,0,22,82,22,0,27,109,28,0
3D6C,271,A,17,ALA,O,8,28,7,0,11,45,12,0,17,59,14,0,21,78,18,0,24,95,25,0
3D6C,272,A,17,ALA,HN,9,35,8,0,11,52,13,0,14,61,14,0,20,80,19,0,27,96,29,0
3D6C,273,A,17,ALA,H,8,42,11,0,14,65,16,0,19,78,21,0,25,112,26,0,30,129,30,0
3D6C,274,A,17,ALA,C,12,42,9,0,16,61,18,0,21,76,20,0,23,94,27,0,27,122,31,1
3D6C,275,A,17,ALA,H,14,44,12,0,18,61,16,0,19,76,22,0,24,100,28,0,27,131,31,1
3D6C,276,A,17,ALA,H,8,38,10,0,14,53,13,0,21,71,20,0,23,85,25,0,27,109,29,0
3D6C,277,A,17,ALA,H,12,40,10,0,15,61,17,0,22,81,22,0,24,104,26,0,26,125,30,1
3D6C,278,A,18,ILE,N,8,30,9,0,12,46,15,0,18,63,18,0,23,86,21,0,30,117,30,0
3D6C,279,A,18,ILE,CA,8,25,7,0,10,39,10,0,13,53,15,0,22,78,21,0,29,102,28,0
3D6C,280,A,18,ILE,C,7,27,7,0,11,40,10,0,16,54,17,0,19,77,24,0,32,110,32,0
3D6C,281,A,18,ILE,O,6,23,6,0,12,36,9,0,15,50,16,0,20,70,22,0,25,90,31,0
3D6C,282,A,18,ILE,HN,9,33,11,0,12,50,14,0,18,73,18,0,26,98,22,0,33,125,33,0
3D6C,283,A,18,ILE,H,7,25,6,0,9,31,9,0,12,52,12,0,19,67,20,0,24,86,25,0
3D6C,284,A,18,ILE,C,7,27,8,0,10,38,10,0,14,49,13,0,23,78,18,0,29,100,25,0
3D6C,285,A,18,ILE,C,7,30,9,0,10,37,9,0,16,49,13,0,18,78,18,0,25,99,22,0
3D6C,286,A,18,ILE,C,7,21,6,0,10,30,8,0,14,46,11,0,20,62,17,0,26,83,24,0
3D6C,287,A,18,ILE,C,9,27,7,0,11,39,11,0,16,54,13,0,19,75,16,0,25,93,23,0
3D6C,288,A,18,ILE,H,7,27,9,0,12,42,12,0,17,58,15,0,24,87,21,0,31,109,29,0
3D6C,289,A,18,ILE,H,8,33,8,0,12,41,11,0,16,57,14,0,20,83,19,0,24,106,24,0
3D6C,290,A,18,ILE,H,6,25,5,0,9,35,10,0,14,41,12,0,17,64,14,0,22,90,20,0
3D6C,291,A,18,ILE,H,5,17,5,0,10,31,8,0,14,47,11,0,22,62,18,0,23,80,22,0
3D6C,292,A,18,ILE,H,5,19,6,0,8,27,7,0,13,37,9,0,16,54,15,0,23,77,22,0
3D6C,293,A,18,ILE,H,5,16,5,0,12,33,10,0,13,45,15,0,21,66,19,0,27,88,26,0
3D6C,294,A,18,ILE,H,9,26,7,0,11,40,9,0,15,56,15,0,20,73,15,0,25,89,22,0
3D6C,295,A,18,ILE,H,6,22,6,0,11,35,10,0,15,47,12,0,20,61,15,0,25,87,22,0
3D6C,296,A,18,ILE,H,9,34,10,0,13,42,12,0,17,63,13,0,24,82,20,0,26,106,28,1
3D6C,297,A,19,ASP,N,8,30,8,0,12,44,12,0,16,64,18,0,27,91,25,0,37,124,31,0
3D6C,298,A,19,ASP,CA,9,31,10,0,13,49,14,0,20,69,20,0,28,99,27,0,35,121,32,0
3D6C,299,A,19,ASP,C,9,35,10,0,13,55,15,0,22,78,23,0,29,114,28,0,38,145,35,0
3D6C,300,A,19,ASP,O,10,37,9,0,13,53,15,0,18,77,21,0,33,115,28,0,40,156,37,1
3D6C,301,A,19,ASP,HN,7,30,10,0,10,47,11,0,20,65,17,0,29,102,23,0,40,130,34,0
3D6C,302,A,19,ASP,H,9,29,9,0,15,52,13,0,20,70,21,0,27,91,27,0,30,118,34,0
3D6C,303,A,19,ASP,C,9,32,10,0,12,50,16,0,21,61,20,0,29,94,27,0,34,122,33,0
3D6C,304,A,19,ASP,C,9,31,10,0,15,48,17,0,22,68,19,0,30,89,28,0,35,125,36,0
3D6C,305,A,19,ASP,O,7,26,10,0,16,58,16,0,23,77,20,0,31,97,29,0,34,129,35,0
3D6C,306,A,19,ASP,O,9,31,9,0,15,44,14,0,21,62,17,0,25,84,25,0,35,114,33,0
3D6C,307,A,19,ASP,H,8,29,8,0,11,42,14,0,17,57,18,0,25,79,24,0,34,112,30,0
3D6C,308,A,19,ASP,H,9,36,12,0,16,49,17,0,22,65,19,0,27,92,28,0,35,128,36,0
3D6C,309,A,20,GLY,N,10,38,14,0,18,61,19,0,23,89,24,0,30,117,32,0,39,145,39,0
3D6C,310,A,20,GLY,CA,12,36,15,0,15,64,20,0,23,91,24,0,32,127,33,0,40,155,47,1
3D6C,311,A,20,GLY,C,8,38,13,0,17,64,17,0,23,101,28,0,37,126,36,1,47,164,45,1
3D6C,312,A,20,GLY,O,8,42,11,0,19,67,18,0,24,101,28,1,40,133,40,1,45,165,46,1
3D6C,313,A,20,GLY,HN,12,40,14,0,18,61,20,0,21,86,25,0,30,108,32,0,34,143,40,0
3D6C,314,A,20,GLY,H,10,43,18,0,15,65,21,0,23,93,23,0,32,124,30,1,43,161,42,1
3D6C,315,A,20,GLY,H,10,41,16,0,18,68,20,0,25,94,25,0,32,121,38,0,40,162,45,1
3D6C,316,A,21,ASP,N,10,38,9,0,17,59,17,0,24,87,22,0,36,119,35,0,46,151,42,1
3D6C,317,A,21,ASP,CA,10,40,11,0,17,58,13,0,24,88,25,0,36,115,31,0,42,164,44,1
3D6C,318,A,21,ASP,C,10,37,9,0,17,53,13,0,22,84,20,0,32,116,33,0,42,152,41,0
3D6C,319,A,21,ASP,O,13,37,11,0,17,56,15,0,26,87,18,0,31,120,30,0,38,151,42,0
3D6C,320,A,21,ASP,HN,12,32,10,0,16,55,16,0,23,84,24,0,35,116,30,0,40,145,41,0
3D6C,321,A,21,ASP,H,10,42,9,0,17,62,16,0,26,90,24,0,38,118,33,1,47,173,46,2
3D6C,322,A,21,ASP,C,12,41,12,0,17,54,18,0,25,77,22,0,36,113,34,0,47,164,41,0
3D6C,323,A,21,ASP,C,11,36,11,0,17,51,16,0,24,77,22,0,32,110,33,0,42,148,38,0
3D6C,324,A,21,ASP,O,12,34,12,0,17,47,16,0,22,75,23,0,29,108,29,0,40,140,39,0
3D6C,325,A,21,ASP,O,10,35,12,0,15,57,16,0,24,81,25,0,32,108,33,0,37,142,39,0
3D6C,326,A,21,ASP,H,11,44,9,0,18,62,21,0,26,83,26,0,37,122,31,0,45,170,44,2
3D6C,327,A,21,ASP,H,13,39,12,0,18,56,16,0,23,77,26,0,36,119,28,0,43,169,42,1
3D6C,328,A,22,THR,N,12,41,11,0,16,49,14,0,20,72,23,0,30,111,31,0,40,153,38,0
3D6C,329,A,22,THR,CA,13,44,12,0,16,54,16,0,20,67,19,0,29,101,30,0,38,147,35,0
3D6C,330,A,22,THR,C,11,43,11,0,14,57,16,0,19,84,20,0,26,103,22,0,38,138,36,0
3D6C,331,A,22,THR,O,9,32,11,0,13,54,13,0,19,80,19,0,27,105,24,0,37,135,34,0
3D6C,332,A,22,THR,HN,10,38,10,0,16,51,17,0,22,74,23,0,29,109,29,0,39,149,41,0
3D6C,333,A,22,THR,H,13,45,12,0,17,57,15,0,23,75,21,0,28,105,26,0,38,147,37,1
3D6C,334,A,22,THR,C,13,38,9,0,15,47,14,0,17,61,21,0,26,90,28,0,36,132,35,0
3D6C,335,A,22,THR,OH,13,30,10,0,15,43,16,0,17,61,23,0,27,93,26,0,35,128,37,0
3D6C,336,A,22,THR,C,12,35,8,0,16,46,14,0,21,61,20,0,24,90,26,0,34,114,31,0
3D6C,337,A,22,THR,H,11,31,10,0,14,50,13,0,20,63,16,0,27,88,26,0,35,122,33,0
3D6C,338,A,22,THR,HO,13,29,9,0,15,45,16,0,20,71,20,0,26,95,30,0,33,124,37,0
3D6C,339,A,22,THR,H,10,27,7,0,15,43,10,0,19,60,20,0,24,85,26,0,32,115,28,0
3D6C,340,A,22,THR,H,12,33,10,0,17,49,14,0,21,67,22,0,27,93,27,0,30,123,31,1
3D6C,341,A,22,THR,H,10,36,9,0,17,50,14,0,21,68,18,0,23,93,25,0,31,117,29,1
3D6C,342,A,23,VAL,N,10,45,11,0,15,67,16,0,20,88,19,0,30,110,25,0,36,142,34,1
3D6C,343,A,23,VAL,CA,10,44,9,0,14,68,14,0,19,92,20,0,26,118,25,0,35,143,35,1
3D6C,344,A,23,VAL,C,12,43,9,0,14,68,14,0,18,91,18,0,24,112,25,1,35,139,33,1
3D6C,345,A,23,VAL,O,11,42,9,0,16,65,11,0,20,91,18,1,27,114,26,1,33,148,34,1
3D6C,346,A,23,VAL,HN,10,48,11,0,16,70,15,0,23,85,21,0,31,112,27,1,35,141,34,1
3D6C,347,A,23,VAL,H,8,43,10,0,13,61,14,0,17,85,19,0,26,112,24,0,34,138,29,0
3D6C,348,A,23,VAL,C,10,47,8,0,14,74,12,0,20,100,23,0,26,125,29,0,46,165,40,1
3D6C,349,A,23,VAL,C,11,47,10,0,16,70,13,0,20,97,22,0,30,129,37,1,43,168,40,1
3D6C,350,A,23,VAL,C,8,44,7,0,14,72,15,0,22,102,21,0,38,142,32,1,46,176,42,2
3D6C,351,A,23,VAL,H,9,48,7,0,14,72,13,0,19,100,20,0,26,117,31,0,38,161,38,1
3D6C,352,A,23,VAL,H,8,43,9,0,17,71,13,0,24,99,24,1,31,135,37,1,43,171,44,1
3D6C,353,A,23,VAL,H,11,49,10,0,15,67,15,0,21,97,26,0,32,131,32,1,42,169,41,1
3D6C,354,A,23,VAL,H,9,42,12,0,15,66,15,0,20,96,21,0,26,126,30,0,38,152,39,1
3D6C,355,A,23,VAL,H,8,43,5,0,15,70,15,0,26,106,25,0,38,145,33,1,45,184,46,2
3D6C,356,A,23,VAL,H,10,47,9,0,14,75,12,0,22,112,22,1,35,140,29,1,46,169,41,1
3D6C,357,A,23,VAL,H,8,41,9,0,12,71,14,0,24,104,23,0,37,134,29,1,45,175,42,2
3D6C,358,A,24,LYS,N,10,49,9,0,13,58,12,0,14,80,16,0,23,104,23,1,28,134,28,2
3D6C,359,A,24,LYS,CA,10,48,9,0,12,59,12,0,16,73,14,1,19,98,21,2,25,121,26,2
3D6C,360,A,24,LYS,C,10,49,8,0,14,60,13,0,15,87,15,2,18,100,20,2,24,123,26,2
3D6C,361,A,24,LYS,O,11,37,7,0,13,62,11,0,14,84,16,1,19,100,18,2,27,118,26,2
3D6C,362,A,24,LYS,HN,9,49,8,0,13,55,13,0,15,75,16,0,21,102,23,0,28,133,29,1
3D6C,363,A,24,LYS,H,9,44,8,0,12,59,11,1,16,77,17,1,21,97,22,2,26,125,27,2
3D6C,364,A,24,LYS,C,10,38,6,0,10,56,12,0,14,66,13,0,17,77,17,2,20,105,22,2
3D6C,365,A,24,LYS,C,8,32,6,0,11,44,10,0,14,63,14,1,15,77,14,2,21,91,19,2
3D6C,366,A,24,LYS,C,8,27,6,0,9,41,9,0,12,60,13,2,18,79,17,2,22,95,21,2
3D6C,367,A,24,LYS,C,4,20,5,0,7,32,6,0,10,48,10,0,15,68,15,2,20,84,19,2
3D6C,368,A,24,LYS,N,4,15,5,0,5,26,6,0,10,41,10,1,16,63,13,2,20,87,19,2
3D6C,369,A,24,LYS,H,9,38,8,0,12,50,11,0,14,64,14,0,18,75,17,1,20,102,21,2
3D6C,370,A,24,LYS,H,9,36,8,0,11,51,10,0,14,62,13,0,16,78,19,0,21,97,22,2
3D6C,371,A,24,LYS,H,8,35,9,0,12,50,11,1,14,66,13,1,16,80,16,2,21,96,20,2
3D6C,372,A,24,LYS,H,6,25,6,0,10,40,8,0,12,56,12,1,14,69,14,1,17,80,19,2
3D6C,373,A,24,LYS,H,8,30,7,0,9,47,9,1,15,71,13,2,19,84,20,2,24,103,21,2
3D6C,374,A,24,LYS,H,7,25,6,0,9,39,7,2,11,55,15,2,16,79,17,2,22,94,20,2
3D6C,375,A,24,LYS,H,4,16,3,0,6,27,6,0,10,37,8,0,12,56,12,2,16,76,17,2
3D6C,376,A,24,LYS,H,5,19,5,0,7,32,6,0,12,50,10,0,16,62,14,1,20,82,19,2
3D6C,377,A,24,LYS,HN,2,11,3,0,5,19,6,0,6,35,9,0,12,56,11,1,19,73,15,2
3D6C,378,A,24,LYS,HN,4,17,6,0,8,33,8,0,12,50,11,1,17,72,14,1,23,89,20,2
3D6C,379,A,24,LYS,HN,5,15,5,0,5,27,7,1,10,43,11,1,15,67,11,2,19,83,20,2
3D6C,380,A,25,LEU,N,13,49,11,0,14,67,12,2,17,85,15,2,21,105,17,2,29,135,27,2
3D6C,381,A,25,LEU,CA,11,51,9,1,14,68,13,2,17,86,15,2,24,106,19,2,27,131,25,2
3D6C,382,A,25,LEU,C,11,49,9,1,16,65,13,2,17,81,15,2,20,100,19,2,26,120,24,2
3D6C,383,A,25,LEU,O,12,44,9,2,15,61,11,2,17,78,17,2,21,93,20,2,24,115,23,2
3D6C,384,A,25,LEU,HN,11,47,10,1,13,63,13,2,18,83,16,2,23,108,17,2,27,132,26,2
3D6C,385,A,25,LEU,H,8,45,10,0,14,61,11,1,16,86,16,2,22,102,20,2,26,121,26,2
3D6C,386,A,25,LEU,C,11,53,9,0,15,73,14,2,21,94,19,2,27,117,24,2,34,150,31,2
3D6C,387,A,25,LEU,C,11,50,9,0,16,74,13,1,20,99,21,1,31,130,28,2,36,162,34,2
3D6C,388,A,25,LEU,C,11,48,8,0,17,66,16,1,23,104,24,1,31,142,32,1,41,171,35,2
3D6C,389,A,25,LEU,C,8,47,8,0,15,70,14,0,22,92,18,0,27,126,31,2,39,159,37,2
3D6C,390,A,25,LEU,H,8,49,9,0,15,71,14,2,20,90,19,2,27,123,24,2,33,143,31,2
3D6C,391,A,25,LEU,H,10,51,9,1,15,73,15,2,21,98,18,2,28,126,25,2,35,152,34,2
3D6C,392,A,25,LEU,H,11,45,8,0,13,76,12,1,22,101,18,1,30,133,29,2,38,162,38,2
3D6C,393,A,25,LEU,H,9,44,9,0,17,69,17,0,26,104,24,1,34,144,30,1,41,184,40,1
3D6C,394,A,25,LEU,H,8,47,11,0,15,67,14,0,24,100,23,1,30,138,28,2,41,171,39,2
3D6C,395,A,25,LEU,H,7,44,10,1,19,73,16,1,25,107,25,1,32,139,31,1,39,178,37,2
3D6C,396,A,25,LEU,H,8,44,7,0,16,67,15,0,24,97,21,0,27,138,34,1,43,166,40,3
3D6C,397,A,25,LEU,H,9,46,9,0,13,64,12,0,19,88,20,0,25,117,28,2,33,151,36,2
3D6C,398,A,25,LEU,H,9,46,9,0,14,65,13,0,21,91,19,0,27,122,28,2,38,156,37,2
3D6C,399,A,26,MET,N,11,43,9,0,14,61,13,0,16,77,16,1,21,96,19,1,24,115,21,1
3D6C,400,A,26,MET,CA,11,43,10,0,12,55,12,0,15,71,15,1,17,85,19,1,21,103,19,1
3D6C,401,A,26,MET,C,11,44,9,0,11,57,12,1,13,72,14,1,21,95,19,1,22,109,22,1
3D6C,402,A,26,MET,O,11,37,6,0,12,59,13,0,15,78,14,1,20,93,17,1,22,112,24,1
3D6C,403,A,26,MET,HN,10,41,8,0,13,56,12,0,16,80,15,1,22,97,19,1,23,118,24,1
3D6C,404,A,26,MET,H,10,41,8,0,12,54,12,1,17,67,14,1,17,81,17,1,20,96,19,1
3D6C,405,A,26,MET,C,10,31,8,0,11,45,12,0,13,57,14,0,15,72,16,1,20,91,18,1
3D6C,406,A,26,MET,C,7,27,6,0,12,36,10,0,12,49,13,0,13,62,14,1,17,74,15,1
3D6C,407,A,26,MET,S,7,22,8,0,10,31,8,0,11,43,11,0,15,54,14,1,16,63,14,1
3D6C,408,A,26,MET,C,4,17,4,0,9,27,8,0,11,37,12,0,12,48,13,0,16,59,14,0
3D6C,409,A,26,MET,H,10,28,8,0,11,40,10,0,12,60,14,0,17,74,15,0,20,94,18,1
3D6C,410,A,26,MET,H,9,32,7,0,11,41,11,0,13,55,13,0,16,68,16,0,19,85,17,1
3D6C,411,A,26,MET,H,7,27,6,0,11,39,10,0,12,50,13,0,13,65,13,1,16,79,17,1
3D6C,412,A,26,MET,H,6,20,6,0,9,31,8,0,12,39,12,0,12,55,14,0,14,71,15,0
3D6C,413,A,26,MET,H,5,16,3,0,7,22,8,0,10,32,10,0,13,42,12,0,15,52,13,0
3D6C,414,A,26,MET,H,4,14,2,0,7,25,6,0,11,30,9,0,12,39,13,0,13,50,14,0
3D6C,415,A,26,MET,H,6,21,5,0,9,30,9,0,12,43,11,0,14,52,13,0,16,64,15,0
3D6C,416,A,27,TYR,N,9,40,10,2,11,51,11,2,15,72,15,2,19,87,18,2,24,103,22,2
3D6C,417,A,27,TYR,CA,8,36,7,2,11,55,12,2,14,69,14,2,19,89,20,2,24,101,22,2
3D6C,418,A,27,TYR,C,9,25,6,2,9,39,10,2,12,61,13,2,15,68,15,2,20,87,19,2
3D6C,419,A,27,TYR,O,6,27,7,2,9,37,9,2,12,48,11,2,13,66,15,2,19,81,16,2
3D6C,420,A,27,TYR,HN,8,37,9,2,11,51,12,2,14,66,13,2,19,79,17,2,21,98,20,2
3D6C,421,A,27,TYR,H,8,37,9,2,13,53,12,2,15,73,15,2,20,86,18,2,23,105,22,2
3D6C,422,A,27,TYR,C,9,42,7,1,12,55,12,2,16,79,16,2,23,93,21,2,27,118,28,2
3D6C,423,A,27,TYR,C,7,34,6,1,11,54,10,1,17,70,15,2,20,89,20,2,26,114,28,2
3D6C,424,A,27,TYR,C,6,35,7,1,11,50,10,1,17,70,15,1,22,88,24,2,27,116,27,2
3D6C,425,A,27,TYR,C,5,28,5,1,7,45,8,1,14,63,14,2,19,83,20,2,25,106,27,2
3D6C,426,A,27,TYR,C,6,31,6,1,10,42,9,1,13,59,12,1,21,82,22,1,29,108,25,2
3D6C,427,A,27,TYR,C,2,23,2,1,4,34,6,1,13,57,11,1,23,81,16,1,29,96,26,2
3D6C,428,A,27,TYR,C,2,21,3,1,8,36,7,1,12,52,10,1,20,79,17,1,31,97,26,2
3D6C,429,A,27,TYR,OH,3,19,2,1,6,32,5,1,14,53,11,1,20,66,14,1,27,92,21,1
3D6C,430,A,27,TYR,H,8,39,7,2,11,54,10,2,14,72,17,2,21,95,21,2,28,115,27,2
3D6C,431,A,27,TYR,H,9,40,7,1,13,61,12,2,20,85,20,2,25,110,24,2,33,128,32,2
3D6C,432,A,27,TYR,H,9,38,8,1,12,54,13,1,15,74,15,2,20,90,21,2,30,117,30,2
3D6C,433,A,27,TYR,H,5,28,4,1,9,41,9,1,12,61,15,2,17,81,20,2,25,104,23,2
3D6C,434,A,27,TYR,H,7,31,6,0,10,45,7,1,14,59,14,1,17,79,19,1,27,104,23,1
3D6C,435,A,27,TYR,H,2,19,2,1,3,32,5,1,9,46,7,1,21,70,17,1,29,92,22,2
3D6C,436,A,27,TYR,HO,2,20,2,1,5,29,4,1,12,48,9,1,21,63,16,1,23,91,23,1
3D6C,437,A,28,LYS,N,6,21,6,1,9,36,7,2,10,55,11,2,13,69,15,2,16,81,16,2
3D6C,438,A,28,LYS,CA,3,18,6,1,6,23,6,1,10,40,9,2,10,56,13,2,13,67,15,2
3D6C,439,A,28,LYS,C,4,19,4,1,6,23,6,1,9,31,8,1,10,47,10,2,11,61,14,2
3D6C,440,A,28,LYS,O,4,14,3,1,5,20,5,1,5,23,7,1,9,32,9,2,10,46,11,2
3D6C,441,A,28,LYS,HN,7,27,6,1,8,39,10,1,11,53,12,2,14,74,15,2,17,85,18,2
3D6C,442,A,28,LYS,H,3,16,6,0,5,28,6,1,9,34,8,1,10,48,12,2,12,63,15,2
3D6C,443,A,28,LYS,C,3,15,6,0,3,20,6,0,8,34,7,2,10,51,11,2,12,62,14,2
3D6C,444,A,28,LYS,C,3,13,4,0,4,24,6,1,5,41,8,1,12,49,10,2,13,67,15,2
3D6C,445,A,28,LYS,C,3,16,4,0,5,26,6,0,7,34,9,0,10,49,11,2,16,63,14,2
3D6C,446,A,28,LYS,C,0,15,4,0,4,21,5,0,6,30,7,0,9,41,9,1,14,58,12,1
3D6C,447,A,28,LYS,N,2,15,3,0,4,24,6,0,7,31,7,0,9,43,9,0,13,56,13,1
3D6C,448,A,28,LYS,H,3,14,3,0,3,16,6,0,4,24,7,1,8,39,8,2,10,52,11,2
3D6C,449,A,28,LYS,H,3,16,3,0,5,20,6,2,7,37,9,2,10,52,10,2,10,63,13,2
3D6C,450,A,28,LYS,H,1,10,3,0,3,17,4,0,4,32,7,1,8,46,8,1,14,63,12,2
3D6C,451,A,28,LYS,H,3,17,6,1,5,36,6,1,8,48,9,1,13,61,12,2,16,80,17,2
3D6C,452,A,28,LYS,H,4,24,6,0,6,30,6,0,9,43,10,1,11,58,13,2,17,79,16,2
3D6C,453,A,28,LYS,H,3,16,4,0,5,23,5,0,6,31,8,0,9,41,11,2,12,56,13,2
3D6C,454,A,28,LYS,H,0,10,2,0,2,15,4,0,5,26,4,0,7,32,7,0,9,45,10,1
3D6C,455,A,28,LYS,H,1,16,4,0,4,23,5,0,7,34,7,0,11,45,10,1,15,65,11,1
3D6C,456,A,28,LYS,HN,2,12,3,0,3,20,5,0,6,26,7,0,8,35,8,0,12,48,9,0
3D6C,457,A,28,LYS,HN,3,22,5,0,5,27,7,0,9,37,8,0,11,52,10,0,16,61,15,1
3D6C,458,A,28,LYS,HN,2,16,4,0,5,22,6,0,6,29,8,0,11,41,10,0,14,58,13,0
3D6C,459,A,29,GLY,N,6,22,4,1,8,30,7,1,10,40,9,1,11,52,11,2,13,64,13,2
3D6C,460,A,29,GLY,CA,5,20,5,1,6,26,6,1,8,35,8,1,10,45,9,1,12,54,12,2
3D6C,461,A,29,GLY,C,5,22,5,1,7,27,7,1,8,32,7,1,8,44,10,2,12,54,11,2
3D6C,462,A,29,GLY,O,5,19,4,1,7,22,6,1,7,28,7,1,8,33,7,1,9,49,10,2
3D6C,463,A,29,GLY,HN,6,24,6,1,10,35,7,1,10,49,10,1,13,60,13,2,14,74,16,2
3D6C,464,A,29,GLY,H,6,16,4,1,7,26,6,1,8,35,9,1,10,45,10,1,13,56,12,2
3D6C,465,A,29,GLY,H,5,16,4,1,5,20,5,1,6,27,6,1,9,39,8,1,10,47,9,2
3D6C,466,A,30,GLN,N,6,23,6,1,6,28,6,1,7,36,8,2,9,48,9,2,14,60,11,2
3D6C,467,A,30,GLN,CA,6,22,6,1,6,27,7,2,8,35,7,2,10,48,8,2,12,62,11,2
3D6C,468,A,30,GLN,C,6,27,7,1,8,35,8,2,10,49,9,2,12,63,11,2,16,74,15,2
3D6C,469,A,30,GLN,O,7,31,7,2,9,44,8,2,11,61,11,2,15,72,14,2,18,80,15,2
3D6C,470,A,30,GLN,HN,6,27,6,1,6,31,6,2,8,43,9,2,11,53,9,2,14,72,13,2
3D6C,471,A,30,GLN,H,5,18,5,1,6,22,6,1,6,30,7,2,10,41,8,2,11,56,9,2
3D6C,472,A,30,GLN,C,5,21,5,1,6,28,6,2,7,34,7,2,9,43,7,2,10,56,11,2
3D6C,473,A,30,GLN,C,3,11,4,1,5,21,4,1,5,25,5,2,7,32,7,2,9,40,7,2
3D6C,474,A,30,GLN,C,2,8,4,1,4,11,4,1,5,19,5,1,6,27,6,2,8,34,7,2
3D6C,475,A,30,GLN,O,2,7,2,1,3,11,4,1,4,18,5,1,8,27,6,2,8,33,7,2
3D6C,476,A,30,GLN,N,2,7,2,1,2,10,4,1,5,15,4,1,5,22,5,1,6,30,6,2
3D6C,477,A,30,GLN,H,4,18,5,2,7,27,6,2,8,34,7,2,9,44,9,2,11,56,11,2
3D6C,478,A,30,GLN,H,5,23,5,2,6,31,7,2,7,36,7,2,9,45,9,2,13,61,12,2
3D6C,479,A,30,GLN,H,2,9,4,0,5,16,4,1,5,25,5,2,7,32,7,2,8,37,8,2
3D6C,480,A,30,GLN,H,3,10,4,1,5,19,4,1,5,26,6,2,6,34,6,2,7,36,7,2
3D6C,481,A,30,GLN,HN,2,5,3,1,2,13,4,1,5,16,4,1,5,23,6,1,6,28,6,2
3D6C,482,A,30,GLN,HN,1,4,1,1,2,9,4,1,3,11,4,1,5,20,4,1,6,24,6,1
3D6C,483,A,31,PRO,N,8,25,7,1,10,34,8,2,11,44,10,2,14,59,13,2,16,71,16,2
3D6C,484,A,31,PRO,CA,8,33,7,1,11,38,9,2,15,50,12,2,16,67,16,2,17,84,17,2
3D6C,485,A,31,PRO,C,7,35,6,2,10,42,10,2,14,54,12,2,17,68,14,2,20,89,20,2
3D6C,486,A,31,PRO,O,7,18,6,2,9,37,8,2,12,44,11,2,15,62,13,2,18,77,18,2
3D6C,487,A,31,PRO,H,9,35,9,1,13,45,9,2,16,61,14,2,16,76,16,2,19,87,19,2
3D6C,488,A,31,PRO,C,8,26,5,1,9,32,8,1,12,41,9,2,16,57,15,2,16,75,16,2
3D6C,489,A,31,PRO,C,5,20,5,1,8,26,6,1,9,33,8,1,12,42,11,2,15,53,15,2
3D6C,490,A,31,PRO,C,6,19,5,1,8,28,7,1,10,32,8,2,11,44,10,2,15,55,14,2
3D6C,491,A,31,PRO,H,6,26,5,1,9,31,9,1,12,39,11,1,16,54,15,2,16,72,15,2
3D6C,492,A,31,PRO,H,6,24,5,1,11,32,6,1,12,45,13,2,15,60,14,2,18,73,16,2
3D6C,493,A,31,PRO,H,4,14,4,1,5,21,5,1,8,29,6,1,10,37,8,1,13,44,13,2
3D6C,494,A,31,PRO,H,5,13,5,1,8,24,6,1,9,34,6,2,13,42,10,2,14,52,13,2
3D6C,495,A,31,PRO,H,6,16,5,1,6,25,6,1,10,30,8,1,11,39,10,2,13,54,11,2
3D6C,496,A,31,PRO,H,3,13,5,1,7,24,6,1,10,30,8,2,10,40,8,2,11,48,12,2
3D6C,497,A,32,MET,N,9,38,9,1,11,50,12,1,15,64,13,1,20,84,18,1,23,102,22,1
3D6C,498,A,32,MET,CA,9,38,7,0,11,51,11,1,14,66,14,1,20,86,18,1,23,111,23,1
3D6C,499,A,32,MET,C,9,38,8,0,12,56,10,0,16,68,14,1,19,96,20,1,30,126,25,1
3D6C,500,A,32,MET,O,10,40,7,0,13,58,13,0,16,81,15,1,23,105,19,1,29,132,26,1
3D6C,501,A,32,MET,HN,9,41,9,1,12,54,11,1,17,74,15,1,21,93,19,1,23,107,22,1
3D6C,502,A,32,MET,H,7,28,6,0,11,47,9,0,12,61,14,1,19,75,16,1,22,96,21,1
3D6C,503,A,32,MET,C,9,40,7,0,12,56,12,1,15,74,16,1,20,94,18,1,27,116,23,1
3D6C,504,A,32,MET,C,8,33,8,0,11,55,11,0,16,66,15,0,21,96,20,1,27,118,24,1
3D6C,505,A,32,MET,S,6,31,9,0,10,56,9,0,15,73,13,0,20,101,22,1,30,121,32,1
3D6C,506,A,32,MET,C,6,29,5,0,8,43,9,0,13,60,14,0,18,86,18,0,26,112,26,0
3D6C,507,A,32,MET,H,9,40,8,0,11,61,12,1,17,81,15,1,22,103,20,1,26,126,27,1
3D6C,508,A,32,MET,H,10,32,7,0,11,55,9,1,14,71,15,1,17,83,17,1,23,106,21,1
3D6C,509,A,32,MET,H,6,27,6,0,10,48,10,0,15,64,14,0,20,85,18,1,24,111,24,1
3D6C,510,A,32,MET,H,8,34,9,0,13,51,11,0,18,79,17,0,21,101,22,0,26,124,26,1
3D6C,511,A,32,MET,H,5,33,5,0,9,45,8,0,12,62,14,0,18,87,20,0,30,111,27,0
3D6C,512,A,32,MET,H,4,23,5,0,7,39,8,0,11,54,14,0,17,79,17,0,25,100,24,0
3D6C,513,A,32,MET,H,8,31,5,0,9,43,11,0,13,62,18,0,18,87,19,0,26,110,23,0
3D6C,514,A,33,THR,N,9,36,8,1,12,49,11,1,15,67,15,1,20,93,22,2,29,127,24,2
3D6C,515,A,33,THR,CA,9,42,9,1,10,51,12,1,18,69,17,1,25,98,19,1,30,125,29,2
3D6C,516,A,33,THR,C,11,45,8,1,14,54,14,1,21,78,18,1,27,111,22,1,33,141,29,1
3D6C,517,A,33,THR,O,12,33,10,1,13,59,13,1,20,79,19,1,24,106,23,1,32,131,29,1
3D6C,518,A,33,THR,HN,7,32,7,1,11,45,11,1,15,65,12,1,19,83,21,1,28,116,24,2
3D6C,519,A,33,THR,H,9,40,10,1,13,57,11,1,21,76,16,1,24,96,22,1,29,129,28,2
3D6C,520,A,33,THR,C,10,33,8,0,12,46,12,1,15,63,16,1,24,85,20,1,30,115,25,1
3D6C,521,A,33,THR,OH,8,23,6,0,11,37,9,1,13,56,13,1,19,76,16,1,26,99,23,1
3D6C,522,A,33,THR,C,11,34,6,0,15,48,13,0,19,63,18,1,24,90,23,1,30,116,27,1
3D6C,523,A,33,THR,H,10,32,9,1,13,43,11,1,17,68,16,1,22,79,20,1,28,109,24,1
3D6C,524,A,33,THR,HO,7,23,6,0,11,32,8,1,14,50,12,1,17,69,16,1,23,94,21,1
3D6C,525,A,33,THR,H,9,29,6,0,13,45,12,0,19,57,17,0,22,79,22,1,28,109,24,1
3D6C,526,A,33,THR,H,12,33,6,0,14,49,12,0,18,73,21,1,24,90,22,1,31,113,26,1
3D6C,527,A,33,THR,H,11,40,10,0,16,50,16,0,20,70,18,1,26,99,24,1,33,124,30,1
3D6C,528,A,34,PHE,N,13,42,11,1,15,56,14,1,20,80,19,1,31,116,26,1,37,151,33,1
3D6C,529,A,34,PHE,CA,12,44,8,1,16,63,16,1,22,87,18,1,29,119,28,1,39,154,39,1
3D6C,530,A,34,PHE,C,13,42,9,0,18,61,15,1,26,82,22,1,29,114,29,1,38,141,39,1
3D6C,531,A,34,PHE,O,11,43,9,0,20,59,18,0,23,81,22,1,31,106,28,1,36,139,35,1
3D6C,532,A,34,PHE,HN,11,44,10,1,15,54,12,1,21,74,17,1,30,116,28,1,36,148,35,1
3D6C,533,A,34,PHE,H,10,43,11,1,17,66,14,1,23,89,19,1,29,115,26,1,39,142,37,1
3D6C,534,A,34,PHE,C,9,46,8,1,16,67,14,1,23,89,20,1,34,127,30,1,44,174,40,1
3D6C,535,A,34,PHE,C,10,47,9,1,16,69,14,1,22,94,23,1,33,127,32,1,44,172,36,1
3D6C,536,A,34,PHE,C,10,42,6,1,12,68,16,1,23,93,22,1,32,129,27,1,41,165,36,2
3D6C,537,A,34,PHE,C,8,42,9,1,17,74,14,1,20,99,19,1,30,124,32,1,42,167,41,1
3D6C,538,A,34,PHE,C,8,42,8,1,12,61,14,1,20,86,23,1,30,129,27,2,38,159,34,2
3D6C,539,A,34,PHE,C,9,41,8,1,13,65,14,1,23,94,21,1,31,128,30,1,39,164,40,1
3D6C,540,A,34,PHE,C,9,42,8,1,14,56,17,1,19,91,26,1,32,121,27,1,37,157,35,2
3D6C,541,A,34,PHE,H,13,46,9,1,14,68,15,1,24,91,21,1,33,132,30,1,46,176,41,1
3D6C,542,A,34,PHE,H,10,44,10,1,13,66,12,1,23,94,18,1,35,134,31,1,43,176,44,1
3D6C,543,A,34,PHE,H,9,40,7,1,13,62,14,1,21,92,20,1,30,124,25,2,39,159,32,2
3D6C,544,A,34,PHE,H,9,45,11,1,15,74,15,1,21,107,18,1,31,125,29,1,42,161,43,1
3D6C,545,A,34,PHE,H,7,41,11,1,15,61,12,1,22,86,20,2,29,121,28,2,34,153,34,2
3D6C,546,A,34,PHE,H,8,41,9,1,13,62,13,1,22,88,22,1,31,127,28,1,38,161,42,1
3D6C,547,A,34,PHE,H,6,38,6,1,13,59,14,1,22,89,25,1,28,114,28,1,40,146,32,2
3D6C,548,A,35,ARG,N,13,48,12,0,16,62,16,0,21,92,21,1,29,108,33,1,37,155,36,1
3D6C,549,A,35,ARG,CA,12,46,12,0,15,57,17,0,21,77,24,0,29,120,29,1,34,156,39,1
3D6C,550,A,35,ARG,C,14,47,13,0,17,62,17,0,20,86,22,0,27,121,33,1,39,171,40,2
3D6C,551,A,35,ARG,O,11,41,10,0,18,62,17,0,21,99,22,0,29,126,32,1,38,170,42,2
3D6C,552,A,35,ARG,HN,11,47,12,0,17,69,15,1,23,89,22,1,31,116,30,1,37,154,36,1
3D6C,553,A,35,ARG,H,12,41,12,0,15,53,18,0,24,79,23,0,28,116,29,0,33,156,38,1
3D6C,554,A,35,ARG,C,13,36,9,0,14,55,16,0,21,79,24,0,28,109,31,1,35,146,36,1
3D6C,555,A,35,ARG,C,7,30,10,0,16,50,16,0,19,77,23,0,29,108,32,0,33,139,38,0
3D6C,556,A,35,ARG,C,8,27,11,0,12,46,17,0,21,78,24,0,23,107,31,0,35,132,38,0
3D6C,557,A,35,ARG,N,10,26,12,0,11,46,16,0,16,69,23,0,26,92,30,0,31,135,34,0
3D6C,558,A,35,ARG,C,11,32,13,0,12,47,18,0,17,68,24,0,25,98,31,0,33,136,37,0
3D6C,559,A,35,ARG,N,8,31,10,0,14,44,16,0,19,64,22,0,23,91,30,0,28,127,35,0
3D6C,560,A,35,ARG,N,11,34,10,0,14,55,19,0,20,77,22,0,25,105,31,0,37,150,40,0
3D6C,561,A,35,ARG,H,12,37,9,0,15,57,18,0,23,78,23,0,27,106,29,1,32,144,36,1
3D6C,562,A,35,ARG,H,10,34,10,0,16,50,16,0,19,76,23,0,25,103,27,1,33,133,36,1
3D6C,563,A,35,ARG,H,10,39,12,0,17,57,16,0,21,81,26,0,29,113,32,0,34,148,40,0
3D6C,564,A,35,ARG,H,7,32,10,0,13,53,13,0,20,74,23,0,25,98,31,0,31,130,37,0
3D6C,565,A,35,ARG,H,7,22,11,0,10,43,18,0,17,75,23,0,27,100,29,0,32,130,38,0
3D6C,566,A,35,ARG,H,8,27,13,0,15,50,18,0,19,81,25,0,27,109,31,0,33,147,40,0
3D6C,567,A,35,ARG,HN,8,21,11,0,10,39,13,0,17,65,22,0,26,93,29,0,34,124,34,0
3D6C,568,A,35,ARG,HN,6,26,10,0,14,35,15,0,17,58,22,0,22,89,26,0,25,117,34,0
3D6C,569,A,35,ARG,HN,9,35,13,0,14,45,16,0,20,61,21,0,22,96,27,0,27,125,34,0
3D6C,570,A,35,ARG,HN,12,35,10,0,13,58,19,0,21,80,25,0,27,116,31,0,34,153,43,1
3D6C,571,A,35,ARG,HN,11,38,12,0,13,55,17,0,20,79,23,0,25,111,30,0,36,153,38,1
3D6C,572,A,36,LEU,N,16,42,11,0,22,64,17,0,23,88,25,0,30,122,32,1,41,164,42,2
3D6C,573,A,36,LEU,CA,15,47,10,0,18,66,14,0,25,92,23,1,29,130,34,1,42,176,44,1
3D6C,574,A,36,LEU,C,13,44,9,0,16,61,15,0,27,90,25,1,32,134,36,1,47,186,48,1
3D6C,575,A,36,LEU,O,10,40,10,0,19,61,17,0,24,94,23,0,31,128,34,1,40,168,45,1
3D6C,576,A,36,LEU,HN,12,34,13,0,22,66,16,0,26,96,23,0,29,124,30,0,40,157,43,1
3D6C,577,A,36,LEU,H,13,46,9,0,17,70,15,1,23,91,23,1,31,136,31,1,40,180,45,1
3D6C,578,A,36,LEU,C,14,40,12,0,19,70,17,1,24,95,24,1,32,128,30,1,42,175,44,2
3D6C,579,A,36,LEU,C,12,47,11,0,18,67,18,1,24,94,22,1,33,136,31,2,43,187,45,2
3D6C,580,A,36,LEU,C,10,43,14,0,16,64,17,0,25,89,21,1,37,137,30,2,45,190,44,2
3D6C,581,A,36,LEU,C,10,41,11,0,22,63,18,2,25,98,23,2,33,137,38,2,44,185,43,2
3D6C,582,A,36,LEU,H,16,46,12,0,18,70,17,1,23,99,23,1,31,131,34,1,44,177,47,2
3D6C,583,A,36,LEU,H,13,38,13,0,19,63,18,0,23,93,26,1,35,123,33,1,42,171,42,2
3D6C,584,A,36,LEU,H,13,42,10,1,16,67,16,1,26,104,24,2,31,143,29,2,43,178,40,2
3D6C,585,A,36,LEU,H,9,41,11,0,16,61,18,0,24,98,23,2,36,142,34,2,48,199,40,2
3D6C,586,A,36,LEU,H,11,41,12,0,17,60,17,0,27,95,23,0,37,135,32,2,45,179,44,2
3D6C,587,A,36,LEU,H,12,46,10,0,17,65,17,0,24,99,23,0,34,138,31,1,44,176,39,3
3D6C,588,A,36,LEU,H,9,41,8,1,16,66,17,2,27,96,26,2,35,141,33,2,45,186,45,2
3D6C,589,A,36,LEU,H,12,42,10,1,17,74,14,2,27,96,28,2,31,134,35,2,44,185,44,2
3D6C,590,A,36,LEU,H,11,40,12,0,20,64,18,0,28,98,27,2,35,132,36,2,48,179,48,2
3D6C,591,A,37,LEU,N,11,45,9,0,15,61,16,1,21,87,25,1,39,136,34,1,45,191,46,1
3D6C,592,A,37,LEU,CA,9,44,10,0,16,62,17,1,24,90,23,1,34,139,38,1,50,189,47,1
3D6C,593,A,37,LEU,C,10,41,11,0,17,70,17,1,26,98,23,1,32,135,35,1,45,181,51,1
3D6C,594,A,37,LEU,O,11,38,10,1,16,70,16,1,27,105,23,1,38,137,38,1,46,182,47,1
3D6C,595,A,37,LEU,HN,10,46,10,0,15,67,14,1,22,93,26,1,36,139,34,1,48,189,47,1
3D6C,596,A,37,LEU,H,13,44,11,0,17,59,18,0,22,86,26,0,37,134,34,1,47,173,48,1
3D6C,597,A,37,LEU,C,11,40,13,0,17,62,19,1,27,101,27,1,37,135,38,1,44,188,47,1
3D6C,598,A,37,LEU,C,11,37,12,0,17,59,22,0,28,101,29,1,37,144,36,1,45,184,46,1
3D6C,599,A,37,LEU,C,11,41,13,0,19,62,23,0,27,98,26,1,34,142,36,1,43,172,44,1
3D6C,600,A,37,LEU,C,12,36,11,0,18,66,23,0,29,102,29,0,36,136,36,0,47,172,42,1
3D6C,601,A,37,LEU,H,12,42,14,0,19,68,21,1,27,98,26,1,37,138,37,1,46,183,47,1
3D6C,602,A,37,LEU,H,10,43,11,1,19,65,20,1,25,94,28,1,36,138,37,1,45,190,48,1
3D6C,603,A,37,LEU,H,10,42,10,0,18,65,18,0,26,97,29,0,36,138,35,1,49,181,48,2
3D6C,604,A,37,LEU,H,13,43,14,0,19,63,20,0,28,91,27,0,33,130,34,1,39,168,44,1
3D6C,605,A,37,LEU,H,13,41,15,0,18,70,23,0,29,95,31,1,35,133,36,1,41,170,41,1
3D6C,606,A,37,LEU,H,12,44,14,0,19,66,20,0,25,98,25,1,36,133,38,1,42,172,41,1
3D6C,607,A,37,LEU,H,12,38,13,0,21,71,23,0,28,99,29,0,35,131,36,0,47,160,39,1
3D6C,608,A,37,LEU,H,12,35,12,0,22,68,19,0,26,99,30,0,35,133,35,0,46,166,44,1
3D6C,609,A,37,LEU,H,11,42,14,0,20,65,20,0,27,101,29,0,36,131,36,1,44,168,44,1
3D6C,610,A,38,GLU,N,9,43,8,0,17,71,13,0,23,102,21,1,33,126,33,1,44,160,46,1
3D6C,611,A,38,GLU,CA,10,44,8,0,15,67,16,0,28,102,23,1,33,130,33,1,42,155,43,1
3D6C,612,A,38,GLU,C,10,43,7,0,15,63,13,0,26,93,23,1,33,132,30,1,43,158,41,1
3D6C,613,A,38,GLU,O,10,41,7,0,17,64,15,0,25,89,21,1,31,125,31,1,41,156,41,1
3D6C,614,A,38,GLU,HN,13,43,9,0,17,69,14,0,22,95,20,0,31,123,34,1,48,158,44,1
3D6C,615,A,38,GLU,H,10,39,9,0,16,69,12,0,22,93,20,0,33,122,30,1,40,142,38,1
3D6C,616,A,38,GLU,C,10,52,10,0,18,69,18,1,31,92,24,1,34,129,33,1,43,160,44,1
3D6C,617,A,38,GLU,C,11,49,9,0,17,68,20,1,28,94,24,1,38,125,33,1,43,156,38,1
3D6C,618,A,38,GLU,C,12,46,12,0,20,64,17,1,25,91,22,1,33,114,30,1,40,148,39,1
3D6C,619,A,38,GLU,O,12,42,13,0,19,70,17,0,25,82,22,1,31,107,27,1,38,128,33,1
3D6C,620,A,38,GLU,O,9,45,10,0,17,63,15,1,25,85,26,1,31,115,31,1,41,146,39,1
3D6C,621,A,38,GLU,H,13,47,12,0,19,67,17,0,25,90,25,1,35,125,31,1,44,157,41,1
3D6C,622,A,38,GLU,H,9,51,10,1,20,71,16,1,29,100,22,1,37,130,38,1,45,178,45,1
3D6C,623,A,38,GLU,H,12,47,11,0,18,66,19,1,24,93,25,1,40,130,34,1,44,165,42,1
3D6C,624,A,38,GLU,H,12,46,12,0,15,67,18,0,27,91,23,0,36,120,31,1,42,151,36,1
3D6C,625,A,39,VAL,N,14,49,11,0,14,64,18,0,19,88,25,0,32,127,31,1,43,154,41,1
3D6C,626,A,39,VAL,CA,12,45,11,0,16,66,18,0,19,86,27,0,29,110,33,1,40,155,36,1
3D6C,627,A,39,VAL,C,11,42,13,0,17,60,17,0,18,82,21,0,24,102,29,0,37,132,38,1
3D6C,628,A,39,VAL,O,12,40,14,0,15,57,15,0,20,73,21,0,27,105,27,0,34,132,38,0
3D6C,629,A,39,VAL,HN,13,45,10,0,14,66,19,0,21,89,22,0,30,116,33,1,42,158,42,1
3D6C,630,A,39,VAL,H,10,42,12,0,15,63,16,0,21,86,23,0,31,111,34,1,37,151,39,1
3D6C,631,A,39,VAL,C,15,51,12,0,19,72,20,0,23,90,29,1,31,122,33,1,40,164,42,1
3D6C,632,A,39,VAL,C,12,49,13,0,19,63,18,1,27,100,30,1,33,138,37,1,47,171,44,1
3D6C,633,A,39,VAL,C,16,45,14,0,19,71,19,0,26,95,25,1,31,127,35,1,38,167,44,1
3D6C,634,A,39,VAL,H,14,52,13,0,19,65,22,0,23,94,25,1,32,120,34,1,42,166,42,1
3D6C,635,A,39,VAL,H,15,49,13,1,19,72,22,1,25,97,30,1,33,143,36,1,45,174,47,2
3D6C,636,A,39,VAL,H,10,43,10,1,18,70,18,1,28,107,28,1,35,143,38,1,48,175,49,1
3D6C,637,A,39,VAL,H,11,43,11,0,21,64,21,1,25,104,26,1,38,137,39,1,49,170,49,1
3D6C,638,A,39,VAL,H,16,45,13,0,21,68,19,1,27,101,27,1,30,135,35,1,42,176,43,2
3D6C,639,A,39,VAL,H,13,43,15,0,18,64,20,0,23,88,23,0,33,121,33,1,39,159,41,1
3D6C,640,A,39,VAL,H,12,42,14,0,19,70,16,1,26,100,24,1,29,128,36,1,42,163,47,1
3D6C,641,A,40,ASP,N,12,35,12,0,15,55,14,0,18,79,19,0,27,99,26,0,35,133,36,0
3D6C,642,A,40,ASP,CA,11,34,11,0,14,53,16,0,19,71,19,0,26,98,25,0,34,130,37,0
3D6C,643,A,40,ASP,C,12,35,8,0,12,51,14,0,20,77,23,0,28,109,31,0,37,139,38,0
3D6C,644,A,40,ASP,O,8,34,9,0,14,48,13,0,18,73,21,0,24,106,30,0,37,136,37,0
3D6C,645,A,40,ASP,HN,11,37,12,0,13,55,14,0,20,85,19,0,28,107,27,0,37,133,35,0
3D6C,646,A,40,ASP,H,9,36,10,0,17,54,16,0,22,75,21,0,27,100,27,0,37,130,38,0
3D6C,647,A,40,ASP,C,11,34,8,0,13,42,13,0,17,61,18,0,22,85,22,0,29,119,30,0
3D6C,648,A,40,ASP,C,10,26,8,0,12,44,12,0,17,59,19,0,23,75,23,0,27,104,30,0
3D6C,649,A,40,ASP,O,8,25,8,0,13,46,16,0,20,65,20,0,24,85,23,0,33,111,34,0
3D6C,650,A,40,ASP,O,7,20,7,0,11,40,11,0,14,53,13,0,19,65,21,0,27,89,28,0
3D6C,651,A,40,ASP,H,10,32,7,0,14,44,12,0,15,55,15,0,17,80,20,0,29,111,30,0
3D6C,652,A,40,ASP,H,9,30,9,0,13,41,10,0,19,59,16,0,21,78,21,0,29,116,28,0
3D6C,653,A,41,THR,N,10,36,11,0,15,54,16,0,22,79,29,0,30,117,36,0,42,148,41,0
3D6C,654,A,41,THR,CA,9,40,13,0,14,58,20,0,22,85,28,0,32,121,36,0,44,157,44,0
3D6C,655,A,41,THR,C,10,31,13,0,15,58,23,0,22,82,26,0,29,109,33,0,38,143,41,0
3D6C,656,A,41,THR,O,11,30,14,0,13,52,21,0,21,73,26,0,31,98,28,0,36,140,41,0
3D6C,657,A,41,THR,HN,12,37,14,0,15,57,18,0,23,84,27,0,31,114,36,0,41,148,44,0
3D6C,658,A,41,THR,H,8,42,14,0,15,57,18,0,24,82,27,0,33,121,38,0,42,166,46,0
3D6C,659,A,41,THR,C,11,40,13,0,17,59,21,0,25,87,31,0,33,122,36,0,46,160,47,0
3D6C,660,A,41,THR,OH,11,37,16,0,16,55,21,0,23,84,29,0,33,119,36,0,45,162,46,0
3D6C,661,A,41,THR,C,10,39,16,0,18,67,22,0,26,95,27,0,37,131,39,0,44,167,49,1
3D6C,662,A,41,THR,H,11,45,12,0,18,62,23,0,25,90,29,0,31,119,36,0,42,156,47,0
3D6C,663,A,41,THR,HO,13,35,15,0,16,57,22,0,23,79,28,0,33,119,35,0,42,158,44,0
3D6C,664,A,41,THR,H,9,45,14,0,20,69,21,0,27,99,30,0,35,126,38,1,45,170,48,1
3D6C,665,A,41,THR,H,10,41,16,0,20,64,21,0,26,96,29,0,38,124,38,0,44,167,50,1
3D6C,666,A,41,THR,H,11,41,13,0,17,69,21,0,28,97,29,0,38,129,41,0,45,168,50,1
3D6C,667,A,42,PRO,N,10,34,14,0,18,57,20,0,20,83,27,0,27,108,32,0,38,139,38,0
3D6C,668,A,42,PRO,CA,8,32,14,0,15,51,18,0,22,78,25,0,27,99,33,0,32,124,37,0
3D6C,669,A,42,PRO,C,10,32,17,0,15,54,21,0,22,75,28,0,28,102,30,0,33,126,38,0
3D6C,670,A,42,PRO,O,13,40,17,0,15,57,25,0,22,77,28,0,29,103,33,0,34,129,39,0
3D6C,671,A,42,PRO,H,7,27,14,0,13,46,18,0,19,67,23,0,27,94,30,0,30,122,36,0
3D6C,672,A,42,PRO,C,8,30,11,0,13,55,15,0,20,82,22,0,24,100,32,0,29,114,38,0
3D6C,673,A,42,PRO,C,10,38,11,0,16,59,16,0,18,81,23,0,25,107,34,0,33,131,40,0
3D6C,674,A,42,PRO,C,11,40,12,0,17,62,19,0,19,89,25,0,27,114,36,0,39,145,43,0
3D6C,675,A,42,PRO,H,8,28,11,0,11,49,16,0,17,73,22,0,23,89,26,0,28,108,34,0
3D6C,676,A,42,PRO,H,10,34,11,0,12,54,14,0,19,82,26,0,24,100,31,0,29,113,38,0
3D6C,677,A,42,PRO,H,9,39,10,0,14,52,16,0,20,73,22,0,25,105,30,0,30,132,40,0
3D6C,678,A,42,PRO,H,12,42,11,0,15,64,14,0,18,81,25,0,26,101,31,0,32,127,37,0
3D6C,679,A,42,PRO,H,10,39,12,0,17,64,20,0,23,89,26,0,32,118,34,0,40,150,45,0
3D6C,680,A,42,PRO,H,13,42,12,0,16,65,19,0,19,93,27,0,31,111,36,0,38,139,42,0
3D6C,681,A,43,GLU,N,9,29,13,0,14,49,21,0,19,66,21,0,28,88,27,0,33,115,34,0
3D6C,682,A,43,GLU,CA,9,39,13,0,14,48,20,0,20,65,21,0,28,84,28,0,33,105,32,0
3D6C,683,A,43,GLU,C,10,38,12,0,13,51,18,0,22,65,22,0,24,78,28,0,30,99,30,0
3D6C,684,A,43,GLU,O,10,35,11,0,12,49,15,0,20,60,21,0,24,78,27,0,25,97,32,0
3D6C,685,A,43,GLU,HN,9,30,12,0,14,43,19,0,16,57,21,0,28,86,25,0,32,112,31,0
3D6C,686,A,43,GLU,H,9,34,14,0,13,55,17,0,23,69,23,0,31,88,30,0,34,106,33,0
3D6C,687,A,43,GLU,C,9,31,10,0,14,47,15,0,16,58,22,0,23,76,23,0,30,93,26,0
3D6C,688,A,43,GLU,C,11,33,10,0,13,46,15,0,15,56,19,0,21,63,20,0,28,86,24,0
3D6C,689,A,43,GLU,C,8,28,8,0,13,42,14,0,17,55,19,0,25,73,21,0,28,90,26,0
3D6C,690,A,43,GLU,O,8,20,8,0,13,38,14,0,17,54,17,0,24,73,18,0,30,91,25,0
3D6C,691,A,43,GLU,O,6,22,8,0,14,39,11,0,17,57,19,0,25,76,22,0,30,93,27,0
3D6C,692,A,43,GLU,H,9,32,10,0,14,42,15,0,17,56,19,0,19,70,23,0,25,86,24,0
3D6C,693,A,43,GLU,H,8,29,9,0,12,42,14,0,18,57,21,0,24,74,23,0,29,92,25,0
3D6C,694,A,43,GLU,H,10,37,9,0,13,48,14,0,17,54,18,0,18,64,20,0,26,77,24,0
3D6C,695,A,43,GLU,H,12,34,10,0,12,43,13,0,13,51,16,0,17,58,19,0,24,72,22,0
3D6C,696,A,44,THR,N,9,37,13,0,13,49,18,0,21,65,23,0,25,81,27,0,31,98,34,0
3D6C,697,A,44,THR,CA,9,32,11,0,12,42,16,0,17,59,20,0,22,75,25,0,28,89,32,0
3D6C,698,A,44,THR,C,8,23,8,0,9,37,12,0,15,54,17,0,19,66,22,0,26,80,26,0
3D6C,699,A,44,THR,O,6,20,5,0,9,30,11,0,12,46,14,0,17,57,17,0,21,70,24,0
3D6C,700,A,44,THR,HN,8,31,12,0,13,50,17,0,21,67,22,0,29,85,29,0,32,99,35,0
3D6C,701,A,44,THR,H,9,34,10,0,12,43,13,0,17,58,22,0,21,72,23,0,25,87,29,0
3D6C,702,A,44,THR,C,9,31,9,0,13,41,15,0,19,58,21,0,22,76,27,0,25,92,34,0
3D6C,703,A,44,THR,OH,8,29,10,0,13,40,14,0,18,55,23,0,23,76,28,0,29,98,33,0
3D6C,704,A,44,THR,C,12,38,11,0,17,52,18,0,18,62,25,0,23,76,31,0,26,99,34,0
3D6C,705,A,44,THR,H,8,28,7,0,12,35,12,0,16,49,17,0,21,68,23,0,23,84,31,0
3D6C,706,A,44,THR,HO,7,30,9,0,12,36,13,0,18,52,20,0,18,77,26,0,30,95,32,0
3D6C,707,A,44,THR,H,12,34,9,0,15,52,17,0,18,63,23,0,23,75,29,0,25,107,34,0
3D6C,708,A,44,THR,H,11,43,12,0,18,56,21,0,19,64,27,0,23,89,33,0,31,114,37,0
3D6C,709,A,44,THR,H,13,33,10,0,15,55,14,0,18,62,25,0,20,75,28,0,24,91,32,0
3D6C,710,A,45,LYS,N,6,24,8,0,9,32,10,0,14,49,17,0,16,63,20,0,23,75,25,0
3D6C,711,A,45,LYS,CA,3,18,7,0,9,27,8,0,12,36,11,0,14,55,16,0,19,66,21,0
3D6C,712,A,45,LYS,C,8,22,7,0,10,30,8,0,11,38,10,0,11,47,15,0,16,58,19,0
3D6C,713,A,45,LYS,O,7,18,6,0,9,26,7,0,9,31,9,0,11,39,10,0,11,48,15,0
3D6C,714,A,45,LYS,HN,6,21,8,0,9,37,11,0,15,52,18,0,20,69,22,0,26,86,27,0
3D6C,715,A,45,LYS,H,3,17,6,0,6,26,8,0,11,34,10,0,13,47,14,0,15,59,18,0
3D6C,716,A,45,LYS,C,3,18,6,0,6,24,9,0,10,35,10,0,15,46,15,0,20,66,20,0
3D6C,717,A,45,LYS,C,3,18,6,0,4,24,9,0,8,33,12,0,17,48,15,0,23,71,20,0
3D6C,718,A,45,LYS,C,3,11,4,0,3,19,7,0,7,31,10,0,11,46,14,0,18,59,17,0
3D6C,719,A,45,LYS,C,3,11,4,0,6,18,6,0,6,27,11,0,12,50,16,0,19,64,18,0
3D6C,720,A,45,LYS,N,1,9,2,0,5,13,5,0,6,21,8,0,8,39,15,0,15,56,16,0
3D6C,721,A,45,LYS,H,3,12,5,0,5,21,7,0,7,29,9,0,12,39,11,0,17,53,17,0
3D6C,722,A,45,LYS,H,4,17,5,0,7,23,9,0,12,36,10,0,17,51,16,0,23,71,21,0
3D6C,723,A,45,LYS,H,3,14,6,0,4,24,6,0,9,31,14,0,14,46,15,0,23,68,19,0
3D6C,724,A,45,LYS,H,3,19,7,0,5,24,12,0,12,41,15,0,19,60,17,0,27,87,28,0
3D6C,725,A,45,LYS,H,2,10,4,0,4,20,8,0,5,30,11,0,13,47,13,0,19,60,19,0
3D6C,726,A,45,LYS,H,2,7,4,0,3,15,4,0,6,24,8,0,9,39,12,0,15,50,14,0
3D6C,727,A,45,LYS,H,3,14,5,0,6,19,8,0,6,30,9,0,12,43,14,0,18,68,18,0
3D6C,728,A,45,LYS,H,4,14,5,0,5,22,9,0,9,39,15,0,16,51,17,0,22,77,24,0
3D6C,729,A,45,LYS,HN,2,9,3,0,4,16,4,0,6,20,7,0,9,34,12,0,12,54,16,0
3D6C,730,A,45,LYS,HN,2,9,2,0,2,13,5,0,7,26,9,0,10,39,14,0,17,56,16,0
3D6C,731,A,45,LYS,HN,0,5,2,0,4,11,3,0,5,17,5,0,7,34,10,0,10,46,16,0
3D6C,732,A,46,HIS,N,7,25,7,0,9,32,9,0,10,42,12,0,12,48,17,0,15,58,21,0
3D6C,733,A,46,HIS,CA,6,26,6,0,7,30,9,0,10,34,10,0,12,45,13,0,13,48,16,0
3D6C,734,A,46,HIS,C,7,26,8,0,7,31,9,0,10,38,10,0,12,44,14,0,12,48,15,0
3D6C,735,A,46,HIS,O,7,28,9,0,9,36,10,0,10,43,12,0,11,46,15,0,13,50,16,0
3D6C,736,A,46,HIS,HN,7,26,8,0,10,35,11,0,11,44,15,0,14,53,20,0,20,67,22,0
3D6C,737,A,46,HIS,H,5,17,6,0,6,27,6,0,7,33,10,0,11,37,10,0,13,46,13,0
3D6C,738,A,46,HIS,C,6,25,5,0,8,30,9,0,10,35,11,0,12,44,13,0,14,54,19,0
3D6C,739,A,46,HIS,C,5,20,4,0,6,26,6,0,8,31,8,0,11,37,12,0,13,48,13,0
3D6C,740,A,46,HIS,N,5,19,5,0,6,24,6,0,8,29,7,0,10,33,11,0,12,40,12,0
3D6C,741,A,46,HIS,C,3,14,3,0,4,21,4,0,6,28,6,0,10,37,9,0,13,42,11,0
3D6C,742,A,46,HIS,C,4,12,4,0,5,19,5,0,6,24,6,0,7,30,7,0,9,36,11,0
3D6C,743,A,46,HIS,N,3,11,2,0,4,17,4,0,6,22,5,0,7,30,6,0,10,37,8,0
3D6C,744,A,46,HIS,H,7,29,8,0,9,31,10,0,11,37,13,0,12,46,16,0,16,56,20,0
3D6C,745,A,46,HIS,H,5,21,4,0,8,30,8,0,10,34,11,0,14,47,17,0,19,62,19,0
3D6C,746,A,46,HIS,HN,5,22,6,0,7,25,7,0,9,28,8,0,11,33,11,0,11,43,11,0
3D6C,747,A,46,HIS,H,2,9,3,0,4,16,3,0,6,29,4,0,10,38,8,0,12,44,10,0
3D6C,748,A,46,HIS,H,4,11,2,0,5,16,4,0,5,20,5,0,7,25,7,0,7,30,7,0
3D6C,749,A,46,HIS,HN,2,9,0,0,4,12,2,0,4,20,5,0,6,28,5,0,8,32,6,0
3D6C,750,A,47,PRO,N,7,21,7,0,9,27,8,0,9,34,9,0,12,40,9,0,14,45,13,0
3D6C,751,A,47,PRO,CA,8,18,5,0,8,26,8,0,9,34,9,0,11,40,10,0,13,44,12,0
3D6C,752,A,47,PRO,C,7,19,5,0,8,25,7,0,11,34,9,0,12,39,12,0,13,42,12,0
3D6C,753,A,47,PRO,O,6,17,5,0,7,21,5,0,9,32,10,0,11,39,12,0,13,42,12,0
3D6C,754,A,47,PRO,H,7,20,6,0,9,27,8,0,10,36,10,0,11,42,10,0,14,46,13,0
3D6C,755,A,47,PRO,C,6,15,3,0,8,18,5,0,8,24,8,0,9,32,8,0,11,38,10,0
3D6C,756,A,47,PRO,C,6,11,2,0,7,18,4,0,7,24,8,0,9,30,8,0,10,34,9,0
3D6C,757,A,47,PRO,C,7,14,2,0,7,23,7,0,9,27,8,0,10,35,9,0,13,39,9,0
3D6C,758,A,47,PRO,H,5,11,2,0,8,16,5,0,8,23,7,0,9,30,8,0,10,38,10,0
3D6C,759,A,47,PRO,H,6,13,3,0,6,16,5,0,8,20,5,0,8,26,8,0,11,34,9,0
3D6C,760,A,47,PRO,H,4,9,2,0,6,12,2,0,7,18,4,0,8,26,8,0,10,31,8,0
3D6C,761,A,47,PRO,H,6,12,3,0,6,18,3,0,8,23,7,0,9,26,8,0,10,34,8,0
3D6C,762,A,47,PRO,H,7,12,4,0,7,21,6,0,9,27,8,0,10,35,9,0,12,39,9,0
3D6C,763,A,47,PRO,H,7,14,3,0,7,22,7,0,8,29,8,0,10,32,9,0,13,37,9,0
3D6C,764,A,48,LYS,N,6,20,5,0,7,23,7,0,8,27,7,0,11,35,11,0,12,38,12,0
3D6C,765,A,48,LYS,CA,6,18,4,0,6,22,6,0,8,24,8,0,10,31,10,0,12,37,12,0
3D6C,766,A,48,LYS,C,5,19,4,0,8,25,6,0,9,30,10,0,12,36,12,0,12,39,12,0
3D6C,767,A,48,LYS,O,4,13,4,0,5,21,5,0,9,25,7,0,9,31,11,0,12,37,12,0
3D6C,768,A,48,LYS,HN,6,18,5,0,6,22,7,0,8,26,7,0,10,32,9,0,12,38,11,0
3D6C,769,A,48,LYS,H,5,15,3,0,6,18,4,0,7,21,5,0,8,27,8,0,11,34,11,0
3D6C,770,A,48,LYS,C,5,17,3,0,6,20,5,0,7,23,7,0,9,27,9,0,12,33,11,0
3D6C,771,A,48,LYS,C,5,15,2,0,5,17,3,0,7,19,5,0,7,25,8,0,8,27,9,0
3D6C,772,A,48,LYS,C,3,10,2,0,6,17,2,0,6,18,4,0,7,21,6,0,7,25,9,0
3D6C,773,A,48,LYS,C,2,2,0,0,3,9,0,0,5,14,2,0,6,17,4,0,7,22,5,0
3D6C,774,A,48,LYS,N,1,1,0,0,3,4,0,0,4,10,0,0,5,16,2,0,6,19,4,0
3D6C,775,A,48,LYS,H,6,19,4,0,7,23,7,0,7,26,8,0,11,30,10,0,12,36,11,0
3D6C,776,A,48,LYS,H,5,15,2,0,6,18,3,0,6,22,6,0,7,24,7,0,9,30,9,0
3D6C,777,A,48,LYS,H,3,8,2,0,5,16,3,0,5,18,3,0,7,20,6,0,8,25,8,0
3D6C,778,A,48,LYS,H,5,11,3,0,6,18,3,0,7,24,6,0,8,25,9,0,10,28,10,0
3D6C,779,A,48,LYS,H,4,11,1,0,6,16,3,0,7,20,4,0,7,24,9,0,7,28,9,0
3D6C,780,A,48,LYS,H,3,7,0,0,4,16,2,0,6,17,2,0,7,20,4,0,7,23,8,0
3D6C,781,A,48,LYS,H,2,1,0,0,3,4,0,0,3,10,2,0,6,17,3,0,6,18,5,0
3D6C,782,A,48,LYS,H,2,5,0,0,4,8,0,0,5,11,3,0,6,17,5,0,7,23,7,0
3D6C,783,A,48,LYS,HN,0,0,0,0,1,1,0,0,3,5,0,0,4,10,0,0,5,16,2,0
3D6C,784,A,48,LYS,HN,2,1,0,0,3,6,0,0,4,10,0,0,5,16,3,0,7,23,5,0
3D6C,785,A,48,LYS,HN,2,1,0,0,3,3,0,0,3,9,0,0,5,15,2,0,6,18,3,0
3D6C,786,A,49,LYS,N,7,24,6,0,10,30,10,0,12,36,12,0,12,39,12,0,13,45,15,0
3D6C,787,A,49,LYS,CA,7,25,8,0,9,31,11,0,12,38,13,0,13,43,14,0,14,49,18,0
3D6C,788,A,49,LYS,C,7,24,8,0,10,35,12,0,11,41,13,0,13,45,14,0,15,52,16,0
3D6C,789,A,49,LYS,O,4,20,8,0,9,28,10,0,11,38,13,0,12,48,15,0,16,55,16,0
3D6C,790,A,49,LYS,HN,7,26,8,0,12,33,10,0,12,37,12,0,12,43,13,0,13,46,16,0
3D6C,791,A,49,LYS,H,6,16,6,0,8,27,9,0,11,33,10,0,13,41,13,0,14,44,16,0
3D6C,792,A,49,LYS,C,9,24,9,0,10,35,10,0,13,40,16,0,14,47,17,0,15,56,19,0
3D6C,793,A,49,LYS,C,4,20,8,0,11,27,10,0,12,38,14,0,14,44,17,0,14,54,18,0
3D6C,794,A,49,LYS,C,4,18,9,0,8,28,13,0,13,38,13,0,16,51,19,0,19,66,22,0
3D6C,795,A,49,LYS,C,1,11,5,0,4,20,10,0,9,33,13,0,15,46,14,0,19,57,19,0
3D6C,796,A,49,LYS,N,1,11,6,0,2,19,7,0,9,35,13,0,15,47,16,0,24,63,21,0
3D6C,797,A,49,LYS,H,7,24,10,0,11,32,12,0,12,45,16,0,15,52,18,0,18,59,20,0
3D6C,798,A,49,LYS,H,10,31,9,0,11,38,13,0,14,44,16,0,14,50,18,0,15,60,20,0
3D6C,799,A,49,LYS,H,5,22,7,0,8,25,9,0,12,32,11,0,12,40,15,0,14,48,17,0
3D6C,800,A,49,LYS,H,3,16,7,0,8,24,9,0,11,31,11,0,14,39,16,0,15,50,18,0
3D6C,801,A,49,LYS,H,4,17,12,0,9,30,12,0,13,44,16,0,18,57,22,0,21,73,24,0
3D6C,802,A,49,LYS,H,5,20,9,0,10,29,13,0,13,41,14,0,15,53,21,0,21,66,22,0
3D6C,803,A,49,LYS,H,1,10,5,0,5,17,7,0,7,29,11,0,12,36,13,0,16,53,15,0
3D6C,804,A,49,LYS,H,1,6,5,0,2,18,8,0,7,29,12,0,15,42,15,0,18,53,19,0
3D6C,805,A,49,LYS,HN,0,8,5,0,1,18,6,0,5,30,10,0,13,47,16,0,21,59,21,0
3D6C,806,A,49,LYS,HN,2,14,6,0,4,21,10,0,10,37,15,0,18,53,18,0,26,76,26,0
3D6C,807,A,49,LYS,HN,1,11,6,0,3,19,8,0,11,36,15,0,19,47,16,0,22,71,19,0
3D6C,808,A,50,GLY,N,9,34,10,0,10,40,12,0,13,44,13,0,13,50,14,0,16,57,16,0
3D6C,809,A,50,GLY,CA,8,29,8,0,10,37,13,0,11,43,13,0,13,53,14,0,17,59,15,0
3D6C,810,A,50,GLY,C,10,33,12,0,10,38,14,0,13,50,14,0,16,60,16,0,18,66,19,0
3D6C,811,A,50,GLY,O,9,34,14,0,11,46,14,0,15,54,15,0,18,64,18,0,18,69,22,0
3D6C,812,A,50,GLY,HN,9,34,10,0,11,41,12,0,12,45,13,0,14,50,14,0,14,54,15,0
3D6C,813,A,50,GLY,H,8,28,8,0,9,36,9,0,11,42,13,0,12,48,14,0,16,56,14,0
3D6C,814,A,50,GLY,H,5,20,6,0,9,33,11,0,11,38,13,0,11,49,14,0,16,57,15,0
3D6C,815,A,51,VAL,N,8,22,7,0,11,33,13,0,13,44,15,0,15,55,16,0,18,64,19,0
3D6C,816,A,51,VAL,CA,8,24,8,0,11,37,14,0,14,48,18,0,16,58,19,0,20,69,22,0
3D6C,817,A,51,VAL,C,8,28,9,0,10,36,12,0,12,46,16,0,15,56,20,0,19,74,21,0
3D6C,818,A,51,VAL,O,8,19,5,0,8,33,10,0,11,40,14,0,14,53,17,0,17,66,21,0
3D6C,819,A,51,VAL,HN,5,15,7,0,10,27,9,0,12,40,13,0,14,51,16,0,16,59,18,0
3D6C,820,A,51,VAL,H,9,30,9,0,12,40,15,0,15,51,18,0,18,63,21,0,21,80,24,0
3D6C,821,A,51,VAL,C,7,19,5,0,9,26,8,0,13,42,15,0,16,54,19,0,18,66,21,0
3D6C,822,A,51,VAL,C,7,20,6,0,10,31,12,0,11,41,15,0,15,57,19,0,20,73,21,0
3D6C,823,A,51,VAL,C,5,13,4,0,9,27,8,0,13,38,11,0,15,50,17,0,18,59,20,0
3D6C,824,A,51,VAL,H,4,14,5,0,8,22,5,0,9,35,13,0,13,48,17,0,17,61,20,0
3D6C,825,A,51,VAL,H,6,16,6,0,8,24,9,0,10,35,12,0,15,51,16,0,20,65,20,0
3D6C,826,A,51,VAL,H,9,25,7,0,10,34,13,0,15,51,16,0,19,63,20,0,20,78,26,0
3D6C,827,A,51,VAL,H,6,25,8,0,10,33,12,0,12,43,14,0,15,59,17,0,20,73,21,0
3D6C,828,A,51,VAL,H,4,10,4,0,5,17,5,0,11,31,10,0,14,46,14,0,15,54,18,0
3D6C,829,A,51,VAL,H,4,12,6,0,6,26,8,0,13,37,9,0,14,46,14,0,16,55,19,0
3D6C,830,A,51,VAL,H,6,19,7,0,11,32,10,0,12,43,13,0,15,52,18,0,20,64,23,0
3D6C,831,A,52,GLU,N,8,31,7,0,11,38,12,0,13,50,16,0,17,62,18,0,22,82,24,0
3D6C,832,A,52,GLU,CA,9,30,6,0,9,41,10,0,12,47,14,0,17,61,17,0,21,82,24,0
3D6C,833,A,52,GLU,C,8,30,9,0,10,42,9,0,12,57,12,0,18,65,18,0,21,84,26,0
3D6C,834,A,52,GLU,O,9,34,8,0,10,47,11,0,14,59,15,0,17,72,19,0,24,94,26,0
3D6C,835,A,52,GLU,HN,10,34,9,0,12,41,13,0,14,52,17,0,20,66,21,0,22,88,26,0
3D6C,836,A,52,GLU,H,6,24,6,0,10,35,6,0,10,45,13,0,15,54,16,0,19,71,22,0
3D6C,837,A,52,GLU,C,8,29,7,0,11,39,11,0,14,50,17,0,17,68,20,0,25,93,27,0
3D6C,838,A,52,GLU,C,9,25,7,0,10,32,11,0,14,45,16,0,18,63,18,0,18,78,24,0
3D6C,839,A,52,GLU,C,8,21,9,0,9,29,13,0,14,45,15,0,18,65,21,0,21,83,23,0
3D6C,840,A,52,GLU,O,6,23,10,0,10,33,13,0,14,50,19,0,20,71,22,0,26,99,27,0
3D6C,841,A,52,GLU,O,6,16,5,0,9,25,11,0,11,34,14,0,16,58,15,0,21,74,21,0
3D6C,842,A,52,GLU,H,6,25,7,0,11,40,8,0,13,55,16,0,18,69,20,0,22,89,26,0
3D6C,843,A,52,GLU,H,9,34,9,0,11,43,11,0,15,51,18,0,19,76,23,0,28,103,29,0
3D6C,844,A,52,GLU,H,8,24,9,0,12,37,13,0,16,49,15,0,18,58,19,0,19,79,24,0
3D6C,845,A,52,GLU,H,6,21,5,0,10,28,10,0,11,39,13,0,16,57,17,0,18,70,20,0
3D6C,846,A,53,LYS,N,6,27,8,0,7,35,11,0,10,51,14,0,13,65,17,0,19,76,24,0
3D6C,847,A,53,LYS,CA,4,26,5,0,8,36,10,0,10,50,14,0,14,63,19,0,19,76,24,0
3D6C,848,A,53,LYS,C,6,31,8,0,9,47,14,0,12,63,18,0,19,70,22,0,22,89,24,0
3D6C,849,A,53,LYS,O,7,29,7,0,10,49,15,0,15,64,17,0,20,77,22,0,25,105,27,0
3D6C,850,A,53,LYS,HN,4,21,6,0,7,32,10,0,9,45,13,0,12,57,15,0,17,72,22,0
3D6C,851,A,53,LYS,H,4,25,6,0,7,36,8,0,11,47,13,0,12,59,18,0,15,73,23,0
3D6C,852,A,53,LYS,C,3,16,3,0,5,27,7,0,9,40,10,0,13,52,18,0,17,76,22,0
3D6C,853,A,53,LYS,C,2,13,5,0,4,25,7,0,7,41,10,0,12,53,16,0,17,70,22,0
3D6C,854,A,53,LYS,C,1,9,5,0,3,18,7,0,7,33,10,0,9,44,12,0,14,59,18,0
3D6C,855,A,53,LYS,C,1,12,4,0,4,21,6,0,7,31,9,0,8,40,15,0,12,54,17,0
3D6C,856,A,53,LYS,N,1,8,3,0,1,15,5,0,4,25,9,0,7,32,11,0,12,46,16,0
3D6C,857,A,53,LYS,H,3,18,3,0,4,28,8,0,10,39,10,0,13,53,19,0,19,81,21,0
3D6C,858,A,53,LYS,H,3,13,2,0,3,22,3,0,6,33,11,0,11,47,16,0,15,63,18,0
3D6C,859,A,53,LYS,H,2,13,4,0,4,25,6,0,6,38,10,0,10,50,13,0,15,64,23,0
3D6C,860,A,53,LYS,H,3,20,6,0,6,31,8,0,10,43,11,0,15,63,18,0,19,79,24,0
3D6C,861,A,53,LYS,H,2,12,3,0,4,22,5,0,7,34,11,0,9,47,14,0,14,62,18,0
3D6C,862,A,53,LYS,H,1,7,1,0,1,11,6,0,4,22,8,0,7,40,11,0,12,51,14,0
3D6C,863,A,53,LYS,H,2,16,4,0,6,28,8,0,8,34,14,0,9,47,15,0,17,67,17,0
3D6C,864,A,53,LYS,H,2,14,4,0,5,19,5,0,6,27,7,0,8,35,15,0,11,49,19,0
3D6C,865,A,53,LYS,HN,1,8,3,0,1,16,7,0,6,23,8,0,8,32,12,0,11,44,18,0
3D6C,866,A,53,LYS,HN,0,6,2,0,1,9,3,0,2,19,6,0,6,26,11,0,9,39,12,0
3D6C,867,A,53,LYS,HN,1,10,4,0,1,14,6,0,3,24,10,0,10,37,11,0,11,51,14,0
3D6C,868,A,54,TYR,N,8,32,7,0,10,46,13,0,15,60,17,0,19,68,21,0,24,86,25,0
3D6C,869,A,54,TYR,CA,8,40,11,0,13,51,14,0,17,64,18,0,23,79,22,0,26,101,27,0
3D6C,870,A,54,TYR,C,9,40,10,0,14,55,16,0,19,70,18,0,23,87,26,0,28,107,36,0
3D6C,871,A,54,TYR,O,10,38,11,0,17,56,14,0,19,79,22,0,24,99,30,0,33,120,37,0
3D6C,872,A,54,TYR,HN,7,28,6,0,9,40,10,0,12,56,15,0,17,65,20,0,23,77,25,0
3D6C,873,A,54,TYR,H,6,34,10,0,12,47,13,0,16,58,16,0,20,77,20,0,25,94,26,0
3D6C,874,A,54,TYR,C,10,39,9,0,15,52,15,0,18,62,22,0,24,88,24,0,31,118,28,0
3D6C,875,A,54,TYR,C,10,33,10,0,13,42,13,0,17,59,15,0,22,84,26,0,27,108,30,0
3D6C,876,A,54,TYR,C,9,29,7,0,11,40,12,0,16,54,15,0,20,72,21,0,26,97,28,0
3D6C,877,A,54,TYR,C,7,27,8,0,12,40,10,0,19,55,14,0,22,80,23,0,24,100,30,0
3D6C,878,A,54,TYR,C,6,23,8,0,10,32,10,0,14,52,14,0,18,66,19,0,22,80,25,0
3D6C,879,A,54,TYR,C,7,22,7,0,9,36,11,0,15,54,16,0,20,69,17,0,22,87,25,0
3D6C,880,A,54,TYR,C,6,22,8,0,8,31,11,0,13,51,15,0,17,66,17,0,22,77,22,0
3D6C,881,A,54,TYR,OH,6,20,8,0,8,30,13,0,10,42,14,0,14,51,15,0,19,72,21,0
3D6C,882,A,54,TYR,H,10,39,10,0,14,55,17,0,22,67,21,0,27,101,24,0,33,124,31,0
3D6C,883,A,54,TYR,H,9,42,10,0,15,53,16,0,21,71,24,0,23,93,24,0,31,118,33,0
3D6C,884,A,54,TYR,H,9,32,7,0,10,44,13,0,15,53,15,0,21,76,18,0,25,100,25,0
3D6C,885,A,54,TYR,H,6,23,7,0,11,41,10,0,17,64,15,0,21,80,26,0,24,96,29,0
3D6C,886,A,54,TYR,H,4,19,7,0,9,31,10,0,14,45,13,0,16,65,19,0,21,77,22,0
3D6C,887,A,54,TYR,H,6,21,6,0,9,32,13,0,13,48,14,0,18,66,16,0,21,84,22,0
3D6C,888,A,54,TYR,HO,6,22,9,0,8,29,11,0,9,42,13,0,13,51,18,0,19,69,21,0
3D6C,889,A,55,GLY,N,10,46,12,0,12,61,14,0,17,73,20,0,22,90,27,0,28,115,37,0
3D6C,890,A,55,GLY,CA,11,45,14,0,14,63,16,0,18,76,25,0,21,94,32,0,29,119,35,0
3D6C,891,A,55,GLY,C,12,40,10,0,13,56,15,0,18,75,23,0,22,91,29,0,27,114,34,0
3D6C,892,A,55,GLY,O,10,42,10,0,16,60,18,0,20,74,24,0,24,101,29,0,28,123,37,0
3D6C,893,A,55,GLY,HN,10,43,10,0,11,56,14,0,15,70,18,0,20,86,23,0,25,103,33,0
3D6C,894,A,55,GLY,H,12,44,12,0,15,65,19,0,20,81,29,0,23,103,31,0,32,130,36,0
3D6C,895,A,55,GLY,H,11,45,12,0,13,57,17,0,16,71,23,0,22,92,31,0,30,114,35,0
3D6C,896,A,56,PRO,N,9,34,11,0,12,45,13,0,15,61,16,0,19,81,25,0,25,93,29,0
3D6C,897,A,56,PRO,CA,6,21,9,0,10,38,12,0,13,52,15,0,19,73,21,0,20,94,26,0
3D6C,898,A,56,PRO,C,7,22,7,0,9,33,10,0,13,56,14,0,18,81,20,0,25,96,27,0
3D6C,899,A,56,PRO,O,7,21,8,0,10,31,9,0,13,54,15,0,17,77,21,0,26,101,26,0
3D6C,900,A,56,PRO,H,7,21,10,0,10,36,12,0,16,53,16,0,20,72,23,0,22,92,27,0
3D6C,901,A,56,PRO,C,6,18,6,0,6,29,9,0,12,42,13,0,16,58,15,0,19,79,19,0
3D6C,902,A,56,PRO,C,7,21,7,0,10,32,11,0,12,44,12,0,16,60,14,0,19,77,23,0
3D6C,903,A,56,PRO,C,8,30,9,0,12,42,12,0,14,53,14,0,17,73,18,0,20,87,27,0
3D6C,904,A,56,PRO,H,5,15,5,0,6,22,6,0,9,32,12,0,14,49,15,0,19,66,17,0
3D6C,905,A,56,PRO,H,6,16,6,0,7,29,8,0,10,42,12,0,15,56,15,0,19,72,18,0
3D6C,906,A,56,PRO,H,6,18,8,0,11,28,10,0,14,45,12,0,15,59,16,0,19,71,24,0
3D6C,907,A,56,PRO,H,5,19,7,0,9,27,9,0,10,39,12,0,15,53,12,0,18,65,17,0
3D6C,908,A,56,PRO,H,10,33,11,0,12,43,12,0,14,54,16,0,17,75,20,0,22,85,28,0
3D6C,909,A,56,PRO,H,7,34,9,0,12,43,10,0,13,53,13,0,16,71,18,0,21,85,23,0
3D6C,910,A,57,GLU,N,7,27,6,0,8,39,11,0,12,59,12,0,18,78,17,0,25,101,24,0
3D6C,911,A,57,GLU,CA,7,28,7,0,9,40,10,0,12,57,13,0,17,80,17,0,27,108,23,0
3D6C,912,A,57,GLU,C,8,34,7,0,12,47,10,0,15,72,17,0,23,93,21,0,30,116,28,0
3D6C,913,A,57,GLU,O,7,32,7,0,12,47,9,0,15,67,16,0,20,92,21,0,28,107,27,1
3D6C,914,A,57,GLU,HN,6,28,6,0,8,42,10,0,14,58,13,0,19,79,15,0,25,93,24,0
3D6C,915,A,57,GLU,H,6,25,6,0,8,32,7,0,11,46,11,0,14,71,14,0,21,98,20,0
3D6C,916,A,57,GLU,C,8,30,5,0,9,42,9,0,14,56,13,0,19,79,17,0,23,104,22,0
3D6C,917,A,57,GLU,C,5,26,4,0,8,32,7,0,13,49,10,0,15,61,14,0,20,83,19,0
3D6C,918,A,57,GLU,C,4,21,6,0,8,33,6,0,10,47,8,0,15,61,14,0,19,74,17,0
3D6C,919,A,57,GLU,O,6,25,6,0,8,40,7,0,13,55,12,0,17,67,14,0,21,82,20,0
3D6C,920,A,57,GLU,O,4,16,2,0,5,25,6,0,9,35,6,0,11,49,9,0,15,61,15,0
3D6C,921,A,57,GLU,H,8,31,5,0,9,45,10,0,15,60,14,0,19,82,18,0,23,101,20,0
3D6C,922,A,57,GLU,H,8,33,9,0,12,49,11,0,16,70,14,0,21,89,20,0,27,105,26,0
3D6C,923,A,57,GLU,H,5,18,4,0,8,30,4,0,9,40,8,0,15,56,13,0,16,71,16,0
3D6C,924,A,57,GLU,H,5,23,3,0,9,34,7,0,13,47,11,0,14,65,13,0,20,81,19,0
3D6C,925,A,58,ALA,N,11,42,10,0,13,62,17,0,17,81,21,0,26,106,26,0,32,125,36,0
3D6C,926,A,58,ALA,CA,12,47,12,0,15,68,16,0,21,86,25,0,30,108,32,0,34,141,40,1
3D6C,927,A,58,ALA,C,10,43,11,0,15,62,14,0,21,84,21,0,25,109,34,1,34,141,39,1
3D6C,928,A,58,ALA,O,9,42,11,0,15,61,13,0,20,88,22,1,26,116,32,1,37,142,41,1
3D6C,929,A,58,ALA,HN,10,43,11,0,13,62,16,0,21,84,21,0,23,105,27,0,31,123,37,0
3D6C,930,A,58,ALA,H,10,47,11,0,17,66,16,0,22,88,24,0,27,106,31,1,36,143,41,1
3D6C,931,A,58,ALA,C,14,50,11,0,15,71,19,0,23,92,28,0,29,115,35,0,39,157,44,0
3D6C,932,A,58,ALA,H,13,52,14,0,19,70,19,0,24,92,30,0,30,127,39,0,41,161,45,1
3D6C,933,A,58,ALA,H,14,43,12,0,16,72,19,0,22,86,26,0,29,114,35,0,35,147,45,0
3D6C,934,A,58,ALA,H,12,48,13,0,17,70,20,0,23,98,27,0,30,122,36,0,36,149,46,0
3D6C,935,A,59,SER,N,11,41,12,0,12,60,15,0,21,76,23,0,23,101,29,0,32,134,36,0
3D6C,936,A,59,SER,CA,10,38,11,0,13,53,17,0,17,77,21,0,25,100,28,0,29,128,35,0
3D6C,937,A,59,SER,C,10,33,10,0,13,48,14,0,17,69,20,0,22,96,24,0,29,121,33,1
3D6C,938,A,59,SER,O,10,35,12,0,15,45,16,0,18,71,18,0,21,97,25,1,26,123,31,1
3D6C,939,A,59,SER,HN,11,40,11,0,15,60,18,0,18,76,22,0,25,102,28,0,28,132,38,0
3D6C,940,A,59,SER,H,11,37,14,0,14,57,18,0,20,83,23,0,25,111,27,0,31,137,36,1
3D6C,941,A,59,SER,C,10,31,12,0,14,47,15,0,19,69,21,0,24,92,27,0,26,118,32,0
3D6C,942,A,59,SER,OH,11,32,11,0,18,53,18,0,19,75,24,0,24,99,28,0,29,123,38,0
3D6C,943,A,59,SER,H,11,34,9,0,14,46,15,0,19,61,20,0,22,89,28,0,27,113,31,0
3D6C,944,A,59,SER,H,10,26,9,0,13,45,13,0,19,64,21,0,23,89,26,0,26,110,32,0
3D6C,945,A,59,SER,HO,11,32,12,0,17,48,19,0,20,79,22,0,24,94,30,0,28,113,35,0
3D6C,946,A,60,ALA,N,9,30,8,0,11,46,13,0,15,62,15,0,17,80,22,0,26,106,27,1
3D6C,947,A,60,ALA,CA,7,28,8,0,11,39,9,0,12,60,17,0,19,72,18,0,21,92,24,1
3D6C,948,A,60,ALA,C,8,30,7,0,10,43,10,0,14,60,13,0,20,81,21,1,25,99,28,1
3D6C,949,A,60,ALA,O,7,31,8,0,12,44,9,0,15,58,15,1,19,74,20,1,23,95,26,1
3D6C,950,A,60,ALA,HN,9,33,8,0,10,46,12,0,13,61,16,0,18,79,19,0,27,105,30,0
3D6C,951,A,60,ALA,H,8,25,7,0,11,39,11,0,14,54,15,0,19,70,19,0,22,90,23,1
3D6C,952,A,60,ALA,C,7,25,6,0,8,36,8,0,12,48,12,0,14,59,17,0,21,79,22,0
3D6C,953,A,60,ALA,H,7,22,5,0,9,33,7,0,11,39,12,0,13,55,15,0,17,69,20,0
3D6C,954,A,60,ALA,H,8,23,8,0,8,38,9,0,12,50,11,0,15,65,16,0,20,81,22,0
3D6C,955,A,60,ALA,H,8,20,5,0,8,32,9,0,11,43,11,0,14,54,15,0,16,70,21,0
3D6C,956,A,61,PHE,N,8,31,7,0,9,43,12,0,12,61,15,1,22,81,23,1,30,108,31,1
3D6C,957,A,61,PHE,CA,7,31,7,0,10,46,10,1,13,63,18,1,21,81,22,1,31,108,31,1
3D6C,958,A,61,PHE,C,8,32,8,1,11,52,12,1,14,69,15,1,24,87,24,1,33,119,32,1
3D6C,959,A,61,PHE,O,7,33,8,1,11,46,10,1,15,69,17,1,22,85,22,1,30,112,32,1
3D6C,960,A,61,PHE,HN,7,32,8,0,10,46,12,0,13,63,16,0,21,81,22,1,30,112,30,1
3D6C,961,A,61,PHE,H,8,26,7,0,10,40,9,1,13,54,13,1,18,77,21,1,27,95,26,1
3D6C,962,A,61,PHE,C,9,34,7,0,12,52,15,1,19,68,19,1,24,90,24,1,33,116,31,1
3D6C,963,A,61,PHE,C,9,35,9,1,14,51,12,1,20,66,18,1,25,86,26,1,30,114,29,1
3D6C,964,A,61,PHE,C,6,27,7,1,13,43,10,1,19,58,17,1,22,77,24,1,28,105,29,1
3D6C,965,A,61,PHE,C,8,35,9,1,17,54,15,1,23,73,20,1,25,97,27,1,30,130,32,1
3D6C,966,A,61,PHE,C,4,20,5,1,10,36,9,1,18,59,15,1,23,77,21,1,28,102,27,1
3D6C,967,A,61,PHE,C,7,29,8,1,17,51,14,1,21,75,20,1,24,96,26,1,31,127,31,2
3D6C,968,A,61,PHE,C,6,27,6,1,11,42,13,1,19,61,18,1,24,89,21,1,29,109,29,1
3D6C,969,A,61,PHE,H,10,37,10,0,13,54,16,1,21,77,20,1,27,103,26,1,34,130,37,1
3D6C,970,A,61,PHE,H,8,29,6,0,12,49,15,0,18,67,21,1,23,86,22,1,30,109,30,1
3D6C,971,A,61,PHE,H,4,23,6,0,13,41,7,1,16,54,14,1,20,71,21,1,26,90,28,1
3D6C,972,A,61,PHE,H,10,39,10,1,18,57,14,1,22,77,21,1,27,103,30,1,36,136,38,1
3D6C,973,A,61,PHE,H,4,15,4,1,9,29,8,1,14,51,11,1,20,69,19,1,28,91,27,1
3D6C,974,A,61,PHE,H,9,34,9,1,15,51,13,1,20,79,22,1,25,106,27,2,34,129,31,2
3D6C,975,A,61,PHE,H,7,25,7,1,13,37,9,1,16,63,15,1,23,85,21,1,29,106,30,2
3D6C,976,A,62,THR,N,9,43,9,1,11,60,13,1,15,81,19,1,28,105,29,1,35,136,39,1
3D6C,977,A,62,THR,CA,9,43,11,1,13,63,12,1,19,87,19,1,25,116,32,1,37,146,40,1
3D6C,978,A,62,THR,C,9,43,9,1,14,61,15,1,18,85,20,1,25,109,24,1,30,136,39,1
3D6C,979,A,62,THR,O,8,40,10,1,12,63,14,1,21,87,19,1,27,112,30,1,33,138,37,1
3D6C,980,A,62,THR,HN,9,42,10,0,13,59,14,1,18,83,20,1,28,107,30,1,37,139,40,1
3D6C,981,A,62,THR,H,8,44,10,1,14,62,11,1,20,88,17,1,27,124,32,1,38,149,40,1
3D6C,982,A,62,THR,C,11,48,10,1,16,71,14,1,19,93,22,1,27,121,36,1,39,152,42,1
3D6C,983,A,62,THR,OH,11,47,8,1,15,73,16,1,22,100,25,1,30,124,32,1,45,162,47,1
3D6C,984,A,62,THR,C,13,46,11,1,16,71,14,1,21,95,26,1,31,131,33,1,42,163,43,1
3D6C,985,A,62,THR,H,13,43,10,0,15,67,17,1,19,88,25,1,27,118,31,1,36,151,37,1
3D6C,986,A,62,THR,HO,10,39,13,0,17,69,15,1,23,101,27,1,35,132,37,1,45,165,49,1
3D6C,987,A,62,THR,H,9,43,8,0,16,70,19,1,23,94,23,1,31,130,37,1,44,168,46,1
3D6C,988,A,62,THR,H,10,46,9,1,18,66,14,1,24,98,23,1,29,133,35,1,42,167,44,2
3D6C,989,A,62,THR,H,15,46,11,0,16,73,18,1,21,94,25,1,27,124,30,1,38,157,40,1
3D6C,990,A,63,LYS,N,10,41,12,0,14,57,16,1,17,72,22,1,22,97,23,1,27,122,31,1
3D6C,991,A,63,LYS,CA,9,35,11,0,13,49,16,0,15,65,20,1,21,87,23,1,24,109,27,1
3D6C,992,A,63,LYS,C,10,35,11,0,11,45,14,0,14,61,17,1,18,79,22,1,24,99,25,1
3D6C,993,A,63,LYS,O,10,36,11,0,11,42,12,0,13,56,17,1,18,76,21,1,24,95,26,1
3D6C,994,A,63,LYS,HN,10,40,12,0,14,54,17,0,17,72,21,1,21,96,24,1,27,124,29,1
3D6C,995,A,63,LYS,H,10,35,13,0,13,51,18,0,19,66,20,1,22,97,23,1,25,120,30,1
3D6C,996,A,63,LYS,C,10,27,10,0,12,43,14,0,15,58,20,0,20,77,23,1,26,99,24,1
3D6C,997,A,63,LYS,C,9,22,8,0,10,38,14,0,15,52,17,0,16,68,21,0,25,83,24,0
3D6C,998,A,63,LYS,C,3,15,6,0,8,26,9,0,12,41,15,0,16,57,19,0,20,73,22,0
3D6C,999,A,63,LYS,C,2,7,5,0,4,17,6,0,9,33,10,0,15,46,16,0,18,58,20,0
3D6C,1000,A,63,LYS,N,2,8,3,0,4,18,6,0,8,30,12,0,14,42,15,0,17,59,21,0
3D6C,1001,A,63,LYS,H,8,27,11,0,12,39,13,0,16,54,19,0,19,75,21,1,23,92,23,1
3D6C,1002,A,63,LYS,H,11,29,11,0,12,45,16,0,14,65,20,0,24,83,23,0,25,104,27,1
3D6C,1003,A,63,LYS,H,8,28,8,0,12,42,14,0,14,54,18,0,20,69,22,0,26,90,25,0
3D6C,1004,A,63,LYS,H,9,24,10,0,11,38,11,0,12,48,15,0,17,60,20,0,20,79,23,1
3D6C,1005,A,63,LYS,H,3,15,5,0,8,23,9,0,11,37,14,0,17,56,17,0,21,73,22,0
3D6C,1006,A,63,LYS,H,4,16,6,0,8,27,9,0,13,38,13,0,16,60,19,0,23,76,23,0
3D6C,1007,A,63,LYS,H,1,8,4,0,4,17,9,0,10,28,10,0,12,45,15,0,17,57,19,0
3D6C,1008,A,63,LYS,H,1,5,4,0,3,12,5,0,7,22,8,0,11,34,13,0,17,51,18,0
3D6C,1009,A,63,LYS,HN,1,5,3,0,3,15,3,0,6,22,9,0,11,35,13,0,15,52,16,0
3D6C,1010,A,63,LYS,HN,1,12,3,0,6,16,7,0,8,27,10,0,13,45,14,0,19,63,20,0
3D6C,1011,A,63,LYS,HN,3,13,3,0,5,23,10,0,10,34,13,0,15,52,16,0,19,63,21,0
3D6C,1012,A,64,LYS,N,10,36,9,0,10,43,13,1,13,54,17,1,17,71,18,1,19,85,24,1
3D6C,1013,A,64,LYS,CA,8,31,10,0,11,39,12,1,11,50,14,1,13,62,18,1,17,77,21,1
3D6C,1014,A,64,LYS,C,9,27,10,1,9,43,12,1,11,53,14,1,14,65,17,1,17,83,25,1
3D6C,1015,A,64,LYS,O,8,27,10,1,9,33,12,1,11,51,15,1,14,62,16,1,17,79,21,1
3D6C,1016,A,64,LYS,HN,9,36,11,0,11,45,13,1,14,56,17,1,18,72,19,1,20,91,24,1
3D6C,1017,A,64,LYS,H,9,28,11,0,11,36,12,0,11,42,13,1,13,56,16,1,15,68,19,1
3D6C,1018,A,64,LYS,C,9,25,8,0,9,37,11,1,11,44,14,1,13,56,15,1,15,71,19,1
3D6C,1019,A,64,LYS,C,7,16,6,0,8,30,8,0,10,39,12,1,11,46,14,1,14,60,16,1
3D6C,1020,A,64,LYS,C,3,14,4,0,7,22,6,0,9,30,8,1,11,42,13,1,14,58,16,1
3D6C,1021,A,64,LYS,C,2,5,3,0,3,12,3,0,7,22,6,0,10,31,10,1,11,42,13,1
3D6C,1022,A,64,LYS,N,1,2,1,0,2,3,3,0,4,15,4,0,7,25,8,0,11,34,12,1
3D6C,1023,A,64,LYS,H,8,26,7,0,9,38,10,1,13,50,13,1,13,64,16,1,18,83,21,1
3D6C,1024,A,64,LYS,H,7,23,7,0,10,34,10,0,11,44,13,1,14,51,15,1,16,68,18,1
3D6C,1025,A,64,LYS,H,4,13,4,0,8,24,9,0,10,34,11,0,11,42,13,1,11,51,15,1
3D6C,1026,A,64,LYS,H,8,16,6,0,9,30,8,1,10,42,11,1,10,47,15,1,14,63,18,1
3D6C,1027,A,64,LYS,H,5,15,3,0,7,23,7,1,10,32,10,1,12,52,14,1,16,68,16,1
3D6C,1028,A,64,LYS,H,3,10,3,0,6,18,5,0,8,29,9,0,9,43,13,1,15,54,16,1
3D6C,1029,A,64,LYS,H,2,5,3,0,3,16,4,0,7,22,8,1,10,33,10,1,11,47,14,1
3D6C,1030,A,64,LYS,H,2,3,2,0,3,12,2,0,5,20,5,0,9,27,8,1,10,42,11,1
3D6C,1031,A,64,LYS,HN,1,1,0,0,2,2,1,0,2,6,3,0,4,18,6,0,10,28,9,1
3D6C,1032,A,64,LYS,HN,1,1,0,0,2,2,2,0,3,11,3,0,6,18,4,0,10,32,12,0
3D6C,1033,A,64,LYS,HN,2,2,1,0,2,5,3,0,4,14,7,0,9,25,9,0,10,36,12,1
3D6C,1034,A,65,MET,N,9,38,7,0,11,50,12,0,12,60,14,0,19,78,22,0,26,106,30,0
3D6C,1035,A,65,MET,CA,8,38,8,0,11,49,11,0,14,65,19,0,21,90,25,0,27,116,29,0
3D6C,1036,A,65,MET,C,9,35,10,0,11,50,16,0,15,72,21,0,22,97,24,0,29,120,30,0
3D6C,1037,A,65,MET,O,10,32,12,0,12,48,15,0,17,74,19,0,22,92,24,0,28,117,29,0
3D6C,1038,A,65,MET,HN,8,40,9,0,11,51,11,0,13,65,17,0,19,85,24,0,26,111,30,0
3D6C,1039,A,65,MET,H,8,32,9,0,12,48,12,0,14,61,15,0,18,80,25,0,26,106,28,0
3D6C,1040,A,65,MET,C,9,35,8,0,12,56,13,0,18,77,19,0,23,107,28,0,33,127,34,0
3D6C,1041,A,65,MET,C,9,34,9,0,16,57,12,0,19,80,18,0,25,101,29,0,29,130,34,1
3D6C,1042,A,65,MET,S,8,36,9,0,14,56,11,0,20,79,21,0,25,103,27,1,33,136,35,1
3D6C,1043,A,65,MET,C,10,29,6,0,13,57,13,0,16,75,20,1,22,99,25,1,31,125,32,1
3D6C,1044,A,65,MET,H,7,37,7,0,12,58,13,0,18,80,20,0,26,109,29,0,36,139,37,0
3D6C,1045,A,65,MET,H,6,33,6,0,13,50,12,0,18,70,19,0,23,97,25,0,31,121,32,0
3D6C,1046,A,65,MET,H,9,33,8,0,13,56,14,0,21,71,20,0,25,91,24,0,27,120,31,0
3D6C,1047,A,65,MET,H,11,37,11,0,15,61,14,0,22,88,20,0,25,111,28,0,31,134,35,1
3D6C,1048,A,65,MET,H,9,33,8,0,13,51,14,1,16,73,17,1,21,94,23,1,28,122,30,1
3D6C,1049,A,65,MET,H,8,28,8,0,12,43,13,0,15,63,19,0,22,94,25,1,30,114,31,1
3D6C,1050,A,65,MET,H,10,35,7,0,13,55,13,1,18,82,20,1,26,103,28,1,32,126,34,1
3D6C,1051,A,66,VAL,N,8,41,9,1,10,54,14,1,16,73,19,1,26,100,27,1,36,125,38,1
3D6C,1052,A,66,VAL,CA,7,40,9,1,14,56,14,1,20,76,22,1,24,101,33,1,34,132,39,1
3D6C,1053,A,66,VAL,C,7,32,10,0,14,49,14,1,18,68,21,1,20,86,28,1,29,112,33,1
3D6C,1054,A,66,VAL,O,8,34,9,0,14,45,16,0,17,67,23,1,21,86,26,1,28,109,31,1
3D6C,1055,A,66,VAL,HN,7,41,9,1,11,56,13,1,15,75,22,1,26,100,27,1,37,132,34,1
3D6C,1056,A,66,VAL,H,10,40,10,1,14,59,15,1,18,76,22,1,25,102,31,1,34,136,38,1
3D6C,1057,A,66,VAL,C,8,43,8,0,13,61,14,1,21,81,27,1,30,112,36,1,40,149,40,1
3D6C,1058,A,66,VAL,C,7,42,7,1,14,62,12,1,22,86,27,1,32,122,39,1,47,171,44,1
3D6C,1059,A,66,VAL,C,8,41,9,0,15,56,17,1,19,83,25,1,30,112,30,1,36,142,39,1
3D6C,1060,A,66,VAL,H,10,42,8,0,13,64,15,1,23,85,26,1,29,109,34,1,36,142,43,1
3D6C,1061,A,66,VAL,H,7,45,6,1,16,64,14,1,25,91,28,1,35,133,39,1,46,177,46,1
3D6C,1062,A,66,VAL,H,7,42,7,1,12,65,15,1,23,92,28,1,34,127,32,1,43,167,44,1
3D6C,1063,A,66,VAL,H,7,42,9,1,15,64,13,1,22,86,24,1,32,127,37,1,44,168,45,2
3D6C,1064,A,66,VAL,H,10,40,10,0,14,62,17,0,21,88,23,1,28,119,32,1,38,148,40,1
3D6C,1065,A,66,VAL,H,9,38,9,0,14,57,18,0,16,74,21,1,25,99,28,1,34,129,33,1
3D6C,1066,A,66,VAL,H,8,36,12,0,13,53,17,1,23,87,20,1,28,112,32,1,33,135,39,1
3D6C,1067,A,67,GLU,N,7,32,8,0,11,43,10,0,16,61,16,1,20,78,23,1,25,100,28,1
3D6C,1068,A,67,GLU,CA,8,28,8,0,11,37,9,0,13,48,13,0,17,69,20,1,21,88,24,1
3D6C,1069,A,67,GLU,C,7,21,7,0,9,31,8,0,11,43,12,0,18,58,17,1,20,74,22,1
3D6C,1070,A,67,GLU,O,5,16,7,0,7,25,7,0,10,36,11,0,15,49,16,0,17,63,18,0
3D6C,1071,A,67,GLU,HN,9,34,10,0,10,45,11,0,15,60,15,1,22,79,22,1,27,105,28,1
3D6C,1072,A,67,GLU,H,6,27,9,0,13,36,10,0,15,51,13,0,17,70,20,0,22,91,24,1
3D6C,1073,A,67,GLU,C,9,26,6,0,9,36,10,0,13,46,15,0,17,59,16,0,20,74,21,1
3D6C,1074,A,67,GLU,C,8,26,6,0,11,35,11,0,14,50,16,0,17,65,17,0,22,88,20,0
3D6C,1075,A,67,GLU,C,7,22,7,0,8,31,10,0,12,45,13,0,18,59,18,0,19,77,20,0
3D6C,1076,A,67,GLU,O,5,16,4,0,8,28,9,0,11,40,12,0,15,52,14,0,19,66,19,0
3D6C,1077,A,67,GLU,O,5,22,4,0,9,29,9,0,11,43,13,0,18,62,17,0,21,80,20,0
3D6C,1078,A,67,GLU,H,7,20,4,0,9,29,8,0,10,38,11,0,14,49,15,0,18,65,18,0
3D6C,1079,A,67,GLU,H,8,24,7,0,9,34,10,0,12,47,13,0,18,56,15,0,18,70,19,1
3D6C,1080,A,67,GLU,H,8,29,9,0,12,44,13,0,14,58,17,0,19,77,20,0,25,96,24,1
3D6C,1081,A,67,GLU,H,7,25,8,0,11,35,11,0,13,47,13,0,16,65,17,0,24,86,21,0
3D6C,1082,A,68,ASN,N,6,23,8,0,7,34,10,0,11,47,16,1,16,60,17,1,19,78,20,1
3D6C,1083,A,68,ASN,CA,6,18,7,0,7,29,8,0,9,43,15,0,12,52,16,1,16,66,19,1
3D6C,1084,A,68,ASN,C,6,19,8,0,7,37,11,0,10,45,13,0,14,55,17,1,17,66,20,1
3D6C,1085,A,68,ASN,O,5,19,7,0,7,29,10,0,11,39,12,0,13,50,15,1,15,63,18,1
3D6C,1086,A,68,ASN,HN,6,27,8,0,7,38,11,1,14,53,16,1,17,66,17,1,19,89,23,1
3D6C,1087,A,68,ASN,H,5,14,7,0,6,24,8,0,8,37,12,0,11,48,15,0,15,58,17,1
3D6C,1088,A,68,ASN,C,7,19,7,0,7,25,9,0,8,38,12,1,10,48,16,1,15,60,17,1
3D6C,1089,A,68,ASN,C,6,16,6,0,7,21,8,0,8,29,12,0,10,41,12,1,13,55,17,1
3D6C,1090,A,68,ASN,O,6,17,6,0,6,27,9,0,9,30,11,0,10,42,12,0,13,53,15,1
3D6C,1091,A,68,ASN,N,5,12,4,0,6,17,6,0,8,24,10,0,11,34,12,1,11,51,13,1
3D6C,1092,A,68,ASN,H,6,13,6,0,7,22,7,0,7,31,11,0,10,41,15,1,14,53,17,1
3D6C,1093,A,68,ASN,H,7,20,7,0,7,26,10,1,9,41,13,1,12,53,16,1,15,77,20,1
3D6C,1094,A,68,ASN,HN,4,10,3,0,6,15,5,0,7,21,10,0,8,33,11,1,11,50,14,1
3D6C,1095,A,68,ASN,HN,5,11,3,0,6,14,6,0,7,24,9,0,11,33,11,0,11,41,13,1
3D6C,1096,A,69,ALA,N,8,29,12,0,10,41,12,0,12,52,16,1,16,60,21,1,20,83,24,1
3D6C,1097,A,69,ALA,CA,8,30,11,0,11,43,13,0,15,51,17,1,17,69,18,1,22,88,27,1
3D6C,1098,A,69,ALA,C,7,28,9,0,9,38,12,0,14,48,15,0,17,62,19,0,21,79,23,1
3D6C,1099,A,69,ALA,O,7,30,8,0,9,39,14,0,13,52,16,0,17,64,19,0,21,74,24,1
3D6C,1100,A,69,ALA,HN,9,31,11,0,11,42,13,0,12,56,16,1,17,68,22,1,25,89,25,1
3D6C,1101,A,69,ALA,H,8,29,12,0,12,37,13,0,13,49,15,1,17,63,18,1,21,81,24,1
3D6C,1102,A,69,ALA,C,9,35,11,0,11,47,17,1,16,63,18,1,21,87,24,1,26,106,29,1
3D6C,1103,A,69,ALA,H,10,35,12,0,13,50,15,1,15,68,21,1,22,85,23,1,26,104,28,1
3D6C,1104,A,69,ALA,H,8,38,11,0,12,49,16,0,17,66,21,1,22,91,26,1,29,116,30,1
3D6C,1105,A,69,ALA,H,9,36,11,1,14,48,16,1,17,70,20,1,21,88,24,1,26,113,30,1
3D6C,1106,A,70,LYS,N,5,22,9,0,8,30,10,0,12,35,15,0,15,49,15,0,18,68,20,1
3D6C,1107,A,70,LYS,CA,4,15,6,0,5,24,9,0,9,28,13,0,12,42,15,0,16,58,18,0
3D6C,1108,A,70,LYS,C,4,18,7,0,7,24,9,0,12,37,13,0,14,50,15,0,17,63,22,0
3D6C,1109,A,70,LYS,O,3,15,6,0,6,21,8,0,10,34,10,0,13,49,16,0,15,60,21,0
3D6C,1110,A,70,LYS,HN,5,19,9,0,8,27,10,0,11,35,14,0,14,50,16,0,16,66,20,1
3D6C,1111,A,70,LYS,H,4,12,6,0,5,20,7,0,6,30,11,0,13,41,15,0,15,50,16,0
3D6C,1112,A,70,LYS,C,4,13,5,0,5,17,5,0,7,25,9,0,9,30,13,0,14,40,17,0
3D6C,1113,A,70,LYS,C,2,12,5,0,3,14,5,0,6,19,9,0,7,25,11,0,12,32,14,0
3D6C,1114,A,70,LYS,C,1,8,4,0,3,13,5,0,5,16,6,0,7,18,7,0,8,25,10,0
3D6C,1115,A,70,LYS,C,2,10,4,0,5,15,6,0,6,15,7,0,7,21,7,0,9,31,11,0
3D6C,1116,A,70,LYS,N,1,5,2,0,3,10,3,0,4,14,6,0,6,16,7,0,7,24,7,0
3D6C,1117,A,70,LYS,H,2,11,5,0,5,13,5,0,5,18,7,0,7,25,11,0,11,37,15,0
3D6C,1118,A,70,LYS,H,5,15,5,0,6,17,7,0,8,24,10,0,10,32,15,0,13,45,17,0
3D6C,1119,A,70,LYS,H,3,13,5,0,4,16,7,0,6,22,10,0,10,30,12,0,12,42,14,0
3D6C,1120,A,70,LYS,H,2,8,4,0,2,14,5,0,5,16,7,0,7,25,11,0,9,30,12,0
3D6C,1121,A,70,LYS,H,1,3,3,0,2,10,4,0,3,15,6,0,6,17,7,0,7,21,10,0
3D6C,1122,A,70,LYS,H,1,7,2,0,2,11,4,0,4,14,6,0,6,16,7,0,7,21,9,0
3D6C,1123,A,70,LYS,H,3,13,6,0,6,15,7,0,6,19,7,0,9,29,12,0,10,39,16,0
3D6C,1124,A,70,LYS,H,2,9,4,0,4,14,7,0,5,19,7,0,9,24,8,0,11,34,13,0
3D6C,1125,A,70,LYS,HN,2,8,3,0,4,10,3,0,4,15,7,0,7,19,7,0,9,28,10,0
3D6C,1126,A,70,LYS,HN,0,3,2,0,1,6,3,0,3,11,4,0,5,16,7,0,7,21,7,0
3D6C,1127,A,70,LYS,HN,2,5,2,0,2,10,3,0,4,12,6,0,6,16,7,0,6,17,7,0
3D6C,1128,A,71,LYS,N,7,21,10,0,8,29,12,0,12,42,15,0,16,56,19,0,18,75,24,0
3D6C,1129,A,71,LYS,CA,7,26,7,0,11,35,13,0,14,48,16,0,18,60,20,0,20,85,24,0
3D6C,1130,A,71,LYS,C,8,29,12,0,12,44,16,0,18,56,19,0,20,82,23,0,24,101,27,1
3D6C,1131,A,71,LYS,O,8,29,14,0,11,43,16,0,19,64,19,0,22,90,22,1,25,110,29,1
3D6C,1132,A,71,LYS,HN,8,22,10,0,8,29,13,0,12,39,16,0,16,59,18,0,20,78,23,1
3D6C,1133,A,71,LYS,H,6,22,7,0,10,35,10,0,12,47,17,0,16,58,21,0,21,74,22,0
3D6C,1134,A,71,LYS,C,5,24,9,0,9,32,11,0,13,42,15,0,16,52,19,0,19,70,22,0
3D6C,1135,A,71,LYS,C,4,15,6,0,6,24,10,0,10,32,11,0,11,42,16,0,17,52,19,0
3D6C,1136,A,71,LYS,C,4,12,6,0,6,17,8,0,6,26,11,0,12,38,12,0,16,47,16,0
3D6C,1137,A,71,LYS,C,1,5,5,0,6,17,5,0,8,26,10,0,11,41,13,0,14,50,16,0
3D6C,1138,A,71,LYS,N,0,2,3,0,3,9,5,0,8,21,7,0,9,30,9,0,12,43,16,0
3D6C,1139,A,71,LYS,H,6,24,9,0,9,38,13,0,16,46,14,0,17,58,19,0,17,78,24,0
3D6C,1140,A,71,LYS,H,7,26,10,0,9,33,11,0,13,39,17,0,16,56,19,0,20,78,21,0
3D6C,1141,A,71,LYS,H,4,14,5,0,7,20,7,0,8,28,12,0,11,37,13,0,15,49,17,0
3D6C,1142,A,71,LYS,H,2,13,4,0,6,21,8,0,9,33,10,0,12,43,14,0,16,49,17,0
3D6C,1143,A,71,LYS,H,5,12,6,0,6,18,9,0,9,28,10,0,12,39,14,0,14,53,16,0
3D6C,1144,A,71,LYS,H,3,9,3,0,5,13,6,0,6,19,8,0,6,27,11,0,12,39,13,0
3D6C,1145,A,71,LYS,H,1,4,4,0,3,12,5,0,8,22,8,0,8,32,12,0,13,47,15,0
3D6C,1146,A,71,LYS,H,3,10,5,0,6,21,6,0,10,35,12,0,13,47,15,0,17,55,17,0
3D6C,1147,A,71,LYS,HN,0,2,2,0,0,4,3,0,7,18,6,0,10,29,9,0,13,39,15,0
3D6C,1148,A,71,LYS,HN,2,4,3,0,4,11,6,0,7,22,7,0,10,32,11,0,13,47,15,0
3D6C,1149,A,71,LYS,HN,1,1,2,0,1,7,4,0,4,14,7,0,8,21,7,0,9,33,12,0
3D6C,1150,A,72,ILE,N,9,33,11,0,14,46,15,0,16,70,21,0,24,87,25,0,29,110,27,1
3D6C,1151,A,72,ILE,CA,11,36,12,0,13,59,17,0,19,77,23,0,26,101,26,0,29,133,30,1
3D6C,1152,A,72,ILE,C,10,36,10,0,14,58,17,0,17,77,21,0,24,105,25,0,31,132,31,0
3D6C,1153,A,72,ILE,O,11,31,9,0,13,48,14,0,16,70,19,0,22,97,24,0,27,118,30,0
3D6C,1154,A,72,ILE,HN,8,34,10,0,14,42,14,0,14,61,18,0,20,85,23,0,27,101,26,0
3D6C,1155,A,72,ILE,H,10,36,13,0,16,61,18,0,23,81,23,0,25,105,26,1,31,134,33,1
3D6C,1156,A,72,ILE,C,9,41,9,0,15,58,16,0,19,79,23,0,26,110,28,0,33,143,36,1
3D6C,1157,A,72,ILE,C,12,36,10,0,15,56,13,0,18,79,23,0,25,107,31,1,34,138,36,1
3D6C,1158,A,72,ILE,C,7,41,7,0,15,64,15,0,22,83,23,0,29,127,29,0,36,163,38,1
3D6C,1159,A,72,ILE,C,11,38,10,0,15,59,18,0,19,82,21,1,27,114,31,1,34,142,41,1
3D6C,1160,A,72,ILE,H,6,34,12,0,13,56,12,0,18,77,21,0,25,101,24,0,30,131,34,1
3D6C,1161,A,72,ILE,H,10,35,10,0,18,58,12,0,20,80,25,0,25,109,30,0,30,136,37,1
3D6C,1162,A,72,ILE,H,11,35,10,0,14,51,15,0,17,71,19,0,21,97,29,0,29,123,35,1
3D6C,1163,A,72,ILE,H,10,44,8,0,14,64,15,0,22,91,22,0,30,123,30,0,41,170,41,1
3D6C,1164,A,72,ILE,H,9,41,9,0,13,62,15,0,22,92,24,0,30,132,31,1,40,165,40,1
3D6C,1165,A,72,ILE,H,8,37,9,0,15,65,13,0,19,91,21,0,26,127,28,0,39,162,39,2
3D6C,1166,A,72,ILE,H,10,34,12,0,14,56,18,0,21,83,23,1,28,105,29,1,32,131,38,1
3D6C,1167,A,72,ILE,H,12,39,12,0,15,59,17,1,19,87,23,1,22,107,29,1,35,131,37,1
3D6C,1168,A,72,ILE,H,9,40,10,0,18,62,15,1,21,89,24,1,30,120,34,1,35,154,43,1
3D6C,1169,A,73,GLU,N,12,39,9,0,15,63,12,0,20,83,20,0,26,116,25,0,32,139,33,1
3D6C,1170,A,73,GLU,CA,9,46,10,0,15,58,10,0,20,79,19,0,23,112,27,0,30,144,31,1
3D6C,1171,A,73,GLU,C,9,47,9,0,16,64,11,0,17,95,21,0,23,124,24,1,34,155,34,1
3D6C,1172,A,73,GLU,O,10,48,9,0,16,67,14,0,20,98,19,1,24,127,28,1,37,164,36,2
3D6C,1173,A,73,GLU,HN,11,44,10,0,16,64,12,0,20,89,21,0,25,114,27,1,32,143,34,2
3D6C,1174,A,73,GLU,H,8,40,9,0,12,56,12,0,18,79,16,0,24,109,23,0,30,139,31,0
3D6C,1175,A,73,GLU,C,12,43,9,0,13,60,13,0,20,71,19,0,21,95,22,0,28,123,30,1
3D6C,1176,A,73,GLU,C,11,34,8,0,14,54,10,0,17,63,17,0,19,80,23,0,26,99,26,0
3D6C,1177,A,73,GLU,C,10,31,6,0,15,43,8,0,15,60,16,0,17,74,20,0,24,91,25,0
3D6C,1178,A,73,GLU,O,12,30,8,0,13,42,12,0,17,59,16,0,18,79,19,0,24,92,25,1
3D6C,1179,A,73,GLU,O,7,22,5,0,11,37,6,0,15,49,12,0,15,65,19,0,24,77,23,0
3D6C,1180,A,73,GLU,H,10,41,9,0,14,54,14,0,17,74,19,0,24,94,22,0,28,127,28,1
3D6C,1181,A,73,GLU,H,12,44,9,0,15,59,14,0,19,77,19,0,21,92,24,1,27,121,32,2
3D6C,1182,A,73,GLU,H,12,37,7,0,14,52,13,0,17,64,18,0,20,78,19,0,24,105,28,0
3D6C,1183,A,73,GLU,H,9,33,8,0,14,43,8,0,15,58,13,0,19,77,20,0,27,103,26,0
3D6C,1184,A,74,VAL,N,11,50,12,0,13,77,16,0,15,92,22,0,26,118,25,0,36,150,31,2
3D6C,1185,A,74,VAL,CA,10,58,11,0,11,78,19,0,17,95,23,0,28,126,27,2,38,166,37,2
3D6C,1186,A,74,VAL,C,9,55,12,0,13,75,19,0,18,95,21,0,22,121,25,1,36,154,32,2
3D6C,1187,A,74,VAL,O,11,49,14,0,14,72,16,0,17,89,21,0,20,107,23,0,30,133,29,2
3D6C,1188,A,74,VAL,HN,9,49,12,0,12,68,16,0,18,95,21,0,25,112,24,0,32,139,30,1
3D6C,1189,A,74,VAL,H,9,49,8,0,12,75,16,0,19,103,24,1,30,136,27,2,40,177,39,2
3D6C,1190,A,74,VAL,C,10,55,8,0,11,74,17,1,21,95,22,1,29,131,32,1,37,163,37,2
3D6C,1191,A,74,VAL,C,9,53,8,0,14,75,16,1,21,102,23,1,30,131,34,1,36,166,37,1
3D6C,1192,A,74,VAL,C,6,45,8,0,15,72,14,1,18,98,20,1,25,112,29,1,35,143,36,1
3D6C,1193,A,74,VAL,H,8,52,7,0,12,70,14,1,19,101,23,1,28,140,34,1,44,175,41,2
3D6C,1194,A,74,VAL,H,7,50,6,1,17,75,18,1,23,100,25,1,29,129,30,1,37,173,39,2
3D6C,1195,A,74,VAL,H,9,50,9,0,16,76,12,1,19,97,24,1,27,127,30,1,39,157,36,2
3D6C,1196,A,74,VAL,H,7,47,9,0,15,74,15,1,22,108,23,1,32,140,33,1,36,178,42,2
3D6C,1197,A,74,VAL,H,7,44,7,1,11,69,14,1,20,90,21,1,26,113,26,1,35,147,36,1
3D6C,1198,A,74,VAL,H,8,44,10,0,13,66,12,1,19,92,22,1,24,116,25,1,32,139,33,1
3D6C,1199,A,74,VAL,H,8,47,11,0,14,69,12,0,18,91,19,1,24,109,27,1,31,129,31,1
3D6C,1200,A,75,GLU,N,10,48,10,0,14,71,15,0,19,100,20,1,25,126,25,1,36,156,31,2
3D6C,1201,A,75,GLU,CA,10,50,10,0,14,74,14,0,20,89,20,1,26,117,26,1,36,147,33,1
3D6C,1202,A,75,GLU,C,9,47,8,0,16,71,13,0,21,98,21,1,28,124,27,1,41,155,34,2
3D6C,1203,A,75,GLU,O,7,47,10,0,15,66,14,0,21,105,22,1,32,138,26,1,40,165,34,2
3D6C,1204,A,75,GLU,HN,10,50,10,0,12,73,13,1,21,104,19,1,28,136,27,1,38,163,36,2
3D6C,1205,A,75,GLU,H,9,51,8,0,14,65,13,0,19,86,17,0,26,109,23,1,29,135,27,1
3D6C,1206,A,75,GLU,C,10,48,7,0,15,73,14,1,19,89,19,1,26,104,25,1,34,145,32,1
3D6C,1207,A,75,GLU,C,10,42,6,0,16,66,11,0,18,85,18,1,24,100,23,1,34,130,27,1
3D6C,1208,A,75,GLU,C,9,39,6,0,14,54,9,1,18,77,17,1,21,98,22,1,35,127,30,1
3D6C,1209,A,75,GLU,O,8,42,6,1,12,56,12,1,20,74,16,1,27,109,27,1,34,143,31,1
3D6C,1210,A,75,GLU,O,7,30,5,0,11,50,8,0,16,65,13,1,20,85,20,1,27,110,25,1
3D6C,1211,A,75,GLU,H,11,49,8,1,14,70,14,1,23,91,17,1,28,116,25,1,39,158,35,1
3D6C,1212,A,75,GLU,H,10,46,9,0,13,69,13,1,21,84,18,1,26,105,23,1,34,134,30,1
3D6C,1213,A,75,GLU,H,11,36,6,0,14,58,12,0,18,77,18,0,22,94,20,1,29,115,26,1
3D6C,1214,A,75,GLU,H,9,45,8,0,15,60,12,0,21,85,16,1,27,109,22,1,33,134,31,1
3D6C,1215,A,76,PHE,N,13,40,10,0,16,64,17,0,20,86,22,0,28,112,26,0,40,143,33,2
3D6C,1216,A,76,PHE,CA,9,39,12,0,18,62,16,0,24,87,22,0,29,114,25,1,38,142,35,2
3D6C,1217,A,76,PHE,C,10,37,11,0,19,61,17,0,26,83,19,0,31,109,28,0,36,138,35,1
3D6C,1218,A,76,PHE,O,13,34,10,0,15,59,15,0,23,79,21,0,29,100,24,0,33,126,34,1
3D6C,1219,A,76,PHE,HN,12,41,11,0,14,58,16,0,19,79,20,0,25,106,25,0,34,134,31,2
3D6C,1220,A,76,PHE,H,9,42,13,0,16,58,18,0,25,90,20,0,33,121,31,1,38,150,36,2
3D6C,1221,A,76,PHE,C,11,28,9,0,15,56,14,0,20,78,20,0,24,98,26,1,34,125,28,1
3D6C,1222,A,76,PHE,C,9,35,7,0,15,48,13,1,21,80,18,1,24,106,25,1,32,128,30,1
3D6C,1223,A,76,PHE,C,11,35,7,1,13,52,14,1,19,75,18,1,26,107,25,1,35,135,34,1
3D6C,1224,A,76,PHE,C,9,29,8,0,14,49,11,1,20,69,17,1,24,103,24,1,32,130,30,1
3D6C,1225,A,76,PHE,C,8,37,5,1,11,50,13,1,16,71,19,1,29,102,24,1,36,137,36,1
3D6C,1226,A,76,PHE,C,5,31,6,1,13,49,11,1,20,68,16,1,25,96,22,1,35,134,31,1
3D6C,1227,A,76,PHE,C,4,35,7,1,11,49,8,1,19,70,18,1,27,98,27,1,38,133,31,1
3D6C,1228,A,76,PHE,H,11,26,10,0,16,46,13,0,17,75,19,0,24,97,25,1,32,121,29,1
3D6C,1229,A,76,PHE,H,9,28,7,0,16,52,12,0,21,72,19,0,22,92,22,1,29,117,27,1
3D6C,1230,A,76,PHE,H,12,33,9,0,15,54,14,1,18,79,20,1,27,101,23,1,32,127,37,1
3D6C,1231,A,76,PHE,H,9,33,8,0,15,45,11,0,18,70,17,1,24,95,22,1,30,119,27,1
3D6C,1232,A,76,PHE,H,7,39,7,1,13,54,12,1,18,73,19,1,25,101,25,1,34,134,35,1
3D6C,1233,A,76,PHE,H,5,31,6,1,11,51,11,1,19,69,16,1,24,92,19,1,35,120,30,1
3D6C,1234,A,76,PHE,H,3,36,5,1,8,55,10,1,19,69,19,1,28,101,26,1,38,130,33,1
3D6C,1235,A,77,ASP,N,12,47,10,0,18,63,15,0,26,86,19,0,34,110,27,0,36,140,36,1
3D6C,1236,A,77,ASP,CA,12,45,9,0,20,67,13,0,25,87,22,0,31,104,27,0,38,126,30,1
3D6C,1237,A,77,ASP,C,12,35,8,0,14,51,10,0,23,74,17,0,26,95,24,0,34,112,27,0
3D6C,1238,A,77,ASP,O,10,30,8,0,12,50,11,0,23,67,14,0,24,88,20,0,30,112,28,0
3D6C,1239,A,77,ASP,HN,13,48,10,0,17,63,13,0,20,82,21,0,32,110,27,0,40,142,36,2
3D6C,1240,A,77,ASP,H,12,40,10,0,20,64,13,0,24,84,22,0,29,102,26,0,37,120,30,1
3D6C,1241,A,77,ASP,C,13,45,10,0,18,70,17,0,27,86,23,0,33,103,28,0,36,135,33,1
3D6C,1242,A,77,ASP,C,11,46,12,0,20,61,18,0,25,83,21,0,31,103,25,0,36,122,34,1
3D6C,1243,A,77,ASP,O,11,40,11,0,17,56,15,0,22,72,20,0,30,91,24,0,36,118,28,1
3D6C,1244,A,77,ASP,O,11,43,10,0,18,62,18,0,26,82,22,0,30,104,26,1,37,130,35,1
3D6C,1245,A,77,ASP,H,13,45,12,0,16,66,15,0,26,87,21,0,32,106,28,0,38,128,35,1
3D6C,1246,A,77,ASP,H,11,51,11,0,20,73,20,0,28,89,24,0,33,115,30,1,38,142,34,1
3D6C,1247,A,78,LYS,N,12,30,7,0,15,44,13,0,18,63,19,0,26,86,23,0,33,101,26,0
3D6C,1248,A,78,LYS,CA,8,22,8,0,14,34,10,0,16,50,13,0,21,66,22,0,28,92,23,0
3D6C,1249,A,78,LYS,C,11,19,9,0,12,32,10,0,15,47,13,0,19,60,17,0,26,81,23,0
3D6C,1250,A,78,LYS,O,9,17,6,0,11,24,9,0,13,34,11,0,17,49,14,0,22,67,17,0
3D6C,1251,A,78,LYS,HN,11,33,8,0,15,46,13,0,19,67,21,0,27,85,23,0,35,106,26,0
3D6C,1252,A,78,LYS,H,7,20,7,0,12,28,9,0,17,45,13,0,19,61,17,0,27,86,25,0
3D6C,1253,A,78,LYS,C,8,20,8,0,12,32,9,0,15,45,12,0,22,60,19,0,24,82,25,0
3D6C,1254,A,78,LYS,C,9,26,8,0,12,30,11,0,16,44,15,0,21,60,16,0,26,83,23,0
3D6C,1255,A,78,LYS,C,8,21,7,0,9,29,11,0,14,38,14,0,18,47,15,0,23,73,22,0
3D6C,1256,A,78,LYS,C,7,18,8,0,8,26,11,0,14,34,13,0,18,49,16,0,20,71,18,0
3D6C,1257,A,78,LYS,N,8,15,5,0,9,21,9,0,11,35,14,0,15,49,15,0,19,64,20,0
3D6C,1258,A,78,LYS,H,6,24,8,0,9,33,9,0,18,48,15,0,23,60,21,0,27,84,25,0
3D6C,1259,A,78,LYS,H,4,14,6,0,12,25,9,0,15,36,9,0,19,51,15,0,22,63,23,0
3D6C,1260,A,78,LYS,H,8,21,8,0,13,30,12,0,15,41,13,0,20,59,15,0,23,78,20,0
3D6C,1261,A,78,LYS,H,10,28,11,0,13,33,14,0,16,50,16,0,23,73,20,0,29,95,27,0
3D6C,1262,A,78,LYS,H,7,25,8,0,11,30,9,0,13,40,13,0,20,59,18,0,26,74,25,0
3D6C,1263,A,78,LYS,H,6,14,4,0,8,27,7,0,12,36,11,0,17,42,15,0,21,59,20,0
3D6C,1264,A,78,LYS,H,7,14,6,0,9,23,10,0,11,30,11,0,16,38,14,0,19,62,18,0
3D6C,1265,A,78,LYS,H,7,22,9,0,12,28,13,0,15,40,15,0,17,62,18,0,24,81,21,0
3D6C,1266,A,78,LYS,HN,7,11,6,0,10,21,11,0,12,33,13,0,14,49,17,0,18,65,19,0
3D6C,1267,A,78,LYS,HN,8,15,7,0,10,23,10,0,10,37,14,0,17,54,16,0,20,72,21,0
3D6C,1268,A,78,LYS,HN,7,11,4,0,8,18,7,0,9,23,10,0,12,40,14,0,17,55,18,0
3D6C,1269,A,79,GLY,N,13,28,10,0,15,40,13,0,18,57,15,0,22,73,19,0,25,97,22,0
3D6C,1270,A,79,GLY,CA,12,29,9,0,14,37,13,0,18,51,16,0,22,69,17,0,25,88,22,0
3D6C,1271,A,79,GLY,C,12,27,9,0,14,41,14,0,16,50,15,0,22,69,17,0,24,89,19,0
3D6C,1272,A,79,GLY,O,11,27,7,0,12,37,14,0,16,51,14,0,20,64,17,0,22,83,19,0
3D6C,1273,A,79,GLY,HN,12,32,12,0,15,48,13,0,21,68,18,0,25,86,22,0,30,111,27,0
3D6C,1274,A,79,GLY,H,10,25,8,0,14,31,12,0,16,42,13,0,19,60,16,0,23,72,18,0
3D6C,1275,A,79,GLY,H,12,29,11,0,14,43,12,0,19,58,16,0,22,75,20,0,27,95,22,0
3D6C,1276,A,80,GLN,N,11,27,9,0,12,37,13,0,16,53,14,0,20,65,18,0,25,89,21,0
3D6C,1277,A,80,GLN,CA,7,25,8,0,14,38,10,0,15,54,15,0,20,66,18,0,22,82,23,0
3D6C,1278,A,80,GLN,C,11,30,8,0,14,47,11,0,18,62,17,0,22,73,22,0,27,93,24,1
3D6C,1279,A,80,GLN,O,10,36,9,0,15,53,13,0,21,67,22,0,26,85,23,0,31,118,29,1
3D6C,1280,A,80,GLN,HN,9,28,8,0,13,41,13,0,17,52,15,0,20,69,17,0,27,90,22,0
3D6C,1281,A,80,GLN,H,7,16,7,0,12,31,10,0,14,48,11,0,17,57,16,0,21,72,18,0
3D6C,1282,A,80,GLN,C,9,22,6,0,10,36,11,0,16,48,12,0,19,67,16,0,24,81,21,0
3D6C,1283,A,80,GLN,C,6,15,5,0,10,26,7,0,11,38,10,0,17,53,13,0,19,68,17,0
3D6C,1284,A,80,GLN,C,6,10,4,0,8,20,5,0,11,39,8,0,13,46,10,0,18,58,16,0
3D6C,1285,A,80,GLN,O,7,13,2,0,8,27,6,0,11,39,7,0,15,48,14,0,17,57,17,0
3D6C,1286,A,80,GLN,N,3,8,2,0,5,12,4,0,9,26,6,0,13,41,8,0,13,50,12,0
3D6C,1287,A,80,GLN,H,4,23,6,0,12,28,9,0,13,47,13,0,22,65,17,0,24,79,22,0
3D6C,1288,A,80,GLN,H,9,28,6,0,12,38,11,0,15,51,14,0,19,71,19,0,27,88,23,0
3D6C,1289,A,80,GLN,H,7,15,6,0,9,25,7,0,12,40,10,0,17,53,14,0,19,67,18,0
3D6C,1290,A,80,GLN,H,4,12,4,0,8,19,6,0,12,32,10,0,14,47,11,0,17,60,13,0
3D6C,1291,A,80,GLN,HN,3,9,2,0,7,12,5,0,8,23,7,0,11,35,7,0,14,51,12,0
3D6C,1292,A,80,GLN,HN,2,6,1,0,4,11,3,0,8,22,5,0,12,34,7,0,13,43,11,0
3D6C,1293,A,81,ARG,N,7,23,9,0,11,42,11,0,15,54,15,0,17,68,21,1,24,87,25,1
3D6C,1294,A,81,ARG,CA,9,31,8,0,11,43,13,0,14,58,17,1,20,76,24,1,26,105,26,1
3D6C,1295,A,81,ARG,C,7,28,7,0,9,46,13,1,15,59,17,1,21,82,21,1,26,112,28,1
3D6C,1296,A,81,ARG,O,8,32,8,1,11,51,13,1,16,70,18,1,23,91,20,1,26,115,31,1
3D6C,1297,A,81,ARG,HN,7,17,7,0,8,30,11,0,12,48,12,0,17,60,17,1,19,78,23,1
3D6C,1298,A,81,ARG,H,10,37,8,0,11,50,14,0,16,60,21,1,20,91,25,1,26,117,30,1
3D6C,1299,A,81,ARG,C,5,26,7,0,11,37,9,1,11,50,14,1,16,70,21,1,22,96,28,1
3D6C,1300,A,81,ARG,C,8,23,7,0,9,37,9,0,11,53,14,1,17,70,20,1,19,99,25,1
3D6C,1301,A,81,ARG,C,6,18,7,0,8,29,8,0,9,42,13,0,16,58,17,0,19,79,21,1
3D6C,1302,A,81,ARG,N,6,18,7,0,7,26,8,0,11,41,14,0,15,61,16,0,22,85,21,0
3D6C,1303,A,81,ARG,C,5,15,5,0,6,23,8,0,9,30,12,0,15,55,15,0,18,80,18,0
3D6C,1304,A,81,ARG,N,3,11,4,0,6,19,6,0,8,25,8,0,10,42,12,0,15,69,17,0
3D6C,1305,A,81,ARG,N,5,18,4,0,8,27,7,0,11,37,13,0,14,58,14,0,21,82,20,0
3D6C,1306,A,81,ARG,H,7,28,7,1,9,40,9,1,12,59,15,1,15,78,21,1,22,100,27,1
3D6C,1307,A,81,ARG,H,3,20,5,0,8,29,7,1,11,45,12,1,13,57,17,1,18,80,23,1
3D6C,1308,A,81,ARG,H,9,31,8,0,9,42,11,0,14,60,17,1,16,83,22,1,23,109,30,1
3D6C,1309,A,81,ARG,H,5,17,5,0,9,34,9,0,12,50,13,1,15,71,18,1,20,93,25,1
3D6C,1310,A,81,ARG,H,4,13,4,0,6,22,8,0,8,32,10,0,11,48,15,0,16,66,20,1
3D6C,1311,A,81,ARG,H,6,18,7,0,7,33,10,0,13,47,12,0,14,56,17,0,19,75,20,1
3D6C,1312,A,81,ARG,HN,7,22,8,0,8,32,12,0,12,50,13,0,19,68,17,0,25,92,25,0
3D6C,1313,A,81,ARG,HN,0,10,3,0,5,18,6,0,8,26,8,0,10,38,12,0,12,61,16,1
3D6C,1314,A,81,ARG,HN,0,9,3,0,6,17,5,0,7,25,7,0,9,38,12,0,15,57,14,0
3D6C,1315,A,81,ARG,HN,5,22,6,0,8,30,12,0,12,47,14,0,19,68,17,0,23,83,23,0
3D6C,1316,A,81,ARG,HN,4,14,4,0,9,22,7,0,10,38,11,0,11,50,16,0,17,72,21,0
3D6C,1317,A,82,THR,N,9,30,10,0,11,37,12,1,17,56,16,1,21,85,20,1,31,104,24,1
3D6C,1318,A,82,THR,CA,7,28,10,0,11,36,15,1,16,63,16,1,21,84,19,1,28,106,24,1
3D6C,1319,A,82,THR,C,9,30,10,0,11,40,12,0,16,59,16,1,18,83,18,1,30,107,23,1
3D6C,1320,A,82,THR,O,11,28,7,0,12,41,12,0,15,57,17,0,21,69,18,1,29,102,20,1
3D6C,1321,A,82,THR,HN,8,26,8,0,11,34,11,0,16,49,15,1,20,72,20,1,28,98,24,1
3D6C,1322,A,82,THR,H,9,28,11,1,14,51,13,1,17,71,17,1,22,91,20,1,30,111,26,1
3D6C,1323,A,82,THR,C,8,27,8,1,8,37,13,1,14,49,15,1,18,76,15,1,22,87,20,1
3D6C,1324,A,82,THR,OH,8,22,8,0,8,33,11,0,11,40,14,1,14,52,14,1,20,82,17,1
3D6C,1325,A,82,THR,C,6,23,8,1,8,38,10,1,14,52,13,1,17,71,16,1,23,88,20,1
3D6C,1326,A,82,THR,H,8,27,10,0,9,37,12,1,13,55,14,1,16,70,16,1,22,85,18,1
3D6C,1327,A,82,THR,HO,8,23,8,0,8,33,10,0,11,41,14,1,14,52,14,1,21,76,17,1
3D6C,1328,A,82,THR,H,6,16,6,1,8,29,10,1,10,51,12,1,16,63,16,1,18,79,18,1
3D6C,1329,A,82,THR,H,6,24,5,1,8,33,9,1,12,52,13,1,18,66,17,1,23,85,18,1
3D6C,1330,A,82,THR,H,6,28,9,1,11,45,11,1,14,63,14,1,18,78,18,1,24,93,24,1
3D6C,1331,A,83,ASP,N,9,30,9,0,12,43,12,0,17,59,12,0,21,82,17,1,26,103,20,1
3D6C,1332,A,83,ASP,CA,9,31,8,0,12,44,9,0,17,56,12,0,20,69,15,0,26,97,19,1
3D6C,1333,A,83,ASP,C,7,27,6,0,11,38,8,0,13,46,10,0,17,56,12,0,21,72,13,1
3D6C,1334,A,83,ASP,O,6,26,6,0,10,35,7,0,12,44,10,0,17,55,12,1,20,69,13,1
3D6C,1335,A,83,ASP,HN,11,33,9,0,12,44,12,0,16,64,13,1,23,89,15,1,26,100,23,1
3D6C,1336,A,83,ASP,H,8,34,6,0,14,46,8,0,15,54,11,0,20,73,17,0,28,92,19,0
3D6C,1337,A,83,ASP,C,9,34,4,0,13,45,10,0,16,58,12,0,24,80,16,0,27,100,21,1
3D6C,1338,A,83,ASP,C,11,35,6,0,12,41,9,0,16,54,12,0,22,76,15,0,27,99,20,1
3D6C,1339,A,83,ASP,O,11,34,7,0,12,43,10,0,14,50,11,0,21,63,15,1,26,90,17,1
3D6C,1340,A,83,ASP,O,10,34,6,0,15,41,9,0,16,59,12,0,22,75,18,0,26,100,26,1
3D6C,1341,A,83,ASP,H,9,34,6,0,16,50,10,0,20,70,15,0,25,89,20,0,32,115,26,1
3D6C,1342,A,83,ASP,H,8,32,3,0,12,41,6,0,17,57,11,0,20,71,16,0,27,87,21,0
3D6C,1343,A,84,LYS,N,5,21,7,0,8,28,8,0,11,38,10,0,13,48,11,0,17,63,13,0
3D6C,1344,A,84,LYS,CA,4,18,5,0,7,24,8,0,8,31,8,0,12,38,10,0,13,48,12,0
3D6C,1345,A,84,LYS,C,4,18,7,0,6,24,7,0,8,27,7,0,10,31,10,0,12,46,12,0
3D6C,1346,A,84,LYS,O,4,15,4,0,4,21,7,0,6,25,7,0,8,27,8,0,10,35,10,0
3D6C,1347,A,84,LYS,HN,6,19,7,0,8,31,7,0,11,42,10,0,14,49,11,0,17,64,15,0
3D6C,1348,A,84,LYS,H,4,17,5,0,5,20,8,0,7,28,8,0,11,38,10,0,13,48,12,0
3D6C,1349,A,84,LYS,C,3,15,5,0,5,16,6,0,7,22,7,0,9,34,8,0,11,41,10,0
3D6C,1350,A,84,LYS,C,4,10,4,0,4,16,5,0,6,22,6,0,9,33,7,0,10,44,10,0
3D6C,1351,A,84,LYS,C,2,6,1,0,3,13,3,0,4,17,5,0,5,26,6,0,9,34,7,0
3D6C,1352,A,84,LYS,C,1,2,0,0,2,6,2,0,4,14,3,0,5,24,5,0,6,31,6,0
3D6C,1353,A,84,LYS,N,1,1,0,0,1,2,0,0,2,6,2,0,3,16,3,0,5,25,5,0
3D6C,1354,A,84,LYS,H,2,13,3,0,3,15,5,0,5,18,6,0,8,28,8,0,10,34,8,0
3D6C,1355,A,84,LYS,H,3,13,4,0,6,15,5,0,7,25,7,0,9,33,8,0,11,43,8,0
3D6C,1356,A,84,LYS,H,3,12,5,0,5,20,5,0,7,31,7,0,10,42,8,0,15,50,12,0
3D6C,1357,A,84,LYS,H,3,5,3,0,4,17,4,0,6,23,6,0,7,29,7,0,10,40,10,0
3D6C,1358,A,84,LYS,H,2,5,1,0,2,11,1,0,4,15,5,0,4,18,6,0,7,27,6,0
3D6C,1359,A,84,LYS,H,2,8,1,0,3,14,4,0,4,18,5,0,6,25,6,0,9,37,7,0
3D6C,1360,A,84,LYS,H,1,3,1,0,3,7,3,0,4,18,3,0,5,28,5,0,7,37,6,0
3D6C,1361,A,84,LYS,H,1,1,0,0,2,4,2,0,4,10,3,0,5,20,4,0,6,28,6,0
3D6C,1362,A,84,LYS,HN,1,1,0,0,1,1,0,0,1,3,1,0,3,9,2,0,4,22,3,0
3D6C,1363,A,84,LYS,HN,1,0,0,0,1,1,0,0,2,6,0,0,2,12,2,0,5,20,5,0
3D6C,1364,A,84,LYS,HN,1,1,0,0,1,2,0,0,2,6,1,0,3,16,3,0,4,25,5,0
3D6C,1365,A,85,TYR,N,6,19,7,0,7,22,7,0,10,26,7,0,13,34,11,0,17,49,14,0
3D6C,1366,A,85,TYR,CA,6,16,6,0,8,20,7,0,8,26,8,0,13,37,9,0,16,45,11,0
3D6C,1367,A,85,TYR,C,6,17,6,0,8,22,8,0,10,31,8,0,14,42,11,1,16,51,13,1
3D6C,1368,A,85,TYR,O,5,15,6,0,9,23,7,0,11,28,8,0,14,41,10,1,15,52,14,1
3D6C,1369,A,85,TYR,HN,6,20,7,0,9,26,7,0,10,29,8,0,14,38,11,0,18,53,14,0
3D6C,1370,A,85,TYR,H,5,14,5,0,6,17,6,0,8,22,7,0,9,27,8,0,14,37,9,0
3D6C,1371,A,85,TYR,C,7,15,6,0,8,21,6,0,9,30,8,0,14,39,10,0,17,50,12,0
3D6C,1372,A,85,TYR,C,6,15,4,0,7,17,6,0,7,25,7,0,11,33,8,0,18,43,12,0
3D6C,1373,A,85,TYR,C,5,9,4,0,6,15,4,0,7,17,5,0,9,27,6,0,12,36,9,0
3D6C,1374,A,85,TYR,C,7,14,4,0,7,20,5,0,8,27,7,0,13,38,8,0,18,55,12,0
3D6C,1375,A,85,TYR,C,4,5,3,0,5,11,4,0,7,17,4,0,9,20,4,0,11,30,8,0
3D6C,1376,A,85,TYR,C,5,11,4,0,7,14,4,0,9,22,5,0,12,36,7,0,16,49,8,0
3D6C,1377,A,85,TYR,C,3,8,3,0,5,12,4,0,9,16,4,0,10,25,5,0,14,39,8,0
3D6C,1378,A,85,TYR,OH,2,5,1,0,3,10,3,0,7,13,4,0,12,21,4,0,15,35,5,0
3D6C,1379,A,85,TYR,H,6,15,5,0,7,17,6,0,9,26,7,0,13,37,10,0,16,50,13,0
3D6C,1380,A,85,TYR,H,7,18,6,0,9,28,8,0,13,38,10,0,15,47,12,0,21,54,16,1
3D6C,1381,A,85,TYR,H,4,8,3,0,6,13,4,0,7,16,5,0,8,22,6,0,12,32,8,0
3D6C,1382,A,85,TYR,H,7,19,5,0,8,24,7,0,11,31,7,0,16,51,11,0,19,59,19,0
3D6C,1383,A,85,TYR,H,0,3,1,0,4,8,3,0,6,12,4,0,9,20,4,0,10,21,6,0
3D6C,1384,A,85,TYR,H,4,10,4,0,6,14,4,0,10,30,6,0,12,39,6,0,16,53,13,0
3D6C,1385,A,85,TYR,HO,1,1,0,0,3,8,2,0,7,13,3,0,9,20,5,0,14,34,5,0
3D6C,1386,A,86,GLY,N,6,25,8,0,8,32,8,0,12,41,10,0,14,53,11,1,17,63,16,1
3D6C,1387,A,86,GLY,CA,7,24,8,0,8,31,10,1,12,45,10,1,16,56,13,1,16,70,18,1
3D6C,1388,A,86,GLY,C,10,27,10,1,11,39,10,1,15,55,13,1,16,67,16,1,22,81,18,1
3D6C,1389,A,86,GLY,O,7,28,7,1,13,36,12,1,13,55,14,1,16,68,17,1,22,92,19,1
3D6C,1390,A,86,GLY,HN,7,25,7,0,8,34,9,0,10,43,10,0,15,52,13,1,18,65,15,1
3D6C,1391,A,86,GLY,H,6,21,9,0,8,31,9,1,11,46,10,1,15,53,13,1,16,73,17,1
3D6C,1392,A,86,GLY,H,5,19,6,0,8,29,8,0,11,38,10,1,15,46,12,1,16,63,13,1
3D6C,1393,A,87,ARG,N,10,30,10,1,10,45,12,1,11,57,14,1,17,68,17,1,21,87,21,1
3D6C,1394,A,87,ARG,CA,10,41,11,1,11,50,14,1,16,60,16,1,21,80,20,1,24,109,22,1
3D6C,1395,A,87,ARG,C,11,45,12,1,13,55,15,1,16,61,18,1,23,91,20,1,26,118,24,1
3D6C,1396,A,87,ARG,O,11,40,13,1,13,53,14,1,16,68,17,1,20,84,20,1,26,112,24,1
3D6C,1397,A,87,ARG,HN,9,33,10,0,10,42,12,1,10,54,13,1,15,63,16,1,22,83,20,1
3D6C,1398,A,87,ARG,H,9,37,11,1,12,49,13,1,17,65,17,1,20,86,19,1,24,112,24,1
3D6C,1399,A,87,ARG,C,8,40,10,0,13,52,15,1,18,64,17,1,22,88,23,1,25,106,26,1
3D6C,1400,A,87,ARG,C,7,30,8,0,13,47,13,0,17,60,16,1,20,78,20,1,25,93,25,1
3D6C,1401,A,87,ARG,C,9,27,9,0,14,40,14,0,17,61,18,0,22,81,21,1,25,96,30,1
3D6C,1402,A,87,ARG,N,7,30,8,0,14,41,12,0,15,54,19,0,21,73,24,0,22,106,29,1
3D6C,1403,A,87,ARG,C,6,23,6,0,12,35,11,0,15,55,21,0,18,73,24,0,28,106,29,0
3D6C,1404,A,87,ARG,N,5,21,7,0,10,34,14,0,14,52,19,0,21,84,25,0,32,112,30,0
3D6C,1405,A,87,ARG,N,5,20,2,0,10,33,10,0,12,54,19,0,16,70,24,0,27,101,28,0
3D6C,1406,A,87,ARG,H,10,37,12,0,15,57,14,1,20,74,18,1,23,100,25,1,29,117,29,1
3D6C,1407,A,87,ARG,H,12,36,11,0,14,49,14,0,18,65,17,1,21,84,21,1,26,112,26,1
3D6C,1408,A,87,ARG,H,8,30,9,0,10,42,10,0,14,53,15,1,19,69,17,1,21,85,22,1
3D6C,1409,A,87,ARG,H,7,28,9,0,11,47,12,0,16,65,15,1,20,77,19,1,25,95,25,1
3D6C,1410,A,87,ARG,H,6,26,6,0,11,39,13,0,17,50,17,0,20,75,21,0,26,94,27,1
3D6C,1411,A,87,ARG,H,8,31,11,0,15,47,14,0,19,72,18,0,23,88,23,1,26,113,32,1
3D6C,1412,A,87,ARG,HN,8,33,9,0,12,43,12,0,16,51,17,0,18,76,23,0,21,97,28,1
3D6C,1413,A,87,ARG,HN,6,21,8,0,10,39,15,0,15,55,20,0,24,80,26,0,30,115,30,0
3D6C,1414,A,87,ARG,HN,5,17,10,0,7,31,12,0,11,54,18,0,24,86,25,0,32,113,33,0
3D6C,1415,A,87,ARG,HN,8,21,3,0,10,37,9,0,13,57,18,0,16,73,22,0,26,96,30,0
3D6C,1416,A,87,ARG,HN,3,19,3,0,7,32,11,0,10,47,17,0,19,71,22,0,27,105,28,0
3D6C,1417,A,88,GLY,N,10,48,12,1,13,56,14,1,20,79,18,1,26,110,21,1,34,131,26,1
3D6C,1418,A,88,GLY,CA,8,47,9,1,12,62,15,1,17,85,17,1,28,110,22,1,38,139,30,1
3D6C,1419,A,88,GLY,C,9,50,12,1,13,70,17,1,22,94,19,1,34,120,25,1,39,147,33,1
3D6C,1420,A,88,GLY,O,11,49,12,1,13,73,16,1,25,96,19,1,33,127,25,1,40,152,36,1
3D6C,1421,A,88,GLY,HN,11,41,11,1,15,55,14,1,21,84,18,1,27,110,24,1,32,133,26,1
3D6C,1422,A,88,GLY,H,8,46,10,1,10,59,13,1,20,77,17,1,25,98,21,1,35,126,31,1
3D6C,1423,A,88,GLY,H,8,48,8,1,11,67,13,1,17,87,17,1,29,114,25,1,40,142,34,1
3D6C,1424,A,89,LEU,N,12,51,10,1,15,61,16,1,22,84,21,1,30,119,26,1,40,144,34,1
3D6C,1425,A,89,LEU,CA,11,44,9,0,16,68,15,1,23,91,23,1,33,116,32,1,41,165,40,1
3D6C,1426,A,89,LEU,C,11,51,10,0,18,75,16,0,23,93,24,1,31,120,32,1,42,154,44,2
3D6C,1427,A,89,LEU,O,12,44,10,0,17,75,15,0,24,89,19,1,28,114,34,1,36,151,42,1
3D6C,1428,A,89,LEU,HN,8,44,9,1,16,61,16,1,21,78,19,1,31,111,25,1,37,134,34,1
3D6C,1429,A,89,LEU,H,11,37,11,0,19,67,16,0,26,92,21,1,33,126,30,1,41,159,43,1
3D6C,1430,A,89,LEU,C,11,40,11,0,14,57,16,0,25,89,26,1,38,117,32,1,44,160,39,1
3D6C,1431,A,89,LEU,C,10,32,12,0,17,52,15,0,24,80,22,0,34,124,30,1,44,153,36,1
3D6C,1432,A,89,LEU,C,8,34,12,0,14,49,16,0,27,83,20,0,35,114,29,0,41,139,36,1
3D6C,1433,A,89,LEU,C,14,36,11,0,19,51,17,0,25,77,22,0,32,132,29,1,43,160,38,1
3D6C,1434,A,89,LEU,H,13,36,9,0,17,67,19,0,26,94,27,0,36,125,36,1,44,160,39,1
3D6C,1435,A,89,LEU,H,9,38,10,0,17,61,18,0,21,83,26,1,35,110,30,1,42,147,35,1
3D6C,1436,A,89,LEU,H,10,34,11,0,17,54,16,0,23,77,19,1,31,98,26,1,39,141,33,1
3D6C,1437,A,89,LEU,H,8,32,10,0,17,49,14,0,24,83,19,0,32,101,26,0,39,123,32,1
3D6C,1438,A,89,LEU,H,8,32,13,0,16,57,18,0,27,83,23,0,37,115,29,0,40,143,37,0
3D6C,1439,A,89,LEU,H,8,29,14,0,15,49,15,0,25,74,20,0,34,110,27,0,41,131,34,1
3D6C,1440,A,89,LEU,H,15,30,10,0,20,52,15,0,23,75,23,0,30,114,27,0,37,151,33,1
3D6C,1441,A,89,LEU,H,14,38,13,0,20,50,16,0,25,82,19,0,30,121,28,1,40,161,40,1
3D6C,1442,A,89,LEU,H,13,33,12,0,20,51,19,0,28,87,21,0,35,136,31,0,44,165,44,1
3D6C,1443,A,90,ALA,N,12,56,10,0,16,75,14,0,20,96,24,1,32,129,30,2,43,174,44,2
3D6C,1444,A,90,ALA,CA,10,58,11,0,14,77,18,0,21,93,24,1,29,135,30,2,44,188,42,2
3D6C,1445,A,90,ALA,C,11,53,11,0,14,76,15,1,21,103,23,1,29,139,32,1,44,185,41,2
3D6C,1446,A,90,ALA,O,10,48,9,0,15,72,13,1,23,110,22,1,27,141,35,1,41,174,45,2
3D6C,1447,A,90,ALA,HN,12,54,11,0,16,76,14,0,21,102,24,1,31,136,31,2,41,174,45,2
3D6C,1448,A,90,ALA,H,9,54,13,0,15,73,17,0,22,99,24,1,36,133,32,2,41,178,39,2
3D6C,1449,A,90,ALA,C,11,51,9,0,14,74,13,1,18,103,24,1,26,133,31,2,42,185,38,2
3D6C,1450,A,90,ALA,H,10,50,10,0,13,70,14,0,18,107,22,2,31,143,31,2,41,180,38,2
3D6C,1451,A,90,ALA,H,12,54,9,0,14,72,14,1,17,103,21,1,28,145,30,2,43,189,43,2
3D6C,1452,A,90,ALA,H,10,48,8,0,15,74,12,1,19,105,22,1,28,133,32,1,41,171,39,2
3D6C,1453,A,91,TYR,N,12,48,11,1,14,69,15,1,19,104,21,1,31,131,31,1,41,172,41,1
3D6C,1454,A,91,TYR,CA,12,48,10,1,16,70,13,1,22,101,23,1,29,131,32,1,37,178,41,2
3D6C,1455,A,91,TYR,C,10,52,8,1,17,69,15,1,23,97,21,1,26,136,28,1,38,173,38,2
3D6C,1456,A,91,TYR,O,9,41,9,1,17,73,15,1,21,104,21,1,30,135,26,1,36,167,41,2
3D6C,1457,A,91,TYR,HN,10,46,12,1,12,71,18,1,21,99,22,1,30,137,26,1,44,171,44,2
3D6C,1458,A,91,TYR,H,12,46,10,1,15,69,15,1,22,98,22,1,25,133,30,1,44,175,43,2
3D6C,1459,A,91,TYR,C,11,45,8,1,17,71,14,1,20,100,24,1,31,128,32,1,36,161,40,1
3D6C,1460,A,91,TYR,C,11,43,10,1,16,65,15,1,23,99,27,1,30,126,31,1,40,157,45,1
3D6C,1461,A,91,TYR,C,10,45,11,1,19,74,19,1,23,95,25,1,31,125,34,1,41,164,46,1
3D6C,1462,A,91,TYR,C,11,44,11,1,14,65,19,1,22,87,24,1,30,126,31,1,42,168,42,1
3D6C,1463,A,91,TYR,C,13,44,13,1,17,64,20,1,22,92,26,1,33,126,34,1,40,167,46,1
3D6C,1464,A,91,TYR,C,13,48,14,1,17,59,19,1,18,83,26,1,32,124,34,1,43,162,41,1
3D6C,1465,A,91,TYR,C,11,46,16,1,18,62,21,1,22,86,26,1,31,124,32,1,44,162,45,1
3D6C,1466,A,91,TYR,OH,14,40,15,0,18,62,23,1,24,87,28,1,33,114,34,1,42,156,40,1
3D6C,1467,A,91,TYR,H,12,45,9,1,16,69,15,1,21,95,23,1,28,121,31,1,39,159,41,2
3D6C,1468,A,91,TYR,H,10,41,9,1,18,65,14,1,23,98,22,1,29,123,33,1,38,156,40,1
3D6C,1469,A,91,TYR,H,11,46,11,1,16,70,16,1,24,98,24,1,30,124,37,1,41,169,46,1
3D6C,1470,A,91,TYR,H,9,38,12,1,15,62,17,1,21,94,22,1,34,119,29,1,41,166,43,1
3D6C,1471,A,91,TYR,H,11,43,12,1,16,64,20,1,25,97,27,1,35,125,37,1,47,171,47,1
3D6C,1472,A,91,TYR,H,10,44,14,0,18,62,19,1,22,79,25,1,31,118,32,1,43,154,38,1
3D6C,1473,A,91,TYR,HO,13,41,17,0,19,63,20,1,24,83,29,1,35,109,33,1,42,143,38,1
3D6C,1474,A,92,ILE,N,11,47,9,1,15,71,14,1,17,101,21,1,29,142,30,2,39,182,38,2
3D6C,1475,A,92,ILE,CA,10,50,8,1,13,70,13,1,22,101,22,2,29,141,32,2,41,182,42,2
3D6C,1476,A,92,ILE,C,10,49,8,1,15,69,16,2,23,94,19,2,26,127,29,2,33,169,40,2
3D6C,1477,A,92,ILE,O,12,43,9,2,15,64,13,2,22,94,20,2,24,130,29,2,34,162,37,2
3D6C,1478,A,92,ILE,HN,13,48,10,1,14,70,15,1,19,97,18,2,30,140,29,2,39,183,41,2
3D6C,1479,A,92,ILE,H,10,44,9,0,13,74,12,1,21,105,21,1,32,138,33,2,37,178,41,2
3D6C,1480,A,92,ILE,C,10,49,6,0,13,73,12,1,21,100,24,2,31,141,34,2,45,191,42,2
3D6C,1481,A,92,ILE,C,11,43,8,0,16,73,14,0,21,104,21,1,28,143,33,2,47,193,46,3
3D6C,1482,A,92,ILE,C,7,44,6,0,12,72,14,1,22,105,25,2,35,135,32,2,48,185,49,2
3D6C,1483,A,92,ILE,C,11,44,10,0,16,70,14,0,22,109,21,1,31,154,33,2,42,190,44,3
3D6C,1484,A,92,ILE,H,7,42,8,1,15,72,12,2,22,107,21,2,32,141,33,2,45,182,45,2
3D6C,1485,A,92,ILE,H,11,44,9,0,18,64,14,0,21,103,25,1,33,145,36,2,48,193,45,3
3D6C,1486,A,92,ILE,H,11,45,10,0,16,81,15,1,22,103,21,1,29,140,31,2,40,191,42,3
3D6C,1487,A,92,ILE,H,6,40,4,0,13,74,16,1,24,105,26,1,39,130,36,2,50,182,47,2
3D6C,1488,A,92,ILE,H,8,43,7,0,11,72,12,0,23,103,24,1,34,141,35,2,45,184,46,3
3D6C,1489,A,92,ILE,H,9,46,8,0,13,66,15,1,20,101,20,2,34,136,33,2,47,173,47,2
3D6C,1490,A,92,ILE,H,12,44,11,0,17,68,16,0,21,113,23,1,31,148,31,2,44,188,40,2
3D6C,1491,A,92,ILE,H,11,43,10,0,15,75,13,0,22,110,19,1,28,149,33,2,40,184,45,3
3D6C,1492,A,92,ILE,H,8,40,8,0,14,68,15,0,26,107,23,1,32,150,31,2,40,199,46,3
3D6C,1493,A,93,TYR,N,13,46,12,1,15,67,18,2,19,87,21,2,27,116,26,2,35,154,36,2
3D6C,1494,A,93,TYR,CA,13,43,12,0,14,58,15,2,19,83,21,2,26,108,27,2,33,135,33,2
3D6C,1495,A,93,TYR,C,11,42,12,1,15,59,18,1,19,75,22,2,27,107,28,2,33,139,33,2
3D6C,1496,A,93,TYR,O,11,39,12,0,15,64,19,1,22,84,22,1,25,108,29,2,31,142,33,2
3D6C,1497,A,93,TYR,HN,12,45,11,0,16,63,18,1,19,92,21,2,27,119,27,2,32,157,40,2
3D6C,1498,A,93,TYR,H,11,41,11,2,15,57,14,2,18,82,21,2,22,101,27,2,34,134,33,2
3D6C,1499,A,93,TYR,C,11,38,13,0,14,55,16,1,18,70,19,2,25,97,27,2,30,123,31,2
3D6C,1500,A,93,TYR,C,11,36,12,1,16,54,18,1,19,73,21,1,23,96,24,2,28,122,31,2
3D6C,1501,A,93,TYR,C,12,35,12,1,17,56,17,1,21,76,22,1,25,97,25,1,28,139,32,2
3D6C,1502,A,93,TYR,C,8,29,10,1,13,48,15,1,19,66,17,2,21,88,24,2,25,109,30,2
3D6C,1503,A,93,TYR,C,10,37,11,1,18,52,15,1,20,76,21,1,24,102,25,1,30,134,34,2
3D6C,1504,A,93,TYR,C,8,26,10,1,13,45,13,1,19,65,17,1,21,87,24,2,25,110,30,2
3D6C,1505,A,93,TYR,C,9,30,10,1,14,47,14,1,19,71,18,1,23,93,25,1,27,120,34,2
3D6C,1506,A,93,TYR,OH,7,28,6,1,10,44,14,1,19,71,20,1,24,96,26,1,31,122,34,1
3D6C,1507,A,93,TYR,H,11,35,11,0,12,49,15,1,15,66,19,2,23,88,25,2,29,116,30,2
3D6C,1508,A,93,TYR,H,13,38,13,0,16,59,14,0,19,76,22,1,23,96,26,2,30,122,31,2
3D6C,1509,A,93,TYR,H,11,42,13,1,16,58,17,1,21,80,21,1,26,109,27,1,31,146,32,2
3D6C,1510,A,93,TYR,H,8,26,9,1,11,42,14,1,16,63,17,2,22,81,22,2,25,105,29,2
3D6C,1511,A,93,TYR,H,10,36,10,1,16,57,14,1,22,78,20,1,26,109,27,1,33,142,36,1
3D6C,1512,A,93,TYR,H,7,21,8,1,11,38,14,1,15,61,15,1,20,78,21,2,25,99,27,2
3D6C,1513,A,93,TYR,HO,4,24,6,1,10,41,12,1,16,61,18,1,22,84,22,1,29,110,32,1
3D6C,1514,A,94,ALA,N,10,51,13,1,16,62,17,1,18,74,22,2,25,104,26,2,32,140,32,2
3D6C,1515,A,94,ALA,CA,12,47,13,1,15,59,16,1,19,77,23,1,23,94,28,1,32,133,31,2
3D6C,1516,A,94,ALA,C,11,35,11,1,12,59,16,1,18,74,19,1,22,81,23,1,27,99,29,2
3D6C,1517,A,94,ALA,O,9,30,10,1,13,47,14,1,16,71,17,1,21,79,21,1,25,98,28,2
3D6C,1518,A,94,ALA,HN,9,48,10,1,12,60,16,1,19,74,20,2,26,99,26,2,29,133,34,2
3D6C,1519,A,94,ALA,H,11,47,13,1,15,58,17,1,20,83,22,1,24,105,28,1,32,130,31,2
3D6C,1520,A,94,ALA,C,13,42,13,1,15,57,16,1,17,76,22,1,26,105,27,1,30,136,28,2
3D6C,1521,A,94,ALA,H,13,38,13,1,15,55,15,1,17,75,23,1,23,100,25,1,29,127,29,1
3D6C,1522,A,94,ALA,H,9,40,11,1,16,54,18,1,19,78,21,1,26,108,26,2,28,136,33,2
3D6C,1523,A,94,ALA,H,12,41,11,1,17,59,18,1,20,89,23,1,26,116,27,1,33,150,34,2
3D6C,1524,A,95,ASP,N,9,36,9,0,13,53,15,1,16,66,16,1,21,76,19,1,25,96,22,1
3D6C,1525,A,95,ASP,CA,9,31,7,0,13,43,12,0,14,55,15,1,17,69,17,1,22,77,19,1
3D6C,1526,A,95,ASP,C,6,24,6,0,13,39,7,0,15,55,15,1,16,66,16,1,19,76,19,1
3D6C,1527,A,95,ASP,O,5,16,6,0,9,28,6,0,15,45,10,1,15,57,15,1,16,72,16,1
3D6C,1528,A,95,ASP,HN,9,36,11,0,13,52,15,0,18,65,16,1,22,83,19,1,26,103,23,1
3D6C,1529,A,95,ASP,H,9,30,9,0,12,39,12,0,13,50,14,0,18,62,16,1,21,78,18,1
3D6C,1530,A,95,ASP,C,8,26,8,0,8,35,10,0,15,49,12,1,18,60,16,1,20,71,20,1
3D6C,1531,A,95,ASP,C,8,19,6,0,9,32,9,0,12,45,12,0,16,57,15,1,20,64,19,1
3D6C,1532,A,95,ASP,O,8,21,6,0,10,28,9,0,11,44,13,0,15,52,16,0,19,67,19,1
3D6C,1533,A,95,ASP,O,7,20,6,0,9,27,8,0,12,42,11,0,16,53,15,1,18,63,17,1
3D6C,1534,A,95,ASP,H,6,24,4,0,9,28,9,0,11,39,10,0,16,50,13,1,19,63,17,1
3D6C,1535,A,95,ASP,H,7,27,7,0,10,38,10,1,14,48,12,1,20,64,17,1,20,76,20,1
3D6C,1536,A,96,GLY,N,8,29,9,0,11,45,12,0,14,59,14,1,17,67,19,1,22,85,23,2
3D6C,1537,A,96,GLY,CA,6,27,8,0,8,36,11,0,12,48,13,0,16,66,16,2,22,83,24,2
3D6C,1538,A,96,GLY,C,8,27,7,0,8,33,10,0,9,47,13,2,17,64,18,2,22,90,22,2
3D6C,1539,A,96,GLY,O,6,26,6,0,8,33,8,0,9,43,12,2,14,63,18,2,21,89,23,2
3D6C,1540,A,96,GLY,HN,9,34,11,0,11,50,12,0,15,61,17,1,20,75,22,1,24,100,25,2
3D6C,1541,A,96,GLY,H,7,25,7,0,8,39,10,0,13,48,14,0,19,71,19,2,22,86,24,2
3D6C,1542,A,96,GLY,H,5,21,7,0,8,30,9,0,13,44,12,0,14,51,13,0,16,69,20,2
3D6C,1543,A,97,LYS,N,7,21,7,0,7,31,10,1,10,47,14,2,15,66,18,2,22,90,24,2
3D6C,1544,A,97,LYS,CA,7,26,7,1,9,36,8,2,11,44,15,2,13,68,20,2,20,90,23,2
3D6C,1545,A,97,LYS,C,10,31,8,2,11,44,11,2,13,59,18,2,17,78,21,2,26,108,27,2
3D6C,1546,A,97,LYS,O,9,33,7,2,12,50,14,2,15,73,18,2,21,88,25,2,27,116,31,2
3D6C,1547,A,97,LYS,HN,7,21,10,1,8,33,11,1,12,50,14,1,18,74,20,2,23,91,25,2
3D6C,1548,A,97,LYS,H,6,23,6,0,9,36,8,2,10,41,11,2,13,58,19,2,15,81,22,2
3D6C,1549,A,97,LYS,C,5,21,4,1,7,30,8,1,10,45,14,2,14,55,17,2,19,82,24,2
3D6C,1550,A,97,LYS,C,4,11,4,1,5,22,4,1,8,29,10,1,10,46,16,2,16,60,18,2
3D6C,1551,A,97,LYS,C,2,7,3,1,4,14,4,1,6,21,7,1,6,40,14,1,16,54,18,1
3D6C,1552,A,97,LYS,C,0,3,3,0,3,7,3,0,4,14,5,1,6,19,8,1,8,38,14,1
3D6C,1553,A,97,LYS,N,0,1,1,0,1,4,3,0,2,8,4,0,5,17,7,1,6,31,11,1
3D6C,1554,A,97,LYS,H,6,22,5,1,9,34,10,1,11,47,12,2,14,58,18,2,19,85,24,2
3D6C,1555,A,97,LYS,H,5,22,5,1,7,32,11,1,12,45,12,1,19,64,21,2,22,94,27,2
3D6C,1556,A,97,LYS,H,4,12,3,0,5,20,6,1,7,25,11,1,9,43,13,1,17,63,18,2
3D6C,1557,A,97,LYS,H,2,8,4,0,5,17,5,1,7,29,6,1,10,40,14,2,11,56,16,2
3D6C,1558,A,97,LYS,H,1,4,4,1,6,14,4,1,6,28,8,1,8,43,14,1,15,59,19,2
3D6C,1559,A,97,LYS,H,3,10,3,1,4,15,6,1,6,28,8,1,11,43,15,1,19,66,20,1
3D6C,1560,A,97,LYS,H,0,0,2,0,1,7,3,0,3,12,4,1,4,18,8,1,9,33,10,1
3D6C,1561,A,97,LYS,H,1,5,3,0,3,8,4,0,4,12,6,1,6,20,7,1,10,34,12,1
3D6C,1562,A,97,LYS,HN,0,0,1,0,0,2,2,0,2,6,3,0,3,10,4,0,5,19,8,1
3D6C,1563,A,97,LYS,HN,0,1,2,0,2,4,3,0,2,12,6,1,6,22,6,1,7,34,11,1
3D6C,1564,A,97,LYS,HN,0,0,0,0,0,2,3,0,1,6,4,1,4,13,7,1,6,29,10,1
3D6C,1565,A,98,MET,N,9,36,9,1,12,48,13,1,15,59,17,1,19,90,19,1,25,120,24,1
3D6C,1566,A,98,MET,CA,9,41,10,1,13,54,14,1,17,75,17,1,21,105,23,1,27,139,29,1
3D6C,1567,A,98,MET,C,10,43,10,1,11,57,13,1,16,75,16,1,22,111,25,1,29,145,32,1
3D6C,1568,A,98,MET,O,8,37,11,1,12,55,11,1,16,78,15,1,23,105,25,1,27,134,31,1
3D6C,1569,A,98,MET,HN,8,32,8,1,12,43,12,1,14,57,17,1,17,77,17,1,23,109,25,1
3D6C,1570,A,98,MET,H,10,39,10,1,14,55,14,1,18,83,18,1,22,111,25,1,28,137,30,1
3D6C,1571,A,98,MET,C,10,39,10,0,15,57,13,1,15,74,19,1,25,107,23,1,28,136,29,1
3D6C,1572,A,98,MET,C,11,43,9,0,14,61,15,1,18,92,20,1,26,116,25,1,31,147,34,1
3D6C,1573,A,98,MET,S,10,42,12,0,13,68,14,0,21,97,21,0,28,119,28,1,34,150,37,1
3D6C,1574,A,98,MET,C,10,42,7,0,13,54,17,0,17,78,20,0,25,108,25,0,34,140,36,1
3D6C,1575,A,98,MET,H,8,40,9,0,12,53,12,1,18,79,17,1,22,106,23,1,31,129,27,1
3D6C,1576,A,98,MET,H,11,40,9,0,14,54,14,0,17,70,17,1,22,94,23,1,28,123,28,1
3D6C,1577,A,98,MET,H,13,48,10,0,14,67,15,0,18,89,21,1,26,114,25,1,32,148,37,1
3D6C,1578,A,98,MET,H,10,45,9,0,14,65,14,1,17,93,20,1,28,122,25,1,31,158,36,1
3D6C,1579,A,98,MET,H,8,41,7,0,13,55,14,0,17,74,24,0,26,106,27,0,33,142,31,0
3D6C,1580,A,98,MET,H,7,35,9,0,13,52,14,0,16,68,17,0,25,95,25,1,29,135,31,1
3D6C,1581,A,98,MET,H,9,42,8,0,13,57,14,0,17,74,20,0,24,107,28,0,35,138,36,1
3D6C,1582,A,99,VAL,N,10,47,9,2,10,61,13,2,16,79,21,2,25,116,25,2,32,162,32,2
3D6C,1583,A,99,VAL,CA,9,43,7,2,13,64,14,2,17,89,20,2,24,115,25,2,37,164,36,2
3D6C,1584,A,99,VAL,C,9,43,8,2,12,63,11,2,19,96,19,2,25,129,29,2,38,163,39,2
3D6C,1585,A,99,VAL,O,8,44,9,2,13,60,10,2,16,95,19,2,29,131,30,2,39,162,44,2
3D6C,1586,A,99,VAL,HN,9,45,10,2,13,60,13,2,18,86,20,2,25,127,26,2,32,156,33,2
3D6C,1587,A,99,VAL,H,8,44,9,2,14,64,13,2,17,86,17,2,23,117,27,2,34,149,35,2
3D6C,1588,A,99,VAL,C,10,47,8,2,12,67,14,2,20,96,19,2,29,130,30,2,41,172,43,2
3D6C,1589,A,99,VAL,C,11,45,8,1,15,69,14,2,22,91,23,2,29,127,32,2,45,178,42,2
3D6C,1590,A,99,VAL,C,6,44,9,1,16,64,14,2,20,94,20,2,31,127,26,2,39,169,43,2
3D6C,1591,A,99,VAL,H,9,39,10,2,14,72,13,2,22,95,21,2,30,141,31,2,41,180,44,2
3D6C,1592,A,99,VAL,H,9,43,8,1,17,68,15,1,22,96,24,2,33,129,36,2,44,183,41,2
3D6C,1593,A,99,VAL,H,9,44,10,1,15,63,14,1,20,91,22,2,30,125,29,2,41,172,37,2
3D6C,1594,A,99,VAL,H,8,46,8,1,17,69,14,2,24,94,24,2,36,132,33,2,44,178,43,2
3D6C,1595,A,99,VAL,H,7,43,9,1,14,64,13,1,26,97,20,2,32,137,31,2,42,175,44,2
3D6C,1596,A,99,VAL,H,8,41,10,1,15,70,12,2,20,95,18,2,27,121,29,2,36,161,41,2
3D6C,1597,A,99,VAL,H,10,43,9,1,15,62,12,1,22,92,20,2,27,123,29,2,37,154,39,2
3D6C,1598,A,100,ASN,N,8,45,7,2,12,70,13,2,17,96,16,2,28,131,33,2,42,177,41,2
3D6C,1599,A,100,ASN,CA,9,50,7,1,14,70,14,2,19,102,23,2,30,137,31,2,43,172,44,2
3D6C,1600,A,100,ASN,C,7,42,8,1,13,65,14,2,21,98,21,2,32,141,30,2,39,172,43,2
3D6C,1601,A,100,ASN,O,8,46,9,1,14,63,16,1,23,98,25,2,30,140,34,2,40,180,44,2
3D6C,1602,A,100,ASN,HN,9,47,8,2,12,69,13,2,16,98,18,2,28,133,29,2,40,179,42,2
3D6C,1603,A,100,ASN,H,8,45,9,1,18,73,16,2,22,99,24,2,32,139,33,2,43,182,45,2
3D6C,1604,A,100,ASN,C,11,54,8,1,14,73,13,1,20,102,26,2,32,132,32,2,42,174,42,2
3D6C,1605,A,100,ASN,C,10,52,8,1,15,71,14,1,21,101,21,2,31,133,32,2,41,180,42,2
3D6C,1606,A,100,ASN,O,9,48,7,1,15,71,13,1,19,100,20,2,27,138,28,2,40,182,41,2
3D6C,1607,A,100,ASN,N,10,49,8,1,11,69,13,1,23,95,24,1,32,143,31,1,45,190,45,2
3D6C,1608,A,100,ASN,H,11,49,9,1,14,73,16,1,27,104,24,1,32,134,35,2,45,187,43,2
3D6C,1609,A,100,ASN,H,11,56,9,1,16,78,12,1,22,101,24,2,29,128,33,2,42,169,42,2
3D6C,1610,A,100,ASN,HN,9,44,10,1,11,65,15,1,23,97,24,1,39,153,30,1,44,190,47,2
3D6C,1611,A,100,ASN,HN,10,47,7,1,13,73,15,1,21,104,23,1,31,141,32,1,41,193,42,2
3D6C,1612,A,101,GLU,N,8,40,7,1,11,62,13,2,22,97,17,2,33,123,28,2,41,162,37,2
3D6C,1613,A,101,GLU,CA,9,39,9,1,12,56,13,2,17,86,17,2,30,121,24,2,38,153,37,2
3D6C,1614,A,101,GLU,C,8,40,6,1,13,53,12,2,17,73,16,2,26,110,23,2,39,148,32,2
3D6C,1615,A,101,GLU,O,10,35,10,1,15,54,12,2,19,79,16,2,27,104,25,2,35,137,32,2
3D6C,1616,A,101,GLU,HN,8,42,8,1,12,68,10,2,20,99,19,2,28,117,25,2,39,155,36,2
3D6C,1617,A,101,GLU,H,10,41,10,1,13,53,14,1,21,89,22,2,32,123,26,2,40,154,38,2
3D6C,1618,A,101,GLU,C,8,35,6,1,11,55,10,1,18,75,15,2,24,106,24,2,34,142,31,2
3D6C,1619,A,101,GLU,C,9,35,6,1,14,46,9,1,18,66,17,1,23,92,21,2,33,133,28,2
3D6C,1620,A,101,GLU,C,4,21,3,1,10,38,7,1,17,59,13,1,23,79,18,2,28,107,23,2
3D6C,1621,A,101,GLU,O,4,22,2,1,9,36,6,1,13,57,12,1,25,81,17,2,28,101,25,2
3D6C,1622,A,101,GLU,O,3,17,2,1,8,32,6,1,15,55,10,1,23,71,16,1,29,94,20,2
3D6C,1623,A,101,GLU,H,7,32,7,1,10,57,9,2,17,80,13,2,23,99,19,2,33,132,29,2
3D6C,1624,A,101,GLU,H,10,36,7,1,14,55,11,1,19,85,18,1,27,109,26,2,32,141,32,2
3D6C,1625,A,101,GLU,H,10,35,7,1,15,50,11,1,17,66,16,1,27,97,23,1,33,133,30,2
3D6C,1626,A,101,GLU,H,9,32,5,1,12,44,10,1,16,62,14,2,24,90,21,2,33,119,24,2
3D6C,1627,A,102,ALA,N,8,41,10,2,8,56,13,2,17,78,17,2,24,113,24,2,33,144,34,2
3D6C,1628,A,102,ALA,CA,8,41,10,1,9,53,12,2,16,72,17,2,23,99,24,2,31,129,28,2
3D6C,1629,A,102,ALA,C,10,41,9,1,12,58,12,1,16,80,20,2,23,99,24,2,38,134,34,2
3D6C,1630,A,102,ALA,O,10,42,9,1,13,55,12,1,17,70,16,1,22,96,24,2,33,130,33,2
3D6C,1631,A,102,ALA,HN,8,38,10,2,10,56,11,2,14,83,15,2,22,117,24,2,35,143,35,2
3D6C,1632,A,102,ALA,H,8,35,10,1,12,53,11,2,16,67,15,2,21,91,21,2,27,120,29,2
3D6C,1633,A,102,ALA,C,8,39,7,1,9,52,13,2,15,74,18,2,24,95,21,2,30,133,31,2
3D6C,1634,A,102,ALA,H,8,39,8,1,10,52,9,1,16,65,18,2,22,89,22,2,30,121,30,2
3D6C,1635,A,102,ALA,H,8,36,9,1,11,60,12,2,19,77,19,2,24,105,25,2,31,144,33,2
3D6C,1636,A,102,ALA,H,8,33,7,1,11,51,12,2,14,71,17,2,22,93,21,2,27,124,27,2
3D6C,1637,A,103,LEU,N,10,45,9,1,11,65,14,1,15,81,21,2,27,108,28,2,39,144,38,2
3D6C,1638,A,103,LEU,CA,9,44,12,1,13,65,15,1,20,86,20,1,30,117,29,2,40,153,44,2
3D6C,1639,A,103,LEU,C,10,43,11,0,13,64,15,0,23,93,20,1,32,129,32,2,42,161,44,2
3D6C,1640,A,103,LEU,O,8,40,11,0,14,62,14,0,24,95,24,0,32,127,27,1,43,166,43,2
3D6C,1641,A,103,LEU,HN,8,44,7,1,13,67,15,2,14,89,21,2,27,115,28,2,40,153,40,2
3D6C,1642,A,103,LEU,H,10,45,12,1,16,58,16,1,18,81,17,1,31,113,27,1,41,157,40,2
3D6C,1643,A,103,LEU,C,12,49,10,0,16,74,18,1,23,92,25,2,32,118,34,2,44,162,44,2
3D6C,1644,A,103,LEU,C,9,52,9,1,19,70,16,1,25,91,27,1,33,113,36,2,44,166,44,2
3D6C,1645,A,103,LEU,C,10,49,9,1,19,71,18,1,28,94,28,2,37,135,40,2,46,177,46,2
3D6C,1646,A,103,LEU,C,12,47,8,0,19,69,19,1,25,96,30,1,34,124,34,1,41,156,45,2
3D6C,1647,A,103,LEU,H,11,50,12,0,16,74,14,0,23,89,25,1,33,132,38,2,42,170,46,2
3D6C,1648,A,103,LEU,H,11,45,10,0,17,74,15,2,21,100,27,2,33,130,37,2,44,162,46,2
3D6C,1649,A,103,LEU,H,8,48,10,1,17,68,15,1,24,91,23,1,31,119,34,2,40,158,45,2
3D6C,1650,A,103,LEU,H,13,46,12,1,17,70,16,1,29,101,27,1,39,128,40,2,45,172,49,2
3D6C,1651,A,103,LEU,H,10,48,11,0,21,67,21,0,29,98,31,1,35,132,39,2,45,170,46,2
3D6C,1652,A,103,LEU,H,10,44,11,1,20,69,20,2,26,97,25,2,38,138,33,2,44,169,48,2
3D6C,1653,A,103,LEU,H,11,44,12,1,15,64,16,1,27,95,29,1,34,122,33,1,42,159,46,1
3D6C,1654,A,103,LEU,H,10,43,9,0,17,64,18,1,25,94,25,1,31,124,33,1,36,153,43,1
3D6C,1655,A,103,LEU,H,11,45,11,0,19,72,21,0,25,99,29,1,37,125,37,1,43,159,46,1
3D6C,1656,A,104,VAL,N,11,48,12,0,12,67,15,0,25,89,24,2,31,125,32,2,42,168,45,2
3D6C,1657,A,104,VAL,CA,11,48,14,0,17,68,16,0,26,96,26,0,32,132,34,1,42,166,43,2
3D6C,1658,A,104,VAL,C,15,40,11,0,19,67,20,0,26,97,25,0,31,124,30,1,42,158,41,2
3D6C,1659,A,104,VAL,O,16,43,13,0,19,69,20,0,27,102,25,0,36,134,29,0,39,154,40,0
3D6C,1660,A,104,VAL,HN,11,45,11,0,14,66,14,1,20,92,24,2,32,123,33,2,42,165,43,2
3D6C,1661,A,104,VAL,H,12,46,14,0,17,73,16,0,26,101,25,0,33,136,32,1,44,169,47,2
3D6C,1662,A,104,VAL,C,14,48,14,0,21,69,18,0,27,91,30,1,31,135,36,1,43,168,42,2
3D6C,1663,A,104,VAL,C,15,44,15,0,21,67,18,0,28,96,28,0,34,128,36,1,40,161,40,1
3D6C,1664,A,104,VAL,C,16,47,12,0,20,68,19,1,24,93,31,1,32,135,37,1,45,178,45,2
3D6C,1665,A,104,VAL,H,14,47,12,0,18,66,20,1,28,90,28,1,33,127,34,1,40,167,43,2
3D6C,1666,A,104,VAL,H,11,43,15,0,21,67,20,0,29,93,26,1,36,124,36,1,42,155,42,1
3D6C,1667,A,104,VAL,H,13,46,12,0,22,71,20,0,27,97,26,0,32,128,33,0,43,157,40,1
3D6C,1668,A,104,VAL,H,18,45,15,0,22,68,16,0,24,91,29,0,33,122,33,1,43,159,41,1
3D6C,1669,A,104,VAL,H,14,46,11,0,21,64,21,1,27,101,33,1,36,134,36,1,47,174,44,1
3D6C,1670,A,104,VAL,H,14,44,12,0,20,68,19,1,24,100,29,1,31,137,40,1,45,173,46,2
3D6C,1671,A,104,VAL,H,13,46,12,0,20,73,20,0,24,93,28,1,32,136,37,1,47,175,43,1
3D6C,1672,A,105,ARG,N,11,36,12,0,16,60,17,0,22,84,26,0,25,116,28,2,36,146,36,2
3D6C,1673,A,105,ARG,CA,10,36,12,0,16,51,18,0,22,78,25,0,28,103,29,0,32,139,33,2
3D6C,1674,A,105,ARG,C,9,32,12,0,15,52,17,0,21,74,21,0,26,99,29,0,32,125,35,1
3D6C,1675,A,105,ARG,O,10,36,12,0,20,49,16,0,22,72,21,0,25,96,29,0,29,119,35,0
3D6C,1676,A,105,ARG,HN,10,36,12,0,13,59,17,0,23,82,21,1,25,107,29,2,32,143,39,2
3D6C,1677,A,105,ARG,H,12,33,13,0,16,54,20,0,24,79,26,0,28,105,31,0,32,138,35,1
3D6C,1678,A,105,ARG,C,9,29,9,0,12,42,18,0,18,61,21,0,24,93,26,2,32,120,29,2
3D6C,1679,A,105,ARG,C,8,24,8,0,11,37,12,0,15,53,20,0,20,70,26,0,29,105,27,1
3D6C,1680,A,105,ARG,C,7,22,10,0,11,40,18,0,15,52,20,0,22,75,23,0,25,91,30,0
3D6C,1681,A,105,ARG,N,5,17,7,0,8,25,13,0,14,43,18,0,18,61,21,0,25,79,26,0
3D6C,1682,A,105,ARG,C,4,16,5,0,10,26,13,0,14,42,16,0,18,60,22,0,23,71,26,0
3D6C,1683,A,105,ARG,N,8,23,8,0,13,32,15,0,16,50,19,0,21,61,23,0,25,86,26,0
3D6C,1684,A,105,ARG,N,3,12,5,0,5,20,7,0,12,33,14,0,15,44,18,0,19,60,24,0
3D6C,1685,A,105,ARG,H,8,29,10,0,11,38,14,0,15,64,19,1,23,93,24,2,27,116,29,2
3D6C,1686,A,105,ARG,H,9,30,11,0,13,46,16,0,18,67,20,0,24,92,26,1,30,119,33,2
3D6C,1687,A,105,ARG,H,7,22,9,0,11,39,13,0,15,49,18,0,20,70,25,0,28,98,27,1
3D6C,1688,A,105,ARG,H,4,17,7,0,10,32,11,0,12,42,18,0,19,65,21,0,25,93,26,2
3D6C,1689,A,105,ARG,H,6,21,10,0,11,38,15,0,16,55,20,0,19,69,24,0,25,90,26,0
3D6C,1690,A,105,ARG,H,9,25,11,0,13,42,19,0,19,64,21,0,24,79,27,0,27,105,32,0
3D6C,1691,A,105,ARG,HN,5,13,6,0,6,22,9,0,10,37,15,0,15,60,20,0,22,72,24,0
3D6C,1692,A,105,ARG,HN,8,27,10,0,14,39,17,0,21,54,19,0,22,77,26,0,26,97,29,0
3D6C,1693,A,105,ARG,HN,9,20,9,0,11,35,14,0,16,47,20,0,19,60,21,0,23,79,26,0
3D6C,1694,A,105,ARG,HN,2,9,4,0,5,15,6,0,9,27,8,0,14,41,17,0,16,53,20,0
3D6C,1695,A,105,ARG,HN,3,13,4,0,6,22,7,0,12,34,14,0,15,44,17,0,18,55,21,0
3D6C,1696,A,106,GLN,N,11,38,8,0,15,56,15,0,22,71,19,0,25,98,22,1,37,130,36,1
3D6C,1697,A,106,GLN,CA,9,39,8,0,15,51,13,0,18,66,17,0,26,97,24,1,32,123,31,1
3D6C,1698,A,106,GLN,C,13,37,10,0,15,55,13,0,21,83,19,0,25,107,25,0,33,134,35,1
3D6C,1699,A,106,GLN,O,11,32,8,0,13,53,13,0,19,78,20,0,24,103,24,0,33,124,30,0
3D6C,1700,A,106,GLN,HN,9,43,10,0,14,54,13,0,20,69,18,1,26,100,26,1,36,141,34,2
3D6C,1701,A,106,GLN,H,10,33,8,0,14,45,11,0,18,64,17,0,24,82,21,0,31,108,31,1
3D6C,1702,A,106,GLN,C,9,37,6,0,11,47,12,0,19,63,18,1,24,89,20,1,31,123,30,1
3D6C,1703,A,106,GLN,C,6,31,6,0,10,42,10,0,16,56,15,1,19,80,21,1,28,112,28,1
3D6C,1704,A,106,GLN,C,5,26,3,0,7,35,6,0,13,45,11,1,18,61,16,1,22,95,26,1
3D6C,1705,A,106,GLN,O,4,21,3,0,9,32,5,0,11,41,10,1,14,57,17,1,24,91,21,1
3D6C,1706,A,106,GLN,N,3,14,3,0,5,30,5,0,11,38,9,0,17,57,14,0,20,74,22,1
3D6C,1707,A,106,GLN,H,8,39,8,0,11,53,14,0,18,71,17,1,24,98,21,1,34,139,33,1
3D6C,1708,A,106,GLN,H,8,33,6,0,10,43,9,1,16,64,18,1,23,80,19,1,29,116,29,1
3D6C,1709,A,106,GLN,H,6,30,7,0,12,45,9,0,15,62,17,0,20,79,22,1,27,108,29,1
3D6C,1710,A,106,GLN,H,5,31,6,0,11,42,10,0,13,57,15,1,20,88,18,1,29,111,28,1
3D6C,1711,A,106,GLN,HN,4,19,3,0,5,27,7,0,11,42,9,0,16,60,17,0,24,80,22,1
3D6C,1712,A,106,GLN,HN,3,9,2,0,3,21,4,0,9,35,7,0,12,45,13,0,19,64,17,1
3D6C,1713,A,107,GLY,N,15,46,12,0,19,70,17,0,24,99,21,0,30,123,34,0,36,149,37,0
3D6C,1714,A,107,GLY,CA,15,47,13,0,18,73,16,0,22,104,24,0,32,126,32,0,38,148,38,0
3D6C,1715,A,107,GLY,C,12,49,11,0,16,73,14,0,22,106,22,0,29,124,33,0,42,156,40,0
3D6C,1716,A,107,GLY,O,10,51,10,0,14,70,14,0,23,96,21,0,28,126,30,0,39,145,38,0
3D6C,1717,A,107,GLY,HN,15,48,13,0,19,69,16,0,27,93,24,0,30,128,33,0,38,158,40,0
3D6C,1718,A,107,GLY,H,15,56,12,0,20,77,17,0,25,100,29,0,34,128,32,0,39,155,38,0
3D6C,1719,A,107,GLY,H,14,47,11,0,17,71,19,0,23,92,22,0,28,125,28,0,36,142,36,0
3D6C,1720,A,108,LEU,N,12,44,10,0,16,76,14,0,24,95,24,0,32,123,31,0,41,154,42,0
3D6C,1721,A,108,LEU,CA,11,46,12,0,18,75,15,0,23,98,26,0,32,128,33,0,39,157,43,0
3D6C,1722,A,108,LEU,C,10,43,10,0,16,70,19,0,23,101,26,0,34,133,36,0,42,166,48,0
3D6C,1723,A,108,LEU,O,10,40,12,0,18,69,20,0,25,97,28,0,35,133,39,0,43,169,48,0
3D6C,1724,A,108,LEU,HN,11,46,10,0,15,69,16,0,24,97,23,0,33,126,29,0,42,162,39,1
3D6C,1725,A,108,LEU,H,13,47,11,0,19,67,18,0,23,95,24,0,32,119,31,0,37,156,42,0
3D6C,1726,A,108,LEU,C,9,48,10,0,20,69,16,0,25,91,26,0,29,122,33,0,36,147,39,1
3D6C,1727,A,108,LEU,C,13,44,10,0,17,65,15,0,23,88,21,0,27,103,30,0,31,132,37,1
3D6C,1728,A,108,LEU,C,11,35,10,0,14,59,14,0,19,82,22,0,27,100,28,1,33,127,32,1
3D6C,1729,A,108,LEU,C,10,43,9,0,15,65,15,0,22,86,21,0,27,101,29,0,31,125,33,0
3D6C,1730,A,108,LEU,H,13,48,10,0,20,68,20,0,24,94,27,0,29,122,34,0,37,150,41,1
3D6C,1731,A,108,LEU,H,12,43,10,0,18,63,18,0,24,93,21,0,30,124,33,1,39,154,41,1
3D6C,1732,A,108,LEU,H,10,45,11,0,13,62,14,0,22,78,19,0,27,102,29,0,33,129,38,1
3D6C,1733,A,108,LEU,H,8,32,9,0,13,49,13,0,19,73,19,0,24,93,24,1,32,114,28,1
3D6C,1734,A,108,LEU,H,10,42,12,0,15,58,16,0,21,80,20,0,28,102,28,1,29,126,33,1
3D6C,1735,A,108,LEU,H,11,32,10,0,14,52,14,0,19,79,23,1,29,106,25,1,34,129,32,1
3D6C,1736,A,108,LEU,H,10,36,9,0,14,55,15,0,21,77,18,0,26,94,26,0,28,112,30,0
3D6C,1737,A,108,LEU,H,9,40,10,0,15,64,15,0,23,81,23,0,27,109,27,0,32,129,34,0
3D6C,1738,A,108,LEU,H,11,43,12,0,16,69,14,0,21,85,23,0,28,98,28,0,32,126,33,0
3D6C,1739,A,109,ALA,N,12,43,10,0,15,69,18,0,24,105,26,0,36,137,38,0,44,171,48,0
3D6C,1740,A,109,ALA,CA,10,44,9,0,14,66,17,0,23,94,29,0,31,136,38,0,45,173,47,0
3D6C,1741,A,109,ALA,C,10,49,9,0,16,69,17,0,18,91,28,0,31,128,36,0,46,166,41,0
3D6C,1742,A,109,ALA,O,12,48,12,0,16,70,19,0,24,95,24,0,31,136,33,0,44,168,45,0
3D6C,1743,A,109,ALA,HN,11,46,11,0,15,74,16,0,23,112,27,0,34,141,36,0,46,167,42,0
3D6C,1744,A,109,ALA,H,8,47,10,0,14,62,18,0,24,86,26,0,32,125,38,0,43,175,47,0
3D6C,1745,A,109,ALA,C,11,43,12,0,19,66,19,0,24,103,28,0,35,137,39,0,43,170,43,2
3D6C,1746,A,109,ALA,H,11,43,13,0,17,65,21,0,25,100,29,0,33,127,32,0,40,165,43,1
3D6C,1747,A,109,ALA,H,14,43,13,0,16,71,18,0,22,109,28,0,34,134,36,1,46,172,45,2
3D6C,1748,A,109,ALA,H,9,45,13,0,20,68,20,0,26,101,30,0,36,136,37,0,43,170,48,2
3D6C,1749,A,110,LYS,N,10,45,11,0,12,56,16,0,18,78,20,0,28,112,35,0,41,150,40,0
3D6C,1750,A,110,LYS,CA,8,35,9,0,12,54,18,0,19,71,20,0,28,108,26,0,37,139,38,0
3D6C,1751,A,110,LYS,C,7,33,9,0,11,49,16,0,23,78,21,0,29,108,27,0,39,140,40,0
3D6C,1752,A,110,LYS,O,8,32,11,0,12,56,19,0,20,82,20,0,31,107,30,0,39,138,39,0
3D6C,1753,A,110,LYS,HN,9,40,13,0,11,57,17,0,17,72,22,0,26,108,32,0,40,146,40,0
3D6C,1754,A,110,LYS,H,9,40,11,0,14,51,14,0,20,82,21,0,31,108,29,0,36,136,39,0
3D6C,1755,A,110,LYS,C,6,32,6,0,10,45,13,0,15,62,19,0,23,86,23,0,31,121,32,0
3D6C,1756,A,110,LYS,C,6,26,6,0,9,48,11,0,13,60,18,0,20,79,23,0,30,111,33,0
3D6C,1757,A,110,LYS,C,2,19,5,0,8,36,8,0,11,47,14,0,17,71,22,0,26,99,27,0
3D6C,1758,A,110,LYS,C,2,18,5,0,7,29,8,0,10,50,15,0,16,70,19,0,24,98,26,0
3D6C,1759,A,110,LYS,N,0,12,1,0,3,19,6,0,7,35,11,0,15,56,16,0,17,77,21,0
3D6C,1760,A,110,LYS,H,4,25,6,0,10,40,9,0,15,57,16,0,21,84,20,0,28,106,28,0
3D6C,1761,A,110,LYS,H,6,26,9,0,10,46,13,0,14,60,17,0,23,79,25,0,29,117,31,0
3D6C,1762,A,110,LYS,H,7,30,7,0,11,49,14,0,13,67,19,0,21,94,27,0,35,122,34,0
3D6C,1763,A,110,LYS,H,4,26,7,0,10,46,10,0,17,61,15,0,20,84,26,0,31,116,35,0
3D6C,1764,A,110,LYS,H,3,16,5,0,6,26,7,0,10,44,12,0,14,62,19,0,23,86,24,0
3D6C,1765,A,110,LYS,H,4,19,5,0,7,33,12,0,10,49,15,0,16,69,19,0,22,98,27,0
3D6C,1766,A,110,LYS,H,5,19,5,0,8,39,10,0,12,56,15,0,19,84,23,0,23,104,27,0
3D6C,1767,A,110,LYS,H,4,20,5,0,6,25,7,0,10,49,13,0,15,67,19,0,24,99,25,0
3D6C,1768,A,110,LYS,HN,2,14,1,0,4,18,3,0,7,36,10,0,12,58,16,0,19,75,20,0
3D6C,1769,A,110,LYS,HN,0,10,1,0,2,14,5,0,5,29,10,0,11,45,13,0,16,67,18,0
3D6C,1770,A,110,LYS,HN,0,12,3,0,2,21,5,0,10,41,12,0,14,58,17,0,18,81,20,0
3D6C,1771,A,111,VAL,N,8,37,9,0,15,50,13,0,22,72,22,0,30,109,30,0,41,138,38,0
3D6C,1772,A,111,VAL,CA,9,39,9,0,14,55,13,0,22,74,24,0,30,97,31,0,38,138,37,0
3D6C,1773,A,111,VAL,C,9,33,8,0,12,52,13,0,16,67,19,0,24,85,28,0,33,116,34,0
3D6C,1774,A,111,VAL,O,9,22,8,0,9,45,9,0,15,58,17,0,21,79,21,0,27,96,30,0
3D6C,1775,A,111,VAL,HN,8,36,8,0,16,50,12,0,23,69,17,0,28,105,28,0,37,131,37,0
3D6C,1776,A,111,VAL,H,10,41,10,0,16,60,14,0,23,85,24,0,33,110,34,0,42,142,41,1
3D6C,1777,A,111,VAL,C,11,39,11,0,15,54,15,0,22,73,25,0,27,95,31,0,37,129,36,0
3D6C,1778,A,111,VAL,C,11,42,10,0,16,52,19,0,20,69,25,0,26,93,29,0,35,130,36,1
3D6C,1779,A,111,VAL,C,12,42,12,0,19,59,19,0,24,81,27,0,32,106,28,0,42,149,41,1
3D6C,1780,A,111,VAL,H,8,29,10,0,15,49,12,0,19,73,21,0,27,87,27,0,33,119,35,0
3D6C,1781,A,111,VAL,H,10,38,14,0,16,51,17,0,22,69,23,0,27,94,27,0,32,120,33,1
3D6C,1782,A,111,VAL,H,12,42,11,0,14,53,19,0,22,78,26,0,32,107,27,1,38,136,40,1
3D6C,1783,A,111,VAL,H,9,37,10,0,14,45,16,0,17,64,20,0,24,92,26,0,34,119,33,0
3D6C,1784,A,111,VAL,H,11,41,13,0,16,57,20,0,25,80,24,0,29,100,29,0,39,137,37,1
3D6C,1785,A,111,VAL,H,12,38,11,0,18,57,19,0,26,82,24,0,35,116,30,0,40,146,39,1
3D6C,1786,A,111,VAL,H,13,47,14,0,20,64,21,0,24,86,26,1,34,116,33,1,45,153,42,1
3D6C,1787,A,112,ALA,N,9,37,8,0,13,49,15,0,16,69,21,0,24,94,25,0,31,118,32,0
3D6C,1788,A,112,ALA,CA,10,33,8,0,13,44,13,0,14,60,18,0,17,80,24,0,26,101,27,0
3D6C,1789,A,112,ALA,C,9,37,8,0,11,48,13,0,16,60,18,0,20,83,21,0,26,113,29,0
3D6C,1790,A,112,ALA,O,9,40,9,0,12,53,15,0,18,73,18,0,23,102,25,0,30,129,35,0
3D6C,1791,A,112,ALA,HN,9,38,9,0,14,57,17,0,18,76,23,0,26,101,26,0,33,131,37,1
3D6C,1792,A,112,ALA,H,7,31,7,0,12,41,9,0,14,55,14,0,17,72,23,0,23,90,24,0
3D6C,1793,A,112,ALA,C,10,33,8,0,12,40,11,0,15,55,15,0,20,72,18,0,25,100,28,0
3D6C,1794,A,112,ALA,H,7,28,8,0,11,38,9,0,15,52,14,0,18,64,17,0,23,90,24,0
3D6C,1795,A,112,ALA,H,10,34,10,0,11,43,14,0,17,61,16,0,22,81,20,0,27,116,31,0
3D6C,1796,A,112,ALA,H,8,29,8,0,12,40,11,0,15,51,16,0,19,74,20,0,25,101,24,0
3D6C,1797,A,113,TYR,N,7,27,6,0,10,34,12,0,13,47,15,0,19,63,19,0,26,93,24,0
3D6C,1798,A,113,TYR,CA,6,23,6,0,9,33,12,0,15,52,13,0,20,71,18,0,26,89,25,0
3D6C,1799,A,113,TYR,C,6,30,7,0,13,42,10,0,18,61,15,0,23,74,23,0,29,97,30,0
3D6C,1800,A,113,TYR,O,8,32,7,0,12,47,11,0,16,63,16,0,24,86,25,0,33,105,32,0
3D6C,1801,A,113,TYR,HN,5,23,5,0,10,30,7,0,12,42,15,0,16,52,17,0,22,76,21,0
3D6C,1802,A,113,TYR,H,5,20,5,0,7,26,7,0,11,42,11,0,19,61,14,0,21,77,22,0
3D6C,1803,A,113,TYR,C,8,26,5,0,10,38,11,0,15,58,16,0,20,73,19,0,32,90,28,0
3D6C,1804,A,113,TYR,C,8,20,5,0,10,30,10,0,14,48,14,0,21,67,19,0,27,87,21,0
3D6C,1805,A,113,TYR,C,3,13,4,0,9,21,6,0,12,30,11,0,16,56,17,0,23,74,19,0
3D6C,1806,A,113,TYR,C,8,20,8,0,10,34,12,0,17,52,16,0,18,72,19,0,29,92,25,0
3D6C,1807,A,113,TYR,C,3,11,4,0,7,15,5,0,9,25,10,0,15,42,14,0,18,66,19,0
3D6C,1808,A,113,TYR,C,8,13,6,0,11,23,12,0,14,41,14,0,20,69,19,0,23,91,27,0
3D6C,1809,A,113,TYR,C,6,11,4,0,10,17,9,0,12,33,12,0,17,53,17,0,21,80,22,0
3D6C,1810,A,113,TYR,OH,4,10,4,0,8,13,8,0,11,26,13,0,15,47,16,0,18,74,21,0
3D6C,1811,A,113,TYR,H,7,24,5,0,13,43,10,0,15,56,13,0,23,75,21,0,31,96,30,0
3D6C,1812,A,113,TYR,H,10,33,6,0,10,46,13,0,16,62,17,0,25,80,22,0,31,111,32,0
3D6C,1813,A,113,TYR,H,2,12,3,0,5,18,4,0,11,28,8,0,13,45,13,0,21,66,16,0
3D6C,1814,A,113,TYR,H,9,24,11,0,13,43,14,0,18,58,17,0,24,79,20,0,31,107,33,0
3D6C,1815,A,113,TYR,H,2,9,2,0,4,14,4,0,8,17,5,0,12,31,12,0,16,52,18,0
3D6C,1816,A,113,TYR,H,8,15,10,0,12,27,12,0,18,49,17,0,21,73,22,0,26,100,27,0
3D6C,1817,A,113,TYR,HO,6,11,7,0,7,16,13,0,13,38,13,0,17,54,17,0,21,76,25,0
3D6C,1818,A,114,VAL,N,7,30,7,0,10,45,12,0,20,62,15,0,22,80,22,0,27,99,29,0
3D6C,1819,A,114,VAL,CA,9,34,9,0,15,50,13,0,16,67,20,0,23,83,23,0,30,101,27,0
3D6C,1820,A,114,VAL,C,9,31,7,0,11,43,13,0,16,53,16,0,19,70,19,0,28,92,26,0
3D6C,1821,A,114,VAL,O,6,19,7,0,10,38,8,0,14,48,14,0,17,60,16,0,22,72,20,0
3D6C,1822,A,114,VAL,HN,7,30,8,0,11,42,11,0,14,57,14,0,21,78,19,0,28,93,27,0
3D6C,1823,A,114,VAL,H,10,38,10,0,14,55,16,0,18,73,21,0,27,91,24,0,35,120,29,0
3D6C,1824,A,114,VAL,C,11,32,10,0,14,46,13,0,19,65,19,0,24,84,24,0,29,101,27,0
3D6C,1825,A,114,VAL,C,11,27,12,0,17,46,16,0,19,69,21,0,25,88,23,0,29,104,28,0
3D6C,1826,A,114,VAL,C,10,32,11,0,15,55,16,0,20,70,22,0,27,96,25,0,31,116,34,0
3D6C,1827,A,114,VAL,H,8,29,9,0,13,41,13,0,17,52,14,0,21,77,21,0,26,94,26,0
3D6C,1828,A,114,VAL,H,10,26,13,0,15,45,15,0,22,65,19,0,24,83,24,0,27,98,30,0
3D6C,1829,A,114,VAL,H,11,33,14,0,18,55,19,0,20,74,22,0,27,96,24,0,33,116,28,0
3D6C,1830,A,114,VAL,H,11,27,11,0,16,39,15,0,19,58,19,0,20,79,22,0,28,95,23,0
3D6C,1831,A,114,VAL,H,13,31,12,0,17,46,15,0,21,70,20,0,24,89,28,0,33,112,31,0
3D6C,1832,A,114,VAL,H,9,33,11,0,12,51,14,0,17,73,20,0,26,89,24,0,31,113,34,0
3D6C,1833,A,114,VAL,H,10,39,13,0,17,61,18,0,23,78,22,0,27,106,26,0,35,128,37,1
3D6C,1834,A,115,TYR,N,8,27,8,0,9,35,13,0,15,50,16,0,23,69,21,0,25,88,26,0
3D6C,1835,A,115,TYR,CA,7,23,5,0,9,26,10,0,14,40,16,0,17,56,17,0,23,71,22,0
3D6C,1836,A,115,TYR,C,7,22,7,0,11,32,9,0,15,46,15,0,17,64,20,0,26,78,24,0
3D6C,1837,A,115,TYR,O,8,29,8,0,13,41,12,0,17,56,19,0,21,75,24,0,29,90,26,0
3D6C,1838,A,115,TYR,HN,9,29,9,0,10,43,14,0,18,59,18,0,23,80,22,0,29,100,31,0
3D6C,1839,A,115,TYR,H,6,20,6,0,8,25,9,0,14,35,13,0,16,52,16,0,23,66,20,0
3D6C,1840,A,115,TYR,C,6,17,4,0,8,24,5,0,10,35,11,0,14,47,13,0,18,64,18,0
3D6C,1841,A,115,TYR,C,6,16,4,0,7,26,5,0,10,38,7,0,15,53,14,0,21,70,23,0
3D6C,1842,A,115,TYR,C,4,17,3,0,5,22,4,0,9,30,5,0,13,41,11,0,17,63,18,0
3D6C,1843,A,115,TYR,C,7,18,4,0,8,30,7,0,11,46,10,0,15,61,16,0,26,80,26,0
3D6C,1844,A,115,TYR,C,4,17,3,0,4,22,4,0,8,27,4,0,13,44,11,0,22,67,19,0
3D6C,1845,A,115,TYR,C,5,19,4,0,8,33,6,0,12,51,10,0,22,70,16,0,28,84,26,0
3D6C,1846,A,115,TYR,C,4,16,3,0,5,24,4,0,11,38,8,0,18,62,14,0,24,79,22,0
3D6C,1847,A,115,TYR,OH,3,15,3,0,5,23,4,0,14,38,8,0,18,66,15,0,26,80,22,0
3D6C,1848,A,115,TYR,H,4,14,3,0,6,23,5,0,10,29,9,0,13,43,12,0,19,57,18,0
3D6C,1849,A,115,TYR,H,5,13,4,0,8,20,4,0,11,29,9,0,11,39,12,0,16,52,16,0
3D6C,1850,A,115,TYR,H,4,16,2,0,4,19,4,0,8,25,4,0,12,39,10,0,17,53,15,0
3D6C,1851,A,115,TYR,H,8,24,6,0,10,32,9,0,13,49,10,0,18,66,16,0,27,84,29,0
3D6C,1852,A,115,TYR,H,3,15,3,0,4,20,3,0,5,23,4,0,11,36,8,0,19,56,14,0
3D6C,1853,A,115,TYR,H,5,23,3,0,11,37,10,0,16,58,14,0,25,75,21,0,31,90,27,0
3D6C,1854,A,115,TYR,HO,3,18,3,0,12,28,5,0,15,51,11,0,23,74,19,0,29,94,23,0
3D6C,1855,A,116,LYS,N,8,22,7,0,10,30,9,0,11,39,11,0,16,53,18,0,17,69,21,0
3D6C,1856,A,116,LYS,CA,7,20,7,0,8,28,10,0,12,36,13,0,15,52,15,0,20,66,20,0
3D6C,1857,A,116,LYS,C,8,23,9,0,12,34,12,0,14,45,15,0,17,56,17,0,22,73,21,0
3D6C,1858,A,116,LYS,O,9,22,8,0,11,35,12,0,15,48,15,0,19,60,17,0,24,77,21,0
3D6C,1859,A,116,LYS,HN,5,18,5,0,9,26,8,0,11,33,9,0,12,41,14,0,16,56,20,0
3D6C,1860,A,116,LYS,H,6,18,4,0,7,23,8,0,11,33,11,0,13,41,13,0,16,56,15,0
3D6C,1861,A,116,LYS,C,6,24,7,0,8,27,10,0,11,37,11,0,15,56,14,0,23,78,19,0
3D6C,1862,A,116,LYS,C,6,16,2,0,6,24,8,0,9,32,10,0,14,47,10,0,16,61,15,0
3D6C,1863,A,116,LYS,C,5,14,3,0,7,26,6,0,12,39,8,0,14,47,12,0,16,59,16,0
3D6C,1864,A,116,LYS,C,2,13,2,0,4,15,4,0,8,30,6,0,10,41,9,0,14,50,13,0
3D6C,1865,A,116,LYS,N,2,11,1,0,3,20,3,0,7,27,5,0,10,40,9,0,14,53,12,0
3D6C,1866,A,116,LYS,H,8,19,7,0,8,25,9,0,11,35,11,0,15,58,15,0,20,72,18,0
3D6C,1867,A,116,LYS,H,6,25,9,0,10,30,10,0,12,46,13,0,19,69,18,0,25,83,24,0
3D6C,1868,A,116,LYS,H,5,14,4,0,7,23,6,0,7,31,9,0,13,45,11,0,17,60,14,0
3D6C,1869,A,116,LYS,H,4,14,2,0,6,19,4,0,6,26,10,0,12,36,10,0,15,53,13,0
3D6C,1870,A,116,LYS,H,4,18,4,0,10,25,5,0,11,40,9,0,13,49,14,0,17,61,17,0
3D6C,1871,A,116,LYS,H,5,16,5,0,9,34,7,0,13,45,9,0,15,56,14,0,19,73,17,0
3D6C,1872,A,116,LYS,H,2,10,2,0,4,16,4,0,8,26,5,0,11,37,8,0,13,50,12,0
3D6C,1873,A,116,LYS,H,2,13,2,0,3,15,2,0,7,20,4,0,9,34,6,0,12,44,10,0
3D6C,1874,A,116,LYS,HN,2,11,1,0,3,15,1,0,4,22,4,0,7,33,6,0,12,44,10,0
3D6C,1875,A,116,LYS,HN,3,14,2,0,4,21,3,0,7,25,6,0,11,39,9,0,14,55,12,0
3D6C,1876,A,116,LYS,HN,3,13,1,0,4,23,4,0,6,34,7,0,13,45,9,0,15,60,14,0
3D6C,1877,A,117,GLY,N,10,28,7,0,12,39,13,0,15,47,15,0,17,58,18,0,22,77,21,0
3D6C,1878,A,117,GLY,CA,10,27,9,0,12,37,13,0,15,46,15,0,19,64,18,0,22,81,23,0
3D6C,1879,A,117,GLY,C,11,28,12,0,12,44,15,0,18,57,17,0,21,81,21,0,25,100,25,0
3D6C,1880,A,117,GLY,O,12,27,11,0,14,44,14,0,17,57,19,0,21,82,21,0,28,102,24,0
3D6C,1881,A,117,GLY,HN,9,25,6,0,11,37,10,0,14,46,16,0,15,57,18,0,22,70,21,0
3D6C,1882,A,117,GLY,H,11,22,8,0,11,31,11,0,13,41,14,0,18,57,18,0,22,73,21,0
3D6C,1883,A,117,GLY,H,9,27,9,0,12,33,11,0,17,42,14,0,17,60,17,0,22,76,22,0
3D6C,1884,A,118,ASN,N,10,38,14,0,12,49,15,0,18,66,18,0,22,92,23,0,29,106,29,0
3D6C,1885,A,118,ASN,CA,11,41,14,0,15,58,16,0,19,84,20,0,30,103,29,0,34,118,33,0
3D6C,1886,A,118,ASN,C,13,40,12,0,15,60,16,0,18,78,23,0,28,95,28,0,34,122,32,0
3D6C,1887,A,118,ASN,O,10,40,12,0,15,58,16,0,20,77,20,0,24,101,26,0,35,123,33,0
3D6C,1888,A,118,ASN,HN,11,37,10,0,12,52,15,0,16,66,17,0,22,81,22,0,28,103,28,0
3D6C,1889,A,118,ASN,H,12,36,13,0,14,57,17,0,21,84,21,0,27,106,28,0,34,119,34,0
3D6C,1890,A,118,ASN,C,11,47,13,0,17,65,17,0,24,87,27,0,29,110,29,0,37,136,35,0
3D6C,1891,A,118,ASN,C,9,40,11,0,17,67,18,0,25,88,24,0,29,104,28,0,36,129,32,0
3D6C,1892,A,118,ASN,O,10,39,12,0,16,62,17,0,24,84,21,0,27,101,25,0,32,123,30,0
3D6C,1893,A,118,ASN,N,12,40,13,0,17,60,14,0,22,88,26,0,29,106,31,0,35,123,32,0
3D6C,1894,A,118,ASN,H,13,51,14,0,16,69,21,0,25,99,26,0,33,121,33,0,40,145,39,1
3D6C,1895,A,118,ASN,H,9,46,11,0,15,63,17,0,23,81,24,0,30,110,29,0,35,136,35,0
3D6C,1896,A,118,ASN,HN,12,42,11,0,17,64,15,0,21,89,25,0,31,108,32,0,39,129,33,0
3D6C,1897,A,118,ASN,HN,14,38,12,0,15,56,14,0,21,78,20,0,26,102,29,0,36,119,31,0
3D6C,1898,A,119,ASN,N,11,43,12,0,14,59,16,0,19,69,22,0,24,91,28,0,34,122,31,0
3D6C,1899,A,119,ASN,CA,8,37,13,0,14,49,16,0,19,71,20,0,27,91,22,0,32,122,31,1
3D6C,1900,A,119,ASN,C,7,33,10,0,11,47,14,0,20,72,18,0,24,89,25,0,34,109,30,1
3D6C,1901,A,119,ASN,O,7,29,12,0,9,42,12,0,18,62,16,0,24,85,19,0,29,99,28,1
3D6C,1902,A,119,ASN,HN,10,39,11,0,15,57,14,0,19,70,20,0,22,85,28,0,35,116,30,0
3D6C,1903,A,119,ASN,H,9,39,15,0,14,54,19,0,24,77,20,0,29,99,22,0,33,125,35,1
3D6C,1904,A,119,ASN,C,8,29,11,0,11,39,17,0,16,60,18,0,22,81,21,0,30,102,25,0
3D6C,1905,A,119,ASN,C,7,24,10,0,9,34,14,0,15,44,17,0,20,66,18,0,26,86,22,0
3D6C,1906,A,119,ASN,O,7,20,10,0,11,35,13,0,13,47,16,0,18,68,20,0,24,83,22,0
3D6C,1907,A,119,ASN,N,6,16,5,0,9,29,11,0,12,38,16,0,18,50,17,0,22,72,18,0
3D6C,1908,A,119,ASN,H,9,29,11,0,13,40,14,0,17,60,19,0,21,82,21,0,30,98,24,0
3D6C,1909,A,119,ASN,H,8,26,13,0,12,41,15,0,17,57,18,0,24,79,21,0,28,100,22,0
3D6C,1910,A,119,ASN,HN,5,17,7,0,10,26,12,0,13,39,14,0,15,50,17,0,25,69,20,0
3D6C,1911,A,119,ASN,HN,4,11,4,0,7,20,10,0,9,34,13,0,17,44,16,0,19,62,18,0
3D6C,1912,A,120,THR,N,10,35,11,0,14,51,12,0,18,73,19,0,23,91,26,1,34,113,32,1
3D6C,1913,A,120,THR,CA,9,33,9,0,12,49,13,0,16,65,17,0,21,87,23,1,31,106,29,1
3D6C,1914,A,120,THR,C,9,26,8,0,10,51,12,0,14,68,16,1,19,86,22,1,30,113,27,1
3D6C,1915,A,120,THR,O,7,26,8,0,10,42,12,0,11,59,16,0,18,75,18,1,24,105,28,1
3D6C,1916,A,120,THR,HN,11,41,10,0,17,59,15,0,18,71,21,0,28,93,30,1,36,121,34,1
3D6C,1917,A,120,THR,H,8,28,9,0,11,43,10,0,16,59,14,0,19,79,21,0,25,96,27,1
3D6C,1918,A,120,THR,C,8,34,9,0,13,49,14,0,15,64,18,0,24,83,21,1,30,109,31,1
3D6C,1919,A,120,THR,OH,13,32,6,0,13,45,14,0,16,57,17,0,21,75,22,0,28,102,28,1
3D6C,1920,A,120,THR,C,9,30,7,0,10,43,11,0,18,58,16,0,19,83,21,1,26,98,23,1
3D6C,1921,A,120,THR,H,9,41,12,0,13,51,15,0,18,70,17,1,26,90,27,1,34,118,33,1
3D6C,1922,A,120,THR,HO,11,38,11,0,13,50,14,0,19,62,20,0,24,76,25,0,32,107,28,1
3D6C,1923,A,120,THR,H,6,31,7,0,12,38,11,0,15,59,17,0,22,75,20,0,26,100,24,1
3D6C,1924,A,120,THR,H,8,22,5,0,12,36,9,0,15,54,13,0,19,70,19,0,21,89,25,1
3D6C,1925,A,120,THR,H,6,24,7,0,10,42,11,0,15,60,14,1,21,87,20,1,25,105,28,1
3D6C,1926,A,121,HIS,N,6,35,9,0,8,51,12,1,14,73,20,1,23,100,24,1,30,123,34,1
3D6C,1927,A,121,HIS,CA,6,36,7,1,7,45,15,1,11,70,21,1,21,100,25,1,30,130,32,1
3D6C,1928,A,121,HIS,C,7,37,10,0,12,53,16,1,15,73,20,1,22,97,26,1,31,122,33,1
3D6C,1929,A,121,HIS,O,7,39,9,1,12,59,16,1,17,82,20,1,23,98,26,1,33,120,34,1
3D6C,1930,A,121,HIS,HN,7,35,9,0,10,58,13,1,17,79,22,1,26,101,31,1,34,126,37,1
3D6C,1931,A,121,HIS,H,5,32,8,0,7,41,12,1,10,58,19,1,16,92,22,1,27,119,29,1
3D6C,1932,A,121,HIS,C,5,36,7,1,10,55,13,1,12,77,22,1,20,105,31,1,32,137,35,1
3D6C,1933,A,121,HIS,C,4,33,9,1,9,52,12,1,12,79,19,1,21,98,27,1,32,134,35,1
3D6C,1934,A,121,HIS,N,4,26,7,1,5,45,9,1,10,64,14,1,18,90,20,1,30,118,34,1
3D6C,1935,A,121,HIS,C,3,35,7,1,10,57,15,1,17,83,18,1,25,108,29,1,33,138,40,1
3D6C,1936,A,121,HIS,C,2,26,4,1,4,40,10,1,10,64,15,1,19,87,23,1,27,115,32,1
3D6C,1937,A,121,HIS,N,2,29,7,1,5,49,11,1,17,77,18,1,25,99,25,1,28,130,36,1
3D6C,1938,A,121,HIS,H,6,40,8,1,9,54,14,1,13,76,20,1,20,109,29,1,31,132,35,1
3D6C,1939,A,121,HIS,H,8,39,8,1,12,63,15,1,16,83,24,1,24,115,34,1,38,141,40,1
3D6C,1940,A,121,HIS,HN,5,24,6,1,5,42,11,1,6,56,13,1,11,78,18,1,25,108,31,1
3D6C,1941,A,121,HIS,H,5,41,11,1,14,61,16,1,21,88,20,1,26,116,33,1,33,149,40,1
3D6C,1942,A,121,HIS,H,0,23,3,1,3,37,8,1,8,58,14,1,18,76,19,1,24,102,27,1
3D6C,1943,A,121,HIS,HN,2,35,8,1,10,52,13,1,15,76,17,1,25,100,27,1,31,134,37,1
3D6C,1944,A,122,GLU,N,10,42,11,0,14,55,13,0,19,66,15,1,25,92,23,1,32,116,29,1
3D6C,1945,A,122,GLU,CA,11,39,11,0,15,50,13,0,21,67,17,0,25,89,21,1,30,114,29,1
3D6C,1946,A,122,GLU,C,10,38,9,0,15,48,11,0,17,64,13,0,24,79,22,1,30,100,29,1
3D6C,1947,A,122,GLU,O,11,37,10,0,13,54,11,0,20,66,14,0,25,87,24,1,31,104,31,1
3D6C,1948,A,122,GLU,HN,9,36,10,0,14,52,13,0,18,68,16,1,24,85,22,1,35,115,28,1
3D6C,1949,A,122,GLU,H,10,42,11,0,18,55,15,0,22,77,19,1,28,105,24,1,32,121,35,1
3D6C,1950,A,122,GLU,C,12,34,9,0,13,44,13,0,20,57,15,0,24,76,22,0,29,99,25,1
3D6C,1951,A,122,GLU,C,12,31,7,0,14,41,12,0,17,51,16,0,24,70,21,0,27,96,25,0
3D6C,1952,A,122,GLU,C,7,20,8,0,13,31,9,0,15,47,12,0,21,55,20,0,25,80,22,0
3D6C,1953,A,122,GLU,O,8,19,7,0,11,28,9,0,16,41,13,0,21,59,16,0,25,72,21,0
3D6C,1954,A,122,GLU,O,6,18,4,0,10,26,8,0,16,42,12,0,19,52,18,0,24,71,23,0
3D6C,1955,A,122,GLU,H,11,27,9,0,13,40,10,0,18,53,15,0,21,72,21,0,28,90,23,0
3D6C,1956,A,122,GLU,H,12,33,11,0,17,49,12,0,20,64,20,0,26,84,23,0,31,106,26,1
3D6C,1957,A,122,GLU,H,12,35,8,0,17,46,15,0,20,54,19,0,24,77,23,0,27,102,26,0
3D6C,1958,A,122,GLU,H,10,29,6,0,13,38,12,0,15,50,14,0,22,62,18,0,27,86,24,0
3D6C,1959,A,123,GLN,N,8,30,10,0,14,45,11,0,15,53,13,0,17,68,18,0,25,86,23,1
3D6C,1960,A,123,GLN,CA,8,28,10,0,9,37,11,0,15,47,12,0,17,62,15,0,19,78,20,1
3D6C,1961,A,123,GLN,C,8,28,6,0,11,36,13,0,14,49,14,0,16,67,16,0,22,80,21,1
3D6C,1962,A,123,GLN,O,8,29,6,0,10,36,8,0,13,49,15,0,15,61,17,0,20,79,21,1
3D6C,1963,A,123,GLN,HN,9,29,9,0,11,44,11,0,16,54,14,0,17,64,15,0,21,82,22,1
3D6C,1964,A,123,GLN,H,8,26,8,0,11,35,12,0,14,50,12,0,16,60,16,0,20,79,22,0
3D6C,1965,A,123,GLN,C,7,22,6,0,8,27,10,0,13,38,11,0,15,50,13,0,18,60,15,0
3D6C,1966,A,123,GLN,C,7,15,6,0,9,25,7,0,12,33,11,0,14,46,12,0,17,53,13,0
3D6C,1967,A,123,GLN,C,6,15,4,0,9,22,8,0,11,32,10,0,13,43,13,0,17,55,14,0
3D6C,1968,A,123,GLN,O,6,11,5,0,9,23,8,0,12,37,12,0,14,45,12,0,20,58,17,0
3D6C,1969,A,123,GLN,N,5,14,3,0,9,20,5,0,9,24,8,0,13,37,11,0,15,53,13,0
3D6C,1970,A,123,GLN,H,6,19,3,0,8,26,8,0,9,31,11,0,15,42,12,0,16,58,13,0
3D6C,1971,A,123,GLN,H,7,17,5,0,9,30,7,0,12,39,11,0,13,46,13,0,17,59,15,0
3D6C,1972,A,123,GLN,H,3,11,2,0,7,16,6,0,9,26,7,0,12,36,12,0,15,46,13,0
3D6C,1973,A,123,GLN,H,5,14,6,0,10,24,7,0,12,36,10,0,15,46,12,0,16,55,14,0
3D6C,1974,A,123,GLN,HN,5,15,2,0,7,19,5,0,10,24,7,0,11,31,11,0,14,51,12,0
3D6C,1975,A,123,GLN,HN,7,13,4,0,8,18,4,0,9,24,8,0,12,34,11,0,14,50,14,0
3D6C,1976,A,124,LEU,N,10,30,7,0,11,41,13,0,14,53,15,1,18,67,18,1,23,86,23,1
3D6C,1977,A,124,LEU,CA,9,32,8,0,11,40,12,0,14,51,15,1,18,71,19,1,24,93,24,1
3D6C,1978,A,124,LEU,C,7,35,8,0,12,48,14,1,17,63,17,1,23,85,22,1,32,108,30,1
3D6C,1979,A,124,LEU,O,7,33,10,0,11,48,10,0,19,61,17,1,23,83,21,1,29,102,34,1
3D6C,1980,A,124,LEU,HN,8,30,9,0,12,42,13,0,13,52,15,1,19,65,18,1,21,84,25,1
3D6C,1981,A,124,LEU,H,7,27,8,0,11,35,10,0,11,43,14,1,17,59,15,1,20,82,21,1
3D6C,1982,A,124,LEU,C,9,29,7,1,10,39,9,1,14,56,14,1,17,75,19,1,23,97,25,1
3D6C,1983,A,124,LEU,C,9,23,6,1,10,36,8,1,14,51,14,1,18,79,18,1,24,99,26,1
3D6C,1984,A,124,LEU,C,3,19,4,0,8,30,7,1,12,37,9,1,15,54,14,1,21,82,19,1
3D6C,1985,A,124,LEU,C,6,20,5,1,11,34,11,1,13,58,13,1,18,80,21,1,27,105,29,1
3D6C,1986,A,124,LEU,H,8,29,9,1,11,50,10,1,14,67,15,1,20,81,24,1,28,105,29,1
3D6C,1987,A,124,LEU,H,8,26,6,0,10,35,9,1,13,48,11,1,14,64,15,1,18,82,24,1
3D6C,1988,A,124,LEU,H,8,28,7,1,12,40,10,1,16,62,15,1,22,83,21,1,27,108,28,1
3D6C,1989,A,124,LEU,H,3,11,4,0,6,27,5,1,12,40,10,1,16,53,14,1,21,80,19,1
3D6C,1990,A,124,LEU,H,2,12,4,0,7,24,5,1,11,35,7,1,13,44,12,1,17,72,20,1
3D6C,1991,A,124,LEU,H,4,16,4,0,7,28,7,0,12,39,10,1,16,50,12,1,19,73,17,1
3D6C,1992,A,124,LEU,H,5,22,3,1,8,32,8,1,14,52,14,1,18,83,19,1,26,103,26,1
3D6C,1993,A,124,LEU,H,7,30,7,1,12,43,13,1,16,69,17,1,23,95,24,1,31,124,32,1
3D6C,1994,A,124,LEU,H,5,21,4,1,7,33,8,1,13,51,14,1,16,71,18,1,24,102,27,1
3D6C,1995,A,125,LEU,N,9,43,10,0,12,54,16,1,20,75,21,1,28,95,26,1,34,119,36,1
3D6C,1996,A,125,LEU,CA,8,47,14,0,15,63,16,1,23,83,24,1,32,108,33,1,40,127,37,1
3D6C,1997,A,125,LEU,C,11,41,9,0,16,62,20,0,22,81,23,1,29,103,32,1,41,125,36,1
3D6C,1998,A,125,LEU,O,10,41,14,0,16,62,17,0,25,85,25,0,35,106,29,1,41,133,39,1
3D6C,1999,A,125,LEU,HN,8,44,11,0,14,59,16,1,20,74,20,1,28,95,26,1,32,117,35,1
3D6C,2000,A,125,LEU,H,11,43,11,1,13,62,15,1,22,87,24,1,33,105,32,1,40,131,36,1
3D6C,2001,A,125,LEU,C,11,51,11,1,19,70,16,1,27,95,27,1,32,117,36,1,41,143,42,1
3D6C,2002,A,125,LEU,C,11,48,12,1,19,68,15,1,24,95,24,1,36,128,38,1,40,149,43,1
3D6C,2003,A,125,LEU,C,10,50,9,1,17,74,17,1,27,98,27,1,36,132,37,1,44,161,47,1
3D6C,2004,A,125,LEU,C,11,48,14,1,21,66,17,1,24,96,25,1,33,123,33,1,43,159,44,1
3D6C,2005,A,125,LEU,H,13,50,13,0,20,72,20,1,26,96,30,1,34,123,37,1,43,150,43,1
3D6C,2006,A,125,LEU,H,11,43,10,0,17,72,20,1,26,92,26,1,32,111,33,1,38,136,40,1
3D6C,2007,A,125,LEU,H,9,46,13,1,17,65,15,1,22,90,21,1,32,117,34,1,37,146,43,1
3D6C,2008,A,125,LEU,H,12,48,8,1,16,71,17,1,23,99,27,1,35,130,35,1,45,168,48,1
3D6C,2009,A,125,LEU,H,11,44,11,1,16,73,15,1,33,105,29,1,39,135,39,1,46,163,48,1
3D6C,2010,A,125,LEU,H,11,52,10,1,18,70,18,1,27,97,27,1,35,119,36,1,43,148,47,1
3D6C,2011,A,125,LEU,H,10,47,12,1,19,69,15,1,25,95,25,1,31,124,33,1,38,158,41,2
3D6C,2012,A,125,LEU,H,13,40,11,1,18,70,18,1,23,90,23,1,31,115,29,1,39,154,39,2
3D6C,2013,A,125,LEU,H,12,50,14,1,18,78,20,1,28,99,27,1,36,124,34,1,44,165,45,2
3D6C,2014,A,126,ARG,N,10,41,9,0,10,54,15,0,17,67,23,0,22,88,28,1,31,115,31,1
3D6C,2015,A,126,ARG,CA,9,38,11,0,11,46,14,0,16,61,20,0,20,86,25,0,26,105,32,0
3D6C,2016,A,126,ARG,C,9,31,9,0,12,43,12,0,16,59,15,0,19,80,24,0,27,93,29,0
3D6C,2017,A,126,ARG,O,7,28,10,0,14,37,12,0,16,58,15,0,20,75,24,0,27,98,28,0
3D6C,2018,A,126,ARG,HN,9,37,9,0,11,51,14,0,15,68,21,0,21,86,28,1,29,108,30,1
3D6C,2019,A,126,ARG,H,8,35,10,0,13,49,17,0,18,66,21,0,22,93,25,0,32,111,33,0
3D6C,2020,A,126,ARG,C,9,33,10,0,11,42,14,0,14,53,16,0,15,68,22,0,22,91,27,0
3D6C,2021,A,126,ARG,C,10,27,11,0,11,41,14,0,12,57,19,0,18,71,22,0,24,92,28,0
3D6C,2022,A,126,ARG,C,4,19,7,0,9,28,12,0,11,44,15,0,16,63,20,0,23,76,24,0
3D6C,2023,A,126,ARG,N,3,18,6,0,8,27,12,0,12,43,17,0,18,59,19,0,22,76,24,0
3D6C,2024,A,126,ARG,C,3,15,7,0,7,24,12,0,9,41,15,0,17,55,20,0,23,80,24,0
3D6C,2025,A,126,ARG,N,2,14,7,0,7,24,10,0,12,40,14,0,17,60,18,0,20,80,25,0
3D6C,2026,A,126,ARG,N,2,16,7,0,7,23,10,0,9,39,16,0,15,53,19,0,21,74,24,0
3D6C,2027,A,126,ARG,H,8,29,9,0,12,37,12,0,13,46,16,0,15,61,18,0,20,80,22,0
3D6C,2028,A,126,ARG,H,9,28,8,0,10,40,12,0,12,49,16,0,15,60,20,0,20,82,24,0
3D6C,2029,A,126,ARG,H,8,30,11,0,11,45,15,0,14,64,18,0,21,78,25,0,29,99,31,0
3D6C,2030,A,126,ARG,H,8,26,10,0,12,49,16,0,14,61,20,0,19,77,24,0,27,100,31,0
3D6C,2031,A,126,ARG,H,3,16,8,0,8,25,9,0,12,36,14,0,14,50,16,0,18,71,22,0
3D6C,2032,A,126,ARG,H,6,15,6,0,6,27,10,0,12,41,15,0,15,57,18,0,20,69,24,0
3D6C,2033,A,126,ARG,HN,3,16,5,0,9,27,12,0,10,42,17,0,18,57,21,0,22,73,23,0
3D6C,2034,A,126,ARG,HN,2,13,7,0,8,26,9,0,13,44,14,0,16,69,20,0,21,81,25,0
3D6C,2035,A,126,ARG,HN,2,11,4,0,5,23,10,0,8,37,13,0,16,56,17,0,20,78,24,0
3D6C,2036,A,126,ARG,HN,2,15,7,0,8,27,10,0,10,41,15,0,17,53,21,0,19,75,24,0
3D6C,2037,A,126,ARG,HN,3,15,4,0,5,20,10,0,8,35,14,0,11,54,18,0,19,73,22,0
3D6C,2038,A,127,LYS,N,9,30,8,0,11,42,12,0,14,57,15,0,19,70,20,0,29,87,30,0
3D6C,2039,A,127,LYS,CA,7,24,8,0,10,37,10,0,13,52,16,0,20,70,19,0,26,80,23,0
3D6C,2040,A,127,LYS,C,9,28,8,0,11,43,12,0,17,59,17,0,23,73,21,0,30,97,27,0
3D6C,2041,A,127,LYS,O,9,26,9,0,15,40,11,0,15,56,17,0,24,75,23,0,29,95,28,0
3D6C,2042,A,127,LYS,HN,8,32,8,0,11,44,10,0,13,55,16,0,18,68,23,0,25,85,29,1
3D6C,2043,A,127,LYS,H,7,21,8,0,10,32,9,0,13,42,15,0,20,67,16,0,24,80,21,0
3D6C,2044,A,127,LYS,C,7,22,6,0,9,31,9,0,11,46,13,0,16,59,16,0,20,72,19,0
3D6C,2045,A,127,LYS,C,6,18,5,0,9,25,7,0,9,34,11,0,13,47,13,0,16,60,19,0
3D6C,2046,A,127,LYS,C,6,12,3,0,6,19,5,0,9,29,9,0,10,42,11,0,15,52,14,0
3D6C,2047,A,127,LYS,C,3,10,2,0,6,14,5,0,6,22,7,0,10,31,8,0,13,43,12,0
3D6C,2048,A,127,LYS,N,2,6,1,0,4,9,3,0,6,15,5,0,8,22,7,0,11,32,10,0
3D6C,2049,A,127,LYS,H,7,21,6,0,8,28,9,0,12,41,12,0,15,53,16,0,20,70,20,0
3D6C,2050,A,127,LYS,H,8,21,7,0,9,37,9,0,13,50,14,0,14,62,16,0,24,72,22,1
3D6C,2051,A,127,LYS,H,7,18,6,0,9,26,7,0,11,37,9,0,12,50,13,0,18,60,20,0
3D6C,2052,A,127,LYS,H,5,12,3,0,9,23,5,0,9,31,9,0,11,36,12,0,16,54,15,0
3D6C,2053,A,127,LYS,H,2,9,2,0,6,16,4,0,9,24,7,0,10,37,11,0,13,49,13,0
3D6C,2054,A,127,LYS,H,6,16,4,0,6,21,8,0,9,31,10,0,12,46,12,0,14,58,16,0
3D6C,2055,A,127,LYS,H,3,9,2,0,5,12,4,0,6,17,6,0,7,27,9,0,13,36,10,0
3D6C,2056,A,127,LYS,H,5,12,5,0,6,17,6,0,7,25,7,0,10,32,9,0,14,47,14,0
3D6C,2057,A,127,LYS,HN,2,5,1,0,3,7,2,0,5,13,5,0,6,18,5,0,11,28,7,0
3D6C,2058,A,127,LYS,HN,2,6,1,0,4,11,3,0,6,18,5,0,9,26,7,0,11,37,11,0
3D6C,2059,A,127,LYS,HN,0,2,1,0,2,6,2,0,4,13,3,0,6,17,5,0,9,28,9,0
3D6C,2060,A,128,ALA,N,10,41,11,0,13,56,16,0,20,65,19,0,29,79,24,0,32,109,29,1
3D6C,2061,A,128,ALA,CA,12,42,11,0,16,54,15,0,22,68,24,0,27,93,26,0,35,120,34,1
3D6C,2062,A,128,ALA,C,13,38,11,0,17,57,19,0,25,81,22,0,30,102,30,0,35,125,35,0
3D6C,2063,A,128,ALA,O,15,38,12,0,19,55,18,0,26,83,25,0,30,107,31,0,36,128,34,0
3D6C,2064,A,128,ALA,HN,8,43,10,0,12,56,13,0,19,67,19,0,27,80,24,1,34,105,32,1
3D6C,2065,A,128,ALA,H,12,36,12,0,16,49,15,0,20,65,23,0,26,82,26,0,30,108,31,1
3D6C,2066,A,128,ALA,C,13,42,13,0,17,57,17,0,21,76,22,1,29,97,29,1,37,128,34,1
3D6C,2067,A,128,ALA,H,16,43,13,0,17,60,16,0,24,77,25,1,27,103,31,1,33,133,35,1
3D6C,2068,A,128,ALA,H,14,43,14,0,16,64,18,0,24,83,25,1,30,109,30,1,42,135,37,1
3D6C,2069,A,128,ALA,H,13,37,11,0,16,54,15,0,19,70,20,1,26,90,24,1,35,114,34,1
3D6C,2070,A,129,GLU,N,11,37,12,0,17,58,15,0,26,84,21,0,32,102,29,0,39,131,31,0
3D6C,2071,A,129,GLU,CA,12,45,11,0,19,58,14,0,23,79,22,0,33,110,28,0,41,132,32,0
3D6C,2072,A,129,GLU,C,11,38,10,0,16,53,13,0,25,74,17,0,29,99,25,0,37,123,32,0
3D6C,2073,A,129,GLU,O,11,40,11,0,19,54,13,0,25,82,19,0,30,100,28,0,36,118,32,0
3D6C,2074,A,129,GLU,HN,10,39,11,0,16,60,16,0,24,80,22,0,34,105,25,0,38,127,34,1
3D6C,2075,A,129,GLU,H,15,44,11,0,21,63,16,0,25,90,24,0,34,118,29,0,42,140,38,0
3D6C,2076,A,129,GLU,C,13,43,8,0,17,58,12,0,23,75,19,0,29,101,25,0,41,132,33,0
3D6C,2077,A,129,GLU,C,12,44,9,0,17,57,10,0,23,66,19,0,29,92,24,0,37,127,32,0
3D6C,2078,A,129,GLU,C,8,34,7,0,15,48,9,0,20,62,13,0,26,86,23,0,32,103,28,0
3D6C,2079,A,129,GLU,O,5,30,4,0,12,39,7,0,17,55,10,0,21,66,16,0,27,92,25,0
3D6C,2080,A,129,GLU,O,8,32,5,0,13,47,9,0,22,68,13,0,26,86,22,0,34,112,32,0
3D6C,2081,A,129,GLU,H,12,37,9,0,15,53,12,0,21,70,16,0,26,97,24,0,35,117,31,0
3D6C,2082,A,129,GLU,H,14,37,9,0,19,61,16,0,25,82,20,0,33,111,27,0,39,136,36,0
3D6C,2083,A,129,GLU,H,11,44,8,0,17,60,13,0,24,77,21,0,33,101,26,0,38,131,32,0
3D6C,2084,A,129,GLU,H,10,40,8,0,15,54,12,0,21,66,16,0,30,90,25,0,34,115,30,0
3D6C,2085,A,130,ALA,N,10,33,10,0,11,48,15,0,19,67,17,0,29,87,23,0,35,111,31,0
3D6C,2086,A,130,ALA,CA,8,30,11,0,12,42,12,0,15,59,16,0,25,73,20,0,30,93,24,0
3D6C,2087,A,130,ALA,C,10,30,9,0,15,45,13,0,19,59,17,0,21,72,21,0,28,87,27,0
3D6C,2088,A,130,ALA,O,9,30,9,0,14,42,10,0,17,55,17,0,21,68,20,0,23,82,23,0
3D6C,2089,A,130,ALA,HN,8,32,11,0,12,48,14,0,20,67,17,0,28,84,23,0,34,110,31,0
3D6C,2090,A,130,ALA,H,9,27,9,0,11,43,11,0,13,51,13,0,23,71,17,0,31,97,24,0
3D6C,2091,A,130,ALA,C,9,25,8,0,9,36,11,0,14,48,14,0,23,67,17,0,26,80,21,0
3D6C,2092,A,130,ALA,H,7,27,6,0,9,31,9,0,13,40,13,0,18,54,15,0,24,74,19,0
3D6C,2093,A,130,ALA,H,8,23,7,0,11,37,10,0,16,50,15,0,23,66,17,0,27,82,23,0
3D6C,2094,A,130,ALA,H,8,23,6,0,9,32,11,0,14,47,13,0,23,66,16,0,26,83,21,0
3D6C,2095,A,131,GLN,N,11,31,8,0,14,46,14,0,20,56,16,0,22,74,21,0,25,89,28,0
3D6C,2096,A,131,GLN,CA,10,31,11,0,14,41,12,0,18,53,16,0,20,70,20,0,23,82,27,0
3D6C,2097,A,131,GLN,C,12,34,11,0,17,49,14,0,19,63,18,0,23,73,25,0,28,90,27,0
3D6C,2098,A,131,GLN,O,11,29,11,0,15,43,13,0,17,57,16,0,22,69,19,0,27,83,26,0
3D6C,2099,A,131,GLN,HN,10,30,9,0,14,45,14,0,20,56,17,0,24,73,21,0,28,100,26,0
3D6C,2100,A,131,GLN,H,11,27,9,0,13,36,11,0,16,45,13,0,19,62,17,0,22,76,22,0
3D6C,2101,A,131,GLN,C,10,30,9,0,13,37,13,0,16,46,14,0,20,64,18,0,23,85,25,0
3D6C,2102,A,131,GLN,C,11,25,8,0,11,34,9,0,15,41,13,0,18,53,17,0,20,72,21,0
3D6C,2103,A,131,GLN,C,8,17,6,0,10,27,9,0,12,35,11,0,16,43,13,0,18,56,16,0
3D6C,2104,A,131,GLN,O,7,16,6,0,10,26,8,0,13,32,11,0,13,40,12,0,17,49,15,0
3D6C,2105,A,131,GLN,N,7,14,4,0,8,20,8,0,11,31,11,0,13,38,11,0,17,49,13,0
3D6C,2106,A,131,GLN,H,12,28,10,0,13,40,12,0,18,55,16,0,21,75,23,0,28,94,28,0
3D6C,2107,A,131,GLN,H,10,25,7,0,13,36,11,0,15,44,15,0,20,59,17,0,24,77,21,0
3D6C,2108,A,131,GLN,H,9,26,9,0,14,35,12,0,16,44,13,0,18,55,19,0,21,76,23,0
3D6C,2109,A,131,GLN,H,6,18,6,0,12,30,8,0,14,38,13,0,17,47,17,0,23,68,21,0
3D6C,2110,A,131,GLN,HN,7,15,4,0,9,20,9,0,10,32,11,0,15,41,12,0,17,50,16,0
3D6C,2111,A,131,GLN,HN,7,11,4,0,7,16,5,0,9,23,10,0,11,34,11,0,13,45,12,0
3D6C,2112,A,132,ALA,N,17,44,12,0,17,61,17,0,22,73,24,0,29,88,27,0,35,111,31,0
3D6C,2113,A,132,ALA,CA,16,50,15,0,20,64,18,0,24,81,26,0,29,99,29,0,35,114,32,0
3D6C,2114,A,132,ALA,C,13,50,13,0,20,67,18,0,25,78,25,0,28,93,26,0,32,110,30,0
3D6C,2115,A,132,ALA,O,13,45,14,0,20,66,18,0,24,79,23,0,28,90,26,0,31,106,30,0
3D6C,2116,A,132,ALA,HN,15,44,13,0,19,61,19,0,22,72,25,0,31,94,28,0,34,122,31,0
3D6C,2117,A,132,ALA,H,16,42,15,0,19,59,18,0,24,74,22,0,27,91,29,0,33,106,31,0
3D6C,2118,A,132,ALA,C,17,54,14,0,24,71,22,0,28,93,28,0,32,109,33,0,36,130,35,0
3D6C,2119,A,132,ALA,H,20,55,15,0,23,80,20,0,28,94,31,0,30,107,31,0,35,132,34,0
3D6C,2120,A,132,ALA,H,17,51,15,0,24,75,20,0,30,97,26,0,32,114,33,0,37,131,37,0
3D6C,2121,A,132,ALA,H,17,45,15,0,24,65,22,0,29,91,26,0,32,114,33,0,34,132,36,0
3D6C,2122,A,133,LYS,N,11,44,13,0,16,59,18,0,23,74,24,0,28,86,26,0,31,101,28,0
3D6C,2123,A,133,LYS,CA,10,39,11,0,13,51,16,0,17,67,22,0,24,81,25,0,32,92,27,0
3D6C,2124,A,133,LYS,C,9,35,9,0,11,45,12,0,18,55,18,0,20,70,23,0,25,79,25,0
3D6C,2125,A,133,LYS,O,9,32,9,0,11,42,9,0,15,54,15,0,20,63,21,0,22,74,25,0
3D6C,2126,A,133,LYS,HN,11,40,13,0,18,59,17,0,23,72,23,0,30,92,26,0,31,106,29,0
3D6C,2127,A,133,LYS,H,11,37,9,0,15,54,15,0,16,65,22,0,25,82,25,0,31,98,28,0
3D6C,2128,A,133,LYS,C,9,31,8,0,11,40,13,0,15,55,18,0,20,79,24,0,30,97,26,0
3D6C,2129,A,133,LYS,C,9,28,6,0,10,38,9,0,12,49,15,0,16,65,20,0,24,83,23,0
3D6C,2130,A,133,LYS,C,3,19,5,0,7,27,7,0,11,37,11,0,14,56,16,0,21,78,22,0
3D6C,2131,A,133,LYS,C,4,18,5,0,6,29,7,0,13,44,14,0,21,69,18,0,25,86,24,0
3D6C,2132,A,133,LYS,N,2,16,4,0,7,24,5,0,10,38,10,0,15,51,16,0,24,71,19,0
3D6C,2133,A,133,LYS,H,8,30,8,0,10,40,12,0,13,52,15,0,21,70,22,0,27,91,25,0
3D6C,2134,A,133,LYS,H,8,28,8,0,10,43,13,0,18,67,21,0,28,88,24,0,32,105,28,0
3D6C,2135,A,133,LYS,H,9,28,6,0,11,40,11,0,14,52,15,0,17,64,19,0,25,83,25,0
3D6C,2136,A,133,LYS,H,8,24,7,0,11,36,7,0,12,44,13,0,13,55,16,0,21,71,23,0
3D6C,2137,A,133,LYS,H,3,15,3,0,5,21,6,0,11,35,8,0,13,47,12,0,17,66,19,0
3D6C,2138,A,133,LYS,H,4,20,3,0,6,24,7,0,9,34,11,0,13,49,14,0,18,69,19,0
3D6C,2139,A,133,LYS,H,6,21,7,0,6,30,9,0,14,48,13,0,21,71,19,0,28,91,24,0
3D6C,2140,A,133,LYS,H,5,24,5,0,9,34,11,0,16,52,17,0,24,74,22,0,29,96,27,0
3D6C,2141,A,133,LYS,HN,3,20,4,0,6,32,6,0,11,43,11,0,17,61,16,0,26,71,20,0
3D6C,2142,A,133,LYS,HN,1,17,3,0,3,24,4,0,9,31,10,0,13,50,12,0,22,66,18,0
3D6C,2143,A,133,LYS,HN,2,13,3,0,4,18,5,0,8,33,6,0,16,48,14,0,20,59,17,0
3D6C,2144,A,134,LYS,N,10,32,7,0,12,42,14,0,16,52,17,0,20,62,18,0,24,77,24,0
3D6C,2145,A,134,LYS,CA,8,26,8,0,9,34,11,0,13,42,14,0,17,53,15,0,20,64,18,0
3D6C,2146,A,134,LYS,C,8,25,9,0,9,31,11,0,12,42,13,0,16,49,15,0,20,65,19,0
3D6C,2147,A,134,LYS,O,7,19,8,0,8,25,10,0,10,33,11,0,15,44,13,0,17,50,16,0
3D6C,2148,A,134,LYS,HN,9,29,9,0,14,42,12,0,16,57,18,0,21,67,19,0,24,81,24,0
3D6C,2149,A,134,LYS,H,6,21,6,0,9,32,9,0,11,39,11,0,15,48,14,0,18,60,17,0
3D6C,2150,A,134,LYS,C,6,20,8,0,8,25,11,0,12,36,11,0,16,46,16,0,18,62,18,0
3D6C,2151,A,134,LYS,C,6,15,5,0,6,21,8,0,11,28,10,0,12,31,11,0,16,43,15,0
3D6C,2152,A,134,LYS,C,3,11,5,0,6,18,6,0,8,21,10,0,10,29,11,0,14,38,12,0
3D6C,2153,A,134,LYS,C,2,4,3,0,3,11,4,0,6,15,6,0,7,20,9,0,11,29,11,0
3D6C,2154,A,134,LYS,N,1,2,1,0,3,6,4,0,3,12,4,0,6,16,7,0,10,20,10,0
3D6C,2155,A,134,LYS,H,8,21,9,0,11,27,11,0,14,40,12,0,16,52,17,0,21,67,18,0
3D6C,2156,A,134,LYS,H,7,20,6,0,7,25,11,0,13,36,12,0,16,47,15,0,17,62,18,0
3D6C,2157,A,134,LYS,H,5,11,4,0,6,20,7,0,8,25,9,0,11,29,11,0,14,39,13,0
3D6C,2158,A,134,LYS,H,6,14,7,0,6,20,8,0,10,27,9,0,12,31,13,0,13,42,15,0
3D6C,2159,A,134,LYS,H,4,11,4,0,7,19,8,0,10,23,11,0,13,32,11,0,15,42,13,0
3D6C,2160,A,134,LYS,H,3,10,3,0,5,16,6,0,8,20,9,0,10,29,12,0,15,39,12,0
3D6C,2161,A,134,LYS,H,2,1,1,0,2,6,3,0,3,12,5,0,6,18,8,0,9,26,10,0
3D6C,2162,A,134,LYS,H,2,4,3,0,2,10,4,0,6,12,7,0,8,21,8,0,12,27,10,0
3D6C,2163,A,134,LYS,HN,1,1,1,0,1,2,1,0,3,8,4,0,4,12,5,0,7,17,7,0
3D6C,2164,A,134,LYS,HN,1,4,3,0,3,8,4,0,5,12,5,0,8,18,7,0,10,24,11,0
3D6C,2165,A,134,LYS,HN,1,1,1,0,2,5,3,0,3,11,4,0,6,13,7,0,10,23,9,0
3D6C,2166,A,135,GLU,N,8,26,8,0,12,37,12,0,16,47,12,0,21,62,15,0,25,74,19,0
3D6C,2167,A,135,GLU,CA,8,26,7,0,11,35,11,0,16,45,13,0,21,60,15,0,24,71,20,0
3D6C,2168,A,135,GLU,C,7,26,7,0,12,36,8,0,17,48,14,0,22,61,19,0,24,73,19,0
3D6C,2169,A,135,GLU,O,5,20,7,0,10,31,7,0,16,43,12,0,20,54,16,0,23,70,19,0
3D6C,2170,A,135,GLU,HN,9,34,10,0,14,43,12,0,18,55,15,0,24,69,17,0,27,81,20,0
3D6C,2171,A,135,GLU,H,6,20,5,0,10,30,9,0,13,36,11,0,17,48,13,0,21,62,17,0
3D6C,2172,A,135,GLU,C,9,26,8,0,11,33,10,0,15,45,13,0,22,61,17,0,26,73,19,0
3D6C,2173,A,135,GLU,C,10,24,7,0,11,28,8,0,11,37,11,0,17,49,15,0,23,64,16,0
3D6C,2174,A,135,GLU,C,9,19,5,0,10,28,8,0,14,36,12,0,17,46,15,0,21,56,17,0
3D6C,2175,A,135,GLU,O,8,18,5,0,13,31,7,0,15,40,14,0,20,49,16,0,22,63,20,0
3D6C,2176,A,135,GLU,O,5,14,3,0,10,21,5,0,11,30,8,0,14,40,12,0,19,50,15,0
3D6C,2177,A,135,GLU,H,8,23,7,0,10,27,9,0,15,40,13,0,20,56,18,0,25,66,20,0
3D6C,2178,A,135,GLU,H,11,29,9,0,14,39,14,0,19,57,14,0,25,71,19,0,26,81,22,0
3D6C,2179,A,135,GLU,H,11,22,6,0,11,30,9,0,12,40,12,0,20,51,15,0,23,65,16,0
3D6C,2180,A,135,GLU,H,8,19,5,0,11,26,8,0,11,31,8,0,12,40,12,0,18,50,15,0
3D6C,2181,n,136,LYS,N,9,30,8,0,11,40,13,0,17,53,17,0,19,63,21,0,25,76,22,0
3D6C,2182,n,136,LYS,CA,9,30,9,0,11,40,11,0,14,52,16,0,16,68,19,0,22,78,24,0
3D6C,2183,n,136,LYS,C,9,32,8,0,13,42,14,0,14,50,17,0,18,67,21,0,23,87,24,0
3D6C,2184,n,136,LYS,O,8,27,8,0,11,37,12,0,13,52,15,0,15,63,20,0,21,78,24,0
3D6C,2185,n,136,LYS,HN,9,28,10,0,12,42,11,0,16,54,18,0,21,67,20,0,25,75,24,0
3D6C,2186,n,136,LYS,H,9,32,10,0,11,45,12,0,14,55,15,0,18,69,21,0,23,85,25,0
3D6C,2187,n,136,LYS,C,8,19,8,0,10,31,9,0,11,44,13,0,13,56,19,0,18,70,23,0
3D6C,2188,n,136,LYS,C,7,19,6,0,8,25,9,0,11,40,13,0,12,51,16,0,16,64,19,0
3D6C,2189,n,136,LYS,C,5,11,6,0,6,18,8,0,9,32,10,0,11,41,13,0,12,54,17,0
3D6C,2190,n,136,LYS,C,2,10,6,0,5,15,7,0,8,28,8,0,10,38,14,0,13,47,15,0
3D6C,2191,n,136,LYS,N,3,12,5,0,6,21,7,0,8,30,9,0,11,42,13,0,13,53,16,0
3D6C,2192,n,136,LYS,H,6,21,8,0,10,32,11,0,11,43,13,0,13,57,19,0,14,69,22,0
3D6C,2193,n,136,LYS,H,6,18,7,0,8,25,9,0,10,39,13,0,12,48,17,0,17,66,22,0
3D6C,2194,n,136,LYS,H,5,19,5,0,7,26,8,0,10,35,12,0,13,47,16,0,17,60,17,0
3D6C,2195,n,136,LYS,H,7,22,6,0,9,30,10,0,11,42,13,0,13,56,15,0,18,69,19,0
3D6C,2196,n,136,LYS,H,4,12,7,0,7,20,9,0,9,33,12,0,11,44,15,0,13,55,17,0
3D6C,2197,n,136,LYS,H,4,8,5,0,5,15,8,0,8,27,8,0,9,35,12,0,12,48,16,0
3D6C,2198,n,136,LYS,H,2,6,4,0,3,12,7,0,7,21,8,0,8,33,11,0,11,42,16,0
3D6C,2199,n,136,LYS,H,2,6,3,0,5,15,6,0,7,22,8,0,8,33,10,0,11,44,14,0
3D6C,2200,n,136,LYS,HN,2,7,4,0,4,18,5,0,8,26,9,0,10,35,11,0,12,46,15,0
3D6C,2201,n,136,LYS,HN,3,14,3,0,7,23,7,0,9,30,9,0,11,40,14,0,14,54,14,0
3D6C,2202,n,136,LYS,HN,5,17,5,0,7,23,8,0,10,34,11,0,12,45,14,0,13,56,18,0
3D6C,2203,n,137,LEU,N,12,37,11,0,14,44,16,0,19,62,20,0,24,80,21,0,27,94,25,0
3D6C,2204,n,137,LEU,CA,11,31,11,0,16,47,15,0,17,64,19,0,23,80,23,0,27,97,26,0
3D6C,2205,n,137,LEU,C,10,38,10,0,14,52,13,0,17,67,18,0,20,82,24,0,31,112,29,0
3D6C,2206,n,137,LEU,O,10,45,12,0,15,58,16,0,18,76,20,0,27,101,26,0,33,123,30,0
3D6C,2207,n,137,LEU,HN,13,39,13,0,17,48,18,0,22,70,20,0,27,86,23,0,28,101,27,0
3D6C,2208,n,137,LEU,H,8,27,9,0,14,38,14,0,16,56,17,0,19,68,20,0,24,90,25,0
3D6C,2209,n,137,LEU,C,14,30,12,0,16,46,17,0,21,69,21,0,26,83,24,0,27,101,28,0
3D6C,2210,n,137,LEU,C,10,24,11,0,17,40,14,0,18,60,19,0,24,79,23,0,26,102,27,0
3D6C,2211,n,137,LEU,C,8,21,9,0,10,28,11,0,16,45,15,0,19,65,19,0,23,83,23,0
3D6C,2212,n,137,LEU,C,12,26,12,0,16,37,15,0,20,55,18,0,24,82,24,0,28,106,27,0
3D6C,2213,n,137,LEU,H,15,38,14,0,19,57,19,0,25,76,23,0,26,96,25,0,30,111,30,0
3D6C,2214,n,137,LEU,H,14,29,11,0,17,43,16,0,21,59,20,0,24,79,24,0,26,97,26,0
3D6C,2215,n,137,LEU,H,10,26,12,0,15,44,14,0,19,66,22,0,22,91,23,0,29,115,28,0
3D6C,2216,n,137,LEU,H,6,14,7,0,9,26,10,0,12,37,15,0,17,57,16,0,23,81,22,0
3D6C,2217,n,137,LEU,H,6,16,7,0,10,24,12,0,15,37,15,0,20,57,18,0,21,73,22,0
3D6C,2218,n,137,LEU,H,6,15,8,0,10,32,10,0,15,47,13,0,18,66,20,0,20,82,24,0
3D6C,2219,n,137,LEU,H,10,23,11,0,12,38,14,0,18,47,16,0,24,71,20,0,25,100,26,0
3D6C,2220,n,137,LEU,H,14,28,13,0,17,43,16,0,24,68,20,0,27,92,26,0,29,108,29,0
3D6C,2221,n,137,LEU,H,11,24,9,0,15,33,14,0,19,46,19,0,23,67,23,0,26,91,25,0
3D6C,2222,n,138,ASN,N,8,34,8,0,10,50,10,0,15,62,14,0,20,81,24,0,24,103,30,0
3D6C,2223,n,138,ASN,CA,7,34,6,0,10,51,10,0,14,63,17,0,20,84,22,0,28,105,28,0
3D6C,2224,n,138,ASN,C,7,37,6,0,10,48,10,0,13,68,15,0,22,87,21,0,27,107,27,0
3D6C,2225,n,138,ASN,O,7,34,6,0,11,45,10,0,11,64,14,0,17,79,18,0,26,93,26,0
3D6C,2226,n,138,ASN,HN,6,29,7,0,9,44,9,0,13,58,12,0,19,70,20,0,22,90,28,0
3D6C,2227,n,138,ASN,H,5,28,6,0,9,45,10,0,12,61,14,0,18,74,20,0,22,89,25,0
3D6C,2228,n,138,ASN,C,6,38,5,0,12,51,12,0,16,70,19,0,21,91,21,0,31,119,30,0
3D6C,2229,n,138,ASN,C,6,33,4,0,9,42,11,0,15,58,17,0,16,84,20,0,29,103,27,0
3D6C,2230,n,138,ASN,O,3,29,4,0,9,39,8,0,12,51,13,0,17,70,20,0,21,95,26,0
3D6C,2231,n,138,ASN,N,6,28,5,0,9,43,9,0,14,63,17,0,22,84,22,0,28,105,26,0
3D6C,2232,n,138,ASN,H,6,35,9,0,13,55,12,0,15,66,17,0,23,97,24,0,31,120,29,0
3D6C,2233,n,138,ASN,H,9,40,8,0,11,53,13,0,18,77,19,0,25,104,23,0,32,127,31,0
3D6C,2234,n,138,ASN,HN,6,30,7,0,9,47,11,0,15,72,17,0,22,91,24,0,28,111,29,0
3D6C,2235,n,138,ASN,HN,5,24,4,0,6,36,8,0,10,51,16,0,18,70,18,0,27,97,24,0
3D6C,2236,n,139,ILE,N,8,38,9,0,11,53,12,0,18,72,18,0,24,96,22,0,31,119,31,0
3D6C,2237,n,139,ILE,CA,9,36,7,0,11,53,12,0,18,67,16,0,23,94,23,0,31,115,29,0
3D6C,2238,n,139,ILE,C,6,32,5,0,12,45,10,0,16,68,13,0,21,81,21,0,25,101,28,0
3D6C,2239,n,139,ILE,O,5,26,6,0,7,38,7,0,17,57,10,0,19,79,19,0,25,87,25,0
3D6C,2240,n,139,ILE,HN,9,38,10,0,13,57,14,0,19,80,18,0,27,104,23,0,35,130,33,0
3D6C,2241,n,139,ILE,H,7,37,6,0,13,50,10,0,17,62,15,0,20,85,22,0,28,110,32,0
3D6C,2242,n,139,ILE,C,9,40,7,0,13,54,15,0,16,78,18,0,27,103,25,0,35,122,32,0
3D6C,2243,n,139,ILE,C,10,43,8,0,14,57,12,0,17,78,21,0,27,108,28,0,34,125,38,0
3D6C,2244,n,139,ILE,C,8,32,5,0,11,47,11,0,17,72,19,0,22,93,24,0,33,115,32,0
3D6C,2245,n,139,ILE,C,10,44,9,0,14,60,15,0,20,86,19,0,28,113,33,0,34,140,41,0
3D6C,2246,n,139,ILE,H,11,44,11,0,12,59,16,0,21,86,21,0,28,104,24,0,37,129,34,0
3D6C,2247,n,139,ILE,H,11,40,9,0,15,63,14,0,21,84,21,0,26,106,26,0,33,132,36,0
3D6C,2248,n,139,ILE,H,11,41,6,0,14,57,10,0,19,72,18,0,23,90,25,0,30,120,35,0
3D6C,2249,n,139,ILE,H,6,31,8,0,12,46,12,0,16,73,18,0,26,99,26,0,31,125,30,0
3D6C,2250,n,139,ILE,H,5,28,4,0,10,42,8,0,15,67,12,0,21,82,24,0,28,105,29,0
3D6C,2251,n,139,ILE,H,7,28,5,0,12,47,12,0,16,68,16,0,23,83,21,0,32,114,31,0
3D6C,2252,n,139,ILE,H,11,42,10,0,16,64,17,0,23,86,23,0,28,112,29,0,35,146,42,0
3D6C,2253,n,139,ILE,H,8,40,9,0,13,54,15,0,19,80,23,0,26,106,29,0,35,132,40,0
3D6C,2254,n,139,ILE,H,9,50,12,0,16,68,15,0,22,88,20,0,29,119,35,0,36,148,43,0
3D6C,2255,n,140,TRP,N,6,30,8,0,12,42,10,0,15,57,13,0,20,79,22,0,24,93,28,0
3D6C,2256,n,140,TRP,CA,8,25,8,0,10,37,9,0,14,53,12,0,17,65,22,0,23,85,25,0
3D6C,2257,n,140,TRP,C,7,23,7,0,8,34,9,0,11,50,13,0,17,58,19,0,18,71,22,0
3D6C,2258,n,140,TRP,O,8,23,8,0,10,33,10,0,11,45,13,0,15,59,19,0,19,71,22,0
3D6C,2259,n,140,TRP,HN,7,33,10,0,11,44,11,0,16,61,15,0,21,79,23,0,26,99,29,0
3D6C,2260,n,140,TRP,H,6,21,7,0,10,32,8,0,11,48,11,0,18,60,17,0,21,80,24,0
3D6C,2261,n,140,TRP,C,8,30,7,0,12,40,10,0,15,56,16,0,20,71,22,0,23,91,27,0
3D6C,2262,n,140,TRP,C,8,30,8,0,14,45,15,0,21,65,20,0,24,81,23,0,26,99,30,0
3D6C,2263,n,140,TRP,C,11,36,11,0,19,57,18,0,23,79,22,0,26,94,24,0,30,109,32,0
3D6C,2264,n,140,TRP,C,7,27,9,0,15,39,13,0,20,60,16,0,24,77,23,0,26,94,30,0
3D6C,2265,n,140,TRP,N,13,38,13,0,21,56,18,0,23,77,21,0,26,99,29,0,34,116,33,0
3D6C,2266,n,140,TRP,C,9,30,10,0,17,47,13,0,21,65,20,0,24,89,26,0,33,107,31,0
3D6C,2267,n,140,TRP,C,5,18,7,0,9,30,9,0,14,44,13,0,21,60,16,0,21,81,27,0
3D6C,2268,n,140,TRP,C,7,28,9,0,13,42,14,0,19,56,20,0,26,80,25,0,32,114,28,0
3D6C,2269,n,140,TRP,C,3,17,4,0,6,24,8,0,11,35,12,0,19,53,17,0,23,76,24,0
3D6C,2270,n,140,TRP,C,5,23,5,0,7,30,11,0,14,40,16,0,21,62,20,0,30,91,26,0
3D6C,2271,n,140,TRP,H,10,25,6,0,12,34,12,0,14,50,14,0,17,63,20,0,21,81,23,0
3D6C,2272,n,140,TRP,H,9,34,9,0,13,42,13,0,16,58,17,0,19,72,23,0,24,94,27,0
3D6C,2273,n,140,TRP,H,12,39,13,0,17,58,19,0,23,84,23,0,28,98,25,0,31,109,34,0
3D6C,2274,n,140,TRP,HN,14,48,14,0,21,59,19,0,24,83,25,0,28,108,31,0,36,131,36,0
3D6C,2275,n,140,TRP,H,6,14,3,0,9,26,8,0,11,42,11,0,17,54,16,0,21,72,22,0
3D6C,2276,n,140,TRP,H,9,35,10,0,12,45,15,0,21,61,22,0,28,88,25,0,36,125,30,0
3D6C,2277,n,140,TRP,H,2,14,3,0,4,19,4,0,9,25,9,0,11,40,13,0,21,60,18,0
3D6C,2278,n,140,TRP,H,4,19,6,0,6,27,7,0,11,39,13,0,18,59,19,0,29,84,24,0
3D6C,2279,n,141,SER,N,7,28,6,0,9,36,11,0,11,50,14,0,15,65,17,0,18,72,20,0
3D6C,2280,n,141,SER,CA,8,21,9,0,8,31,12,0,10,42,13,0,14,56,17,0,16,70,18,0
3D6C,2281,n,141,SER,C,4,18,9,0,8,26,10,0,10,32,13,0,11,41,14,0,13,59,17,0
3D6C,2282,n,141,SER,O,4,16,8,0,7,23,10,0,10,29,12,0,10,37,14,0,14,53,16,0
3D6C,2283,n,141,SER,HN,6,28,8,0,9,36,9,0,11,49,14,0,13,63,17,0,19,74,19,0
3D6C,2284,n,141,SER,H,7,20,9,0,8,28,13,0,10,42,14,0,13,56,17,0,15,69,18,0
3D6C,2285,n,141,SER,C,7,24,9,0,9,34,14,0,11,49,15,0,14,60,17,0,17,72,19,0
3D6C,2286,n,141,SER,OH,6,26,7,0,9,37,11,0,11,46,15,0,12,60,17,0,18,75,18,0
3D6C,2287,n,141,SER,H,7,28,8,0,9,44,13,0,13,54,16,0,16,66,17,0,18,77,21,0
3D6C,2288,n,141,SER,H,7,22,10,0,8,31,12,0,10,42,14,0,12,54,16,0,15,67,18,0
3D6C,2289,n,141,SER,HO,6,31,8,0,9,41,10,0,12,50,17,0,15,63,17,0,19,80,21,0
3D6C,2290,n,142,GLU,N,4,13,7,0,5,17,8,0,11,24,8,0,11,37,11,0,12,46,14,0
3D6C,2291,n,142,GLU,CA,3,8,5,0,5,13,5,0,7,21,8,0,7,27,10,0,12,35,13,0
3D6C,2292,n,142,GLU,C,4,9,4,0,5,14,6,0,5,17,7,0,7,21,10,0,8,26,10,0
3D6C,2293,n,142,GLU,O,5,10,4,0,5,14,5,0,5,17,7,0,7,21,10,0,8,25,11,0
3D6C,2294,n,142,GLU,HN,4,12,6,0,4,17,8,0,7,23,8,0,11,37,10,0,12,47,14,0
3D6C,2295,n,142,GLU,H,3,9,5,0,4,14,6,0,6,19,7,0,10,26,10,0,12,33,13,0
3D6C,2296,n,142,GLU,C,3,8,4,0,5,10,6,0,7,20,8,0,8,28,10,0,11,34,10,0
3D6C,2297,n,142,GLU,C,3,8,4,0,4,10,6,0,6,18,8,0,9,30,8,0,10,37,12,0
3D6C,2298,n,142,GLU,C,3,7,3,0,3,10,5,0,5,15,6,0,8,25,8,0,9,36,11,0
3D6C,2299,n,142,GLU,O,2,8,4,0,4,9,4,0,5,15,5,0,6,22,8,0,8,30,10,0
3D6C,2300,n,142,GLU,O,2,6,3,0,3,10,4,0,3,16,7,0,8,24,9,0,9,37,10,0
3D6C,2301,n,142,GLU,H,4,7,4,0,4,12,4,0,5,14,8,0,8,21,10,0,9,31,10,0
3D6C,2302,n,142,GLU,H,2,9,4,0,6,12,7,0,7,24,8,0,9,31,9,0,10,42,11,0
3D6C,2303,n,142,GLU,H,3,8,5,0,4,16,7,0,8,25,8,0,10,32,9,0,11,43,11,0
3D6C,2304,n,142,GLU,H,3,7,4,0,4,9,4,0,5,15,7,0,7,25,10,0,11,32,10,0
3D6C,2305,n,143,ASP,N,3,11,5,0,5,12,6,0,6,15,7,0,6,19,7,0,8,22,11,0
3D6C,2306,n,143,ASP,CA,4,10,5,0,4,13,6,0,5,14,6,0,6,18,8,0,7,20,8,0
3D6C,2307,n,143,ASP,C,4,10,3,0,4,13,6,0,4,13,7,0,5,14,7,0,7,18,7,0
3D6C,2308,n,143,ASP,O,4,8,4,0,4,12,5,0,4,13,7,0,6,14,7,0,7,17,7,0
3D6C,2309,n,143,ASP,HN,3,11,6,0,5,12,6,0,5,12,6,0,7,18,7,0,8,23,11,0
3D6C,2310,n,143,ASP,H,4,9,3,0,4,11,5,0,6,16,6,0,6,18,8,0,7,20,8,0
3D6C,2311,n,143,ASP,C,4,10,4,0,4,12,6,0,4,14,6,0,6,17,7,0,7,20,8,0
3D6C,2312,n,143,ASP,C,2,9,5,0,3,12,5,0,5,15,6,0,6,19,7,0,6,20,9,0
3D6C,2313,n,143,ASP,O,2,7,4,0,3,12,5,0,5,12,6,0,5,17,7,0,7,20,9,0
3D6C,2314,n,143,ASP,O,2,8,4,0,2,13,5,0,6,16,6,0,6,18,8,0,6,22,9,0
3D6C,2315,n,143,ASP,H,4,8,3,0,4,12,5,0,4,14,7,0,5,17,7,0,7,19,8,0
3D6C,2316,n,143,ASP,H,4,10,5,0,4,12,6,0,4,14,7,0,5,15,7,0,6,17,7,0
3D6C,2317,n,144,ASN,N,2,10,5,0,4,11,5,0,4,13,7,0,4,15,9,0,4,18,10,0
3D6C,2318,n,144,ASN,CA,3,8,5,0,3,11,5,0,3,13,8,0,4,16,8,0,5,17,11,0
3D6C,2319,n,144,ASN,C,3,8,2,0,3,12,6,0,3,12,8,0,4,14,8,0,5,18,9,0
3D6C,2320,n,144,ASN,O,3,8,2,0,3,11,5,0,3,12,8,0,4,14,8,0,5,17,9,0
3D6C,2321,n,144,ASN,HN,2,9,5,0,3,11,5,0,4,12,7,0,4,16,9,0,4,18,11,0
3D6C,2322,n,144,ASN,H,3,8,3,0,3,10,5,0,3,15,8,0,4,16,10,0,5,17,11,0
3D6C,2323,n,144,ASN,C,3,8,2,0,3,8,5,0,3,12,7,0,4,16,8,0,5,17,11,0
3D6C,2324,n,144,ASN,C,2,6,2,0,3,8,4,0,3,11,7,0,4,16,8,0,5,17,9,0
3D6C,2325,n,144,ASN,O,2,5,2,0,3,6,3,0,3,10,6,0,4,14,8,0,5,17,9,0
3D6C,2326,n,144,ASN,N,2,5,2,0,2,10,5,0,4,12,6,0,4,14,7,0,4,16,10,0
3D6C,2327,n,144,ASN,H,3,6,2,0,3,9,4,0,3,12,7,0,4,14,7,0,5,17,9,0
3D6C,2328,n,144,ASN,H,2,8,3,0,3,10,5,0,4,12,5,0,4,15,8,0,4,17,10,0
3D6C,2329,n,144,ASN,HN,2,8,3,0,3,12,5,0,3,12,6,0,4,13,8,0,5,15,9,0
3D6C,2330,n,144,ASN,HN,2,4,1,0,2,8,4,0,3,12,6,0,4,12,7,0,4,14,10,0
3D6C,2331,n,145,ALA,N,3,11,5,0,5,11,6,0,5,12,8,0,5,15,9,0,5,18,10,0
3D6C,2332,n,145,ALA,CA,4,9,5,0,4,12,6,0,4,14,7,0,5,15,8,0,6,16,10,0
3D6C,2333,n,145,ALA,C,3,9,5,0,4,12,6,0,5,12,7,0,5,14,7,0,6,16,8,0
3D6C,2334,n,145,ALA,O,3,9,5,0,4,11,5,0,4,12,7,0,5,14,7,0,6,16,8,0
3D6C,2335,n,145,ALA,HN,3,11,5,0,5,11,5,0,5,12,7,0,5,15,9,0,5,19,11,0
3D6C,2336,n,145,ALA,H,4,8,5,0,4,10,6,0,4,14,7,0,6,15,8,0,6,17,9,0
3D6C,2337,n,145,ALA,C,3,9,5,0,4,11,6,0,4,13,6,0,5,15,9,0,6,16,10,0
3D6C,2338,n,145,ALA,H,3,7,5,0,3,9,5,0,4,13,7,0,5,15,7,0,6,16,9,0
3D6C,2339,n,145,ALA,H,2,9,5,0,4,11,6,0,5,13,7,0,5,15,9,0,5,16,10,0
3D6C,2340,n,145,ALA,H,2,9,5,0,4,11,6,0,5,13,7,0,5,15,9,0,6,16,10,0
3D6C,2341,n,146,ASP,N,2,9,4,0,4,10,4,0,5,11,4,0,5,13,6,0,5,15,6,0
3D6C,2342,n,146,ASP,CA,3,7,3,0,3,9,3,0,3,12,5,0,6,12,5,0,6,14,6,0
3D6C,2343,n,146,ASP,C,3,7,2,0,3,9,3,0,4,9,5,0,4,13,5,0,6,15,6,0
3D6C,2344,n,146,ASP,O,3,7,2,0,3,9,4,0,3,12,5,0,4,12,5,0,6,13,5,0
3D6C,2345,n,146,ASP,HN,2,9,4,0,4,10,4,0,5,11,4,0,5,13,6,0,5,15,6,0
3D6C,2346,n,146,ASP,H,3,7,3,0,3,9,3,0,3,12,5,0,5,12,5,0,6,14,6,0
3D6C,2347,n,146,ASP,C,3,6,2,0,3,8,4,0,3,11,4,0,5,12,5,0,6,14,5,0
3D6C,2348,n,146,ASP,C,3,6,2,0,3,8,3,0,3,9,4,0,4,12,5,0,5,14,5,0
3D6C,2349,n,146,ASP,O,3,6,2,0,3,8,3,0,3,11,5,0,5,12,5,0,6,12,5,0
3D6C,2350,n,146,ASP,O,2,7,2,0,3,8,3,0,4,9,4,0,4,10,4,0,4,14,5,0
3D6C,2351,n,146,ASP,H,2,7,3,0,3,7,3,0,3,10,5,0,4,12,5,0,6,13,5,0
3D6C,2352,n,146,ASP,H,2,7,2,0,3,9,4,0,4,9,4,0,4,13,4,0,5,16,5,0
3D6C,2353,n,147,SER,N,2,9,5,0,4,9,5,0,4,10,5,0,4,13,8,0,4,17,9,0
3D6C,2354,n,147,SER,CA,3,7,5,0,3,9,5,0,3,12,6,0,4,13,7,0,4,15,9,0
3D6C,2355,n,147,SER,C,3,7,4,0,3,10,5,0,3,12,7,0,3,14,7,0,5,14,8,0
3D6C,2356,n,147,SER,O,3,7,4,0,3,10,5,0,3,12,7,0,3,14,7,0,5,14,8,0
3D6C,2357,n,147,SER,HN,3,9,5,0,3,9,5,0,4,11,5,0,4,14,7,0,4,16,9,0
3D6C,2358,n,147,SER,H,3,7,4,0,3,8,5,0,4,11,6,0,4,12,7,0,4,14,9,0
3D6C,2359,n,147,SER,C,3,6,4,0,3,8,5,0,3,11,7,0,4,13,7,0,4,15,7,0
3D6C,2360,n,147,SER,OH,3,7,4,0,3,10,5,0,3,10,7,0,3,13,7,0,4,14,8,0
3D6C,2361,n,147,SER,H,2,7,5,0,3,7,5,0,3,10,5,0,4,12,7,0,4,14,9,0
3D6C,2362,n,147,SER,H,3,7,3,0,3,8,5,0,3,10,7,0,3,12,7,0,4,14,8,0
3D6C,2363,n,147,SER,HO,2,6,2,0,3,9,6,0,3,11,7,0,3,13,7,0,3,14,8,0
3D6C,2364,n,148,GLY,N,2,11,6,0,3,11,6,0,3,13,7,0,4,13,8,0,4,15,8,0
3D6C,2365,n,148,GLY,CA,2,8,5,0,3,12,7,0,4,12,7,0,4,12,7,0,4,13,8,0
3D6C,2366,n,148,GLY,C,3,8,4,0,3,9,6,0,3,12,7,0,4,12,7,0,4,12,7,0
3D6C,2367,n,148,GLY,O,2,8,4,0,3,10,6,0,3,12,7,0,4,12,7,0,4,13,8,0
3D6C,2368,n,148,GLY,HN,2,10,6,0,3,11,6,0,3,13,7,0,4,13,8,0,4,15,8,0
3D6C,2369,n,148,GLY,H,2,10,4,0,3,12,7,0,4,12,7,0,4,12,7,0,4,13,8,0
3D6C,2370,n,148,GLY,H,2,8,3,0,3,10,6,0,3,12,7,0,4,12,7,0,4,13,7,0
3D6C,2371,n,149,GLN,N,1,5,2,0,2,5,2,0,2,6,3,0,2,9,5,0,2,9,5,0
3D6C,2372,n,149,GLN,CA,1,3,2,0,1,5,2,0,2,5,2,0,2,6,3,0,2,9,4,0
3D6C,2373,n,149,GLN,C,1,2,1,0,1,3,2,0,1,5,2,0,2,5,2,0,2,6,2,0
3D6C,2374,n,149,GLN,O,1,2,1,0,1,3,2,0,1,5,2,0,2,5,2,0,2,6,2,0
3D6C,2375,n,149,GLN,HN,1,5,2,0,2,5,2,0,2,5,3,0,2,8,5,0,2,9,5,0
3D6C,2376,n,149,GLN,H,1,3,1,0,1,5,2,0,2,5,2,0,2,6,3,0,2,9,4,0
3D6C,2377,n,149,GLN,C,1,2,1,0,1,3,2,0,1,5,2,0,2,5,2,0,2,8,3,0
3D6C,2378,n,149,GLN,C,1,2,1,0,1,2,1,0,1,3,2,0,1,5,2,0,2,5,3,0
3D6C,2379,n,149,GLN,C,0,1,1,0,0,2,1,0,1,2,1,0,1,3,2,0,1,5,2,0
3D6C,2380,n,149,GLN,O,0,1,1,0,0,2,1,0,1,2,1,0,1,2,1,0,1,3,2,0
3D6C,2381,n,149,GLN,N,0,1,0,0,0,2,1,0,0,2,1,0,1,2,1,0,1,3,2,0
3D6C,2382,n,149,GLN,H,1,3,1,0,1,3,2,0,2,5,2,0,2,6,3,0,2,9,5,0
3D6C,2383,n,149,GLN,H,1,2,1,0,1,2,1,0,1,3,2,0,2,5,2,0,2,5,3,0
3D6C,2384,n,149,GLN,H,1,2,1,0,1,3,2,0,1,3,2,0,1,5,2,0,2,5,3,0
3D6C,2385,n,149,GLN,H,0,2,1,0,1,2,1,0,1,3,2,0,1,5,2,0,2,5,3,0
3D6C,2386,n,149,GLN,HN,0,1,0,0,0,2,1,0,0,2,1,0,1,2,1,0,1,3,2,0
3D6C,2387,n,149,GLN,HN,0,0,0,0,0,1,0,0,0,2,1,0,0,2,1,0,1,2,1,0
3D6C,2388,n,149,GLN,O,1,2,1,0,1,2,1,0,1,4,2,0,1,5,2,0,2,5,2,0
